focus_rank,h3_cell,incident_count,latitude,longitude,mean_spike_z,neighborhood,police_precinct,nearest_intersection,dominant_offense,dominant_offense_count,dominant_offense_share,score
1,892ab2c58d3ffff,765,42.333679462225,-83.0489995905088,0.5268154853614745,Downtown,03,State St & Gratiot Ave,FRAUD,326,0.4261437908496732,0.7789049218753775
2,892ab2c5e37ffff,726,42.3323027840917,-83.057812497388,0.4706123757850864,Downtown,03,Bagley St & 3rd St,LARCENY,259,0.35674931129476584,0.737585917167211
3,892ab2c5c67ffff,674,42.3340146833249,-83.041974135338,0.7729769788842727,Greektown,03,Beaubien St & E Lafayette St,LARCENY,204,0.3026706231454006,0.7031954421128508
4,892ab2c5ea7ffff,625,42.3369889568907,-83.0508947913856,0.4148883293041531,Downtown,03,Woodward Ave & E Adams Ave,LARCENY,150,0.24,0.6355088836126673
5,892ab2c5e03ffff,444,42.3394921948913,-83.0664991055863,0.4962830241167304,Midtown,03,Grand River Ave & S M 10,LARCENY,164,0.36936936936936937,0.46252380705212126
6,892ab2c5c6fffff,403,42.3339718334058,-83.045092056016,0.8146014967073545,Downtown,03,Gratiot Ave & Library St,DAMAGE TO PROPERTY,102,0.2531017369727047,0.43979299081859063
7,892ab2c5ca7ffff,423,42.3389923305779,-83.023266509099,0.32235895064558995,Elmwood Park,07,E Larned St & Chene St,FRAUD,92,0.21749408983451538,0.43239283450820304
8,892ab2cf617ffff,405,42.4147607054608,-83.2532071415374,0.5981103023147567,Holcomb Community,08,Grand River Ave & W McNichols Rd,FRAUD,121,0.29876543209876544,0.42987549661829044
9,892ab2c58c3ffff,398,42.3316846038982,-83.0511847304689,0.6458832599512837,Downtown,03,Michigan Ave & Cass Ave,ASSAULT,93,0.23366834170854273,0.4256339227777591
10,892ab2c539bffff,380,42.36679265109,-83.0825902706376,0.5622513349503069,Virginia Park Community,10,W Grand Blvd & Lincoln St,LARCENY,99,0.26052631578947366,0.40339820943360183
11,892ab2c5c37ffff,373,42.336454218575,-83.0283629956631,0.5903999254183365,Lafayette Park,07,Saint Aubin St & E Larned St,ASSAULT,101,0.2707774798927614,0.39807990034966745
12,892ab2c589bffff,363,42.3318481822611,-83.0420084078324,0.5061407479289118,Downtown,03,E Congress St & Brush St,ASSAULT,74,0.20385674931129477,0.3836529086354381
13,892ab2c512fffff,348,42.3496672748685,-83.0523699915006,0.7564961277497073,Medical Center,03,Beaubien St & Mack Ave,ASSAULT,132,0.3793103448275862,0.38268333984176
14,892ab2c517bffff,363,42.355810206951,-83.0636943175046,0.4183807845702358,Midtown,03,W Hancock St & Woodward Ave,ASSAULT,89,0.24517906336088155,0.37883775996354974
15,892ab2c58d7ffff,337,42.331649833634,-83.0468465551171,0.7436813231721986,Downtown,03,W Lafayette Blvd & Griswold St,LARCENY,78,0.2314540059347181,0.37119591290974174
16,892ab2c5e83ffff,312,42.346487742123,-83.0579237523326,0.713429120931682,Midtown,03,Eliot St & Woodward Ave,LARCENY,94,0.30128205128205127,0.3450262535613338
17,892ab2c1bc3ffff,325,42.4304278287947,-83.1998657005724,0.47989376028617586,San Bernardo,08,Greenfield Rd & W 7 Mile Rd,FRAUD,58,0.17846153846153845,0.3449579063959828
18,892ab2c4593ffff,312,42.3778818761565,-82.9562455739032,0.6388444852286467,Riverbend,05,Lenox St & E Vernor Hwy,RUNAWAY,228,0.7307692307692307,0.3409339990092102
19,892ab2c5ca3ffff,324,42.3413547006243,-83.0258251527976,0.4234194349179288,Elmwood Park,07,Macomb St & Chene St,ASSAULT,81,0.25,0.3408789227814035
20,892ab2c082fffff,253,42.4201725306331,-83.1018944417945,1.6451484733931692,Grixdale Farms,12,E Dakota Ave & John R St,SEX OFFENSES,188,0.7430830039525692,0.33830400367783797
21,892ab2c5167ffff,307,42.3505898735684,-83.0600094941341,0.5741067448752798,Midtown,03,W Alexandrine St & Woodward Ave,ASSAULT,80,0.26058631921824105,0.33248005583391077
22,892ab2c0817ffff,303,42.4323337518457,-83.100222924548,0.4272792804723574,Nolan,11,Keating St & E 7 Mile Rd,FRAUD,250,0.8250825082508251,0.32050246663444826
23,892ab2c66bbffff,260,42.4291572453252,-82.9531270797409,1.0176382051879842,Moross-Morang,09,Casino St & Riad St,ASSAULT,47,0.18076923076923077,0.3107369801330238
24,892ab2cf263ffff,271,42.3880664803802,-83.2733932026018,0.7024155404664867,Eliza Howell,06,Riverview St & Dale St,ASSAULT,83,0.3062730627306273,0.3042258901539867
25,892ab2c5163ffff,291,42.353706219544,-83.0622313689545,0.32126010650691644,Midtown,03,Garfield St & Woodward Ave,FRAUD,134,0.46048109965635736,0.302920779235957
26,892ab2c5e87ffff,261,42.3454031862692,-83.0565405318125,0.7974383960259567,Midtown,03,Peterboro St & Woodward Ave,LARCENY,86,0.32950191570881227,0.29963561224740376
27,892ab2c65c7ffff,296,42.418867988292,-82.9151376719804,0.16915265899327137,Cornerstone Village,05,Moross Rd & Chandler Park Dr,LARCENY,71,0.23986486486486486,0.2994770212454549
28,892ab2c4397ffff,245,42.3519526429914,-82.9940202788986,0.9386953402309242,Gold Coast,07,E Jefferson Ave & Parker St,LARCENY,72,0.2938775510204082,0.2916997191330852
29,892ab2c746bffff,261,42.4339787962343,-83.0242486262777,0.4773747255720693,Nortown,11,Van Dyke St & E 7 Mile Rd,FRAUD,48,0.1839080459770115,0.28207459582574657
30,892ab2c6083ffff,244,42.4164511512154,-82.9366282920503,0.78018438572574,Cornerstone Village,05,Harper Ave & Cadieux Rd,FRAUD,74,0.30327868852459017,0.2820222653224252
31,892ab2c5317ffff,237,42.3589264510554,-83.0812712368089,0.8557524833418532,Elijah McCoy,03,Elijah Mccoy Dr & Lincoln St,ASSAULT,80,0.33755274261603374,0.27930573463637487
32,892ab2c66b7ffff,223,42.4261328726536,-82.9475623758475,1.103843380292664,Moross-Morang,09,Casino St & Beaconsfield St,ASSAULT,39,0.17488789237668162,0.2791923120305934
33,892ab2ce6d3ffff,250,42.4165983135661,-83.1797983731317,0.5143661536871568,Harmony Village,12,Schaefer Hwy & W McNichols Rd,FRAUD,61,0.244,0.27331990038110776
34,892ab2c5c33ffff,256,42.338822947403,-83.0306775688815,0.38683411853896676,Lafayette Park,07,E Lafayette St & Orleans St,FRAUD,126,0.4921875,0.2722049200718446
35,892ab2c0a77ffff,22,42.422642003395,-83.1382606723096,4.556451385968281,University District,12,Thatcher St & Oak Dr,DAMAGE TO PROPERTY,6,0.2727272727272727,0.27156862745098037
36,892ab2cf5bbffff,257,42.4015522142076,-83.1975307121044,0.29694321977138327,Belmont,02,Prest St & Fenkell St,LARCENY,68,0.26459143968871596,0.2682532449710381
37,892ab2cf5abffff,232,42.3993121504573,-83.1986300076742,0.7235472043303721,Hubbell-Lyndon,02,Greenfield Rd & Chalfonte St,ASSAULT,54,0.23275862068965517,0.2671500325184758
38,892ab2d5b6fffff,233,42.4348465732093,-82.990002588502,0.6839751793290275,Pulaski,09,E 7 Mile Rd & Alcoy St,FRAUD,81,0.34763948497854075,0.26595921611579987
39,892ab2c53a7ffff,233,42.3536895562809,-83.0720892997232,0.6348321996644424,Wayne State,03,S M 10 Service Drive & W Warren Ave,DAMAGE TO PROPERTY,68,0.2918454935622318,0.2632628755043362
40,892ab2c5e2bffff,211,42.331430994188,-83.0659376440769,0.9859034708522948,Corktown,03,Michigan Ave & 8th St,LARCENY,88,0.41706161137440756,0.26095656654692
41,892ab2cc403ffff,238,42.3653576890869,-83.1972801888978,0.4677095264574489,Joy Community,02,Greenfield Rd & W Chicago St,FRAUD,68,0.2857142857142857,0.2589952732312204
42,892ab2cc4d7ffff,221,42.3725604209568,-83.1975556543313,0.7673843920660095,Plymouth-Hubbell,06,Greenfield Rd & Plymouth Rd,ASSAULT,39,0.17647058823529413,0.2587709451425213
43,892ab2c646fffff,215,42.421890921292,-82.9404527391263,0.8711723629522593,Yorkshire Woods,09,McKinney Ave & Morang Dr,ASSAULT,39,0.1813953488372093,0.25858315371943036
44,892ab2c191bffff,246,42.4276560655783,-83.1695312811586,0.19991963183237188,Schulze,12,Margareta St & Manor St,FRAUD,150,0.6097560975609756,0.2521455128811055
45,892ab2ce237ffff,214,42.3772005666575,-83.178143125175,0.756746703616893,Pride Area Community,02,Schaefer Hwy & Capitol St,ASSAULT,64,0.29906542056074764,0.2513245392332488
46,892ab2ca93bffff,225,42.429450661086,-83.2452398494698,0.5370894766072309,Evergreen Lahser 7/8,08,W 7 Mile Rd & Patton St,ASSAULT,38,0.1688888888888889,0.2500568629119395
47,892ab2c1ba3ffff,229,42.4201758426176,-83.182342101538,0.3727408347056017,Winship,12,Lesure St & W Outer Dr,ASSAULT,73,0.31877729257641924,0.24496107197709244
48,892ab2c438fffff,196,42.3495560510195,-82.9981026446529,0.9480831550391112,Islandview,07,E Jefferson Ave & Baldwin St,LARCENY,41,0.20918367346938777,0.24417558711680754
49,892ab2c60a7ffff,240,42.4060828560497,-82.9292619758174,0.146407928745466,Cornerstone Village,05,E Warren Ave & Cadieux Rd,FRAUD,83,0.3458333333333333,0.24332711944733773
50,892ab2c5063ffff,201,42.3708434045059,-83.0813706276091,0.8378937949650649,New Center Commons,03,Pallister St & 3rd St,ASSAULT,60,0.29850746268656714,0.24303175970214164
51,892ab2c1923ffff,232,42.4169437403662,-83.1603122492298,0.24085652427459237,Schulze,12,W McNichols Rd & Wyoming St,FRAUD,88,0.3793103448275862,0.24066611778044966
52,892ab2ce60bffff,235,42.4039102932929,-83.1792037507307,0.145009047923114,Bethune Community,02,Schaefer Hwy & Keeler Ave,FRAUD,124,0.5276595744680851,0.23834840590611653
53,892ab2c510bffff,199,42.3587588435323,-83.0598847026779,0.7832268035881661,Medical Center,03,Brush St & E Warren Ave,FRAUD,91,0.457286432160804,0.2380715473935709
54,892ab2c5c6bffff,187,42.3364520966279,-83.0478147259546,0.9903613602669665,Downtown,03,Randolph St & E Grand River Ave,LARCENY,54,0.2887700534759358,0.237671746956971
55,892ab2ce6abffff,226,42.4022673236987,-83.1683204319468,0.2754073617143886,Bethune Community,12,Fenkell St & Manor St,FRAUD,64,0.2831858407079646,0.23667947459852778
56,892ab2ce50bffff,220,42.3905824068496,-83.1308670005748,0.3133864485423475,Oakman Blvd Community,10,Clements St & Dexter Ave,ASSAULT,55,0.25,0.23288093006497068
57,892ab2c0a73ffff,169,42.4263247905405,-83.1412534391509,1.1799395729980364,University District,12,Pickford St & Livernois Ave,LARCENY,68,0.40236686390532544,0.23042632510222838
58,892ab2c4027ffff,191,42.3575485838906,-82.9862089297578,0.7621006218298509,Gold Coast,07,E Jefferson Ave & Holcomb St,LARCENY,44,0.23036649214659685,0.22906927444464098
59,892ab2cf6a7ffff,162,42.4111469808938,-83.244250479248,1.2743932868736343,McNichols Evergreen,08,Grand River Ave & Patton St,LARCENY,62,0.38271604938271603,0.22874599642184648
60,892ab2cc68fffff,213,42.3649804254039,-83.2214894615411,0.356818970540548,Franklin Park,06,Faust Ave & W Chicago St,ASSAULT,62,0.29107981220657275,0.22840120841649314
61,892ab2c502bffff,136,42.3690367401692,-83.0748299704927,1.7233800311446947,New Center,03,W Grand Blvd & 2nd Ave,LARCENY,34,0.25,0.22789047249495653
62,892ab2c0bd7ffff,200,42.4196271488091,-83.1142203011105,0.5793866085880446,Palmer Park,12,Alwyne Ln & Whitmore Rd,ASSAULT,52,0.26,0.2278677867013627
63,892ab2c500fffff,208,42.3747806047364,-83.0765288247128,0.40090862470245325,New Center Commons,03,Seward St & Virginia Park Ct,ASSAULT,57,0.27403846153846156,0.22591832612260732
64,892ab2c4387ffff,191,42.3501838026402,-82.9967383380492,0.7026349551182587,Gold Coast,07,E Jefferson Ave & Seyburn St,LARCENY,36,0.18848167539267016,0.22580655628557544
65,892ab2ce243ffff,192,42.3870329748074,-83.1981637461412,0.6793939478473797,Schoolcraft Southfield,02,Schoolcraft St & Winthrop St,ASSAULT,34,0.17708333333333334,0.2255117780684905
66,892ab2c7297ffff,209,42.4247328641699,-83.0434007714722,0.36836466890386815,Davison,11,Iowa St & Minnesota St,OBSTRUCTING THE POLICE,52,0.24880382775119617,0.2251131206157484
67,892ab2cec8fffff,184,42.3568081616441,-83.1105133991049,0.7957883374295605,Petoskey-Otsego,10,W I 96 Service Drive & W Grand Blvd,ASSAULT,33,0.1793478260869565,0.22405488197598852
68,892ab2c5077ffff,188,42.3726743860538,-83.0789084295142,0.7239164245642111,New Center Commons,03,2nd Ave & Delaware St,ASSAULT,51,0.2712765957446808,0.22403303571884964
69,892ab2c5ed7ffff,206,42.3487242716004,-83.0651449991012,0.3660795194635319,Midtown,03,2nd Ave & W Willis St,LARCENY,75,0.3640776699029126,0.22204656425811842
70,892ab2c6467ffff,162,42.4222644390237,-82.9363165543563,1.1518462845426516,Moross-Morang,09,Casino St & Marne St,ASSAULT,31,0.19135802469135801,0.22202217825995577
71,892ab2c198bffff,207,42.4313393134991,-83.1620305168192,0.34607360963740813,Schulze,12,Washburn St & W 7 Mile Rd,FRAUD,130,0.6280193236714976,0.22192928697162154
72,892ab2c516bffff,192,42.3537430068987,-83.0671815821931,0.6088594634378843,Midtown,03,W Forest Ave & 2nd Ave,LARCENY,53,0.2760416666666667,0.22164174421787658
73,892ab2c0b97ffff,175,42.4178366590139,-83.1018164731388,0.8873232415552554,Greenfield Park,11,John R St & W McNichols Rd,DANGEROUS DRUGS,32,0.18285714285714286,0.220253621890282
74,892ab2ce987ffff,194,42.3197428918377,-83.0971541555232,0.544660972016976,Central Southwest,04,W Vernor Hwy & McKinstry St,FRAUD,88,0.4536082474226804,0.22008013325165848
75,892ab2c588bffff,184,42.3289384194114,-83.0444892325193,0.6669896384421137,Downtown,03,E Jefferson Ave & Woodward Ave,ASSAULT,42,0.22826086956521738,0.21698805035214602
76,892ab2c53d7ffff,87,42.3654193445508,-83.0865316698795,2.384096480427528,Elijah McCoy,10,W Grand Blvd & Poe St,LARCENY,24,0.27586206896551724,0.21610295760140463
77,892ab2cebb3ffff,192,42.3145125129767,-83.1256540155737,0.5035852396328582,Springwells,04,Pitt St & Central St,ASSAULT,56,0.2916666666666667,0.21586563607540737
78,892ab2c7473ffff,191,42.4389543556089,-83.0162962821407,0.5042208674262104,Nortown,11,E Lantz St & E Outer Dr,ASSAULT,53,0.2774869109947644,0.21492011907354516
79,892ab2cf523ffff,159,42.393900927103,-83.2014198003255,1.0749751382610757,Greenfield-Grand River,08,Grand River Ave & Forrer St,LARCENY,30,0.18867924528301888,0.2148632926682792
80,892ab2ce67bffff,212,42.4018616195345,-83.1877625171532,0.12380024867219686,Bethune Community,02,Fenkell St & Strathmoor St,FRAUD,56,0.2641509433962264,0.2146357176088504
81,892ab2c5c63ffff,177,42.3369652100163,-83.0446629277057,0.7403255342368096,Downtown,03,Madison St & Brush St,LARCENY,53,0.2994350282485876,0.2141490448697941
82,892ab2c4393ffff,102,42.356255782362695,-82.9974267534075,2.0528762590916467,West Village,07,Saint Paul St & Van Dyke St,LARCENY,38,0.37254901960784315,0.21263569416177336
83,892ab2cf527ffff,173,42.3917568190582,-83.1983573043622,0.778555222066701,Greenfield-Grand River,08,Greenfield Rd & Grand River Ave,FRAUD,29,0.1676300578034682,0.21232503444013393
84,892ab2c5393ffff,160,42.3662561726895,-83.0777997416561,0.9868455888862939,New Center,03,W Baltimore St & 3rd St,FRAUD,77,0.48125,0.21100825798144845
85,892ab2c602bffff,189,42.4020059146694,-82.9430042070178,0.4484667520258556,Morningside,05,Frankfort St & Devonshire Rd,ASSAULT,34,0.17989417989417988,0.2099002592492123
86,892ab2c535bffff,181,42.3603122330898,-83.0999457306279,0.5719070778248186,NW Goldberg,03,Linwood St & W Grand Blvd,FRAUD,86,0.47513812154696133,0.20882995436661986
87,892ab2c58dbffff,186,42.3325790512812,-83.0538018188063,0.40049118305388554,Downtown,03,State St & 1st St,LARCENY,64,0.34408602150537637,0.2043267947924232
88,892ab2cf597ffff,157,42.4088344091447,-83.1940968807189,0.9186156147802391,Belmont,02,Pilgrim St & Coyle St,ASSAULT,33,0.21019108280254778,0.20432348982478568
89,892ab2ce2bbffff,177,42.385263484679,-83.1799711243191,0.5500600650199974,Grand River-I96,02,Grand River Ave & Lesure St,ASSAULT,40,0.22598870056497175,0.2037097000211505
90,892ab2c5e8fffff,175,42.3436314563571,-83.0599108960759,0.5792422229226619,Midtown,03,Peterboro St & Cass Ave,LARCENY,56,0.32,0.20335006073404222
91,892ab2cab1bffff,136,42.4361457495439,-83.278590078579,1.2730699490810113,Five Points,08,Pembroke Ave & Telegraph Rd,FRAUD,30,0.22058823529411764,0.20318319242551336
92,892ab2ce5abffff,160,42.3886209069811,-83.1190511153516,0.8233853253284227,Dexter-Linwood,10,Fullerton St & Linwood St,FRAUD,30,0.1875,0.20203964130415591
93,892ab2cf603ffff,159,42.4146741898092,-83.2574690995407,0.8112111743800509,Oak Grove District 1,08,Lahser Rd & W McNichols Rd,ASSAULT,31,0.1949685534591195,0.20039128684960125
94,892ab2ce58fffff,182,42.3942925025788,-83.1191281603438,0.389376621408365,Oakman Blvd Community,10,Indiandale St & W Davison St,FRAUD,41,0.22527472527472528,0.1997954006283853
95,892ab2c402fffff,19,42.3566104328282,-82.9920206565145,3.2797760092440655,Indian Village,07,Agnes St & Iroquois St,LARCENY,10,0.5263157894736842,0.19857977195457321
96,892ab2ce627ffff,56,42.3950397737374,-83.1690425915925,2.6157274668820913,Bethune Community,02,Lyndon St & Meyers Rd,STOLEN PROPERTY,19,0.3392857142857143,0.19841975815055451
97,892ab2cab0fffff,173,42.4288935372432,-83.2790411783315,0.5145850415509728,Five Points,08,Woodbine St & W 7 Mile Rd,ASSAULT,38,0.21965317919075145,0.1978417140798733
98,892ab2c58c7ffff,165,42.3284015530859,-83.0480877122598,0.6451247903008966,Downtown,03,W Jefferson Ave & N M 10,LARCENY,53,0.3212121212121212,0.1971609350777075
99,892ab2cc01bffff,175,42.3458183863618,-83.212710373966,0.46625516700489267,Warren Ave Community,06,Rutland St & Majestic St,ASSAULT,48,0.2742857142857143,0.19715077063156705
100,892ab2c7187ffff,162,42.4085834761448,-82.9950846370677,0.6955682685116286,Gratiot-Findlay,09,Gunston St & Gratiot Ave,ASSAULT,38,0.2345679012345679,0.19698745400962447
101,892ab2c66a3ffff,180,42.426114386444,-82.9499411616721,0.36803254596667495,Moross-Morang,09,Morang Dr & Rossiter St,ASSAULT,42,0.23333333333333334,0.19666352539139115
102,892ab2c5883ffff,157,42.329780666884,-83.0406075365884,0.7753711919355832,Downtown,03,Brush St & Renaissance Ctr,LARCENY,60,0.3821656050955414,0.19646406092328456
103,892ab2c5023ffff,153,42.3691264373985,-83.0725756228081,0.8277829924075105,New Center,03,Woodward Ave & E Milwaukee St,ASSAULT,40,0.26143790849673204,0.19541818414636725
104,892ab2ce6c3ffff,175,42.4118076305669,-83.1795789756751,0.4345483871519024,Harmony Village,02,Florence St & Schaefer Hwy,ASSAULT,51,0.2914285714285714,0.19541110651759055
105,892ab2c1d63ffff,59,42.4386930636633,-83.1612133175324,2.5031588578482187,McDowell,12,Pembroke Ave & Kentucky St,ASSAULT,13,0.22033898305084745,0.19518460355237888
106,892ab2c62abffff,189,42.4049770873512,-82.9649772993091,0.177248217700127,Outer Drive-Hayes,09,Marlborough St & Harper Ave,WEAPONS OFFENSES,37,0.19576719576719576,0.195019241580454
107,892ab2d5b2fffff,178,42.4350831592613,-82.9776864504547,0.35899959441772544,Franklin,09,Gratiot Ave & E 7 Mile Rd,ASSAULT,26,0.14606741573033707,0.1942071277821542
108,892ab2cc0d3ffff,122,42.3556412240495,-83.2091046377782,1.346991903796416,Garden View,06,Grandmont Ave & Constance Ave,ASSAULT,21,0.1721311475409836,0.1935135972919308
109,892ab2cc5c7ffff,150,42.3536888078032,-83.1772776946831,0.8280509473937291,Joy-Schaefer,02,Belton St & Schaefer Hwy,ASSAULT,49,0.32666666666666666,0.1924917096315073
110,892ab2cf097ffff,143,42.4039882458279,-83.2251440147996,0.9351566656210273,Rosedale Park,08,Grand River Ave & Glastonbury Ave,FRAUD,42,0.2937062937062937,0.19150556175543854
111,892ab2ce65bffff,141,42.4090290640969,-83.1903094537909,0.9671731841272928,Hubbell-Puritan,02,Marlowe St & Pilgrim St,ASSAULT,45,0.3191489361702128,0.19130143606671568
112,892ab2c5ea3ffff,172,42.3381962993625,-83.0548071624977,0.4118651437411344,Downtown,03,Columbia St & Park Ave,LARCENY,80,0.46511627906976744,0.19122536264743445
113,892ab2c5c87ffff,161,42.3471242369743,-83.0264786770649,0.6020959523243935,Elmwood Park,07,Prince Hall Dr & Chene St,LARCENY,39,0.2422360248447205,0.19087849203661678
114,892ab2cf353ffff,172,42.3835518887983,-83.2583706737934,0.4011308878574792,Brightmoor,06,Dolphin St & W Outer Dr,ASSAULT,45,0.2616279069767442,0.1906364034457237
115,892ab2ce6cfffff,167,42.4093718386604,-83.1794650498747,0.48331971340927216,Harmony Village,02,Puritan St & Schaefer Hwy,ASSAULT,23,0.1377245508982036,0.1902439182702629
116,892ab2c4037ffff,156,42.3588179546498,-82.984583295929,0.673922503587378,East Village,07,E Jefferson Ave & McClellan St,ASSAULT,44,0.28205128205128205,0.18991745727009052
117,892ab2d5b7bffff,122,42.4404554785316,-82.9926050027074,1.272361361668008,Pulaski,09,Manning St & Goulburn St,ASSAULT,26,0.21311475409836064,0.18941882398005946
118,892ab2c5067ffff,61,42.3680926316265,-83.0791731606186,2.3514895737956643,New Center,03,W Grand Blvd & 3rd St,DAMAGE TO PROPERTY,18,0.29508196721311475,0.18882370991955455
119,892ab2ce4d7ffff,174,42.4171392866036,-83.1451482548747,0.33042905021867264,Fitzgerald/Marygrove,12,San Juan Dr & W McNichols Rd,LARCENY,53,0.3045977011494253,0.18871797169579627
120,892ab2ce517ffff,180,42.3930241529527,-83.1220144248074,0.21730578904306957,Dexter-Linwood,10,Linwood St & W Davison St,FRAUD,42,0.23333333333333334,0.18839356132528848
121,892ab2c534bffff,156,42.3593525706436,-83.1025646264425,0.6410065918414287,NW Goldberg,03,W Grand Blvd & Lawton St,ASSAULT,33,0.21153846153846154,0.18811145140293067
122,892ab2c5eb3ffff,154,42.3417289137252,-83.0540944066401,0.6726987064964315,Midtown,03,Adelaide St & Woodward Ave,ASSAULT,48,0.3116883116883117,0.18788952656396002
123,892ab2c0c27ffff,153,42.4400360070857,-83.0855414092107,0.6787846637170267,Nolan,11,Orleans St & E State Fair St,FRAUD,63,0.4117647058823529,0.18724305420043344
124,892ab2c620bffff,154,42.4073909024833,-82.9785003908256,0.6516171678587059,Wade,09,Park Dr & Longview St,ASSAULT,43,0.2792207792207792,0.18673284031560858
125,892ab2ca933ffff,160,42.4295583345766,-83.2407568910825,0.5432979942732664,Evergreen Lahser 7/8,08,Kentfield St & W 7 Mile Rd,LARCENY,24,0.15,0.18667201706494574
126,892ab2c184bffff,167,42.4439467189446,-83.2011474422937,0.411940953993582,Schaefer 7/8 Lodge,12,Motor Dr & N M 10,ASSAULT,41,0.24550898203592814,0.18632756136390466
127,892ab2c1977ffff,162,42.4185611375416,-83.1691476800448,0.47592975180025365,Schulze,12,Santa Maria St & Manor St,ASSAULT,52,0.32098765432098764,0.18493649054561398
128,892ab2ce0b7ffff,156,42.3865092491895,-83.1393947620837,0.5501437153918725,Oakman Blvd Community,10,Livernois Ave & Waverly,ASSAULT,23,0.14743589743589744,0.18312605439368293
129,892ab2c5c5bffff,131,42.3469945447206,-83.0505911442479,0.9838818606823697,Brush Park,03,Watson St & Brush St,LARCENY,44,0.33587786259541985,0.18241427378836242
130,892ab2ce043ffff,118,42.3882851096804,-83.1687093263633,1.2151293249079518,Happy Homes,02,Schoolcraft St & Meyers Rd,SEX OFFENSES,37,0.3135593220338983,0.18235709034743014
131,892ab2d5b27ffff,160,42.434760230424,-82.97526019001984,0.4500721852398358,Mapleridge,09,Chalmers St & E 7 Mile Rd,SEX OFFENSES,38,0.2375,0.1815569724207451
132,892ab2cc047ffff,163,42.3433682920319,-83.2165323730932,0.38990976739624367,Warrendale,06,S M 39 Service Drive & W Warren Ave,DAMAGE TO PROPERTY,27,0.1656441717791411,0.1811972019071921
133,892ab2c5c1bffff,130,42.3462584472492,-83.0392059352133,0.9741195404168238,Eastern Market,07,Riopelle St & Winder St,LARCENY,70,0.5384615384615384,0.1808982498734385
134,892ab2c527bffff,147,42.3707817079612,-83.117174555493,0.6504019592139153,Petoskey-Otsego,10,Dexter Ave & Joy Rd,FRAUD,42,0.2857142857142857,0.17980342004966715
135,892ab2c6627ffff,161,42.4169266317811,-82.9554879878915,0.3916290614517496,Outer Drive-Hayes,09,Wayburn St & Courville St,ASSAULT,37,0.22981366459627328,0.1793307505463431
136,892ab2ce6c7ffff,127,42.4094078672851,-83.177294429637,0.9928872154884428,Harmony Village,12,Puritan St & Snowden St,LARCENY,27,0.2125984251968504,0.17898680429877373
137,892ab2c5c4bffff,109,42.3445795427108,-83.0517317773188,1.299933753005721,Brush Park,03,Adelaide St & John R St,LARCENY,51,0.46788990825688076,0.17818654748781687
138,892ab2c758fffff,165,42.4276054298924,-82.9860458151414,0.29758759774876503,Franklin,09,Pelkey St & Greiner St,ASSAULT,31,0.18787878787878787,0.1780925217932828
139,892ab2c6adbffff,144,42.3632187640524,-82.951183025291,0.6657298359584719,Jefferson Chalmers,05,Continental St & Essex Ave,ASSAULT,36,0.25,0.17770324216801148
140,892ab2c0a47ffff,135,42.4280098799147,-83.1424081379111,0.8047528806298742,Bagley,12,Margareta St & Livernois Ave,FRAUD,52,0.3851851851851852,0.1765075262066178
141,892ab2c1a67ffff,150,42.4299970923594,-83.2204958980592,0.5302082467183157,Evergreen-Outer Drive,08,W 7 Mile Rd & Ashton Ave,WEAPONS OFFENSES,27,0.18,0.17614989692213504
142,892ab2c609bffff,138,42.4190613504223,-82.9373987683862,0.7439458992531011,Yorkshire Woods,09,Duprey St & Cadieux Rd,AGGRAVATED ASSAULT,19,0.13768115942028986,0.17611239025850942
143,892ab2c09d3ffff,102,42.4251221714166,-83.0861939173205,1.3821072518375856,Hawthorne Park,11,Orleans St & E Nevada St,ASSAULT,27,0.2647058823529412,0.17583243706351304
144,892ab2c0ca7ffff,141,42.4470956827514,-83.0790821427615,0.676523489578896,Butler,11,Fleming St & E 8 Mile Rd,FRAUD,40,0.28368794326241137,0.17535428389016328
145,892ab2c4477ffff,42,42.3806249944773,-82.9876364836867,2.42911516541648,East Canfield,05,French Rd & E Canfield St,ASSAULT,7,0.16666666666666666,0.17445536240835915
146,892ab2c42a3ffff,41,42.3623626861857,-83.0124691889554,2.4362061975391778,Islandview,07,Goethe Ave & E Grand Blvd,ASSAULT,11,0.2682926829268293,0.17386403575017234
147,892ab2ce49bffff,143,42.4171531509341,-83.1408402179552,0.6131984813222034,University District,12,W McNichols Rd & Livernois Ave,ASSAULT,33,0.23076923076923078,0.1738405985512714
148,892ab2c650fffff,154,42.412091022665,-82.91331748475955,0.4048880384072594,Cornerstone Village,05,Mack Ave & Calvin Ave,FRAUD,76,0.4935064935064935,0.1731954891759006
149,892ab2ce447ffff,155,42.4079087606808,-83.1544883594481,0.3821566390941941,Fitzgerald/Marygrove,12,Pilgrim St & Northlawn St,ASSAULT,34,0.21935483870967742,0.17292867175081394
150,892ab2c5e53ffff,137,42.3436575532344,-83.0767816042015,0.7013754165942889,Woodbridge,03,Grand River Ave & Avery St,LARCENY,31,0.22627737226277372,0.17279627238810624
151,892ab2c60cbffff,133,42.416618823273,-82.9515420713541,0.7698716980124793,Yorkshire Woods,09,Whittier St & Greensboro St,ASSAULT,26,0.19548872180451127,0.17263290699909684
152,892ab2c5e2fffff,125,42.3297749143675,-83.0636932195099,0.911792330896012,Corktown,03,Bagley St & 8th St,LARCENY,55,0.44,0.1725765659185479
153,892ab2ce48bffff,149,42.4146920712702,-83.1418222680499,0.4789699910281905,Fitzgerald/Marygrove,12,Santa Rosa Dr & Grove St,ASSAULT,41,0.2751677852348993,0.17235820210066388
154,892ab2c5eb7ffff,146,42.3376744078901,-83.0513428679389,0.5303117405712987,Downtown,03,W Elizabeth St & Woodward Ave,LARCENY,41,0.2808219178082192,0.17223400671875885
155,892ab2c646bffff,156,42.4248928243639,-82.942367989879,0.3504653818257001,Moross-Morang,09,Casino St & Somerset Ave,ASSAULT,36,0.23076923076923078,0.17217025147536982
156,892ab2ce1c7ffff,139,42.3761550554237,-83.1391061714307,0.641490462702126,Nardin Park,10,Elmhurst St & Livernois Ave,ASSAULT,34,0.2446043165467626,0.17147133340427936
157,892ab2ca963ffff,134,42.4292373916499,-83.2534029514986,0.726950018107025,Holcomb Community,08,W 7 Mile Rd & Bentler St,ASSAULT,25,0.1865671641791045,0.17125830421199767
158,892ab2d594bffff,130,42.4494331469927,-82.9679440741673,0.7949088163252631,Regent Park,09,Gratiot Ave & E 8 Mile Rd,FRAUD,19,0.14615384615384616,0.17106544859284956
159,892ab2cab07ffff,120,42.4290709757743,-83.2726955002077,0.9414916593403247,Seven Mile-Rouge,08,Shiawassee Dr & W 7 Mile Rd,ASSAULT,33,0.275,0.1693041258910984
160,892ab2c6217ffff,139,42.4079054349157,-82.9669807326354,0.6019681225474917,Outer Drive-Hayes,09,Chalmers St & Maiden St,ASSAULT,26,0.18705035971223022,0.1693028509161119
161,892ab2c6677ffff,158,42.421600918936,-82.965057725865,0.25786687874538544,Mapleridge,09,Hayes St & Alma St,FRAUD,98,0.620253164556962,0.16905040970332852
162,892ab2cc437ffff,86,42.35594993800135,-83.1894704550177,1.543099910194391,Fiskhorn,02,Mackenzie St & Lauder St,ASSAULT,23,0.26744186046511625,0.1689793884964124
163,892ab2ce57bffff,148,42.3874258518293,-83.1349367321407,0.4349815730026601,Russell Woods,10,Petoskey Ave & W Davison St,ASSAULT,36,0.24324324324324326,0.1689642860027253
164,892ab2ce68bffff,155,42.4095098050266,-83.1719755044509,0.3085066995788517,Harmony Village,12,Puritan St & Steel St,LARCENY,63,0.4064516129032258,0.16888770141685244
165,892ab2c5e8bffff,142,42.3461585812171,-83.0629556758828,0.5406673826823862,Midtown,03,Brainard St & 2nd Ave,DAMAGE TO PROPERTY,35,0.24647887323943662,0.16888062379295818
166,892ab2c516fffff,158,42.3510898726668,-83.0641852712122,0.24492891573821793,Midtown,03,Cass Ave & W Willis St,LARCENY,44,0.27848101265822783,0.16834053913129682
167,892ab2c5c2bffff,156,42.3356219388886,-83.035703183339,0.27043460782626294,Lafayette Park,07,Rivard St & E Larned St,LARCENY,39,0.25,0.16777918224077346
168,892ab2c53b7ffff,129,42.3546909528293,-83.0712814295488,0.7520768869898706,Wayne State,03,Anthony Wayne Dr & 3rd St,DAMAGE TO PROPERTY,22,0.17054263565891473,0.16773498585983107
169,892ab2cc2c7ffff,151,42.3467636990049,-83.2391390750345,0.3577438412504468,Warrendale,06,Sawyer St & Fielding St,ASSAULT,33,0.2185430463576159,0.16766763981212654
170,892ab2c0adbffff,109,42.4370310784254,-83.1416885783729,1.1072510497071204,Sherwood Forest,12,Livernois Ave & Saint Martins Ave,FRAUD,58,0.5321100917431193,0.16761457562985016
171,892ab2cc28fffff,135,42.34317392863,-83.232918364425,0.6406247081771923,Warrendale,06,Auburn St & W Warren Ave,SEX OFFENSES,54,0.4,0.16750226319875827
172,892ab2c0a0fffff,47,42.4245046287608,-83.1356344850369,2.2117089204808495,University District,12,Curtis St & Fairfield St,STOLEN VEHICLE,12,0.2553191489361702,0.16742883836316613
173,892ab2cc6dbffff,127,42.3719120810853,-83.2350273305592,0.77712331325642,Weatherby,06,Plymouth Rd & Auburn St,FRAUD,33,0.25984251968503935,0.16714843031235999
174,892ab2cc43bffff,129,42.3581573892756,-83.1960056459032,0.7330084995075912,We Care Community,02,Prest St & Joy Rd,ASSAULT,30,0.23255813953488372,0.16668875569807617
175,892ab2c081bffff,23,42.4342419802444,-83.1062776643549,2.623242662433866,Penrose,12,Penrose St & Danbury St,ASSAULT,6,0.2608695652173913,0.16647915515763823
176,892ab2ceba3ffff,148,42.3115846977693,-83.1268519962079,0.3881004953653055,Springwells,04,W Vernor Hwy & Springwells St,FRAUD,56,0.3783783783783784,0.16639204975645885
177,892ab2c5103ffff,110,42.3606837319219,-83.0549231922822,1.065301638953335,Medical Center,03,E Warren Ave & S I 75 Service Drive,ASSAULT,24,0.21818181818181817,0.1662933185864729
178,892ab2c76a7ffff,133,42.4338722620766,-83.0274982386189,0.6534660355267836,Grant,11,E Brentwood St & Packard St,ASSAULT,29,0.21804511278195488,0.16624604732337583
179,892ab2cc477ffff,156,42.3581503152907,-83.2007933547716,0.22625788994693982,Joy Community,06,Joy Rd & Prevost St,ASSAULT,48,0.3076923076923077,0.16535532680278028
180,892ab2c66b3ffff,125,42.4282926639482,-82.9496654893511,0.775832533374058,Moross-Morang,09,Casino St & Lansdowne St,RUNAWAY,31,0.248,0.16511682444403958
181,892ab2c6617ffff,147,42.4286674279919,-82.9572399076766,0.38199707229524443,Mapleridge,09,Payton St & Morang Dr,FRAUD,28,0.19047619047619047,0.1650767795029672
182,892ab2ce1c3ffff,153,42.3792605327456,-83.140300134081,0.27361165849549635,Oakman Blvd Community,10,Herbert St & Livernois Ave,ASSAULT,32,0.20915032679738563,0.16501232183328518
183,892ab2c5c07ffff,134,42.3408890170328,-83.0310687076774,0.6108985521349808,Lafayette Park,07,Pembridge Pl & Saint Aubin St,DAMAGE TO PROPERTY,35,0.26119402985074625,0.16489087832825905
184,892ab2c744bffff,109,42.4435787457308,-83.0278970794718,1.0518544123627847,Sherwood,11,Milbank St & Spencer St,ASSAULT,26,0.23853211009174313,0.16457511396046137
185,892ab2ce2d3ffff,156,42.3945463456952,-83.1886086925471,0.20712683469994678,Hubbell-Lyndon,02,Lyndon St & Strathmoor St,ASSAULT,43,0.27564102564102566,0.16430565823252472
186,892ab2cc417ffff,141,42.3654446556957,-83.1940347737658,0.4751155890257997,Plymouth-Hubbell,02,Sussex & W Chicago St,ASSAULT,26,0.18439716312056736,0.16430358437138112
187,892ab2c6463ffff,138,42.4240711906715,-82.9393384062896,0.5257248345852058,Moross-Morang,09,Casino St & McKinney Ave,ASSAULT,40,0.2898550724637681,0.16413919850341285
188,892ab2c5843ffff,125,42.3243053474778,-83.0564648541344,0.7485177399447815,West Side Industrial,03,6th St & Riverfront Dr,LARCENY,46,0.368,0.16361813658832178
189,892ab2c0d17ffff,119,42.4356307524754,-83.0683367487351,0.8539408211012419,Pershing,11,Revere St & Emery St,ASSAULT,36,0.3025210084033613,0.16352005918452478
190,892ab2c7423ffff,132,42.4342837231681,-83.0092366581504,0.6181345626920479,Mount Olivet,09,E 7 Mile Rd & Algonac St,ASSAULT,38,0.2878787878787879,0.1633271140825711
191,892ab2c5337ffff,111,42.3499360906937,-83.0774715488627,0.9918186862494845,Woodbridge,03,W Forest Ave & Trumbull St,DAMAGE TO PROPERTY,21,0.1891891891891892,0.1632419025180716
192,892ab2c7237ffff,120,42.4103102020169,-83.044677925138,0.8273083010433635,Buffalo Charles,11,Caldwell Ave & Emerald Springs Cir,ASSAULT,34,0.2833333333333333,0.16303919795569938
193,892ab2c5143ffff,110,42.3621383054182,-83.0673828305737,1.0039380096879282,Cultural Center,03,E Palmer St & Woodward Ave,DAMAGE TO PROPERTY,24,0.21818181818181817,0.16292646442369296
194,892ab2c522fffff,50,42.3633102510717,-83.1026801791687,2.0742235400213813,Wildemere Park,10,Columbus St & Lawton St,ASSAULT,12,0.24,0.16282656880452326
195,892ab2cc607ffff,166,42.3577141290896,-83.2262062595021,-0.6696333326636146,Franklin Park,06,Artesian St & Joy Rd,FRAUD,60,0.3614457831325301,0.1627450980392157
196,892ab2cf02bffff,150,42.3913904541749,-83.2376028647668,0.2839429517244575,Brightmoor,06,Acacia St & Crescent Dr,ASSAULT,42,0.28,0.16263799510791624
197,892ab2c6053ffff,159,42.4150771920204,-82.9524596763303,0.1160362287075073,Outer Drive-Hayes,09,Roxbury St & Courville St,ASSAULT,34,0.2138364779874214,0.16224894279796964
198,892ab2c74a3ffff,20,42.4401710943122,-83.002445731796,2.5992314942693557,Pulaski,09,Annott St & Manning St,AGGRAVATED ASSAULT,4,0.2,0.1622205516955949
199,892ab2c0e27ffff,101,42.4393441193641,-83.1171312167726,1.1518255665537245,State Fair,12,W State Fair St & Ralston St,ASSAULT,31,0.3069306930693069,0.16221711995205623
200,892ab2c60dbffff,76,42.4200419351435,-82.9490112881277,1.5910905980590282,Yorkshire Woods,09,Nottingham Rd & Grayton St,DAMAGE TO PROPERTY,12,0.15789473684210525,0.16180858444619112
201,892ab2d5ba3ffff,141,42.4434084434849,-82.9688975428361,0.4287960786604942,Regent Park,09,Rossini Dr & Gratiot Ave,ASSAULT,42,0.2978723404255319,0.16176215978228378
202,892ab2c60d3ffff,118,42.4213546601883,-82.9452890757471,0.8385969253909956,Yorkshire Woods,09,Nottingham Rd & Britain St,DAMAGE TO PROPERTY,21,0.17796610169491525,0.16169778952198413
203,892ab2c5263ffff,73,42.3687090022666,-83.1125330908017,1.6393919019713616,Jamison,10,Wildemere St & Carter St,ASSAULT,23,0.3150684931506849,0.16151756814526247
204,892ab2cf5b3ffff,123,42.4034339033501,-83.1938167083959,0.7438076151233965,Belmont,02,Fenkell St & Coyle St,ASSAULT,34,0.2764227642276423,0.16139892063435704
205,892ab2cf54fffff,127,42.4010677375456,-83.218208113034,0.6663488256300495,Grand River-St Marys,08,Grand River Ave & N M 39,FRAUD,20,0.15748031496062992,0.16107053776820252
206,892ab2c7437ffff,139,42.4344290672724,-83.0045833511299,0.45021493882695157,Pulaski,09,Rowe St & E 7 Mile Rd,ASSAULT,39,0.2805755395683453,0.16097656962471768
207,892ab2c42afffff,97,42.3580011652625,-83.016229447754,1.2001111905670343,Islandview,07,Beaufait St & Charlevoix St,LARCENY,63,0.6494845360824743,0.1609448511811782
208,892ab2ce023ffff,119,42.3808991765844,-83.1527546324493,0.8014028523344814,Littlefield Community,02,Cortland St & Northlawn St,ASSAULT,23,0.19327731092436976,0.16063744482543424
209,892ab2cab73ffff,124,42.4287961055717,-83.2814705315058,0.7057948573090965,Five Points,08,Lenore Ave & W 7 Mile Rd,ASSAULT,34,0.27419354838709675,0.16029365694885958
210,892ab2c4383ffff,108,42.3532626817594,-82.996217052024,0.98943543255838,West Village,07,Van Dyke St & E Lafayette St,LARCENY,36,0.3333333333333333,0.16016996344906942
211,892ab2c5127ffff,123,42.350706735883,-83.0474404164149,0.7183047171935107,Forest Park,07,N I 75 Service Drive & Mack Ave,LARCENY,27,0.21951219512195122,0.15999964651895537
212,892ab2c6447ffff,114,42.4294115640338,-82.9406459340727,0.8771929426254352,Moross-Morang,09,Balfour Rd & McCormick St,ASSAULT,20,0.17543859649122806,0.15989387858277804
213,892ab2c463bffff,130,42.3788231664672,-83.0140688496528,0.590950272391012,Gratiot-Grand,07,Gratiot Ave & Parker St,ASSAULT,28,0.2153846153846154,0.1598748022621136
214,892ab2ce24bffff,128,42.3847960298811,-83.2023888736757,0.6263070828844863,Schoolcraft Southfield,06,Mansfield St & W Davison St,ASSAULT,32,0.25,0.15985394924022392
215,892ab2ce903ffff,121,42.3157795968874,-83.1068791541688,0.7478081606932399,Central Southwest,04,W Vernor Hwy & Military St,ASSAULT,35,0.2892561983471074,0.159657635292033
216,892ab2c0803ffff,84,42.4322646898778,-83.1023750571163,1.4063450503300363,Penrose,12,John R St & E 7 Mile Rd,SEX OFFENSES,15,0.17857142857142858,0.1595152398164229
217,892ab2c511bffff,120,42.362928675581,-83.0590853182331,0.762890366482835,Cultural Center,03,Saint Antoine St & E Kirby St,LARCENY,25,0.20833333333333334,0.15950476243209732
218,892ab2c66a7ffff,110,42.4230425468439,-82.9473144053983,0.935287533812167,Yorkshire Woods,09,Lakepointe St & Britain St,STOLEN VEHICLE,23,0.20909090909090908,0.15915980095795446
219,892ab2c0e2fffff,102,42.4392070441732,-83.1199980125666,1.0782314981947294,State Fair,12,Woodward Ave & W State Fair St,LARCENY,33,0.3235294117647059,0.1591596072721841
220,892ab2c63cfffff,98,42.3954554938188,-82.9578766995099,1.1495571971654186,Chandler Park-Chalmers,05,Marlborough St & E Warren Ave,ASSAULT,17,0.17346938775510204,0.1591514842698932
221,892ab2ce8abffff,150,42.3311311671483,-83.1203279454989,0.22020636490525733,Chadsey Condon,04,Livernois Ave & Michigan Ave,ASSAULT,23,0.15333333333333332,0.1591409432675587
222,892ab2c506bffff,121,42.3697335528948,-83.0855800200117,0.7342137340284307,Virginia Park Community,10,Pallister St & Bethune St,ASSAULT,26,0.21487603305785125,0.1589117463582306
223,892ab2c0a67ffff,44,42.4190077819988,-83.1397862396396,2.107047963396364,University District,12,Livernois Ave & Santa Maria St,ASSAULT,13,0.29545454545454547,0.15874520201432749
224,892ab2c5663ffff,143,42.3879967160894,-83.1039766889552,0.3316502434945537,Dexter-Linwood,10,Woodrow Wilson St & Tuxedo St,ASSAULT,60,0.4195804195804196,0.15839281836125965
225,892ab2d5b4fffff,129,42.4437539398558,-82.9939981240435,0.5795280855004908,Conner Creek,09,Fairmount Dr & Goulburn St,ASSAULT,26,0.20155038759689922,0.1582677060145578
226,892ab2c5c77ffff,112,42.3368851542335,-83.0380389299075,0.8827452345209916,Lafayette Park,07,N I 375 Service Drive & Monroe St,LARCENY,49,0.4375,0.15823773330858315
227,892ab2c7107ffff,129,42.4006376690044,-83.0006992027291,0.5755267574451799,Airport Sub,05,French Rd & Traverse St,FRAUD,73,0.5658914728682171,0.15804816411032324
228,892ab2c5e13ffff,136,42.3439134005275,-83.0651962666935,0.4491231564909878,Midtown,03,Martin Luther King Jr Blvd & 3rd St,ASSAULT,37,0.27205882352941174,0.1579754900495267
229,892ab2ce6dbffff,135,42.4144561721808,-83.1828622322447,0.46664479739156267,Harmony Village,02,W McNichols Rd & Stansbury St,ASSAULT,32,0.23703703703703705,0.15795646230854105
230,892ab2c4423ffff,116,42.3786217764808,-82.9797546581148,0.8003653479000585,West End,05,Saint Jean St & Mack Ave,ASSAULT,26,0.22413793103448276,0.15763934332994514
231,892ab2c601bffff,135,42.4130987979303,-82.9437637857039,0.4542146453971148,Outer Drive-Hayes,09,Whittier St & W I 94 Service Drive,ASSAULT,40,0.2962962962962963,0.15727445393505513
232,892ab2cf6a3ffff,63,42.4148935712819,-83.2445924537635,1.7402399462138118,Holcomb Community,08,W McNichols Rd & Patton St,DAMAGE TO PROPERTY,11,0.1746031746031746,0.1572469023770269
233,892ab2ce253ffff,97,42.3893613835394,-83.1981862698424,1.1286516625059473,Cadillac Community,02,Greenfield Rd & Birch St,ASSAULT,15,0.15463917525773196,0.157024062720604
234,892ab2c5073ffff,129,42.374009445589,-83.0825434902777,0.5530851809810463,New Center Commons,03,Seward St & 3rd St,ASSAULT,28,0.21705426356589147,0.15681685631379746
235,892ab2c415bffff,134,42.3537767546239,-82.9912044658567,0.46141469184319056,Gold Coast,07,E Jefferson Ave & Iroquois St,LARCENY,41,0.30597014925373134,0.1566891085940241
236,892ab2d5bb3ffff,125,42.4461872764185,-82.969017945686,0.6205735384805404,Regent Park,09,Bringard Dr & Gratiot Ave,ASSAULT,19,0.152,0.1565981889017159
237,892ab2cf4abffff,134,42.4155656036928,-83.2187171973734,0.45897456775865286,College Park,08,N M 39 & W McNichols Rd,LARCENY,29,0.21641791044776118,0.1565552256729832
238,892ab2c18a3ffff,98,42.4407051655529,-83.1721629174823,1.1010418138653282,Blackstone Park,12,Meyers Rd & Chippewa St,ASSAULT,23,0.23469387755102042,0.1564895781509398
239,892ab2cc6cbffff,131,42.3671448949776,-83.2361764886786,0.5111812626580727,Franklin Park,06,Evergreen Rd & Elmira St,ASSAULT,37,0.2824427480916031,0.15647848747228366
240,892ab2c744fffff,108,42.4412088056657,-83.0254684438665,0.9189809058729848,Nortown,11,Van Dyke St & E Outer Dr,ASSAULT,22,0.2037037037037037,0.15630431665964234
241,892ab2ce00bffff,119,42.3885102051767,-83.1590618948012,0.7206916072385167,Northwest Community,02,Schoolcraft St & Wyoming St,AGGRAVATED ASSAULT,18,0.15126050420168066,0.156209040006691
242,892ab2cf12bffff,132,42.3722650574673,-83.2167737009779,0.48716084825127987,Plymouth-I96,06,Plymouth Rd & Archdale St,AGGRAVATED ASSAULT,23,0.17424242424242425,0.1561409453217178
243,892ab2ce647ffff,129,42.4037563582289,-83.1846794154103,0.5287515026548902,Bethune Community,02,Freeland St & Keeler Ave,ASSAULT,26,0.20155038759689922,0.15548173407365393
244,892ab2c5a4bffff,119,42.3210063703466,-83.0921229870044,0.7062887257756663,Hubbard Farms,04,Page & Palms St,ASSAULT,35,0.29411764705882354,0.15541879337379572
245,892ab2c5133ffff,110,42.3568045020363,-83.0509796485654,0.8639401997229562,Forest Park,07,N I 75 Service Drive & E Canfield St,ASSAULT,31,0.2818181818181818,0.15524516827313492
246,892ab2cc493ffff,142,42.3728340793303,-83.1877403376603,0.29158006670007797,Plymouth-Hubbell,02,Plymouth Rd & Hubbell St,ASSAULT,37,0.2605633802816901,0.15521388542121897
247,892ab2cc4bbffff,105,42.3655646374765,-83.1885843916291,0.9516328376967561,Plymouth-Hubbell,02,Marlowe St & W Chicago St,ASSAULT,25,0.23809523809523808,0.15515466220135538
248,892ab2ce513ffff,149,42.3938526187366,-83.1235753875846,0.16193256696078598,Oakman Blvd Community,10,Clements St & Linwood St,ASSAULT,43,0.28859060402684567,0.15496322752441086
249,892ab2c1a2bffff,142,42.4301401901191,-83.2150147042463,0.28342551440540287,Greenfield,08,Lindsay St & W 7 Mile Rd,ASSAULT,25,0.176056338028169,0.15476646748542208
250,892ab2c6e57ffff,132,42.3748805903865,-82.9403186576089,0.45408456151499355,Riverbend,05,E Jefferson Ave & Alter Rd,ASSAULT,29,0.2196969696969697,0.15432614011836668
251,892ab2c0d47ffff,100,42.4329224498118,-83.0828907799923,1.0202836556507322,Nolan,11,E 7 Mile Rd & Dequindre St,ASSAULT,19,0.19,0.1540193836516743
252,892ab2c458fffff,37,42.3748788984636,-82.9581902102252,2.143834392379999,Riverbend,05,Springle St & Kercheval St,ASSAULT,8,0.21621621621621623,0.15390082745662367
253,892ab2c61cbffff,76,42.3997046734693,-82.9309417236395,1.4466628373812922,East English Village,05,Yorkshire Rd & Waveney St,LARCENY,12,0.15789473684210525,0.15388422904088025
254,892ab2c8d8bffff,79,42.4167295177448,-83.283824055426,1.3911610617465235,The Eye,08,Salem St & Santa Maria St,ASSAULT,16,0.20253164556962025,0.15378017519222884
255,892ab2c0b4fffff,103,42.410156446574,-83.127752841626,0.9600738049558455,Martin Park,12,Puritan St & Linwood St,ASSAULT,18,0.17475728155339806,0.1536570106275667
256,892ab2c0dd7ffff,129,42.4426594712642,-83.0717962403018,0.486963783057912,Butler,11,E Remington St & Charest St,ASSAULT,40,0.31007751937984496,0.15318895642405228
257,892ab2ce197ffff,134,42.3773213176787,-83.1228892752819,0.391955200302012,Nardin Park,10,Dexter Ave & Collingwood St,ASSAULT,21,0.15671641791044777,0.15287805665593687
258,892ab2c634bffff,116,42.3913582621798,-82.9702259799258,0.7125887888454611,Fox Creek,05,Algonquin St & E Warren Ave,FRAUD,21,0.1810344827586207,0.15282328409770424
259,892ab2c5ddbffff,119,42.3374147416011,-83.0245680178596,0.6529829104296879,Elmwood Park,07,Dubois St & E Jefferson Ave,LARCENY,28,0.23529411764705882,0.152494049377287
260,892ab2c5123ffff,118,42.3514642006266,-83.0526924726957,0.6661539990340654,Medical Center,03,Beaubien St & Saint Antoine St,ASSAULT,45,0.3813559322033898,0.1522363187550638
261,892ab2cd193ffff,109,42.3464895630874,-83.2590319084326,0.8260782080666017,Far West Detroit,06,Lamphere St & Sawyer St,OBSTRUCTING JUDICIARY,41,0.3761467889908257,0.15218739239980417
262,892ab2c1a23ffff,152,42.4302660575772,-83.2106243835844,0.05624159476486862,Greenfield,08,W 7 Mile Rd & Ferguson St,ASSAULT,27,0.17763157894736842,0.15210543001047488
263,892ab2cf4c3ffff,114,42.4266470886364,-83.2296498255743,0.7251948951217363,Evergreen-Outer Drive,08,Margareta St & Sunderland Rd,ASSAULT,31,0.2719298245614035,0.15155416228668295
264,892ab2c538bffff,80,42.3630058836639,-83.0834364198621,1.3320951985317888,Elijah McCoy,03,Holden St & Lincoln St,LARCENY,41,0.5125,0.15151978531218507
265,892ab2cf337ffff,108,42.3718812303179,-83.2387730802119,0.8222163622900992,Weatherby,06,Plymouth Rd & Heyden St,ASSAULT,29,0.26851851851851855,0.15099511134907573
266,892ab2cf0cfffff,117,42.4024384145084,-83.2426985562417,0.6577622905526207,Brightmoor,08,Keeler St & Stout St,ASSAULT,27,0.23076923076923078,0.15079549655239352
267,892ab2c1b77ffff,149,42.4159897487558,-83.1993084490482,0.08352929512923916,College Park,08,Greenfield Rd & W McNichols Rd,ASSAULT,27,0.18120805369127516,0.15066145487338511
268,892ab2c1d47ffff,90,42.4456622367228,-83.1615086369943,1.1367703244368523,Pembroke,12,Wyoming St & W 8 Mile Rd,FRAUD,25,0.2777777777777778,0.15060676635246384
269,892ab2ca937ffff,99,42.4296121351913,-83.2377538914636,0.9701690129240477,O'Hair Park,08,Plainview Ave & W 7 Mile Rd,ASSAULT,21,0.21212121212121213,0.15028933839409958
270,892ab2cc0bbffff,99,42.3460077613655,-83.1987994265866,0.9694432222879422,Warren Ave Community,06,Forrer St & W Warren Ave,LARCENY,18,0.18181818181818182,0.15024951625102018
271,892ab2c19cfffff,106,42.4312657679146,-83.1706778398495,0.8410413127243347,Schulze,12,Meyers Rd & W 7 Mile Rd,ASSAULT,21,0.19811320754716982,0.15006720047344987
272,892ab2cc42fffff,110,42.3534331345079,-83.1956381620395,0.7662778656545228,Fiskhorn,02,Prest St & Belton St,ASSAULT,27,0.24545454545454545,0.14988670365913798
273,892ab2ce30fffff,111,42.365983579949,-83.1679172497848,0.7476814080996311,Barton-McFarland,02,W Chicago St & Meyers Rd,AGGRAVATED ASSAULT,15,0.13513513513513514,0.14984675915597623
274,892ab2ca827ffff,104,42.4432385081071,-83.2588643696829,0.8654705060069887,Berg-Lahser,08,Lahser Rd & W 8 Mile Rd,ASSAULT,30,0.28846153846153844,0.14944677904375975
275,892ab2c0d2fffff,36,42.4234446436603,-83.0708329534678,2.071409592744748,Cadillac Heights,11,McDougall St & E Nevada St,ASSAULT,9,0.25,0.14894668503336472
276,892ab2ce383ffff,110,42.3735129829966,-83.1585663314181,0.7475652515827039,Grand River-I96,02,Plymouth Rd & Wyoming St,FRAUD,24,0.21818181818181817,0.14885999380937173
277,892ab2d5b73ffff,109,42.4413033142274,-82.9877498952594,0.7625809812466491,Pulaski,09,Manning St & Schoenherr St,ASSAULT,21,0.1926605504587156,0.1487034735866081
278,892ab2c6683ffff,134,42.4331934041443,-82.9541620986578,0.3145774378421599,Mapleridge,09,Saratoga St & Kelly Rd,ASSAULT,33,0.2462686567164179,0.14863255089359412
279,892ab2ce10fffff,129,42.3686727344939,-83.1387893011821,0.39887596337912967,Nardin Park,10,Grand River Ave & Livernois Ave,ASSAULT,32,0.24806201550387597,0.14835581917441262
280,892ab2ce68fffff,133,42.4077090694308,-83.1697509669043,0.3268424531709486,Bethune Community,12,Pilgrim St & Steel St,ASSAULT,34,0.2556390977443609,0.14832510651395112
281,892ab2d5bafffff,68,42.4408187343839,-82.9717925824093,1.4858472218335979,Regent Park,09,Manning St & Gratiot Ave,ASSAULT,13,0.19117647058823528,0.14819103157097058
282,892ab2ce36fffff,121,42.35856001028,-83.1774795549532,0.5379011998996805,We Care Community,02,Schaefer Hwy & Joy Rd,FRAUD,29,0.2396694214876033,0.1481406156306374
283,892ab2ce06bffff,114,42.3806207995624,-83.1684465776699,0.6615678980069045,Grand River-I96,02,Grand River Ave & Meyers Rd,ASSAULT,19,0.16666666666666666,0.14806312333305927
284,892ab2c430fffff,77,42.3426963436001,-83.0080322789941,1.3181749131569487,Rivertown,07,Wight St & Iron St,LARCENY,30,0.38961038961038963,0.14781484093343328
285,892ab2cf60fffff,117,42.4111990060909,-83.2573721296491,0.6030182670734122,Riverdale,08,Lahser Rd & Verne St,ASSAULT,24,0.20512820512820512,0.14779184201721104
286,892ab2cebb7ffff,115,42.3126435881492,-83.1233631345634,0.636938979095839,Springwells,04,W Vernor Hwy & Central St,ASSAULT,27,0.23478260869565218,0.14769219420802976
287,892ab2ceba7ffff,117,42.309274552803,-83.1248015160141,0.5974259874160496,Springwells,04,Springwells St & Navy St,ASSAULT,28,0.23931623931623933,0.14748500895878183
288,892ab2cf40fffff,88,42.4153769636476,-83.2279263795073,1.1142820782436686,Evergreen-Outer Drive,08,Sunderland Rd & W McNichols Rd,ASSAULT,18,0.20454545454545456,0.14741211360208406
289,892ab2c7267ffff,110,42.4100567731643,-83.0577816777567,0.7209660679456741,Buffalo Charles,11,Sobieski St & Conant St,FRAUD,59,0.5363636363636364,0.14740056950173275
290,892ab2c0a4fffff,128,42.4278912429174,-83.1467884938708,0.3968057113175842,Bagley,12,San Juan Dr & Margareta St,STOLEN VEHICLE,28,0.21875,0.14726183796072811
291,892ab2c437bffff,100,42.3417303096974,-83.0145488213913,0.8957711250071501,Rivertown,07,E Jefferson Ave & Adair St,ASSAULT,27,0.27,0.14718772233805744
292,892ab2cc68bffff,138,42.3660020590932,-83.2239296379599,0.21453460592483134,Franklin Park,06,Bourbon St & Greenview Ave,ASSAULT,32,0.2318840579710145,0.14706504351414348
293,892ab2ce80fffff,132,42.3311495816926,-83.128868493979,0.3205752354914283,Claytown,04,Braden St & Michigan Ave,FRAUD,46,0.3484848484848485,0.14700084929913887
294,892ab2c0d93ffff,103,42.4426945725966,-83.0656881126632,0.838115334605739,Farwell,11,E Remington St & Wexford St,ASSAULT,30,0.2912621359223301,0.14696548360251815
295,892ab2c45a7ffff,126,42.3670015420734,-82.9502915294876,0.4246887144080954,Jefferson Chalmers,05,Dickerson St & Freud St,ASSAULT,36,0.2857142857142857,0.14683091760957984
296,892ab2ce1cfffff,138,42.3761084622142,-83.1416101120653,0.20401095003644035,Oakman Blvd Community,10,Monica St & Tuxedo St,ASSAULT,33,0.2391304347826087,0.14648763935699616
297,892ab2c0d23ffff,108,42.4258382422936,-83.0685993556559,0.7378528461874287,Northeast Central District,11,Conant St & E Nevada St,FRAUD,29,0.26851851851851855,0.14636631642971862
298,892ab2c52bbffff,125,42.3749964089453,-83.0976539907022,0.43364036378896537,Virginia Park Community,10,Gladstone St & Rosa Parks Blvd,ASSAULT,40,0.32,0.14634167792108516
299,892ab2ce347ffff,116,42.3658503442388,-83.1752713669199,0.591848634419172,Barton-McFarland,02,Hartwell St & W Chicago St,ASSAULT,25,0.21551724137931033,0.1461986027284422
300,892ab2d5977ffff,100,42.4419151811377,-82.9535348245774,0.8702280849678733,Regent Park,09,Boulder St & Manning St,DAMAGE TO PROPERTY,18,0.18,0.14578624573512816
301,892ab2ce223ffff,38,42.3769615013611,-83.1824864720439,1.9754982331175401,Paveway,02,Shirley Ave & Capitol St,ASSAULT,10,0.2631578947368421,0.14564507590190995
302,892ab2d5947ffff,102,42.4463784220406,-82.9609851858515,0.8287570958038443,Regent Park,09,Crusade St & Eastburn St,ASSAULT,22,0.21568627450980393,0.14547163053006693
303,892ab2c1d6fffff,100,42.4360353817533,-83.1611566815183,0.8612016095968339,Oak Grove District 2,12,Saint Martins Ave & Wyoming St,LARCENY,19,0.19,0.14529098776974986
304,892ab2c74abffff,76,42.440057675534604,-83.0048935853756,1.2890348103158438,Pulaski,09,Hoover St & Manning St,ASSAULT,17,0.2236842105263158,0.14523561119592376
305,892ab2ce2dbffff,134,42.3944414539093,-83.1925743764424,0.248493410456147,Hubbell-Lyndon,02,Robson St & Lyndon St,ASSAULT,39,0.291044776119403,0.14500670142280198
306,892ab2c5c4fffff,62,42.3417507022496,-83.0492271614855,1.5329447578084374,Brush Park,03,John R St & Winder St,LARCENY,22,0.3548387096774194,0.1448927913518061
307,892ab2cc49bffff,95,42.3727195888689,-83.1920883734623,0.9421164993483013,Plymouth-Hubbell,02,Plymouth Rd & Robson St,ASSAULT,30,0.3157894736842105,0.1448286052283121
308,892ab2ce1dbffff,129,42.3811259751843,-83.1425570583137,0.3322456975439088,Oakman Blvd Community,10,Fullerton St & Ewald Cir,ASSAULT,35,0.2713178294573643,0.14469999909695
309,892ab2c8d07ffff,36,42.4094037614076,-83.2834402520418,1.9916439197891482,South of Six,08,Winston St & Florence St,ASSAULT,11,0.3055555555555556,0.1445701611664998
310,892ab2c0a57ffff,110,42.4315981437876,-83.1414805751529,0.6685270466117054,Bagley,12,Livernois Ave & W 7 Mile Rd,FRAUD,25,0.22727272727272727,0.14452338411710117
311,892ab2c08b7ffff,72,42.4302755047215,-83.08888147288,1.3473748403053305,Hawthorne Park,11,E Robinwood St & Hull St,ASSAULT,21,0.2916666666666667,0.14451500012555032
312,892ab2c63dbffff,76,42.4006486268688,-82.9599377740107,1.2743582702031246,Chandler Park-Chalmers,05,Marlborough St & Chandler Park Dr,DAMAGE TO PROPERTY,16,0.21052631578947367,0.1444303496629073
313,892ab2c72d7ffff,108,42.4261002220051,-83.0530178935859,0.6993754385220995,Krainz Woods,11,Conley St & E Nevada St,ASSAULT,25,0.23148148148148148,0.14425516652346584
314,892ab2c1b6bffff,129,42.4157747046615,-83.2068733488277,0.32151191745832275,Crary/St Marys,08,Mansfield St & W McNichols Rd,ASSAULT,25,0.1937984496124031,0.14411106600097529
315,892ab2cf537ffff,107,42.3942814970535,-83.198414273655,0.7071218006965583,Hubbell-Lyndon,02,Greenfield Rd & Lyndon St,ASSAULT,22,0.205607476635514,0.14369979602920185
316,892ab2c63d7ffff,129,42.3981866734714,-82.9524630719817,0.3110219015621388,Morningside,05,Lakepointe St & E Warren Ave,FRAUD,40,0.31007751937984496,0.1435355075780056
317,892ab2c50cfffff,124,42.3828224535503,-83.081729002354,0.3994882688864649,Piety Hill,03,Owen St & Woodward Ave,LARCENY,29,0.23387096774193547,0.14348745391518344
318,892ab2ce61bffff,104,42.4075428030227,-83.1793735187146,0.7526584527407904,Bethune Community,12,Pilgrim St & Schaefer Hwy,ASSAULT,25,0.2403846153846154,0.14325709085715876
319,892ab2ce4b3ffff,68,42.4100587815534,-83.1325911959164,1.392124155083096,Martin Park,12,Puritan St & Muirland St,ASSAULT,12,0.17647058823529413,0.14304870375863374
320,892ab2c512bffff,121,42.3514573334332,-83.057988154162,0.4416501133666878,Medical Center,03,John R St & E Alexandrine St,ASSAULT,35,0.2892561983471074,0.14285958230120255
321,892ab2c766fffff,100,42.4297277872586,-83.0510402949047,0.8152555016546803,Krainz Woods,11,Moenart St & E Hildale St,ASSAULT,34,0.34,0.1427700507482529
322,892ab2ceb33ffff,119,42.3088770953856,-83.1335191754708,0.47238117067864227,Springwells,04,W Vernor Hwy & Cabot St,LARCENY,20,0.16806722689075632,0.14258492687972157
323,892ab2cab2bffff,103,42.4244517296593,-83.2775876466444,0.7561046690012836,Seven Mile-Rouge,08,Grand River Ave & Telegraph Rd,ASSAULT,20,0.1941747572815534,0.14246578314170508
324,892ab2cd5c3ffff,68,42.3667879679357,-83.2630311889134,1.3796498799560477,West Outer Drive,06,Orangelawn St & Bramell St,ASSAULT,18,0.2647058823529412,0.1423642744697872
325,892ab2ce2c7ffff,118,42.391026982023,-83.1873136816496,0.4769889687394188,Hubbell-Lyndon,02,Mark Twain St & Intervale St,ASSAULT,29,0.2457627118644068,0.1418573519741833
326,892ab2c742bffff,114,42.4324311774822,-83.0130195497748,0.5476307942311609,Mount Olivet,09,Blackmoor St & Eastwood St,ASSAULT,27,0.23684210526315788,0.1418117067083469
327,892ab2c4513ffff,81,42.3737188113983,-82.9613107565159,1.136586993543257,Conner Creek Industrial,05,Kercheval St & Conner St,STOLEN VEHICLE,45,0.5555555555555556,0.14177317807700973
328,892ab2c5e43ffff,86,42.3414841347607,-83.07751619805205,1.0460917286734885,Core City,03,Martin Luther King Jr Blvd & Rosa Parks Blvd,ASSAULT,26,0.3023255813953488,0.14170991169197128
329,892ab2c4317ffff,64,42.3471076406272,-83.0018508653186,1.4363137696034618,Islandview,07,E Jefferson Ave & E Grand Blvd,ASSAULT,8,0.125,0.141551698172525
330,892ab2ce00fffff,93,42.3861065828762,-83.1579896269295,0.9176378013680516,Davison-Schoolcraft,10,W Davison St & Kentucky St,ASSAULT,21,0.22580645161290322,0.1415247418434682
331,892ab2ce3b7ffff,127,42.3663665113129,-83.1522107067269,0.3066132210912811,Barton-McFarland,02,Northlawn St & Oakman Blvd,LARCENY,38,0.2992125984251969,0.1413328310494068
332,892ab2cc4c3ffff,101,42.3725017758993,-83.2023201405317,0.7701070861385635,Plymouth-I96,06,Plymouth Rd & Mansfield St,ASSAULT,16,0.15841584158415842,0.14127327308085547
333,892ab2c1967ffff,119,42.4166657866317,-83.1701194138036,0.44596329533421397,Schulze,12,W McNichols Rd & Meyers Rd,LARCENY,24,0.20168067226890757,0.14113545046119866
334,892ab2c1917ffff,109,42.425967350958,-83.1607198320815,0.6217991030029274,Bagley,12,Pickford St & Indiana St,ASSAULT,25,0.22935779816513763,0.14097915775843622
335,892ab2ce603ffff,127,42.4039827780947,-83.1748845981817,0.2968819145453156,Bethune Community,12,Keeler Ave & Cheyenne St,ASSAULT,23,0.18110236220472442,0.14079890092914188
336,892ab2cf0d7ffff,107,42.4061158270174,-83.2365616665316,0.653397980551246,Minock Park,08,Evergreen Rd & Pilgrim St,DAMAGE TO PROPERTY,19,0.17757009345794392,0.14075211725495024
337,892ab2c4207ffff,103,42.3613010216983,-83.0216010191385,0.724772420745851,Gratiot-Grand,07,Mount Elliott St & Mack Ave,ASSAULT,34,0.3300970873786408,0.14074666855003398
338,892ab2c4043ffff,84,42.3669886531989,-83.0060947943275,1.0638524665917912,Gratiot-Grand,07,Van Dyke St & Mack Ave,LARCENY,13,0.15476190476190477,0.1407236103922091
339,892ab2c4237ffff,40,42.357065302092,-83.0175372511345,1.8488588827289643,Islandview,07,Charlevoix St & Meldrum St,LARCENY,22,0.55,0.14065750613143707
340,892ab2c4093ffff,96,42.3763933923933,-82.9846516092661,0.8464757639866608,East Canfield,05,Saint Clair St & Mack Ave,ASSAULT,18,0.1875,0.14056145235176523
341,892ab2c5273ffff,56,42.3707504533895,-83.1134738137743,1.561107516618956,Jamison,10,Wildemere St & Clairmount St,DAMAGE TO PROPERTY,12,0.21428571428571427,0.14055565180285667
342,892ab2c5053ffff,29,42.3817445957975,-83.0847668736954,2.041639365998965,Piety Hill,10,Clairmount St & 2nd Blvd,AGGRAVATED ASSAULT,5,0.1724137931034483,0.14045052918296558
343,892ab2c5a43ffff,108,42.322366343455,-83.089237255484,0.6270023774810546,Central Southwest,04,W Vernor Hwy & Vinewood St,LARCENY,19,0.17592592592592593,0.14028425501193736
344,892ab2c63cbffff,101,42.3971012482543,-82.961078272911,0.7501238941868749,Chandler Park,05,Frankfort St & Chalmers St,ASSAULT,31,0.3069306930693069,0.1401768501050048
345,892ab2cd483ffff,104,42.3810577619883,-83.2697482783027,0.6963067335988966,Castle Rouge,06,Grayfield St & Glendale St,ASSAULT,22,0.21153846153846154,0.14016522646706397
346,892ab2cf507ffff,111,42.3981907409902,-83.2028330555317,0.5674388323581974,Grand River-St Marys,08,Chalfonte St & Forrer St,ASSAULT,27,0.24324324324324326,0.1399573430032825
347,892ab2ce2cbffff,101,42.3918410922415,-83.1963118570541,0.7453548928652666,Cadillac Community,02,Grand River Ave & Whitcomb St,FRAUD,19,0.18811881188118812,0.139915188072557
348,892ab2cc6afffff,126,42.3578337977583,-83.2177010317363,0.2967562972741481,Franklin Park,06,Joy Rd & S M 39 Service Drive,ASSAULT,29,0.23015873015873015,0.13981161649688065
349,892ab2ce543ffff,122,42.3921001603604,-83.1360136912454,0.3664547166135792,Oakman Blvd Community,10,Holmur St & Ewald Cir,ASSAULT,33,0.27049180327868855,0.13971420912099428
350,892ab2cc933ffff,118,42.268527527068,-83.1560066412194,0.43212045314180875,Boynton,04,S Annabelle St & Omaha St,ASSAULT,26,0.22033898305084745,0.13939553949134942
351,892ab2c4067ffff,71,42.3583916135074,-82.9998989660151,1.265643598348218,Islandview,07,Van Dyke St & Kercheval St,LARCENY,16,0.22535211267605634,0.13905023871760733
352,892ab2c6063ffff,110,42.4044153492644,-82.9489175927609,0.5683699678658081,Morningside,05,Chatsworth St & E Outer Dr,ASSAULT,24,0.21818181818181817,0.1390280396998243
353,892ab2c1d2fffff,102,42.4350487302394,-83.15193893552325,0.7096543197343256,Bagley,12,Woodingham Dr & W Outer Dr,ASSAULT,29,0.28431372549019607,0.13893678762379238
354,892ab2cf6afffff,106,42.4113603225024,-83.2464689462905,0.6338490903634176,Miller Grove,08,Burt Rd & Verne St,ASSAULT,24,0.22641509433962265,0.13869913106975934
355,892ab2c5e3bffff,33,42.3337967290714,-83.0653795866642,1.937776981828488,Corktown,03,8th St & Cherry St,LARCENY,15,0.45454545454545453,0.1386734534393648
356,892ab2cc67bffff,127,42.3575569236142,-83.2371449248209,0.25554747724347815,Franklin Park,06,Evergreen Rd & Joy Rd,ASSAULT,33,0.25984251968503935,0.13853099363679547
357,892ab2d590fffff,95,42.4447898798351,-82.9535670106297,0.8272588212238489,Regent Park,09,Fairmount Dr & Boulder St,ASSAULT,18,0.18947368421052632,0.13852667921203987
358,892ab2d5b33ffff,70,42.4387671660633,-82.9753734926699,1.272321173785847,Franklin,09,Gratiot Ave & Pinewood St,AGGRAVATED ASSAULT,8,0.11428571428571428,0.13843622682424267
359,892ab2c1d73ffff,81,42.44097008229,-83.1602549411484,1.0756756962092726,Garden Homes,12,Indiana St & Chippewa St,ASSAULT,17,0.20987654320987653,0.1384311421276324
360,892ab2ce873ffff,111,42.331112149675,-83.1335476802401,0.5377289571458107,Claytown,04,51st St & Saint Stephens St,ASSAULT,22,0.1981981981981982,0.13832724357415882
361,892ab2c603bffff,122,42.4048354790394,-82.9410563084539,0.34009652448914307,Morningside,05,Southampton St & Courville St,ASSAULT,22,0.18032786885245902,0.1382680073571827
362,892ab2ce203ffff,94,42.3841006637189,-83.1873008203068,0.8321201861806856,Schoolcraft Southfield,02,Strathmoor St & Tyler St,ASSAULT,26,0.2765957446808511,0.13781301682715533
363,892ab2c76a3ffff,105,42.4358810088061,-83.0308052093545,0.6335517046577178,Nortown,11,Emery St & Concord St,ASSAULT,36,0.34285714285714286,0.1377024221742491
364,892ab2ce5cbffff,63,42.3989359961118,-83.1330700223734,1.3820609490342848,Dexter-Fenkell,10,Wildemere St & Bourke St,ASSAULT,15,0.23809523809523808,0.13759460243794772
365,892ab2cd48bffff,59,42.379611414277,-83.2743839885762,1.4528522291810235,Castle Rouge,06,Fullerton St & Dale St,ASSAULT,13,0.22033898305084745,0.13755715733943102
366,892ab2ce423ffff,86,42.400441288384,-83.1402622325944,0.967464976354216,Chalfonte,10,Chalfonte St & Santa Rosa Dr,ASSAULT,23,0.26744186046511625,0.13739587727906138
367,892ab2c194bffff,107,42.4260919880125,-83.181035664986,0.5921732530970739,Tri-Point,12,Tracey St & James Couzens Fwy,DAMAGE TO PROPERTY,24,0.22429906542056074,0.13739288425387428
368,892ab2c5ecfffff,101,42.3453718528532,-83.0710393301703,0.6989150749268783,Jeffries,03,Miracles Blvd & Selden St,ASSAULT,21,0.2079207920792079,0.1373671625366432
369,892ab2ce427ffff,91,42.3987963165099,-83.1389608548218,0.8747238500916948,Dexter-Fenkell,10,Eaton St & Livernois Ave,FRAUD,23,0.25274725274725274,0.13720938663447804
370,892ab2c7247ffff,102,42.4155305516149,-83.0614762772905,0.6777363541099783,Buffalo Charles,11,E Davison St & Conant St,FRAUD,37,0.3627450980392157,0.1371855363253236
371,892ab2c50c3ffff,75,42.3854650109109,-83.0797417356304,1.1593550637937162,North End,03,Kenilworth St & John R St,LARCENY,20,0.26666666666666666,0.137140046751616
372,892ab2c1da7ffff,71,42.4413524503916,-83.1418629986631,1.2277399782526746,Green Acres,12,Livernois Ave & Chippewa St,LARCENY,16,0.22535211267605634,0.13697057096276918
373,892ab2c5893ffff,111,42.3317411567576,-83.0381841305766,0.5122920639756535,Downtown,03,E Jefferson Ave & N I 375,LARCENY,39,0.35135135135135137,0.13693159095902885
374,892ab2c5ebbffff,105,42.341830023719,-83.0575152127547,0.616327659225647,Midtown,03,Park Ave & Temple St,LARCENY,39,0.37142857142857144,0.13675738600612972
375,892ab2c500bffff,124,42.3779963173742,-83.0784769896619,0.2752137045273203,North End,03,E Philadelphia St & Woodward Ave,FRAUD,46,0.3709677419354839,0.13666884915941607
376,892ab2c608bffff,113,42.4161854579933,-82.9388270657011,0.4712324256979195,Yorkshire Woods,09,W I 94 Service Drive & Grayton St,ASSAULT,23,0.20353982300884957,0.13663954544973797
377,892ab2ce06fffff,125,42.3797311667052,-83.166225129495,0.2548832602436368,Grand River-I96,02,Grand River Ave & Manor,FRAUD,43,0.344,0.13653376555666183
378,892ab2cc483ffff,99,42.3703833125388,-83.1898340706927,0.7182663344022957,Plymouth-Hubbell,02,Hubbell St & Elmira St,ASSAULT,28,0.2828282828282828,0.13646812879568856
379,892ab2c7563ffff,89,42.4178298493753,-83.0015871991494,0.8932944317354966,LaSalle College Park,09,Gunston St & Nashville St,ASSAULT,19,0.21348314606741572,0.13626751924045186
380,892ab2ce063ffff,104,42.3806382255513,-83.1630898420107,0.6201188977689149,Grand River-I96,02,Pinehurst St & Fullerton St,ASSAULT,31,0.2980769230769231,0.13598500871775338
381,892ab2c4487ffff,115,42.3906958639887,-82.9735123151124,0.42276391091469273,Chandler Park,05,Drew Ct & Banneker Ct,AGGRAVATED ASSAULT,19,0.16521739130434782,0.1359409951915811
382,892ab2c60c3ffff,112,42.4176150544297,-82.9470145836239,0.4735358690641143,Yorkshire Woods,09,Balfour Rd & Yorkshire Rd,ASSAULT,25,0.22321428571428573,0.13578553691749198
383,892ab2c5e93ffff,124,42.3485431554642,-83.0586386505498,0.2547518101852648,Midtown,03,Parsons St & Woodward Ave,LARCENY,44,0.3548387096774194,0.13554616109535222
384,892ab2ce643ffff,121,42.4072500470879,-83.1879219411399,0.3060449506219517,Bethune Community,02,Hubbell St & Pilgrim St,ASSAULT,43,0.35537190082644626,0.1354192986649974
385,892ab2c0b93ffff,98,42.4200826559535,-83.1069363471964,0.7158594765493045,Grixdale Farms,12,Woodward Ave & Covington Dr,LARCENY,19,0.19387755102040816,0.13535567894473938
386,892ab2c4377ffff,42,42.3418458731365,-83.0088062134467,1.7127846790157268,Rivertown,07,Wight St & Mount Elliott St,DAMAGE TO PROPERTY,12,0.2857142857142857,0.1351522718164836
387,892ab2ce013ffff,67,42.3917730997448,-83.1541972937422,1.2645956006504928,Davison-Schoolcraft,10,Cherrylawn St & Intervale St,ASSAULT,17,0.2537313432835821,0.13507116932865626
388,892ab2c6023ffff,104,42.4031503093829,-82.9378198778543,0.6029933003444516,Morningside,05,E Warren Ave & E Outer Dr,DAMAGE TO PROPERTY,18,0.17307692307692307,0.13504537412200185
389,892ab2c6697ffff,74,42.4336950871308,-82.9500809632607,1.1387564915677946,Moross-Morang,09,Moross Rd & Duchess St,STOLEN VEHICLE,12,0.16216216216216217,0.1350294673897852
390,892ab2c56afffff,78,42.3886186204285,-83.0856281508702,1.064418627090693,Gateway Community,10,Glynn Ct & Woodward Ave,LARCENY,18,0.23076923076923078,0.13487232112597083
391,892ab2ce44fffff,92,42.4079046107776,-83.15884320024,0.8125990419115993,Fitzgerald/Marygrove,12,Indiana St & Pilgrim St,ASSAULT,26,0.2826086956521739,0.13478116082762176
392,892ab2ce807ffff,94,42.3311480090235,-83.1244181405799,0.7723129411903183,Claytown,04,Cicotte St & Michigan Ave,FRAUD,20,0.2127659574468085,0.13453155720407314
393,892ab2c754fffff,110,42.4221647979902,-83.0052818856467,0.4848993748376591,Von Steuben,09,Albion St & Sauer St,ASSAULT,29,0.2636363636363636,0.13444823702239428
394,892ab2ce537ffff,103,42.3836740355962,-83.1162016453004,0.6090535747278973,Dexter-Linwood,10,Elmhurst St & Linwood St,ASSAULT,32,0.3106796116504854,0.13439749261158804
395,892ab2cf403ffff,99,42.4190215448364,-83.2259747817233,0.6799814491052792,Evergreen-Outer Drive,08,Greenview Ave & W Outer Dr,ASSAULT,27,0.2727272727272727,0.1343675420641525
396,892ab2c662fffff,120,42.4168120053089,-82.9591846530083,0.2993724488528698,Outer Drive-Hayes,09,Whitehill St & Courville St,ASSAULT,24,0.2,0.13407280462292473
397,892ab2c604fffff,98,42.4088030465483,-82.9545276524583,0.6916579801629281,Outer Drive-Hayes,09,Somerset Ave & Berkshire St,ASSAULT,22,0.22448979591836735,0.13402780916536977
398,892ab2c76b7ffff,90,42.4359691171233,-83.0263216587769,0.8341787014786756,Nortown,11,Stotter St & Emery St,ASSAULT,23,0.25555555555555554,0.13400439329247596
399,892ab2c5cb7ffff,79,42.3434472767887,-83.0199480366225,1.0289163262414176,Elmwood Park,07,Saint Maron St & E Lafayette St,ASSAULT,22,0.27848101265822783,0.1339047993339102
400,892ab2cc48fffff,98,42.3679740350634,-83.191918989952,0.6867779107463173,Plymouth-Hubbell,02,Orangelawn St & Robson St,ASSAULT,28,0.2857142857142857,0.13376005313094574
401,892ab2cf333ffff,103,42.3718822269846,-83.2412209572612,0.5971666239476183,Weatherby,06,Plymouth Rd & Fielding St,ASSAULT,23,0.22330097087378642,0.13374528820000992
402,892ab2c6307ffff,109,42.3869708078483,-82.9497958908939,0.4876165546555437,Fox Creek,05,Mack Ave & Manistique St,FRAUD,42,0.3853211009174312,0.1336169290753539
403,892ab2cf5d7ffff,79,42.409546351557,-83.2055699172433,1.0233024814813947,Crary/St Marys,08,Mansfield St & Florence St,ASSAULT,15,0.189873417721519,0.1335967830574
404,892ab2c1937ffff,111,42.4170358012199,-83.1570474709731,0.4502231510533245,Bagley,12,Wisconsin St & W McNichols Rd,ASSAULT,26,0.23423423423423423,0.13352603981491523
405,892ab2ce6b7ffff,118,42.4025346456698,-83.1596810713644,0.3248094349270752,Bethune Community,12,Fenkell St & Wyoming St,AGGRAVATED ASSAULT,19,0.16101694915254236,0.13350767802171973
406,892ab2c0d67ffff,102,42.4257242493476,-83.078204803253,0.6100661093081229,Cadillac Heights,11,Fleming St & E Nevada St,ASSAULT,23,0.22549019607843138,0.13347265545215947
407,892ab2c766bffff,108,42.4314181590371,-83.0553203206764,0.4954213053294487,Krainz Woods,11,E Robinwood St & Hasse St,ASSAULT,25,0.23148148148148148,0.13306476219803326
408,892ab2c7697ffff,89,42.4435223740964,-83.0306975586522,0.8307229434245496,Sherwood,11,Carrie St & Milbank St,ASSAULT,21,0.23595505617977527,0.13283439316213808
409,892ab2d5b23ffff,112,42.4371097485156,-82.9763920199573,0.41902531532703574,Franklin,09,Gratiot Ave & Pfent St,LARCENY,18,0.16071428571428573,0.13279469222720597
410,892ab2c5253ffff,107,42.3778572704267,-83.1151751267719,0.507856946189136,Dexter-Linwood,10,W Boston Blvd & Lawton St,ASSAULT,27,0.2523364485981308,0.13276667957364918
411,892ab2c75c3ffff,106,42.4310539109861,-82.9971369363097,0.5256047700484143,Von Steuben,09,Barlow St & Linnhurst St,ASSAULT,26,0.24528301886792453,0.13276006187172376
412,892ab2ce577ffff,104,42.3852680185102,-83.1278499209082,0.5606581294029997,Russell Woods,10,Sturtevant St & Dexter Ave,FRAUD,36,0.34615384615384615,0.1327225593174906
413,892ab2cf593ffff,89,42.4108432363222,-83.199042608578,0.8276551296118504,Crary/St Marys,08,Greenfield Rd & Florence St,ASSAULT,15,0.16853932584269662,0.1326660706259783
414,892ab2c5e57ffff,73,42.3424350396409,-83.0747825244567,1.1122743343684738,Core City,03,Cochrane St & Magnolia St,AGGRAVATED ASSAULT,17,0.2328767123287671,0.13259607184519434
415,892ab2c5137ffff,91,42.3538828338823,-83.0476122830345,0.7904435917986549,Forest Park,07,N I 75 Service Drive & Leland St,LARCENY,22,0.24175824175824176,0.1325851598429565
416,892ab2cc297ffff,118,42.3469484457466,-83.2257844379027,0.3075061382253079,Warrendale,06,Artesian St & Sawyer St,ASSAULT,36,0.3050847457627119,0.13255829355363052
417,892ab2c760fffff,89,42.4360718906193,-83.0450013575243,0.8254580869190041,Farwell,11,Emery St & Gable St,ASSAULT,19,0.21348314606741572,0.13254552491470328
418,892ab2c5ccfffff,87,42.3479393542487,-83.0415186929523,0.8577635458939527,Eastern Market,07,Russell St & Alfred St,LARCENY,35,0.40229885057471265,0.13235725259761813
419,892ab2ce443ffff,105,42.4097313038081,-83.1578262633684,0.5352524745139059,Fitzgerald/Marygrove,12,Puritan St & Kentucky St,ASSAULT,27,0.2571428571428571,0.13230901281809274
420,892ab2c192bffff,114,42.4168189049853,-83.1646443434768,0.37359948906710133,Schulze,12,Griggs St & W McNichols Rd,LARCENY,21,0.18421052631578946,0.13226308594943822
421,892ab2c0d07ffff,104,42.4329436974825,-83.0700516457762,0.5459430807522753,Pershing,11,Mitchell St & E 7 Mile Rd,ASSAULT,21,0.20192307692307693,0.13191518492653143
422,892ab2c63c7ffff,93,42.3955252926581,-82.9544788092069,0.7398803324799754,Fox Creek,05,E Forest Ave & Alter Rd,ASSAULT,15,0.16129032258064516,0.1317716766930594
423,892ab2cab7bffff,65,42.4276297665924,-83.2858459096261,1.2379758995732049,Five Points,08,Grand River Ave & Albert St,DAMAGE TO PROPERTY,10,0.15384615384615385,0.13164983497157554
424,892ab2c1827ffff,74,42.4311756442759,-83.1782397989867,1.0735074583101074,Greenwich,12,Hartwell St & Cambridge Ave,DAMAGE TO PROPERTY,14,0.1891891891891892,0.13144943175840418
425,892ab2c669bffff,108,42.436474431671,-82.95699046144524,0.46569869887392784,Regent Park,09,Maddelein St & Redmond St,ASSAULT,22,0.2037037037037037,0.13143396424049045
426,892ab2c4297ffff,37,42.3702448852106,-83.0119978826997,1.7337231225934533,Gratiot-Grand,07,Baldwin St & E Canfield St,AGGRAVATED ASSAULT,6,0.16216216216216217,0.13139914604674982
427,892ab2c196fffff,81,42.4166373901248,-83.1745827430334,0.9463937542673895,Harmony Village,12,Ward St & W McNichols Rd,LARCENY,19,0.2345679012345679,0.1313377962872702
428,892ab2c199bffff,104,42.4331649999032,-83.1610273486023,0.5327440240165692,Bagley,12,Cambridge Ave & Wyoming St,FRAUD,50,0.4807692307692308,0.1311909888571762
429,892ab2c19a7ffff,98,42.420743648168,-83.1502616519103,0.6363806275887243,Bagley,12,Santa Clara St & Roselawn St,DAMAGE TO PROPERTY,18,0.1836734693877551,0.1309948923244027
430,892ab2cf4a7ffff,113,42.4139348824817,-83.2120095938816,0.36635697031454384,Crary/St Marys,08,Grove St & Ferguson St,LARCENY,19,0.168141592920354,0.13088531663768796
431,892ab2c46c3ffff,28,42.3908713599402,-83.0199252911857,1.884824665943831,Airport Sub,07,Maxwell St & Curt St,ASSAULT,8,0.2857142857142857,0.13086614420517378
432,892ab2c7443ffff,83,42.4436407046554,-83.0245840433821,0.9008294099884747,Sherwood,11,Milbank St & Stotter St,ASSAULT,14,0.1686746987951807,0.13079858990542767
433,892ab2c18a7ffff,52,42.4384726231995,-83.1688013929237,1.4545074413098926,McDowell,12,Pembroke Ave & Monte Vista St,LARCENY,9,0.17307692307692307,0.13078522919457858
434,892ab2ce007ffff,76,42.3861840633472,-83.1529576768803,1.0252910588563908,Davison-Schoolcraft,10,W Davison St & Northlawn St,ASSAULT,19,0.25,0.13076471437742265
435,892ab2c08bbffff,84,42.4324326970702,-83.0962504766878,0.8812587463183115,Nolan,11,E 7 Mile Rd & Omira St,AGGRAVATED ASSAULT,20,0.23809523809523808,0.13070519338265962
436,892ab2c1b5bffff,93,42.4266110532152,-83.2103944568826,0.7197581738599386,College Park,08,Margareta St & Ferguson St,DAMAGE TO PROPERTY,16,0.17204301075268819,0.13066762899697273
437,892ab2ce53bffff,95,42.3865621367842,-83.124434312089,0.683122528632404,Dexter-Linwood,10,Wildemere St & Leslie St,ASSAULT,23,0.24210526315789474,0.13061831586181755
438,892ab2ce04fffff,72,42.3858165045795,-83.1686112920769,1.0930474210529917,Northwest Community,02,Meyers Rd & W Davison St,ASSAULT,17,0.2361111111111111,0.13056075164856956
439,892ab2ce1a7ffff,82,42.3680392450879,-83.1232445016721,0.9107099360119897,Nardin Park,10,Joy Rd & Otsego St,ASSAULT,15,0.18292682926829268,0.1303603151326076
440,892ab2ce46fffff,55,42.3980247091787,-83.1543166634489,1.3896928825471693,Chalfonte,10,Cherrylawn St & Eaton St,ASSAULT,15,0.2727272727272727,0.13017020845859056
441,892ab2c625bffff,92,42.4110157426594,-82.9880388830389,0.7279630306287157,Eden Gardens,09,Roseberry St & Kilbourne Ave,ASSAULT,32,0.34782608695652173,0.1301374148445349
442,892ab2c083bffff,100,42.4261490896668,-83.1021196594498,0.5842382803625185,Grixdale Farms,12,John R St & W Savannah St,ASSAULT,14,0.14,0.13009476894871558
443,892ab2ce507ffff,115,42.3883520233292,-83.1222682134315,0.31517822988557126,Dexter-Linwood,10,Fullerton St & Lawton St,ASSAULT,28,0.24347826086956523,0.13003806372607515
444,892ab2c74a7ffff,111,42.438240778076,-82.9974239032445,0.38656575510894114,Pulaski,09,Barlow St & Pinewood St,ASSAULT,24,0.21621621621621623,0.130033332960826
445,892ab2c60afffff,93,42.4056958522177,-82.9330926440737,0.7070816358074975,East English Village,05,Bishop St & E Warren Ave,LARCENY,20,0.21505376344086022,0.12997210209573776
446,892ab2c5147ffff,92,42.359019192815,-83.0650151402867,0.7249384935314902,Cultural Center,03,Putnam St & Woodward Ave,FRAUD,23,0.25,0.1299714667831477
447,892ab2d5b1bffff,115,42.4476055605969,-82.9831495976862,0.31371622708752195,Mohican Regent,09,Collingham Dr & Reno St,ASSAULT,21,0.1826086956521739,0.12995784763935514
448,892ab2ce22fffff,96,42.3728971810702,-83.1852935989305,0.6505473248342277,Plymouth-Hubbell,02,Plymouth Rd & Mark Twain St,LARCENY,32,0.3333333333333333,0.12981139586286028
449,892ab2d5b07ffff,102,42.4423451834553,-82.9780689388872,0.5395042365644358,Franklin,09,Anvil St & Rossini Dr,AGGRAVATED ASSAULT,13,0.12745098039215685,0.12960111887870976
450,892ab2c1b67ffff,111,42.4141415678109,-83.1992354719245,0.37865603501756984,Crary/St Marys,08,Greenfield Rd & Verne St,ASSAULT,28,0.25225225225225223,0.12959934829702988
451,892ab2c0837ffff,20,42.4248550830985,-83.0956624080839,2.0044713488940125,Greenfield Park,11,Brush St & E Montana St,LARCENY,6,0.3,0.12958769253644073
452,892ab2c8dbbffff,65,42.4120420491261,-83.2782095501445,1.2001518876300112,South of Six,08,Telegraph Rd & Grove St,ASSAULT,16,0.24615384615384617,0.1295745350978803
453,892ab2ca9abffff,81,42.4332437700775,-83.238976617544,0.9129562642717463,O'Hair Park,08,Evergreen Rd & Votrobeck Ct,ASSAULT,21,0.25925925925925924,0.1295031728510027
454,892ab2ce673ffff,113,42.4020365627874,-83.1812382609247,0.33716433778036126,Bethune Community,02,Fenkell St & Lesure St,FRAUD,39,0.34513274336283184,0.12928359689674646
455,892ab2ca96bffff,111,42.4291291331714,-83.2582882543155,0.37237289532303225,Berg-Lahser,08,Lahser Rd & W 7 Mile Rd,ASSAULT,20,0.18018018018018017,0.12925460964175273
456,892ab2ce4c3ffff,120,42.4171251690682,-83.1491035149803,0.21130940159990896,Bagley,12,Woodingham Dr & W McNichols Rd,FRAUD,44,0.36666666666666664,0.12924102656839784
457,892ab2c406bffff,59,42.3593774380462,-83.0061434650664,1.3001095222703496,Islandview,07,E Vernor Hwy & Sheridan St,ASSAULT,17,0.288135593220339,0.12917658362251125
458,892ab2cab17ffff,86,42.433305536663,-83.2742132886745,0.8173522529418472,Seven Mile-Rouge,08,Verdun St & Appleton St,DAMAGE TO PROPERTY,19,0.22093023255813954,0.1291596035488815
459,892ab2cc433ffff,77,42.3582544600441,-83.1915882843241,0.9778561439966144,We Care Community,02,Coyle St & Joy Rd,ASSAULT,20,0.2597402597402597,0.1291424827574877
460,892ab2c436bffff,95,42.3402966294279,-83.0165731909953,0.6551911610039273,Rivertown,07,Saint Maron St & E Larned St,LARCENY,29,0.30526315789473685,0.1290857982695915
461,892ab2ce9b7ffff,59,42.3155392396817,-83.0907213644704,1.2969836915039858,Hubbard Farms,04,Fairbanks St & Scotten St,ASSAULT,26,0.4406779661016949,0.12900507785510695
462,892ab2c719bffff,67,42.4123794651983,-82.998094839867,1.15223739109632,Gratiot-Findlay,09,Saint Patrick St & Gunston St,ASSAULT,13,0.19402985074626866,0.12890638230271634
463,892ab2c602fffff,108,42.3996173459354,-82.9397305702149,0.4193739262742128,Morningside,05,Cornwall St & Devonshire Rd,ASSAULT,25,0.23148148148148148,0.1288922509270129
464,892ab2cf0d3ffff,61,42.4093421916438,-83.2397580521955,1.2583314731201278,Miller Grove,08,Grand River Ave & Heyden St,ASSAULT,14,0.22950819672131148,0.1288451208775455
465,892ab2cf56bffff,78,42.393903579706,-83.2179107684057,0.9530743509430217,Grandmont,08,Lyndon St & N M 39,ASSAULT,15,0.19230769230769232,0.1287631658472292
466,892ab2ce54bffff,130,42.3924332084077,-83.1397130917558,0.01976669414481906,Oakman Blvd Community,10,Kendall St & Livernois Ave,FRAUD,58,0.4461538461538462,0.128535524726685
467,892ab2c6397ffff,107,42.3963551444023,-82.9415234312108,0.42844379120723153,Morningside,05,Haverhill St & Waveney St,ASSAULT,20,0.18691588785046728,0.12840949740187954
468,892ab2cf327ffff,89,42.3686761376058,-83.2398237177832,0.7488622660816912,Franklin Park,06,Heyden St & Heyden Ct,ASSAULT,25,0.2808988764044944,0.12834292214617646
469,892ab2cec93ffff,78,42.3637123168198,-83.1077158690244,0.9429817601843152,Wildemere Park,10,Lawton St & Montgomery St,ASSAULT,21,0.2692307692307692,0.12820941305235756
470,892ab2c74b3ffff,73,42.4436362188647,-82.9988041895783,1.0311027992088782,Conner Creek,09,Fairmount Dr & Strasburg St,DAMAGE TO PROPERTY,11,0.1506849315068493,0.12814241217214453
471,892ab2c1b27ffff,71,42.4115419193359,-83.1881965210828,1.0664111426465717,Hubbell-Puritan,02,Florence St & Mark Twain St,ASSAULT,19,0.2676056338028169,0.12811889989573444
472,892ab2ce067ffff,108,42.3780526204562,-83.1620600151685,0.4037208057728783,Grand River-I96,02,Grand River Ave & Griggs St,FRAUD,28,0.25925925925925924,0.12803340710451877
473,892ab2ce213ffff,106,42.3877023732791,-83.1860197487917,0.4388658829115064,Hubbell-Lyndon,02,Grand River Ave & Strathmoor St,LARCENY,19,0.1792452830188679,0.12800093685373154
474,892ab2ce697ffff,88,42.4120651376115,-83.164440667717,0.7598701463741431,Fitzgerald/Marygrove,12,Florence St & Mendota St,DAMAGE TO PROPERTY,20,0.22727272727272727,0.12796650221243186
475,892ab2c61c3ffff,119,42.4013216575509,-82.9275442659455,0.1998784912128936,East English Village,05,Munich St & Cadieux Rd,ASSAULT,26,0.2184873949579832,0.12763345168649728
476,892ab2c46a3ffff,24,42.3824763445295,-83.0030946485832,1.8967617071383103,Gratiot Woods,07,Holcomb Ave & Moffat St,DAMAGE TO PROPERTY,5,0.20833333333333334,0.12759952831304877
477,892ab21b607ffff,27,42.2947017684597,-83.1158340017559,1.8412068585914796,Delray,04,S Westend St & South St,LARCENY,7,0.25925925925925924,0.12749256249916574
478,892ab2c0983ffff,38,42.4210002570639,-83.0762557391311,1.6445488931869592,Cadillac Heights,11,Stender St & Mackay St,ASSAULT,10,0.2631578947368421,0.1274867926296606
479,892ab2ce6a7ffff,117,42.4002274011494,-83.1606258232741,0.22962203835696768,Bethune Community,02,Desoto St & Wyoming St,FRAUD,23,0.19658119658119658,0.12730461428850484
480,892ab2ce34fffff,91,42.3658008711804,-83.1777275232265,0.6934335862349402,Plymouth-Hubbell,02,W Chicago St & Schaefer Hwy,ASSAULT,19,0.2087912087912088,0.1272624867062223
481,892ab2cf533ffff,107,42.3966966427414,-83.1985202854744,0.40623721817385644,Grand River-St Marys,08,Greenfield Rd & Eaton St,ASSAULT,22,0.205607476635514,0.127191083599542
482,892ab2c657bffff,108,42.4095378597123,-82.9212869353593,0.3875721428951954,Cornerstone Village,05,E Warren Ave & Lodewyck St,FRAUD,32,0.2962962962962963,0.1271473742299328
483,892ab2cf4d7ffff,90,42.4267486262273,-83.2253105466411,0.7080763107336238,Evergreen-Outer Drive,08,Faust Ave & Margareta St,ASSAULT,25,0.2777777777777778,0.12708550071230998
484,892ab2c6357ffff,95,42.3934069439139,-82.959058988579,0.6176888522414408,Fox Creek,05,E Forest Ave & Lakewood St,RUNAWAY,46,0.4842105263157895,0.12702814936775222
485,892ab2cf663ffff,78,42.4078861393589,-83.2646733951597,0.9196723401305048,Riverdale,08,Puritan St & Bramell St,AGGRAVATED ASSAULT,19,0.24358974358974358,0.12693048905650453
486,892ab2cf5a3ffff,84,42.3994352732033,-83.1949253350549,0.8123824495321633,Hubbell-Lyndon,02,Chalfonte St & Sussex St,ASSAULT,22,0.2619047619047619,0.12692613974245978
487,892ab2c19a3ffff,97,42.4242514428749,-83.152776308851,0.5791472207815699,Bagley,12,Thatcher St & Roselawn St,LARCENY,20,0.20618556701030927,0.1268742599916321
488,892ab2c08a3ffff,60,42.4301887541201,-83.0913136784727,1.239773110114522,Hawthorne Park,11,E Robinwood St & Cardoni St,ASSAULT,12,0.2,0.1268464822041745
489,892ab2c419bffff,27,42.3597689950332,-82.9703354658928,1.829315029596602,Marina District,05,Fairview St & Freud St,LARCENY,14,0.5185185185185185,0.12684009043332198
490,892ab2c75d3ffff,93,42.4347392287076,-82.9948483886751,0.6499153556129711,Pulaski,09,Goulburn St & E 7 Mile Rd,ASSAULT,14,0.15053763440860216,0.1268355449730956
491,892ab21b6cbffff,109,42.3037626551208,-83.1282502071747,0.3610625539944223,Springwells,04,Lawndale St & Homer St,ASSAULT,34,0.3119266055045872,0.12667325789678893
492,892ab2d5b5bffff,56,42.4473973143426,-82.9966219251616,1.3074964604377661,Conner Creek,09,Barlow St & E 8 Mile Rd,ASSAULT,12,0.21428571428571427,0.12664070820430365
493,892ab2d5b43ffff,101,42.4456739782067,-82.9928220948334,0.5031100009461389,Conner Creek,09,Fairport St & Bringard Dr,ASSAULT,22,0.21782178217821782,0.12662387475661077
494,892ab2c5c97ffff,109,42.3482826472385,-83.0238570922205,0.3586078334581868,Elmwood Park,07,Prince Hall Dr & Campau Farms Cir,ASSAULT,23,0.21100917431192662,0.12653857410844682
495,892ab2c668bffff,121,42.4331344510176,-82.9581638034134,0.143819312037672,Mapleridge,09,Saratoga St & Rex St,DAMAGE TO PROPERTY,24,0.19834710743801653,0.12651842247635542
496,892ab2c438bffff,51,42.3517418390506,-83.0024335428796,1.3939576060708452,Islandview,07,E Lafayette St & Field St,ASSAULT,11,0.21568627450980393,0.1264826335228538
497,892ab2ce4cfffff,109,42.4139562584393,-83.1510644480311,0.3574569340189858,Fitzgerald/Marygrove,12,Greenlawn St & Marygrove Dr,ASSAULT,28,0.25688073394495414,0.12647542741040757
498,892ab2c53c7ffff,29,42.3629239874731,-83.0876015444785,1.7866250163845911,Elijah McCoy,03,Hecla St & Ferry Park St,LARCENY,7,0.2413793103448276,0.12645859071964205
499,892ab2c510fffff,76,42.3587446980601,-83.0564789099051,0.9445511304859714,Medical Center,03,E Hancock St & Saint Antoine St,ASSAULT,19,0.25,0.12633473578602036
500,892ab2c6e5bffff,88,42.3783033504452,-82.9490490944446,0.7296308181898195,Riverbend,05,Lakewood St & Kercheval St,FRAUD,19,0.2159090909090909,0.1263073531497728
501,892ab2cc2bbffff,121,42.3432297256339,-83.2292879588762,0.13996067102571477,Warrendale,06,W Warren Ave & Grandville Ave,FRAUD,31,0.256198347107438,0.12630670941913724
502,892ab2c663bffff,74,42.4220963726265,-82.9597505208086,0.9778885452198459,Denby,09,Riad St & Yorkshire Rd,ASSAULT,16,0.21621621621621623,0.1262030840532184
503,892ab2d5bbbffff,109,42.4452707253385,-82.9715653280787,0.35218032751557443,Mohican Regent,09,Gratiot Ave & Mohican St,ASSAULT,19,0.1743119266055046,0.12618591447279232
504,892ab2c1dafffff,80,42.4413085542549,-83.1440137144529,0.869902791046574,Garden Homes,12,Stoepel St & Chippewa St,ASSAULT,18,0.225,0.12616055461192188
505,892ab2c523bffff,112,42.3680554493532,-83.1051602595775,0.2977687073629078,Virginia Park Community,10,Linwood St & W Euclid St,ASSAULT,23,0.20535714285714285,0.12614167446773084
506,892ab2cee1bffff,114,42.3542970628709,-83.1497617033711,0.26170697994459885,Barton-McFarland,02,Greenlawn St & Belton St,ASSAULT,28,0.24561403508771928,0.12612385062987141
507,892ab2ce567ffff,96,42.3825737288243,-83.1311806393293,0.5822821341462728,Russell Woods,10,Cortland St & Petoskey Ave,ASSAULT,22,0.22916666666666666,0.1260658719394525
508,892ab2ce04bffff,72,42.3882289797545,-83.17151822446749,1.0104230399541965,Happy Homes,02,Appoline St & Schoolcraft St,ASSAULT,18,0.25,0.12602737830054928
509,892ab2c089bffff,66,42.4396605928468,-83.0982576057865,1.1170012470132824,Nolan,11,Irvington St & E State Fair St,FRAUD,15,0.22727272727272727,0.12599267948925644
510,892ab2c668fffff,98,42.430842521998,-82.9559304686626,0.5449039503168662,Mapleridge,09,Casino St & Kelly Rd,ASSAULT,14,0.14285714285714285,0.12597581774623628
511,892ab2cc427ffff,101,42.3535509621825,-83.190388816671,0.49035827621718003,Fiskhorn,02,Belton St & Lauder St,ASSAULT,22,0.21782178217821782,0.12592422256849414
512,892ab2c640fffff,71,42.4272904684857,-82.9343654751145,1.0222649409863322,Moross-Morang,09,Peerless St & McCormick St,ASSAULT,15,0.2112676056338028,0.12569671879904873
513,892ab2ce0a3ffff,95,42.3863388429212,-83.1453397575822,0.5932460432707216,Oakman Blvd Community,10,Ewald Cir & W Davison St,ASSAULT,19,0.2,0.1256870394282283
514,892ab2c5333ffff,92,42.3521213474691,-83.079335365889,0.6456944835191084,Woodbridge,03,Trumbull St & W Warren Ave,LARCENY,17,0.18478260869565216,0.12562356513229195
515,892ab2ca97bffff,76,42.4327980356253,-83.2560009368137,0.9251184595602705,Evergreen Lahser 7/8,08,Chapel St & Vassar Ave,ASSAULT,22,0.2894736842105263,0.12526851839009112
516,892ab2c760bffff,102,42.4383723323829,-83.0471061283098,0.4567520450064786,Farwell,11,Emery St & Caldwell St,ASSAULT,29,0.28431372549019607,0.12506073292107645
517,892ab2c53cfffff,88,42.362575674748,-83.0938448650044,0.704741578416643,Elijah McCoy,03,W Grand Blvd & Hanover St,ASSAULT,19,0.2159090909090909,0.12494174877561971
518,892ab2c7573ffff,82,42.4213739335655,-82.9988677206374,0.8117289565969799,Von Steuben,09,Strasburg St & E McNichols Rd,ASSAULT,24,0.2926829268292683,0.1249295000623632
519,892ab2cc0d7ffff,73,42.3525705286139,-83.2065315032705,0.9720081319776279,Garden View,06,Belton St & Asbury Park,ASSAULT,24,0.3287671232876712,0.12490004973779299
520,892ab2cc6bbffff,71,42.3631725455504,-83.2190515301942,1.0069098943013741,Franklin Park,06,Westfield St & Rosemont Ave,ASSAULT,17,0.23943661971830985,0.12485422946994909
521,892ab2c7477ffff,110,42.4341735199886,-83.014464035035,0.3096650913128414,Mount Olivet,09,E 7 Mile Rd & E Outer Dr,FRAUD,24,0.21818181818181817,0.12483361213774959
522,892ab2ce4dbffff,97,42.4170853640594,-83.1523553700298,0.5410966012472411,Bagley,12,W McNichols Rd & Northlawn St,ASSAULT,19,0.1958762886597938,0.12478652678045889
523,892ab2c1d4fffff,73,42.4431561189474,-83.1668253240704,0.9677390489656016,Pembroke,12,Norfolk St & Mendota St,ASSAULT,18,0.2465753424657534,0.12466581685290076
524,892ab2d590bffff,69,42.447378651939,-82.9561101452402,1.0356227308832686,Regent Park,09,Bringard Dr & Redmond St,ASSAULT,13,0.18840579710144928,0.1244688398082063
525,892ab2ce407ffff,92,42.4057668384518,-83.140395530655,0.6234531773103995,Fitzgerald/Marygrove,12,Hughes St & Livernois Ave,ASSAULT,19,0.20652173913043478,0.12440324561581464
526,892ab2c0d2bffff,89,42.4257915747317,-83.0737923178453,0.6750591953746523,Northeast Central District,11,E Grixdale St & Brinker St,ASSAULT,22,0.24719101123595505,0.12429354992340254
527,892ab2ce30bffff,98,42.365932674055,-83.1716007035622,0.5129180689809093,Barton-McFarland,02,W Chicago St & Ward St,ASSAULT,23,0.23469387755102042,0.12422084009880333
528,892ab2ce663ffff,115,42.3997783405211,-83.183293035967,0.20427381517392765,Bethune Community,02,Chalfonte St & Stansbury St,ASSAULT,29,0.25217391304347825,0.12395304243883083
529,892ab2cc013ffff,99,42.3459133532414,-83.206995393611,0.4887491510332315,Warren Ave Community,06,Grandmont Ave & Majestic St,ASSAULT,27,0.2727272727272727,0.12387514996594241
530,892ab2c5e23ffff,86,42.3316234554005,-83.0637023145964,0.7209188606069494,Corktown,03,Michigan Ave & Brooklyn St,LARCENY,53,0.6162790697674418,0.1238685675997289
531,892ab2c5ec3ffff,85,42.3475815727285,-83.0711294783581,0.736416979305586,Jeffries,03,Miracles Blvd & Four Tops Dr,DAMAGE TO PROPERTY,20,0.23529411764705882,0.12373851474124885
532,892ab2cab77ffff,79,42.4250310322967,-83.2789653900099,0.8430731724863026,Five Points,08,Grand River Ave & Woodbine St,LARCENY,25,0.31645569620253167,0.12370809481471878
533,892ab2c091bffff,69,42.4182522924941,-83.0859121149747,1.0214557157890953,North Campau,11,Riopelle St & E McNichols Rd,FRAUD,22,0.3188405797101449,0.12369153451653782
534,892ab2ce047ffff,71,42.3859606395624,-83.1654225700909,0.9851466941889577,Northwest Community,02,Monte Vista St & W Davison St,ASSAULT,19,0.2676056338028169,0.12366014232466335
535,892ab2ce02bffff,78,42.3807762386857,-83.1567641318329,0.8588343882995975,Littlefield Community,02,Fullerton St & Wisconsin St,ASSAULT,22,0.28205128205128205,0.12359247737386816
536,892ab2c7603ffff,109,42.4384549401626,-83.0437960762048,0.30379588413193476,Farwell,11,E Lantz St & Mound Rd,FRAUD,39,0.3577981651376147,0.12353119266819669
537,892ab2c7223ffff,16,42.410985809342,-83.0493467297476,1.9638932480091156,Buffalo Charles,11,Moenart St & Garvin St,BURGLARY,6,0.375,0.12343971472300247
538,892ab2c53cbffff,53,42.3642436782337,-83.095342812414,1.2975386129825028,LaSalle Gardens,10,Lothrop St & 14th St,DAMAGE TO PROPERTY,10,0.18867924528301888,0.12315317193462216
539,892ab2ce653ffff,105,42.409203546705,-83.1848363274634,0.3682998044513359,Hubbell-Puritan,02,Puritan St & Cruse St,ASSAULT,26,0.24761904761904763,0.12314877736728197
540,892ab2c0953ffff,23,42.4180932070032,-83.0942857896027,1.8333703249980615,Greenfield Park,11,Oakland St & E McNichols Rd,AGGRAVATED ASSAULT,3,0.13043478260869565,0.1231410247504842
541,892ab2c1a47ffff,66,42.4388722297808,-83.2234720227912,1.0636350359896234,O'Hair Park,08,Fargo St & Rosemont Ave,ASSAULT,11,0.16666666666666666,0.1230646217474356
542,892ab2c4287ffff,36,42.3666755787392,-83.01530840206556,1.5996764485605968,Gratiot-Grand,07,Sylvester St & Helen St,ASSAULT,11,0.3055555555555556,0.12306398025806159
543,892ab2ce387ffff,89,42.3714617296639,-83.1584468024178,0.6513743063218597,Barton-McFarland,02,Aurora St & Wyoming St,ASSAULT,23,0.25842696629213485,0.12299402497259701
544,892ab2ce003ffff,95,42.3885714029255,-83.1560700728826,0.5428801211016744,Davison-Schoolcraft,10,Indiana St & Schoolcraft St,ASSAULT,33,0.3473684210526316,0.12292359931317785
545,892ab2c70d7ffff,75,42.428845120387,-83.0240547181178,0.8993930572053747,Mount Olivet,11,Van Dyke St & Stockton St,LARCENY,20,0.26666666666666666,0.12287664390982876
546,892ab2c6003ffff,96,42.41057627373365,-82.9433499599512,0.5229155526168555,Morningside,05,Audubon Rd & Harper Ave,FRAUD,30,0.3125,0.12280859031277706
547,892ab2cebabffff,84,42.31102530000885,-83.1310120661393,0.7366224433663139,Springwells,04,W Vernor Hwy & Pearl St,ASSAULT,15,0.17857142857142858,0.12276939583429725
548,892ab2cf63bffff,22,42.4112235119155,-83.2554646736006,1.8428435528115243,Miller Grove,08,Greydale Ave & Verne St,BURGLARY,5,0.22727272727272727,0.12268040264113234
549,892ab2cc5dbffff,45,42.3583807557264,-83.1860143709491,1.4314871303733727,We Care Community,02,Joy Rd & Strathmoor St,DAMAGE TO PROPERTY,10,0.2222222222222222,0.12265942272561091
550,892ab2c6047ffff,91,42.409116137508,-82.9512547759128,0.6090414832735414,Outer Drive-Hayes,09,Harper Ave & Berkshire St,DAMAGE TO PROPERTY,16,0.17582417582417584,0.12263212330427278
551,892ab2ce247ffff,77,42.3838425648538,-83.1945361238343,0.857776449212283,Schoolcraft Southfield,02,Sussex & Glendale St,ASSAULT,23,0.2987012987012987,0.12255403899870423
552,892ab2c4203ffff,90,42.3645717624597,-83.02403530229844,0.6254001367462376,McDougall-Hunt,07,Gratiot Ave & Mount Elliott St,ASSAULT,17,0.18888888888888888,0.12254928563043783
553,892ab2ce503ffff,125,42.391993192624,-83.1248397452936,-0.010295237995219043,Dexter-Linwood,10,W Davison St & Lawton St,FRAUD,36,0.288,0.12254901960784315
554,892ab2c1d7bffff,76,42.4408727564128,-83.1645725081451,0.8735799987229808,Pembroke,12,Ilene St & Chippewa St,ASSAULT,18,0.23684210526315788,0.1224407442918091
555,892ab2cf547ffff,84,42.3999516126962,-83.2161837841832,0.7306160524100376,Grand River-St Marys,08,Grand River Ave & Archdale St,LARCENY,17,0.20238095238095238,0.12243984162382256
556,892ab2c5edbffff,91,42.3514528105403,-83.072638210402,0.6052658534815784,Jeffries,03,S M 10 Service Drive & W Forest Ave,ASSAULT,27,0.2967032967032967,0.12242496484519264
557,892ab2cf267ffff,75,42.385412756057,-83.2733266108855,0.8910762586727146,Castle Rouge,06,Riverview St & Schoolcraft St,ASSAULT,22,0.29333333333333333,0.12242032396761057
558,892ab2cee07ffff,89,42.3471982958454,-83.1439132439922,0.6395664408993353,Midwest,02,American St & Majestic St,ASSAULT,21,0.23595505617977527,0.12234615975785518
559,892ab2cf02fffff,59,42.3863436013054,-83.2344128538528,1.1739370717921251,Westwood Park,08,Schoolcraft St & Auburn St,BURGLARY,15,0.2542372881355932,0.1222538470567939
560,892ab2c52d3ffff,99,42.3844937818685,-83.1084589045825,0.45912300503860426,Dexter-Linwood,10,Lawrence St & 14th St,ASSAULT,24,0.24242424242424243,0.12224964452952639
561,892ab2cedbbffff,48,42.3382910245191,-83.0885019612931,1.3698391606254468,Core City,03,Martin Luther King Jr Blvd & Lawton St,ASSAULT,14,0.2916666666666667,0.12221814405041548
562,892ab2c756fffff,75,42.4153355146661,-82.99998677035,0.886482928091747,Gratiot-Findlay,09,Gunston St & Minden St,ASSAULT,17,0.22666666666666666,0.12216830050725319
563,892ab2ca9a3ffff,84,42.4332956350329,-83.234669030032,0.7222965798054587,O'Hair Park,08,Edinborough Rd & Vassar Ave,ASSAULT,31,0.36904761904761907,0.12198337496260683
564,892ab2c764fffff,93,42.4358546018224,-83.0560462046488,0.5560636267798692,Farwell,11,Eureka St & Emery St,ASSAULT,31,0.3333333333333333,0.12168615782490166
565,892ab2c7183ffff,64,42.4102234748426,-82.9957458532356,1.0706576905916867,Gratiot-Findlay,09,Glenfield Ave & Gratiot Ave,ASSAULT,17,0.265625,0.12148915124522633
566,892ab2ce353ffff,87,42.3730692687698,-83.1767603670827,0.6581163975083405,Pride Area Community,02,Plymouth Rd & Schaefer Hwy,ASSAULT,17,0.19540229885057472,0.12140316072469531
567,892ab2c0dbbffff,91,42.435691583633,-83.065263105213,0.5866129617381424,Pershing,11,Yonka St & Emery St,ASSAULT,26,0.2857142857142857,0.12140153179590793
568,892ab2ce15bffff,106,42.3738001687864,-83.1507428126821,0.3178452323159886,Littlefield Community,02,Roselawn St & Oakman Blvd,ASSAULT,21,0.19811320754716982,0.12136086542840017
569,892ab2c0da3ffff,85,42.4331387024329,-83.0631068280165,0.6928036250179522,Farwell,11,Ryan Rd & E 7 Mile Rd,AGGRAVATED ASSAULT,12,0.1411764705882353,0.12134556951956041
570,892ab2c70dbffff,84,42.4320192261919,-83.0304204806663,0.7083563224349104,Grant,11,E Robinwood St & Carrie St,DAMAGE TO PROPERTY,22,0.2619047619047619,0.1212185112457746
571,892ab2c51abffff,61,42.3578459032704,-83.048119075588,1.1177527095475008,Forest Park,07,Russell St & E Canfield St,ASSAULT,18,0.29508196721311475,0.12113194939471439
572,892ab2ce6cbffff,82,42.4116755744653,-83.1838575081992,0.7404834657091385,Harmony Village,02,Florence St & Stansbury St,ASSAULT,17,0.2073170731707317,0.12102045523488826
573,892ab2c6693ffff,105,42.4363474937088,-82.9523329510953,0.3286495053867279,Regent Park,09,Boulder St & Coram St,ASSAULT,15,0.14285714285714285,0.12097327412441229
574,892ab2c627bffff,72,42.4036913884906,-82.9840349873281,0.915983847536767,Wade,09,Roseberry St & Elmdale St,ASSAULT,14,0.19444444444444445,0.1208457586355037
575,892ab2ce393ffff,78,42.3766854020346,-83.1586787464286,0.807871318473943,Littlefield Community,02,Grand River Ave & Indiana St,BURGLARY,11,0.14102564102564102,0.12079627340346058
576,892ab2cecd3ffff,76,42.3652106754965,-83.1197194356673,0.842871263561271,Petoskey-Otsego,10,Dumbarton Ave & Gladstone St,DAMAGE TO PROPERTY,18,0.23684210526315788,0.12075584015477175
577,892ab2c1bbbffff,86,42.4235885693522,-83.1862150851558,0.6622464475770568,Winship,12,Curtis St & Freeland St,ASSAULT,20,0.23255813953488372,0.12064937309616325
578,892ab2c0e6bffff,45,42.4415838023695,-83.1363946473713,1.3924108810647509,Green Acres,12,Briarcliff Rd & Bloomfield Rd,STOLEN VEHICLE,9,0.2,0.12051541601959412
579,892ab2c409bffff,78,42.3755734706788,-82.9894896401269,0.8018142970171116,West End,05,Bewick St & Emmons St,DAMAGE TO PROPERTY,17,0.21794871794871795,0.12046394123617991
580,892ab2c661bffff,97,42.4293006823087,-82.9629053999059,0.460868462085124,Mapleridge,09,Brock St & Mapleridge St,ASSAULT,22,0.2268041237113402,0.12038462866029119
581,892ab2ce563ffff,98,42.3851961020649,-83.1334380518154,0.44174139647474314,Russell Woods,10,W Buena Vista St & Petoskey Ave,DAMAGE TO PROPERTY,23,0.23469387755102042,0.12031557114732516
582,892ab2c0d4fffff,96,42.4327853935599,-83.0865441192809,0.47553787874794384,Nolan,11,Riopelle St & E 7 Mile Rd,FRAUD,22,0.22916666666666666,0.12020910719227168
583,892ab2c0bd3ffff,83,42.4224902750876,-83.1180321429702,0.7056894562193607,Palmer Park,12,Manderson Rd & Covington Dr,LARCENY,19,0.2289156626506024,0.12009179544855862
584,892ab2ce4a3ffff,83,42.4064204172021,-83.1334945342005,0.7030363462483196,Pilgrim Village,12,Midland St & Wildemere St,ASSAULT,21,0.25301204819277107,0.11994622657564079
585,892ab2c6013ffff,100,42.413656609712,-82.9412550921562,0.3983574459576838,East English Village,05,Harper Ave & Yorkshire Rd,ASSAULT,15,0.15,0.11989599699554278
586,892ab2c19d3ffff,78,42.4349036881313,-83.1676742455558,0.7909401958813493,McDowell,12,Monte Vista St & Saint Martins Ave,FRAUD,14,0.1794871794871795,0.11986730910875015
587,892ab2c1b63ffff,98,42.4158615779446,-83.2034352546536,0.4332869763840101,College Park,08,W McNichols Rd & Rutherford St,ASSAULT,28,0.2857142857142857,0.11985170028738532
588,892ab2ce58bffff,114,42.3970912977938,-83.121572936883,0.1463966596101346,Oakman Blvd Community,10,Pasadena St & La Salle Blvd,ASSAULT,26,0.22807017543859648,0.11979708937606073
589,892ab2c62a3ffff,102,42.4061856614786,-82.9606767094067,0.3588002856761837,Outer Drive-Hayes,09,Wayburn St & Harper Ave,WEAPONS OFFENSES,22,0.21568627450980393,0.11968638833616876
590,892ab2c7407ffff,45,42.4399798385376,-83.00903745716,1.3764209815489736,Pulaski,09,Manning St & Teppert St,ASSAULT,10,0.2222222222222222,0.11963809405556425
591,892ab2c44c7ffff,70,42.3929511302013,-82.9832051697187,0.9272824490413344,Conner Creek Industrial,05,Chandler Park Dr & Shoemaker St,LARCENY,16,0.22857142857142856,0.1195048976210458
592,892ab2ce32fffff,61,42.3565408083283,-83.1640839676559,1.0867298965637762,Aviation Sub,02,Mendota St & Oakman Blvd,ASSAULT,14,0.22950819672131148,0.11942981266835426
593,892ab2cd197ffff,55,42.3441806958819,-83.2563715964909,1.1933849161523151,Far West Detroit,06,Majestic Ave & Dolphin St,ASSAULT,19,0.34545454545454546,0.11939932835003778
594,892ab2c0d53ffff,75,42.4401236305406,-83.0831050359763,0.8334648152965987,Nolan,11,E Outer Dr & E State Fair St,ASSAULT,15,0.2,0.11925934196122223
595,892ab2c6543ffff,86,42.4151506944146,-82.9245664732838,0.6361683632824763,Cornerstone Village,05,Marseilles St & Chandler Park Dr,ASSAULT,20,0.23255813953488372,0.11921854008130389
596,892ab2c7447ffff,92,42.4404087054923,-83.0195655267677,0.5284249109042513,Conner Creek,11,Kempa St & Sirron St,BURGLARY,22,0.2391304347826087,0.11918930507544201
597,892ab2c604bffff,104,42.4116115140593,-82.9579769205756,0.31234895603202817,Outer Drive-Hayes,09,Lakepointe St & Berkshire St,DAMAGE TO PROPERTY,19,0.18269230769230768,0.1190985154982343
598,892ab2cc04fffff,114,42.3433346385328,-83.2207891741072,0.13287008082583981,Warrendale,06,Faust Ave & W Warren Ave,ASSAULT,23,0.20175438596491227,0.11905492306951622
599,892ab2c0dcfffff,83,42.4401842950259,-83.0791858419499,0.6862632917469886,Nolan,11,Fleming St & E Outer Dr,AGGRAVATED ASSAULT,16,0.1927710843373494,0.11902593504389175
600,892ab2c0a6fffff,63,42.4189504332529,-83.1420061618903,1.0430547238683907,Bagley,12,Stoepel St & Santa Maria St,ASSAULT,13,0.20634920634920634,0.11899425995377938
601,892ab2ce413ffff,96,42.4098923639826,-83.1437757974678,0.4530731569932123,Fitzgerald/Marygrove,12,Puritan St & Santa Rosa Dr,ASSAULT,26,0.2708333333333333,0.11897652947708348
602,892ab2c1d3bffff,74,42.4410907113945,-83.1533167344575,0.8461401804664355,Garden Homes,12,Roselawn St & Chippewa St,ASSAULT,15,0.20270270270270271,0.1189744123527404
603,892ab2ce3bbffff,107,42.3692037362581,-83.1583474067359,0.2564247994826521,Barton-McFarland,02,Orangelawn St & Wyoming St,ASSAULT,24,0.22429906542056074,0.11897128676638825
604,892ab2c5e67ffff,57,42.3314132778459,-83.0701613569786,1.1486678720930494,Corktown,03,Cochrane St & Michigan Ave,LARCENY,21,0.3684210526315789,0.11890661100911087
605,892ab2c18b7ffff,83,42.4407671602346,-83.168889689005,0.6837433273087483,Pembroke,12,Monte Vista St & Chippewa St,ASSAULT,17,0.20481927710843373,0.11888767150145604
606,892ab2ce42fffff,54,42.3980950456697,-83.1445642181832,1.201926376782092,Chalfonte,10,Eaton St & Prairie St,ASSAULT,13,0.24074074074074073,0.11888758272894631
607,892ab2c5ed3ffff,90,42.3503568163042,-83.0693120864755,0.5577395303603544,Midtown,03,Prentis St & 3rd St,LARCENY,25,0.2777777777777778,0.11883693359074275
608,892ab2cab53ffff,38,42.4359903632204,-83.2863264332909,1.4863054170262462,Five Points,08,Pembroke Ave & Grandview St,ASSAULT,11,0.2894736842105263,0.11880440677956527
609,892ab2cd48fffff,27,42.3789349091438,-83.2733364490115,1.681789185782628,Castle Rouge,06,Riverview St & Fullerton St,DAMAGE TO PROPERTY,9,0.3333333333333333,0.1187457516970258
610,892ab2cf47bffff,84,42.4151002004461,-83.2381883493909,0.6592805036527312,Evergreen-Outer Drive,08,Evergreen Rd & W McNichols Rd,ASSAULT,14,0.16666666666666666,0.11852585556786538
611,892ab2d5b77ffff,94,42.4385803708893,-82.985256074095,0.4802949156672927,Franklin,09,Liberal St & Schoenherr St,AGGRAVATED ASSAULT,14,0.14893617021276595,0.118509328457032
612,892ab2c1aafffff,118,42.4339836420298,-83.2054543822479,0.05093900162196813,Greenfield,08,Mansfield St & Saint Martins Ave,ASSAULT,26,0.22033898305084745,0.11848115792383727
613,892ab2c08d7ffff,65,42.4395363922793,-83.1025813869395,0.9959742758003166,Nolan,11,John R St & W State Fair St,AGGRAVATED ASSAULT,10,0.15384615384615385,0.11837186911210544
614,892ab2cc283ffff,105,42.3468525586803,-83.2318604925294,0.2784522402597769,Warrendale,06,Sawyer St & Auburn St,ASSAULT,37,0.3523809523809524,0.11821908775903511
615,892ab2c50c7ffff,93,42.3822415615418,-83.0775567579879,0.491940387381575,North End,03,Holbrook St & Fraser Pl,DAMAGE TO PROPERTY,30,0.3225806451612903,0.11816789141720095
616,892ab2ce51bffff,98,42.3933511024952,-83.12864401823614,0.40215547026219206,Oakman Blvd Community,10,Pasadena St & Wildemere St,ASSAULT,22,0.22448979591836735,0.11814359986642568
617,892ab2ce617ffff,108,42.4040301368467,-83.1706250958638,0.2226186131250141,Bethune Community,12,Appoline St & Keeler Ave,ASSAULT,31,0.28703703703703703,0.11809682612806124
618,892ab2c095bffff,48,42.4187505766384,-83.0974143522104,1.2945522364335027,Greenfield Park,11,Edgevale St & Brush St,DANGEROUS DRUGS,22,0.4583333333333333,0.11808735685361842
619,892ab2c1837ffff,57,42.4347255673135,-83.1763195032578,1.133574894479844,Greenwich,12,Vassar Ave & Littlefield St,STOLEN VEHICLE,10,0.17543859649122806,0.11807850069174392
620,892ab2ce97bffff,40,42.312080677416105,-83.1184397563356,1.4340723970291918,Springwells,04,N Green St & Navy St,ASSAULT,10,0.25,0.11789930843744222
621,892ab2c5c27ffff,99,42.3334373989002,-83.0288266436515,0.37982324694661757,Rivertown,07,Franklin St & Riopelle St,LARCENY,27,0.2727272727272727,0.11789868413432758
622,892ab2cf4afffff,82,42.4138149302989,-83.2155918425009,0.6810647114411355,Crary/St Marys,08,Harlow St & Grove St,ASSAULT,18,0.21951219512195122,0.1177603110330328
623,892ab2c0b5bffff,45,42.4149311370243,-83.1303037365443,1.3419427368866395,Martin Park,12,Grove St & Lawton St,ASSAULT,18,0.4,0.11774636726305908
624,892ab2cc513ffff,87,42.3513316480872,-83.1771898055271,0.5908152533190931,Joy-Schaefer,02,Tireman Ave & Schaefer,FRAUD,16,0.1839080459770115,0.1177105313905767
625,892ab2c456bffff,84,42.363939556947,-82.9770286426273,0.643754292250309,East Village,05,E Jefferson Ave & Saint Clair St,ASSAULT,18,0.21428571428571427,0.11767397489981768
626,892ab2c73a3ffff,92,42.399977127843556,-83.0228903350614,0.49925720861988604,Airport Sub,11,Van Dyke St & Saint Cyril Ave,ASSAULT,16,0.17391304347826086,0.1175889531889834
627,892ab2c58cfffff,78,42.3291064374486,-83.0538581861174,0.7492739901460919,Downtown,03,W Lafayette Blvd & 2nd St,LARCENY,22,0.28205128205128205,0.11758119859171656
628,892ab2c6393ffff,88,42.3990928628077,-82.9447519609926,0.5701766121168929,Morningside,05,Cornwall St & Chatsworth St,ASSAULT,14,0.1590909090909091,0.11755853786755721
629,892ab2ce4afffff,92,42.4027801259517,-83.1355693366635,0.4980374236860313,Pilgrim Village,10,Fenkell St & Dexter Ave,ASSAULT,20,0.21739130434782608,0.11752202693264216
630,892ab2c190bffff,105,42.4240452453599,-83.1694545320906,0.26556438274791033,Schulze,12,Curtis St & Meyers Rd,ASSAULT,19,0.18095238095238095,0.11751196633820997
631,892ab2c70d3ffff,62,42.4310931001318,-83.0274318523694,1.03216215267756,Grant,11,Quinn St & Packard St,DAMAGE TO PROPERTY,11,0.1774193548387097,0.11741622226818485
632,892ab2c0d0fffff,97,42.4329288839593,-83.0739645010751,0.40673836067238006,Nolan,11,Brinker St & E 7 Mile Rd,ASSAULT,15,0.15463917525773196,0.11741465834636229
633,892ab2cd4a7ffff,48,42.3715358581904,-83.263199245126,1.2798946406124843,West Outer Drive,06,Bramell St & Elmira St,ASSAULT,8,0.16666666666666666,0.11728313474196828
634,892ab2c0ac3ffff,32,42.4365199823086,-83.1387772167571,1.5657168493835922,Sherwood Forest,12,Roslyn Rd & Chesterfield Rd,DAMAGE TO PROPERTY,7,0.21875,0.11727914149447001
635,892ab2c0987ffff,38,42.4186276876962,-83.07430137968831,1.458013250672906,Cadillac Heights,11,E McNichols Rd & Mackay St,ASSAULT,9,0.23684210526315788,0.11725209315012183
636,892ab2c52cfffff,90,42.3788651194682,-83.1123108566339,0.5288359031825995,Dexter-Linwood,10,Glynn Ct & Linwood St,ASSAULT,15,0.16666666666666666,0.11725107078165165
637,892ab2d5b57ffff,96,42.445757807206,-82.9880397678648,0.42071694023404843,Conner Creek,09,Bringard Dr & Pelkey St,ASSAULT,25,0.2604166666666667,0.11720123253993159
638,892ab2c751bffff,63,42.4274550025012,-82.9944645227602,1.0097348597812839,Von Steuben,09,Waltham St & Sauer St,AGGRAVATED ASSAULT,11,0.1746031746031746,0.11716609032874419
639,892ab2c76bbffff,66,42.438658991326,-83.0342071344274,0.9550394179810308,Nortown,11,E Lantz St & Sherwood St,LARCENY,31,0.4696969696969697,0.11710627780772981
640,892ab2cf297ffff,75,42.4021028306439,-83.2556669665532,0.7912998703268834,Brightmoor,08,Keeler St & Greydale St,ASSAULT,18,0.24,0.11694586698925373
641,892ab2cf51bffff,105,42.4031028660405,-83.2085720165899,0.2542327404519667,Crary/St Marys,08,Keeler St & Ferguson St,ASSAULT,23,0.21904761904761905,0.11689023018127215
642,892ab2c6387ffff,77,42.3945485844598,-82.9424692225198,0.7528896938085872,Morningside,05,Chatsworth St & Waveney St,ASSAULT,16,0.2077922077922078,0.11679919018550844
643,892ab2cd5dbffff,32,42.3667649794964,-83.2644231546673,1.5561998948515476,West Outer Drive,06,Orangelawn St & Beaverland St,ASSAULT,11,0.34375,0.11675697228174932
644,892ab2c420fffff,69,42.3606759461372,-83.0266860797358,0.8948106804148811,McDougall-Hunt,07,Saint Joseph St & Gratiot Ave,ASSAULT,14,0.2028985507246377,0.11674286851275792
645,892ab2cc647ffff,102,42.3593591928127,-83.235972455571,0.30479140972007024,Franklin Park,06,Dover St & Evergreen Rd,ASSAULT,28,0.27450980392156865,0.11672306933081103
646,892ab2c60cfffff,95,42.4153190155022,-82.9485330121146,0.4289187482218235,Yorkshire Woods,09,Balfour Rd & Whittier St,ASSAULT,24,0.25263157894736843,0.11667085110923575
647,892ab2c758bffff,101,42.4311947246087,-82.9898558628334,0.3206983925744622,Franklin,09,Joann St & Linnhurst St,RUNAWAY,20,0.19801980198019803,0.11661544972801186
648,892ab2ca94fffff,77,42.4345253938843,-83.2597475265934,0.7472976259348176,Berg-Lahser,08,Cooley St & Vassar Ave,ASSAULT,28,0.36363636363636365,0.11649236874706456
649,892ab2c401bffff,80,42.3701750412679,-82.9975490541296,0.6919504445390906,Gratiot Woods,07,Crane St & Mack Ave,ASSAULT,23,0.2875,0.1163967970606237
650,892ab2c5eabffff,106,42.3397305341267,-83.0600151952132,0.22614998153717863,Midtown,03,2nd St & Ledyard St,LARCENY,42,0.39622641509433965,0.11632979832093646
651,892ab2c0d9bffff,93,42.4426846604034,-83.0687836469078,0.45668506319225344,Farwell,11,E Remington St & Revere St,ASSAULT,37,0.3978494623655914,0.11623352840073757
652,892ab2c4373ffff,74,42.3436730791027,-83.0100285714719,0.7958371155772234,Rivertown,07,E Jefferson Ave & Mount Elliott St,FRAUD,30,0.40540540540540543,0.11621442104436597
653,892ab2c4463ffff,66,42.3814499452911,-82.9909691789616,0.9386501557502194,West End,05,E Forest Ave & Saint Clair St,ASSAULT,21,0.3181818181818182,0.11620704390603151
654,892ab2c60bbffff,88,42.4110276527755,-82.9341319074226,0.5450158179467874,East English Village,05,Chandler Park Dr & Cadieux Rd,LARCENY,21,0.23863636363636365,0.11617803404787481
655,892ab2c7653ffff,42,42.4424613931198,-83.0526926023404,1.3622252991418142,Farwell,11,Fenelon St & Cordova St,ASSAULT,17,0.40476190476190477,0.11591803939641049
656,892ab2ce4d3ffff,78,42.4189215153766,-83.1475039390316,0.7187884042293583,Bagley,12,Lilac St & W McNichols Rd,LARCENY,17,0.21794871794871795,0.11590853804218151
657,892ab2d594fffff,80,42.446309331083,-82.9658752198769,0.6822278319377545,Regent Park,09,Hayes St & Eastburn St,ASSAULT,16,0.2,0.11586334395327369
658,892ab2cc59bffff,43,42.3562479033588,-83.1736970596734,1.3431658317930553,Aviation Sub,02,Ward St & Mackenzie St,ASSAULT,13,0.3023255813953488,0.11585269081479783
659,892ab2ce2a7ffff,87,42.380448803165,-83.1719776100055,0.5543487990607556,Pride Area Community,02,Grand River Ave & Sorrento St,ASSAULT,20,0.22988505747126436,0.11570971698648601
660,892ab2d5b67ffff,114,42.4349259324263,-82.9864175954338,0.06970838352842955,Pulaski,09,Hickory St & E 7 Mile Rd,ASSAULT,21,0.18421052631578946,0.11558941384165973
661,892ab2cf583ffff,101,42.4087598217273,-83.1990090747064,0.30035347046232425,Crary/St Marys,08,Greenfield Rd & Puritan St,ASSAULT,17,0.16831683168316833,0.11549917960962594
662,892ab2c5177ffff,61,42.3546366096371,-83.0600492259099,1.01465713844679,Midtown,03,John R St & Garfield St,LARCENY,23,0.3770491803278688,0.11547537795524965
663,892ab2ce5b3ffff,86,42.3926877197446,-83.1112010797837,0.5668878898300331,Dexter-Linwood,10,Fullerton St & Rosa Parks Blvd,ASSAULT,15,0.1744186046511628,0.1154173103751232
664,892ab2cf1bbffff,100,42.3822191424378,-83.2075591220095,0.3149090034716101,Schoolcraft Southfield,06,Asbury Park & Glendale St,ASSAULT,24,0.24,0.11531740965764999
665,892ab2ce64bffff,98,42.4071249210316,-83.1927852197482,0.34900044561327076,Belmont,02,Pilgrim St & Lauder St,ASSAULT,24,0.24489795918367346,0.11522712934220294
666,892ab2c0843ffff,24,42.4321073044203,-83.1151938799142,1.6700036271805674,Penrose,12,Woodward Ave & W 7 Mile Rd,BURGLARY,3,0.125,0.11515793392579982
667,892ab2c5277ffff,46,42.3690358554073,-83.1093275964374,1.2761721373970594,Jamison,10,Carter St & Lawton St,ASSAULT,11,0.2391304347826087,0.11511810687881699
668,892ab2c0d63ffff,77,42.4283032805274,-83.0814247444837,0.7215847602185734,Northeast Central District,11,E Grixdale St & Fleming St,ASSAULT,16,0.2077922077922078,0.11508157427466945
669,892ab2cc457ffff,91,42.3652676868823,-83.2044935471833,0.4707826181386629,Joy Community,06,Mansfield St & W Chicago St,ASSAULT,29,0.31868131868131866,0.11504623829073732
670,892ab2ce42bffff,57,42.4003662574222,-83.1458409878038,1.0781875914820933,Chalfonte,10,Desoto St & Tuller St,ASSAULT,14,0.24561403508771928,0.11503955117237026
671,892ab2c0b83ffff,85,42.4185806040703,-83.1061195978892,0.5748682270561837,Palmer Park,12,Merton Rd & Whitmore Rd,DAMAGE TO PROPERTY,15,0.17647058823529413,0.11487477745070646
672,892ab2c099bffff,63,42.4233486078467,-83.0793868412849,0.9676438726405971,Cadillac Heights,11,Arlington St & Minnesota St,DANGEROUS DRUGS,12,0.19047619047619047,0.11485667322016342
673,892ab2ce523ffff,82,42.3841148003179,-83.1222426912307,0.6272341159990684,Dexter-Linwood,10,Richton St & Wildemere St,ASSAULT,20,0.24390243902439024,0.11480677379087985
674,892ab2ceecbffff,103,42.3566136056034,-83.1555783065691,0.2518439243540279,Barton-McFarland,02,Indiana St & Mackenzie St,ASSAULT,22,0.21359223300970873,0.11479837807511419
675,892ab2cf16fffff,111,42.3720385336338,-83.2276889331348,0.10874794702482161,Franklin Park,06,Warwick St & Plymouth Rd,ASSAULT,21,0.1891891891891892,0.11479023122711349
676,892ab2ce533ffff,90,42.3867582778349,-83.1206414292577,0.48318938970417363,Dexter-Linwood,10,Sturtevant St & Lawton St,LARCENY,19,0.2111111111111111,0.11474657168730185
677,892ab2ceecfffff,93,42.3542494979516,-83.1519150298148,0.4282111906780337,Barton-McFarland,02,Belton St & Northlawn St,ASSAULT,24,0.25806451612903225,0.11467124505223604
678,892ab2ce55bffff,91,42.3954028946197,-83.139929995797,0.4630110648667001,Dexter-Fenkell,10,Lyndon St & Livernois Ave,FRAUD,17,0.18681318681318682,0.114619834461658
679,892ab2ce47bffff,89,42.4050824730581,-83.1554386556867,0.49820333291321967,Fitzgerald/Marygrove,12,Ohio St & Hughes St,ASSAULT,16,0.1797752808988764,0.11458995344665392
680,892ab2cf473ffff,71,42.4153015622904,-83.2318696640417,0.8189914913943273,Evergreen-Outer Drive,08,Shaftsbury Ave & W McNichols Rd,ASSAULT,15,0.2112676056338028,0.11454366171728159
681,892ab2c71afffff,41,42.3993049235096,-82.9914745182111,1.3549049172433412,Wade,09,Wade St & Conner St,ASSAULT,10,0.24390243902439024,0.11453599794723793
682,892ab2cf233ffff,36,42.390608888124,-83.2614319363983,1.4419630044096388,Eliza Howell,06,Lamphere St & Acacia St,ASSAULT,10,0.2777777777777778,0.1144106758117198
683,892ab2c73dbffff,37,42.411897622338,-83.0404584675587,1.4239761578384182,Buffalo Charles,11,Charles St & Saint Louis St,ASSAULT,8,0.21621621621621623,0.11440417899251384
684,892ab2c1bafffff,88,42.4165338829648,-83.18549841673705,0.5119525650061824,Winship,12,Ardmore St & W McNichols Rd,LARCENY,20,0.22727272727272727,0.11436394397317193
685,892ab2cc65bffff,97,42.3646161788142,-83.242208406161,0.3503792811231804,Franklin Park,06,W Chicago St & Fielding St,ASSAULT,20,0.20618556701030927,0.11432239011089076
686,892ab2c626fffff,53,42.3994899939403,-82.9821529906713,1.134125715722851,Ravendale,09,Harper Ave & Norcross St,SEX OFFENSES,20,0.37735849056603776,0.11418715411629941
687,892ab2cd187ffff,78,42.3417399057789,-83.2585187913736,0.6872601903138346,Far West Detroit,06,W Warren Rd & Lamphere St,ASSAULT,14,0.1794871794871795,0.11417867135181059
688,892ab2c60d7ffff,81,42.4187558795083,-82.9423355412785,0.6316784210314066,Yorkshire Woods,09,King Richard St & Grayton St,ASSAULT,16,0.19753086419753085,0.11407022847094511
689,892ab2c1bcbffff,98,42.430347950903,-83.2041255215645,0.32787677588189174,College Park,08,Prevost St & W 7 Mile Rd,WEAPONS OFFENSES,20,0.20408163265306123,0.11406813147620848
690,892ab2c745bffff,60,42.4460788287417,-83.0258896494937,1.0052370031028544,Sherwood,11,Van Dyke St & Savage St,ASSAULT,9,0.15,0.11397812878917218
691,892ab2c514bffff,83,42.3613729906307,-83.0697156546697,0.5931884059306161,Wayne State,03,Cass Ave & W Ferry St,LARCENY,17,0.20481927710843373,0.11391917114298637
692,892ab2c600fffff,94,42.4076793557995,-82.9442639662941,0.39595686601480634,Morningside,05,Devonshire Rd & Linville St,DAMAGE TO PROPERTY,17,0.18085106382978725,0.11388193081200237
693,892ab2ce573ffff,102,42.3874326703168,-83.1320894264201,0.2523702057851483,Russell Woods,10,Holmur St & Tyler St,ASSAULT,18,0.17647058823529413,0.11384686153803426
694,892ab2cc4abffff,54,42.3636020889653,-83.1906816752027,1.1100347976049674,We Care Community,02,Westfield St & Terry St,ASSAULT,12,0.2222222222222222,0.11384574362033059
695,892ab2c526fffff,86,42.3645039563709,-83.1143760355201,0.5378169929886424,Petoskey-Otsego,10,Dexter Ave & W Euclid St,ASSAULT,20,0.23255813953488372,0.11382226993801269
696,892ab2cee33ffff,92,42.3458555555136,-83.140559066241,0.4299020293793829,Midwest,02,W Warren Ave & Burnette St,ASSAULT,21,0.22826086956521738,0.1137836245809528
697,892ab2c5017ffff,52,42.3781210490732,-83.0715848304977,1.144529722488287,North End,03,Brush St & Melbourne St,ASSAULT,10,0.19230769230769232,0.11377760129712144
698,892ab2c4693ffff,88,42.3931360446517,-83.0052205176308,0.4992481429620636,Airport Sub,07,Harper Ave & Gratiot Ave,ASSAULT,12,0.13636363636363635,0.11366688715373331
699,892ab2ce417ffff,98,42.4075674475406,-83.1405553425742,0.31988979560754954,Pilgrim Village,12,Pilgrim St & Livernois Ave,LARCENY,19,0.19387755102040816,0.11362990775791433
700,892ab2cc213ffff,99,42.3431136364687,-83.2366118252076,0.30142300791046683,Warrendale,06,Evergreen Rd & W Warren Ave,ASSAULT,21,0.21212121212121213,0.11359707788447346
701,892ab2c66c3ffff,112,42.4354482557225,-82.9654604105546,0.0691325351663439,Regent Park,09,Hayes St & E 7 Mile Rd,ASSAULT,17,0.15178571428571427,0.113597034306494
702,892ab2c459bffff,18,42.3799525377978,-82.9588602462522,1.7482219665246328,Riverbend,05,Charlevoix St & Dickerson St,ASSAULT,5,0.2777777777777778,0.11356720689689254
703,892ab2c084bffff,79,42.4321288525985,-83.1183759854889,0.6568816457022215,Palmer Woods,12,Burlington Dr & W 7 Mile Rd,ASSAULT,19,0.24050632911392406,0.11349227602218964
704,892ab2c666bffff,89,42.4201178253026,-82.9744055716051,0.475839375994785,Outer Drive-Hayes,09,Jane St & Chalmers St,ASSAULT,21,0.23595505617977527,0.11336290442187419
705,892ab2ce843ffff,86,42.3358058180196,-83.1383549142015,0.5272798629608829,Claytown,04,McGraw St & Tarnow St,ASSAULT,21,0.2441860465116279,0.11324412649176585
706,892ab2c7117ffff,79,42.4049212666191,-82.997489276698,0.6514224553827381,Airport Sub,09,Gratiot Ave & Conner St,FRAUD,20,0.25316455696202533,0.11319274521098122
707,892ab2ce0d3ffff,85,42.3979855704601,-83.1594695707786,0.5441692402615946,Chalfonte,10,Eaton St & Wyoming St,ASSAULT,27,0.3176470588235294,0.11319040817985637
708,892ab2c0d37ffff,52,42.42737501658,-83.0651538798696,1.1329413156487016,Conant Gardens,11,Wexford St & Stockton St,ASSAULT,10,0.19230769230769232,0.11314177717337065
709,892ab21b4dbffff,26,42.3097769365334,-83.0952301636094,1.5975193856643217,Delray,04,W Fort St & Junction St,AGGRAVATED ASSAULT,6,0.23076923076923078,0.11314170656002714
710,892ab2cc407ffff,47,42.3618141331281,-83.1939921823642,1.219294423679639,We Care Community,02,Westfield St & Whitcomb St,LARCENY,10,0.2127659574468085,0.11297777476478238
711,892ab2c4077ffff,22,42.3615574448087,-82.9986488334111,1.6649407948847397,Indian Village,07,Seminole St & E Vernor Hwy,LARCENY,10,0.45454545454545453,0.11291936587935314
712,892ab2ca82fffff,34,42.4419401454985,-83.2642913252768,1.4486415491986846,Berg-Lahser,08,Hessel Ave & Alderton St,LARCENY,11,0.3235294117647059,0.112816324947148
713,892ab2cc60fffff,81,42.357682403996,-83.2298586565945,0.6057169677694351,Franklin Park,06,Joy Rd & Grandville Ave,ASSAULT,16,0.19753086419753085,0.11264579468120248
714,892ab2c503bffff,67,42.3718910167698,-83.0741689766398,0.8535958918331007,North End,03,E Bethune St & Woodward Ave,LARCENY,14,0.208955223880597,0.11252074170404266
715,892ab2c6633ffff,98,42.4226504777594,-82.9553311314944,0.2994978517296605,Denby,09,Grayton St & Lansdowne St,ASSAULT,23,0.23469387755102042,0.11251105768411092
716,892ab2c5e73ffff,21,42.336970344854,-83.0732624685868,1.6746860386611677,North Corktown,03,Harrison St & Temple St,LARCENY,7,0.3333333333333333,0.112473668540394
717,892ab2c1b33ffff,75,42.4164697421709,-83.1895493155316,0.7092178755596269,Winship,12,Hubbell St & W McNichols Rd,FRAUD,23,0.30666666666666664,0.1124422528927646
718,892ab2cee93ffff,104,42.3595221177835,-83.1383470934124,0.19088953936563247,Midwest,10,Joy Rd & Livernois Ave,ASSAULT,21,0.20192307692307693,0.1124343701810894
719,892ab2c746fffff,66,42.4310951143454,-83.0209419277825,0.8674406163469427,Mount Olivet,11,Quinn St & Veach St,ASSAULT,12,0.18181818181818182,0.11229997163798491
720,892ab2cf637ffff,42,42.4077028388686,-83.2485341484171,1.2956299539383644,Miller Grove,08,Puritan St & Burt Rd,ASSAULT,13,0.30952380952380953,0.11226413531830862
721,892ab2c0dabffff,91,42.4330936381981,-83.0651027643751,0.4197338290070708,Pershing,11,Binder St & E 7 Mile Rd,ASSAULT,21,0.23076923076923078,0.11224533113693787
722,892ab2cc443ffff,82,42.3651854304947,-83.2093670399051,0.5757436131131697,Joy Community,06,Abington Ave & W Chicago St,ASSAULT,24,0.2926829268292683,0.11198163101395561
723,892ab2c7427ffff,63,42.430812600675,-83.0057008947551,0.9151236690641075,Von Steuben,09,Albion St & Linnhurst St,ASSAULT,20,0.31746031746031744,0.11197503358837524
724,892ab2ceb37ffff,91,42.3060066701791,-83.1303108865695,0.4125827286480275,Springwells,04,Lawndale St & Lane St,ASSAULT,18,0.1978021978021978,0.11185296985875846
725,892ab2c7503ffff,37,42.4242025770519,-82.9921446460969,1.3765348607525776,Von Steuben,09,Fairport St & E McNichols Rd,BURGLARY,6,0.16216216216216217,0.11180120504046326
726,892ab2cc0c7ffff,40,42.3482442014784,-83.2094201118917,1.322776140506521,Warren Ave Community,06,Abington Ave & Diversey,ASSAULT,8,0.2,0.11179278786392031
727,892ab2cf5c3ffff,77,42.4085566964757,-83.2106905501049,0.6606912950795206,Crary/St Marys,08,Puritan St & Biltmore St,DAMAGE TO PROPERTY,18,0.23376623376623376,0.11174051672895657
728,892ab2c623bffff,84,42.402092633712,-82.9733540497397,0.5346458335332306,Outer Drive-Hayes,09,Harper Ave & Dickerson St,ASSAULT,19,0.2261904761904762,0.11168749279594398
729,892ab2c58cbffff,81,42.3301930254082,-83.0557822797279,0.5860171712057203,Downtown,03,Abbott St & 3rd St,DAMAGE TO PROPERTY,20,0.24691358024691357,0.111564920833608
730,892ab2ce69bffff,99,42.4142287513782,-83.1700090368507,0.264293507058362,Harmony Village,12,Meyers Rd & N M 10,STOLEN VEHICLE,18,0.18181818181818182,0.11155988393094823
731,892ab2c643bffff,59,42.4249668596571,-82.9300981576202,0.9779483616484925,Moross-Morang,09,Moross Rd & Camley St,ASSAULT,13,0.22033898305084745,0.11150048366378233
732,892ab2cf44fffff,60,42.4174556069601,-83.2382986166403,0.9589586087764418,Evergreen-Outer Drive,08,Evergreen Rd & Santa Maria St,ASSAULT,17,0.2833333333333333,0.11143896012444506
733,892ab2c52afffff,62,42.3698674505823,-83.0948680140336,0.9220390716775617,Virginia Park Community,10,Rosa Parks Blvd & W Euclid St,LARCENY,22,0.3548387096774194,0.11137407062035178
734,892ab2c1807ffff,86,42.4406759412793,-83.1819658629625,0.49302246541470834,Schaefer 7/8 Lodge,12,Schaefer Hwy & Chippewa St,ASSAULT,23,0.26744186046511625,0.11136451697526409
735,892ab2c726bffff,28,42.4107973517309,-83.06663777135695,1.529315744719968,Campau/Banglatown,11,Joseph Campau St & Cody St,FRAUD,7,0.25,0.11136034401609117
736,892ab2ce457ffff,93,42.4097838518124,-83.1534852279618,0.36704045986256617,Fitzgerald/Marygrove,12,Puritan St & Northlawn St,ASSAULT,35,0.3763440860215054,0.11131497469874096
737,892ab2ce01bffff,60,42.3916573620087,-83.1592006792898,0.9547737918393928,Davison-Schoolcraft,10,Intervale St & Wyoming St,LARCENY,12,0.2,0.11120935068814468
738,892ab2ce373ffff,86,42.3637247849882,-83.1727535120955,0.4898226258936293,Barton-McFarland,02,Westfield St & Sorrento St,ASSAULT,25,0.29069767441860467,0.11118895055031917
739,892ab2ce6afffff,95,42.4000944518005,-83.166057482475,0.32659302706473875,Bethune Community,02,Chalfonte St & Mendota St,ASSAULT,22,0.23157894736842105,0.1110565192263038
740,892ab2ce9bbffff,62,42.3183064895497,-83.09948971947,0.9156213706842433,Central Southwest,04,W Vernor Hwy & Morrell St,ASSAULT,20,0.3225806451612903,0.11102194895539327
741,892ab2cc613ffff,97,42.3648934467569,-83.2263062935043,0.28946319920164576,Franklin Park,06,Stahelin Ave & W Chicago St,ASSAULT,29,0.29896907216494845,0.11098009164430736
742,892ab2c0db3ffff,90,42.4357781092915,-83.0599203229825,0.4140578367524861,Farwell,11,Emery St & Shields St,ASSAULT,27,0.3,0.1109535128408616
743,892ab2cc673ffff,89,42.357597963111,-83.2347281579616,0.4314513082453147,Franklin Park,06,Joy Rd & Plainview Ave,FRAUD,27,0.30337078651685395,0.11092745279573785
744,892ab2ce287ffff,61,42.3880969558026,-83.1769204989617,0.9310418539358576,Happy Homes,02,Hartwell St & Schoolcraft St,LARCENY,8,0.13114754098360656,0.11088763645270516
745,892ab2c1b7bffff,84,42.4176572492452,-83.2058599387475,0.519169656274384,College Park,08,Mansfield St & Santa Maria St,DAMAGE TO PROPERTY,14,0.16666666666666666,0.11083835736422919
746,892ab2cc097ffff,54,42.3509032454988,-83.196651973569,1.0524702741669045,Fiskhorn,02,Tireman Ave & Greenfield,ASSAULT,10,0.18518518518518517,0.11068733598235303
747,892ab2c1833ffff,59,42.4365136375108,-83.1785898047577,0.9630179802702669,Greenwich,12,Pembroke Ave & Snowden St,ASSAULT,17,0.288135593220339,0.11068129455621256
748,892ab2cc017ffff,106,42.3435812075467,-83.2036350363625,0.12220864497961015,Warren Ave Community,06,W Warren Ave & Saint Marys St,ASSAULT,24,0.22641509433962265,0.11062682204878425
749,892ab2c5c83ffff,71,42.3498907045727,-83.0302985615252,0.7473860524849241,Elmwood Park,07,E Vernor Hwy & Chene St,ASSAULT,21,0.29577464788732394,0.11061486752834795
750,892ab2c665bffff,84,42.4313050919971,-82.9751758290839,0.5129056512591775,Mapleridge,09,Chalmers St & Linnhurst St,SEX OFFENSES,31,0.36904761904761907,0.11049466857636586
751,892ab2cc033ffff,49,42.3399583567849,-83.2022438903636,1.1354851527403358,Warren Ave Community,06,Mansfield St & Whitlock St,ASSAULT,10,0.20408163265306123,0.11034017407228372
752,892ab2ce44bffff,94,42.4096793746092,-83.1610688163691,0.3307571419493389,Fitzgerald/Marygrove,12,Puritan St & Wyoming St,ASSAULT,21,0.22340425531914893,0.11030460064086023
753,892ab2c6283ffff,87,42.4130634413346,-82.9647144557416,0.4551235195084068,Outer Drive-Hayes,09,Hayes St & Promenade St,ASSAULT,15,0.1724137931034483,0.11026549783724215
754,892ab2cd52fffff,46,42.3465847015265,-83.2553948745772,1.187200724383253,Far West Detroit,06,Rockdale St & Sawyer St,ASSAULT,9,0.1956521739130435,0.1102364892844871
755,892ab2cc653ffff,87,42.3646899052406,-83.237261917705,0.45430992111396123,Franklin Park,06,Evergreen Rd & W Chicago St,ASSAULT,26,0.2988505747126437,0.11022085792311122
756,892ab2d5957ffff,81,42.4491785024965,-82.9586191032667,0.5613127963004291,Regent Park,09,Carlisle St & Rex St,STOLEN VEHICLE,14,0.1728395061728395,0.11020945948810956
757,892ab2ce18bffff,64,42.3770881317559,-83.1331474476626,0.8644627127385096,Nardin Park,10,Cascade St & Burlingame St,ASSAULT,17,0.265625,0.11017579791459714
758,892ab2c742fffff,75,42.430676489845,-83.0094008243007,0.6676733043556232,Mount Olivet,09,Beland St & Linnhurst St,ASSAULT,17,0.22666666666666666,0.11016281612910565
759,892ab2cf03bffff,44,42.3935160530319,-83.235960704042,1.2204935754385207,Westwood Park,08,Evergreen Rd & Lyndon St,ASSAULT,8,0.18181818181818182,0.11010239246477252
760,892ab2ceeb3ffff,96,42.3520822313705,-83.135213741716,0.2906915080724341,Midwest,10,Tireman St & Livernois Ave,DAMAGE TO PROPERTY,17,0.17708333333333334,0.11006709342884444
761,892ab2c5c93ffff,86,42.3519362371849,-83.0260300418427,0.4689739562507136,Elmwood Park,07,Joseph Campau St & E Vernor Hwy,ASSAULT,23,0.26744186046511625,0.11004504118550515
762,892ab2c6e4fffff,106,42.3720017385923,-82.9465019526004,0.11047497983875904,Jefferson Chalmers,05,E Jefferson Ave & Newport St,FRAUD,20,0.18867924528301888,0.1099830280001423
763,892ab2ce3cfffff,74,42.3731075767983,-83.1743317013961,0.6779104048676181,Pride Area Community,02,Plymouth Rd & Cheyenne St,DAMAGE TO PROPERTY,17,0.22972972972972974,0.10974410562122969
764,892ab2ce25bffff,70,42.3893226213898,-83.2003183159796,0.7488096547750428,Greenfield-Grand River,08,Kendall St & Winthrop St,AGGRAVATED ASSAULT,10,0.14285714285714285,0.10971258452757664
765,892ab2cc05bffff,111,42.3469834449601,-83.2221175177843,0.01596404900499444,Warrendale,06,Sawyer St & Greenview Ave,ASSAULT,27,0.24324324324324326,0.10969943302911461
766,892ab2c1a3bffff,83,42.4337935526491,-83.2140178183733,0.5138180149112288,Greenfield,08,Vassar Ave & Gilchrist St,ASSAULT,23,0.27710843373493976,0.10956433531263983
767,892ab2c66abffff,62,42.42503629033115,-82.95427084419364,0.8884366266052353,Denby,09,Whitehill St & Britain St,AGGRAVATED ASSAULT,10,0.16129032258064516,0.10953039655110755
768,892ab2cab03ffff,78,42.431629555062,-83.276363519093,0.5996344540815289,Seven Mile-Rouge,08,Dale St & Vassar Ave,ASSAULT,22,0.28205128205128205,0.10937088735447928
769,892ab2c71d3ffff,84,42.4149720982642,-83.0055425622269,0.491827643390421,LaSalle College Park,09,College St & Elmo St,ASSAULT,21,0.25,0.10933817605163121
770,892ab2cf543ffff,20,42.4029693049112,-83.2162696042143,1.6353482243488688,Crary/St Marys,08,Keeler St & Archdale St,LARCENY,6,0.3,0.10933491832261566
771,892ab2cc663ffff,104,42.3557131248208,-83.2357998930593,0.13400937296330323,Warrendale,06,Constance Ave & Vaughan St,ASSAULT,30,0.28846153846153844,0.109313511338093
772,892ab2cf1cfffff,48,42.3865904963314,-83.22229284217,1.1344223504150412,Grandmont #1,08,Penrod St & Schoolcraft St,DAMAGE TO PROPERTY,8,0.16666666666666666,0.10930146886458017
773,892ab2cf1d7ffff,41,42.3890953289343,-83.2177406968704,1.2590138478292747,Grandmont,08,Ashton Rd & Kendall St,LARCENY,10,0.24390243902439024,0.10927471777044477
774,892ab2c09dbffff,54,42.425012145238,-83.0910718903456,1.0259009830930097,Hawthorne Park,11,Russell St & E Nevada St,DAMAGE TO PROPERTY,11,0.2037037037037037,0.1092295517977288
775,892ab2cc473ffff,94,42.36171903447,-83.2025500162586,0.31083552284092447,Joy Community,06,Ellis St & Rutherford St,ASSAULT,26,0.2765957446808511,0.10921155599817163
776,892ab2c7243ffff,60,42.4186787940394,-83.0640102963323,0.9127466369788683,Davison,11,Alpha St & Conant St,ASSAULT,9,0.15,0.10890343588183574
777,892ab2ce32bffff,83,42.3587464820903,-83.1665507180874,0.501019429477379,Barton-McFarland,02,Joy Rd & Manor,ASSAULT,18,0.21686746987951808,0.10886211200607371
778,892ab2c6637ffff,90,42.4199279054911,-82.9529808614277,0.3756144821276204,Denby,09,Grayton St & Rossiter St,ASSAULT,18,0.2,0.10884423133161227
779,892ab2cc463ffff,89,42.3580236846178,-83.2042982932288,0.3915673689264094,Joy Community,06,Joy Rd & Saint Marys St,LARCENY,23,0.25842696629213485,0.10873913035243642
780,892ab2c740bffff,75,42.4397206858551,-83.0168924886495,0.6411792232029784,Nortown,11,Rolyat St & E Outer Dr,ASSAULT,18,0.24,0.10870915850673783
781,892ab2cc2b3ffff,102,42.3433018099401,-83.2243184928928,0.1582532221055484,Warrendale,06,Stahelin Ave & W Warren Ave,ASSAULT,15,0.14705882352941177,0.10868292058337842
782,892ab2c6257ffff,87,42.4093221818329,-82.9802632585041,0.42567992466339105,Wade,09,Park Dr & Chelsea Ave,DAMAGE TO PROPERTY,17,0.19540229885057472,0.10865000848210012
783,892ab2cf0dbffff,76,42.4078104284663,-83.243552078828,0.6216006914768425,Miller Grove,08,Florence St & Patton St,LARCENY,17,0.2236842105263158,0.10861533028530199
784,892ab2ce633ffff,91,42.4000160128101,-83.1703392983819,0.35330282200708124,Bethune Community,02,Chalfonte St & Steel St,ASSAULT,17,0.18681318681318682,0.10860044384566961
785,892ab2c0b0fffff,21,42.4080584629121,-83.1164084119813,1.6025514742035714,Pilgrim Village,12,Woodrow Wilson St & Pilgrim St,LARCENY,8,0.38095238095238093,0.10851584268276844
786,892ab2c6607ffff,65,42.4247765694819,-82.9593822684407,0.816033221660868,Denby,09,Troester St & Kelly Rd,ASSAULT,19,0.2923076923076923,0.10849899662335344
787,892ab2c5a93ffff,64,42.3297320581785,-83.0680520497804,0.8330924348920612,Corktown,03,10th St & Church St,LARCENY,23,0.359375,0.10845459674349203
788,892ab2d5b6bffff,79,42.4383595504994,-82.9925259261811,0.5634148604891124,Pulaski,09,Pinewood St & Westphalia St,ASSAULT,21,0.26582278481012656,0.10836400967543662
789,892ab2c40cbffff,52,42.3742063007064,-83.003285875155,1.0443308213651732,Gratiot Woods,07,Burns St & E Canfield St,ASSAULT,11,0.21153846153846154,0.10827996220062636
790,892ab2cc6a7ffff,46,42.3579231379721,-83.2128245128959,1.1502968945333618,Garden View,06,Memorial St & Joy Rd,ASSAULT,10,0.21739130434782608,0.10821167728037259
791,892ab2cab67ffff,27,42.42343189775,-83.281432760341,1.4881311183577877,The Eye,08,Fenton St & Pickford St,STOLEN PROPERTY,6,0.2222222222222222,0.10812026428256463
792,892ab2cf1c7ffff,98,42.3867203152996,-83.2175548851036,0.21904972524764757,Grandmont,08,Schoolcraft St & Archdale St,AGGRAVATED ASSAULT,14,0.14285714285714285,0.10809708946260442
793,892ab2c763bffff,81,42.4335819677365,-83.0427095380178,0.5224316503247861,Farwell,11,E 7 Mile Rd & Mound Rd,ASSAULT,18,0.2222222222222222,0.10807615756726724
794,892ab2c1a33ffff,104,42.433927787178,-83.2085786667453,0.11093001148485207,Greenfield,08,Murray Hill St & Vassar Ave,DAMAGE TO PROPERTY,18,0.17307692307692307,0.10804721002576448
795,892ab2c52abffff,74,42.3732706979912,-83.0971340305416,0.6467327635155253,Virginia Park Community,10,Blaine St & Rosa Parks Blvd,ASSAULT,22,0.2972972972972973,0.10803347388662449
796,892ab2c755bffff,71,42.4271739437913,-83.0067918141503,0.700080544345771,Von Steuben,09,Teppert St & Greiner St,DAMAGE TO PROPERTY,13,0.18309859154929578,0.10801934394365484
797,892ab2c1d37ffff,67,42.4387905178431,-83.1449291484365,0.7695772278414276,Garden Homes,12,Monica St & Pembroke Ave,ASSAULT,19,0.2835820895522388,0.10791086787490389
798,892ab2ceb07ffff,86,42.310232061701,-83.1368280664663,0.42981981992286955,Springwells,04,Sharon St & Woodmere St,ASSAULT,25,0.29069767441860467,0.10789676103220316
799,892ab2d5963ffff,65,42.4409743980614,-82.958370470195,0.8044995017654127,Regent Park,09,Manning St & Rex St,ASSAULT,15,0.23076923076923078,0.10786617302235038
800,892ab2cc2b7ffff,110,42.3396759494977,-83.2230285458985,-0.02670179988992269,Warrendale,06,Whitlock St & Brace St,ASSAULT,23,0.20909090909090908,0.10784313725490195
801,892ab2c526bffff,58,42.3667746313418,-83.1158041989939,0.9288051165074309,Petoskey-Otsego,10,Carter St & Dexter Ave,LARCENY,12,0.20689655172413793,0.10782373632948919
802,892ab2c7453ffff,27,42.4461610868569,-83.0224845565224,1.4813301879042315,Conner Creek,11,Bramford St & Savage St,ASSAULT,8,0.2962962962962963,0.1077471158674131
803,892ab2c5c23ffff,72,42.3347430541419,-83.0307762499702,0.676458911667879,Lafayette Park,07,E Jefferson Ave & Riopelle St,FRAUD,21,0.2916666666666667,0.10770368185364054
804,892ab2c5c8bffff,70,42.3490510338293,-83.032249556625,0.7104949217192529,Elmwood Park,07,Dubois St & E Vernor Hwy,LARCENY,21,0.3,0.10761036013131833
805,892ab2c6623ffff,103,42.4198489421453,-82.9576851688847,0.12018570121493583,Denby,09,Laing St & Yorkshire Rd,STOLEN VEHICLE,26,0.2524271844660194,0.10757465219796902
806,892ab2cc977ffff,73,42.2667052584203,-83.1635326851487,0.6546157044724704,Boynton,04,S Fort St & Francis St,LARCENY,22,0.3013698630136986,0.10748559709584359
807,892ab2c52b7ffff,49,42.3727851843875,-83.0897588571834,1.0799966669840884,Virginia Park Community,10,Virginia Park St & Merrill St,DAMAGE TO PROPERTY,12,0.24489795918367346,0.10729567293225589
808,892ab2c1bd3ffff,72,42.4322136990377,-83.1999410921175,0.6683604442109077,San Bernardo,12,Greenfield Rd & Cambridge Ave,ASSAULT,16,0.2222222222222222,0.10725934113918066
809,892ab2c5573ffff,63,42.3765040879935,-83.052534080097,0.8281230436520564,Milwaukee Junction,07,E Milwaukee St & E Grand Blvd,STOLEN VEHICLE,16,0.25396825396825395,0.10720154770855372
810,892ab2d5b17ffff,88,42.445112006522,-82.9781049982309,0.37687063566234413,Mohican Regent,09,Fairmount Dr & Anvil St,ASSAULT,26,0.29545454545454547,0.10695236871968482
811,892ab2c5223ffff,43,42.3662693465312,-83.1011222050237,1.180534832197838,LaSalle Gardens,10,N La Salle Gdns & La Salle Blvd,ASSAULT,8,0.18604651162790697,0.1069295735784303
812,892ab2c5e17ffff,86,42.3410982686904,-83.0608027467555,0.4120561410211937,Midtown,03,2nd Ave & Temple St,LARCENY,47,0.5465116279069767,0.10692211665454232
813,892ab2cc00bffff,76,42.3434568505308,-83.211567325377,0.589379080559878,Warren Ave Community,06,Clayburn St & W Warren Ave,ASSAULT,16,0.21052631578947367,0.10684741880180675
814,892ab2c46afffff,34,42.3790724567424,-83.0048113253232,1.3396747930491435,Gratiot Woods,07,Crane St & E Warren Ave,DAMAGE TO PROPERTY,9,0.2647058823529412,0.10683761767480077
815,892ab2d5bcfffff,66,42.449222809538,-82.9856359624573,0.7677996396336306,Conner Creek,09,Schoenherr St & E 8 Mile Rd,LARCENY,19,0.2878787878787879,0.10683294432479118
816,892ab2ce56fffff,79,42.3804626677433,-83.1349064947107,0.5354261788088259,Russell Woods,10,Cortland St & Broadstreet Ave,ASSAULT,22,0.27848101265822783,0.10682834741826439
817,892ab2c0997ffff,42,42.4210449164229,-83.0730251237162,1.1964379525512137,Cadillac Heights,11,Stender St & Anglin St,ASSAULT,9,0.21428571428571427,0.10682174205078604
818,892ab2c41d7ffff,31,42.3580096914011,-82.9752385116033,1.3928566984139332,Waterworks Park,05,Marquette Dr & Freud St,LARCENY,8,0.25806451612903225,0.10681438659964486
819,892ab2c0a1bffff,23,42.4316785673709,-83.1372953383688,1.535312428833454,University District,12,Birchcrest Dr & W 7 Mile Rd,LARCENY,8,0.34782608695652173,0.10678740485439112
820,892ab2c5107ffff,66,42.3588676441231,-83.0524493559076,0.7664893575871953,Forest Park,03,E Forest Ave & N I 75 Service Drive,ASSAULT,14,0.21212121212121213,0.10676105273990176
821,892ab2c7677ffff,64,42.4316724656058,-83.04544591326936,0.8019049923011027,Krainz Woods,11,E Robinwood St & Albany St,ASSAULT,14,0.21875,0.10674342724177183
822,892ab2c632bffff,35,42.3824973383859,-82.9517827040238,1.319192988859907,Riverbend,05,Lakewood St & Charlevoix St,ASSAULT,9,0.2571428571428571,0.10669422936885034
823,892ab2d5b2bffff,70,42.4370012181424,-82.98177127143799,0.6921558427245218,Franklin,09,Verona St & Lappin St,ASSAULT,12,0.17142857142857143,0.1066041451275104
824,892ab2cc44bffff,54,42.3651261063365,-83.2130346992054,0.9780445084603356,Joy Community,06,Rutland St & W Chicago St,ASSAULT,18,0.3333333333333333,0.10660379819153158
825,892ab2ca9afffff,60,42.4314143021109,-83.2356454239714,0.8708143194768012,O'Hair Park,08,Cambridge Ave & Annchester Rd,FRAUD,12,0.2,0.10660272454147124
826,892ab2cab63ffff,58,42.4266253041805,-83.2828705661159,0.9060458234229516,The Eye,08,Fenton St & Grand River Ave,ASSAULT,12,0.20689655172413793,0.1065749962927488
827,892ab2c5293ffff,55,42.3834401977363,-83.096218258353,0.9592946994822482,Gateway Community,10,Byron St & Glynn Ct,LARCENY,21,0.38181818181818183,0.1065554397160586
828,892ab2c74b7ffff,47,42.4403315320907,-82.9962671954281,1.1005746149918525,Pulaski,09,Waltham St & Manning St,STOLEN VEHICLE,10,0.2127659574468085,0.10646394422917152
829,892ab2ce917ffff,65,42.3170176069227,-83.1037903867316,0.7783788137399225,Central Southwest,04,W Vernor Hwy & Campbell St,FRAUD,17,0.26153846153846155,0.10643300245753706
830,892ab2cf5b7ffff,67,42.3996165391759,-83.1900729176297,0.7418132925881179,Hubbell-Lyndon,02,Chalfonte St & Hubbell St,ASSAULT,13,0.19402985074626866,0.10638753683823304
831,892ab2c628fffff,89,42.4102578719445,-82.9674675314212,0.3476306218554264,Outer Drive-Hayes,09,Corbett Ave & Chalmers St,ASSAULT,17,0.19101123595505617,0.10632844145502562
832,892ab2c42bbffff,33,42.3639017279054,-83.0164006905844,1.3479580809286185,Gratiot-Grand,07,Pulford St & Concord St,ASSAULT,7,0.21212121212121213,0.10631170682245623
833,892ab2c74bbffff,64,42.4418074367867,-83.0037276513545,0.7939388442608614,Conner Creek,09,Bradford St & E State Fair St,LARCENY,13,0.203125,0.10630634653106935
834,892ab2ce1b7ffff,71,42.3695028400458,-83.1200882885825,0.6685873474956076,Nardin Park,10,Wager St & McQuade St,ASSAULT,16,0.22535211267605634,0.1062913985436914
835,892ab2c5e7bffff,18,42.3362053024551,-83.0761362853304,1.614159312845644,North Corktown,03,Butternut St & Vermont St,BURGLARY,4,0.2222222222222222,0.1062115565056781
836,892ab2cc067ffff,53,42.3362460045284,-83.2119997750406,0.9873944839341384,Warren Ave Community,06,Memorial St & Paul Dr,ASSAULT,20,0.37735849056603776,0.10613641356409165
837,892ab2c6297ffff,90,42.4142344751852,-82.9603127668161,0.3241077921632488,Outer Drive-Hayes,09,Bonita St & Whitehill St,ASSAULT,17,0.18888888888888888,0.10601820041405502
838,892ab2cf4cbffff,72,42.4246181563275,-83.2353651840574,0.6457099372954358,Evergreen-Outer Drive,08,Pickford St & Annchester Rd,ASSAULT,16,0.2222222222222222,0.10601656990139105
839,892ab2c7523ffff,70,42.4174097107917,-82.9887988498278,0.6813053722722805,Eden Gardens,09,Gratiot Ave & August St,ASSAULT,15,0.21428571428571427,0.10600880955092246
840,892ab2ce66fffff,99,42.39467586693,-83.1852127492305,0.16300167813993063,Bethune Community,02,Lyndon St & Mark Twain St,DAMAGE TO PROPERTY,23,0.23232323232323232,0.10600227888163494
841,892ab2ce54fffff,103,42.3896593283241,-83.1364452537867,0.08907393372701021,Oakman Blvd Community,10,W Grand St & Petoskey Ave,ASSAULT,28,0.27184466019417475,0.10586763478175477
842,892ab2c5e5bffff,67,42.3437224869007,-83.0799022405063,0.730234408039589,Core City,03,Vermont St & Selden St,DAMAGE TO PROPERTY,18,0.26865671641791045,0.10575223517649543
843,892ab2c70a7ffff,82,42.4177369262891,-83.0081573905487,0.46128351365777487,LaSalle College Park,09,Portlance St & Canonbury St,ASSAULT,17,0.2073170731707317,0.10570151904963851
844,892ab2c462bffff,33,42.3759606060163,-83.0158164113292,1.3325278278846484,Gratiot-Grand,07,Townsend St & Gratiot Ave,ASSAULT,7,0.21212121212121213,0.10546509112655042
845,892ab2c1b37ffff,79,42.4143582382116,-83.1860689725271,0.5105471364688441,Hubbell-Puritan,02,Ardmore St & Grove St,AGGRAVATED ASSAULT,16,0.20253164556962025,0.1054633025493233
846,892ab2c757bffff,80,42.4202524608694,-83.0031430635496,0.4918039430628749,LaSalle College Park,09,Portlance St & Hoover St,AGGRAVATED ASSAULT,18,0.225,0.10541530705216161
847,892ab2c725bffff,39,42.4209501249504,-83.0689587131667,1.221835866514774,Cadillac Heights,11,Charest St & Jerome St,LARCENY,7,0.1794871794871795,0.10527407951308941
848,892ab2c56abffff,63,42.3927202657717,-83.0884059046054,0.7928983111867649,Gateway Community,03,Woodland St & Webb St,ASSAULT,18,0.2857142857142857,0.10526886317614725
849,892ab2c6313ffff,27,42.3926234214023,-82.9509308972698,1.435423517357724,Morningside,05,Alter Rd & E Canfield St,AGGRAVATED ASSAULT,6,0.2222222222222222,0.10522834266773198
850,892ab2c0d27ffff,64,42.4239971639211,-83.0656509269721,0.7720288490349796,Davison,11,Minnesota St & Wexford St,ASSAULT,15,0.234375,0.10510420514021888
851,892ab2c0913ffff,53,42.4184081285801,-83.0834502256026,0.9679130493051789,Cadillac Heights,11,Orleans St & E McNichols Rd,ASSAULT,13,0.24528301886792453,0.10506752063740789
852,892ab2ce4abffff,71,42.4063384753219,-83.1374151819349,0.6455667456434984,Pilgrim Village,12,Holmur St & Midland St,ASSAULT,14,0.19718309859154928,0.10502832121102187
853,892ab2ce493ffff,50,42.4172355222978,-83.1353045290069,1.0207180849169335,University District,12,Fairfield St & W McNichols Rd,FRAUD,11,0.22,0.10502361175176356
854,892ab2c662bffff,107,42.4199869090258,-82.9611269351592,-0.04650769321792724,Outer Drive-Hayes,09,Duchess St & Courville St,ASSAULT,20,0.18691588785046728,0.10490196078431373
855,892ab2cf027ffff,63,42.3864230614263,-83.2296770116927,0.7860191054746474,Westwood Park,08,Piedmont St & Schoolcraft St,FRAUD,16,0.25396825396825395,0.10489142001208202
856,892ab2d5b0fffff,73,42.4422115236364,-82.9829691040675,0.606470100491476,Franklin,09,E State Fair St & Schoenherr St,ASSAULT,15,0.2054794520547945,0.10484397975470064
857,892ab2c4623ffff,40,42.3767500840111,-83.0106424237817,1.1958088057395868,Gratiot-Grand,07,Maxwell St & E Warren Ave,DAMAGE TO PROPERTY,9,0.225,0.10482643817576531
858,892ab2ce9dbffff,85,42.326177741665,-83.1167362271703,0.3914321059018694,Central Southwest,04,Otis St & Livernois Ave,FRAUD,25,0.29411764705882354,0.10481014021353485
859,892ab2c71c7ffff,43,42.4095919747474,-83.0035317879784,1.1414234562503853,Gratiot-Findlay,09,Conner St & Flanders St,DAMAGE TO PROPERTY,10,0.23255813953488372,0.10478363957001
860,892ab2d596fffff,51,42.4391338896462,-82.9606858291793,0.9972060648236519,Regent Park,09,Novara St & Rex St,AGGRAVATED ASSAULT,11,0.21568627450980393,0.10471396380385928
861,892ab2c724bffff,25,42.418083511671,-83.0694907045359,1.460719805847012,North Campau,11,McDougall St & Gaylord St,ASSAULT,8,0.32,0.10465549637564261
862,892ab2cf153ffff,45,42.3864771180609,-83.2271552567491,1.0983329905789658,Grandmont #1,08,Artesian St & Schoolcraft St,STOLEN PROPERTY,11,0.24444444444444444,0.10438016812737441
863,892ab2d5bb7ffff,39,42.4426887857626,-82.9657398336877,1.2041710041867684,Regent Park,09,Hayes St & E State Fair St,ASSAULT,9,0.23076923076923078,0.10430485693000617
864,892ab2cc40fffff,71,42.3605301053205,-83.1981396142035,0.6308299705461854,Joy Community,06,Greenfield Rd & Ellis St,ASSAULT,12,0.16901408450704225,0.10421975474948256
865,892ab2ca957ffff,68,42.437297066612004,-83.2525816031086,0.6823177253935062,Evergreen Lahser 7/8,08,Pembroke Ave & Blackstone St,ASSAULT,11,0.16176470588235295,0.10410357027847314
866,892ab2c08c7ffff,28,42.4370474169367,-83.1073890652864,1.3970540211691234,Penrose,12,Charleston St & W Lantz St,AGGRAVATED ASSAULT,10,0.35714285714285715,0.10410350572532458
867,892ab2c750bffff,65,42.4243990618009,-82.9968676700156,0.7341553839980051,Von Steuben,09,Strasburg St & Sauer St,STOLEN PROPERTY,12,0.18461538461538463,0.10400658406766328
868,892ab2c610bffff,17,42.3932244415104,-82.9266998808803,1.5914121937677246,East English Village,05,Yorkshire Rd & Mack Ave,ASSAULT,5,0.29411764705882354,0.10398309226645044
869,892ab2c726fffff,42,42.4094400495402,-83.0625336575113,1.1440069953310747,Campau/Banglatown,11,Carpenter St & McDougall St,ASSAULT,12,0.2857142857142857,0.10394499912197958
870,892ab2c1a37ffff,104,42.43122087782605,-83.2073716429828,0.03575612088273053,Greenfield,08,Murray Hill St & W 7 Mile Rd,ASSAULT,18,0.17307692307692307,0.10392262467225771
871,892ab2c66d7ffff,106,42.4355649203165,-82.9606602350662,-0.2555618506450371,Regent Park,09,Maddelein St & Crusade St,ASSAULT,27,0.25471698113207547,0.10392156862745099
872,892ab2ca90fffff,86,42.4329793648704,-83.2474175393897,0.3557544535560408,Evergreen Lahser 7/8,08,Burt Rd & Vassar Ave,ASSAULT,18,0.20930232558139536,0.10383299736543196
873,892ab2c5c03ffff,86,42.3423666128366,-83.0379321607677,0.35573057183898005,Lafayette Park,07,Russell St & Maple St,LARCENY,24,0.27906976744186046,0.1038316870410678
874,892ab2c75abffff,74,42.423754464326,-82.9851521720018,0.5693890652002092,Mapleridge,09,Gratiot Ave & Young St,ASSAULT,11,0.14864864864864866,0.10378983713053518
875,892ab2ca907ffff,76,42.4330772268952,-83.2433081410674,0.5335790387797834,Evergreen Lahser 7/8,08,Vassar Ave & Fielding St,ASSAULT,17,0.2236842105263158,0.10378582343661025
876,892ab2cc423ffff,63,42.3558895406231,-83.1937926224887,0.7639724456187625,Fiskhorn,02,Sussex & Joy Rd,ASSAULT,18,0.2857142857142857,0.10368178020753048
877,892ab2c5a7bffff,33,42.3163595822016,-83.0862537967053,1.2993751223978771,Hubbard Farms,04,W Lafayette Blvd & Vinewood St,LARCENY,12,0.36363636363636365,0.10364609303579575
878,892ab2cc62bffff,100,42.3522844157331,-83.2272941159256,0.10208495253285911,Warrendale,06,Belton St & Artesian St,ASSAULT,27,0.27,0.10364033725465296
879,892ab21b683ffff,16,42.3025579431272,-83.1131293476726,1.6028064060093699,Delray,04,W Fort St & Green St,LARCENY,4,0.25,0.1036278693079651
880,892ab2c7557ffff,67,42.4255603122685,-82.9982278517234,0.6897955689301367,Von Steuben,09,Gietzen St & Strasburg St,ASSAULT,12,0.1791044776119403,0.10353346690246179
881,892ab2c19dbffff,59,42.4348203081065,-83.1709117982852,0.8305663915525467,Greenwich,12,Meyers Rd & W Outer Dr,ASSAULT,12,0.2033898305084746,0.1034140388840897
882,892ab2c656bffff,102,42.407864384476,-82.9249298786468,0.06215862397425074,Cornerstone Village,05,E Warren Ave & Neff Ave,FRAUD,52,0.5098039215686274,0.10341047334366774
883,892ab2c525bffff,74,42.3783825017585,-83.1189134042712,0.5601470386710933,Dexter-Linwood,10,Wildemere St & Calvert St,ASSAULT,19,0.25675675675675674,0.1032827524638592
884,892ab2ce11bffff,67,42.3735493176971,-83.1389546682601,0.6852002388689299,Nardin Park,10,Belleterre St & Burlingame St,ASSAULT,24,0.3582089552238806,0.10328133373610351
885,892ab2cf23bffff,43,42.3909784452085,-83.2650891105501,1.1130760967463573,Eliza Howell,06,Bramell St & Ray St,DAMAGE TO PROPERTY,10,0.23255813953488372,0.10322829764365232
886,892ab2c5e1bffff,69,42.3428992308709,-83.0695842309806,0.6471877567003227,North Corktown,03,S M 10 Service Drive & Martin Luther King Jr Blvd,LARCENY,16,0.2318840579710145,0.10315647733139252
887,892ab2cebbbffff,98,42.3136164568269,-83.1297797301176,0.12857522231908325,Springwells,04,Carson St & Belle St,ASSAULT,27,0.2755102040816326,0.10313300144406531
888,892ab2d597bffff,56,42.4437611026807,-82.9609210605208,0.8769484932795015,Regent Park,09,Crusade St & Rossini Dr,FRAUD,9,0.16071428571428573,0.10301772121907271
889,892ab2c41dbffff,87,42.3603015225297,-82.9826841161272,0.32248327721355796,East Village,07,E Jefferson Ave & Pennsylvania St,FRAUD,22,0.25287356321839083,0.10298789126037193
890,892ab2ce307ffff,95,42.3639171525708,-83.1642525769896,0.1789607229437291,Barton-McFarland,02,Westfield St & Mendota St,ASSAULT,23,0.24210526315789474,0.10295633930472889
891,892ab2c1b8bffff,71,42.4270776067353,-83.1924965624582,0.6074901641626249,Winship,12,Robson St & Margareta St,STOLEN VEHICLE,14,0.19718309859154928,0.10293916353899385
892,892ab2c186bffff,68,42.4341831839613,-83.1963579746948,0.6601194639385314,San Bernardo,12,Sussex St & Vassar Ave,ASSAULT,15,0.22058823529411764,0.10288561250966347
893,892ab2c1a77ffff,79,42.4336734021942,-83.2173598392521,0.46318927433883333,Greenfield,08,Vassar Ave & Archdale St,ASSAULT,26,0.3291139240506329,0.10286490644463477
894,892ab2ce913ffff,26,42.31949988136405,-83.1060125342023,1.408925817913837,Central Southwest,04,Romeyn St & Campbell St,ASSAULT,5,0.19230769230769232,0.10279409436277734
895,892ab2c6153ffff,44,42.3988332547448,-82.9320749356869,1.0870086546796034,East English Village,05,Waveney St & Kensington Ave,LARCENY,12,0.2727272727272727,0.10277844069553013
896,892ab2cec8bffff,44,42.3609193000308,-83.1142477993709,1.08513737317545,Petoskey-Otsego,10,Holmur St & Montgomery St,AGGRAVATED ASSAULT,9,0.20454545454545456,0.10267576860788775
897,892ab2c50afffff,55,42.3724280205448,-83.0658021363324,0.8868413603954372,Milwaukee Junction,03,Beaubien St & E Grand Blvd,LARCENY,24,0.43636363636363634,0.1025801235681714
898,892ab2c70c3ffff,34,42.4286260622604,-83.0273353970057,1.2619242045237509,Grant,11,Stockton St & Packard St,LARCENY,11,0.3235294117647059,0.10257165596802015
899,892ab2c66afffff,92,42.42372503493995,-82.9526387735233,0.22473490687277783,Denby,09,Britain St & Lansdowne St,STOLEN VEHICLE,19,0.20652173913043478,0.10252666685621864
900,892ab2c1a63ffff,75,42.4335621146115,-83.2230326729811,0.5283825951690091,O'Hair Park,08,Vassar Ave & Rosemont Ave,ASSAULT,15,0.2,0.1025203166603544
901,892ab2ce557ffff,82,42.3929448674787,-83.1330131186071,0.4031922843382913,Oakman Blvd Community,10,Pasadena St & Dexter Ave,ASSAULT,18,0.21951219512195122,0.1025142125034534
902,892ab2cee53ffff,83,42.3541472161832,-83.1564687929256,0.38466493261360374,Barton-McFarland,02,Belton St & Kentucky St,DAMAGE TO PROPERTY,16,0.1927710843373494,0.10247805964780143
903,892ab2ce687ffff,64,42.4078256191908,-83.16465900115585,0.7231830718654209,Bethune Community,12,Pinehurst St & Pilgrim St,ASSAULT,14,0.21875,0.10242417121513517
904,892ab2ce133ffff,62,42.3654543287747,-83.1304861882748,0.7581897217687856,Nardin Park,10,Grand River Ave & Joy Rd,ASSAULT,13,0.20967741935483872,0.10238410584132687
905,892ab2ce3dbffff,60,42.3774271372285,-83.174491493392,0.7938452059963798,Pride Area Community,02,Capitol St & Cheyenne St,ASSAULT,17,0.2833333333333333,0.10237964022867412
906,892ab2ceabbffff,62,42.3317811561975,-83.1497099313991,0.7572458235340809,Claytown,04,Henderson St & Trenton St,ASSAULT,13,0.20967741935483872,0.1023323167320646
907,892ab2c0d6bffff,57,42.4282137973667,-83.0851083134836,0.8463492151458537,Northeast Central District,11,E Grixdale Ave & Marx St,ASSAULT,15,0.2631578947368421,0.10231921484604664
908,892ab2c713bffff,80,42.3975311231948,-83.0027764967239,0.4335843015751634,Airport Sub,05,Marcus Ave & Kresge St,FRAUD,37,0.4625,0.1022209548822361
909,892ab2c7097ffff,62,42.4270931092421,-83.010392778092,0.7548822077861657,Mount Olivet,09,Algonac St & Greiner St,ASSAULT,11,0.1774193548387097,0.10220263161377309
910,892ab2c524fffff,88,42.3734389133223,-83.1179324957098,0.2872256538673466,Dexter-Linwood,10,Savery St & Chicago Blvd,ASSAULT,16,0.18181818181818182,0.10203379425233387
911,892ab2ce357ffff,87,42.3706974915394,-83.1741584971331,0.303541856288261,Barton-McFarland,02,Ward St & Elmira St,ASSAULT,16,0.1839080459770115,0.1019486274056303
912,892ab2c0b47ffff,44,42.4102491029276,-83.1239778372366,1.071581846753717,Martin Park,12,Baylis St & Puritan St,ASSAULT,15,0.3409090909090909,0.10193201402381179
913,892ab2c40d7ffff,50,42.3756581287593,-82.9952952834991,0.9642376266899785,West End,07,McClellan St & Laura St,ASSAULT,10,0.2,0.10192468380089767
914,892ab2ce853ffff,72,42.338015163567,-83.1376559926789,0.5708788653552287,Claytown,04,McGraw St & Chopin St,ASSAULT,12,0.16666666666666666,0.10191079406832437
915,892ab2c0a7bffff,72,42.4243600058533,-83.1454688575771,0.5700628270670015,Bagley,12,Curtis St & Prairie St,ASSAULT,13,0.18055555555555555,0.10186602028390848
916,892ab2ce467ffff,64,42.39918739254085,-83.1500453637708,0.7127640708818923,Chalfonte,10,Greenlawn St & Eaton St,ASSAULT,15,0.234375,0.10185250918579727
917,892ab2c0a3bffff,29,42.4227337833236,-83.1331093154573,1.337501636712685,University District,12,Curtis St & Wildemere St,LARCENY,9,0.3103448275862069,0.10181642175812335
918,892ab2cc2dbffff,91,42.3519298453192,-83.2453815385897,0.22859348627536538,Warrendale,06,Pierson St & Belton Ave,ASSAULT,18,0.1978021978021978,0.10175798437623679
919,892ab2ce84fffff,97,42.3312007433605,-83.1411336848418,0.12134937958339362,Claytown,04,Michigan Ave & Lumley St,FRAUD,30,0.30927835051546393,0.1017561470996578
920,892ab2cf4d3ffff,71,42.4298541629442,-83.2288701222653,0.5839007853635751,O'Hair Park,08,Stahelin Ave & W 7 Mile Rd,WEAPONS OFFENSES,16,0.22535211267605634,0.10164487897405292
921,892ab2d591bffff,46,42.449227924312,-82.9537377337698,1.0305924190163898,Regent Park,09,Boulder St & Carlisle St,DAMAGE TO PROPERTY,11,0.2391304347826087,0.10164382077445193
922,892ab2ce323ffff,81,42.3588137240704,-83.1629980120616,0.4033649222701483,Barton-McFarland,02,Joy Rd & Mendota St,LARCENY,16,0.19753086419753085,0.10154329251677494
923,892ab2cf08fffff,83,42.4025882107892,-83.2314478382392,0.36705286060484854,Rosedale Park,08,Keeler St & W Outer Dr,BURGLARY,13,0.1566265060240964,0.1015117335248567
924,892ab2cf42bffff,35,42.409992930005,-83.2251760208003,1.2236820136768367,North Rosedale Park,08,Florence St & Greenview Ave,ASSAULT,8,0.22857142857142856,0.10145380392081421
925,892ab2c8da3ffff,55,42.4115415405137,-83.2768674388433,0.8651111057791369,Riverdale,08,Telegraph Rd & Dehner St,ASSAULT,10,0.18181818181818182,0.10138784405196613
926,892ab2cf6b7ffff,76,42.4149923238311,-83.2399990212594,0.48930423341259993,Holcomb Community,08,W McNichols Rd & Vaughan St,ASSAULT,15,0.19736842105263158,0.1013565862069797
927,892ab2c7533ffff,73,42.4190632937994,-82.9876859173545,0.5414177777068534,Eden Gardens,09,Park Dr & August St,LARCENY,12,0.1643835616438356,0.10127473708786604
928,892ab2cf01bffff,72,42.4006610359168,-83.2384822268464,0.5587651878619797,Brightmoor,08,Fenkell St & Evergreen Rd,ASSAULT,15,0.20833333333333334,0.10124614978337965
929,892ab2ce63bffff,89,42.3999820845338,-83.1735880146265,0.2546988122587691,Bethune Community,02,Chalfonte St & Ward St,ASSAULT,14,0.15730337078651685,0.10122952775417701
930,892ab2ce28fffff,47,42.3880145869345,-83.1785233448125,1.004663625905549,Grand River-I96,02,Schoolcraft St & Schaefer Hwy,ASSAULT,10,0.2127659574468085,0.10120157111455519
931,892ab2cc46bffff,55,42.3565279866251,-83.2093043110256,0.8613429280603573,Garden View,06,Van Buren Ave & Grandmont Ave,ASSAULT,13,0.23636363636363636,0.10118109446771818
932,892ab2c6067ffff,57,42.401949467784,-82.946782649049,0.8255900453850105,Morningside,05,Frankfort St & Somerset Ave,ASSAULT,13,0.22807017543859648,0.10118021609447586
933,892ab2c1bb3ffff,75,42.4237200602627,-83.1824227222987,0.503755412738957,Winship,12,Tracey St & Curtis St,ASSAULT,19,0.25333333333333335,0.10116909065441629
934,892ab2c5e07ffff,74,42.3386415663668,-83.064409434796,0.5206480848398782,Midtown,03,Grand River Ave & 5th St,LARCENY,22,0.2972972972972973,0.10111555311916451
935,892ab2ca977ffff,75,42.4293758505907,-83.2485400503901,0.5016711239818397,Evergreen Lahser 7/8,08,Pierson St & W 7 Mile Rd,WEAPONS OFFENSES,14,0.18666666666666668,0.1010547314425779
936,892ab2cf283ffff,49,42.4020856564424,-83.2593773009611,0.9656665807568046,Brightmoor,08,Rockdale St & Keeler St,LARCENY,8,0.16326530612244897,0.10102269443744705
937,892ab2cc2afffff,62,42.3359585605479,-83.2290323735145,0.7325773285018716,Warrendale,06,Grandville Ave & Paul Dr,ASSAULT,12,0.1935483870967742,0.1009788240168687
938,892ab2ceaa3ffff,41,42.3300210928404,-83.1474912281066,1.1066034997646446,Claytown,04,Michigan Ave & Trenton St,ASSAULT,9,0.21951219512195122,0.10091237967253473
939,892ab2cc637ffff,90,42.3542854466176,-83.2187678614587,0.22987792135211385,Warrendale,06,Constance St & Rosemont Ave,ASSAULT,28,0.3111111111111111,0.10084806565187374
940,892ab2c7637ffff,32,42.4301864063087,-83.0336084986106,1.2646235026823625,Grant,11,E Robinwood St & Sherwood St,ASSAULT,9,0.28125,0.10075897474647973
941,892ab2c4647ffff,20,42.3834725297108,-83.0216116875329,1.478296323894969,Gratiot Town/Kettering,07,Lambert St & Townsend St,ASSAULT,5,0.25,0.10071791096588485
942,892ab2c44dbffff,75,42.3972078902231,-82.9898647112328,0.4946419858576303,Ravendale,09,Harper Ave & Conner St,ASSAULT,20,0.26666666666666666,0.10066906189797045
943,892ab2c405bffff,38,42.3703916959217,-83.00880005953874,1.1554780736072126,Gratiot-Grand,07,Ruedisale Ct & Van Dyke St,DAMAGE TO PROPERTY,8,0.21052631578947367,0.10065281712155719
944,892ab2cc5cbffff,62,42.3536469751154,-83.1870216561146,0.7254367454393473,Joy-Schaefer,02,Belton St & Hubbell St,ASSAULT,17,0.27419354838709675,0.10058703979392528
945,892ab2cc667ffff,54,42.3522029664229,-83.2320812794522,0.866234123689277,Warrendale,06,Westwood & Belton Ave,AGGRAVATED ASSAULT,9,0.16666666666666666,0.10046906881005602
946,892ab2c701bffff,22,42.4236115317791,-83.0267437718326,1.437764139588007,Grant,11,Cliff St & Buhr St,ASSAULT,4,0.18181818181818182,0.10045480541041399
947,892ab2cf6c7ffff,57,42.4195844063067,-83.2581476441754,0.8108398634179753,Old Redford,08,Cooley St & Willmarth Ave,ASSAULT,14,0.24561403508771928,0.10037091403473819
948,892ab2c53abffff,46,42.3542431497916,-83.0799474746896,1.006475938850988,Woodbridge,03,Merrick St & Trumbull St,LARCENY,16,0.34782608695652173,0.10032061560212917
949,892ab2cf52fffff,54,42.3916684235956,-83.2035673796722,0.8626608044999095,Greenfield-Grand River,08,Prevost St & Acacia St,ASSAULT,12,0.2222222222222222,0.10027301057928176
950,892ab2c6e2fffff,20,42.3617851969926,-82.9320382245214,1.469596055914875,Jefferson Chalmers,05,Scripps St & Ashland St,LARCENY,7,0.35,0.1002405511060339
951,892ab2d5b4bffff,46,42.4454801720559,-82.9977151078946,1.0049774256600386,Conner Creek,09,Bringard Dr & Barlow St,DAMAGE TO PROPERTY,8,0.17391304347826086,0.10023839629021221
952,892ab2c5cc3ffff,57,42.35039364005,-83.0392857715985,0.8083043898277792,Eastern Market,07,Wilkins St & Orleans St,LARCENY,22,0.38596491228070173,0.1002317995476395
953,892ab2c63c3ffff,76,42.3982163831253,-82.956775559947,0.46859024834460417,Chandler Park-Chalmers,05,Frankfort St & Manistique St,ASSAULT,23,0.3026315789473684,0.10022006661567093
954,892ab2cf023ffff,32,42.3911728051057,-83.2321824904423,1.2534625986456043,Westwood Park,08,Westwood St & Acacia St,LARCENY,7,0.21875,0.10014660652989299
955,892ab2ce9a7ffff,56,42.3112609003841,-83.0926092198056,0.8243075897435415,Delray,04,W Fort St & Lansing St,FRAUD,13,0.23214285714285715,0.10012945911130233
956,892ab2c0acbffff,75,42.4352050588187,-83.142685263713,0.48399267511349203,Bagley,12,Santa Rosa Dr & W Outer Dr,ASSAULT,13,0.17333333333333334,0.10008476340326176
957,892ab2c1a43ffff,83,42.4406058132181,-83.2259087405984,0.34102488738368947,O'Hair Park,08,Trojan St & Greenview Ave,DAMAGE TO PROPERTY,18,0.21686746987951808,0.10008364996726006
958,892ab2cf3cbffff,47,42.3859148678932,-83.2550670744802,0.9826014051565213,Brightmoor,06,Schoolcraft St & Greydale St,LARCENY,10,0.2127659574468085,0.09999107752644357
959,892ab2cf613ffff,90,42.4180676185794,-83.2540196367416,0.21240291336007305,Holcomb Community,08,Orchard St & Bentler St,ASSAULT,22,0.24444444444444444,0.09988925985588436
960,892ab2c52d7ffff,59,42.3825158991134,-83.1039359555964,0.765849721162628,Dexter-Linwood,10,14th St & Collingwood St,ASSAULT,15,0.2542372881355932,0.09986321254425343
961,892ab2cea97ffff,44,42.3377074861907,-83.1461626484995,1.0332510870477212,Claytown,04,Kirkwood St & Elmer St,AGGRAVATED ASSAULT,6,0.13636363636363635,0.09982891028917981
962,892ab2c6223ffff,70,42.3987881943132,-82.9674936563428,0.5677417962826926,Chandler Park,05,Chandler Park Dr & Lakeview St,ASSAULT,17,0.24285714285714285,0.09977788737213492
963,892ab2c0d6fffff,57,42.4253474865776,-83.0825344665267,0.7982237983735667,Northeast Central District,11,Marx St & E Nevada St,ASSAULT,14,0.24561403508771928,0.09967870512171981
964,892ab2cf693ffff,74,42.4242679356124,-83.2482302822356,0.49421600060141097,Holcomb Community,08,Pickford St & Braile St,ASSAULT,13,0.17567567567567569,0.099665297097567
965,892ab2cf667ffff,33,42.4057086214033,-83.2607251754573,1.2266229808004465,Brightmoor,08,Dacosta St & Pilgrim St,AGGRAVATED ASSAULT,7,0.21212121212121213,0.09965438241305802
966,892ab2c5c17ffff,67,42.3431119847178,-83.0335819694132,0.6182664364570858,Lafayette Park,07,Chateaufort Pl & Orleans St,LARCENY,18,0.26865671641791045,0.09960885943856307
967,892ab2ce8a3ffff,90,42.3311581828078,-83.1155268312082,0.20691010101759244,Chadsey Condon,04,Wesson St & Michigan Ave,LARCENY,21,0.23333333333333334,0.0995878842964196
968,892ab2c1bd7ffff,73,42.4305257175031,-83.1949569468217,0.5095372302196143,San Bernardo,12,Coyle St & W 7 Mile Rd,ASSAULT,12,0.1643835616438356,0.09952553882003111
969,892ab2c614bffff,64,42.3947265468081,-82.9376029035271,0.6694267227228355,Morningside,05,Buckingham Ave & Bremen St,DAMAGE TO PROPERTY,13,0.203125,0.09947470766395314
970,892ab2c43d3ffff,80,42.3574956705289,-83.0074514007219,0.3831979714465311,Islandview,07,Kercheval St & E Grand Blvd,RUNAWAY,26,0.325,0.09945639503837393
971,892ab2ce37bffff,86,42.3635913611916,-83.1776445025633,0.2752453708032574,We Care Community,02,Westfield St & Schaefer Hwy,ASSAULT,27,0.313953488372093,0.09941568464040688
972,892ab2cf09bffff,63,42.4064221248198,-83.2325136833609,0.6859488096721185,North Rosedale Park,08,Grand River Ave & W Outer Dr,LARCENY,16,0.25396825396825395,0.0994008371370678
973,892ab2c0a63ffff,75,42.4208659286759,-83.1420889377796,0.4711975190352152,Bagley,12,Santa Clara St & Livernois Ave,ASSAULT,15,0.2,0.09938272825603733
974,892ab2cf577ffff,64,42.3964867030206,-83.2087307962607,0.6671408877148561,Grand River-St Marys,08,Grand River Ave & Woodmont Ave,DAMAGE TO PROPERTY,12,0.1875,0.09934929016169367
975,892ab2ce327ffff,73,42.3589136746664,-83.1596295313742,0.5059055923591743,Barton-McFarland,02,Dawes St & Joy Rd,ASSAULT,22,0.3013698630136986,0.099326280803605
976,892ab2cc623ffff,90,42.3523432369236,-83.2235576724918,0.20209731484343402,Warrendale,06,Belton St & Brace St,ASSAULT,25,0.2777777777777778,0.09932381990911046
977,892ab2c71d7ffff,57,42.4126377490584,-83.0028609682351,0.7898226639835424,Gratiot-Findlay,09,Christy St & Elmo St,ASSAULT,13,0.22807017543859648,0.09921775790214143
978,892ab2cec5bffff,41,42.3573893458374,-83.1306330400976,1.0755557071781754,Midwest,10,Spokane St & Northfield St,ASSAULT,10,0.24390243902439024,0.09920887238383186
979,892ab2c53dbffff,62,42.36659258751,-83.0919176568355,0.7000041640683283,Virginia Park Community,10,Churchill St & W Bethune St,DAMAGE TO PROPERTY,16,0.25806451612903225,0.09919162375539695
980,892ab2c442fffff,82,42.377743211354,-82.981718935991,0.34159730035269803,West End,05,Fairview St & Mack Ave,ASSAULT,20,0.24390243902439024,0.09913466454123457
981,892ab2ce5cfffff,101,42.3958128909159,-83.1306577807963,-0.05934437295900929,Oakman Blvd Community,10,Doris St & Wildemere St,BURGLARY,21,0.2079207920792079,0.09901960784313726
982,892ab2c7577ffff,68,42.41806298645285,-82.99557994200009,0.5896136402423773,LaSalle College Park,09,Bradford St & College St,ASSAULT,23,0.3382352941176471,0.09901715119384219
983,892ab2c0c6fffff,69,42.4421664076184,-83.101611368852,0.5715079222486792,Nolan,11,John R St & W Remington Ave,SEX OFFENSES,9,0.13043478260869565,0.09900413222546747
984,892ab2cf11bffff,76,42.3843403661188,-83.2197429129736,0.4449309621116817,Schoolcraft Southfield,06,Rosemont Ave & W Davison St,ASSAULT,22,0.2894736842105263,0.09892194642142382
985,892ab2ce183ffff,73,42.3766405384219,-83.1280278742601,0.49843789398614075,Nardin Park,10,Petoskey Ave & Burlingame St,LARCENY,14,0.1917808219178082,0.09891654866007603
986,892ab2cc553ffff,36,42.3510934873472,-83.1881088943726,1.1595483493543342,Fiskhorn,02,Marlowe St & Tireman Ave,AGGRAVATED ASSAULT,11,0.3055555555555556,0.09891535768295581
987,892ab2cc08bffff,39,42.3507567608824,-83.2048509796063,1.1054511099111435,Warren Ave Community,06,Tireman St & Saint Marys St,ASSAULT,6,0.15384615384615385,0.09888836688582203
988,892ab2c75dbffff,64,42.434583651188,-82.9997544816522,0.6583158951741217,Pulaski,09,Bradford St & E 7 Mile Rd,ASSAULT,12,0.1875,0.09886508700702426
989,892ab2c70a3ffff,60,42.4197461231696,-83.0118696119344,0.7292686457699941,LaSalle College Park,09,Canonbury St & E McNichols Rd,ASSAULT,12,0.2,0.09883650134952077
990,892ab2c62b7ffff,53,42.4073248439964,-82.9573993856088,0.8541175885958018,Outer Drive-Hayes,09,Beaconsfield St & Harper Ave,LARCENY,12,0.22641509433962265,0.09882387557955577
991,892ab21b673ffff,32,42.2930005529445,-83.1252204477474,1.2279394373220742,Delray,04,S Sire St & S Fortune St,STOLEN PROPERTY,7,0.21875,0.09874622061761654
992,892ab2c1dabffff,23,42.4435730829956,-83.1476078152627,1.3885440094877464,Garden Homes,12,San Juan Dr & Norfolk St,AGGRAVATED ASSAULT,4,0.17391304347826086,0.09873462392284836
993,892ab2c70b7ffff,59,42.4199125468633,-83.0064514265262,0.7450801157665379,LaSalle College Park,09,E McNichols Rd & Albion St,LARCENY,14,0.23728813559322035,0.09872364121797686
994,892ab2cc48bffff,76,42.3702614635806,-83.1952606870989,0.4396566854397708,Plymouth-Hubbell,02,Whitcomb St & Elmira St,ASSAULT,14,0.18421052631578946,0.09863256131527778
995,892ab2ce877ffff,62,42.327797970376395,-83.1308254931587,0.6879242729092063,Claytown,04,Parkwood St & Freer St,ASSAULT,15,0.24193548387096775,0.09852883323400993
996,892ab2cf62bffff,57,42.4057225182904,-83.2570376053713,0.7765890438369113,Brightmoor,08,Lahser Rd & Pilgrim St,ASSAULT,16,0.2807017543859649,0.09849166543315427
997,892ab2cf48bffff,56,42.4248266763879,-83.2226936485947,0.7943384368715153,Evergreen-Outer Drive,08,Pickford St & Glastonbury Rd,AGGRAVATED ASSAULT,9,0.16071428571428573,0.09848513382757841
998,892ab2cc42bffff,51,42.3557902880991,-83.1957759082092,0.8836459432789088,Fiskhorn,02,Prest St & Mackenzie St,ASSAULT,15,0.29411764705882354,0.09848323116099303
999,892ab2cf483ffff,57,42.4249020384862,-83.2202853597597,0.7764215837740464,Evergreen-Outer Drive,08,Pickford St & Ashton Ave,ASSAULT,21,0.3684210526315789,0.09848247735845096
1000,892ab2c660bffff,92,42.4271623011718,-82.9652598721674,0.1506414576743597,Mapleridge,09,Hayes St & Troester St,DAMAGE TO PROPERTY,19,0.20652173913043478,0.09846136236144279
1001,892ab2c5207ffff,71,42.372521267787,-83.1039966020434,0.5249987140996732,Virginia Park Community,10,Hazelwood St & La Salle Blvd,ASSAULT,14,0.19718309859154928,0.09841308375259546
1002,892ab2cf003ffff,60,42.3980113505665,-83.2373069506992,0.7214305783179268,Brightmoor,08,Evergreen Rd & W Outer Dr,ASSAULT,11,0.18333333333333332,0.09840644806966986
1003,892ab2c5e97ffff,58,42.3465076156551,-83.0546367820963,0.756702662940747,Brush Park,03,Watson St & John R St,LARCENY,32,0.5517241379310345,0.09838094637145967
1004,892ab2c5383ffff,16,42.3623680639626,-83.0792229312479,1.5068804660525883,Elijah McCoy,03,S M 10 Service Drive & Elijah Mccoy Dr,DAMAGE TO PROPERTY,4,0.25,0.09836467588006043
1005,892ab2c5c2fffff,48,42.333277925389,-83.0341726937815,0.9343465421876106,Rivertown,07,E Jefferson Ave & Rivard St,LARCENY,15,0.3125,0.09832385760093487
1006,892ab2c6603ffff,77,42.4272155762042,-82.9627958995486,0.4157265487712319,Mapleridge,09,Brock St & Troester St,AGGRAVATED ASSAULT,17,0.22077922077922077,0.09829997245679203
1007,892ab2c46abffff,65,42.3811279567879,-83.0075452251363,0.6290502844589392,Gratiot Woods,07,Burns St & Moffat St,ASSAULT,15,0.23076923076923078,0.09823975531016024
1008,892ab2cf407ffff,39,42.4154821358758,-83.2228120358993,1.0932216839395543,Evergreen-Outer Drive,08,Glastonbury Rd & W McNichols Rd,ASSAULT,7,0.1794871794871795,0.09821737179909457
1009,892ab2ce3c7ffff,63,42.3732145663048,-83.1693583942327,0.6641411181515889,Pride Area Community,02,Plymouth Rd & Iris St,ASSAULT,14,0.2222222222222222,0.09820430887015338
1010,892ab2c1aabffff,90,42.4374240104359,-83.2097913005522,0.18140259019455304,Greenfield,08,Asbury Park & Saint Martins Ave,DAMAGE TO PROPERTY,19,0.2111111111111111,0.09818835708421284
1011,892ab2cf0c7ffff,70,42.4024952389278,-83.2385605668594,0.5383858310085371,Brightmoor,08,Keeler St & Vaughan St,STOLEN VEHICLE,14,0.2,0.09816720601138575
1012,892ab2c521bffff,30,42.3766053196953,-83.1079154861368,1.2531112991237705,Boston Edison,10,Chicago Blvd & Linwood St,LARCENY,8,0.26666666666666666,0.09816654737418654
1013,892ab2cc2a7ffff,96,42.3360302007423,-83.2240781643927,0.07152600623006815,Warrendale,06,Brace St & Paul Dr,ASSAULT,38,0.3958333333333333,0.09804208299433764
1014,892ab2c1bc7ffff,66,42.4269054184302,-83.1972807557497,0.6049493628300341,Winship,12,Margareta St & Whitcomb St,ASSAULT,17,0.25757575757575757,0.0978977959489576
1015,892ab2cc6cfffff,96,42.3647797470597,-83.2336043483936,0.06820844568870535,Franklin Park,06,W Chicago St & Plainview Ave,ASSAULT,22,0.22916666666666666,0.09786005753963954
1016,892ab2c642fffff,76,42.4197868265035,-82.9288912696487,0.4250087064695157,Cornerstone Village,05,Chester St & University Pl,ASSAULT,17,0.2236842105263158,0.09782886685387279
1017,892ab2c1b57ffff,89,42.4248941784565,-83.202470194719,0.19243502611401544,College Park,08,Curtis St & Winthrop St,ASSAULT,24,0.2696629213483146,0.0978132844504244
1018,892ab2c08b3ffff,67,42.4326074287385,-83.0915419189279,0.5802266999343889,Nolan,11,Cardoni St & E 7 Mile Rd,ASSAULT,13,0.19402985074626866,0.0975217233484118
1019,892ab2ce813ffff,59,42.3360281533571,-83.1243358486755,0.7230358091990821,Claytown,04,Horatio St & Livernois Ave,LARCENY,9,0.15254237288135594,0.09751413053191195
1020,892ab2cc62fffff,88,42.350481050899,-83.2259264464247,0.20430177051215928,Warrendale,06,Artesian St & Tireman St,ASSAULT,19,0.2159090909090909,0.09748398803633025
1021,892ab2ca94bffff,45,42.4363338045925,-83.2611120885154,0.9725126692209494,Berg-Lahser,08,Pembroke Ave & Houghton St,AGGRAVATED ASSAULT,11,0.24444444444444444,0.09747675192142718
1022,892ab2c7687ffff,65,42.4410808720366,-83.033067179934,0.614838892041714,Sherwood,11,E Outer Dr & Concord St,DAMAGE TO PROPERTY,15,0.23076923076923078,0.09746001515639774
1023,892ab2cf1a7ffff,45,42.3769811845364,-83.2025570021471,0.9719218457952045,Plymouth-I96,06,Mansfield St & Capitol St,DAMAGE TO PROPERTY,10,0.2222222222222222,0.09744433505928507
1024,892ab2c6383ffff,54,42.3961771656098,-82.9456235594527,0.8109511618744492,Morningside,05,Munich St & Somerset Ave,ASSAULT,14,0.25925925925925924,0.09743584420542875
1025,892ab2cf35bffff,26,42.3805805068222,-83.2624253130237,1.3101900349485631,Castle Rouge,06,Chatham St & Glendale St,STOLEN VEHICLE,7,0.2692307692307692,0.0973767325497372
1026,892ab2ce303ffff,66,42.3660317046333,-83.1667230574911,0.5945591650123921,Barton-McFarland,02,W Chicago St & Manor,ASSAULT,15,0.22727272727272727,0.09732771427039308
1027,892ab2c0b73ffff,52,42.4076275055007,-83.1192298535319,0.8434344092312452,Pilgrim Village,12,Wabash St & Pilgrim St,ASSAULT,17,0.3269230769230769,0.09725732664960335
1028,892ab2c615bffff,69,42.3970590293311,-82.9377129810001,0.5390825989775152,Morningside,05,Devonshire Rd & Waveney St,DAMAGE TO PROPERTY,21,0.30434782608695654,0.09722504360339752
1029,892ab2ce6b3ffff,31,42.4074036236007,-83.1630362225283,1.217893335987686,Bethune Community,12,James Couzens Fwy & Griggs St,LARCENY,11,0.3548387096774194,0.0972146264131842
1030,892ab2c752bffff,44,42.4156843090261,-82.9938673130003,0.9851121098412089,Gratiot-Findlay,09,Findlay St & Devon St,ASSAULT,8,0.18181818181818182,0.09718765654099115
1031,892ab2cf5cbffff,58,42.4084317609586,-83.21477865501839,0.7340120661396541,Crary/St Marys,08,Puritan St & Oakfield St,ASSAULT,11,0.1896551724137931,0.09713597551151759
1032,892ab2cec97ffff,49,42.3601155022648,-83.1062560182353,0.8945374307409798,Wildemere Park,10,Lothrop St & Wildemere St,ASSAULT,13,0.2653061224489796,0.09712003291477236
1033,892ab2c655bffff,64,42.4177307702039,-82.9257931089199,0.6255047849682155,Cornerstone Village,05,Farmbrook St & Berden St,ASSAULT,16,0.25,0.09706483131314432
1034,892ab2cc633ffff,99,42.3559639714285,-83.222531681634,-0.25280660155229695,Warrendale,06,Joy Rd & Greenview Ave,FRAUD,18,0.18181818181818182,0.09705882352941178
1035,892ab2ce657ffff,99,42.4074158634336,-83.1835786763165,-0.15900514669901183,Bethune Community,02,Pilgrim St & Stansbury St,ASSAULT,24,0.24242424242424243,0.09705882352941178
1036,892ab2cf167ffff,99,42.372161434159,-83.2216492974809,-0.17793575149792093,Southfield Plymouth,06,Faust Ave & Plymouth Rd,ASSAULT,26,0.26262626262626265,0.09705882352941178
1037,892ab2c468fffff,47,42.3872638308087,-83.0085540695618,0.9268002138344269,Gratiot Woods,07,Holcomb Ave & Gratiot Ave,ASSAULT,7,0.14893617021276595,0.096929419089028
1038,892ab2ce137ffff,61,42.3630304970266,-83.128583300857,0.6763922765861884,Midwest,10,S Martindale St & Beechwood St,ASSAULT,17,0.2786885245901639,0.09691571204384009
1039,892ab2c5c8fffff,54,42.347726585037,-83.0290254781578,0.7994106824949639,Elmwood Park,07,Chene St & Antietam Ave,LARCENY,12,0.2222222222222222,0.09680264973006222
1040,892ab2cf127ffff,56,42.3723804340429,-83.2095936377649,0.7624156471986019,Joy Community,06,Grandmont Ave & Plymouth Rd,ASSAULT,16,0.2857142857142857,0.09673361784678575
1041,892ab2ce0a7ffff,90,42.3840572333895,-83.1415867844488,0.15408295629516536,Oakman Blvd Community,10,Santa Rosa Dr & W Buena Vista St,ASSAULT,22,0.24444444444444444,0.096689403645166
1042,892ab2c614fffff,71,42.3918222974696,-82.9364305117066,0.4926047132231463,Morningside,05,Brunswick St & Devonshire Rd,DAMAGE TO PROPERTY,17,0.23943661971830985,0.09663571370447616
1043,892ab2c0b43ffff,39,42.4126472718105,-83.124101597906,1.0641581939340001,Martin Park,12,Baylis St & Florence St,ASSAULT,10,0.2564102564102564,0.09662273775476699
1044,892ab2c567bffff,87,42.3890432623231,-83.1053070661068,0.20592046847773102,Dexter-Linwood,10,Woodrow Wilson St & Elmhurst St,ASSAULT,26,0.2988505747126437,0.09659240940058597
1045,892ab2c8dabffff,53,42.40947457066,-83.2807788123574,0.8129816843303045,South of Six,08,Lenore Ave & Florence St,ASSAULT,24,0.4528301886792453,0.09656686125080773
1046,892ab2c7673ffff,66,42.4359864716902,-83.0481551974684,0.5793872127975004,Farwell,11,Bloom St & Emery St,DAMAGE TO PROPERTY,13,0.19696969696969696,0.09649527083307174
1047,892ab2c8d83ffff,66,42.4168750262246,-83.2788224511998,0.5787088090117884,The Eye,08,Woodbine St & Santa Maria St,DAMAGE TO PROPERTY,19,0.2878787878787879,0.09645804867660361
1048,892ab2cf567ffff,36,42.3916521309347,-83.2107957982906,1.1147331294139253,Grandmont,08,Grandmont Ave & Acacia St,STOLEN VEHICLE,9,0.25,0.09645646938676886
1049,892ab2c406fffff,43,42.3565947673885,-83.0047469126837,0.9893483289249559,Islandview,07,Sheridan St & Kercheval St,FRAUD,13,0.3023255813953488,0.09643969411534384
1050,892ab2c1b83ffff,74,42.4272070531409,-83.1887011368522,0.4351756913239937,Winship,12,Margareta St & Mark Twain St,DAMAGE TO PROPERTY,15,0.20270270270270271,0.09642591713516722
1051,892ab2c6017ffff,73,42.4110818663252,-82.9384149991783,0.4523326224109327,East English Village,05,Kensington Ave & Linville St,ASSAULT,13,0.1780821917808219,0.09638687876624207
1052,892ab2c19abffff,63,42.4242101578607,-83.1574508293835,0.6296384946246261,Bagley,12,Curtis St & Wisconsin St,STOLEN VEHICLE,18,0.2857142857142857,0.09631124447615948
1053,892ab2d5943ffff,67,42.4490542285599,-82.9635859198149,0.5574403756259158,Regent Park,09,Brock St & Collingham Dr,ASSAULT,13,0.19402985074626866,0.09627150018249345
1054,892ab2c1d0fffff,50,42.441067732013,-83.1547194823391,0.8591977667883043,Garden Homes,12,Northlawn St & Chippewa St,ASSAULT,14,0.28,0.0961614345635006
1055,892ab2c5677ffff,51,42.3894434002176,-83.0974645775913,0.8409885531232567,Gateway Community,10,Hamilton Ave & Webb St,ASSAULT,14,0.27450980392156865,0.09614273707128229
1056,892ab2cc92fffff,58,42.2625686612941,-83.1570444926093,0.7151752114026801,Boynton,04,S Ethel St & Francis St,ASSAULT,10,0.1724137931034483,0.096102448916952
1057,892ab2ca917ffff,59,42.4366809326639,-83.2425789469907,0.6972005170611342,Evergreen Lahser 7/8,08,Pembroke Ave & Stout St,ASSAULT,14,0.23728813559322035,0.09609661885728352
1058,892ab2c6e2bffff,47,42.3646715723254,-82.934062322233,0.9114332080442706,Jefferson Chalmers,05,Korte St & Ashland St,ASSAULT,12,0.2553191489361702,0.09608627359660163
1059,892ab2c19bbffff,37,42.4260367258642,-83.1553203371257,1.0895432868688921,Bagley,12,Cherrylawn St & Pickford St,STOLEN VEHICLE,11,0.2972972972972973,0.09605476391922778
1060,892ab2cf487ffff,65,42.4228342691078,-83.2158402763204,0.5885855646267486,College Park,08,Curtis St & Oakfield St,LARCENY,13,0.2,0.09601956703179942
1061,892ab2ce90bffff,83,42.315566115254,-83.111464620769,0.26594798220565913,Central Southwest,04,W Vernor Hwy & Infantry St,FRAUD,62,0.7469879518072289,0.095964385938172
1062,892ab2cf157ffff,53,42.3842308488428,-83.2246612868479,0.7997748406707619,Schoolcraft Southfield,06,Greenview Rd & W Davison St,DAMAGE TO PROPERTY,11,0.20754716981132076,0.09584223793428265
1063,892ab2cf5a7ffff,82,42.3969297156867,-83.1907038377066,0.27902056893571725,Hubbell-Lyndon,02,Eaton St & Lauder St,ASSAULT,20,0.24390243902439024,0.0957012507880621
1064,892ab2c4697ffff,63,42.3894425247096,-83.0042442885189,0.6174417047556379,West End,07,Cooper St & Shoemaker St,ASSAULT,13,0.20634920634920634,0.09564204004293825
1065,892ab2c0877ffff,45,42.4253520822116,-83.1069606945001,0.9386344358897367,Grixdale Farms,12,Charleston St & W Nevada St,ASSAULT,11,0.24444444444444444,0.0956179461062515
1066,892ab2c192fffff,89,42.4144026723178,-83.1612789467342,0.15119737041858716,Fitzgerald/Marygrove,12,Marygrove Dr & Wyoming St,ASSAULT,25,0.2808988764044944,0.09555068729957908
1067,892ab2c5c0bffff,52,42.3435955142051,-83.0387024182147,0.8121729837663156,Lafayette Park,07,Russell St & Gratiot Ave,LARCENY,25,0.4807692307692308,0.09554209791034807
1068,892ab2c654bffff,46,42.4144194973635,-82.9279506981961,0.9193541628688674,Cornerstone Village,05,Neff Ave & Linville St,ASSAULT,12,0.2608695652173913,0.09554048252255684
1069,892ab2c75d7ffff,73,42.4311690058589,-82.9922701793653,0.43667395562269284,Von Steuben,09,Fairport St & Linnhurst St,ASSAULT,20,0.273972602739726,0.09552773063418576
1070,892ab2c088fffff,56,42.4349659752846,-83.0970504770706,0.7402515798168683,Nolan,11,Emery St & Omira St,AGGRAVATED ASSAULT,12,0.21428571428571427,0.0955175362130615
1071,892ab2c62c7ffff,72,42.4130536120121,-82.9753190645921,0.4541523794666754,Eden Gardens,09,Newport St & E Outer Dr,ASSAULT,15,0.20833333333333334,0.09550633169174685
1072,892ab2c1b23ffff,58,42.4142636050245,-83.1906262194169,0.7016119826870147,Hubbell-Puritan,02,Hubbell St & Grove St,ASSAULT,10,0.1724137931034483,0.0953582717291171
1073,892ab2ce667ffff,67,42.3972606602497,-83.1788977102766,0.5398380448493918,Bethune Community,02,Eaton St & Schaefer Hwy,ASSAULT,21,0.31343283582089554,0.09530570853426415
1074,892ab2c8d8fffff,45,42.4144793564526,-83.2809694950952,0.9321160806836873,The Eye,08,W McNichols Rd & Wormer St,ASSAULT,11,0.24444444444444444,0.09526030182049644
1075,892ab2c196bffff,68,42.4184491656712,-83.176428710193,0.5202221583983351,Schulze,12,W McNichols Rd & Littlefield St,DAMAGE TO PROPERTY,15,0.22058823529411764,0.0952098307614474
1076,892ab2c6327ffff,24,42.3809024912201,-82.9462050207874,1.3061803170541384,Riverbend,05,E Vernor Hwy & Manistique St,STOLEN VEHICLE,6,0.25,0.0951959460042984
1077,892ab2cf117ffff,83,42.3821204035815,-83.2136262312083,0.2508560280498226,Schoolcraft Southfield,06,Abington Ave & Glendale St,ASSAULT,20,0.24096385542168675,0.09513633177510594
1078,892ab2c644bffff,60,42.4323232729512,-82.9468486353429,0.6597230651400454,Moross-Morang,09,Moross Rd & Whitehill St,ASSAULT,17,0.2833333333333333,0.09502072593907107
1079,892ab2c531bffff,29,42.3603178625843,-83.0900754412909,1.2130193343350466,Elijah McCoy,03,Wabash St & Marquette St,LARCENY,8,0.27586206896551724,0.0949864189866143
1080,892ab2cc2d3ffff,93,42.3520413090919,-83.2416953813226,0.06842869008526375,Warrendale,06,Patton St & Belton Ave,STOLEN VEHICLE,17,0.1827956989247312,0.09493096527548203
1081,892ab2c6253ffff,68,42.4120462230557,-82.9825365695995,0.515022685123272,Eden Gardens,09,Park Dr & Rosemary Ave,ASSAULT,18,0.2647058823529412,0.09492454991267796
1082,892ab2ce5b7ffff,47,42.3900473968871,-83.1088660509066,0.8896092586258286,Dexter-Linwood,10,Cortland St & Rosa Parks Blvd,ASSAULT,16,0.3404255319148936,0.09488885330338565
1083,892ab2c6353ffff,70,42.3942549663125,-82.96368155739856,0.4781829235350436,Chandler Park,05,Coplin St & E Warren Ave,ASSAULT,18,0.2571428571428571,0.09486403747221894
1084,892ab2ce2afffff,61,42.3793898267945,-83.1769910404988,0.6383934104850798,Pride Area Community,02,Littlefield St & Foley St,ASSAULT,9,0.14754098360655737,0.09483081840171065
1085,892ab2c5e0fffff,20,42.3371750658299,-83.069757107674,1.3701670596356161,North Corktown,03,Trumbull St & Perry St,FRAUD,8,0.4,0.0947851545782967
1086,892ab2c09c3ffff,45,42.4218755313382,-83.0885021045492,0.9223952599900277,Cadillac Heights,11,Madeira St & Hull St,DAMAGE TO PROPERTY,9,0.2,0.09472694703020967
1087,892ab2cf453ffff,16,42.424558444943,-83.2365070727504,1.439950049410893,Evergreen-Outer Drive,08,Pickford St & Westmoreland Rd,ASSAULT,3,0.1875,0.0946923873504489
1088,892ab2c72d3ffff,68,42.427859684902,-83.0551660408193,0.5103889761074398,Krainz Woods,11,Healy St & Stockton St,ASSAULT,15,0.22058823529411764,0.09467031099826191
1089,892ab2cd5a7ffff,96,42.3538242896865,-83.2443358607145,0.010071663591628142,Warrendale,06,Braile St & Constance Ave,ASSAULT,29,0.3020833333333333,0.09467025163739119
1090,892ab2cf0a7ffff,56,42.3938049873799,-83.2226010147821,0.724440126765587,Rosedale Park,08,Greenview Rd & Lyndon St,STOLEN VEHICLE,11,0.19642857142857142,0.09465000511748276
1091,892ab2c5e4bffff,39,42.3406483604896,-83.0817844101158,1.0276561131658666,Core City,03,Magnolia St & 15th St,DAMAGE TO PROPERTY,8,0.20512820512820512,0.09461996862172287
1092,892ab2c5267ffff,68,42.3658902202437,-83.1106224267837,0.5094599313318681,Jamison,10,Wildemere St & Pingree St,ASSAULT,16,0.23529411764705882,0.09461933685759441
1093,892ab2c0d43ffff,66,42.43532379588155,-83.0853963055588,0.5449405208594883,Nolan,11,Riopelle St & Emery St,ASSAULT,15,0.22727272727272727,0.09460527525207578
1094,892ab2c0d8fffff,71,42.4380294429853,-83.0664139663049,0.45544629772796325,Pershing,11,E Lantz St & Wexford St,ASSAULT,21,0.29577464788732394,0.09459693328372956
1095,892ab2cc40bffff,68,42.3653054788998,-83.2023579039032,0.5074693382458082,Joy Community,06,W Chicago St & Rutherford St,ASSAULT,16,0.23529411764705882,0.09451011847044176
1096,892ab2c5a73ffff,63,42.3151340606938,-83.0836185616444,0.5937234078151397,West Side Industrial,04,W Fort St & W Grand Blvd,ASSAULT,19,0.30158730158730157,0.09434068209289298
1097,892ab2cc4d3ffff,44,42.374732986698,-83.1988250168679,0.9324273444077739,Plymouth-I96,06,Wadsworth St & Winthrop St,ASSAULT,11,0.25,0.09429698785111557
1098,892ab2c44bbffff,58,42.3892921887197,-82.9760334313788,0.6821382213307094,Conner Creek Industrial,05,E Warren Ave & Conner St,FRAUD,20,0.3448275862068966,0.09428979981387427
1099,892ab2d5b0bffff,61,42.4439547517203,-82.9879159852375,0.6284623902801694,Conner Creek,09,Fairmount Dr & Hickory St,ASSAULT,19,0.3114754098360656,0.09428593054032068
1100,892ab2c75bbffff,72,42.4245804086279,-82.9835481702481,0.43171495356843587,Mapleridge,09,Hickory St & Gratiot Ave,DAMAGE TO PROPERTY,12,0.16666666666666666,0.09427525162539653
1101,892ab2ce613ffff,61,42.4076423699101,-83.1750474342461,0.6277317404041398,Bethune Community,12,Pilgrim St & Littlefield St,ASSAULT,16,0.26229508196721313,0.09424584178406403
1102,892ab2c5e63ffff,28,42.3343215988852,-83.0736696471869,1.2147174967344814,North Corktown,03,Pine St & Rosa Parks Blvd,STOLEN VEHICLE,7,0.25,0.09409920034657346
1103,892ab2d5b87ffff,87,42.4496782366846,-82.9709421852496,0.15998904728560856,Mohican Regent,09,Mohican St & E 8 Mile Rd,ASSAULT,20,0.22988505747126436,0.0940722782008123
1104,892ab2ce20bffff,82,42.3839801576902,-83.1913237378696,0.24775530388911618,Schoolcraft Southfield,02,Terry St & Tyler St,ASSAULT,20,0.24390243902439024,0.09398581138148338
1105,892ab2c624bffff,48,42.4091054315489,-82.9900353284139,0.8549920170321901,Eden Gardens,09,Rosemary Ave & Barrett St,ASSAULT,8,0.16666666666666666,0.09396989228706173
1106,892ab2c50d3ffff,16,42.3885746456718,-83.0781140066321,1.4244302044924562,Arden Park,03,Arden Park Blvd & Brush St,LARCENY,4,0.25,0.0938408559939293
1107,892ab2cf513ffff,74,42.4031769174793,-83.204251065497,0.3877521947571916,Crary/St Marys,08,Keeler St & Rutherford St,ASSAULT,18,0.24324324324324326,0.09382391984881165
1108,892ab2c7647ffff,73,42.4359624005402,-83.0516336997067,0.4054591605602089,Farwell,11,Emery St & Conley St,ASSAULT,15,0.2054794520547945,0.09381506037731599
1109,892ab2c186fffff,26,42.43241763237615,-83.1937766998133,1.244817224222076,Seven Mile Lodge,12,Cambridge Ave & Coyle St,ASSAULT,7,0.2692307692307692,0.0937899055878714
1110,892ab2c5dd3ffff,42,42.3381752300059,-83.0188516285058,0.9586897945879669,Rivertown,07,Joseph Campau St & Franklin St,LARCENY,18,0.42857142857142855,0.09377715220311429
1111,892ab2ce40bffff,69,42.4074899244171,-83.1485522165244,0.47580557482735414,Fitzgerald/Marygrove,12,Woodingham Dr & Pilgrim St,ASSAULT,26,0.37681159420289856,0.09375320670719885
1112,892ab2c71a3ffff,50,42.4025309689705,-82.9904191734376,0.8150296978681077,Wade,09,Elmdale St & Gunston Ave,ASSAULT,9,0.18,0.09373805367019108
1113,892ab2c532fffff,40,42.346839376398506,-83.08466265441155,0.9933752423335183,Core City,03,W Forest Ave & 14th St,ASSAULT,10,0.25,0.09371946334720309
1114,892ab2c74afffff,63,42.4363657696941,-83.0023666046127,0.581906995521638,Pulaski,09,Bradford St & Lappin St,ASSAULT,19,0.30158730158730157,0.09369234793476444
1115,892ab2c7353ffff,25,42.4056821824016,-83.0439787502487,1.2592949437663585,Buffalo Charles,11,Alpena St & Caniff St,LARCENY,5,0.2,0.09360386622432865
1116,892ab2c7587ffff,76,42.4277180270618,-82.9825408353796,0.3475691778552232,Franklin,09,Gratiot Ave & Greiner St,AGGRAVATED ASSAULT,11,0.14473684210526316,0.09357997215191408
1117,892ab2c5397ffff,24,42.3653961731988,-83.074554839561,1.2764432294556896,Tech Town,03,Amsterdam St & 2nd Ave,LARCENY,8,0.3333333333333333,0.09356435350613057
1118,892ab2cc4afffff,19,42.3583613150626,-83.1872361432825,1.3649939215436093,We Care Community,02,Hubbell St & Joy Rd,LARCENY,5,0.2631578947368421,0.0935209265119838
1119,892ab2c5a47ffff,50,42.3188135730509,-83.0866946223938,0.8107961762263094,Mexicantown,04,Vinewood St & Porter St,ASSAULT,9,0.18,0.09350577194022269
1120,892ab2ce2a3ffff,28,42.383082137103,-83.1751293852433,1.2035675119587874,Pride Area Community,02,E I 96 Service Drive & Littlefield St,AGGRAVATED ASSAULT,4,0.14285714285714285,0.09348743123991565
1121,892ab2ceab3ffff,77,42.3314313686759,-83.1444415151851,0.32783856964272134,Claytown,04,W I 94 Service Drive & Elmer St,DAMAGE TO PROPERTY,18,0.23376623376623376,0.09347779991045674
1122,892ab2ce92bffff,55,42.3088024485896,-83.1085639637539,0.7199097072170622,Central Southwest,04,Army St & Casgrain St,ASSAULT,19,0.34545454545454546,0.0934210412561969
1123,892ab2c180fffff,71,42.4381533223692,-83.1868420221069,0.4338548454662893,Schaefer 7/8 Lodge,12,Pembroke Ave & Mark Twain St,ASSAULT,17,0.23943661971830985,0.09341226947231673
1124,892ab2ce847ffff,54,42.332541304494,-83.1361426421859,0.7375180471416671,Claytown,04,E I 94 Service Drive & Proctor St,ASSAULT,12,0.2222222222222222,0.0934067704530498
1125,892ab2c45afffff,59,42.3656888155731,-82.9539515269942,0.6472014588623111,Jefferson Chalmers,05,Algonquin & Freud St,DAMAGE TO PROPERTY,17,0.288135593220339,0.09335330756284083
1126,892ab2c6663ffff,74,42.4207540490345,-82.9675174107174,0.3785076561603374,Mapleridge,09,Houston Whittier Ave & Queen St,DAMAGE TO PROPERTY,12,0.16216216216216217,0.09331669735186354
1127,892ab2ce13bffff,80,42.3666065327489,-83.1350587597649,0.27084219149635663,Nardin Park,10,Grand River Ave & Dundee St,ASSAULT,25,0.3125,0.09329174131814676
1128,892ab2ce123ffff,81,42.3623394061245,-83.1327135731362,0.2507383991301681,Midwest,10,Whitfield St & Beechwood St,ASSAULT,24,0.2962962962962963,0.09316909348493638
1129,892ab2d5b13ffff,67,42.4469146200865,-82.980637556401,0.5006218660966024,Mohican Regent,09,Anvil St & Edmore Dr,STOLEN VEHICLE,16,0.23880597014925373,0.09315402428314075
1130,892ab2cecc7ffff,64,42.3588621413993,-83.1182749066471,0.5537199317931932,Midwest,10,Firwood St & Pacific St,ASSAULT,14,0.21875,0.09312619315516431
1131,892ab2c1b4fffff,85,42.4194201658825,-83.2091327448852,0.17817156705199885,College Park,08,Murray Hill St & W Outer Dr,DAMAGE TO PROPERTY,22,0.25882352941176473,0.09310911891510663
1132,892ab2c1ab3ffff,83,42.4411604430629,-83.2016944457219,0.21336996544605474,Greenfield,08,Greenfield Rd & Trojan St,DAMAGE TO PROPERTY,16,0.1927710843373494,0.09307957425547086
1133,892ab2c1b53ffff,69,42.4266699507741,-83.2051088795638,0.4631761297813371,College Park,08,Margareta St & Saint Marys St,ASSAULT,13,0.18840579710144928,0.09306026367016186
1134,892ab2c1957ffff,85,42.4276108848563,-83.1727985609721,0.17571863058323617,Schulze,12,Appoline St & Margareta St,ASSAULT,21,0.24705882352941178,0.09297453301365728
1135,892ab2c8d87ffff,48,42.4145415000047,-83.2771805154978,0.8361953688251204,Riverdale,08,Telegraph Rd & W McNichols Rd,ASSAULT,13,0.2708333333333333,0.09293857171460075
1136,892ab2cf4c7ffff,74,42.4247351345766,-83.2273781172438,0.3715352437699178,Evergreen-Outer Drive,08,Pickford St & Stahelin Ave,ASSAULT,24,0.32432432432432434,0.09293414019280488
1137,892ab2c62cfffff,69,42.4120745115971,-82.9792811141416,0.4608630593895622,Eden Gardens,09,Dickerson St & Promenade Ave,ASSAULT,18,0.2608695652173913,0.09293335183703563
1138,892ab2c7553ffff,39,42.4290295894489,-83.0043984036163,0.9952514269840389,Von Steuben,09,Hoover St & Park Grove St,ASSAULT,13,0.3333333333333333,0.09284201230018618
1139,892ab2ced33ffff,37,42.3320104318772,-83.0901065517564,1.0308586359528278,Chadsey Condon,03,Butternut St & Tillman St,ASSAULT,11,0.2972972972972973,0.09283489795638741
1140,892ab2c19c3ffff,64,42.4330346825813,-83.1697009434856,0.5480404276003464,McDowell,12,Cambridge Ave & Meyers Rd,ASSAULT,14,0.21875,0.09281457432552329
1141,892ab2cedafffff,51,42.3329792095151,-83.0882216437348,0.7801772289903959,Chadsey Condon,03,Maybury Grand St & Lawton St,ASSAULT,10,0.19607843137254902,0.09280618637746105
1142,892ab2c1933ffff,79,42.4205929772138,-83.1593388955746,0.27836970229634556,Bagley,12,Santa Clara St & Kentucky St,ASSAULT,14,0.17721518987341772,0.0927243630487563
1143,892ab2c0ddbffff,63,42.4450152221213,-83.0789591139431,0.5635431171060189,Butler,11,Fleming St & E Winchester Ave,ASSAULT,27,0.42857142857142855,0.0926847722546984
1144,892ab2c4097ffff,50,42.3742010176364,-82.982304454565,0.7922082532559139,East Village,05,Goethe Ave & Montclair St,ASSAULT,12,0.24,0.09248590354945936
1145,892ab2c62a7ffff,69,42.4039172508546,-82.9579224573067,0.45165664483342777,Morningside,05,Wayburn St & Linville St,ASSAULT,19,0.2753623188405797,0.09242822110171792
1146,892ab2c0ac7ffff,18,42.4336576367437,-83.1356991285216,1.362693278990491,Sherwood Forest,12,Kingston Rd & Sherbourne Rd,FRAUD,6,0.3333333333333333,0.09241430440344181
1147,892ab2cc487ffff,65,42.3681019544031,-83.1863588720809,0.5224676920172829,Plymouth-Hubbell,02,Orangelawn St & Mark Twain St,ASSAULT,20,0.3076923076923077,0.09239186056635368
1148,892ab2cf49bffff,38,42.4270345357509,-83.2219548898873,1.0032342051765404,Evergreen-Outer Drive,08,Rosemont Ave & Clarita St,ASSAULT,9,0.23684210526315788,0.09229961330490333
1149,892ab21b6abffff,15,42.2940929640053,-83.1104082587841,1.4138010099743332,Delray,04,W Jefferson Ave & S Solvay St,STOLEN PROPERTY,4,0.26666666666666666,0.0922772690645482
1150,892ab2ce1afffff,43,42.367066190795,-83.1258289571572,0.9121655755426523,Petoskey-Otsego,10,Broadstreet Ave & Joy Rd,ASSAULT,15,0.3488372093023256,0.0922048879666384
1151,892ab2c4057ffff,46,42.3686085174064,-83.0020499907381,0.8558942620999798,Pingree Park,07,Iroquois St & Mack Ave,LARCENY,10,0.21739130434782608,0.09205861168748582
1152,892ab2c5013ffff,49,42.3809665807859,-83.0733179667439,0.8016055270303948,North End,03,Hague St & Beaubien St,LARCENY,18,0.3673469387755102,0.09202111405015045
1153,892ab2c5353ffff,53,42.3623326424271,-83.0945055900909,0.7274514516909917,NW Goldberg,03,W Grand Blvd & 14th St,LARCENY,12,0.22641509433962265,0.09187405179262359
1154,892ab2cedb3ffff,21,42.3377477894361,-83.085594380276,1.2982058789363602,North Corktown,03,18th St & Martin Luther King Jr Blvd,LARCENY,7,0.3333333333333333,0.09181723396917327
1155,892ab2c0c2fffff,91,42.4423747862495,-83.090037874232,0.04682629919935941,Nolan,11,Hanna St & E Remington Ave,ASSAULT,20,0.21978021978021978,0.09178491697801089
1156,892ab2c0917ffff,20,42.4149526002698,-83.0811219691103,1.3152228258285896,North Campau,11,Dequindre St & Modern St,DAMAGE TO PROPERTY,9,0.45,0.0917705150511293
1157,892ab2c505bffff,47,42.3823766714501,-83.0889119992216,0.8323436787445219,Boston Edison,10,Edison St & 3rd St,ASSAULT,10,0.2127659574468085,0.09174684787907356
1158,892ab2cababffff,51,42.4291730696419,-83.2678603625542,0.7599991618789435,Seven Mile-Rouge,08,Berg Rd & W 7 Mile Rd,ASSAULT,10,0.19607843137254902,0.09169907113567491
1159,892ab2c40cfffff,41,42.3719996679948,-83.002160981547,0.9386452502600044,Pingree Park,07,Burns St & Sylvester St,AGGRAVATED ASSAULT,10,0.24390243902439024,0.09169697083365894
1160,892ab2c0e0fffff,41,42.446505008957,-83.1249444682011,0.9383511212859393,State Fair,12,Woodward Ave & W 8 Mile Rd,LARCENY,11,0.2682926829268293,0.09168083278295071
1161,892ab2c642bffff,30,42.4214905746038,-82.93288708479969,1.1347012180227745,Moross-Morang,09,Casino St & Camley St,ASSAULT,8,0.26666666666666666,0.09166971074241412
1162,892ab2c19b3ffff,78,42.4278493107826,-83.1517544642142,0.27699362801685457,Bagley,12,Greenlawn St & Margareta St,ASSAULT,18,0.23076923076923078,0.09166846946748855
1163,892ab2c182bffff,66,42.4344480837964,-83.185283287978,0.49080468426935414,Schaefer 7/8 Lodge,12,Ardmore St & Cambridge Ave,ASSAULT,15,0.22727272727272727,0.09163499026468147
1164,892ab2ce66bffff,76,42.3970556028152,-83.1876648930677,0.3113622130937836,Bethune Community,02,Chalfonte St & Strathmoor St,ASSAULT,22,0.2894736842105263,0.09159339522535342
1165,892ab2c8d9bffff,44,42.4192702842928,-83.2813601834638,0.882955093874613,The Eye,08,Lenore Ave & Bennett St,ASSAULT,14,0.3181818181818182,0.0915825810495028
1166,892ab2d5913ffff,46,42.4501995624708,-82.948855402389,0.8471059668371999,Regent Park,09,Shakespeare St & E 8 Mile Rd,ASSAULT,23,0.5,0.09157642201188411
1167,892ab2c403bffff,20,42.3611022869977,-82.9930977485676,1.3112074003721306,East Village,07,Fischer Ave & Kercheval St,LARCENY,9,0.45,0.0915501996611295
1168,892ab2ce10bffff,66,42.36986871733215,-83.1413278309556,0.4890468020644534,Oakman Blvd Community,10,Grand River Ave & Monica St,ASSAULT,14,0.21212121212121213,0.09153854008580356
1169,892ab2c0a5bffff,65,42.4315000806176,-83.148223800949,0.5068710907248354,Bagley,12,San Juan Dr & W 7 Mile Rd,STOLEN VEHICLE,16,0.24615384615384617,0.09153611779795294
1170,892ab2c1b97ffff,50,42.4273884638923,-83.1839415751916,0.7746161204890353,Tri-Point,12,Margareta St & Ardmore St,DAMAGE TO PROPERTY,10,0.2,0.09152067143807033
1171,892ab2c1d77ffff,57,42.4385927948099,-83.1580600331484,0.646975261648574,Garden Homes,12,Indiana St & Pembroke Ave,ASSAULT,17,0.2982456140350877,0.09138011242792049
1172,892ab2c4683ffff,51,42.3895059329693,-83.0070854404105,0.7540563653276476,West End,07,Belvidere St & Gratiot Ave,LARCENY,10,0.19607843137254902,0.09137300617591275
1173,892ab2c7583ffff,61,42.4305035332594,-82.984934949842,0.5753232292364009,Franklin,09,Park Grove St & Schoenherr St,ASSAULT,17,0.2786885245901639,0.0913703304086364
1174,892ab2c43c7ffff,49,42.3521108159242,-83.0063893655434,0.7897335878239821,Islandview,07,Agnes St & E Grand Blvd,ASSAULT,12,0.24489795918367346,0.09136973328248921
1175,892ab2c1b47ffff,65,42.4211155418059,-83.2036494535625,0.5036196807487918,College Park,08,Prevost St & W Outer Dr,ASSAULT,14,0.2153846153846154,0.09135772184347966
1176,892ab2c2b2bffff,47,42.447253872214,-83.0627718808071,0.823913000621833,Farwell,11,Dean St & Hamlet St,ASSAULT,10,0.2127659574468085,0.09128427967585233
1177,892ab2c722bffff,60,42.4097748093255,-83.0544082399813,0.5909296719341095,Buffalo Charles,11,Carpenter St & Bristow St,ASSAULT,13,0.21666666666666667,0.09124622099110943
1178,892ab2c5217ffff,43,42.3735223882003,-83.1018269812866,0.893700268051746,Virginia Park Community,10,Hazelwood St & 14th St,ASSAULT,10,0.23255813953488372,0.09119174715119094
1179,892ab2c0847ffff,60,42.4313140334197,-83.114447377603,0.5895087618302138,Grixdale Farms,12,W Brentwood St & Woodward Ave,ASSAULT,13,0.21666666666666667,0.09116825954789776
1180,892ab2c60b3ffff,56,42.4116969262453,-82.9282374729937,0.6608279291960822,Cornerstone Village,05,Southampton St & Neff Ave,ASSAULT,12,0.21428571428571427,0.09115977817435109
1181,892ab2c6103ffff,28,42.3944744220211,-82.9234953191458,1.1591869188671162,East English Village,05,Mack Ave & Grayton St,LARCENY,6,0.21428571428571427,0.0910523897277675
1182,892ab2c7497ffff,50,42.4473181261929,-83.0002790099229,0.7658232889720913,Conner Creek,09,Collingham Dr & Bradford St,DAMAGE TO PROPERTY,11,0.22,0.09103823287063484
1183,892ab2ce073ffff,54,42.3836033418676,-83.1621022922202,0.6935726096256812,Grand River-I96,02,W Buena Vista St & Ilene St,LARCENY,11,0.2037037037037037,0.090995604734739
1184,892ab2cf53bffff,44,42.3958422465501,-83.2050660538604,0.8718637446304555,Grand River-St Marys,08,Grand River Ave & Saint Marys St,ASSAULT,8,0.18181818181818182,0.0909740291137621
1185,892ab2c457bffff,60,42.365936826991,-82.9728313829899,0.5853792168062952,East Village,05,E Jefferson Ave & Lillibridge St,LARCENY,17,0.2833333333333333,0.09094168272999097
1186,892ab2c7543ffff,77,42.427236048807,-83.0043099278,0.28107555267666395,Von Steuben,09,Hoover St & Greiner St,ASSAULT,17,0.22077922077922077,0.09091204132966373
1187,892ab2ce9a3ffff,42,42.3145175224857,-83.0965887107678,0.9054497498457856,Central Southwest,04,Lansing St & Christiancy St,DAMAGE TO PROPERTY,8,0.19047619047619047,0.09085601685938302
1188,892ab2c0dc3ffff,44,42.4425870762195,-83.077573769175,0.8694309184465471,Butler,11,E Remington St & Mackay St,LARCENY,7,0.1590909090909091,0.09084054660852786
1189,892ab2c4617ffff,34,42.3838897892825,-83.0104799373046,1.0469059486022196,Gratiot Town/Kettering,07,Burns St & Gratiot Ave,LARCENY,10,0.29411764705882354,0.09077419355112232
1190,892ab2c198fffff,75,42.4278096969151,-83.1586654607917,0.31420821735213517,Bagley,12,Indiana St & Clarita St,STOLEN VEHICLE,17,0.22666666666666666,0.09076915552230133
1191,892ab2c5157ffff,50,42.3629285948826,-83.0619581157462,0.7593850303655616,Cultural Center,03,Beaubien St & E Kirby St,LARCENY,10,0.2,0.09068498326578026
1192,892ab2c6423ffff,72,42.4228004898285,-82.9279378505227,0.3661945528871245,Cornerstone Village,05,Farmbrook St & Rockcastle St,LARCENY,18,0.25,0.09068032680719901
1193,892ab2c62b3ffff,76,42.4086838409382,-82.9594552417502,0.2946817768187929,Outer Drive-Hayes,09,Evanston St & Wayburn St,ASSAULT,20,0.2631578947368421,0.09067818540185138
1194,892ab2ce9abffff,74,42.3154333641099,-83.1015324294525,0.32993331026660483,Central Southwest,04,Campbell St & Eldred St,ASSAULT,16,0.21621621621621623,0.09065155611699166
1195,892ab2c4517ffff,39,42.3700074167361,-82.9589163677697,0.9541254293588758,Conner Creek Industrial,05,E Jefferson Ave & Conner St,LARCENY,11,0.28205128205128205,0.09058554152164283
1196,892ab2c1943ffff,66,42.4275331652418,-83.1767916612373,0.47063502272937563,Schulze,12,Pickford St & Snowden St,STOLEN VEHICLE,17,0.25757575757575757,0.09052833621356554
1197,892ab2c5c7bffff,49,42.3388236158819,-83.0466552523954,0.7729782489042506,Downtown,03,Brush St & E Adams Ave,LARCENY,15,0.30612244897959184,0.09045041375615069
1198,892ab2c4607ffff,30,42.3799711238523,-83.0104553510073,1.1124152936503566,Pingree Park,07,Iroquois St & Moffat St,LARCENY,7,0.23333333333333334,0.09044694314957596
1199,892ab2ce077ffff,36,42.3807225586984,-83.1599114901739,1.004842961674257,Grand River-I96,02,Washburn St & Fullerton St,ASSAULT,8,0.2222222222222222,0.09042709705120097
1200,892ab2cc5d7ffff,54,42.3564446786923,-83.1773958342108,0.6813536702402757,Joy-Schaefer,02,Schaefer Hwy & Van Buren St,ASSAULT,14,0.25925925925925924,0.09032518501825557
1201,892ab2cf197ffff,77,42.3869358856781,-83.2054940208154,0.2698484907620699,Greenfield-Grand River,08,Kendall St & Saint Marys St,ASSAULT,14,0.18181818181818182,0.09029604321163442
1202,892ab2c0a03ffff,23,42.428115521927,-83.1345785302069,1.2335938406837434,University District,12,Margareta St & Wildemere St,LARCENY,7,0.30434782608695654,0.09023293282167826
1203,892ab2c5ec7ffff,57,42.3458134297341,-83.0675801601077,0.6256828985159337,Midtown,03,Brainard St & 3rd St,DAMAGE TO PROPERTY,12,0.21052631578947367,0.09021185881732505
1204,892ab2c1b2bffff,60,42.4142219708137,-83.1955178333652,0.5719132970007069,Hubbell-Puritan,02,Coyle St & Grove St,ASSAULT,12,0.2,0.09020284461536426
1205,892ab2ce677ffff,92,42.3999135146147,-83.1779396072126,-0.004931791801960205,Bethune Community,02,Chalfonte St & Snowden St,ASSAULT,27,0.29347826086956524,0.09019607843137255
1206,892ab2c5c0fffff,63,42.3394966059003,-83.0382779737531,0.517757169165359,Lafayette Park,07,Lafayette Plaisance St & Rivard St,STOLEN VEHICLE,16,0.25396825396825395,0.09017262277354411
1207,892ab2c629bffff,86,42.4148002549597,-82.9670381695701,0.10602228683103679,Outer Drive-Hayes,09,Queen St & E Outer Dr,STOLEN VEHICLE,14,0.16279069767441862,0.09013087780073842
1208,892ab2c61dbffff,75,42.4035850440196,-82.928380153803,0.3010886948494149,Cornerstone Village,05,Sioux St & Cadieux Rd,ASSAULT,17,0.22666666666666666,0.09004932327833609
1209,892ab2cf207ffff,36,42.3930240650053,-83.2628278424462,0.9971420989940479,Eliza Howell,06,Chatham St & Lyndon St,ASSAULT,12,0.3333333333333333,0.0900045718211544
1210,892ab2c408bffff,49,42.3735612145349,-82.9908340376949,0.7645920301179318,East Village,05,Cadillac Blvd & Mack Ave,DAMAGE TO PROPERTY,12,0.24489795918367346,0.08999028491486949
1211,892ab2c735bffff,31,42.4055223220923,-83.0472572047706,1.0859682358368599,Buffalo Charles,11,Buffalo St & Prescott St,ASSAULT,10,0.3225806451612903,0.08997625772581638
1212,892ab2c53d3ffff,67,42.3685575343503,-83.088713860013,0.44201714337428805,Virginia Park Community,10,Pallister St & Poe St,LARCENY,16,0.23880597014925373,0.08993854376123783
1213,892ab2c1947ffff,57,42.4239662890813,-83.1738818945186,0.6201041261985109,Schulze,12,Curtis St & Steel St,ASSAULT,13,0.22807017543859648,0.08990576686961971
1214,892ab2c44b7ffff,53,42.3862255679106,-82.9669329982851,0.6908780692739758,Fox Creek,05,Waveney St & Conner St,AGGRAVATED ASSAULT,8,0.1509433962264151,0.08986737053351673
1215,892ab2ce87bffff,61,42.3311015527716,-83.1375890809477,0.5474880518783957,Claytown,04,Casper St & Michigan Ave,LARCENY,11,0.18032786885245902,0.08984309051292916
1216,892ab2c4633ffff,35,42.3775282375688,-83.0086843173966,1.0119371653692188,Pingree Park,07,Iroquois St & E Warren Ave,ASSAULT,9,0.2571428571428571,0.0898359444084922
1217,892ab2c1973ffff,79,42.4221428517015,-83.1703588014407,0.22409679840632085,Schulze,12,Santa Clara St & Meyers Rd,ASSAULT,17,0.21518987341772153,0.08974655755426778
1218,892ab2c292fffff,27,42.4480961279861,-83.0284135175525,1.1522981191996406,Sherwood,11,Packard St & E 8 Mile Rd,DAMAGE TO PROPERTY,8,0.2962962962962963,0.08969402801280249
1219,892ab2cf563ffff,46,42.3956332742714,-83.2149200417532,0.812599685802273,Grandmont,08,Monnier Rd & Longacre St,ASSAULT,8,0.17391304347826086,0.0896831569404521
1220,892ab2c6247ffff,59,42.4064615438597,-82.9823533000815,0.5794426215576135,Wade,09,Elmdale St & Annsbury Ave,ASSAULT,22,0.3728813559322034,0.08963556586184504
1221,892ab2c718fffff,67,42.4078647032122,-82.9964935897664,0.4352451764414728,Gratiot-Findlay,09,Rosemary Ave & Gratiot Ave,FRAUD,11,0.16417910447761194,0.08956698449509105
1222,892ab2c19cbffff,35,42.432979846846,-83.1729845742666,1.0055276391156802,Greenwich,12,Cambridge Ave & Steel St,FRAUD,10,0.2857142857142857,0.08948427126910148
1223,892ab2cf3d7ffff,49,42.3855339144365,-83.2477012730259,0.7552407772846913,Brightmoor,06,Schoolcraft St & Trinity St,ASSAULT,13,0.2653061224489796,0.08947720730023512
1224,892ab2ce4b7ffff,54,42.4065372780392,-83.1275111744277,0.6645999766572478,Pilgrim Village,12,Pilgrim St & Linwood St,ASSAULT,10,0.18518518518518517,0.08940595576703272
1225,892ab2c0d0bffff,76,42.4354375436659,-83.0780970965057,0.2710311709275739,Nolan,11,Fleming St & Emery St,ASSAULT,14,0.18421052631578946,0.08938054147416394
1226,892ab2cc0cfffff,43,42.3481463880513,-83.2127866209898,0.8602907745385181,Warren Ave Community,06,Diversey & Clayburn St,LARCENY,10,0.23255813953488372,0.0893586598051856
1227,892ab2c73cbffff,17,42.4085753105725,-83.0403352845291,1.3236429076677165,Buffalo Charles,11,Dwyer St & Casmere St,DAMAGE TO PROPERTY,4,0.23529411764705882,0.08929132539472374
1228,892ab2c40d3ffff,36,42.3772158237485,-82.99722274857965,0.983710312419512,West End,07,McClellan St & E Canfield St,ASSAULT,7,0.19444444444444445,0.08926760650336898
1229,892ab2c70c7ffff,26,42.4259486797929,-83.0239776024782,1.1606024787080222,Grant,11,Van Dyke St & Varjo St,LARCENY,6,0.23076923076923078,0.08916927330298652
1230,892ab2c5ecbffff,48,42.3480911156303,-83.0746694449993,0.7673265265018211,Jeffries,03,Gibson St & W Canfield St,LARCENY,14,0.2916666666666667,0.0891599270803475
1231,892ab2c764bffff,77,42.4381552499989,-83.0590345831864,0.2490099964998798,Farwell,11,E Lantz St & Shields St,ASSAULT,25,0.3246753246753247,0.08915269214207386
1232,892ab2c1a27ffff,48,42.42847906241035,-83.20787585064494,0.767087008681438,College Park,08,Mansfield St & Clarita St,ASSAULT,13,0.2708333333333333,0.08914678539397283
1233,892ab2d5973ffff,67,42.4447640700532,-82.956082494821,0.42748822221287514,Regent Park,09,Eastburn St & Redmond St,ASSAULT,14,0.208955223880597,0.0891413816755106
1234,892ab2c0bcfffff,30,42.41667854872,-83.1218601340487,1.0878240703176052,Martin Park,12,Hill Ave & Log Cabin St,STOLEN VEHICLE,6,0.2,0.08909769012075618
1235,892ab2c7693ffff,28,42.4479342891602,-83.0345268579383,1.12198488002355,Sherwood,11,Sherwood St & E 8 Mile Rd,DAMAGE TO PROPERTY,6,0.21428571428571427,0.08901121581345059
1236,892ab2c0d03ffff,76,42.4355594448338,-83.0723482711569,0.26418960297122324,Pershing,11,Mitchell St & Emery St,ASSAULT,17,0.2236842105263158,0.08900516339060645
1237,892ab2c722fffff,35,42.4066193004813,-83.0513828532323,0.9945597517741434,Buffalo Charles,11,Eldridge Ave & Fenelon St,BURGLARY,7,0.2,0.08888249334959417
1238,892ab2c5853ffff,81,42.3283700025729,-83.0581644368135,0.172448246036931,Corktown,03,5th St & Howard St,LARCENY,32,0.3950617283950617,0.08887352734906506
1239,892ab2ce477ffff,45,42.4025893603,-83.1498444554575,0.8141940505331078,Chalfonte,10,Greenlawn St & Fenkell St,DAMAGE TO PROPERTY,9,0.2,0.0887902432068062
1240,892ab2cf45bffff,64,42.4216407967897,-83.2404044758277,0.47409482002751857,Holcomb Community,08,Kentfield St & Glenco St,ASSAULT,15,0.234375,0.08875738149556434
1241,892ab2cc0c3ffff,47,42.3506864435721,-83.2118440536022,0.7733103502412938,Garden View,06,Memorial St & Tireman St,ASSAULT,10,0.2127659574468085,0.08850785093262183
1242,892ab2ce267ffff,46,42.3763839218477,-83.1922583507568,0.7906855318097664,Plymouth-Hubbell,02,Castleton St & Coyle St,DAMAGE TO PROPERTY,9,0.1956521739130435,0.08848078736947457
1243,892ab2cc47bffff,46,42.36038128061975,-83.20799029142606,0.7900597037113429,Joy Community,06,Grandmont Ave & Ellis St,ASSAULT,22,0.4782608695652174,0.08844644989687744
1244,892ab2ce5dbffff,27,42.4007186215495,-83.1331576068083,1.129075526582823,Dexter-Fenkell,10,Chalfonte St & Fairfield St,AGGRAVATED ASSAULT,7,0.25925925925925924,0.08841986800045536
1245,892ab2cf193ffff,58,42.3916734855034,-83.2070005146996,0.5741884191525325,Greenfield-Grand River,08,Mettetal St & Acacia St,LARCENY,14,0.2413793103448276,0.08836689001884104
1246,892ab2c7593ffff,90,42.4331443580094,-82.9826260824617,0.002347979639859141,Franklin,09,Reno St & Fordham St,ASSAULT,21,0.23333333333333334,0.0883641213255423
1247,892ab2c1d4bffff,27,42.4454097641354,-83.1712585693134,1.1274314724919523,Blackstone Park,12,Meyers Rd & W 8 Mile Rd,FRAUD,7,0.25925925925925924,0.0883296632582335
1248,892ab2c4227ffff,22,42.3546969860386,-83.018379611085,1.2155397592953305,McDougall-Hunt,07,E Vernor Hwy & Burlage Pl,FRAUD,7,0.3181818181818182,0.08826196269859321
1249,892ab2c7527ffff,61,42.4146153429708,-82.984692524517,0.5173341912473405,Eden Gardens,09,Park Dr & Flanders St,AGGRAVATED ASSAULT,13,0.21311475409836064,0.08818863082068298
1250,892ab2c404fffff,37,42.3660114677497,-83.0075969805847,0.9451813507304649,Islandview,07,Seyburn St & Mack Ave,LARCENY,8,0.21621621621621623,0.08813402012598806
1251,892ab2cf06bffff,55,42.3918944379709,-83.2467996043325,0.6227719891894429,Brightmoor,06,Burt Rd & Burt Ct,ASSAULT,14,0.2545454545454545,0.08809136088658089
1252,892ab2ce3cbffff,45,42.3754834672502,-83.1756342770842,0.8011803507359782,Pride Area Community,02,Hartwell St & Wadsworth St,ASSAULT,11,0.24444444444444444,0.08807621716467581
1253,892ab2cf067ffff,68,42.3901747099956,-83.2412167729513,0.39018958882063215,Brightmoor,06,Stout St & Acacia St,ASSAULT,22,0.3235294117647059,0.08807530003990048
1254,892ab2c0dafffff,30,42.4297668005149,-83.0634813707985,1.0691487101453192,Conant Gardens,11,E Hildale St & Wexford St,ASSAULT,9,0.3,0.08807302429035813
1255,892ab2c584bffff,45,42.3239941826403,-83.0630152445376,0.8006583058252917,West Side Industrial,03,W Fort St & 10th St,DAMAGE TO PROPERTY,14,0.3111111111111111,0.08804757399115848
1256,892ab2c09d7ffff,41,42.4237341598208,-83.0848295883751,0.8711698407125291,Cadillac Heights,11,Minnesota St & Marx St,ASSAULT,10,0.24390243902439024,0.08799478003693126
1257,892ab2cab87ffff,46,42.4352958367931,-83.2656205080389,0.7794975985277813,Berg-Lahser,08,Redfern St & Pembroke Ave,ASSAULT,14,0.30434782608695654,0.08786693613227942
1258,892ab2c6037ffff,73,42.4028312337525,-82.9341238397281,0.2964396827880211,East English Village,05,Cornwall St & E Outer Dr,DAMAGE TO PROPERTY,15,0.2054794520547945,0.08783346041402457
1259,892ab2cf1b3ffff,39,42.3822637189232,-83.2051547985844,0.9030914709211342,Schoolcraft Southfield,06,Glendale St & Saint Marys St,ASSAULT,12,0.3076923076923077,0.0877854480873695
1260,892ab2c60a3ffff,28,42.4092016093132,-82.9310482737959,1.0995837888329374,East English Village,05,Frankfort St & Cadieux Rd,STOLEN VEHICLE,6,0.21428571428571427,0.08778212933292776
1261,892ab2cee43ffff,33,42.3517563945381,-83.1575347114008,1.0076555046362519,Aviation Sub,02,Tireman Ave & Wyoming St,FRAUD,13,0.3939393939393939,0.08764023710479735
1262,892ab2c62c3ffff,89,42.4148762967466,-82.9770498578304,0.006970813229565866,Eden Gardens,09,Rosemary Ave & Coplin St,ASSAULT,17,0.19101123595505617,0.08763737137826963
1263,892ab2c624fffff,67,42.4064696370493,-82.9857932388524,0.3988562385554532,Wade,09,Roseberry St & Longview St,DAMAGE TO PROPERTY,13,0.19402985074626866,0.08757042320190574
1264,892ab2c704bffff,16,42.42247371089705,-83.0398592678396,1.3100388449071345,Davison,11,E Davison St & Saint Louis St,ASSAULT,4,0.25,0.08756451559789254
1265,892ab2c55a3ffff,50,42.3785012519368,-83.033811924557,0.7022157626990874,Gratiot Town/Kettering,07,Mount Elliott St & Holborn St,STOLEN VEHICLE,11,0.22,0.08754826222873985
1266,892ab2c5cb3ffff,63,42.3458018716768,-83.0234573905583,0.4681822839875449,Elmwood Park,07,Campau Farms Cir & Robert Bradby Dr,LARCENY,16,0.25396825396825395,0.08745258469026282
1267,892ab2c455bffff,73,42.3750513117933,-82.9799510638653,0.28864161881827083,East Village,05,Fairview St & Goethe Ave,ASSAULT,21,0.2876712328767123,0.08740560201561366
1268,892ab2cc073ffff,52,42.339800481302,-83.2133409269099,0.6638762841749635,Warren Ave Community,06,Rutland St & Whitlock St,DAMAGE TO PROPERTY,9,0.17307692307692307,0.08740546443017773
1269,892ab2c4637ffff,19,42.3762004788707,-83.0052039829556,1.2522040606900433,Pingree Park,07,E Forest Ave & Burns St,ASSAULT,6,0.3157894736842105,0.08733245596224276
1270,892ab21b6c3ffff,66,42.3051494751125,-83.1226645075815,0.4117496065286465,Springwells,04,Springwells St & Homer St,ASSAULT,20,0.30303030303030304,0.087297454809779
1271,892ab2cea87ffff,55,42.3336931805428,-83.1470171825556,0.6074523247599256,Claytown,04,Wagner St & Saint Lawrence St,ASSAULT,12,0.21818181818181817,0.0872508128848676
1272,892ab2c65cfffff,46,42.4189074015356,-82.9164964525324,0.7674199501682826,Cornerstone Village,05,Moross Rd & Kingsville Ave,DAMAGE TO PROPERTY,10,0.21739130434782608,0.08720426866716104
1273,892ab2c6087ffff,62,42.4136690188535,-82.9324293835235,0.48113740742080885,Cornerstone Village,05,Oldtown St & Linville St,ASSAULT,19,0.3064516129032258,0.0871830046509813
1274,892ab2cf503ffff,78,42.401353512994504,-83.20637460901915,0.19511373006670452,Crary/St Marys,08,Mettetal St & Fenkell St,ASSAULT,17,0.21794871794871795,0.08717594386948144
1275,892ab2cf0c3ffff,80,42.4060380707032,-83.2408011552495,0.1585607698056278,Brightmoor,08,Pilgrim St & Vaughan St,DAMAGE TO PROPERTY,16,0.2,0.08713116743182688
1276,892ab2d5b8fffff,58,42.4487387022022,-82.9758305090207,0.5514474648818508,Mohican Regent,09,Edmore Dr & Regent Dr,LARCENY,12,0.20689655172413793,0.08711915618255382
1277,892ab2cf46fffff,23,42.4098354266546,-83.2344366801008,1.1763717938815008,North Rosedale Park,08,Edinborough Rd & Florence St,LARCENY,8,0.34782608695652173,0.08709331593810633
1278,892ab2c63abffff,79,42.3874777181374,-82.9466490834991,0.17556027010900296,Morningside,05,Mack Ave & Alter Rd,LARCENY,16,0.20253164556962025,0.08708349126726714
1279,892ab2c7293ffff,35,42.4262737128091,-83.0456982860921,0.9606508544315947,Krainz Woods,11,Syracuse St & E Nevada St,ASSAULT,6,0.17142857142857143,0.0870220050841552
1280,892ab2cc06fffff,62,42.3361090863578,-83.2169086738514,0.47774280456927387,Warrendale,06,Ashton Ave & Paul Dr,ASSAULT,14,0.22580645161290322,0.08699675209586852
1281,892ab2cc657ffff,52,42.3629257829808,-83.2347917328824,0.6560822728776411,Franklin Park,06,Westfield St & Auburn St,ASSAULT,19,0.36538461538461536,0.08697782839079606
1282,892ab2cc6c7ffff,57,42.3672607052936,-83.2287739734328,0.5649498638738412,Franklin Park,06,Orangelawn St & Warwick St,ASSAULT,14,0.24561403508771928,0.08687960365329972
1283,892ab2ce8a7ffff,43,42.331163128617,-83.1136907009028,0.8146109216006483,Central Southwest,04,N Campbell St & Michigan Ave,LARCENY,10,0.23255813953488372,0.08685233146606725
1284,892ab2c747bffff,55,42.4372344841847,-83.0222034183691,0.599551268186463,Nortown,11,Terrell St & Bliss St,ASSAULT,11,0.2,0.08681730356455564
1285,892ab2cf61bffff,72,42.4177875112285,-83.2591839207453,0.29570467125335953,Holcomb Community,08,Lahser Rd & Willmarth Ave,ASSAULT,13,0.18055555555555555,0.08681274018864973
1286,892ab2cea83ffff,77,42.3367256950733,-83.1513470241241,0.20625227264120546,Claytown,04,Trenton St & Dennison St,ASSAULT,17,0.22077922077922077,0.08680669301705587
1287,892ab2c50cbffff,65,42.3843589339279,-83.0827558094333,0.4189505022458625,North End,03,Kenilworth St & Woodward Ave,ASSAULT,19,0.2923076923076923,0.08671215606592794
1288,892ab2ce41bffff,76,42.4098413909908,-83.1478526307051,0.22211202833769686,Fitzgerald/Marygrove,12,Woodingham Dr & Puritan St,ASSAULT,16,0.21052631578947367,0.08669648218953485
1289,892ab2cc58bffff,35,42.3537667558424,-83.1738530489964,0.9538431817812405,Aviation Sub,02,Belton St & Hartwell St,ASSAULT,10,0.2857142857142857,0.08664848674314321
1290,892ab2c0d73ffff,45,42.4304991202075,-83.0803270499909,0.7748414583392248,Northeast Central District,11,Lumpkin St & E Robinwood St,DAMAGE TO PROPERTY,14,0.3111111111111111,0.08663107432402878
1291,892ab2c7623ffff,18,42.4300547204432,-83.0387881576295,1.2571981752318186,Grant,11,E Hildale St & Mount Elliott St,DAMAGE TO PROPERTY,4,0.2222222222222222,0.08662607718326629
1292,892ab2c7263ffff,26,42.4118903123504,-83.060898381424,1.1124965758778886,Campau/Banglatown,11,Halleck St & Moran St,ASSAULT,6,0.23076923076923078,0.08652983425518515
1293,892ab2c71c3ffff,38,42.412409758937955,-83.00700521907405,0.8951869414159678,Gratiot-Findlay,09,Christy St & Conner St,ASSAULT,9,0.23684210526315788,0.08637135605995022
1294,892ab2cf52bffff,70,42.3941150291405,-83.2059641904252,0.323347264547551,Greenfield-Grand River,08,Acacia St & Saint Marys St,DAMAGE TO PROPERTY,11,0.15714285714285714,0.0863686292108517
1295,892ab2c1d27ffff,44,42.435162767382,-83.1459010545385,0.7871928510590426,Oak Grove District 2,12,W Outer Dr & Prairie St,FRAUD,9,0.20454545454545456,0.08632836923510306
1296,892ab2c448fffff,59,42.3902187128377,-82.9787480359335,0.5180097697693055,Conner Creek Industrial,05,Frankfort St & Conner St,ASSAULT,11,0.1864406779661017,0.08626491364894684
1297,892ab2c6647ffff,81,42.4263550723255,-82.9701905960306,0.12328094787185956,Mapleridge,09,Spring Garden St & Maccrary Ave,BURGLARY,14,0.1728395061728395,0.0861758524481277
1298,892ab2c4253ffff,21,42.3682175639876,-83.035845920069,1.1953521699725806,Poletown East,07,McDougall St & Farnsworth St,STOLEN VEHICLE,5,0.23809523809523808,0.08617393284230727
1299,892ab2c6227ffff,59,42.3968218510965,-82.9664240605443,0.5162978734814198,Chandler Park,05,Eastlawn St & Southampton St,ASSAULT,14,0.23728813559322035,0.08617098659130515
1300,892ab2cf6cfffff,31,42.4201537892465,-83.262872174022,1.0160791268833897,Old Redford,08,Grand River Ave & McIntyre St,LARCENY,10,0.3225806451612903,0.08614163385773915
1301,892ab2cf393ffff,62,42.3862633034206,-83.2379083713248,0.46197041637980074,Brightmoor,06,Evergreen Rd & Schoolcraft St,ASSAULT,9,0.14516129032258066,0.08613136438219486
1302,892ab2ce0cbffff,83,42.3951755967751,-83.1634945556207,0.08294194976047216,Bethune Community,02,Lyndon St & Birwood St,ASSAULT,22,0.26506024096385544,0.08592334648975612
1303,892ab2c6e47ffff,73,42.3733347873834,-82.9432800797183,0.2613931767770406,Riverbend,05,E Jefferson Ave & Chalmers St,ASSAULT,12,0.1643835616438356,0.08591055467871336
1304,892ab2c6293ffff,66,42.4160008190965,-82.9632874454872,0.38480754813129536,Outer Drive-Hayes,09,Duchess St & Haverhill St,LARCENY,10,0.15151515151515152,0.0858192179037341
1305,892ab2d5b63ffff,75,42.4384088757795,-82.9888354067004,0.22272585204900694,Pulaski,09,Lappin St & Alcoy St,ASSAULT,17,0.22666666666666666,0.08574976885744791
1306,892ab2cee5bffff,33,42.3540519356836,-83.161061321665,0.9732001302388023,Aviation Sub,02,Belton St & E Morrow Cir,STOLEN VEHICLE,7,0.21212121212121213,0.08574976514104744
1307,892ab2c1b4bffff,51,42.4229426820589,-83.2112696597361,0.6508431039820508,College Park,08,Curtis St & Biltmore St,BURGLARY,10,0.19607843137254902,0.08570997739525654
1308,892ab2c52dbffff,80,42.3850930697857,-83.1117669940054,0.13232271406617221,Dexter-Linwood,10,Elmhurst St & La Salle Blvd,ASSAULT,23,0.2875,0.08569155722220978
1309,892ab2cf093ffff,41,42.4081396923582,-83.2274875714438,0.8286444162351528,North Rosedale Park,08,Puritan St & Sunderland Rd,ASSAULT,11,0.2682926829268293,0.0856615265423184
1310,892ab2c566bffff,49,42.3862545605945,-83.1062468233567,0.6835274126424054,Dexter-Linwood,10,Webb St & Rosa Parks Blvd,ASSAULT,14,0.2857142857142857,0.08554249152212272
1311,892ab2c5e4fffff,22,42.3395617386727,-83.0796431746234,1.165858308604256,North Corktown,03,Wabash St & Martin Luther King Jr Blvd,DAMAGE TO PROPERTY,5,0.22727272727272727,0.08553607765765597
1312,892ab2c740fffff,75,42.4381741286881,-83.0156846967228,0.2186747460374618,Nortown,11,Yolanda St & E Outer Dr,ASSAULT,28,0.37333333333333335,0.08552749577317774
1313,892ab2c0887ffff,22,42.4350936364932,-83.0926981724771,1.1655283291662777,Nolan,11,Hawthorne St & Emery St,ASSAULT,5,0.22727272727272727,0.08551797259024571
1314,892ab2c76afffff,44,42.4338034161334,-83.0328296313871,0.7716482791780209,Nortown,11,E 7 Mile Rd & Concord St,DAMAGE TO PROPERTY,11,0.25,0.0854754811779139
1315,892ab2c63b3ffff,42,42.392060656078,-82.93932434019555,0.8049234851922895,Morningside,05,Chatsworth St & Windsor St,ASSAULT,9,0.21428571428571427,0.08534041622315822
1316,892ab2c2b67ffff,43,42.4472091835009,-83.0668522519711,0.7869289571969069,Farwell,11,Wexford St & E Winchester Ave,FRAUD,8,0.18604651162790697,0.0853334979452604
1317,892ab2c60c7ffff,36,42.4157037195436,-82.9435360099719,0.9110680976740486,Yorkshire Woods,09,Yorkshire Rd & King Richard St,AGGRAVATED ASSAULT,7,0.19444444444444445,0.08528192726572983
1318,892ab2cec77ffff,36,42.3478461781022,-83.1200430564414,0.9110587870453482,Midwest,10,Begole St & Ironwood St,BURGLARY,9,0.25,0.08528141641705003
1319,892ab2ce227ffff,46,42.3746789391337,-83.1780433396507,0.7319989510897796,Paveway,02,Wadsworth St & Schaefer Hwy,DAMAGE TO PROPERTY,10,0.21739130434782608,0.08526081552358186
1320,892ab2cc683ffff,76,42.3666738745292,-83.2203419072628,0.19577728727025398,Franklin Park,06,Fitzpatrick Ct & Faust Ave,ASSAULT,21,0.27631578947368424,0.08525156712094982
1321,892ab2c716fffff,27,42.3942971093921,-83.0129311601955,1.0713240214080837,Airport Sub,07,Rohns St & Georgia St,ASSAULT,4,0.14814814814814814,0.08525120118703414
1322,892ab2c750fffff,19,42.4209082638674,-82.9937428192798,1.2136587683697628,Gratiot-Findlay,09,Nashville St & Racine St,ASSAULT,5,0.2631578947368421,0.08521758141101952
1323,892ab2c1a03ffff,80,42.4390840859789,-83.2147547019169,0.12334547210024652,Greenfield,08,Fargo St & Lindsay St,ASSAULT,20,0.25,0.0851990005588395
1324,892ab2c5153ffff,28,42.3653950598455,-83.064282913286,1.0524824665224755,Cultural Center,03,E I 94 Service Drive & Brush St,ASSAULT,7,0.25,0.0851978088650571
1325,892ab2c53c3ffff,66,42.3645940389557,-83.091030201127,0.3732689943436757,Virginia Park Community,10,Lothrop St & Rosa Parks Blvd,DAMAGE TO PROPERTY,11,0.16666666666666666,0.08518612908031589
1326,892ab2c65cbffff,74,42.4207427133838,-82.9204222147692,0.22990268069153022,Cornerstone Village,05,Moross Rd & Rolandale St,DAMAGE TO PROPERTY,15,0.20270270270270271,0.0851631496191674
1327,892ab2c7373ffff,43,42.3981855572563,-83.0414487945009,0.7837832958708207,Airport Sub,11,Brockton St & Comstock St,ASSAULT,16,0.37209302325581395,0.08516090412939237
1328,892ab2c1aa7ffff,65,42.4340163742935,-83.2000942431461,0.38834441359129773,Greenfield,08,Greenfield Rd & Vassar Ave,DAMAGE TO PROPERTY,14,0.2153846153846154,0.08503288386142155
1329,892ab2c4663ffff,30,42.3772312941392,-83.0216582583761,1.0135863285018718,Gratiot Town/Kettering,07,Field St & E Kirby St,DAMAGE TO PROPERTY,6,0.2,0.08502446868552094
1330,892ab2c18abffff,46,42.4405677015379,-83.1786693489395,0.726901794425575,Blackstone Park,12,Hartwell St & Chippewa St,ASSAULT,10,0.21739130434782608,0.08498114850683822
1331,892ab2cf42fffff,35,42.4082295855775,-83.2238819209536,0.9224655671660291,North Rosedale Park,08,Puritan St & Greenview Ave,DAMAGE TO PROPERTY,8,0.22857142857142856,0.08492688302364346
1332,892ab2cc597ffff,52,42.3539676062003,-83.1651225448671,0.6185263893381273,Aviation Sub,02,Belton St & Manor,ASSAULT,14,0.2692307692307692,0.08491723998776995
1333,892ab2ce1d3ffff,64,42.3811658507578,-83.1393012941293,0.4039745008885035,Oakman Blvd Community,10,Fullerton St & Stoepel St,LARCENY,16,0.25,0.08491007175826787
1334,892ab2ce6d7ffff,59,42.4119018743377,-83.1742042458927,0.49034854155874413,Harmony Village,12,Ward St & Florence St,OBSTRUCTING JUDICIARY,10,0.1694915254237288,0.08474721786622957
1335,892ab2d5917ffff,63,42.4484196621349,-82.9487454860645,0.41745623295141054,Regent Park,09,Shakespeare St & Edmore Dr,STOLEN VEHICLE,16,0.25396825396825395,0.08466938529125537
1336,892ab2ce5c3ffff,28,42.3975652378676,-83.1284743760622,1.0422240935074825,Oakman Blvd Community,10,Doris St & Lawton St,ASSAULT,6,0.21428571428571427,0.08463496005213088
1337,892ab2cf66fffff,66,42.4056888287486,-83.2657490618083,0.3628602542684846,Brightmoor,08,Pilgrim St & Beaverland St,ASSAULT,18,0.2727272727272727,0.08461503003889712
1338,892ab2c1887ffff,26,42.4453500959844,-83.1745271183867,1.0762145190939423,Blackstone Park,12,Sorrento St & W 8 Mile Rd,FRAUD,7,0.2692307692307692,0.08453913723514901
1339,892ab2c098fffff,46,42.4185494248661,-83.0781129669688,0.7187591420071351,Cadillac Heights,11,E McNichols Rd & Goddard St,ASSAULT,9,0.1956521739130435,0.08453438348463721
1340,892ab2ce05bffff,57,42.3914057414121,-83.1699933407792,0.5212913071605279,Happy Homes,02,Appoline St & Intervale St,LARCENY,8,0.14035087719298245,0.08448417829839738
1341,892ab2ce8b7ffff,63,42.33270266916,-83.11064419126,0.41400297516356493,Chadsey Condon,04,31st St & Jackson St,ASSAULT,13,0.20634920634920634,0.08447991450053872
1342,892ab2c0c33ffff,35,42.4469179882761,-83.0882399233837,0.9141447333517335,Nolan,11,Greeley St & E 8 Mile Rd,ASSAULT,11,0.3142857142857143,0.08447034167658114
1343,892ab2cf2a3ffff,50,42.3930908314572,-83.2565619162626,0.6457089530093046,Brightmoor,06,Lyndon St & W Outer Dr,ASSAULT,11,0.22,0.08444788844532822
1344,892ab2ce38bffff,52,42.3733304190373,-83.1645137326813,0.6091810166243841,Grand River-I96,02,Cedarlawn St & Mendota St,AGGRAVATED ASSAULT,10,0.19230769230769232,0.08440448499917716
1345,892ab2cf6d7ffff,74,42.423549218755895,-83.2581718843146,0.21595749470294506,Holcomb Community,08,Pickford St & Lahser Rd,AGGRAVATED ASSAULT,13,0.17567567567567569,0.08439801548257102
1346,892ab2c61d7ffff,51,42.4016580029358,-82.921760010766,0.626394249267009,Cornerstone Village,05,Guilford St & Waveney St,ASSAULT,15,0.29411764705882354,0.08436853574231076
1347,892ab2c180bffff,55,42.44057878398,-83.1893680780772,0.5547756361026954,Schaefer 7/8 Lodge,12,Chippewa St & Strathmoor St,ASSAULT,12,0.21818181818181817,0.08436058734556692
1348,892ab2c75c7ffff,71,42.4310790530476,-82.9934885229436,0.26810510444596836,Von Steuben,09,Goulburn St & Linnhurst St,ASSAULT,17,0.23943661971830985,0.08431803544127056
1349,892ab2cc2a3ffff,86,42.3396077393422,-83.2279677610987,-0.007321002876473681,Warrendale,06,Whitlock St & Grandville Ave,ASSAULT,22,0.2558139534883721,0.08431372549019608
1350,892ab2cf307ffff,39,42.3763121703003,-83.2462961856345,0.8392277768046137,Weatherby,06,Burt Rd & Capitol St,ASSAULT,6,0.15384615384615385,0.08428142221796209
1351,892ab2c664bffff,35,42.4290175758723,-82.9771857755296,0.9099714279605886,Mapleridge,09,Park Grove St & Peoria St,BURGLARY,7,0.2,0.08424136384725564
1352,892ab21969bffff,38,42.2623577087349,-83.1655582145276,0.8563631473676302,Boynton,04,S Fort St & W Outer Dr,AGGRAVATED ASSAULT,6,0.15789473684210525,0.08424120088217874
1353,892ab2cc41bffff,68,42.3677901836916,-83.199519392836,0.3185958872835728,Joy Community,06,Montrose St & W Chicago St,ASSAULT,21,0.3088235294117647,0.08414714984841956
1354,892ab2cd5d3ffff,43,42.3668321438379,-83.2607356185125,0.7652247182395091,Rouge Park,06,Orangelawn St & W Outer Dr,ASSAULT,15,0.3488372093023256,0.08414264583695982
1355,892ab2ce50fffff,63,42.3889619728747,-83.1260516626733,0.40783212846931144,Dexter-Linwood,10,Wildemere St & Tyler St,ASSAULT,13,0.20634920634920634,0.08414133705443358
1356,892ab2cc0b3ffff,20,42.3460572882623,-83.1963777319018,1.1758551332242373,Warren Ave Community,06,Greenfield & Majestic St,LARCENY,4,0.2,0.08412379171322983
1357,892ab2cf12fffff,40,42.3699216294288,-83.2143654336097,0.8169515486144079,Joy Community,06,Elmira St & Longacre St,ASSAULT,8,0.2,0.08403957878493101
1358,892ab2cf673ffff,36,42.4101900101439,-83.2621628215587,0.8864354430698694,Riverdale,08,Ulster St & Lamphere St,DAMAGE TO PROPERTY,10,0.2777777777777778,0.0839304010165946
1359,892ab2ce3afffff,45,42.362822834827,-83.1568645031254,0.7249638448016155,Barton-McFarland,02,Dawes St & Stawell St,DAMAGE TO PROPERTY,7,0.15555555555555556,0.083894426365312
1360,892ab2ca92fffff,83,42.4243924653177,-83.2428358459447,0.04557441679978314,Holcomb Community,08,Pickford St & Kentfield St,ASSAULT,20,0.24096385542168675,0.08387309236679086
1361,892ab2c5327ffff,35,42.3458143730837,-83.078000676395,0.9026599270104612,Woodbridge,03,Avery St & W Willis St,ASSAULT,11,0.3142857142857143,0.08384020182824214
1362,892ab2cf313ffff,41,42.3814112764142,-83.2464637105028,0.7953172429791121,Brightmoor,06,Burt Rd & Glendale St,ASSAULT,14,0.34146341463414637,0.08383295588321553
1363,892ab2c5e0bffff,17,42.3401946377513,-83.0714631156233,1.2235288103003612,North Corktown,03,Trumbull St & Ash St,LARCENY,7,0.4117647058823529,0.0837983392478914
1364,892ab2cf3a3ffff,52,42.3763940687935,-83.2352016589909,0.5979675231569513,Weatherby,06,Capitol St & Plainview Ave,ASSAULT,13,0.25,0.08378923134465749
1365,892ab2ce1cbffff,68,42.3782038509942,-83.1450436653164,0.31180833086621174,Oakman Blvd Community,10,American St & Ewald Cir,ASSAULT,18,0.2647058823529412,0.08377473522998077
1366,892ab2c436fffff,66,42.3366032640233,-83.0154937695918,0.3471456941940292,Rivertown,07,River Pl & McDougall St,STOLEN VEHICLE,27,0.4090909090909091,0.08375281519540899
1367,892ab21b653ffff,66,42.3007122406,-83.1297069584251,0.34599872459342773,Springwells,04,Chamberlain St & Elsmere St,LARCENY,12,0.18181818181818182,0.08368988411684347
1368,892ab2ce2abffff,44,42.38282373110105,-83.17834462387636,0.7386512775439055,Pride Area Community,02,E I 96 Service Drive & Schaefer Hwy,FRAUD,16,0.36363636363636365,0.08366502613082777
1369,892ab2c0db7ffff,67,42.4332569220003,-83.0576973225671,0.3274397483819321,Farwell,11,Eureka St & E 7 Mile Rd,ASSAULT,13,0.19402985074626866,0.08365199611227134
1370,892ab2ce293ffff,47,42.3948384121555,-83.1787896193426,0.6837897366931441,Bethune Community,02,Schaefer Hwy & Lyndon St,FRAUD,10,0.2127659574468085,0.08359610021012806
1371,892ab2c7053ffff,59,42.426535079964,-83.0335202098906,0.4689691454907602,Grant,11,Concord St & E Nevada St,ASSAULT,12,0.2033898305084746,0.0835741889969969
1372,892ab2c7217ffff,22,42.4189405227381,-83.0496694994584,1.1299903620210476,Davison,11,Buffalo St & E McNichols Rd,ASSAULT,4,0.18181818181818182,0.08356810172941143
1373,892ab2c71abffff,25,42.4023393366122,-82.9943485580126,1.0743623964179603,Wade,09,Longview St & Conner St,AGGRAVATED ASSAULT,6,0.24,0.0834571241830384
1374,892ab2cc6a3ffff,66,42.3578640438882,-83.2160596661638,0.34093532366613843,Joy Community,06,N M 39 Service Drive & Joy Rd,WEAPONS OFFENSES,12,0.18181818181818182,0.08341206918487239
1375,892ab2cf0afffff,46,42.3937252814294,-83.2262340172673,0.6981966953894287,Rosedale Park,08,Lyndon St & Glastonbury Ave,LARCENY,11,0.2391304347826087,0.08340617839278497
1376,892ab2c501bffff,65,42.3796187681726,-83.0790156988097,0.3581713513766311,North End,03,Gladstone St & King St,LARCENY,13,0.2,0.08337737063090704
1377,892ab2ce07bffff,44,42.3834657722931,-83.1663955212998,0.7323214243766795,Grand River-I96,02,W Buena Vista St & Manor,ASSAULT,11,0.25,0.08331772443532856
1378,892ab2c18bbffff,42,42.4435375064085,-83.1770812128028,0.7658935684809229,Blackstone Park,12,S Norfolk Ct & Cheyenne St,STOLEN VEHICLE,10,0.23809523809523808,0.08319895165977231
1379,892ab2c4267ffff,56,42.3562363496248,-83.0295877389262,0.5147712263929412,McDougall-Hunt,07,Mitchell St & Gratiot Ave,FRAUD,36,0.6428571428571429,0.08314604717894714
1380,892ab2ce4c7ffff,50,42.412303018618,-83.1449477015287,0.6215392148975114,Fitzgerald/Marygrove,12,Florence St & Prairie St,AGGRAVATED ASSAULT,10,0.2,0.08312176115544728
1381,892ab2c4457ffff,52,42.3894325190238,-82.9911290335716,0.585603392209806,West End,05,Lemay St & Shoemaker St,LARCENY,10,0.19230769230769232,0.08311084536509777
1382,892ab2cf497ffff,53,42.424731197311,-83.2136979725926,0.5669276208531081,College Park,08,Margareta St & Lindsay St,ASSAULT,9,0.16981132075471697,0.0830665491310007
1383,892ab2ce0d7ffff,45,42.3952877909238,-83.1552263369324,0.7091455310744618,Chalfonte,10,Cherrylawn St & Lyndon St,DAMAGE TO PROPERTY,12,0.26666666666666666,0.08302651884325071
1384,892ab2c7193ffff,53,42.4128066941805,-82.9943814108889,0.5650278046906342,Gratiot-Findlay,09,Gratiot Ave & Flanders St,BURGLARY,9,0.16981132075471697,0.08296231142485923
1385,892ab2c0b6bffff,64,42.4055791078733,-83.1261999722576,0.3684239424240257,Pilgrim Village,12,Normandy St & Hughes St,ASSAULT,16,0.25,0.08295951004625463
1386,892ab2ce64fffff,64,42.4035943130939,-83.1889872881768,0.3683924530619211,Belmont,02,Fenkell St & Hubbell St,ASSAULT,16,0.25,0.08295778231125664
1387,892ab2cc21bffff,69,42.3440181385145,-83.2413848013141,0.278479737397034,Warrendale,06,Braile St & Patton St,STOLEN VEHICLE,14,0.2028985507246377,0.0829264788045381
1388,892ab2c504bffff,25,42.3787665061751,-83.0902094762497,1.063804830711881,Virginia Park Community,10,Taylor St & Hamilton,DAMAGE TO PROPERTY,9,0.36,0.0828778594871288
1389,892ab2c72dbffff,58,42.4278187088297,-83.0601074685128,0.47376621559909554,Krainz Woods,11,Stockton St & Justine St,ASSAULT,13,0.22413793103448276,0.0828569989299835
1390,892ab2c61cfffff,27,42.3982617317404,-82.9274269442117,1.0270902279473415,East English Village,05,Wallingford St & Grayton St,DAMAGE TO PROPERTY,6,0.2222222222222222,0.08282421416831155
1391,892ab2cc60bffff,83,42.3611596478804,-83.2323188276932,0.02619322566751444,Franklin Park,06,Westwood & Cathedral St,ASSAULT,27,0.3253012048192771,0.08280969952604017
1392,892ab2c7597ffff,72,42.4314027040181,-82.9806473394312,0.22252152453670052,Franklin,09,Gratiot Ave & Glenwood St,ASSAULT,13,0.18055555555555555,0.08279738149624556
1393,892ab2cf343ffff,29,42.3799429933344,-83.2611182310767,0.9906381972345332,Brightmoor,06,W Outer Dr & Glendale St,LARCENY,9,0.3103448275862069,0.08278497545835992
1394,892ab2ca95bffff,48,42.4379797006587,-83.260917810567,0.6510807541621154,Berg-Lahser,08,Fargo St & Houghton St,STOLEN VEHICLE,10,0.20833333333333334,0.08278184013873721
1395,892ab2c654fffff,61,42.4121288848567,-82.9256832709455,0.4171957794186669,Cornerstone Village,05,Hereford St & Southampton St,DAMAGE TO PROPERTY,10,0.16393442622950818,0.08269431060599504
1396,892ab2c5287ffff,61,42.3783201315329,-83.097146594342,0.41664353284876027,Historic Atkinson,10,Woodrow Wilson St & Atkinson St,ASSAULT,21,0.3442622950819672,0.08266401035020787
1397,892ab2c440bffff,42,42.3860324646693,-82.9872397211255,0.7547624034401801,West End,05,Fairview St & E Warren Ave,DAMAGE TO PROPERTY,8,0.19047619047619047,0.08258821514039336
1398,892ab2c6513ffff,60,42.4170829404118,-82.9107925916178,0.43281842721405545,Cornerstone Village,05,Moross Rd & Mack Ave,FRAUD,22,0.36666666666666664,0.08257109031776558
1399,892ab2c6093ffff,66,42.418947580611,-82.93365682983026,0.32486149908455436,Cornerstone Village,05,Sanilac St & Morang Dr,DAMAGE TO PROPERTY,11,0.16666666666666666,0.08253014248248926
1400,892ab2c533bffff,57,42.3503260417057,-83.0843369364359,0.4855746780197991,Woodbridge,03,Vermont St & W Warren Ave,ASSAULT,13,0.22807017543859648,0.08252450474351654
1401,892ab2c0893ffff,40,42.4397240529002,-83.0961641890433,0.7881367579420004,Nolan,11,E State Fair St & Omira St,DANGEROUS DRUGS,12,0.3,0.08245859019142032
1402,892ab2ce45bffff,63,42.4121679029228,-83.1590332526946,0.3749746366097209,Fitzgerald/Marygrove,12,Indiana St & Florence St,ASSAULT,17,0.2698412698412698,0.08233853652633094
1403,892ab2cee8bffff,67,42.3569275232768,-83.1451695074263,0.3028174592401122,Midwest,02,Mackenzie St & American St,ASSAULT,15,0.22388059701492538,0.08230103858764785
1404,892ab2d593bffff,58,42.4419915403438,-82.9510538809632,0.4630428252094126,Regent Park,09,Tacoma St & Cordell St,LARCENY,9,0.15517241379310345,0.08226863588814869
1405,892ab2c5c53ffff,48,42.3480826965576,-83.0476367445723,0.6411556659325666,Brewster Homes,03,Watson St & East Ave,LARCENY,12,0.25,0.08223727774857797
1406,892ab2cc3c7ffff,67,42.3290411136719,-83.2203258661995,0.3014111438800638,Warrendale,06,Ford Rd & Unknown,LARCENY,24,0.3582089552238806,0.08222387791803229
1407,892ab2ce217ffff,16,42.3842442630676,-83.1810112031359,1.2096926407800677,Grand River-I96,02,Jennings St & Tyler St,STOLEN VEHICLE,4,0.25,0.0820587943892736
1408,892ab2cc677ffff,72,42.3557948438258,-83.2310045306342,0.20791919661755456,Warrendale,06,Van Buren Ave & Westwood,ASSAULT,24,0.3333333333333333,0.0819961917829023
1409,892ab2cf017ffff,29,42.3982892031835,-83.2325276115142,0.9731098099455423,Rosedale Park,08,Minock St & W Outer Dr,LARCENY,8,0.27586206896551724,0.08182324088663981
1410,892ab2cc233ffff,79,42.3359077352494,-83.2326381859192,0.07954596055949746,Warrendale,06,Minock St & Paul Dr,ASSAULT,21,0.26582278481012656,0.08181544924199807
1411,892ab2cf0cbffff,47,42.4059370845256,-83.2461211514792,0.6513157808045565,Brightmoor,08,Burt Rd & Pilgrim St,ASSAULT,9,0.19148936170212766,0.0818143432496241
1412,892ab2c7547ffff,60,42.4235273091037,-83.0004998639174,0.41848748743230046,Von Steuben,09,Bradford St & Sauer St,ASSAULT,13,0.21666666666666667,0.08178479092774643
1413,892ab2cf587ffff,59,42.4052957594865,-83.196415928736,0.4351519554422024,Belmont,02,Midland St & Coyle St,ASSAULT,12,0.2033898305084746,0.08171873245944343
1414,892ab2c6363ffff,29,42.3848978128286,-82.9608119644775,0.9702994234218463,Fox Creek,05,Lenox St & Mack Ave,BURGLARY,8,0.27586206896551724,0.08166904268031466
1415,892ab2c0da7ffff,51,42.4311564895567,-83.0586864611777,0.5769924076366305,Krainz Woods,11,E Hildale St & Justine St,STOLEN VEHICLE,10,0.19607843137254902,0.0816579920842289
1416,892ab2c0d4bffff,38,42.4352056856798,-83.0893028220415,0.8091637522886633,Nolan,11,Greeley St & Emery St,AGGRAVATED ASSAULT,10,0.2631578947368421,0.08165149943028138
1417,892ab2cc6c3ffff,57,42.3695532450966,-83.2313260321095,0.4693246046027968,Franklin Park,06,Minock St & Elmira St,ASSAULT,15,0.2631578947368421,0.08163290775056689
1418,892ab2d592bffff,75,42.4392579553957,-82.9510234431531,0.14735636879936043,Regent Park,09,Boulder St & Novara St,ASSAULT,16,0.21333333333333335,0.08161445187141855
1419,892ab2cf58bffff,40,42.4068254760585,-83.2032110600436,0.7721318209235789,Crary/St Marys,08,Pilgrim St & Rutherford St,ASSAULT,10,0.25,0.08158044316083259
1420,892ab2c1a6fffff,68,42.4299160954389,-83.2254272976333,0.2716910675379232,O'Hair Park,08,Greenview Ave & W 7 Mile Rd,FRAUD,19,0.27941176470588236,0.0815736109377393
1421,892ab2cf6b3ffff,63,42.4173049316203,-83.2436851926064,0.3607271064079765,Holcomb Community,08,Stout St & Santa Maria St,ASSAULT,22,0.3492063492063492,0.08155681359137217
1422,892ab2c729bffff,64,42.4261834751344,-83.0489250760389,0.3427805313727901,Krainz Woods,11,Bloom St & E Nevada St,ASSAULT,12,0.1875,0.08155252636097898
1423,892ab2c7487ffff,59,42.4453891415212,-83.0014204298301,0.4316072299118198,Conner Creek,09,Bradford St & Bringard Dr,ASSAULT,14,0.23728813559322035,0.08152424308437302
1424,892ab2c0b8bffff,27,42.4176887735558,-83.1126592229041,1.0023833185913011,Palmer Park,12,W McNichols Rd & 3rd St,BURGLARY,7,0.25925925925925924,0.0814686137644465
1425,892ab2c6343ffff,49,42.3916275423849,-82.9649519588553,0.6091913352621575,Fox Creek,05,Lenox St & E Forest Ave,AGGRAVATED ASSAULT,10,0.20408163265306123,0.08146387468396397
1426,892ab2c190fffff,73,42.422285699444,-83.1649535659357,0.17962413039194214,Schulze,12,Thatcher St & Birwood St,ASSAULT,25,0.3424657534246575,0.08142411120227748
1427,892ab2c51cbffff,68,42.3681307554159,-83.0661015843546,0.2679321782604403,Milwaukee Junction,03,Piquette St & Brush St,LARCENY,22,0.3235294117647059,0.08136737098480912
1428,892ab2c6143ffff,64,42.3957611409717,-82.93448805675399,0.33891272549790347,Morningside,05,Bremen St & 3 Mile Dr,DAMAGE TO PROPERTY,15,0.234375,0.08134031045284938
1429,892ab2c40a7ffff,49,42.3623528706729,-82.9800094305927,0.6060471055583905,East Village,05,E Jefferson Ave & Bewick St,LARCENY,13,0.2653061224489796,0.08129135941728903
1430,892ab2cc66fffff,68,42.352113217083556,-83.2368748027414,0.2655980600846633,Warrendale,06,Tireman St & Vaughan St,ASSAULT,14,0.20588235294117646,0.0812393043174589
1431,892ab2ca9a7ffff,29,42.4315277771368,-83.2321971908777,0.9622268206539402,O'Hair Park,08,Warwick St & Cambridge Ave,DAMAGE TO PROPERTY,8,0.27586206896551724,0.08122612109045826
1432,892ab2ca983ffff,31,42.4420821117686,-83.239342730474,0.9264860058952941,Evergreen Lahser 7/8,08,Hessel Ave & Vaughan St,ASSAULT,8,0.25806451612903225,0.08122590485073161
1433,892ab2d596bffff,41,42.4409323748526,-82.9632101352992,0.747744252719921,Regent Park,09,Crusade St & Manning St,ASSAULT,9,0.21951219512195122,0.08122275628766551
1434,892ab2c63b7ffff,67,42.3895657346013,-82.9363751061532,0.28278035396426526,Morningside,05,Buckingham Ave & Mack Ave,ASSAULT,15,0.22388059701492538,0.08120165753545712
1435,892ab2c1d33ffff,36,42.441165298952,-83.150762353515,0.8362478962846001,Garden Homes,12,Woodingham Dr & Chippewa St,ASSAULT,14,0.3888888888888889,0.08117674786999113
1436,892ab2c1bb7ffff,69,42.4202274618507,-83.1800523383211,0.24631819648489242,Winship,12,Thatcher St & Schaefer Hwy,ASSAULT,16,0.2318840579710145,0.08116186319757783
1437,892ab2c400fffff,50,42.3631679716082,-82.9957583948504,0.5856314357156012,East Village,07,Fischer Ave & E Vernor Hwy,ASSAULT,11,0.22,0.08115159972167839
1438,892ab2cf33bffff,42,42.3718363365271,-83.2462158659004,0.7282943321804246,Weatherby,06,Plymouth Rd & Burt Rd,LARCENY,9,0.21428571428571427,0.08113598460956488
1439,892ab2cf287ffff,54,42.3984280147419,-83.2568239780921,0.5137385495091557,Brightmoor,06,Lahser Rd & Fenkell St,WEAPONS OFFENSES,11,0.2037037037037037,0.08112860271479375
1440,892ab2cf46bffff,39,42.4133672836886,-83.2380829650944,0.781666710152258,North Rosedale Park,08,Evergreen Rd & Grove St,ASSAULT,12,0.3076923076923077,0.0811232042443425
1441,892ab2cc63bffff,72,42.3558581669025,-83.2273596768443,0.19153050734604013,Warrendale,06,Van Buren Ave & Piedmont St,ASSAULT,18,0.25,0.08109698931791035
1442,892ab2c76c3ffff,35,42.4461677990166,-83.0474583325876,0.8520335566006072,Farwell,11,Amrad St & Caldwell St,ASSAULT,8,0.22857142857142856,0.08106247163201097
1443,892ab2cc24bffff,46,42.3419015933773,-83.2536280716786,0.6553403755940268,Far West Detroit,06,Parkland St & W Warren Rd,ASSAULT,13,0.2826086956521739,0.08105476957893373
1444,892ab21b643ffff,43,42.2980415063833,-83.1312100905916,0.7089158223048618,Springwells,04,Distel St & Olivet St,ASSAULT,10,0.23255813953488372,0.08105313103888406
1445,892ab2c660fffff,67,42.4247906381011,-82.9651415099168,0.27904308692044383,Mapleridge,09,Brock St & Cedargrove St,ASSAULT,12,0.1791044776119403,0.08099660393522941
1446,892ab21b6dbffff,46,42.3064743564511,-83.12409072366046,0.6534955196120795,Springwells,04,Springwells St & Pershing St,LARCENY,12,0.2608695652173913,0.08095354738727223
1447,892ab2ce527ffff,57,42.381017331643,-83.1178631509303,0.45635368935759074,Dexter-Linwood,10,Burlingame St & Lawton St,ASSAULT,16,0.2807017543859649,0.08092122917954393
1448,892ab2cc643ffff,55,42.3628623635713,-83.2384374249372,0.4917992509264367,Franklin Park,06,Westfield St & Heyden St,ASSAULT,21,0.38181818181818183,0.08090524568592602
1449,892ab2cabbbffff,43,42.4323942362142,-83.2666507866345,0.7047243659886232,Berg-Lahser,08,Vassar Ave & Archer St,ASSAULT,20,0.46511627906976744,0.08082315731804364
1450,892ab2cf557ffff,50,42.4030273824469,-83.2127557536164,0.5790717538195587,Crary/St Marys,08,Keeler St & Lindsay St,STOLEN VEHICLE,15,0.3,0.08079168795370456
1451,892ab2c52c7ffff,44,42.3798911193442,-83.1076833501395,0.686083686436509,Dexter-Linwood,10,Glynn Ct & La Salle Blvd,LARCENY,11,0.25,0.0807807864750904
1452,892ab2c40bbffff,56,42.3677880143681,-82.98616306311979,0.47067848146970137,East Village,05,Charlevoix St & Hurlbut St,ASSAULT,17,0.30357142857142855,0.08072679910691544
1453,892ab2c1b13ffff,63,42.4251852901005,-83.1935899236376,0.34457587425683456,Winship,12,Pickford St & Robson St,STOLEN VEHICLE,11,0.1746031746031746,0.08067063974779291
1454,892ab2c0833ffff,28,42.4262952112283,-83.0977020895103,0.9698269169975797,Greenfield Park,11,E Margaret St & Brush St,ASSAULT,9,0.32142857142857145,0.08066272539091777
1455,892ab2c429bffff,69,42.3715317810122,-83.0195204060651,0.23665320470381238,Gratiot Town/Kettering,07,Gratiot Ave & Helen St,LARCENY,13,0.18840579710144928,0.08063157158671791
1456,892ab2c8d13ffff,47,42.4143480872064,-83.283627146939,0.6279955507942234,The Eye,08,Winston St & W McNichols Rd,ASSAULT,9,0.19148936170212766,0.08053482614108276
1457,892ab2c0e73ffff,22,42.4454244331124,-83.1276161485393,1.0740870805225091,Green Acres,12,Queenston St & Woodstock Dr,ASSAULT,4,0.18181818181818182,0.0805008418838058
1458,892ab2c1997ffff,22,42.4314224055288,-83.15307547584271,1.0739645229642352,Bagley,12,Roselawn St & S Cambridge Ave,DAMAGE TO PROPERTY,6,0.2727272727272727,0.08049411748646824
1459,892ab2c5a9bffff,25,42.3274684586782,-83.0725604629203,1.0203226155523917,Corktown,03,Wabash St & Bagley St,DAMAGE TO PROPERTY,8,0.32,0.0804921095099978
1460,892ab2ce0c3ffff,70,42.3952521691086,-83.1593416157294,0.21609348832113873,Bethune Community,02,Lyndon St & Wyoming St,ASSAULT,17,0.24285714285714285,0.0804839084522421
1461,892ab2c743bffff,27,42.4363538888156,-83.0089625547199,0.9840891334608549,Pulaski,09,Beland St & Lappin St,ASSAULT,6,0.2222222222222222,0.08046486196393439
1462,892ab2ce553ffff,18,42.3945741643097,-83.1340242399476,1.1441080237772958,Oakman Blvd Community,10,Dexter Ave & Kendall St,FRAUD,2,0.1111111111111111,0.08042113051123623
1463,892ab2ce6a3ffff,82,42.4041709064951,-83.1652323306927,-0.12596981884560557,Bethune Community,12,Griggs St & Keeler Ave,ASSAULT,16,0.1951219512195122,0.08039215686274509
1464,892ab2cec27ffff,82,42.3447453577259,-83.1099250455435,-0.1563560466026266,Chadsey Condon,10,W Warren Ave & Scotten St,AGGRAVATED ASSAULT,17,0.2073170731707317,0.08039215686274509
1465,892ab2d5ba7ffff,80,42.440894484709,-82.9687370334191,0.034527691835993884,Regent Park,09,Hayes St & Tacoma St,ASSAULT,14,0.175,0.08032581237242707
1466,892ab2c618bffff,22,42.3992609851293,-82.92037659656745,1.0708643241498792,Cornerstone Village,05,Guilford St & Windsor St,LARCENY,6,0.2727272727272727,0.0803240180740229
1467,892ab2c6007ffff,78,42.4080930498802,-82.9386915332107,0.06680629655774338,East English Village,05,Audubon Rd & E Outer Dr,ASSAULT,15,0.19230769230769232,0.08013606663606644
1468,892ab2c7433ffff,63,42.4363836584369,-83.0058269626913,0.3341471682861685,Pulaski,09,Hoover St & Lappin St,ASSAULT,19,0.30158730158730157,0.08009844523240855
1469,892ab2d5b03ffff,61,42.444133358939,-82.9805626843392,0.36981658151443286,Mohican Regent,09,Fairmount Dr & Hoyt St,DAMAGE TO PROPERTY,12,0.19672131147540983,0.08009474386584833
1470,892ab2c0dc7ffff,49,42.4402670827978,-83.0737358397879,0.5842210134398292,Butler,11,Harned St & E Outer Dr,ASSAULT,17,0.3469387755102041,0.08009382155998986
1471,892ab2c53a3ffff,19,42.3557365900699,-83.0751785442792,1.1202076751581795,Wayne State,03,S M 10 Service Drive & Merrick St,ASSAULT,6,0.3157894736842105,0.08009017604138426
1472,892ab2ca90bffff,34,42.4347457023809,-83.2500394586306,0.8521584641593104,Evergreen Lahser 7/8,08,Trinity St & Saint Martins Ave,LARCENY,6,0.17647058823529413,0.08008893281056884
1473,892ab2c60abffff,32,42.4085803494614,-82.93577210145551,0.8872016323748779,East English Village,05,Southampton St & Grayton St,ASSAULT,8,0.25,0.08005087109646791
1474,892ab2c53bbffff,29,42.3576750981059,-83.0768193398324,0.9402737189498706,Wayne State,03,S M 10 Service Drive & W Kirby St,ASSAULT,12,0.41379310344827586,0.08002161456528853
1475,892ab2c0dcbffff,73,42.4425085529351,-83.0832104555812,0.15399447303261535,Nolan,11,E Remington St & Dequindre St,ASSAULT,15,0.2054794520547945,0.08001788214438312
1476,892ab2cf457ffff,64,42.4194536902384,-83.2330127296509,0.31448753816609565,Evergreen-Outer Drive,08,Huntington Rd & Santa Clara Ave,ASSAULT,18,0.28125,0.0800001673643581
1477,892ab2c7517ffff,56,42.4252951967677,-82.9890800563493,0.4565606511143739,Von Steuben,09,E McNichols Rd & Joann St,LARCENY,10,0.17857142857142858,0.07995219244707025
1478,892ab2cf6c3ffff,17,42.4227965829187,-83.2598807167223,1.1530669587957905,Old Redford,08,Cooley St & Karl St,DAMAGE TO PROPERTY,7,0.4117647058823529,0.07993229056571079
1479,892ab2cf143ffff,25,42.3818285401086,-83.2269836675377,1.0080682061073791,Schoolcraft Southfield,06,Artesian St & Glendale St,LARCENY,6,0.24,0.07981974364855404
1480,892ab2c1803ffff,49,42.4427439841951,-83.1844763960086,0.5787026528032297,Schaefer 7/8 Lodge,12,Stansbury St & Chippewa St,ASSAULT,11,0.22448979591836735,0.07979104423564522
1481,892ab2cf1c3ffff,28,42.3890261112261,-83.2211357490541,0.953123910762813,Grandmont #1,08,Kendall St & Rosemont Ave,LARCENY,7,0.25,0.07974627721557873
1482,892ab2c45bbffff,76,42.3703165569634,-82.9558034365081,0.09525049145509996,Jefferson Chalmers,05,Algonquin St & E Jefferson Ave,FRAUD,25,0.32894736842105265,0.07973593734134056
1483,892ab2ce463ffff,45,42.4025660542919,-83.1523623810364,0.6481596572862138,Chalfonte,10,Fenkell St & Roselawn St,STOLEN VEHICLE,9,0.2,0.07968039108821444
1484,892ab2cf187ffff,48,42.3846579308733,-83.2076617864671,0.5939472231083792,Schoolcraft Southfield,06,Asbury Park & W Davison St,AGGRAVATED ASSAULT,9,0.1875,0.07964707987169692
1485,892ab2cee27ffff,47,42.3402415722524,-83.1411067738472,0.6117341753236288,Claytown,04,Kirkwood St & Tarnow St,LARCENY,12,0.2553191489361702,0.07964260903542726
1486,892ab2c71b3ffff,37,42.4053695568521,-82.9922063570457,0.7898189576852922,Wade,09,Wilshire Dr & Gunston Ave,ASSAULT,15,0.40540540540540543,0.07960971141045915
1487,892ab2c44d7ffff,26,42.3948128024416,-82.9841349240587,0.9859324296892947,Chandler Park,05,Conner St & Olga St,DAMAGE TO PROPERTY,4,0.15384615384615385,0.0795856064193329
1488,892ab2c0b67ffff,18,42.4030747255692,-83.1183088781201,1.1273768525981693,Pilgrim Village,10,Fenkell St & Rosa Parks Blvd,LARCENY,7,0.3888888888888889,0.07950313700258986
1489,892ab2c08a7ffff,42,42.4280358832396,-83.0900024917323,0.6973348973084369,Hawthorne Park,11,Cardoni St & E Grixdale Ave,ASSAULT,13,0.30952380952380953,0.07943732526649978
1490,892ab2cf44bffff,51,42.4191717320407,-83.2425745707144,0.5361763817199856,Holcomb Community,08,Stout St & Santa Clara Ave,ASSAULT,14,0.27450980392156865,0.07941852860381413
1491,892ab2c6237ffff,36,42.3999915473474,-82.965264127383,0.8032672433257674,Chandler Park,05,Lakewood St & Chandler Park Dr,ASSAULT,12,0.3333333333333333,0.07936718982991209
1492,892ab2ced6bffff,76,42.3311931686152,-83.1095196260754,0.0884935351951888,Central Southwest,04,32nd St & Michigan Ave,LARCENY,16,0.21052631578947367,0.07936520166967734
1493,892ab2c0d77ffff,52,42.4283078393333,-83.0769371245755,0.5171909839186852,Northeast Central District,11,E Grixdale St & Maine St,ASSAULT,16,0.3076923076923077,0.07935724401527329
1494,892ab2c1bcfffff,47,42.4267862709792,-83.1997223474086,0.6061248878128371,Winship,08,Greenfield Rd & Margareta St,ASSAULT,12,0.2553191489361702,0.07933484280269262
1495,892ab2c529bffff,48,42.3831736975917,-83.1004688379713,0.5878161262453862,Dexter-Linwood,10,Woodrow Wilson St & Glynn Ct,ASSAULT,12,0.25,0.07931068338989344
1496,892ab2cc0afffff,62,42.3400272227012,-83.1984587389986,0.33640287207077585,Warren Ave Community,06,Montrose St & Whitlock St,ASSAULT,12,0.1935483870967742,0.0792418173601574
1497,892ab2c0a53ffff,53,42.4333584580262,-83.1436976229153,0.4971268233520672,Bagley,12,Cambridge Ave & Stoepel St,LARCENY,12,0.22641509433962265,0.07923677067028924
1498,892ab2cc66bffff,54,42.3539144039062,-83.2395355658933,0.4789612516154543,Warrendale,06,Van Buren Ave & Fielding St,STOLEN VEHICLE,12,0.2222222222222222,0.07922046769107775
1499,892ab2c0b0bffff,46,42.4103256159776,-83.1204439211889,0.621326297833855,Martin Park,12,Puritan St & 14th St,ASSAULT,8,0.17391304347826086,0.0791885103522404
1500,892ab2c0b4bffff,28,42.4125465190859,-83.1301931632061,0.9426966106796618,Martin Park,12,Florence St & Lawton St,STOLEN VEHICLE,7,0.25,0.07917415983738929
1501,892ab2c0d5bffff,59,42.4399364040503,-83.0878784716706,0.3879472441820889,Nolan,11,Riopelle St & E State Fair St,ASSAULT,16,0.2711864406779661,0.07912873932325626
1502,892ab2cecc3ffff,66,42.3616088540459,-83.120463288771,0.2627480054911972,Petoskey-Otsego,10,Quincy St & Pingree St,ASSAULT,23,0.3484848484848485,0.07912214531913549
1503,892ab2cee17ffff,52,42.349588497071,-83.1430149293268,0.5127525791664966,Midwest,02,Diversey & Prairie St,ASSAULT,12,0.23076923076923078,0.07911372091054661
1504,892ab2ce497ffff,41,42.4148484934358,-83.1339645196863,0.7090035719873983,Martin Park,12,Muirland St & Grove St,LARCENY,12,0.2926829268292683,0.07909716130974992
1505,892ab2c4313ffff,54,42.3486910294711,-83.0029160068742,0.4758878716256564,Islandview,07,E Congress St & E Grand Blvd,LARCENY,14,0.25925925925925924,0.07905183975403543
1506,892ab2cf55bffff,47,42.404953136945,-83.2196694781267,0.6009506381388293,North Rosedale Park,08,Midland St & Southfield Service Drive,LARCENY,15,0.3191489361702128,0.07905094590378453
1507,892ab2c0b7bffff,51,42.4078385674166,-83.1250916678212,0.5289416966759037,Pilgrim Village,12,Baylis St & Pilgrim St,ASSAULT,8,0.1568627450980392,0.07902158126304137
1508,892ab2ce437ffff,30,42.4006068967546,-83.1378672853113,0.9037234153043062,Dexter-Fenkell,10,Chalfonte St & Quincy St,AGGRAVATED ASSAULT,6,0.2,0.0789965917319836
1509,892ab2c46a7ffff,31,42.3800059952292,-83.0003269146129,0.8858056878611493,Gratiot Woods,07,Belvidere St & E Warren Ave,ASSAULT,7,0.22580645161290322,0.07899388728990453
1510,892ab2c1a07ffff,61,42.4356183238443,-83.2121819303916,0.34924606903378475,Greenfield,08,Gilchrist St & Saint Martins Ave,ASSAULT,16,0.26229508196721313,0.07896609622220203
1511,892ab2c5027ffff,17,42.3660968345191,-83.0677531851818,1.1351185216938704,Medbury Park,03,John R St & Harper Ave,LARCENY,6,0.35294117647058826,0.07894750901195643
1512,892ab2c5233ffff,51,42.369259425379,-83.0996708892766,0.5275095978425495,Virginia Park Community,10,14th St & W Euclid St,LARCENY,11,0.21568627450980393,0.07894300592490847
1513,892ab2ce19bffff,43,42.3799927082299,-83.1320007691649,0.6703048072339124,Nardin Park,10,Richton St & Otsego St,ASSAULT,7,0.16279069767441862,0.07893465046045339
1514,892ab2c5283ffff,39,42.3800494913456,-83.098325033999,0.7401986492800307,Boston Edison,10,Woodrow Wilson St & Longfellow St,LARCENY,13,0.3333333333333333,0.07884796539290158
1515,892ab2c1d23ffff,55,42.4368715009233,-83.1507772485498,0.45323648200797817,Oak Grove District 2,12,Woodingham Dr & Saint Martins Ave,ASSAULT,14,0.2545454545454545,0.07878941224165767
1516,892ab2c5003ffff,20,42.3779998998388,-83.0757452718251,1.0784998989337635,North End,03,John R St & E Euclid St,LARCENY,5,0.25,0.07878217682240263
1517,892ab2c762fffff,27,42.4264102724306,-83.0399995713367,0.9529138905461906,Grant,11,Saint Louis St & E Nevada St,ASSAULT,6,0.2222222222222222,0.07875436182501766
1518,892ab2cc9b3ffff,63,42.2750680741887,-83.1475369373952,0.30825775026904595,Boynton,04,S Deacon St & Schaefer,ASSAULT,17,0.2698412698412698,0.07867796381912882
1519,892ab2c1acfffff,52,42.4441312249758,-83.2224833167843,0.5046155729351445,O'Hair Park,08,Rosemont Ave & W 8 Mile Rd,LARCENY,10,0.19230769230769232,0.078667265679157
1520,892ab2c6673ffff,80,42.42395129894925,-82.967594346819,0.004191851226725722,Mapleridge,09,Mayfield St & Queen St,ASSAULT,11,0.1375,0.07866136793751616
1521,892ab2c460bffff,24,42.3832002790155,-83.0178521860123,1.004620107186087,Gratiot Town/Kettering,07,Van Dyke St & Medbury St,ASSAULT,6,0.25,0.07865016375384389
1522,892ab2ce96fffff,20,42.3075669056093,-83.1167429834685,1.0753211618686722,Central Southwest,04,N Green St & Rowan St,LARCENY,5,0.25,0.07860776823138373
1523,892ab2c1867ffff,56,42.434237223333,-83.1889730564472,0.4306018055651912,Schaefer 7/8 Lodge,12,Vassar Ave & Strathmoor St,AGGRAVATED ASSAULT,10,0.17857142857142858,0.07852790173538156
1524,892ab2c0b6fffff,19,42.4030113722002,-83.1244936752118,1.0907048583706824,Pilgrim Village,10,Fenkell St & La Salle Blvd,AGGRAVATED ASSAULT,5,0.2631578947368421,0.07847143734056371
1525,892ab2c09c7ffff,22,42.4201318503091,-83.085980168003,1.0370450995262313,Cadillac Heights,11,Greeley St & Stender Ave,STOLEN VEHICLE,7,0.3181818181818182,0.07846844990491025
1526,892ab2ce097ffff,20,42.3953701974054,-83.1456314739123,1.071227884071273,Chalfonte,10,San Juan Dr & Lyndon St,ASSAULT,6,0.3,0.078383181296801
1527,892ab2cf037ffff,25,42.3912566050497,-83.2285807004493,0.9816719445441783,Grandmont #1,08,Warwick St & Acacia St,ASSAULT,6,0.24,0.0783714531189717
1528,892ab2c088bffff,37,42.4372269220887,-83.1003625702108,0.7671831548134057,Nolan,11,E Lantz St & Keating St,ASSAULT,9,0.24324324324324326,0.07836774694324272
1529,892ab2ce60fffff,69,42.4020908527186,-83.1791106154336,0.19415882260344675,Bethune Community,02,Fenkell St & Schaefer Hwy,DAMAGE TO PROPERTY,13,0.18840579710144928,0.07830002130225595
1530,892ab2c5367ffff,39,42.3484989822295,-83.0896163402127,0.7299867601053109,Core City,03,Grand River Ave & 16th St,LARCENY,12,0.3076923076923077,0.07828766702089615
1531,892ab2cc237ffff,44,42.3343331371858,-83.2301120194731,0.6392938637347986,Warrendale,06,Dayton St & Minock St,ASSAULT,8,0.18181818181818182,0.07821355713704672
1532,892ab2ce433ffff,58,42.402674953457,-83.1402364912929,0.3890705277888204,Pilgrim Village,10,Fenkell St & Livernois Ave,FRAUD,8,0.13793103448275862,0.07820997865938993
1533,892ab2c184fffff,41,42.4410455756443,-83.1978940978474,0.6919274241070142,Schaefer 7/8 Lodge,12,James Couzens Fwy & Audrey St,BURGLARY,7,0.17073170731707318,0.0781602398749591
1534,892ab2cd49bffff,23,42.3834210566528,-83.2734540054427,1.0130656662016562,Castle Rouge,06,Riverview St & W Davison St,ASSAULT,4,0.17391304347826086,0.07813315627401168
1535,892ab2cf56fffff,21,42.3915530042134,-83.21479079912,1.0482412025320418,Grandmont,08,Acacia St & Longacre St,ASSAULT,7,0.3333333333333333,0.07810235723559877
1536,892ab2ceda3ffff,45,42.3346819903025,-83.0838301752967,0.618892168686164,North Corktown,03,Butternut St & 18th St,LARCENY,16,0.35555555555555557,0.0780745642000916
1537,892ab2c63a3ffff,30,42.3893120363918,-82.9416661261914,0.8863429625924759,Morningside,05,Brunswick St & Somerset Ave,ASSAULT,12,0.4,0.07804297392507833
1538,892ab2cf62fffff,26,42.4040062864354,-83.2539739305805,0.9575807301462782,Brightmoor,08,Chapel St & Midland St,ASSAULT,7,0.2692307692307692,0.07803002636693038
1539,892ab2c720fffff,31,42.4151981837641,-83.0557479663178,0.867372551338682,Davison,11,Luce St & Justine St,ASSAULT,8,0.25806451612903225,0.07798251160732658
1540,892ab2c5c73ffff,20,42.3401840210692,-83.0411101047384,1.0637784646673254,Downtown,07,S I  375 Service Drive & Gratiot Ave,DAMAGE TO PROPERTY,5,0.25,0.07797445207020987
1541,892ab2cf4dbffff,68,42.4297351045788,-83.2333513439134,0.20511262809139796,Evergreen-Outer Drive,08,Huntington Rd & W 7 Mile Rd,ASSAULT,16,0.23529411764705882,0.07792063443218744
1542,892ab2cc593ffff,33,42.3564688612625,-83.1676128757451,0.8299451939122335,Aviation Sub,02,Meyers Rd & Oakman Blvd,DAMAGE TO PROPERTY,9,0.2727272727272727,0.07788975939360732
1543,892ab2cee83ffff,62,42.3570346311602,-83.1383150680815,0.3117529442308159,Midwest,02,Livernois Ave & Van Buren St,ASSAULT,15,0.24193548387096775,0.07788934337591442
1544,892ab2c7657ffff,49,42.440694424643,-83.0504727606514,0.5430844222346654,Farwell,11,Moenart St & E Outer Dr,ASSAULT,10,0.20408163265306123,0.07783676954074495
1545,892ab2cf303ffff,27,42.3793004795941,-83.2464053522709,0.9353210678862047,Brightmoor,06,Burt Rd & Fullerton,ASSAULT,11,0.4074074074074074,0.07778909186108457
1546,892ab2cf50bffff,50,42.4012188555313,-83.2104899160367,0.5242322293354608,Crary/St Marys,08,Fenkell St & Biltmore St,LARCENY,10,0.2,0.07778279354011675
1547,892ab2c1903ffff,77,42.4241250348129,-83.1651149487522,0.03917346118816221,Schulze,12,Pickford St & Mendota St,ASSAULT,18,0.23376623376623376,0.07763953653385673
1548,892ab2c5c9bffff,46,42.352015734436,-83.0317186099407,0.5926457781376594,McDougall-Hunt,07,Hendricks St & Chene St,ASSAULT,13,0.2826086956521739,0.07761488883920736
1549,892ab2c738bffff,36,42.4061212640626,-83.02994401732974,0.7708532613112297,Airport Sub,11,Arcola St & Carrie St,ASSAULT,11,0.3055555555555556,0.07758872347151102
1550,892ab2c18afffff,49,42.4384007832271,-83.1752626650121,0.5384080981374767,Blackstone Park,12,Ward St & Pembroke Ave,LARCENY,9,0.1836734693877551,0.07758019245360705
1551,892ab2ca96fffff,36,42.4264196948455,-83.2533032343703,0.7701119284891385,Holcomb Community,08,Clarita St & Bentler St,STOLEN PROPERTY,6,0.16666666666666666,0.07754804857128197
1552,892ab21b25bffff,48,42.2793970735093,-83.1434220083341,0.5555583909934357,Boynton,04,Pleasant St & S Deacon St,ASSAULT,13,0.2708333333333333,0.07754078986314097
1553,892ab2cc687ffff,74,42.3651643371375,-83.2165741896499,0.08812265742319983,Franklin Park,06,S M 39 & W Chicago St,ASSAULT,12,0.16216216216216217,0.07738406830904163
1554,892ab2c0d57ffff,56,42.4377772474824,-83.0806024179151,0.4087486122506728,Nolan,11,Lumpkin St & E Lantz St,ASSAULT,15,0.26785714285714285,0.07732887690973457
1555,892ab2c42a7ffff,44,42.3601172271241,-83.0104250466449,0.6230566517552156,Islandview,07,Charlevoix St & E Grand Blvd,LARCENY,14,0.3181818181818182,0.07732266581591983
1556,892ab2c6273ffff,51,42.4039024716613,-82.9802725493396,0.49754970961614503,Wade,09,Annsbury Ave & Maiden St,DAMAGE TO PROPERTY,10,0.19607843137254902,0.07729918896689884
1557,892ab2cec87ffff,17,42.3582662918182,-83.1054919876115,1.10382014252276,NW Goldberg,10,Wildemere St & W Grand Blvd,DAMAGE TO PROPERTY,3,0.17647058823529413,0.07723025272411944
1558,892ab2ca953ffff,39,42.4398462439378,-83.2562655967715,0.7106366383178149,Evergreen Lahser 7/8,08,Chapel St & Trojan St,ASSAULT,9,0.23076923076923078,0.07722597886994356
1559,892ab2c0a27ffff,58,42.417360091514,-83.1281437889951,0.37015311912460885,Detroit Golf,12,Normandy St & W McNichols Rd,LARCENY,16,0.27586206896551724,0.07717203229160532
1560,892ab2d5907ffff,62,42.4448223717241,-82.9486503403743,0.2978418013628258,Regent Park,09,Shakespeare St & Rossini Dr,STOLEN VEHICLE,10,0.16129032258064516,0.07712607709204547
1561,892ab2c1da3ffff,34,42.4436726497234,-83.1419402974995,0.7980991249511042,Green Acres,12,Norfolk St & Stoepel St,FRAUD,7,0.20588235294117646,0.07712284502486991
1562,892ab2ca973ffff,51,42.4329049488901,-83.251160304765,0.49413552566104924,Evergreen Lahser 7/8,08,Vassar Ave & Trinity St,ASSAULT,11,0.21568627450980393,0.07711186205029825
1563,892ab2ce5a7ffff,32,42.3869529050594,-83.1095957219611,0.8336069138521907,Dexter-Linwood,10,Elmhurst St & 14th St,ASSAULT,7,0.21875,0.07711027577442994
1564,892ab2c7197ffff,40,42.4109678238081,-82.9920439916633,0.6904772550627051,Eden Gardens,09,Kilbourne Ave & Barrett St,ASSAULT,11,0.275,0.07710028091701213
1565,892ab2c40b3ffff,34,42.3686759108596,-82.9816646198792,0.7970682754285282,East Village,05,Garland St & E Vernor Hwy,ASSAULT,6,0.17647058823529413,0.07706628513674343
1566,892ab2c6097ffff,43,42.4165400033037,-82.9303655123861,0.6357863777308858,Cornerstone Village,05,Berden St & Neff Ave,STOLEN VEHICLE,8,0.18604651162790697,0.0770407188358712
1567,892ab2cf3afffff,31,42.3740653656552,-83.2376197032591,0.8496504806617377,Weatherby,06,Wadsworth St & Vaughan St,DAMAGE TO PROPERTY,7,0.22580645161290322,0.07701015015892401
1568,892ab2c508bffff,35,42.3829502414508,-83.0706321756674,0.775661707651553,North End,03,Alger St & Oakland St,DAMAGE TO PROPERTY,8,0.22857142857142856,0.07687215758716878
1569,892ab2c5637ffff,35,42.3875026063513,-83.0886411599598,0.7741017164553294,Gateway Community,10,Glynn Ct & 2nd Blvd,DAMAGE TO PROPERTY,11,0.3142857142857143,0.0767865651455909
1570,892ab2c44b3ffff,58,42.3870654894149,-82.9707905753456,0.3628762057855531,Fox Creek,05,Conner St & E Canfield St,ASSAULT,10,0.1724137931034483,0.07677276800001949
1571,892ab2c5ac7ffff,34,42.3254475467398,-83.0780122049866,0.7910970631037724,Central Southwest,04,18th St & Bagley St,LARCENY,11,0.3235294117647059,0.07673866108136868
1572,892ab2cc3cfffff,44,42.328981197498194,-83.2238789319517,0.6119608726351996,Warrendale,06,Ford Rd & Stahelin Ave,ASSAULT,10,0.22727272727272727,0.07671387082503142
1573,892ab2c5033ffff,21,42.3727905870618,-83.0692104677077,1.0224995107081354,North End,03,Brush St & E Grand Blvd,LARCENY,8,0.38095238095238093,0.07668998115367795
1574,892ab2c43d7ffff,49,42.3537159719641,-83.0061982794167,0.5214678216439996,Islandview,07,Saint Paul St & E Grand Blvd,ASSAULT,11,0.22448979591836735,0.0766507259094426
1575,892ab2c7227ffff,40,42.4085509136297,-83.0473540377302,0.6821322797664269,Buffalo Charles,11,Carpenter St & Buffalo St,LARCENY,14,0.35,0.07664241499299632
1576,892ab2c62dbffff,47,42.4182228441417,-82.9797988666026,0.5566568249110887,Eden Gardens,09,Loretto St & Coplin St,AGGRAVATED ASSAULT,6,0.1276595744680851,0.07662066576493871
1577,892ab2cf0b3ffff,44,42.4009740333701,-83.2240117174823,0.6091702584788949,Rosedale Park,08,Fenkell St & Greenview Rd,FRAUD,10,0.22727272727272727,0.07656075747431632
1578,892ab2cf087ffff,43,42.402687559257,-83.2264690594468,0.6270217553422911,Rosedale Park,08,Keeler St & Glastonbury Ave,LARCENY,10,0.23255813953488372,0.07655982802599745
1579,892ab2cc6abffff,78,42.3577976747862,-83.2213296391539,-0.07176070977489502,Franklin Park,06,Penrod St & Joy Rd,ASSAULT,18,0.23076923076923078,0.07647058823529412
1580,892ab2c7457ffff,42,42.443952144284,-83.0213608732199,0.6428711854833387,Conner Creek,11,Millbank St & Veach St,ASSAULT,9,0.21428571428571427,0.07644905066354776
1581,892ab2cf447ffff,36,42.4175190202132,-83.2350431548674,0.7497286165945156,Evergreen-Outer Drive,08,Santa Maria St & Annchester Rd,STOLEN VEHICLE,13,0.3611111111111111,0.07642967211074331
1582,892ab2c564fffff,57,42.3935002539441,-83.1083842133584,0.3744598584801048,Dexter-Linwood,10,Woodrow Wilson St & Glendale St,AGGRAVATED ASSAULT,12,0.21052631578947367,0.0764279391199989
1583,892ab2ca943ffff,61,42.4379807409439,-83.2574177106357,0.3026087425159384,Evergreen Lahser 7/8,08,Lahser Rd & Pembroke Ave,STOLEN VEHICLE,16,0.26229508196721313,0.07640723393183133
1584,892ab2cec6fffff,28,42.344520197641,-83.1248656469556,0.8916140790959332,Midwest,10,Epworth St & Cobb Pl,ASSAULT,5,0.17857142857142858,0.07637140132771669
1585,892ab2c1a4fffff,29,42.43711688722,-83.2281171360528,0.8736515333286726,O'Hair Park,08,Stahelin Ave & Pembroke Ave,WEAPONS OFFENSES,9,0.3103448275862069,0.07636623782702448
1586,892ab2ced53ffff,16,42.34180021552175,-83.1077638291537,1.1052432017392373,Chadsey Condon,04,Horatio St & Scotten St,AGGRAVATED ASSAULT,4,0.25,0.07632793992638581
1587,892ab2cd577ffff,40,42.3518468564292,-83.2632398230751,0.673666715372551,Far West Detroit,06,Beaverland St & Belton Ave,ASSAULT,8,0.2,0.07617793267568541
1588,892ab2c6287ffff,68,42.410461075775,-82.9624469907289,0.1730005918844992,Outer Drive-Hayes,09,Elmdale St & Manistique St,ASSAULT,17,0.25,0.07615873501272975
1589,892ab2c637bffff,44,42.3873857093037,-82.9631851612931,0.6017242608814566,Fox Creek,05,Lenox St & Waveney St,AGGRAVATED ASSAULT,10,0.22727272727272727,0.07615221599287043
1590,892ab2c639bffff,75,42.3991098459968,-82.9478213807297,0.047546086359167454,Morningside,05,Nottingham Rd & E Warren Ave,ASSAULT,13,0.17333333333333334,0.07613813521699525
1591,892ab2c0b9bffff,56,42.4201166746661,-83.1100512833569,0.3861163189383935,Palmer Park,12,2nd Blvd & Covington Dr,ASSAULT,10,0.17857142857142858,0.07608710500243539
1592,892ab2cf2cfffff,65,42.4001125191186,-83.27398823794,0.22463066807382762,Brightmoor,08,Fenkell St & Riverview Dr,DAMAGE TO PROPERTY,14,0.2153846153846154,0.07605035932370613
1593,892ab2ce317ffff,75,42.3682956299209,-83.1616939481118,0.044949564054769145,Barton-McFarland,02,Crocuslawn St & Griggs St,ASSAULT,13,0.17333333333333334,0.07599567115426026
1594,892ab2ce343ffff,49,42.3682921363152,-83.1778077352336,0.5085335881209352,Plymouth-Hubbell,02,Orangelawn St & Hartwell St,ASSAULT,15,0.30612244897959184,0.07594105996398251
1595,892ab2c51cfffff,26,42.3650197062343,-83.0612173753423,0.9181831802807484,Cultural Center,03,E Palmer St & Saint Antoine St,ASSAULT,7,0.2692307692307692,0.07586839077992205
1596,892ab2cf36bffff,31,42.3716043539372,-83.2608756015353,0.8266354605955599,West Outer Drive,06,Plymouth Rd & W Outer Dr,LARCENY,8,0.25806451612903225,0.07574737908355089
1597,892ab2cc45bffff,69,42.3675805223552,-83.2130984870102,0.14752128841141268,Joy Community,06,Orangelawn St & Rutland St,ASSAULT,19,0.2753623188405797,0.07574114761737173
1598,892ab2ce967ffff,64,42.3077939543499,-83.1133074328407,0.2359164455467098,Central Southwest,04,Lisbon St & Beard St,ASSAULT,14,0.21875,0.07568918684663833
1599,892ab2cf69bffff,37,42.4230777793123,-83.2532445348378,0.7183144078701876,Holcomb Community,08,Karl St & Bentler St,STOLEN PROPERTY,9,0.24324324324324326,0.07568645272962998
1600,892ab2c40afffff,19,42.3624639597425,-82.9827967407196,1.039583593632194,East Village,07,Cadillac Blvd & Saint Paul St,ASSAULT,5,0.2631578947368421,0.07566655364884269
1601,892ab2c7173ffff,63,42.4012368778537,-83.0085864802902,0.25328056276714633,Airport Sub,09,Raymond Ave & Grinnell Ave,LARCENY,24,0.38095238095238093,0.07566151621303763
1602,892ab2cc697ffff,65,42.3674922773256,-83.2179058562475,0.21657587604458628,Franklin Park,06,Orangelawn St & Ashton Ave,ASSAULT,25,0.38461538461538464,0.0756084149602676
1603,892ab2cf163ffff,15,42.374269089327,-83.2253827956311,1.1098210714537433,Southfield Plymouth,06,Stahelin Ave & Wadsworth St,ASSAULT,6,0.4,0.07559872293451021
1604,892ab2cd5b7ffff,77,42.3574366928703,-83.24203060975,-0.22091651819563018,Franklin Park,06,Joy Rd & Fielding St,LARCENY,14,0.18181818181818182,0.07549019607843138
1605,892ab2ce5bbffff,77,42.3913310174178,-83.116939286888,-0.027273771729535264,Dexter-Linwood,10,La Salle Blvd & Glendale St,ASSAULT,28,0.36363636363636365,0.07549019607843138
1606,892ab2cf5c7ffff,77,42.4067414390845,-83.2075779530991,-0.0009340986717480036,Crary/St Marys,08,Pilgrim St & Saint Marys St,ASSAULT,16,0.2077922077922078,0.07549019607843138
1607,892ab2c5043ffff,45,42.3790361386695,-83.0866583943009,0.5706510809168306,Piety Hill,03,Hazelwood St & 3rd St,DAMAGE TO PROPERTY,8,0.17777777777777778,0.07542770792516824
1608,892ab2ce46bffff,48,42.40026974077075,-83.1574989277948,0.516514548764116,Chalfonte,10,Chalfonte St & Indiana St,ASSAULT,12,0.25,0.07539856124474967
1609,892ab2ce3d3ffff,40,42.3774983465125,-83.1695184000023,0.6590166478595929,Pride Area Community,02,Appoline & Capitol St,ASSAULT,9,0.225,0.07537412362166623
1610,892ab2cf4b3ffff,41,42.4191813911233,-83.214619354373,0.6396756993007844,College Park,08,W Outer Dr & Oakfield St,LARCENY,9,0.21951219512195122,0.07529333093749405
1611,892ab2cf433ffff,17,42.4137206345275,-83.2199916149766,1.0668179001898122,North Rosedale Park,08,Grove St & Ashton Ave,ASSAULT,3,0.17647058823529413,0.07520004109677184
1612,892ab2cf0abffff,23,42.3959325061678,-83.2287289997438,0.9590585323955058,Rosedale Park,08,Artesian St & Eaton St,ASSAULT,7,0.30434782608695654,0.07516993285564784
1613,892ab2c6073ffff,40,42.4071793213753,-82.9476318314687,0.6550991694946522,Morningside,05,Haverhill St & Linville St,ASSAULT,7,0.175,0.0751591823201413
1614,892ab2c769bffff,35,42.4478735194717,-83.0394108859109,0.7442592245141111,Farwell,11,Mount Elliott St & E 8 Mile Rd,LARCENY,24,0.6857142857142857,0.07514918940000964
1615,892ab2cebafffff,24,42.3084151375156,-83.1282682765951,0.9403290457857943,Springwells,04,Gartner St & Mullane St,STOLEN VEHICLE,7,0.2916666666666667,0.07512268941283157
1616,892ab2cc9afffff,15,42.269098531765,-83.1512337347207,1.0993046718540695,Boynton,04,Downing St & S Ethel St,AGGRAVATED ASSAULT,3,0.2,0.075021716910038
1617,892ab2ce403ffff,44,42.4075296724886,-83.1447511568352,0.5810744500745515,Fitzgerald/Marygrove,12,Pilgrim St & Prairie St,ASSAULT,10,0.22727272727272727,0.07501921746738979
1618,892ab2c554fffff,36,42.3793542334706,-83.060035874047,0.7230084161456618,Russell Industrial,03,Hartwick St & Clay St,LARCENY,15,0.4166666666666667,0.07496360794230186
1619,892ab2c606bffff,61,42.4040358164768,-82.9546506627889,0.2760384777534613,Morningside,05,Lakepointe St & E Outer Dr,ASSAULT,10,0.16393442622950818,0.0749493963235831
1620,892ab2c42b3ffff,51,42.3643842127533,-83.0121175944678,0.45412244630112114,Gratiot-Grand,07,Mack Ave & E Grand Blvd,LARCENY,15,0.29411764705882354,0.07491645404687099
1621,892ab2c635bffff,52,42.3937084994663,-82.9670827424445,0.43398601598522235,Chandler Park,05,Dickerson St & E Warren Ave,DAMAGE TO PROPERTY,11,0.21153846153846154,0.07479201545880855
1622,892ab2c0857ffff,43,42.4322021371176,-83.1121417850223,0.5917210385230242,Penrose,12,Bauman St & W 7 Mile Rd,ASSAULT,7,0.16279069767441862,0.07462297444033336
1623,892ab2cc64fffff,52,42.3592477266158,-83.2408471633397,0.4305888674583418,Franklin Park,06,Dover St & Fielding St,ASSAULT,13,0.25,0.07460562322946632
1624,892ab2ce113ffff,58,42.3745524195092,-83.1343969386469,0.32301854060522694,Nardin Park,10,Yellowstone St & Burlingame St,ASSAULT,13,0.22413793103448276,0.0745858871466942
1625,892ab2c0937ffff,18,42.4077219638833,-83.0756863498258,1.0372869588182654,Campau/Banglatown,11,Saint Aubin St & Lawley St,STOLEN PROPERTY,6,0.3333333333333333,0.0745601514339663
1626,892ab2ca98fffff,38,42.4403157771734,-83.2404162573094,0.6796686867640511,Evergreen Lahser 7/8,08,Trojan St & Evergreen Rd,ASSAULT,7,0.18421052631578946,0.07454646008302773
1627,892ab2c0d8bffff,33,42.4403381364004,-83.0696432161136,0.7683241589453803,Butler,11,Revere St & E Outer Dr,AGGRAVATED ASSAULT,7,0.21212121212121213,0.07450878208544286
1628,892ab2c0c67ffff,74,42.4422476453124,-83.0983563765498,0.033746184916541945,Nolan,11,Irvington St & E Remington Ave,ASSAULT,22,0.2972972972972973,0.07440058028840171
1629,892ab2c1b9bffff,64,42.4306932110297,-83.191206590259,0.21146122995997027,Winship,12,Hubbell St & W 7 Mile Rd,FRAUD,21,0.328125,0.07434739619009528
1630,892ab2c44a7ffff,60,42.383702368776,-82.9678474030951,0.2829007658072806,Fox Creek,05,Mack Ave & Conner St,FRAUD,15,0.25,0.07434551910523984
1631,892ab2c6643ffff,42,42.4297876322612,-82.9725671390709,0.6043261226142825,Mapleridge,09,Park Grove St & Celestine St,ASSAULT,7,0.16666666666666666,0.07433418870168437
1632,892ab2c63d3ffff,44,42.400661165196,-82.9557869032019,0.5684860980043845,Morningside,05,Southampton St & Alter Rd,AGGRAVATED ASSAULT,11,0.25,0.07432852908931706
1633,892ab2ceeafffff,15,42.344936082495,-83.1376130745918,1.0864086673558762,Midwest,02,W Warren Ave & Martin St,BURGLARY,4,0.26666666666666666,0.07431414848640097
1634,892ab2cab97ffff,37,42.4395505201343,-83.2651248925023,0.6931536358167382,Berg-Lahser,08,Redfern St & Trojan St,ASSAULT,10,0.2702702702702703,0.07430595012342789
1635,892ab2cf0b7ffff,44,42.3985686025405,-83.22153540293806,0.566531432314614,Rosedale Park,08,Chalfonte St & Penrod St,ASSAULT,8,0.18181818181818182,0.07422128193993507
1636,892ab21b64fffff,40,42.295719762586,-83.1308986752114,0.6360889158132277,Springwells,04,W Fort St & Woodmere St,DAMAGE TO PROPERTY,12,0.3,0.07411614180071607
1637,892ab2cf107ffff,36,42.3797969009792,-83.212316618189,0.7075346831352995,Schoolcraft Southfield,06,Fullerton St & Memorial St,ASSAULT,10,0.2777777777777778,0.07411460661980263
1638,892ab2c7617ffff,24,42.4391198765391,-83.0404045401886,0.9209259489612017,Farwell,11,Oakley St & Saint Louis St,AGGRAVATED ASSAULT,6,0.25,0.07405809466677846
1639,892ab2ce40fffff,51,42.4051647514865,-83.1461157888761,0.43611611219057844,Fitzgerald/Marygrove,12,Hughes St & Prairie St,ASSAULT,12,0.23529411764705882,0.0739284958429278
1640,892ab2cec53ffff,44,42.3587918521101,-83.12585987533,0.5583211112005781,Midwest,10,Maplewood St & Ironwood St,ASSAULT,9,0.20454545454545456,0.07377080412186157
1641,892ab2cc4cfffff,48,42.3700837783201,-83.20342637546864,0.4868264690858706,Joy Community,06,Elmira St & Saint Marys St,ASSAULT,14,0.2916666666666667,0.07376965767685084
1642,892ab2ce5c7ffff,70,42.3965814509717,-83.1285581269418,0.09119014231999584,Oakman Blvd Community,10,Ewald Cir & Kendall St,ASSAULT,16,0.22857142857142856,0.07363080417103621
1643,892ab2c6563ffff,73,42.4071304953058,-82.9190289747775,0.036662767997747446,Cornerstone Village,05,Marseilles St & Munich St,ASSAULT,22,0.3013698630136986,0.07358021305192916
1644,892ab2c4363ffff,19,42.3404619032032,-83.0135530796517,1.001140090391132,Rivertown,07,Spinnaker Ln & Franklin St,DAMAGE TO PROPERTY,6,0.3157894736842105,0.07355726398542996
1645,892ab2c50d7ffff,22,42.3850011783821,-83.0757034263151,0.9452877716786131,North End,03,Owen St & Brush St,BURGLARY,6,0.2727272727272727,0.0734339767988113
1646,892ab2cf1cbffff,31,42.3889116307427,-83.2260795586412,0.7840661987315692,Grandmont #1,08,Artesian St & Kendall St,LARCENY,8,0.25806451612903225,0.07341172035167658
1647,892ab2c6e73ffff,25,42.3706453495581,-82.9401255137013,0.8912679398537207,Jefferson Chalmers,05,Freud St & Philip St,STOLEN VEHICLE,7,0.28,0.0734112331455479
1648,892ab2cf3dbffff,39,42.3879138166453,-83.2562327863294,0.6408975825193525,Brightmoor,06,W Outer Dr & Barbara St,ASSAULT,9,0.23076923076923078,0.0733995880072414
1649,892ab2c5e9bffff,65,42.3482451108063,-83.062223457993,0.17564220223541216,Midtown,03,Cass Ave & Selden St,LARCENY,22,0.3384615384615385,0.07336249646241912
1650,892ab2c5057ffff,57,42.3792807382134,-83.0831065105224,0.3180222733157076,Piety Hill,03,Hazelwood St & 2nd Ave,LARCENY,17,0.2982456140350877,0.07333136349657633
1651,892ab2ced43ffff,38,42.3387758201381,-83.1085939069127,0.6573005472655504,Chadsey Condon,04,Rich St & 28th St,ASSAULT,8,0.21052631578947367,0.07331918157154269
1652,892ab2ce177ffff,62,42.363983925711,-83.1386881889085,0.22730486288625923,Midwest,02,Westfield St & Northfield St,BURGLARY,9,0.14516129032258066,0.07325590859349707
1653,892ab2cf697ffff,54,42.4215388972908,-83.2439018563263,0.3695506825085505,Holcomb Community,08,Glenco St & Fielding St,ASSAULT,12,0.2222222222222222,0.07321740961808719
1654,892ab2c563bffff,34,42.3904977054672,-83.0943815898957,0.7269111200926603,Gateway Community,10,Webb St & 3rd St,ASSAULT,6,0.17647058823529413,0.07321695429828005
1655,892ab2c5297ffff,34,42.381104923443,-83.0939138801762,0.7266179821074645,Boston Edison,10,Byron St & Edison St,LARCENY,9,0.2647058823529412,0.07320087062041516
1656,892ab2c1ab7ffff,36,42.437630041367,-83.2001687746103,0.6908221991317175,Greenfield,08,Greenfield Rd & Pembroke Ave,ASSAULT,9,0.25,0.07319763842526375
1657,892ab2cc08fffff,54,42.3483501996671,-83.2025062256588,0.3680010476045361,Warren Ave Community,06,Diversey & Mansfield St,ASSAULT,16,0.2962962962962963,0.07313238539788007
1658,892ab2ca903ffff,44,42.4348753423513,-83.2453426004845,0.5463870169284829,Evergreen Lahser 7/8,08,Fielding St & Saint Martins Ave,ASSAULT,14,0.3181818181818182,0.07311601307609038
1659,892ab2c4303ffff,42,42.3453152818362,-83.0062269348002,0.5813596263531091,Islandview,07,E Jefferson Ave & Bellevue St,ASSAULT,7,0.16666666666666666,0.07307407999450605
1660,892ab2ce3c3ffff,51,42.3755617406188,-83.1706884383063,0.41895454614758554,Pride Area Community,02,Wadsworth St & Appoline,ASSAULT,12,0.23529411764705882,0.07298688774765422
1661,892ab2ce907ffff,31,42.3135988032507,-83.1039540742848,0.774752390377564,Central Southwest,04,Rogers St & Cavalry St,LARCENY,8,0.25806451612903225,0.07290069721299637
1662,892ab2cf033ffff,31,42.393622114474,-83.2311282786845,0.774726017146534,Rosedale Park,08,Westwood St & Lyndon St,DAMAGE TO PROPERTY,7,0.22580645161290322,0.07289925018608903
1663,892ab2cc46fffff,39,42.3543798382804,-83.2066135175642,0.6314379071145966,Garden View,06,Constance St & Asbury Park,ASSAULT,10,0.2564102564102564,0.07288056154325415
1664,892ab2c62cbffff,35,42.4148332566681,-82.9810349662014,0.7020297621904333,Eden Gardens,09,Kilbourne Ave & Dickerson St,BURGLARY,9,0.2571428571428571,0.07283217453764743
1665,892ab2c6057ffff,53,42.41232018841,-82.9495935290772,0.3800769758652173,Outer Drive-Hayes,09,McKinney Ave & Devonshire Rd,ASSAULT,10,0.18867924528301888,0.07281456632902773
1666,892ab2c1a6bffff,52,42.4334986007982,-83.2279130295617,0.3970833224758516,O'Hair Park,08,Stahelin Ave & Vassar Ave,ASSAULT,13,0.25,0.07276726580258411
1667,892ab2cf5afffff,38,42.3967735062688,-83.1960751937683,0.6472352067217463,Hubbell-Lyndon,02,Sussex St & Eaton St,ASSAULT,11,0.2894736842105263,0.07276692392127998
1668,892ab2ce2cfffff,46,42.389586958914,-83.1924936266238,0.5038720750407483,Cadillac Community,02,Coyle St & Kendall St,ASSAULT,10,0.21739130434782608,0.07274411904616775
1669,892ab2c727bffff,50,42.4148650964108,-83.06368632254379,0.431217894404762,North Campau,11,Newbern St & E Davison St,AGGRAVATED ASSAULT,10,0.2,0.07267935190036069
1670,892ab2c1a57ffff,46,42.4407284039922,-83.2223587312415,0.5013508530141096,O'Hair Park,08,Glastonbury Rd & Trojan St,DAMAGE TO PROPERTY,10,0.21739130434782608,0.07260578650330321
1671,892ab2cc207ffff,74,42.33949730793,-83.2352420894168,-0.06052632090564723,Warrendale,06,Evergreen Rd & Whitlock St,ASSAULT,18,0.24324324324324326,0.07254901960784314
1672,892ab2c559bffff,37,42.3905901031685,-83.0403890335851,0.6591729876738252,Airport Sub,07,Miller St & Winkelman St,LARCENY,10,0.2702702702702703,0.07244152508821533
1673,892ab2c40c7ffff,38,42.3715906465522,-82.995091007846,0.6401224192291126,Gratiot Woods,07,Belvidere St & Mack Ave,ASSAULT,11,0.2894736842105263,0.07237666476507909
1674,892ab2d5b3bffff,34,42.4387105009632,-82.9804423979394,0.7113410376449283,Franklin,09,Hoyt St & Pinewood St,DANGEROUS DRUGS,9,0.2647058823529412,0.07236266654621051
1675,892ab2cf0bbffff,29,42.3983737506383,-83.2288122077161,0.8003351777997494,Rosedale Park,08,Chalfonte St & Piedmont St,LARCENY,8,0.27586206896551724,0.07234357033216746
1676,892ab2ce28bffff,43,42.3911239188274,-83.1840696448527,0.5491926349757099,Grand River-I96,02,Ardmore St & Intervale St,ASSAULT,9,0.20930232558139536,0.07228955749231755
1677,892ab2cab33ffff,24,42.4271543269301,-83.27127168555755,0.8875557881464001,Seven Mile-Rouge,08,Grayfield St & Glenhurst St,ASSAULT,5,0.20833333333333334,0.07222716539813939
1678,892ab21b69bffff,47,42.3055859364449,-83.112717202856,0.47627875381276014,Central Southwest,04,Beard St & Lexington St,ASSAULT,17,0.3617021276595745,0.07221054129033909
1679,892ab2ce887ffff,43,42.3366160904204,-83.117452165715,0.5472090118950109,Chadsey Condon,04,N Campbell St & Rich St,ASSAULT,10,0.23255813953488372,0.07218072153025683
1680,892ab2ce367ffff,44,42.3586740043957,-83.1714457784653,0.5290459986955564,Barton-McFarland,02,Sorrento St & Joy Rd,ASSAULT,14,0.3181818181818182,0.07216455893096722
1681,892ab2c6203ffff,56,42.406752099657,-82.9724653504497,0.3143789047759812,Outer Drive-Hayes,09,Wade St & Coplin St,BURGLARY,8,0.14285714285714285,0.0721510696930645
1682,892ab2c0d7bffff,30,42.4304919506641,-83.0827737704248,0.7784205271106664,Northeast Central District,11,E Robinwood St & Marx St,ASSAULT,11,0.36666666666666664,0.0721215656656728
1683,892ab2c7203ffff,51,42.418888284389,-83.0528246949328,0.4030896029183974,Davison,11,Fenelon St & E Davison St,ASSAULT,15,0.29411764705882354,0.07211642179261053
1684,892ab2c430bffff,21,42.345732473251,-83.009748199545,0.9384785008571035,Islandview,07,E Congress St & Meldrum St,BURGLARY,5,0.23809523809523808,0.07207997861366529
1685,892ab2c0a6bffff,55,42.4207676917197,-83.1464518487968,0.3306232193694603,Bagley,12,San Juan Dr & Santa Clara St,LARCENY,11,0.2,0.07206195855828748
1686,892ab2c6443ffff,24,42.4319611517993,-82.9441251389732,0.88431257288585,Moross-Morang,09,McCormick St & Rossiter St,BURGLARY,4,0.16666666666666666,0.07204921906524656
1687,892ab2c528fffff,50,42.3772554249225,-83.1000859101974,0.4197072187266136,Virginia Park Community,10,Clairmount St & Rosa Parks Blvd,LARCENY,11,0.22,0.07204779267240558
1688,892ab2c66dbffff,65,42.4371249681045,-82.9686649546626,0.15085291231501002,Regent Park,09,Queen St & Lappin St,ASSAULT,11,0.16923076923076924,0.07200237606276219
1689,892ab2c193bffff,70,42.4186750292476,-83.1647445281279,0.06132496549114338,Schulze,12,Santa Maria St & Birwood St,ASSAULT,15,0.21428571428571427,0.07199218376784135
1690,892ab2c509bffff,28,42.3864363486048,-83.070113304326,0.8116121373415564,North End,03,Owen St & Delmar St,ASSAULT,5,0.17857142857142858,0.07198191403938826
1691,892ab2c53afffff,49,42.352454202924,-83.0775821228602,0.43630911742120204,Wayne State,03,Lincoln St & W Warren Ave,ASSAULT,12,0.24489795918367346,0.07197830119725065
1692,892ab2c515bffff,54,42.3651640811925,-83.0699490655294,0.34542267920800246,Tech Town,03,Harper Ave & Woodward Ave,FRAUD,13,0.24074074074074073,0.0718935722029196
1693,892ab2c73b3ffff,15,42.4008595365215,-83.0211207275664,1.0417423741631529,Airport Sub,11,Murat St & Grinnell Ave,DAMAGE TO PROPERTY,4,0.26666666666666666,0.07186343139270639
1694,892ab2c63bbffff,36,42.3912991466049,-82.94468062401864,0.6660392546650384,Morningside,05,Somerset Ave & Windsor St,AGGRAVATED ASSAULT,7,0.19444444444444445,0.07183786618326207
1695,892ab2c0d87ffff,48,42.4380660754494,-83.0634038301731,0.45157437939356404,Farwell,11,E Lantz St & Ryan Rd,DAMAGE TO PROPERTY,11,0.22916666666666666,0.0718354721283741
1696,892ab2c4677ffff,44,42.3775274253575,-83.0174132154099,0.5221326551307597,Gratiot Town/Kettering,07,Baldwin St & E Ferry St,DAMAGE TO PROPERTY,9,0.20454545454545456,0.0717852427164847
1697,892ab2c56a7ffff,37,42.3897421448329,-83.0826237070574,0.6471793645270487,Gateway Community,03,John R St & Belmont St,ASSAULT,10,0.2702702702702703,0.07178346785623699
1698,892ab2cf133ffff,33,42.3778206227056,-83.2110052058021,0.7184018999546046,Plymouth-I96,06,Abington Ave & E I 96 Service Drive,ASSAULT,9,0.2727272727272727,0.07176968455306751
1699,892ab2cf40bffff,48,42.4188402046638,-83.2304973173821,0.4498976719975538,Evergreen-Outer Drive,08,Shaftsbury Ave & W Outer Dr,DAMAGE TO PROPERTY,8,0.16666666666666666,0.07174347578878987
1700,892ab2ce21bffff,40,42.3873073525599,-83.1902484870096,0.5922803221876751,Cadillac Community,02,Schoolcraft St & Lauder St,ASSAULT,8,0.2,0.07171248433163485
1701,892ab2ce933ffff,33,42.3113428536613,-83.1022624793682,0.7172238127702454,Central Southwest,04,Army St & Military St,LARCENY,8,0.24242424242424243,0.071705046137963
1702,892ab2cec83ffff,28,42.3596328358104,-83.1105047383452,0.80631617405064,Petoskey-Otsego,10,Hogarth St & Dexter Ave,ASSAULT,7,0.25,0.07169133904789239
1703,892ab2c605bffff,54,42.4132197327541,-82.9560672318687,0.33955028923109803,Outer Drive-Hayes,09,Haverhill St & Roxbury St,AGGRAVATED ASSAULT,10,0.18518518518518517,0.07157137025893592
1704,892ab2cc2abffff,73,42.3395520382522,-83.2315542668366,-0.07069897960906113,Warrendale,06,Minock St & Whitlock St,ASSAULT,21,0.2876712328767123,0.07156862745098039
1705,892ab2c5203ffff,23,42.3741277378467,-83.105576236459,0.8926281459018413,Virginia Park Community,10,Atkinson St & La Salle Blvd,BURGLARY,9,0.391304347826087,0.07152507960986107
1706,892ab2ce56bffff,30,42.3840220200755,-83.1376616958023,0.7670025065424667,Russell Woods,10,Broadstreet Ave & Glendale St,ASSAULT,10,0.3333333333333333,0.07149509016966718
1707,892ab2c564bffff,42,42.3950740414354,-83.1094680863573,0.5520866960732811,Dexter-Linwood,10,Woodrow Wilson St & W Buena Vista St,ASSAULT,9,0.21428571428571427,0.07146795453632741
1708,892ab2cf3c3ffff,31,42.3854902425933,-83.2515038905605,0.7484467799481815,Brightmoor,06,Barbara St & Bentler St,STOLEN PROPERTY,5,0.16129032258064516,0.0714573804626854
1709,892ab2ced63ffff,21,42.3312264254816,-83.1049424405511,0.9269308506672131,Central Southwest,04,Clark St & Michigan Ave,DAMAGE TO PROPERTY,6,0.2857142857142857,0.07144639069558437
1710,892ab2d5babffff,54,42.4424664079241,-82.9733478058267,0.3363672663098715,Mohican Regent,09,Tacoma St & Gratiot Ave,BURGLARY,8,0.14814814814814814,0.07139672651473683
1711,892ab2c7463ffff,44,42.4340358691262,-83.0210477275525,0.5146226406856746,Nortown,11,E 7 Mile Rd & Veach St,DAMAGE TO PROPERTY,9,0.20454545454545456,0.07137318880605495
1712,892ab2cf5d3ffff,70,42.4121326100251,-83.2088846763736,0.04921532201662623,Crary/St Marys,08,Murray Hill St & Verne St,BURGLARY,12,0.17142857142857143,0.0713277608184487
1713,892ab2cc28bffff,67,42.3468016125301,-83.2367458327651,0.10191622928389747,Warrendale,06,Sawyer St & Vaughan St,ASSAULT,15,0.22388059701492538,0.07127813869591985
1714,892ab2cf57bffff,29,42.3977876198747,-83.2165990027995,0.7799911476478367,Grandmont,08,Tournier St & Archdale St,DAMAGE TO PROPERTY,8,0.27586206896551724,0.07122734915319456
1715,892ab2c759bffff,43,42.4330336317268,-82.9874137892256,0.5286917352237835,Franklin,09,Pelkey St & Eastwood St,ASSAULT,11,0.2558139534883721,0.07116472930831347
1716,892ab2c6207ffff,32,42.4044066525326,-82.9707737637932,0.7245718424424704,Outer Drive-Hayes,09,Newport St & Hampshire St,LARCENY,6,0.1875,0.07112782023098352
1717,892ab2c5eafffff,64,42.3359808283486,-83.0557391470721,0.15207269339667673,Downtown,03,W Elizabeth St & Cass Ave,LARCENY,27,0.421875,0.07108890995088168
1718,892ab2cf647ffff,53,42.4147303783694,-83.2646951705531,0.34798231321367784,Riverdale,08,Chatham St & W McNichols Rd,ASSAULT,13,0.24528301886792453,0.07105362014893812
1719,892ab2c607bffff,51,42.4060382273732,-82.9532059184451,0.38349584507201556,Morningside,05,Somerset Ave & Linville St,ASSAULT,10,0.19607843137254902,0.07104136599882321
1720,892ab2c5493ffff,52,42.4060763925312,-83.0550588398103,0.3639945101216867,Buffalo Charles,11,Talbot St & Conant St,FRAUD,11,0.21153846153846154,0.07095177335290809
1721,892ab2c4613ffff,36,42.385147267664,-83.0129320164865,0.6494610450514462,Gratiot Town/Kettering,07,Seneca St & Medbury St,ASSAULT,10,0.2777777777777778,0.07092826525650547
1722,892ab2c70b3ffff,42,42.4220883141871,-83.0077674440573,0.5412808231922274,Mount Olivet,09,Teppert St & Sauer St,AGGRAVATED ASSAULT,8,0.19047619047619047,0.0708750659062451
1723,892ab2c6e6fffff,50,42.3635828495559,-82.9425272308416,0.3983148876532469,Jefferson Chalmers,05,Piper Blvd & Avondale St,ASSAULT,13,0.26,0.07087405409487763
1724,892ab2ce693ffff,55,42.4143114939384,-83.1678410282171,0.3070304530777233,Fitzgerald/Marygrove,12,Grove St & Manor St,STOLEN VEHICLE,14,0.2545454545454545,0.07076748813090668
1725,892ab2c0d97ffff,46,42.4421826971557,-83.0625927012264,0.4671415908256093,Farwell,11,Cordova St & Dean St,ASSAULT,18,0.391304347826087,0.07072881804195581
1726,892ab2c5813ffff,19,42.3260988104555,-83.0457215727999,0.9492556771450967,Downtown,03,Civic Center Dr & Atwater Dr,LARCENY,5,0.2631578947368421,0.07071050842660764
1727,892ab2c1a7bffff,57,42.4353067355213,-83.2255415352611,0.26998405004620074,O'Hair Park,08,Avon Ave & Saint Martins Ave,ASSAULT,17,0.2982456140350877,0.0706956378407819
1728,892ab2c454bffff,33,42.3714954437631,-82.9807667109204,0.69772387229503,East Village,05,E Vernor Hwy & Montclair St,ASSAULT,7,0.21212121212121213,0.07063513784621286
1729,892ab2ce3a7ffff,38,42.363647919724,-83.153189150832,0.6075968157734218,Barton-McFarland,02,Ohio St & Westfield St,ASSAULT,6,0.15789473684210525,0.07059207404411505
1730,892ab2c1a1bffff,72,42.4408944070286,-83.217193053799,-0.023743032335992436,Greenfield,08,Hessel Ave & Fenmore St,ASSAULT,23,0.3194444444444444,0.07058823529411765
1731,892ab2c0897ffff,41,42.4374871789958,-83.0917565887853,0.5527764994906689,Nolan,11,E Lantz St & Cardoni St,ASSAULT,17,0.4146341463414634,0.07052541000248068
1732,892ab2c0a13ffff,20,42.4317448620791,-83.13264884806614,0.9276954365678431,Sherwood Forest,12,Canterbury Rd & Sherbourne Rd,LARCENY,8,0.4,0.07050794927164201
1733,892ab2cc4c7ffff,52,42.3701931427095,-83.1986500323149,0.3555381465677651,Joy Community,06,Greenfield Rd & Elmira St,AGGRAVATED ASSAULT,7,0.1346153846153846,0.07048779586046938
1734,892ab2c7507ffff,28,42.4226233057889,-82.9907477459643,0.7843497545411026,Gratiot-Findlay,09,Nashville St & Goulburn St,ASSAULT,10,0.35714285714285715,0.07048610181123582
1735,892ab2cc69bffff,57,42.3690678558083,-83.2235967864963,0.2644870431175473,Franklin Park,06,Fitzpatrick Ct & Brace St,ASSAULT,12,0.21052631578947367,0.07039403213586964
1736,892ab2c5cd7ffff,34,42.351604827805,-83.0358541765199,0.675432163850613,Eastern Market,07,Saint Aubin St & Erskine St,LARCENY,14,0.4117647058823529,0.07039244505405887
1737,892ab2c182fffff,53,42.431086239629,-83.1816730223325,0.33575153888445464,Schaefer 7/8 Lodge,12,Tracey St & W 7 Mile Rd,ASSAULT,12,0.22641509433962265,0.07038255108152262
1738,892ab2ceec3ffff,50,42.359091733736946,-83.150917047785,0.38732395128017877,Barton-McFarland,02,Cloverlawn St & Joy Rd,LARCENY,9,0.18,0.07027101153817907
1739,892ab2c720bffff,34,42.4168676436802,-83.0581445989928,0.6715860936790977,Davison,11,Dean St & E Davison St,ASSAULT,7,0.20588235294117646,0.07018142172440373
1740,892ab2ce337ffff,55,42.3589539562875,-83.1578971521436,0.29624301624270377,Barton-McFarland,02,Esper St & Joy Rd,ASSAULT,12,0.21818181818181817,0.07017561103614386
1741,892ab2cc627ffff,61,42.3505578327657,-83.2210660970426,0.1888651059120882,Warrendale,06,Greenview Ave & Tireman St,ASSAULT,14,0.22950819672131148,0.07016643232061875
1742,892ab2c611bffff,45,42.3964985870681,-82.924808565666,0.47436600765243325,East English Village,05,Denver St & Cadieux Rd,LARCENY,15,0.3333333333333333,0.07014480983692627
1743,892ab2ce08fffff,42,42.3918479420522,-83.1509235342795,0.5266079929530763,Davison-Schoolcraft,10,Roselawn St & Intervale St,ASSAULT,14,0.3333333333333333,0.07007000792382392
1744,892ab2c630fffff,45,42.3864868434093,-82.9542457378709,0.4727593385223624,Fox Creek,05,Chalmers St & Mack Ave,DAMAGE TO PROPERTY,6,0.13333333333333333,0.07005665630504515
1745,892ab2ce3d7ffff,27,42.3756220329356,-83.1670413165024,0.7930911244057891,Grand River-I96,02,Wadsworth St & Manor,ASSAULT,8,0.2962962962962963,0.06998532466198656
1746,892ab2cec17ffff,48,42.353940032584,-83.1124061026555,0.41597257139912164,Midwest,10,Scovel Pl & W Grand Blvd,ASSAULT,15,0.3125,0.0698820984951077
1747,892ab2c0813ffff,48,42.4348655861932,-83.1002958171992,0.4147285010625434,Nolan,11,Keating St & Emery St,ASSAULT,11,0.22916666666666666,0.06981383976527633
1748,892ab2c5a77ffff,18,42.3147859144162,-83.0800385558356,0.9506049915433241,West Side Industrial,04,W Jefferson Ave & 24th St,WEAPONS OFFENSES,6,0.3333333333333333,0.06980414945280392
1749,892ab2cc997ffff,27,42.2797915819565,-83.1478398908427,0.7880948450357096,Boynton,04,S Annabelle St & Gilroy St,AGGRAVATED ASSAULT,6,0.2222222222222222,0.06971119250590423
1750,892ab2c1847ffff,33,42.4402803208718,-83.1931549045591,0.6796973434734539,Schaefer 7/8 Lodge,12,Marlowe St & Chippewa St,ASSAULT,10,0.30303030303030304,0.0696460716138215
1751,892ab2cee8fffff,42,42.3536120783424,-83.1409565951824,0.5179448572309521,Midwest,02,Garden St & Prairie St,ASSAULT,16,0.38095238095238093,0.06959468540920198
1752,892ab2c756bffff,32,42.417461477624,-83.005455721216,0.6959672867615095,LaSalle College Park,09,Engleside St & Elmo St,ASSAULT,8,0.25,0.06955836665527713
1753,892ab2c5537ffff,18,42.3737528066757,-83.0352482702182,0.9461190449501875,Poletown East,07,E Palmer St & Moran St,ASSAULT,5,0.2777777777777778,0.06955801785755902
1754,892ab2c5667ffff,28,42.3850278285812,-83.0980653653445,0.767130175801865,Gateway Community,10,Byron St & Calvert St,DAMAGE TO PROPERTY,8,0.2857142857142857,0.06954131071831066
1755,892ab2c426bffff,16,42.356548028331,-83.0365781123504,0.9811224314628253,McDougall-Hunt,07,Chene St & Mack Ave,ASSAULT,4,0.25,0.06951777343044527
1756,892ab2c72cbffff,52,42.4259036584409,-83.0626512991774,0.3372798462211468,Davison,11,Dean St & E Nevada St,ASSAULT,14,0.2692307692307692,0.069486012959699
1757,892ab2ceb87ffff,31,42.3171618316411,-83.1275773916956,0.7121987435575864,Springwells,04,Dix St & Central St,LARCENY,7,0.22580645161290322,0.06946855004839514
1758,892ab2ce597ffff,62,42.3978687925122,-83.11348259076846,0.15740531378676328,Oakman Blvd Community,10,W Grand St & Rosa Parks Blvd,ASSAULT,15,0.24193548387096775,0.06942071190322
1759,892ab2c62bbffff,46,42.4085885597819,-82.9644917402658,0.44315228665638706,Outer Drive-Hayes,09,Chalmers St & Camden Ave,LARCENY,8,0.17391304347826086,0.06941259066800105
1760,892ab2c0a4bffff,23,42.4296246534266,-83.1505032308277,0.853723204282493,Bagley,12,Woodingham Dr & Margareta St,STOLEN VEHICLE,7,0.30434782608695654,0.0693904720872637
1761,892ab2ce3a3ffff,53,42.3662544751748,-83.1539411892486,0.31753408599907834,Barton-McFarland,02,Ohio St & W Chicago St,ASSAULT,16,0.3018867924528302,0.0693830093690028
1762,892ab2c5cc7ffff,46,42.3477262434767,-83.0375173095798,0.4425983005839765,Eastern Market,07,Adelaide St & Orleans St,LARCENY,25,0.5434782608695652,0.06938219497047882
1763,892ab2cf5dbffff,54,42.4119936933454,-83.2143455962022,0.29931343237490704,Crary/St Marys,08,Verne St & Harlow St,ASSAULT,11,0.2037037037037037,0.06936368419758007
1764,892ab2cf123ffff,59,42.3723481732811,-83.2120943168189,0.20937434770447455,Plymouth-I96,06,Plymouth Rd & Memorial St,ASSAULT,11,0.1864406779661017,0.06933093389579495
1765,892ab2c6547ffff,45,42.4131814032145,-82.9207419940189,0.4592853720195656,Cornerstone Village,05,Radnor St & Southampton St,AGGRAVATED ASSAULT,9,0.2,0.06931737669019564
1766,892ab2cf1afffff,40,42.37692887406645,-83.2073472924797,0.546028867080586,Plymouth-I96,06,Capitol St & Woodmont Ave,ASSAULT,11,0.275,0.06917479374804156
1767,892ab2c502fffff,34,42.3665574692513,-83.0709070338868,0.6527933743889197,Milwaukee Junction,03,Amsterdam St & Woodward Ave,DAMAGE TO PROPERTY,10,0.29411764705882354,0.06915031672084489
1768,892ab2c1b6fffff,63,42.4122214697987,-83.2046372374704,0.1330387321459378,Crary/St Marys,08,Mansfield St & Verne St,ASSAULT,17,0.2698412698412698,0.06906417650523912
1769,892ab2c4537ffff,41,42.3622286437865,-82.9547998240214,0.5258596337432767,Jefferson Chalmers,05,Essex Ave & Conner St,ASSAULT,10,0.24390243902439024,0.06904855534809529
1770,892ab2ceb8fffff,28,42.316969680067444,-83.1320172270941,0.7579236186945787,Springwells,04,Springwells St & Dix St,DAMAGE TO PROPERTY,9,0.32142857142857145,0.0690361721616019
1771,892ab2cf633ffff,26,42.40951549875,-83.2497408966639,0.7933145269368708,Miller Grove,08,Florence St & Blackstone St,ASSAULT,8,0.3076923076923077,0.06901718998974056
1772,892ab2cf05bffff,44,42.4022120679939,-83.2520455084583,0.4713733256867832,Brightmoor,08,Chapel St & Keeler St,AGGRAVATED ASSAULT,10,0.22727272727272727,0.06900021742244275
1773,892ab2c0883ffff,34,42.4373238257154,-83.0971190308219,0.6500472252955196,Nolan,11,E Lantz St & Irvington St,DAMAGE TO PROPERTY,7,0.20588235294117646,0.06899964304626904
1774,892ab2ce833ffff,48,42.3289972300366,-83.1225640518068,0.39858816518930973,Michigan-Martin,04,Edward & Clippert St,ASSAULT,16,0.3333333333333333,0.06892826377060324
1775,892ab2c72abffff,17,42.4154351896238,-83.0456282346068,0.9522563281644577,Davison,11,Sparling St & Luce St,ASSAULT,6,0.35294117647058826,0.06891436161063981
1776,892ab2cab23ffff,52,42.4247361324654,-83.2725299069702,0.3254660101364718,Seven Mile-Rouge,08,Shiawassee Dr & Margareta St,ASSAULT,16,0.3076923076923077,0.06883782015108833
1777,892ab2ce93bffff,49,42.3116639829614,-83.1061953913472,0.37906614263638777,Central Southwest,04,Dragoon St & Army St,ASSAULT,14,0.2857142857142857,0.0688375360526309
1778,892ab2ce983ffff,39,42.3223669735268,-83.1005461873816,0.5565022861766133,Central Southwest,04,Toledo St & Lansing St,FRAUD,10,0.2564102564102564,0.06876904939320962
1779,892ab2c08cbffff,22,42.4385254007021,-83.1123071932727,0.8586726442709516,Penrose,12,Fernhill St & Bauman St,WEAPONS OFFENSES,4,0.18181818181818182,0.0686816421379832
1780,892ab2c46b7ffff,54,42.3823589605249,-82.9967960869715,0.2855691559306483,West End,07,Cadillac Blvd & Cadillac Ave,FRAUD,12,0.2222222222222222,0.06860957341706211
1781,892ab2cf517ffff,65,42.4014849714641,-83.201616280963,0.08834774440196508,Crary/St Marys,08,Fenkell St & Winthrop St,ASSAULT,15,0.23076923076923078,0.06857288880292159
1782,892ab2c428bffff,19,42.3702738429699,-83.0211016287165,0.9099711911292819,Gratiot Town/Kettering,07,E Forest Ave & Concord St,OBSTRUCTING THE POLICE,4,0.21052631578947367,0.06855507634316699
1783,892ab2c50a3ffff,36,42.3760118311999,-83.0632194881901,0.6058433986251925,North End,03,Custer St & Cameron St,ASSAULT,8,0.2222222222222222,0.06853508453693413
1784,892ab2c514fffff,22,42.358934380319,-83.06832620499,0.8555331666995698,Wayne State,03,W Kirby St & Cass Ave,DAMAGE TO PROPERTY,4,0.18181818181818182,0.06850938760778838
1785,892ab2c5cabffff,59,42.3400818396888,-83.0279986689043,0.19361386518728516,Elmwood Park,07,E Lafayette St & Stafford Pl,DAMAGE TO PROPERTY,17,0.288135593220339,0.06846619941373046
1786,892ab2c5e6fffff,45,42.3313518345239,-83.0749982498658,0.44366368464775696,Corktown,03,W Vernor Hwy & Michigan Ave,LARCENY,23,0.5111111111111111,0.06846025751737202
1787,892ab2c447bffff,48,42.3836026876381,-82.9935254799197,0.38994826985087244,West End,05,Garland St & E Warren Ave,DAMAGE TO PROPERTY,12,0.25,0.06845421639214092
1788,892ab2c0a2fffff,40,42.4172895300659,-83.131733081367,0.5305372998913294,University District,12,Wildemere St & W McNichols Rd,LARCENY,9,0.225,0.06832481391302328
1789,892ab2ce5afffff,62,42.3864544144053,-83.1172695611607,0.13693463939054845,Dexter-Linwood,10,Richton St & Linwood St,ASSAULT,14,0.22580645161290322,0.06829754210164728
1790,892ab2ca9b3ffff,23,42.4369147114161,-83.2338134247021,0.8336256490485952,O'Hair Park,08,Edinborough Rd & Pembroke Ave,DAMAGE TO PROPERTY,8,0.34782608695652173,0.0682877743115457
1791,892ab2cf4cfffff,52,42.4225521426131,-83.2320114666583,0.3149918128689412,Evergreen-Outer Drive,08,Curtis St & Huntington Rd,ASSAULT,16,0.3076923076923077,0.06826312965291984
1792,892ab2ce8d7ffff,23,42.3408391316977,-83.1273893600533,0.8330681333871288,Claytown,04,Gladys St & Livernois Ave,BURGLARY,6,0.2608695652173913,0.06825718495514528
1793,892ab2c19c7ffff,46,42.4312791132271,-83.1669458799563,0.42100522820843517,Schulze,12,Pinehurst St & Clarita St,STOLEN VEHICLE,11,0.2391304347826087,0.06819744226785822
1794,892ab2c5227ffff,31,42.3638499881342,-83.0987773578044,0.6889907440478205,LaSalle Gardens,10,S La Salle Gdns & La Salle Blvd,LARCENY,9,0.2903225806451613,0.06819519071983762
1795,892ab2cf41bffff,17,42.4225778052958,-83.2294528368051,0.938893866626154,Evergreen-Outer Drive,08,Warwick St & Curtis St,ASSAULT,7,0.4117647058823529,0.06818119996759817
1796,892ab2cf397ffff,43,42.3862892611988,-83.2356409432715,0.4741467550233626,Schoolcraft Southfield,06,Schoolcraft St & Plainview Ave,ASSAULT,6,0.13953488372093023,0.06817199573233404
1797,892ab2c0c2bffff,17,42.4447524851308,-83.0930332284323,0.9353175984102939,Nolan,11,E Winchester Ave & Cameron St,STOLEN VEHICLE,5,0.29411764705882354,0.06798497993182244
1798,892ab2cc003ffff,52,42.3435286772186,-83.2071259773932,0.30951656210997847,Warren Ave Community,06,Woodmont Ave & W Warren Ave,LARCENY,11,0.21153846153846154,0.06796271764941289
1799,892ab2c4277ffff,38,42.357926522713,-83.0284748972894,0.5579796726094262,McDougall-Hunt,07,McDougall St & Gratiot Ave,ASSAULT,12,0.3157894736842105,0.0678697173809455
1800,892ab2c1963ffff,41,42.4184929559975,-83.1712893533235,0.5028251999275007,Schulze,12,Appoline St & Santa Maria St,LARCENY,7,0.17073170731707318,0.06778471909348763
1801,892ab2c520fffff,49,42.3714686416471,-83.107442565282,0.35941348015778035,Jamison,10,Hazelwood St & Linwood St,ASSAULT,12,0.24489795918367346,0.06775924832310917
1802,892ab2c1907ffff,68,42.4223579565841,-83.1627734014252,0.019735081335845058,Schulze,12,Thatcher St & Ilene St,ASSAULT,21,0.3088235294117647,0.06774947649300542
1803,892ab2ce487ffff,26,42.4124775088413,-83.1338512857031,0.7698352035311704,Martin Park,12,Muirland St & Florence St,ASSAULT,6,0.23076923076923078,0.06772894386261158
1804,892ab2ca947ffff,28,42.4346399020487,-83.2548480270127,0.7339393610869799,Evergreen Lahser 7/8,08,Chapel St & Saint Martins Ave,ASSAULT,9,0.32142857142857145,0.06772022167865267
1805,892ab2cc02bffff,33,42.3363242340995,-83.2082939598831,0.6441872704650561,Warren Ave Community,06,Grandmont Ave & Paul Dr,ASSAULT,10,0.30303030303030304,0.06769773122782768
1806,892ab2ce923ffff,30,42.3086080465596,-83.1048890755375,0.6971330981541494,Central Southwest,04,W Lafayette Blvd & Livernois Ave,LARCENY,7,0.23333333333333334,0.06766154721760793
1807,892ab2cc64bffff,69,42.3627169642955,-83.2433592437963,-0.14791174583043978,Franklin Park,06,Burt Rd & Westfield St,ASSAULT,21,0.30434782608695654,0.06764705882352941
1808,892ab2d5b47ffff,69,42.4438553583084,-82.990257096079,-0.01815882444122256,Conner Creek,09,E State Fair St & Joann St,ASSAULT,14,0.2028985507246377,0.06764705882352941
1809,892ab2c66cfffff,54,42.4323538774577,-82.967809755795,0.26754051021528624,Mapleridge,09,Hayes St & Faircrest St,STOLEN PROPERTY,9,0.16666666666666666,0.06762039103651034
1810,892ab2c5047ffff,63,42.3765992361599,-83.0850266025461,0.10630153036559394,Piety Hill,03,3rd St & Pingree St,LARCENY,14,0.2222222222222222,0.06759717952033317
1811,892ab2c507bffff,38,42.3729355261134,-83.0862562366035,0.5497679860043208,Virginia Park Community,10,Virginia Park St & Hamilton,DAMAGE TO PROPERTY,9,0.23684210526315788,0.06741916464211932
1812,892ab2c4213ffff,20,42.3673329458515,-83.0243170766399,0.8708608769296287,Gratiot Town/Kettering,07,Garfield St & Meldrum St,BURGLARY,5,0.25,0.06738959274680131
1813,892ab2c7667ffff,46,42.4298226471237,-83.0469391971092,0.4061807860204784,Krainz Woods,11,Bloom St & E Hildale St,ASSAULT,7,0.15217391304347827,0.06738406575331836
1814,892ab2ce5a3ffff,61,42.3891686737854,-83.1151922896919,0.13773035324486624,Dexter-Linwood,10,Highland St & La Salle Blvd,ASSAULT,15,0.2459016393442623,0.06736080858321356
1815,892ab2c1a0bffff,60,42.4389885545746,-83.2195201031561,0.15546455671190346,Greenfield,08,Fargo St & Fenmore St,ASSAULT,16,0.26666666666666666,0.0673534435676943
1816,892ab2ce017ffff,43,42.38865365829,-83.1518800012747,0.4591124082548377,Davison-Schoolcraft,10,Roselawn St & Schoolcraft St,ASSAULT,12,0.27906976744186046,0.06734710232872923
1817,892ab2ce9d3ffff,39,42.3284799475293,-83.1111983556328,0.5304890734705738,Central Southwest,04,Otis St & Greusel St,ASSAULT,15,0.38461538461538464,0.06734177570462446
1818,892ab2cec3bffff,44,42.347928059340305,-83.116392146529,0.441098682740509,Midwest,10,30th St & Cobb Pl,AGGRAVATED ASSAULT,10,0.22727272727272727,0.06733913073558015
1819,892ab2c7273ffff,25,42.4151015235832,-83.0599680121785,0.7797996263178264,Buffalo Charles,11,Lawley St & Conant St,LARCENY,7,0.28,0.06729527227525506
1820,892ab2c566fffff,44,42.3845382670093,-83.1050616876,0.4402678152273737,Dexter-Linwood,10,Lawrence St & Rosa Parks Blvd,DAMAGE TO PROPERTY,9,0.20454545454545456,0.06729354331223499
1821,892ab2cf68fffff,56,42.4180856478524,-83.251004730101,0.22534630569522845,Holcomb Community,08,Orchard St & Westbrook St,ASSAULT,11,0.19642857142857142,0.06726609498692963
1822,892ab2cf4bbffff,64,42.4191795266336,-83.218828264202,0.08089343459374206,College Park,08,N M 39 & W Outer Dr,FRAUD,21,0.328125,0.06718349909638792
1823,892ab2ce147ffff,34,42.37108803239675,-83.144448232002,0.6162537979583006,Oakman Blvd Community,02,American St & Bryden St,ASSAULT,9,0.2647058823529412,0.06714549030356193
1824,892ab2c508fffff,40,42.381051565270695,-83.0700805740023,0.5073015858400233,North End,03,Hague St & Oakland St,STOLEN VEHICLE,8,0.2,0.06704993396352678
1825,892ab2ce273ffff,58,42.3822840013352,-83.1923332077138,0.1843058530502084,Schoolcraft Southfield,02,Robson St & Glendale St,DAMAGE TO PROPERTY,9,0.15517241379310345,0.06697510214072507
1826,892ab2c71bbffff,19,42.4039648271515,-82.9962680416445,0.8810589861016443,Wade,09,Wilshire Dr & Conner St,AGGRAVATED ASSAULT,6,0.3157894736842105,0.06696874289096152
1827,892ab2c520bffff,43,42.3734895541145,-83.1087926421861,0.4521252482608288,Jamison,10,Linwood St & Joy Rd,AGGRAVATED ASSAULT,6,0.13953488372093023,0.06696373600907937
1828,892ab2c1927ffff,48,42.4145311304882,-83.1602081099818,0.3608145393303193,Fitzgerald/Marygrove,12,Grove St & Wyoming St,LARCENY,11,0.22916666666666666,0.06685572844325863
1829,892ab2ce0cfffff,28,42.3916077734005,-83.1616487423096,0.7161655247253291,Northwest Community,02,Ilene St & Intervale St,LARCENY,9,0.32142857142857145,0.06674501998900084
1830,892ab2ce103ffff,46,42.3715037758396,-83.13651239686325,0.3936184146246848,Nardin Park,10,Belleterre St & Collingwood St,ASSAULT,9,0.1956521739130435,0.06669480286364506
1831,892ab2c2b6bffff,22,42.4471605180368,-83.0730349199337,0.8219687541974886,Butler,11,Mitchell St & E 8 Mile Rd,ASSAULT,6,0.2727272727272727,0.06666780028144031
1832,892ab2c52cbffff,68,42.3820803389639,-83.1144981135003,-0.13430518909069936,Dexter-Linwood,10,Linwood St & Collingwood St,ASSAULT,16,0.23529411764705882,0.06666666666666667
1833,892ab2cc61bffff,68,42.3648022336042,-83.2312019018145,-0.22994985467772625,Franklin Park,06,Westfield St & Minock St,ASSAULT,14,0.20588235294117646,0.06666666666666667
1834,892ab21b663ffff,16,42.2899606200831,-83.1272893232724,0.9278386223072901,Delray,04,S Leigh St & Keller St,STOLEN PROPERTY,5,0.3125,0.06659423685329532
1835,892ab2c651bffff,52,42.415370085629,-82.914618507564,0.28446283592888166,Cornerstone Village,05,Gateshead St & Frankfort Ave,ASSAULT,16,0.3076923076923077,0.06658808835685365
1836,892ab2c09a3ffff,31,42.4138419376299,-83.0728724297281,0.6586697824515072,North Campau,11,Arlington St & Victoria St,ASSAULT,9,0.2903225806451613,0.06653156265558968
1837,892ab2c72afffff,34,42.4140092792272,-83.04461083003605,0.6044929680734183,Buffalo Charles,11,Syracuse St & Simon K St,LARCENY,10,0.29411764705882354,0.06650020579986349
1838,892ab2ce84bffff,51,42.3347791721347,-83.1436750447059,0.3006990802893207,Claytown,04,Springwells St & Wagner St,ASSAULT,13,0.2549019607843137,0.06649853443050725
1839,892ab2c622fffff,60,42.3974055509584,-82.9693437675588,0.13943635201518653,Chandler Park,05,Chandler Park Dr & Dickerson St,ASSAULT,17,0.2833333333333333,0.0664740199033666
1840,892ab2ce09bffff,55,42.3953269329483,-83.1521375828495,0.2282856484050973,Chalfonte,10,Cloverlawn St & Lyndon St,ASSAULT,18,0.32727272727272727,0.06644697650890612
1841,892ab2c0c7bffff,23,42.447006016034,-83.1028711781738,0.799963913701679,Nolan,12,John R St & W 8 Mile Rd,FRAUD,8,0.34782608695652173,0.06644084714742746
1842,892ab2c1a8fffff,63,42.4410653514568,-83.2100611636428,0.08453061025683849,Greenfield,08,Trojan St & Asbury Park,AGGRAVATED ASSAULT,12,0.19047619047619047,0.06640266880000598
1843,892ab2c0863ffff,44,42.4267194033076,-83.1113312597895,0.4236066090256148,Grixdale Farms,12,Woodward Ave & W Greendale St,ASSAULT,12,0.2727272727272727,0.06637938859014865
1844,892ab2ca913ffff,40,42.4383465728489,-83.2452621964088,0.4944858673554354,Evergreen Lahser 7/8,08,Fargo St & Braile St,DAMAGE TO PROPERTY,7,0.175,0.06634677061342201
1845,892ab2c0b63ffff,38,42.4054586140746,-83.1225132081625,0.5293948936923608,Pilgrim Village,12,Baylis St & Hughes St,ASSAULT,7,0.18421052631578946,0.06630134890207326
1846,892ab2c716bffff,43,42.3976385728907,-83.0153282455315,0.4393434356253017,Airport Sub,07,Crane St & Edgewood Ave,ASSAULT,9,0.20930232558139536,0.06626243297998917
1847,892ab2ce0abffff,32,42.3862919481546,-83.1475052276155,0.6352438802353443,Oakman Blvd Community,10,Turner St & W Davison St,LARCENY,11,0.34375,0.06622663975958565
1848,892ab2c462fffff,31,42.3731689166331,-83.011581655917,0.6524776702440441,Gratiot-Grand,07,Van Dyke St & Manila St,ASSAULT,10,0.3225806451612903,0.06619181842905564
1849,892ab2c636bffff,65,42.3841399541944,-82.9666388379549,0.042803848906432296,Fox Creek,05,Anderdon Ave & Mack Service Drive,ASSAULT,13,0.2,0.0660740200760552
1850,892ab2c1d6bffff,46,42.4388713118621,-83.1666480290712,0.38130375301298375,McDowell,12,Pinehurst St & Pembroke Ave,STOLEN PROPERTY,11,0.2391304347826087,0.06601913113094401
1851,892ab2c626bffff,51,42.4011377310326,-82.9841573894869,0.2916758341671089,Ravendale,09,Evanston St & Norcross St,SEX OFFENSES,12,0.23529411764705882,0.06600345364516194
1852,892ab2c4003ffff,34,42.3668761076544,-82.99524996502319,0.5951708139479789,East Village,07,Treadway Pl & Crane St,BURGLARY,8,0.23529411764705882,0.06598872475157735
1853,892ab2cc287ffff,22,42.3432478884176,-83.2280775392552,0.8084073953126896,Warrendale,06,Piedmont St & W Warren Ave,ASSAULT,3,0.13636363636363635,0.06592372568610053
1854,892ab2cc583ffff,24,42.3538920682398,-83.16992815945,0.7723648771955375,Aviation Sub,02,Belton St & Appoline Ave,STOLEN VEHICLE,6,0.25,0.06590695580994999
1855,892ab2c8d17ffff,28,42.4119039120901,-83.2822048981299,0.7005109197925042,South of Six,08,Fenton St & Grove St,ASSAULT,9,0.32142857142857145,0.06588609471981913
1856,892ab2cf6d3ffff,17,42.425373139462,-83.2599201287605,0.8965035642337975,Old Redford,08,Cooley St & Roxford St,WEAPONS OFFENSES,4,0.23529411764705882,0.06585536025147068
1857,892ab2c0d13ffff,44,42.4379199394635,-83.0724902437995,0.4133266299656789,Pershing,11,Charest St & E Lantz St,ASSAULT,11,0.25,0.0658153543127506
1858,892ab2c537bffff,26,42.3533907142257,-83.09702441795,0.7348808219304546,NW Goldberg,03,Stanley St & Missouri St,AGGRAVATED ASSAULT,5,0.19230769230769232,0.06581109274121266
1859,892ab2c40abffff,24,42.3637659224336,-82.9877425553559,0.7705927179753407,East Village,07,McClellan St & Kercheval St,BURGLARY,5,0.20833333333333334,0.06580972229037078
1860,892ab2ce473ffff,49,42.4050996333046,-83.1515922286395,0.32290525827324945,Fitzgerald/Marygrove,12,Cloverlawn St & Keeler Ave,AGGRAVATED ASSAULT,8,0.16326530612244897,0.06575614224383886
1861,892ab2c185bffff,40,42.4447291988866,-83.1992689024598,0.48300172193343116,Schaefer 7/8 Lodge,12,Prest St & 8 Mile Service Drive,ASSAULT,20,0.5,0.06571666702791192
1862,892ab2c528bffff,29,42.3799276890999,-83.1019104801656,0.6793818177897817,Boston Edison,10,Longfellow St & Rosa Parks Blvd,LARCENY,8,0.27586206896551724,0.06570719095684663
1863,892ab2cc98fffff,44,42.2758078392759,-83.1542488671821,0.41126295037182986,Boynton,04,S Fort St & Schaefer,LARCENY,11,0.25,0.06570212586921864
1864,892ab2c51a3ffff,17,42.3593118677565,-83.044078369008,0.8919999713670502,Forest Park,07,Dequindre St & E Canfield St,ASSAULT,5,0.29411764705882354,0.0656082604535547
1865,892ab2cf643ffff,15,42.416987274283,-83.2665825011063,0.9263107151725786,Oak Grove District 1,08,Beaverland St & Santa Maria St,ASSAULT,5,0.3333333333333333,0.06553001261937934
1866,892ab2cc92bffff,46,42.2650951842369,-83.1600909084083,0.37219315933094493,Boynton,04,S Liddesdale St & Francis St,ASSAULT,13,0.2826086956521739,0.06551925782437834
1867,892ab2c1a2fffff,53,42.4283536148425,-83.2126392785915,0.24653187359351042,College Park,08,Gilchrist St & Clarita St,ASSAULT,11,0.20754716981132076,0.06548731256511385
1868,892ab2c19afffff,51,42.4206649517446,-83.1550380247524,0.28059834524195953,Bagley,12,Santa Clara St & Northlawn St,STOLEN VEHICLE,13,0.2549019607843137,0.0653956621871392
1869,892ab2ca9bbffff,45,42.4368109855717,-83.2379872212556,0.38635833565584676,O'Hair Park,08,Pembroke Ave & Plainview Ave,STOLEN VEHICLE,8,0.17777777777777778,0.06531607007095354
1870,892ab2cf177ffff,42,42.3758290715891,-83.2205730748893,0.4392497400651835,Southfield Plymouth,06,Faust Ave & Wadsworth St,ASSAULT,13,0.30952380952380953,0.06527690000452761
1871,892ab2c446bffff,25,42.3799689200503,-82.996440029444,0.741506296945239,West End,05,E Forest Ave & Pennsylvania St,ASSAULT,6,0.24,0.0651942222404345
1872,892ab2c4657ffff,37,42.3865949687306,-83.0203957008036,0.5263177838542251,Airport Sub,07,Van Dyke St & Duncan Ave,FRAUD,5,0.13513513513513514,0.06515212416161204
1873,892ab2ce12fffff,48,42.3606869590445,-83.13391666045335,0.32877098322382836,Midwest,10,S Martindale St & Colfax St,FRAUD,7,0.14583333333333334,0.06509758633923168
1874,892ab2ce4bbffff,45,42.4100171566848,-83.1347945992038,0.38155951698328827,Martin Park,12,Puritan St & Fairfield St,LARCENY,13,0.28888888888888886,0.06505277204217742
1875,892ab2c62d7ffff,59,42.4149225156618,-82.9722209839229,0.13075302419374812,Eden Gardens,09,Newport St & Rosemary Ave,ASSAULT,11,0.1864406779661017,0.06501719734673163
1876,892ab2c1b1bffff,48,42.4249761203148,-83.1995804894877,0.3272671363813254,Winship,12,Greenfield Rd & Pickford St,ASSAULT,9,0.1875,0.06501507438447156
1877,892ab2ce583ffff,44,42.3982354886589,-83.1180570897689,0.39690343307707737,Oakman Blvd Community,10,La Belle St & 14th St,ASSAULT,13,0.29545454545454547,0.0649142585093817
1878,892ab2c66cbffff,46,42.4352182657285,-82.9716073827756,0.35986814285917296,Regent Park,09,E 7 Mile Rd & Celestine St,LARCENY,6,0.13043478260869565,0.06484301794888404
1879,892ab2c454fffff,23,42.3672739979615,-82.9775251131732,0.7699698811163451,East Village,05,Kercheval St & Montclair St,BURGLARY,6,0.2608695652173913,0.06479515678202044
1880,892ab2c5a57ffff,41,42.3229812627121,-83.0847401428173,0.4472606503028684,Mexicantown,04,Bagley St & 23rd St,LARCENY,14,0.34146341463414637,0.06473604453746445
1881,892ab2ceedbffff,54,42.360813990276,-83.1530979926937,0.21373746518362444,Barton-McFarland,02,Ohio St & Stawell St,ASSAULT,11,0.2037037037037037,0.06466836540987084
1882,892ab2ce3b3ffff,45,42.3693698603263,-83.1554325683706,0.3744687634266712,Barton-McFarland,02,Orangelawn St & Wisconsin St,ASSAULT,11,0.24444444444444444,0.06466372182765888
1883,892ab2c197bffff,49,42.4220819034896,-83.1737978673848,0.30155982840725154,Schulze,12,Santa Clara St & Sorrento St,ASSAULT,11,0.22448979591836735,0.06458497700702037
1884,892ab2c0993ffff,24,42.4233864083915,-83.07485861965034,0.7474008951031149,Cadillac Heights,11,Minnesota St & Mackay St,ASSAULT,8,0.3333333333333333,0.06453725052958093
1885,892ab2cf1dbffff,21,42.3913909600173,-83.222531630817,0.7991233578763458,Grandmont #1,08,Faust Ave & Acacia St,LARCENY,5,0.23809523809523808,0.06443394383921858
1886,892ab2cc6b3ffff,24,42.3614787110077,-83.2153262680488,0.7451608338138392,Joy Community,06,Cathedral St & Archdale St,STOLEN VEHICLE,5,0.20833333333333334,0.0644143445058179
1887,892ab2ce81bffff,24,42.336893775002,-83.1316253999108,0.7446083424130602,Claytown,04,Devereaux St & Martin St,ASSAULT,5,0.20833333333333334,0.06438403081683175
1888,892ab2c631bffff,28,42.392132943814,-82.95674734059845,0.6718963874192732,Fox Creek,05,Chalmers St & E Canfield St,ASSAULT,7,0.25,0.0643160937503503
1889,892ab2c4627ffff,44,42.3739469784901,-83.0081384798902,0.38505502638842964,Pingree Park,07,E Forest Ave & Seminole St,ASSAULT,15,0.3409090909090909,0.0642641689064763
1890,892ab2c56a3ffff,25,42.3922174340194,-83.0842915055045,0.724116070263431,Gateway Community,03,Englewood St & John R St,ASSAULT,6,0.24,0.0642400681625834
1891,892ab2cf6abffff,56,42.4138431048769,-83.2504270836953,0.16994211526648434,Miller Grove,08,Grand River Ave & Westbrook St,ASSAULT,10,0.17857142857142858,0.0642262189004996
1892,892ab2c1987ffff,40,42.4278310496633,-83.1553899649272,0.455756533295511,Bagley,12,Ohio St & Margareta St,ASSAULT,9,0.225,0.06422179819633486
1893,892ab2ceaabffff,52,42.3294628325455,-83.1507316738074,0.2410947555285858,Claytown,04,Homedale St & Michigan Ave,ASSAULT,14,0.2692307692307692,0.06420860064115844
1894,892ab2c5597ffff,19,42.3876520780113,-83.0337086733431,0.8306156736623505,Airport Sub,07,Foster St & Cymbal St,STOLEN PROPERTY,9,0.47368421052631576,0.06420105658388078
1895,892ab2cc55bffff,38,42.3510114249629,-83.1923356264725,0.4908943979821763,Fiskhorn,02,Tireman Ave & Coyle St,ASSAULT,9,0.23684210526315788,0.06418893221807506
1896,892ab2ce837ffff,28,42.3264894161535,-83.118031673915,0.669548814175346,Michigan-Martin,04,Dennis St & Livernois Ave,ASSAULT,7,0.25,0.06418728884028604
1897,892ab2cabb3ffff,32,42.4324222130576,-83.263217047612,0.5952904731620026,Berg-Lahser,08,McIntyre St & Vassar Ave,ASSAULT,8,0.25,0.0640345058109837
1898,892ab2ca98bffff,30,42.441140015856504,-83.2417857715305,0.6295194353235546,Evergreen Lahser 7/8,08,Hessel Ave & Heyden St,STOLEN VEHICLE,13,0.43333333333333335,0.0639517708421366
1899,892ab2cf58fffff,34,42.4052646925734,-83.2002342398524,0.5579506552150769,Crary/St Marys,08,Greenfield Rd & Midland St,LARCENY,9,0.2647058823529412,0.06394655664859253
1900,892ab2c617bffff,46,42.3905427662898,-82.9334582774172,0.3429599432668502,Morningside,05,Bedford St & Mack Ave,ASSAULT,14,0.30434782608695654,0.06391531137637502
1901,892ab2c513bffff,37,42.3555828778408,-83.0543585865161,0.503608785068646,Medical Center,03,Saint Antoine St & E Canfield St,LARCENY,9,0.24324324324324326,0.06390614363521424
1902,892ab2c700fffff,36,42.4195231019838,-83.0237066957987,0.5214586206307326,Grant,11,Van Dyke St & E McNichols Rd,ASSAULT,6,0.16666666666666666,0.06390512303584553
1903,892ab2c46cfffff,61,42.3879970065406,-83.0208877086203,0.07443774618131546,Airport Sub,07,Van Dyke St & Walbridge St,ASSAULT,10,0.16393442622950818,0.06388811669526419
1904,892ab2c187bffff,34,42.4378564478958,-83.1941655407046,0.5563400522163543,Schaefer 7/8 Lodge,12,Pembroke Ave & N M 10,LARCENY,8,0.23529411764705882,0.06385818727611976
1905,892ab2ce857ffff,28,42.33550998940825,-83.1358721554038,0.6634943966192993,Claytown,04,Panama St & Cecil St,ASSAULT,9,0.32142857142857145,0.0638550995419051
1906,892ab2cf477ffff,27,42.4135319783611,-83.2291379713855,0.6806753517838139,North Rosedale Park,08,Shaftsbury Ave & Grove St,ASSAULT,6,0.2222222222222222,0.06381737930827541
1907,892ab2ce0dbffff,54,42.3979069257979,-83.1626585751685,0.19741978979345934,Bethune Community,02,Eaton St & Birwood St,ASSAULT,17,0.3148148148148148,0.06377305928192575
1908,892ab2ce33bffff,65,42.3610648653664,-83.1654524916871,-0.055447193776288345,Barton-McFarland,02,Ellis St & Manor,ASSAULT,20,0.3076923076923077,0.06372549019607843
1909,892ab2ce43bffff,45,42.4026331211894,-83.143488139444,0.356373023034918,Chalfonte,10,Fenkell St & Santa Rosa Dr,LARCENY,12,0.26666666666666666,0.06367085814609523
1910,892ab2cd52bffff,26,42.3493631137823,-83.2573597850228,0.6952408874417529,Far West Detroit,06,Dolphin St & Tireman St,STOLEN VEHICLE,5,0.19230769230769232,0.0636361581742175
1911,892ab2c45d3ffff,47,42.380638988523,-82.9645990626406,0.31897800919345765,Riverbend,05,Goethe St & Anderdon Ave,FRAUD,10,0.2127659574468085,0.06357988053624246
1912,892ab2ce027ffff,21,42.3766885274601,-83.1493389702393,0.7810090107551644,Littlefield Community,02,Greenlawn St & Oakman Blvd,BURGLARY,6,0.2857142857142857,0.06344005925740535
1913,892ab2c7367ffff,21,42.391329087417,-83.0400492236585,0.7807577376916316,Airport Sub,11,Dorothy Ave & Dwyer St,STOLEN VEHICLE,6,0.2857142857142857,0.06342627259305585
1914,892ab2c404bffff,15,42.3675224208286,-83.0101149031086,0.8876580374478341,Gratiot-Grand,07,Pulford St & Townsend St,ASSAULT,5,0.3333333333333333,0.06340924612531686
1915,892ab2c0d3bffff,41,42.42941025631,-83.072766123976,0.4225084626081397,Northeast Central District,11,Joseph Campau St & E Hildale St,ASSAULT,9,0.21951219512195122,0.06337795983524674
1916,892ab2c767bffff,56,42.4333448505788,-83.0535416010068,0.15320331553905767,Farwell,11,Fenelon St & E 7 Mile Rd,ASSAULT,13,0.23214285714285715,0.06330780683431503
1917,892ab2cc03bffff,39,42.3399220097405,-83.2060192493623,0.456912969208049,Warren Ave Community,06,Whitlock St & Asbury Park,ASSAULT,9,0.23076923076923078,0.06330485650862994
1918,892ab2d5b53ffff,30,42.4491234169513,-82.9917377265455,0.6170897604203925,Conner Creek,09,Collingham Dr & Fairport St,ASSAULT,6,0.2,0.063269788645342
1919,892ab2cc6d3ffff,55,42.3719726372337,-83.2313917303811,0.16963010560736053,Franklin Park,06,Plymouth Rd & Minock St,ASSAULT,12,0.21818181818181817,0.0632287076287438
1920,892ab2cf68bffff,54,42.4205922739076,-83.2531971132613,0.18683870705433298,Holcomb Community,08,Bentler St & Bennett St,LARCENY,10,0.18518518518518517,0.06319250427086434
1921,892ab2c61d3ffff,31,42.4041425722319,-82.9248169387776,0.5975404858433645,Cornerstone Village,05,Guilford St & Munich St,ASSAULT,7,0.22580645161290322,0.06317756568349467
1922,892ab2c098bffff,31,42.4209805693912,-83.0803376582525,0.5967402609055924,Cadillac Heights,11,Lumpkin St & Stender St,ASSAULT,7,0.22580645161290322,0.06313365953427971
1923,892ab2cedabffff,25,42.336370197375,-83.090117586965,0.7026488283142224,North Corktown,03,Maybury Grand St & Martin Luther King Jr Blvd,ASSAULT,11,0.44,0.063062219430601
1924,892ab2c0cafffff,37,42.4469966349949,-83.0833884120693,0.4880317187141326,Nolan,11,Dequindre St & Conant St,ASSAULT,8,0.21621621621621623,0.0630514726953199
1925,892ab2c54d3ffff,23,42.4077409419845,-83.0671749871878,0.7381412408313044,Campau/Banglatown,11,Halleck St & Maine St,AGGRAVATED ASSAULT,3,0.13043478260869565,0.06304880652011169
1926,892ab21b6d7ffff,23,42.3047499235741,-83.1161705005682,0.7380231374005454,Central Southwest,04,W Lafayette Blvd & Wheelock St,ASSAULT,6,0.2608695652173913,0.06304232650854376
1927,892ab2ca9b7ffff,58,42.433441693091,-83.2302316488362,0.11198487700169076,O'Hair Park,08,Warwick St & Vassar Ave,ASSAULT,11,0.1896551724137931,0.06300704838999088
1928,892ab2cab93ffff,21,42.4410362739508,-83.2683387844956,0.7729687747506274,Berg-Lahser,08,Berg Rd & Hessel Ave,ASSAULT,4,0.19047619047619047,0.06299891354314968
1929,892ab2c6077ffff,55,42.4046169026935,-82.9450204605239,0.16514574442449323,Morningside,05,Southampton St & Haverhill St,ASSAULT,12,0.21818181818181817,0.06298266302061536
1930,892ab2c452bffff,30,42.3621308594333,-82.963814756497,0.610868663580966,Conner Creek Industrial,05,Lycaste St & Freud St,DAMAGE TO PROPERTY,7,0.23333333333333334,0.06292845411148827
1931,892ab2cf223ffff,33,42.3872348554347,-83.26365942833,0.5552926179090153,Eliza Howell,06,Bramell St & Kendall St,ASSAULT,9,0.2727272727272727,0.06282032526944337
1932,892ab2c0c23ffff,43,42.4448466024179,-83.0891561757665,0.37528812380403614,Nolan,11,E Winchester Ave & Hull St,ASSAULT,15,0.3488372093023256,0.06274789357227566
1933,892ab2c1bdbffff,64,42.432173725006,-83.202114264861,-0.010270646268453448,Greenfield,08,Montrose St & W 7 Mile Rd,ASSAULT,14,0.21875,0.06274509803921569
1934,892ab2c441bffff,22,42.390254398632,-82.9857765231115,0.7493598485286352,Conner Creek Industrial,05,Saint Jean St & Shoemaker St,DAMAGE TO PROPERTY,8,0.36363636363636365,0.06268394862154691
1935,892ab2cecd7ffff,40,42.3623014599939,-83.1157230829002,0.4277069037142486,Petoskey-Otsego,10,Radford St & W Euclid St,ASSAULT,9,0.225,0.06268279189487173
1936,892ab2cec2bffff,24,42.344931959341054,-83.11637506040884,0.7100373554193262,Midwest,10,30th St & W Warren Ave,LARCENY,6,0.25,0.06248721550677509
1937,892ab2cf113ffff,27,42.3844622791137,-83.214928809666,0.6552373456335956,Schoolcraft Southfield,06,Southfield Service Drive & W Davison St,ASSAULT,6,0.2222222222222222,0.06242166562697973
1938,892ab2ce593ffff,38,42.4003757010536,-83.1156956877793,0.4545753977636087,Oakman Blvd Community,10,La Belle St & Rosa Parks Blvd,LARCENY,10,0.2631578947368421,0.062196208213029555
1939,892ab2c42c7ffff,26,42.3694325467227,-83.0258394167861,0.6615935614452998,Gratiot Town/Kettering,07,Hancock St & Meldrum St,DAMAGE TO PROPERTY,4,0.15384615384615385,0.06179002161166846
1940,892ab2ceccbffff,48,42.3603340982207,-83.12526668757704,0.26742298147552795,Midwest,10,Maplewood St & Beechwood St,ASSAULT,11,0.22916666666666666,0.06173158961548614
1941,892ab2ce98bffff,23,42.3217692313393,-83.104666279455,0.7125861238878585,Central Southwest,04,Junction St & Plumer St,ASSAULT,4,0.17391304347826086,0.06164666729054899
1942,892ab2c2b6fffff,38,42.4451043157949,-83.0719354743783,0.442426405174121,Butler,11,Mitchell St & E Winchester Ave,DAMAGE TO PROPERTY,10,0.2631578947368421,0.06152962628553983
1943,892ab2c5dc3ffff,30,42.3352472150312,-83.0206450354409,0.5853260436641601,Rivertown,07,Chene St & Atwater St,LARCENY,10,0.3333333333333333,0.061527000559527575
1944,892ab2cc3cbffff,17,42.3325398359592,-83.2277135436045,0.8174563653252267,Warrendale,06,Kirkwood St & Piedmont St,ASSAULT,7,0.4117647058823529,0.061518257086494596
1945,892ab2c71b7ffff,52,42.4035726289363,-82.987394476673,0.19204613167233447,Wade,09,Elmdale St & Barrett St,ASSAULT,15,0.28846153846153844,0.06151743707430364
1946,892ab2c7207ffff,15,42.4153046173918,-83.0527693657705,0.8518778854504212,Davison,11,Fenelon St & Luce St,AGGRAVATED ASSAULT,2,0.13333333333333333,0.061446087245382405
1947,892ab2c4667ffff,34,42.3750028562014,-83.01774488860175,0.5122448338290865,Gratiot Town/Kettering,07,Gratiot Ave & Sheridan St,AGGRAVATED ASSAULT,7,0.20588235294117646,0.06143880349189569
1948,892ab2c4453ffff,19,42.3919740972467,-82.9956456209277,0.7800086971965206,West End,05,E I 94 Service Drive & French Rd,ASSAULT,5,0.2631578947368421,0.06142439048020658
1949,892ab2c40c3ffff,23,42.374075594916,-82.99876882303,0.7070426756359941,Gratiot Woods,07,Belvidere St & Sylvester St,ASSAULT,8,0.34782608695652173,0.06134251347751064
1950,892ab2cee2fffff,49,42.3395793273647,-83.1436364526703,0.24242455344957298,Claytown,04,Kirkwood St & Florida St,ASSAULT,16,0.32653061224489793,0.06134038653801047
1951,892ab2ced0bffff,19,42.3368410890567,-83.1025258937758,0.7780439932775207,Chadsey Condon,03,W Grand Blvd & Nall St,LARCENY,4,0.21052631578947367,0.06131659256069788
1952,892ab2c6333ffff,48,42.3856287477828,-82.9479593021276,0.25965322794075957,Riverbend,05,Dedicated Connector & Manistique St,LARCENY,14,0.2916666666666667,0.061305284533054255
1953,892ab2cecbbffff,22,42.3561069816776,-83.1077961186237,0.7232894058147085,NW Goldberg,03,Grand River Ave & Dexter Ave,ASSAULT,7,0.3181818181818182,0.06125353487927526
1954,892ab2cf1a3ffff,44,42.379916388723,-83.206255569616,0.33007913755447493,Schoolcraft Southfield,06,Mettetal St & Fullerton St,STOLEN VEHICLE,7,0.1590909090909091,0.06124779255473608
1955,892ab2c0867ffff,23,42.4226716584824,-83.1085946887736,0.7051241983532803,Grixdale Farms,12,Worcester Pl & Woodward Ave,LARCENY,8,0.34782608695652173,0.06123725188684484
1956,892ab2c4283ffff,27,42.3694060254541,-83.0164118721728,0.6334378174325868,Gratiot-Grand,07,E Grand Blvd & E Canfield St,ASSAULT,7,0.25925925925925924,0.06122558525903479
1957,892ab2c6ac3ffff,24,42.3615460156073,-82.950145019503,0.686627115205587,Jefferson Chalmers,05,Kitchener St & Avondale St,ASSAULT,8,0.3333333333333333,0.06120275978505754
1958,892ab2ceb2fffff,43,42.3019429556022,-83.1352146445555,0.345966638620824,Springwells,04,Falcon St & Woodmere St,OBSTRUCTING JUDICIARY,13,0.3023255813953488,0.06113910403961936
1959,892ab2cf423ffff,31,42.4101104289,-83.2198432132234,0.5602714095982609,North Rosedale Park,08,Florence St & Ashton Ave,OBSTRUCTING JUDICIARY,10,0.3225806451612903,0.061132713610680144
1960,892ab2cf50fffff,21,42.3986283639123,-83.2089702778523,0.7388114252938164,Grand River-St Marys,08,Grandmont Ave & Woodmont Ave,ASSAULT,6,0.2857142857142857,0.06112479339111648
1961,892ab2c608fffff,37,42.4138844800226,-82.9362715182205,0.4521027964486307,East English Village,05,Berden St & Cadieux Rd,LARCENY,10,0.2702702702702703,0.0610801511984997
1962,892ab2cf463ffff,36,42.4116552711619,-83.2330849095543,0.4695335214592549,North Rosedale Park,08,Huntington Rd & Grove St,STOLEN VEHICLE,8,0.2222222222222222,0.061056135151799265
1963,892ab2c5a4fffff,35,42.3182232196997,-83.0893445357766,0.48520694499644373,Hubbard Farms,04,Hubbard St & Porter St,ASSAULT,8,0.22857142857142856,0.060935700789364854
1964,892ab2cf063ffff,48,42.3933263961795,-83.2445354929285,0.2524029090566055,Brightmoor,06,Braile St & Lyndon St,ASSAULT,17,0.3541666666666667,0.06090747940632331
1965,892ab2c1863ffff,31,42.4360518944225,-83.19256319184,0.5539834305735996,Schaefer 7/8 Lodge,12,Hubbell St & Saint Martins Ave,ASSAULT,6,0.1935483870967742,0.06078770943462192
1966,892ab2c636fffff,44,42.38141918122935,-82.96246558327655,0.3214444456900138,Riverbend,05,Algonquin St & Goethe St,ASSAULT,9,0.20454545454545456,0.06077403067663002
1967,892ab2cc0a3ffff,33,42.3436734580925,-83.1962924109255,0.5146898664469808,Warren Ave Community,06,Greenfield & W Warren Ave,DAMAGE TO PROPERTY,8,0.24242424242424243,0.060592563573846674
1968,892ab2c44d3ffff,24,42.3979060624668,-82.9875133190336,0.6745274244434133,Ravendale,09,Harper Ave & Gunston Ave,LARCENY,4,0.16666666666666666,0.060538882913714474
1969,892ab2c6a9bffff,32,42.3622146219144,-82.9404343943662,0.5308362409982571,Jefferson Chalmers,05,Lakewood St & Korte St,ASSAULT,13,0.40625,0.06049807873737143
1970,892ab2c647bffff,36,42.425716618353,-82.9433836403142,0.4588569448633321,Moross-Morang,09,Nottingham Rd & Casino St,LARCENY,8,0.2222222222222222,0.06047034065452878
1971,892ab2cf00fffff,33,42.3957716130448,-83.2393232448327,0.5114363825973601,Brightmoor,06,Eaton St & Heyden St,ASSAULT,8,0.24242424242424243,0.06041405383161394
1972,892ab2ce397ffff,35,42.3749949487126,-83.1553302934601,0.47560490389524523,Littlefield Community,02,Grand River Ave & Ohio St,AGGRAVATED ASSAULT,5,0.14285714285714285,0.06040886310978551
1973,892ab2ca9c7ffff,43,42.4401801894522,-83.2465407542521,0.3317864730501376,Evergreen Lahser 7/8,08,Trojan St & Braile St,STOLEN VEHICLE,12,0.27906976744186046,0.060361077217345196
1974,892ab219683ffff,30,42.2591044738699,-83.1643666408424,0.5639728142473874,Boynton,04,Salliotte St & S Annabelle St,ASSAULT,10,0.3333333333333333,0.06035540738273376
1975,892ab2c46bbffff,26,42.384469897638,-83.0068386682797,0.6346474653892827,Gratiot Woods,07,Rohns St & Chapin St,ASSAULT,8,0.3076923076923077,0.06031156317035828
1976,892ab2cc603ffff,36,42.3612813909887,-83.2274744667058,0.45360332731578407,Franklin Park,06,Dover St & Warwick St,LARCENY,8,0.2222222222222222,0.06018208905791751
1977,892ab2c76b3ffff,48,42.4387580493339,-83.0298443965567,0.2389918133743514,Nortown,11,E Lantz St & Rogge St,ASSAULT,12,0.25,0.060171649341091295
1978,892ab2d5b8bffff,35,42.4486776672352,-82.9782946712838,0.47108327668809813,Mohican Regent,09,Carlisle St & Anvil St,BURGLARY,6,0.17142857142857143,0.06016077381703723
1979,892ab2cc023ffff,33,42.3363531969539,-83.2045752866556,0.5056247979409837,Warren Ave Community,06,Asbury Park & Paul Dr,ASSAULT,11,0.3333333333333333,0.06009518810892274
1980,892ab2ce8c7ffff,26,42.3395432433585,-83.1281924971322,0.6297197589826133,Claytown,04,Gilbert St & Gladys St,LARCENY,5,0.19230769230769232,0.060041193424845124
1981,892ab2c7643ffff,34,42.4382325778306,-83.0550607183114,0.4826427043412604,Farwell,11,E Lantz St & Lamont St,DAMAGE TO PROPERTY,13,0.38235294117647056,0.05981461577538747
1982,892ab2c1aa3ffff,59,42.4375352468403,-83.2043760717424,0.03581717276357072,Greenfield,08,Pembroke Ave & Prevost St,ASSAULT,11,0.1864406779661017,0.05980832736281526
1983,892ab2ce377ffff,61,42.3609933972277,-83.1690018403672,-0.02951455387455984,Barton-McFarland,02,Ellis St & Steel St,ASSAULT,17,0.2786885245901639,0.05980392156862745
1984,892ab2cf443ffff,61,42.4193191253222,-83.2373157580738,-0.013230993186041175,Evergreen-Outer Drive,08,Plainview Ave & Santa Clara Ave,ASSAULT,16,0.26229508196721313,0.05980392156862745
1985,892ab2c728fffff,18,42.4219781774023,-83.0486592056118,0.7676836618599064,Davison,11,Bloom St & Phyllis St,BURGLARY,9,0.5,0.05976775741278736
1986,892ab2ce62bffff,57,42.3973028737095,-83.1756575121539,0.06982067206464458,Bethune Community,02,Eaton St & Snowden St,ASSAULT,13,0.22807017543859648,0.05971322186472404
1987,892ab2ce9c3ffff,17,42.324656268748,-83.1141415869514,0.7844792853839918,Central Southwest,04,Military St & John Kronk St,LARCENY,5,0.29411764705882354,0.05970889508809883
1988,892ab2c752fffff,34,42.4131499094194,-82.9915053843132,0.4806278563289747,Gratiot-Findlay,09,Saint Patrick St & Gratiot Ave,ASSAULT,7,0.20588235294117646,0.05970406658690658
1989,892ab2c52a7ffff,28,42.3708072664744,-83.0921065023523,0.5872739936066645,Virginia Park Community,10,Woodrow Wilson St & Virginia Park St,LARCENY,6,0.21428571428571427,0.05967309492053695
1990,892ab2ce0bbffff,36,42.3887851926686,-83.1453874246369,0.44125802548440674,Oakman Blvd Community,10,Schoolcraft St & Ewald Cir,DAMAGE TO PROPERTY,7,0.19444444444444445,0.05950473618033633
1991,892ab2c76cbffff,46,42.44432746324965,-83.0506939419571,0.26239273076102787,Farwell,11,Keystone St & Amrad St,ASSAULT,8,0.17391304347826086,0.05949480923111284
1992,892ab2ceb3bffff,44,42.307861127642,-83.1360441029718,0.29781886117328493,Springwells,04,W Vernor Hwy & Woodmere St,DAMAGE TO PROPERTY,10,0.22727272727272727,0.05947775960318652
1993,892ab2c4443ffff,31,42.3894088871628,-82.9950625011684,0.5297715243942652,West End,05,Saint Clair St & Shoemaker St,AGGRAVATED ASSAULT,5,0.16129032258064516,0.05945926849844209
1994,892ab2c73b7ffff,29,42.4000531415268,-83.0175826041321,0.5650628076204028,Airport Sub,07,Traverse St & Erwin Ave,ASSAULT,4,0.13793103448275862,0.059434820174979655
1995,892ab2ce8d3ffff,44,42.3438704126709,-83.1296997613707,0.29586280825003414,Claytown,04,Barlum St & Livernois Ave,DAMAGE TO PROPERTY,7,0.1590909090909091,0.05937043634010539
1996,892ab21b24bffff,45,42.2771734428025,-83.145982728316,0.27788973604944306,Boynton,04,Gilroy St & S Deacon St,ASSAULT,10,0.2222222222222222,0.059364695282865386
1997,892ab2c71dbffff,32,42.4142855059275,-83.0087101290445,0.5099139435324107,LaSalle College Park,09,Nashville St & Conner St,ASSAULT,12,0.375,0.05935012961569984
1998,892ab2ce863ffff,35,42.3269281009699,-83.1344943991822,0.4563071616436072,Claytown,04,Parkwood St & Central St,ASSAULT,7,0.2,0.05935004888041251
1999,892ab2ce96bffff,40,42.310559084895,-83.1188817462899,0.36588790190863774,Springwells,04,N Green St & Lane St,ASSAULT,10,0.25,0.05929095268881852
2000,892ab2c6113ffff,23,42.3971779108641,-82.9217429450962,0.6694358155227623,Cornerstone Village,05,Denver St & Bluehill St,DAMAGE TO PROPERTY,5,0.21739130434782608,0.05927912812959257
2001,892ab2c7513ffff,43,42.4275380667662,-82.9910754019278,0.3116297436971365,Von Steuben,09,Westphalia St & Greiner St,ASSAULT,12,0.27906976744186046,0.05925513271988637
2002,892ab2cc93bffff,38,42.2670386546049,-83.1586503024556,0.4002239964804905,Boynton,04,Visger St & S Liddesdale St,ASSAULT,10,0.2631578947368421,0.05921409578171431
2003,892ab2c5237ffff,40,42.3662494685408,-83.0962643386438,0.36402857622941354,LaSalle Gardens,10,S La Salle Gdns & Hanover St,ASSAULT,16,0.4,0.05918893658452351
2004,892ab2c524bffff,34,42.3755716983975,-83.1215362513096,0.46910381498681386,Nardin Park,10,Glynn Ct & Dexter Ave,ASSAULT,7,0.20588235294117646,0.059071774021597453
2005,892ab2c19b7ffff,44,42.4243207843113,-83.1491098817366,0.29031312296077605,Bagley,12,Curtis St & Pennington Ave,STOLEN VEHICLE,14,0.3181818181818182,0.05906594031791866
2006,892ab2cc4cbffff,40,42.3724447077509,-83.2071798701431,0.35987227577625475,Plymouth-I96,06,Plymouth Rd & Asbury Park,ASSAULT,10,0.25,0.05896089176954106
2007,892ab2c0a2bffff,34,42.4192268074772,-83.1342577915618,0.46688135802321934,University District,12,Belden St & Santa Maria St,DAMAGE TO PROPERTY,9,0.2647058823529412,0.0589498338989376
2008,892ab2cf467ffff,38,42.4098571808844,-83.2315603151191,0.3940576775395969,North Rosedale Park,08,Florence St & W Outer Dr,STOLEN VEHICLE,10,0.2631578947368421,0.05887576676102713
2009,892ab2c1b93ffff,60,42.4309106545718,-83.1869474084154,-0.036888502305638435,Schaefer 7/8 Lodge,12,Ardmore St & W 7 Mile Rd,ASSAULT,12,0.2,0.058823529411764705
2010,892ab2cc07bffff,60,42.3397337156699,-83.2182310569505,-0.11916223224941537,Warrendale,06,Penrod St & Whitlock St,ASSAULT,16,0.26666666666666666,0.058823529411764705
2011,892ab2c72bbffff,15,42.4190175761366,-83.0457216734715,0.8028905879782182,Davison,11,Sparling St & E McNichols Rd,DAMAGE TO PROPERTY,4,0.26666666666666666,0.05875828848914742
2012,892ab2c6263ffff,23,42.4012586314542,-82.9790601565463,0.6599182847912671,Ravendale,09,Evanston St & Annsbury Ave,ASSAULT,4,0.17391304347826086,0.05875692730238717
2013,892ab2ca927ffff,45,42.4244783944417,-83.2395846425625,0.26658733597624235,Holcomb Community,08,Pickford St & Heyden St,ASSAULT,10,0.2222222222222222,0.05874456356654736
2014,892ab2d5903ffff,56,42.4474714071389,-82.9512239419284,0.06785434098929391,Regent Park,09,Carlisle St & Cordell St,ASSAULT,14,0.25,0.05862494251074305
2015,892ab2cf18bffff,21,42.3867685277137,-83.2135147819933,0.6924869088326839,Grandmont,08,Schoolcraft St & Longacre St,STOLEN VEHICLE,6,0.2857142857142857,0.05858309413126099
2016,892ab2c62afffff,22,42.4020385041289,-82.96356062349365,0.6708639814688931,Chandler Park-Chalmers,05,Lakewood St & Linville St,ASSAULT,5,0.22727272727272727,0.05837709552411936
2017,892ab2c1823ffff,46,42.4346744893614,-83.1806132241009,0.24186308126927641,Schaefer 7/8 Lodge,12,Schaefer Hwy & Vassar Ave,ASSAULT,11,0.2391304347826087,0.05836840362767696
2018,892ab2c522bffff,27,42.3654581234465,-83.1064587686784,0.5811192018113369,Wildemere Park,10,Vicksburg St & Lawton St,ASSAULT,6,0.2222222222222222,0.058355006205872584
2019,892ab2cf323ffff,46,42.3695065501886,-83.2437106281045,0.2382777898195889,Franklin Park,06,Pierson St & Elmira St,ASSAULT,11,0.2391304347826087,0.05817168851179047
2020,892ab2cf00bffff,21,42.3979485762896,-83.2404471730595,0.6843952055030998,Brightmoor,06,W Outer Dr & Heyden St,ASSAULT,6,0.2857142857142857,0.05813912454593288
2021,892ab2c5213ffff,28,42.3768804212557,-83.1040316538338,0.5590085367912272,Boston Edison,10,Longfellow St & 14th St,BURGLARY,6,0.21428571428571427,0.058122246770237265
2022,892ab2cf417ffff,22,42.4190678136736,-83.2237931423006,0.6662147472721622,Evergreen-Outer Drive,08,Faust Ave & W Outer Dr,ASSAULT,5,0.22727272727272727,0.058122004785576185
2023,892ab2c6277ffff,27,42.4020815586039,-82.9762671926122,0.5765958651851916,Ravendale,09,Evanston St & Park Dr,ASSAULT,6,0.2222222222222222,0.058106823121988754
2024,892ab2c5623ffff,31,42.3872175338439,-83.0921738483328,0.5042861580871176,Gateway Community,10,3rd St & Calvert St,LARCENY,7,0.22580645161290322,0.058060956295132374
2025,892ab2c7057ffff,45,42.4226670598039,-83.0301585840193,0.25092870216904006,Grant,11,Edgeton St & Carrie St,ASSAULT,8,0.17777777777777778,0.0578854172440702
2026,892ab2cf07bffff,59,42.3933017812735,-83.246852853983,-0.09080801527410624,Brightmoor,06,Pierson St & Lyndon St,ASSAULT,11,0.1864406779661017,0.05784313725490196
2027,892ab2caba7ffff,15,42.4291420119854,-83.2619753347512,0.7857220054821902,Melvern Hill,08,W 7 Mile Rd & Northrop St,ASSAULT,5,0.3333333333333333,0.057816295420325306
2028,892ab2c0eabffff,22,42.4466020235011,-83.1174844386019,0.6599014692858958,State Fair,12,Ralston St & W 8 Mile Rd,FRAUD,12,0.5454545454545454,0.05777561252482979
2029,892ab2c4427ffff,40,42.3757846824853,-82.977905552564,0.3377806290205402,East Village,05,Beniteau St & Goethe Ave,ASSAULT,16,0.4,0.057748783657088326
2030,892ab2c1a0fffff,48,42.4354982460408,-83.2172800904727,0.19467294667491417,Greenfield,08,Oakfield St & Saint Martins Ave,ASSAULT,10,0.20833333333333334,0.0577399945869158
2031,892ab2cc907ffff,38,42.2695206749919,-83.1570929397675,0.37228992882338774,Boynton,04,S Liddesdale St & Omaha St,ASSAULT,9,0.23684210526315788,0.05768143004631733
2032,892ab2c75a3ffff,35,42.4230113431462,-82.9823839187707,0.4250095873082526,Mapleridge,09,Laurel St & Young St,BURGLARY,6,0.17142857142857143,0.05763283675170769
2033,892ab2cec57ffff,40,42.3556001117695,-83.1235823287382,0.33532002759287505,Midwest,10,Allendale St & Ironwood St,DAMAGE TO PROPERTY,10,0.25,0.057613777200350824
2034,892ab2c7467ffff,39,42.4340962002179,-83.0178320664834,0.3513380930700097,Mount Olivet,11,Antwerp St & E 7 Mile Rd,FRAUD,17,0.4358974358974359,0.05751225239662515
2035,892ab2c70cfffff,24,42.4258092098277,-83.0281413964678,0.6188442376369548,Grant,11,Iowa St & Carrie St,BURGLARY,4,0.16666666666666666,0.057483699060665125
2036,892ab2c5ccbffff,18,42.3503975719452,-83.0432132419233,0.7254347580519895,Eastern Market,07,Russell St & Erskine St,LARCENY,9,0.5,0.05744967584946686
2037,892ab2ceccfffff,40,42.3587613336202,-83.1233678387543,0.3317040908237381,Midwest,10,Ivanhoe St & Beechwood St,ASSAULT,10,0.25,0.057415380659773634
2038,892ab2c434fffff,16,42.3450718412108,-83.0184567374136,0.7594453850219833,Elmwood Park,07,E Lafayette St & McDougall St,LARCENY,6,0.375,0.05735496142703497
2039,892ab2ce117ffff,25,42.3711970592445,-83.1327540311814,0.5977838729960822,Nardin Park,10,Nardin Park & Chenlot St,ASSAULT,6,0.24,0.05730856672835365
2040,892ab2c6473ffff,48,42.4276190800069,-82.9365980218403,0.18576970612829044,Moross-Morang,09,Moross Rd & Worden St,ASSAULT,10,0.20833333333333334,0.057251498178612095
2041,892ab2c5d5bffff,27,42.3310351442412,-83.0327007665311,0.5597279056162809,Rivertown,07,Rivard St & Atwater St,LARCENY,11,0.4074074074074074,0.05718132440928132
2042,892ab2ce52fffff,41,42.3803391507201,-83.1245252184611,0.3072378765726558,Nardin Park,10,Tuxedo St & Dexter Ave,ASSAULT,11,0.2682926829268293,0.0570533786935241
2043,892ab21b67bffff,19,42.2912384364543,-83.1281794168872,0.6984574481915603,Delray,04,S Leigh St & Melville St,ASSAULT,3,0.15789473684210525,0.05694989694911683
2044,892ab2c080bffff,22,42.430990725752395,-83.1072213577099,0.6445308481976043,Grixdale Farms,12,Charleston St & W Hollywood Ave,OBSTRUCTING THE POLICE,4,0.18181818181818182,0.056932268670902925
2045,892ab2c5a53ffff,37,42.3238950101302,-83.0878897708021,0.3762598983844052,Central Southwest,04,W Vernor Hwy & 25th St,DAMAGE TO PROPERTY,9,0.24324324324324326,0.05691885923904931
2046,892ab2ce973ffff,58,42.3122351924804,-83.1123024156317,-0.06555289928032872,Central Southwest,04,N Rademacher St & Cadet St,STOLEN PROPERTY,7,0.1206896551724138,0.05686274509803921
2047,892ab2cc923ffff,43,42.2650588080039,-83.1544206812217,0.2675486137727558,Boynton,04,S Ethel St & Visger St,ASSAULT,11,0.2558139534883721,0.056836521931009645
2048,892ab2c4673ffff,23,42.3803425245533,-83.0192766826907,0.6239374058241037,Gratiot Town/Kettering,07,Baldwin St & Granger Ave,ASSAULT,5,0.21739130434782608,0.05678275508374091
2049,892ab2c5037ffff,30,42.3708378863079,-83.067904058442,0.4982579834736386,Milwaukee Junction,03,Brush St & E Milwaukee St,LARCENY,13,0.43333333333333335,0.056749814718225176
2050,892ab2c1b0bffff,33,42.4211395838324,-83.1995167399665,0.4436998349146469,Winship,08,Greenfield Rd & W Outer Dr,ASSAULT,11,0.3333333333333333,0.05669753510108881
2051,892ab2c53b3ffff,42,42.357916736236,-83.0731579493817,0.2816828320116219,Wayne State,03,Anthony Wayne Dr & Kirby St,DAMAGE TO PROPERTY,12,0.2857142857142857,0.05663163559224872
2052,892ab2c0b57ffff,39,42.412661890478,-83.1217395828395,0.3349755721496229,Martin Park,12,Inverness St & Florence St,ASSAULT,11,0.28205128205128205,0.05661448571734181
2053,892ab2c4087ffff,33,42.3709975630989,-82.9833036600292,0.4418553471827848,East Village,05,Saint Clair St & Charlevoix St,DAMAGE TO PROPERTY,9,0.2727272727272727,0.05659633311430024
2054,892ab2c1b8fffff,49,42.4253169702015,-83.1897761455243,0.15525874173084464,Winship,12,Pickford St & Marlowe St,ASSAULT,13,0.2653061224489796,0.056557837338256145
2055,892ab2c0b2bffff,50,42.4022023595952,-83.1143870353103,0.13629978837661955,Pilgrim Village,10,Woodrow Wilson St & Oakman Blvd,ASSAULT,12,0.24,0.05649800368405189
2056,892ab2cc413ffff,52,42.3679029586189,-83.1951743358704,0.09948116948700368,Plymouth-Hubbell,02,Orangelawn St & Whitcomb St,ASSAULT,13,0.25,0.05643865128552144
2057,892ab2cea93ffff,40,42.3399421582396,-83.1477031719565,0.3127939303268186,Claytown,04,McDonald St & Radcliffe St,ASSAULT,9,0.225,0.056377831979063806
2058,892ab2c0ad7ffff,15,42.4360643321911,-83.134410041246,0.7592175102238998,Sherwood Forest,12,Renfrew Rd & Roslyn Pl,LARCENY,6,0.4,0.05636206640452193
2059,892ab2ce257ffff,32,42.3871630610052,-83.1948712513299,0.45511019396079,Cadillac Community,02,Schoolcraft St & Whitcomb St,ASSAULT,10,0.3125,0.05634319807351383
2060,892ab2c76cfffff,41,42.4425229380932,-83.0495139134651,0.2933816904872757,Farwell,11,Bloom St & Cordova St,ASSAULT,9,0.21951219512195122,0.05629312773770075
2061,892ab2c7363ffff,32,42.39521637161,-83.0402070640171,0.4531720407672793,Airport Sub,11,Dwyer St & Domine St,ASSAULT,11,0.34375,0.056236856919546996
2062,892ab2c7633ffff,24,42.4336899349584,-83.0389391147054,0.5956292872647649,Grant,11,Mount Elliott St & E 7 Mile Rd,AGGRAVATED ASSAULT,4,0.16666666666666666,0.056209958357336165
2063,892ab2cf3abffff,35,42.3763485713722,-83.2401356860011,0.39848801093440106,Weatherby,06,Capitol St & Heyden St,ASSAULT,14,0.4,0.05617767054190649
2064,892ab2ceab7ffff,35,42.3285963529644,-83.1430912786941,0.39698342427316374,Claytown,04,Arnold St & Renville St,LARCENY,12,0.34285714285714286,0.05609511799531998
2065,892ab2c40dbffff,22,42.37662993198535,-83.0008722245045,0.6288924990073987,Gratiot Woods,07,Buhl St & Rohns St,ASSAULT,10,0.45454545454545453,0.05607423530976775
2066,892ab2ce4a7ffff,27,42.4046860297507,-83.1314521702531,0.5382672304452444,Pilgrim Village,10,Hughes St & Parkside St,ASSAULT,7,0.25925925925925924,0.056003835978420125
2067,892ab2c1b43ffff,41,42.4230591246682,-83.2060470052935,0.2877910421769026,College Park,08,Curtis St & Rutherford St,ASSAULT,9,0.21951219512195122,0.05598638418680994
2068,892ab2ce1bbffff,49,42.371782954772,-83.1290225349026,0.14371109801017903,Nardin Park,10,Broadstreet Ave & W Boston Blvd,ASSAULT,17,0.3469387755102041,0.055924249775123856
2069,892ab2c1b17ffff,57,42.4234195817612,-83.1909741681168,-0.17412203199284657,Winship,12,Curtis St & Hubbell St,ASSAULT,16,0.2807017543859649,0.055882352941176466
2070,892ab2c6427ffff,57,42.4203576576221,-82.9258690879875,-0.036154302253219375,Cornerstone Village,05,Farmbrook St & Minerva St,LARCENY,10,0.17543859649122806,0.055882352941176466
2071,892ab2ce6bbffff,57,42.405895010829,-83.168507883656,-0.03441707036921272,Bethune Community,12,Midland St & Manor St,ASSAULT,17,0.2982456140350877,0.055882352941176466
2072,892ab2cf4b7ffff,22,42.4175910810295,-83.2090659997247,0.625166774917646,College Park,08,Asbury Park & Santa Maria St,ASSAULT,3,0.13636363636363635,0.05586981503979482
2073,892ab2ce827ffff,24,42.3238971284589,-83.12206188673255,0.5891341470071062,Michigan-Martin,04,Otis St & Martin St,LARCENY,8,0.3333333333333333,0.0558535878121757
2074,892ab2c09b3ffff,22,42.4167866895726,-83.0711115413805,0.6245170790473629,North Campau,11,Joseph Campau St & Gaylord St,LARCENY,4,0.18181818181818182,0.05583416800796848
2075,892ab2c7537ffff,46,42.4171274269898,-82.9831663257109,0.1956692645413527,Eden Gardens,09,Park Dr & Jane St,BURGLARY,9,0.1956521739130435,0.055833875503983
2076,892ab2cf54bffff,49,42.4020560890608,-83.2216727818475,0.14177195823924824,Rosedale Park,08,Grand River Ave & Kentford St,FRAUD,13,0.2653061224489796,0.05581785449035782
2077,892ab2cf66bffff,37,42.4096814566149,-83.2670819416651,0.3550074982768768,Riverdale,08,Puritan St & W Parkway St,ASSAULT,7,0.1891891891891892,0.05575279829011788
2078,892ab2c0acfffff,24,42.4318286292306,-83.1402940099825,0.5861812661041501,Sherwood Forest,12,Warrington Dr & W 7 Mile Rd,LARCENY,5,0.20833333333333334,0.055691571329784945
2079,892ab2c0d1bffff,43,42.437857140259,-83.0761143668239,0.24358770901840676,Pershing,11,E Lantz St & Anglin St,DAMAGE TO PROPERTY,9,0.20930232558139536,0.05552185275511669
2080,892ab2ce8bbffff,22,42.3340073670563,-83.1185990698529,0.6158666804987809,Chadsey Condon,04,Wesson St & Buchanan St,LARCENY,5,0.22727272727272727,0.05535954434715092
2081,892ab2cc23bffff,36,42.3357938639997,-83.2363442801863,0.36450816987588763,Warrendale,06,Ann Arbor Trl & Vaughan St,ASSAULT,11,0.3055555555555556,0.05529368194606576
2082,892ab2c5387ffff,22,42.3618127004662,-83.0752534951401,0.6139105493521231,Tech Town,03,Antoinette St & 3rd St,ASSAULT,7,0.3181818181818182,0.05525221679216582
2083,892ab2c4583ffff,20,42.376585452691,-82.95719631891205,0.6494819726322297,Riverbend,05,E Vernor Hwy & Dickerson St,ASSAULT,6,0.3,0.0552431389857044
2084,892ab2c5a6bffff,41,42.3132521266175,-83.0901141172862,0.27062731434321424,West Side Industrial,04,W Fort St & Scotten St,FRAUD,11,0.2682926829268293,0.055044657480005574
2085,892ab2cf053ffff,51,42.4023661870446,-83.2460429101326,0.09166393242588078,Brightmoor,08,Braile St & Keeler St,ASSAULT,14,0.27450980392156865,0.05502934875527052
2086,892ab2c4653ffff,24,42.3884023180956,-83.0240175616439,0.5737850812035288,Airport Sub,07,Townsend St & Saint Thomas St,STOLEN VEHICLE,5,0.20833333333333334,0.055011426637646035
2087,892ab2c4053ffff,23,42.3711676932834,-83.0050962447079,0.5903178614138571,Pingree Park,07,Seminole St & Sylvester St,LARCENY,6,0.2608695652173913,0.05493814282068797
2088,892ab2ce607ffff,56,42.4021919335408,-83.1725282136096,-0.22852118246229064,Bethune Community,12,Fenkell St & Sorrento St,ASSAULT,13,0.23214285714285715,0.054901960784313725
2089,892ab2ce0b3ffff,47,42.3893721639931,-83.1449699060474,0.16034499453494122,Oakman Blvd Community,10,San Juan Dr & Ewald Cir,ASSAULT,12,0.2553191489361702,0.05487612177635361
2090,892ab2cc00fffff,30,42.3398610857984,-83.2096427835653,0.46255519314843935,Warren Ave Community,06,Abington Ave & Whitlock St,ASSAULT,13,0.43333333333333335,0.05479090046122537
2091,892ab21b693ffff,32,42.3066458786233,-83.1098920657357,0.4254746328351598,Central Southwest,04,W Lafayette Blvd & Waterman St,ASSAULT,10,0.3125,0.05471717605466306
2092,892ab2cf083ffff,32,42.4049615955096,-83.2289084546867,0.42469915197148195,North Rosedale Park,08,Grand River Ave & Warwick St,ASSAULT,6,0.1875,0.0546746275449793
2093,892ab2ce547ffff,35,42.3900783908684,-83.1346926573829,0.3706555330803278,Oakman Blvd Community,10,W M 8 & W Davison St,LARCENY,8,0.22857142857142856,0.05465057876058165
2094,892ab2c4007ffff,28,42.364258970676346,-82.990493582178,0.49539456363294115,East Village,07,Brinket St & Holcomb St,ASSAULT,7,0.25,0.05463192240541538
2095,892ab2ce823ffff,30,42.3260395796867,-83.1238013888614,0.4588137851086888,Claytown,04,Clayton St & Martin St,ASSAULT,9,0.3,0.05458561965589996
2096,892ab2cf013ffff,30,42.400733794467,-83.2349541861427,0.4566137091017126,Minock Park,08,Fenkell St & Auburn St,LARCENY,8,0.26666666666666666,0.054464907514991834
2097,892ab2cc3d3ffff,47,42.3344986181572,-83.220468100984,0.1525078633096524,Warrendale,06,Dayton St & Penrod St,ASSAULT,18,0.3829787234042553,0.0544461198647002
2098,892ab2c7663ffff,42,42.4315563949657,-83.0501692139325,0.24103429424152195,Krainz Woods,11,Moenart St & E Robinwood St,ASSAULT,13,0.30952380952380953,0.054401361727411814
2099,892ab2cabcfffff,40,42.4360781588988,-83.28268140206555,0.2758806363152738,Five Points,08,Fenton St & Pembroke Ave,ASSAULT,10,0.25,0.05435250070233712
2100,892ab2ce94fffff,42,42.3143862419339,-83.1200656840362,0.2388604012096198,Springwells,04,W Vernor Hwy & Rieden St,LARCENY,9,0.21428571428571427,0.05428208617458814
2101,892ab2d5923ffff,17,42.4409007868592,-82.9482616945721,0.6851179028189678,Regent Park,09,Manning St & Kelly Rd,ASSAULT,5,0.29411764705882354,0.05425720833955751
2102,892ab2c72c3ffff,25,42.4260029448267,-83.0583815882849,0.541354137714599,Krainz Woods,11,Justine St & E Nevada St,ASSAULT,5,0.2,0.054212421806492966
2103,892ab2cec9bffff,45,42.3617758873982,-83.1119461648405,0.18396403962411118,Petoskey-Otsego,10,Columbus St & Dexter Ave,STOLEN VEHICLE,9,0.2,0.054211249735603616
2104,892ab2cf28bffff,35,42.4002593452222,-83.2643596528479,0.36150680927086987,Brightmoor,08,Fenkell St & Beaverland St,AGGRAVATED ASSAULT,5,0.14285714285714285,0.05414861335842507
2105,892ab2c5c13ffff,27,42.3456239036631,-83.035687048168,0.5019458784042385,Lafayette Park,07,Hyde Park Rd & Antietam Ave,LARCENY,13,0.48148148148148145,0.054010982935322895
2106,892ab2ce333ffff,31,42.3620460880467,-83.1605639801934,0.430399790908495,Barton-McFarland,02,Annapolis St & Lanco St,FRAUD,6,0.1935483870967742,0.05400701382324748
2107,892ab2cf413ffff,19,42.422692445544,-83.2239202948976,0.6441969838100247,Evergreen-Outer Drive,08,Faust Ave & Curtis St,DAMAGE TO PROPERTY,5,0.2631578947368421,0.053972773976367
2108,892ab2c5a87ffff,26,42.3223951802715,-83.0667616283403,0.5184618294285422,Hubbard Richard,03,W Fort St & Rosa Parks Blvd,LARCENY,8,0.3076923076923077,0.053936775747050233
2109,892ab2c6657ffff,39,42.4300076429615,-82.9677927823901,0.2846508954714893,Mapleridge,09,Queen St & Park Grove St,ASSAULT,11,0.28205128205128205,0.05385330862933919
2110,892ab2c5113ffff,17,42.3642689150398,-83.0522887217743,0.6769041560886018,Poletown East,07,Russell St & Frederick St,STOLEN VEHICLE,4,0.23529411764705882,0.05380654256730433
2111,892ab2ce313ffff,33,42.3711156334301,-83.1656042271237,0.3856681305070025,Barton-McFarland,02,Pinehurst St & Elmira St,ASSAULT,11,0.3333333333333333,0.05351349452368055
2112,892ab2ce867ffff,23,42.3249796399236,-83.1332241108329,0.5642450698334937,Claytown,04,Edward & Central St,ASSAULT,3,0.13043478260869565,0.053507600202552325
2113,892ab2c4533ffff,24,42.3647235180027,-82.9566308809165,0.5450595839224034,Jefferson Chalmers,05,Freud St & Tennessee St,ASSAULT,7,0.2916666666666667,0.05343533732779482
2114,892ab2ce977ffff,50,42.3109678528622,-83.1111081531153,0.08034836281907179,Central Southwest,04,Bostwick St & Waterman St,ASSAULT,10,0.2,0.053428102305873484
2115,892ab2c4047ffff,18,42.3653924138948,-83.0036991045994,0.6492587184993899,Islandview,07,Van Dyke St & Goethe Ave,DAMAGE TO PROPERTY,4,0.2222222222222222,0.05327010532956699
2116,892ab2cc083ffff,37,42.3508254293085,-83.2014943247561,0.30959677274324926,Warren Ave Community,06,Tireman St & Rutherford St,ASSAULT,8,0.21621621621621623,0.05326123623409161
2117,892ab2c5cdbffff,15,42.3526579136301,-83.0447340779722,0.702102412846676,Forest Park,07,Russell St & Mack Ave,DAMAGE TO PROPERTY,4,0.26666666666666666,0.053228317542791975
2118,892ab2c1d03ffff,15,42.4458119234105,-83.1548088871132,0.7009961810936916,Garden Homes,12,Cherrylawn St & W 8 Mile Rd,FRAUD,4,0.26666666666666666,0.05316762163827783
2119,892ab2c0d83ffff,33,42.4404170001631,-83.0655451746709,0.3792320188961762,Farwell,11,Norwood St & E Outer Dr,ASSAULT,10,0.30303030303030304,0.05316036271859609
2120,892ab2cec43ffff,32,42.3558030659013,-83.1284191455342,0.39581520573012496,Midwest,10,Northfield St & Oregon St,ASSAULT,7,0.21875,0.05308984457493018
2121,892ab2cf48fffff,27,42.4227694493166,-83.2202019951468,0.48497338247562966,Evergreen-Outer Drive,08,Curtis St & Ashton Ave,AGGRAVATED ASSAULT,5,0.18518518518518517,0.053079748599054316
2122,892ab2ce3abffff,42,42.3662038895821,-83.1581977311998,0.21572725717484267,Barton-McFarland,02,W Chicago St & Wyoming St,ASSAULT,23,0.5476190476190477,0.0530128339607921
2123,892ab2c6043ffff,53,42.4116560056559,-82.9522873104128,0.018431033057592097,Outer Drive-Hayes,09,Haverhill St & Somerset Ave,ASSAULT,13,0.24528301886792453,0.05297204458495054
2124,892ab2cee3bffff,35,42.344750807802,-83.1459791836192,0.33876194798732606,Midwest,02,McDonald St & W Warren Ave,LARCENY,8,0.22857142857142856,0.052900665155049785
2125,892ab2c51b7ffff,45,42.3592551386079,-83.0409313608074,0.15913780289910434,McDougall-Hunt,07,Saint Aubin St & E Willis St,ASSAULT,14,0.3111111111111111,0.052849102166035555
2126,892ab2c4273ffff,17,42.3596094445723,-83.032050165048,0.6589427772364201,McDougall-Hunt,07,Joseph Campau St & Leland St,ASSAULT,4,0.23529411764705882,0.052821050935181676
2127,892ab2cc4b3ffff,34,42.3656430627402,-83.1850560917806,0.35438004431230935,Plymouth-Hubbell,02,W Chicago St & Mark Twain St,LARCENY,8,0.23529411764705882,0.05277719514011309
2128,892ab2c6553ffff,48,42.4167848209112,-82.9228721246829,0.10346242399511922,Cornerstone Village,05,Radnor St & Linville St,ASSAULT,16,0.3333333333333333,0.05273552318178459
2129,892ab2cec07ffff,29,42.351862076334,-83.113450201579,0.4427322693940353,Midwest,10,Firwood St & Moore Pl,ASSAULT,4,0.13793103448275862,0.05272287880526112
2130,892ab2c730fffff,22,42.3975294665712,-83.0353830144353,0.5676413049914772,Airport Sub,11,Pease St & Huber St,LARCENY,10,0.45454545454545453,0.05271355016098364
2131,892ab2ceb0fffff,41,42.3098897291691,-83.1376558683024,0.22784502011795565,Springwells,04,Richard St & Woodmere St,ASSAULT,10,0.24390243902439024,0.0526973102463114
2132,892ab2c7177ffff,18,42.398164240575,-83.006671353523,0.6380891787022327,Airport Sub,07,Knodell St & Armour St,LARCENY,4,0.2222222222222222,0.05265726329247459
2133,892ab2ca91bffff,46,42.4365993369783,-83.2476738150893,0.13712790920065734,Evergreen Lahser 7/8,08,Pembroke Ave & Pierson St,ASSAULT,9,0.1956521739130435,0.05262187177664295
2134,892ab2c443bffff,51,42.3822420383341,-82.98356747686,0.046096497166398985,West End,05,Beniteau St & E Canfield St,ASSAULT,14,0.27450980392156865,0.05252918846607003
2135,892ab2c7233ffff,28,42.4131932160324,-83.04754292181946,0.45660051206004443,Buffalo Charles,11,Charles St & Buffalo St,BURGLARY,7,0.25,0.052503399115758215
2136,892ab2c1a53ffff,34,42.4425205720005,-83.22479649474,0.34861149835657024,O'Hair Park,08,Hessel Ave & Faust Ave,DAMAGE TO PROPERTY,6,0.17647058823529413,0.052460690832972695
2137,892ab2c714bffff,18,42.4050692539761,-83.0207040094306,0.6338819680477569,Airport Sub,11,Madola St & Lynch Rd,ASSAULT,7,0.3888888888888889,0.0524264251742719
2138,892ab2cab83ffff,15,42.4394604947795,-83.2681843600698,0.68675072302373,Berg-Lahser,08,Trojan St & Archer St,LARCENY,4,0.26666666666666666,0.052386012395511036
2139,892ab2cf31bffff,17,42.3813313493391,-83.2511014683719,0.6502322018365866,Brightmoor,06,Bentler St & Glendale St,ASSAULT,6,0.35294117647058826,0.05234312553545843
2140,892ab2cc693ffff,36,42.3698138103751,-83.2191820533857,0.3094392202170141,Franklin Park,06,Rosemont Ave & Elmira St,ASSAULT,6,0.16666666666666666,0.05227219960190754
2141,892ab2cf077ffff,37,42.3934548766929,-83.2385244928141,0.28884118456031554,Brightmoor,06,Lyndon St & Vaughan St,ASSAULT,8,0.21621621621621623,0.05212243399388495
2142,892ab2cab3bffff,22,42.4266102679512,-83.2766439986077,0.5565396935261636,Seven Mile-Rouge,08,Dale St & Clarita St,ASSAULT,6,0.2727272727272727,0.05210443516529306
2143,892ab2cc6b7ffff,17,42.3596633264261,-83.2129122141237,0.6457600100664201,Joy Community,06,Dover St & Longacre St,ASSAULT,6,0.35294117647058826,0.05209774862965304
2144,892ab2cf657ffff,25,42.4168913110642,-83.2643742983495,0.5020546613030629,Oak Grove District 1,08,McIntyre St & Santa Maria St,LARCENY,5,0.2,0.052056167241122206
2145,892ab2c1a13ffff,48,42.4409825869304,-83.21367427218345,0.09105382180146253,Greenfield,08,Trojan St & Biltmore St,LARCENY,8,0.16666666666666666,0.052054697186808024
2146,892ab2c1b3bffff,53,42.4162224401974,-83.1944448376026,-0.1337435598102369,Winship,12,Coyle St & W McNichols Rd,FRAUD,13,0.24528301886792453,0.05196078431372549
2147,892ab2c1b73ffff,48,42.4177915864227,-83.1993771142554,0.08901848099709335,College Park,08,Greenfield Rd & Santa Maria St,ASSAULT,11,0.22916666666666666,0.05194302361498868
2148,892ab2c2927ffff,33,42.448170785676,-83.0247516304932,0.3560440121645179,Conner Creek,11,Van Dyke St & E 8 Mile Rd,ASSAULT,8,0.24242424242424243,0.051888100338980545
2149,892ab2cf1d3ffff,25,42.3914474790918,-83.2200694310029,0.49896413463969763,Rosedale Park,08,Rosemont Ave & Acacia St,ASSAULT,6,0.24,0.051886598513093934
2150,892ab2cc1dbffff,17,42.3364561508203,-83.1972169927974,0.6416720822357455,Warren Ave Community,06,Winthrop St & Paul Dr,LARCENY,5,0.29411764705882354,0.05187345523308222
2151,892ab2cec4fffff,41,42.35196632869,-83.1287127180012,0.21210915247394208,Midwest,10,Tireman St & Colfax St,LARCENY,9,0.21951219512195122,0.05183392631487779
2152,892ab2c46d3ffff,22,42.3937172896694,-83.0173963871347,0.5501138545032611,Airport Sub,07,Iroquois St & Georgia St,ASSAULT,6,0.2727272727272727,0.05175186698895462
2153,892ab2c7287ffff,21,42.4225624310506,-83.0429770115234,0.5643519158382562,Davison,11,E Davison St & Mound Rd,AGGRAVATED ASSAULT,3,0.14285714285714285,0.05155267823628277
2154,892ab2ce0afffff,47,42.3839585705678,-83.1462451976936,0.09977210232805299,Oakman Blvd Community,10,Ewald Cir & W Buena Vista St,ASSAULT,12,0.2553191489361702,0.05155265318885677
2155,892ab2c466bffff,16,42.3779328217091,-83.0249508391155,0.6533002944327335,Gratiot Town/Kettering,07,E Palmer St & Canton St,ASSAULT,6,0.375,0.05153107121083918
2156,892ab2c6503ffff,31,42.4142457885089,-82.9118592679294,0.38074026154927276,Cornerstone Village,05,Gateshead Dr & Gateshead St,LARCENY,7,0.22580645161290322,0.05128233154571072
2157,892ab2ceea7ffff,32,42.3468904720556,-83.1320168734864,0.3613293747650589,Midwest,02,Livernois Ave & Walton St,ASSAULT,6,0.1875,0.05119770154278535
2158,892ab2ce167ffff,16,42.3608089693323,-83.1417838921249,0.6466491383316839,Midwest,02,Dover St & Burnette St,BURGLARY,5,0.3125,0.05116614050393358
2159,892ab2ce363ffff,48,42.3608681327287,-83.1751123100242,0.07430224438887768,Barton-McFarland,02,Hartwell St & Ellis St,DAMAGE TO PROPERTY,13,0.2708333333333333,0.05113558404405774
2160,892ab2cee13ffff,32,42.35351405076555,-83.14507203707791,0.35964045692747826,Midwest,02,Garden St & American St,LARCENY,8,0.25,0.05110503524973646
2161,892ab2ceec7ffff,35,42.3567310810545,-83.1499047474864,0.30235185119027036,Barton-McFarland,02,Roselawn St & Mackenzie St,ASSAULT,14,0.4,0.05090294293040466
2162,892ab2c6213ffff,37,42.4102450728694,-82.97137022201,0.26646524306338976,Outer Drive-Hayes,09,Newport St & Longview St,ASSAULT,9,0.24324324324324326,0.0508947274081287
2163,892ab2cf39bffff,27,42.3861548263436,-83.2431609378806,0.4433146762153006,Brightmoor,06,Schoolcraft St & Patton St,DAMAGE TO PROPERTY,6,0.2222222222222222,0.05079404955765676
2164,892ab2c0a0bffff,18,42.4280614235047,-83.1385149122661,0.6036462788670203,University District,12,Margareta St & Oak Dr,ASSAULT,3,0.16666666666666666,0.05076747577376648
2165,892ab2c76d3ffff,21,42.4477902515323,-83.0441325577508,0.5495733715684936,Farwell,11,Mound Rd & E 8 Mile Rd,FRAUD,7,0.3333333333333333,0.050741820014725006
2166,892ab2c6667ffff,37,42.4199524152062,-82.9672714344534,0.26332693780722966,Outer Drive-Hayes,09,Queen St & Flanders St,ASSAULT,9,0.24324324324324326,0.050722537199657226
2167,892ab2ce83bffff,46,42.3288607428268,-83.1258510759246,0.10219180972639341,Claytown,04,Edward & Martin St,LARCENY,14,0.30434782608695654,0.050705023745417896
2168,892ab2cf04bffff,33,42.4003817947181,-83.2531845451256,0.3313642444306774,Brightmoor,08,Chapel St & Fenkell St,WEAPONS OFFENSES,7,0.21212121212121213,0.050533989121540446
2169,892ab2cf427ffff,22,42.408343851496,-83.21860029356895,0.5273969729257851,Crary/St Marys,08,Puritan St & Fenmore St,ASSAULT,8,0.36363636363636365,0.05050545395536925
2170,892ab2cf387ffff,17,42.3826622248877,-83.2367160585369,0.616126898609822,Brightmoor,06,Evergreen Rd & Evergreen/W I 96 Ramp,BURGLARY,3,0.17647058823529413,0.05047186101742841
2171,892ab2c0807ffff,19,42.4298624103197,-83.1022750587506,0.5792637220768471,Grixdale Farms,12,E Robinwood St & John R St,LARCENY,4,0.21052631578947367,0.050410063863122884
2172,892ab2ce9afffff,22,42.3123479295045,-83.0978785744809,0.5240345243745842,Central Southwest,04,Junction St & Amherst St,DAMAGE TO PROPERTY,6,0.2727272727272727,0.050320965618592756
2173,892ab2ced3bffff,28,42.3314243084761,-83.0952661775995,0.4166265964415638,Chadsey Condon,03,Roosevelt St & Michigan Ave,ASSAULT,6,0.21428571428571427,0.05031013991949084
2174,892ab2cf2abffff,35,42.3930538486362,-83.2602735602357,0.29035855708851704,Brightmoor,06,Dolphin St & Lyndon St,ASSAULT,9,0.2571428571428571,0.050244903752224956
2175,892ab2c6653ffff,28,42.4321265722706,-82.9726076149025,0.41459384993850834,Mapleridge,09,Saratoga St & Celestine St,ASSAULT,6,0.21428571428571427,0.05019860868987455
2176,892ab2c621bffff,31,42.409336750868,-82.9747328243057,0.36080381024003,Outer Drive-Hayes,09,Dickerson St & Chelsea Ave,AGGRAVATED ASSAULT,7,0.22580645161290322,0.05018847310081226
2177,892ab2ce0c7ffff,20,42.3917042134178,-83.157174562015,0.5562738859433548,Davison-Schoolcraft,10,Indiana St & Intervale St,ASSAULT,7,0.35,0.050129066717979134
2178,892ab2c6ecbffff,18,42.3801244203007,-82.9440936883047,0.591374697719618,Riverbend,05,Kercheval St & Ashland St,LARCENY,5,0.2777777777777778,0.050094167748073896
2179,892ab2c18b3ffff,39,42.4430699301256,-83.1711672697399,0.2153109717364061,Pembroke,12,Norfolk St & Manor St,AGGRAVATED ASSAULT,7,0.1794871794871795,0.05004881704908128
2180,892ab2c738fffff,16,42.4048963678509,-83.0299642251465,0.626207701602996,Airport Sub,11,Carrie St & Lynch Rd,DAMAGE TO PROPERTY,8,0.5,0.050044574893048435
2181,892ab2ceb23ffff,51,42.3054864367834,-83.1336806719918,-0.004992884895344567,Springwells,04,Mason & Elsmere St,ASSAULT,18,0.35294117647058826,0.05
2182,892ab2cd4b7ffff,15,42.3739939847371,-83.2622738810816,0.6416595243433295,West Outer Drive,06,Chatham St & Wadsworth St,BURGLARY,3,0.2,0.04991198190221639
2183,892ab2ca967ffff,16,42.4264351454042,-83.2520033833111,0.6236934745101157,Holcomb Community,08,Clarita St & Westbrook St,ASSAULT,3,0.1875,0.04990662614302869
2184,892ab2cf493ffff,49,42.4277518102294,-83.218037689073,0.033541948442656726,College Park,08,Fenmore St & Clarita St,AGGRAVATED ASSAULT,9,0.1836734693877551,0.049879570471247636
2185,892ab2ced03ffff,15,42.3355358225532,-83.0981075935695,0.6399976723127565,Chadsey Condon,03,Magnolia St & McKinley St,AGGRAVATED ASSAULT,6,0.4,0.049820800635820645
2186,892ab2c6323ffff,23,42.3832395514555,-82.9496674159738,0.49552661011019616,Riverbend,05,Charlevoix St & Marlborough St,DAMAGE TO PROPERTY,6,0.2608695652173913,0.04973720664941808
2187,892ab2c6033ffff,26,42.4057847722248,-82.9363347912204,0.44158742287596164,East English Village,05,Frankfort St & Kensington Ave,ASSAULT,7,0.2692307692307692,0.04971888774382708
2188,892ab2c4033ffff,36,42.3624317288489,-82.9887334081006,0.2626997097648206,East Village,07,Holcomb St & Kercheval St,LARCENY,9,0.25,0.04970773075910758
2189,892ab2cc053ffff,47,42.347041441493,-83.2173001419904,0.0659474237728077,Warrendale,06,Sawyer St & Rosemont Ave,ASSAULT,14,0.2978723404255319,0.04969678577746457
2190,892ab2cee57ffff,44,42.351825235242,-83.1539949144561,0.11917255849847587,Barton-McFarland,02,Ohio St & Tireman Ave,ASSAULT,16,0.36363636363636365,0.04967592657886439
2191,892ab2cab2fffff,29,42.4226491785798,-83.2724632711521,0.3849800366012758,Oak Grove District 1,08,Grand River Ave & Shiawassee Dr,ASSAULT,6,0.20689655172413793,0.04955417206943326
2192,892ab2cc3dbffff,36,42.3344015636418,-83.2265778028873,0.25978358182386657,Warrendale,06,Warwick St & Dayton St,ASSAULT,12,0.3333333333333333,0.049547730811015614
2193,892ab2cf5cfffff,39,42.406669860538,-83.2116958615723,0.20461800647967981,Crary/St Marys,08,Pilgrim St & Gilchrist St,STOLEN VEHICLE,9,0.23076923076923078,0.049462123350907765
2194,892ab2cec0bffff,29,42.3531766190088,-83.1204209462671,0.3829231259282905,Midwest,10,Seebaldt St & Beechwood St,ASSAULT,6,0.20689655172413793,0.04944131501803797
2195,892ab2cecabffff,35,42.3519619289068,-83.1105083165078,0.2755038417556927,Midwest,03,Moore Pl & W Grand Blvd,ASSAULT,12,0.34285714285714286,0.04942986623319371
2196,892ab2ce59bffff,46,42.3995485223426,-83.118953337872,0.07837897048026847,Oakman Blvd Community,10,Kendall St & 14th St,STOLEN PROPERTY,9,0.1956521739130435,0.04939847851816839
2197,892ab2cee23ffff,46,42.342817341221505,-83.1435132946007,0.07779542083280626,Claytown,04,Proctor St & Wheeler St,ASSAULT,10,0.21739130434782608,0.049366460748305904
2198,892ab2cec13ffff,39,42.3560283315806,-83.1171590193012,0.20279338662040813,Midwest,10,Firwood St & Seebaldt St,ASSAULT,7,0.1794871794871795,0.04936201145983774
2199,892ab2cf43bffff,44,42.4136390103999,-83.2242180088488,0.11312232034947602,North Rosedale Park,08,Greenview Ave & Grove St,FRAUD,9,0.20454545454545456,0.049343966593093896
2200,892ab2c762bffff,30,42.4299640966529,-83.0425719122693,0.360943247753772,Grant,11,E Hildale St & Gable St,ASSAULT,6,0.2,0.04921573149818188
2201,892ab2ce86bffff,41,42.3270602177332,-83.1391106479532,0.16299137769294797,Claytown,04,Baubee St & Saint Lawrence St,ASSAULT,10,0.24390243902439024,0.04913896862629948
2202,892ab2c0d33ffff,38,42.4297149579446,-83.0682732033267,0.21556445109306846,Conant Gardens,11,E Hildale St & Revere St,ASSAULT,9,0.23684210526315788,0.049082332609825426
2203,892ab2ca923ffff,21,42.4271143208507,-83.2406497292809,0.5192399460352612,Holcomb Community,08,Kentfield St & Clarita St,ASSAULT,13,0.6190476190476191,0.04907750808841735
2204,892ab2c7047ffff,21,42.4201417652256,-83.0316576870396,0.5191799850514395,Grant,11,Covert St & Concord St,ASSAULT,4,0.19047619047619047,0.04907421819356593
2205,892ab2c5243ffff,50,42.376166087751,-83.1174128378397,-0.22416637431549524,Dexter-Linwood,10,Wildemere St & W Boston Blvd,ASSAULT,11,0.22,0.04901960784313726
2206,892ab2c0b2fffff,45,42.4016112118229,-83.1111561421449,0.0883109967351072,Pilgrim Village,10,La Belle St & Thomson St,ASSAULT,12,0.26666666666666666,0.048963029421897966
2207,892ab2cc90fffff,35,42.2699884095257,-83.1608098133321,0.26656434930313355,Boynton,04,Conway St & S Fort St,AGGRAVATED ASSAULT,7,0.2,0.04893938078216439
2208,892ab2c407bffff,45,42.3628204211928,-83.0036568896648,0.08672206139790035,Islandview,07,Van Dyke St & Charlevoix St,ASSAULT,6,0.13333333333333333,0.04887584889462953
2209,892ab2c6e77ffff,19,42.3682278360747,-82.9372641635581,0.5510153712779764,Jefferson Chalmers,05,Essex Ave & Philip St,DAMAGE TO PROPERTY,5,0.2631578947368421,0.048860154273070944
2210,892ab2caba3ffff,24,42.430046302314,-83.2654019858082,0.460677663767828,Berg-Lahser,08,Cambridge Ave & Archer St,ASSAULT,6,0.25,0.04880553262854839
2211,892ab2cd597ffff,43,42.364584493922,-83.2447515270054,0.11877490383310207,Franklin Park,06,W Chicago St & Pierson St,ASSAULT,12,0.27906976744186046,0.048673716200336954
2212,892ab2cf15bffff,25,42.3863682450804,-83.2308527142191,0.4400425929711792,Westwood Park,06,Schoolcraft St & Grandville Ave,AGGRAVATED ASSAULT,3,0.12,0.048653735003896345
2213,892ab2c1b0fffff,35,42.4196231631304,-83.1981873851932,0.26089010309754074,Winship,12,Prest St & W Outer Dr,ASSAULT,8,0.22857142857142856,0.04862805044387379
2214,892ab2cc223ffff,49,42.3323269565613,-83.2337281289881,0.010347603086214118,Warrendale,06,Kirkwood St & Auburn St,ASSAULT,13,0.2653061224489796,0.048606960308661996
2215,892ab2ced17ffff,16,42.3368030413431,-83.0929546386999,0.5997622185424073,Chadsey Condon,03,Magnolia St & 23rd St,LARCENY,4,0.25,0.04859358371480234
2216,892ab2c753bffff,17,42.4198305564632,-82.9907846067843,0.5804767429476366,Gratiot-Findlay,09,Barlow St & Minden St,ASSAULT,6,0.35294117647058826,0.04851583468013604
2217,892ab2c6e63ffff,15,42.3674180550186,-82.9394941582885,0.6160736490679882,Jefferson Chalmers,05,Marlborough St & Essex Ave,DAMAGE TO PROPERTY,5,0.3333333333333333,0.048508155047279816
2218,892ab2cd5a3ffff,43,42.3555549498428,-83.245640492048,0.11429731794791383,Warrendale,06,Van Buren Ave & Burt Rd,AGGRAVATED ASSAULT,7,0.16279069767441862,0.04842804333422358
2219,892ab2cf3a7ffff,32,42.3741120075007,-83.2338802789709,0.31010640739326384,Weatherby,06,Wadsworth St & Auburn St,ASSAULT,7,0.21875,0.04838723770630409
2220,892ab2c5a0fffff,18,42.3166200517266,-83.0789298263627,0.5587487524050597,West Side Industrial,04,W Jefferson Ave & 23rd St,LARCENY,6,0.3333333333333333,0.04830407154431372
2221,892ab2c754bffff,33,42.4253237283771,-83.0078519958659,0.29000228758755897,Von Steuben,09,Gietzen St & Runyon St,LARCENY,7,0.21212121212121213,0.04826457190738484
2222,892ab2c19d7ffff,23,42.4331205809645,-83.1642742111769,0.46750372007783375,McDowell,12,Cambridge Ave & Griggs St,STOLEN VEHICLE,6,0.2608695652173913,0.048199667473719884
2223,892ab2c4603ffff,39,42.384363800967,-83.0148924580085,0.17978638087418086,Gratiot Town/Kettering,07,Seminole St & Medbury St,DAMAGE TO PROPERTY,6,0.15384615384615385,0.04809968010823604
2224,892ab2cd183ffff,33,42.3440507842749,-83.261213062599,0.28636107452847026,Far West Detroit,06,Majestic Ave & Bramell St,ASSAULT,8,0.24242424242424243,0.048064788526050964
2225,892ab2c5007ffff,30,42.3753031013447,-83.0736347729077,0.33987858028167245,North End,03,John R St & Marston St,ASSAULT,9,0.3,0.04805997092445071
2226,892ab2c6613ffff,49,42.4301787155699,-82.9604727273316,-0.018106876797487514,Mapleridge,09,Salter St & Park Grove St,DAMAGE TO PROPERTY,14,0.2857142857142857,0.048039215686274506
2227,892ab2cc293ffff,49,42.3504264765697,-83.2295763766551,-0.15164610559453395,Warrendale,06,Tireman St & Grandville Ave,ASSAULT,17,0.3469387755102041,0.048039215686274506
2228,892ab2ce39bffff,37,42.375751629832,-83.1620906392514,0.21306133013039769,Grand River-I96,02,Wadsworth St & Griggs St,ASSAULT,6,0.16216216216216217,0.047964601065869736
2229,892ab2c1857ffff,25,42.4431369282652,-83.1918528323191,0.42306567053668503,Schaefer 7/8 Lodge,12,Marlowe St & Norfolk St,ASSAULT,6,0.24,0.04772225779738126
2230,892ab2ca9cfffff,27,42.4400725704585,-83.2514302377156,0.387216184092031,Evergreen Lahser 7/8,08,Trojan St & Blackstone St,AGGRAVATED ASSAULT,7,0.25925925925925924,0.04771607904007226
2231,892ab2c61c7ffff,48,42.3972180138555,-82.9239624562307,0.011934383229262706,Cornerstone Village,05,Gravier St & Cadieux Rd,ASSAULT,11,0.22916666666666666,0.04771363042947082
2232,892ab2ca987ffff,44,42.4403931446989,-83.2368282602629,0.08338712772461523,O'Hair Park,08,Trojan St & Westmoreland Rd,ASSAULT,18,0.4090909090909091,0.047712478066933434
2233,892ab2ce92fffff,16,42.3062741368237,-83.10562308759481,0.5834826222088914,Delray,04,W Fort St & Crawford St,LARCENY,4,0.25,0.047700366880334986
2234,892ab2cf67bffff,24,42.411120798699,-83.2646242677237,0.4393011346729399,Riverdale,08,Bramell St & Verne St,LARCENY,7,0.2916666666666667,0.04763266106227218
2235,892ab2c1a17ffff,45,42.4392357775524,-83.2112162453755,0.0619981719164691,Greenfield,08,Fargo St & Asbury Park,ASSAULT,10,0.2222222222222222,0.04751931683782052
2236,892ab21b633ffff,17,42.2916361737133,-83.1129476807935,0.5617443925395961,Delray,04,S Westend St & Medina St,STOLEN PROPERTY,6,0.35294117647058826,0.0474880419516913
2237,892ab2c600bffff,29,42.4099376167601,-82.9468507126868,0.3465712023075696,Outer Drive-Hayes,09,Bedford St & King Richard St,ASSAULT,7,0.2413793103448276,0.04744678459614718
2238,892ab2cc937ffff,19,42.2666572840668,-83.1518931540043,0.5247942190834359,Boynton,04,Omaha St & S Bassett St,ASSAULT,5,0.2631578947368421,0.04742147151463698
2239,892ab2c1babffff,39,42.4200536949827,-83.1885224039419,0.1670248504353668,Winship,12,Hubbell St & W Outer Dr,ASSAULT,15,0.38461538461538464,0.04739948990769348
2240,892ab2c5373ffff,22,42.3548397782174,-83.0924120336256,0.46889508954463754,NW Goldberg,03,Stanley St & 16th St,FRAUD,5,0.22727272727272727,0.04729561594627154
2241,892ab2c557bffff,26,42.3769989966321,-83.055238646182,0.3968027950126591,Milwaukee Junction,07,Wetherbee St & E Grand Blvd,ASSAULT,5,0.19230769230769232,0.04726167795106938
2242,892ab2c50b3ffff,20,42.3782887031819,-83.0628539493078,0.5033619665328507,North End,03,S I 75 & Clay St,ASSAULT,6,0.3,0.0472259347119268
2243,892ab2c1873ffff,28,42.4380095216116,-83.1892049363857,0.35982937759340394,Schaefer 7/8 Lodge,12,Pembroke Ave & Strathmoor St,ASSAULT,8,0.2857142857142857,0.04719383218146315
2244,892ab2ce16fffff,18,42.3607383581946,-83.1450905655223,0.5376758882370669,Midwest,02,Dover St & American St,AGGRAVATED ASSAULT,4,0.2222222222222222,0.04714786124034301
2245,892ab2c0dd3ffff,34,42.4450632825529,-83.0752783978112,0.2508763142979604,Butler,11,Anglin St & E Winchester Ave,ASSAULT,9,0.2647058823529412,0.047098229139669656
2246,892ab2c183bffff,48,42.4364076146826,-83.1843114723153,-0.08296084902205038,Schaefer 7/8 Lodge,12,Ardmore St & Saint Martins Ave,ASSAULT,10,0.20833333333333334,0.047058823529411764
2247,892ab2c1913ffff,48,42.4277274050782,-83.1640852932361,-0.08326193377532298,Schulze,12,Margareta St & Ilene St,LARCENY,10,0.20833333333333334,0.047058823529411764
2248,892ab2ce02fffff,27,42.375900858855,-83.1537296564828,0.37492756122303444,Littlefield Community,02,Cherrylawn St & Elmhurst St,STOLEN VEHICLE,8,0.2962962962962963,0.04704183598182085
2249,892ab2c46dbffff,32,42.3940892336285,-83.019831385074,0.2832211849681396,Airport Sub,07,Maxwell St & Badger St,DAMAGE TO PROPERTY,7,0.21875,0.046912119234288896
2250,892ab2cd497ffff,22,42.3811135279128,-83.267308725103,0.46129842310436864,Castle Rouge,06,Hazelton St & Glendale St,ASSAULT,5,0.22727272727272727,0.04687880767834713
2251,892ab2ce173ffff,27,42.366530359944,-83.1421566565905,0.37174650531067066,Midwest,02,W Chicago St & Burnette St,LARCENY,5,0.18518518518518517,0.046867300162007214
2252,892ab2c638bffff,27,42.3953866724671,-82.9507613107865,0.37140164773659684,Morningside,05,Voight St & Maryland St,AGGRAVATED ASSAULT,4,0.14814814814814814,0.046848378772044855
2253,892ab2c66d3ffff,28,42.4390847542007,-82.96556289366426,0.3520199539559912,Regent Park,09,Hayes St & Novara St,BURGLARY,4,0.14285714285714285,0.046765350509220246
2254,892ab2c1b2fffff,41,42.4113159265754,-83.1930451308714,0.11737366954108047,Hubbell-Puritan,02,Florence St & Coyle St,ASSAULT,6,0.14634146341463414,0.04663605000127319
2255,892ab2c761bffff,31,42.4407791073618,-83.0462210648109,0.2955062383793244,Farwell,11,E Outer Dr & Caldwell St,ASSAULT,8,0.25806451612903225,0.046605774289309995
2256,892ab2cf623ffff,35,42.407560800763,-83.2522077152985,0.22368699468533113,Miller Grove,08,Pilgrim St & Bentler St,ASSAULT,12,0.34285714285714286,0.046586817845256714
2257,892ab2cf06fffff,35,42.3884985779629,-83.2454792537194,0.2219995686506338,Brightmoor,06,Braile St & Kendall St,AGGRAVATED ASSAULT,5,0.14285714285714285,0.046494233403343556
2258,892ab2c6e6bffff,21,42.3663951771353,-82.9447667509153,0.4699932604191078,Jefferson Chalmers,05,Newport St & Victoria Park Dr,LARCENY,9,0.42857142857142855,0.04637547741561076
2259,892ab2cf553ffff,38,42.4065542719894,-83.2164497037436,0.16145260606368114,Crary/St Marys,08,Pilgrim St & Archdale St,ASSAULT,12,0.3157894736842105,0.04611336397361731
2260,892ab2c6567ffff,47,42.4045033046714,-82.9163590385836,-0.1474926509354715,Cornerstone Village,05,Washington Rd & Mack Ave,LARCENY,15,0.3191489361702128,0.046078431372549015
2261,892ab2c1813ffff,24,42.4451483616236,-83.183436841507,0.4095942774341394,Schaefer 7/8 Lodge,12,Lesure St & W 8 Mile Rd,FRAUD,5,0.20833333333333334,0.04600272722108803
2262,892ab2cabdbffff,23,42.441777702659,-83.2840099313923,0.42562101419512116,Five Points,08,Shiawassee Dr & Winston St,LARCENY,7,0.30434782608695654,0.04590167818694226
2263,892ab2c634fffff,23,42.3884327811355,-82.9670082213918,0.42524624321271437,Fox Creek,05,Dickerson St & E Canfield St,AGGRAVATED ASSAULT,4,0.17391304347826086,0.045881115530246264
2264,892ab2ce1abffff,34,42.3686341971826,-83.1301658382634,0.2277511983658263,Nardin Park,10,Ravenswood St & Yosemite St,ASSAULT,7,0.20588235294117646,0.045829417405863576
2265,892ab2c50dbffff,21,42.387468524141,-83.0810853842763,0.4585558819935418,Arden Park,03,John R St & Arden Park Blvd,LARCENY,6,0.2857142857142857,0.04574793980702419
2266,892ab2c5627ffff,25,42.3834781119824,-83.089517585066,0.3861260514085042,Boston Edison,10,Longfellow St & 3rd St,LARCENY,7,0.28,0.04569548213365217
2267,892ab21b6c7ffff,27,42.3019151224163,-83.1198707657038,0.34905097435226445,Central Southwest,04,Springwells St & S I 75 Service Drive,ASSAULT,6,0.2222222222222222,0.04562205857837605
2268,892ab2ce587ffff,31,42.3960725485238,-83.1165907405161,0.2774396397809311,Oakman Blvd Community,10,Clements St & 14th St,STOLEN VEHICLE,7,0.22580645161290322,0.04561450953808112
2269,892ab2c1d2bffff,23,42.436132475305,-83.1544450940195,0.4202848048955256,Oak Grove District 2,12,S Saint Martins Ave & Roselawn St,ASSAULT,5,0.21739130434782608,0.045608895007249586
2270,892ab2cee4bffff,24,42.3524173644725,-83.1639430635393,0.4014379779493684,Aviation Sub,02,Pinehurst St & Tireman Ave,ASSAULT,10,0.4166666666666667,0.045555213421758986
2271,892ab2c75a7ffff,29,42.4205543748834,-82.9771036469908,0.30894076487804084,Eden Gardens,09,Newport St & Jane St,WEAPONS OFFENSES,4,0.13793103448275862,0.0453821056255006
2272,892ab2cc09bffff,21,42.3526074632427,-83.2040413646498,0.45123912428460644,Warren Ave Community,06,Belton St & Saint Marys St,ASSAULT,6,0.2857142857142857,0.04534648936406174
2273,892ab2cc44fffff,20,42.3633130711399,-83.2105187364439,0.46906336246791086,Joy Community,06,Abington Ave & Westfield St,ASSAULT,6,0.3,0.045344064306672205
2274,892ab2cec1bffff,36,42.356830693857,-83.1177239397178,0.18168733448549962,Midwest,10,Firwood St & Allendale St,DAMAGE TO PROPERTY,8,0.2222222222222222,0.04526280375249006
2275,892ab2ced2fffff,31,42.3254432077056,-83.0927150231112,0.2703657138987131,Central Southwest,04,Vinewood St & Toledo St,DAMAGE TO PROPERTY,8,0.25806451612903225,0.045226382611938426
2276,892ab2c620fffff,46,42.4043348331796,-82.9744678318567,-0.05885198235316039,Outer Drive-Hayes,09,Wade St & Dickerson St,ASSAULT,10,0.21739130434782608,0.045098039215686274
2277,892ab2ce683ffff,46,42.4119875452447,-83.1686737418702,-0.16678740614573134,Harmony Village,12,Florence St & Manor St,ASSAULT,8,0.17391304347826086,0.045098039215686274
2278,892ab2c7163ffff,44,42.39793125661,-83.01009064820505,0.03424342846183234,Airport Sub,07,Vinton Ave & Edgewood Ave,ASSAULT,8,0.18181818181818182,0.04501609797308879
2279,892ab2ceed7ffff,30,42.3592008663891,-83.1463032358296,0.2838493713977849,Midwest,02,Joy Rd & Central St,LARCENY,6,0.2,0.044985801788331364
2280,892ab2c75afffff,27,42.4204876143761,-82.9824860388556,0.336847823891776,Eden Gardens,09,Filbert St & Dickerson St,ASSAULT,5,0.18518518518518517,0.04495250515693122
2281,892ab2c6243ffff,32,42.409334938265,-82.9841299069008,0.24744863837704334,Wade,09,Annsbury Ave & Promenade Ave,ASSAULT,8,0.25,0.04494937764215544
2282,892ab2c1a8bffff,37,42.4443441612703,-83.2137788592546,0.15274843697229448,Greenfield,08,Gilchrist St & W 8 Mile Rd,ASSAULT,8,0.21621621621621623,0.04465539791361849
2283,892ab2c45d7ffff,22,42.3780184716362,-82.9641181130458,0.4187706804947675,Riverbend,05,Charlevoix St & Conner St,LARCENY,7,0.3181818181818182,0.044545426994172244
2284,892ab2c439bffff,32,42.3541863547423,-83.0005361487407,0.23959700030769404,West Village,07,Agnes St & Seyburn St,LARCENY,9,0.28125,0.04451857977972632
2285,892ab2cd5b3ffff,31,42.3591778091307,-83.2444868513854,0.2564821198445571,Franklin Park,06,Dover St & Braile St,DAMAGE TO PROPERTY,7,0.22580645161290322,0.044464627855983443
2286,892ab2c1ba7ffff,32,42.4165890608922,-83.1809516481375,0.2369410248043944,Winship,12,Tracey St & W McNichols Rd,LARCENY,10,0.3125,0.04437285368290683
2287,892ab2ce90fffff,35,42.3132506801924,-83.1097657818146,0.17924935934487143,Central Southwest,04,Livernois Ave & Cadet St,LARCENY,12,0.34285714285714286,0.044148646581249236
2288,892ab2c5343ffff,36,42.3587217147843,-83.0976723626458,0.16045986626457057,NW Goldberg,03,Marquette St & Linwood St,ASSAULT,10,0.2777777777777778,0.04409811074784725
2289,892ab2cd19bffff,24,42.3463909736826,-83.2626716737639,0.37391153740856375,Far West Detroit,06,Sawyer St & Beaverland St,ASSAULT,8,0.3333333333333333,0.04404491306907811
2290,892ab2c628bffff,37,42.4122184141735,-82.9692915552078,0.1410377292422494,Outer Drive-Hayes,09,Chalmers St & Chelsea Ave,ASSAULT,10,0.2702702702702703,0.044012863475189686
2291,892ab2cf047ffff,18,42.3978828352149,-83.2447160497829,0.4786674521292926,Brightmoor,06,Braile St & W Outer Dr,STOLEN VEHICLE,5,0.2777777777777778,0.04391023007140897
2292,892ab2c5a67ffff,19,42.3126177593012,-83.0815940163302,0.46041331168005795,West Side Industrial,04,W Jefferson Ave & W Grand Blvd,WEAPONS OFFENSES,5,0.2631578947368421,0.04388906756967002
2293,892ab2c0823ffff,15,42.4236980808735,-83.102023261826,0.5317141974634417,Grixdale Farms,12,John R St & W Montana St,ASSAULT,3,0.2,0.043879583135795486
2294,892ab2c458bffff,28,42.3763298147556,-82.9604677283118,0.29891202318127336,Riverbend,05,Algonquin St & E Vernor Hwy,ASSAULT,4,0.14285714285714285,0.04385146389680816
2295,892ab2c8dafffff,20,42.4074480888089,-83.2761959285295,0.440969607849979,Riverdale,08,Puritan St & Woodbine St,ASSAULT,5,0.25,0.04380263698537743
2296,892ab2cc077ffff,28,42.3398413498682,-83.2108667065173,0.29790653599353417,Warren Ave Community,06,Memorial St & Whitlock St,STOLEN VEHICLE,6,0.21428571428571427,0.04379629557048542
2297,892ab2c7093ffff,29,42.430605509183,-83.0129447054804,0.27978833627462835,Mount Olivet,09,Blackmoor St & Linnhurst St,LARCENY,8,0.27586206896551724,0.04378259176405635
2298,892ab2c194fffff,26,42.4238772327635,-83.1777907394604,0.3328532662049413,Schulze,12,Curtis St & Snowden St,LARCENY,7,0.2692307692307692,0.04375294256739712
2299,892ab2cf60bffff,30,42.4137518370902,-83.2623188649282,0.2612016839473459,Oak Grove District 1,08,Dolphin St & Wyman St,ASSAULT,10,0.3333333333333333,0.04374318524686101
2300,892ab2cd587ffff,30,42.3609356872371,-83.2470653068978,0.2610074040641951,Franklin Park,06,Burt Rd & Cathedral St,ASSAULT,9,0.3,0.04373252564212182
2301,892ab2c1abbffff,23,42.4410954673551,-83.2056957295766,0.3822508749042704,Greenfield,08,Fargo St & Prevost St,ASSAULT,4,0.17391304347826086,0.04352207750556496
2302,892ab2c638fffff,32,42.3933476322626,-82.9481348441499,0.22043923317772923,Morningside,05,Lakepointe St & Waveney St,LARCENY,7,0.21875,0.0434674456016595
2303,892ab2c1993ffff,34,42.4350087204464,-83.1567384224999,0.18396681102343,Bagley,12,Cambridge Ave & Wisconsin St,STOLEN VEHICLE,7,0.20588235294117646,0.04342708806919866
2304,892ab2cab57ffff,19,42.4349756833041,-83.2851031623576,0.4511932670172427,Five Points,08,Frisbee St & Grandview St,ASSAULT,7,0.3684210526315789,0.04338318898775381
2305,892ab2ce1b3ffff,39,42.3735524208394,-83.1234606498914,0.09220191936632575,Nardin Park,10,Holmur St & W Boston Blvd,ASSAULT,9,0.23076923076923078,0.04329416074191656
2306,892ab2ce897ffff,19,42.3393607749276,-83.1150824709249,0.4491577395089723,Chadsey Condon,04,Horatio St & 32nd St,BURGLARY,6,0.3157894736842105,0.043271505172003094
2307,892ab2ce8cfffff,26,42.3386277066493,-83.13276084585985,0.32364704077993456,Claytown,04,McGraw St & Martin St,LARCENY,4,0.15384615384615385,0.043247822209186035
2308,892ab2cf103ffff,19,42.3820773984476,-83.2160319122607,0.44862313958319094,Schoolcraft Southfield,06,Archdale St & Glendale St,ASSAULT,8,0.42105263157894735,0.04324217313921615
2309,892ab2ced07ffff,36,42.3342073748798,-83.0942853258087,0.14324758501050897,Chadsey Condon,03,25th St & Ash St,ASSAULT,7,0.19444444444444445,0.04315372004793398
2310,892ab2c656fffff,44,42.4044722699561,-82.922752575186,-0.11057388359315157,Cornerstone Village,05,Munich St & Neff Ave,ASSAULT,11,0.25,0.043137254901960784
2311,892ab2cf2c7ffff,44,42.4001103491788,-83.2701058705371,-0.17001256622552852,Brightmoor,08,Fenkell St & Riverdale Ave,AGGRAVATED ASSAULT,11,0.25,0.043137254901960784
2312,892ab2c532bffff,19,42.3480103686233,-83.0880139758897,0.44487383056392815,Woodbridge,03,15th St & W Warren Ave,LARCENY,8,0.42105263157894735,0.043036458828798564
2313,892ab2ce52bffff,38,42.3829137160514,-83.1262632693766,0.10532738548070102,Nardin Park,10,Richton St & Dexter Ave,DAMAGE TO PROPERTY,10,0.2631578947368421,0.04303392693870132
2314,892ab2ce88bffff,15,42.3385406520849,-83.1257201854092,0.5147788889600382,Claytown,04,Livernois Ave & Hanson St,AGGRAVATED ASSAULT,5,0.3333333333333333,0.04295038917163094
2315,892ab2c6337ffff,20,42.382249348153,-82.9443948741108,0.4241637445864145,Riverbend,05,E Vernor Hwy & Alter Rd,ASSAULT,6,0.3,0.04288054532676133
2316,892ab2cec47ffff,24,42.352606998532,-83.1264297617347,0.3506816049896322,Midwest,10,Northfield St & Allendale St,ASSAULT,6,0.25,0.042770350341904684
2317,892ab2c08cfffff,25,42.4362706856265,-83.1083278252941,0.33108345489748764,Penrose,12,Annin St & Blake St,DAMAGE TO PROPERTY,8,0.32,0.04267544571449264
2318,892ab2ce18fffff,25,42.3739654717281,-83.1305010164247,0.3293797515660556,Nardin Park,10,Broadstreet Ave & Collingwood St,ASSAULT,7,0.28,0.04258196818191769
2319,892ab2cf043ffff,23,42.4005254699429,-83.2471074428139,0.36349283762048185,Brightmoor,08,Fenkell St & Burt Rd,ASSAULT,5,0.21739130434782608,0.04249287540864616
2320,892ab2cab27ffff,25,42.4220350038367,-83.2709851647948,0.3265191252833195,Seven Mile-Rouge,08,Grand River Ave & Codding St,ASSAULT,5,0.2,0.042425013457702616
2321,892ab2ceea3ffff,34,42.3486857096917,-83.1367079993483,0.16150897995237323,Midwest,02,Rangoon St & Clifton St,ASSAULT,15,0.4411764705882353,0.04219488842693889
2322,892ab2c5e47ffff,15,42.339532409687,-83.0740011276707,0.5006285067281809,North Corktown,03,Cochrane St & Ash St,LARCENY,7,0.4666666666666667,0.04217399647953322
2323,892ab2cc917ffff,43,42.2728934929036,-83.1538563474341,-0.0027141029620021714,Boynton,04,Miami St & S Liddesdale St,ASSAULT,12,0.27906976744186046,0.04215686274509804
2324,892ab2ce8cbffff,43,42.3414156473176,-83.1358205669324,-0.03774492688609621,Claytown,04,Kirkwood St & Larkins St,ASSAULT,11,0.2558139534883721,0.04215686274509804
2325,892ab2cf18fffff,34,42.3845642938628,-83.2112873633413,0.15599129753581062,Schoolcraft Southfield,06,Abington Ave & W Davison St,ASSAULT,8,0.23529411764705882,0.04189214831466893
2326,892ab2c422fffff,40,42.352928962233,-83.0232277856845,0.04848975339220652,Elmwood Park,07,E Vernor Hwy & Elmwood St,ASSAULT,12,0.3,0.041876186150659696
2327,892ab2cea07ffff,19,42.3286812294522,-83.1542779337627,0.42056331451979573,Claytown,04,Wyoming Ave & Michigan Ave,ASSAULT,5,0.2631578947368421,0.041702607439590436
2328,892ab2ce8dbffff,37,42.3448330214063,-83.1335438005083,0.09843331657345494,Midwest,02,Cicotte St & W Warren Ave,FRAUD,22,0.5945945945945946,0.04167527611499114
2329,892ab2c45b3ffff,32,42.3708337730401,-82.950437515419,0.18744579526995328,Jefferson Chalmers,05,E Jefferson Ave & Coplin St,LARCENY,8,0.25,0.04165718608647077
2330,892ab2cc087ffff,33,42.3483948650999,-83.1989200269632,0.16899321696127212,Warren Ave Community,06,Diversey & Greenfield,ASSAULT,10,0.30303030303030304,0.041625135843228765
2331,892ab2cf073ffff,29,42.3957221882324,-83.2424268935288,0.24012127714308568,Brightmoor,06,Eaton St & Stout St,ASSAULT,5,0.1724137931034483,0.04160616894224712
2332,892ab2cc3c3ffff,25,42.3324367421573,-83.2216218710968,0.31096567653168383,Warrendale,06,Kirkwood St & Greenview Ave,DAMAGE TO PROPERTY,6,0.24,0.04157163835095107
2333,892ab21b6d3ffff,18,42.3079726479849,-83.1214304493496,0.4322639712786723,Springwells,04,Central St & Lane St,AGGRAVATED ASSAULT,4,0.2222222222222222,0.041364198251914466
2334,892ab2c6573ffff,35,42.4102157421996,-82.9185693017512,0.1262797369070217,Cornerstone Village,05,Radnor St & E Warren Ave,ASSAULT,11,0.3142857142857143,0.04124234856822911
2335,892ab2cee97ffff,36,42.3565903290632,-83.1367795352784,0.10789990259455708,Midwest,10,Military & Linsdale St,LARCENY,7,0.19444444444444445,0.04121428958869513
2336,892ab2cf573ffff,42,42.3986690332776,-83.2125570254792,-0.04090505609018779,Grand River-St Marys,08,Grand River Ave & Oakfield St,DAMAGE TO PROPERTY,6,0.14285714285714285,0.041176470588235294
2337,892ab2cecdbffff,25,42.3635551534606,-83.1230745291479,0.3013633436015217,Petoskey-Otsego,10,Petoskey Ave & Mackinaw St,DAMAGE TO PROPERTY,5,0.2,0.04104478465951629
2338,892ab2c562bffff,20,42.3852948215366,-83.0946149707683,0.3843893628131258,Gateway Community,10,Glynn Ct & Hamilton Ave,LARCENY,6,0.3,0.040698234005731165
2339,892ab2c8d97ffff,25,42.4193715560545,-83.2775876640883,0.2937879391129077,Oak Grove District 1,08,Telegraph Rd & Bennett St,DAMAGE TO PROPERTY,8,0.32,0.04062914297660803
2340,892ab2cd573ffff,20,42.3551220458788,-83.263575441642,0.3809593791146241,Far West Detroit,06,Parkland St & Beaverland St,ASSAULT,8,0.4,0.04051004020051114
2341,892ab2c721bffff,19,42.418816630466,-83.0559219957093,0.39554762748677225,Davison,11,Hasse St & E McNichols Rd,ASSAULT,8,0.42105263157894735,0.040330065250834726
2342,892ab2ca92bffff,24,42.4269810710346,-83.2462960422252,0.3040438638861921,Holcomb Community,08,Pierson St & Clarita St,ASSAULT,9,0.375,0.04021146530435867
2343,892ab2ce8b3ffff,17,42.33445635225,-83.1163826610604,0.4290203566772959,Chadsey Condon,04,N Campbell St & Buchanan St,LARCENY,5,0.29411764705882354,0.0402058378514222
2344,892ab2c6233ffff,41,42.4039048230403,-82.9671940006434,-0.3326606195241686,Outer Drive-Hayes,09,Newport St & Harper Ave,LARCENY,9,0.21951219512195122,0.040196078431372545
2345,892ab2c6437ffff,41,42.4229801012286,-82.923676094586,-0.21612066868738283,Cornerstone Village,05,Mallina St & Kingsville Ave,ASSAULT,12,0.2926829268292683,0.040196078431372545
2346,892ab2c0e3bffff,27,42.4432261456162,-83.1224841613545,0.24938451990342433,State Fair,12,W M 1 Service Drive & Woodward Ave,ASSAULT,8,0.2962962962962963,0.04015363337165895
2347,892ab2c1a73ffff,29,42.4354060506193,-83.2219689094988,0.21314635258363523,O'Hair Park,08,Ashton Ave & Saint Martins Ave,ASSAULT,9,0.3103448275862069,0.04012612875996181
2348,892ab2c666fffff,31,42.418303685395,-82.9710240432499,0.17669358068567773,Outer Drive-Hayes,09,Leroy Ave & Wilfred St,LARCENY,6,0.1935483870967742,0.04008684938321237
2349,892ab2c408fffff,22,42.37027518456,-82.9892467158791,0.33742190716871084,East Village,05,Cadillac Blvd & Charlevoix St,ASSAULT,4,0.18181818181818182,0.04008204274867297
2350,892ab2c73afffff,22,42.3968427579898,-83.0228292868273,0.3372888596815639,Airport Sub,11,Van Dyke St & Roland St,ASSAULT,6,0.2727272727272727,0.04007474279768717
2351,892ab2c1b87ffff,34,42.42547530374085,-83.1856365185006,0.12279140776693212,Winship,12,Pickford St & Freeland St,ASSAULT,11,0.3235294117647059,0.04007056135166969
2352,892ab2ce88fffff,24,42.33691212522855,-83.1216391886856,0.3012391198652043,Chadsey Condon,04,G A R St & Hammond St,ASSAULT,6,0.25,0.04005757668669312
2353,892ab2cf217ffff,16,42.3953930667967,-83.2615882927552,0.4425818795671073,Brightmoor,06,Lamphere St & Eaton St,ASSAULT,7,0.4375,0.03996952928840479
2354,892ab2ce453ffff,25,42.4122079612793,-83.1557450941248,0.28167757435990576,Fitzgerald/Marygrove,12,Ohio St & Florence St,ASSAULT,5,0.2,0.03996468045264168
2355,892ab2c66c7ffff,38,42.433103537519,-82.9630111504228,0.047831301992494475,Mapleridge,09,Hayes St & Saratoga St,ASSAULT,9,0.23684210526315788,0.03987927441320377
2356,892ab2cf19bffff,30,42.3891811935979,-83.2133379793364,0.19077764784486412,Grandmont,08,Rutland St & Kendall St,LARCENY,11,0.36666666666666664,0.03987921139215499
2357,892ab2c62d3ffff,30,42.4182156510473,-82.9755251817814,0.1880519591846128,Eden Gardens,09,Chalmers St & Wilfred St,LARCENY,4,0.13333333333333333,0.03972966032547154
2358,892ab2ce193ffff,29,42.3793347739816,-83.129380378622,0.2052518761050059,Nardin Park,10,Elmhurst St & Petoskey Ave,ASSAULT,11,0.3793103448275862,0.03969298047141974
2359,892ab2ce31bffff,37,42.3707917084779,-83.1705226842941,0.06210369585664053,Barton-McFarland,02,Elmira St & Steel St,DAMAGE TO PROPERTY,7,0.1891891891891892,0.03968196939231368
2360,892ab2c40a3ffff,26,42.3650113283153,-82.9832126570581,0.25829230437873246,East Village,05,Kercheval St & Hurlbut St,LARCENY,5,0.19230769230769232,0.03966198693601359
2361,892ab2c50a7ffff,31,42.374080461166,-83.0629298659816,0.1680765005411365,Milwaukee Junction,03,Melrose St & E Grand Blvd,ASSAULT,6,0.1935483870967742,0.03961405381191111
2362,892ab2c6acbffff,18,42.360621430008,-82.9528578393664,0.3991580055449944,Jefferson Chalmers,05,Conner St & Avondale St,ASSAULT,6,0.3333333333333333,0.03954776464331565
2363,892ab2c0a43ffff,28,42.4297540118627,-83.1457293983788,0.21770070532336833,Bagley,12,Monica St & Clarita St,BURGLARY,6,0.21428571428571427,0.03939562145613176
2364,892ab2c426fffff,19,42.3551866804664,-83.0338100981893,0.3780676738093877,Eastern Market,07,Chene St & Scott St,FRAUD,6,0.3157894736842105,0.03937098809864484
2365,892ab2ce20fffff,31,42.3811012971045,-83.1881766848726,0.1629682660036583,Schoolcraft Southfield,02,Marlowe St & W I 96 Service Drive,ASSAULT,6,0.1935483870967742,0.039333778982621304
2366,892ab2cf183ffff,32,42.3868285915546,-83.2103575285168,0.14437349777877162,Grandmont,08,Grandmont Ave & Schoolcraft St,ASSAULT,8,0.25,0.039293927168367083
2367,892ab2c1983ffff,20,42.4313945056671,-83.1576917985451,0.35855388131491933,Bagley,12,Wisconsin St & W 7 Mile Rd,LARCENY,4,0.2,0.0392807119414243
2368,892ab2cc06bffff,40,42.336093647393,-83.2193053268717,-0.2884380545167272,Warrendale,06,Penrod St & Paul Dr,ASSAULT,13,0.325,0.0392156862745098
2369,892ab2cc38bffff,40,42.3291187890054,-83.2160191433578,-0.5408684229563039,Warrendale,06,Ford Rd & S M 39 Service Drive,LARCENY,17,0.425,0.0392156862745098
2370,892ab2c5857ffff,17,42.325586731639,-83.0527285319535,0.40991287162933954,Downtown,03,Wayne St & 3rd St,LARCENY,6,0.35294117647058826,0.039157462513390584
2371,892ab2cc987ffff,27,42.2764029357311,-83.1491902381618,0.22788345414238867,Boynton,04,S Annabelle St & Toronto St,ASSAULT,5,0.18518518518518517,0.03897392881982016
2372,892ab2ce98fffff,28,42.3198301345242,-83.1029326348034,0.20845235467901407,Central Southwest,04,Junction St & Romeyn St,ASSAULT,8,0.2857142857142857,0.038888189802584724
2373,892ab2c6a8bffff,34,42.3581314240579,-82.9432732155039,0.09947969429383303,Jefferson Chalmers,05,Scripps St & Lenox St,LARCENY,10,0.29411764705882354,0.03879151152218571
2374,892ab2c606fffff,34,42.4020614618036,-82.9510435489828,0.09620611570707827,Morningside,05,Nottingham Rd & Frankfort St,ASSAULT,10,0.29411764705882354,0.038611899236798676
2375,892ab2ce947ffff,22,42.3159463250036,-83.1161715708023,0.30954565473355156,Springwells,04,W Vernor Hwy & Dix St,ASSAULT,7,0.3181818181818182,0.03855254917605388
2376,892ab2cc9abffff,28,42.2709560508152,-83.1522487822717,0.20070642614849815,Boynton,04,Miami St & S Deacon St,ASSAULT,8,0.2857142857142857,0.038463191932840646
2377,892ab2c4023ffff,22,42.3592955401576,-82.990130329075,0.3077408695813627,East Village,07,Agnes St & Hibbard St,LARCENY,10,0.45454545454545453,0.03845352556100189
2378,892ab2ce26bffff,39,42.3770645821488,-83.1981344035465,0.0037149239081415374,Plymouth-I96,02,Greenfield Rd & Capitol St,DAMAGE TO PROPERTY,7,0.1794871794871795,0.03843912181125429
2379,892ab2ce26fffff,39,42.3748431062983,-83.1944112557886,-0.13448742356355436,Plymouth-Hubbell,02,Sussex & Castleton St,ASSAULT,9,0.23076923076923078,0.03823529411764706
2380,892ab2ceeabffff,39,42.3474963220758,-83.1407266484619,-0.07597587978235416,Midwest,02,Burnette St & Majestic St,ASSAULT,12,0.3076923076923077,0.03823529411764706
2381,892ab219693ffff,34,42.262065438837055,-83.1615434544925,0.0877750863877117,Boynton,04,S Liddesdale St & Gleason St,AGGRAVATED ASSAULT,7,0.20588235294117646,0.03814931176437824
2382,892ab2ce29bffff,16,42.3947488890189,-83.181942821275,0.4077238599247814,Grand River-I96,02,Lyndon St & Stansbury St,ASSAULT,3,0.1875,0.038056965283570235
2383,892ab2ceaafffff,18,42.3268538544675,-83.1474345395668,0.37132995006008623,Claytown,04,Arnold St & Cabot St,ASSAULT,10,0.5555555555555556,0.038020915505266824
2384,892ab2d5bc7ffff,16,42.44897122597125,-82.9831814244509,0.40640626473314334,Mohican Regent,09,Reno St & Carlisle St,ASSAULT,3,0.1875,0.03798467244644617
2385,892ab2c7257ffff,29,42.4187499213382,-83.0613841827093,0.17332934640609302,Davison,11,E McNichols Rd & Shields St,DAMAGE TO PROPERTY,8,0.27586206896551724,0.037941478754687986
2386,892ab2cec67ffff,37,42.3445952632325,-83.1192068035707,0.03000886063913068,Chadsey Condon,10,32nd St & Vancourt St,LARCENY,6,0.16216216216216217,0.03792101374400221
2387,892ab2cc057ffff,21,42.3466041191292,-83.2138249784144,0.3124198289273459,Warren Ave Community,06,Sawyer St & Longacre St,AGGRAVATED ASSAULT,7,0.3333333333333333,0.03772985508015615
2388,892ab2c619bffff,27,42.4029640790867,-82.9171910212624,0.20500273888223233,Cornerstone Village,05,Marseilles St & Mack Ave,DAMAGE TO PROPERTY,7,0.25925925925925924,0.03771852668107365
2389,892ab2cf227ffff,21,42.38607780858,-83.2600592013439,0.31135985099670965,Brightmoor,06,Dacosta St & Schoolcraft St,STOLEN PROPERTY,10,0.47619047619047616,0.03767169699610963
2390,892ab2c5307ffff,19,42.353519136958,-83.082779373017,0.3444782552097193,Woodbridge,03,Merrick St & Avery St,LARCENY,10,0.5263157894736842,0.03752802875625462
2391,892ab2ce9b3ffff,22,42.31757426156925,-83.09474371238575,0.28909137517204087,Central Southwest,04,Clark St & Christiancy St,ASSAULT,6,0.2727272727272727,0.0374302789141292
2392,892ab2c1d0bffff,17,42.4457009289519,-83.1582388628748,0.3778008414867742,Garden Homes,12,Norfolk St & Wisconsin St,ASSAULT,5,0.29411764705882354,0.03739556342666625
2393,892ab2cc043ffff,38,42.3470104509445,-83.2196979974681,-0.1345682794594141,Warrendale,06,Penrod St & Sawyer St,ASSAULT,16,0.42105263157894735,0.03725490196078431
2394,892ab2cc497ffff,38,42.3704872327399,-83.1852193352245,-0.1941620454999141,Plymouth-Hubbell,02,Elmira St & Mark Twain St,FRAUD,7,0.18421052631578946,0.03725490196078431
2395,892ab2cf59bffff,38,42.409601940965,-83.2018302333963,-0.05013769025425217,Crary/St Marys,08,Puritan St & Forrer St,ASSAULT,7,0.18421052631578946,0.03725490196078431
2396,892ab2ce093ffff,27,42.3980776545439,-83.1468698480804,0.1956087769022655,Chalfonte,10,Eaton St & Tuller St,ASSAULT,11,0.4074074074074074,0.03720310573260838
2397,892ab2c5357ffff,22,42.3585488512218,-83.0939742002192,0.28470466960223084,NW Goldberg,03,Marquette St & 16th St,BURGLARY,5,0.22727272727272727,0.0371895924018513
2398,892ab2c4063ffff,26,42.3601045993595,-83.002308628404,0.20961679337535702,Islandview,07,Seyburn St & E Vernor Hwy,STOLEN VEHICLE,7,0.2692307692307692,0.036991295048831765
2399,892ab2cf14bffff,32,42.3839975853782,-83.2331222675493,0.09766052548453624,Schoolcraft Southfield,06,Minock St & W Davison St,AGGRAVATED ASSAULT,10,0.3125,0.03673091440156301
2400,892ab2c468bffff,21,42.3889890800143,-83.0103313130322,0.2928362269681522,Gratiot Town/Kettering,07,Lambert St & Crane St,ASSAULT,5,0.23809523809523808,0.03665535651206532
2401,892ab2ced73ffff,23,42.3337934892875,-83.1036489450134,0.25674315164063605,Chadsey Condon,04,Magnolia St & Lovett St,DAMAGE TO PROPERTY,4,0.17391304347826086,0.03663581270034072
2402,892ab2c456fffff,18,42.3616970846522,-82.9723137192283,0.3449180951875482,Marina District,05,Lemay Ave & Lisette St,LARCENY,8,0.4444444444444444,0.03657176941353664
2403,892ab2ce2b7ffff,23,42.3833812694317,-83.1696518214045,0.2548530770794846,Grand River-I96,02,W Buena Vista St & Meyers Rd,ASSAULT,5,0.21739130434782608,0.03653210948916568
2404,892ab2c5247ffff,18,42.3741086910887,-83.1153933455036,0.33990535117646525,Dexter-Linwood,10,Longfellow St & Genessee St,DAMAGE TO PROPERTY,6,0.3333333333333333,0.03629673388772593
2405,892ab2c195bffff,37,42.4292996793268,-83.1792130588405,-0.048417087343241995,Schulze,12,Hartwell St & Clarita St,ASSAULT,9,0.24324324324324326,0.03627450980392157
2406,892ab2c469bffff,37,42.3926824956385,-83.0086938587651,-0.08014574161164544,Airport Sub,07,Harper Ave & Raymond Ave,ASSAULT,7,0.1891891891891892,0.03627450980392157
2407,892ab2ce817ffff,37,42.3336755344288,-83.1227113964907,-0.21436227634226165,Claytown,04,Morton St & Livernois Ave,ASSAULT,9,0.24324324324324326,0.03627450980392157
2408,892ab2cec63ffff,37,42.3482070341475,-83.1242922689086,-0.03949864309008696,Midwest,10,Milford St & Colfax St,ASSAULT,6,0.16216216216216217,0.03627450980392157
2409,892ab2d5967ffff,29,42.438317359822,-82.9558461736602,0.14050237056766393,Regent Park,09,Redmond St & Coram St,ASSAULT,7,0.2413793103448276,0.036140352557033344
2410,892ab2c5197ffff,16,42.3666307933319,-83.0437515678872,0.37140418929591096,Poletown East,07,Frederick St & Chene St,STOLEN VEHICLE,5,0.3125,0.03606420449494875
2411,892ab2c6ad7ffff,16,42.3610206390704,-82.9437483630015,0.3692774935927678,Jefferson Chalmers,05,Riverside Dr & Drexel St,ASSAULT,3,0.1875,0.035947518530203657
2412,892ab2c461bffff,25,42.3861301598624,-83.0164987229655,0.20698591341447312,Gratiot Town/Kettering,07,Conger St & Maxwell Ave,ASSAULT,3,0.12,0.03586655371878429
2413,892ab2c54cbffff,17,42.4047849481104,-83.0730532119575,0.3482780266055616,Campau/Banglatown,11,Dequindre St & Burnside St,AGGRAVATED ASSAULT,4,0.23529411764705882,0.035775727485250916
2414,892ab2cf28fffff,26,42.397588311571,-83.2616609534418,0.18704461489536806,Brightmoor,06,Chalfonte St & Lamphere St,ASSAULT,4,0.15384615384615385,0.03575282147762784
2415,892ab2c6147ffff,36,42.3925371555375,-82.9325208204983,0.006098555172947566,Morningside,05,Brunswick St & 3 Mile Dr,LARCENY,8,0.2222222222222222,0.03562872865551423
2416,892ab2ce143ffff,16,42.3728392432652,-83.1478614032099,0.36328095487189604,Oakman Blvd Community,02,Cloverdale St & Burlingame St,STOLEN VEHICLE,4,0.25,0.035618504884884286
2417,892ab2c5dd7ffff,19,42.3358279035147,-83.0172909596045,0.30767340958055456,Rivertown,07,Joseph Campau St & River Pl,LARCENY,7,0.3684210526315789,0.035508647745052226
2418,892ab2c7387ffff,28,42.4050038091256,-83.0231481833666,0.14532025694190182,Airport Sub,11,Van Dyke St & Lynch Rd,DAMAGE TO PROPERTY,5,0.17857142857142858,0.03542430462148034
2419,892ab2c7277ffff,24,42.4115214659618,-83.0585464651124,0.2166193418140001,Buffalo Charles,11,Charles St & Conant St,ASSAULT,5,0.20833333333333334,0.03541472137653919
2420,892ab2c6347ffff,23,42.3895557031786,-82.9619590565191,0.2328701638149553,Fox Creek,05,Coplin St & Waveney St,ASSAULT,5,0.21739130434782608,0.035325967285376
2421,892ab2cc29bffff,36,42.3503762566004,-83.2332187724219,-0.25565396301074,Warrendale,06,Auburn St & Tireman St,STOLEN VEHICLE,6,0.16666666666666666,0.03529411764705882
2422,892ab2ce2c3ffff,36,42.3909027059615,-83.1915435527736,-0.30276897693378346,Hubbell-Lyndon,02,Terry St & Intervale St,ASSAULT,10,0.2777777777777778,0.03529411764705882
2423,892ab2ce38fffff,36,42.3704825976801,-83.1618017937253,-0.045657049195359296,Barton-McFarland,02,Maplelawn St & Griggs St,ASSAULT,7,0.19444444444444445,0.03529411764705882
2424,892ab2ce803ffff,36,42.333825023493,-83.126285512006,-0.3341145476883367,Claytown,04,Burton St & Fern Ave,ASSAULT,9,0.25,0.03529411764705882
2425,892ab2c6303ffff,26,42.3903326703704,-82.9535382344434,0.17769236804882477,Fox Creek,05,Chalmers St & Waveney St,AGGRAVATED ASSAULT,4,0.15384615384615385,0.035239689324207756
2426,892ab2c0c37ffff,20,42.4449278500114,-83.0845250211081,0.28408286731991017,Nolan,11,E Winchester Ave & Marx St,ASSAULT,4,0.2,0.035194691501024965
2427,892ab2cee9bffff,30,42.3593074884507,-83.1414680815581,0.10359437501304093,Midwest,02,Joy Rd & Burnette St,ASSAULT,12,0.4,0.0350957041489796
2428,892ab2c7377ffff,28,42.3942337458369,-83.0374358782557,0.1392085779434148,Airport Sub,11,Richardson St & Mount Elliott St,DAMAGE TO PROPERTY,6,0.21428571428571427,0.03508897354468514
2429,892ab2ce94bffff,23,42.316944398632,-83.1245604194731,0.22677080366418284,Springwells,04,Stair St & Dix St,LARCENY,4,0.17391304347826086,0.03499131210999348
2430,892ab2cf2bbffff,20,42.39540753771355,-83.2585377369461,0.2803116463491208,Brightmoor,06,Eaton St & W Outer Dr,AGGRAVATED ASSAULT,3,0.15,0.03498777494187968
2431,892ab2c7567ffff,15,42.4157601458269,-82.9962845426846,0.36842465188147755,Gratiot-Findlay,09,Christy St & Bradford St,ASSAULT,6,0.4,0.03492033328596614
2432,892ab2cf687ffff,32,42.4190017568143,-83.247075253309,0.06335318512852565,Holcomb Community,08,Pierson St & Santa Clara Ave,LARCENY,6,0.1875,0.03484856465996031
2433,892ab2cedcbffff,17,42.3448343391049,-83.1042613769513,0.3307478063479081,Chadsey Condon,03,McKinley St & W Warren Ave,ASSAULT,5,0.29411764705882354,0.034813892343563774
2434,892ab2c1953ffff,26,42.4293963270112,-83.1741346935262,0.1694935459701193,Schulze,12,Clarita St & Steel St,ASSAULT,8,0.3076923076923077,0.03478984242668823
2435,892ab2c5a8bffff,16,42.3260512877905,-83.0760437513838,0.3475041231939038,Hubbard Richard,04,Bagley St & 16th St,LARCENY,7,0.4375,0.03475287336917354
2436,892ab2c6e7bffff,21,42.3693510775339,-82.94375053733,0.25804062469843647,Jefferson Chalmers,05,Chalmers St & Freud St,LARCENY,6,0.2857142857142857,0.03474621717740295
2437,892ab2c588fffff,32,42.3276972292379,-83.0402318773254,0.05970654875740812,Downtown,03,Parkway Dr & Atwater Dr,ASSAULT,10,0.3125,0.0346484837163587
2438,892ab2ce963ffff,18,42.309959029751,-83.1154048852249,0.30846803609664064,Central Southwest,04,Bostwick St & Beard St,ASSAULT,8,0.4444444444444444,0.03457185456734973
2439,892ab2cc967ffff,24,42.2639872218171,-83.1655394873243,0.19698881730464735,Boynton,04,S Electric St & Gleason St,LARCENY,9,0.375,0.03433764829671848
2440,892ab2c1ac7ffff,35,42.4440568639417,-83.2172624876099,-0.48009876200543583,Greenfield,08,Archdale St & Circle Dr,DAMAGE TO PROPERTY,9,0.2571428571428571,0.034313725490196074
2441,892ab2ce997ffff,35,42.3229438978826,-83.0951191746528,-0.05455085373253431,Central Southwest,04,Wolff St & Scotten St,ASSAULT,8,0.22857142857142856,0.034313725490196074
2442,892ab2ced23ffff,35,42.3287495307129,-83.0934310307295,-0.029800683110027943,Central Southwest,04,W Grand Blvd & Risdon St,LARCENY,8,0.22857142857142856,0.034313725490196074
2443,892ab2ceebbffff,35,42.3512944468849,-83.1382548710397,-0.1309917062192344,Midwest,02,Wetherby St & Tireman St,BURGLARY,6,0.17142857142857143,0.034313725490196074
2444,892ab2cc0cbffff,27,42.3506091466801,-83.2174341837886,0.13779713550970668,Warrendale,06,Tireman St & Ashton Ave,AGGRAVATED ASSAULT,3,0.1111111111111111,0.034031139409726525
2445,892ab2c41cfffff,17,42.3545463515944,-82.9807319294566,0.31517241650542405,Joseph Berry Sub,07,Dwight St & Parkview St,STOLEN VEHICLE,6,0.35294117647058826,0.0339593133892898
2446,892ab2c6e0bffff,15,42.3725170422433,-82.9379339241048,0.34601123153899077,Jefferson Chalmers,05,Fairfax Ave & Alter Rd,DAMAGE TO PROPERTY,4,0.26666666666666666,0.03369057033866961
2447,892ab2c6027ffff,21,42.3994156183849,-82.9367919942719,0.23688378812231936,Morningside,05,Munich St & Courville St,LARCENY,5,0.23809523809523808,0.033585399537535754
2448,892ab2d59bbffff,30,42.4490927553932,-82.942125312192,0.07189789551671666,Regent Park,09,Carlisle St & Kelly Rd,FRAUD,7,0.23333333333333334,0.03335660518734388
2449,892ab2c702fffff,17,42.4105086030937,-83.0205819037088,0.30387558042206014,Airport Sub,11,Montlieu St & Castle St,LARCENY,4,0.23529411764705882,0.03333948695384527
2450,892ab2c50bbffff,34,42.3777256802672,-83.0643757158421,-0.054326791715561505,North End,03,Clay St & Cameron St,ASSAULT,11,0.3235294117647059,0.03333333333333333
2451,892ab2cf2afffff,34,42.3906758139571,-83.2577860079567,-0.12629847181373494,Brightmoor,06,Rockdale St & Acacia St,ASSAULT,7,0.20588235294117646,0.03333333333333333
2452,892ab2c52a3ffff,33,42.3723850311585,-83.0931702039232,0.014322189115976219,Virginia Park Community,10,Woodrow Wilson St & W Euclid St,LARCENY,10,0.30303030303030304,0.03313876044144079
2453,892ab2c087bffff,21,42.4280887532508,-83.1122319040838,0.22452976942111383,Grixdale Farms,12,Woodward Ave & W Hildale St,ASSAULT,5,0.23809523809523808,0.032907568389196826
2454,892ab2c0c3bffff,26,42.4467336940023,-83.0912142957013,0.13427778546418837,Nolan,11,Russell St & 8 Mile Service Drive,AGGRAVATED ASSAULT,6,0.23076923076923078,0.032857650161103064
2455,892ab2c0ad3ffff,23,42.4389714860361,-83.1360789772512,0.18248682821489015,Green Acres,12,Stratford Rd & Pembroke Ave,FRAUD,6,0.2608695652173913,0.03256157174308941
2456,892ab2cd5cfffff,19,42.3643213851807,-83.2642521221489,0.25360034771125245,Rouge Park,06,W Chicago St & Beaverland St,BURGLARY,4,0.21052631578947367,0.03254180703454769
2457,892ab2c6e67ffff,32,42.3643295950449,-82.9381050071975,0.021273775654613403,Jefferson Chalmers,05,Marlborough St & Korte St,STOLEN VEHICLE,10,0.3125,0.03253978278622536
2458,892ab2c7213ffff,29,42.4209983314768,-83.0517938912973,0.07380472675874153,Davison,11,E Davison St & Conley St,ASSAULT,7,0.2413793103448276,0.03248083563481183
2459,892ab2c46d7ffff,33,42.3914593338917,-83.0125075450706,-0.06929753379548798,Airport Sub,07,Rohns St & Harper Ave,STOLEN VEHICLE,13,0.3939393939393939,0.032352941176470584
2460,892ab2c664fffff,33,42.4262693146779,-82.975038534808,-0.009161267955357261,Mapleridge,09,Chalmers St & Seymour St,DAMAGE TO PROPERTY,6,0.18181818181818182,0.032352941176470584
2461,892ab2cf2b3ffff,25,42.397667460952,-83.2530840645411,0.13403117888207336,Brightmoor,06,W Outer Dr & Burgess St,DAMAGE TO PROPERTY,5,0.2,0.03186372737693711
2462,892ab2c6157ffff,22,42.3949108263164,-82.9292042657319,0.18723649716987156,East English Village,05,Rosewood St & E Outer Dr,ASSAULT,8,0.36363636363636365,0.031841780904700516
2463,892ab2cec03ffff,31,42.3538480096582,-83.1172949752182,0.024542369036735522,Midwest,10,Woodrow St & Tireman St,ASSAULT,8,0.25806451612903225,0.03173872939023406
2464,892ab2cc617ffff,26,42.3613889880432,-83.2238419093601,0.10830428958796995,Franklin Park,06,Stahelin Ave & Cathedral St,FRAUD,6,0.23076923076923078,0.03143255562612105
2465,892ab2c52c3ffff,32,42.381219130248496,-83.10975889191255,-0.2497329075254653,Dexter-Linwood,10,La Salle Blvd & Calvert St,ASSAULT,8,0.25,0.03137254901960784
2466,892ab2cee87ffff,21,42.3542945874542,-83.1372825829305,0.19518059694137624,Midwest,02,Garden St & Livernois Ave,STOLEN VEHICLE,7,0.3333333333333333,0.031297259730460825
2467,892ab2ce24fffff,21,42.3824734165703,-83.1984236276281,0.19006361913214884,Schoolcraft Southfield,06,Greenfield Service Drive & Glendale St,FRAUD,5,0.23809523809523808,0.031016505181812214
2468,892ab2cabcbffff,17,42.4396411329484,-83.2839622537809,0.2600277489836311,Five Points,08,Norfolk St & Winston St,ASSAULT,5,0.29411764705882354,0.030933676613507852
2469,892ab2c71a7ffff,21,42.4001853060681,-82.988933568789,0.1878651491476345,Wade,09,Wade St & Gunston Ave,ASSAULT,5,0.23809523809523808,0.03089588115895505
2470,892ab2c56b7ffff,25,42.3933434547281,-83.0785309602812,0.11578732759590979,Gateway Community,03,Brush St & Rosedale Ct,ASSAULT,6,0.24,0.030862737256514335
2471,892ab2c5497ffff,17,42.4047416939191,-83.0542242280096,0.2584454063115858,Buffalo Charles,11,Casmere St & Conant St,BURGLARY,6,0.35294117647058826,0.030846857807708773
2472,892ab2ce91bffff,17,42.318876764565,-83.1103300180441,0.25753787523438604,Central Southwest,04,Military St & Toledo St,DAMAGE TO PROPERTY,3,0.17647058823529413,0.03079706406470986
2473,892ab2c43dbffff,21,42.3569217455354,-83.0110514000846,0.18499484176067557,Islandview,07,Canton St & E Vernor Hwy,DAMAGE TO PROPERTY,5,0.23809523809523808,0.030738395259083603
2474,892ab2c4687ffff,20,42.386697664001,-83.0044306621213,0.20257194399313252,Gratiot Woods,07,McClellan St & Nichols St,AGGRAVATED ASSAULT,4,0.2,0.03072241052937931
2475,892ab2c6ad3ffff,31,42.3645318584003,-82.946809673232,-0.019271171381100717,Jefferson Chalmers,05,Lenox St & Victoria Park Dr,ASSAULT,12,0.3870967741935484,0.0303921568627451
2476,892ab2cc2cfffff,31,42.3467033715935,-83.2425351560115,-0.19990448757505275,Warrendale,06,Braile St & Sawyer St,ASSAULT,13,0.41935483870967744,0.0303921568627451
2477,892ab2cecafffff,31,42.3500120390718,-83.1087714133256,-0.01206968065947191,Midwest,03,Milford St & Vinewood St,ASSAULT,9,0.2903225806451613,0.0303921568627451
2478,892ab2c75cbffff,15,42.4327759703776,-82.9996584592321,0.2850565737631154,Von Steuben,09,Dresden St & Eastwood St,AGGRAVATED ASSAULT,4,0.26666666666666666,0.030346155320680666
2479,892ab2cf29bffff,17,42.4038961183186,-83.2618876388727,0.24876780429789574,Brightmoor,08,Midland St & Lamphere St,AGGRAVATED ASSAULT,3,0.17647058823529413,0.03031587430794553
2480,892ab2cf08bffff,24,42.4044085204645,-83.2327533384906,0.11581356980331135,Rosedale Park,08,Midland St & W Outer Dr,ASSAULT,6,0.25,0.029883784937651522
2481,892ab2c667bffff,22,42.42310447125,-82.97246138910285,0.15079687086115826,Mapleridge,09,Mayfield St & Celestine St,AGGRAVATED ASSAULT,4,0.18181818181818182,0.029842438476680208
2482,892ab2c552bffff,29,42.3730039059527,-83.0456261523261,0.02213577820174777,Poletown East,07,Chene St & Medbury St,DAMAGE TO PROPERTY,7,0.2413793103448276,0.029645902032968206
2483,892ab2ce34bffff,20,42.3681518251249,-83.1839483753744,0.18064275278944347,Plymouth-Hubbell,02,Orangelawn St & Freeland St,BURGLARY,5,0.25,0.029519215907835634
2484,892ab2c1db7ffff,19,42.4437856179307,-83.1376053165442,0.19785725489299874,Green Acres,12,Norfolk St & Picadilly Rd,STOLEN VEHICLE,4,0.21052631578947367,0.029483336302811358
2485,892ab2c6a83ffff,30,42.3597243799277,-82.9372035521886,-0.2582858402868399,Jefferson Chalmers,05,Lakewood St & Harbor Island St,DAMAGE TO PROPERTY,6,0.2,0.029411764705882353
2486,892ab2ce107ffff,30,42.3684414746471,-83.1313853350686,-0.266314174402668,Nardin Park,10,Kay St & Nardin Park,LARCENY,9,0.3,0.029411764705882353
2487,892ab2cf32fffff,30,42.3670132744547,-83.2435591408492,-0.03187138616426596,Franklin Park,06,Orangelawn St & Braile St,ASSAULT,7,0.23333333333333334,0.029411764705882353
2488,892ab2cf627ffff,30,42.4058711398926,-83.2500417939047,-0.24422526532494426,Brightmoor,08,Pilgrim St & Westbrook St,DAMAGE TO PROPERTY,6,0.2,0.029411764705882353
2489,892ab219697ffff,29,42.2602120053029,-83.1580071678372,0.015153320283956684,Boynton,04,Hyacinthe Ave & S Bassett St,ASSAULT,13,0.4482758620689655,0.02926279370335375
2490,892ab2cc453ffff,18,42.36886038055805,-83.2071011862954,0.21109587918620343,Joy Community,06,Mettetal St & Orangelawn St,LARCENY,4,0.2222222222222222,0.02922931117874377
2491,892ab2c45a3ffff,21,42.3692101168341,-82.9527279065765,0.15725160181934802,Jefferson Chalmers,05,Emerson St & Dickerson St,LARCENY,5,0.23809523809523808,0.02921619971746301
2492,892ab2c1a87ffff,29,42.4429392105052,-83.2046128673194,-0.19762901057379595,Greenfield,08,Hessel Ave & Prevost St,ASSAULT,5,0.1724137931034483,0.028431372549019604
2493,892ab2c46b3ffff,29,42.3846583608431,-83.0015469643068,-0.11106968067096203,West End,07,McClellan St & Barker Ave,LARCENY,7,0.2413793103448276,0.028431372549019604
2494,892ab2c7613ffff,29,42.4408744312046,-83.0417192094079,-0.09546075036778533,Farwell,11,E Outer Dr & Gable St,ASSAULT,7,0.2413793103448276,0.028431372549019604
2495,892ab2ceb27ffff,29,42.3031269384348,-83.1321746169997,-0.28991313470288727,Springwells,04,Avis St & Elsmere St,ASSAULT,7,0.2413793103448276,0.028431372549019604
2496,892ab2cf437ffff,29,42.4118966105108,-83.2175153151614,-0.3836631750990772,Crary/St Marys,08,Florence St & Fenmore St,STOLEN VEHICLE,7,0.2413793103448276,0.028431372549019604
2497,892ab2cf38bffff,21,42.3837897284693,-83.2453249354956,0.14041823760575065,Brightmoor,06,Pierson St & W Davison St,STOLEN PROPERTY,6,0.2857142857142857,0.028292599157088538
2498,892ab2c5533ffff,21,42.3743532778027,-83.0383513549888,0.1400920756626742,Poletown East,07,Elmwood St & E Grand Blvd,ASSAULT,7,0.3333333333333333,0.028274703545161192
2499,892ab2c1db3ffff,15,42.4461338161464,-83.1409451348999,0.24630419976917894,Green Acres,12,Livernois Ave & W 8 Mile Rd,ASSAULT,4,0.26666666666666666,0.028219918765558218
2500,892ab2c1b03ffff,23,42.4215057432447,-83.1958291966321,0.1033486204808059,Winship,12,Thatcher St & Coyle St,LARCENY,7,0.30434782608695654,0.02821947517327893
2501,892ab21b68bffff,22,42.3026187943453,-83.1164042468963,0.12103325924589159,Central Southwest,04,N Solvay St & S I 75 Service Drive,ASSAULT,5,0.22727272727272727,0.028209390678402113
2502,892ab2c4083ffff,16,42.372771849375,-82.9860162555911,0.2280907862089456,East Village,05,Garland St & Goethe Ave,ASSAULT,4,0.25,0.028200990836601433
2503,892ab2c0a07ffff,21,42.4265079707993,-83.1320689861362,0.13708465887688476,University District,12,Curtis St & Parkside St,LARCENY,8,0.38095238095238093,0.028109694828342063
2504,892ab2c50abffff,19,42.3751487125951,-83.068548212501,0.1717705041624477,North End,03,E Bethune St & Saint Antoine St,BURGLARY,4,0.21052631578947367,0.028052027784361784
2505,892ab2ced4bffff,22,42.3377362096163,-83.1128684066377,0.11758398830283742,Chadsey Condon,04,Rich St & 31st St,ASSAULT,6,0.2727272727272727,0.028020138634932697
2506,892ab2c4473ffff,20,42.3847844463037,-82.9905572432465,0.15316077309143264,West End,05,French Rd & E Warren Ave,AGGRAVATED ASSAULT,4,0.2,0.028011354999748127
2507,892ab2cc3d7ffff,22,42.3324808401539,-83.2191688888981,0.11581691282093641,Warrendale,06,Kirkwood St & Penrod St,ASSAULT,7,0.3181818181818182,0.027923184046141147
2508,892ab2c43c3ffff,23,42.3551587581765,-83.0086928156719,0.09519211369623537,Islandview,07,Helen St & Kercheval St,DAMAGE TO PROPERTY,6,0.2608695652173913,0.027771949999978018
2509,892ab2c5363ffff,16,42.350087361085,-83.0927194107783,0.22017369140662751,Woodbridge,03,Grand River Ave & Linwood St,LARCENY,5,0.3125,0.027766601542627015
2510,892ab21b657ffff,28,42.3000238825444,-83.1261903073224,-0.27303246631003947,Springwells,04,Olivet St & Lawndale St,ASSAULT,8,0.2857142857142857,0.027450980392156862
2511,892ab2c52b3ffff,28,42.375374255229,-83.0925443194349,-0.03988538783443697,Virginia Park Community,10,Byron St & Blaine St,LARCENY,7,0.25,0.027450980392156862
2512,892ab2cf2b7ffff,28,42.3931697468805,-83.251700369448,-0.05646040173229451,Brightmoor,06,Lyndon St & Bentler St,ASSAULT,11,0.39285714285714285,0.027450980392156862
2513,892ab2c0c63ffff,20,42.4446433656653,-83.099608221702,0.1415265956437027,Nolan,11,Andover St & 8 Mile Service Drive,AGGRAVATED ASSAULT,4,0.2,0.02737301956816876
2514,892ab2c446fffff,15,42.3781389527749,-82.9939491099023,0.2267229260600084,West End,05,Bewick St & E Canfield St,AGGRAVATED ASSAULT,3,0.2,0.02714554794216528
2515,892ab2cf6bbffff,18,42.4148612042665,-83.2468737039841,0.17021624342016484,Holcomb Community,08,Pierson St & W McNichols Rd,DAMAGE TO PROPERTY,6,0.3333333333333333,0.026986357600223842
2516,892ab2c7607ffff,27,42.435738501119,-83.0402922259079,-0.37462068204530313,Farwell,11,Dwyer St & Emery St,BURGLARY,5,0.18518518518518517,0.026470588235294117
2517,892ab21b65bffff,18,42.2991432660239,-83.1332660299533,0.15825889974436402,Springwells,04,Chamberlain St & Woodmere St,LARCENY,5,0.2777777777777778,0.026330290923389333
2518,892ab2cc9a3ffff,16,42.2706719398387,-83.1485117889392,0.18653685409025636,Boynton,04,Miami St & S Bassett St,ASSAULT,4,0.25,0.025921040465208482
2519,892ab2cc203ffff,18,42.3394574145391,-83.2376727770951,0.14817361495205753,Warrendale,06,Whitlock St & Heyden St,STOLEN VEHICLE,5,0.2777777777777778,0.025776938986871126
2520,892ab2cf38fffff,17,42.3815002483739,-83.2420213837115,0.16489821603114754,Brightmoor,06,Glendale St & Patton St,BURGLARY,3,0.17647058823529413,0.025714179855271958
2521,892ab2c5a13ffff,26,42.3227098252898,-83.0757067567105,-0.08404897078643557,Hubbard Richard,04,18th St & Howard St,LARCENY,9,0.34615384615384615,0.025490196078431372
2522,892ab2c644fffff,26,42.4301174522786,-82.9426843550253,-0.19267497717671994,Moross-Morang,09,Moross Rd & Roxbury St,ASSAULT,6,0.23076923076923078,0.025490196078431372
2523,892ab2cc9bbffff,26,42.27450719240685,-83.1500599404269,-0.2015498489887171,Boynton,04,S Liddesdale St & Schaefer,ASSAULT,6,0.23076923076923078,0.025490196078431372
2524,892ab2cf3d3ffff,26,42.3883842063032,-83.2515282520888,-0.05259097311517612,Brightmoor,06,Kendall St & Bentler St,ASSAULT,6,0.23076923076923078,0.025490196078431372
2525,892ab2c1817ffff,17,42.4432716244026,-83.1809155522327,0.15534390126368605,Schaefer 7/8 Lodge,12,Norfolk Ct & Schaefer Hwy,LARCENY,4,0.23529411764705882,0.02518996078882453
2526,892ab2cf4a3ffff,15,42.4156525665709,-83.2144968552792,0.18894714256579148,College Park,08,W McNichols Rd & Oakfield St,ASSAULT,4,0.26666666666666666,0.025072894231289063
2527,892ab2c464bffff,15,42.3856111710242,-83.0300327778084,0.1796059168693919,Airport Sub,07,Strong St & Concord St,DAMAGE TO PROPERTY,4,0.26666666666666666,0.02456036677817247
2528,892ab2ced47ffff,16,42.3352427151392,-83.1057529849625,0.16159664538515758,Chadsey Condon,04,Lovett St & Jackson St,ASSAULT,6,0.375,0.02455263956544782
2529,892ab2cf04fffff,25,42.3977925199381,-83.2491998158531,-0.13303235592580379,Brightmoor,06,Blackstone St & W Outer Dr,DAMAGE TO PROPERTY,5,0.2,0.02450980392156863
2530,892ab2cf213ffff,25,42.3975788549417,-83.265425159,-0.06068850354498299,Brightmoor,06,Chalfonte St & Grayfield St,AGGRAVATED ASSAULT,4,0.16,0.02450980392156863
2531,892ab2cf2d7ffff,25,42.4020544460837,-83.2656690535792,-0.1309428529677313,Brightmoor,08,Keeler St & Beaverland St,DAMAGE TO PROPERTY,4,0.16,0.02450980392156863
2532,892ab2c7077ffff,15,42.4154291079764,-83.0266287545439,0.1674444545231602,Airport Sub,11,Eldon St & Giese St,ASSAULT,8,0.5333333333333333,0.023893100669305202
2533,892ab2c08afffff,24,42.4278857260626,-83.092430918572,-0.35296329531798487,Hawthorne Park,11,Hawthorne St & E Grixdale Ave,ASSAULT,7,0.2916666666666667,0.023529411764705882
2534,892ab2c5ad3ffff,24,42.3313539659137,-83.0790443311359,-0.3245848730847976,Corktown,03,15th St & Michigan Ave,LARCENY,8,0.3333333333333333,0.023529411764705882
2535,892ab2c72b3ffff,24,42.4191521895413,-83.0394804798058,-0.12927914987639777,Davison,11,Saint Louis St & E McNichols Rd,FRAUD,6,0.25,0.023529411764705882
2536,892ab2ce5d7ffff,24,42.3981022165215,-83.1254212775897,-0.33425507368146157,Oakman Blvd Community,10,Linwood St & Oakman Blvd,ASSAULT,4,0.16666666666666666,0.023529411764705882
2537,892ab2cf057ffff,24,42.4005867260803,-83.24320277210285,-0.032985964420836345,Brightmoor,08,Fenkell St & Fielding St,ASSAULT,6,0.25,0.023529411764705882
2538,892ab2cf3bbffff,15,42.3793285846641,-83.2407255770763,0.15967768515636915,Brightmoor,06,Fullerton St & Stout St,DAMAGE TO PROPERTY,4,0.26666666666666666,0.02346695931999173
2539,892ab2ce8afffff,16,42.328540620708,-83.116599359746,0.1408541268280037,Central Southwest,04,Military St & Dennis St,ASSAULT,6,0.375,0.02341455441978869
2540,892ab2cabafffff,18,42.4291594399663,-83.2653743990321,0.09325291489204623,Berg-Lahser,08,Beaverland St & W 7 Mile Rd,STOLEN VEHICLE,7,0.3888888888888889,0.02276359069190516
2541,892ab219687ffff,23,42.2576202886279,-83.1594042541684,-0.11337263021593079,Boynton,04,Salliotte St & S Bassett St,ASSAULT,6,0.2608695652173913,0.022549019607843137
2542,892ab2c1a97ffff,23,42.4445705233827,-83.2033899348193,-0.0200502930477334,Greenfield,08,S M 10 & 8 Mile Service Drive,ASSAULT,6,0.2608695652173913,0.022549019607843137
2543,892ab2c5463ffff,18,42.3927252672987,-83.07188470864341,0.08882338411377091,North End,03,Cardoni St & Lynn St,ASSAULT,5,0.2777777777777778,0.022520554477806827
2544,892ab2cec33ffff,19,42.3480201571823,-83.1104165880221,0.0613180060084976,Midwest,03,McGraw St & W Grand Blvd,LARCENY,6,0.3157894736842105,0.021991801920101955
2545,892ab2ce8c3ffff,21,42.3421375395076,-83.1315603318618,0.022027100360206702,Claytown,04,Cicotte St & Willette St,LARCENY,5,0.23809523809523808,0.021796801922746658
2546,892ab2c546bffff,17,42.3918476905428,-83.0754562259061,0.08937208061180829,North End,03,Lynn St & Goodwin St,ASSAULT,4,0.23529411764705882,0.021570267794017224
2547,892ab2c080fffff,22,42.4289970701343,-83.1070963409752,-0.0016923909658987909,Grixdale Farms,12,Charleston St & W Golden Gate Ave,STOLEN VEHICLE,5,0.22727272727272727,0.021568627450980392
2548,892ab2c444fffff,22,42.3851250524075,-82.9976907862457,-0.03219861812795269,West End,05,Hurlbut St & Moffat St,LARCENY,5,0.22727272727272727,0.021568627450980392
2549,892ab2c585bffff,22,42.3265359474744,-83.0601952318242,-0.1265803401287977,Corktown,03,W Lafayette Blvd & Brooklyn St,ASSAULT,4,0.18181818181818182,0.021568627450980392
2550,892ab2c703bffff,22,42.4154949691811,-83.023545077601,-0.1743490528382174,Airport Sub,11,Dobel St & Gilbo St,STOLEN PROPERTY,4,0.18181818181818182,0.021568627450980392
2551,892ab2cc4dbffff,22,42.3746670843536,-83.2036402908714,-0.0061473876748668384,Plymouth-I96,06,Wadsworth St & Rutherford St,ASSAULT,4,0.18181818181818182,0.021568627450980392
2552,892ab2cea17ffff,22,42.3309501124845,-83.15207999941875,-0.05863727103664322,Claytown,04,McGraw St & Addison St,ASSAULT,5,0.22727272727272727,0.021568627450980392
2553,892ab2d5933ffff,22,42.44329278993255,-82.94657557783239,-0.5297876177963557,Regent Park,09,Kelly Rd & E State Fair St,ASSAULT,8,0.36363636363636365,0.021568627450980392
2554,892ab2c46cbffff,15,42.3904675573494,-83.0225874897598,0.12119304140248117,Airport Sub,07,Townsend St & Miller Rd,STOLEN VEHICLE,6,0.4,0.02135541238939117
2555,892ab2cec23ffff,18,42.3460847191282,-83.1131880028341,0.058338957070552984,Midwest,10,John E Hunter St & McGraw St,DAMAGE TO PROPERTY,5,0.2777777777777778,0.020847957512485547
2556,892ab2ceb17ffff,16,42.3145100425377,-83.1334806109841,0.09228022778266595,Springwells,04,Ferris St & Woodmere St,ASSAULT,3,0.1875,0.0207494377022636
2557,892ab2c6557ffff,21,42.4162197084157,-82.9175762257594,-0.2909721664058207,Cornerstone Village,05,Chandler Park Dr & Gateshead St,STOLEN VEHICLE,5,0.23809523809523808,0.020588235294117647
2558,892ab2c75b7ffff,21,42.4238296942665,-82.9769965028479,-0.4584684868506731,Mapleridge,09,Young St & Peoria St,ASSAULT,5,0.23809523809523808,0.020588235294117647
2559,892ab2c5083ffff,20,42.383112178831,-83.0673112772601,-0.5325268495223318,North End,03,E Philadelphia St & Cameron St,ASSAULT,9,0.45,0.0196078431372549
2560,892ab2c6577ffff,20,42.4072949581146,-82.9150063753959,-0.1750717774033789,Cornerstone Village,05,Mack Ave & Fisher Rd,FRAUD,15,0.75,0.0196078431372549
2561,892ab2ce12bffff,20,42.362966435451455,-83.1361775963264,-0.038702532514998646,Midwest,10,Greenway St & Northfield St,AGGRAVATED ASSAULT,3,0.15,0.0196078431372549
2562,892ab2cf653ffff,20,42.4198405151405,-83.2652694995914,-0.1404714044375663,Melvern Hill,08,Redfern St & Beaverland St,ASSAULT,4,0.2,0.0196078431372549
2563,892ab2c5e6bffff,16,42.3335284163855,-83.0767478882559,0.06453693379022374,North Corktown,03,Wabash St & Pine St,LARCENY,5,0.3125,0.01922723919500648
2564,892ab2cf137ffff,18,42.3745967681889,-83.2084241917966,0.02774311284497968,Plymouth-I96,06,Wadsworth St & Asbury Park,ASSAULT,3,0.16666666666666666,0.01916924739172172
2565,892ab2ceca7ffff,16,42.3501573753809,-83.1025756939132,0.06141452049471953,Midwest,03,Hudson St & 23rd St,ASSAULT,5,0.3125,0.019055920934862206
2566,892ab2c460fffff,19,42.381485861377,-83.0152225837652,-0.24452427606998464,Gratiot Town/Kettering,07,E Palmer St & Maxwell Ave,ASSAULT,4,0.21052631578947367,0.018627450980392157
2567,892ab2ce85bffff,19,42.3373562854412,-83.1411168727928,-0.537807656568068,Claytown,04,Wagner St & Florida St,ASSAULT,7,0.3684210526315789,0.018627450980392157
2568,892ab2ced7bffff,19,42.3332727489365,-83.107009391834,-0.3732985834798376,Chadsey Condon,04,28th St & Magnolia St,ASSAULT,4,0.21052631578947367,0.018627450980392157
2569,892ab2ce14fffff,17,42.369718929136,-83.1513775232719,0.03259918785243432,Barton-McFarland,02,Oakman Blvd & Allen Pl,BURGLARY,9,0.5294117647058824,0.0184552947618124
2570,892ab21b617ffff,18,42.2959257247935,-83.1151335303471,-0.0608702767828631,Delray,04,Springwells St & South St,ASSAULT,6,0.3333333333333333,0.01764705882352941
2571,892ab2c4587ffff,18,42.3730019513765,-82.9543175479758,-0.3987518121729993,Riverbend,05,Dickerson St & Brooks St,DAMAGE TO PROPERTY,3,0.16666666666666666,0.01764705882352941
2572,892ab2cc447ffff,18,42.361690762041,-83.2056680701957,-0.0984936490759885,Joy Community,06,Mettetal St & Cathedral St,ASSAULT,8,0.4444444444444444,0.01764705882352941
2573,892ab2ce057ffff,18,42.3901960004235,-83.1631757509204,-0.058811464205692845,Northwest Community,02,Kendall St & Birwood St,ASSAULT,5,0.2777777777777778,0.01764705882352941
2574,892ab2ce163ffff,18,42.3638875532944,-83.1441333972874,-0.1536787523059281,Midwest,02,Westfield St & Bryden St,ASSAULT,6,0.3333333333333333,0.01764705882352941
2575,892ab2ce62fffff,18,42.3949305445126,-83.1744690968621,-0.6125200115130873,Bethune Community,02,Lyndon St & Cheyenne St,LARCENY,5,0.2777777777777778,0.01764705882352941
2576,892ab2ce82bffff,18,42.3250563482992,-83.1282508173454,-0.03825070899254987,Claytown,04,Clayton St & Unknown,LARCENY,9,0.5,0.01764705882352941
2577,892ab2c75b3ffff,17,42.4262336997612,-82.9798465832655,-0.06276558160859762,Mapleridge,09,Troester St & Grover St,STOLEN VEHICLE,4,0.23529411764705882,0.016666666666666666
2578,892ab2cf1abffff,17,42.3798414518178,-83.2098785091002,-0.06989375905524732,Schoolcraft Southfield,06,Abington Ave & Fullerton St,AGGRAVATED ASSAULT,3,0.17647058823529413,0.016666666666666666
2579,892ab2ce80bffff,15,42.3333085451947,-83.1328019880378,0.02073122866589576,Claytown,04,Horatio St & Cecil St,ASSAULT,6,0.4,0.015843348053208393
2580,892ab2c444bffff,16,42.38943962700575,-83.0001277624645,-0.07546212623936002,West End,05,Hurlbut St & Shoemaker St,AGGRAVATED ASSAULT,3,0.1875,0.01568627450980392
2581,892ab2cec73ffff,15,42.3497776902691,-83.121628744466,0.004122039888948618,Midwest,10,Begole St & Tireman St,ASSAULT,6,0.4,0.014932047384660956
2582,892ab2c0c77ffff,15,42.4466176046136,-83.0963588935515,-0.509836486025042,Nolan,11,Irvington St & 8 Mile Service Drive,ASSAULT,7,0.4666666666666667,0.014705882352941176
2583,892ab2c181bffff,15,42.4450763075905,-83.1870165017144,-0.2215411969710864,Schaefer 7/8 Lodge,12,Freeland St & W 8 Mile Rd,FRAUD,4,0.26666666666666666,0.014705882352941176
2584,892ab2c6317ffff,15,42.3899532446219,-82.9494615315743,-0.41037890170581187,Morningside,05,Lozier St & Alter Rd,ASSAULT,3,0.2,0.014705882352941176
2585,892ab2c73c3ffff,15,42.4090003857106,-83.0382114732082,-0.10444696181667137,Buffalo Charles,11,Mount Elliott Ct & Old Mount Elliott St,DAMAGE TO PROPERTY,8,0.5333333333333333,0.014705882352941176
2586,892ab2cc2c3ffff,15,42.3502119850187,-83.2428800202701,-0.14963826556079549,Warrendale,06,Braile St & Tireman St,STOLEN VEHICLE,5,0.3333333333333333,0.014705882352941176
2587,892ab2ce9cfffff,15,42.3217637412434,-83.1131928425827,-0.21402595815235084,Central Southwest,04,Federal St & Livernois Ave,BURGLARY,3,0.2,0.014705882352941176
2588,892ab2ced0fffff,15,42.3334666214636,-83.0997273776767,-0.8622334621462302,Chadsey Condon,03,Hubbard St & W Grand Blvd,AGGRAVATED ASSAULT,3,0.2,0.014705882352941176
