focus_rank,h3_cell,incident_count,latitude,longitude,mean_spike_z,neighborhood,police_precinct,nearest_intersection,dominant_offense,dominant_offense_count,dominant_offense_share,score
1,892ab2c58d3ffff,1058,42.3337042515313,-83.0489995905088,0.40316192884725705,Downtown,03,State St & Gratiot Ave,FRAUD,419,0.3960302457466919,0.7813617588614793
2,892ab2c5e37ffff,965,42.3323027840917,-83.057812497388,0.42582335823743966,Downtown,03,Bagley St & 3rd St,LARCENY,332,0.34404145077720205,0.7171983037931877
3,892ab2c5c67ffff,917,42.3340146833249,-83.041974135338,0.8176072924271841,Greektown,03,Beaubien St & E Lafayette St,LARCENY,276,0.3009814612868048,0.7136485092803052
4,892ab2c5ea7ffff,875,42.3369889568907,-83.0508947913856,0.4054251516637447,Downtown,03,Woodward Ave & E Adams Ave,ASSAULT,205,0.2342857142857143,0.651811915878461
5,892ab2c58c3ffff,663,42.33168460389816,-83.0526477734486,0.45997938505995867,Downtown,03,Michigan Ave & Cass Ave,ASSAULT,169,0.2549019607843137,0.5057721077297541
6,892ab2c5e03ffff,608,42.3394921948913,-83.0664991055863,0.6626420549392776,Midtown,03,Grand River Ave & S M 10,LARCENY,234,0.3848684210526316,0.4825484746259434
7,892ab2cf617ffff,583,42.41476070546079,-83.2532071415374,0.5647423192558015,Holcomb Community,08,Grand River Ave & W McNichols Rd,FRAUD,182,0.31217838765008576,0.4572107873923317
8,892ab2c5c6fffff,553,42.33397183340585,-83.045092056016,0.6832308103123198,Downtown,03,Gratiot Ave & Library St,LARCENY,125,0.22603978300180833,0.4451614054605029
9,892ab2c5ca7ffff,571,42.338992330577895,-83.02326650909899,0.3623600573386591,Elmwood Park,07,E Larned St & Chene St,ASSAULT,109,0.19089316987740806,0.4329609591850618
10,892ab2c539bffff,541,42.36679265109,-83.0825902706376,0.5800881960875078,Virginia Park Community,10,W Grand Blvd & Lincoln St,LARCENY,143,0.2643253234750462,0.4286313783498395
11,892ab2c58d7ffff,509,42.331649833634,-83.0468465551171,0.5309419459398325,Downtown,03,W Lafayette Blvd & Griswold St,LARCENY,105,0.206286836935167,0.40212400683680044
12,892ab2c589bffff,493,42.3315724215014,-83.0420084078324,0.531251958683185,Downtown,03,E Congress St & Brush St,ASSAULT,103,0.20892494929006086,0.39080596755903196
13,892ab2c517bffff,489,42.355810206951,-83.0636943175046,0.535915868733543,Midtown,03,W Hancock St & Woodward Ave,ASSAULT,123,0.25153374233128833,0.3883332319680915
14,892ab2c5c37ffff,479,42.336454218575,-83.0283629956631,0.6202547220583206,Lafayette Park,07,Saint Aubin St & E Larned St,ASSAULT,129,0.26931106471816285,0.38780506106219026
15,892ab2c512fffff,462,42.3496672748685,-83.0523699915006,0.6813692635678653,Medical Center,03,Beaubien St & Mack Ave,ASSAULT,170,0.36796536796536794,0.38050809008148423
16,892ab2c5e83ffff,429,42.346487742123,-83.0579237523326,0.918970908924679,Midtown,03,Eliot St & Woodward Ave,LARCENY,119,0.2773892773892774,0.37559780502837803
17,892ab2c5167ffff,440,42.35058987356842,-83.0600094941341,0.6747497717194106,Midtown,03,W Alexandrine St & Woodward Ave,ASSAULT,120,0.2727272727272727,0.3643977000808987
18,892ab2c5ca3ffff,457,42.3413547006243,-83.02582515279764,0.38095431075019054,Elmwood Park,07,Macomb St & Chene St,ASSAULT,116,0.2538293216630197,0.35359454214162855
19,892ab2c082fffff,286,42.4201725306331,-83.1018944417945,1.7605113409426392,Grixdale Farms,12,E Dakota Ave & John R St,SEX OFFENSES,203,0.7097902097902098,0.33969029153836355
20,892ab2cf263ffff,398,42.3880664803802,-83.2733932026018,0.711754241550965,Eliza Howell,06,Riverview St & Dale St,ASSAULT,132,0.3316582914572864,0.3375031018360985
21,892ab2c1bc3ffff,409,42.4304278287947,-83.1998657005724,0.5489119576272465,San Bernardo,08,Greenfield Rd & W 7 Mile Rd,ASSAULT,69,0.1687041564792176,0.3326334159843335
22,892ab2c5e87ffff,369,42.345403186269166,-83.0565405318125,0.8374927470548846,Midtown,03,Peterboro St & Woodward Ave,LARCENY,112,0.3035230352303523,0.3267265794832729
23,892ab2c66bbffff,341,42.4291572453252,-82.9531270797409,0.8884537200539513,Moross-Morang,09,Laing St & Casino St,ASSAULT,63,0.18475073313782991,0.31084203606709704
24,892ab2c53a7ffff,327,42.3536895562809,-83.07208929972317,1.0082448477779786,Wayne State,03,S M 10 Service Drive & W Warren Ave,DAMAGE TO PROPERTY,81,0.24770642201834864,0.31023614058037263
25,892ab2c4593ffff,362,42.3778818761565,-82.9562455739032,0.666163179307906,Riverbend,05,Lenox St & E Vernor Hwy,RUNAWAY,259,0.7154696132596685,0.30843674780727026
26,892ab2c5163ffff,366,42.353706219544,-83.06299483104719,0.5196290670149457,Midtown,03,E Forest Ave & Woodward Ave,FRAUD,147,0.4016393442622951,0.29987347341313236
27,892ab2c4397ffff,327,42.3519526429914,-82.9940202788986,0.8569318413062925,Gold Coast,07,E Jefferson Ave & Parker St,LARCENY,90,0.27522935779816515,0.29846557971630766
28,892ab2c5e2bffff,300,42.331430994188,-83.06593764407691,1.077097613764232,Corktown,03,Michigan Ave & 8th St,LARCENY,119,0.39666666666666667,0.2964522752164775
29,892ab2c746bffff,354,42.4339787962343,-83.0242486262777,0.5326577350436466,Nortown,11,Van Dyke St & E 7 Mile Rd,ASSAULT,66,0.1864406779661017,0.29238035053368133
30,892ab2c65c7ffff,389,42.418867988292,-82.9151376719804,0.1937426038008823,Cornerstone Village,05,Moross Rd & Chandler Park Dr,ASSAULT,94,0.2416452442159383,0.29082728106107686
31,892ab2cc403ffff,348,42.3653576890869,-83.19728018889778,0.5657726190249078,Joy Community,02,Greenfield Rd & W Chicago St,FRAUD,95,0.27298850574712646,0.2907030321795574
32,892ab2c5317ffff,318,42.3589264510554,-83.0812712368089,0.8340291735293995,Elijah McCoy,03,Elijah Mccoy Dr & Lincoln St,ASSAULT,101,0.31761006289308175,0.2903040307894529
33,892ab2cf5abffff,312,42.3993121504573,-83.1986300076742,0.8317233049321808,Hubbell-Lyndon,02,Greenfield Rd & Chalfonte St,ASSAULT,74,0.23717948717948717,0.28587135032999667
34,892ab2c0817ffff,365,42.4323337518457,-83.100222924548,0.34081626615635624,Nolan,11,Keating St & E 7 Mile Rd,FRAUD,308,0.8438356164383561,0.2852548330149547
35,892ab2c6083ffff,308,42.4164511512154,-82.93662829205026,0.7793359623265255,Cornerstone Village,05,Harper Ave & Cadieux Rd,FRAUD,85,0.275974025974026,0.27896062716999404
36,892ab2cc4d7ffff,305,42.3725604209568,-83.1975556543313,0.7936156103173245,Plymouth-Hubbell,06,Greenfield Rd & Plymouth Rd,FRAUD,55,0.18032786885245902,0.27794477957049574
37,892ab2c510bffff,310,42.3587588435323,-83.0598847026779,0.719653870144089,Medical Center,03,Brush St & E Warren Ave,FRAUD,145,0.46774193548387094,0.2757357573249427
38,892ab2c66b7ffff,276,42.4261328726536,-82.9475623758475,0.9961190628956601,Moross-Morang,09,Lakepointe St & Morang Dr,ASSAULT,49,0.17753623188405798,0.2731397629251799
39,892ab2c0bd7ffff,286,42.4196271488091,-83.11522622430998,0.8688736729317666,Palmer Park,12,Alwyne Ln & Whitmore Rd,ASSAULT,79,0.2762237762237762,0.27033025643801806
40,892ab2ce6abffff,293,42.4022673236987,-83.1683204319468,0.7906537723011345,Bethune Community,12,Fenkell St & Manor St,FRAUD,73,0.24914675767918087,0.2692077634591446
41,892ab2c5063ffff,289,42.3708434045059,-83.0813706276091,0.7984036319663033,New Center Commons,03,Pallister St & 3rd St,ASSAULT,81,0.28027681660899656,0.2669750822998194
42,892ab2cf5bbffff,336,42.4015522142076,-83.1975994456973,0.34797504587060113,Belmont,02,Greenfield Rd & Fenkell St,LARCENY,83,0.24702380952380953,0.26525405484831915
43,892ab2ce6d3ffff,320,42.4165983135661,-83.1797983731317,0.4694169270179766,Harmony Village,12,Schaefer Hwy & W McNichols Rd,FRAUD,74,0.23125,0.26335880124426114
44,892ab2c0aa7ffff,15,42.4247638366067,-83.1210247129324,3.213801963626859,Palmer Park,12,Merrill Plaisance St & Pontchartrain Blvd,BURGLARY,3,0.2,0.2606332703213611
45,892ab2c646fffff,276,42.421890921292,-82.94045273912634,0.8336619379464061,Yorkshire Woods,09,McKinney Ave & Morang Dr,ASSAULT,49,0.17753623188405798,0.2605023068227263
46,892ab2c500fffff,307,42.37478060473641,-83.07652882471281,0.5343045603709079,New Center Commons,03,Seward St & Virginia Park Ct,ASSAULT,79,0.25732899022801303,0.25919087588769246
47,892ab2ce60bffff,312,42.4039102932929,-83.1792037507307,0.48733954535533375,Bethune Community,02,Schaefer Hwy & Keeler Ave,FRAUD,162,0.5192307692307693,0.25908191499184335
48,892ab2c5077ffff,285,42.372674386053774,-83.0789084295142,0.727535888628083,New Center Commons,03,2nd Ave & Delaware St,ASSAULT,74,0.2596491228070175,0.2586267782821814
49,892ab2cf6a7ffff,221,42.4111469808938,-83.244250479248,1.2710954041114515,McNichols Evergreen,08,Grand River Ave & Patton St,LARCENY,82,0.37104072398190047,0.2555413730811362
50,892ab2ce50bffff,324,42.38975360015571,-83.1308670005748,0.32800192135411416,Oakman Blvd Community,10,Dexter Ave & Waverly,ASSAULT,74,0.22839506172839505,0.25519373951903024
51,892ab2c0a73ffff,241,42.4263247905405,-83.1412534391509,1.078222399971785,University District,12,Pickford St & Livernois Ave,LARCENY,99,0.4107883817427386,0.2547155751590698
52,892ab2ca93bffff,299,42.429450661086,-83.2452398494698,0.5487950994305224,Evergreen Lahser 7/8,08,W 7 Mile Rd & Patton St,ASSAULT,55,0.18394648829431437,0.2546470099553982
53,892ab2c438fffff,270,42.34955605101951,-82.99810264465295,0.8093137832012344,Islandview,07,E Jefferson Ave & Baldwin St,ASSAULT,61,0.22592592592592592,0.2543549682731464
54,892ab2c191bffff,326,42.4276560655783,-83.1695312811586,0.28584049064011047,Schulze,12,Margareta St & Manor St,FRAUD,195,0.598159509202454,0.25333179290841645
55,892ab2c5c4bffff,160,42.34461555280145,-83.0517317773188,1.792795219859562,Brush Park,03,Edmund Pl & John R St,LARCENY,68,0.425,0.2528821671572714
56,892ab2c5c6bffff,265,42.336452096627866,-83.04782188531279,0.8330478230287636,Downtown,03,Randolph St & E Grand River Ave,LARCENY,78,0.2943396226415094,0.2526568035704857
57,892ab2ce627ffff,66,42.39503977373738,-83.16904259159246,2.6449426432894896,Bethune Community,02,Lyndon St & Meyers Rd,STOLEN PROPERTY,19,0.2878787878787879,0.2525351157842193
58,892ab2d5b6fffff,287,42.43484657320927,-82.9900722172788,0.6114553064824092,Pulaski,09,E 7 Mile Rd & Alcoy St,FRAUD,89,0.31010452961672474,0.2510146989418388
59,892ab2c4027ffff,267,42.357548583890576,-82.98620892975782,0.7711144587979581,Gold Coast,07,E Jefferson Ave & Holcomb St,LARCENY,62,0.23220973782771537,0.24925680843194642
60,892ab2c502bffff,183,42.3690367401692,-83.076047698697,1.5019756838703548,New Center,03,W Grand Blvd & 2nd Ave,LARCENY,42,0.22950819672131148,0.24656381301847052
61,892ab2c60a7ffff,322,42.4060828560497,-82.92926197581735,0.23070751358417296,Cornerstone Village,05,Guilford St & E Warren Ave,FRAUD,125,0.38819875776397517,0.2462074882582228
62,892ab2c5c33ffff,295,42.338822947403,-83.0306775688815,0.44965968560767666,Lafayette Park,07,E Lafayette St & Orleans St,FRAUD,131,0.4440677966101695,0.24409977840546715
63,892ab2c0a77ffff,36,42.422642003395,-83.1369365274248,2.8076297675661044,University District,12,Birchcrest Dr & Santa Clara St,DAMAGE TO PROPERTY,8,0.2222222222222222,0.24392392277320202
64,892ab2c5ed7ffff,285,42.3487242716004,-83.06514499910125,0.5299720674466676,Midtown,03,2nd Ave & W Willis St,LARCENY,103,0.36140350877192984,0.24325839035587157
65,892ab2c7473ffff,277,42.4389543556089,-83.0162962821407,0.5817211868827805,Nortown,11,E Lantz St & E Outer Dr,ASSAULT,83,0.2996389891696751,0.24161285020704054
66,892ab2cf603ffff,239,42.4146741898092,-83.2574690995407,0.9123712814017974,Oak Grove District 1,08,Lahser Rd & W McNichols Rd,ASSAULT,41,0.17154811715481172,0.24039633266420704
67,892ab2ce243ffff,274,42.3870329748074,-83.19816374614122,0.591769249605364,Schoolcraft Southfield,02,Schoolcraft St & Winthrop St,ASSAULT,51,0.18613138686131386,0.24026782976832342
68,892ab2c4393ffff,135,42.3560385101275,-82.99742675340748,1.8584316460142232,West Village,07,Saint Paul St & Van Dyke St,LARCENY,52,0.3851851851851852,0.2402658737501155
69,892ab2d5b27ffff,272,42.43431561250962,-82.9752495195491,0.6050008459475106,Mapleridge,09,Chalmers St & E 7 Mile Rd,SEX OFFENSES,105,0.3860294117647059,0.23987933945879725
70,892ab2c1ba3ffff,300,42.4201758426176,-83.182342101538,0.3446053501926545,Winship,12,Lesure St & W Outer Dr,ASSAULT,97,0.3233333333333333,0.23947207918528357
71,892ab2c6467ffff,232,42.4222644390237,-82.9363165543563,0.9589159947083673,Moross-Morang,09,Casino St & Marne St,AGGRAVATED ASSAULT,41,0.17672413793103448,0.2390548291303399
72,892ab2cf523ffff,238,42.393900927103,-83.20141980032554,0.9039485929004857,Greenfield-Grand River,08,Grand River Ave & Forrer St,LARCENY,45,0.18907563025210083,0.239032251374347
73,892ab2ce237ffff,253,42.3772005666575,-83.17814312517497,0.7571888234278285,Pride Area Community,02,Schaefer Hwy & Capitol St,ASSAULT,73,0.2885375494071146,0.23824915479338696
74,892ab2c516bffff,268,42.3537430068987,-83.0671815821931,0.6159287564661252,Midtown,03,W Hancock St & Cass Ave,LARCENY,74,0.27611940298507465,0.2378938772390189
75,892ab2cec8fffff,251,42.3568081616441,-83.1105133991049,0.7638428818478064,Petoskey-Otsego,10,W I 96 Service Drive & W Grand Blvd,ASSAULT,43,0.17131474103585656,0.2373490011955956
76,892ab2c7297ffff,279,42.4247328641699,-83.0434007714722,0.48122512424246106,Davison,11,Iowa St & Minnesota St,OBSTRUCTING THE POLICE,76,0.2724014336917563,0.23521308261472545
77,892ab2c1923ffff,304,42.4169437403662,-83.1603122492298,0.25006704754544495,Schulze,12,W McNichols Rd & Wyoming St,FRAUD,126,0.4144736842105263,0.23495353205143027
78,892ab2c4387ffff,258,42.3501838026402,-82.9967383380492,0.665548013223286,Gold Coast,07,E Jefferson Ave & Seyburn St,LARCENY,54,0.20930232558139536,0.2346648867928531
79,892ab2cf527ffff,237,42.3917568190582,-83.19835730436223,0.8445580326728421,Greenfield-Grand River,08,Greenfield Rd & Grand River Ave,ASSAULT,34,0.14345991561181434,0.23370340558568026
80,892ab2c53d7ffff,114,42.36541934455076,-83.0865316698795,1.9484630477317246,Elijah McCoy,10,W Grand Blvd & Poe St,LARCENY,25,0.21929824561403508,0.23238279168365694
81,892ab2c5073ffff,189,42.37400944558895,-83.0825434902777,1.2478156924610686,New Center Commons,03,Seward St & 3rd St,ASSAULT,43,0.2275132275132275,0.2310461462794114
82,892ab2cf353ffff,273,42.3835518887983,-83.25762648595872,0.46160246468384497,Brightmoor,06,Dolphin St & W Outer Dr,ASSAULT,79,0.2893772893772894,0.22943333790260328
83,892ab2c1d63ffff,79,42.4386930636633,-83.1612133175324,2.2234070150790406,McDowell,12,Pembroke Ave & Kentucky St,ASSAULT,16,0.20253164556962025,0.22895957725486826
84,892ab2c0b97ffff,216,42.4178366590139,-83.1018164731388,0.9713154123408498,Greenfield Park,11,John R St & W McNichols Rd,DANGEROUS DRUGS,35,0.16203703703703703,0.22867721843419808
85,892ab2c602bffff,265,42.4020059146694,-82.9430042070178,0.5240122288997237,Morningside,05,Frankfort St & Devonshire Rd,ASSAULT,55,0.20754716981132076,0.22861708382214396
86,892ab2ce67bffff,285,42.4018616195345,-83.1877625171532,0.3205466934836328,Bethune Community,02,Fenkell St & Strathmoor St,FRAUD,62,0.21754385964912282,0.22696729834605986
87,892ab2c535bffff,243,42.3603122330898,-83.0999457306279,0.7017712487593628,NW Goldberg,03,Linwood St & W Grand Blvd,FRAUD,109,0.448559670781893,0.22684940331290637
88,892ab2ce043ffff,144,42.3882851096804,-83.1682260572062,1.545530513318253,Northwest Community,02,Schoolcraft St & Meyers Rd,SEX OFFENSES,47,0.3263888888888889,0.2223054179397913
89,892ab2ce5abffff,228,42.3886209069811,-83.1190511153516,0.7776752380114451,Dexter-Linwood,10,Fullerton St & Linwood St,FRAUD,41,0.17982456140350878,0.22212066523335328
90,892ab2c5eb3ffff,213,42.3417289137252,-83.0540944066401,0.9131121729336606,Midtown,03,Adelaide St & Woodward Ave,ASSAULT,64,0.3004694835680751,0.2220229643446348
91,892ab2ce68bffff,243,42.4095098050266,-83.17185596846655,0.6394761512192958,Harmony Village,12,Puritan St & Steel St,LARCENY,103,0.42386831275720166,0.22200349975031058
92,892ab2ce987ffff,264,42.3197428918377,-83.0971541555232,0.4432782374196896,Central Southwest,04,W Vernor Hwy & McKinstry St,FRAUD,122,0.4621212121212121,0.2216279435058468
93,892ab2c198bffff,270,42.4313393134991,-83.1620305168192,0.37413582837157083,Schulze,12,Washburn St & W 7 Mile Rd,FRAUD,164,0.6074074074074074,0.22050269923518784
94,892ab2c62abffff,284,42.40497708735121,-82.9649772993091,0.24468938883291128,Outer Drive-Hayes,09,Lakewood St & Harper Ave,WEAPONS OFFENSES,51,0.1795774647887324,0.2203575129872636
95,892ab2d5b2fffff,261,42.4350831592613,-82.97768645045474,0.4451244400641741,Franklin,09,Gratiot Ave & E 7 Mile Rd,ASSAULT,33,0.12643678160919541,0.2196449045947
96,892ab2c58c7ffff,242,42.3284015530859,-83.04808771225976,0.6139871899043049,Downtown,03,W Jefferson Ave & N M 10,LARCENY,75,0.30991735537190085,0.21931184188550656
97,892ab2c402fffff,23,42.3566104328282,-82.9920206565145,2.600971517732107,Indian Village,07,Agnes St & Iroquois St,LARCENY,12,0.5217391304347826,0.2186325829794474
98,892ab2c5393ffff,200,42.3662561726895,-83.0777997416561,0.9862906717268278,New Center,03,W Baltimore St & 3rd St,FRAUD,96,0.48,0.21849998114178862
99,892ab2ce2bbffff,243,42.385263484679,-83.17997112431905,0.5768633140892269,Grand River-I96,02,Grand River Ave & Lesure St,ASSAULT,56,0.23045267489711935,0.21713287938860906
100,892ab2c511bffff,159,42.362928675581,-83.0590853182331,1.3207398339394378,Cultural Center,03,Saint Antoine St & E Kirby St,LARCENY,39,0.24528301886792453,0.21545233705447026
101,892ab2c588bffff,262,42.3289384194114,-83.04448923251934,0.38159394710983563,Downtown,03,E Jefferson Ave & Woodward Ave,ASSAULT,57,0.21755725190839695,0.21541178494701
102,892ab2cf597ffff,204,42.4088344091447,-83.1940968807189,0.9083740362785776,Belmont,02,Pilgrim St & Coyle St,ASSAULT,47,0.23039215686274508,0.2152744249410326
103,892ab2ce253ffff,144,42.3893613835394,-83.1981862698424,1.445337882710171,Cadillac Community,02,Greenfield Rd & Birch St,DAMAGE TO PROPERTY,24,0.16666666666666666,0.21451148479284873
104,892ab2cc0d3ffff,166,42.35430968927313,-83.2091046377782,1.240078202978516,Garden View,06,Grandmont Ave & Constance Ave,ASSAULT,33,0.19879518072289157,0.21413990313042308
105,892ab2c58dbffff,256,42.33257905128124,-83.0538018188063,0.40857616661051616,Downtown,03,State St & 1st St,LARCENY,74,0.2890625,0.21325740978058177
106,892ab2c5023ffff,205,42.3691264373985,-83.0725756228081,0.8678872875776856,Milwaukee Junction,03,Woodward Ave & E Milwaukee St,ASSAULT,49,0.23902439024390243,0.21283386629385312
107,892ab2c7187ffff,224,42.4085834761448,-82.9950846370677,0.6868029210914016,Gratiot-Findlay,09,Gunston St & Gratiot Ave,ASSAULT,51,0.22767857142857142,0.21221621573691543
108,892ab2c5c5bffff,183,42.3469945447206,-83.0506040537605,1.0449300511920645,Brush Park,03,Watson St & Brush St,LARCENY,66,0.36065573770491804,0.21101046858008898
109,892ab2ce6c3ffff,236,42.4118076305669,-83.1795789756751,0.557358356033615,Harmony Village,02,Florence St & Schaefer Hwy,ASSAULT,69,0.2923728813559322,0.21065340592771167
110,892ab2cc68fffff,258,42.3649804254039,-83.2214894615411,0.3480255122972029,Franklin Park,06,Faust Ave & W Chicago St,ASSAULT,76,0.29457364341085274,0.20996497493458238
111,892ab2cab0fffff,234,42.4288935372432,-83.27904117833145,0.5637499693953334,Five Points,08,Woodbine St & W 7 Mile Rd,ASSAULT,53,0.2264957264957265,0.20973283686396835
112,892ab2c5067ffff,89,42.3680926316265,-83.0791731606186,1.8752050476733266,New Center,03,W Grand Blvd & 3rd St,LARCENY,25,0.2808988764044944,0.2089619723765671
113,892ab2c66a3ffff,255,42.426114386444,-82.9499411616721,0.36228973776125756,Moross-Morang,09,Morang Dr & Rossiter St,ASSAULT,53,0.20784313725490197,0.20894792762466952
114,892ab2ce58fffff,247,42.3942925025788,-83.1191281603438,0.4350688397451194,Oakman Blvd Community,10,Indiandale St & W Davison St,FRAUD,56,0.22672064777327935,0.2089382989901261
115,892ab2c5337ffff,159,42.3499360906937,-83.0774715488627,1.2285101111814207,Woodbridge,03,W Forest Ave & Trumbull St,ASSAULT,33,0.20754716981132076,0.2082778344091724
116,892ab2c5e8fffff,226,42.3436314563571,-83.0599108960759,0.6159490338287108,Midtown,03,Peterboro St & 2nd Ave,LARCENY,67,0.29646017699115046,0.2081222977048029
117,892ab2d5b7bffff,162,42.4404554785316,-82.9926050027074,1.1762757955850365,Pulaski,09,Fairport St & Manning St,ASSAULT,38,0.2345679012345679,0.2063412079580643
118,892ab2ce517ffff,267,42.39239372340363,-83.1215949269985,0.21885023324126418,Dexter-Linwood,10,Linwood St & W Davison St,FRAUD,73,0.27340823970037453,0.20629645868053784
119,892ab2c5c63ffff,213,42.3373403359428,-83.0446629277057,0.7093264639826765,Downtown,03,Madison St & Brush St,LARCENY,63,0.29577464788732394,0.20617057897231034
120,892ab2ce65bffff,197,42.4090290640969,-83.1903094537909,0.8181776449384311,Hubbell-Puritan,02,Puritan St & Hubbell St,ASSAULT,55,0.27918781725888325,0.20329590128315628
121,892ab2ce04bffff,100,42.3882289797545,-83.1710223087447,1.6983351600478998,Happy Homes,02,Appoline St & Schoolcraft St,ASSAULT,22,0.22,0.2030010864555018
122,892ab2cc01bffff,233,42.3458183863618,-83.212710373966,0.484894495165343,Warren Ave Community,06,Rutland St & Majestic St,ASSAULT,61,0.26180257510729615,0.20288982543732462
123,892ab2cab1bffff,177,42.4361457495439,-83.278590078579,0.9846079091185393,Five Points,08,Pembroke Ave & Telegraph Rd,STOLEN VEHICLE,41,0.23163841807909605,0.20206473207883846
124,892ab2cebb3ffff,240,42.3145125129767,-83.1256540155737,0.4102979668457764,Springwells,04,Pitt St & Central St,ASSAULT,75,0.3125,0.20204919272489527
125,892ab2c42a3ffff,52,42.3617892760127,-83.01246918895541,2.120775349549554,Islandview,07,Goethe Ave & E Grand Blvd,ASSAULT,15,0.28846153846153844,0.20183602625877137
126,892ab2c4477ffff,60,42.3806249944773,-82.9876364836867,2.0472317532316926,East Canfield,05,French Rd & E Canfield St,ASSAULT,10,0.16666666666666666,0.20178618527270253
127,892ab2c4043ffff,116,42.3673720540776,-83.00512335074473,1.5368016490124863,Gratiot-Grand,07,Van Dyke St & Mack Ave,LARCENY,15,0.12931034482758622,0.20177763281329925
128,892ab2ce673ffff,170,42.4020365627874,-83.1812382609247,1.0363125828810056,Bethune Community,02,Fenkell St & Lesure St,FRAUD,61,0.3588235294117647,0.2011246192120298
129,892ab2cc43bffff,199,42.3581573892756,-83.1959057596445,0.7640055548897002,We Care Community,02,Prest St & Joy Rd,ASSAULT,47,0.23618090452261306,0.20049965166704764
130,892ab2c081bffff,26,42.4342419802444,-83.10627766435495,2.3397915859991887,Penrose,12,Penrose St & Danbury St,ASSAULT,6,0.23076923076923078,0.2004421846328292
131,892ab2c184bffff,228,42.4439467189446,-83.2011474422937,0.4838168746749065,Schaefer 7/8 Lodge,12,Motor Dr & N M 10,ASSAULT,57,0.25,0.19926157445377457
132,892ab2cc5c7ffff,183,42.3536888078032,-83.1772776946831,0.8908111660121676,Joy-Schaefer,02,Belton St & Schaefer Hwy,ASSAULT,59,0.3224043715846995,0.19902163985602772
133,892ab2ca933ffff,225,42.4295583345766,-83.2407568910825,0.5043845291985896,Evergreen Lahser 7/8,08,Kentfield St & W 7 Mile Rd,LARCENY,34,0.1511111111111111,0.19873486764484538
134,892ab2c1da7ffff,103,42.4413524503916,-83.1418629986631,1.6122880644776663,Green Acres,12,Livernois Ave & Chippewa St,LARCENY,26,0.2524271844660194,0.19843418126004855
135,892ab2ce49bffff,199,42.4171531509341,-83.1408402179552,0.7331913136122563,University District,12,W McNichols Rd & Livernois Ave,ASSAULT,43,0.21608040201005024,0.19810262770398201
136,892ab2c5eb7ffff,221,42.3376744078901,-83.05134286793893,0.5319429624792293,Downtown,03,W Elizabeth St & Woodward Ave,LARCENY,62,0.28054298642533937,0.19804308522785563
137,892ab2cc6dbffff,183,42.3719120810853,-83.2350273305592,0.8675769938420681,Weatherby,06,Plymouth Rd & Plainview Ave,FRAUD,46,0.25136612021857924,0.19721426556592997
138,892ab2c5c87ffff,216,42.3471242369743,-83.02647867706486,0.5627494017443813,Elmwood Park,07,Prince Hall Dr & Chene St,LARCENY,58,0.26851851851851855,0.1968950788359486
139,892ab2c758fffff,235,42.4268274241563,-82.9860458151414,0.38803958488563056,Franklin,09,Pelkey St & E McNichols Rd,ASSAULT,45,0.19148936170212766,0.1967733012123527
140,892ab2cf097ffff,188,42.40348686246293,-83.22514401479962,0.7916754880425692,Rosedale Park,08,Grand River Ave & Glastonbury Ave,FRAUD,70,0.3723404255319149,0.19485434995107342
141,892ab2c534bffff,205,42.3593525706436,-83.1025646264425,0.6279570128998356,NW Goldberg,03,W Grand Blvd & Lawton St,ASSAULT,42,0.2048780487804878,0.19416981376406667
142,892ab2c1d7bffff,111,42.4408727564128,-83.16457250814507,1.4799360269568136,Pembroke,12,Ilene St & Chippewa St,LARCENY,24,0.21621621621621623,0.19380966191260485
143,892ab2ce023ffff,188,42.38089917658435,-83.1516693330157,0.7779300286528011,Littlefield Community,02,Fullerton St & Roselawn St,ASSAULT,39,0.2074468085106383,0.19378509774252603
144,892ab2c5103ffff,166,42.36068373192185,-83.05492319228219,0.9632282607246531,Medical Center,03,E Warren Ave & S I 75 Service Drive,ASSAULT,35,0.21084337349397592,0.19260388866942077
145,892ab2c5e93ffff,188,42.3485431554642,-83.05642557551545,0.7626940975469488,Midtown,03,Parsons St & Woodward Ave,LARCENY,64,0.3404255319148936,0.19259990250661158
146,892ab2cc67bffff,193,42.3575569236142,-83.2371449248209,0.709732311693417,Franklin Park,06,Evergreen Rd & Joy Rd,ASSAULT,50,0.25906735751295334,0.19202445589494768
147,892ab2c6adbffff,201,42.3632187640524,-82.95118302529097,0.6367904301721662,Jefferson Chalmers,05,Continental St & Essex Ave,ASSAULT,50,0.24875621890547264,0.192021421993091
148,892ab2c8d8bffff,114,42.4167655083308,-83.28377287803538,1.422976058014003,The Eye,08,Fenton St & Santa Maria St,ASSAULT,28,0.24561403508771928,0.19150542932086406
149,892ab2c5e8bffff,214,42.3461585812171,-83.0629556758828,0.5110973954051218,Midtown,03,Brainard St & 2nd Ave,LARCENY,53,0.24766355140186916,0.191459326481674
150,892ab2c5e13ffff,187,42.344202289561686,-83.0651962666935,0.7536485904565339,Midtown,03,Martin Luther King Jr Blvd & 3rd St,ASSAULT,57,0.3048128342245989,0.19118737247938744
151,892ab2c53b7ffff,184,42.3546909528293,-83.0712814295488,0.7782949106754941,Wayne State,03,Anthony Wayne Dr & 3rd St,LARCENY,39,0.21195652173913043,0.1909779429748347
152,892ab2c7423ffff,199,42.43428372316813,-83.0092366581504,0.6370197372404274,Mount Olivet,09,E 7 Mile Rd & Algonac St,ASSAULT,56,0.2814070351758794,0.1906214902956819
153,892ab2c6627ffff,211,42.4169266317811,-82.9554879878915,0.5268778965313291,Outer Drive-Hayes,09,Wayburn St & Courville St,ASSAULT,47,0.22274881516587677,0.19056022947480666
154,892ab2c516fffff,217,42.3510898726668,-83.0641852712122,0.470854541578441,Midtown,03,Cass Ave & W Willis St,LARCENY,59,0.271889400921659,0.19045550966736213
155,892ab2c63cfffff,130,42.3954554938188,-82.95883736028489,1.2620009475400882,Chandler Park-Chalmers,05,Marlborough St & E Warren Ave,ASSAULT,26,0.2,0.1903254133708263
156,892ab2c1977ffff,210,42.418588584036485,-83.1691476800448,0.5248014619847942,Schulze,12,Santa Maria St & Manor St,ASSAULT,74,0.3523809523809524,0.1896898200124738
157,892ab2c463bffff,190,42.3791965755129,-83.0140688496528,0.7067944496607834,Gratiot-Grand,07,Gratiot Ave & Parker St,ASSAULT,38,0.2,0.1896692670558291
158,892ab2c522fffff,58,42.3633102510717,-83.1026801791687,1.9065835691278514,Wildemere Park,10,Columbus St & Lawton St,ASSAULT,12,0.20689655172413793,0.1894274660732535
159,892ab2c60dbffff,114,42.4200419351435,-82.9490112881277,1.3910491721192164,Yorkshire Woods,09,Nottingham Rd & Grayton St,ASSAULT,21,0.18421052631578946,0.18902185330590354
160,892ab2c09a7ffff,15,42.4100546351314,-83.0697041225235,2.290431973819427,Campau/Banglatown,11,Lawley St & Mackay St,BURGLARY,4,0.26666666666666666,0.1888047942470773
161,892ab2c6217ffff,205,42.4079054349157,-82.9669807326354,0.5588101175013803,Outer Drive-Hayes,09,Chalmers St & Maiden St,SEX OFFENSES,47,0.22926829268292684,0.1887909123739806
162,892ab2c4037ffff,200,42.3588179546498,-82.984583295929,0.6009772775669093,East Village,07,E Jefferson Ave & McClellan St,ASSAULT,52,0.26,0.18852665060362733
163,892ab2c09d3ffff,133,42.4251221714166,-83.0861939173205,1.2078212094341032,Hawthorne Park,11,Orleans St & E Nevada St,ASSAULT,35,0.2631578947368421,0.18823745350437257
164,892ab2cf337ffff,157,42.37188123031788,-83.23877308021191,0.9886151783997751,Weatherby,06,Plymouth Rd & Heyden St,ASSAULT,42,0.267515923566879,0.1881987617311131
165,892ab2c5143ffff,146,42.3621383054182,-83.06738283057375,1.0852356507457381,Cultural Center,03,E Palmer St & Woodward Ave,DAMAGE TO PROPERTY,30,0.2054794520547945,0.1879170869571115
166,892ab2ce4d7ffff,231,42.4171392866036,-83.14514825487474,0.3066096201340648,Fitzgerald/Marygrove,12,San Juan Dr & W McNichols Rd,LARCENY,77,0.3333333333333333,0.18760336742933967
167,892ab2c626fffff,71,42.3994899939403,-82.9821529906713,1.7604249573988,Ravendale,09,Harper Ave & Norcross St,SEX OFFENSES,29,0.4084507042253521,0.1872733638674577
168,892ab2c527bffff,205,42.37015957772764,-83.11761471881249,0.537915092377746,Petoskey-Otsego,10,Dexter Ave & Joy Rd,FRAUD,56,0.2731707317073171,0.18716549912822683
169,892ab2cc437ffff,115,42.3559364769577,-83.1894704550177,1.3570551249598093,Fiskhorn,02,Mackenzie St & Lauder St,ASSAULT,32,0.2782608695652174,0.18708635856861708
170,892ab2c620bffff,191,42.4073962988235,-82.9785003908256,0.6639713900147638,Wade,09,Park Dr & Longview St,ASSAULT,55,0.2879581151832461,0.18704696798316833
171,892ab2c0ca7ffff,185,42.4470956827514,-83.0790821427615,0.7175194615363497,Butler,11,Fleming St & E 8 Mile Rd,FRAUD,47,0.25405405405405407,0.18695913676698753
172,892ab2c5e53ffff,171,42.3436575532344,-83.0767816042015,0.8386756042645392,Woodbridge,03,Grand River Ave & Avery St,ASSAULT,37,0.21637426900584794,0.186459425094606
173,892ab2ce223ffff,61,42.376961501361095,-83.1824864720439,1.8409691165038768,Paveway,02,Shirley Ave & Capitol St,ASSAULT,12,0.19672131147540983,0.1864500056520514
174,892ab2c5ecfffff,135,42.34537185285316,-83.0710393301703,1.1639944767927362,Jeffries,03,Miracles Blvd & Selden St,ASSAULT,30,0.2222222222222222,0.18624596391427445
175,892ab2ce6c7ffff,158,42.4094078672851,-83.177294429637,0.9515993039839346,Harmony Village,12,Puritan St & Snowden St,ASSAULT,34,0.21518987341772153,0.1860282006074536
176,892ab2c0a0fffff,59,42.4245046287608,-83.1356344850369,1.852888485222905,University District,12,Curtis St & Fairfield St,LARCENY,15,0.2542372881355932,0.18595943783137403
177,892ab2cc28fffff,192,42.34317392863,-83.232918364425,0.6407726491935901,Warrendale,06,Auburn St & W Warren Ave,SEX OFFENSES,67,0.3489583333333333,0.18595123456755108
178,892ab2cf6a3ffff,80,42.41322615473,-83.2445924537635,1.6597255628322904,McNichols Evergreen,08,Grove St & Fielding St,DAMAGE TO PROPERTY,15,0.1875,0.18581997200593275
179,892ab2c60cbffff,192,42.416618823273,-82.9515420713541,0.6372443520264776,Yorkshire Woods,09,Whittier St & Greensboro St,ASSAULT,39,0.203125,0.18567677014760198
180,892ab2c0803ffff,106,42.4322646898778,-83.10237505711635,1.3979818914831013,Penrose,12,John R St & E 7 Mile Rd,SEX OFFENSES,15,0.14150943396226415,0.18389006847091494
181,892ab2ce0b7ffff,203,42.38650924918952,-83.1393947620837,0.51133232215468,Oakman Blvd Community,10,Livernois Ave & Waverly,ASSAULT,30,0.1477832512315271,0.18367986974356287
182,892ab2c5c1bffff,162,42.3462584472492,-83.0392059352133,0.8718662882571425,Eastern Market,07,Market St & Winder St,LARCENY,88,0.5432098765432098,0.1826613491200636
183,892ab2ce383ffff,158,42.3735129829966,-83.1585663314181,0.9021673706029999,Barton-McFarland,02,Plymouth Rd & Wyoming St,FRAUD,36,0.22784810126582278,0.18218291596169794
184,892ab2c430fffff,129,42.3443211693378,-83.0080322789941,1.165228118691563,Rivertown,07,Wight St & Iron St,LARCENY,51,0.3953488372093023,0.1820886201538514
185,892ab2c0e27ffff,145,42.4393441193641,-83.1171312167726,1.018236020278157,State Fair,12,W State Fair St & Ralston St,ASSAULT,40,0.27586206896551724,0.18199633551230482
186,892ab2ce6b7ffff,165,42.4025346456698,-83.15968107136445,0.8349050163255154,Bethune Community,12,Fenkell St & Wyoming St,ASSAULT,29,0.17575757575757575,0.1819128048717183
187,892ab2c0a67ffff,59,42.4190269779581,-83.13978623963959,1.7962064800122552,University District,12,Livernois Ave & Santa Maria St,ASSAULT,18,0.3050847457627119,0.18155017383096544
188,892ab2ce80fffff,217,42.33114958169256,-83.128868493979,0.3534006104339206,Claytown,04,Braden St & Michigan Ave,FRAUD,80,0.3686635944700461,0.18131882883933978
189,892ab2cf12bffff,178,42.3722632304321,-83.2167737009779,0.7047962048306259,Southfield Plymouth,06,Plymouth Rd & Archdale St,ASSAULT,32,0.1797752808988764,0.18100720836227607
190,892ab2c5e2fffff,160,42.32990083117143,-83.0636932195099,0.8679505610855636,Corktown,03,Bagley St & 8th St,LARCENY,73,0.45625,0.18093897734336895
191,892ab2c0c27ffff,201,42.4424237844939,-83.0855414092107,0.494088301552887,Nolan,11,Orleans St & E State Fair St,FRAUD,73,0.36318407960199006,0.18092069688352044
192,892ab2c1a67ffff,201,42.4300292951212,-83.21942190336443,0.4902020706557212,Evergreen-Outer Drive,08,Fenmore St & W 7 Mile Rd,WEAPONS OFFENSES,33,0.16417910447761194,0.18061838898300656
193,892ab2ce68fffff,185,42.4077090694308,-83.16975096690435,0.6358245299238965,Bethune Community,12,Appoline St & Pilgrim St,ASSAULT,43,0.23243243243243245,0.18060413010065748
194,892ab2c7237ffff,163,42.4110367824113,-83.044677925138,0.8360851309362197,Buffalo Charles,11,Caldwell Ave & Emerald Springs Cir,ASSAULT,46,0.2822085889570552,0.18058683600347575
195,892ab2c5133ffff,148,42.356804502036255,-83.05097964856536,0.9713937477922612,Forest Park,07,N I 75 Service Drive & E Canfield St,ASSAULT,36,0.24324324324324326,0.18047915331845915
196,892ab2cc2c7ffff,197,42.34676369900487,-83.23913907503454,0.5246127851334471,Warrendale,06,Sawyer St & Stout St,ASSAULT,48,0.2436548223350254,0.1804596419921755
197,892ab2c5ea3ffff,221,42.3381962993625,-83.05442812034902,0.3043485306488456,Downtown,03,Columbia St & Park Ave,LARCENY,95,0.4298642533936652,0.18033863156158667
198,892ab2c5883ffff,182,42.329780666884,-83.0406075365884,0.6573321725675177,Downtown,03,Brush St & Renaissance Ctr,LARCENY,68,0.37362637362637363,0.18015054448358897
199,892ab2c0bcfffff,45,42.41667854872,-83.1218601340487,1.9037631348217874,Martin Park,12,Hill Ave & Log Cabin St,ASSAULT,9,0.2,0.17999256499561514
200,892ab2cf02bffff,217,42.3913904541749,-83.2376028647668,0.3298184418551651,Brightmoor,06,Acacia St & Crescent Dr,ASSAULT,57,0.2626728110599078,0.1794843840877921
201,892ab2ce57bffff,193,42.38805157221546,-83.13536484524876,0.5476355987610657,Russell Woods,10,Petoskey Ave & W Davison St,ASSAULT,53,0.27461139896373055,0.1794150360577169
202,892ab2c646bffff,211,42.4239810971235,-82.94266454126125,0.3831636295889419,Moross-Morang,09,Balfour Rd & Casino St,ASSAULT,47,0.22274881516587677,0.17938077064622018
203,892ab2ce6cfffff,196,42.4093718386604,-83.1794650498747,0.5196448105545652,Harmony Village,02,Puritan St & Schaefer Hwy,ASSAULT,27,0.1377551020408163,0.17936430111954788
204,892ab2cedbbffff,67,42.3382910245191,-83.0885019612931,1.6925552649132538,Core City,03,Humboldt St & Magnolia St,ASSAULT,19,0.2835820895522388,0.17915827668198642
205,892ab2ce61bffff,131,42.4075428030227,-83.1793735187146,1.106763356877395,Bethune Community,12,Pilgrim St & Schaefer Hwy,ASSAULT,31,0.2366412213740458,0.17895844581135795
206,892ab2c74a3ffff,30,42.44019676919003,-83.00122632319129,2.0172003879530367,Pulaski,09,Annott St & Manning St,AGGRAVATED ASSAULT,4,0.13333333333333333,0.17818352018776648
207,892ab2c66b3ffff,169,42.4282926639482,-82.9496654893511,0.7500888869483014,Moross-Morang,09,Casino St & Lansdowne St,RUNAWAY,36,0.21301775147928995,0.17815054059070015
208,892ab2c5ddbffff,156,42.3374147416011,-83.0245680178596,0.8661813952472679,Elmwood Park,07,Dubois St & E Jefferson Ave,LARCENY,35,0.22435897435897437,0.17796581609136858
209,892ab2cab07ffff,161,42.4290709757743,-83.2726955002077,0.8199490917382455,Seven Mile-Rouge,08,Shiawassee Dr & W 7 Mile Rd,ASSAULT,41,0.2546583850931677,0.17791385244634922
210,892ab2c5123ffff,170,42.3514642006266,-83.0526924726957,0.7369904585326459,Medical Center,03,Beaubien St & Saint Antoine St,ASSAULT,67,0.3941176470588235,0.17784050527657072
211,892ab2c6307ffff,194,42.3869708078483,-82.94979589089387,0.5146338315489204,Riverbend,05,Mack Ave & Manistique St,FRAUD,87,0.4484536082474227,0.17755673026661412
212,892ab2ca963ffff,181,42.4292373916499,-83.2534029514986,0.6307327721719559,Holcomb Community,08,W 7 Mile Rd & Bentler St,ASSAULT,31,0.1712707182320442,0.17737250613445996
213,892ab2d5ba3ffff,206,42.4434084434849,-82.9688975428361,0.39810472174524497,Regent Park,09,Rossini Dr & Gratiot Ave,ASSAULT,60,0.2912621359223301,0.1769986070716048
214,892ab2c44c7ffff,112,42.3929511302013,-82.9832051697187,1.2533604440879367,Conner Creek Industrial,05,Chandler Park Dr & Shoemaker St,LARCENY,26,0.23214285714285715,0.17689334867054834
215,892ab2c60d3ffff,155,42.4213546601883,-82.9452890757471,0.8600401200129707,Yorkshire Woods,09,Nottingham Rd & Britain St,DAMAGE TO PROPERTY,26,0.16774193548387098,0.17677920476487552
216,892ab2ce287ffff,84,42.3880969558026,-83.1769204989617,1.504960400422897,Happy Homes,02,Hartwell St & Schoolcraft St,BURGLARY,14,0.16666666666666666,0.17661640846131277
217,892ab2cc047ffff,209,42.3433682920319,-83.2165323730932,0.36351742808168175,Warrendale,06,N M 39 Service Drive & W Warren Ave,ASSAULT,29,0.13875598086124402,0.17643473337039745
218,892ab2cd48bffff,107,42.379611414277015,-83.2743839885762,1.2920533998286685,Castle Rouge,06,Fullerton St & Dale St,ASSAULT,26,0.24299065420560748,0.1763588303345979
219,892ab2ce1c7ffff,191,42.3761550554237,-83.13910617143068,0.5235484876158361,Nardin Park,10,Elmhurst St & Livernois Ave,ASSAULT,47,0.24607329842931938,0.17612354270773095
220,892ab2c5843ffff,183,42.3243053474778,-83.0564648541344,0.5946564915417898,West Side Industrial,03,6th St & Riverfront Dr,LARCENY,62,0.33879781420765026,0.17598392021569248
221,892ab2c506bffff,174,42.3697335528948,-83.0855800200117,0.6757409576396267,Virginia Park Community,10,Pallister St & Bethune St,ASSAULT,44,0.25287356321839083,0.17591147689114572
222,892ab2c1d6fffff,133,42.4360353817533,-83.1611566815183,1.0458385363679505,Oak Grove District 2,12,Saint Martins Ave & Wyoming St,DAMAGE TO PROPERTY,23,0.17293233082706766,0.17563690476961552
223,892ab2c0d23ffff,164,42.42583824229362,-83.0685993556559,0.7529477978631791,Northeast Central District,11,Conant St & E Nevada St,FRAUD,46,0.2804878048780488,0.17482851035829367
224,892ab2ce647ffff,174,42.4037563582289,-83.1846794154103,0.6584476101262354,Bethune Community,02,Freeland St & Keeler Ave,ASSAULT,42,0.2413793103448276,0.1745662362922294
225,892ab2c532fffff,58,42.34699950549471,-83.08519883038568,1.714005566378526,Core City,03,W Forest Ave & 14th St,ASSAULT,14,0.2413793103448276,0.17444692239563406
226,892ab2c63dbffff,106,42.40087543780315,-82.9599377740107,1.2752959329594207,Chandler Park-Chalmers,05,Marlborough St & Chandler Park Dr,DAMAGE TO PROPERTY,24,0.22641509433962265,0.17434639092697984
227,892ab2c5e43ffff,110,42.34144650089021,-83.07733172896707,1.2370553421677046,Core City,03,Martin Luther King Jr Blvd & Rosa Parks Blvd,ASSAULT,31,0.2818181818181818,0.17420721381130588
228,892ab2c61cbffff,92,42.39970467346932,-82.93094172363946,1.4002419065295373,East English Village,05,Yorkshire Rd & Waveney St,LARCENY,15,0.16304347826086957,0.1741414882444505
229,892ab2ce00bffff,154,42.388510205176665,-83.1590618948012,0.8334610343615626,Northwest Community,02,Schoolcraft St & Wyoming St,ASSAULT,22,0.14285714285714285,0.1740027466892344
230,892ab2cd483ffff,145,42.3810577619883,-83.2697482783027,0.9143850086521644,Castle Rouge,06,Grayfield St & Glendale St,ASSAULT,31,0.21379310344827587,0.1739178187896383
231,892ab2ce1cfffff,199,42.37607995333901,-83.1416101120653,0.41963948893674285,Oakman Blvd Community,10,Monica St & Tuxedo St,ASSAULT,50,0.25125628140703515,0.1737115927067865
232,892ab2cc0bbffff,136,42.34364375503522,-83.19991947912189,0.9933456916659843,Warren Ave Community,06,Forrer St & W Warren Ave,LARCENY,23,0.16911764705882354,0.1736801674724979
233,892ab2c609bffff,181,42.4190613504223,-82.9381421752509,0.582652177895137,Yorkshire Woods,09,Duprey St & Cadieux Rd,AGGRAVATED ASSAULT,24,0.13259668508287292,0.17363234146182416
234,892ab2cc477ffff,216,42.3581503152907,-83.2007933547716,0.2629453618827163,Warren Ave Community,06,Joy Rd & Prevost St,ASSAULT,61,0.2824074074074074,0.17357347694084235
235,892ab2c1827ffff,104,42.4311756442759,-83.17777102176504,1.283141991913916,Greenwich,12,W Outer Dr & W 7 Mile Rd,ASSAULT,20,0.19230769230769232,0.17353896243702094
236,892ab2cab73ffff,176,42.4287961055717,-83.2814705315058,0.6267399632744648,Five Points,08,Lenore Ave & W 7 Mile Rd,ASSAULT,49,0.2784090909090909,0.17351748414572288
237,892ab2ce6dbffff,194,42.41445617218076,-83.18286223224472,0.46185884987707093,Harmony Village,02,W McNichols Rd & Stansbury St,ASSAULT,42,0.21649484536082475,0.17345139161560622
238,892ab2ce30fffff,151,42.36598357994898,-83.1679172497848,0.8500524565432414,Barton-McFarland,02,W Chicago St & Meyers Rd,ASSAULT,27,0.17880794701986755,0.17316673081373807
239,892ab2c5053ffff,34,42.3817445957975,-83.0847668736954,1.916164740350528,Piety Hill,10,Clairmount St & 2nd Blvd,DAMAGE TO PROPERTY,7,0.20588235294117646,0.17315954793525037
240,892ab2c0adbffff,142,42.4370310784254,-83.1416885783729,0.931720665027519,Sherwood Forest,12,Livernois Ave & Saint Martins Ave,FRAUD,81,0.5704225352112676,0.17313969650887015
241,892ab2ce48bffff,186,42.4146920712702,-83.1418222680499,0.5307116832553478,Fitzgerald/Marygrove,12,Santa Rosa Dr & Grove St,ASSAULT,52,0.27956989247311825,0.17313634056782592
242,892ab2ce1c3ffff,213,42.37926053274559,-83.140300134081,0.28287647059533505,Oakman Blvd Community,10,Herbert St & Livernois Ave,ASSAULT,50,0.2347417840375587,0.17299725356102072
243,892ab2c744bffff,140,42.4435787457308,-83.02824308494327,0.9445295230609655,Sherwood,11,Milbank St & Spencer St,ASSAULT,33,0.2357142857142857,0.17271832160397332
244,892ab2ce447ffff,199,42.4079087606808,-83.1535610802127,0.4056784132612134,Fitzgerald/Marygrove,12,Pilgrim St & Northlawn St,ASSAULT,43,0.21608040201005024,0.17262556781838811
245,892ab2c0dd7ffff,174,42.4426594712642,-83.07179624030181,0.6276707877311334,Butler,11,E Remington St & Charest St,ASSAULT,56,0.3218390804597701,0.17217212312475458
246,892ab2c66a7ffff,152,42.4230425468439,-82.9473144053983,0.8248416241854898,Yorkshire Woods,09,Lakepointe St & Britain St,ASSAULT,32,0.21052631578947367,0.17191447783349373
247,892ab2c0e2fffff,132,42.4392070441732,-83.1199980125666,1.005520100420037,State Fair,12,Woodward Ave & W State Fair St,LARCENY,45,0.3409090909090909,0.1717916697086464
248,892ab2c0a47ffff,185,42.4279895777381,-83.14340220765335,0.5220323470736521,Bagley,12,Margareta St & Livernois Ave,FRAUD,62,0.33513513513513515,0.17175229478705378
249,892ab2c42afffff,111,42.3580011652625,-83.016229447754,1.1891202238917942,Islandview,07,Beaufait St & Charlevoix St,LARCENY,67,0.6036036036036037,0.1711872503299675
250,892ab2ce347ffff,158,42.3658503442388,-83.1752713669199,0.7606230368197263,Barton-McFarland,02,Hartwell St & W Chicago St,ASSAULT,32,0.20253164556962025,0.17117225511628475
251,892ab2c0d2fffff,45,42.4234446436603,-83.0708329534678,1.7902906419931823,Cadillac Heights,11,McDougall St & Minnesota St,ASSAULT,11,0.24444444444444444,0.17116559820418997
252,892ab2ce6a7ffff,210,42.40105749931469,-83.15960550061021,0.2833426912534888,Chalfonte,10,Desoto St & Wyoming St,FRAUD,87,0.4142857142857143,0.17090686656169451
253,892ab2cc427ffff,177,42.3535509621825,-83.190388816671,0.5765831327513923,Fiskhorn,02,Belton St & Lauder St,ASSAULT,34,0.192090395480226,0.17032469481261248
254,892ab2ce36fffff,177,42.35856001028,-83.17747955495315,0.5764455117328473,We Care Community,02,Schaefer Hwy & Joy Rd,FRAUD,56,0.3163841807909605,0.1703139893444394
255,892ab2cf4c3ffff,154,42.4266470886364,-83.22964982557433,0.7850582867995071,Evergreen-Outer Drive,08,Margareta St & Sunderland Rd,ASSAULT,39,0.2532467532467532,0.17023752187841318
256,892ab2c5c4fffff,89,42.34175070224962,-83.04922716148553,1.374089554379757,Brush Park,03,John R St & Winder St,LARCENY,31,0.34831460674157305,0.16998045617199925
257,892ab21b607ffff,37,42.2947017684597,-83.11583400175589,1.8478834603956573,Delray,04,S Westend St & South St,LARCENY,9,0.24324324324324326,0.1699746363890973
258,892ab2c5263ffff,100,42.3687090022666,-83.1125330908017,1.2732887288567971,Jamison,10,Hazelwood St & Wildemere St,ASSAULT,30,0.3,0.16993694342477916
259,892ab2d594bffff,181,42.4498525716414,-82.9679440741673,0.5351406900078413,Regent Park,09,Gratiot Ave & E 8 Mile Rd,FRAUD,29,0.16022099447513813,0.1699364472822029
260,892ab2c5127ffff,157,42.350706735883,-83.0481526339133,0.7510472464775177,Forest Park,03,N I 75 Service Drive & Mack Ave,LARCENY,36,0.22929936305732485,0.16971847462794049
261,892ab2c5c2bffff,210,42.3356219388886,-83.035703183339,0.2673888861072681,Lafayette Park,07,Rivard St & E Larned St,LARCENY,56,0.26666666666666666,0.16966582827380508
262,892ab2cf5b3ffff,174,42.40343390335013,-83.1938167083959,0.593664278859858,Belmont,02,Fenkell St & Coyle St,ASSAULT,44,0.25287356321839083,0.16952677430922752
263,892ab2ce197ffff,197,42.377040420023,-83.1227003324198,0.3834244117033982,Nardin Park,10,Dexter Ave & Collingwood St,ASSAULT,29,0.14720812182741116,0.16947667111935966
264,892ab2ce5cbffff,69,42.3989359961118,-83.1330700223734,1.5488747933723743,Dexter-Fenkell,10,Wildemere St & Bourke St,ASSAULT,18,0.2608695652173913,0.16939921615646386
265,892ab2c0d47ffff,136,42.43292406486415,-83.0828907799923,0.9365926923274139,Nolan,11,E 7 Mile Rd & Dequindre St,ASSAULT,27,0.19852941176470587,0.16926538087543241
266,892ab2ce24bffff,170,42.38479602988105,-83.2023888736757,0.6238772398286638,Schoolcraft Southfield,06,Montrose St & W Davison St,ASSAULT,37,0.21764705882352942,0.16904148623431375
267,892ab2c5a43ffff,166,42.322366343455,-83.089237255484,0.6571040353287579,Hubbard Farms,04,W Vernor Hwy & W Grand Blvd,ASSAULT,34,0.20481927710843373,0.16879064279579933
268,892ab2c0a57ffff,161,42.4315981437876,-83.1414805751529,0.7021421184716445,Bagley,12,Livernois Ave & W 7 Mile Rd,FRAUD,35,0.21739130434782608,0.16874970865342764
269,892ab2c5663ffff,191,42.3879967160894,-83.1039766889552,0.42871094869796644,Dexter-Linwood,10,Woodrow Wilson St & Tuxedo St,ASSAULT,83,0.43455497382198954,0.16874617938609343
270,892ab2c5e57ffff,100,42.3424350396409,-83.07355371196816,1.2501076851668724,Core City,03,Cochrane St & Magnolia St,AGGRAVATED ASSAULT,22,0.22,0.16813370197179894
271,892ab2c0d17ffff,155,42.4356307524754,-83.0683367487351,0.7481680186422707,Pershing,11,Revere St & Emery St,ASSAULT,43,0.27741935483870966,0.16807673160093722
272,892ab2d5b73ffff,148,42.4413033142274,-82.987777512087,0.8077914573959869,Pulaski,09,Manning St & Schoenherr St,ASSAULT,26,0.17567567567567569,0.16775261538551473
273,892ab2cc493ffff,199,42.3728340793303,-83.1877403376603,0.34024048457375444,Plymouth-Hubbell,02,Plymouth Rd & Hubbell St,ASSAULT,45,0.22613065326633167,0.16753518503904516
274,892ab2c0d93ffff,148,42.44269457259664,-83.06568811266315,0.804107866009966,Farwell,11,E Remington St & Wexford St,ASSAULT,43,0.2905405405405405,0.167466070708236
275,892ab2cf54fffff,179,42.4006788127604,-83.218208113034,0.5210449874509651,Grand River-St Marys,08,Grand River Ave & N M 39,FRAUD,30,0.16759776536312848,0.16742218046184093
276,892ab2c663bffff,110,42.42209637262654,-82.9597505208086,1.1460366354654405,Denby,09,Riad St & Yorkshire Rd,ASSAULT,24,0.21818181818181817,0.16712691548144648
277,892ab2c18a3ffff,115,42.4407051655529,-83.1721629174823,1.100393308668141,Blackstone Park,12,Meyers Rd & Chippewa St,ASSAULT,26,0.22608695652173913,0.16712076803157455
278,892ab2ce603ffff,187,42.4039827780947,-83.17496499660851,0.44104833791376363,Bethune Community,12,Keeler Ave & Snowden St,ASSAULT,32,0.1711229946524064,0.16687035978844422
279,892ab2cf4abffff,183,42.4155656036928,-83.2187171973734,0.47636580133937845,College Park,08,N M 39 & W McNichols Rd,LARCENY,36,0.19672131147540983,0.16678214833139463
280,892ab2d5947ffff,136,42.44637842204064,-82.9585931320069,0.9033202693903608,Regent Park,09,Crusade St & Eastburn St,ASSAULT,30,0.22058823529411764,0.1666771362267559
281,892ab2c74abffff,106,42.4400719945953,-83.0048935853756,1.176375658151308,Pulaski,09,Hoover St & Manning St,ASSAULT,27,0.25471698113207547,0.16665143368259516
282,892ab2c538bffff,124,42.3630058836639,-83.0833861200632,1.012058915378296,Elijah McCoy,03,Holden St & Lincoln St,LARCENY,63,0.5080645161290323,0.16662924325276107
283,892ab2c4383ffff,127,42.35326268175937,-82.996217052024,0.9751008961464166,West Village,07,Van Dyke St & E Lafayette St,LARCENY,42,0.33070866141732286,0.16588095203025438
284,892ab2c7573ffff,115,42.4213739335655,-82.9988677206374,1.0811729586382735,Von Steuben,09,Strasburg St & E McNichols Rd,ASSAULT,30,0.2608695652173913,0.1656256268990935
285,892ab2cc417ffff,177,42.3654446556957,-83.1940347737658,0.5150057630541638,Plymouth-Hubbell,02,Sussex & W Chicago St,ASSAULT,32,0.1807909604519774,0.1655346229293611
286,892ab2c19cfffff,148,42.43126576791455,-83.1706778398495,0.7789497690832667,Schulze,12,Meyers Rd & W 7 Mile Rd,ASSAULT,26,0.17567567567567569,0.16550903530192956
287,892ab2c744fffff,150,42.4412088056657,-83.02497615037137,0.7606537609663169,Nortown,11,Van Dyke St & E Outer Dr,ASSAULT,30,0.2,0.16550356762710258
288,892ab2c7437ffff,195,42.4344290672724,-83.0045833511299,0.34514033155585966,Pulaski,09,Hoover St & E 7 Mile Rd,ASSAULT,49,0.2512820512820513,0.16508080286054402
289,892ab2ce06bffff,153,42.38062079956238,-83.16844657766985,0.7255157417274721,Grand River-I96,02,Grand River Ave & Meyers Rd,ASSAULT,35,0.22875816993464052,0.1648968532669565
290,892ab2c5397ffff,33,42.3653961731988,-83.074554839561,1.8152734257562033,Tech Town,03,Amsterdam St & 2nd Ave,LARCENY,13,0.3939393939393939,0.16460237983267179
291,892ab2c1a47ffff,93,42.4388564398587,-83.2234720227912,1.2680362617025116,O'Hair Park,08,Fargo St & Rosemont Ave,ASSAULT,16,0.17204301075268819,0.1645661638926485
292,892ab2c1a2bffff,205,42.4301401901191,-83.2150147042463,0.24672724136006458,Greenfield,08,Oakfield St & W 7 Mile Rd,ASSAULT,40,0.1951219512195122,0.16451414612691526
293,892ab2c5177ffff,84,42.3546366096371,-83.0600492259099,1.3465925105646155,Midtown,03,John R St & Garfield St,LARCENY,30,0.35714285714285715,0.16429705185108473
294,892ab2c6053ffff,210,42.4150771920204,-82.9524596763303,0.19831246152221274,Outer Drive-Hayes,09,Roxbury St & Courville St,ASSAULT,44,0.20952380952380953,0.1642924087720088
295,892ab2c5a4bffff,150,42.3210063703466,-83.0921229870044,0.743607870515492,Hubbard Farms,04,Page & Palms St,ASSAULT,44,0.29333333333333333,0.16417757658567045
296,892ab2c56afffff,117,42.38861862042853,-83.0856281508702,1.0442989979501034,Gateway Community,10,Glynn Ct & Woodward Ave,ASSAULT,32,0.27350427350427353,0.16417498985933043
297,892ab2c8d07ffff,53,42.4094037614076,-83.2834402520418,1.6272086115605047,South of Six,08,Winston St & Florence St,ASSAULT,14,0.2641509433962264,0.1641506085306636
298,892ab2c4423ffff,153,42.37862177648084,-82.9797546581148,0.7147013876508246,West End,05,Saint Jean St & Mack Ave,ASSAULT,39,0.2549019607843137,0.16405561023152354
299,892ab2ce903ffff,163,42.31577959688741,-83.1068791541688,0.6234181013980884,Central Southwest,04,W Vernor Hwy & Military St,ASSAULT,45,0.27607361963190186,0.16404357727556934
300,892ab2ce2cbffff,141,42.39184109224147,-83.1963118570541,0.8229081473633505,Cadillac Community,02,Grand River Ave & Whitcomb St,FRAUD,25,0.1773049645390071,0.16396634209802688
301,892ab2c76a7ffff,162,42.4338722620766,-83.0285217196317,0.631464491233074,Grant,11,E Brentwood St & Packard St,ASSAULT,35,0.21604938271604937,0.16396061710974638
302,892ab2ce4b3ffff,94,42.4100587815534,-83.13259119591643,1.2496920984869953,Martin Park,12,Puritan St & Muirland St,ASSAULT,14,0.14893617021276595,0.16384806556940779
303,892ab2c5c77ffff,151,42.3368851542335,-83.0380389299075,0.727175418079919,Lafayette Park,07,N I 375 Service Drive & Monroe St,LARCENY,70,0.46357615894039733,0.16360818925968315
304,892ab2ce2dbffff,182,42.39444145390928,-83.1925743764424,0.4417112338904942,Hubbell-Lyndon,02,Robson St & Lyndon St,ASSAULT,49,0.2692307692307692,0.16337750268470275
305,892ab2cc6cbffff,183,42.3671448949776,-83.2361764886786,0.4287302110001935,Franklin Park,06,Orangelawn St & Evergreen Rd,ASSAULT,50,0.273224043715847,0.16307660028593984
306,892ab2c7267ffff,147,42.4100567731643,-83.0577816777567,0.7563009052430496,Buffalo Charles,11,Sobieski St & Conant St,FRAUD,70,0.47619047619047616,0.16303830715735393
307,892ab2cab63ffff,105,42.4266253041805,-83.2828705661159,1.1313868741173665,The Eye,08,Fenton St & Grand River Ave,ASSAULT,19,0.18095238095238095,0.1624428946487237
308,892ab2ce633ffff,120,42.40001601281014,-83.1703392983819,0.9936633819406938,Bethune Community,02,Chalfonte St & Appoline St,ASSAULT,22,0.18333333333333332,0.1623627254259406
309,892ab2ce8abffff,188,42.3311311671483,-83.1203279454989,0.3727632234354577,Chadsey Condon,04,Livernois Ave & Michigan Ave,ASSAULT,29,0.15425531914893617,0.16226738058050602
310,892ab2c08b7ffff,90,42.43029688546423,-83.0882687186554,1.263901591792016,Hawthorne Park,11,E Robinwood St & Greeley St,ASSAULT,25,0.2777777777777778,0.16211787598493393
311,892ab2c5273ffff,96,42.3707504533895,-83.1134738137743,1.2038322663444825,Jamison,10,Taylor St & Wildemere St,ASSAULT,25,0.2604166666666667,0.1616984222159357
312,892ab2cc42fffff,146,42.3534331345079,-83.19563816203949,0.7439182397357141,Fiskhorn,02,Prest St & Belton St,ASSAULT,37,0.2534246575342466,0.16136618129514296
313,892ab2c4513ffff,108,42.3737188113983,-82.9613107565159,1.0892134433610539,Conner Creek Industrial,05,Kercheval St & Conner St,STOLEN VEHICLE,56,0.5185185185185185,0.16128889924908818
314,892ab2ce2d3ffff,192,42.3945463456952,-83.1886086925471,0.3235082015549972,Hubbell-Lyndon,02,Lyndon St & Strathmoor St,ASSAULT,58,0.3020833333333333,0.1612713965416455
315,892ab2c53cfffff,135,42.362575674748,-83.0938448650044,0.8428595605650632,Elijah McCoy,03,W Grand Blvd & Hanover St,ASSAULT,33,0.24444444444444444,0.16126504412968512
316,892ab2c5e3bffff,50,42.3337967290714,-83.0653795866642,1.6143429023905584,Corktown,03,N I 75 Service Drive & Brooklyn St,LARCENY,18,0.36,0.16102313757447043
317,892ab2c52bbffff,171,42.37499640894528,-83.0976539907022,0.5089018717742142,Virginia Park Community,10,Woodrow Wilson St & Gladstone St,ASSAULT,52,0.30409356725146197,0.16080649624097443
318,892ab2c6677ffff,190,42.421600918936,-82.965057725865,0.33486955183843553,Mapleridge,09,Hayes St & Alma St,FRAUD,98,0.5157894736842106,0.16073742075418102
319,892ab2c6447ffff,139,42.4294115640338,-82.9406459340727,0.7974468311171508,Moross-Morang,09,Beaconsfield Rd & McCormick St,ASSAULT,28,0.2014388489208633,0.16056795004079927
320,892ab2c45a7ffff,171,42.3670015420734,-82.9502915294876,0.5008303482006136,Jefferson Chalmers,05,Dickerson St & Freud St,ASSAULT,47,0.27485380116959063,0.16017861657812088
321,892ab2cc4bbffff,132,42.36553980587621,-83.18855780617783,0.8555834888140714,Plymouth-Hubbell,02,Marlowe St & Westfield St,ASSAULT,28,0.21212121212121213,0.16012817789249553
322,892ab2cf5a3ffff,125,42.39947303552569,-83.1949253350549,0.9192213070165818,Hubbell-Lyndon,02,Chalfonte St & Sussex St,ASSAULT,30,0.24,0.16011633818743584
323,892ab2c50cfffff,173,42.3828224535503,-83.081729002354,0.48176010045151585,Piety Hill,03,Owen St & Woodward Ave,LARCENY,39,0.2254335260115607,0.1601129212009564
324,892ab2c6617ffff,192,42.4286674279919,-82.9572399076766,0.30719408633689393,Mapleridge,09,Payton St & Morang Dr,FRAUD,33,0.171875,0.16000232991878394
325,892ab2c5a73ffff,116,42.316233043075,-83.0843075629581,0.9880417735501605,West Side Industrial,04,W Lafayette Blvd & W Grand Blvd,ASSAULT,36,0.3103448275862069,0.15908988465138107
326,892ab2c1a23ffff,190,42.4302660575772,-83.21062438358443,0.3114477970350869,Greenfield,08,W 7 Mile Rd & Ferguson St,ASSAULT,40,0.21052631578947367,0.158915454507627
327,892ab2ce293ffff,65,42.394838412155536,-83.1787896193426,1.4447020227464415,Bethune Community,02,Schaefer Hwy & Lyndon St,LARCENY,14,0.2153846153846154,0.15846013121449912
328,892ab2cc483ffff,142,42.370383312538834,-83.1898340706927,0.7414701345011334,Plymouth-Hubbell,02,Hubbell St & Elmira St,ASSAULT,42,0.29577464788732394,0.15834020569708387
329,892ab2c719bffff,92,42.4123794651983,-82.998094839867,1.1961100668557136,Gratiot-Findlay,09,Saint Patrick St & Gunston St,ASSAULT,16,0.17391304347826086,0.1582621775414152
330,892ab2c634bffff,161,42.3913582621798,-82.9702259799258,0.5669314698959519,Fox Creek,05,Algonquin St & E Warren Ave,FRAUD,36,0.2236024844720497,0.15823174191916878
331,892ab2c437bffff,138,42.34173030969738,-83.0145488213913,0.7746329970164488,Rivertown,07,E Jefferson Ave & Adair St,ASSAULT,38,0.2753623188405797,0.15808438894460186
332,892ab2cd193ffff,141,42.3464895630874,-83.2590319084326,0.7465230162573071,Far West Detroit,06,Lamphere St & Sawyer St,OBSTRUCTING JUDICIARY,42,0.2978723404255319,0.1580243820791338
333,892ab2d5bb3ffff,155,42.4461872764185,-82.969017945686,0.6179895591099134,Regent Park,09,Fairmount Dr & Queen St,FRAUD,26,0.16774193548387098,0.15795021626134176
334,892ab2d5b23ffff,163,42.43710974851562,-82.97639201995733,0.5386201057175638,Franklin,09,Gratiot Ave & Pfent St,LARCENY,29,0.17791411042944785,0.15744718485311684
335,892ab2ca937ffff,127,42.4296121351913,-83.23775389146357,0.8665884111728859,O'Hair Park,08,Plainview Ave & W 7 Mile Rd,ASSAULT,26,0.2047244094488189,0.1574398216960231
336,892ab2d5977ffff,145,42.44191518113771,-82.9535348245774,0.7022589881717874,Regent Park,09,Boulder St & Manning St,DAMAGE TO PROPERTY,25,0.1724137931034483,0.15741664487777507
337,892ab2cf0cfffff,160,42.4024384145084,-83.24269855624169,0.5650845592220585,Brightmoor,08,Keeler St & Kentfield St,ASSAULT,42,0.2625,0.1573791870007094
338,892ab2c5ebbffff,143,42.341830023719,-83.05751521275468,0.7196069474107185,Midtown,03,Park Ave & Temple St,LARCENY,55,0.38461538461538464,0.1573483643185207
339,892ab2c63cbffff,131,42.3971012482543,-82.96214408932518,0.8269437846964851,Chandler Park,05,Newport St & Southampton St,ASSAULT,38,0.2900763358778626,0.15719142536735972
340,892ab2c0b4fffff,129,42.4101350638475,-83.12882698980849,0.8445622530291715,Martin Park,12,Puritan St & Linwood St,ASSAULT,25,0.1937984496124031,0.15714418757122647
341,892ab2cab53ffff,55,42.4359903632204,-83.28632643329085,1.5183790689982664,Five Points,08,Pembroke Ave & Grandview St,ASSAULT,12,0.21818181818181817,0.15710258382603765
342,892ab2c669bffff,164,42.436474431671016,-82.958189307147,0.521450353829526,Regent Park,09,Lappin St & Rex St,ASSAULT,37,0.22560975609756098,0.15682044338234952
343,892ab2ca96bffff,169,42.42912913317144,-83.2582882543155,0.4747319107776391,Berg-Lahser,08,Lahser Rd & W 7 Mile Rd,ASSAULT,43,0.25443786982248523,0.1567306631925985
344,892ab2c4373ffff,113,42.34367307910265,-83.01002857147192,0.9829096937395793,Rivertown,07,E Jefferson Ave & Mount Elliott St,FRAUD,34,0.3008849557522124,0.156564008741094
345,892ab2c512bffff,174,42.3514573334332,-83.057988154162,0.42623837251934577,Medical Center,03,John R St & E Alexandrine St,ASSAULT,49,0.28160919540229884,0.1565027992607177
346,892ab2cc6afffff,176,42.3578337977583,-83.2177010317363,0.40547566363112764,Franklin Park,06,Joy Rd & S M 39 Service Drive,ASSAULT,36,0.20454545454545456,0.15630544820297032
347,892ab2c601bffff,172,42.4130987979303,-82.9437637857039,0.44178556590940365,Outer Drive-Hayes,09,Whittier St & W I 94 Service Drive,ASSAULT,52,0.3023255813953488,0.1562944380532736
348,892ab2c5a4fffff,59,42.3182232196997,-83.0893445357766,1.4704083390659508,Hubbard Farms,04,Hubbard St & Porter St,ASSAULT,14,0.23728813559322035,0.1562065041965558
349,892ab2ce203ffff,119,42.3841006637189,-83.1873008203068,0.9225454842826203,Schoolcraft Southfield,02,Hubbell St & Tyler St,ASSAULT,29,0.24369747899159663,0.156121616096835
350,892ab2c608bffff,152,42.4161854579933,-82.9388270657011,0.6212176839914123,Yorkshire Woods,09,W I 94 Service Drive & Grayton St,ASSAULT,33,0.21710526315789475,0.1560746763694761
351,892ab2c5147ffff,122,42.359019192815,-83.0650151402867,0.8929858693085952,Wayne State,03,Putnam St & Woodward Ave,LARCENY,26,0.21311475409836064,0.15594884293219158
352,892ab2c766fffff,136,42.42972778725861,-83.0511206844396,0.7626432510968327,Krainz Woods,11,Moenart St & E Hildale St,ASSAULT,50,0.36764705882352944,0.15573394340671898
353,892ab2c5c07ffff,162,42.3408890170328,-83.0310687076774,0.5232979604967398,Lafayette Park,07,Pembridge Pl & Saint Aubin St,DAMAGE TO PROPERTY,42,0.25925925925925924,0.15554639837749867
354,892ab2ce513ffff,196,42.3938526187366,-83.1235753875846,0.21325409181367097,Oakman Blvd Community,10,Pasadena St & Linwood St,ASSAULT,56,0.2857142857142857,0.15553032486583337
355,892ab2cab2bffff,134,42.4244517296593,-83.2775876466444,0.7772538887552042,Seven Mile-Rouge,08,Grand River Ave & Telegraph Rd,ASSAULT,27,0.20149253731343283,0.15545272801112897
356,892ab2c18b7ffff,127,42.4407671602346,-83.16888968900497,0.8409648679658625,Pembroke,12,Monte Vista St & Chippewa St,DAMAGE TO PROPERTY,25,0.1968503937007874,0.15544657946322335
357,892ab2c8dbbffff,100,42.4120420491261,-83.2782095501445,1.0841734287875018,South of Six,08,Telegraph Rd & Grove St,ASSAULT,20,0.2,0.15522576160573254
358,892ab2cf02fffff,83,42.388694060461,-83.2344128538528,1.2361050251056644,Westwood Park,08,Schoolcraft St & Auburn St,BURGLARY,16,0.1927710843373494,0.15499340255790744
359,892ab2ce9b7ffff,71,42.3155392396817,-83.0907213644704,1.3446312820363375,Hubbard Farms,04,Fairbanks St & Scotten St,ASSAULT,32,0.4507042253521127,0.15492898794850493
360,892ab2cf60fffff,154,42.4111990060909,-83.2573721296491,0.5877180342924645,Riverdale,08,Lahser Rd & Verne St,ASSAULT,34,0.22077922077922077,0.1548865252441698
361,892ab2c76b7ffff,124,42.43596911712334,-83.0263216587769,0.8607844344512574,Nortown,11,Stotter St & Emery St,ASSAULT,32,0.25806451612903225,0.15486167927097783
362,892ab2c084bffff,119,42.4321288525985,-83.1183759854889,0.9048444966808491,Palmer Woods,12,Burlington Dr & W 7 Mile Rd,OBSTRUCTING JUDICIARY,28,0.23529411764705882,0.15474466538533294
363,892ab2c72d7ffff,149,42.4261002220051,-83.0530178935859,0.6313001312190022,Krainz Woods,11,Conley St & E Nevada St,ASSAULT,35,0.2348993288590604,0.1547323306836993
364,892ab2c650fffff,187,42.412091022665,-82.91326562329877,0.2809239275448489,Cornerstone Village,05,Mack Ave & Calvin Ave,FRAUD,94,0.5026737967914439,0.15441436435210673
365,892ab2c7697ffff,116,42.4435223740964,-83.0306975586522,0.9276424095396067,Sherwood,11,Carrie St & Milbank St,ASSAULT,27,0.23275862068965517,0.15439144922395423
366,892ab2c192bffff,161,42.4168189049853,-83.16464434347682,0.5155051434881072,Schulze,12,W McNichols Rd & Birwood St,ASSAULT,27,0.16770186335403728,0.15423131446674038
367,892ab2cd5c3ffff,85,42.3667879679357,-83.2630311889134,1.2060805741520384,West Outer Drive,06,Orangelawn St & Bramell St,ASSAULT,24,0.2823529411764706,0.15407558535365892
368,892ab2c1b6bffff,178,42.4157747046615,-83.2068733488277,0.35829146386669203,Crary/St Marys,08,Mansfield St & W McNichols Rd,ASSAULT,35,0.19662921348314608,0.1540527829740908
369,892ab2ca827ffff,126,42.4432385081071,-83.2588643696829,0.8321491354862258,Berg-Lahser,08,Lahser Rd & W 8 Mile Rd,ASSAULT,37,0.29365079365079366,0.1540519234846633
370,892ab2cf537ffff,159,42.3942814970535,-83.19841427365499,0.5310473011811697,Hubbell-Lyndon,02,Greenfield Rd & Lyndon St,ASSAULT,31,0.1949685534591195,0.1540225615350198
371,892ab2ce537ffff,144,42.38448548246358,-83.1162016453004,0.6667152486395476,Dexter-Linwood,10,Elmhurst St & Linwood St,ASSAULT,42,0.2916666666666667,0.15394283099254366
372,892ab2c415bffff,178,42.3537767546239,-82.9912044658567,0.3562262859734245,Gold Coast,07,E Jefferson Ave & Iroquois St,LARCENY,53,0.29775280898876405,0.15389213384911044
373,892ab2c6e57ffff,161,42.3748805903865,-82.94031865760886,0.5091540217259953,Riverbend,05,E Jefferson Ave & Alter Rd,ASSAULT,39,0.2422360248447205,0.15373726397498697
374,892ab2d5b5bffff,82,42.4490425795587,-82.9966219251616,1.22872542173524,Conner Creek,09,Barlow St & E 8 Mile Rd,ASSAULT,19,0.23170731707317074,0.15371046232330626
375,892ab2ce10fffff,170,42.3686727344939,-83.13878930118209,0.42380963578539393,Nardin Park,10,Grand River Ave & Livernois Ave,ASSAULT,46,0.27058823529411763,0.15347833032834995
376,892ab2cd5c7ffff,15,42.3643944047643,-83.2606630858611,1.8353853431826226,Rouge Park,06,W Chicago St & W Outer Dr,DAMAGE TO PROPERTY,4,0.26666666666666666,0.15340695114823927
377,892ab2c194bffff,156,42.4260919880125,-83.18103566498601,0.5471346435551694,Tri-Point,12,Tracey St & James Couzens Fwy,DAMAGE TO PROPERTY,31,0.1987179487179487,0.15314733355082913
378,892ab2c726fffff,61,42.4094400495402,-83.06253365751128,1.4122355492760201,Campau/Banglatown,11,Carpenter St & McDougall St,ASSAULT,15,0.2459016393442623,0.15309904220749462
379,892ab2ce067ffff,162,42.3780526204562,-83.16206001516849,0.48970336358411015,Grand River-I96,02,Grand River Ave & Griggs St,FRAUD,52,0.32098765432098764,0.15293309198114582
380,892ab2c52abffff,113,42.372676106213234,-83.09713403054164,0.9326651428000908,Virginia Park Community,10,Blaine St & Rosa Parks Blvd,ASSAULT,33,0.2920353982300885,0.15265551099386612
381,892ab2cf16fffff,186,42.37203853363381,-83.2276889331348,0.2666121381607408,Franklin Park,06,Warwick St & Plymouth Rd,ASSAULT,38,0.20430107526881722,0.15259217293680583
382,892ab2c4633ffff,53,42.3775282375688,-83.0086843173966,1.478096711907664,Pingree Park,07,Iroquois St & E Warren Ave,ASSAULT,10,0.18867924528301888,0.1525512706327114
383,892ab2cc433ffff,117,42.3582544600441,-83.19158828432411,0.8928368538984558,We Care Community,02,Coyle St & Joy Rd,ASSAULT,31,0.26495726495726496,0.1523928276597095
384,892ab2c50c3ffff,90,42.3854650109109,-83.0797417356304,1.1379904867218145,North End,03,Kenilworth St & John R St,LARCENY,24,0.26666666666666666,0.1523233159517367
385,892ab2c4377ffff,54,42.3418458731365,-83.00880621344675,1.4654131306076612,Rivertown,07,Wight St & Mount Elliott St,DAMAGE TO PROPERTY,14,0.25925925925925924,0.1522735060621085
386,892ab2c6463ffff,166,42.4240711906715,-82.9393384062896,0.4385314236146914,Moross-Morang,09,Casino St & McKinney Ave,ASSAULT,51,0.3072289156626506,0.15178799187114483
387,892ab2c5c97ffff,160,42.3482826472385,-83.0238570922205,0.49233950751439126,Elmwood Park,07,Prince Hall Dr & Campau Farms Cir,LARCENY,38,0.2375,0.15172038688398004
388,892ab2c7223ffff,22,42.4094914662159,-83.0493467297476,1.749558133477538,Buffalo Charles,11,Moenart St & Garvin St,BURGLARY,7,0.3181818181818182,0.1516926895133822
389,892ab2ced87ffff,21,42.3411119904223,-83.0859823796331,1.7574228855128122,Core City,03,17th St & Selden St,LARCENY,5,0.23809523809523808,0.15159559983664295
390,892ab2cf0d7ffff,138,42.4061494586351,-83.2365616665316,0.6908835011182916,Minock Park,08,Evergreen Rd & Pilgrim St,DAMAGE TO PROPERTY,24,0.17391304347826086,0.15156955878035897
391,892ab2c0a4fffff,172,42.4278912429174,-83.1467884938708,0.38031888167845673,Bagley,12,San Juan Dr & Margareta St,STOLEN VEHICLE,36,0.20930232558139536,0.15151297633545355
392,892ab2d5bafffff,90,42.4408187343839,-82.97182546948966,1.1261977078684644,Regent Park,09,Manning St & Gratiot Ave,ASSAULT,16,0.17777777777777778,0.15140596175670396
393,892ab2d590fffff,125,42.4447898798351,-82.9535670106297,0.8046881755117975,Regent Park,09,Fairmount Dr & Cordell St,ASSAULT,23,0.184,0.15120686485950163
394,892ab2ce427ffff,119,42.3987704352151,-83.1399698507267,0.8580375623742007,Dexter-Fenkell,10,Eaton St & Livernois Ave,FRAUD,30,0.25210084033613445,0.1511035780659835
395,892ab2c6683ffff,170,42.43319340414432,-82.9541620986578,0.39318413867101176,Mapleridge,09,Saratoga St & Kelly Rd,ASSAULT,40,0.23529411764705882,0.15109598867654664
396,892ab2cc0d7ffff,91,42.3525705286139,-83.20653150327051,1.1128991606444802,Garden View,06,Belton St & Asbury Park,ASSAULT,27,0.2967032967032967,0.1510803593035136
397,892ab2ce247ffff,117,42.383842564853786,-83.1945361238343,0.8700610600468962,Schoolcraft Southfield,02,Sussex & Glendale St,ASSAULT,30,0.2564102564102564,0.15062111038299708
398,892ab2ce2a7ffff,133,42.3804226914933,-83.17197761000551,0.7222855803204021,Pride Area Community,02,Grand River Ave & Sorrento St,ASSAULT,27,0.20300751879699247,0.1504678869124596
399,892ab2c4693ffff,135,42.3931360446517,-83.0052205176308,0.7032376467122172,Airport Sub,07,Cadillac Ave & Gratiot Ave,DAMAGE TO PROPERTY,17,0.1259259259259259,0.15040392734082744
400,892ab2cf40fffff,105,42.4153769636476,-83.2279263795073,0.9744089500105328,Evergreen-Outer Drive,08,Sunderland Rd & W McNichols Rd,ASSAULT,23,0.21904761904761905,0.15023166275862304
401,892ab2c4317ffff,81,42.3471076406272,-83.0018508653186,1.1929852496092037,Islandview,07,E Jefferson Ave & E Grand Blvd,ASSAULT,13,0.16049382716049382,0.15022136804774436
402,892ab2cebb7ffff,162,42.3126435881492,-83.12382368290059,0.4521332687457095,Springwells,04,W Vernor Hwy & Central St,ASSAULT,38,0.2345679012345679,0.15001053364808647
403,892ab2ce503ffff,199,42.391993192624,-83.1248397452936,0.11476720611656127,Dexter-Linwood,10,W Davison St & Lawton St,FRAUD,69,0.34673366834170855,0.14999573480151865
404,892ab2c1d37ffff,95,42.4387905178431,-83.1449291484365,1.060645179460552,Oak Grove District 2,12,Monica St & Pembroke Ave,ASSAULT,26,0.2736842105263158,0.14985108776456674
405,892ab2ce013ffff,88,42.3917730997448,-83.1541972937422,1.1243965232263464,Davison-Schoolcraft,10,Cherrylawn St & Intervale St,ASSAULT,21,0.23863636363636365,0.1498480791546219
406,892ab2cc49bffff,117,42.3727195888689,-83.19208837346234,0.8600867524047324,Plymouth-Hubbell,02,Plymouth Rd & Robson St,ASSAULT,36,0.3076923076923077,0.14984521412717217
407,892ab2ce097ffff,32,42.395379503273986,-83.14445082784269,1.6343762733283584,Chalfonte,10,Monica St & Lyndon St,ASSAULT,11,0.34375,0.14982159879913093
408,892ab2c61c3ffff,175,42.40265468713058,-82.92754426594546,0.3295928200497318,East English Village,05,Munich St & Cadieux Rd,ASSAULT,43,0.24571428571428572,0.1496936761839066
409,892ab2ce653ffff,153,42.409203546705,-83.18483632746343,0.5298124214275302,Hubbell-Puritan,02,Puritan St & Cruse St,ASSAULT,41,0.2679738562091503,0.14967319274626548
410,892ab2c5cb7ffff,115,42.3434472767887,-83.0199480366225,0.8758746149794395,Elmwood Park,07,Saint Maron St & E Lafayette St,ASSAULT,33,0.28695652173913044,0.14965557445168404
411,892ab2cd5bbffff,18,42.357315875569,-83.2503062591012,1.7584859350002584,Rouge Park,06,Spinoza Dr & Joy Rd,WEAPONS OFFENSES,4,0.2222222222222222,0.14955163984464692
412,892ab2c4237ffff,55,42.3563758042926,-83.01753725113448,1.4204741077116971,Islandview,07,Charlevoix St & Meldrum St,LARCENY,25,0.45454545454545453,0.1494866072977203
413,892ab2ce00fffff,122,42.3861065828762,-83.15794696522066,0.8094661567363632,Davison-Schoolcraft,10,W Davison St & Kentucky St,ASSAULT,32,0.26229508196721313,0.14945188749455954
414,892ab2c4067ffff,103,42.3583916135074,-82.9998989660151,0.981157851247745,Islandview,07,Van Dyke St & Kercheval St,LARCENY,32,0.3106796116504854,0.1493388869347509
415,892ab2cf6afffff,132,42.4113603225024,-83.2475090804211,0.7149897865895182,Miller Grove,08,Burt Rd & Verne St,ASSAULT,31,0.23484848484848486,0.14919146618656565
416,892ab2c7407ffff,59,42.43997983853757,-83.009087645477,1.379320100123158,Pulaski,09,Manning St & Teppert St,ASSAULT,12,0.2033898305084746,0.14912079698950706
417,892ab2cc407ffff,72,42.36250529456055,-83.19494401027629,1.2607725067189348,We Care Community,02,Westfield St & Whitcomb St,ASSAULT,22,0.3055555555555556,0.1491145416825964
418,892ab2c5893ffff,174,42.331741156757616,-83.03818413057658,0.3312556551586842,Downtown,03,E Jefferson Ave & N I 375,LARCENY,52,0.2988505747126437,0.14911414258276617
419,892ab2cf507ffff,144,42.39819074099023,-83.2028330555317,0.6040584104505758,Grand River-St Marys,08,Prevost St & Hackett St,ASSAULT,35,0.24305555555555555,0.14906878781112576
420,892ab2c1b5bffff,134,42.4266110532152,-83.20944432807111,0.6943681612516195,College Park,08,Margareta St & Ferguson St,DAMAGE TO PROPERTY,23,0.17164179104477612,0.14900508994555522
421,892ab2c44bbffff,81,42.38929218871967,-82.9760334313788,1.1773390438444993,Conner Creek Industrial,05,E Warren Ave & Conner St,FRAUD,28,0.345679012345679,0.14900425775736362
422,892ab2c1d47ffff,105,42.44566223672276,-83.1615086369943,0.9547634699952111,Pembroke,12,Wyoming St & W 8 Mile Rd,FRAUD,31,0.29523809523809524,0.14870345098346818
423,892ab2c5253ffff,158,42.37785727042668,-83.11517512677187,0.47074521350509774,Dexter-Linwood,10,W Boston Blvd & Lawton St,ASSAULT,39,0.2468354430379747,0.14862280849547507
424,892ab2cc607ffff,206,42.3577141290896,-83.2262062595021,0.03299053415810296,Franklin Park,06,Artesian St & Joy Rd,FRAUD,73,0.35436893203883496,0.14859656241239522
425,892ab2c74b3ffff,87,42.4436362188647,-82.9988041895783,1.1155195940803146,Conner Creek,09,Strasburg St & E State Fair St,DAMAGE TO PROPERTY,13,0.14942528735632185,0.14844866271889245
426,892ab2c0987ffff,60,42.4186276876962,-83.07518340373278,1.358992563162729,Cadillac Heights,11,E McNichols Rd & Mackay St,ASSAULT,16,0.26666666666666666,0.1482484130438665
427,892ab2c0837ffff,22,42.4248550830985,-83.0956624080839,1.704152307569406,Greenfield Park,11,Wanda St & E Nevada St,LARCENY,7,0.3181818181818182,0.14816059369493836
428,892ab2c60afffff,118,42.4056958522177,-82.9330926440737,0.8287495665455694,East English Village,05,Bishop St & E Warren Ave,LARCENY,28,0.23728813559322035,0.1481163952624436
429,892ab2ce873ffff,141,42.331112149675,-83.1335476802401,0.6180774296355388,Claytown,04,51st St & Saint Stephens St,ASSAULT,31,0.2198581560283688,0.14803266603101628
430,892ab2c0983ffff,57,42.4210002570639,-83.0772477377073,1.3832454287072558,Cadillac Heights,11,Stender St & Goddard St,AGGRAVATED ASSAULT,14,0.24561403508771928,0.14800837690277496
431,892ab2ce53bffff,135,42.3865621367842,-83.124434312089,0.6720116665488584,Dexter-Linwood,10,Wildemere St & Leslie St,ASSAULT,34,0.2518518518518518,0.14797487442182622
432,892ab2c76a3ffff,144,42.4358810088061,-83.0308052093545,0.5898062355761455,Nortown,11,Emery St & Concord St,ASSAULT,50,0.3472222222222222,0.1479601184659286
433,892ab2ce213ffff,146,42.38770237327911,-83.1860197487917,0.5712235097971702,Hubbell-Lyndon,02,Grand River Ave & Strathmoor St,FRAUD,23,0.15753424657534246,0.14793234717180037
434,892ab2c7243ffff,88,42.419275614056296,-83.06401029633226,1.099102436139038,Davison,11,Alpha St & Conant St,LARCENY,15,0.17045454545454544,0.14788046514374148
435,892ab2c0bd3ffff,106,42.4224902750876,-83.1180321429702,0.934164576980884,Palmer Park,12,Manderson Rd & Covington Dr,LARCENY,26,0.24528301886792453,0.14780995839011304
436,892ab2cc933ffff,161,42.268527527068,-83.1560066412194,0.4320708562425967,Boynton,04,S Annabelle St & Omaha St,ASSAULT,40,0.2484472049689441,0.1477410042212895
437,892ab2c1b77ffff,203,42.4159897487558,-83.1993084490482,0.04845832054249356,College Park,08,Greenfield Rd & W McNichols Rd,ASSAULT,34,0.16748768472906403,0.1476731394867753
438,892ab2cc4abffff,71,42.3636020889653,-83.1906816752027,1.2497091316797029,We Care Community,02,Westfield St & Terry St,ASSAULT,13,0.18309859154929578,0.14754504274661137
439,892ab2ce34fffff,126,42.3658008711804,-83.17772752322654,0.7484692645985123,Plymouth-Hubbell,02,W Chicago St & Schaefer Hwy,ASSAULT,22,0.1746031746031746,0.1475425094141337
440,892ab2cf327ffff,143,42.368676137605775,-83.23873678759124,0.5924757331518904,Franklin Park,06,Heyden St & Heyden Ct,ASSAULT,37,0.25874125874125875,0.14745889261976072
441,892ab2c1967ffff,153,42.4166657866317,-83.1701194138036,0.4994140883359518,Schulze,12,W McNichols Rd & Meyers Rd,ASSAULT,30,0.19607843137254902,0.14730852206683187
442,892ab2cc68bffff,169,42.36600205909321,-83.2239296379599,0.35284342733345303,Franklin Park,06,Bourbon St & Greenview Ave,ASSAULT,44,0.2603550295857988,0.14724902082448635
443,892ab2c7563ffff,117,42.4178298493753,-83.0015871991494,0.8267022462658081,LaSalle College Park,09,Gunston St & Nashville St,ASSAULT,24,0.20512820512820512,0.14724825058393248
444,892ab2ceba7ffff,164,42.3094372536025,-83.1248015160141,0.39754404557936024,Springwells,04,Springwells St & Navy St,ASSAULT,36,0.21951219512195122,0.14718183546153552
445,892ab2ceba3ffff,169,42.3115846977693,-83.1268519962079,0.3500991695194292,Springwells,04,W Vernor Hwy & Springwells St,FRAUD,59,0.34911242603550297,0.14703554642212097
446,892ab2c1d73ffff,104,42.44097008229,-83.1602549411484,0.9419572040848175,Garden Homes,12,Indiana St & Chippewa St,ASSAULT,21,0.20192307692307693,0.1469983734640104
447,892ab2cf583ffff,153,42.4087279842116,-83.19900907470635,0.49448769639358503,Crary/St Marys,08,Greenfield Rd & Puritan St,ASSAULT,25,0.16339869281045752,0.14692530057417902
448,892ab2ce353ffff,131,42.3730692687698,-83.17676036708274,0.6934876668545745,Pride Area Community,02,Plymouth Rd & Schaefer Hwy,ASSAULT,26,0.1984732824427481,0.14680994267549358
449,892ab2c63d7ffff,178,42.39818667347144,-82.95246307198168,0.2640069451069633,Morningside,05,Lakepointe St & E Warren Ave,FRAUD,67,0.37640449438202245,0.1467184388058112
450,892ab2c1d2fffff,131,42.4350487302394,-83.1519107668095,0.6908206544600526,Bagley,12,Woodingham Dr & W Outer Dr,ASSAULT,36,0.2748091603053435,0.14660247715453845
451,892ab2c0e6bffff,61,42.4415576978752,-83.1363946473713,1.325680493596993,Green Acres,12,Briarcliff Rd & Bloomfield Rd,STOLEN VEHICLE,13,0.21311475409836064,0.14636596899244908
452,892ab2ce1dbffff,174,42.3811259751843,-83.1425570583137,0.2949763236373556,Oakman Blvd Community,10,Monica St & Fullerton St,ASSAULT,49,0.28160919540229884,0.14629199206354232
453,892ab2c438bffff,80,42.3517418390506,-83.0024637166762,1.150113048593325,Islandview,07,E Lafayette St & Field St,LARCENY,19,0.2375,0.1461774769170432
454,892ab2c7107ffff,162,42.4006376690044,-83.0006992027291,0.40233432677890074,Airport Sub,05,French Rd & Traverse St,FRAUD,88,0.5432098765432098,0.1461366995934043
455,892ab2ce617ffff,154,42.4040301368467,-83.1706250958638,0.4749998874478851,Bethune Community,12,Appoline St & Keeler Ave,ASSAULT,49,0.3181818181818182,0.1461182386384377
456,892ab2cf153ffff,70,42.3864771180609,-83.2271552567491,1.2382042430132856,Schoolcraft Southfield,08,Artesian St & Schoolcraft St,ASSAULT,13,0.18571428571428572,0.14594119869289798
457,892ab2c754fffff,156,42.4221647979902,-83.0052818856467,0.45169688006194747,Von Steuben,09,Albion St & Sauer St,ASSAULT,39,0.25,0.14572327906852386
458,892ab2c604fffff,136,42.40878847768223,-82.9545858187828,0.6333625927144202,Outer Drive-Hayes,09,Somerset Ave & Berkshire St,ASSAULT,28,0.20588235294117646,0.14567726755631
459,892ab2c46c3ffff,32,42.3908713599402,-83.0199252911857,1.5797414382338908,Airport Sub,07,Maxwell St & Curt St,ASSAULT,10,0.3125,0.1455715831079952
460,892ab2c409bffff,114,42.3755734706788,-82.9894896401269,0.8324024100978378,West End,05,Bewick St & Emmons St,ASSAULT,23,0.20175438596491227,0.14556500932920352
461,892ab2c404fffff,53,42.36642350720166,-83.00759698058467,1.3881688157796472,Islandview,07,Seyburn St & Mack Ave,LARCENY,13,0.24528301886792453,0.14555582589577662
462,892ab2d5b4fffff,150,42.4437539398558,-82.9939981240435,0.5012345473661651,Conner Creek,09,Fairmount Dr & Goulburn St,ASSAULT,28,0.18666666666666668,0.14532348057318603
463,892ab2ce047ffff,104,42.3859606395624,-83.16542257009091,0.9201507923841745,Northwest Community,02,Monte Vista St & W Davison St,ASSAULT,31,0.2980769230769231,0.14530206392569384
464,892ab2c0b47ffff,75,42.41024910292764,-83.12397783723658,1.1831174131625857,Martin Park,12,Baylis St & Puritan St,ASSAULT,22,0.29333333333333333,0.14520044600285567
465,892ab2c08d7ffff,93,42.4395363922793,-83.1025813869395,1.0180615771392598,Nolan,11,John R St & W State Fair St,AGGRAVATED ASSAULT,14,0.15053763440860216,0.14512076188963047
466,892ab2cf403ffff,147,42.4190215448364,-83.22597478172332,0.5259363027156707,Evergreen-Outer Drive,08,Greenview Ave & W Outer Dr,ASSAULT,35,0.23809523809523808,0.1451183633388955
467,892ab2c0d67ffff,131,42.4257242493476,-83.078204803253,0.6712149210579227,Cadillac Heights,11,Arlington St & E Nevada St,ASSAULT,29,0.22137404580152673,0.14507735724795867
468,892ab2c73a3ffff,135,42.39915536708373,-83.0228903350614,0.634718099852498,Airport Sub,11,Van Dyke St & Saint Cyril Ave,ASSAULT,21,0.15555555555555556,0.14507382707055494
469,892ab2c63c7ffff,128,42.3955252926581,-82.9544788092069,0.6980458723728908,Fox Creek,05,E Forest Ave & Alter Rd,ASSAULT,20,0.15625,0.14503786907152239
470,892ab2cc6bbffff,89,42.3631725455504,-83.2190515301942,1.0523554391219059,Franklin Park,06,Westfield St & Rosemont Ave,ASSAULT,21,0.23595505617977527,0.1449529250033732
471,892ab2c0d07ffff,141,42.43208375492113,-83.0707846477245,0.5779446708382986,Conant Gardens,11,Mitchell St & E 7 Mile Rd,ASSAULT,31,0.2198581560283688,0.1449107593880857
472,892ab2c6253ffff,98,42.4120462230557,-82.9825365695995,0.9685957857512185,Eden Gardens,09,Park Dr & Rosemary Ave,ASSAULT,26,0.2653061224489796,0.14481726688738883
473,892ab2ce54bffff,194,42.39243320840768,-83.1397130917558,0.09374448196927748,Oakman Blvd Community,10,Kendall St & Livernois Ave,FRAUD,101,0.520618556701031,0.14481596447401232
474,892ab2c503bffff,95,42.3715705356873,-83.0741689766398,0.9950716503964553,North End,03,Lothrop Rd & Woodward Ave,DAMAGE TO PROPERTY,19,0.2,0.14475015670174424
475,892ab2c46a3ffff,31,42.3824763445295,-83.001500535313,1.5782578554971067,Gratiot Woods,07,Holcomb Ave & Moffat St,AGGRAVATED ASSAULT,6,0.1935483870967742,0.14474729128269012
476,892ab2cf63bffff,30,42.4112235119155,-83.256061818144,1.586738581891401,Miller Grove,08,Greydale Ave & Verne St,BURGLARY,7,0.23333333333333334,0.14469811793418078
477,892ab2c5ccfffff,105,42.3479393542487,-83.0415186929523,0.9026868411133961,Eastern Market,07,Russell St & Alfred St,LARCENY,40,0.38095238095238093,0.14465243683642307
478,892ab2cf5d7ffff,118,42.4103723214755,-83.2055699172433,0.7835829543915965,Crary/St Marys,08,Mansfield St & Florence St,ASSAULT,26,0.22033898305084745,0.14460290775876733
479,892ab2c4093ffff,118,42.3763933923933,-82.9846516092661,0.7821910233994676,East Canfield,05,Mack Ave & Montclair St,ASSAULT,22,0.1864406779661017,0.14449463016357927
480,892ab2c1d4fffff,97,42.4431561189474,-83.1668253240704,0.972484054137372,Pembroke,12,Norfolk St & Mendota St,ASSAULT,22,0.2268041237113402,0.14441084859503123
481,892ab2c657bffff,172,42.4095378597123,-82.9212869353593,0.2881622872620529,Cornerstone Village,05,E Warren Ave & Lodewyck St,FRAUD,56,0.32558139534883723,0.14434416230619684
482,892ab2c5ecbffff,66,42.3480911156303,-83.0746694449993,1.2525039978413979,Jeffries,03,Gibson St & W Canfield St,LARCENY,20,0.30303030303030304,0.14421803050583076
483,892ab2ce4a3ffff,124,42.4064204172021,-83.1344305332905,0.7223588898372074,Pilgrim Village,12,Midland St & Wildemere St,ASSAULT,25,0.20161290322580644,0.144093627429209
484,892ab2c099bffff,85,42.4233586858132,-83.07833654344353,1.0775570601606017,Cadillac Heights,11,Arlington St & Minnesota St,DANGEROUS DRUGS,19,0.2235294117647059,0.14407780737557882
485,892ab2c5eabffff,128,42.33973053412665,-83.0600151952132,0.6825461344554478,Midtown,03,2nd St & Ledyard St,LARCENY,44,0.34375,0.14383215243956543
486,892ab2ce66fffff,142,42.39467586693,-83.18521274923047,0.5533111661126902,Bethune Community,02,Lyndon St & Mark Twain St,DAMAGE TO PROPERTY,32,0.22535211267605634,0.14370341642708628
487,892ab2c1917ffff,130,42.425967350958,-83.1607198320815,0.6625438943523374,Schulze,12,Washburn St & Pickford St,ASSAULT,34,0.26153846153846155,0.14369395785705472
488,892ab2ce46fffff,82,42.398034454646776,-83.1543166634489,1.0999340627157226,Chalfonte,10,Cherrylawn St & Eaton St,ASSAULT,25,0.3048780487804878,0.1436918488184022
489,892ab2d5bbbffff,145,42.4452707253385,-82.9715653280787,0.5249736346444984,Mohican Regent,09,Gratiot Ave & Mohican St,ASSAULT,24,0.16551724137931034,0.1436257085091245
490,892ab2c526fffff,128,42.36450395637095,-83.11485187261377,0.6782008522811136,Petoskey-Otsego,10,Dexter Ave & W Euclid St,ASSAULT,31,0.2421875,0.14349413517656098
491,892ab2cec93ffff,103,42.3637123168198,-83.1077158690244,0.905575811859883,Wildemere Park,10,Lawton St & Montgomery St,ASSAULT,27,0.2621359223300971,0.14345939900711224
492,892ab2ca94fffff,107,42.43452539388432,-83.2597475265934,0.8691121843304123,Berg-Lahser,08,Cooley St & Vassar Ave,ASSAULT,41,0.38317757009345793,0.14345845094866988
493,892ab2c53cbffff,75,42.3642436782337,-83.0946765760061,1.1592936571651484,LaSalle Gardens,10,Dunedin St & Lamothe St,DAMAGE TO PROPERTY,15,0.2,0.1433472082903994
494,892ab2c458fffff,56,42.37487889846357,-82.9581902102252,1.3299165276085947,Riverbend,05,Springle St & Kercheval St,ASSAULT,16,0.2857142857142857,0.14315106445667156
495,892ab2ce007ffff,102,42.38618406334715,-83.1529576768803,0.9098422603297288,Davison-Schoolcraft,10,W Davison St & Northlawn St,ASSAULT,24,0.23529411764705882,0.14308239914874438
496,892ab2ceb33ffff,158,42.3088770953856,-83.13351917547075,0.3975372251997187,Springwells,04,W Vernor Hwy & Cabot St,ASSAULT,29,0.18354430379746836,0.14292799677917054
497,892ab2c500bffff,159,42.3779963173742,-83.0784769896619,0.38782771371756253,North End,03,E Philadelphia St & Woodward Ave,FRAUD,56,0.3522012578616352,0.14288158356838274
498,892ab2c08a3ffff,87,42.4301887541201,-83.0924907713653,1.0436579429397057,Hawthorne Park,11,E Robinwood St & Cardoni St,ASSAULT,18,0.20689655172413793,0.14285858187742148
499,892ab2cc463ffff,146,42.35802368461781,-83.2042982932288,0.5056206856147126,Joy Community,06,Joy Rd & Saint Marys St,ASSAULT,33,0.22602739726027396,0.1428291372568043
500,892ab2cc48fffff,130,42.3679740350634,-83.191918989952,0.6509614160752492,Plymouth-Hubbell,02,Orangelawn St & Robson St,ASSAULT,38,0.2923076923076923,0.14279296283556797
501,892ab2c406bffff,72,42.3593774380462,-83.0061434650664,1.1771459144016685,Islandview,07,Charlevoix St & Sheridan St,ASSAULT,21,0.2916666666666667,0.14260927212462937
502,892ab2c7247ffff,125,42.4155305516149,-83.0614762772905,0.6914235423509295,Buffalo Charles,11,E Davison St & Conant St,FRAUD,39,0.312,0.14239606736460514
503,892ab2c70d7ffff,101,42.428845120387,-83.0240547181178,0.909578778679986,Mount Olivet,11,Van Dyke St & Stockton St,LARCENY,25,0.24752475247524752,0.1423530183587839
504,892ab2c603bffff,159,42.4048354790394,-82.94105630845385,0.3800882808504086,Morningside,05,Frankfort St & Courville St,ASSAULT,26,0.16352201257861634,0.14227953707059388
505,892ab2ce697ffff,130,42.4120651376115,-83.164440667717,0.6443077072276544,Fitzgerald/Marygrove,12,Florence St & Mendota St,DAMAGE TO PROPERTY,26,0.2,0.14227537425023354
506,892ab2c419bffff,47,42.35976899503318,-82.9703354658928,1.3980355121655779,Marina District,05,Fairview St & Freud St,LARCENY,16,0.3404255319148936,0.1420700429988426
507,892ab2cd4a7ffff,69,42.3715612362911,-83.263199245126,1.1974489768871208,West Outer Drive,06,Plymouth Rd & Chatham St,ASSAULT,11,0.15942028985507245,0.14206198283728166
508,892ab2cc4c3ffff,130,42.3725017758993,-83.2023201405317,0.6408331395647713,Plymouth-I96,06,Plymouth Rd & Mansfield St,ASSAULT,21,0.16153846153846155,0.14200508942075374
509,892ab2c6637ffff,130,42.4195062160402,-82.9534950100961,0.6401213763557954,Denby,09,Yorkshire Rd & Rossiter St,ASSAULT,24,0.18461538461538463,0.14194972172720638
510,892ab2c514bffff,127,42.36137299063068,-83.0697156546697,0.666089898315617,Wayne State,03,Cass Ave & W Ferry St,LARCENY,28,0.2204724409448819,0.14184314561528844
511,892ab2c5ed3ffff,120,42.3503568163042,-83.0693120864755,0.729808208039429,Midtown,03,Prentis St & 3rd St,LARCENY,30,0.25,0.1418375673042266
512,892ab2c73dbffff,48,42.411897622338,-83.0404584675587,1.3857879366685797,Buffalo Charles,11,Dwyer St & Charles St,ASSAULT,11,0.22916666666666666,0.14182619509516092
513,892ab2c089bffff,89,42.4396605928468,-83.0982576057865,1.0090449096185907,Nolan,11,Irvington St & E State Fair St,FRAUD,19,0.21348314606741572,0.1415838212134155
514,892ab2c52afffff,77,42.36986745058235,-83.09486801403364,1.1179848700146888,Virginia Park Community,10,Rosa Parks Blvd & W Euclid St,LARCENY,24,0.3116883116883117,0.14155158838357715
515,892ab2c5137ffff,132,42.35388283388227,-83.0476122830345,0.6165391685858905,Forest Park,07,N I 75 Service Drive & Leland St,LARCENY,30,0.22727272727272727,0.14153304330318087
516,892ab2c5ec7ffff,80,42.3458134297341,-83.0675801601077,1.0878820369655817,Midtown,03,Brainard St & 3rd St,LARCENY,21,0.2625,0.14133655856456995
517,892ab2cf18bffff,34,42.3867685277137,-83.2135147819933,1.506071215355587,Grandmont,08,Schoolcraft St & Longacre St,STOLEN VEHICLE,7,0.20588235294117646,0.14125858377844372
518,892ab2ce1a7ffff,105,42.36798235824202,-83.1232445016721,0.8586161460000467,Petoskey-Otsego,10,Joy Rd & Otsego St,ASSAULT,20,0.19047619047619047,0.14122420015506154
519,892ab2ce2c7ffff,153,42.3909949894457,-83.1883659057115,0.4199024786748925,Hubbell-Lyndon,02,Hubbell St & Intervale St,ASSAULT,39,0.2549019607843137,0.1411233548909328
520,892ab2cc663ffff,157,42.3539917258663,-83.2358704185682,0.38316222610802375,Warrendale,06,Constance Ave & Vaughan St,ASSAULT,45,0.28662420382165604,0.14110088831326242
521,892ab2c62a3ffff,152,42.4061856614786,-82.9606767094067,0.4286436943185235,Outer Drive-Hayes,09,Wayburn St & Harper Ave,WEAPONS OFFENSES,26,0.17105263157894737,0.14109444486700637
522,892ab2c74a7ffff,158,42.43820481310402,-82.9974239032445,0.3729380555430863,Pulaski,09,Hamburg St & Pinewood St,ASSAULT,36,0.22784810126582278,0.14101444003741725
523,892ab2cc297ffff,164,42.3469484457466,-83.22578443790272,0.31733389764721814,Warrendale,06,Piedmont St & Sawyer St,ASSAULT,45,0.27439024390243905,0.14094232935319842
524,892ab2c5edbffff,120,42.3514528105403,-83.07263821040198,0.7170029681248473,Jeffries,03,S M 10 Service Drive & W Forest Ave,ASSAULT,38,0.31666666666666665,0.1408414542845455
525,892ab2ce563ffff,132,42.3851961020649,-83.1334380518154,0.6033222335656615,Russell Woods,10,W Buena Vista St & Petoskey Ave,ASSAULT,31,0.23484848484848486,0.14050490473320865
526,892ab2cf307ffff,60,42.3763121703003,-83.2462961856345,1.2589966095064018,Weatherby,06,Burt Rd & Capitol St,DAMAGE TO PROPERTY,11,0.18333333333333332,0.14046977929573418
527,892ab2c1833ffff,81,42.4365136375108,-83.1785898047577,1.0672111103056632,Greenwich,12,Hartwell St & Saint Martins Ave,ASSAULT,20,0.24691358024691357,0.14043746251101358
528,892ab2c08bbffff,104,42.43243269707023,-83.0962504766878,0.8569833049267971,Nolan,11,E 7 Mile Rd & Omira St,AGGRAVATED ASSAULT,22,0.21153846153846154,0.14038829760061422
529,892ab2ce3b7ffff,161,42.3663665113129,-83.1522107067269,0.3374229764930689,Barton-McFarland,02,Northlawn St & Oakman Blvd,LARCENY,43,0.2670807453416149,0.1403783943887039
530,892ab2c4077ffff,27,42.3615574448087,-82.9986488334111,1.5584831646879285,Indian Village,07,Seminole St & E Vernor Hwy,LARCENY,12,0.4444444444444444,0.14037348951404738
531,892ab2c0dbbffff,119,42.435691583633,-83.065263105213,0.7194959590195141,Pershing,11,Yonka St & Emery St,ASSAULT,32,0.2689075630252101,0.1403264980745379
532,892ab2c0853ffff,21,42.4352807331107,-83.11412114140813,1.612476931569464,Penrose,12,Bryson St & Wildwood St,ASSAULT,7,0.3333333333333333,0.1403203287104335
533,892ab2cc473ffff,142,42.36171903447,-83.20255001625861,0.5093352469841504,Joy Community,06,Cathedral St & Saint Marys St,ASSAULT,34,0.23943661971830985,0.140282552320784
534,892ab2ce42bffff,73,42.4003662574222,-83.1466792224235,1.138119074844581,Chalfonte,10,Desoto St & Tuller St,ASSAULT,19,0.2602739726027397,0.14028227905805563
535,892ab2cf593ffff,110,42.4108432363222,-83.199042608578,0.8003647775142649,Hubbell-Puritan,02,Greenfield Rd & Florence St,ASSAULT,22,0.2,0.14023727963398158
536,892ab2c4463ffff,87,42.38144994529111,-82.9909691789616,1.009592468222478,West End,05,E Forest Ave & Saint Clair St,ASSAULT,26,0.2988505747126437,0.14020864613909864
537,892ab2c760fffff,120,42.436083959801806,-83.04435807960218,0.7081791703887592,Farwell,11,Emery St & Gable St,ASSAULT,23,0.19166666666666668,0.14015505560192956
538,892ab2c726bffff,33,42.4107973517309,-83.0667898954113,1.4999230914617148,Campau/Banglatown,11,Joseph Campau St & Cody St,LARCENY,9,0.2727272727272727,0.1400714396982486
539,892ab2c0b83ffff,120,42.4185806040703,-83.1061195978892,0.706049967092858,Palmer Park,12,Merton Rd & Whitmore Rd,LARCENY,24,0.2,0.13998942597384426
540,892ab2c766bffff,140,42.4314181590371,-83.0553203206764,0.523524310138433,Krainz Woods,11,E Robinwood St & Hasse St,ASSAULT,32,0.22857142857142856,0.1399685428615849
541,892ab2c4297ffff,56,42.370244885210624,-83.0119978826997,1.2881927744256063,Gratiot-Grand,07,Baldwin St & E Canfield St,DAMAGE TO PROPERTY,10,0.17857142857142858,0.13990539517965875
542,892ab2c52d3ffff,144,42.38449378186849,-83.10845890458248,0.4845933887842131,Dexter-Linwood,10,Lawrence St & 14th St,ASSAULT,33,0.22916666666666666,0.13977566528689722
543,892ab2ce4cfffff,158,42.4139562584393,-83.1510644480311,0.3567534215130037,Fitzgerald/Marygrove,12,Greenlawn St & Marygrove Dr,ASSAULT,37,0.23417721518987342,0.1397554456895034
544,892ab2cc6cfffff,161,42.3647797470597,-83.23360434839358,0.32934600651974427,Franklin Park,06,W Chicago St & Auburn St,ASSAULT,45,0.2795031055900621,0.1397500910532201
545,892ab2c5e67ffff,85,42.3314219180859,-83.0701613569786,1.0218744769103507,Corktown,03,Cochrane St & Kaline Dr,LARCENY,27,0.3176470588235294,0.13974628789487847
546,892ab2d5b07ffff,133,42.4423451834553,-82.97806893888716,0.5836830776190554,Franklin,09,Anvil St & Rossini Dr,AGGRAVATED ASSAULT,20,0.15037593984962405,0.1396860695921937
547,892ab2cee93ffff,162,42.35952211778352,-83.1383882429849,0.3185954474397801,Midwest,10,Joy Rd & Livernois Ave,ASSAULT,30,0.18518518518518517,0.13962269528582252
548,892ab2ce4afffff,128,42.4027801259517,-83.1355693366635,0.6278616839321723,Pilgrim Village,10,Fenkell St & Dexter Ave,ASSAULT,26,0.203125,0.1395782771897692
549,892ab2cf333ffff,142,42.371882226984624,-83.2412209572612,0.4987250444124381,Weatherby,06,Plymouth Rd & Fielding St,ASSAULT,35,0.24647887323943662,0.1394571901258046
550,892ab2c18a7ffff,65,42.4384726231995,-83.16880139292373,1.1991895834272397,McDowell,12,Pembroke Ave & Monte Vista St,LARCENY,14,0.2153846153846154,0.1393618449714558
551,892ab2ca957ffff,100,42.4380719193091,-83.25258160310864,0.8770941756867654,Evergreen Lahser 7/8,08,Fargo St & Westbrook St,ASSAULT,16,0.16,0.13911717312980776
552,892ab2c7183ffff,88,42.4102234748426,-82.9957458532356,0.9841820214786732,Gratiot-Findlay,09,Gunston St & Charlemagne Ave,ASSAULT,21,0.23863636363636365,0.13894086525854243
553,892ab2c1937ffff,157,42.4170358012199,-83.1570474709731,0.3525081010690106,Bagley,12,Wisconsin St & W McNichols Rd,ASSAULT,43,0.27388535031847133,0.13871631970994225
554,892ab2c5c27ffff,139,42.3334373989002,-83.0288266436515,0.5163935220287933,Rivertown,07,Franklin St & Orleans St,LARCENY,37,0.26618705035971224,0.138704957838008
555,892ab2c0dcfffff,132,42.4401842950259,-83.0791858419499,0.577965762111107,Nolan,11,Fleming St & E Outer Dr,AGGRAVATED ASSAULT,28,0.21212121212121213,0.13853243787452119
556,892ab2cf547ffff,104,42.3999516126962,-83.2161837841832,0.8323848407377592,Grand River-St Marys,08,Grand River Ave & Archdale St,DAMAGE TO PROPERTY,20,0.19230769230769232,0.13847479573682187
557,892ab2cf267ffff,101,42.385412756057,-83.2733266108855,0.8575168969102669,Castle Rouge,06,Riverview St & Schoolcraft St,ASSAULT,32,0.31683168316831684,0.13830315138199561
558,892ab2c640fffff,89,42.4272904684857,-82.9343654751145,0.9664226975755354,Moross-Morang,09,Peerless St & McCormick St,ASSAULT,18,0.20224719101123595,0.1382682612842845
559,892ab2c75c3ffff,143,42.4310539109861,-82.9971369363097,0.4741426734627614,Von Steuben,09,Barlow St & Linnhurst St,ASSAULT,33,0.23076923076923078,0.1382538248349067
560,892ab2c5017ffff,73,42.3781210490732,-83.0710856661145,1.1107301876035547,North End,03,Mount Vernon St & Kingsley Ct,ASSAULT,17,0.2328767123287671,0.13815171162180656
561,892ab2d5b33ffff,94,42.4387671660633,-82.97548433557881,0.9186123636295334,Franklin,09,Gratiot Ave & Coram St,AGGRAVATED ASSAULT,12,0.1276595744680851,0.1380935434640826
562,892ab2ce30bffff,133,42.365932674055,-83.17160070356225,0.5614236534008376,Barton-McFarland,02,W Chicago St & Sorrento St,ASSAULT,32,0.24060150375939848,0.13795452044338605
563,892ab2cc5dbffff,52,42.3583807557264,-83.1847468706336,1.298388059235247,We Care Community,02,Joy Rd & Strathmoor St,DAMAGE TO PROPERTY,11,0.21153846153846154,0.13786294238320013
564,892ab2c50c7ffff,132,42.3822415615418,-83.0775567579879,0.5690220030740912,North End,03,Holbrook St & Fraser Pl,LARCENY,36,0.2727272727272727,0.1378367074640728
565,892ab2c61cfffff,36,42.3982617317404,-82.9274269442117,1.4423594021469925,East English Village,05,Wallingford St & Grayton St,DAMAGE TO PROPERTY,8,0.2222222222222222,0.13772024400962563
566,892ab21b4dbffff,28,42.3097769365334,-83.0952301636094,1.5152508064779187,Delray,04,W Fort St & Ferdinand St,LARCENY,7,0.25,0.13771935131683713
567,892ab2c436bffff,136,42.34095082205716,-83.01657319099533,0.5307531246118371,Rivertown,07,Saint Maron St & E Larned St,LARCENY,41,0.3014705882352941,0.13769532986507269
568,892ab2cc00bffff,103,42.3434568505308,-83.21156732537702,0.8312730555065845,Warren Ave Community,06,Clayburn St & W Warren Ave,ASSAULT,19,0.18446601941747573,0.1376794258480438
569,892ab2c625bffff,124,42.411085509793566,-82.9880388830389,0.6397045554873331,Eden Gardens,09,Roseberry St & Kilbourne Ave,ASSAULT,39,0.31451612903225806,0.13766398931792065
570,892ab2c188fffff,18,42.4452073695673,-83.1809861784652,1.6054404353441332,Blackstone Park,12,Schaefer Hwy & W 8 Mile Rd,AGGRAVATED ASSAULT,5,0.2777777777777778,0.13764630922780569
571,892ab2ce42fffff,69,42.39809504566974,-83.1445642181832,1.1405548031811896,Chalfonte,10,Eaton St & Prairie St,ASSAULT,17,0.2463768115942029,0.13763621435886825
572,892ab2cc6a7ffff,74,42.3579231379721,-83.2128245128959,1.09447270027079,Joy Community,06,Memorial St & Joy Rd,ASSAULT,13,0.17567567567567569,0.13759593474107917
573,892ab2c0953ffff,30,42.4180932070032,-83.0942857896027,1.4952969438264538,Greenfield Park,11,Oakland St & E McNichols Rd,DAMAGE TO PROPERTY,5,0.16666666666666666,0.1375849199913809
574,892ab2c70dbffff,109,42.4320192261919,-83.03042048066631,0.7752803817706896,Grant,11,E Robinwood St & Carrie St,ASSAULT,29,0.26605504587155965,0.13757709271667173
575,892ab2ce04fffff,94,42.3858165045795,-83.1686112920769,0.9118886719085374,Northwest Community,02,Meyers Rd & W Davison St,ASSAULT,20,0.2127659574468085,0.1375705109470597
576,892ab2ce423ffff,98,42.40044128838395,-83.1402622325944,0.8745710141343019,Chalfonte,10,Chalfonte St & Santa Rosa Dr,ASSAULT,28,0.2857142857142857,0.13750312831560768
577,892ab2c53c7ffff,43,42.3629239874731,-83.0876015444785,1.3756723517193743,Elijah McCoy,03,Hecla St & Marquette St,ASSAULT,11,0.2558139534883721,0.13749488550990963
578,892ab2c7447ffff,125,42.4404087054923,-83.0195655267677,0.62829691047257,Nortown,11,Kempa St & Sirron St,BURGLARY,28,0.224,0.13748547917398127
579,892ab2ce0a3ffff,136,42.3863565986415,-83.1453397575822,0.5279875186169479,Oakman Blvd Community,10,Ewald Cir & W Davison St,ASSAULT,24,0.17647058823529413,0.1374801947987097
580,892ab2ce44bffff,150,42.4096793746092,-83.1610688163691,0.39861935833696965,Fitzgerald/Marygrove,12,Washburn St & Pilgrim St,ASSAULT,37,0.24666666666666667,0.13734109785401316
581,892ab2d590bffff,93,42.447378651939,-82.9561101452402,0.9178182605865892,Regent Park,09,Bringard Dr & Redmond St,DAMAGE TO PROPERTY,18,0.1935483870967742,0.13732288590915598
582,892ab2ce493ffff,64,42.41723552229777,-83.1353045290069,1.1780543603882714,University District,12,Fairfield St & W McNichols Rd,ASSAULT,12,0.1875,0.13700886216545266
583,892ab2c0b5bffff,54,42.4149311370243,-83.1303037365443,1.2682440870530198,Martin Park,12,Grove St & Lawton St,ASSAULT,21,0.3888888888888889,0.13693582768411883
584,892ab21b6abffff,17,42.2940929640053,-83.1104082587841,1.6040701750650666,Delray,04,W Jefferson Ave & S Solvay St,STOLEN PROPERTY,5,0.29411764705882354,0.13683083269813798
585,892ab2c756fffff,111,42.4153355146661,-82.99998677035005,0.7467496370393626,Gratiot-Findlay,09,Gunston St & Minden St,ASSAULT,21,0.1891891891891892,0.1367754701503633
586,892ab2c5e7bffff,19,42.3362053024551,-83.0761362853304,1.5844777733811892,North Corktown,03,Rosa Parks Blvd & Temple St,BURGLARY,4,0.21052631578947367,0.1367245192352382
587,892ab2cf233ffff,48,42.390608888124,-83.2614319363983,1.3198906497256475,Eliza Howell,06,Lamphere St & Acacia St,ASSAULT,13,0.2708333333333333,0.13670007907364312
588,892ab2c6357ffff,129,42.3934069439139,-82.959058988579,0.5815185050872984,Fox Creek,05,E Forest Ave & Lakewood St,RUNAWAY,67,0.5193798449612403,0.13668214985709945
589,892ab2c8d33ffff,25,42.407165075431706,-83.2820334443024,1.5288462180071192,South of Six,08,Fenton St & Puritan St,DAMAGE TO PROPERTY,7,0.28,0.13665027731529672
590,892ab2ca9abffff,99,42.4332437700775,-83.238976617544,0.8541739556950467,O'Hair Park,08,Evergreen Rd & Votrobeck Ct,ASSAULT,24,0.24242424242424243,0.13662533632992505
591,892ab2c091bffff,85,42.4182522924941,-83.0859121149747,0.9813179531101468,North Campau,11,Riopelle St & E McNichols Rd,FRAUD,24,0.2823529411764706,0.1365914167905592
592,892ab2ce3dbffff,85,42.3774271372285,-83.174491493392,0.9804305230366,Pride Area Community,02,Capitol St & Cheyenne St,ASSAULT,24,0.2823529411764706,0.13652238406206577
593,892ab2d5b57ffff,145,42.445757807206,-82.9880397678648,0.4335489594836945,Conner Creek,09,Bringard Dr & Joann St,ASSAULT,30,0.20689655172413793,0.13651383010190393
594,892ab2ce643ffff,156,42.4072500470879,-83.1879219411399,0.33181808066799523,Bethune Community,02,Hubbell St & Pilgrim St,ASSAULT,51,0.3269230769230769,0.13639796898791565
595,892ab2c083bffff,120,42.42614908966678,-83.1021196594498,0.6596464052456521,Grixdale Farms,12,John R St & W Savannah St,ASSAULT,18,0.15,0.1363797167904229
596,892ab2c510fffff,93,42.3587446980601,-83.0564789099051,0.9048250450776902,Medical Center,03,E Hancock St & Saint Antoine St,ASSAULT,21,0.22580645161290322,0.13631215036477945
597,892ab2ce5dbffff,36,42.4007186215495,-83.1331576068083,1.4239653226598163,Dexter-Fenkell,10,Chalfonte St & Wildemere St,ASSAULT,8,0.2222222222222222,0.13628937803722313
598,892ab2c5333ffff,125,42.3521213474691,-83.0787296400095,0.6128439882722773,Woodbridge,03,Trumbull St & W Warren Ave,LARCENY,26,0.208,0.13628340431255656
599,892ab2c627bffff,93,42.4036913884906,-82.9840349873281,0.9042355964026484,Wade,09,Roseberry St & Elmdale St,ASSAULT,22,0.23655913978494625,0.13626629745584845
600,892ab2c6693ffff,147,42.43601318526,-82.9523329510953,0.41184307664973513,Regent Park,09,Kelly Rd & Kingsville Ave,AGGRAVATED ASSAULT,21,0.14285714285714285,0.13624311002854694
601,892ab2c1a3bffff,123,42.43381685018908,-83.21303104004441,0.6295089203545796,Greenfield,08,Vassar Ave & Gilchrist St,ASSAULT,35,0.2845528455284553,0.13616199142247104
602,892ab2c19a7ffff,136,42.42074553598221,-83.1502616519103,0.5110126258038277,Bagley,12,Santa Clara St & Roselawn St,DAMAGE TO PROPERTY,28,0.20588235294117646,0.13615972662695874
603,892ab2cf0d3ffff,87,42.40895759469164,-83.2387982253373,0.9575156593073891,Miller Grove,08,Grand River Ave & Evergreen Rd,ASSAULT,20,0.22988505747126436,0.13615761798735787
604,892ab2c51abffff,86,42.3578459032704,-83.048119075588,0.9658932664020646,Forest Park,07,Russell St & E Canfield St,ASSAULT,23,0.26744186046511625,0.13610042304162615
605,892ab2ce3cbffff,53,42.37548346725018,-83.1756342770842,1.2654055821819397,Pride Area Community,02,Hartwell St & Wadsworth St,ASSAULT,12,0.22641509433962265,0.13600613716362103
606,892ab2c6607ffff,92,42.42433501261764,-82.9593822684407,0.9099959292770742,Denby,09,Riad St & Grayton St,ASSAULT,28,0.30434782608695654,0.1360055060961286
607,892ab2cc2bbffff,170,42.3432297256339,-83.22928795887624,0.1990349126289559,Warrendale,06,W Warren Ave & Grandville Ave,FRAUD,57,0.3352941176470588,0.13599322034799088
608,892ab2c71afffff,52,42.39964715941009,-82.99211114308515,1.2720904450815427,Wade,09,Wade St & Conner St,ASSAULT,12,0.23076923076923078,0.1358172645185296
609,892ab2ce4dbffff,123,42.41708536405943,-83.1523553700298,0.6239075348237759,Bagley,12,W McNichols Rd & Northlawn St,ASSAULT,24,0.1951219512195122,0.1357262625261203
610,892ab2c6e5bffff,121,42.3783033504452,-82.9490490944446,0.6414095498343523,Riverbend,05,Chalmers St & Kercheval St,ASSAULT,23,0.19008264462809918,0.13566996588602062
611,892ab2c0e0fffff,59,42.446505008957,-83.1249444682011,1.20594469700978,State Fair,12,Woodward Ave & W 8 Mile Rd,LARCENY,17,0.288135593220339,0.1356340136503651
612,892ab2ce443ffff,138,42.4097313038081,-83.1578262633684,0.48229754847834383,Fitzgerald/Marygrove,12,Puritan St & Kentucky St,ASSAULT,37,0.26811594202898553,0.1353437649230616
613,892ab2ce28bffff,65,42.3911239188274,-83.1840696448527,1.1463234049171676,Grand River-I96,02,Ardmore St & Intervale St,AGGRAVATED ASSAULT,12,0.18461538461538463,0.1352494121653588
614,892ab2c0d2bffff,117,42.42579157473169,-83.0737923178453,0.6714376629188911,Northeast Central District,11,Maine St & E Nevada St,ASSAULT,27,0.23076923076923078,0.1351702985893658
615,892ab2c0913ffff,91,42.41844147856207,-83.08224353966445,0.9072845950736655,Cadillac Heights,11,Saint Aubin St & E McNichols Rd,ASSAULT,21,0.23076923076923078,0.13508570811639026
616,892ab2c19d3ffff,94,42.4349036881313,-83.167647645577,0.8790933988376206,McDowell,12,Monte Vista St & Saint Martins Ave,FRAUD,14,0.14893617021276595,0.1350193835407908
617,892ab2d5b77ffff,124,42.4385803708893,-82.98525607409502,0.6052107668161083,Franklin,09,Schoenherr St & Pinewood St,ASSAULT,18,0.14516129032258066,0.13498073525765042
618,892ab2c4207ffff,123,42.3613010216983,-83.0216010191385,0.6128242738053064,Gratiot-Grand,07,Mount Elliott St & Mack Ave,ASSAULT,40,0.3252032520325203,0.13486410135814017
619,892ab2c661bffff,119,42.4293006823087,-82.9629053999059,0.6490937704723279,Mapleridge,09,Brock St & Mapleridge St,ASSAULT,31,0.2605042016806723,0.13484994807674838
620,892ab2cc097ffff,62,42.3509032454988,-83.196651973569,1.1672175418868131,Fiskhorn,02,Tireman Ave & Greenfield,ASSAULT,14,0.22580645161290322,0.13474810225779887
621,892ab2c420fffff,95,42.36067594613716,-83.02677661589223,0.8659963193445704,McDougall-Hunt,07,Saint Joseph St & Gratiot Ave,ASSAULT,24,0.25263157894736843,0.1347094531586563
622,892ab2c5e07ffff,125,42.33816347743364,-83.0641763232569,0.5906826613492299,Midtown,03,Grand River Ave & 5th St,LARCENY,43,0.344,0.13455948610183102
623,892ab2c7443ffff,103,42.4436407046554,-83.0245840433821,0.7909995661026824,Sherwood,11,Milbank St & Stotter St,DAMAGE TO PROPERTY,20,0.1941747572815534,0.1345465718436816
624,892ab2c5107ffff,117,42.3588676441231,-83.05244935590758,0.6626263636107476,Forest Park,03,E Forest Ave & N I 75 Service Drive,ASSAULT,28,0.23931623931623933,0.13448487215302438
625,892ab2c1b27ffff,100,42.4115419193359,-83.1881965210828,0.816449636543712,Hubbell-Puritan,02,Florence St & Mark Twain St,ASSAULT,27,0.27,0.13439966565506167
626,892ab2c1b67ffff,161,42.4141415678109,-83.19923547192448,0.26022556350588644,Crary/St Marys,08,Greenfield Rd & Verne St,ASSAULT,42,0.2608695652173913,0.13437324738051185
627,892ab2c66c3ffff,151,42.4354482557225,-82.9654604105546,0.3511458961115797,Regent Park,09,Hayes St & E 7 Mile Rd,ASSAULT,23,0.152317880794702,0.1343570463591433
628,892ab2c610bffff,22,42.3932244415104,-82.9266998808803,1.5255808461276985,East English Village,05,Yorkshire Rd & Mack Ave,ASSAULT,7,0.3181818181818182,0.13426961165382767
629,892ab2ce807ffff,118,42.3311480090235,-83.1244181405799,0.6502861813062079,Claytown,04,Cicotte St & Michigan Ave,FRAUD,24,0.2033898305084746,0.1342338204134662
630,892ab2c1b33ffff,109,42.4164697421709,-83.1895493155316,0.7318536261953478,Winship,12,Hubbell St & W McNichols Rd,FRAUD,35,0.3211009174311927,0.13419894776041458
631,892ab2c523bffff,158,42.368055449353164,-83.1051602595775,0.2847482141039909,Virginia Park Community,10,Linwood St & W Euclid St,AGGRAVATED ASSAULT,28,0.17721518987341772,0.13415419767982883
632,892ab2ce577ffff,133,42.3852680185102,-83.1278499209082,0.5100926762981347,Russell Woods,10,Sturtevant St & Dexter Ave,FRAUD,43,0.3233082706766917,0.13396151016431035
633,892ab2cf663ffff,99,42.4078861393589,-83.2646733951597,0.8184146167834722,Riverdale,08,Puritan St & Bramell St,AGGRAVATED ASSAULT,22,0.2222222222222222,0.13384363576807562
634,892ab2cf56bffff,89,42.39390357970603,-83.2179107684057,0.9092240497449613,Grandmont,08,Lyndon St & N M 39,STOLEN VEHICLE,17,0.19101123595505617,0.13381880792048542
635,892ab2cc5d7ffff,81,42.35618225852063,-83.177383523779,0.9806165185548246,Joy-Schaefer,02,Schaefer Hwy & Van Buren St,ASSAULT,17,0.20987654320987653,0.13370131380529848
636,892ab2cc4afffff,23,42.3583613150626,-83.1872361432825,1.5078936361471142,We Care Community,02,Hubbell St & Joy Rd,LARCENY,5,0.21739130434782608,0.13360261738447451
637,892ab2c0d4fffff,140,42.43278539355994,-83.0865441192809,0.4416652808014014,Nolan,11,Riopelle St & E 7 Mile Rd,FRAUD,27,0.19285714285714287,0.13360077111775195
638,892ab2ce507ffff,151,42.38835202332923,-83.1222682134315,0.338825818966035,Dexter-Linwood,10,Fullerton St & Lawton St,ASSAULT,38,0.25165562913907286,0.1333986739014607
639,892ab2c6047ffff,123,42.4092175240845,-82.9512897779444,0.5938649200873026,Outer Drive-Hayes,09,Harper Ave & Berkshire St,DAMAGE TO PROPERTY,22,0.17886178861788618,0.13338926299437495
640,892ab2d5b1bffff,154,42.446796856271,-82.9831495976862,0.310534863277555,Mohican Regent,09,Collingham Dr & Reno St,ASSAULT,27,0.17532467532467533,0.13332458908942138
641,892ab2c70c3ffff,47,42.4294308623837,-83.0273684505452,1.2853686420729662,Grant,11,E Hildale St & Packard St,LARCENY,14,0.2978723404255319,0.13330574518524427
642,892ab2c53abffff,74,42.35424314979164,-83.07994747468963,1.0387931656298992,Woodbridge,03,Merrick St & Trumbull St,LARCENY,26,0.35135135135135137,0.13326465241013125
643,892ab2c40cbffff,62,42.3742063007064,-83.0028096490164,1.1478735453962907,Gratiot Woods,07,Burns St & E Canfield St,ASSAULT,15,0.24193548387096775,0.13324334273080765
644,892ab2c1837ffff,77,42.4347255673135,-83.1763195032578,1.0094445338181997,Greenwich,12,Vassar Ave & Littlefield St,STOLEN VEHICLE,16,0.2077922077922078,0.13310829151705222
645,892ab2c70a7ffff,102,42.41773692628908,-83.0088633143497,0.7813465850881589,LaSalle College Park,09,Portlance St & Canonbury St,ASSAULT,22,0.21568627450980393,0.13308678673268257
646,892ab2c764fffff,145,42.4358363578894,-83.0568909275689,0.38862960956853726,Farwell,11,Eureka St & Emery St,ASSAULT,41,0.2827586206896552,0.13301957700047257
647,892ab2cab7bffff,83,42.4276297665924,-83.2858459096261,0.9535318939842522,Five Points,08,Grand River Ave & Albert St,DAMAGE TO PROPERTY,13,0.1566265060240964,0.1330121841817041
648,892ab2c186bffff,83,42.4341831839613,-83.196283783085,0.9523273788696234,San Bernardo,12,Sussex St & Vassar Ave,ASSAULT,20,0.24096385542168675,0.13291848557112845
649,892ab2ce15bffff,149,42.3738001687864,-83.1507428126821,0.350546794852018,Littlefield Community,02,Roselawn St & Oakman Blvd,ASSAULT,26,0.174496644295302,0.13289267320445103
650,892ab2c76bbffff,88,42.438658991326,-83.0342071344274,0.9057247080980736,Nortown,11,E Lantz St & Sherwood St,LARCENY,35,0.3977272727272727,0.132837711247455
651,892ab2c645bffff,15,42.4334881407086,-82.9457508575471,1.5709335249610803,Moross-Morang,09,Kingsville Ave & Lansdowne St,ASSAULT,3,0.2,0.13283538037205636
652,892ab2c4487ffff,141,42.3906958639887,-82.9735123151124,0.42237451709644397,Chandler Park,05,Drew Ct & Banneker Ct,ASSAULT,22,0.15602836879432624,0.13280903722983162
653,892ab2d5b43ffff,134,42.4456454131225,-82.9928220948334,0.4854202103614472,Conner Creek,09,Fairport St & Bringard Dr,ASSAULT,27,0.20149253731343283,0.13275113643076172
654,892ab2c6633ffff,124,42.4226504777594,-82.9553311314944,0.5763353646951977,Denby,09,Grayton St & Lansdowne St,ASSAULT,28,0.22580645161290322,0.13273453259428503
655,892ab2ce533ffff,128,42.3867582778349,-83.1206414292577,0.5398608820529841,Dexter-Linwood,10,Sturtevant St & Lawton St,LARCENY,24,0.1875,0.1327327401222116
656,892ab2c095bffff,51,42.4187505766384,-83.0974143522104,1.241447792061074,Greenfield Park,11,Edgevale St & Brush St,DANGEROUS DRUGS,22,0.43137254901960786,0.13272470362953448
657,892ab2c1bbbffff,109,42.4235885693522,-83.1862150851558,0.712200340890517,Winship,12,Curtis St & Freeland St,ASSAULT,23,0.21100917431192662,0.13267012881580764
658,892ab2c5593ffff,15,42.389655638596814,-83.0337034930189,1.5684095721475113,Airport Sub,07,Farr St & Foster St,ASSAULT,5,0.3333333333333333,0.13263904338224378
659,892ab2c4287ffff,54,42.3666755787392,-83.01460802657864,1.2110161166344415,Gratiot-Grand,07,Sylvester St & E Grand Blvd,ASSAULT,16,0.2962962962962963,0.1324840933312968
660,892ab2c662bffff,177,42.4199869090258,-82.9611269351592,0.08914576934842702,Outer Drive-Hayes,09,Duchess St & Courville St,ASSAULT,28,0.15819209039548024,0.13240719328951928
661,892ab2cc673ffff,127,42.357597963111,-83.2347281579616,0.544357396404329,Franklin Park,06,Joy Rd & Plainview Ave,FRAUD,46,0.36220472440944884,0.13237363697030724
662,892ab2cf1bbffff,138,42.3822191424378,-83.2075591220095,0.44366715725704853,Schoolcraft Southfield,06,Mettetal St & Glendale St,ASSAULT,38,0.2753623188405797,0.13233872668031157
663,892ab2c422bffff,16,42.3556641037156,-83.02526515477199,1.5552496628559833,McDougall-Hunt,07,Arndt St & Elmwood St,LARCENY,6,0.375,0.13232422550243605
664,892ab2c6697ffff,114,42.43369508713075,-82.9500809632607,0.6607678451886703,Moross-Morang,09,Moross Rd & Duchess St,DAMAGE TO PROPERTY,16,0.14035087719298245,0.13221364489762902
665,892ab2cc2b7ffff,159,42.3396759494977,-83.22302854589849,0.2504220928627218,Warrendale,06,Whitlock St & Brace St,ASSAULT,36,0.22641509433962265,0.1321928710706955
666,892ab2c502fffff,47,42.366391369792815,-83.0709070338868,1.269851414010972,Tech Town,03,Amsterdam St & Woodward Ave,DAMAGE TO PROPERTY,17,0.3617021276595745,0.13209866800394818
667,892ab2cab17ffff,96,42.433305536663,-83.2742132886745,0.8218421845037033,Seven Mile-Rouge,08,Verdun St & Appleton St,DAMAGE TO PROPERTY,21,0.21875,0.13198361043194407
668,892ab2ca82fffff,41,42.4419401454985,-83.2642913252768,1.322932015348895,Berg-Lahser,08,Hessel Ave & Alderton St,LARCENY,14,0.34146341463414637,0.13197447252287536
669,892ab2cab77ffff,88,42.4250310322967,-83.2789653900099,0.893364550526347,Five Points,08,Grand River Ave & Woodbine St,LARCENY,27,0.3068181818181818,0.1318762209540567
670,892ab2cf51bffff,152,42.4031028660405,-83.2085720165899,0.3097953694364739,Crary/St Marys,08,Keeler St & Ferguson St,ASSAULT,30,0.19736842105263158,0.1318492948680993
671,892ab2c0b0fffff,24,42.4080584629121,-83.1164084119813,1.4761659097103825,Pilgrim Village,12,Woodrow Wilson St & Pilgrim St,LARCENY,9,0.375,0.13184341856930187
672,892ab2c4203ffff,118,42.3645717624597,-83.02412353974375,0.6167946198152023,McDougall-Hunt,07,Superior St & Gratiot Ave,ASSAULT,23,0.19491525423728814,0.13162852908950973
673,892ab2c668fffff,125,42.430842521998,-82.9559304686626,0.5517000753558285,Mapleridge,09,Casino St & Kelly Rd,ASSAULT,17,0.136,0.1315270508091
674,892ab2c0b57ffff,62,42.41266189047803,-83.12170276690411,1.1253319598976061,Martin Park,12,Inverness St & Florence St,ASSAULT,12,0.1935483870967742,0.13148984440127418
675,892ab2ce393ffff,115,42.3766854020346,-83.1586787464286,0.6422681855451813,Littlefield Community,02,Grand River Ave & Indiana St,ASSAULT,17,0.14782608695652175,0.13148345058731972
676,892ab2c7477ffff,153,42.4341735199886,-83.014464035035,0.2952842430472671,Mount Olivet,09,E 7 Mile Rd & E Outer Dr,FRAUD,28,0.1830065359477124,0.1314293665059896
677,892ab2c604bffff,143,42.41161151405934,-82.9582205195951,0.3863037344100723,Outer Drive-Hayes,09,Wayburn St & Berkshire St,DAMAGE TO PROPERTY,24,0.16783216783216784,0.13142087899328111
678,892ab2c1aafffff,160,42.4339723495325,-83.2054543822479,0.23044249011784648,Greenfield,08,Mansfield St & Vassar Ave,ASSAULT,34,0.2125,0.13134755274853543
679,892ab2c4567ffff,22,42.3623619637802,-82.9704699608425,1.4849051555317765,Marina District,05,Lisette St & Lillibridge St,LARCENY,6,0.2727272727272727,0.13110547062582711
680,892ab2c6063ffff,130,42.4044153492644,-82.9489175927609,0.5006833215723309,Morningside,05,Chatsworth St & E Outer Dr,ASSAULT,29,0.2230769230769231,0.1311029072406889
681,892ab2c5dd3ffff,54,42.3381752300059,-83.0188516285058,1.1924727434946685,Rivertown,07,Joseph Campau St & Franklin St,LARCENY,24,0.4444444444444444,0.1310416138825284
682,892ab2c758bffff,139,42.431194724608666,-82.98985586283335,0.4178711827610739,Franklin,09,Joann St & Linnhurst St,RUNAWAY,34,0.2446043165467626,0.131040955794418
683,892ab2c1bb3ffff,117,42.4237200602627,-83.18133310834695,0.6178983741420735,Winship,12,Tracey St & Curtis St,ASSAULT,33,0.28205128205128205,0.1310055048821956
684,892ab2cc44bffff,83,42.3651261063365,-83.2130346992054,0.9260378785869409,Joy Community,06,W Chicago St & Longacre St,ASSAULT,32,0.3855421686746988,0.13087343888030697
685,892ab2ce497ffff,54,42.4148484934358,-83.1339645196863,1.1899878644236253,Martin Park,12,Muirland St & Grove St,LARCENY,14,0.25925925925925924,0.13084831641902828
686,892ab2d594fffff,100,42.446309331083,-82.9658752198769,0.7706211873111498,Regent Park,09,Hayes St & Bringard Dr,ASSAULT,22,0.22,0.1308346941858144
687,892ab2c1d6bffff,72,42.43887131186209,-83.16664802907124,1.0254740899074348,McDowell,12,Pinehurst St & Pembroke Ave,STOLEN PROPERTY,16,0.2222222222222222,0.13081079899134176
688,892ab2c668bffff,165,42.4331344510176,-82.9581638034134,0.17706244174018743,Mapleridge,09,Saratoga St & Rex St,DAMAGE TO PROPERTY,26,0.15757575757575756,0.13073956971047834
689,892ab2d5b17ffff,121,42.44511200652196,-82.9781049982309,0.5771799222127308,Mohican Regent,09,Fairmount Dr & Anvil St,ASSAULT,31,0.256198347107438,0.13067357622444853
690,892ab2ce467ffff,92,42.3980566631716,-83.1502040244742,0.8411613965191023,Chalfonte,10,Greenlawn St & Eaton St,DAMAGE TO PROPERTY,19,0.20652173913043478,0.13065090323501372
691,892ab2c7603ffff,148,42.4384549401626,-83.0437960762048,0.3304827523679676,Farwell,11,E Lantz St & Mound Rd,FRAUD,50,0.33783783783783783,0.13062301698227613
692,892ab2ce687ffff,89,42.4078256191908,-83.1643321170798,0.8670518666896382,Bethune Community,12,Pinehurst St & Pilgrim St,ASSAULT,20,0.2247191011235955,0.1305382555145952
693,892ab2ce663ffff,161,42.3997783405211,-83.183293035967,0.2099905012709575,Bethune Community,02,Chalfonte St & Ardmore St,ASSAULT,45,0.2795031055900621,0.13046548775472602
694,892ab2c5277ffff,56,42.3690358554073,-83.1093275964374,1.1667520171428005,Jamison,10,Carter St & Lawton St,ASSAULT,14,0.25,0.13045858119911116
695,892ab2c456bffff,111,42.363939556947,-82.9770286426273,0.6648144471377235,East Village,05,E Jefferson Ave & Saint Clair St,ASSAULT,23,0.2072072072072072,0.1304017739154238
696,892ab2c701bffff,32,42.42361153177914,-83.02674377183259,1.3837005319090905,Grant,11,Cliff St & Buhr St,AGGRAVATED ASSAULT,5,0.15625,0.1303216619442497
697,892ab2c5e23ffff,101,42.3316234554005,-83.0637023145964,0.7532844464095156,Corktown,03,Michigan Ave & Brooklyn St,LARCENY,60,0.594059405940594,0.13019496272566017
698,892ab2cebabffff,108,42.3114533991606,-83.1310120661393,0.6887252133600884,Springwells,04,W Vernor Hwy & Pearl St,DAMAGE TO PROPERTY,20,0.18518518518518517,0.13013512604420438
699,892ab2ce413ffff,137,42.4098923639826,-83.14377579746777,0.4242993845441525,Fitzgerald/Marygrove,12,Puritan St & Santa Rosa Dr,ASSAULT,36,0.26277372262773724,0.13012323292513328
700,892ab2c7533ffff,97,42.4190632937994,-82.9876859173545,0.7887676595169391,Eden Gardens,09,Park Dr & August St,LARCENY,16,0.16494845360824742,0.13011964485101585
701,892ab2c40d3ffff,50,42.37721582374848,-82.9973338118895,1.2165414688647664,West End,07,McClellan St & E Canfield St,ASSAULT,15,0.3,0.13007836888398902
702,892ab2ce06fffff,143,42.3797311667052,-83.16622512949496,0.3687379003459746,Grand River-I96,02,Grand River Ave & Manor,FRAUD,48,0.3356643356643357,0.1300544418058856
703,892ab2cc59bffff,68,42.3562479033588,-83.17261921334271,1.0514058345753965,Aviation Sub,02,Ward St & Mackenzie St,ASSAULT,18,0.2647058823529412,0.1299924773047355
704,892ab2c46abffff,88,42.3811279567879,-83.0075452251363,0.867843679311536,Gratiot Woods,07,Fischer St & Moffat St,ASSAULT,24,0.2727272727272727,0.1298909655226665
705,892ab2c5ec3ffff,101,42.3475815727285,-83.0711294783581,0.7491674982126332,Jeffries,03,Miracles Blvd & Four Tops Dr,DAMAGE TO PROPERTY,22,0.21782178217821782,0.12987470744519508
706,892ab2ce44fffff,121,42.4079046107776,-83.15884320024,0.5668771396117869,Fitzgerald/Marygrove,12,Pilgrim St & Kentucky St,ASSAULT,32,0.2644628099173554,0.12987212807070814
707,892ab2cd5dbffff,51,42.3667649794964,-83.26442315466727,1.2040002254409352,West Outer Drive,06,Orangelawn St & Beaverland St,ASSAULT,14,0.27450980392156865,0.1298116767034853
708,892ab2c5c93ffff,130,42.3519362371849,-83.02649110706278,0.4837641143248699,Elmwood Park,07,Joseph Campau St & E Vernor Hwy,ASSAULT,32,0.24615384615384617,0.12978677082041867
709,892ab2cc46bffff,80,42.3565279866251,-83.2093043110256,0.9392638123056523,Garden View,06,Van Buren Ave & Grandmont Ave,ASSAULT,16,0.2,0.1297756233901286
710,892ab2c5c83ffff,101,42.3498907045727,-83.0302985615252,0.747644264673008,Elmwood Park,07,E Vernor Hwy & Chene St,ASSAULT,27,0.26732673267326734,0.12975621589244346
711,892ab2c50afffff,84,42.3724280205448,-83.0658021363324,0.9019955588559094,Milwaukee Junction,03,Beaubien St & E Grand Blvd,LARCENY,37,0.44047619047619047,0.12971208389564115
712,892ab2c5a93ffff,88,42.32922678135464,-83.0680520497804,0.8651340560090479,Corktown,03,10th St & Bagley St,LARCENY,38,0.4318181818181818,0.12968018532112052
713,892ab2cee07ffff,110,42.3471795125151,-83.1439132439922,0.6645471565784381,Midwest,02,American St & Majestic St,ASSAULT,27,0.24545454545454545,0.12967209683235112
714,892ab2ca97bffff,97,42.4327980356253,-83.2560009368137,0.7828509368022252,Evergreen Lahser 7/8,08,Vassar Ave & Burgess St,ASSAULT,23,0.23711340206185566,0.1296593860374923
715,892ab2c662fffff,149,42.4168120053089,-82.9591846530083,0.3084355728423044,Outer Drive-Hayes,09,Whitehill St & Courville St,ASSAULT,30,0.20134228187919462,0.12961686292691063
716,892ab2c52cfffff,131,42.3788651194682,-83.1123108566339,0.47221732624950274,Dexter-Linwood,10,Glynn Ct & Linwood St,ASSAULT,28,0.21374045801526717,0.12959743680943808
717,892ab2cc513ffff,109,42.3513316480872,-83.1771898055271,0.6720371432370783,Joy-Schaefer,02,Tireman Ave & Schaefer,FRAUD,22,0.2018348623853211,0.12954585434992602
718,892ab2c760bffff,132,42.4383723323829,-83.04710612830985,0.46231495100605907,Farwell,11,Emery St & Caldwell St,ASSAULT,36,0.2727272727272727,0.12953602082596316
719,892ab2ce3cfffff,102,42.3731351369866,-83.1730629649748,0.7352978243304201,Pride Area Community,02,Plymouth Rd & Cheyenne St,ASSAULT,27,0.2647058823529412,0.12950467734332777
720,892ab2cc2b3ffff,128,42.3433018099401,-83.2243184928928,0.4970377275709847,Warrendale,06,Stahelin Ave & W Warren Ave,ASSAULT,19,0.1484375,0.12940154898421813
721,892ab2ce64bffff,122,42.4071249210316,-83.1927852197482,0.5515158391153446,Belmont,02,Pilgrim St & Lauder St,ASSAULT,28,0.22950819672131148,0.12938606510254172
722,892ab2ce003ffff,127,42.3885714029255,-83.1560700728826,0.5010414524704532,Davison-Schoolcraft,10,Cherrylawn St & Schoolcraft St,ASSAULT,39,0.30708661417322836,0.12900411199458406
723,892ab2cc65bffff,135,42.3646161788142,-83.242208406161,0.4272712316573042,Franklin Park,06,W Chicago St & Fielding St,ASSAULT,33,0.24444444444444444,0.1289366420057132
724,892ab2c58cfffff,119,42.32910643744855,-83.05385818611738,0.5726036896503618,Downtown,03,W Lafayette Blvd & 2nd St,LARCENY,29,0.24369747899159663,0.1288998240734911
725,892ab2c7203ffff,83,42.4188528031816,-83.0528246949328,0.8994127737851715,Davison,11,Fenelon St & E Davison St,ASSAULT,23,0.27710843373493976,0.12880228568674473
726,892ab2cea97ffff,57,42.3375366883562,-83.14621105679285,1.136070391272759,Claytown,04,Kirkwood St & Elmer St,AGGRAVATED ASSAULT,8,0.14035087719298245,0.12878075800839592
727,892ab2c53dbffff,81,42.36659258751,-83.09216601320537,0.9171310381676655,Virginia Park Community,10,Churchill St & W Bethune St,DAMAGE TO PROPERTY,22,0.2716049382716049,0.12876281097394215
728,892ab2ce063ffff,121,42.3806382255513,-83.1630898420107,0.5517866050647338,Grand River-I96,02,Fullerton St & Birwood St,ASSAULT,36,0.2975206611570248,0.1286982431582396
729,892ab2cf4afffff,110,42.4138149302989,-83.2155918425009,0.6510302398598105,Crary/St Marys,08,Harlow St & Grove St,ASSAULT,24,0.21818181818181817,0.12862062284051767
730,892ab2ce32bffff,124,42.3587464820903,-83.16655071808745,0.5224900537204502,Barton-McFarland,02,Joy Rd & Manor,ASSAULT,26,0.20967741935483872,0.12854593357790522
731,892ab2ce407ffff,123,42.4062495152146,-83.14039553065504,0.5312743590440114,Fitzgerald/Marygrove,12,Hughes St & Livernois Ave,ASSAULT,27,0.21951219512195122,0.12852037547799416
732,892ab2c763bffff,105,42.4335819677365,-83.0427095380178,0.6950575783569686,Farwell,11,E 7 Mile Rd & Mound Rd,ASSAULT,22,0.20952380952380953,0.12850106339257586
733,892ab2ca9a3ffff,108,42.43329563503294,-83.23466903003197,0.6673627732122155,O'Hair Park,08,Edinborough Rd & Vassar Ave,ASSAULT,37,0.3425925925925926,0.12847335282438183
734,892ab2c46a7ffff,44,42.380005995229226,-83.0003269146129,1.2503421624947038,Gratiot Woods,07,Belvidere St & E Warren Ave,ASSAULT,8,0.18181818181818182,0.12845439930931993
735,892ab2c7677ffff,92,42.43349847171128,-83.04494091492012,0.8127103157173644,Krainz Woods,11,Albany St & E 7 Mile Rd,ASSAULT,23,0.25,0.12843770830858847
736,892ab2cf47bffff,98,42.4151002004461,-83.23818834939087,0.7580231364283981,Evergreen-Outer Drive,08,Evergreen Rd & W McNichols Rd,ASSAULT,16,0.16326530612244897,0.12843692891805858
737,892ab2cf5b7ffff,106,42.3996165391759,-83.1900729176297,0.6839804028100521,Hubbell-Lyndon,02,Chalfonte St & Hubbell St,ASSAULT,24,0.22641509433962265,0.12834826029838522
738,892ab2c0ac3ffff,43,42.4365199823086,-83.1387772167571,1.2564529007494687,Sherwood Forest,12,Roslyn Rd & Chesterfield Rd,STOLEN VEHICLE,12,0.27906976744186046,0.1282208658037169
739,892ab2ce6afffff,124,42.4000944518005,-83.166057482475,0.5180380036504907,Bethune Community,02,Chalfonte St & Monte Vista St,ASSAULT,35,0.28225806451612906,0.12819961089527365
740,892ab2c742bffff,129,42.4324311774822,-83.0130195497748,0.4717314649074524,Mount Olivet,09,Blackmoor St & Eastwood St,ASSAULT,28,0.21705426356589147,0.12814187252962306
741,892ab2c199bffff,121,42.4331649999032,-83.1610273486023,0.5421274968449729,Bagley,12,Cambridge Ave & Wyoming St,FRAUD,60,0.49586776859504134,0.12794686610319075
742,892ab2cf1cfffff,68,42.38656308926341,-83.2235459079197,1.0244024016071813,Grandmont #1,08,Penrod St & Schoolcraft St,DAMAGE TO PROPERTY,12,0.17647058823529413,0.12789189415790236
743,892ab2c0d53ffff,108,42.4401236305406,-83.0831050359763,0.6595414434020563,Nolan,11,E Outer Dr & E State Fair St,ASSAULT,26,0.24074074074074073,0.12786493560556442
744,892ab2c757bffff,115,42.42011189373579,-83.0031430635496,0.5944428099908923,LaSalle College Park,09,Portlance St & Hoover St,AGGRAVATED ASSAULT,22,0.19130434782608696,0.12776313924770027
745,892ab2c196fffff,97,42.4166373901248,-83.1745827430334,0.7564897752328481,Harmony Village,12,Ward St & W McNichols Rd,LARCENY,23,0.23711340206185566,0.12760876485207645
746,892ab2ce373ffff,117,42.3637247849882,-83.1727535120955,0.574114240725422,Barton-McFarland,02,Westfield St & Sorrento St,ASSAULT,33,0.28205128205128205,0.12759955968767278
747,892ab2c602fffff,132,42.3996173459354,-82.93973057021495,0.4361455719727873,Morningside,05,Cornwall St & Devonshire Rd,ASSAULT,32,0.24242424242424243,0.12750031830528427
748,892ab2c5c03ffff,136,42.3423666128366,-83.0379321607677,0.3992496011590478,Lafayette Park,07,Russell St & Maple St,LARCENY,40,0.29411764705882354,0.12746573848536735
749,892ab21b673ffff,41,42.2928406967299,-83.1252204477474,1.2642818033936651,Delray,04,S Cobalt St & Melville St,STOLEN PROPERTY,7,0.17073170731707318,0.1274121027332134
750,892ab2c6e2fffff,21,42.3617851969926,-82.9320382245214,1.4464015440319893,Jefferson Chalmers,05,Scripps St & Ashland St,LARCENY,7,0.3333333333333333,0.12740140982424503
751,892ab2c4623ffff,50,42.3767500840111,-83.01064242378168,1.1804058034699982,Gratiot-Grand,07,Maxwell St & E Warren Ave,ASSAULT,10,0.2,0.12726739407877824
752,892ab2ce387ffff,115,42.3714617296639,-83.1584468024178,0.5846265118330929,Barton-McFarland,02,Aurora St & Wyoming St,ASSAULT,30,0.2608695652173913,0.12699953446830672
753,892ab2ce25bffff,111,42.38932262138978,-83.2003183159796,0.6210748873825456,Greenfield-Grand River,08,Kendall St & Winthrop St,LARCENY,17,0.15315315315315314,0.12699929608307653
754,892ab2ce22fffff,120,42.3728971810702,-83.1852935989305,0.5390012568301226,Plymouth-Hubbell,02,Plymouth Rd & Mark Twain St,LARCENY,38,0.31666666666666665,0.1269947928140107
755,892ab2cd197ffff,85,42.3441806958819,-83.2563715964909,0.8573093516081378,Far West Detroit,06,Majestic Ave & Dolphin St,ASSAULT,30,0.35294117647058826,0.12694485153035395
756,892ab2ce543ffff,163,42.3921001603604,-83.13601369124544,0.1459507776289388,Oakman Blvd Community,10,Holmur St & Ewald Cir,ASSAULT,46,0.2822085889570552,0.12690164000212925
757,892ab2ce357ffff,138,42.37069749153939,-83.17415849713312,0.3735499824101767,Barton-McFarland,02,Ward St & Elmira St,ASSAULT,36,0.2608695652173913,0.1268843477515192
758,892ab2c666bffff,136,42.42011782530263,-82.97440557160509,0.3914556869828724,Outer Drive-Hayes,09,Jane St & Chalmers St,ASSAULT,28,0.20588235294117646,0.12685945391460154
759,892ab2d5957ffff,109,42.4491378754121,-82.9586191032667,0.6372045719950572,Regent Park,09,Carlisle St & Rex St,ASSAULT,21,0.1926605504587156,0.12683624656790887
760,892ab2c404bffff,20,42.367522420828585,-83.01015716093377,1.446615749358675,Gratiot-Grand,07,Pulford St & Townsend St,ASSAULT,6,0.3,0.12670918805822526
761,892ab2ce1afffff,69,42.367066190794965,-83.12582895715722,0.9997778360877307,Petoskey-Otsego,10,Broadstreet Ave & Joy Rd,ASSAULT,22,0.3188405797101449,0.12668524657314723
762,892ab2c60c3ffff,139,42.4176150544297,-82.9470145836239,0.3614673920996034,Yorkshire Woods,09,Balfour Rd & Yorkshire Rd,ASSAULT,27,0.19424460431654678,0.12665333396054046
763,892ab2ce677ffff,134,42.3999135146147,-83.1779396072126,0.40683298091427145,Bethune Community,02,Chalfonte St & Snowden St,ASSAULT,36,0.26865671641791045,0.12663787631574766
764,892ab2ce567ffff,118,42.3825737288243,-83.1311806393293,0.5521612218960357,Russell Woods,10,Cortland St & Petoskey Ave,ASSAULT,25,0.211864406779661,0.12660073034438837
765,892ab2c0b93ffff,121,42.4200826559535,-83.10693634719635,0.5237744218016707,Grixdale Farms,12,Woodward Ave & Covington Dr,LARCENY,25,0.2066115702479339,0.12651918984536448
766,892ab2ce227ffff,77,42.3746789391337,-83.17804333965066,0.9245413668035319,Paveway,02,Mecca St & Schaefer Hwy,ASSAULT,17,0.22077922077922077,0.12650371787066828
767,892ab2c1d4bffff,34,42.4454097641354,-83.17125856931338,1.3161670321316965,Blackstone Park,12,Meyers Rd & W 8 Mile Rd,FRAUD,8,0.23529411764705882,0.1264860351449882
768,892ab2cf55bffff,73,42.4047438943208,-83.22098592530482,0.9602961738089487,North Rosedale Park,08,Midland St & Southfield Service Drive,LARCENY,21,0.2876712328767123,0.1264495271455082
769,892ab2c75d3ffff,123,42.43473922870756,-82.9948483886751,0.5046291401121916,Pulaski,09,Goulburn St & E 7 Mile Rd,ASSAULT,17,0.13821138211382114,0.12644765761661186
770,892ab2cf3a7ffff,42,42.3741120075007,-83.2338802789709,1.2425200282249105,Weatherby,06,Wadsworth St & Auburn St,ASSAULT,8,0.19047619047619047,0.12642815013582032
771,892ab2c5c23ffff,111,42.3347430541419,-83.0307762499702,0.6123269209012524,Lafayette Park,07,E Jefferson Ave & Riopelle St,FRAUD,32,0.2882882882882883,0.1263187962747264
772,892ab2c5c7bffff,71,42.3388236158819,-83.0466552523954,0.9761907910595319,Downtown,03,Brush St & E Adams Ave,ASSAULT,21,0.29577464788732394,0.12626819186128968
773,892ab2c1dabffff,30,42.4435730829956,-83.1476078152627,1.3491218860387493,Garden Homes,12,San Juan Dr & Norfolk St,AGGRAVATED ASSAULT,5,0.16666666666666666,0.12621403750997076
774,892ab2c6543ffff,118,42.4151506944146,-82.9245664732838,0.5467510532695745,Cornerstone Village,05,Marseilles St & Chandler Park Dr,ASSAULT,24,0.2033898305084746,0.12617987611257103
775,892ab2cf533ffff,136,42.3966966427414,-83.1985202854744,0.382469957574089,Grand River-St Marys,08,Greenfield Rd & Eaton St,ASSAULT,29,0.21323529411764705,0.12616045865054343
776,892ab2cc4d3ffff,59,42.37473298669799,-83.19882501686794,1.0835717475505569,Plymouth-I96,06,Wadsworth St & Winthrop St,ASSAULT,14,0.23728813559322035,0.12611468492038927
777,892ab2ce32fffff,70,42.356540808328276,-83.16410949889449,0.9831078165105435,Aviation Sub,02,Mendota St & Oakman Blvd,ASSAULT,15,0.21428571428571427,0.12609737902153442
778,892ab2ce2afffff,91,42.379389826794494,-83.1769910404988,0.7916341125725014,Pride Area Community,02,Schaefer Hwy & Nelson St,LARCENY,13,0.14285714285714285,0.1260893166297591
779,892ab2c6003ffff,129,42.4101998614238,-82.94326456135694,0.4443302384641178,Morningside,05,Audubon Rd & Harper Ave,FRAUD,34,0.26356589147286824,0.1260103452331798
780,892ab2cf4d7ffff,130,42.4267486262273,-83.2253105466411,0.434691946597249,Evergreen-Outer Drive,08,Faust Ave & Margareta St,ASSAULT,37,0.2846153846153846,0.12596947215959503
781,892ab2c751bffff,78,42.42743001224532,-82.9944645227602,0.906035944848927,Von Steuben,09,Waltham St & Sauer St,AGGRAVATED ASSAULT,13,0.16666666666666666,0.12577307531314422
782,892ab2cf48bffff,88,42.4248266763879,-83.2226936485947,0.8147207454256434,Evergreen-Outer Drive,08,Pickford St & Greenview Ave,STOLEN VEHICLE,13,0.14772727272727273,0.12575855984808487
783,892ab2ce02bffff,109,42.38077623868569,-83.15676413183289,0.6229002563475091,Littlefield Community,02,Fullerton St & Wisconsin St,ASSAULT,31,0.28440366972477066,0.12572352121881758
784,892ab2c5e73ffff,27,42.336970344854,-83.0732624685868,1.3698793447978266,North Corktown,03,Harrison St & Temple St,LARCENY,11,0.4074074074074074,0.1257020954747848
785,892ab2c1a37ffff,148,42.432108722015,-83.2073716429828,0.26702259893339536,Greenfield,08,Cambridge Ave & Saint Marys St,ASSAULT,24,0.16216216216216217,0.12568648432152096
786,892ab2c1dbbffff,18,42.44603495213338,-83.1441804146675,1.451184146627649,Garden Homes,12,Santa Rosa Dr & W 8 Mile Rd,STOLEN VEHICLE,5,0.2777777777777778,0.12564679195338083
787,892ab2ce1b7ffff,99,42.3695028400458,-83.1200882885825,0.710362921621375,Nardin Park,10,Joy Rd & McQuade St,ASSAULT,20,0.20202020202020202,0.12543835003602027
788,892ab2c5a7bffff,39,42.3163595822016,-83.0862537967053,1.2569752587001675,Hubbard Farms,04,W Lafayette Blvd & Vinewood St,LARCENY,15,0.38461538461538464,0.12542596100738254
789,892ab2d5b67ffff,161,42.4349259324263,-82.98641759543378,0.1447523314699931,Pulaski,09,E 7 Mile Rd & Schoenherr St,ASSAULT,33,0.20496894409937888,0.12539064411630987
790,892ab2c19bbffff,46,42.4260367258642,-83.1553203371257,1.1917523474143095,Bagley,12,Cherrylawn St & Pickford St,STOLEN VEHICLE,12,0.2608695652173913,0.12531449713763523
791,892ab2c6023ffff,134,42.4031503093829,-82.9378198778543,0.3862424534168084,Morningside,05,E Warren Ave & E Outer Dr,DAMAGE TO PROPERTY,24,0.1791044776119403,0.12503614978355135
792,892ab2c0a6fffff,72,42.4189442552496,-83.143077000257,0.9506759041704834,Bagley,12,Stoepel St & Santa Maria St,ASSAULT,17,0.2361111111111111,0.12499228663561
793,892ab2cc647ffff,150,42.3593591928127,-83.235972455571,0.23986616932945087,Franklin Park,06,Dover St & Evergreen Rd,ASSAULT,40,0.26666666666666666,0.12499176902135217
794,892ab2cf0a7ffff,88,42.3938049873799,-83.2226010147821,0.8045844741778988,Rosedale Park,08,Faust Ave & Lyndon St,LARCENY,16,0.18181818181818182,0.12497006452677503
795,892ab2cc283ffff,157,42.3468525586803,-83.2318604925294,0.17523488705558865,Warrendale,06,Sawyer St & Minock St,ASSAULT,48,0.3057324840764331,0.12492632766782491
796,892ab2c7673ffff,92,42.4359864716902,-83.0481551974684,0.7674166259967319,Farwell,11,Buffalo St & Emery St,DAMAGE TO PROPERTY,22,0.2391304347826087,0.12491433550643256
797,892ab2c4363ffff,23,42.3404619032032,-83.0135530796517,1.3961757727912212,Rivertown,07,Spinnaker Ln & Franklin St,DAMAGE TO PROPERTY,8,0.34782608695652173,0.12491214231629262
798,892ab2c53a3ffff,26,42.3557365900699,-83.0751785442792,1.368786688556599,Wayne State,03,S M 10 Service Drive & Merrick St,ASSAULT,7,0.2692307692307692,0.1249082136202854
799,892ab2ce4c3ffff,149,42.4171251690682,-83.1491035149803,0.24684525549383773,Bagley,12,Woodingham Dr & W McNichols Rd,FRAUD,55,0.3691275167785235,0.12482578385253604
800,892ab2c745bffff,81,42.4460788287417,-83.0258896494937,0.8662840127214666,Sherwood,11,Van Dyke St & Savage St,ASSAULT,13,0.16049382716049382,0.12480744704504462
801,892ab2c746fffff,84,42.4310951143454,-83.0209419277825,0.8387959659175624,Mount Olivet,11,Quinn St & Veach St,ASSAULT,15,0.17857142857142858,0.1247958201017277
802,892ab2c0997ffff,61,42.42104491642287,-83.07302512371618,1.0476866085751946,Cadillac Heights,11,Stender St & Anglin St,ASSAULT,14,0.22950819672131148,0.12474096781253233
803,892ab2c5e1bffff,108,42.3431624258204,-83.06848500027274,0.6186633204220485,North Corktown,03,S M 10 Service Drive & Martin Luther King Jr Blvd,LARCENY,24,0.2222222222222222,0.12468504746663599
804,892ab2c0ac7ffff,23,42.4337536532703,-83.1356991285216,1.391923339818291,Sherwood Forest,12,Kingston Rd & Sherbourne Rd,FRAUD,8,0.34782608695652173,0.12458134774485836
805,892ab2c623bffff,109,42.402092633712,-82.9733540497397,0.6072614091078303,Outer Drive-Hayes,09,Harper Ave & Dickerson St,ASSAULT,25,0.22935779816513763,0.12450698334430975
806,892ab2c436fffff,98,42.33660326402333,-83.0154937695918,0.706884412318537,Rivertown,07,River Pl & McDougall St,STOLEN VEHICLE,34,0.3469387755102041,0.12445887390030713
807,892ab2c0acbffff,105,42.4352050588187,-83.142685263713,0.6430263442610974,Bagley,12,Santa Rosa Dr & W Outer Dr,ASSAULT,21,0.2,0.12445358048255606
808,892ab2c0d73ffff,69,42.4304991202075,-83.08032704999088,0.9710411287867493,Northeast Central District,11,Lumpkin St & E Robinwood St,ASSAULT,22,0.3188405797101449,0.1244498329084117
809,892ab2c7453ffff,33,42.44616108685688,-83.02248455652244,1.2990236847402095,Conner Creek,11,Bramford St & Savage St,ASSAULT,10,0.30303030303030304,0.1244435782902307
810,892ab2ce51bffff,132,42.39335110249518,-83.1285194174403,0.39673275945639563,Oakman Blvd Community,10,Pasadena St & Wildemere St,ASSAULT,31,0.23484848484848486,0.12443441591284864
811,892ab2cc423ffff,86,42.3558895406231,-83.1937926224887,0.8157606409325981,Fiskhorn,02,Sussex & Joy Rd,ASSAULT,23,0.26744186046511625,0.1244216834079589
812,892ab2c52b7ffff,65,42.3727851843875,-83.08975885718336,1.0066612631429186,Virginia Park Community,10,Byron St & W Euclid St,DAMAGE TO PROPERTY,14,0.2153846153846154,0.12438516606720808
813,892ab2cf567ffff,55,42.3916521309347,-83.2107957982906,1.0976265535477192,Grandmont,08,Woodmont Ave & Acacia St,LARCENY,13,0.23636363636363636,0.12437246228988384
814,892ab2c6383ffff,67,42.3961771656098,-82.9456235594527,0.9871812062450432,Morningside,05,Munich St & Somerset Ave,ASSAULT,21,0.31343283582089554,0.12428759184736632
815,892ab2cc60fffff,109,42.35766448140062,-83.22985865659449,0.6040748800500472,Franklin Park,06,Joy Rd & Grandville Ave,ASSAULT,23,0.21100917431192662,0.12425910488961281
816,892ab2cf35bffff,33,42.3805805068222,-83.2624253130237,1.296562518569143,Castle Rouge,06,Chatham St & Glendale St,STOLEN VEHICLE,7,0.21212121212121213,0.12425212544101026
817,892ab2cc0c7ffff,56,42.348254771384845,-83.2094201118917,1.0860971838308644,Warren Ave Community,06,Grandmont Ave & Diversey,DAMAGE TO PROPERTY,13,0.23214285714285715,0.12418448324404341
818,892ab2cf473ffff,90,42.4153015622904,-83.2318696640417,0.7747296247397608,Evergreen-Outer Drive,08,Shaftsbury Ave & W McNichols Rd,ASSAULT,20,0.2222222222222222,0.1240654405370904
819,892ab2ce4d3ffff,110,42.4189215153766,-83.1475039390316,0.5923924271021952,Bagley,12,Lilac St & W McNichols Rd,LARCENY,24,0.21818181818181817,0.12405921757805394
820,892ab2c665bffff,119,42.4313050919971,-82.9751963930298,0.5096386241203364,Mapleridge,09,Chalmers St & Linnhurst St,SEX OFFENSES,39,0.3277310924369748,0.12400180404591546
821,892ab2c4193ffff,19,42.35827121850473,-82.9648771988437,1.4199347476813884,Conner Creek Industrial,05,Nautical Way & Saint Jean St,LARCENY,7,0.3684210526315789,0.12392480198740648
822,892ab2c0db3ffff,125,42.4357781092915,-83.05992032298255,0.4536623081018147,Farwell,11,Emery St & Shields St,ASSAULT,36,0.288,0.12390074337295545
823,892ab2c459bffff,21,42.3799525377978,-82.9588602462522,1.401081386008156,Riverbend,05,Charlevoix St & Dickerson St,ASSAULT,5,0.23809523809523808,0.12387597806641135
824,892ab2c46afffff,37,42.3790724567424,-83.0048113253232,1.2541733341114725,Gratiot Woods,07,Crane St & E Warren Ave,DAMAGE TO PROPERTY,11,0.2972972972972973,0.12379023136012597
825,892ab2cf01bffff,112,42.400661035916784,-83.2384822268464,0.5698691790180476,Brightmoor,08,Fenkell St & Evergreen Rd,ASSAULT,19,0.16964285714285715,0.12372491508273703
826,892ab2cc05bffff,144,42.3469834449601,-83.2221175177843,0.2759063904684628,Warrendale,06,Sawyer St & Greenview Ave,ASSAULT,35,0.24305555555555555,0.12354201113850644
827,892ab2cf5c3ffff,100,42.4102795388872,-83.21069055010489,0.6755394916862321,Crary/St Marys,08,Puritan St & Biltmore St,DAMAGE TO PROPERTY,23,0.23,0.12343833803964917
828,892ab2cc2afffff,91,42.3359585605479,-83.2290323735145,0.7564056296877018,Warrendale,06,Westwood & Paul Dr,ASSAULT,25,0.27472527472527475,0.1233489110849007
829,892ab2c6397ffff,136,42.3963551444023,-82.9415234312108,0.34590921583931267,Morningside,05,Haverhill St & Waveney St,DAMAGE TO PROPERTY,24,0.17647058823529413,0.12331641737571045
830,892ab2cc213ffff,132,42.34311363646867,-83.2366118252076,0.37983345768454585,Warrendale,06,Evergreen Rd & W Warren Ave,ASSAULT,30,0.22727272727272727,0.1231198279292771
831,892ab2c1807ffff,134,42.4406759412793,-83.1819658629625,0.361363071113864,Schaefer 7/8 Lodge,12,Schaefer Hwy & Chippewa St,ASSAULT,38,0.2835820895522388,0.12310079544431982
832,892ab2c7523ffff,95,42.41765434026719,-82.98879884982784,0.7157439484875084,Eden Gardens,09,Gratiot Ave & August St,ASSAULT,17,0.17894736842105263,0.12302139859294356
833,892ab2c6623ffff,145,42.41984894214527,-82.95768516888472,0.2591858541297512,Denby,09,Laing St & Yorkshire Rd,STOLEN VEHICLE,33,0.22758620689655173,0.12295021391402516
834,892ab2c644bffff,93,42.4323232729512,-82.9462408661043,0.7327121892542251,Moross-Morang,09,McCormick St & Lansdowne St,ASSAULT,26,0.27956989247311825,0.12292357992924838
835,892ab2c660bffff,144,42.42641243981641,-82.96525987216742,0.2678521413086607,Mapleridge,09,Hayes St & Troester St,ASSAULT,30,0.20833333333333334,0.12291547524340786
836,892ab2ca9a7ffff,36,42.4315623891627,-83.23109857886394,1.2511386621362164,O'Hair Park,08,Warwick St & Cambridge Ave,DAMAGE TO PROPERTY,10,0.2777777777777778,0.12284528110159859
837,892ab2cc017ffff,133,42.3435812075467,-83.20363503636254,0.3664083165841837,Warren Ave Community,06,W Warren Ave & Saint Marys St,ASSAULT,31,0.23308270676691728,0.12278437780362504
838,892ab2c6257ffff,125,42.4093221818329,-82.98026325850411,0.4382345514484125,Wade,09,Park Dr & Chelsea Ave,ASSAULT,21,0.168,0.12270062612646591
839,892ab2c567bffff,129,42.3890432623231,-83.1053070661068,0.401774687737387,Dexter-Linwood,10,Woodrow Wilson St & Elmhurst St,ASSAULT,46,0.35658914728682173,0.1226999708535225
840,892ab2ce8a7ffff,80,42.331163128617,-83.1136907009028,0.8482555486816032,Central Southwest,04,N Campbell St & Michigan Ave,ASSAULT,17,0.2125,0.12269613742194656
841,892ab2c5e4bffff,69,42.3406483604896,-83.08295125440345,0.9481257482411211,Core City,03,Magnolia St & 15th St,DAMAGE TO PROPERTY,16,0.2318840579710145,0.12266725725463934
842,892ab2c60bbffff,119,42.4110276527755,-82.9341319074226,0.4924781450975996,East English Village,05,Chandler Park Dr & Cadieux Rd,LARCENY,27,0.226890756302521,0.12266689921847465
843,892ab2cc443ffff,116,42.3651854304947,-83.2093670399051,0.5194797506157731,Joy Community,06,Abington Ave & W Chicago St,ASSAULT,35,0.3017241379310345,0.12264068614463777
844,892ab2ca903ffff,71,42.4348753423513,-83.24537276878438,0.9293282744293376,Evergreen Lahser 7/8,08,Patton St & Saint Martins Ave,ASSAULT,17,0.23943661971830985,0.12262278082161032
845,892ab2ca90fffff,130,42.4329793648704,-83.2474175393897,0.39134539355147274,Evergreen Lahser 7/8,08,Burt Rd & Vassar Ave,ASSAULT,29,0.2230769230769231,0.12259756611681738
846,892ab2c7217ffff,27,42.4189405227381,-83.0496924774215,1.3296498348613335,Davison,11,Buffalo St & E McNichols Rd,LARCENY,6,0.2222222222222222,0.12257266261054782
847,892ab2cf027ffff,84,42.3864230614263,-83.2296770116927,0.8101917511158628,Westwood Park,08,Piedmont St & Schoolcraft St,FRAUD,17,0.20238095238095238,0.1225707129602924
848,892ab2c0dabffff,129,42.43311550635008,-83.0641228434744,0.3994962503961693,Pershing,11,Binder St & E 7 Mile Rd,ASSAULT,34,0.26356589147286824,0.12252273238589097
849,892ab2c742fffff,111,42.430676489845006,-83.0094008243007,0.5626487328566105,Mount Olivet,09,Beland St & Linnhurst St,DAMAGE TO PROPERTY,24,0.21621621621621623,0.12245435560547474
850,892ab2c71c3ffff,48,42.4127373710605,-83.00737689343309,1.1366577477663526,Gratiot-Findlay,09,Christy St & Conner St,ASSAULT,13,0.2708333333333333,0.12244648597479268
851,892ab2c642fffff,104,42.4195624608071,-82.9288912696487,0.6261203574121791,Cornerstone Village,05,Chester St & University Pl,ASSAULT,22,0.21153846153846154,0.12242958778219068
852,892ab2c09dbffff,70,42.425012145238,-83.0910718903456,0.9357061270929823,Hawthorne Park,11,Russell St & E Nevada St,ASSAULT,13,0.18571428571428572,0.12241002600833978
853,892ab2ce0c3ffff,109,42.3952521691086,-83.1593416157294,0.580043016811257,Bethune Community,02,Lyndon St & Wyoming St,ASSAULT,23,0.21100917431192662,0.12238967862200378
854,892ab2c526bffff,73,42.36677463134183,-83.1158041989939,0.9078625952998667,Petoskey-Otsego,10,Carter St & Dexter Ave,ASSAULT,15,0.2054794520547945,0.12237074607074733
855,892ab2ce457ffff,131,42.4097838518124,-83.15348522796177,0.37820933280753033,Fitzgerald/Marygrove,12,Puritan St & Northlawn St,ASSAULT,47,0.35877862595419846,0.12228460340324698
856,892ab2c6283ffff,121,42.41306344133465,-82.9647144557416,0.4690242768306121,Outer Drive-Hayes,09,Promenade St & Philip St,ASSAULT,20,0.1652892561983471,0.1222602042583005
857,892ab2cd52fffff,56,42.3465847015265,-83.2553948745772,1.061357094635511,Far West Detroit,06,Rockdale St & Sawyer St,ASSAULT,10,0.17857142857142858,0.12225996444393092
858,892ab2c6393ffff,113,42.3992651413179,-82.9447519609926,0.5415364493437803,Morningside,05,Cornwall St & Chatsworth St,ASSAULT,18,0.1592920353982301,0.1222298113176708
859,892ab2cab67ffff,42,42.423454477392255,-83.28143276034098,1.1881700435854536,The Eye,08,Fenton St & Pickford St,STOLEN VEHICLE,7,0.16666666666666666,0.1222002928149136
860,892ab2ce6cbffff,101,42.4116755744653,-83.1838575081992,0.6500510867987008,Harmony Village,02,Florence St & Stansbury St,ASSAULT,20,0.19801980198019803,0.12216449283523223
861,892ab2ce58bffff,163,42.3970571337385,-83.121572936883,0.08391670811200568,Oakman Blvd Community,10,Pasadena St & La Salle Blvd,ASSAULT,43,0.26380368098159507,0.12207604167505264
862,892ab2ce47bffff,137,42.4050824730581,-83.1554386556867,0.3205991363878683,Fitzgerald/Marygrove,12,Ohio St & Hughes St,ASSAULT,26,0.1897810218978102,0.12205644401514894
863,892ab2c0d6bffff,77,42.4282137973667,-83.0851083134836,0.8671918753947782,Hawthorne Park,11,E Grixdale Ave & Marx St,ASSAULT,21,0.2727272727272727,0.12204253046259031
864,892ab2cedafffff,77,42.3329792095151,-83.0882216437348,0.8667374113210353,Chadsey Condon,03,Butternut St & Williams St,ASSAULT,21,0.2727272727272727,0.12200717793629229
865,892ab2cf44fffff,83,42.4174556069601,-83.2382986166403,0.8118808373831642,Holcomb Community,08,Evergreen Rd & Santa Maria St,ASSAULT,23,0.27710843373493976,0.12199322142324348
866,892ab2c724bffff,28,42.418083511671,-83.0694907045359,1.3130657447593506,North Campau,11,McDougall St & Gaylord St,ASSAULT,8,0.2857142857142857,0.12199147946856702
867,892ab2d5b6bffff,100,42.4383595504994,-82.99311325865837,0.6561896910190792,Pulaski,09,Goulburn St & Pinewood St,ASSAULT,22,0.22,0.12193312700874637
868,892ab2c088fffff,72,42.4349659752846,-83.0970504770706,0.9112086723111772,Nolan,11,Emery St & Omira St,ASSAULT,17,0.2361111111111111,0.12192215099050896
869,892ab2c6387ffff,94,42.3945485844598,-82.9424692225198,0.7106390312710298,Morningside,05,Chatsworth St & Waveney St,ASSAULT,21,0.22340425531914893,0.12191540502304746
870,892ab2cf297ffff,99,42.4021028306439,-83.2556669665532,0.6646956808594143,Brightmoor,08,Keeler St & Greydale St,ASSAULT,24,0.24242424242424243,0.12188591889069668
871,892ab2c53bbffff,39,42.3576750981059,-83.0768193398324,1.2082581455643555,Wayne State,03,S M 10 Service Drive & W Kirby St,ASSAULT,16,0.41025641025641024,0.12163628186044208
872,892ab2d5b87ffff,130,42.449678236684576,-82.9709421852496,0.3788901221490426,Mohican Regent,09,Mohican St & E 8 Mile Rd,ASSAULT,28,0.2153846153846154,0.1216286769675017
873,892ab2cecd3ffff,98,42.365215065296255,-83.1197194356673,0.6703900445719736,Petoskey-Otsego,10,Dumbarton Ave & Gladstone St,ASSAULT,22,0.22448979591836735,0.121619995823842
874,892ab2c1bafffff,110,42.4165338829648,-83.18549841673706,0.5598967546996004,Winship,12,Ardmore St & W McNichols Rd,LARCENY,23,0.20909090909090908,0.12153139595351282
875,892ab2c1dafffff,93,42.4413085542549,-83.1440137144529,0.7113290895055854,Garden Homes,12,Stoepel St & Chippewa St,ASSAULT,21,0.22580645161290322,0.12126019960971958
876,892ab2cc653ffff,117,42.364689905240574,-83.237261917705,0.4923660937258158,Franklin Park,06,Evergreen Rd & W Chicago St,ASSAULT,29,0.24786324786324787,0.12124041342377612
877,892ab2c0d9bffff,126,42.4426846604034,-83.0687836469078,0.40992671850312373,Farwell,11,E Remington St & Revere St,ASSAULT,47,0.373015873015873,0.12120745906512786
878,892ab2c7557ffff,92,42.42731718416565,-82.99822785172344,0.719506956938283,Von Steuben,09,Strasburg St & Greiner St,ASSAULT,18,0.1956521739130435,0.12118746701852631
879,892ab2cf1a7ffff,55,42.3769811845364,-83.2025570021471,1.0566054637557725,Plymouth-I96,06,Mansfield St & Capitol St,ASSAULT,12,0.21818181818181817,0.12118145283626669
880,892ab2c190bffff,133,42.4240638338032,-83.1694545320906,0.34575825269767974,Schulze,12,Curtis St & Meyers Rd,ASSAULT,25,0.18796992481203006,0.12117801996637985
881,892ab2c70d3ffff,85,42.4319719180371,-83.0274318523694,0.7820258645363642,Grant,11,Quinn St & Packard St,ASSAULT,17,0.2,0.12108858783366258
882,892ab2ce9bbffff,80,42.3183064895497,-83.09948971947,0.8262382943773778,Central Southwest,04,W Vernor Hwy & Morrell St,ASSAULT,26,0.325,0.12098342654605782
883,892ab2c51cbffff,106,42.36813075541587,-83.0661015843546,0.5888634176472741,Milwaukee Junction,03,Piquette St & Brush St,LARCENY,31,0.29245283018867924,0.12094915899724001
884,892ab2c184fffff,58,42.44106338004038,-83.1978940978474,1.026210613754492,Schaefer 7/8 Lodge,12,James Couzens Fwy & Audrey St,DAMAGE TO PROPERTY,9,0.15517241379310345,0.12094370716890616
885,892ab2c632bffff,42,42.3824973383859,-82.9517827040238,1.171092567148524,Riverbend,05,Lakewood St & Charlevoix St,ASSAULT,12,0.2857142857142857,0.12087184471588563
886,892ab2cf1d7ffff,51,42.3890953289343,-83.2177406968704,1.0888368025417818,Grandmont,08,Ashton Rd & Kendall St,LARCENY,11,0.21568627450980393,0.1208531733325131
887,892ab2cc013ffff,126,42.3459133532414,-83.206995393611,0.40516434261232803,Warren Ave Community,06,Grandmont Ave & Majestic St,ASSAULT,34,0.2698412698412698,0.12083699629667671
888,892ab2c1bd3ffff,95,42.4322136990377,-83.1999410921175,0.687324567199627,San Bernardo,12,Greenfield Rd & Cambridge Ave,ASSAULT,22,0.23157894736842105,0.12081066955537947
889,892ab2c196bffff,78,42.4184491656712,-83.176428710193,0.84223738951493,Schulze,12,W McNichols Rd & Littlefield St,DAMAGE TO PROPERTY,16,0.20512820512820512,0.12081021854287213
890,892ab2c6223ffff,95,42.3987881943132,-82.96763033298619,0.686552886251914,Chandler Park,05,Chandler Park Dr & Lakeview St,ASSAULT,26,0.2736842105263158,0.12075064089178672
891,892ab2ce01bffff,71,42.3916573620087,-83.1592006792898,0.9049480270665861,Davison-Schoolcraft,10,Intervale St & Wyoming St,LARCENY,17,0.23943661971830985,0.1207262539323774
892,892ab2ceecfffff,127,42.3542494979516,-83.1519150298148,0.3931323077189306,Barton-McFarland,02,Mackenzie St & Northlawn St,ASSAULT,34,0.2677165354330709,0.1206099151855697
893,892ab2c71c7ffff,55,42.4095919747474,-83.0035317879784,1.0481346953231536,Gratiot-Findlay,09,Conner St & Flanders St,AGGRAVATED ASSAULT,12,0.21818181818181817,0.12052251612139679
894,892ab2cf42bffff,43,42.409992930005,-83.2263774235494,1.1564800371572546,North Rosedale Park,08,Florence St & Greenview Ave,ASSAULT,10,0.23255813953488372,0.12044402821978309
895,892ab2cee1bffff,141,42.3542970628709,-83.1497617033711,0.2632725053676925,Barton-McFarland,02,Greenlawn St & Belton St,ASSAULT,39,0.2765957446808511,0.12043257365729083
896,892ab2c521bffff,38,42.3766053196953,-83.11022322479178,1.2002914808389682,Boston Edison,10,Chicago Blvd & Linwood St,LARCENY,10,0.2631578947368421,0.12030767442530965
897,892ab2c5c8bffff,97,42.34905103382934,-83.0332932592973,0.6623652339041833,Eastern Market,07,Dubois St & E Vernor Hwy,LARCENY,25,0.25773195876288657,0.12028686524578874
898,892ab2ce11bffff,106,42.37354931769707,-83.13832912034866,0.5800035458203437,Nardin Park,10,Belleterre St & Burlingame St,ASSAULT,40,0.37735849056603776,0.1202599541296716
899,892ab2d5963ffff,86,42.4418273405269,-82.95839469018766,0.7614130962653096,Regent Park,09,Manning St & Rex St,ASSAULT,23,0.26744186046511625,0.12019401589123083
900,892ab2ce877ffff,98,42.3280706715916,-83.1308254931587,0.6520242331467595,Claytown,04,Parkinson St & Saint John St,ASSAULT,24,0.24489795918367346,0.12019132880942462
901,892ab2c1b63ffff,125,42.4158615779446,-83.20351211865716,0.4055586532692387,College Park,08,W McNichols Rd & Rutherford St,ASSAULT,34,0.272,0.12015878483156094
902,892ab2cf4a7ffff,142,42.4156812549549,-83.21204273429686,0.2493530097296468,Crary/St Marys,08,Gilchrist St & W McNichols Rd,LARCENY,24,0.16901408450704225,0.12005866794668996
903,892ab2c566bffff,77,42.38625456059451,-83.1062468233567,0.8409304293650288,Dexter-Linwood,10,Webb St & Rosa Parks Blvd,ASSAULT,24,0.3116883116883117,0.11999966609765969
904,892ab2ce97bffff,49,42.31224181892489,-83.1184397563356,1.095566965867763,Springwells,04,N Green St & Navy St,ASSAULT,12,0.24489795918367346,0.11995893989617419
905,892ab2ce613ffff,94,42.407642369910114,-83.17504743424608,0.6854068057570039,Bethune Community,12,Pilgrim St & Littlefield St,ASSAULT,21,0.22340425531914893,0.1199526031921009
906,892ab2cab03ffff,99,42.4316390267885,-83.276363519093,0.6396693071547611,Seven Mile-Rouge,08,Dale St & Vassar Ave,ASSAULT,24,0.24242424242424243,0.11993913016601043
907,892ab2cc5cbffff,87,42.3536469751154,-83.18702165611458,0.7486558725643578,Joy-Schaefer,02,Belton St & Hubbell St,ASSAULT,25,0.28735632183908044,0.11991052271617572
908,892ab2c0d37ffff,62,42.42737501658,-83.0651538798696,0.9756701585671338,Conant Gardens,11,Wexford St & Stockton St,ASSAULT,10,0.16129032258064516,0.11984772993495721
909,892ab2c401bffff,101,42.3701750412679,-82.99783558131679,0.6199619403383151,Gratiot Woods,07,Crane St & Mack Ave,ASSAULT,29,0.2871287128712871,0.11982387362464236
910,892ab2cec8bffff,82,42.3594901489103,-83.1142477993709,0.7927270926214142,Petoskey-Otsego,10,Holmur St & Montgomery St,LARCENY,18,0.21951219512195122,0.11979437679218426
911,892ab2c74b7ffff,61,42.44033153209072,-82.9962671954281,0.9837877784693326,Pulaski,09,Waltham St & Manning St,STOLEN VEHICLE,12,0.19672131147540983,0.11977031071938724
912,892ab2c533bffff,82,42.3503260417057,-83.0843369364359,0.7915900496485607,Woodbridge,03,Vermont St & W Warren Ave,ASSAULT,17,0.2073170731707317,0.11970592680477664
913,892ab2c0a3bffff,34,42.42271756454572,-83.1331093154573,1.2288702527321933,University District,12,Thatcher St & Wildemere St,LARCENY,9,0.2647058823529412,0.11969526362363203
914,892ab2c180bffff,96,42.44061265591886,-83.18936807807715,0.6633167614061481,Schaefer 7/8 Lodge,12,Mark Twain St & Chippewa St,ASSAULT,23,0.23958333333333334,0.11965199939214505
915,892ab2c0d63ffff,106,42.4283032805274,-83.0814247444837,0.5716820566078515,Northeast Central District,11,E Grixdale St & Fleming St,ASSAULT,26,0.24528301886792453,0.11961262976847314
916,892ab2c8d87ffff,77,42.4145415000047,-83.2771805154978,0.8359516365816371,Riverdale,08,Telegraph Rd & W McNichols Rd,ASSAULT,22,0.2857142857142857,0.11961236837056413
917,892ab2c6067ffff,98,42.401949467784,-82.946782649049,0.6442815645037078,Morningside,05,Frankfort St & Chatsworth St,ASSAULT,21,0.21428571428571427,0.11958903060229474
918,892ab2c186fffff,36,42.43244004061116,-83.1937766998133,1.2085708256453893,Seven Mile Lodge,12,Robson St & Vassar Ave,ASSAULT,8,0.2222222222222222,0.11953395101867803
919,892ab2ce573ffff,133,42.3874326703168,-83.1320894264201,0.32446276120335177,Russell Woods,10,Holmur St & Tyler St,ASSAULT,27,0.20300751879699247,0.11952145464784544
920,892ab2c0b9bffff,90,42.420090820384544,-83.1100512833569,0.7146315470820885,Palmer Park,12,2nd Blvd & Covington Dr,ASSAULT,19,0.2111111111111111,0.11939044201992524
921,892ab2c60d7ffff,117,42.4187558795083,-82.9423355412785,0.46684530035364613,Yorkshire Woods,09,King Richard St & Grayton St,ASSAULT,30,0.2564102564102564,0.11925516404772489
922,892ab2ce523ffff,116,42.38329752434111,-83.1222426912307,0.4753322257630818,Dexter-Linwood,10,Richton St & Wildemere St,ASSAULT,26,0.22413793103448276,0.1192064729174116
923,892ab2d5bb7ffff,57,42.442688785762606,-82.9657398336877,1.0129194712098586,Regent Park,09,Hayes St & E State Fair St,ASSAULT,14,0.24561403508771928,0.1192009113457284
924,892ab2c63a3ffff,49,42.3893120363918,-82.9416661261914,1.0854564650086225,Morningside,05,Brunswick St & Somerset Ave,ASSAULT,15,0.30612244897959184,0.11917244924012498
925,892ab2c5387ffff,31,42.3618127004662,-83.0752534951401,1.2492824246535938,Tech Town,03,Antoinette St & 3rd St,ASSAULT,9,0.2903225806451613,0.11915646190312752
926,892ab2ce843ffff,108,42.3358058180196,-83.1386215752643,0.5465032868865467,Claytown,04,McGraw St & Tarnow St,ASSAULT,26,0.24074074074074073,0.11907175561230006
927,892ab2ce56fffff,104,42.38067273363616,-83.1349064947107,0.5828998312879541,Russell Woods,10,Cortland St & Broadstreet Ave,ASSAULT,26,0.25,0.11906748530875066
928,892ab2c0d43ffff,99,42.43530691706474,-83.0853963055588,0.6282735545681098,Nolan,11,Riopelle St & Emery St,ASSAULT,20,0.20202020202020202,0.11905266043983984
929,892ab2c1d3bffff,89,42.4410907113945,-83.1533167344575,0.7190367520252455,Garden Homes,12,Roselawn St & Chippewa St,ASSAULT,16,0.1797752808988764,0.11902423595617212
930,892ab2c6313ffff,36,42.3926234214023,-82.9517583820014,1.2014588901229575,Morningside,05,Alter Rd & E Canfield St,DAMAGE TO PROPERTY,8,0.2222222222222222,0.11898071721624379
931,892ab2c0b4bffff,40,42.4125465190859,-83.1301931632061,1.1645574556302396,Martin Park,12,Florence St & Lawton St,ASSAULT,9,0.225,0.11894571237955234
932,892ab2c5c2fffff,74,42.333277925389,-83.0341726937815,0.8543695866007848,Rivertown,07,E Jefferson Ave & Rivard St,LARCENY,19,0.25675675675675674,0.11891843715508582
933,892ab2cf477ffff,37,42.4135319783611,-83.2291379713855,1.1904737028912478,North Rosedale Park,08,Shaftsbury Ave & Grove St,STOLEN VEHICLE,8,0.21621621621621623,0.11883506984572934
934,892ab2ce183ffff,106,42.3766405384219,-83.1280278742601,0.5606919873381304,Nardin Park,10,Petoskey Ave & Burlingame St,ASSAULT,20,0.18867924528301888,0.11875771793864477
935,892ab2c421bffff,18,42.3663989425191,-83.02887838872996,1.3618996856107346,McDougall-Hunt,07,Ellery St & E Forest Ave,LARCENY,6,0.3333333333333333,0.11870139970244117
936,892ab2cc0b3ffff,27,42.3460572882623,-83.1963777319018,1.2790755529906992,Warren Ave Community,06,Greenfield & Majestic St,STOLEN VEHICLE,6,0.2222222222222222,0.11863851526396085
937,892ab2ca977ffff,117,42.4293758505907,-83.2485400503901,0.45803109830590916,Evergreen Lahser 7/8,08,Pierson St & W 7 Mile Rd,WEAPONS OFFENSES,19,0.1623931623931624,0.11856951180876507
938,892ab2c8d9bffff,59,42.4192702842928,-83.28136018346385,0.9865346140262972,The Eye,08,Lenore Ave & Bennett St,ASSAULT,18,0.3050847457627119,0.11856621626686724
939,892ab2c0d8fffff,100,42.43801370621833,-83.0674535533138,0.6118097554660005,Pershing,11,E Lantz St & Wexford St,ASSAULT,31,0.31,0.11848083467280271
940,892ab2c1a63ffff,106,42.4335752704742,-83.2224647442228,0.5562900299827771,O'Hair Park,08,Vassar Ave & Rosemont Ave,DAMAGE TO PROPERTY,20,0.18867924528301888,0.11841529194249023
941,892ab2ce8a3ffff,118,42.3311581828078,-83.1155268312082,0.4468517574925714,Chadsey Condon,04,Wesson St & Michigan Ave,ASSAULT,29,0.2457627118644068,0.11840876133110326
942,892ab2c50abffff,29,42.3753173679284,-83.068548212501,1.257637878712288,North End,03,Smith St & Beaubien St,DAMAGE TO PROPERTY,6,0.20689655172413793,0.11838865899604241
943,892ab2c4223ffff,17,42.3553491375649,-83.02136875561715,1.3669481740145897,McDougall-Hunt,07,Ellery St & Charlevoix St,ASSAULT,4,0.23529411764705882,0.11838523432787636
944,892ab2c58cbffff,111,42.33019302540824,-83.05578227972791,0.5085198458720044,Downtown,03,Abbott St & 3rd St,DAMAGE TO PROPERTY,24,0.21621621621621623,0.11824369735729816
945,892ab2d5913ffff,67,42.45019956247075,-82.948855402389,0.9094187656891283,Regent Park,09,Shakespeare St & E 8 Mile Rd,ASSAULT,33,0.4925373134328358,0.1182384916355289
946,892ab2c19a3ffff,127,42.4242514428749,-83.152776308851,0.3622189562182987,Bagley,12,Thatcher St & Roselawn St,DAMAGE TO PROPERTY,27,0.2125984251968504,0.118205181489273
947,892ab2ca973ffff,87,42.4328706401975,-83.25231347494169,0.7262856225322368,Evergreen Lahser 7/8,08,Vassar Ave & Trinity St,ASSAULT,19,0.21839080459770116,0.1181703524843675
948,892ab2c7373ffff,55,42.39818555725627,-83.0414487945009,1.017879177405234,Airport Sub,11,Brockton St & Comstock St,ASSAULT,22,0.4,0.11816895496078816
949,892ab2cf23bffff,48,42.3909784452085,-83.2650891105501,1.0808186341128827,Eliza Howell,06,Bramell St & Ray St,DAMAGE TO PROPERTY,12,0.25,0.11810279007462168
950,892ab2cf4cfffff,84,42.42252322084812,-83.2320114666583,0.7511619483392662,Evergreen-Outer Drive,08,Curtis St & Huntington Rd,ASSAULT,23,0.27380952380952384,0.11797881499608337
951,892ab2ce343ffff,83,42.3683198154698,-83.1778077352336,0.7601177150555413,Plymouth-Hubbell,02,Orangelawn St & Hartwell St,ASSAULT,24,0.2891566265060241,0.11796659478962798
952,892ab2c60cfffff,127,42.4153190155022,-82.9485330121146,0.35863366130726804,Yorkshire Woods,09,Balfour Rd & Whittier St,ASSAULT,30,0.23622047244094488,0.11792628324417201
953,892ab2cf1c7ffff,131,42.3867203152996,-83.2175548851036,0.322077218042348,Grandmont #1,08,Ashton Rd & Schoolcraft St,FRAUD,19,0.1450381679389313,0.11791811509745886
954,892ab2d5b13ffff,98,42.44733631227324,-82.98067307134099,0.6217802423420554,Mohican Regent,09,Anvil St & Edmore Dr,STOLEN VEHICLE,22,0.22448979591836735,0.11783866433701784
955,892ab2ca917ffff,80,42.43668093266392,-83.2425789469907,0.7857490184456822,Evergreen Lahser 7/8,08,Pembroke Ave & Stout St,ASSAULT,16,0.2,0.11783378661880461
956,892ab2c42bbffff,40,42.36413003666215,-83.01666024719111,1.1493649412964753,Gratiot-Grand,07,Mack Ave & Concord St,STOLEN VEHICLE,9,0.225,0.1177638945119838
957,892ab2c1d0fffff,72,42.441067732013,-83.1547194823391,0.8570155796560236,Garden Homes,12,Northlawn St & Chippewa St,ASSAULT,23,0.3194444444444444,0.11770649821627927
958,892ab2cf193ffff,82,42.3916734855034,-83.20700051469962,0.76518414115631,Greenfield-Grand River,08,Mettetal St & Acacia St,LARCENY,22,0.2682926829268293,0.11765182477927014
959,892ab2ce18bffff,77,42.3770881317559,-83.1331474476626,0.8102039564920092,Nardin Park,10,Cascade St & Burlingame St,ASSAULT,22,0.2857142857142857,0.11760946959358326
960,892ab2ce63bffff,132,42.39998208453376,-83.1735880146265,0.30880644917187866,Bethune Community,02,Chalfonte St & Ward St,ASSAULT,33,0.25,0.11759467350808563
961,892ab2c720fffff,50,42.4152202792972,-83.0546642351565,1.0546601154979063,Davison,11,Hasse St & Luce St,ASSAULT,14,0.28,0.11748570175647155
962,892ab2c1b37ffff,119,42.4143582382116,-83.1860689725271,0.4257557693724998,Hubbell-Puritan,02,Ardmore St & Grove St,ASSAULT,25,0.21008403361344538,0.11747659996542098
963,892ab2c7527ffff,81,42.4146153429708,-82.984692524517,0.7710953428653607,Eden Gardens,09,Park Dr & Flanders St,AGGRAVATED ASSAULT,17,0.20987654320987653,0.1174027694285151
964,892ab2ce3bbffff,154,42.3692037362581,-83.1583474067359,0.10576402537286875,Barton-McFarland,02,Orangelawn St & Wyoming St,ASSAULT,35,0.22727272727272727,0.11739557104302029
965,892ab2ce28fffff,68,42.38801458693445,-83.1785233448125,0.8893052470000692,Grand River-I96,02,Schoolcraft St & Schaefer Hwy,ASSAULT,14,0.20588235294117646,0.1173827560610226
966,892ab2c8da3ffff,73,42.4115415405137,-83.2768674388433,0.8436994567476336,Riverdale,08,Telegraph Rd & Dehner St,ASSAULT,14,0.1917808219178082,0.11737952855964848
967,892ab2cc457ffff,131,42.36526768688235,-83.2044935471833,0.3135962148632356,Joy Community,06,Mettetal St & W Chicago St,ASSAULT,39,0.29770992366412213,0.11725838222692898
968,892ab2c462bffff,41,42.3759606060163,-83.0158164113292,1.1335591816626094,Gratiot-Grand,07,Van Dyke St & E Warren Ave,ASSAULT,8,0.1951219512195122,0.11724325729636421
969,892ab2d5b4bffff,64,42.4454801720559,-82.9977151078946,0.9228547751100427,Conner Creek,09,Bringard Dr & Barlow St,DAMAGE TO PROPERTY,12,0.1875,0.11715701782605929
970,892ab2c40d7ffff,59,42.3756581287593,-82.995810622635,0.9677758629178005,West End,07,McClellan St & Laura St,ASSAULT,13,0.22033898305084745,0.11710698267680753
971,892ab2cf667ffff,53,42.4057086214033,-83.2607251754573,1.0220667907341165,Brightmoor,08,Pilgrim St & Dolphin St,ASSAULT,13,0.24528301886792453,0.1170769378693054
972,892ab2cf177ffff,61,42.3758290715891,-83.2205321416682,0.9473608384822816,Southfield Plymouth,06,Penrod St & Capitol St,ASSAULT,14,0.22950819672131148,0.11693667781361677
973,892ab2c5a9bffff,34,42.3274684586782,-83.0725604629203,1.1914260378176933,Corktown,03,Wabash St & Bagley St,LARCENY,10,0.29411764705882354,0.11678249742503877
974,892ab21b6cbffff,125,42.30376265512083,-83.1282502071747,0.3619046502818516,Springwells,04,Lawndale St & Homer St,ASSAULT,41,0.328,0.11676296241612791
975,892ab2c75dbffff,76,42.434583651188,-82.9997544816522,0.8082234293270896,Pulaski,09,Bradford St & E 7 Mile Rd,ASSAULT,14,0.18421052631578946,0.1167465207170846
976,892ab2ce0d3ffff,109,42.3979855704601,-83.1594695707786,0.5071750705933484,Chalfonte,10,Eaton St & Wyoming St,ASSAULT,29,0.26605504587155965,0.11672131860459972
977,892ab2c7687ffff,101,42.4410808720366,-83.033067179934,0.5796906569724845,Sherwood,11,Carrie St & E Outer Dr,ASSAULT,21,0.2079207920792079,0.11669119122684588
978,892ab2d5b0fffff,102,42.4422115236364,-82.9829691040675,0.5705356931566822,Franklin,09,E State Fair St & Schoenherr St,ASSAULT,20,0.19607843137254902,0.1166879159934934
979,892ab2c584bffff,66,42.3239941826403,-83.0630152445376,0.8985141733822718,West Side Industrial,03,W Fort St & 10th St,DAMAGE TO PROPERTY,18,0.2727272727272727,0.1166813443265399
980,892ab2c7117ffff,96,42.4049212666191,-82.997489276698,0.624317633484102,Airport Sub,09,Gratiot Ave & Conner St,FRAUD,20,0.20833333333333334,0.11661827731130199
981,892ab2cf4cbffff,99,42.4246181563275,-83.2353651840574,0.5962369568771256,Evergreen-Outer Drive,08,Pickford St & Annchester Rd,ASSAULT,19,0.1919191919191919,0.11656055000074249
982,892ab2cc667ffff,72,42.3522029664229,-83.2320812794522,0.8419998658438566,Warrendale,06,Westwood & Belton Ave,DAMAGE TO PROPERTY,14,0.19444444444444445,0.11653843357025317
983,892ab2ce437ffff,52,42.40060689675463,-83.1378672853113,1.0234249217751523,Dexter-Fenkell,10,Chalfonte St & Quincy St,ASSAULT,11,0.21153846153846154,0.11647370149561043
984,892ab2cf487ffff,94,42.42281410262743,-83.2158402763204,0.6403296904336785,College Park,08,Curtis St & Fenmore St,ASSAULT,19,0.20212765957446807,0.11644607760079978
985,892ab2cc033ffff,69,42.3399583567849,-83.20224389036363,0.8678970017731532,Warren Ave Community,06,Mettetal St & Whitlock St,ASSAULT,15,0.21739130434782608,0.11642630437577654
986,892ab2c0da3ffff,106,42.4331387024329,-83.0631068280165,0.5302205710392802,Farwell,11,Ryan Rd & E 7 Mile Rd,ASSAULT,18,0.16981132075471697,0.11638736215414722
987,892ab2c600fffff,127,42.4076793557995,-82.9442639662941,0.33748348605456574,Morningside,05,Devonshire Rd & Linville St,DAMAGE TO PROPERTY,22,0.1732283464566929,0.11628102200125197
988,892ab2c1d27ffff,55,42.43516276738197,-83.1459010545385,0.9936066581900899,Oak Grove District 2,12,W Outer Dr & Prairie St,STOLEN VEHICLE,11,0.2,0.11628080818868962
989,892ab21b683ffff,18,42.3025579431272,-83.1131293476726,1.3303457023661198,Delray,04,W Fort St & Green St,ASSAULT,4,0.2222222222222222,0.11624683159263415
990,892ab2c08a7ffff,64,42.4280812486167,-83.08877963056331,0.9083418724024899,Hawthorne Park,11,Greeley St & E Grixdale Ave,ASSAULT,19,0.296875,0.11602806659696935
991,892ab2c7637ffff,43,42.4301864063087,-83.0336084986106,1.0984338205364133,Grant,11,E Robinwood St & Sherwood St,ASSAULT,11,0.2558139534883721,0.1159286429161928
992,892ab2cc47bffff,65,42.3603977484799,-83.20683455499885,0.8969863338226924,Joy Community,06,Grandmont Ave & Ellis St,ASSAULT,31,0.47692307692307695,0.11585360978577691
993,892ab2c0d0fffff,132,42.4329288839593,-83.0736774510737,0.28514607704338224,Pershing,11,Brinker St & E 7 Mile Rd,ASSAULT,23,0.17424242424242425,0.11575414534266974
994,892ab2c08c7ffff,33,42.4370474169367,-83.1073890652864,1.18731645017996,Penrose,12,Charleston St & W Lantz St,AGGRAVATED ASSAULT,10,0.30303030303030304,0.11575393003058927
995,892ab2cf0c7ffff,107,42.4024952389278,-83.23856056685939,0.5121610877333659,Brightmoor,08,Keeler St & Vaughan St,STOLEN VEHICLE,20,0.18691588785046728,0.11569140893449598
996,892ab2cababffff,66,42.4291730696419,-83.2678603625542,0.8853207622843987,Seven Mile-Rouge,08,Berg Rd & W 7 Mile Rd,ASSAULT,15,0.22727272727272727,0.11565503567037554
997,892ab2cc62bffff,141,42.3522844157331,-83.22729411592562,0.20164876029294965,Warrendale,06,Constance St & Piedmont St,ASSAULT,41,0.2907801418439716,0.11563889425730076
998,892ab2d5b8fffff,80,42.4487387022022,-82.9758305090207,0.7572850879836535,Mohican Regent,09,Regent Dr & E 8 Mile Rd,LARCENY,15,0.1875,0.11561959212392148
999,892ab2c6013ffff,127,42.41365660971199,-82.9412550921562,0.32600170443415893,East English Village,05,Harper Ave & Yorkshire Rd,ASSAULT,21,0.16535433070866143,0.11538786012084092
1000,892ab2c1bcbffff,140,42.430347950903,-83.2041255215645,0.20735833413482205,College Park,08,W 7 Mile Rd & Rutherford St,WEAPONS OFFENSES,25,0.17857142857142858,0.11537415437857383
1001,892ab2c5223ffff,60,42.36626934653119,-83.10112220502374,0.9358981312412749,LaSalle Gardens,10,N La Salle Gdns & La Salle Blvd,ASSAULT,12,0.2,0.11533611503126733
1002,892ab2c1bd7ffff,99,42.43056628516728,-83.19495694682172,0.5802869079186761,San Bernardo,12,Coyle St & W 7 Mile Rd,ASSAULT,16,0.16161616161616163,0.11531980390476576
1003,892ab2c515bffff,92,42.36516408119245,-83.0699490655294,0.6434960387158719,Medbury Park,03,Harper Ave & Woodward Ave,ASSAULT,18,0.1956521739130435,0.11527461682717297
1004,892ab2cc62fffff,118,42.350481050899,-83.2259264464247,0.4054949880998978,Warrendale,06,Artesian St & Tireman St,ASSAULT,27,0.2288135593220339,0.11519163953418322
1005,892ab2c0dc7ffff,71,42.4402670827978,-83.0737358397879,0.8332553212421651,Butler,11,Harned St & E Outer Dr,ASSAULT,24,0.3380281690140845,0.11514931526006467
1006,892ab2c180fffff,104,42.4381533223692,-83.1868420221069,0.5316912906924443,Schaefer 7/8 Lodge,12,Pembroke Ave & Mark Twain St,ASSAULT,26,0.25,0.11508399930252833
1007,892ab2cf093ffff,48,42.4081396923582,-83.2274875714438,1.041779047483429,North Rosedale Park,08,Puritan St & Sunderland Rd,ASSAULT,11,0.22916666666666666,0.11506592073176114
1008,892ab2c7173ffff,92,42.4012368778537,-83.0085864802902,0.6386332342646471,Airport Sub,09,Raymond Ave & Grinnell Ave,LARCENY,44,0.4782608695652174,0.1148963417727156
1009,892ab2c55a3ffff,56,42.3785012519368,-83.0337847003537,0.965071240577178,Gratiot Town/Kettering,07,Mount Elliott St & Holborn St,STOLEN VEHICLE,11,0.19642857142857142,0.11476993743323796
1010,892ab2c5e0bffff,24,42.3401946377513,-83.07167776632055,1.2566603249938695,North Corktown,03,Trumbull St & Ash St,LARCENY,10,0.4166666666666667,0.1147681921551644
1011,892ab2c6153ffff,59,42.3988332547448,-82.9320749356869,0.9375021060282024,East English Village,05,Waveney St & Kensington Ave,LARCENY,15,0.2542372881355932,0.11475200271598307
1012,892ab2c447bffff,80,42.3836026876381,-82.9935254799197,0.7449039971395319,West End,05,Saint Clair St & E Warren Ave,DAMAGE TO PROPERTY,19,0.2375,0.11465647344204187
1013,892ab2c7097ffff,78,42.4270931092421,-83.010392778092,0.7629495991360518,Mount Olivet,09,Algonac St & Greiner St,ASSAULT,15,0.19230769230769232,0.1146424621536919
1014,892ab2ca907ffff,95,42.4330772268952,-83.2433081410674,0.6060593597730716,Evergreen Lahser 7/8,08,Vassar Ave & Fielding St,ASSAULT,21,0.22105263157894736,0.11448909091221024
1015,892ab2c0877ffff,56,42.4253520822116,-83.10696069450009,0.9614234621168851,Grixdale Farms,12,Charleston St & W Nevada St,ASSAULT,13,0.23214285714285715,0.11448617862501193
1016,892ab2c74bbffff,87,42.4418074367867,-83.0037276513545,0.6789140636668618,Conner Creek,09,Hoover St & E State Fair St,LARCENY,16,0.1839080459770115,0.11448534331131355
1017,892ab2ce853ffff,91,42.338015163567,-83.1376559926789,0.6414262306756007,Claytown,04,Chopin St & Wagner St,ASSAULT,17,0.18681318681318682,0.11440472283735045
1018,892ab2c0dafffff,38,42.4297668005149,-83.06348137079848,1.1239249348033347,Conant Gardens,11,E Hildale St & Wexford St,ASSAULT,12,0.3157894736842105,0.11436716012947451
1019,892ab2c56abffff,84,42.39272026577167,-83.08840590460535,0.7040379945114884,Gateway Community,03,Woodland St & Webb St,ASSAULT,22,0.2619047619047619,0.11431306689141506
1020,892ab2ce323ffff,106,42.35878506867865,-83.16356967532835,0.5032186616937531,Barton-McFarland,02,Joy Rd & Mendota St,ASSAULT,21,0.19811320754716982,0.11428689752913848
1021,892ab2cf4d3ffff,96,42.4298541629442,-83.2288701222653,0.594139407056412,O'Hair Park,08,Stahelin Ave & W 7 Mile Rd,WEAPONS OFFENSES,19,0.19791666666666666,0.1142707286159218
1022,892ab2c403bffff,24,42.3611022869977,-82.9930977485676,1.2499727750032052,East Village,07,Fischer Ave & Kercheval St,LARCENY,11,0.4583333333333333,0.114247971084735
1023,892ab2cf003ffff,79,42.3980113505665,-83.2373069506992,0.7485115823522505,Brightmoor,08,Evergreen Rd & W Outer Dr,ASSAULT,19,0.24050632911392406,0.11422822095014341
1024,892ab2ce9a3ffff,60,42.3149827250738,-83.0965887107678,0.9211160935009914,Central Southwest,04,Lansing St & Christiancy St,DAMAGE TO PROPERTY,12,0.2,0.11418622792655587
1025,892ab2c7577ffff,92,42.41797907224372,-82.9959408277325,0.6290625359199887,LaSalle College Park,09,Bradford St & College St,ASSAULT,27,0.29347826086956524,0.1141518420763297
1026,892ab2c2b2bffff,81,42.44727034331925,-83.062847187586,0.7287365022650082,Farwell,11,Ryan Rd & E 8 Mile Rd,ASSAULT,17,0.20987654320987653,0.11410769702830492
1027,892ab2c1b83ffff,100,42.4272070531409,-83.1887011368522,0.5554087403321362,Winship,12,Margareta St & Mark Twain St,DAMAGE TO PROPERTY,18,0.18,0.1140934287457886
1028,892ab2ce417ffff,127,42.4075674475406,-83.14055534257416,0.3089100194635192,Pilgrim Village,12,Pilgrim St & Livernois Ave,LARCENY,23,0.18110236220472442,0.11405830674729148
1029,892ab2c8d8fffff,59,42.4144793564526,-83.2809694950952,0.9275877771858579,The Eye,08,W McNichols Rd & Wormer St,ASSAULT,12,0.2033898305084746,0.11398077218011367
1030,892ab2c764bffff,116,42.43815524999893,-83.05903458318639,0.4067021296644371,Farwell,11,E Lantz St & Shields St,ASSAULT,45,0.3879310344827586,0.11386777307876364
1031,892ab2c7653ffff,64,42.4424613931198,-83.0526926023404,0.8804390933965682,Farwell,11,Fenelon St & Cordova St,ASSAULT,23,0.359375,0.11385752378492621
1032,892ab2ce21bffff,57,42.3873073525599,-83.1902484870096,0.9428220170382565,Cadillac Community,02,Schoolcraft St & Lauder St,ASSAULT,12,0.21052631578947367,0.11374806647811128
1033,892ab2cf0dbffff,106,42.4078104284663,-83.2430491069731,0.49560798299285364,Miller Grove,08,Florence St & Patton St,LARCENY,21,0.19811320754716982,0.1136948667516485
1034,892ab2c71d3ffff,108,42.4149720982642,-83.00554256222689,0.4767458372480177,LaSalle College Park,09,College St & Elmo St,ASSAULT,26,0.24074074074074073,0.11364535952224619
1035,892ab2cc977ffff,95,42.2667052584203,-83.1635326851487,0.595090295253848,Boynton,04,S Fort St & Francis St,FRAUD,30,0.3157894736842105,0.11363581303110797
1036,892ab2cd48fffff,39,42.3789349091438,-83.2733364490115,1.1035939389662908,Castle Rouge,06,Riverview St & Fullerton St,ASSAULT,14,0.358974358974359,0.113494507119603
1037,892ab2ce3c7ffff,83,42.373238546182165,-83.16814213509964,0.7020539584505526,Pride Area Community,02,Plymouth Rd & Meyers Rd,ASSAULT,17,0.20481927710843373,0.11344984505970201
1038,892ab2cf09bffff,85,42.4064221248198,-83.2325136833609,0.6819747172159114,North Rosedale Park,08,Grand River Ave & W Outer Dr,LARCENY,19,0.2235294117647059,0.11330566059881653
1039,892ab2cf03bffff,55,42.3935160530319,-83.235960704042,0.9551544103159657,Westwood Park,08,Evergreen Rd & Lyndon St,ASSAULT,12,0.21818181818181817,0.11328962762519203
1040,892ab2c53afffff,72,42.352454202924,-83.0775821228602,0.7983369029744074,Wayne State,03,Lincoln St & W Warren Ave,ASSAULT,20,0.2777777777777778,0.11314191417020789
1041,892ab2c7553ffff,61,42.42902958944885,-83.00439840361629,0.8981734020300306,Von Steuben,09,Hoover St & Park Grove St,ASSAULT,16,0.26229508196721313,0.11311041245805473
1042,892ab2c40bbffff,81,42.3673788137095,-82.9860181716838,0.7148442407100051,East Village,05,Charlevoix St & Hurlbut St,ASSAULT,22,0.2716049382716049,0.11302702515491066
1043,892ab2c6087ffff,102,42.4136690188535,-82.9324293835235,0.5222299509866132,Cornerstone Village,05,Oldtown St & Linville St,ASSAULT,27,0.2647058823529412,0.1129302371821678
1044,892ab2cf543ffff,28,42.4029693049112,-83.2162696042143,1.1957461666478333,Crary/St Marys,08,Keeler St & Archdale St,ASSAULT,8,0.2857142857142857,0.11286524989380511
1045,892ab2cc683ffff,116,42.3666738745292,-83.21989472867352,0.3928190686660496,Franklin Park,06,Weaver St & Rosemont Ave,ASSAULT,30,0.25862068965517243,0.11278781691193125
1046,892ab2cc067ffff,71,42.33624600452837,-83.2119997750406,0.8028509347199,Warren Ave Community,06,Rutland St & Paul Dr,ASSAULT,26,0.36619718309859156,0.11278417368737478
1047,892ab2c60abffff,42,42.4085803494614,-82.93577210145551,1.0668717370113907,East English Village,05,Southampton St & Grayton St,ASSAULT,10,0.23809523809523808,0.11276456000165286
1048,892ab2c09afffff,18,42.41067703026484,-83.07491146749263,1.2846570076967359,North Campau,11,Lumpkin St & E Davison St,BURGLARY,7,0.3888888888888889,0.11269273155889847
1049,892ab2c42c7ffff,31,42.3694325467227,-83.0258394167861,1.1657919761784579,Gratiot Town/Kettering,07,Hancock St & Meldrum St,ASSAULT,5,0.16129032258064516,0.11266178290454085
1050,892ab2ce557ffff,116,42.3929448674787,-83.1330131186071,0.3908892795063052,Oakman Blvd Community,10,Dexter Ave & Ewald Cir,ASSAULT,24,0.20689655172413793,0.11263769960682149
1051,892ab2cf197ffff,115,42.38693588567813,-83.2054940208154,0.3982236273189152,Greenfield-Grand River,08,Kendall St & Saint Marys St,ASSAULT,23,0.2,0.11249935005870038
1052,892ab2c7293ffff,48,42.4262737128091,-83.04470312966184,1.0084643557324056,Krainz Woods,11,Syracuse St & E Nevada St,ASSAULT,9,0.1875,0.11247438801380961
1053,892ab2ce913ffff,38,42.3196523486113,-83.10601253420228,1.0989828937759272,Central Southwest,04,Toledo St & Campbell St,ASSAULT,7,0.18421052631578946,0.11242693160032927
1054,892ab2c5e5bffff,91,42.3437224869007,-83.0804554319621,0.6150691134699788,Core City,03,Wabash St & W Alexandrine St,DAMAGE TO PROPERTY,25,0.27472527472527475,0.11235441626090874
1055,892ab2cf577ffff,91,42.3963223510258,-83.2082253897597,0.6145616552740147,Grand River-St Marys,08,Mettetal St & Grand River Ave,DAMAGE TO PROPERTY,17,0.18681318681318682,0.11231494134912921
1056,892ab2c5c0bffff,68,42.3435955142051,-83.0387024182147,0.8240251387755823,Lafayette Park,07,Russell St & Gratiot Ave,LARCENY,34,0.5,0.11230465005423425
1057,892ab2cf453ffff,23,42.424558444943,-83.2365070727504,1.2330878093401354,Evergreen-Outer Drive,08,Pickford St & Westmoreland Rd,ASSAULT,6,0.2608695652173913,0.11222561361159322
1058,892ab2c0d03ffff,111,42.4355594448338,-83.0723482711569,0.4310453255420708,Pershing,11,Mitchell St & Emery St,ASSAULT,28,0.25225225225225223,0.11221699431159295
1059,892ab2d596fffff,74,42.4387039029368,-82.9606858291793,0.7680972728389793,Regent Park,09,Crusade St & Liberal St,AGGRAVATED ASSAULT,13,0.17567567567567569,0.1122073582882003
1060,892ab2ce917ffff,88,42.3170176069227,-83.1037903867316,0.6399020603751929,Central Southwest,04,W Vernor Hwy & Campbell St,FRAUD,25,0.2840909090909091,0.11215950435018768
1061,892ab2ce55bffff,122,42.3954133976796,-83.139929995797,0.3298100288342328,Dexter-Fenkell,10,Lyndon St & Livernois Ave,FRAUD,23,0.1885245901639344,0.11213968427460554
1062,892ab2c7657ffff,62,42.4407053666923,-83.04993735727943,0.87632446208631,Farwell,11,Moenart St & E Outer Dr,ASSAULT,14,0.22580645161290322,0.11211967935769718
1063,892ab2cd5a7ffff,125,42.3538242896865,-83.2443358607145,0.30216821504823305,Warrendale,06,Braile St & Constance Ave,ASSAULT,37,0.296,0.11211609587692425
1064,892ab2c752bffff,54,42.4156843090261,-82.9938673130003,0.9485638572759283,Gratiot-Findlay,09,Findlay St & Devon St,ASSAULT,9,0.16666666666666666,0.11206806720951852
1065,892ab2c45afffff,95,42.36568881557305,-82.9539515269942,0.5741900596761027,Jefferson Chalmers,05,Algonquin & Freud St,DAMAGE TO PROPERTY,25,0.2631578947368421,0.1120099944668117
1066,892ab2cc42bffff,86,42.3557606405446,-83.19687561591627,0.6557597031390593,Fiskhorn,02,Greenfield Rd & Mackenzie St,LARCENY,24,0.27906976744186046,0.11197529283968523
1067,892ab2c55a7ffff,17,42.3767810048384,-83.031776180011,1.2835776039479203,Poletown East,07,Mount Elliott St & E Grand Blvd,ASSAULT,3,0.17647058823529413,0.11189988060896025
1068,892ab2ce077ffff,65,42.3807225586984,-83.15991149017387,0.8454443843591056,Grand River-I96,02,Washburn St & Fullerton St,ASSAULT,14,0.2153846153846154,0.11184418807537534
1069,892ab2cf62bffff,69,42.4057225182904,-83.2570376053713,0.8088783791823367,Brightmoor,08,Lahser Rd & Pilgrim St,ASSAULT,19,0.2753623188405797,0.1118352761124628
1070,892ab2c62cfffff,88,42.4120745115971,-82.9792811141416,0.6342616860819138,Eden Gardens,09,Dickerson St & Promenade Ave,ASSAULT,22,0.25,0.11172074253807887
1071,892ab2cf4dbffff,112,42.42973510457876,-83.2333513439134,0.4143344072900135,Evergreen-Outer Drive,08,Huntington Rd & W 7 Mile Rd,ASSAULT,23,0.20535714285714285,0.11162594527312024
1072,892ab2c531bffff,43,42.3603178625843,-83.0900754412909,1.0429490996585322,Elijah McCoy,03,Marquette St & Vermont St,LARCENY,10,0.23255813953488372,0.111612515047562
1073,892ab2cc6a3ffff,107,42.3578640438882,-83.21605966616384,0.4588022618014458,Joy Community,06,N M 39 Service Drive & Joy Rd,WEAPONS OFFENSES,16,0.14953271028037382,0.11154065333911206
1074,892ab2c4683ffff,70,42.389948299219,-83.00708544041048,0.795497027983348,West End,07,Belvidere St & Gratiot Ave,LARCENY,13,0.18571428571428572,0.11150323238069162
1075,892ab2c0c6fffff,98,42.4421664076184,-83.101611368852,0.5400215806328407,Nolan,11,John R St & W Remington Ave,BURGLARY,13,0.1326530612244898,0.11147870013927463
1076,892ab2c6297ffff,120,42.4142344751852,-82.96031276681612,0.3385101206605582,Outer Drive-Hayes,09,Bonita St & Whitehill St,STOLEN VEHICLE,25,0.20833333333333334,0.11139869056201435
1077,892ab2cec87ffff,24,42.3582662918182,-83.1054919876115,1.213161779808438,NW Goldberg,03,Wildemere St & W Grand Blvd,AGGRAVATED ASSAULT,3,0.125,0.111384462722102
1078,892ab2c0da7ffff,71,42.43122635320098,-83.05868646117773,0.7842735523764743,Krainz Woods,11,E Hildale St & Justine St,STOLEN VEHICLE,13,0.18309859154929578,0.1113390486801652
1079,892ab2cf11bffff,101,42.3843403661188,-83.2197429129736,0.5098378417104323,Schoolcraft Southfield,06,Rosemont Ave & W Davison St,ASSAULT,31,0.3069306930693069,0.11125737669404083
1080,892ab2cf6c7ffff,71,42.4195844063067,-83.2581476441754,0.7816815823405391,Old Redford,08,Cooley St & Willmarth Ave,ASSAULT,16,0.22535211267605634,0.11113742066564605
1081,892ab2cf127ffff,82,42.3700008175014,-83.2095936377649,0.6811782395569419,Joy Community,06,Grandmont Ave & Elmira St,ASSAULT,23,0.2804878048780488,0.11111704894755048
1082,892ab2cc45bffff,125,42.3675805223552,-83.2130984870102,0.2891110477136928,Joy Community,06,Orangelawn St & Rutland St,ASSAULT,37,0.296,0.11110038555295917
1083,892ab2ced0bffff,26,42.33587286794405,-83.1013054577608,1.1911064611638298,Chadsey Condon,03,Vinewood St & Magnolia St,LARCENY,7,0.2692307692307692,0.11108656021695525
1084,892ab2ce133ffff,86,42.365454328774725,-83.13048618827484,0.6438896075001458,Nardin Park,10,Grand River Ave & Joy Rd,ASSAULT,19,0.22093023255813954,0.11105192421171306
1085,892ab2c740bffff,93,42.4397206858551,-83.0168924886495,0.5799858701005324,Nortown,11,Rolyat St & E Outer Dr,ASSAULT,23,0.24731182795698925,0.11104307819934892
1086,892ab2c75d7ffff,114,42.4329326923722,-82.9922701793653,0.38790769196914654,Von Steuben,09,Fairport St & Linnhurst St,ASSAULT,30,0.2631578947368421,0.11098799407131037
1087,892ab2c5153ffff,40,42.36501451415033,-83.064282913286,1.0619632645967225,Cultural Center,03,E I 94 Service Drive & Brush St,ASSAULT,9,0.225,0.11096496308365167
1088,892ab2c0843ffff,35,42.43210730442035,-83.1151938799142,1.1073931717494474,Penrose,12,Woodward Ave & W 7 Mile Rd,ASSAULT,5,0.14285714285714285,0.11095450872925952
1089,892ab2cf503ffff,118,42.40136761299399,-83.20632790380212,0.35055578527470954,Crary/St Marys,08,Mettetal St & Fenkell St,ASSAULT,23,0.19491525423728814,0.11091794723399029
1090,892ab2cf52fffff,77,42.3916684235956,-83.2035673796722,0.7240675485639044,Greenfield-Grand River,08,Prevost St & Acacia St,ASSAULT,18,0.23376623376623376,0.11090896277152493
1091,892ab2ce267ffff,61,42.3763839218477,-83.19225835075677,0.8697930585328864,Plymouth-Hubbell,02,Robson St & Castleton St,DAMAGE TO PROPERTY,13,0.21311475409836064,0.11090272015013197
1092,892ab2cc58bffff,51,42.353739752285,-83.1750091285751,0.9606556533351375,Aviation Sub,02,Belton St & Hartwell St,ASSAULT,13,0.2549019607843137,0.11088202773476222
1093,892ab2ce303ffff,95,42.3660317046333,-83.1667230574911,0.5592527776181602,Barton-McFarland,02,W Chicago St & Manor,ASSAULT,22,0.23157894736842105,0.1108480309865631
1094,892ab2c4697ffff,77,42.3894425247096,-83.00305190959563,0.7228806573691569,West End,07,Cooper St & Shoemaker St,ASSAULT,15,0.19480519480519481,0.11081663511660246
1095,892ab2c442fffff,101,42.377743211354,-82.981718935991,0.5040401376124042,West End,05,Fairview St & Mack Ave,ASSAULT,24,0.2376237623762376,0.11080637627742794
1096,892ab2cf413ffff,26,42.422692445544,-83.2239202948976,1.187274716178542,Evergreen-Outer Drive,08,Faust Ave & Curtis St,DAMAGE TO PROPERTY,5,0.19230769230769232,0.11078849074747216
1097,892ab2c755bffff,98,42.42717394379131,-83.00679181415033,0.5296246189775236,Von Steuben,09,Teppert St & Greiner St,ASSAULT,17,0.17346938775510204,0.11066992584538629
1098,892ab2cc623ffff,132,42.3523432369236,-83.2235576724918,0.21894141537208,Warrendale,06,Constance St & Stahelin Ave,ASSAULT,37,0.2803030303030303,0.11060411879929583
1099,892ab2c4253ffff,25,42.36821756398763,-83.035845920069,1.1929523222114224,Poletown East,07,McDougall St & Farnsworth St,STOLEN VEHICLE,7,0.28,0.11052126410934363
1100,892ab2c7263ffff,37,42.4109148355863,-83.0607285565757,1.0812393613867233,Campau/Banglatown,11,Halleck St & Moran St,ASSAULT,8,0.21621621621621623,0.11033778666362788
1101,892ab2d5b63ffff,120,42.43840887577954,-82.9888941778005,0.3245759559137256,Pulaski,09,Lappin St & Alcoy St,ASSAULT,29,0.24166666666666667,0.11031475906090316
1102,892ab2c53c3ffff,107,42.364594038955694,-83.09096327938327,0.4418262353223583,Virginia Park Community,10,Lothrop St & Rosa Parks Blvd,LARCENY,22,0.205607476635514,0.11022009698006921
1103,892ab2c5cc3ffff,63,42.35039364005,-83.0392857715985,0.8427096491964571,Eastern Market,07,Wilkins St & Orleans St,LARCENY,27,0.42857142857142855,0.11021368505897586
1104,892ab2c08b3ffff,94,42.4326074287385,-83.09154191892787,0.5600124582600197,Nolan,11,Cardoni St & E 7 Mile Rd,ASSAULT,24,0.2553191489361702,0.11019824146445159
1105,892ab2cc0c3ffff,59,42.35068644357214,-83.21184405360219,0.8785429197836836,Warren Ave Community,06,Memorial St & Tireman St,ASSAULT,13,0.22033898305084745,0.11016559797544472
1106,892ab2cc657ffff,88,42.3629257829808,-83.23479173288239,0.61374047977026,Franklin Park,06,Westfield St & Auburn St,ASSAULT,29,0.32954545454545453,0.11012440846523397
1107,892ab2c8dabffff,71,42.40947457066002,-83.28077881235735,0.766681534339351,South of Six,08,Lenore Ave & Florence St,ASSAULT,27,0.38028169014084506,0.10997057465498987
1108,892ab2d5b2bffff,97,42.43700121814245,-82.9828252207299,0.5291395168315378,Franklin,09,Lappin St & Mapleview St,ASSAULT,18,0.18556701030927836,0.10992330531113298
1109,892ab2c41d7ffff,39,42.3580096914011,-82.9752385116033,1.0574996901034655,Waterworks Park,05,Marquette Dr & Freud St,LARCENY,11,0.28205128205128205,0.10990885923397482
1110,892ab2ce9dbffff,110,42.326177741665,-83.1167362271703,0.4104544407756537,Central Southwest,04,Otis St & Livernois Ave,FRAUD,26,0.23636363636363636,0.1099063552995379
1111,892ab2c4057ffff,64,42.36860851740644,-83.00204999073804,0.8293171309113762,Pingree Park,07,Iroquois St & Mack Ave,LARCENY,16,0.25,0.1098807726453274
1112,892ab2ce813ffff,81,42.3364823148118,-83.12433584867551,0.6743519678646366,Claytown,04,Livernois Ave & Whitehead St,LARCENY,13,0.16049382716049382,0.10987715209928592
1113,892ab2c0b0bffff,73,42.4103256159776,-83.1204439211889,0.7471086498065398,Martin Park,12,Puritan St & 14th St,ASSAULT,18,0.2465753424657534,0.10986577942122236
1114,892ab2c7427ffff,91,42.43081260067501,-83.00570089475512,0.5828330249476843,Von Steuben,09,Albion St & Linnhurst St,ASSAULT,27,0.2967032967032967,0.10984678753275934
1115,892ab2cf023ffff,39,42.3911728051057,-83.2321824904423,1.0554331991175356,Westwood Park,08,Westwood St & Acacia St,FRAUD,7,0.1794871794871795,0.10974810796419235
1116,892ab2c1a03ffff,118,42.4390840859789,-83.2147547019169,0.3354530804042363,Greenfield,08,Fargo St & Lindsay St,ASSAULT,23,0.19491525423728814,0.10974311559832928
1117,892ab2c5043ffff,79,42.379036138669456,-83.08665839430088,0.6900281177345725,Piety Hill,03,Hazelwood St & 3rd St,LARCENY,16,0.20253164556962025,0.10967882235001328
1118,892ab2cf1b3ffff,49,42.3822637189232,-83.2051547985844,0.9625580588756856,Schoolcraft Southfield,06,Glendale St & Saint Marys St,ASSAULT,14,0.2857142857142857,0.10961224550605272
1119,892ab2c6353ffff,97,42.3942549663125,-82.9632397590248,0.5250890100351174,Chandler Park,05,Coplin St & E Warren Ave,ASSAULT,20,0.20618556701030927,0.10960821847299988
1120,892ab2cd187ffff,100,42.3417399057789,-83.2585187913736,0.4977500175293183,Far West Detroit,06,W Warren Rd & Dacosta,ASSAULT,21,0.21,0.10960818638678614
1121,892ab2c43c7ffff,76,42.35211081592422,-83.0063893655434,0.7155238008855694,Islandview,07,Agnes St & E Grand Blvd,ASSAULT,18,0.23684210526315788,0.10953546435061623
1122,892ab2c5c17ffff,90,42.3431119847178,-83.0335819694132,0.5861748309569066,Lafayette Park,07,Chateaufort Pl & Orleans St,LARCENY,25,0.2777777777777778,0.10939786021346762
1123,892ab2cf46fffff,34,42.40927957624925,-83.23408305729652,1.0960616760752457,North Rosedale Park,08,Huntington Rd & Bretton Dr,LARCENY,13,0.38235294117647056,0.1093641528271325
1124,892ab2c643bffff,84,42.425112216578505,-82.9300981576202,0.6396527041885604,Moross-Morang,09,Moross Rd & Camley St,ASSAULT,22,0.2619047619047619,0.10930456830845728
1125,892ab2ceeb3ffff,128,42.35208223137048,-83.135213741716,0.23825435091535438,Midwest,10,Tireman St & Livernois Ave,LARCENY,24,0.1875,0.1092709233588306
1126,892ab2c735bffff,38,42.4055223220923,-83.0472572047706,1.0582973195008487,Buffalo Charles,11,Buffalo St & Prescott St,ASSAULT,11,0.2894736842105263,0.10926202172601612
1127,892ab2cf207ffff,40,42.3930240650053,-83.2628278424462,1.0399735707472857,Eliza Howell,06,Chatham St & Lyndon St,ASSAULT,13,0.325,0.10925439612135035
1128,892ab2c72abffff,28,42.41543518962385,-83.04567717082213,1.1491727919040247,Davison,11,Sparling St & Luce St,ASSAULT,8,0.2857142857142857,0.10924233105259178
1129,892ab2c1a33ffff,128,42.433927787178,-83.2085786667453,0.2374992375410742,Greenfield,08,Vassar Ave & Asbury Park,DAMAGE TO PROPERTY,22,0.171875,0.10921218347824474
1130,892ab2cf637ffff,57,42.407702838868566,-83.2485341484171,0.8841337587611282,Miller Grove,08,Puritan St & Burt Rd,ASSAULT,16,0.2807017543859649,0.10918273708465846
1131,892ab2c5c9bffff,65,42.352015734436,-83.03171860994068,0.810703532481913,McDougall-Hunt,07,Hendricks St & Chene St,ASSAULT,18,0.27692307692307694,0.10914171509552295
1132,892ab2c0e73ffff,35,42.44542443311239,-83.12761614853935,1.084037234317003,Green Acres,12,Queenston St & Woodstock Dr,LARCENY,9,0.2571428571428571,0.10913766238209953
1133,892ab2c642bffff,34,42.4214905746038,-82.9327467010302,1.0926500511625084,Moross-Morang,09,Casino St & Camley St,ASSAULT,9,0.2647058823529412,0.109098764281778
1134,892ab2cc04fffff,148,42.34333463853278,-83.2207891741072,0.052751731232794294,Warrendale,06,Faust Ave & W Warren Ave,ASSAULT,30,0.20270270270270271,0.10901846384875429
1135,892ab2c429bffff,95,42.3715317810122,-83.0195204060651,0.5355061571246859,Gratiot Town/Kettering,07,Gratiot Ave & Helen St,ASSAULT,18,0.18947368421052632,0.10900079360524391
1136,892ab2cf08fffff,110,42.4025882107892,-83.2314478382392,0.3984031048447488,Rosedale Park,08,Keeler St & W Outer Dr,DAMAGE TO PROPERTY,18,0.16363636363636364,0.10896888808257031
1137,892ab2d5973ffff,99,42.4447640700532,-82.956082494821,0.4985047418337791,Regent Park,09,Eastburn St & Redmond St,ASSAULT,24,0.24242424242424243,0.10895801131374035
1138,892ab2c750bffff,83,42.4243990618009,-82.99686767001563,0.6441954770075402,Von Steuben,09,Strasburg St & Sauer St,AGGRAVATED ASSAULT,15,0.18072289156626506,0.1089490635789323
1139,892ab2c406fffff,54,42.3565947673885,-83.0047469126837,0.9075232847769618,Islandview,07,Sheridan St & Kercheval St,FRAUD,14,0.25925925925925924,0.10887554220615372
1140,892ab2cc48bffff,96,42.37026146358061,-83.19526068709887,0.5243444446843134,Plymouth-Hubbell,02,Whitcomb St & Elmira St,ASSAULT,18,0.1875,0.10884141442963843
1141,892ab2c6073ffff,47,42.4071793213753,-82.9481086004319,0.9703276272776588,Morningside,05,Haverhill St & Linville St,STOLEN VEHICLE,10,0.2127659574468085,0.10879886685539725
1142,892ab2ca9afffff,75,42.431398197629,-83.2356454239714,0.7151371004965642,O'Hair Park,08,Cambridge Ave & Annchester Rd,ASSAULT,12,0.16,0.10879649843837245
1143,892ab2cab93ffff,29,42.4410362739508,-83.2683387844956,1.1335029275940842,Berg-Lahser,08,Berg Rd & Norfolk St,ASSAULT,6,0.20689655172413793,0.10873226506424938
1144,892ab2c72cbffff,68,42.4258936370519,-83.06268922856086,0.7777486340185098,Davison,11,Ryan Rd & E Nevada St,ASSAULT,19,0.27941176470588236,0.1087048245764341
1145,892ab2c468fffff,65,42.3877218979997,-83.0085540695618,0.8033445358469772,Gratiot Woods,07,Holcomb Ave & Gratiot Ave,ASSAULT,12,0.18461538461538463,0.108569262536356
1146,892ab2c5047ffff,95,42.37578389440022,-83.08447277487494,0.5298456207407428,Piety Hill,03,W Philadelphia St & 3rd St,LARCENY,17,0.17894736842105263,0.10856046339448358
1147,892ab2ce5b3ffff,99,42.3926877197446,-83.1112010797837,0.49324423961733493,Dexter-Linwood,10,Fullerton St & Rosa Parks Blvd,DAMAGE TO PROPERTY,18,0.18181818181818182,0.10854879955489666
1148,892ab2d591bffff,53,42.449227924312,-82.9537377337698,0.9122285022331889,Regent Park,09,Boulder St & Carlisle St,DAMAGE TO PROPERTY,13,0.24528301886792453,0.10853267396131927
1149,892ab2c5677ffff,70,42.3894434002176,-83.0974645775913,0.7569868976631151,Gateway Community,10,Hamilton Ave & Webb St,ASSAULT,20,0.2857142857142857,0.10850754917151426
1150,892ab2c0847ffff,77,42.43131403341969,-83.114447377603,0.6929333631966318,Grixdale Farms,12,W Brentwood St & Woodward Ave,ASSAULT,17,0.22077922077922077,0.10848705052244714
1151,892ab2c63c3ffff,99,42.39821638312529,-82.956775559947,0.49219015852686815,Chandler Park-Chalmers,05,Frankfort St & Manistique St,ASSAULT,29,0.29292929292929293,0.10846680312960377
1152,892ab2c1d23ffff,79,42.436896413581,-83.1495914598656,0.6720270777364074,Oak Grove District 2,12,Woodingham Dr & Saint Martins Ave,ASSAULT,20,0.25316455696202533,0.10827853071708932
1153,892ab2cc613ffff,125,42.3648934467569,-83.2263062935043,0.25194893849768285,Franklin Park,06,Stahelin Ave & W Chicago St,ASSAULT,32,0.256,0.10820956421139838
1154,892ab2c4647ffff,36,42.38310478965439,-83.02170723915047,1.0619989575117907,Gratiot Town/Kettering,07,Lambert St & Townsend St,ASSAULT,10,0.2777777777777778,0.10813220086477399
1155,892ab2c66abffff,78,42.425241217967,-82.95476980094917,0.6778976123340585,Denby,09,Whitehill St & Britain St,AGGRAVATED ASSAULT,14,0.1794871794871795,0.10802631189267753
1156,892ab2c53d3ffff,115,42.3685575343503,-83.08871386001303,0.3404430820322329,Virginia Park Community,10,Pallister St & Poe St,ASSAULT,30,0.2608695652173913,0.10800463119140313
1157,892ab2c43d3ffff,111,42.3572717510004,-83.00883968231659,0.37680438519298914,Islandview,07,E Vernor Hwy & E Grand Blvd,RUNAWAY,37,0.3333333333333333,0.10799761948988883
1158,892ab2c0d8bffff,50,42.44033813640042,-83.06964321611359,0.9321927150399066,Farwell,11,Revere St & E Outer Dr,ASSAULT,11,0.22,0.1079590257319327
1159,892ab2c6227ffff,85,42.39716284826248,-82.96547753236204,0.612310474593881,Chandler Park,05,Eastlawn St & Southampton St,ASSAULT,19,0.2235294117647059,0.10788651503458482
1160,892ab2c6277ffff,38,42.4020815586039,-82.9762671926122,1.0403501383848786,Ravendale,09,Evanston St & Park Dr,ASSAULT,7,0.18421052631578946,0.10786591974780677
1161,892ab2ceb37ffff,111,42.3060066701791,-83.1303108865695,0.3748148287498732,Springwells,04,Lawndale St & Lane St,ASSAULT,24,0.21621621621621623,0.1078428529185791
1162,892ab2c19dbffff,72,42.4348203081065,-83.1709117982852,0.7301214337231747,Greenwich,12,Meyers Rd & W Outer Dr,ASSAULT,14,0.19444444444444445,0.10783546794053342
1163,892ab2c18bbffff,58,42.4435375064085,-83.1770812128028,0.8561904057656745,Blackstone Park,12,S Norfolk Ct & Cheyenne St,STOLEN VEHICLE,15,0.25862068965517243,0.10771792273095146
1164,892ab2ca95bffff,68,42.4379797006587,-83.260917810567,0.7648165937463669,Berg-Lahser,08,Fargo St & Houghton St,ASSAULT,13,0.19117647058823528,0.10769884782222638
1165,892ab2cf0c3ffff,118,42.4060380707032,-83.2408011552495,0.3077923972280858,Brightmoor,08,Pilgrim St & Vaughan St,ASSAULT,21,0.17796610169491525,0.1075914052962316
1166,892ab2c0a1bffff,30,42.43167440071245,-83.1372953383688,1.1095571323015179,University District,12,Birchcrest Dr & W 7 Mile Rd,LARCENY,10,0.3333333333333333,0.10757841866595241
1167,892ab2ce0a7ffff,126,42.3840572333895,-83.1415867844488,0.2336007553061714,Oakman Blvd Community,10,Santa Rosa Dr & W Buena Vista St,ASSAULT,35,0.2777777777777778,0.10749115317629487
1168,892ab2ce84fffff,127,42.33173330088631,-83.1411336848418,0.22448058585007638,Claytown,04,Michigan Ave & Lumley St,FRAUD,36,0.28346456692913385,0.1074905845782688
1169,892ab2c75bbffff,104,42.4245804086279,-82.9835481702481,0.4336973677037727,Mapleridge,09,Hickory St & Gratiot Ave,DAMAGE TO PROPERTY,17,0.16346153846153846,0.10746110248920984
1170,892ab2c19cbffff,49,42.43295255063353,-83.1729845742666,0.9343978032212988,Greenwich,12,Cambridge Ave & Steel St,FRAUD,13,0.2653061224489796,0.10742167371809733
1171,892ab2c1b23ffff,81,42.4142505380589,-83.1919377274169,0.6423439246370727,Hubbell-Puritan,02,Hubbell St & Grove St,ASSAULT,13,0.16049382716049382,0.10738726289719566
1172,892ab2c7227ffff,62,42.40855091362965,-83.0473540377302,0.8137279741386318,Buffalo Charles,11,Carpenter St & Buffalo St,LARCENY,17,0.27419354838709675,0.10725033079047586
1173,892ab2cee5bffff,47,42.3540519356836,-83.161061321665,0.9503041649543129,Aviation Sub,02,Belton St & E Morrow Cir,ASSAULT,10,0.2127659574468085,0.10724125203112002
1174,892ab2ce69bffff,127,42.4142287513782,-83.17082390700008,0.22073736111202466,Harmony Village,12,Meyers Rd & N M 10,ASSAULT,24,0.1889763779527559,0.10719940105324013
1175,892ab2cee53ffff,113,42.35417356979899,-83.1564687929256,0.3471835458564589,Barton-McFarland,02,Indiana St & Belton St,ASSAULT,27,0.23893805309734514,0.10711119902551908
1176,892ab2c09c3ffff,66,42.421858341998,-83.08850210454925,0.775338158752012,Cadillac Heights,11,Madeira St & Hull St,DAMAGE TO PROPERTY,13,0.19696969696969696,0.1070995455703984
1177,892ab2c725bffff,48,42.42095012495041,-83.0689587131667,0.9381382464743449,Cadillac Heights,11,Charest St & Jerome St,ASSAULT,9,0.1875,0.10700375618474882
1178,892ab2c70a3ffff,79,42.4197461231696,-83.0118696119344,0.6553830256330069,LaSalle College Park,09,Canonbury St & E McNichols Rd,ASSAULT,19,0.24050632911392406,0.10698379847380128
1179,892ab2c615bffff,89,42.39705902933114,-82.9377129810001,0.5640628638430208,Morningside,05,Devonshire Rd & Waveney St,DAMAGE TO PROPERTY,24,0.2696629213483146,0.10696889698879121
1180,892ab2d5bcfffff,90,42.449222809538,-82.9868657411873,0.5540323988310081,Conner Creek,09,Alcoy St & E 8 Mile Rd,LARCENY,25,0.2777777777777778,0.10689751696817126
1181,892ab2cc2d3ffff,135,42.352016228490434,-83.2416953813226,0.14354858240793494,Warrendale,06,Patton St & Belton Ave,ASSAULT,24,0.17777777777777778,0.10686600320621005
1182,892ab2c71dbffff,51,42.4142855059275,-83.00871012904453,0.909018625553838,LaSalle College Park,09,Nashville St & Conner St,ASSAULT,16,0.3137254901960784,0.10686520993098053
1183,892ab2c1b57ffff,125,42.42313717579481,-83.202470194719,0.23456807939999005,College Park,08,Curtis St & Winthrop St,ASSAULT,31,0.248,0.10685751613139799
1184,892ab2cc40fffff,104,42.3605301053205,-83.1981396142035,0.42584280863720686,Joy Community,06,Greenfield Rd & Ellis St,ASSAULT,16,0.15384615384615385,0.10685010038364592
1185,892ab2c292fffff,36,42.4480961279861,-83.0284135175525,1.045415714766512,Sherwood,11,Packard St & E 8 Mile Rd,DAMAGE TO PROPERTY,8,0.2222222222222222,0.10684219895014418
1186,892ab2c40cfffff,46,42.3719996679948,-83.002160981547,0.9540440519954131,Pingree Park,07,Burns St & Sylvester St,AGGRAVATED ASSAULT,11,0.2391304347826087,0.10682329123033063
1187,892ab2c614fffff,89,42.3918222974696,-82.93643051170659,0.5619519244186434,Morningside,05,Brunswick St & Bedford St,DAMAGE TO PROPERTY,20,0.2247191011235955,0.10680468809786789
1188,892ab2c5573ffff,67,42.3765040879935,-83.052534080097,0.7615286905306785,Milwaukee Junction,07,E Milwaukee St & E Grand Blvd,STOLEN VEHICLE,17,0.2537313432835821,0.10673419883589168
1189,892ab2c4637ffff,21,42.3762004788707,-83.0052039829556,1.180565578719563,Pingree Park,07,E Forest Ave & Burns St,ASSAULT,7,0.3333333333333333,0.10672216695854403
1190,892ab2c722bffff,80,42.41010994195208,-83.0544082399813,0.6428147407305983,Buffalo Charles,11,Carpenter St & Bristow St,ASSAULT,18,0.225,0.10671500275060238
1191,892ab2c5217ffff,55,42.3735223882003,-83.1018269812866,0.869115600635841,Virginia Park Community,10,Hazelwood St & 14th St,ASSAULT,14,0.2545454545454545,0.10659671292059184
1192,892ab2d5b0bffff,81,42.4439547517203,-82.9879159852375,0.6321635108323685,Conner Creek,09,Fairmount Dr & Hickory St,ASSAULT,24,0.2962962962962963,0.10659533374910846
1193,892ab2c618bffff,28,42.3992609851293,-82.92006411747292,1.1148922524330962,Cornerstone Village,05,Guilford St & Windsor St,LARCENY,7,0.25,0.10657566553781299
1194,892ab2c635bffff,80,42.3937084994663,-82.9681469711022,0.6407817928545787,Chandler Park,05,Frankfort St & Dickerson St,DAMAGE TO PROPERTY,16,0.2,0.10655686078206883
1195,892ab2c5e17ffff,96,42.3410982686904,-83.0608027467555,0.49495113659203427,Midtown,03,2nd Ave & Temple St,LARCENY,51,0.53125,0.10655492412742423
1196,892ab2c7367ffff,32,42.391329087417,-83.0400492236585,1.078073917471799,Airport Sub,11,Dorothy Ave & Dwyer St,STOLEN VEHICLE,9,0.28125,0.10654712497088376
1197,892ab2c554fffff,57,42.3793542334706,-83.060035874047,0.849978047042502,Russell Industrial,03,Hartwick St & Clay St,LARCENY,25,0.43859649122807015,0.10652578185645886
1198,892ab2c5353ffff,71,42.3623326424271,-83.0945055900909,0.7217120224527229,NW Goldberg,03,W Grand Blvd & 14th St,LARCENY,17,0.23943661971830985,0.10647241947962563
1199,892ab2cf187ffff,70,42.3846579308733,-83.2076617864671,0.7301519853166831,Schoolcraft Southfield,06,Asbury Park & W Davison St,ASSAULT,13,0.18571428571428572,0.10642007515708027
1200,892ab2c0d27ffff,76,42.4239971639211,-83.06567204556526,0.6746317141897774,Davison,11,Minnesota St & Wexford St,ASSAULT,20,0.2631578947368421,0.10635448998142671
1201,892ab2cedb7ffff,23,42.336129520637854,-83.08122936413326,1.1575601373827258,North Corktown,03,Ash St & 15th St,LARCENY,8,0.34782608695652173,0.10635035489837628
1202,892ab2ce5c3ffff,35,42.3975652378676,-83.1284743760622,1.047839683369132,Oakman Blvd Community,10,Doris St & Lawton St,ASSAULT,7,0.2,0.10632187353157704
1203,892ab2c5e97ffff,74,42.346507615655085,-83.0546367820963,0.6923124503525474,Brush Park,03,John R St & Erskine St,LARCENY,38,0.5135135135135135,0.10631209596773465
1204,892ab2cc08bffff,55,42.3507567608824,-83.2048509796063,0.8654086745759217,Warren Ave Community,06,Tireman St & Saint Marys St,ASSAULT,10,0.18181818181818182,0.10630835305104532
1205,892ab2c400fffff,67,42.3631679716082,-82.9957583948504,0.7559981821695495,East Village,07,Fischer Ave & E Vernor Hwy,ASSAULT,16,0.23880597014925373,0.1063039834380761
1206,892ab2cf157ffff,66,42.3842308488428,-83.2246612868479,0.7645884186248136,Schoolcraft Southfield,06,Greenview Rd & W Davison St,DAMAGE TO PROPERTY,15,0.22727272727272727,0.1062633288208241
1207,892ab2ceaa3ffff,49,42.3300210928404,-83.1474912281066,0.918707665272421,Claytown,04,Michigan Ave & Trenton St,ASSAULT,11,0.22448979591836735,0.10620114596572991
1208,892ab2c7587ffff,100,42.4277180270618,-82.9825408353796,0.4537805077614223,Franklin,09,Gratiot Ave & Greiner St,ASSAULT,16,0.16,0.10618782086134822
1209,892ab2c1d67ffff,21,42.43693275564328,-83.1580761576856,1.1736052454361232,Oak Grove District 2,12,Cranbrook Dr & Saint Martins Ave,LARCENY,8,0.38095238095238093,0.10618072621622268
1210,892ab2c1b53ffff,94,42.426689721222594,-83.2051088795638,0.5067948996860109,College Park,08,Margareta St & Rutherford St,ASSAULT,18,0.19148936170212766,0.1060584749841026
1211,892ab2c66afffff,118,42.4235137290329,-82.9526387735233,0.28743031741852776,Denby,09,Britain St & Lansdowne St,STOLEN VEHICLE,22,0.1864406779661017,0.10600744959205227
1212,892ab2c52d7ffff,90,42.3825158991134,-83.1039359555964,0.541814559321624,Dexter-Linwood,10,Glynn Ct & Rosa Parks Blvd,ASSAULT,21,0.23333333333333334,0.1059470975235646
1213,892ab2ce4abffff,115,42.4063384753219,-83.1374151819349,0.3139749256888414,Pilgrim Village,12,Holmur St & Midland St,ASSAULT,24,0.20869565217391303,0.10594568693760711
1214,892ab2c62c7ffff,101,42.4130536120121,-82.9753190645921,0.4413348659508468,Eden Gardens,09,Newport St & E Outer Dr,ASSAULT,24,0.2376237623762376,0.10592856548111546
1215,892ab2c524fffff,130,42.3734389133223,-83.1179324957098,0.17681237204453157,Dexter-Linwood,10,Savery St & Chicago Blvd,ASSAULT,23,0.17692307692307693,0.10590915283443555
1216,892ab2c5327ffff,44,42.345899436624805,-83.078000676395,0.960483955591964,Woodbridge,03,Avery St & W Willis St,ASSAULT,12,0.2727272727272727,0.10590647863909083
1217,892ab2c4517ffff,56,42.3700074167361,-82.9589163677697,0.8499451799779055,Conner Creek Industrial,05,E Jefferson Ave & Conner St,LARCENY,14,0.25,0.10581434045633606
1218,892ab2c0a7bffff,93,42.4243600058533,-83.1454688575771,0.5108512001839272,Bagley,12,Curtis St & Prairie St,ASSAULT,17,0.1827956989247312,0.10566512782320121
1219,892ab2c50d3ffff,26,42.3875485002974,-83.07741670564711,1.1213444795581096,North End,03,Westminster St & Brush St,LARCENY,7,0.2692307692307692,0.10565981158750702
1220,892ab2c6e2bffff,71,42.3646715723254,-82.934062322233,0.711135466414491,Jefferson Chalmers,05,Korte St & Ashland St,ASSAULT,17,0.23943661971830985,0.10564967463116148
1221,892ab2cab83ffff,27,42.43866144436587,-83.2681843600698,1.1120839137073524,Berg-Lahser,08,Trojan St & Archer St,LARCENY,6,0.2222222222222222,0.10564832162622871
1222,892ab2c66d7ffff,149,42.4355649203165,-82.9606602350662,-0.05813106241991052,Regent Park,09,Maddelein St & Crusade St,ASSAULT,41,0.2751677852348993,0.10562381852551986
1223,892ab2c1b97ffff,58,42.4273884638923,-83.18389900405586,0.8288110589049894,Tri-Point,12,Margareta St & Ardmore St,DAMAGE TO PROPERTY,11,0.1896551724137931,0.10558809743597694
1224,892ab2c8d83ffff,91,42.41931030298159,-83.2788224511998,0.5279046957820301,The Eye,08,Woodbine St & Santa Maria St,ASSAULT,28,0.3076923076923077,0.10557394108894283
1225,892ab2c52a7ffff,49,42.37080726647439,-83.09210650235227,0.9098663237664311,Virginia Park Community,10,Woodrow Wilson St & Virginia Park St,DAMAGE TO PROPERTY,9,0.1836734693877551,0.10551338256228639
1226,892ab2c74afffff,82,42.4363657696941,-83.0023666046127,0.6088475239444906,Pulaski,09,Bradford St & Lappin St,ASSAULT,27,0.32926829268292684,0.10549047982233092
1227,892ab2c5027ffff,27,42.3660968345191,-83.0677531851818,1.109491556961181,Medbury Park,03,John R St & Harper Ave,LARCENY,7,0.25925925925925924,0.1054466635297194
1228,892ab2c0b67ffff,21,42.4030747255692,-83.11896836301258,1.1633794909712438,Pilgrim Village,10,Fenkell St & Rosa Parks Blvd,LARCENY,7,0.3333333333333333,0.10538527004152583
1229,892ab2cf5a7ffff,116,42.3969297156867,-83.1907038377066,0.2975280849190486,Hubbell-Lyndon,02,Marlowe St & Eaton St,ASSAULT,33,0.28448275862068967,0.10537518035050926
1230,892ab2cec5bffff,54,42.3573893458374,-83.13063304009762,0.8623193145592595,Midwest,10,Spokane St & Northfield St,ASSAULT,12,0.2222222222222222,0.10535914863793519
1231,892ab2c7503ffff,54,42.4242025770519,-82.9921446460969,0.8614488317416844,Von Steuben,09,E McNichols Rd & Westphalia St,BURGLARY,9,0.16666666666666666,0.10529143422775786
1232,892ab2c5373ffff,30,42.35483977821736,-83.0924120336256,1.0794909776130255,NW Goldberg,03,Stanley St & 16th St,ASSAULT,7,0.23333333333333334,0.10523958797345995
1233,892ab2c6e4fffff,135,42.3720017385923,-82.9465019526004,0.12259620092415713,Jefferson Chalmers,05,E Jefferson Ave & Newport St,FRAUD,24,0.17777777777777778,0.10523612823873287
1234,892ab2cee8bffff,107,42.3569275232768,-83.14516950742627,0.3772459367996227,Midwest,02,Mackenzie St & American St,ASSAULT,31,0.2897196261682243,0.10519642880965593
1235,892ab2ce9a7ffff,64,42.3112609003841,-83.0926092198056,0.768742806959408,Delray,04,W Fort St & Lansing St,FRAUD,15,0.234375,0.10516872717414283
1236,892ab2c0a63ffff,99,42.4208659286759,-83.1420889377796,0.44957380474228076,Bagley,12,Santa Clara St & Livernois Ave,LARCENY,21,0.21212121212121213,0.1051516989113826
1237,892ab2c520fffff,71,42.3714686416471,-83.107442565282,0.7046200140102434,Jamison,10,Hazelwood St & Linwood St,ASSAULT,15,0.2112676056338028,0.10514284094336832
1238,892ab2c1aabffff,111,42.4374240104359,-83.2097913005522,0.3396045947000165,Greenfield,08,Asbury Park & Saint Martins Ave,DAMAGE TO PROPERTY,22,0.1981981981981982,0.10510386694119478
1239,892ab2c73cbffff,24,42.4085550803802,-83.04150974430556,1.1320373749738115,Buffalo Charles,11,Dwyer St & Casmere St,DAMAGE TO PROPERTY,6,0.25,0.10507383704006126
1240,892ab2c19b3ffff,102,42.4278493107826,-83.1517544642142,0.4212086835868992,Bagley,12,Greenlawn St & Margareta St,ASSAULT,23,0.22549019607843138,0.10507184480585996
1241,892ab2c501bffff,96,42.3796187681726,-83.0790156988097,0.4757943255823264,North End,03,Gladstone St & King St,ASSAULT,21,0.21875,0.10506472566260588
1242,892ab2c624bffff,65,42.40910543154887,-82.99031002042307,0.7571198784361679,Eden Gardens,09,Rosemary Ave & Barrett St,ASSAULT,14,0.2153846153846154,0.10497347023692605
1243,892ab2cf693ffff,88,42.42429209926317,-83.2470753654297,0.5473329505453909,Holcomb Community,08,Pickford St & Braile St,ASSAULT,18,0.20454545454545456,0.1049586009593223
1244,892ab2cedb3ffff,28,42.3377477894361,-83.085594380276,1.093941449097461,North Corktown,03,18th St & Martin Luther King Jr Blvd,LARCENY,9,0.32142857142857145,0.10494591333366725
1245,892ab2c0ddbffff,88,42.4450152221213,-83.07895911394313,0.5467273422974451,Butler,11,Fleming St & E Winchester Ave,ASSAULT,33,0.375,0.10491149100553548
1246,892ab2c6097ffff,67,42.4165400033037,-82.93036551238606,0.737779529814987,Cornerstone Village,05,Hereford St & Berden St,ASSAULT,12,0.1791044776119403,0.10488676385199414
1247,892ab2c44b3ffff,84,42.3876573209201,-82.9707905753456,0.5824629421168581,Fox Creek,05,Conner St & E Canfield St,ASSAULT,17,0.20238095238095238,0.1048558061632657
1248,892ab2c6247ffff,71,42.4064615438597,-82.98235330008148,0.69984546860368,Wade,09,Elmdale St & Annsbury Ave,ASSAULT,27,0.38028169014084506,0.10477143151455157
1249,892ab2c5267ffff,89,42.3658902202437,-83.1106224267837,0.5347730535002715,Jamison,10,Wildemere St & Pingree St,ASSAULT,27,0.30337078651685395,0.10469045772322311
1250,892ab2cec97ffff,61,42.3601155022648,-83.1062560182353,0.7895598286146636,Wildemere Park,10,Lothrop St & Wildemere St,ASSAULT,18,0.29508196721311475,0.10466141850598232
1251,892ab2c614bffff,84,42.3947265468081,-82.9376029035271,0.579624157435346,Morningside,05,Buckingham Ave & Bremen St,ASSAULT,19,0.2261904761904762,0.10463497856454923
1252,892ab2ceecbffff,126,42.3566136056034,-83.1555783065691,0.19668451822972008,Barton-McFarland,02,Indiana St & Mackenzie St,ASSAULT,28,0.2222222222222222,0.10461945810187355
1253,892ab2c8d13ffff,63,42.41434808720639,-83.283627146939,0.768105904068824,The Eye,08,Winston St & W McNichols Rd,ASSAULT,13,0.20634920634920634,0.10441029813812769
1254,892ab2ce9abffff,109,42.3154333641099,-83.1020905081534,0.34883331269267265,Central Southwest,04,Campbell St & Eldred St,ASSAULT,27,0.24770642201834864,0.10440399478589879
1255,892ab2c75abffff,92,42.42375446432598,-82.9851521720018,0.5037403536088215,Mapleridge,09,Gratiot Ave & Young St,ASSAULT,15,0.16304347826086957,0.10440309404132803
1256,892ab2c0dcbffff,109,42.4425085529351,-83.0832104555812,0.34843234126744704,Nolan,11,E Remington St & Dequindre St,DAMAGE TO PROPERTY,23,0.21100917431192662,0.10437280342518618
1257,892ab2cc0afffff,87,42.3400272227012,-83.19845873899862,0.5487857359896856,Warren Ave Community,06,Montrose St & Whitlock St,ASSAULT,18,0.20689655172413793,0.10436272770292032
1258,892ab2c50cbffff,101,42.3843589339279,-83.0827558094333,0.42034843098977526,North End,03,Atkinson St & Woodward Ave,ASSAULT,24,0.2376237623762376,0.10429604151117335
1259,892ab2cc643ffff,101,42.36286236357127,-83.23963200555208,0.4199087444869442,Franklin Park,06,Westfield St & Heyden St,ASSAULT,34,0.33663366336633666,0.10426183852450777
1260,892ab2c6673ffff,109,42.42396688597479,-82.967594346819,0.34663594038744605,Mapleridge,09,Mayfield St & Queen St,DAMAGE TO PROPERTY,17,0.1559633027522936,0.10423306232567753
1261,892ab2cc40bffff,88,42.36438766551045,-83.20185128910515,0.5377220616703177,Joy Community,06,W Chicago St & Rutherford St,ASSAULT,24,0.2727272727272727,0.10421097486226907
1262,892ab2c7467ffff,73,42.4340962002179,-83.0178320664834,0.6743663204431978,Mount Olivet,11,Antwerp St & E 7 Mile Rd,FRAUD,41,0.5616438356164384,0.10420719107425633
1263,892ab2cf457ffff,97,42.4194191991121,-83.2330127296509,0.45511336636688904,Evergreen-Outer Drive,08,Grandville Ave & Santa Clara Ave,ASSAULT,25,0.25773195876288657,0.10416484918172135
1264,892ab2c713bffff,94,42.39756473915018,-83.0027764967239,0.4820766014346426,Airport Sub,05,Marcus Ave & Kresge St,FRAUD,40,0.425531914893617,0.1041356512903028
1265,892ab2c0d6fffff,73,42.4253474865776,-83.0825344665267,0.6733671361901727,Northeast Central District,11,Marx St & E Nevada St,ASSAULT,20,0.273972602739726,0.10412946504568227
1266,892ab2c6e47ffff,102,42.37333478738336,-82.94328007971832,0.4087724958050939,Riverbend,05,E Jefferson Ave & Chalmers St,ASSAULT,18,0.17647058823529413,0.10410444016156672
1267,892ab2ce137ffff,88,42.36260856510663,-83.1286587874564,0.5355816119171958,Midwest,10,S Martindale St & Beechwood St,ASSAULT,22,0.25,0.10404447037806726
1268,892ab2d5943ffff,94,42.4490542285599,-82.9635859198149,0.4807530200986777,Regent Park,09,Brock St & Carlisle St,ASSAULT,18,0.19148936170212766,0.10403269057967525
1269,892ab2cf423ffff,37,42.4101104289,-83.2198432132234,0.9981572049043606,North Rosedale Park,08,Florence St & Ashton Ave,OBSTRUCTING JUDICIARY,12,0.32432432432432434,0.10387486848893407
1270,892ab2c72d3ffff,92,42.427859684902,-83.0551660408193,0.4968888840678534,Krainz Woods,11,Healy St & Stockton St,ASSAULT,23,0.25,0.10387012175348084
1271,892ab2c5a97ffff,26,42.3270924144884,-83.063618609987,1.0981073975347668,Corktown,03,Abbott St & Trumbull St,DAMAGE TO PROPERTY,10,0.38461538461538464,0.10385221094142373
1272,892ab2ce5cfffff,137,42.3958128909159,-83.1306577807963,0.08654734728224418,Oakman Blvd Community,10,Doris St & Wildemere St,ASSAULT,30,0.21897810218978103,0.10384967585125976
1273,892ab2ce0cfffff,38,42.3916077734005,-83.1616487423096,0.9865969616487422,Northwest Community,02,Ilene St & Intervale St,LARCENY,11,0.2894736842105263,0.10368448780640968
1274,892ab2ceb07ffff,102,42.310232061701,-83.1368280664663,0.40272905580487306,Springwells,04,Sharon St & Woodmere St,ASSAULT,30,0.29411764705882354,0.10363432407564893
1275,892ab2c0d0bffff,106,42.4354375436659,-83.0781186475625,0.3653518645123764,Nolan,11,Emery St & Goddard St,ASSAULT,18,0.16981132075471697,0.10356231036246454
1276,892ab2cf46bffff,53,42.41336728368855,-83.2380829650944,0.8483332817065269,North Rosedale Park,08,Evergreen Rd & Grove St,ASSAULT,18,0.33962264150943394,0.10356229765548161
1277,892ab2cf13bffff,26,42.3767635243394,-83.21577334035175,1.0940675754086866,Plymouth-I96,06,Wadsworth St & Archdale St,LARCENY,5,0.19230769230769232,0.10353795525829498
1278,892ab2cc08fffff,91,42.34835019966707,-83.2026238187216,0.5015295860441676,Warren Ave Community,06,Diversey & Mansfield St,ASSAULT,25,0.27472527472527475,0.10352223488268227
1279,892ab2c722fffff,43,42.4066193004813,-83.0513828532323,0.938920188901425,Buffalo Charles,11,Eldridge Ave & Fenelon St,BURGLARY,8,0.18604651162790697,0.10352015964308432
1280,892ab2ca9d7ffff,27,42.44359650472094,-83.24546759068227,1.0843773910790706,Evergreen Lahser 7/8,08,Patton St & W 8 Mile Rd,ASSAULT,6,0.2222222222222222,0.10349304549675196
1281,892ab2c5853ffff,108,42.32837000257286,-83.0581644368135,0.3461278519765141,Corktown,03,5th St & Howard St,LARCENY,43,0.39814814814814814,0.10348465370170942
1282,892ab2c40c7ffff,54,42.3715906465522,-82.995091007846,0.8380816685315651,Gratiot Woods,07,Belvidere St & Mack Ave,ASSAULT,15,0.2777777777777778,0.10347371463313254
1283,892ab2cf673ffff,46,42.41019001014392,-83.2621628215587,0.910512014262077,Riverdale,08,Ulster St & Lamphere St,ASSAULT,11,0.2391304347826087,0.10343695642921169
1284,892ab2c41dbffff,118,42.3603015225297,-82.98268411612722,0.2542857831208275,East Village,07,E Jefferson Ave & Pennsylvania St,FRAUD,33,0.2796610169491525,0.10342915333478259
1285,892ab2c62b7ffff,60,42.4073248439964,-82.9573993856088,0.7828186638494495,Outer Drive-Hayes,09,Beaconsfield St & Harper Ave,LARCENY,13,0.21666666666666667,0.1034281420817556
1286,892ab2c1b8bffff,83,42.4270776067353,-83.19242488109501,0.5730506038001425,Winship,12,Margareta St & Lauder St,ASSAULT,16,0.1927710843373494,0.10341474052382493
1287,892ab2cc60bffff,115,42.3611596478804,-83.2323188276932,0.28098888208198336,Franklin Park,06,Westwood & Cathedral St,ASSAULT,33,0.28695652173913044,0.10337971958957298
1288,892ab2cc0cfffff,59,42.34814638805129,-83.2127866209898,0.7911693463064811,Warren Ave Community,06,Diversey & Clayburn St,ASSAULT,12,0.2033898305084746,0.10336885268232474
1289,892ab2c5e0fffff,28,42.33722300966657,-83.0679119950698,1.073559781429384,North Corktown,03,Brooklyn St & Temple St,FRAUD,10,0.35714285714285715,0.10336043390005928
1290,892ab2c19abffff,80,42.42421015786066,-83.1574508293835,0.5988828961362207,Bagley,12,Indiana St & Curtis St,STOLEN VEHICLE,22,0.275,0.10329756717961908
1291,892ab2cc2a7ffff,123,42.3360302007423,-83.2240781643927,0.20664028659336783,Warrendale,06,Brace St & Paul Dr,ASSAULT,47,0.3821138211382114,0.1032672581324962
1292,892ab2cf5afffff,56,42.39677350626884,-83.1960751937683,0.8166732468768699,Hubbell-Lyndon,02,Sussex St & Eaton St,ASSAULT,17,0.30357142857142855,0.10322613391175112
1293,892ab2ce37bffff,127,42.363591361191645,-83.1776445025633,0.16945443490238052,We Care Community,02,Westfield St & Schaefer Hwy,ASSAULT,40,0.31496062992125984,0.1032101286283946
1294,892ab2c0a5bffff,89,42.4315000806176,-83.148223800949,0.5154496789474636,Bagley,12,San Juan Dr & W 7 Mile Rd,STOLEN VEHICLE,17,0.19101123595505617,0.10318730236614869
1295,892ab2c537bffff,30,42.3533907142257,-83.09702441795,1.0525109943803193,NW Goldberg,03,Stanley St & Missouri St,AGGRAVATED ASSAULT,5,0.16666666666666666,0.10314082896947804
1296,892ab2c628fffff,112,42.410257871944495,-82.9674675314212,0.30508449786797515,Outer Drive-Hayes,09,Corbett Ave & Chalmers St,ASSAULT,22,0.19642857142857142,0.10312745107073114
1297,892ab2cf58fffff,52,42.4052646925734,-83.2002342398524,0.8508433089094944,Crary/St Marys,08,Keeler St & Winthrop St,ASSAULT,11,0.21153846153846154,0.10304866669112489
1298,892ab2cab87ffff,60,42.43529583679312,-83.2656205080389,0.7778632553630805,Berg-Lahser,08,Berg Rd & Frisbee St,ASSAULT,15,0.25,0.10304266340708512
1299,892ab2ce13bffff,114,42.366606532748875,-83.1350587597649,0.2857296965097487,Nardin Park,10,Grand River Ave & Dundee St,ASSAULT,30,0.2631578947368421,0.103039620414826
1300,892ab2c0b43ffff,47,42.4126472718105,-83.124101597906,0.8961270553649063,Martin Park,12,Baylis St & Florence St,ASSAULT,12,0.2553191489361702,0.10302684257134528
1301,892ab2c40b3ffff,40,42.3686759108596,-82.9816646198792,0.9598327322998241,East Village,05,Garland St & E Vernor Hwy,ASSAULT,7,0.175,0.10302028156213988
1302,892ab2c660fffff,101,42.4248170747501,-82.9651415099168,0.4038642251712964,Mapleridge,09,Brock St & Cedargrove St,ASSAULT,18,0.1782178217821782,0.1030137436280863
1303,892ab2c566fffff,67,42.384538267009326,-83.1045171580778,0.7135427099709777,Dexter-Linwood,10,Lawrence St & Rosa Parks Blvd,ASSAULT,18,0.26865671641791045,0.10300139411559496
1304,892ab2c1a77ffff,99,42.4336130327667,-83.2173598392521,0.42174899644516034,Greenfield,08,Vassar Ave & Archdale St,ASSAULT,27,0.2727272727272727,0.10298722140063087
1305,892ab2ce92bffff,67,42.3088024485896,-83.1085639637539,0.7128237940886734,Central Southwest,04,Army St & Casgrain St,ASSAULT,22,0.3283582089552239,0.10294547001927222
1306,892ab2cc597ffff,81,42.3539437893323,-83.1663221819806,0.5848882660465315,Aviation Sub,02,Belton St & Manor,ASSAULT,18,0.2222222222222222,0.10291781679871073
1307,892ab2c63b3ffff,62,42.392060656077994,-82.9393927649306,0.7573990701559207,Morningside,05,Chatsworth St & Windsor St,ASSAULT,15,0.24193548387096775,0.10286853435278073
1308,892ab2c44b7ffff,76,42.38583070056234,-82.96770954491075,0.629617109426737,Fox Creek,05,Waveney St & Conner St,ASSAULT,14,0.18421052631578946,0.10285282705442417
1309,892ab2ce553ffff,24,42.3945741643097,-83.1343942894654,1.1032849271265168,Oakman Blvd Community,10,Dexter Ave & Kendall St,STOLEN VEHICLE,4,0.16666666666666666,0.10283719892633267
1310,892ab2c1b7bffff,96,42.4176572492452,-83.2058599387475,0.4463869414282367,College Park,08,Mansfield St & Santa Maria St,DAMAGE TO PROPERTY,18,0.1875,0.10277714039079103
1311,892ab2c0917ffff,27,42.4149526002698,-83.0811219691103,1.0731740562544636,North Campau,11,Dequindre St & Modern St,DAMAGE TO PROPERTY,11,0.4074074074074074,0.10262154384921705
1312,892ab2c70b7ffff,76,42.4199125468633,-83.0064514265262,0.6259082716308354,Von Steuben,09,E McNichols Rd & Albion St,LARCENY,15,0.19736842105263158,0.10256431847191991
1313,892ab2ce50fffff,79,42.3889619728747,-83.1260516626733,0.5979157981006528,Dexter-Linwood,10,Wildemere St & Tyler St,ASSAULT,15,0.189873417721519,0.10251345243328944
1314,892ab2ce64fffff,85,42.4035943130939,-83.1889872881768,0.543083708210172,Belmont,02,Fenkell St & Hubbell St,ASSAULT,23,0.27058823529411763,0.10250140052168057
1315,892ab2ca92fffff,118,42.42442693656226,-83.24162908721793,0.2423294391909704,Holcomb Community,08,Pickford St & Kentfield St,ASSAULT,28,0.23728813559322035,0.1024990754966662
1316,892ab2cc06fffff,80,42.33610908635783,-83.2169086738514,0.5879704814440249,Warrendale,06,Ashton Ave & Paul Dr,ASSAULT,19,0.2375,0.10244869605939291
1317,892ab2c4627ffff,62,42.3734270875993,-83.00811524133401,0.7514110219482755,Pingree Park,07,Seminole St & E Canfield St,ASSAULT,20,0.3225806451612903,0.10240272716588678
1318,892ab2c5813ffff,34,42.3260988104555,-83.0457215727999,1.0053846809585214,Downtown,03,Civic Center Dr & Atwater Dr,FRAUD,7,0.20588235294117646,0.1023104360655688
1319,892ab2c464bffff,23,42.38561117102419,-83.0300327778084,1.1051539402647077,Airport Sub,07,Strong St & Concord St,DAMAGE TO PROPERTY,5,0.21739130434782608,0.10227370380792793
1320,892ab2ce667ffff,96,42.3972606602497,-83.17889771027663,0.43964923565819275,Bethune Community,02,Eaton St & Schaefer Hwy,ASSAULT,27,0.28125,0.10225301772810834
1321,892ab2c1d33ffff,55,42.44120646424207,-83.1491423167024,0.8124264406128474,Garden Homes,12,Woodingham Dr & Chippewa St,ASSAULT,15,0.2727272727272727,0.10218689235101493
1322,892ab2c1ab3ffff,121,42.4411604430629,-83.20169444572187,0.21085165635117725,Greenfield,08,Greenfield Rd & Trojan St,ASSAULT,24,0.19834710743801653,0.10217708904138774
1323,892ab2c5e63ffff,35,42.3343215988852,-83.0736696471869,0.9922168130086467,North Corktown,03,Pine St & Rosa Parks Blvd,STOLEN VEHICLE,11,0.3142857142857143,0.10199499908582609
1324,892ab2c6103ffff,34,42.3944744220211,-82.92349531914581,1.0009034032252369,East English Village,05,Mack Ave & Grayton St,LARCENY,7,0.20588235294117646,0.10196183977805617
1325,892ab2cf6b7ffff,102,42.4149923238311,-83.2399990212594,0.38102497980491523,Holcomb Community,08,W McNichols Rd & Vaughan St,ASSAULT,18,0.17647058823529413,0.10194597517879715
1326,892ab2ca94bffff,65,42.43634764956247,-83.2611120885154,0.7173754927561425,Berg-Lahser,08,Pembroke Ave & Houghton St,AGGRAVATED ASSAULT,14,0.2153846153846154,0.10188177493881465
1327,892ab2c4227ffff,26,42.3546969860386,-83.018379611085,1.0724240770787279,McDougall-Hunt,07,E Vernor Hwy & Burlage Pl,FRAUD,10,0.38461538461538464,0.10185431866720168
1328,892ab2c5157ffff,61,42.3629285948826,-83.0619581157462,0.7529139255439066,Cultural Center,03,Beaubien St & E Kirby St,DAMAGE TO PROPERTY,13,0.21311475409836064,0.10181075257467201
1329,892ab2c71d7ffff,82,42.41263774905842,-83.0028609682351,0.5613898075207422,Gratiot-Findlay,09,Christy St & Algonac St,ASSAULT,21,0.25609756097560976,0.10179876849717268
1330,892ab2c1947ffff,78,42.4239662890813,-83.17388189451859,0.5954864079952137,Schulze,12,Curtis St & Steel St,ASSAULT,15,0.19230769230769232,0.10161558673976226
1331,892ab2ce597ffff,90,42.3978687925122,-83.1137738443371,0.48537683820852595,Oakman Blvd Community,10,W Grand St & Rosa Parks Blvd,ASSAULT,21,0.23333333333333334,0.1015568362573254
1332,892ab2cf513ffff,97,42.4031769174793,-83.204251065497,0.42057327552752477,Crary/St Marys,08,Keeler St & Rutherford St,ASSAULT,23,0.23711340206185566,0.10147799329963202
1333,892ab2c6343ffff,69,42.3916275423849,-82.9649519588553,0.673678374954851,Fox Creek,05,Lenox St & E Forest Ave,ASSAULT,17,0.2463768115942029,0.10131813739657028
1334,892ab2ce657ffff,129,42.4074158634336,-83.18357867631649,0.12687359831126213,Bethune Community,02,Pilgrim St & Stansbury St,ASSAULT,32,0.24806201550387597,0.10131555665054746
1335,892ab2c5c0fffff,80,42.3394966059003,-83.0382779737531,0.5731120225469029,Lafayette Park,07,Lafayette Plaisance St & Rivard St,LARCENY,23,0.2875,0.10129286419223939
1336,892ab2ce90bffff,96,42.315566115254,-83.111464620769,0.4271863070306146,Central Southwest,04,W Vernor Hwy & Infantry St,FRAUD,70,0.7291666666666666,0.101283532927191
1337,892ab2cf443ffff,96,42.4193191253222,-83.2373157580738,0.4265217762531019,Evergreen-Outer Drive,08,Plainview Ave & Santa Clara Ave,ASSAULT,23,0.23958333333333334,0.10123183942016772
1338,892ab2cf4c7ffff,92,42.4247351345766,-83.22737811724376,0.46287659615647536,Evergreen-Outer Drive,08,Pickford St & Avon Ave,ASSAULT,30,0.32608695652173914,0.10122432338939975
1339,892ab2ce46bffff,77,42.4002737034611,-83.1574989277948,0.5994347149191568,Chalfonte,10,Chalfonte St & Indiana St,ASSAULT,20,0.2597402597402597,0.10121383881434617
1340,892ab2c462fffff,53,42.3731689166331,-83.011581655917,0.8180579635938512,Gratiot-Grand,07,Van Dyke St & Manila St,ASSAULT,20,0.37735849056603776,0.1012071962479178
1341,892ab2c508bffff,51,42.3829502414508,-83.0711439140452,0.8357587601984214,North End,03,Alger St & Oakland St,DAMAGE TO PROPERTY,10,0.19607843137254902,0.1011663627256645
1342,892ab2c70c7ffff,42,42.4267415137768,-83.02397760247821,0.917137680027403,Mount Olivet,11,Van Dyke St & Varjo St,AGGRAVATED ASSAULT,9,0.21428571428571427,0.10111682480525258
1343,892ab2cf15bffff,47,42.38639223674738,-83.23085271421911,0.8708047190329613,Westwood Park,08,Schoolcraft St & Grandville Ave,ASSAULT,7,0.14893617021276595,0.10105703106626984
1344,892ab2c5c73ffff,32,42.340035929436915,-83.041482389419,1.0072250508133151,Downtown,03,S I  375 Service Drive & Gratiot Ave,LARCENY,10,0.3125,0.10103582811280595
1345,892ab2c6643ffff,61,42.4297876322612,-82.9725671390709,0.742251435135358,Mapleridge,09,Park Grove St & Celestine St,ASSAULT,8,0.13114754098360656,0.10098132293578756
1346,892ab2cf0afffff,56,42.3937252814294,-83.2262340172673,0.7875962503012507,Rosedale Park,08,Lyndon St & Glastonbury Ave,STOLEN VEHICLE,12,0.21428571428571427,0.10096424931955264
1347,892ab2c522bffff,50,42.36510082649654,-83.10645876867844,0.8420807848215914,Wildemere Park,10,Vicksburg St & Lawton St,ASSAULT,11,0.22,0.10094926507787069
1348,892ab2c192fffff,124,42.4144026723178,-83.16127894673421,0.16649145242705676,Fitzgerald/Marygrove,12,Marygrove Dr & Wyoming St,ASSAULT,32,0.25806451612903225,0.10085298568297335
1349,892ab2c5293ffff,87,42.38344019773632,-83.09753054867218,0.5026560809284123,Gateway Community,10,Byron St & Glynn Ct,LARCENY,33,0.3793103448275862,0.10077432558734514
1350,892ab2c762fffff,42,42.42641027243062,-83.0399995713367,0.9119154488765976,Grant,11,Saint Louis St & E Nevada St,ASSAULT,8,0.19047619047619047,0.10071059013289957
1351,892ab2ceabbffff,76,42.331616295466674,-83.1497099313991,0.6017946888518008,Claytown,04,Henderson St & Trenton St,ASSAULT,15,0.19736842105263158,0.10068853528335173
1352,892ab2cf66fffff,92,42.4056888287486,-83.2657490618083,0.4552161933268586,Brightmoor,08,Pilgrim St & Beaverland St,ASSAULT,22,0.2391304347826087,0.10062842459753923
1353,892ab2ce273ffff,88,42.38231135113629,-83.1923332077138,0.4899217515812165,Schoolcraft Southfield,02,Robson St & Glendale St,DAMAGE TO PROPERTY,15,0.17045454545454544,0.10049261335228066
1354,892ab2cc233ffff,110,42.33589734977642,-83.2326381859192,0.2891090202210233,Warrendale,06,Minock St & Paul Dr,ASSAULT,26,0.23636363636363636,0.10046695751398728
1355,892ab2cf40bffff,63,42.4188402046638,-83.2304973173821,0.7168562076994756,Evergreen-Outer Drive,08,Shaftsbury Ave & W Outer Dr,DAMAGE TO PROPERTY,12,0.19047619047619047,0.1004236106454491
1356,892ab2cf53bffff,57,42.3958422465501,-83.2050660538604,0.7712102740310686,Grand River-St Marys,08,Grand River Ave & Saint Marys St,ASSAULT,9,0.15789473684210525,0.10039847735054105
1357,892ab2c405bffff,46,42.3703916959217,-83.00904401821927,0.871238319782693,Gratiot-Grand,07,Ruedisale Ct & Van Dyke St,DAMAGE TO PROPERTY,9,0.1956521739130435,0.10038187595724457
1358,892ab2cebbbffff,126,42.3136164568269,-83.1297797301176,0.14219075045155768,Springwells,04,Carson St & Pitt St,ASSAULT,35,0.2777777777777778,0.10038041596463924
1359,892ab2cf557ffff,65,42.40302738244693,-83.2127557536164,0.6980560366507438,Crary/St Marys,08,Keeler St & Lindsay St,STOLEN VEHICLE,19,0.2923076923076923,0.10037892439574664
1360,892ab2cee33ffff,107,42.3458555555136,-83.140559066241,0.3152510179427677,Midwest,02,Wykes St & Majestic St,ASSAULT,24,0.22429906542056074,0.10037387599226857
1361,892ab2ceda3ffff,60,42.3346819903025,-83.0838301752967,0.7435331529746578,North Corktown,03,Butternut St & 18th St,LARCENY,23,0.38333333333333336,0.10037214241847384
1362,892ab2c1b3bffff,90,42.41628428734376,-83.193273123841,0.4693765192114339,Winship,12,Coyle St & W McNichols Rd,FRAUD,34,0.37777777777777777,0.10031217968092614
1363,892ab2cf2a3ffff,69,42.3930908314572,-83.2565619162626,0.659147049590269,Brightmoor,06,Lyndon St & W Outer Dr,ASSAULT,16,0.2318840579710145,0.10018775307847566
1364,892ab2c5207ffff,87,42.372521267787,-83.1039966020434,0.4947102929711941,Virginia Park Community,10,Hazelwood St & La Salle Blvd,ASSAULT,19,0.21839080459770116,0.1001562268333501
1365,892ab2c190fffff,98,42.422285699444,-83.1649535659357,0.39423725367577345,Schulze,12,Thatcher St & Birwood St,ASSAULT,31,0.3163265306122449,0.10013821240799686
1366,892ab2c656bffff,125,42.407864384476,-82.9249298786468,0.14678310393678393,Cornerstone Village,05,E Warren Ave & Neff Ave,FRAUD,53,0.424,0.10002876808961304
1367,892ab2cf283ffff,68,42.402076245583125,-83.2605157141841,0.6660776824308581,Brightmoor,08,Lamphere St & Keeler St,ASSAULT,12,0.17647058823529413,0.10001799875054934
1368,892ab2cecc7ffff,84,42.35886214139928,-83.1182749066471,0.5197050081653579,Midwest,10,Firwood St & Pacific St,ASSAULT,23,0.27380952380952384,0.09997389879453379
1369,892ab2c46d7ffff,47,42.3914593338917,-83.01250754507063,0.8565759763270507,Airport Sub,07,Rohns St & Harper Ave,STOLEN VEHICLE,19,0.40425531914893614,0.09995018449739686
1370,892ab2c1803ffff,70,42.4427439841951,-83.1844763960086,0.64681832236631,Schaefer 7/8 Lodge,12,Stansbury St & Chippewa St,ASSAULT,16,0.22857142857142856,0.09993759242373779
1371,892ab2ce4b7ffff,70,42.4065372780392,-83.12751117442772,0.6462657212898881,Pilgrim Village,12,Pilgrim St & Linwood St,ASSAULT,12,0.17142857142857143,0.09989460587053102
1372,892ab2c71b3ffff,48,42.4053695568521,-82.9922063570457,0.8454427552191038,Wade,09,Wilshire Dr & Gunston Ave,ASSAULT,15,0.3125,0.0997930216478709
1373,892ab2ce93bffff,72,42.3116639829614,-83.1061953913472,0.6262568625189233,Central Southwest,04,Dragoon St & Regular St,ASSAULT,19,0.2638888888888889,0.09975589642525579
1374,892ab2c62a7ffff,92,42.4039172508546,-82.9579224573067,0.4439662853784383,Morningside,05,Wayburn St & Linville St,ASSAULT,28,0.30434782608695654,0.09975330005068286
1375,892ab2cc92fffff,67,42.2625686612941,-83.1570444926093,0.6716292869016078,Boynton,04,S Ethel St & Gleason St,ASSAULT,12,0.1791044776119403,0.09974097051577943
1376,892ab2cf407ffff,63,42.4154821358758,-83.2228120358993,0.7080741464496486,Evergreen-Outer Drive,08,Greenview Ave & W McNichols Rd,ASSAULT,9,0.14285714285714285,0.09974045862260975
1377,892ab2c6037ffff,100,42.4028312337525,-82.9341238397281,0.37020482609495375,East English Village,05,Cornwall St & E Outer Dr,DAMAGE TO PROPERTY,19,0.19,0.0996865116166934
1378,892ab2cf3cbffff,69,42.38591486789319,-83.25506707448024,0.6520633169501896,Brightmoor,06,Schoolcraft St & Greydale St,ASSAULT,18,0.2608695652173913,0.09963671316373826
1379,892ab2c5013ffff,61,42.38096658078586,-83.0733179667439,0.7247519819634715,North End,03,Alger St & Beaubien St,LARCENY,20,0.32786885245901637,0.09962004948381839
1380,892ab2c09d7ffff,54,42.423734159820796,-83.0848295883751,0.7880539959061315,Cadillac Heights,11,Minnesota St & Marx St,ASSAULT,16,0.2962962962962963,0.09958208773828678
1381,892ab2c1acfffff,64,42.4441312249758,-83.2224833167843,0.6967741242343397,O'Hair Park,08,Rosemont Ave & W 8 Mile Rd,LARCENY,12,0.1875,0.09957032040082614
1382,892ab2ce54fffff,122,42.3896593283241,-83.1364452537867,0.16802799433907847,Oakman Blvd Community,10,W Grand St & Petoskey Ave,ASSAULT,34,0.2786885245901639,0.09955474311097989
1383,892ab2c655bffff,81,42.41739302101652,-82.92670625012259,0.5411584023933701,Cornerstone Village,05,Farmbrook St & Berden St,ASSAULT,21,0.25925925925925924,0.09951609322114692
1384,892ab2ce07bffff,61,42.38346577229312,-83.1663955212998,0.7230996330726572,Grand River-I96,02,W Buena Vista St & Manor,ASSAULT,15,0.2459016393442623,0.09949151411437784
1385,892ab2c7647ffff,94,42.4359624005402,-83.0516336997067,0.42233076606792447,Farwell,11,Moenart St & Emery St,LARCENY,18,0.19148936170212766,0.09948805351958535
1386,892ab2c1887ffff,29,42.4453500959844,-83.1745271183867,1.0139629478498937,Blackstone Park,12,Sorrento St & W 8 Mile Rd,FRAUD,8,0.27586206896551724,0.0994333115897417
1387,892ab2c7693ffff,37,42.4479342891602,-83.0345268579383,0.9410088685604436,Sherwood,11,Sherwood St & E 8 Mile Rd,DAMAGE TO PROPERTY,7,0.1891891891891892,0.09942932882977727
1388,892ab2c5cb3ffff,78,42.3458018716768,-83.0234573905583,0.5669315289643405,Elmwood Park,07,Campau Farms Cir & Robert Bradby Dr,LARCENY,24,0.3076923076923077,0.09939431740253712
1389,892ab2c1d77ffff,76,42.438592794809935,-83.1579658496369,0.584900910308635,Garden Homes,12,Wisconsin St & Chippewa St,ASSAULT,19,0.25,0.0993743769488957
1390,892ab2c750fffff,35,42.4219865619023,-82.9923571074944,0.95785588163437,Gratiot-Findlay,09,Waltham St & Nashville St,ASSAULT,11,0.3142857142857143,0.09932207992627871
1391,892ab2c1bc7ffff,88,42.42688564374659,-83.1972807557497,0.47486943394607833,Winship,12,Margareta St & Whitcomb St,ASSAULT,22,0.25,0.09932170131371254
1392,892ab2ce0d7ffff,63,42.3952877909238,-83.1552263369324,0.7017818166807064,Chalfonte,10,Indiana St & Lyndon St,DAMAGE TO PROPERTY,14,0.2222222222222222,0.09925098152973366
1393,892ab2cc073ffff,73,42.33980048130196,-83.2133409269099,0.6103221879566353,Warren Ave Community,06,Whitlock St & Archdale St,LARCENY,11,0.1506849315068493,0.0992252309837311
1394,892ab2c4457ffff,66,42.3894325190238,-82.99112903357158,0.6740384264841296,West End,05,Springfield St & Shoemaker St,LARCENY,12,0.18181818181818182,0.09921949155537416
1395,892ab2c7623ffff,27,42.4300547204432,-83.0387881576295,1.0286664150643006,Grant,11,E Hildale St & Mount Elliott St,DAMAGE TO PROPERTY,5,0.18518518518518517,0.0991593173575188
1396,892ab2c5c8fffff,71,42.347726585037,-83.0290254781578,0.6276283726351553,Elmwood Park,07,Chene St & Antietam Ave,LARCENY,18,0.2535211267605634,0.09915370080293158
1397,892ab2cf483ffff,76,42.42487278333277,-83.21913052467127,0.5811512964653586,College Park,08,Pickford St & Ashton Ave,ASSAULT,24,0.3157894736842105,0.09908269641866127
1398,892ab2c4283ffff,29,42.3694060254541,-83.0164118721728,1.0085085994721512,Gratiot-Grand,07,E Grand Blvd & E Canfield St,ASSAULT,8,0.27586206896551724,0.09900902063781981
1399,892ab2cf49bffff,59,42.42771163137089,-83.221643766593,0.733775059674071,Evergreen-Outer Drive,08,Rosemont Ave & Clarita St,ASSAULT,13,0.22033898305084745,0.09890418067686307
1400,892ab2ce307ffff,116,42.3639171525708,-83.1642525769896,0.21319137254500467,Barton-McFarland,02,Westfield St & Mendota St,ASSAULT,27,0.23275862068965517,0.0988146709189583
1401,892ab2c5003ffff,26,42.377613817238554,-83.07548019907827,1.0329322900333453,North End,03,John R St & E Euclid St,ASSAULT,7,0.2692307692307692,0.09878227288681894
1402,892ab2cf06bffff,68,42.391894437970876,-83.2467996043325,0.6498885775022579,Brightmoor,06,Burt Rd & Burt Ct,ASSAULT,19,0.27941176470588236,0.09875865661374184
1403,892ab2cc46fffff,56,42.354366678947756,-83.20661351756422,0.7591427319769987,Garden View,06,Constance St & Asbury Park,ASSAULT,16,0.2857142857142857,0.09875086477950606
1404,892ab21b44fffff,17,42.2975615448835,-83.1015928670368,1.1143806296688739,Delray,04,S Rademacher St & W Jefferson Ave,OBSTRUCTING THE POLICE,4,0.23529411764705882,0.09873813509741484
1405,892ab2cf1cbffff,51,42.3889116307427,-83.22607955864116,0.8040086444827739,Grandmont #1,08,Artesian St & Kendall St,ASSAULT,11,0.21568627450980393,0.09869653757192223
1406,892ab2cc637ffff,111,42.35428544661757,-83.2187678614587,0.25667784740648897,Warrendale,06,Constance St & Rosemont Ave,ASSAULT,32,0.2882882882882883,0.098653037967282
1407,892ab2c76afffff,57,42.4338034161334,-83.0328296313871,0.7482103266518932,Nortown,11,E 7 Mile Rd & Concord St,DAMAGE TO PROPERTY,12,0.21052631578947367,0.09860932328632957
1408,892ab2c505bffff,55,42.38237667145009,-83.0889119992216,0.765021034987785,Boston Edison,10,Edison St & 3rd St,ASSAULT,11,0.2,0.09849925025595221
1409,892ab2ce10bffff,85,42.3700420867369,-83.14132783095559,0.4906506529410408,Oakman Blvd Community,10,Grand River Ave & Monica St,ASSAULT,17,0.2,0.09842266014948607
1410,892ab2cf0b3ffff,57,42.4009740333701,-83.2240117174823,0.7456274268300132,Rosedale Park,08,Fenkell St & Greenview Rd,FRAUD,11,0.19298245614035087,0.09840840083909162
1411,892ab2cf163ffff,29,42.374269089327015,-83.2253827956311,1.00021128022842,Southfield Plymouth,06,Stahelin Ave & Wadsworth St,AGGRAVATED ASSAULT,6,0.20689655172413793,0.09836357644604644
1412,892ab2c44dbffff,103,42.3972078902231,-82.9898647112328,0.32479153427588614,Ravendale,09,Harper Ave & Conner St,ASSAULT,26,0.2524271844660194,0.0982804890931542
1413,892ab2c654bffff,71,42.414419497363504,-82.9279506981961,0.6156277623380283,Cornerstone Village,05,Neff Ave & Linville St,ASSAULT,17,0.23943661971830985,0.09822017950689753
1414,892ab2c0dc3ffff,68,42.4425870762195,-83.077573769175,0.6418896161183127,Butler,11,E Remington St & Goddard St,LARCENY,12,0.17647058823529413,0.0981364215262601
1415,892ab2ce40bffff,93,42.4074899244171,-83.1485522165244,0.4137699711854879,Fitzgerald/Marygrove,12,Woodingham Dr & Pilgrim St,ASSAULT,31,0.3333333333333333,0.09811322900544701
1416,892ab2c5cd3ffff,16,42.3542864059071,-83.03951464095691,1.1154085304150412,Forest Park,07,Mack Ave & Dequindre St,LARCENY,8,0.5,0.0981092102791139
1417,892ab2cc6abffff,117,42.35952617208938,-83.22132963915391,0.1947394243161165,Franklin Park,06,Dover St & Faust Ave,LARCENY,29,0.24786324786324787,0.09808818805502471
1418,892ab2c6603ffff,94,42.4272155762042,-82.9627958995486,0.4041737049983414,Mapleridge,09,Brock St & Troester St,ASSAULT,19,0.20212765957446807,0.09807562508784928
1419,892ab2cee43ffff,51,42.35175639453807,-83.15753471140083,0.7956954398772607,Aviation Sub,02,Tireman Ave & Wyoming St,FRAUD,24,0.47058823529411764,0.09804985766603504
1420,892ab2c7633ffff,33,42.4336899349584,-83.037782408688,0.9586351924345208,Grant,11,Mount Elliott St & E 7 Mile Rd,ASSAULT,6,0.18181818181818182,0.0979649327359826
1421,892ab2c626bffff,64,42.40098233142457,-82.98426977212756,0.6751993648906044,Ravendale,09,Evanston St & Norcross St,SEX OFFENSES,12,0.1875,0.09789203098007822
1422,892ab2c1b2bffff,83,42.4142219708137,-83.1955178333652,0.500385165982951,Hubbell-Puritan,02,Coyle St & Grove St,ASSAULT,18,0.21686746987951808,0.09776213353064336
1423,892ab2c7543ffff,106,42.427236048807,-83.0043099278,0.2907382657357819,Von Steuben,09,Hoover St & Greiner St,ASSAULT,23,0.2169811320754717,0.09775815693133719
1424,892ab2c1b4bffff,68,42.4229426820589,-83.2112696597361,0.6369586348846653,College Park,08,Curtis St & Biltmore St,BURGLARY,13,0.19117647058823528,0.09775284303500152
1425,892ab2c54c3ffff,18,42.4053796011044,-83.0688058704362,1.0919249183024653,Campau/Banglatown,11,Carpenter St & Goddard St,ASSAULT,3,0.16666666666666666,0.09770020156050621
1426,892ab2ce6d7ffff,73,42.4119018743377,-83.1742042458927,0.5891862024888421,Harmony Village,12,Ward St & Florence St,ASSAULT,14,0.1917808219178082,0.09758107355687298
1427,892ab2c09c7ffff,27,42.42013185030908,-83.085980168003,1.0080776453380447,Cadillac Heights,11,Greeley St & Stender Ave,STOLEN VEHICLE,7,0.25925925925925924,0.09755772756143964
1428,892ab2cf67bffff,34,42.411120798699,-83.2646242677237,0.9440883291325344,Riverdale,08,Bramell St & Verne St,LARCENY,7,0.20588235294117646,0.09754222441782834
1429,892ab2ced17ffff,28,42.3371544936854,-83.0929546386999,0.998450448070849,Chadsey Condon,03,Tillman St & Magnolia St,ASSAULT,7,0.25,0.09751771753105096
1430,892ab2cc2dbffff,113,42.3519298453192,-83.2453815385897,0.2233691846032744,Warrendale,06,Pierson St & Belton Ave,ASSAULT,25,0.22123893805309736,0.09747974361425778
1431,892ab2c1a0bffff,78,42.43898855457459,-83.21952010315609,0.5416184907937577,Greenfield,08,Fargo St & Fenmore St,ASSAULT,19,0.24358974358974358,0.0974252291966465
1432,892ab2cf56fffff,31,42.3915530042134,-83.21479079912,0.969644141902926,Grandmont,08,Acacia St & Longacre St,ASSAULT,10,0.3225806451612903,0.09740354387056394
1433,892ab2c0bc3ffff,21,42.420212948317776,-83.1181997735128,1.0598045211055063,Palmer Park,12,Pontchartrain Blvd & Whitmore Rd,BURGLARY,5,0.23809523809523808,0.09732822646525872
1434,892ab2c5a47ffff,66,42.3188135730509,-83.08557810737935,0.6496718594467055,Mexicantown,04,Vinewood St & Porter St,ASSAULT,14,0.21212121212121213,0.09732402885160463
1435,892ab2cf037ffff,34,42.3912566050497,-83.22858070044931,0.9410892492276048,Grandmont #1,08,Warwick St & Acacia St,STOLEN VEHICLE,9,0.2647058823529412,0.09730892753621642
1436,892ab2c6017ffff,87,42.41066851544775,-82.9384149991783,0.457574201703797,East English Village,05,Kensington Ave & Linville St,ASSAULT,19,0.21839080459770116,0.09726742941461555
1437,892ab2c76d7ffff,17,42.446261343806725,-83.0440472254611,1.0951287087492874,Farwell,11,Hamlet St & Mound Rd,FRAUD,7,0.4117647058823529,0.09724053808167805
1438,892ab2c55b7ffff,22,42.379584348309855,-83.0272641135802,1.0482899594521862,Gratiot Town/Kettering,07,Medbury St & Concord St,ASSAULT,4,0.18181818181818182,0.09714139933105614
1439,892ab2c71a3ffff,70,42.4025309689705,-82.9904191734376,0.6108615871215215,Wade,09,Elmdale St & Gunston Ave,ASSAULT,16,0.22857142857142856,0.0971405365027648
1440,892ab2c62cbffff,42,42.4148332566681,-82.9810349662014,0.8655006492736904,Eden Gardens,09,Kilbourne Ave & Dickerson St,BURGLARY,9,0.21428571428571427,0.09710000677024841
1441,892ab2c60c7ffff,44,42.4157037195436,-82.9435360099719,0.8469108114297209,Yorkshire Woods,09,Yorkshire Rd & King Richard St,AGGRAVATED ASSAULT,9,0.20454545454545456,0.09707168223224621
1442,892ab2c1997ffff,25,42.4314224055288,-83.15309181268769,1.0194721848706565,Bagley,12,Roselawn St & S Cambridge Ave,DAMAGE TO PROPERTY,6,0.24,0.09702633354857962
1443,892ab2c457bffff,72,42.365936826991,-82.9728313829899,0.5907433028274072,East Village,05,E Jefferson Ave & Lillibridge St,LARCENY,23,0.3194444444444444,0.09699331490238575
1444,892ab2cf42fffff,43,42.4082295855775,-83.2238819209536,0.8536340512265007,North Rosedale Park,08,Puritan St & Greenview Ave,DAMAGE TO PROPERTY,10,0.23255813953488372,0.09688579490622631
1445,892ab2ce1d3ffff,106,42.381165850757846,-83.13984141397842,0.2791560753689796,Oakman Blvd Community,10,Fullerton St & Stoepel St,LARCENY,23,0.2169811320754717,0.09685718430624336
1446,892ab2c6237ffff,46,42.3999915473474,-82.96419624084,0.8256962346027218,Chandler Park,05,Lakewood St & Chandler Park Dr,ASSAULT,15,0.32608695652173914,0.09683918060020275
1447,892ab2c7233ffff,59,42.4118077499229,-83.0475042394249,0.7069786346656423,Buffalo Charles,11,Charles St & Caldwell St,ASSAULT,13,0.22033898305084745,0.09681970057263567
1448,892ab2c71bbffff,22,42.4039648271515,-82.9962680416445,1.0432869189546556,Wade,09,Wilshire Dr & Conner St,AGGRAVATED ASSAULT,6,0.2727272727272727,0.0967522153867626
1449,892ab2ce6a3ffff,107,42.4041709064951,-83.1652323306927,0.2684375201712217,Bethune Community,12,Griggs St & Keeler Ave,ASSAULT,21,0.19626168224299065,0.0967322781043642
1450,892ab2cf61bffff,103,42.4177875112285,-83.2585089219505,0.3046691861917993,Holcomb Community,08,Lahser Rd & Willmarth Ave,FRAUD,20,0.1941747572815534,0.0967151819964641
1451,892ab2cf563ffff,61,42.3956332742714,-83.2149200417532,0.686831588544515,Grandmont,08,Monnier Rd & Longacre St,LARCENY,11,0.18032786885245902,0.0966702416045424
1452,892ab2c729bffff,85,42.4261834751344,-83.0489250760389,0.4680648157162547,Krainz Woods,11,Bloom St & E Nevada St,ASSAULT,18,0.21176470588235294,0.09666571950096386
1453,892ab2c5297ffff,45,42.381104923443,-83.0939138801762,0.8324156923504293,Boston Edison,10,Byron St & Edison St,LARCENY,13,0.28888888888888886,0.09665299907053285
1454,892ab2c198fffff,100,42.4278096969151,-83.1587286329893,0.330856344563957,Bagley,12,Indiana St & Clarita St,ASSAULT,20,0.2,0.09662561349848833
1455,892ab2c525bffff,107,42.3783825017585,-83.11891340427118,0.26700790209830205,Dexter-Linwood,10,Wildemere St & Calvert St,ASSAULT,26,0.24299065420560748,0.09662106885056607
1456,892ab2ce03bffff,16,42.3837845127365,-83.1539929911692,1.0948978207210418,Littlefield Community,02,Cherrylawn St & W Buena Vista St,BURGLARY,5,0.3125,0.09651369273275173
1457,892ab2cf0cbffff,74,42.4059568899284,-83.245089206455,0.5660440189450698,Brightmoor,08,Burt Rd & Pilgrim St,ASSAULT,17,0.22972972972972974,0.09648973970274405
1458,892ab2c62c3ffff,107,42.4148762967466,-82.9770498578304,0.2650870644963898,Eden Gardens,09,Rosemary Ave & Coplin St,ASSAULT,21,0.19626168224299065,0.09647164788253103
1459,892ab2c6363ffff,33,42.3848978128286,-82.9608119644775,0.9388626891432923,Fox Creek,05,Lenox St & Mack Ave,ASSAULT,8,0.24242424242424243,0.09642683988559779
1460,892ab2c5c53ffff,62,42.3480826965576,-83.0476367445723,0.6733217551779554,Brewster Homes,03,Watson St & East Ave,LARCENY,14,0.22580645161290322,0.09632820331110993
1461,892ab2c4607ffff,39,42.37997112385231,-83.0104553510073,0.8826015442352922,Pingree Park,07,Iroquois St & Moffat St,ASSAULT,8,0.20512820512820512,0.09630362251998047
1462,892ab2c7043ffff,16,42.423405211364,-83.0336045931891,1.0920930460548555,Grant,11,Sherwood St & E Davison St,DAMAGE TO PROPERTY,4,0.25,0.09629551075561607
1463,892ab2c504bffff,35,42.3787665061751,-83.0902094762497,0.9189192438152556,Virginia Park Community,10,Taylor St & Hamilton,DAMAGE TO PROPERTY,10,0.2857142857142857,0.09629321891836728
1464,892ab2c6273ffff,93,42.4039024716613,-82.9802725493396,0.38944050393896634,Wade,09,Annsbury Ave & Maiden St,DAMAGE TO PROPERTY,23,0.24731182795698925,0.09622065227530952
1465,892ab2c727bffff,70,42.4148650964108,-83.0634168317303,0.5985237848987764,Campau/Banglatown,11,Newbern St & E Davison St,AGGRAVATED ASSAULT,12,0.17142857142857143,0.09618078522045326
1466,892ab2c7597ffff,91,42.4314027040181,-82.9806473394312,0.4054682711881333,Franklin,09,Gratiot Ave & Glenwood St,ASSAULT,19,0.2087912087912088,0.0960496746609234
1467,892ab2ce96fffff,22,42.3075669056093,-83.1167429834685,1.0326864255706867,Central Southwest,04,N Green St & Rowan St,ASSAULT,5,0.22727272727272727,0.09592760846449863
1468,892ab2cc6c7ffff,74,42.3672607052936,-83.2287739734328,0.5566089254514147,Franklin Park,06,Orangelawn St & Warwick St,ASSAULT,21,0.28378378378378377,0.09575578863789627
1469,892ab2c7593ffff,116,42.4331443580094,-82.9826260824617,0.17342950344396826,Franklin,09,Reno St & Fordham St,ASSAULT,28,0.2413793103448276,0.09572161559452846
1470,892ab2c62b3ffff,114,42.40868384093816,-82.9594552417502,0.1915801838244078,Outer Drive-Hayes,09,Evanston St & Wayburn St,ASSAULT,31,0.2719298245614035,0.09571577829955992
1471,892ab2cc633ffff,135,42.3559639714285,-83.222531681634,-0.15677869200967312,Warrendale,06,Joy Rd & Greenview Ave,ASSAULT,24,0.17777777777777778,0.09569943289224953
1472,892ab2c42c3ffff,16,42.3710061858669,-83.02962585544715,1.0841514085981305,Poletown East,07,Ellery St & Farnsworth St,ASSAULT,4,0.25,0.09567773486691737
1473,892ab2c7077ffff,26,42.4162744457956,-83.0266459721971,0.9917636500869083,Airport Sub,11,Dobel St & Eldon St,ASSAULT,13,0.5,0.09557978558265591
1474,892ab2c43d7ffff,65,42.3537159719641,-83.00619827941665,0.6360907853696627,Islandview,07,Saint Paul St & E Grand Blvd,ASSAULT,16,0.24615384615384617,0.09555867940380322
1475,892ab2ce09bffff,82,42.39533268914436,-83.1512339904966,0.4808783782926473,Chalfonte,10,Cloverlawn St & Lyndon St,ASSAULT,24,0.2926829268292683,0.09553582587194978
1476,892ab2c0d77ffff,75,42.4283078393333,-83.0769371245755,0.5443396260478556,Northeast Central District,11,E Grixdale St & Maine St,ASSAULT,21,0.28,0.09551025084270859
1477,892ab2c75a3ffff,56,42.42301134314622,-82.9797720337548,0.7170162102508891,Mapleridge,09,Rochelle St & Grover St,WEAPONS OFFENSES,11,0.19642857142857142,0.09547386434490487
1478,892ab2c1a6fffff,97,42.4299160954389,-83.2254272976333,0.34270773234812885,O'Hair Park,08,Greenview Ave & W 7 Mile Rd,FRAUD,20,0.20618556701030927,0.0954208727878004
1479,892ab2c1b9bffff,92,42.430693211029705,-83.19120659025899,0.38624841674449273,Seven Mile Lodge,12,Hubbell St & W 7 Mile Rd,FRAUD,21,0.22826086956521738,0.09526345676793051
1480,892ab2cecc3ffff,94,42.3613065270702,-83.120463288771,0.3674882895705974,Petoskey-Otsego,10,Ivanhoe St & Turner St,ASSAULT,29,0.30851063829787234,0.09522188551063343
1481,892ab2c0887ffff,40,42.43509363649316,-83.09269817247714,0.8593924229861933,Nolan,11,Hawthorne St & Emery St,ASSAULT,10,0.25,0.09520708161621966
1482,892ab2ce8d7ffff,31,42.3408391316977,-83.1273893600533,0.9412730587476572,Claytown,04,Gladys St & Livernois Ave,BURGLARY,6,0.1935483870967742,0.09519657191986762
1483,892ab2c1867ffff,82,42.43423722333302,-83.1894941824884,0.47633068153177094,Schaefer 7/8 Lodge,12,Vassar Ave & Mark Twain St,ASSAULT,20,0.24390243902439024,0.09518206288247918
1484,892ab2cf053ffff,76,42.402355704981545,-83.2460429101326,0.5302796955501116,Brightmoor,08,Braile St & Keeler St,ASSAULT,22,0.2894736842105263,0.09512542077668013
1485,892ab2c7497ffff,64,42.448127573364474,-82.9990833530442,0.6393467146123974,Conner Creek,09,Strasburg St & E 8 Mile Rd,DAMAGE TO PROPERTY,14,0.21875,0.09510307177506344
1486,892ab2cc41bffff,99,42.36779018369158,-83.199519392836,0.32026662870429917,Joy Community,06,Montrose St & W Chicago St,ASSAULT,27,0.2727272727272727,0.09509296026620057
1487,892ab2cf433ffff,17,42.4137206345275,-83.2199916149766,1.0668179001898122,North Rosedale Park,08,Grove St & Ashton Ave,ASSAULT,3,0.17647058823529413,0.09503825486075382
1488,892ab2ce327ffff,88,42.3589136746664,-83.1596295313742,0.41918390896046726,Barton-McFarland,02,Dawes St & Joy Rd,ASSAULT,26,0.29545454545454547,0.09498995299693322
1489,892ab2cf613ffff,117,42.4180676185794,-83.2540196367416,0.15405727611631195,Holcomb Community,08,Orchard St & Bentler St,ASSAULT,31,0.26495726495726496,0.09492354469334308
1490,892ab2c52dbffff,104,42.385413943513,-83.11230461086163,0.270576196751875,Dexter-Linwood,10,Elmhurst St & La Salle Blvd,ASSAULT,34,0.3269230769230769,0.09477199059012045
1491,892ab2c448fffff,81,42.39021871283772,-82.9787480359335,0.4799085027869193,Conner Creek Industrial,05,Frankfort St & Conner St,ASSAULT,16,0.19753086419753085,0.09475149506764646
1492,892ab2cec27ffff,129,42.3447453577259,-83.1099250455435,0.042127295138624024,Chadsey Condon,10,W Warren Ave & Scotten St,ASSAULT,26,0.20155038759689922,0.09472318536166757
1493,892ab2ce66bffff,113,42.3970556028152,-83.1876648930677,0.18773082386886203,Bethune Community,02,Chalfonte St & Strathmoor St,ASSAULT,31,0.2743362831858407,0.09470745388251949
1494,892ab2ce19bffff,61,42.3799927082299,-83.1320528591623,0.6610530858702158,Nardin Park,10,Elmhurst St & N Martindale St,ASSAULT,12,0.19672131147540983,0.09466494515457016
1495,892ab2cf6cfffff,38,42.4201537892465,-83.26287217402204,0.8701355746575358,Old Redford,08,Grand River Ave & McIntyre St,LARCENY,11,0.2894736842105263,0.09462501647702379
1496,892ab2ce5afffff,99,42.3867348415081,-83.1172695611607,0.31395151409968736,Dexter-Linwood,10,Richton St & Linwood St,ASSAULT,20,0.20202020202020202,0.09460171075268939
1497,892ab2ce20bffff,101,42.3839801576902,-83.1913237378696,0.29441755429707345,Schoolcraft Southfield,02,Terry St & Tyler St,ASSAULT,25,0.24752475247524752,0.09449994345364202
1498,892ab2ce4bbffff,58,42.4100171566848,-83.1347945992038,0.6862376452625242,Martin Park,12,Puritan St & Fairfield St,LARCENY,17,0.29310344827586204,0.09449738499817886
1499,892ab2c0b73ffff,75,42.4076275055007,-83.11922985353195,0.5312850576543721,Pilgrim Village,12,Wabash St & Pilgrim St,ASSAULT,23,0.30666666666666664,0.09449474268903015
1500,892ab2cf52bffff,97,42.3941150291405,-83.2059641904252,0.3307638696250308,Greenfield-Grand River,08,Acacia St & Saint Marys St,ASSAULT,17,0.17525773195876287,0.09449176585633136
1501,892ab2c716fffff,31,42.3942971093921,-83.01365966924038,0.931912846505543,Airport Sub,07,Rohns St & Georgia St,BURGLARY,5,0.16129032258064516,0.09446844582902171
1502,892ab2c5cd7ffff,45,42.351604827805,-83.03544673025472,0.8036972015632451,Eastern Market,07,Dubois St & Alfred St,LARCENY,15,0.3333333333333333,0.09441900245902612
1503,892ab2d5907ffff,87,42.4448450443739,-82.9486503403743,0.4207625673593686,Regent Park,09,Shakespeare St & Rossini Dr,DAMAGE TO PROPERTY,11,0.12643678160919541,0.09440387133285952
1504,892ab2c61dbffff,88,42.4035850440196,-82.928380153803,0.41160822040942674,Cornerstone Village,05,Sioux St & Cadieux Rd,ASSAULT,21,0.23863636363636365,0.09440064408518471
1505,892ab2ce1cbffff,97,42.3782038509942,-83.1450436653164,0.3283779447286001,Oakman Blvd Community,10,American St & Ewald Cir,ASSAULT,23,0.23711340206185566,0.09430616598712395
1506,892ab2c408bffff,62,42.3735612145349,-82.9908340376949,0.6461888188211693,East Village,05,Cadillac Blvd & Mack Ave,DAMAGE TO PROPERTY,14,0.22580645161290322,0.09421754616235971
1507,892ab2d593bffff,80,42.4419915403438,-82.9510538809632,0.48140133062472235,Regent Park,09,Tacoma St & Cordell St,ASSAULT,13,0.1625,0.09415873668841813
1508,892ab2ce217ffff,21,42.3842442630676,-83.1810112031359,1.0183846744652452,Grand River-I96,02,Jennings St & Tyler St,STOLEN VEHICLE,6,0.2857142857142857,0.09410619792172661
1509,892ab2c5283ffff,48,42.3800494913456,-83.098325033999,0.7722581050673387,Boston Edison,10,Woodrow Wilson St & Longfellow St,LARCENY,16,0.3333333333333333,0.09410002539451945
1510,892ab2cf087ffff,55,42.402687559256975,-83.2264690594468,0.7078184472140375,Rosedale Park,08,Keeler St & Glastonbury Ave,LARCENY,11,0.2,0.09404949040600233
1511,892ab2ce98bffff,32,42.32176923133934,-83.10466627945505,0.9163029458916219,Central Southwest,04,Junction St & Plumer St,ASSAULT,7,0.21875,0.09396304438571801
1512,892ab2ce8b7ffff,83,42.3330547944777,-83.11109884613147,0.4514630554323524,Chadsey Condon,04,31st St & Jackson St,ASSAULT,16,0.1927710843373494,0.09395650774035752
1513,892ab2cc677ffff,97,42.3557948438258,-83.2310045306342,0.3236812850718363,Warrendale,06,Van Buren Ave & Minock St,ASSAULT,32,0.32989690721649484,0.0939408152506816
1514,892ab2c559bffff,40,42.3905901031685,-83.0403890335851,0.8416005122912733,Airport Sub,07,Miller St & Winkelman St,LARCENY,10,0.25,0.09382305804411681
1515,892ab2cd5d3ffff,58,42.36800411218847,-83.2607356185125,0.6774631879396192,Rouge Park,06,Orangelawn St & W Outer Dr,ASSAULT,19,0.3275862068965517,0.0938148244808996
1516,892ab2c704bffff,26,42.4232274933243,-83.0398592678396,0.9679647069100853,Davison,11,E Davison St & Saint Louis St,LARCENY,6,0.23076923076923078,0.09372847804673938
1517,892ab2c62dbffff,67,42.41822284414168,-82.9797988666026,0.5942074559704197,Eden Gardens,09,Loretto St & Coplin St,AGGRAVATED ASSAULT,9,0.13432835820895522,0.09371836615127345
1518,892ab2ce62bffff,72,42.3973028737095,-83.1756575121539,0.5477435522573257,Bethune Community,02,Eaton St & Snowden St,ASSAULT,16,0.2222222222222222,0.0936483864456277
1519,892ab2ced33ffff,44,42.331452909840024,-83.0901065517564,0.8028536872701253,Chadsey Condon,03,Butternut St & Tillman St,ASSAULT,13,0.29545454545454547,0.09364450122838963
1520,892ab2cd5b7ffff,121,42.357436692870266,-83.24203060975005,0.10061198605662187,Franklin Park,06,Joy Rd & Fielding St,ASSAULT,20,0.1652892561983471,0.09360160185034229
1521,892ab2c740fffff,99,42.4381741286881,-83.0156846967228,0.30058431906689637,Nortown,11,Yolanda St & E Outer Dr,ASSAULT,35,0.35353535353535354,0.09356188353370716
1522,892ab2c42cfffff,15,42.36788533156062,-83.0310675639309,1.0655191615112938,McDougall-Hunt,07,Moran St & Hancock St,LARCENY,3,0.2,0.09351945727147636
1523,892ab2c19c3ffff,86,42.4330346825813,-83.1697009434856,0.4177910485801066,McDowell,12,Cambridge Ave & Meyers Rd,ASSAULT,17,0.19767441860465115,0.09346383372893165
1524,892ab2c1943ffff,85,42.4275331652418,-83.17679166123735,0.4267817773599689,Schulze,12,Margareta St & Snowden St,STOLEN VEHICLE,20,0.23529411764705882,0.09345433320340114
1525,892ab2c611bffff,61,42.3964985870681,-82.924808565666,0.6451169952957333,East English Village,05,Denver St & Cadieux Rd,LARCENY,18,0.29508196721311475,0.09342528487409521
1526,892ab2c607bffff,70,42.4060382273732,-82.95241894416218,0.562783170538783,Morningside,05,Somerset Ave & Linville St,DAMAGE TO PROPERTY,13,0.18571428571428572,0.09340054123183025
1527,892ab2ca983ffff,37,42.4420821117686,-83.239342730474,0.861703194567916,O'Hair Park,08,Hessel Ave & Vaughan St,ASSAULT,9,0.24324324324324326,0.0932601812834993
1528,892ab21b6bbffff,18,42.298398678451,-83.11009034560664,1.0340018827062392,Delray,04,S Harrington St & South St,ASSAULT,3,0.16666666666666666,0.0931943984453962
1529,892ab2ce45bffff,84,42.4121679029228,-83.1590332526946,0.43126773743844216,Fitzgerald/Marygrove,12,Indiana St & Florence St,ASSAULT,22,0.2619047619047619,0.09309440904004437
1530,892ab2c72dbffff,83,42.4278187088297,-83.0595659877578,0.4398415145726796,Krainz Woods,11,Stockton St & Justine St,ASSAULT,22,0.26506024096385544,0.09305247406068443
1531,892ab2c5313ffff,22,42.36151235075574,-83.08541281048024,0.9948750604171335,Elijah McCoy,03,Marquette St & Commonwealth St,LARCENY,9,0.4090909090909091,0.09298628183785095
1532,892ab2cc2a3ffff,125,42.3396077393422,-83.22796776109868,0.05599000183152567,Warrendale,06,Whitlock St & Grandville Ave,ASSAULT,31,0.248,0.09296601942519347
1533,892ab2cf6b3ffff,96,42.41732432832032,-83.243084082671,0.3198152287544083,Holcomb Community,08,Stout St & Santa Maria St,ASSAULT,28,0.2916666666666667,0.09293119203224712
1534,892ab2cc487ffff,86,42.36810195440309,-83.1863588720809,0.41082686471756247,Plymouth-Hubbell,02,Orangelawn St & Strathmoor St,ASSAULT,27,0.313953488372093,0.09292209345204439
1535,892ab2c0d87ffff,80,42.4380660754494,-83.0634038301731,0.4641624422546948,Farwell,11,E Lantz St & Ryan Rd,ASSAULT,19,0.2375,0.0928177324382237
1536,892ab2c7353ffff,33,42.4056821824016,-83.0439787502487,0.892391991318306,Buffalo Charles,11,Alpena St & Caniff St,ASSAULT,6,0.18181818181818182,0.09281190822903246
1537,892ab2c71abffff,32,42.4023393366122,-82.9943485580126,0.9011822108945889,Wade,09,Longview St & Conner St,AGGRAVATED ASSAULT,8,0.25,0.09278681019579543
1538,892ab2c66dbffff,86,42.4371249681045,-82.9686649546626,0.40898509034607783,Regent Park,09,Queen St & Lappin St,ASSAULT,15,0.1744186046511628,0.09277882277199553
1539,892ab2ce123ffff,103,42.3623394061245,-83.1327135731362,0.25404635837972883,Midwest,10,Northfield St & Joy Rd,ASSAULT,30,0.2912621359223301,0.09277725828608858
1540,892ab2c63abffff,110,42.38747771813739,-82.94664908349911,0.18843554117495162,Morningside,05,Mack Ave & Alter Rd,ASSAULT,22,0.2,0.09263561941463695
1541,892ab2c664bffff,51,42.4290175758723,-82.9771857755296,0.7259604925786309,Mapleridge,09,Park Grove St & Peoria St,BURGLARY,8,0.1568627450980392,0.09262521202141571
1542,892ab2c629bffff,104,42.41579817737587,-82.967118766565,0.24081360842906968,Outer Drive-Hayes,09,Queen St & E Outer Dr,ASSAULT,16,0.15384615384615385,0.09245677416891186
1543,892ab2c182bffff,90,42.4344480837964,-83.185283287978,0.36836456030315085,Schaefer 7/8 Lodge,12,Ardmore St & Cambridge Ave,ASSAULT,20,0.2222222222222222,0.09245451140737386
1544,892ab2ce2a3ffff,42,42.38320828620416,-83.1751293852433,0.804994733821169,Pride Area Community,02,E I 96 Service Drive & Littlefield St,ASSAULT,8,0.19047619047619047,0.09239328276101302
1545,892ab2c7583ffff,78,42.4305035332594,-82.98495122881381,0.4767518083740188,Franklin,09,Schoenherr St & Linnhurst St,ASSAULT,24,0.3076923076923077,0.09237928337034121
1546,892ab2cf033ffff,42,42.39362211447396,-83.2311282786845,0.8039575448498927,Rosedale Park,08,Westwood St & Lyndon St,DAMAGE TO PROPERTY,9,0.21428571428571427,0.0923126003649744
1547,892ab2d5b47ffff,102,42.4438930894391,-82.990327762859,0.25647815663936047,Conner Creek,09,Fairmount Dr & Joann St,ASSAULT,20,0.19607843137254902,0.09225754193250899
1548,892ab2ce4c7ffff,60,42.412303018618,-83.1449477015287,0.638981573046427,Fitzgerald/Marygrove,12,Florence St & Prairie St,AGGRAVATED ASSAULT,13,0.21666666666666667,0.09223912884829094
1549,892ab2c088bffff,44,42.4371940511687,-83.10144858264687,0.784094349499531,Nolan,11,E Lantz St & Coventry St,ASSAULT,9,0.20454545454545456,0.09218522200218743
1550,892ab2cd49bffff,28,42.3834210566528,-83.2734540054427,0.9278059463652262,Castle Rouge,06,Riverview St & W Davison St,ASSAULT,6,0.21428571428571427,0.092022318117431
1551,892ab2ce403ffff,74,42.40752967248862,-83.1447511568352,0.5084973415766472,Fitzgerald/Marygrove,12,Pilgrim St & Prairie St,ASSAULT,18,0.24324324324324326,0.09201321330039225
1552,892ab2cf6d7ffff,101,42.4239180758376,-83.2581718843146,0.2618544591822306,Holcomb Community,08,Pickford St & Lahser Rd,ASSAULT,18,0.1782178217821782,0.09196687705103031
1553,892ab2cf287ffff,76,42.3984280147419,-83.2568239780921,0.48923549134479194,Brightmoor,06,Lahser Rd & Fenkell St,WEAPONS OFFENSES,14,0.18421052631578946,0.09193261326474804
1554,892ab2cebafffff,30,42.3084151375156,-83.12826827659507,0.9083836063836768,Springwells,04,Navy St & Mullane St,STOLEN VEHICLE,8,0.26666666666666666,0.09192923366679245
1555,892ab2c1933ffff,100,42.4205929772138,-83.1593388955746,0.268955413595044,Bagley,12,Santa Clara St & Kentucky St,ASSAULT,18,0.18,0.09181037195051067
1556,892ab2cf44bffff,69,42.4191717320407,-83.2425745707144,0.550268549597185,Holcomb Community,08,Stout St & Santa Clara Ave,ASSAULT,17,0.2463768115942029,0.09171815062433036
1557,892ab2c76c3ffff,45,42.44440596675504,-83.0474583325876,0.767905516091441,Farwell,11,Amrad St & Caldwell St,ASSAULT,8,0.17777777777777778,0.09163478567491132
1558,892ab2ce367ffff,56,42.3586740043957,-83.1714457784653,0.6675730334406221,Barton-McFarland,02,Sorrento St & Joy Rd,ASSAULT,18,0.32142857142857145,0.0916277050785706
1559,892ab2cf313ffff,62,42.3814112764142,-83.24646371050277,0.6128650817297324,Brightmoor,06,Burt Rd & Glendale St,ASSAULT,18,0.2903225806451613,0.09162530981203476
1560,892ab2cf5cbffff,79,42.4084317609586,-83.21528770346347,0.4577111379975201,Crary/St Marys,08,Puritan St & Oakfield St,ASSAULT,14,0.17721518987341772,0.09160700411367144
1561,892ab2c4617ffff,51,42.3842959679334,-83.0104799373046,0.7127301203485533,Gratiot Town/Kettering,07,Burns St & Gratiot Ave,LARCENY,16,0.3137254901960784,0.09159602817780804
1562,892ab2ce3c3ffff,65,42.3755617406188,-83.1706884383063,0.5851249971982799,Pride Area Community,02,Wadsworth St & Appoline,ASSAULT,16,0.24615384615384617,0.09159407698366323
1563,892ab2c6327ffff,41,42.380902491220105,-82.94620502078745,0.8037695525639759,Riverbend,05,E Vernor Hwy & Manistique St,AGGRAVATED ASSAULT,8,0.1951219512195122,0.09158909185375731
1564,892ab2cc3c7ffff,81,42.3290411136719,-83.2203258661995,0.43905877029401913,Warrendale,06,Ford Rd & Unknown,LARCENY,29,0.35802469135802467,0.09157381541009219
1565,892ab2cf017ffff,35,42.3982892031835,-83.2325276115142,0.8578813806885299,Rosedale Park,08,Minock St & W Outer Dr,LARCENY,9,0.2571428571428571,0.09154511497344943
1566,892ab2cabbbffff,73,42.4323942362142,-83.2666507866345,0.5113755611440618,Berg-Lahser,08,Vassar Ave & Archer St,ASSAULT,30,0.410958904109589,0.09152822383048778
1567,892ab2c5537ffff,23,42.373313895182505,-83.0352482702182,0.9645503488638122,Poletown East,07,E Palmer St & Moran St,LARCENY,6,0.2608695652173913,0.0913362228280622
1568,892ab2cf1afffff,48,42.37692041873132,-83.2073472924797,0.7362046929446898,Plymouth-I96,06,Capitol St & Woodmont Ave,ASSAULT,13,0.2708333333333333,0.09129544902899553
1569,892ab2cf517ffff,100,42.4014849714641,-83.2015441478739,0.26170987307747745,Crary/St Marys,08,Fenkell St & Winthrop St,ASSAULT,24,0.24,0.09124674508429659
1570,892ab2cf117ffff,105,42.3821204035815,-83.21362623120828,0.21605411792073995,Schoolcraft Southfield,06,Rutland St & Glendale St,ASSAULT,24,0.22857142857142856,0.0912396308387432
1571,892ab2ce847ffff,69,42.3328631838184,-83.1361426421859,0.5438316374091414,Claytown,04,Chopin St & W I 94 Service Drive,ASSAULT,18,0.2608695652173913,0.09121742653951624
1572,892ab2cc9b3ffff,86,42.27506807418867,-83.1475369373952,0.38858764941653035,Boynton,04,S Deacon St & Schaefer,ASSAULT,23,0.26744186046511625,0.09119211634449927
1573,892ab2cf3afffff,42,42.3740653656552,-83.2376197032591,0.7888479794814245,Weatherby,06,Wadsworth St & Vaughan St,DAMAGE TO PROPERTY,10,0.23809523809523808,0.09113723505470675
1574,892ab2cf343ffff,36,42.3799429933344,-83.2611182310767,0.8434803445217551,Brightmoor,06,W Outer Dr & Glendale St,LARCENY,11,0.3055555555555556,0.09113375047305852
1575,892ab2ce073ffff,67,42.3836033418676,-83.16210229222017,0.5608798688383743,Grand River-I96,02,W Buena Vista St & Ilene St,LARCENY,14,0.208955223880597,0.09112583030827191
1576,892ab2c09a3ffff,48,42.41384193762989,-83.07243409860627,0.7332433414196521,North Campau,11,Maine St & E Davison St,ASSAULT,15,0.3125,0.09106508701862949
1577,892ab2c5367ffff,44,42.3484989822295,-83.0896163402127,0.7684157741425474,Core City,03,Grand River Ave & 16th St,LARCENY,14,0.3181818181818182,0.09096559369789001
1578,892ab2c1957ffff,108,42.4276108848563,-83.17279856097205,0.1843935657620617,Schulze,12,Appoline St & Margareta St,ASSAULT,28,0.25925925925925924,0.09090342685225453
1579,892ab2c65cbffff,95,42.4207427133838,-82.9204222147692,0.3027990080961474,Cornerstone Village,05,Moross Rd & Rolandale St,DAMAGE TO PROPERTY,18,0.18947368421052632,0.09089862430061114
1580,892ab2c637bffff,61,42.3873857093037,-82.9626598414383,0.6123273183995768,Fox Creek,05,Lenox St & Waveney St,AGGRAVATED ASSAULT,11,0.18032786885245902,0.09087459279137952
1581,892ab2c5a57ffff,55,42.3229812627121,-83.0847401428173,0.6661114794745105,Mexicantown,04,Bagley St & 23rd St,LARCENY,17,0.3090909090909091,0.09080512685999376
1582,892ab2c7053ffff,78,42.426535079964,-83.0335202098906,0.45620113136909085,Grant,11,Concord St & E Nevada St,ASSAULT,20,0.2564102564102564,0.09078065678744063
1583,892ab2ce87bffff,74,42.3311015527716,-83.1375890809477,0.4925688004451908,Claytown,04,Casper St & Michigan Ave,ASSAULT,14,0.1891891891891892,0.09077414028720318
1584,892ab2c5287ffff,73,42.3783201315329,-83.09655500983405,0.501346830233679,Virginia Park Community,10,Woodrow Wilson St & Atkinson St,ASSAULT,22,0.3013698630136986,0.09074809401665
1585,892ab2c46bbffff,33,42.384469897638,-83.0068386682797,0.8656114164853213,Gratiot Woods,07,Rohns St & Chapin St,ASSAULT,10,0.30303030303030304,0.09072866110179174
1586,892ab2cf143ffff,36,42.3818285401086,-83.2269836675377,0.8380253149063819,Schoolcraft Southfield,06,Artesian St & Glendale St,DAMAGE TO PROPERTY,7,0.19444444444444445,0.09070940652801213
1587,892ab2c56a7ffff,48,42.3897421448329,-83.0826237070574,0.7268172200222344,Gateway Community,03,John R St & Belmont St,ASSAULT,11,0.22916666666666666,0.09056520234386209
1588,892ab2c0d7bffff,48,42.43045269692552,-83.0839827965402,0.725614212006516,Northeast Central District,11,E Robinwood St & Marx St,ASSAULT,14,0.2916666666666667,0.09047162096973468
1589,892ab2c0857ffff,58,42.43220213711761,-83.11118497060039,0.6329252707402029,Penrose,12,Bauman St & W 7 Mile Rd,ASSAULT,10,0.1724137931034483,0.09035024283403031
1590,892ab2d597bffff,74,42.4437611026807,-82.96095517266485,0.4868801832014156,Regent Park,09,Crusade St & Rossini Dr,ASSAULT,11,0.14864864864864866,0.09033162568081503
1591,892ab2cc627ffff,79,42.3505578327657,-83.2210660970426,0.4393229408967631,Warrendale,06,Faust Ave & Tireman St,ASSAULT,17,0.21518987341772153,0.0901765957290797
1592,892ab2cab97ffff,50,42.4395505201343,-83.26459122141321,0.703162357114569,Berg-Lahser,08,Redfern St & Trojan St,LARCENY,13,0.26,0.09014287211407948
1593,892ab2c60a3ffff,38,42.4090067012511,-82.9315173029193,0.8109399318763645,East English Village,05,Southampton St & Harvard Rd,STOLEN VEHICLE,8,0.21052631578947367,0.09002021790424805
1594,892ab2cf463ffff,49,42.4116552711619,-83.2330849095543,0.7103064755987571,North Rosedale Park,08,Huntington Rd & Grove St,STOLEN VEHICLE,10,0.20408163265306123,0.08998972472444738
1595,892ab2cf2a7ffff,20,42.3907835506417,-83.2516086531492,0.9743481759486812,Brightmoor,06,Acacia St & Bentler St,DAMAGE TO PROPERTY,5,0.25,0.08997173668793082
1596,892ab2cf68bffff,82,42.4205922739076,-83.2531305701073,0.4091953872181521,Holcomb Community,08,Bentler St & Bennett St,AGGRAVATED ASSAULT,15,0.18292682926829268,0.08995964290503175
1597,892ab2cc4cbffff,60,42.37246292066249,-83.20597218613284,0.6094822086972386,Plymouth-I96,06,Plymouth Rd & Asbury Park,ASSAULT,19,0.31666666666666665,0.08994438848445893
1598,892ab2c0ad3ffff,36,42.4389714860361,-83.1360789772512,0.8279074055261697,Green Acres,12,Stratford Rd & Pembroke Ave,LARCENY,9,0.25,0.0899223395669233
1599,892ab2cd577ffff,51,42.3518468564292,-83.2632398230751,0.6906343451297041,Far West Detroit,06,Beaverland St & Belton Ave,ASSAULT,10,0.19607843137254902,0.08987720920040024
1600,892ab2c61d7ffff,70,42.4016580029358,-82.921760010766,0.5174455631874322,Cornerstone Village,05,Guilford St & Waveney St,ASSAULT,20,0.2857142857142857,0.08987375209979345
1601,892ab2c8d17ffff,36,42.4119039120901,-83.2822048981299,0.8272232218936385,South of Six,08,Lenore Ave & Grove St,ASSAULT,11,0.3055555555555556,0.08986911727442717
1602,892ab2c738bffff,52,42.4065121930109,-83.02997518331566,0.6811357488928523,Airport Sub,11,Arcola St & Carrie St,ASSAULT,15,0.28846153846153844,0.0898472029779468
1603,892ab2c4267ffff,68,42.3562363496248,-83.0295877389262,0.5342186806699241,McDougall-Hunt,07,Mitchell St & Gratiot Ave,FRAUD,44,0.6470588235294118,0.08976075489628524
1604,892ab2c426bffff,21,42.35654802833103,-83.0375854086866,0.9624552821815792,McDougall-Hunt,07,Chene St & Mack Ave,ASSAULT,6,0.2857142857142857,0.08975547929339613
1605,892ab2c18abffff,51,42.4405677015379,-83.1786693489395,0.6888149346065684,Blackstone Park,12,Hartwell St & Chippewa St,STOLEN VEHICLE,11,0.21568627450980393,0.08973567819259956
1606,892ab2c6207ffff,41,42.4044066525326,-82.9707737637932,0.7791351576549091,Outer Drive-Hayes,09,Evanston St & Coplin St,LARCENY,7,0.17073170731707318,0.08967279495775425
1607,892ab2c7667ffff,63,42.4298456135479,-83.0469391971092,0.5766860090730214,Krainz Woods,11,Syracuse St & E Hildale St,LARCENY,11,0.1746031746031746,0.0895198430663581
1608,892ab2c19c7ffff,68,42.4312791132271,-83.1664312432093,0.5300150643715004,Schulze,12,Pinehurst St & Clarita St,STOLEN VEHICLE,12,0.17647058823529413,0.08943375774882567
1609,892ab2ce313ffff,45,42.3711156334301,-83.1656743199328,0.739600588833503,Barton-McFarland,02,Pinehurst St & Elmira St,ASSAULT,15,0.3333333333333333,0.08943295995740544
1610,892ab2c4277ffff,51,42.357926522713,-83.0284748972894,0.6847215455453005,McDougall-Hunt,07,McDougall St & Gratiot Ave,ASSAULT,14,0.27450980392156865,0.08941725556516358
1611,892ab2c0c2fffff,124,42.44237478624951,-83.090037874232,0.018924213242618147,Nolan,11,Russell St & E Remington Ave,ASSAULT,26,0.20967741935483872,0.08937380612752983
1612,892ab2c1a27ffff,61,42.42848727757666,-83.20734289377124,0.5925294871523838,College Park,08,Mansfield St & Clarita St,ASSAULT,15,0.2459016393442623,0.08933452969234132
1613,892ab2c6e63ffff,20,42.36741805501856,-82.9394941582885,0.9660035667328606,Jefferson Chalmers,05,Marlborough St & Essex Ave,DAMAGE TO PROPERTY,6,0.3,0.0893226138335777
1614,892ab2c5667ffff,38,42.38502782858122,-83.09836241947127,0.8014958668197539,Gateway Community,10,Byron St & Calvert St,DAMAGE TO PROPERTY,8,0.21052631578947367,0.08928556894613732
1615,892ab2cc61bffff,98,42.3648022336042,-83.23120190181449,0.2542274355290248,Franklin Park,06,W Chicago St & Grandville Ave,ASSAULT,17,0.17346938775510204,0.08924692074384404
1616,892ab2c4613ffff,43,42.38514726766401,-83.0129320164865,0.754815115884971,Gratiot Town/Kettering,07,Seneca St & Medbury St,ASSAULT,14,0.32558139534883723,0.08919872080676858
1617,892ab2ce397ffff,51,42.3749949487126,-83.15533029346005,0.680916835577804,Littlefield Community,02,Grand River Ave & Wisconsin St,LARCENY,9,0.17647058823529413,0.08912128913579445
1618,892ab2cc593ffff,42,42.3564688612625,-83.1676128757451,0.762382836065588,Aviation Sub,02,Meyers Rd & Oakman Blvd,ASSAULT,11,0.2619047619047619,0.08907852517499391
1619,892ab2c5a8bffff,31,42.3260512877905,-83.07604375138379,0.8621220863182262,Hubbard Richard,04,Bagley St & 16th St,LARCENY,16,0.5161290322580645,0.08903945852852886
1620,892ab2cf45bffff,82,42.42164079678968,-83.2404044758277,0.39640068743855333,Holcomb Community,08,Glenco St & Heyden St,ASSAULT,21,0.25609756097560976,0.08896434979702397
1621,892ab2c718fffff,92,42.40786470321218,-82.9964935897664,0.3051939017602963,Gratiot-Findlay,09,Rosemary Ave & Gratiot Ave,ASSAULT,17,0.18478260869565216,0.08895826778136923
1622,892ab2c4097ffff,64,42.3742010176364,-82.982304454565,0.5601369351044772,East Village,05,Goethe Ave & Montclair St,ASSAULT,16,0.25,0.0889413838113681
1623,892ab2c7507ffff,36,42.4226233057889,-82.9907477459643,0.8152537387170747,Gratiot-Findlay,09,Nashville St & Goulburn St,ASSAULT,11,0.3055555555555556,0.08893801734107473
1624,892ab2cf0bbffff,42,42.39837375063826,-83.22881220771615,0.7604975031352441,Rosedale Park,08,Chalfonte St & Piedmont St,LARCENY,10,0.23809523809523808,0.08893186609707922
1625,892ab2c5057ffff,95,42.3801313320457,-83.0836788564899,0.2774866271866893,Piety Hill,03,Hazelwood St & 2nd Ave,LARCENY,26,0.2736842105263158,0.08892958722272502
1626,892ab2cf647ffff,73,42.4147303783694,-83.2646951705531,0.477834126059527,Riverdale,08,Chatham St & W McNichols Rd,ASSAULT,19,0.2602739726027397,0.08891905286537
1627,892ab2cc0a3ffff,43,42.34367345809249,-83.1962924109255,0.7496107916836565,Warren Ave Community,06,Greenfield & W Warren Ave,DAMAGE TO PROPERTY,10,0.23255813953488372,0.0887938791067964
1628,892ab2cf0b7ffff,58,42.3985686025405,-83.22147619222095,0.6116056567320658,Rosedale Park,08,Chalfonte St & Penrod St,LARCENY,12,0.20689655172413793,0.08869180103756713
1629,892ab2ca90bffff,42,42.4347457023809,-83.2500394586306,0.7573295555597896,Evergreen Lahser 7/8,08,Trinity St & Saint Martins Ave,LARCENY,7,0.16666666666666666,0.08868543308632523
1630,892ab2cedcbffff,32,42.3448679433478,-83.10426137695134,0.8480107705202469,Chadsey Condon,03,McKinley St & W Warren Ave,ASSAULT,7,0.21875,0.08865063122645278
1631,892ab2cf013ffff,38,42.400733794467,-83.2349541861427,0.7922039770777074,Minock Park,08,Fenkell St & Auburn St,LARCENY,11,0.2894736842105263,0.08856275762739318
1632,892ab2c18b3ffff,65,42.4430699301256,-83.17116726973988,0.5450829044897567,Pembroke,12,Norfolk St & Manor St,DAMAGE TO PROPERTY,15,0.23076923076923078,0.08847922320909099
1633,892ab2c700fffff,62,42.4195231019838,-83.02370669579865,0.5722733328391572,Grant,11,Van Dyke St & E McNichols Rd,ASSAULT,9,0.14516129032258066,0.08846769856607248
1634,892ab2c1b4fffff,101,42.4194201658825,-83.2091327448852,0.21669905330467296,College Park,08,Murray Hill St & W Outer Dr,DAMAGE TO PROPERTY,23,0.22772277227722773,0.0884542612778264
1635,892ab2c5e9bffff,94,42.3482451108063,-83.062223457993,0.2795639404272122,Midtown,03,Cass Ave & Selden St,LARCENY,33,0.35106382978723405,0.08838229566202929
1636,892ab2cc4c7ffff,83,42.3701931427095,-83.1986500323149,0.37957768028397604,Joy Community,06,Greenfield Rd & Elmira St,DAMAGE TO PROPERTY,11,0.13253012048192772,0.08836458142053756
1637,892ab2ce6b3ffff,45,42.4074036236007,-83.1630362225283,0.725744401669252,Bethune Community,12,James Couzens Fwy & Griggs St,LARCENY,14,0.3111111111111111,0.08835509429229349
1638,892ab2cf223ffff,53,42.3872348554347,-83.26365942833,0.651767313656234,Eliza Howell,06,Bramell St & Kendall St,ASSAULT,13,0.24528301886792453,0.08827153221045841
1639,892ab2cea87ffff,69,42.3336931805428,-83.1470171825556,0.5057900563501612,Claytown,04,Henderson St & Ogden St,ASSAULT,17,0.2463768115942029,0.08825819153612097
1640,892ab2ca953ffff,49,42.43988307478365,-83.2550471607002,0.6869004367937687,Evergreen Lahser 7/8,08,Chapel St & Trojan St,ASSAULT,10,0.20408163265306123,0.08816898101731381
1641,892ab2ce3afffff,63,42.36212534634375,-83.1568645031254,0.5592845974489645,Barton-McFarland,02,Dawes St & Stawell St,ASSAULT,9,0.14285714285714285,0.0881661962159141
1642,892ab2c528fffff,63,42.3772554249225,-83.1000859101974,0.5592076531864252,Virginia Park Community,10,Clairmount St & Rosa Parks Blvd,LARCENY,15,0.23809523809523808,0.0881602107613489
1643,892ab2ce103ffff,69,42.37136392290103,-83.1362174620666,0.5034374390263018,Nardin Park,10,Belleterre St & Collingwood St,ASSAULT,15,0.21739130434782608,0.08807518264583418
1644,892ab2cf467ffff,45,42.4098571808844,-83.2315603151191,0.721759088430277,North Rosedale Park,08,Florence St & W Outer Dr,STOLEN VEHICLE,12,0.26666666666666666,0.08804507882742665
1645,892ab2cc66fffff,89,42.3521011123668,-83.2368748027414,0.32059385537822305,Warrendale,06,Tireman St & Vaughan St,ASSAULT,25,0.2808988764044944,0.08802956817977238
1646,892ab2c1da3ffff,42,42.4436726497234,-83.14252828190996,0.748887206784511,Garden Homes,12,Norfolk St & Stoepel St,LARCENY,8,0.19047619047619047,0.08802870712196686
1647,892ab2c7457ffff,57,42.44398852830259,-83.02029653748302,0.6105453672763351,Conner Creek,11,Millbank St & Veach St,ASSAULT,12,0.21052631578947367,0.08790043697864622
1648,892ab2cc24bffff,53,42.3419015933773,-83.2536280716786,0.6468861394093242,Far West Detroit,06,Parkland St & W Warren Rd,ASSAULT,13,0.24528301886792453,0.08789182817905311
1649,892ab2c702fffff,20,42.4105086030937,-83.0205819037088,0.947522105831073,Airport Sub,11,Montlieu St & Castle St,LARCENY,4,0.2,0.08788495050592428
1650,892ab2c63bbffff,47,42.3912991466049,-82.9444631646137,0.7008743014281922,Morningside,05,Somerset Ave & Windsor St,ASSAULT,10,0.2127659574468085,0.0878382313760582
1651,892ab2c52c7ffff,57,42.3798911193442,-83.1086979533884,0.6091005535365098,Dexter-Linwood,10,Glynn Ct & La Salle Blvd,LARCENY,14,0.24561403508771928,0.08778804566174359
1652,892ab2c5233ffff,80,42.36925942537905,-83.0996708892766,0.3993991926464605,Virginia Park Community,10,14th St & W Euclid St,LARCENY,20,0.25,0.08777983259706894
1653,892ab2c7207ffff,26,42.4152696819803,-83.0527693657705,0.8912966536313847,Davison,11,Fenelon St & Luce St,ASSAULT,4,0.15384615384615385,0.08776450965770875
1654,892ab2c1973ffff,102,42.4203102437577,-83.1703588014407,0.19824058317742316,Schulze,12,Santa Clara St & Meyers Rd,ASSAULT,22,0.21568627450980393,0.08772727107877731
1655,892ab2ce08fffff,66,42.3918479420522,-83.1509235342795,0.524239385123135,Davison-Schoolcraft,10,Roselawn St & Intervale St,ASSAULT,17,0.25757575757575757,0.08756670125774624
1656,892ab2c0db7ffff,87,42.4332799808657,-83.0565892488452,0.33268753412398794,Farwell,11,Eureka St & E 7 Mile Rd,ASSAULT,16,0.1839080459770115,0.08755255984632461
1657,892ab2ce38bffff,75,42.3733304190373,-83.1645137326813,0.4412154110630926,Barton-McFarland,02,Cedarlawn St & Mendota St,ASSAULT,20,0.26666666666666666,0.08748827125654388
1658,892ab2c0d57ffff,77,42.43777724748237,-83.0806024179151,0.4227782234193953,Nolan,11,Lumpkin St & E Lantz St,ASSAULT,20,0.2597402597402597,0.08747182129902298
1659,892ab2ce3a7ffff,56,42.3636721160556,-83.1521070756071,0.6134029542461455,Barton-McFarland,02,Cloverlawn St & Westfield St,ASSAULT,15,0.26785714285714285,0.0874138425095976
1660,892ab2c712bffff,22,42.3952028748286,-83.0023581614644,0.9227181440309341,Airport Sub,05,Sterritt St & Bewick St,AGGRAVATED ASSAULT,8,0.36363636363636365,0.08737323246495428
1661,892ab2c7197ffff,51,42.4109678238081,-82.9920439916633,0.6577831228825356,Eden Gardens,09,Kilbourne Ave & Barrett St,ASSAULT,14,0.27450980392156865,0.08732172953651834
1662,892ab2c66cfffff,80,42.4323538774577,-82.96781987581656,0.39350966969364454,Mapleridge,09,Hayes St & Faircrest St,AGGRAVATED ASSAULT,14,0.175,0.0873216896390186
1663,892ab2ce833ffff,63,42.3289972300366,-83.12256405180682,0.548297062845992,Michigan-Martin,04,Edward & Clippert St,ASSAULT,20,0.31746031746031744,0.08731148155650703
1664,892ab2cf58bffff,57,42.4068254760585,-83.2032110600436,0.6027428277809138,Crary/St Marys,08,Pilgrim St & Rutherford St,ASSAULT,13,0.22807017543859648,0.08729348144873735
1665,892ab2c624fffff,91,42.4054890008009,-82.98517599956212,0.29288192760230974,Wade,09,Roseberry St & Longview St,DAMAGE TO PROPERTY,16,0.17582417582417584,0.08729164096282592
1666,892ab2c40a7ffff,60,42.36235287067292,-82.9800094305927,0.5745072010898012,East Village,05,E Jefferson Ave & Garland St,LARCENY,15,0.25,0.08722370065091495
1667,892ab2c0c33ffff,55,42.4469179882761,-83.0882399233837,0.6196015249601576,Nolan,11,Greeley St & E 8 Mile Rd,ASSAULT,15,0.2727272727272727,0.08718714144577543
1668,892ab2cea83ffff,94,42.336711346502895,-83.1513470241241,0.26355952653031123,Claytown,04,Trenton St & Dennison St,ASSAULT,20,0.2127659574468085,0.08713732054548232
1669,892ab2ce177ffff,82,42.36398392571103,-83.13859140834711,0.37202191334639667,Midwest,10,Westfield St & Northfield St,BURGLARY,12,0.14634146341463414,0.08706793751275205
1670,892ab2ce147ffff,48,42.37108803239674,-83.144448232002,0.6813090991670873,Oakman Blvd Community,02,American St & Bryden St,ASSAULT,13,0.2708333333333333,0.08702514905416048
1671,892ab2c5637ffff,48,42.3875026063513,-83.08864115995979,0.6811832471462352,Gateway Community,10,Glynn Ct & 2nd Blvd,LARCENY,13,0.2708333333333333,0.08701535909025819
1672,892ab2c2b67ffff,61,42.4472193619035,-83.0668522519711,0.5625968305363951,Farwell,11,Wexford St & E 8 Mile Rd,FRAUD,12,0.19672131147540983,0.08700608374617225
1673,892ab2ce863ffff,55,42.32777238012549,-83.13449439918223,0.6169550716319484,Claytown,04,Parkwood St & Central St,ASSAULT,11,0.2,0.08698127520400312
1674,892ab2c6367ffff,21,42.3806897609914,-82.95688007583264,0.9267140087496034,Riverbend,05,Lenox St & Charlevoix St,ASSAULT,7,0.3333333333333333,0.08697518403590297
1675,892ab2cf2cfffff,100,42.4001125191186,-83.27398823794,0.20657495577780033,Brightmoor,08,Fenkell St & Riverview Dr,DAMAGE TO PROPERTY,23,0.23,0.08695782825590434
1676,892ab2c7517ffff,73,42.4252951967677,-82.9890800563493,0.4523649171168246,Franklin,09,E McNichols Rd & Joann St,LARCENY,13,0.1780821917808219,0.08693781621552679
1677,892ab2c0993ffff,33,42.4233744866307,-83.0753769047136,0.8165144963343233,Cadillac Heights,11,Minnesota St & Mackay St,ASSAULT,9,0.2727272727272727,0.08690943696269834
1678,892ab2cf3d7ffff,65,42.3855339144365,-83.2477012730259,0.5245311324619933,Brightmoor,06,Schoolcraft St & Trinity St,ASSAULT,14,0.2153846153846154,0.08688051144492787
1679,892ab2cf50bffff,65,42.4012402295336,-83.2104899160367,0.5242938460886141,Crary/St Marys,08,Fenkell St & Biltmore St,ASSAULT,14,0.2153846153846154,0.08686205306011877
1680,892ab2c4313ffff,73,42.34869102947112,-83.00291600687422,0.4499076750001385,Islandview,07,E Congress St & E Grand Blvd,LARCENY,19,0.2602739726027397,0.08674666861647615
1681,892ab2cc553ffff,48,42.3510934873472,-83.1881088943726,0.6771391266958208,Fiskhorn,02,Marlowe St & Tireman Ave,ASSAULT,14,0.2916666666666667,0.08670076904269264
1682,892ab2c75c7ffff,94,42.4310790530476,-82.9934885229436,0.2571221971756847,Von Steuben,09,Goulburn St & Linnhurst St,ASSAULT,24,0.2553191489361702,0.0866365640094945
1683,892ab2ce5b7ffff,80,42.3896777642997,-83.1096844746168,0.3841305031905287,Dexter-Linwood,10,Cortland St & Rosa Parks Blvd,ASSAULT,22,0.275,0.0865920891059687
1684,892ab2cf5c7ffff,106,42.406741439084506,-83.2075779530991,0.145945370865726,Crary/St Marys,08,Pilgrim St & Saint Marys St,ASSAULT,22,0.20754716981132076,0.08649479219163078
1685,892ab2ce857ffff,45,42.335309534866646,-83.13636953571466,0.701214137469618,Claytown,04,Panama St & Chopin St,ASSAULT,12,0.26666666666666666,0.08644689767056149
1686,892ab2cf69bffff,50,42.4230777793123,-83.2532445348378,0.6546156824154373,Holcomb Community,08,Karl St & Bentler St,STOLEN PROPERTY,12,0.24,0.08636645128537156
1687,892ab2cee27ffff,67,42.34024157225241,-83.14110677384716,0.49929856878737816,Claytown,04,Kirkwood St & Cecil St,LARCENY,17,0.2537313432835821,0.08633545268482463
1688,892ab2cc63bffff,93,42.3558581669025,-83.2273596768443,0.261746340064805,Warrendale,06,Van Buren Ave & Piedmont St,ASSAULT,21,0.22580645161290322,0.0862873890158292
1689,892ab2ceeafffff,25,42.344936082495,-83.1376130745918,0.880943824707327,Midwest,02,W Warren Ave & Martin St,BURGLARY,6,0.24,0.0862502837381709
1690,892ab2c4663ffff,48,42.3772312941392,-83.0216582583761,0.6711922935908016,Gratiot Town/Kettering,07,Field St & E Kirby St,DAMAGE TO PROPERTY,10,0.20833333333333334,0.08623816795741077
1691,892ab2c0b63ffff,57,42.4054586140746,-83.12251320816246,0.5889071018714174,Pilgrim Village,12,Hughes St & Log Cabin St,ASSAULT,9,0.15789473684210525,0.08621720745409747
1692,892ab2c6077ffff,84,42.40461690269351,-82.94502046052393,0.34255212557358555,Morningside,05,Southampton St & Haverhill St,ASSAULT,20,0.23809523809523808,0.08619326727174927
1693,892ab2ca9c7ffff,59,42.4401801894522,-83.2465407542521,0.5688228995230352,Evergreen Lahser 7/8,08,Trojan St & Braile St,STOLEN VEHICLE,17,0.288135593220339,0.08607263707072851
1694,892ab2c0e3bffff,48,42.4432261456162,-83.1224841613545,0.6679412580231562,State Fair,12,W M 1 Service Drive & Woodward Ave,ASSAULT,11,0.22916666666666666,0.08598527157452533
1695,892ab2ce527ffff,78,42.381017331643,-83.1178631509303,0.3942123346477223,Dexter-Linwood,10,Burlingame St & Lawton St,ASSAULT,21,0.2692307692307692,0.08595858020782055
1696,892ab2c4303ffff,50,42.34531528183621,-83.0062269348002,0.6493388212270418,Islandview,07,E Jefferson Ave & Bellevue St,ASSAULT,10,0.2,0.08595596697052282
1697,892ab2c0d4bffff,54,42.43520568567982,-83.0888113566309,0.6124684908094926,Nolan,11,Greeley St & Emery St,AGGRAVATED ASSAULT,15,0.2777777777777778,0.08592338170382363
1698,892ab2c40dbffff,34,42.3769658338268,-83.00135410629065,0.7946797124675478,Gratiot Woods,07,Buhl St & Rohns St,ASSAULT,17,0.5,0.08591980505627758
1699,892ab2c7487ffff,70,42.4453891415212,-83.0014204298301,0.46632663561577864,Conner Creek,09,Bradford St & Bringard Dr,ASSAULT,18,0.2571428571428571,0.08589723704455617
1700,892ab2c420bffff,19,42.3625450174253,-83.0299367287297,0.9307517834331173,McDougall-Hunt,07,Elmwood St & E Alexandrine St,ASSAULT,4,0.21052631578947367,0.0858715110733472
1701,892ab2c5213ffff,33,42.3768804212557,-83.1040316538338,0.8031366927266366,Boston Edison,10,Atkinson St & 14th St,LARCENY,7,0.21212121212121213,0.0858687845081372
1702,892ab2cf633ffff,33,42.40951549875,-83.2497805813382,0.8019903661918715,Miller Grove,08,Florence St & Blackstone St,ASSAULT,9,0.2727272727272727,0.08577961235722849
1703,892ab2cf167ffff,121,42.372161434159,-83.2216492974809,-0.12407789107062141,Southfield Plymouth,06,Faust Ave & Plymouth Rd,ASSAULT,28,0.23140495867768596,0.0857750472589792
1704,892ab2c5383ffff,27,42.3622488475675,-83.07922405497928,0.8561852208713396,Elijah McCoy,03,S M 10 Service Drive & Elijah Mccoy Dr,DAMAGE TO PROPERTY,7,0.25925925925925924,0.08574209406987794
1705,892ab2c5e4fffff,39,42.3392323221349,-83.0800663796985,0.7464656264793536,North Corktown,03,Wabash St & Martin Luther King Jr Blvd,ASSAULT,8,0.20512820512820512,0.08571367957260095
1706,892ab2cab6fffff,18,42.4233079291115,-83.28549989700363,0.937732736919688,The Eye,08,Salem St & Pickford St,ASSAULT,6,0.3333333333333333,0.08570567116256225
1707,892ab2d5917ffff,85,42.4475654123082,-82.9487454860645,0.327079423214711,Regent Park,09,Shakespeare St & Edmore Dr,STOLEN VEHICLE,18,0.21176470588235294,0.08569853841006381
1708,892ab2c0a13ffff,26,42.431739010415306,-83.13264884806614,0.8634093843358577,Sherwood Forest,12,Canterbury Rd & Sherbourne Rd,LARCENY,9,0.34615384615384615,0.08559517333805143
1709,892ab2ce933ffff,46,42.31134285366127,-83.10366304550497,0.6803175833054087,Central Southwest,04,Army St & Military St,LARCENY,12,0.2608695652173913,0.0855302501696194
1710,892ab2c60b3ffff,73,42.41204658559,-82.9292172049951,0.43420871417136797,Cornerstone Village,05,Southampton St & Neff Ave,STOLEN VEHICLE,15,0.2054794520547945,0.0855254545368247
1711,892ab2c6007ffff,102,42.4080930498802,-82.9386915332107,0.16901210087208457,East English Village,05,Audubon Rd & E Outer Dr,ASSAULT,20,0.19607843137254902,0.08545360248966227
1712,892ab2ce3d3ffff,47,42.3774983465125,-83.1695184000023,0.6692548763041144,Pride Area Community,02,Appoline & Capitol St,ASSAULT,13,0.2765957446808511,0.08537857257614304
1713,892ab2cec1bffff,67,42.356830693857,-83.11772393971783,0.4849805665803919,Midwest,10,Firwood St & Allendale St,ASSAULT,17,0.2537313432835821,0.08522166266532169
1714,892ab2ce33bffff,91,42.3610871197411,-83.16545249168706,0.2659745122709317,Barton-McFarland,02,Ellis St & Manor,ASSAULT,30,0.32967032967032966,0.08519852697852395
1715,892ab2c0833ffff,33,42.4262952112283,-83.0977020895103,0.794328384328992,Greenfield Park,11,E Margaret St & Brush St,ASSAULT,11,0.3333333333333333,0.08518359073318349
1716,892ab2c564fffff,71,42.3935002539441,-83.1083842133584,0.4475496698158137,Dexter-Linwood,10,Woodrow Wilson St & Glendale St,AGGRAVATED ASSAULT,14,0.19718309859154928,0.08514547123111643
1717,892ab2c1b13ffff,85,42.4251852901005,-83.1935899236376,0.3197154856212316,Winship,12,Pickford St & Robson St,STOLEN VEHICLE,15,0.17647058823529413,0.0851257014962758
1718,892ab2c6513ffff,79,42.4170829404118,-82.9107925916178,0.37414065235956395,Cornerstone Village,05,Moross Rd & Mack Ave,FRAUD,28,0.35443037974683544,0.0851060990653992
1719,892ab2c18afffff,63,42.438387146942105,-83.17526266501213,0.5197144415466792,Blackstone Park,12,Pembroke Ave & Cheyenne St,LARCENY,11,0.1746031746031746,0.08508805416250415
1720,892ab2c0b7bffff,66,42.4078385674166,-83.1250916678212,0.49171468144266367,Pilgrim Village,12,Baylis St & Pilgrim St,ASSAULT,12,0.18181818181818182,0.08503662130504698
1721,892ab2cc237ffff,57,42.33433313718575,-83.2301721243133,0.572719449403274,Warrendale,06,Dayton St & Minock St,ASSAULT,12,0.21052631578947367,0.08495797830344104
1722,892ab2c756bffff,43,42.417461477624,-83.005455721216,0.7002011143468325,LaSalle College Park,09,Engleside St & Elmo St,ASSAULT,11,0.2558139534883721,0.08495032574725275
1723,892ab2c1aa7ffff,84,42.4340163742935,-83.2000942431461,0.3262755341497882,Greenfield,08,Greenfield Rd & Vassar Ave,DAMAGE TO PROPERTY,16,0.19047619047619047,0.08492711960552618
1724,892ab2ce317ffff,103,42.36822822694744,-83.1616939481118,0.15272418982641126,Barton-McFarland,02,Crocuslawn St & Griggs St,ASSAULT,22,0.21359223300970873,0.08489545896397255
1725,892ab21969bffff,47,42.2623577087349,-83.1669424332325,0.6621376369209702,Boynton,04,S Fort St & W Outer Dr,AGGRAVATED ASSAULT,6,0.1276595744680851,0.08482492618911486
1726,892ab2c0c2bffff,22,42.4447524851308,-83.09394875814121,0.8896172208871835,Nolan,11,E Winchester Ave & Cameron St,BURGLARY,5,0.22727272727272727,0.08479832869689545
1727,892ab2c1b47ffff,81,42.419482920703,-83.20364945356255,0.3515350390760124,College Park,08,Prevost St & W Outer Dr,ASSAULT,15,0.18518518518518517,0.08476538942362957
1728,892ab2ce113ffff,77,42.3741540897178,-83.1343969386469,0.38787592696017786,Nardin Park,10,Yellowstone St & Burlingame St,ASSAULT,17,0.22077922077922077,0.08475678962826087
1729,892ab2c1a7bffff,73,42.4353067355213,-83.2255415352611,0.4241575007647334,O'Hair Park,08,Avon Ave & Saint Martins Ave,ASSAULT,21,0.2876712328767123,0.08474357582117947
1730,892ab2cec77ffff,45,42.3478461781022,-83.12001420205445,0.6780626628322758,Midwest,10,Whitewood St & Begole St,BURGLARY,10,0.2222222222222222,0.08464595637895689
1731,892ab2c4677ffff,57,42.3778945667335,-83.017548446448,0.5686356068457064,Gratiot Town/Kettering,07,Baldwin St & E Ferry St,DAMAGE TO PROPERTY,11,0.19298245614035087,0.08464029829361253
1732,892ab2ced63ffff,27,42.33122642548157,-83.10236767470873,0.8415987045112369,Central Southwest,04,Clark St & Michigan Ave,DAMAGE TO PROPERTY,8,0.2962962962962963,0.08460741647265899
1733,892ab2c7047ffff,31,42.4201417652256,-83.0316576870396,0.8050751418553038,Grant,11,Covert St & Sherwood St,ASSAULT,6,0.1935483870967742,0.08460180609158907
1734,892ab2c5237ffff,52,42.3662494685408,-83.0962643386438,0.6136490741271896,LaSalle Gardens,10,S La Salle Gdns & Hanover St,ASSAULT,23,0.4423076923076923,0.08459744929605671
1735,892ab2d592bffff,96,42.4392579553957,-82.9510234431531,0.21263885868588842,Regent Park,09,Boulder St & Novara St,ASSAULT,20,0.20833333333333334,0.08459399738852609
1736,892ab2d596bffff,49,42.4409323748526,-82.9632101352992,0.6404465755387627,Regent Park,09,Crusade St & Manning St,ASSAULT,11,0.22448979591836735,0.08455535906885828
1737,892ab2c6203ffff,75,42.40750249571468,-82.97294984151877,0.4034648689306432,Outer Drive-Hayes,09,Corbett Ave & Coplin St,ASSAULT,11,0.14666666666666667,0.08455167602139077
1738,892ab2c182fffff,73,42.431086239629,-83.1816730223325,0.42162443204892475,Schaefer 7/8 Lodge,12,Schaefer Hwy & W 7 Mile Rd,ASSAULT,13,0.1780821917808219,0.08454652971002535
1739,892ab2c6663ffff,97,42.4207540490345,-82.9675174107174,0.20266439388296897,Mapleridge,09,Houston Whittier Ave & Queen St,DAMAGE TO PROPERTY,15,0.15463917525773196,0.0845269735953376
1740,892ab2d5b3bffff,43,42.4387105009632,-82.98044239793941,0.6946076255035738,Franklin,09,Hoyt St & Pinewood St,DANGEROUS DRUGS,9,0.20930232558139536,0.08451521113016022
1741,892ab2c630fffff,54,42.3864868434093,-82.9542457378709,0.5940692951129855,Fox Creek,05,Chalmers St & Mack Ave,DAMAGE TO PROPERTY,8,0.14814814814814814,0.08449211774413154
1742,892ab2cf4b3ffff,54,42.41918139112332,-83.21461935437296,0.5940594714211168,College Park,08,W Outer Dr & Oakfield St,DAMAGE TO PROPERTY,11,0.2037037037037037,0.08449135356419918
1743,892ab2c1877ffff,17,42.4361363325188,-83.18907854838147,0.9310600988305511,Schaefer 7/8 Lodge,12,Saint Martins Ave & Strathmoor St,FRAUD,5,0.29411764705882354,0.08447772539318398
1744,892ab2ce41bffff,91,42.40983118725542,-83.1487336112454,0.2548212767215229,Fitzgerald/Marygrove,12,Woodingham Dr & Puritan St,ASSAULT,20,0.21978021978021978,0.08433092252781116
1745,892ab2c6e73ffff,33,42.3706453495581,-82.9401255137013,0.7832995573764878,Jefferson Chalmers,05,Freud St & Philip St,STOLEN VEHICLE,8,0.24242424242424243,0.08432566396316732
1746,892ab2ce167ffff,24,42.3608089693323,-83.1417838921249,0.8651829908658186,Midwest,02,Dover St & Burnette St,BURGLARY,7,0.2916666666666667,0.08431537190062555
1747,892ab2c54d3ffff,30,42.4077409419845,-83.0671749871878,0.8097050860276177,Campau/Banglatown,11,Halleck St & Maine St,AGGRAVATED ASSAULT,5,0.16666666666666666,0.08425308237675638
1748,892ab2c6423ffff,98,42.42280048982845,-82.92827293252526,0.1898100252701832,Cornerstone Village,05,Canyon Ave & Alstead St,LARCENY,23,0.23469387755102042,0.08423592356760976
1749,892ab2cec83ffff,33,42.35963283581042,-83.1105047383452,0.7799813326999201,Petoskey-Otsego,10,Whitney St & Dexter Ave,ASSAULT,8,0.24242424242424243,0.08406754097409373
1750,892ab2cc4cfffff,68,42.3700837783201,-83.20338225567761,0.4594649315904286,Joy Community,06,Orangelawn St & Mansfield St,ASSAULT,21,0.3088235294117647,0.08394569924525705
1751,892ab2ce2abffff,56,42.3826689117357,-83.1783381398457,0.5685799471073844,Pride Area Community,02,E I 96 Service Drive & Schaefer Hwy,FRAUD,18,0.32142857142857145,0.0839270838631363
1752,892ab2cc083ffff,51,42.3508254293085,-83.2014943247561,0.6134775561307059,Warren Ave Community,06,Mansfield St & Tireman St,LARCENY,12,0.23529411764705882,0.08387522231133218
1753,892ab2c455bffff,94,42.3750513117933,-82.9799510638653,0.22141427898306135,East Village,05,Fairview St & Goethe Ave,ASSAULT,28,0.2978723404255319,0.08385886343889634
1754,892ab2ceab3ffff,89,42.3314313686759,-83.1444415151851,0.26684826277479445,Claytown,04,W I 94 Service Drive & Elmer St,ASSAULT,19,0.21348314606741572,0.08384872620415362
1755,892ab21b69bffff,66,42.3055859364449,-83.11346587470115,0.47613267236578577,Central Southwest,04,Beard St & Lexington St,ASSAULT,22,0.3333333333333333,0.08382450484195811
1756,892ab2c1a43ffff,96,42.4406058132181,-83.2259087405984,0.2025762751775663,O'Hair Park,08,Trojan St & Greenview Ave,ASSAULT,20,0.20833333333333334,0.08381123419852493
1757,892ab2c654fffff,80,42.4121288848567,-82.9256832709455,0.34816022600828256,Cornerstone Village,05,Hereford St & Southampton St,ASSAULT,13,0.1625,0.08379397976465347
1758,892ab2cf12fffff,49,42.3699216294288,-83.2143654336097,0.62988047936721,Joy Community,06,Elmira St & Longacre St,ASSAULT,10,0.20408163265306123,0.08373342788803745
1759,892ab2ce5a7ffff,41,42.3869529050594,-83.10959572196111,0.7026643522098197,Dexter-Linwood,10,Elmhurst St & 14th St,ASSAULT,9,0.21951219512195122,0.08372417037613954
1760,892ab2cf1c3ffff,41,42.38902611122613,-83.2211357490541,0.7025590181389886,Grandmont #1,08,Kendall St & Rosemont Ave,LARCENY,10,0.24390243902439024,0.08371597649300491
1761,892ab2ceaabffff,63,42.3294628325455,-83.1507316738074,0.5019250019266486,Claytown,04,Michigan Ave & Saint James St,ASSAULT,14,0.2222222222222222,0.0837042228140446
1762,892ab2cc583ffff,39,42.353892068239794,-83.16992815945004,0.7205600461687192,Aviation Sub,02,Belton St & Appoline Ave,LARCENY,8,0.20512820512820512,0.08369849781872904
1763,892ab2c513bffff,58,42.3555828778408,-83.05435858651612,0.5472061448095978,Medical Center,03,Saint Antoine St & E Canfield St,LARCENY,15,0.25862068965517243,0.08368219616370369
1764,892ab2c44a7ffff,76,42.383702368776,-82.9678474030951,0.38221099351989707,Fox Creek,05,Mack Ave & Conner St,FRAUD,17,0.2236842105263158,0.08360723268466129
1765,892ab2cf643ffff,22,42.416987274283,-83.2665825011063,0.8736224369293101,Oak Grove District 1,08,Beaverland St & Santa Maria St,ASSAULT,7,0.3181818181818182,0.08355410268834708
1766,892ab2c72bbffff,18,42.4190175761366,-83.0457216734715,0.9097010512588604,Davison,11,Sparling St & E McNichols Rd,DAMAGE TO PROPERTY,4,0.2222222222222222,0.08352510076820657
1767,892ab2cf4bbffff,88,42.4191795266336,-83.218828264202,0.27109585469934605,College Park,08,N M 39 & W Outer Dr,FRAUD,27,0.3068181818181818,0.08347025950483639
1768,892ab2cec0bffff,50,42.35392537016109,-83.12051269701008,0.6168284873812194,Midwest,10,Seebaldt St & Beechwood St,ASSAULT,15,0.3,0.08342700483986204
1769,892ab2cf397ffff,50,42.3862892611988,-83.2356409432715,0.6166129251220707,Schoolcraft Southfield,06,Schoolcraft St & Plainview Ave,ASSAULT,7,0.14,0.08341023636271344
1770,892ab2c402bffff,16,42.3600537582808,-82.9957102172664,0.9251621456756848,Indian Village,07,Iroquois St & Kercheval St,LARCENY,8,0.5,0.083310041965966
1771,892ab2c73b7ffff,32,42.4000531415268,-83.0175826041321,0.7785048889203872,Airport Sub,07,Traverse St & Erwin Ave,LARCENY,5,0.15625,0.08324380448459745
1772,892ab2ce3d7ffff,35,42.37562203293564,-83.1670413165024,0.7508434636234043,Grand River-I96,02,Wadsworth St & Manor,ASSAULT,8,0.22857142857142856,0.08321869051757454
1773,892ab2c0b8bffff,45,42.417688773555845,-83.1126592229041,0.6584488950400578,Palmer Park,12,W McNichols Rd & 3rd St,ASSAULT,9,0.2,0.08312021148130896
1774,892ab2c563bffff,49,42.390497705467176,-83.0943815898957,0.620777128975228,Gateway Community,10,Webb St & 3rd St,ASSAULT,11,0.22448979591836735,0.08302528294825803
1775,892ab2c6293ffff,83,42.4160008190965,-82.9648053364104,0.31065507929252695,Outer Drive-Hayes,09,Duchess St & Haverhill St,LARCENY,13,0.1566265060240964,0.08300312777688584
1776,892ab2c564bffff,52,42.39507404143544,-83.1094680863573,0.592875816694857,Dexter-Linwood,10,Woodrow Wilson St & W Buena Vista St,ASSAULT,12,0.23076923076923078,0.08298150829631248
1777,892ab2ce433ffff,86,42.402674953457,-83.1402364912929,0.2829332008297112,Pilgrim Village,10,Fenkell St & Livernois Ave,DAMAGE TO PROPERTY,11,0.12790697674418605,0.08297331118921947
1778,892ab2c65cfffff,54,42.4189074015356,-82.9164964525324,0.573585843314142,Cornerstone Village,05,Moross Rd & Kingsville Ave,STOLEN VEHICLE,11,0.2037037037037037,0.08289872057539877
1779,892ab2c5ac7ffff,38,42.3254475467398,-83.0780122049866,0.7188714257395055,Central Southwest,04,18th St & Bagley St,LARCENY,13,0.34210526315789475,0.08285825621690146
1780,892ab2c1a0fffff,66,42.4354982460408,-83.21728009047268,0.46353808511281275,Greenfield,08,Oakfield St & Saint Martins Ave,ASSAULT,12,0.18181818181818182,0.08284477838436084
1781,892ab2c0d3bffff,62,42.42941025631,-83.072766123976,0.4985244568868695,Northeast Central District,11,Joseph Campau St & E Hildale St,ASSAULT,14,0.22580645161290322,0.0827308114782119
1782,892ab21b6dbffff,58,42.30632340539111,-83.1238455248836,0.5348540749615721,Springwells,04,Springwells St & Pershing St,ASSAULT,15,0.25862068965517243,0.08272133501016779
1783,892ab2c63d3ffff,54,42.400661165196,-82.9557869032019,0.5711598594890753,Morningside,05,Southampton St & Alter Rd,AGGRAVATED ASSAULT,12,0.2222222222222222,0.08271000454275865
1784,892ab2cebdbffff,22,42.3238347526559,-83.1441019399328,0.8627242784646794,Claytown,04,Saint John St & Lawndale St,ASSAULT,5,0.22727272727272727,0.08270634055272284
1785,892ab2c7177ffff,21,42.398164240575,-83.006671353523,0.8711279854196199,Airport Sub,07,Knodell St & Raymond Ave,LARCENY,4,0.19047619047619047,0.08265117590168261
1786,892ab2cab33ffff,34,42.42703515595733,-83.27127168555755,0.7521471236048113,Seven Mile-Rouge,08,Grayfield St & Glenhurst St,DAMAGE TO PROPERTY,7,0.20588235294117646,0.08261121686819758
1787,892ab2ce2b3ffff,27,42.38573795265484,-83.1738531906171,0.8149265541054243,Grand River-I96,02,W Davison St & Cheyenne St,ASSAULT,7,0.25925925925925924,0.08253260362578148
1788,892ab2c1907ffff,88,42.42235795658409,-83.1627734014252,0.25758796602733375,Schulze,12,Thatcher St & Ilene St,ASSAULT,23,0.26136363636363635,0.08241948780010071
1789,892ab2c46b7ffff,79,42.3823589605249,-82.9967960869715,0.33957659316915656,West End,07,Cadillac Blvd & Cadillac Ave,AGGRAVATED ASSAULT,14,0.17721518987341772,0.08241737869762328
1790,892ab2c5cc7ffff,58,42.34772624347672,-83.0375173095798,0.5301192263108485,Eastern Market,07,Adelaide St & Orleans St,LARCENY,28,0.4827586206896552,0.0823530135715484
1791,892ab2c7547ffff,90,42.4235273091037,-83.0004998639174,0.237079833817142,Von Steuben,09,Bradford St & Sauer St,ASSAULT,27,0.3,0.08224194013105829
1792,892ab2c09b3ffff,33,42.4172748868434,-83.07167622350318,0.7564654456867093,North Campau,11,Joseph Campau St & Gaylord St,FRAUD,5,0.15151515151515152,0.08223825223140216
1793,892ab2ced43ffff,53,42.3387758201381,-83.1085939069127,0.5735883162509255,Chadsey Condon,04,Rich St & 28th St,ASSAULT,10,0.18867924528301888,0.08219002825578713
1794,892ab2c7257ffff,42,42.4187499213382,-83.0613841827093,0.6725291321614693,Davison,11,E McNichols Rd & Shields St,DAMAGE TO PROPERTY,9,0.21428571428571427,0.08208885181295542
1795,892ab2c1a4fffff,35,42.43711688722,-83.2281171360528,0.7353554369865893,O'Hair Park,08,Stahelin Ave & Pembroke Ave,WEAPONS OFFENSES,9,0.2571428571428571,0.08201388490010766
1796,892ab2c40c3ffff,33,42.37407559491601,-82.99876882303,0.7533710817546808,Gratiot Woods,07,Belvidere St & Sylvester St,ASSAULT,12,0.36363636363636365,0.08199754325438288
1797,892ab2cf587ffff,71,42.4052957594865,-83.1951560692373,0.40699877803306445,Belmont,02,Midland St & Coyle St,ASSAULT,14,0.19718309859154928,0.08199103823853507
1798,892ab2c5493ffff,66,42.406076392531226,-83.05505883981034,0.4513807892971617,Buffalo Charles,11,Talbot St & Conant St,FRAUD,13,0.19696969696969696,0.08189906860251642
1799,892ab2cf41bffff,24,42.4225778052958,-83.2294528368051,0.8326534140432976,Evergreen-Outer Drive,08,Warwick St & Curtis St,ASSAULT,7,0.2916666666666667,0.08178491286871536
1800,892ab2c0937ffff,24,42.4077219638833,-83.07480561364528,0.830804911372316,Campau/Banglatown,11,Saint Aubin St & Lawley St,STOLEN PROPERTY,7,0.2916666666666667,0.08164111879771296
1801,892ab2cf3abffff,58,42.3763413777642,-83.24136743057406,0.5203289348190093,Weatherby,06,Capitol St & Fielding St,ASSAULT,23,0.39655172413793105,0.08159143183730935
1802,892ab2c185bffff,56,42.4447291988866,-83.1992689024598,0.538250931851547,Schaefer 7/8 Lodge,12,Prest St & 8 Mile Service Drive,ASSAULT,29,0.5178571428571429,0.081567805382454
1803,892ab2cf103ffff,22,42.3820773984476,-83.2160319122607,0.8480403521029026,Schoolcraft Southfield,06,Archdale St & Glendale St,ASSAULT,10,0.45454545454545453,0.08156408548162898
1804,892ab2ca943ffff,83,42.4379807409439,-83.25741771063568,0.291894904131776,Evergreen Lahser 7/8,08,Lahser Rd & Pembroke Ave,STOLEN VEHICLE,18,0.21686746987951808,0.0815437834105345
1805,892ab2c4053ffff,30,42.37116769328338,-83.0050962447079,0.7746382045843175,Pingree Park,07,Seminole St & Sylvester St,DAMAGE TO PROPERTY,7,0.23333333333333334,0.08152524772482544
1806,892ab2c460bffff,26,42.3832002790155,-83.0178521860123,0.8109454611947533,Gratiot Town/Kettering,07,Van Dyke St & Medbury St,ASSAULT,6,0.23076923076923078,0.08151403176998967
1807,892ab2cf393ffff,78,42.3862633034206,-83.2379083713248,0.3366051152377024,Brightmoor,06,Evergreen Rd & Schoolcraft St,ASSAULT,12,0.15384615384615385,0.08147734427122533
1808,892ab2c752fffff,62,42.41314990941942,-82.991094378565,0.4822088769902728,Eden Gardens,09,Saint Patrick St & Gratiot Ave,ASSAULT,13,0.20967741935483872,0.08146163091876449
1809,892ab2ce477ffff,59,42.4025893603,-83.14981036571942,0.5088277159880835,Chalfonte,10,Greenlawn St & Fenkell St,ASSAULT,13,0.22033898305084745,0.08140564263439075
1810,892ab2cf067ffff,84,42.3901747099956,-83.2412167729513,0.28043265816767426,Brightmoor,06,Stout St & Acacia St,ASSAULT,29,0.34523809523809523,0.08136102588685946
1811,892ab2c71b7ffff,84,42.4035726289363,-82.987394476673,0.2800510968380082,Wade,09,Elmdale St & Barrett St,ASSAULT,28,0.3333333333333333,0.08133134442748638
1812,892ab2c0a03ffff,37,42.428106525953,-83.13457853020685,0.7080958094980945,University District,12,Muirland St & Margareta St,LARCENY,15,0.40540540540540543,0.08131114188963513
1813,892ab2d5b03ffff,82,42.444133358939,-82.9805626843392,0.29763612498632186,Mohican Regent,09,Fairmount Dr & Hoyt St,DAMAGE TO PROPERTY,16,0.1951219512195122,0.08128150533662876
1814,892ab2ca91bffff,73,42.43659933697832,-83.2476738150893,0.3794154464510022,Evergreen Lahser 7/8,08,Pembroke Ave & Pierson St,ASSAULT,14,0.1917808219178082,0.08126311445329554
1815,892ab2cf107ffff,46,42.3797969009792,-83.212316618189,0.6251795807017269,Schoolcraft Southfield,06,Fullerton St & Memorial St,ASSAULT,12,0.2608695652173913,0.0812410933370172
1816,892ab2c4667ffff,45,42.3750028562014,-83.01770114961003,0.6340589446440225,Gratiot Town/Kettering,07,Gratiot Ave & Sheridan St,ASSAULT,9,0.2,0.0812229297981129
1817,892ab2c50d7ffff,27,42.385001178382126,-83.07570342631512,0.7980156003048597,North End,03,Owen St & Brush St,BURGLARY,6,0.2222222222222222,0.08121710923689573
1818,892ab2c529bffff,62,42.3831736975917,-83.1004688379713,0.4784983628792873,Dexter-Linwood,10,Woodrow Wilson St & W Boston Blvd,ASSAULT,18,0.2903225806451613,0.08117299193657296
1819,892ab2c509bffff,37,42.3864363486048,-83.070113304326,0.7059014022984929,North End,03,Owen St & Delmar St,DAMAGE TO PROPERTY,9,0.24324324324324326,0.08114044008345375
1820,892ab2ce887ffff,56,42.3362700694552,-83.1168470244948,0.5327067250397857,Chadsey Condon,04,Rich St & 35th St,ASSAULT,11,0.19642857142857142,0.0811365243892169
1821,892ab21b643ffff,53,42.2980415063833,-83.1312100905916,0.5598084791591241,Springwells,04,Distel St & Olivet St,ASSAULT,13,0.24528301886792453,0.08111810182349924
1822,892ab2c1ab7ffff,51,42.43763004136704,-83.2001687746103,0.5770585827123262,Greenfield,08,Greenfield Rd & Pembroke Ave,ASSAULT,13,0.2549019607843137,0.08104220912083679
1823,892ab2cc6c3ffff,70,42.3695532450966,-83.2313260321095,0.40390982988891405,Franklin Park,06,Minock St & Elmira St,ASSAULT,19,0.2714285714285714,0.08104186586477558
1824,892ab2c5a77ffff,19,42.3147859144162,-83.0800385558356,0.8685062132597313,West Side Industrial,04,W Jefferson Ave & 24th St,WEAPONS OFFENSES,7,0.3684210526315789,0.08102946021910444
1825,892ab2c0813ffff,58,42.4348655861932,-83.1002958171992,0.5126559219334395,Nolan,11,Keating St & Emery St,ASSAULT,13,0.22413793103448276,0.08099455211568901
1826,892ab2c508fffff,58,42.3807789155588,-83.0700805740023,0.512571297443208,North End,03,Hague St & Oakland St,DAMAGE TO PROPERTY,11,0.1896551724137931,0.0809879692201661
1827,892ab2c51cfffff,34,42.3650197062343,-83.0612900879627,0.7309822838035553,Cultural Center,03,E Palmer St & Beaubien St,ASSAULT,9,0.2647058823529412,0.08096481487759616
1828,892ab2cee8fffff,51,42.3536120783424,-83.1409565951824,0.5756999784552984,Midwest,02,Garden St & Prairie St,ASSAULT,17,0.3333333333333333,0.08093652399521267
1829,892ab2cf3a3ffff,63,42.37637855803724,-83.236396034023,0.46629614722310014,Weatherby,06,Capitol St & Vaughan St,ASSAULT,14,0.2222222222222222,0.08093267255155268
1830,892ab2cc057ffff,29,42.34660411912916,-83.21382497841444,0.7760731256803719,Warren Ave Community,06,Sawyer St & Longacre St,AGGRAVATED ASSAULT,8,0.27586206896551724,0.08092798480997201
1831,892ab2c0a27ffff,73,42.417360091514,-83.1281437889951,0.37483164896824406,Detroit Golf,12,Normandy St & W McNichols Rd,LARCENY,22,0.3013698630136986,0.08090654320725763
1832,892ab2c4597ffff,21,42.3775124766515,-82.9511667678856,0.848609252352881,Riverbend,05,Eastlawn St & Kercheval St,ASSAULT,7,0.3333333333333333,0.08089945525106372
1833,892ab2cf447ffff,46,42.417529578464354,-83.23451987878221,0.620636143138884,Evergreen-Outer Drive,08,Edinborough Rd & Santa Maria St,STOLEN VEHICLE,15,0.32608695652173914,0.08088766166836864
1834,892ab2c0b6bffff,78,42.4055791078733,-83.12619997225764,0.3289104905984947,Pilgrim Village,12,Normandy St & Hughes St,ASSAULT,23,0.2948717948717949,0.08087878338241715
1835,892ab2c5dd7ffff,38,42.335827903514684,-83.01729095960448,0.6920673155736892,Rivertown,07,Joseph Campau St & River Pl,LARCENY,15,0.39473684210526316,0.08077317828823788
1836,892ab2ce0cbffff,108,42.3951755967751,-83.1634945556207,0.054139621929572355,Bethune Community,02,Lyndon St & Birwood St,ASSAULT,28,0.25925925925925924,0.08077103962781783
1837,892ab2c5cdbffff,17,42.3526579136301,-83.0447340779722,0.883053323478061,Forest Park,07,Russell St & Mack Ave,DAMAGE TO PROPERTY,4,0.23529411764705882,0.08074330305666318
1838,892ab2cf3dbffff,55,42.3879138166453,-83.2562327863294,0.5362819753882595,Brightmoor,06,Greydale St & Barbara St,ASSAULT,10,0.18181818181818182,0.08070575658487769
1839,892ab2cec3bffff,56,42.347917015072625,-83.116392146529,0.5264076408699757,Midwest,10,30th St & Cobb Pl,AGGRAVATED ASSAULT,12,0.21428571428571427,0.08064652187497506
1840,892ab2c528bffff,40,42.3799276890999,-83.1019104801656,0.6709176723838495,Boston Edison,10,Chicago Blvd & Rosa Parks Blvd,LARCENY,8,0.2,0.08054572781039543
1841,892ab2cee83ffff,90,42.3570346311602,-83.1383150680815,0.2146181415941927,Midwest,02,Livernois Ave & Van Buren St,BURGLARY,18,0.2,0.0804946566583081
1842,892ab2cc697ffff,84,42.3675401269097,-83.21550964815354,0.26926339069826966,Joy Community,06,Orangelawn St & Ashton Ave,ASSAULT,32,0.38095238095238093,0.08049217432134484
1843,892ab2c1987ffff,65,42.4278379900451,-83.15538996492724,0.4413043748496595,Bagley,12,Cherrylawn St & Margareta St,ASSAULT,15,0.23076923076923078,0.08040634482278709
1844,892ab2ce96bffff,57,42.310559084895,-83.1188817462899,0.5139895399410517,Springwells,04,N Green St & Lane St,ASSAULT,15,0.2631578947368421,0.0803894088857455
1845,892ab2ce337ffff,81,42.3589539562875,-83.15789715214362,0.29510708473998315,Barton-McFarland,02,Esper St & Joy Rd,ASSAULT,14,0.1728395061728395,0.08037588790994973
1846,892ab2ceedbffff,72,42.3608143524458,-83.1530979926937,0.3765051110978652,Barton-McFarland,02,Ohio St & Stawell St,ASSAULT,17,0.2361111111111111,0.08032783627658326
1847,892ab2c606bffff,79,42.4040358164768,-82.9546506627889,0.3110671597788862,Morningside,05,Lakepointe St & Linville St,LARCENY,14,0.17721518987341772,0.08019964455338117
1848,892ab2cf0abffff,29,42.3959325061678,-83.2287289997438,0.7664727922180073,Rosedale Park,08,Artesian St & Eaton St,ASSAULT,8,0.27586206896551724,0.08018117981303854
1849,892ab2cc64bffff,92,42.3627362624601,-83.2433592437963,0.1921518614314031,Franklin Park,06,Westfield St & Patton St,ASSAULT,22,0.2391304347826087,0.08016478566826149
1850,892ab2cab23ffff,73,42.4249605705494,-83.2725299069702,0.36517926223499464,Seven Mile-Rouge,08,Roxford St & Appleton St,ASSAULT,21,0.2876712328767123,0.08015568901318366
1851,892ab2c5cabffff,77,42.3400818396888,-83.0279986689043,0.32841875440849233,Elmwood Park,07,E Lafayette St & Stafford Pl,ASSAULT,24,0.3116883116883117,0.08013164678929557
1852,892ab2c0897ffff,55,42.4374871789958,-83.0917565887853,0.5282606848916804,Nolan,11,E Lantz St & Cardoni St,ASSAULT,23,0.41818181818181815,0.08008178452722119
1853,892ab2c1a57ffff,60,42.4407284039922,-83.2223587312415,0.4816617432122751,O'Hair Park,08,Glastonbury Rd & Trojan St,ASSAULT,15,0.25,0.0800013002877056
1854,892ab2cc66bffff,66,42.3539144039062,-83.2395355658933,0.42674701588241365,Warrendale,06,Van Buren Ave & Fielding St,STOLEN VEHICLE,13,0.19696969696969696,0.07998282005223639
1855,892ab2cf303ffff,34,42.3793004795941,-83.2464053522709,0.7183186880051736,Brightmoor,06,Burt Rd & Fullerton,ASSAULT,14,0.4117647058823529,0.07997972028078329
1856,892ab2cf36bffff,43,42.3716043539372,-83.2608756015353,0.6352112326640182,West Outer Drive,06,Plymouth Rd & W Outer Dr,LARCENY,9,0.20930232558139536,0.07989479631370673
1857,892ab2cf497ffff,66,42.424731197311,-83.2136979725926,0.425316841872779,College Park,08,Margareta St & Lindsay St,LARCENY,12,0.18181818181818182,0.07987156755240746
1858,892ab2ce037ffff,18,42.38101262263447,-83.1481148941631,0.8626059620500249,Littlefield Community,02,Fullerton St & Tuller St,DAMAGE TO PROPERTY,4,0.2222222222222222,0.07986159802738371
1859,892ab2c454bffff,40,42.3714954437631,-82.9807667109204,0.6620047891157765,East Village,05,E Vernor Hwy & Montclair St,ASSAULT,8,0.2,0.07985239921011553
1860,892ab2c51a3ffff,22,42.3593118677565,-83.044078369008,0.8258455568470654,Forest Park,07,Dequindre St & E Canfield St,ASSAULT,8,0.36363636363636365,0.07983756378652819
1861,892ab2c63b7ffff,86,42.38930095277513,-82.93736935533639,0.2421586586063328,Morningside,05,Buckingham Ave & Mack Ave,ASSAULT,17,0.19767441860465115,0.07980148054401666
1862,892ab2ce983ffff,55,42.3223669735268,-83.10054618738162,0.5244560134066603,Central Southwest,04,Toledo St & Lansing St,LARCENY,12,0.21818181818181817,0.07978582109138407
1863,892ab2ce60fffff,88,42.40209085271864,-83.1791106154336,0.22347438463619473,Bethune Community,02,Fenkell St & Schaefer Hwy,DAMAGE TO PROPERTY,19,0.2159090909090909,0.0797658098683839
1864,892ab2c197bffff,70,42.4220819034896,-83.1751811127157,0.3871415086050998,Schulze,12,Santa Clara St & Sorrento St,LARCENY,16,0.22857142857142856,0.07973746678592794
1865,892ab2c1a6bffff,68,42.4334986007982,-83.2279130295617,0.40501808046425003,O'Hair Park,08,Stahelin Ave & Vassar Ave,ASSAULT,19,0.27941176470588236,0.07971030673022372
1866,892ab2c45bbffff,100,42.37028331708155,-82.95616483848752,0.11303477582541178,Jefferson Chalmers,05,Algonquin St & E Jefferson Ave,FRAUD,31,0.31,0.07968138582019604
1867,892ab2c769bffff,43,42.4478735194717,-83.0394108859109,0.6317169011171095,Farwell,11,Mount Elliott St & E 8 Mile Rd,LARCENY,29,0.6744186046511628,0.07962297406186478
1868,892ab2c7463ffff,62,42.43403586912621,-83.02104772755249,0.45855321479805533,Nortown,11,E 7 Mile Rd & Veach St,ASSAULT,12,0.1935483870967742,0.07962146913686664
1869,892ab2ce463ffff,55,42.40256605429188,-83.1523623810364,0.5221235203683338,Chalfonte,10,Fenkell St & Roselawn St,ASSAULT,10,0.18181818181818182,0.07960437765890713
1870,892ab2c440bffff,49,42.3860324646693,-82.9872397211255,0.5767870433549928,West End,05,Fairview St & E Warren Ave,DAMAGE TO PROPERTY,9,0.1836734693877551,0.07960331683786091
1871,892ab2c1b6fffff,92,42.4122214697987,-83.2046372374704,0.18480100358303767,Crary/St Marys,08,Mansfield St & Verne St,ASSAULT,20,0.21739130434782608,0.07959296622111128
1872,892ab2c7273ffff,38,42.4151368682507,-83.0600028761506,0.6766014200811042,Davison,11,Ryan Rd & E Davison St,LARCENY,10,0.2631578947368421,0.07957009424108556
1873,892ab2cf05bffff,64,42.40221206799391,-83.2520455084583,0.4386806237666853,Brightmoor,08,Keeler St & Bentler St,ASSAULT,14,0.21875,0.07949335988889175
1874,892ab2c6a9bffff,39,42.362214621914426,-82.9404343943662,0.665734528356161,Jefferson Chalmers,05,Lakewood St & Korte St,ASSAULT,14,0.358974358974359,0.07943364901713346
1875,892ab2c1bcfffff,58,42.4267862709792,-83.1997223474086,0.4919497125379259,College Park,08,Greenfield Rd & Margareta St,ASSAULT,14,0.2413793103448276,0.07938382674820665
1876,892ab21b6c3ffff,76,42.3051494751125,-83.1226645075815,0.32775761363502237,Springwells,04,Springwells St & Homer St,ASSAULT,23,0.3026315789473684,0.07937133230085057
1877,892ab2c7663ffff,62,42.4315563949657,-83.0501692139325,0.4541968242657902,Krainz Woods,11,Moenart St & E Robinwood St,ASSAULT,18,0.2903225806451613,0.0792825877604183
1878,892ab2c0d33ffff,59,42.4297149579446,-83.0687385362343,0.48056011578047997,Conant Gardens,11,Klinger St & E Hildale St,ASSAULT,17,0.288135593220339,0.07920672056891112
1879,892ab2cc687ffff,111,42.3650231357849,-83.21748094216495,0.006616724159382174,Franklin Park,06,S M 39 & W Chicago St,DAMAGE TO PROPERTY,17,0.15315315315315314,0.07920091194355322
1880,892ab2cf6d3ffff,24,42.425373139462,-83.2590813420795,0.7994314164451146,Old Redford,08,Cooley St & Roxford St,ASSAULT,5,0.20833333333333334,0.07920059078118613
1881,892ab2c6287ffff,92,42.41049377339048,-82.96244699072889,0.1797336322600826,Outer Drive-Hayes,09,Elmdale St & Manistique St,ASSAULT,21,0.22826086956521738,0.07919877801503118
1882,892ab2c1913ffff,69,42.4277454676618,-83.1630055711097,0.38841031442454577,Schulze,12,Margareta St & Ilene St,LARCENY,15,0.21739130434782608,0.07912728184923803
1883,892ab2c1b73ffff,80,42.4177915864227,-83.1993771142554,0.28809022627604236,College Park,08,Greenfield Rd & Santa Maria St,ASSAULT,19,0.2375,0.07912116541485066
1884,892ab2ca913ffff,53,42.4383465728489,-83.2452621964088,0.5335275157277647,Evergreen Lahser 7/8,08,Fargo St & Braile St,DAMAGE TO PROPERTY,10,0.18867924528301888,0.07907371920994667
1885,892ab2ce473ffff,73,42.40487610702511,-83.1515922286395,0.3510084546646368,Fitzgerald/Marygrove,10,Cloverlawn St & Keeler Ave,DAMAGE TO PROPERTY,12,0.1643835616438356,0.07905334918867518
1886,892ab2cc293ffff,74,42.35042647656968,-83.22957637665512,0.3418851508163505,Warrendale,06,Tireman St & Grandville Ave,ASSAULT,24,0.32432432432432434,0.0790525367678944
1887,892ab2c747bffff,69,42.43723448418475,-83.0222034183691,0.38714550195794367,Nortown,11,Terrell St & Bliss St,ASSAULT,18,0.2608695652173913,0.0790288927386988
1888,892ab2c7433ffff,79,42.4363836584369,-83.0058269626913,0.2957565878491159,Pulaski,09,Hoover St & Lappin St,ASSAULT,23,0.2911392405063291,0.07900864304620586
1889,892ab2ce5a3ffff,84,42.3891686737854,-83.11496999502357,0.25000737402584705,Dexter-Linwood,10,Highland St & La Salle Blvd,ASSAULT,21,0.25,0.07899425869910379
1890,892ab2c743bffff,33,42.43635388881555,-83.00896255471994,0.7146235185203824,Pulaski,09,Beland St & Lappin St,ASSAULT,6,0.18181818181818182,0.0789833902610719
1891,892ab2cf00bffff,35,42.3979485762896,-83.2404471730595,0.6959824381028837,Brightmoor,06,W Outer Dr & Heyden St,ASSAULT,8,0.22857142857142856,0.07895107958965909
1892,892ab2cd52bffff,32,42.3493631137823,-83.25689906473242,0.7226963966595448,Far West Detroit,06,Dolphin St & Tireman St,DAMAGE TO PROPERTY,5,0.15625,0.07890249060679233
1893,892ab2c0d5bffff,73,42.4399364040503,-83.0878784716706,0.3486120100146793,Nolan,11,Riopelle St & E State Fair St,ASSAULT,20,0.273972602739726,0.07886693099325742
1894,892ab2c428bffff,22,42.3702738429699,-83.0211016287165,0.8128698079846596,Gratiot Town/Kettering,07,E Forest Ave & Concord St,OBSTRUCTING THE POLICE,4,0.18181818181818182,0.07882818696358898
1895,892ab2c51b7ffff,69,42.359255138607935,-83.0409313608074,0.38452637358454367,McDougall-Hunt,07,Saint Aubin St & E Willis St,ASSAULT,19,0.2753623188405797,0.0788251520910918
1896,892ab2c50a3ffff,47,42.3760118311999,-83.0632194881901,0.5846683166569029,North End,03,Custer St & Cameron St,ASSAULT,13,0.2765957446808511,0.07879862765385592
1897,892ab2c5033ffff,35,42.37279058706184,-83.06921046770768,0.6933022356365636,North End,03,Horton St & Beaubien St,LARCENY,16,0.45714285714285713,0.07874258801981018
1898,892ab2ce837ffff,41,42.3255815229813,-83.118031673915,0.6384193250145018,Michigan-Martin,04,Cicotte St & Otis St,ASSAULT,14,0.34146341463414637,0.07872658278965866
1899,892ab2c6563ffff,111,42.40713049530575,-82.9190289747775,-0.01103226653914842,Cornerstone Village,05,Marseilles St & Munich St,ASSAULT,28,0.25225225225225223,0.07868620037807184
1900,892ab2cc2abffff,96,42.3395520382522,-83.2315542668366,0.1365713083323967,Warrendale,06,Minock St & Whitlock St,ASSAULT,26,0.2708333333333333,0.07867674181285525
1901,892ab2c6547ffff,63,42.4128629910726,-82.9207419940189,0.4369461186681107,Cornerstone Village,05,Farmbrook St & Frankfort St,AGGRAVATED ASSAULT,10,0.15873015873015872,0.07864954894226009
1902,892ab2c0863ffff,57,42.42671940330759,-83.1113312597895,0.4900289757123802,Grixdale Farms,12,Woodward Ave & W Greendale St,ASSAULT,15,0.2631578947368421,0.07852552893142253
1903,892ab2c7193ffff,66,42.4128066941805,-82.99438141088889,0.40781090049401486,Gratiot-Findlay,09,Gratiot Ave & Flanders St,DAMAGE TO PROPERTY,12,0.18181818181818182,0.07850978938616598
1904,892ab2ca947ffff,45,42.43463990204874,-83.2548480270127,0.5991734036102504,Evergreen Lahser 7/8,08,Chapel St & Saint Martins Ave,ASSAULT,11,0.24444444444444444,0.07850920152326901
1905,892ab2cc9afffff,23,42.269098531765,-83.15123373472066,0.7991258311657986,Boynton,04,Downing St & S Ethel St,ASSAULT,6,0.2608695652173913,0.07846793477155982
1906,892ab2c759bffff,57,42.43303363172681,-82.9874137892256,0.48904547471288107,Franklin,09,Pelkey St & Eastwood St,ASSAULT,14,0.24561403508771928,0.07844902289506511
1907,892ab2ce05bffff,62,42.3914057414121,-83.1699933407792,0.4431334891229687,Happy Homes,02,Appoline St & Intervale St,ASSAULT,9,0.14516129032258066,0.0784219766160452
1908,892ab2c44d7ffff,34,42.3948128024416,-82.9841349240587,0.6981042224531225,Chandler Park,05,Conner St & Olga St,DAMAGE TO PROPERTY,5,0.14705882352941177,0.0784072474136905
1909,892ab2c1963ffff,50,42.4184929559975,-83.1712893533235,0.5516543661404,Schulze,12,Appoline St & Santa Maria St,LARCENY,9,0.18,0.07835714350596168
1910,892ab2ce0c7ffff,28,42.3917042134178,-83.157174562015,0.7519365971176412,Davison-Schoolcraft,10,Indiana St & Intervale St,ASSAULT,8,0.2857142857142857,0.07834153199261391
1911,892ab2c5533ffff,30,42.374353277802705,-83.0383513549888,0.7318749634051623,Poletown East,07,Elmwood St & E Grand Blvd,ASSAULT,11,0.36666666666666664,0.07819871721181153
1912,892ab2ce017ffff,62,42.38865365828998,-83.15188000127466,0.4400788609361772,Davison-Schoolcraft,10,Roselawn St & Schoolcraft St,ASSAULT,16,0.25806451612903225,0.07818435866218844
1913,892ab2cf5d3ffff,93,42.4121326100251,-83.2088846763736,0.15647953175927376,Crary/St Marys,08,Murray Hill St & Verne St,DAMAGE TO PROPERTY,15,0.16129032258064516,0.07809873819843917
1914,892ab2cab3bffff,34,42.4266102679512,-83.2766439986077,0.6932849391791062,Seven Mile-Rouge,08,Dale St & Clarita St,ASSAULT,8,0.23529411764705882,0.0780323578491996
1915,892ab2ce967ffff,75,42.3077939543499,-83.1133074328407,0.31871857752161914,Central Southwest,04,Army St & Beard St,ASSAULT,15,0.2,0.07795930564759634
1916,892ab2cf697ffff,65,42.4215388972908,-83.2439018563263,0.4096796301290105,Holcomb Community,08,Stout St & Glenco St,ASSAULT,15,0.23076923076923078,0.07794627221419365
1917,892ab2c66cbffff,69,42.43528703079469,-82.9703735373483,0.37292023350586484,Regent Park,09,E 7 Mile Rd & Maccrary Ave,ASSAULT,10,0.14492753623188406,0.07792231643024253
1918,892ab2c4493ffff,18,42.395514936388444,-82.97514369966215,0.8373755183832419,Chandler Park,05,Chandler Park & Chandler Park Dr,LARCENY,3,0.16666666666666666,0.07789893480541671
1919,892ab2cee17ffff,66,42.349588497071,-83.14301492932677,0.39978602990876977,Midwest,02,Diversey & Prairie St,ASSAULT,16,0.24242424242424243,0.0778855388352555
1920,892ab2c0d13ffff,66,42.43791993946354,-83.07249024379949,0.3987239339482964,Pershing,11,Mitchell St & E Lantz St,ASSAULT,19,0.2878787878787879,0.07780291893735156
1921,892ab2cee37ffff,22,42.34355270514923,-83.13945959929623,0.7995607778095959,Claytown,04,Larkins St & Sarena St,STOLEN PROPERTY,4,0.18181818181818182,0.07779288435894093
1922,892ab2c5203ffff,35,42.3741277378467,-83.105576236459,0.6796615635360291,Virginia Park Community,10,Atkinson St & La Salle Blvd,BURGLARY,11,0.3142857142857143,0.07768148716053846
1923,892ab2cc29bffff,52,42.3503562114512,-83.2344240270135,0.5239719818588253,Warrendale,06,Evergreen Rd & Tireman St,ASSAULT,7,0.1346153846153846,0.0776215144622282
1924,892ab2cc90fffff,51,42.2699884095257,-83.1608098133321,0.5327310508607784,Boynton,04,Conway St & S Fort St,AGGRAVATED ASSAULT,9,0.17647058823529413,0.07759399324185315
1925,892ab2ca96fffff,40,42.4264196948455,-83.2533032343703,0.6328659319776161,Holcomb Community,08,Clarita St & Bentler St,STOLEN PROPERTY,7,0.175,0.07758570251660828
1926,892ab2ce5bbffff,99,42.3913310174178,-83.116939286888,0.09481654592789077,Dexter-Linwood,10,La Salle Blvd & Glendale St,ASSAULT,33,0.3333333333333333,0.0775553144087391
1927,892ab21b67bffff,24,42.291238436454336,-83.1281794168872,0.7770902183679459,Delray,04,S Leigh St & Melville St,ASSAULT,5,0.20833333333333334,0.07746268048599511
1928,892ab2cf323ffff,56,42.3695065501886,-83.2437106281045,0.4847981487657931,Franklin Park,06,Pierson St & Elmira St,ASSAULT,13,0.23214285714285715,0.07740974090845082
1929,892ab2cc023ffff,44,42.3363531969539,-83.20457528665558,0.5935794715057692,Warren Ave Community,06,Asbury Park & Paul Dr,ASSAULT,16,0.36363636363636365,0.07736516773702348
1930,892ab2ca98fffff,47,42.4403157771734,-83.2404162573094,0.5662268934966767,Evergreen Lahser 7/8,08,Trojan St & Evergreen Rd,ASSAULT,9,0.19148936170212766,0.07736407884150358
1931,892ab2c0a53ffff,66,42.4333584580262,-83.1436976229153,0.39238033026399344,Bagley,12,Cambridge Ave & Stoepel St,LARCENY,16,0.24242424242424243,0.0773094532729999
1932,892ab2ce487ffff,31,42.4124775088413,-83.1338512857031,0.7107884315280766,Martin Park,12,Muirland St & Florence St,ASSAULT,7,0.22580645161290322,0.07726729144240217
1933,892ab2cec2bffff,31,42.3452149389593,-83.1164725952028,0.7106341767459267,Midwest,10,30th St & W Warren Ave,LARCENY,7,0.22580645161290322,0.07725529204232279
1934,892ab2c1903ffff,105,42.4241250348129,-83.1651149487522,0.035963808582732626,Schulze,12,Curtis St & Birwood St,ASSAULT,25,0.23809523809523808,0.07723049840181709
1935,892ab2ce1abffff,53,42.3686341971826,-83.1301658382634,0.5091788023093321,Nardin Park,10,Ravenswood St & Yosemite St,ASSAULT,12,0.22641509433962265,0.07717964533000585
1936,892ab2c19d7ffff,36,42.4331205809645,-83.1642742111769,0.6640532666932204,McDowell,12,Cambridge Ave & Griggs St,LARCENY,8,0.2222222222222222,0.07717621047376384
1937,892ab2cc603ffff,41,42.3612813909887,-83.2274744667058,0.6177365184230718,Franklin Park,06,Dover St & Warwick St,LARCENY,10,0.24390243902439024,0.07711767791425611
1938,892ab2c6647ffff,98,42.4263550723255,-82.97019059603059,0.09654124026980236,Mapleridge,09,Troester St & Maccrary Ave,BURGLARY,16,0.16326530612244897,0.07698059280547992
1939,892ab2cc55bffff,46,42.3510114249629,-83.1923356264725,0.5698024484945414,Fiskhorn,02,Tireman Ave & Coyle St,ASSAULT,12,0.2608695652173913,0.07693333473568363
1940,892ab2cab57ffff,28,42.4349756833041,-83.2851031623576,0.733354648000133,Five Points,08,Frisbee St & Grandview St,ASSAULT,9,0.32142857142857145,0.07689605173839983
1941,892ab2c62bbffff,68,42.40819779596985,-82.96449174026577,0.3688243722975393,Outer Drive-Hayes,09,Chalmers St & Camden Ave,SEX OFFENSES,14,0.20588235294117646,0.07689481680766909
1942,892ab2ce127ffff,20,42.360545513721846,-83.13116765433422,0.8057326111527029,Midwest,10,Dailey Ct & Hillsboro St,BURGLARY,4,0.2,0.07685521872071208
1943,892ab2ce2cfffff,61,42.389586958914,-83.1915428396911,0.430047279670167,Cadillac Community,02,Grand River Ave & Lauder St,ASSAULT,15,0.2459016393442623,0.0766951224325633
1944,892ab2c08cbffff,32,42.4385254007021,-83.1123071932727,0.6942578395239016,Penrose,12,Fernhill St & Bauman St,DANGEROUS DRUGS,5,0.15625,0.0766902698899043
1945,892ab2c0eabffff,24,42.4466020235011,-83.1174844386019,0.7666550101551214,State Fair,12,Ralston St & W 8 Mile Rd,FRAUD,14,0.5833333333333334,0.076650931012091
1946,892ab2c605bffff,72,42.413219732754136,-82.9560672318687,0.3282635118759086,Outer Drive-Hayes,09,Haverhill St & Roxbury St,ASSAULT,14,0.19444444444444445,0.07657514711216483
1947,892ab2c44d3ffff,30,42.3979060624668,-82.9875133190336,0.7099312568753844,Ravendale,09,Harper Ave & Gunston Ave,STOLEN VEHICLE,5,0.16666666666666666,0.07649172757942813
1948,892ab2c5ccbffff,25,42.3503975719452,-83.0432132419233,0.7550581233674778,Eastern Market,07,Russell St & Erskine St,LARCENY,11,0.44,0.07645769984807768
1949,892ab2c514fffff,25,42.358934380319,-83.06832620499,0.7549237844038028,Wayne State,03,W Kirby St & Cass Ave,DAMAGE TO PROPERTY,4,0.16,0.07644724968926303
1950,892ab2ce56bffff,41,42.38456767959149,-83.1376616958023,0.6089113653599267,Russell Woods,10,Broadstreet Ave & Glendale St,LARCENY,12,0.2926829268292683,0.07643117380144626
1951,892ab2c66d3ffff,39,42.4390847542007,-82.96558360965386,0.6252454062316918,Regent Park,09,Hayes St & Novara St,ASSAULT,7,0.1794871794871795,0.0762840210544652
1952,892ab2c45d3ffff,67,42.380638988523,-82.9645990626406,0.3697166715192805,Riverbend,05,Goethe St & Anderdon Ave,FRAUD,14,0.208955223880597,0.07625534361660274
1953,892ab2cea37ffff,20,42.3230637327578,-83.148950926376,0.797697861273013,Claytown,04,Western St & Saint Stephens St,ASSAULT,5,0.25,0.07623019966457348
1954,892ab2c721bffff,27,42.418816630466,-83.0559219957093,0.7334764176389298,Davison,11,Hasse St & E McNichols Rd,ASSAULT,8,0.2962962962962963,0.0761966394478133
1955,892ab2c40afffff,27,42.3624639597425,-82.9827967407196,0.7329244956030735,East Village,07,Cadillac Blvd & Saint Paul St,ASSAULT,8,0.2962962962962963,0.07615370571682248
1956,892ab2c0a2fffff,64,42.4172895300659,-83.13173308136696,0.3955533650400581,University District,12,W McNichols Rd & Parkside St,LARCENY,14,0.21875,0.07613851263828854
1957,892ab21b25bffff,64,42.279397073509294,-83.144003017159,0.39543362160261186,Boynton,04,Pleasant St & S Deacon St,ASSAULT,18,0.28125,0.07612919785794414
1958,892ab2c520bffff,58,42.3734895541145,-83.1087926421861,0.44993682834844745,Jamison,10,Linwood St & Joy Rd,ASSAULT,10,0.1724137931034483,0.07611566611906931
1959,892ab2cf66bffff,49,42.4096814566149,-83.26708194166507,0.5317035273216503,Riverdale,08,Florence St & W Parkway St,BURGLARY,10,0.20408163265306123,0.07609629333862322
1960,892ab2c42a7ffff,49,42.3601172271241,-83.0104250466449,0.5307425003887741,Islandview,07,Charlevoix St & E Grand Blvd,LARCENY,14,0.2857142857142857,0.07602153554833677
1961,892ab2ce52fffff,56,42.3803391507201,-83.1245252184611,0.46677197267162424,Nardin Park,10,Tuxedo St & Dexter Ave,ASSAULT,13,0.23214285714285715,0.07600749395156103
1962,892ab2c7617ffff,35,42.439119876539074,-83.04040454018858,0.6577419503516078,Farwell,11,Oakley St & Saint Louis St,ASSAULT,8,0.22857142857142856,0.07597637173708495
1963,892ab2ce173ffff,38,42.366530359944,-83.1421566565905,0.6296377189031784,Midwest,02,W Chicago St & Burnette St,LARCENY,7,0.18421052631578946,0.07591681210753695
1964,892ab2c0c67ffff,103,42.4422359993258,-83.09835637654977,0.03670356624108768,Nolan,11,Irvington St & E Remington Ave,ASSAULT,29,0.2815533980582524,0.07587027439298615
1965,892ab2c53b3ffff,56,42.357916736236,-83.0731579493817,0.4649761674940815,Wayne State,03,Anthony Wayne Dr & Kirby St,DAMAGE TO PROPERTY,14,0.25,0.07586779919143989
1966,892ab2c4217ffff,16,42.36403770320187,-83.02080749382095,0.8289983707047338,Gratiot-Grand,07,Beaufait St & Sylvester St,AGGRAVATED ASSAULT,3,0.1875,0.07582951142462335
1967,892ab2ce093ffff,44,42.39807313846201,-83.1468698480804,0.5732150736198938,Chalfonte,10,Eaton St & Tuller St,ASSAULT,13,0.29545454545454547,0.07578103171088096
1968,892ab2c6e6fffff,64,42.36375583182914,-82.94236310068311,0.3899325609341583,Jefferson Chalmers,05,Piper Blvd & Avondale St,ASSAULT,21,0.328125,0.0757012731809795
1969,892ab2caba7ffff,20,42.4291420119854,-83.2619753347512,0.7892046731111118,Berg-Lahser,08,W 7 Mile Rd & Northrop St,ASSAULT,6,0.3,0.07556951893050637
1970,892ab21b24bffff,61,42.2771734428025,-83.14598272831596,0.41471875259677,Boynton,04,Gilroy St & S Deacon St,ASSAULT,12,0.19672131147540983,0.07550272420401016
1971,892ab2c0c7bffff,34,42.447006016034,-83.1028711781738,0.6606051803833916,Nolan,12,John R St & W 8 Mile Rd,FRAUD,12,0.35294117647058826,0.07549021623892169
1972,892ab2ceb8fffff,41,42.31691050927504,-83.1324480525113,0.5964786895920469,Springwells,04,Springwells St & Dix St,DAMAGE TO PROPERTY,12,0.2926829268292683,0.07546404235490799
1973,892ab2c1847ffff,41,42.4402803208718,-83.1931549045591,0.5961120233692528,Schaefer 7/8 Lodge,12,Marlowe St & Chippewa St,ASSAULT,12,0.2926829268292683,0.07543551957822917
1974,892ab2ceb87ffff,36,42.3171618316411,-83.12757739169562,0.6412490338081237,Springwells,04,Dix St & Central St,ASSAULT,7,0.19444444444444445,0.07540228093927553
1975,892ab2cf33bffff,60,42.3718363365271,-83.24621586590035,0.4225389932401177,Weatherby,06,Plymouth Rd & Burt Rd,LARCENY,11,0.18333333333333332,0.07540217200901136
1976,892ab2cc28bffff,102,42.34680161253012,-83.2367458327651,0.03846411226636743,Warrendale,06,Sawyer St & Vaughan St,DAMAGE TO PROPERTY,22,0.21568627450980393,0.07529834167371655
1977,892ab2c70cfffff,40,42.42580920982766,-83.0301931218075,0.6021217970198135,Grant,11,Carrie St & Varjo St,AGGRAVATED ASSAULT,6,0.15,0.07519413208805059
1978,892ab21b653ffff,79,42.3007122406,-83.1297069584251,0.2465749828815472,Springwells,04,Chamberlain St & Elsmere St,LARCENY,14,0.17721518987341772,0.07518283131883467
1979,892ab2c0893ffff,48,42.4397240529002,-83.0961641890433,0.528854979565273,Nolan,11,E State Fair St & Omira St,DANGEROUS DRUGS,12,0.25,0.07516582158724916
1980,892ab2cc003ffff,73,42.34352867721856,-83.2071259773932,0.30053723677148697,Warren Ave Community,06,Woodmont Ave & W Warren Ave,LARCENY,15,0.2054794520547945,0.07512721913583024
1981,892ab2ca9b3ffff,28,42.4369147114161,-83.23381342470212,0.7100090455651911,O'Hair Park,08,Edinborough Rd & Pembroke Ave,DAMAGE TO PROPERTY,10,0.35714285714285715,0.07508000934537418
1982,892ab2c5343ffff,47,42.35872171478426,-83.09767236264582,0.5367907966826991,NW Goldberg,03,Nebraska St & Linwood St,ASSAULT,12,0.2553191489361702,0.07507426002665989
1983,892ab2c1b1bffff,72,42.4249761203148,-83.1995804894877,0.3087928689631455,Winship,12,Greenfield Rd & Pickford St,ASSAULT,15,0.20833333333333334,0.07506053582519634
1984,892ab2c5323ffff,16,42.3502423323741,-83.0805442667775,0.81883897566714,Woodbridge,03,W Hancock St & Avery St,ASSAULT,6,0.375,0.07503921731560732
1985,892ab2ce907ffff,38,42.313598803250706,-83.1039540742848,0.6165099149146154,Central Southwest,04,Military St & Regular St,LARCENY,11,0.2894736842105263,0.07489560699462545
1986,892ab2ce9cbffff,18,42.32442031682258,-83.1159804386183,0.7984808318448939,Michigan-Martin,04,Gilbert St & John Kronk St,ASSAULT,4,0.2222222222222222,0.07487333716603586
1987,892ab2c1817ffff,21,42.4428659957006,-83.1809155522327,0.770776826198576,Schaefer 7/8 Lodge,12,Norfolk Ct & Schaefer Hwy,ASSAULT,4,0.19047619047619047,0.07484491089556233
1988,892ab2cf133ffff,35,42.3778206227056,-83.2110052058021,0.6423571013741124,Plymouth-I96,06,Abington Ave & E I 96 Service Drive,ASSAULT,9,0.2571428571428571,0.07477959225661152
1989,892ab2c76b3ffff,77,42.4387580493339,-83.02984439655665,0.2579911294454916,Nortown,11,E Lantz St & Rogge St,ASSAULT,21,0.2727272727272727,0.07465311810581679
1990,892ab2c7417ffff,17,42.4416452575046,-83.0059987264467,0.803550278602706,Pulaski,09,E State Fair St & Albion St,LARCENY,3,0.17647058823529413,0.07455880213103414
1991,892ab2c1bb7ffff,90,42.4202274618507,-83.1799682839652,0.1374616020836342,Schulze,12,Thatcher St & Schaefer Hwy,ASSAULT,19,0.2111111111111111,0.07449268917681733
1992,892ab2c46cfffff,75,42.3879970065406,-83.0208877086203,0.2735566686313419,Airport Sub,07,Van Dyke St & Walbridge St,ASSAULT,13,0.17333333333333334,0.07444618400838131
1993,892ab2c606fffff,40,42.402061461803584,-82.9510435489828,0.5924717194905972,Morningside,05,Beaconsfield St & Southampton St,ASSAULT,10,0.25,0.07444345752576938
1994,892ab2cc287ffff,27,42.3432478884176,-83.2280775392552,0.7104677593999105,Warrendale,06,Piedmont St & W Warren Ave,ASSAULT,5,0.18518518518518517,0.07440680777029968
1995,892ab2ced6bffff,94,42.3311931686152,-83.1095196260754,0.09972434322693936,Central Southwest,04,32nd St & Michigan Ave,LARCENY,17,0.18085106382978725,0.07439266599320869
1996,892ab2cf57bffff,36,42.3977876198747,-83.2165990027995,0.6282039602467355,Grandmont,08,Tournier St & Archdale St,ASSAULT,8,0.2222222222222222,0.07438751138369701
1997,892ab2c70b3ffff,53,42.4220883141871,-83.00776744405734,0.47253848082379324,Mount Olivet,09,Teppert St & Sauer St,ASSAULT,12,0.22641509433962265,0.07432941358733577
1998,892ab2cf48fffff,31,42.4227694493166,-83.2202019951468,0.6727253277289509,Evergreen-Outer Drive,08,Curtis St & Ashton Ave,ASSAULT,7,0.22580645161290322,0.07430638219613281
1999,892ab2cc207ffff,89,42.33949730793,-83.2352420894168,0.14358638463294848,Warrendale,06,Evergreen Rd & Whitlock St,ASSAULT,20,0.2247191011235955,0.074260248169656
2000,892ab2c5a83ffff,15,42.3250793942248,-83.0683029639386,0.8178858431191459,Corktown,03,Abbott St & Rosa Parks Blvd,ASSAULT,5,0.3333333333333333,0.07425618893736537
2001,892ab21b663ffff,20,42.2899606200831,-83.1272893232724,0.7711384113053134,Delray,04,S Leigh St & Keller St,STOLEN PROPERTY,7,0.35,0.07416415372674859
2002,892ab2c4687ffff,27,42.386697664001,-83.0037592933694,0.7072231459698908,West End,07,McClellan St & Nichols St,BURGLARY,7,0.25925925925925924,0.07415441096219344
2003,892ab2cc997ffff,36,42.2797915819565,-83.1478398908427,0.6240007889588958,Boynton,04,S Annabelle St & Gilroy St,AGGRAVATED ASSAULT,7,0.19444444444444445,0.07406054885338165
2004,892ab2c098bffff,44,42.4209805693912,-83.0803376582525,0.5510265440652654,Cadillac Heights,11,Lumpkin St & Stender St,ASSAULT,10,0.22727272727272727,0.07405499742145108
2005,892ab2c1a13ffff,84,42.44098258693044,-83.2136386853408,0.18568028405603623,Greenfield,08,Hessel Ave & Biltmore St,STOLEN VEHICLE,12,0.14285714285714285,0.07399028749164831
2006,892ab2c46d3ffff,29,42.3941278783288,-83.0173963871347,0.6866673628183281,Airport Sub,07,Bessemore St & Fischer St,ASSAULT,7,0.2413793103448276,0.07397315655095671
2007,892ab2c557bffff,36,42.3769989966321,-83.055238646182,0.6225142928931222,Milwaukee Junction,07,Wetherbee St & E Grand Blvd,ASSAULT,7,0.19444444444444445,0.07394491508980525
2008,892ab2cf293ffff,20,42.4039097779768,-83.25827278605416,0.7677252099270714,Brightmoor,08,Rockdale St & Midland St,DAMAGE TO PROPERTY,6,0.3,0.0738986425489542
2009,892ab2c507bffff,46,42.3729355261134,-83.0862562366035,0.5303269562732426,Virginia Park Community,10,Virginia Park St & Hamilton,LARCENY,11,0.2391304347826087,0.07386255652127635
2010,892ab2c639bffff,97,42.3991098459968,-82.9478213807297,0.06349351308610732,Morningside,05,Nottingham Rd & E Warren Ave,LARCENY,19,0.1958762886597938,0.07370094243567309
2011,892ab2c72b7ffff,21,42.41732307286829,-83.0394160694129,0.7555403130045855,Davison,11,Desner St & Saint Louis St,RUNAWAY,6,0.2857142857142857,0.07365967037931132
2012,892ab2cf39bffff,33,42.3861548263436,-83.2431609378806,0.6449472941172681,Brightmoor,06,Schoolcraft St & Patton St,ASSAULT,8,0.24242424242424243,0.07356331264025898
2013,892ab2cec53ffff,56,42.35879185211014,-83.12585987533001,0.43341308013323365,Midwest,10,Maplewood St & Ironwood St,ASSAULT,13,0.23214285714285715,0.0734125228771187
2014,892ab2cc3cbffff,26,42.3323698833861,-83.22652278263244,0.7066754338862152,Warrendale,06,Warwick St & Kirkwood St,ASSAULT,8,0.3076923076923077,0.07340292003312439
2015,892ab2cf3c3ffff,37,42.3854902425933,-83.2515038905605,0.6060498425812083,Brightmoor,06,Barbara St & Bentler St,AGGRAVATED ASSAULT,6,0.16216216216216217,0.07337303866549273
2016,892ab2c1a07ffff,74,42.43560434055695,-83.2121819303916,0.26883609850693,Greenfield,08,Gilchrist St & Saint Martins Ave,ASSAULT,18,0.24324324324324326,0.07337008860088111
2017,892ab2c2b6fffff,55,42.4451153782329,-83.0719354743783,0.4405866520515004,Butler,11,Mitchell St & E Winchester Ave,ASSAULT,12,0.21818181818181817,0.07326166665495833
2018,892ab2ce8cfffff,36,42.3386277066493,-83.1325677169464,0.6135077487051115,Claytown,04,Gladys St & Daniels St,FRAUD,6,0.16666666666666666,0.07324430065478833
2019,892ab2cec17ffff,67,42.35394003258399,-83.1124061026555,0.33091009941763755,Midwest,10,Scovel Pl & W Grand Blvd,ASSAULT,19,0.2835820895522388,0.07323660035388405
2020,892ab2c5a53ffff,53,42.32389501013016,-83.0878897708021,0.4584233445359858,Central Southwest,04,W Vernor Hwy & 25th St,ASSAULT,13,0.24528301886792453,0.07323140440323236
2021,892ab2c7537ffff,65,42.4171274269898,-82.9831663257109,0.3489213532257964,Eden Gardens,09,Park Dr & Jane St,BURGLARY,11,0.16923076923076924,0.07321991713764696
2022,892ab21b6d7ffff,26,42.3047499235741,-83.1161705005682,0.7039072829619495,Central Southwest,04,W Lafayette Blvd & Wheelock St,ASSAULT,8,0.3076923076923077,0.07318758699801557
2023,892ab219683ffff,40,42.2594729741486,-83.16335980508894,0.5758785051115353,Boynton,04,Salliotte St & S Annabelle St,ASSAULT,14,0.35,0.07315267992288185
2024,892ab2cc3d3ffff,68,42.3344986181572,-83.22046810098404,0.3206413112495361,Warrendale,06,Dayton St & Penrod St,ASSAULT,23,0.3382352941176471,0.07314668129766186
2025,892ab2c454fffff,25,42.3672739979615,-82.9775251131732,0.7120294400087558,East Village,05,Kercheval St & Montclair St,BURGLARY,6,0.24,0.07311052072458846
2026,892ab2c767bffff,77,42.43334485057882,-83.05354160100677,0.23657780222909036,Farwell,11,Fenelon St & E 7 Mile Rd,ASSAULT,15,0.19480519480519481,0.0729873864071346
2027,892ab2c098fffff,68,42.4185494248661,-83.0781129669688,0.31820938726499876,Cadillac Heights,11,E McNichols Rd & Goddard St,ASSAULT,17,0.25,0.07295750318307503
2028,892ab2ce193ffff,46,42.3793347739816,-83.12938037862197,0.5186528472091199,Nardin Park,10,Elmhurst St & Petoskey Ave,ASSAULT,19,0.41304347826086957,0.07295443358804587
2029,892ab2c6057ffff,69,42.41232018841,-82.9495935290772,0.30887164573630366,Outer Drive-Hayes,09,McKinney Ave & Devonshire Rd,ASSAULT,12,0.17391304347826086,0.0729400097655468
2030,892ab2cf08bffff,45,42.4044085204645,-83.2327533384906,0.5274839789265935,Rosedale Park,08,Midland St & W Outer Dr,STOLEN VEHICLE,12,0.26666666666666666,0.07293251808920688
2031,892ab2ce257ffff,53,42.3871630610052,-83.1948712513299,0.4544307359161964,Cadillac Community,02,Schoolcraft St & Whitcomb St,ASSAULT,14,0.2641509433962264,0.07292082143444828
2032,892ab2c45b3ffff,52,42.3708337730401,-82.950437515419,0.46266792078734653,Riverbend,05,E Jefferson Ave & Drexel St,LARCENY,11,0.21153846153846154,0.07285270311625033
2033,892ab2c0d97ffff,50,42.4421826971557,-83.0625927012264,0.4798127821369704,Farwell,11,Cordova St & Dean St,ASSAULT,18,0.36,0.07276862367675957
2034,892ab2cabb3ffff,46,42.4324222130576,-83.263217047612,0.5160874298974395,Berg-Lahser,08,McIntyre St & Vassar Ave,ASSAULT,11,0.2391304347826087,0.07275487109627482
2035,892ab2c4293ffff,20,42.3714861488327,-83.01778127159359,0.7526404724798668,Gratiot-Grand,07,E Forest Ave & E Grand Blvd,LARCENY,9,0.45,0.07272520858989803
2036,892ab2ceec7ffff,55,42.35673108105455,-83.14990474748636,0.433156951400014,Barton-McFarland,02,Roselawn St & Mackenzie St,ASSAULT,15,0.2727272727272727,0.07268371406674862
2037,892ab2c61c7ffff,66,42.3978624178053,-82.9239624562307,0.33288533237509754,Cornerstone Village,05,Gravier St & Cadieux Rd,ASSAULT,14,0.21212121212121213,0.07268136802052885
2038,892ab2cec57ffff,55,42.3556001117695,-83.1235823287382,0.43231407764917124,Midwest,10,Allendale St & Ironwood St,DAMAGE TO PROPERTY,12,0.21818181818181817,0.07261814735165678
2039,892ab2c1a1bffff,94,42.4408944070286,-83.217193053799,0.07635475066825838,Greenfield,08,Trojan St & Archdale St,ASSAULT,27,0.2872340425531915,0.07257475742080963
2040,892ab2cc6b3ffff,34,42.36147871100773,-83.2153262680488,0.6231252645070379,Joy Community,06,Cathedral St & Archdale St,STOLEN VEHICLE,6,0.17647058823529413,0.07257467288088784
2041,892ab2c632fffff,19,42.3801139851344,-82.9502148437762,0.7597587015068962,Riverbend,05,Lakewood St & E Vernor Hwy,BURGLARY,8,0.42105263157894735,0.07257004727272373
2042,892ab2c4047ffff,22,42.3653924138948,-83.0036991045994,0.7315374257254501,Islandview,07,Van Dyke St & Goethe Ave,ASSAULT,4,0.18181818181818182,0.07250138282477517
2043,892ab2c0d1bffff,56,42.43787710235385,-83.0748893755264,0.4199519994139208,Pershing,11,E Lantz St & Anglin St,AGGRAVATED ASSAULT,11,0.19642857142857142,0.07236539233892263
2044,892ab2c4583ffff,35,42.37605624980918,-82.95713199424142,0.6110458974596369,Riverbend,05,Gray St & Kercheval St,AGGRAVATED ASSAULT,9,0.2571428571428571,0.07234390982589167
2045,892ab2cf1dbffff,36,42.391366975264184,-83.22370891229284,0.6013041745673529,Grandmont #1,08,Faust Ave & Acacia St,STOLEN VEHICLE,9,0.25,0.07229499090609534
2046,892ab2ce9afffff,40,42.31234792950447,-83.0978785744809,0.5641431256962202,Central Southwest,04,Junction St & Amherst St,DAMAGE TO PROPERTY,11,0.275,0.07223979080057955
2047,892ab2cc937ffff,29,42.2666572840668,-83.1518931540043,0.6635965242978996,Boynton,04,Omaha St & S Bassett St,ASSAULT,8,0.27586206896551724,0.07217848790136822
2048,892ab2cf6abffff,76,42.4138431048769,-83.24987813488791,0.23515226127348454,Miller Grove,08,Grand River Ave & Westbrook St,ASSAULT,14,0.18421052631578946,0.07216760962210231
2049,892ab2ce587ffff,55,42.39607254852378,-83.1165907405161,0.42642110562534496,Oakman Blvd Community,10,Clements St & 14th St,ASSAULT,18,0.32727272727272727,0.07215973609214844
2050,892ab2cabc3ffff,19,42.44025850646086,-83.2808903072145,0.7540198224116317,Five Points,08,Shiawassee Dr & Woodbine St,STOLEN VEHICLE,6,0.3157894736842105,0.0721236228227875
2051,892ab2d5903ffff,76,42.44747140713893,-82.95122394192843,0.23296665245094192,Regent Park,09,Edmore Dr & Cordell St,ASSAULT,17,0.2236842105263158,0.07199759223714217
2052,892ab2c4443ffff,45,42.3894088871628,-82.9950625011684,0.5142062168483654,West End,05,Saint Clair St & Shoemaker St,AGGRAVATED ASSAULT,9,0.2,0.07189964781371208
2053,892ab2ce12fffff,71,42.36068695904445,-83.1347463751223,0.27652434454933084,Midwest,10,Epworth St & Joy Rd,LARCENY,10,0.14084507042253522,0.07184149923765573
2054,892ab2d5b53ffff,40,42.4491234169513,-82.99173772654552,0.5589868964263255,Conner Creek,09,Collingham Dr & Fairport St,ASSAULT,10,0.25,0.07183869038055897
2055,892ab2cc64fffff,72,42.3592477266158,-83.2408471633397,0.2669596218623048,Franklin Park,06,Dover St & Fielding St,ASSAULT,15,0.20833333333333334,0.071806349072691
2056,892ab2c6093ffff,84,42.418947580611,-82.9341385074118,0.15586332000362993,Cornerstone Village,09,Harper Ave & Woodhall St,ASSAULT,13,0.15476190476190477,0.0716708412104315
2057,892ab2ccda3ffff,16,42.2913642751082,-83.137149179054,0.775343564670544,Carbon Works,04,Flora St & Forman St,STOLEN PROPERTY,4,0.25,0.0716557316894807
2058,892ab2cf5dbffff,72,42.4119936933454,-83.2131549273161,0.2645481763951837,Crary/St Marys,08,Verne St & Harlow St,ASSAULT,20,0.2777777777777778,0.07161876397142983
2059,892ab2c52cbffff,101,42.38208033896388,-83.11449811350029,-0.02942724935151508,Dexter-Linwood,10,Linwood St & Collingwood St,ASSAULT,25,0.24752475247524752,0.07159735349716445
2060,892ab2c6473ffff,81,42.4276190800069,-82.9365980218403,0.18203698630377682,Moross-Morang,09,Moross Rd & Worden St,ASSAULT,18,0.2222222222222222,0.07158022317112092
2061,892ab2c532bffff,22,42.3480103686233,-83.08779463167534,0.7196475320766494,Woodbridge,03,W Hancock St & 16th St,LARCENY,10,0.45454545454545453,0.07157647411980766
2062,892ab2c4537ffff,51,42.3622286437865,-82.9547998240214,0.4543938516565204,Jefferson Chalmers,05,Essex Ave & Conner St,ASSAULT,12,0.23529411764705882,0.0715001828506979
2063,892ab2ce9d3ffff,54,42.3284799475293,-83.1111983556328,0.4267635439684324,Central Southwest,04,Otis St & Greusel St,ASSAULT,18,0.3333333333333333,0.07147748950644883
2064,892ab2ce84bffff,63,42.3347791721347,-83.1436750447059,0.3438207973086848,Claytown,04,McGraw St & Elmer St,ASSAULT,14,0.2222222222222222,0.07140537814289233
2065,892ab2ca9b7ffff,75,42.433480165568085,-83.2302316488362,0.23378067947878242,O'Hair Park,08,Warwick St & Vassar Ave,ASSAULT,16,0.21333333333333335,0.07135203029241376
2066,892ab2ce583ffff,65,42.3982354886589,-83.11805708976888,0.32413860536673417,Oakman Blvd Community,10,La Belle St & 14th St,ASSAULT,18,0.27692307692307694,0.07129207994204902
2067,892ab2cf68fffff,83,42.41808564785244,-83.251004730101,0.15933690070637435,Holcomb Community,08,Orchard St & Westbrook St,ASSAULT,17,0.20481927710843373,0.07123216457669956
2068,892ab2c76cfffff,54,42.4425229380932,-83.0495139134651,0.42277226106009247,Farwell,11,Bloom St & Cordova St,ASSAULT,15,0.2777777777777778,0.0711670096640758
2069,892ab2c1a8fffff,91,42.4410653514568,-83.2100611636428,0.08481542104737443,Greenfield,08,Trojan St & Asbury Park,AGGRAVATED ASSAULT,17,0.18681318681318682,0.07110625454902471
2070,892ab2c0a2bffff,49,42.41922680747724,-83.1342577915618,0.466875361847609,University District,12,Santa Clara St & Muirland St,DAMAGE TO PROPERTY,12,0.24489795918367346,0.0710533437256918
2071,892ab2c452bffff,40,42.3621308594333,-82.963814756497,0.5484862053787432,Conner Creek Industrial,05,Lycaste St & Freud St,DAMAGE TO PROPERTY,9,0.225,0.07102184703065542
2072,892ab2cc98fffff,60,42.2758078392759,-83.1542488671821,0.36577225885489845,Boynton,04,S Fort St & Schaefer,LARCENY,12,0.2,0.07098631696973909
2073,892ab2c4213ffff,34,42.3670081954203,-83.0243170766399,0.600905759584514,Gratiot Town/Kettering,07,Garfield St & Meldrum St,BURGLARY,7,0.20588235294117646,0.07084622903353824
2074,892ab2c0cafffff,55,42.4469966349949,-83.0833884120693,0.4094612234217432,Nolan,11,Dequindre St & Conant St,ASSAULT,11,0.2,0.07084043558798311
2075,892ab2cc037ffff,15,42.3364403154823,-83.19962227617954,0.7735630376358973,Warren Ave Community,06,Montrose St & Paul Dr,ASSAULT,3,0.2,0.07080834072013817
2076,892ab21b64fffff,62,42.29571976258602,-83.13089867521138,0.3442957389300479,Springwells,04,W Fort St & Woodmere St,DAMAGE TO PROPERTY,19,0.3064516129032258,0.07073343891898531
2077,892ab2c1983ffff,27,42.4313945056671,-83.15769179854506,0.6616133748321694,Bagley,12,Wisconsin St & W 7 Mile Rd,LARCENY,7,0.25925925925925924,0.07060645034934897
2078,892ab2c5a13ffff,36,42.32138786461334,-83.0757067567105,0.5794220193135239,Hubbard Richard,04,18th St & Howard St,LARCENY,14,0.3888888888888889,0.07059278931577595
2079,892ab2cecd7ffff,58,42.36230145999386,-83.1157230829002,0.37773867012395357,Petoskey-Otsego,10,Vicksburg St & Holmur St,ASSAULT,16,0.27586206896551724,0.07049940856480666
2080,892ab2c50b3ffff,33,42.378377263257406,-83.06261111822457,0.605165556449106,Russell Industrial,03,S I 75 & Clay St,LARCENY,12,0.36363636363636365,0.07046871175022254
2081,892ab2ce9c3ffff,21,42.324656268748,-83.1141415869514,0.7141846216835247,Central Southwest,04,Military St & John Kronk St,ASSAULT,5,0.23809523809523808,0.07044263244502695
2082,892ab2cd183ffff,50,42.3440507842749,-83.261213062599,0.4498074694356655,Far West Detroit,06,Majestic Ave & Chatham St,ASSAULT,14,0.28,0.07043452585112354
2083,892ab2ce593ffff,49,42.40059451251559,-83.1156956877793,0.4585933201794798,Oakman Blvd Community,10,La Belle St & Rosa Parks Blvd,ASSAULT,11,0.22448979591836735,0.07040908796865826
2084,892ab2c0d83ffff,63,42.4404170001631,-83.06554517467089,0.3308401988740291,Farwell,11,Norwood St & E Outer Dr,ASSAULT,18,0.2857142857142857,0.0703956240742248
2085,892ab2c5623ffff,34,42.3872175338439,-83.0921738483328,0.5946239000636105,Gateway Community,10,3rd St & Calvert St,LARCENY,9,0.2647058823529412,0.07035756641586606
2086,892ab2c0b6fffff,24,42.4030197607271,-83.12404534475426,0.6852891479328486,Pilgrim Village,10,Fenkell St & La Salle Blvd,AGGRAVATED ASSAULT,6,0.25,0.07032152248418894
2087,892ab2c0a4bffff,32,42.42962465342658,-83.15050323082772,0.6118622627890239,Bagley,12,Woodingham Dr & Margareta St,LARCENY,8,0.25,0.07028076040025515
2088,892ab2ce693ffff,77,42.41434237225428,-83.16676008573953,0.20154765804064245,Fitzgerald/Marygrove,12,Grove St & Mendota St,STOLEN VEHICLE,18,0.23376623376623376,0.07026240952734303
2089,892ab21b633ffff,29,42.2916361737133,-83.1129476807935,0.6372708902490545,Delray,04,S Westend St & Medina St,LARCENY,6,0.20689655172413793,0.07013063038348183
2090,892ab2c534fffff,18,42.35558233806425,-83.0980209409017,0.7373936864788974,NW Goldberg,03,McGraw St & Loraine St,ASSAULT,3,0.16666666666666666,0.0701213995811
2091,892ab2ce0abffff,47,42.3862199294842,-83.1507356520315,0.4728552781761023,Davison-Schoolcraft,10,Roselawn St & W Davison St,LARCENY,14,0.2978723404255319,0.07010074896171206
2092,892ab2ceec3ffff,70,42.3591041789186,-83.150917047785,0.26266976879262743,Barton-McFarland,02,Cloverlawn St & Joy Rd,LARCENY,14,0.2,0.07005487423501647
2093,892ab2ce607ffff,77,42.4021752868615,-83.1736962245648,0.1988166866759436,Bethune Community,12,Fenkell St & Sorrento St,ASSAULT,16,0.2077922077922078,0.07004996867102958
2094,892ab2c5a87ffff,41,42.3223951802715,-83.0667616283403,0.5267615761784273,Hubbard Richard,03,W Fort St & Rosa Parks Blvd,LARCENY,11,0.2682926829268293,0.07004078399902115
2095,892ab2c716bffff,56,42.39752662593844,-83.0153282455315,0.3890967736565266,Airport Sub,07,Crane St & Edgewood Ave,ASSAULT,12,0.21428571428571427,0.06996518021426411
2096,892ab2c0ad7ffff,17,42.4360643321911,-83.134410041246,0.7437386819490411,Sherwood Forest,12,Renfrew Rd & Roslyn Pl,LARCENY,8,0.47058823529411764,0.06990608882366485
2097,892ab2c5e47ffff,22,42.339532409687,-83.07442872393662,0.6961287573694578,North Corktown,03,Cochrane St & Ash St,LARCENY,11,0.5,0.06974696074488815
2098,892ab2c1a17ffff,74,42.4392203558115,-83.2112162453755,0.22048619817554105,Greenfield,08,Fargo St & Asbury Park,ASSAULT,19,0.25675675675675674,0.06960897474892297
2099,892ab2c0b77ffff,17,42.4055423114846,-83.1180272836142,0.737730400179231,Pilgrim Village,12,Hughes St & Wabash St,DAMAGE TO PROPERTY,7,0.4117647058823529,0.06943870767838811
2100,892ab2c6143ffff,89,42.3945330511413,-82.9343923657424,0.08134707174928721,Morningside,05,Windsor St & Courville St,DAMAGE TO PROPERTY,18,0.20224719101123595,0.0694186840667591
2101,892ab2c622fffff,79,42.3974055509584,-82.9693437675588,0.17237669433233885,Chandler Park,05,Chandler Park Dr & Dickerson St,ASSAULT,20,0.25316455696202533,0.06941098465645712
2102,892ab2cc6d3ffff,72,42.3719726372337,-83.23139173038112,0.23589210280170697,Franklin Park,06,Plymouth Rd & Minock St,ASSAULT,17,0.2361111111111111,0.0693896227612837
2103,892ab2cf1abffff,30,42.3798414518178,-83.2098785091002,0.6182109351767745,Schoolcraft Southfield,06,Abington Ave & Fullerton St,ASSAULT,8,0.26666666666666666,0.06935685098025668
2104,892ab2ce40fffff,75,42.4062174753292,-83.1461912783714,0.20784972796611695,Fitzgerald/Marygrove,12,Midland St & Tuller St,ASSAULT,17,0.22666666666666666,0.06933487492579918
2105,892ab2c080bffff,26,42.43180630339121,-83.10724856285769,0.6541343864570047,Grixdale Farms,12,Charleston St & W Hollywood Ave,DAMAGE TO PROPERTY,4,0.15384615384615385,0.06931577900640128
2106,892ab2c443bffff,71,42.3822420383341,-82.98356747686,0.24384499852285776,West End,05,Beniteau St & E Canfield St,ASSAULT,19,0.2676056338028169,0.0692993897364846
2107,892ab2c720bffff,48,42.41686764368021,-83.0581445989928,0.4532638553605571,Davison,11,Dean St & E Davison St,ASSAULT,11,0.22916666666666666,0.0692856269563851
2108,892ab2cee4bffff,33,42.35241736447245,-83.1639430635393,0.5885399685127408,Aviation Sub,02,Pinehurst St & Tireman Ave,ASSAULT,12,0.36363636363636365,0.06917541582498118
2109,892ab2c5e6bffff,22,42.3335284163855,-83.07749474942425,0.6884672897537102,North Corktown,03,Perry St & 16th St,LARCENY,7,0.3181818181818182,0.06915097912386277
2110,892ab2cf62fffff,32,42.4040062864354,-83.2545316034123,0.5968029812368939,Brightmoor,08,Chapel St & Midland St,ASSAULT,9,0.28125,0.06910930664216988
2111,892ab2cee2fffff,70,42.3395793273647,-83.1436364526703,0.24961866788481482,Claytown,04,Kirkwood St & Florida St,ASSAULT,20,0.2857142857142857,0.06903963581526298
2112,892ab2ce547ffff,51,42.3900783908684,-83.1346926573829,0.4225621092901197,Oakman Blvd Community,10,W M 8 & W Davison St,LARCENY,9,0.17647058823529413,0.06902400800182219
2113,892ab2cab9bffff,21,42.4401291705216,-83.2728065760836,0.6951721373306119,Berg-Lahser,08,Norfolk St & Cherokee St,ASSAULT,8,0.38095238095238093,0.0689636610765285
2114,892ab2cedabffff,33,42.336370197375,-83.090117586965,0.5855861869775894,North Corktown,03,Maybury Grand St & Martin Luther King Jr Blvd,ASSAULT,16,0.48484848484848486,0.06894564268023068
2115,892ab2ceea3ffff,60,42.34868570969166,-83.1367079993483,0.3392497054610583,Midwest,02,Rangoon St & Clifton St,ASSAULT,26,0.43333333333333335,0.0689231411973971
2116,892ab2ce20fffff,49,42.38086809695176,-83.1881766848726,0.4394707461703993,Schoolcraft Southfield,02,Marlowe St & W I 96 Service Drive,ASSAULT,13,0.2653061224489796,0.06892155278249046
2117,892ab2cf07bffff,69,42.3933017812735,-83.246852853983,0.25716483549465147,Brightmoor,06,Pierson St & Lyndon St,ASSAULT,14,0.2028985507246377,0.0689177636201045
2118,892ab2c5a6bffff,56,42.31318865655775,-83.0901141172862,0.3745475362066106,West Side Industrial,04,W Fort St & Scotten St,FRAUD,12,0.21428571428571427,0.06883340252427408
2119,892ab2ceccbffff,53,42.3603340982207,-83.1250290319793,0.3994747106597152,Midwest,10,Maplewood St & Beechwood St,ASSAULT,12,0.22641509433962265,0.06864582052598674
2120,892ab2ce5c7ffff,84,42.3965814509717,-83.1285581269418,0.11555725520651684,Oakman Blvd Community,10,Ewald Cir & Kendall St,ASSAULT,21,0.25,0.06853545318300412
2121,892ab2d5ba7ffff,94,42.440894484709,-82.9687370334191,0.024334826779707622,Regent Park,09,Hayes St & Tacoma St,LARCENY,17,0.18085106382978725,0.06852815432599378
2122,892ab2cc3cfffff,52,42.32899319206549,-83.2238789319517,0.4066931337155537,Warrendale,06,Ford Rd & Stahelin Ave,ASSAULT,11,0.21153846153846154,0.06849845325072472
2123,892ab2c634fffff,29,42.3884327811355,-82.9670082213918,0.6134508476336022,Fox Creek,05,Algonquin St & E Canfield St,AGGRAVATED ASSAULT,5,0.1724137931034483,0.06827768153309818
2124,892ab2cc1dbffff,23,42.3364561508203,-83.19625443679264,0.6679618457746603,Warren Ave Community,06,Greenfield & Paul Dr,LARCENY,7,0.30434782608695654,0.068264755882846
2125,892ab2c621bffff,41,42.409336750868,-82.9747328243057,0.5033299812911701,Outer Drive-Hayes,09,Dickerson St & Chelsea Ave,AGGRAVATED ASSAULT,8,0.1951219512195122,0.06821805229740643
2126,892ab2c656fffff,66,42.4044722699561,-82.92275257518597,0.2752393746164382,Cornerstone Village,05,Munich St & Neff Ave,ASSAULT,18,0.2727272727272727,0.06819711864773892
2127,892ab2c631bffff,36,42.392132943814,-82.9568365783935,0.5483803143236002,Fox Creek,05,Chalmers St & E Canfield St,ASSAULT,11,0.3055555555555556,0.06817807106763502
2128,892ab2c428fffff,21,42.3681678124621,-83.0197091915104,0.6836876563536101,Gratiot-Grand,07,Concord St & E Canfield St,LARCENY,5,0.23809523809523808,0.0680702892145578
2129,892ab2ce0dbffff,70,42.3979069257979,-83.16265857516854,0.2346275545548348,Bethune Community,02,Eaton St & Griggs St,ASSAULT,20,0.2857142857142857,0.06787348482807973
2130,892ab2c72afffff,47,42.41409540918967,-83.0446057981124,0.44313232146526355,Buffalo Charles,11,Syracuse St & Simon K St,LARCENY,11,0.23404255319148937,0.06778861546319248
2131,892ab2c1b0bffff,42,42.421139583832414,-83.19951673996646,0.48861723293902753,College Park,08,Thatcher St & Greenfield Rd,ASSAULT,13,0.30952380952380953,0.06778243986661286
2132,892ab2ce17bffff,21,42.3664828242661,-83.14437149902685,0.6798989498585856,Midwest,02,W Chicago St & American St,BURGLARY,4,0.19047619047619047,0.06777556768707226
2133,892ab2c636bffff,87,42.38413995419437,-82.9669032649466,0.07763421222943118,Fox Creek,05,Anderdon Ave & Mack Service Drive,ASSAULT,21,0.2413793103448276,0.06771209326023771
2134,892ab2ce8c7ffff,29,42.3395432433585,-83.1281924971322,0.606045766330105,Claytown,04,Gilbert St & Gladys St,LARCENY,5,0.1724137931034483,0.06770164407129232
2135,892ab2c464fffff,18,42.38175937232355,-83.027260290294,0.7060766190414799,Gratiot Town/Kettering,07,Lambert St & Helen St,DAMAGE TO PROPERTY,5,0.2777777777777778,0.06768526102994957
2136,892ab2c718bffff,15,42.4104843958363,-83.00097701627917,0.733087536254138,Gratiot-Findlay,09,Saint Patrick St & Elmo St,DAMAGE TO PROPERTY,5,0.3333333333333333,0.06765977230803215
2137,892ab2c4453ffff,24,42.3919740972467,-82.9956456209277,0.6507379578569809,West End,05,E I 94 Service Drive & French Rd,ASSAULT,7,0.2916666666666667,0.06763380319820689
2138,892ab2c1a73ffff,42,42.435406050619314,-83.22196890949881,0.4863891984287991,O'Hair Park,08,Rosemont Ave & Saint Martins Ave,ASSAULT,14,0.3333333333333333,0.06760912220925214
2139,892ab2c5e6fffff,63,42.3313518345239,-83.0754835047878,0.2949913059316934,Corktown,03,W Vernor Hwy & Michigan Ave,LARCENY,31,0.49206349206349204,0.06760695715043281
2140,892ab2cf6c3ffff,23,42.4227965829187,-83.25988071672234,0.6577195783214811,Old Redford,08,Cooley St & Karl St,DAMAGE TO PROPERTY,8,0.34782608695652173,0.06746801517129165
2141,892ab2c5243ffff,79,42.376166087751,-83.1174128378397,0.14733612211536024,Dexter-Linwood,10,Wildemere St & W Boston Blvd,ASSAULT,16,0.20253164556962025,0.06746309143680773
2142,892ab2c6667ffff,61,42.4199524152062,-82.9672714344534,0.31068079535419185,Outer Drive-Hayes,09,Queen St & Flanders St,ASSAULT,17,0.2786885245901639,0.06740966507808563
2143,892ab2cf29bffff,31,42.4038961183186,-83.2618876388727,0.5834844553100491,Brightmoor,08,Midland St & Lamphere St,AGGRAVATED ASSAULT,5,0.16129032258064516,0.06736438067978928
2144,892ab2c7163ffff,57,42.39793125661,-83.0097045947417,0.34594125519678814,Airport Sub,07,Vinton Ave & Edgewood Ave,ASSAULT,11,0.19298245614035087,0.06731701934166351
2145,892ab2c1babffff,64,42.4200536949827,-83.1885224039419,0.28185337137509814,Winship,12,Hubbell St & W Outer Dr,ASSAULT,25,0.390625,0.06729384867394095
2146,892ab2c761bffff,41,42.4407791073618,-83.0462210648109,0.49112449743497727,Farwell,11,E Outer Dr & Caldwell St,ASSAULT,13,0.3170731707317073,0.06726859399269974
2147,892ab2c6323ffff,25,42.3832395514555,-82.9496674159738,0.6352568989209884,Riverbend,05,Charlevoix St & Marlborough St,DAMAGE TO PROPERTY,6,0.24,0.06713842428269012
2148,892ab2ca987ffff,67,42.4403931446989,-83.2368282602629,0.2523967844561419,O'Hair Park,08,Trojan St & Westmoreland Rd,ASSAULT,24,0.3582089552238806,0.0671290900086533
2149,892ab2c0807ffff,27,42.42906819667402,-83.10224338634274,0.6168094952184048,Grixdale Farms,12,E Robinwood St & John R St,LARCENY,5,0.18518518518518517,0.0671211796232086
2150,892ab2cc02bffff,44,42.3363242340995,-83.2082939598831,0.46180184139119257,Warren Ave Community,06,Grandmont Ave & Paul Dr,ASSAULT,15,0.3409090909090909,0.06711425374123217
2151,892ab2c4673ffff,30,42.38057647670305,-83.0188669578144,0.5890993666966026,Gratiot Town/Kettering,07,Baldwin St & Granger Ave,ASSAULT,6,0.2,0.06709227705740374
2152,892ab2c430bffff,25,42.345732473251,-83.009748199545,0.6344748768546793,Islandview,07,E Congress St & Meldrum St,BURGLARY,6,0.24,0.06707759118880632
2153,892ab2c40abffff,32,42.3641309670592,-82.9877425553559,0.5705927925813388,East Village,07,McClellan St & Kercheval St,BURGLARY,6,0.1875,0.06707042956198599
2154,892ab2c651bffff,66,42.415370085629,-82.914618507564,0.2592036386809583,Cornerstone Village,05,Gateshead St & Frankfort Ave,ASSAULT,18,0.2727272727272727,0.06694970700593825
2155,892ab2ced2fffff,45,42.32544320770558,-83.09271502311124,0.4505536394201264,Central Southwest,04,Vinewood St & Toledo St,DAMAGE TO PROPERTY,9,0.2,0.06694814658956652
2156,892ab2cc693ffff,47,42.3698151416845,-83.2191820533857,0.4320256714965352,Franklin Park,06,Penrod St & Elmira St,ASSAULT,9,0.19148936170212766,0.06692463488081442
2157,892ab2c636fffff,50,42.3818112582308,-82.9613966513626,0.40453372997409565,Riverbend,05,Algonquin St & Goethe St,ASSAULT,12,0.24,0.06691270496934795
2158,892ab2c608fffff,48,42.4138844800226,-82.9362715182205,0.4226095053605344,East English Village,05,Berden St & Cadieux Rd,LARCENY,10,0.20833333333333334,0.06690104085346385
2159,892ab2c0c23ffff,57,42.444846602417925,-83.08915617576648,0.3401235858165254,Nolan,11,E Winchester Ave & Hull St,ASSAULT,20,0.3508771929824561,0.0668644658360255
2160,892ab2c51afffff,16,42.3568721758329,-83.0474831162281,0.7131932431309039,Forest Park,07,Russell St & E Willis St,ASSAULT,5,0.3125,0.06682109017741458
2161,892ab2ce333ffff,34,42.3620460880467,-83.1605639801934,0.5491391820366551,Barton-McFarland,02,Annapolis St & Lanco St,FRAUD,6,0.17647058823529413,0.06681933362011963
2162,892ab2ca98bffff,41,42.4402984582838,-83.24293207771971,0.48492627538392924,Evergreen Lahser 7/8,08,Trojan St & Stout St,STOLEN VEHICLE,16,0.3902439024390244,0.06678643749074362
2163,892ab2c1d07ffff,18,42.44343672534843,-83.1534949588631,0.6944050794296399,Garden Homes,12,Norfolk St & Roselawn St,FRAUD,5,0.2777777777777778,0.06677733797308918
2164,892ab2cf54bffff,66,42.4020560890608,-83.2216727818475,0.25678013536802174,Rosedale Park,08,Grand River Ave & Kentford St,FRAUD,15,0.22727272727272727,0.06676118393105955
2165,892ab2c54dbffff,17,42.4070727504079,-83.0734393497643,0.7031182541842128,Campau/Banglatown,11,Saint Aubin St & Meade St,FRAUD,5,0.29411764705882354,0.06674624666284086
2166,892ab2cc69bffff,75,42.368609812631,-83.2239943938852,0.17438856331414856,Franklin Park,06,Fitzpatrick Ct & Brace St,ASSAULT,18,0.24,0.0667319481563004
2167,892ab2c193bffff,89,42.4186750292476,-83.1647445281279,0.04596769388680855,Schulze,12,Santa Maria St & Birwood St,ASSAULT,19,0.21348314606741572,0.06666654047928118
2168,892ab2ce3abffff,49,42.3662038895821,-83.1581977311998,0.4101576555153703,Barton-McFarland,02,W Chicago St & Wyoming St,ASSAULT,27,0.5510204081632653,0.06664130255341688
2169,892ab2c5307ffff,28,42.353519136958,-83.082251789735,0.6007571833236293,Woodbridge,03,Merrick St & Avery St,LARCENY,15,0.5357142857142857,0.06658136323415983
2170,892ab2cf1d3ffff,38,42.39144747909182,-83.2200694310029,0.5086340399105919,Rosedale Park,08,Southfield Service Drive & Acacia St,ASSAULT,8,0.21052631578947367,0.06650399822213883
2171,892ab2c0883ffff,42,42.4372933133415,-83.09819254467679,0.4712305066049425,Nolan,11,E Lantz St & Irvington St,ASSAULT,9,0.21428571428571427,0.0664299353773145
2172,892ab2c1823ffff,63,42.4346744893614,-83.1806132241009,0.2798309175561823,Schaefer 7/8 Lodge,12,Schaefer Hwy & Vassar Ave,ASSAULT,18,0.2857142857142857,0.0664276383446155
2173,892ab2ce867ffff,28,42.3249796399236,-83.1332241108329,0.5982826376646819,Claytown,04,Edward & Central St,DAMAGE TO PROPERTY,4,0.14285714285714285,0.06638886960146607
2174,892ab2c7483ffff,15,42.4472442166905,-83.0040036360645,0.716687523866178,Conner Creek,09,Annott St & Collingham Dr,DAMAGE TO PROPERTY,4,0.26666666666666666,0.0663840237885549
2175,892ab2c524bffff,45,42.3755716983975,-83.1217753676782,0.4432691572161772,Nardin Park,10,Glynn Ct & Dexter Ave,AGGRAVATED ASSAULT,8,0.17777777777777778,0.06638149046961939
2176,892ab2cabcfffff,53,42.4360781588988,-83.2827106472186,0.37034504033794113,Five Points,08,Fenton St & Pembroke Ave,ASSAULT,15,0.2830188679245283,0.06637983847019599
2177,892ab2ccd2fffff,16,42.282376346563,-83.1466978055959,0.7065082695891457,Boynton,04,Pleasant St & S Liebold St,ASSAULT,5,0.3125,0.066301069527619
2178,892ab2cee3bffff,62,42.344750807802,-83.1459791836192,0.28722907349099,Midwest,02,McDonald St & W Warren Ave,LARCENY,13,0.20967741935483872,0.06629425239746606
2179,892ab2ce81bffff,28,42.336893775002,-83.13162539991079,0.5970423845176684,Claytown,04,Devereaux St & Martin St,ASSAULT,6,0.21428571428571427,0.06629239094775231
2180,892ab2c1bdbffff,90,42.432173725006,-83.202114264861,0.03192878982697231,Greenfield,08,Cambridge Ave & Forrer St,ASSAULT,19,0.2111111111111111,0.06628334604903127
2181,892ab2ce3b3ffff,57,42.3693698603263,-83.1554325683706,0.3321432373334794,Barton-McFarland,02,Orangelawn St & Wisconsin St,AGGRAVATED ASSAULT,15,0.2631578947368421,0.06624367863652114
2182,892ab2c76cbffff,61,42.4443382419168,-83.0506939419571,0.29540061227401737,Farwell,11,Bloom St & Amrad St,ASSAULT,10,0.16393442622950818,0.06622102750387349
2183,892ab2ce92fffff,20,42.30627413682372,-83.10562308759481,0.6676721997937378,Delray,04,W Fort St & Crawford St,STOLEN VEHICLE,5,0.25,0.06611557040685329
2184,892ab2cf113ffff,36,42.3844464700747,-83.21553167583265,0.5212703894680041,Schoolcraft Southfield,06,Southfield Service Drive & W Davison St,ASSAULT,6,0.16666666666666666,0.06606920397171401
2185,892ab2cf573ffff,62,42.39866903327763,-83.21255702547923,0.2835576239829153,Grand River-St Marys,08,Grand River Ave & Oakfield St,DAMAGE TO PROPERTY,9,0.14516129032258066,0.06600865223062104
2186,892ab2cf657ffff,33,42.4168913110642,-83.2643947235003,0.5468750521954916,Oak Grove District 1,08,McIntyre St & Santa Maria St,LARCENY,7,0.21212121212121213,0.0659343234374598
2187,892ab2ce1b3ffff,72,42.373552420839424,-83.1234606498914,0.19146047271147085,Nardin Park,10,Holmur St & W Boston Blvd,ASSAULT,19,0.2638888888888889,0.0659333091339115
2188,892ab2c6263ffff,35,42.4018979556073,-82.97945673175691,0.5284228001733121,Ravendale,09,Annsbury Ave & Camden Ave,DAMAGE TO PROPERTY,7,0.2,0.06591670162969324
2189,892ab2c1b93ffff,77,42.4309106545718,-83.1863781841974,0.1446721890149495,Schaefer 7/8 Lodge,12,Ardmore St & W 7 Mile Rd,ASSAULT,21,0.2727272727272727,0.06583809607637453
2190,892ab2c638bffff,37,42.3953866724671,-82.94973460889061,0.5088509012048105,Morningside,05,Voight St & Maryland St,DAMAGE TO PROPERTY,6,0.16216216216216217,0.06581198306246591
2191,892ab2c5227ffff,43,42.3638499881342,-83.0987773578044,0.45364659218414327,LaSalle Gardens,10,S La Salle Gdns & La Salle Blvd,LARCENY,10,0.23255813953488372,0.0657709764163713
2192,892ab2cd597ffff,56,42.36458449392197,-83.2447515270054,0.33312575403220845,Franklin Park,06,W Chicago St & Pierson St,ASSAULT,16,0.2857142857142857,0.06561122341653773
2193,892ab2cc21bffff,80,42.3440181385145,-83.2413848013141,0.11228278654638846,Warrendale,06,Braile St & Patton St,STOLEN VEHICLE,15,0.1875,0.06544519519955691
2194,892ab2cc38bffff,76,42.3291187890054,-83.2160191433578,0.14871700124421872,Warrendale,06,Ford Rd & S M 39 Service Drive,LARCENY,27,0.35526315789473684,0.06544385524897027
2195,892ab2ce823ffff,38,42.3260395796867,-83.1238013888614,0.49460367028782065,Claytown,04,Clayton St & Martin St,ASSAULT,11,0.2894736842105263,0.06541258299326319
2196,892ab2c72c3ffff,46,42.42600294482668,-83.0583815882849,0.42154883432643486,Krainz Woods,11,Justine St & E Nevada St,ASSAULT,10,0.21739130434782608,0.06540076242366735
2197,892ab2c562bffff,31,42.386095847254175,-83.0951657557984,0.5579014791266919,Gateway Community,10,Glynn Ct & Hamilton Ave,LARCENY,8,0.25806451612903225,0.06537429413487301
2198,892ab2cd4b7ffff,19,42.37399398473711,-83.26227388108157,0.6665179397413485,West Outer Drive,06,Chatham St & Wadsworth St,ASSAULT,3,0.15789473684210525,0.06531689642360274
2199,892ab2ceddbffff,25,42.346575067800295,-83.10537714850268,0.6113590717957141,Chadsey Condon,03,McKinley St & Biddle St,LARCENY,5,0.2,0.06527942461533781
2200,892ab2c08cfffff,35,42.4362706856265,-83.1083278252941,0.52002531812585,Penrose,12,Annin St & Blake St,DAMAGE TO PROPERTY,10,0.2857142857142857,0.06526346582499033
2201,892ab2c7093ffff,40,42.430605509183,-83.01294470548044,0.4744073228398177,Mount Olivet,09,Blackmoor St & Linnhurst St,LARCENY,8,0.2,0.06525928890033697
2202,892ab2ceb3bffff,58,42.307861127642,-83.1360441029718,0.30990002575187614,Springwells,04,W Vernor Hwy & Woodmere St,DAMAGE TO PROPERTY,12,0.20689655172413793,0.06522227534845877
2203,892ab2c7057ffff,54,42.4226670598039,-83.0301585840193,0.34441643035870373,Grant,11,Edgeton St & Concord St,ASSAULT,10,0.18518518518518517,0.06507174993835191
2204,892ab2cf123ffff,75,42.3723481732811,-83.2132207819078,0.15266846566340014,Plymouth-I96,06,Plymouth Rd & Memorial St,ASSAULT,15,0.2,0.065042352943483
2205,892ab2cf063ffff,63,42.3933263961795,-83.2445354929285,0.2607556446734153,Brightmoor,06,Braile St & Lyndon St,ASSAULT,20,0.31746031746031744,0.0649437826887088
2206,892ab2cf00fffff,47,42.3957716130448,-83.2393232448327,0.4063676559254733,Brightmoor,06,Eaton St & Heyden St,ASSAULT,10,0.2127659574468085,0.06492871106056554
2207,892ab2c1873ffff,35,42.4380095216116,-83.1892049363857,0.5131943890358716,Schaefer 7/8 Lodge,12,Pembroke Ave & Strathmoor St,ASSAULT,11,0.3142857142857143,0.06473209136824958
2208,892ab2ceccfffff,48,42.3587613336202,-83.1233678387543,0.39456474074792086,Midwest,10,Spokane St & Beechwood St,ASSAULT,11,0.22916666666666666,0.06471945305418293
2209,892ab2c1a2fffff,66,42.4283536148425,-83.2126392785915,0.22992442891612758,College Park,08,Gilchrist St & Clarita St,ASSAULT,13,0.19696969696969696,0.06467209235386831
2210,892ab2c1813ffff,29,42.4451483616236,-83.183436841507,0.5670461000277952,Schaefer 7/8 Lodge,12,Lesure St & W 8 Mile Rd,LARCENY,7,0.2413793103448276,0.06466788011012578
2211,892ab2c407bffff,60,42.3628204211928,-83.0036568896648,0.2832210357000714,Islandview,07,Van Dyke St & Charlevoix St,ASSAULT,9,0.15,0.06456469982522267
2212,892ab2cf387ffff,18,42.3826622248877,-83.2367160585369,0.6652309597981652,Brightmoor,06,Evergreen Rd & Evergreen/W I 96 Ramp,BURGLARY,3,0.16666666666666666,0.06450789822838328
2213,892ab2c7377ffff,38,42.3942337458369,-83.0374358782557,0.48268742606270953,Airport Sub,11,Richardson St & Mount Elliott St,ASSAULT,8,0.21052631578947367,0.0644856244905321
2214,892ab2cf083ffff,43,42.4049615955096,-83.2289084546867,0.43662557943029584,Rosedale Park,08,Grand River Ave & Warwick St,DAMAGE TO PROPERTY,9,0.20930232558139536,0.06444692059817778
2215,892ab2c1993ffff,45,42.4350087204464,-83.15673842249988,0.41416863499440215,Bagley,12,Cranbrook Dr & W Outer Dr,STOLEN VEHICLE,11,0.24444444444444444,0.06411777582951954
2216,892ab2c628bffff,50,42.41221841417352,-82.9692915552078,0.3675999596414362,Outer Drive-Hayes,09,Chalmers St & Chelsea Ave,ASSAULT,12,0.24,0.06403964599195389
2217,892ab2c426fffff,29,42.3551866804664,-83.0338100981893,0.5586167806324884,Eastern Market,07,Chene St & Scott St,FRAUD,9,0.3103448275862069,0.06401216769452675
2218,892ab2c187bffff,39,42.43782932325102,-83.1941655407046,0.46720855145906637,Schaefer 7/8 Lodge,12,Pembroke Ave & N M 10,LARCENY,8,0.20512820512820512,0.06399041549310411
2219,892ab2c73b3ffff,23,42.4008595365215,-83.0211207275664,0.6124389594552081,Airport Sub,11,Murat St & Grinnell Ave,ASSAULT,7,0.30434782608695654,0.06394565914416635
2220,892ab2c434fffff,17,42.3450718412108,-83.0184567374136,0.6670599443939953,Elmwood Park,07,McDougall St & Monroe,LARCENY,6,0.35294117647058826,0.06394128931027854
2221,892ab2d59bbffff,38,42.44867300285958,-82.9424853021254,0.4756763608553903,Regent Park,09,Carlisle St & Kelly Rd,LARCENY,8,0.21052631578947367,0.06394023733797347
2222,892ab2ce4a7ffff,38,42.404698754425326,-83.13113063489142,0.47455205294893005,Pilgrim Village,10,Keeler Ave & Alden St,ASSAULT,8,0.21052631578947367,0.06385277800482343
2223,892ab2c1857ffff,30,42.4431369282652,-83.190739378015,0.547256803588201,Schaefer 7/8 Lodge,12,Marlowe St & Norfolk St,ASSAULT,7,0.23333333333333334,0.06383736561746695
2224,892ab2c0867ffff,33,42.42267165848238,-83.1085946887736,0.5188845604923736,Grixdale Farms,12,Worcester Pl & Woodward Ave,LARCENY,9,0.2727272727272727,0.06375695749986404
2225,892ab2ce027ffff,32,42.37668852746013,-83.14933897023931,0.5272763221865222,Littlefield Community,02,Greenlawn St & Oakman Blvd,ASSAULT,8,0.25,0.06370086363313728
2226,892ab2c5113ffff,24,42.3642689150398,-83.0522887217743,0.5990479738961868,Poletown East,07,Russell St & Frederick St,ASSAULT,4,0.16666666666666666,0.06361286596048887
2227,892ab2ce1a3ffff,25,42.37010431810182,-83.12482053517965,0.5894156108885259,Nardin Park,10,Kay St & Otsego St,DAMAGE TO PROPERTY,4,0.16,0.06357245408980919
2228,892ab2cc413ffff,65,42.3679029586189,-83.1951743358704,0.224037593776193,Plymouth-Hubbell,02,Greenfield Rd & Orangelawn St,ASSAULT,14,0.2153846153846154,0.06350527379130735
2229,892ab2c4657ffff,44,42.38659496873057,-83.0203957008036,0.41482916382920476,Airport Sub,07,Van Dyke St & Duncan Ave,FRAUD,6,0.13636363636363635,0.06346027333938922
2230,892ab2cf043ffff,30,42.400513250557054,-83.24766309225609,0.5419911119681818,Brightmoor,08,Fenkell St & Burt Rd,ASSAULT,7,0.23333333333333334,0.06342775017759113
2231,892ab2caba3ffff,34,42.430046302314,-83.2654019858082,0.5050695349877028,Berg-Lahser,08,Cambridge Ave & Archer St,ASSAULT,9,0.2647058823529412,0.0633911784671479
2232,892ab2ce8d3ffff,64,42.3438704126709,-83.1296997613707,0.23163048692695995,Claytown,04,Barlum St & Livernois Ave,DAMAGE TO PROPERTY,9,0.140625,0.06338703635191938
2233,892ab2c62d7ffff,67,42.4158785459024,-82.97222098392288,0.20423401255865423,Eden Gardens,09,Newport St & Rosemary Ave,ASSAULT,11,0.16417910447761194,0.06338253278121801
2234,892ab2ce0b3ffff,68,42.38937216399312,-83.14496990604738,0.19406532609520405,Oakman Blvd Community,10,San Juan Dr & Ewald Cir,ASSAULT,14,0.20588235294117646,0.06330040058505941
2235,892ab2ce94fffff,51,42.3143862419339,-83.1200656840362,0.34833522179234927,Springwells,04,W Vernor Hwy & Rieden St,LARCENY,9,0.17647058823529413,0.06324993664196128
2236,892ab2cd5cfffff,27,42.3643213851807,-83.2642521221489,0.5660480225432035,Rouge Park,06,W Chicago St & Beaverland St,DAMAGE TO PROPERTY,6,0.2222222222222222,0.06317247080031681
2237,892ab2c2b6bffff,26,42.4471605180368,-83.0730349199337,0.5746734700259594,Butler,11,Mitchell St & E 8 Mile Rd,ASSAULT,8,0.3076923076923077,0.06313455523076361
2238,892ab2c09b7ffff,21,42.41320718222201,-83.06999072996369,0.6184484495656358,North Campau,11,Anglin St & E Davison St,DAMAGE TO PROPERTY,4,0.19047619047619047,0.06299536490945608
2239,892ab2d5babffff,67,42.4424664079241,-82.9733478058267,0.19888896815945598,Mohican Regent,09,Tacoma St & Gratiot Ave,LARCENY,11,0.16417910447761194,0.0629667445295077
2240,892ab2c19b7ffff,54,42.4243207843113,-83.1490702996027,0.31570453320568176,Bagley,12,Curtis St & Pennington Ave,STOLEN VEHICLE,18,0.3333333333333333,0.06283826624225167
2241,892ab2cd5b3ffff,48,42.3591778091307,-83.2444868513854,0.36962102955217374,Franklin Park,06,Dover St & Braile St,ASSAULT,9,0.1875,0.06277909460350249
2242,892ab2c6443ffff,36,42.4319611517993,-82.9441251389732,0.4788267595847731,Moross-Morang,09,McCormick St & Rossiter St,STOLEN VEHICLE,6,0.16666666666666666,0.06276753585684576
2243,892ab2c5c13ffff,39,42.3456239036631,-83.035687048168,0.45146808442315306,Lafayette Park,07,Jay St & Orleans St,LARCENY,19,0.48717948717948717,0.0627659726669701
2244,892ab2c600bffff,38,42.4099376167601,-82.9468507126868,0.459933175358086,Outer Drive-Hayes,09,Bedford St & King Richard St,ASSAULT,11,0.2894736842105263,0.06271558304412754
2245,892ab2ce52bffff,56,42.3829137160514,-83.12626326937664,0.295310287918654,Nardin Park,10,Richton St & Dexter Ave,DAMAGE TO PROPERTY,12,0.21428571428571427,0.06266957777832308
2246,892ab2ce90fffff,47,42.3132506801924,-83.1097657818146,0.37698394652062944,Central Southwest,04,Cadet St & Casgrain St,LARCENY,14,0.2978723404255319,0.06264296743530468
2247,892ab2ce3a3ffff,69,42.366287180230096,-83.1539411892486,0.17579720285289088,Barton-McFarland,02,Ohio St & W Chicago St,ASSAULT,23,0.3333333333333333,0.06258821737218206
2248,892ab2c52a3ffff,46,42.3723850311585,-83.0931702039232,0.38538884089938147,Virginia Park Community,10,Woodrow Wilson St & W Euclid St,BURGLARY,10,0.21739130434782608,0.06258789515335134
2249,892ab2c0a6bffff,77,42.4207676917197,-83.1464518487968,0.10257921656010387,Bagley,12,Santa Clara St & Pennington Ave,LARCENY,15,0.19480519480519481,0.06256370542231082
2250,892ab2c4007ffff,35,42.36483133247705,-82.990493582178,0.48422870889590774,East Village,07,Brinket St & Holcomb St,ASSAULT,8,0.22857142857142856,0.06247886602426515
2251,892ab2c0b2bffff,64,42.4022023595952,-83.1143870353103,0.21917953103821985,Pilgrim Village,10,Woodrow Wilson St & Oakman Blvd,ASSAULT,19,0.296875,0.06241848290419162
2252,892ab2c75a7ffff,48,42.4205543748834,-82.97710364699078,0.3648761791559074,Eden Gardens,09,Newport St & Jane St,WEAPONS OFFENSES,8,0.16666666666666666,0.06240999513424711
2253,892ab2ca9bbffff,51,42.4368109855717,-83.2379872212556,0.33728049772050617,O'Hair Park,08,Pembroke Ave & Plainview Ave,STOLEN VEHICLE,10,0.19607843137254902,0.06238999534836586
2254,892ab2c4547ffff,20,42.3691486252543,-82.9728209695528,0.6179377983716978,East Village,05,Defer Pl & Kercheval St,ASSAULT,8,0.4,0.062246756927917465
2255,892ab2c4003ffff,38,42.3668761076544,-82.995562190054,0.4527359611812704,East Village,07,Treadway Pl & Crane St,BURGLARY,9,0.23684210526315788,0.0621557154590778
2256,892ab2c56a3ffff,39,42.3922174340194,-83.0842915055045,0.4430800123905935,Gateway Community,03,John R St & Harmon St,ASSAULT,10,0.2564102564102564,0.062113468862481355
2257,892ab2c62afffff,30,42.401825579065935,-82.96415760715274,0.5244679206472618,Chandler Park-Chalmers,05,Lakewood St & Linville St,ASSAULT,6,0.2,0.062064630147231147
2258,892ab2cee87ffff,33,42.3542945874542,-83.13728258293052,0.4970133296460712,Midwest,02,Garden St & Livernois Ave,STOLEN VEHICLE,8,0.24242424242424243,0.06205560571358127
2259,892ab21b693ffff,51,42.3066458786233,-83.1098920657357,0.33078796938590077,Central Southwest,04,W Lafayette Blvd & Waterman St,ASSAULT,14,0.27450980392156865,0.06188494491214683
2260,892ab2ce0bbffff,50,42.3887851926686,-83.1453874246369,0.338889556113792,Oakman Blvd Community,10,Schoolcraft St & Ewald Cir,DAMAGE TO PROPERTY,10,0.2,0.06180627848420274
2261,892ab2ceab7ffff,45,42.3286097910359,-83.1429593237635,0.38347481930367805,Claytown,04,Arnold St & Renville St,LARCENY,15,0.3333333333333333,0.061730119710839054
2262,892ab2ca92bffff,45,42.42698107103456,-83.24629604222523,0.3833204599685909,Holcomb Community,08,Pierson St & Clarita St,ASSAULT,14,0.3111111111111111,0.06171811217764051
2263,892ab2ce683ffff,74,42.41197714115723,-83.1686737418702,0.11835070938083733,Harmony Village,12,Puritan St & Manor St,ASSAULT,13,0.17567567567567569,0.06166390766399896
2264,892ab2cec07ffff,41,42.351862076334,-83.11332489390162,0.41883586612120716,Midwest,10,Firwood St & Moore Pl,OBSTRUCTING JUDICIARY,8,0.1951219512195122,0.061645298583405866
2265,892ab2ca9cfffff,35,42.4400725704585,-83.2514302377156,0.473504059027592,Evergreen Lahser 7/8,08,Trojan St & Trinity St,AGGRAVATED ASSAULT,9,0.2571428571428571,0.06164460103301063
2266,892ab2cabafffff,28,42.4291594399663,-83.2653743990321,0.5370172066044999,Berg-Lahser,08,Beaverland St & W 7 Mile Rd,STOLEN VEHICLE,7,0.25,0.06162306326417684
2267,892ab2cec4bffff,15,42.3550386581131,-83.1310036285366,0.6541177815728637,Midwest,10,Ivanhoe St & Colfax St,ASSAULT,4,0.26666666666666666,0.06151675575201551
2268,892ab2c5463ffff,30,42.392640793521,-83.07097867003331,0.5159063843153214,North End,03,Cardoni St & Lynn St,ASSAULT,6,0.2,0.0613986326442084
2269,892ab2cf43bffff,52,42.4136390103999,-83.2242180088488,0.3144617170418751,North Rosedale Park,08,Greenview Ave & Grove St,STOLEN VEHICLE,12,0.23076923076923078,0.06132381883659976
2270,892ab2ca997ffff,19,42.442315528742,-83.23447322507778,0.6148480561172033,O'Hair Park,08,Hessel Ave & Grandville Ave,LARCENY,6,0.3157894736842105,0.06129752278072319
2271,892ab2ced53ffff,26,42.3418534824173,-83.1077638291537,0.5503659088016809,Chadsey Condon,04,Bangor St & Horatio St,AGGRAVATED ASSAULT,5,0.19230769230769232,0.06124368255881725
2272,892ab2cc44fffff,34,42.36331307113986,-83.21051873644393,0.4760456073037189,Joy Community,06,Abington Ave & Westfield St,ASSAULT,13,0.38235294117647056,0.06113342207670515
2273,892ab2c1927ffff,63,42.41453113048818,-83.16020810998175,0.21150391190134313,Fitzgerald/Marygrove,12,Grove St & Wyoming St,LARCENY,15,0.23809523809523808,0.06111251575553332
2274,892ab2c5eafffff,73,42.3359808283486,-83.0557391470721,0.11964010549238772,Downtown,03,W Elizabeth St & Cass Ave,LARCENY,31,0.4246575342465753,0.06105532443553016
2275,892ab2c1aa3ffff,86,42.4375352468403,-83.2043760717424,-0.1660612710073879,Greenfield,08,Pembroke Ave & Prevost St,ASSAULT,14,0.16279069767441862,0.0609640831758034
2276,892ab2ce363ffff,61,42.3608681327287,-83.1751123100242,0.22748534174360768,Barton-McFarland,02,Hartwell St & Ellis St,ASSAULT,14,0.22950819672131148,0.06093793357812289
2277,892ab2c75afffff,46,42.42049412245135,-82.9823895306605,0.36354202498684624,Eden Gardens,09,Houston Whittier Ave & August St,ASSAULT,8,0.17391304347826086,0.06088844259219535
2278,892ab2cea93ffff,53,42.3399421582396,-83.1477031719565,0.29972180304163243,Claytown,04,McDonald St & Radcliffe St,ASSAULT,13,0.24528301886792453,0.060886093204027776
2279,892ab2cf417ffff,27,42.4190678136736,-83.2237931423006,0.5363471458894813,Evergreen-Outer Drive,08,Faust Ave & W Outer Dr,ASSAULT,7,0.25925925925925924,0.06086205489807154
2280,892ab2c4427ffff,49,42.3757846824853,-82.977905552564,0.33565846637000696,East Village,05,Beniteau St & Goethe Ave,ASSAULT,19,0.3877551020408163,0.060846048988594775
2281,892ab2c667bffff,28,42.42310447125002,-82.97247784066829,0.5247983926055395,Mapleridge,09,Mayfield St & Celestine St,STOLEN PROPERTY,5,0.17857142857142858,0.06067256801452779
2282,892ab2ce16fffff,21,42.3607383581946,-83.14509056552225,0.5877674133314013,Midwest,02,Dover St & American St,AGGRAVATED ASSAULT,4,0.19047619047619047,0.060608702898115915
2283,892ab2cc07bffff,82,42.3397337156699,-83.2182310569505,0.03146086192663392,Warrendale,06,Penrod St & Whitlock St,ASSAULT,22,0.2682926829268293,0.06057586867386887
2284,892ab2cf50fffff,26,42.3986283639123,-83.20897027785226,0.5399050410216155,Grand River-St Marys,08,Grandmont Ave & Woodmont Ave,ASSAULT,7,0.2692307692307692,0.06042993704038928
2285,892ab21b6c7ffff,45,42.3019151224163,-83.1194497606577,0.36665809086672696,Central Southwest,04,W Fort St & N Westend St,ASSAULT,13,0.28888888888888886,0.06042195506447322
2286,892ab2cabcbffff,22,42.4396206857775,-83.28460562656825,0.5761541968798652,Five Points,08,Norfolk St & Winston St,ASSAULT,7,0.3181818181818182,0.06041420145795638
2287,892ab2c1a53ffff,48,42.4425205720005,-83.22479649474,0.3361719092046265,O'Hair Park,08,Hessel Ave & Faust Ave,DAMAGE TO PROPERTY,9,0.1875,0.06017710475424315
2288,892ab2c7513ffff,57,42.42753806676619,-82.9910754019278,0.25408014174094856,Von Steuben,09,Westphalia St & Greiner St,ASSAULT,14,0.24561403508771928,0.060171190624189276
2289,892ab2c738fffff,16,42.4048963678509,-83.0299642251465,0.626207701602996,Airport Sub,11,Carrie St & Lynch Rd,DAMAGE TO PROPERTY,8,0.5,0.06005452968983692
2290,892ab2d59abffff,18,42.44548029867441,-82.9449406420714,0.6067601138959635,Regent Park,09,Eastburn St & Kelly Rd,STOLEN PROPERTY,3,0.16666666666666666,0.05995948123163282
2291,892ab2c1b43ffff,75,42.4230377772041,-83.2060470052935,0.08605746768085273,College Park,08,Curtis St & Rutherford St,ASSAULT,15,0.2,0.059860717707675315
2292,892ab2c728fffff,23,42.4219609457947,-83.0486592056118,0.5590237080157976,Davison,11,Bloom St & Phyllis St,BURGLARY,11,0.4782608695652174,0.0597905142376076
2293,892ab2c42b3ffff,73,42.3648996703418,-83.01211759446778,0.10259911984023425,Gratiot-Grand,07,Mack Ave & E Grand Blvd,LARCENY,24,0.3287671232876712,0.059729714935861246
2294,892ab2cf59bffff,55,42.4096285442797,-83.2018683051155,0.26571843459848227,Crary/St Marys,08,Puritan St & Forrer St,ASSAULT,13,0.23636363636363636,0.05965875805696908
2295,892ab2c449bffff,16,42.3960463392972,-82.9798524671873,0.6202609391198972,Chandler Park,05,Norcross St & Olga St,ASSAULT,4,0.25,0.05959193409819788
2296,892ab2c1b17ffff,84,42.4234195817612,-83.1909741681168,-0.01541393970430525,Winship,12,Thatcher St & Lauder St,ASSAULT,24,0.2857142857142857,0.05954631379962193
2297,892ab2c19afffff,63,42.4206649517446,-83.15503802475239,0.1889891841707837,Bagley,12,Santa Clara St & Northlawn St,STOLEN VEHICLE,14,0.2222222222222222,0.05936110667795352
2298,892ab2ce39bffff,45,42.375751629832,-83.1620906392514,0.35285515315952787,Grand River-I96,02,Wadsworth St & Griggs St,LARCENY,8,0.17777777777777778,0.05934823164720779
2299,892ab219693ffff,51,42.2624912542836,-83.1615434544925,0.29743020072046367,Boynton,04,S Liddesdale St & Gleason St,ASSAULT,13,0.2549019607843137,0.05929006126320288
2300,892ab2c5a0fffff,24,42.316711775575,-83.0789298263627,0.5406578206976699,West Side Industrial,04,W Jefferson Ave & 23rd St,LARCENY,6,0.25,0.05907072600761028
2301,892ab2c0bcbffff,29,42.417466298146856,-83.12310974886546,0.4948908189035325,Detroit Golf,12,Baylis St & W McNichols Rd,LARCENY,6,0.20689655172413793,0.05905495794341318
2302,892ab2c0a07ffff,36,42.4265079707993,-83.13206898613619,0.4298566955980682,University District,12,Pickford St & Wildemere St,LARCENY,13,0.3611111111111111,0.0589581797934559
2303,892ab2cc03bffff,50,42.3399220097405,-83.20601924936234,0.3016045251815931,Warren Ave Community,06,Whitlock St & Asbury Park,ASSAULT,11,0.22,0.05890589512563062
2304,892ab2c1b8fffff,75,42.4253169702015,-83.1897761455243,0.07363734525657382,Winship,12,Pickford St & Marlowe St,ASSAULT,21,0.28,0.05889456277927219
2305,892ab2ced03ffff,34,42.33584366196776,-83.09713798332143,0.44701857360644165,Chadsey Condon,03,Magnolia St & McKinley St,AGGRAVATED ASSAULT,11,0.3235294117647059,0.05887542407108757
2306,892ab2c5dc3ffff,45,42.3352472150312,-83.0206450354409,0.3466680257365316,Rivertown,07,Chene St & Atwater St,LARCENY,15,0.3333333333333333,0.058866938190655325
2307,892ab2c458bffff,34,42.3763298147556,-82.9604677283118,0.44658491476875506,Riverbend,05,Algonquin St & E Vernor Hwy,ASSAULT,5,0.14705882352941177,0.05884168997338999
2308,892ab2cc617ffff,34,42.3613889880432,-83.22322806314284,0.4458502857225304,Franklin Park,06,Faust Ave & Cathedral St,ASSAULT,7,0.20588235294117646,0.05878454355813642
2309,892ab2c6ecbffff,24,42.3801244203007,-82.9440936883047,0.536884014951283,Riverbend,05,Kercheval St & Ashland St,ASSAULT,7,0.2916666666666667,0.05877716360168903
2310,892ab2cc4b3ffff,48,42.3656430627402,-83.1850560917806,0.31795434786798565,Plymouth-Hubbell,02,W Chicago St & Mark Twain St,LARCENY,10,0.20833333333333334,0.05875997003788357
2311,892ab2c1ba7ffff,38,42.4165890608922,-83.18095164813751,0.4085827232714225,Winship,12,Tracey St & W McNichols Rd,LARCENY,11,0.2894736842105263,0.058721057816077
2312,892ab2ce18fffff,37,42.3739654717281,-83.1305010164247,0.4171505713952425,Nardin Park,10,Broadstreet Ave & Collingwood St,ASSAULT,8,0.21621621621621623,0.058678661622049454
2313,892ab2cec4fffff,63,42.35262872304308,-83.1292719102115,0.17883872366968806,Midwest,10,Epworth St & Pacific St,LARCENY,15,0.23809523809523808,0.058571507581931394
2314,892ab2c4643ffff,15,42.3844872886665,-83.0257197523761,0.6156261960753573,Gratiot Town/Kettering,07,Frontenac St & E I 94 Service Drive,ASSAULT,4,0.26666666666666666,0.05852251513504951
2315,892ab2ce117ffff,29,42.3711970592445,-83.1327540311814,0.48771441751554434,Nardin Park,10,Nardin Park & Chenlot St,ASSAULT,7,0.2413793103448276,0.05849670937449005
2316,892ab2c7287ffff,29,42.4225624310506,-83.0429770115234,0.4866893380614012,Davison,11,E Davison St & Mound Rd,AGGRAVATED ASSAULT,4,0.13793103448275862,0.05841696897155415
2317,892ab2c61d3ffff,45,42.4037253456077,-82.9248169387776,0.33991006561908205,Cornerstone Village,05,Guilford St & Munich St,LARCENY,11,0.24444444444444444,0.058341239952716686
2318,892ab2cc93bffff,49,42.2670386546049,-83.1586503024556,0.30215529201492114,Boynton,04,Visger St & S Liddesdale St,ASSAULT,13,0.2653061224489796,0.05823985430592082
2319,892ab2c5e77ffff,16,42.33474777916616,-83.06899295714457,0.6010032083493496,North Corktown,03,Trumbull St & N I 75 Service Drive,LARCENY,6,0.375,0.05809388513714625
2320,892ab2c1863ffff,47,42.4360908393398,-83.1923617021477,0.31680235907014687,Schaefer 7/8 Lodge,12,Hubbell St & Saint Martins Ave,ASSAULT,10,0.2127659574468085,0.05796147273435504
2321,892ab2c6043ffff,79,42.41165600565594,-82.9522873104128,0.024626803048396373,Outer Drive-Hayes,09,Haverhill St & Somerset Ave,ASSAULT,18,0.22784810126582278,0.057917596688238725
2322,892ab2cc23bffff,45,42.3357938639997,-83.2363442801863,0.3329668914142777,Warrendale,06,Ann Arbor Trl & Vaughan St,ASSAULT,13,0.28888888888888886,0.057801134006287364
2323,892ab2c5a67ffff,34,42.3126177593012,-83.0815940163302,0.43291681867550313,West Side Industrial,04,W Jefferson Ave & W Grand Blvd,WEAPONS OFFENSES,7,0.20588235294117646,0.05777845581584508
2324,892ab2c754bffff,40,42.4253237283771,-83.0078519958659,0.37731856679711917,Von Steuben,09,Gietzen St & Runyon St,LARCENY,8,0.2,0.057706804557685426
2325,892ab2cf34bffff,15,42.3794417828774,-83.2638084841575,0.6046061534846661,Castle Rouge,06,Fullerton St & Bramell St,FRAUD,5,0.3333333333333333,0.05766527169601579
2326,892ab2cd497ffff,29,42.3811135279128,-83.267308725103,0.47693081661301956,Castle Rouge,06,Hazelton St & Glendale St,ASSAULT,7,0.2413793103448276,0.05765785861263763
2327,892ab2cc00fffff,41,42.33986108579845,-83.2096427835653,0.36741673431058425,Warren Ave Community,06,Abington Ave & Whitlock St,ASSAULT,17,0.4146341463414634,0.05764543079499094
2328,892ab2ceea7ffff,45,42.3468904720556,-83.1320168734864,0.3304568886646773,Midwest,02,Livernois Ave & Walton St,ASSAULT,11,0.24444444444444444,0.05760588218476817
2329,892ab2c72a3ffff,17,42.4172772269039,-83.0417735100316,0.5849187216746505,Davison,11,Desner St & Gable St,BURGLARY,6,0.35294117647058826,0.05755156588853366
2330,892ab2c6613ffff,66,42.4301787155699,-82.9604727273316,0.13706248233635426,Mapleridge,09,Salter St & Park Grove St,DAMAGE TO PROPERTY,16,0.24242424242424243,0.057448409343001
2331,892ab2cd19bffff,37,42.34639097368258,-83.2626716737639,0.40067378724767877,Far West Detroit,06,Sawyer St & Beaverland St,ASSAULT,10,0.2702702702702703,0.05739694106692156
2332,892ab2c7567ffff,21,42.4157601458269,-82.9962845426846,0.5463510731803688,Gratiot-Findlay,09,Christy St & Bradford St,ASSAULT,8,0.38095238095238093,0.05738694712257546
2333,892ab2cc077ffff,41,42.3398413498682,-83.2108667065173,0.3638631764563839,Warren Ave Community,06,Memorial St & Whitlock St,ASSAULT,8,0.1951219512195122,0.057369001359199714
2334,892ab2c2927ffff,41,42.448170785676,-83.02475163049316,0.3632867839754107,Conner Creek,11,Van Dyke St & E 8 Mile Rd,AGGRAVATED ASSAULT,8,0.1951219512195122,0.05732416408488283
2335,892ab2ce377ffff,67,42.3609933972277,-83.1690018403672,0.12618801871393562,Barton-McFarland,02,Appoline & Ellis St,ASSAULT,18,0.26865671641791045,0.05731137510504296
2336,892ab2c0827ffff,21,42.4225288772145,-83.0964845687937,0.5448270018393233,Greenfield Park,11,E Dakota Ave & Wanda St,BURGLARY,5,0.23809523809523808,0.057268390397682736
2337,892ab2c647bffff,43,42.425716618353,-82.9433836403142,0.3438675887999769,Moross-Morang,09,Nottingham Rd & Casino St,LARCENY,9,0.20930232558139536,0.057231324267092785
2338,892ab2c75cbffff,23,42.4327759703776,-82.9996584592321,0.5254545334272394,Von Steuben,09,Dresden St & Eastwood St,AGGRAVATED ASSAULT,5,0.21739130434782608,0.05717918543075459
2339,892ab2c617bffff,62,42.3905427662898,-82.9334582774172,0.16965153329941812,Morningside,05,Bedford St & Mack Ave,ASSAULT,17,0.27419354838709675,0.05714795608531849
2340,892ab2c0dd3ffff,40,42.4450632825529,-83.0752783978112,0.3673840301856656,Butler,11,Anglin St & E Winchester Ave,ASSAULT,11,0.275,0.05693400206986177
2341,892ab2ce43bffff,54,42.4026331211894,-83.1435233621802,0.2397950938647196,Fitzgerald/Marygrove,10,Fenkell St & Santa Rosa Dr,LARCENY,12,0.2222222222222222,0.05693331004083592
2342,892ab2c50a7ffff,37,42.374080461166,-83.06218471203843,0.39347896061298687,Milwaukee Junction,03,Melrose St & E Grand Blvd,ASSAULT,7,0.1891891891891892,0.0568372592075443
2343,892ab2c466bffff,18,42.3779328217091,-83.0249508391155,0.5664693478048801,Gratiot Town/Kettering,07,E Palmer St & Canton St,ASSAULT,6,0.3333333333333333,0.05682528328267035
2344,892ab2c5037ffff,36,42.3708378863079,-83.067904058442,0.40110264591571815,Milwaukee Junction,03,Brush St & E Milwaukee St,LARCENY,17,0.4722222222222222,0.0567214170738031
2345,892ab2c620fffff,80,42.40433483317963,-82.9744678318567,-0.017769979216452233,Outer Drive-Hayes,09,Wade St & Dickerson St,ASSAULT,15,0.1875,0.05671077504725898
2346,892ab2cf64fffff,16,42.41328517885835,-83.2698844116557,0.5829680241867256,Riverdale,08,S Riverdale Dr & Ridge Rd,DAMAGE TO PROPERTY,4,0.25,0.05669093744724947
2347,892ab2ca927ffff,69,42.424478394441714,-83.2395846425625,0.09532194019471013,Holcomb Community,08,Pickford St & Heyden St,ASSAULT,15,0.21739130434782608,0.05632808812581103
2348,892ab2cec43ffff,41,42.3549965468742,-83.1284191455342,0.3498929385058245,Midwest,10,Northfield St & Oregon St,ASSAULT,11,0.2682926829268293,0.0562822637421443
2349,892ab2cf1a3ffff,52,42.379916388723,-83.206255569616,0.24931788697246868,Schoolcraft Southfield,06,Mettetal St & Fullerton St,STOLEN VEHICLE,9,0.17307692307692307,0.05625631383732703
2350,892ab2c08abffff,15,42.4308419387263,-83.0964664428947,0.5855070903903083,Greenfield Park,11,E Hollywood Ave & Omira St,DAMAGE TO PROPERTY,3,0.2,0.056179565411798776
2351,892ab2c6113ffff,39,42.39717791086412,-82.92044911578553,0.3667792163781816,Cornerstone Village,05,Guilford St & Mack Ave,ASSAULT,9,0.23076923076923078,0.056178069227098684
2352,892ab2cf4b7ffff,25,42.4175910810295,-83.2090659997247,0.49416051039381287,College Park,08,Asbury Park & Santa Maria St,LARCENY,5,0.2,0.056162608868106784
2353,892ab2c6e6bffff,24,42.3663951771353,-82.9447667509153,0.5027834652796912,Jefferson Chalmers,05,Newport St & Victoria Park Dr,LARCENY,9,0.375,0.05612449940072591
2354,892ab2c6427ffff,68,42.4203576576221,-82.9258690879875,0.10122033501424714,Cornerstone Village,05,Farmbrook St & Minerva St,STOLEN VEHICLE,13,0.19117647058823528,0.056078036533714834
2355,892ab2c7363ffff,40,42.39521637161,-83.0402070640171,0.35544531333600793,Airport Sub,11,Dwyer St & Domine St,ASSAULT,14,0.35,0.05600529543323811
2356,892ab2c6213ffff,49,42.4102450728694,-82.97137022201,0.27338275813993024,Outer Drive-Hayes,09,Newport St & Longview St,ASSAULT,14,0.2857142857142857,0.05600165371043979
2357,892ab2cf2bbffff,27,42.3954040557837,-83.2591421890299,0.4736708468151263,Brightmoor,06,Eaton St & Dolphin St,AGGRAVATED ASSAULT,4,0.14814814814814814,0.05598649786439987
2358,892ab2ce923ffff,41,42.3087896666109,-83.10488907553747,0.3448929465045005,Central Southwest,04,W Lafayette Blvd & Livernois Ave,ASSAULT,9,0.21951219512195122,0.055893316938801035
2359,892ab2ced73ffff,27,42.3337934892875,-83.1036489450134,0.4705600822724772,Chadsey Condon,04,Magnolia St & Lovett St,DAMAGE TO PROPERTY,5,0.18518518518518517,0.05574451309232492
2360,892ab2cecabffff,55,42.3519619289068,-83.11050831650776,0.21484489919292912,Midwest,03,Moore Pl & W Grand Blvd,ASSAULT,20,0.36363636363636365,0.05570133193198307
2361,892ab2c4603ffff,49,42.384363800967,-83.0148924580085,0.26808614180293155,Gratiot Town/Kettering,07,Seminole St & Medbury St,ASSAULT,7,0.14285714285714285,0.05558963265275292
2362,892ab2c6ac3ffff,33,42.36154601560733,-82.950145019503,0.4136267761130386,Jefferson Chalmers,05,Kitchener St & Avondale St,ASSAULT,10,0.30303030303030304,0.05556900864904648
2363,892ab2ce26bffff,58,42.3770645821488,-83.19794812596024,0.18515981127106185,Plymouth-I96,06,Greenfield Rd & Capitol St,WEAPONS OFFENSES,10,0.1724137931034483,0.05551879829133157
2364,892ab2ceb23ffff,70,42.3047151987394,-83.1341508430561,0.0753457525665074,Springwells,04,Mason & Elsmere St,ASSAULT,23,0.32857142857142857,0.055483035463818504
2365,892ab2c7607ffff,44,42.4357124364381,-83.0402922259079,0.3105940965826333,Farwell,11,Emery St & Saint Louis St,BURGLARY,9,0.20454545454545456,0.05535188112774378
2366,892ab2c66c7ffff,53,42.43317841004748,-82.9630111504228,0.2283532479046483,Mapleridge,09,Brock St & Eastwood St,ASSAULT,14,0.2641509433962264,0.055334370046789205
2367,892ab2cc917ffff,61,42.2728934929036,-83.15385634743411,0.15397568838577616,Boynton,04,Miami St & S Liddesdale St,ASSAULT,14,0.22950819672131148,0.05521965549271202
2368,892ab2cc907ffff,55,42.2695206749919,-83.1570929397675,0.20744900580306236,Boynton,04,S Liddesdale St & Omaha St,ASSAULT,11,0.2,0.05512600919324777
2369,892ab2c1d03ffff,18,42.4458119234105,-83.1548088871132,0.5401962446523264,Garden Homes,12,Cherrylawn St & W 8 Mile Rd,FRAUD,5,0.2777777777777778,0.054781512116158906
2370,892ab21b63bffff,21,42.2909054037016,-83.1167263616829,0.5122993019119233,Delray,04,W Jefferson Ave & Unknown,LARCENY,4,0.19047619047619047,0.05473807736847763
2371,892ab219697ffff,38,42.26021200530292,-83.1580071678372,0.356594958892138,Boynton,04,Hyacinthe Ave & S Bassett St,ASSAULT,15,0.39473684210526316,0.054676956392928404
2372,892ab2cf077ffff,52,42.3934548766929,-83.2385244928141,0.2289458041725885,Brightmoor,06,Lyndon St & Vaughan St,ASSAULT,13,0.25,0.05467158000568097
2373,892ab2cec9bffff,54,42.36177588739821,-83.11194616484053,0.21036598376053042,Petoskey-Otsego,10,Dexter Ave & Montgomery St,STOLEN VEHICLE,10,0.18518518518518517,0.05464403471854929
2374,892ab2c4653ffff,29,42.3888455426094,-83.02401756164394,0.43811510464541725,Airport Sub,07,Townsend St & Saint Thomas St,STOLEN VEHICLE,5,0.1724137931034483,0.054638404364451956
2375,892ab2c0b2fffff,66,42.40161121182285,-83.11115614214492,0.10077142221875854,Pilgrim Village,10,La Belle St & Thomson St,ASSAULT,17,0.25757575757575757,0.05462534646231246
2376,892ab2ced4bffff,26,42.3377362096163,-83.1128684066377,0.4648050912966401,Chadsey Condon,04,Rich St & 31st St,ASSAULT,7,0.2692307692307692,0.054587950619404024
2377,892ab2c7277ffff,31,42.4115214659618,-83.0585464651124,0.41693283047620283,Buffalo Charles,11,Charles St & Conant St,ASSAULT,7,0.22580645161290322,0.05440841553952529
2378,892ab2cf553ffff,47,42.40655427198941,-83.2164497037436,0.2704061727795925,Crary/St Marys,08,Pilgrim St & Archdale St,ASSAULT,16,0.3404255319148936,0.05435233729168801
2379,892ab2c0acfffff,32,42.43272372919487,-83.1402940099825,0.40489160258161777,Sherwood Forest,12,Warrington Dr & W 7 Mile Rd,LARCENY,7,0.21875,0.05418061930958925
2380,892ab2c2b37ffff,17,42.4475693848011,-83.05187479586583,0.5405381456381417,Farwell,11,Keystone St & E 8 Mile Rd,BURGLARY,4,0.23529411764705882,0.054099223729713763
2381,892ab2cf60bffff,45,42.41375183709023,-83.26231886492822,0.28508417399950425,Oak Grove District 1,08,W McNichols Rd & Redford St,ASSAULT,13,0.28888888888888886,0.05407636207286551
2382,892ab2c446bffff,32,42.3799689200503,-82.996440029444,0.4034986241504593,West End,05,E Forest Ave & Hurlbut St,ASSAULT,8,0.25,0.05407226023465838
2383,892ab2ce1bbffff,73,42.371782954772,-83.1290225349026,0.029364920060631246,Nardin Park,10,Broadstreet Ave & W Boston Blvd,ASSAULT,21,0.2876712328767123,0.05403286424247282
2384,892ab2cf3d3ffff,42,42.3883842063032,-83.2515282520888,0.31151983012428985,Brightmoor,06,Kendall St & Bentler St,ASSAULT,8,0.19047619047619047,0.05400612408711796
2385,892ab2c762bffff,43,42.4299640966529,-83.0425719122693,0.30219961936549566,Grant,11,Dwyer St & E Hildale St,ASSAULT,12,0.27906976744186046,0.05398999437915393
2386,892ab2ce8bbffff,29,42.33451880547636,-83.1185990698529,0.429234391605426,Chadsey Condon,04,Wesson St & Rich St,LARCENY,9,0.3103448275862069,0.05394757826965043
2387,892ab2cabdbffff,27,42.441777702659,-83.2840099313923,0.4464578577510753,Five Points,08,Shiawassee Dr & Winston St,LARCENY,8,0.2962962962962963,0.05386961345676976
2388,892ab2c422fffff,50,42.352928962233,-83.0232277856845,0.23615658449130172,Elmwood Park,07,E Vernor Hwy & Elmwood St,ASSAULT,16,0.32,0.0538147335177424
2389,892ab2c52c3ffff,66,42.3806879582441,-83.1098852969767,0.08972890685842916,Dexter-Linwood,10,La Salle Blvd & Calvert St,ASSAULT,17,0.25757575757575757,0.05376635487809957
2390,892ab2ceb0fffff,56,42.3098897291691,-83.1376558683024,0.18062548922504992,Springwells,04,Richard St & Woodmere St,ASSAULT,12,0.21428571428571427,0.05374830633786232
2391,892ab2c1abbffff,33,42.43935747019261,-83.20445910063363,0.39004946680109065,Greenfield,08,Fargo St & Prevost St,ASSAULT,7,0.21212121212121213,0.05373494189736179
2392,892ab2c5ad3ffff,29,42.3313433850633,-83.0790443311359,0.4258860679511284,Corktown,03,15th St & Michigan Ave,LARCENY,10,0.3448275862068966,0.05368711389659686
2393,892ab2ce0afffff,57,42.383982085137895,-83.1452481148406,0.16938071003060634,Oakman Blvd Community,10,Ewald Cir & W Buena Vista St,ASSAULT,16,0.2807017543859649,0.05358246544222779
2394,892ab2ce6bbffff,73,42.405895010829,-83.16850788365596,0.022639251219814544,Bethune Community,12,Midland St & Manor St,ASSAULT,21,0.2876712328767123,0.053509677926317036
2395,892ab2c41cfffff,25,42.35454635159439,-82.9807319294566,0.4596762270723108,Joseph Berry Sub,07,Dwight St & Parkview St,STOLEN VEHICLE,8,0.32,0.05348009422409729
2396,892ab2c0eb7ffff,17,42.445884370447,-83.1072544964114,0.5319039551264131,Nolan,12,Alameda St & Charleston St,DAMAGE TO PROPERTY,4,0.23529411764705882,0.053427574495454114
2397,892ab2ce207ffff,15,42.3826700275732,-83.18376143294661,0.5488704540449197,Schoolcraft Southfield,02,W I 96 Service Drive & Mark Twain St,BURGLARY,4,0.26666666666666666,0.05332962033428354
2398,892ab2ced7bffff,30,42.333272748936494,-83.107009391834,0.4119313785743187,Chadsey Condon,04,28th St & Magnolia St,ASSAULT,6,0.2,0.0533104704831784
2399,892ab2c5567ffff,15,42.3722733214424,-83.0476330323955,0.5483343333985101,Poletown East,07,Dubois St & Medbury St,ASSAULT,6,0.4,0.053287915785241835
2400,892ab2cec0fffff,22,42.34984237191,-83.11795211932537,0.4838944186372008,Midwest,10,Woodrow St & Milford St,DAMAGE TO PROPERTY,6,0.2727272727272727,0.05323736081198306
2401,892ab2cf28bffff,44,42.4002593452222,-83.2644011398198,0.28302757414547647,Brightmoor,08,Fenkell St & Beaverland St,WEAPONS OFFENSES,7,0.1590909090909091,0.053207495541050115
2402,892ab2c7643ffff,47,42.43823257783063,-83.0550607183114,0.25543775226509197,Farwell,11,E Lantz St & Lamont St,ASSAULT,14,0.2978723404255319,0.05318795156693661
2403,892ab2c5007ffff,44,42.375723495634695,-83.0742026809901,0.2815310088794822,North End,03,John R St & Marston St,ASSAULT,12,0.2727272727272727,0.05309107849957306
2404,892ab2cd587ffff,37,42.3609356872371,-83.24573859843854,0.34491504860286193,Franklin Park,06,Burt Rd & Cathedral St,ASSAULT,13,0.35135135135135137,0.0530594974972895
2405,892ab2ce98fffff,41,42.3201353079005,-83.1029326348034,0.30657137729017225,Central Southwest,04,Junction St & Romeyn St,ASSAULT,12,0.2926829268292683,0.052912301800964
2406,892ab2ce827ffff,29,42.3238971284589,-83.1218793439268,0.4156356238118498,Michigan-Martin,04,Otis St & Martin St,LARCENY,11,0.3793103448275862,0.052889737124840935
2407,892ab2c6333ffff,57,42.3856287477828,-82.9479593021276,0.1603260073846445,Riverbend,05,Dedicated Connector & Manistique St,LARCENY,17,0.2982456140350877,0.05287810478556311
2408,892ab2ce8dbffff,45,42.3448330214063,-83.1335438005083,0.26927872736236147,Midwest,02,Cicotte St & W Warren Ave,FRAUD,25,0.5555555555555556,0.05284686451700912
2409,892ab2c6347ffff,32,42.39005985295299,-82.9619590565191,0.38620068366598215,Fox Creek,05,Coplin St & E Canfield St,ASSAULT,6,0.1875,0.05272666235088617
2410,892ab2c441bffff,27,42.390254398632,-82.9857765231115,0.43086519575164267,West End,05,Saint Jean St & Shoemaker St,DAMAGE TO PROPERTY,9,0.3333333333333333,0.052656668308320415
2411,892ab2cee13ffff,59,42.353474131352925,-83.14602518918899,0.13772917456283237,Midwest,02,Garden St & Alpine St,ASSAULT,10,0.1694915254237288,0.05253807817139123
2412,892ab2c46b3ffff,44,42.3846583608431,-83.000619164423,0.2736499161119501,West End,07,McClellan St & Barker Ave,LARCENY,11,0.25,0.05247801235107289
2413,892ab2cc987ffff,33,42.2768095580402,-83.1500625121728,0.37163040449091184,Boynton,04,S Annabelle St & Toronto St,ASSAULT,8,0.24242424242424243,0.05230213252402127
2414,892ab2c4273ffff,26,42.3596094445723,-83.032050165048,0.4351447123825374,McDougall-Hunt,07,Joseph Campau St & Leland St,ASSAULT,6,0.23076923076923078,0.05228068501547194
2415,892ab2cf19bffff,35,42.389181193597935,-83.21333797933639,0.3496553543870109,Grandmont,08,Rutland St & Kendall St,LARCENY,13,0.37142857142857144,0.05201047406732677
2416,892ab2c0823ffff,15,42.4236980808735,-83.102023261826,0.5317141974634417,Grixdale Farms,12,John R St & W Montana St,ASSAULT,3,0.2,0.05199504396837418
2417,892ab2c6653ffff,49,42.432201016324,-82.97262419759205,0.22178697353909677,Mapleridge,09,Saratoga St & Celestine St,ASSAULT,13,0.2653061224489796,0.051988044192430916
2418,892ab2c73a7ffff,17,42.3965958445249,-83.0198689454137,0.5129962862656956,Airport Sub,07,Olympia St & Erwin Ave,ASSAULT,4,0.23529411764705882,0.05195675667012521
2419,892ab2cee57ffff,63,42.351825235242,-83.1539949144561,0.09339668784293818,Barton-McFarland,02,Ohio St & Tireman Ave,ASSAULT,20,0.31746031746031744,0.05192501560811307
2420,892ab2c6e77ffff,25,42.3682278360747,-82.9372641635581,0.4394411677856756,Jefferson Chalmers,05,Essex Ave & Ashland St,DAMAGE TO PROPERTY,6,0.24,0.05190601938099469
2421,892ab2ce997ffff,48,42.3229438978826,-83.0951191746528,0.22939714028614488,Central Southwest,04,Wolff St & Palms St,LARCENY,11,0.22916666666666666,0.05187115045720368
2422,892ab2cc087ffff,47,42.3483948650999,-83.1989200269632,0.2364481887377362,Warren Ave Community,06,Diversey & Greenfield,ASSAULT,14,0.2978723404255319,0.05171076319765658
2423,892ab2ce91bffff,27,42.318876764565,-83.1091754416977,0.4171123034646954,Central Southwest,04,Military St & Toledo St,DAMAGE TO PROPERTY,6,0.2222222222222222,0.051586837898528554
2424,892ab2d5b8bffff,46,42.4486776672352,-82.97829467128383,0.2432745821265788,Mohican Regent,09,Carlisle St & Anvil St,ASSAULT,8,0.17391304347826086,0.05153290013645062
2425,892ab2c5247ffff,22,42.37286311627135,-83.1145670577617,0.4617693821950009,Dexter-Linwood,10,Joy Rd & Genessee St,DAMAGE TO PROPERTY,6,0.2727272727272727,0.05151626561907709
2426,892ab2cc92bffff,55,42.2650951842369,-83.1600909084083,0.16087882473646928,Boynton,04,S Liddesdale St & Francis St,ASSAULT,14,0.2545454545454545,0.05150333878654064
2427,892ab2cf427ffff,28,42.40831748437924,-83.2197567366923,0.40657633871319526,North Rosedale Park,08,Ashton Rd & Puritan St,ASSAULT,10,0.35714285714285715,0.051476135313449994
2428,892ab2cf04bffff,39,42.4003817947181,-83.2531845451256,0.30542806872122036,Brightmoor,08,Chapel St & Fenkell St,WEAPONS OFFENSES,8,0.20512820512820512,0.0514055950398805
2429,892ab2c6553ffff,58,42.4167848209112,-82.9228721246829,0.13165332452781595,Cornerstone Village,05,Radnor St & Linville St,ASSAULT,18,0.3103448275862069,0.05135655623746351
2430,892ab2c5597ffff,23,42.3876520780113,-83.0337086733431,0.4503642716178076,Airport Sub,07,Foster St & Cymbal St,STOLEN PROPERTY,9,0.391304347826087,0.05133795262773129
2431,892ab2c45d7ffff,29,42.3780184716362,-82.9641181130458,0.39533299836188374,Riverbend,05,Charlevoix St & Conner St,LARCENY,7,0.2413793103448276,0.051310406344681876
2432,892ab2ce8cbffff,57,42.3414156473176,-83.1358205669324,0.13757516877995996,Claytown,04,Kirkwood St & Larkins St,ASSAULT,12,0.21052631578947367,0.05110832876465596
2433,892ab2cee03ffff,16,42.35193941667264,-83.14708078398029,0.5109862404795951,Midwest,02,Tireman Ave & Alpine St,BURGLARY,3,0.1875,0.051091511555283714
2434,892ab2c4533ffff,30,42.3647235180027,-82.9566308809165,0.3821782512378588,Jefferson Chalmers,05,Freud St & Tennessee St,ASSAULT,11,0.36666666666666664,0.050995990027226254
2435,892ab2c4073ffff,18,42.3639966780084,-83.00034108362439,0.49058350456348143,Indian Village,07,Charlevoix St & Iroquois St,LARCENY,5,0.2777777777777778,0.05092216260969028
2436,892ab2ce59bffff,63,42.3995485223426,-83.118953337872,0.0803195177591274,Oakman Blvd Community,10,Kendall St & 14th St,ASSAULT,10,0.15873015873015872,0.05090774928058143
2437,892ab2cab27ffff,38,42.4220350038367,-83.2709851647948,0.3057558957826485,Seven Mile-Rouge,08,Grand River Ave & Codding St,ASSAULT,10,0.2631578947368421,0.05072221185010378
2438,892ab2ce83bffff,55,42.3288607428268,-83.1258510759246,0.15063534529513367,Claytown,04,Edward & Martin St,LARCENY,14,0.2545454545454545,0.05070650379505165
2439,892ab2ce88bffff,15,42.3385406520849,-83.1257201854092,0.5147788889600382,Claytown,04,Livernois Ave & Hanson St,AGGRAVATED ASSAULT,5,0.3333333333333333,0.050677655039694555
2440,892ab2c4023ffff,33,42.3592955401576,-82.9905370028551,0.34970501950860555,East Village,07,Agnes St & Hibbard St,LARCENY,12,0.36363636363636365,0.05059656811538213
2441,892ab2ced3bffff,40,42.3314243084761,-83.09526617759951,0.2837385063348862,Chadsey Condon,03,Ash St & W Grand Blvd,ASSAULT,9,0.225,0.050427259837650354
2442,892ab2ce973ffff,67,42.3122351924804,-83.1123024156317,0.0368812340540284,Central Southwest,04,N Rademacher St & Cadet St,ASSAULT,8,0.11940298507462686,0.0503642463094091
2443,892ab2cf493ffff,71,42.426486553240416,-83.21708395674032,-0.015392556551137571,College Park,08,Fenmore St & Clarita St,ASSAULT,15,0.2112676056338028,0.050330812854442346
2444,892ab2c1b0fffff,50,42.4196231631304,-83.19701203382445,0.18957301585507122,Winship,12,Prest St & Santa Maria St,ASSAULT,12,0.24,0.050191021698886285
2445,892ab2c62d3ffff,36,42.41821565104728,-82.9755251817814,0.31707404489726193,Eden Gardens,09,Chalmers St & Wilfred St,AGGRAVATED ASSAULT,5,0.1388888888888889,0.05018487546596023
2446,892ab2cec6fffff,41,42.344520197641,-83.1248656469556,0.27137209732715295,Midwest,10,Epworth St & Cobb Pl,DANGEROUS DRUGS,13,0.3170731707317073,0.05017416793635462
2447,892ab2c439bffff,36,42.3541863547423,-83.0005361487407,0.315448731463979,West Village,07,Agnes St & Seyburn St,LARCENY,12,0.3333333333333333,0.05005844317084079
2448,892ab2cc3dbffff,44,42.3344015636418,-83.2265778028873,0.2424920277246401,Warrendale,06,Warwick St & Dayton St,ASSAULT,15,0.3409090909090909,0.05005425625627081
2449,892ab21b6d3ffff,24,42.3079726479849,-83.12143044934959,0.42431389468041764,Springwells,04,Central St & Lane St,LARCENY,6,0.25,0.05002039190690895
2450,892ab2ca967ffff,21,42.42646327477775,-83.24962615083685,0.4508163425704355,Holcomb Community,08,Clarita St & Westbrook St,ASSAULT,3,0.14285714285714285,0.04995534961818848
2451,892ab2c552bffff,37,42.37300390595267,-83.04562615232605,0.3025453704335901,Poletown East,07,Chene St & Medbury St,DAMAGE TO PROPERTY,8,0.21621621621621623,0.04976358204817323
2452,892ab2ceb2fffff,56,42.3019429556022,-83.1352146445555,0.1293468317658643,Springwells,04,Falcon St & Woodmere St,OBSTRUCTING JUDICIARY,13,0.23214285714285715,0.049759365976917026
2453,892ab2c1a87ffff,53,42.4429392105052,-83.20461286731937,0.15665933227209747,Greenfield,08,Hessel Ave & Prevost St,ASSAULT,12,0.22641509433962265,0.04975733726412496
2454,892ab2ceed3ffff,25,42.36086129698101,-83.1508386445994,0.4110308555878669,Barton-McFarland,02,Cloverlawn St & Stawell St,ASSAULT,8,0.32,0.049695995823277786
2455,892ab2c704fffff,19,42.4192069599078,-83.0369621073125,0.4649049363229758,Airport Sub,11,Filer St & E McNichols Rd,ASSAULT,6,0.3157894736842105,0.04963352469595844
2456,892ab2ca923ffff,27,42.4271143208507,-83.24064972928092,0.39195946411394506,Holcomb Community,08,Kentfield St & Clarita St,ASSAULT,14,0.5185185185185185,0.04963021147634815
2457,892ab2cf073ffff,51,42.3957064168718,-83.24252320625239,0.16736513775553954,Brightmoor,06,Eaton St & Stout St,ASSAULT,10,0.19607843137254902,0.04917236698420145
2458,892ab2c4017ffff,17,42.3681259196516,-82.991276898768,0.47624569403585826,East Village,07,McClellan St & Jameson St,ASSAULT,6,0.35294117647058826,0.04909794702303333
2459,892ab2cc923ffff,54,42.2650588080039,-83.1544206812217,0.13893569479258844,Boynton,04,S Ethel St & Visger St,ASSAULT,15,0.2777777777777778,0.04908750931838656
2460,892ab2c50bbffff,50,42.3777256802672,-83.0643757158421,0.17511899475840592,North End,03,Clay St & Cameron St,ASSAULT,13,0.26,0.04906665083998981
2461,892ab2c730fffff,29,42.3975294665712,-83.0353830144353,0.3641830184366378,Airport Sub,11,Pease St & Huber St,LARCENY,14,0.4827586206896552,0.048887265445071784
2462,892ab2cf2abffff,48,42.3930538486362,-83.26027356023567,0.1894579897019459,Brightmoor,06,Dolphin St & Lyndon St,ASSAULT,13,0.2708333333333333,0.04876430449747888
2463,892ab2c46dbffff,38,42.3940892336285,-83.019831385074,0.27844916117325996,Airport Sub,07,Maxwell St & Badger St,DAMAGE TO PROPERTY,9,0.23684210526315788,0.048598035024770385
2464,892ab2ce86bffff,46,42.3270602177332,-83.13911064795316,0.2053099422450181,Claytown,04,Baubee St & Saint Lawrence St,ASSAULT,11,0.2391304347826087,0.04857965034763067
2465,892ab2c4247ffff,15,42.3622627115675,-83.03436516208795,0.4876654495020652,McDougall-Hunt,07,Joseph Campau St & E Willis St,LARCENY,4,0.26666666666666666,0.048568514544664265
2466,892ab2cee23ffff,57,42.3429940161436,-83.1435132946007,0.10372760336930872,Claytown,04,Proctor St & Wheeler St,ASSAULT,10,0.17543859649122806,0.04847534407909265
2467,892ab2c0a43ffff,39,42.4297540118627,-83.1457293983788,0.2673199031109873,Bagley,12,Clarita St & Prairie St,ASSAULT,8,0.20512820512820512,0.048441180458526904
2468,892ab2c1843ffff,19,42.4430424659177,-83.1967500204753,0.4495596519963962,Schaefer 7/8 Lodge,12,Norfolk St & Basil St,BURGLARY,6,0.3157894736842105,0.048439822929308346
2469,892ab2c5523ffff,21,42.373057718572085,-83.0412299176083,0.4312489053414423,Poletown East,07,Hendrie St & Joseph Campau St,ASSAULT,4,0.19047619047619047,0.04843320875119875
2470,892ab2c1a8bffff,44,42.4443441612703,-83.2137788592546,0.22103684407530874,Greenfield,08,Gilchrist St & W 8 Mile Rd,ASSAULT,12,0.2727272727272727,0.048385268567222396
2471,892ab2c1db7ffff,31,42.4437856179307,-83.13760531654424,0.3375156961145109,Green Acres,12,Norfolk St & Picadilly Rd,STOLEN VEHICLE,6,0.1935483870967742,0.04823059754851973
2472,892ab2cd5a3ffff,68,42.356459439674126,-83.24564049204804,-0.14331290723266688,Warrendale,06,Van Buren Ave & Burt Rd,ASSAULT,14,0.20588235294117646,0.048204158790170135
2473,892ab2cc6b7ffff,27,42.35966332642606,-83.2129122141237,0.37262871186753577,Joy Community,06,Dover St & Longacre St,ASSAULT,7,0.25925925925925924,0.04812648221228717
2474,892ab2c183bffff,65,42.4363616269251,-83.1843114723153,0.02552053312756487,Schaefer 7/8 Lodge,12,Ardmore St & Saint Martins Ave,ASSAULT,16,0.24615384615384617,0.04806273385765533
2475,892ab2c76dbffff,16,42.4476266197453,-83.0497453209493,0.47148006414179666,Farwell,11,Bloom St & E 8 Mile Rd,ASSAULT,8,0.5,0.048018346439252846
2476,892ab2c0c37ffff,28,42.4449278500114,-83.0845250211081,0.3620507283497417,Nolan,11,E Winchester Ave & Marx St,ASSAULT,6,0.21428571428571427,0.04801251100901361
2477,892ab2c6033ffff,34,42.4057847722248,-82.9363347912204,0.30676661769434643,East English Village,05,Frankfort St & Kensington Ave,ASSAULT,8,0.23529411764705882,0.04796529663484246
2478,892ab2ceaafffff,19,42.3268538544675,-83.1474345395668,0.44338073108078424,Claytown,04,Arnold St & Cabot St,ASSAULT,10,0.5263157894736842,0.047959167852739876
2479,892ab2cea07ffff,28,42.3286812294522,-83.1542779337627,0.3597370839630605,Claytown,04,Wyoming Ave & Michigan Ave,ASSAULT,5,0.17857142857142858,0.047832533803443184
2480,892ab2cee9bffff,43,42.3593074884507,-83.1414680815581,0.21792000436502074,Midwest,02,Joy Rd & Burnette St,ASSAULT,14,0.32558139534883723,0.04743392652289412
2481,892ab2cf5cfffff,46,42.406669860538,-83.2116958615723,0.19033331139394316,Crary/St Marys,08,Pilgrim St & Gilchrist St,LARCENY,11,0.2391304347826087,0.047414625945024554
2482,892ab2ce9b3ffff,25,42.317839097648,-83.09407642576032,0.3814748705320305,Central Southwest,04,Clark St & Christiancy St,ASSAULT,6,0.24,0.04739685096382901
2483,892ab2c71a7ffff,34,42.4001853060681,-82.988933568789,0.2981270296589961,Wade,09,Wade St & Gunston Ave,ASSAULT,8,0.23529411764705882,0.0472932275299994
2484,892ab2c8dafffff,29,42.4075140789244,-83.27549122581253,0.34318046715103623,Riverdale,08,Puritan St & Woodbine St,ASSAULT,8,0.27586206896551724,0.04725348779454259
2485,892ab2ce02fffff,34,42.375900858855005,-83.1537296564828,0.2974745874030923,Littlefield Community,02,Cherrylawn St & Elmhurst St,STOLEN VEHICLE,9,0.2647058823529412,0.04724247438284783
2486,892ab2cec63ffff,54,42.3482070341475,-83.12429226890862,0.11244785906538533,Midwest,10,Milford St & Colfax St,DAMAGE TO PROPERTY,11,0.2037037037037037,0.04702703421545654
2487,892ab2ce947ffff,25,42.3159463250036,-83.11617157080232,0.3765581888769517,Springwells,04,W Vernor Hwy & Dix St,ASSAULT,7,0.28,0.04701438482942459
2488,892ab2c4033ffff,45,42.3624317288489,-82.9887334081006,0.1930358311775679,East Village,07,Holcomb St & Kercheval St,LARCENY,10,0.2222222222222222,0.046915968879404905
2489,892ab2ce977ffff,58,42.3109678528622,-83.1111081531153,0.07429245812905304,Central Southwest,04,Bostwick St & Waterman St,ASSAULT,13,0.22413793103448276,0.04689448397476957
2490,892ab2c8d97ffff,32,42.4193715560545,-83.2775876640883,0.3102704355500514,Oak Grove District 1,08,Telegraph Rd & Bennett St,ASSAULT,9,0.28125,0.04682008744557981
2491,892ab2ce817ffff,54,42.33367553442878,-83.1227113964907,0.10726553203669563,Claytown,04,Morton St & Livernois Ave,ASSAULT,12,0.2222222222222222,0.04662390366421674
2492,892ab2c4087ffff,41,42.37016963935603,-82.9841671358249,0.22522544834447492,East Village,05,Saint Clair St & Charlevoix St,DAMAGE TO PROPERTY,11,0.2682926829268293,0.046584443872383335
2493,892ab2cf31bffff,23,42.3813313493391,-83.2511014683719,0.38831443585015035,Brightmoor,06,Bentler St & Glendale St,ASSAULT,6,0.2608695652173913,0.046511127852128714
2494,892ab2cc203ffff,20,42.3394574145391,-83.2376727770951,0.4141573704576597,Warrendale,06,Whitlock St & Heyden St,STOLEN VEHICLE,6,0.3,0.0463947823647379
2495,892ab2ce897ffff,29,42.340288680008975,-83.1150824709249,0.3308470286970634,Chadsey Condon,04,Herbert St & 33rd St,BURGLARY,7,0.2413793103448276,0.04629407596755697
2496,892ab2c446fffff,20,42.3781389527749,-82.99394910990227,0.4120926482091473,West End,05,Cadillac Blvd & E Canfield St,ASSAULT,5,0.25,0.04623416868412841
2497,892ab2c1953ffff,30,42.42938665697497,-83.1748295212185,0.3209309477074199,Schulze,12,Clarita St & W Outer Dr,ASSAULT,8,0.26666666666666666,0.046231593821142065
2498,892ab2c75b7ffff,34,42.42303490372024,-82.97699650284787,0.28251403932416497,Mapleridge,09,Rochelle St & Peoria St,DAMAGE TO PROPERTY,9,0.2647058823529412,0.046078701050806234
2499,892ab2cc223ffff,65,42.3323269565613,-83.2337281289881,-0.05427342782897778,Warrendale,06,Kirkwood St & Auburn St,ASSAULT,18,0.27692307692307694,0.046077504725897916
2500,892ab2c76d3ffff,28,42.4477902515323,-83.0441325577508,0.3340518707550925,Farwell,11,Mound Rd & E 8 Mile Rd,FRAUD,9,0.32142857142857145,0.04583449429302314
2501,892ab2c50dbffff,30,42.38746852414096,-83.0819122997636,0.3151405713336416,Arden Park,03,Arden Park Blvd & Woodward Ave,LARCENY,6,0.2,0.045781163424425605
2502,892ab2c6657ffff,52,42.4300076429615,-82.97022217782047,0.11347016608097506,Mapleridge,09,Queen St & Park Grove St,ASSAULT,13,0.25,0.045688789575643374
2503,892ab2ced07ffff,51,42.33420737487977,-83.0942853258087,0.12208908695243757,Chadsey Condon,03,25th St & Ash St,LARCENY,13,0.2549019607843137,0.04565036630435816
2504,892ab2cf687ffff,44,42.41900175681433,-83.24707525330899,0.18308451977353252,Holcomb Community,08,Pierson St & Santa Clara Ave,ASSAULT,10,0.22727272727272727,0.04543297680101272
2505,892ab2cc053ffff,59,42.34704144149299,-83.2173001419904,0.0447433310255258,Warrendale,06,Sawyer St & Ashton Ave,ASSAULT,21,0.3559322033898305,0.04530475727999056
2506,892ab2c5197ffff,17,42.3666307933319,-83.0437515678872,0.42635584990601816,Poletown East,07,Frederick St & Chene St,STOLEN VEHICLE,5,0.29411764705882354,0.04521704173589344
2507,892ab2cf38fffff,29,42.381500248373925,-83.24202138371153,0.31671306559941387,Brightmoor,06,Fielding St & Glendale St,ASSAULT,6,0.20689655172413793,0.04519460225560966
2508,892ab2cc4dbffff,33,42.3746834591551,-83.20242196747714,0.2802475316401293,Plymouth-I96,06,Wadsworth St & Rutherford St,ASSAULT,7,0.21212121212121213,0.04519350589697371
2509,892ab2c6e67ffff,47,42.3643295950449,-82.93810500719748,0.1509715026418502,Jefferson Chalmers,05,Marlborough St & Korte St,FRAUD,11,0.23404255319148937,0.045061575797243195
2510,892ab2c54cbffff,25,42.4047849481104,-83.0730532119575,0.3484675645042675,Campau/Banglatown,11,Dequindre St & Burnside St,ASSAULT,6,0.24,0.04482922962302045
2511,892ab2cf14bffff,46,42.3839975853782,-83.2331222675493,0.1559418218773707,Schoolcraft Southfield,06,Minock St & W Davison St,AGGRAVATED ASSAULT,11,0.2391304347826087,0.044739329683322046
2512,892ab2cf047ffff,23,42.3978828352149,-83.2447160497829,0.3654891510516237,Brightmoor,06,Braile St & W Outer Dr,STOLEN VEHICLE,6,0.2608695652173913,0.0447355607001341
2513,892ab2c40a3ffff,35,42.3650113283153,-82.9832126570581,0.25203404591115275,East Village,05,Kercheval St & Hurlbut St,LARCENY,7,0.2,0.044416562745105
2514,892ab2c1d2bffff,27,42.43613247530504,-83.1544450940195,0.3247292733265356,Oak Grove District 2,12,S Saint Martins Ave & Roselawn St,ASSAULT,7,0.25925925925925924,0.04440040955106567
2515,892ab2c4063ffff,34,42.36010459935949,-83.00230862840402,0.25898687559628636,Islandview,07,Seyburn St & E Vernor Hwy,DAMAGE TO PROPERTY,9,0.2647058823529412,0.0442485350982869
2516,892ab2c5d5bffff,34,42.3310351442412,-83.0327007665311,0.2579770309214508,Rivertown,07,Rivard St & Atwater St,LARCENY,13,0.38235294117647056,0.04416997980098912
2517,892ab2c6a8bffff,40,42.3581314240579,-82.9432732155039,0.20313353567148323,Jefferson Chalmers,05,Scripps St & Lenox St,LARCENY,11,0.275,0.04415704067233826
2518,892ab2c1b2fffff,60,42.41131592657537,-83.1930451308714,0.019034581802390864,Hubbell-Puritan,02,Florence St & Coyle St,ASSAULT,15,0.25,0.04401377160315985
2519,892ab2c6437ffff,62,42.4231998518031,-82.92367609458599,-0.037704883052416545,Cornerstone Village,05,Mallina St & Kingsville Ave,ASSAULT,17,0.27419354838709675,0.043950850661625705
2520,892ab2c087bffff,28,42.42808875325081,-83.1122319040838,0.30906643251176924,Grixdale Farms,12,Woodward Ave & W Hildale St,ASSAULT,9,0.32142857142857145,0.04389088991679653
2521,892ab2c6ad3ffff,41,42.3636445846191,-82.94628403746,0.1904546951139759,Jefferson Chalmers,05,Lenox St & Victoria Park Dr,ASSAULT,16,0.3902439024390244,0.0438796448816531
2522,892ab2c714bffff,24,42.4050692539761,-83.0207040094306,0.34374443428717233,Airport Sub,11,Madola St & Lynch Rd,ASSAULT,9,0.375,0.04375293506722859
2523,892ab2c1d0bffff,27,42.4457195111261,-83.1582388628748,0.31414947329934534,Garden Homes,12,Norfolk St & Wisconsin St,ASSAULT,9,0.3333333333333333,0.04357741235437074
2524,892ab2cec13ffff,50,42.356300802614214,-83.1162957688637,0.10330776132356213,Midwest,10,Firwood St & Seebaldt St,LARCENY,9,0.18,0.043480491965890815
2525,892ab2c1b87ffff,50,42.4254971159868,-83.18501351096901,0.10270620384324992,Winship,12,Pickford St & Freeland St,ASSAULT,16,0.32,0.04343369711923252
2526,892ab2c427bffff,20,42.360141094903,-83.03694541850209,0.37377075218159606,McDougall-Hunt,07,Superior St & Chene St,LARCENY,5,0.25,0.04325312812365903
2527,892ab2cf6bbffff,28,42.4148612042665,-83.2468737039841,0.300794004339152,Holcomb Community,08,Pierson St & W McNichols Rd,DAMAGE TO PROPERTY,8,0.2857142857142857,0.043247381988628986
2528,892ab2c6337ffff,29,42.38224934815297,-82.9443948741108,0.28792311062688325,Riverbend,05,E Vernor Hwy & Alter Rd,ASSAULT,8,0.27586206896551724,0.042955046481920944
2529,892ab2c5627ffff,31,42.3834781119824,-83.089517585066,0.2696932282857339,Boston Edison,10,Longfellow St & 3rd St,LARCENY,9,0.2903225806451613,0.042954722697146064
2530,892ab2c5357ffff,44,42.35900647870087,-83.0939742002192,0.1502068409820063,NW Goldberg,03,Marquette St & 15th St,BURGLARY,9,0.20454545454545456,0.04287543909616742
2531,892ab2cf227ffff,26,42.38607780858,-83.2600592013439,0.31416825060307485,Brightmoor,06,Dacosta St & Schoolcraft St,STOLEN PROPERTY,10,0.38461538461538464,0.04286998834306889
2532,892ab2cc0cbffff,43,42.35062760113939,-83.21743418378858,0.15314102301850632,Warrendale,06,Tireman St & Ashton Ave,ASSAULT,7,0.16279069767441862,0.04239480291791865
2533,892ab2ce29bffff,21,42.3947488890189,-83.181942821275,0.3533421942596173,Grand River-I96,02,Lyndon St & Stansbury St,ASSAULT,4,0.19047619047619047,0.04237288580943406
2534,892ab2ce8b3ffff,19,42.33445635225,-83.1163826610604,0.3699584627166496,Chadsey Condon,04,N Campbell St & Buchanan St,LARCENY,5,0.2631578947368421,0.04224768740099513
2535,892ab2cd567ffff,16,42.3490885202518,-83.26173751541711,0.3956727167486278,Far West Detroit,06,Bramell St & Tireman St,ASSAULT,6,0.375,0.04212133191788993
2536,892ab2cf28fffff,38,42.3975934856327,-83.2604205830751,0.19498864322740445,Brightmoor,06,Chalfonte St & Dolphin St,ASSAULT,6,0.15789473684210525,0.04210568430664554
2537,892ab2cf623ffff,50,42.4075867016656,-83.25220771529851,0.08377758042888787,Miller Grove,08,Pilgrim St & Bentler St,ASSAULT,13,0.26,0.04196124924996488
2538,892ab2cecb7ffff,25,42.35337819694992,-83.1009134920411,0.30980332318080234,NW Goldberg,03,Grand River Ave & McGraw St,AGGRAVATED ASSAULT,6,0.24,0.041821558198251674
2539,892ab2cf06fffff,46,42.3884985779629,-83.2454792537194,0.11834660130363922,Brightmoor,06,Braile St & Kendall St,ASSAULT,6,0.13043478260869565,0.041814816832248275
2540,892ab2ceb17ffff,28,42.31451004253768,-83.1334806109841,0.2813228830031062,Springwells,04,Belle St & Norman St,DANGEROUS DRUGS,6,0.21428571428571427,0.04173273348535966
2541,892ab2d5923ffff,25,42.4409007868592,-82.9482616945721,0.3046361764409283,Regent Park,09,Manning St & Kelly Rd,ASSAULT,9,0.36,0.04141960851386269
2542,892ab2c7387ffff,33,42.4050038091256,-83.0231481833666,0.23077742964035064,Airport Sub,11,Van Dyke St & Lynch Rd,DAMAGE TO PROPERTY,5,0.15151515151515152,0.0413452521340108
2543,892ab2ce083ffff,17,42.39533710031424,-83.14897353916339,0.37637476769090245,Chalfonte,10,Cloverdale St & Lyndon St,DAMAGE TO PROPERTY,7,0.4117647058823529,0.04132903908507743
2544,892ab2c6a83ffff,43,42.3597243799277,-82.9372035521886,0.13844630495632168,Jefferson Chalmers,05,Lakewood St & Harbor Island St,LARCENY,11,0.2558139534883721,0.041251708366006584
2545,892ab2c6e0bffff,21,42.3725170422433,-82.9379339241048,0.3364376424600041,Jefferson Chalmers,05,Fairfax Ave & Alter Rd,DAMAGE TO PROPERTY,5,0.23809523809523808,0.041057889428905994
2546,892ab2ca9cbffff,16,42.441769518616084,-83.2539260380154,0.3808247531279013,Evergreen Lahser 7/8,08,Hessel Ave & Westbrook St,STOLEN VEHICLE,4,0.25,0.04096631647288331
2547,892ab2c080fffff,27,42.4289970701343,-83.1070963409752,0.27963576818467106,Grixdale Farms,12,Charleston St & W Golden Gate Ave,STOLEN VEHICLE,6,0.2222222222222222,0.04089260900421933
2548,892ab2c469bffff,51,42.3926824956385,-83.0086938587651,0.057423163040084456,Airport Sub,07,Harper Ave & Raymond Ave,ASSAULT,9,0.17647058823529413,0.0406200373789741
2549,892ab2c638fffff,33,42.3933476322626,-82.9481348441499,0.21996401671285803,Morningside,05,Lakepointe St & Waveney St,LARCENY,8,0.24242424242424243,0.04050408231008601
2550,892ab2c666fffff,46,42.418303685395,-82.9710240432499,0.1003338756692893,Outer Drive-Hayes,09,Leroy Ave & Wilfred St,ASSAULT,12,0.2608695652173913,0.0404136161797023
2551,892ab2ce143ffff,18,42.37232936421101,-83.1478614032099,0.3552712958241669,Oakman Blvd Community,02,Grand River Ave & Cloverdale St,LARCENY,4,0.2222222222222222,0.040396295562595434
2552,892ab2cc3c3ffff,39,42.33241656614574,-83.22278711881376,0.16368872020916242,Warrendale,06,Kirkwood St & Greenview Ave,DAMAGE TO PROPERTY,9,0.23076923076923078,0.040379764099126025
2553,892ab2d5bc7ffff,25,42.4485949142434,-82.98318142445092,0.2910634981304,Mohican Regent,09,Reno St & Carlisle St,BURGLARY,4,0.16,0.04036379685650631
2554,892ab2cc043ffff,49,42.3470104509445,-83.2196979974681,0.07156106581640057,Warrendale,06,Penrod St & Sawyer St,ASSAULT,19,0.3877551020408163,0.040302048180314916
2555,892ab2ce2c3ffff,49,42.3909027059615,-83.19154355277355,0.07114782949777856,Hubbell-Lyndon,02,Terry St & Intervale St,DAMAGE TO PROPERTY,11,0.22448979591836735,0.040269902739860045
2556,892ab2c6ad7ffff,19,42.3610206390704,-82.9437483630015,0.3427698026120827,Jefferson Chalmers,05,Riverside Dr & Drexel St,ASSAULT,3,0.15789473684210525,0.04013269553059658
2557,892ab21b65bffff,24,42.2991432660239,-83.1332660299533,0.29639122603273,Springwells,04,Chamberlain St & Woodmere St,STOLEN VEHICLE,7,0.2916666666666667,0.040069353378750575
2558,892ab2ceed7ffff,32,42.3592008663891,-83.1463032358296,0.21762115649610428,Midwest,02,Joy Rd & Central St,LARCENY,6,0.1875,0.039612947732046405
2559,892ab2ce34bffff,27,42.3681518251249,-83.1839483753744,0.26203781865443826,Plymouth-Hubbell,02,Orangelawn St & Freeland St,BURGLARY,7,0.25925925925925924,0.03952367357124907
2560,892ab2d5967ffff,45,42.438317359822,-82.9558461736602,0.09697823484791811,Regent Park,09,Redmond St & Coram St,ASSAULT,10,0.2222222222222222,0.03944369791989887
2561,892ab2c650bffff,19,42.4139332512185,-82.9156989704859,0.33141202649571716,Cornerstone Village,05,Lafontaine St & Frankfort Ave,LARCENY,4,0.21052631578947367,0.039249179974495854
2562,892ab2c6243ffff,35,42.409334938265,-82.9841299069008,0.18543483818934195,Wade,09,Annsbury Ave & Promenade Ave,ASSAULT,8,0.22857142857142856,0.03923584466760935
2563,892ab2c5173ffff,20,42.3576820475495,-83.0621305112772,0.31870134322486404,Midtown,03,John R St & E Warren Ave,LARCENY,10,0.5,0.038969307155534975
2564,892ab2c465bffff,22,42.38887706699403,-83.0275865599745,0.29995229797106665,Airport Sub,07,Saint Thomas St & Hathon St,ASSAULT,4,0.18181818181818182,0.03892859795509636
2565,892ab2c195bffff,52,42.42927636336282,-83.1792130588405,0.025247962868650917,Schulze,12,Hartwell St & Clarita St,ASSAULT,17,0.3269230769230769,0.0388260298123782
2566,892ab2c46c7ffff,18,42.389505422789185,-83.0163590482286,0.3338975968586373,Airport Sub,07,Seneca St & Harper Ave,AGGRAVATED ASSAULT,3,0.16666666666666666,0.03873364652514441
2567,892ab2cc967ffff,33,42.2639872218171,-83.16553948732427,0.19483220842242785,Boynton,04,S Electric St & Gleason St,LARCENY,10,0.30303030303030304,0.03854909188325925
2568,892ab2cf3bbffff,18,42.3793285846641,-83.2407255770763,0.3314481173997266,Brightmoor,06,Fullerton St & Stout St,AGGRAVATED ASSAULT,4,0.2222222222222222,0.03854310277924521
2569,892ab2ce963ffff,24,42.309959029751,-83.1154048852249,0.27631868830910794,Central Southwest,04,Bostwick St & Beard St,ASSAULT,9,0.375,0.038507921004354226
2570,892ab2c619bffff,35,42.4029640790867,-82.9171910212624,0.17575726534953937,Cornerstone Village,05,Marseilles St & Mack Ave,DAMAGE TO PROPERTY,8,0.22857142857142856,0.03848303125927466
2571,892ab2c6433ffff,17,42.4255745861971,-82.92661635361839,0.33915834393721306,Cornerstone Village,05,Kingsville Ave & Alstead St,STOLEN VEHICLE,10,0.5882352941176471,0.0384339926435965
2572,892ab2ce88fffff,33,42.3370229224656,-83.1219032935977,0.19211310799982972,Chadsey Condon,04,Wesson St & Horatio St,ASSAULT,6,0.18181818181818182,0.03833757446141961
2573,892ab2ce2b7ffff,28,42.3834099471446,-83.1696518214045,0.2332173905428047,Grand River-I96,02,W Buena Vista St & Meyers Rd,ASSAULT,7,0.25,0.03799063199585055
2574,892ab2c0c63ffff,30,42.44568446304693,-83.099608221702,0.21342890282513433,Nolan,11,Andover St & 8 Mile Service Drive,AGGRAVATED ASSAULT,6,0.2,0.03786906510134451
2575,892ab2c4013ffff,17,42.3694005353651,-82.9931503666549,0.33040748230359196,East Village,07,Belvidere St & Goethe Ave,ASSAULT,4,0.23529411764705882,0.03775326762283748
2576,892ab2cc06bffff,53,42.336093647393,-83.21930532687173,-0.12456021208338043,Warrendale,06,Penrod St & Paul Dr,ASSAULT,19,0.3584905660377358,0.03757088846880907
2577,892ab2c753bffff,21,42.4198305564632,-82.9907846067843,0.2912145630192824,Gratiot-Findlay,09,Barlow St & Minden St,ASSAULT,6,0.2857142857142857,0.037540009364067914
2578,892ab2c43dbffff,26,42.3569217455354,-83.0110514000846,0.24514264477278408,Islandview,07,Canton St & E Vernor Hwy,DAMAGE TO PROPERTY,6,0.23076923076923078,0.03750052200603971
2579,892ab2ced23ffff,43,42.3287495307129,-83.0934310307295,0.0888639982089606,Central Southwest,04,W Grand Blvd & Risdon St,LARCENY,11,0.2558139534883721,0.037394726253502195
2580,892ab2c194fffff,38,42.4238772327635,-83.1777907394604,0.13419653143761656,Schulze,12,Curtis St & Snowden St,LARCENY,10,0.2631578947368421,0.03737669723169348
2581,892ab2c56bbffff,20,42.3938530455668,-83.0853940284324,0.2960270326425411,Gateway Community,03,John R St & Woodland St,ASSAULT,6,0.3,0.03720548421008391
2582,892ab219687ffff,33,42.2576202886279,-83.1602860791428,0.17616920654124807,Boynton,04,Salliotte St & S Bassett St,ASSAULT,11,0.3333333333333333,0.037097306576292316
2583,892ab2cab2fffff,35,42.4226491785798,-83.2724632711521,0.15703668512269728,Oak Grove District 1,08,Grand River Ave & Shiawassee Dr,ASSAULT,9,0.2571428571428571,0.037026766962445105
2584,892ab2c6233ffff,52,42.4039048230403,-82.9671940006434,-0.18027134656350277,Outer Drive-Hayes,09,Newport St & Harper Ave,LARCENY,11,0.21153846153846154,0.036862003780718335
2585,892ab2c6567ffff,52,42.4045033046714,-82.9163590385836,-0.032802494581889045,Cornerstone Village,05,Washington Rd & Mack Ave,LARCENY,17,0.3269230769230769,0.036862003780718335
2586,892ab2cc497ffff,52,42.3704872327399,-83.1852193352245,-0.06612269636813463,Plymouth-Hubbell,02,Elmira St & Mark Twain St,ASSAULT,9,0.17307692307692307,0.036862003780718335
2587,892ab2cf183ffff,40,42.3868285915546,-83.2103575285168,0.10404602641195806,Grandmont,08,Grandmont Ave & Schoolcraft St,ASSAULT,10,0.25,0.03644907434608537
2588,892ab2ce38fffff,45,42.36975531288431,-83.161761347934,0.055174490266694756,Barton-McFarland,02,Maplelawn St & Griggs St,ASSAULT,12,0.26666666666666666,0.03619180615320405
2589,892ab2ceeabffff,51,42.34862505808045,-83.1407266484619,-0.15474081782166152,Midwest,02,Burnette St & Majestic St,ASSAULT,14,0.27450980392156865,0.0361531190926276
2590,892ab2cf2d7ffff,33,42.40205444608374,-83.26566905357917,0.15904504789223414,Brightmoor,08,Keeler St & Beaverland St,AGGRAVATED ASSAULT,5,0.15151515151515152,0.03576522709202247
2591,892ab2cec67ffff,50,42.3445952632325,-83.11920680357073,-0.12563861477259305,Chadsey Condon,10,32nd St & Vancourt St,ASSAULT,7,0.14,0.03544423440453686
2592,892ab2ce163ffff,25,42.3638875532944,-83.1441333972874,0.225967945614287,Midwest,02,Westfield St & Bryden St,ASSAULT,8,0.32,0.03530004734324671
2593,892ab2cf2b3ffff,35,42.397667460952,-83.2530840645411,0.13250661366979444,Brightmoor,06,W Outer Dr & Burgess St,ASSAULT,9,0.2571428571428571,0.03511858533438206
2594,892ab2c73afffff,25,42.3968427579898,-83.0228292868273,0.2233674104331907,Airport Sub,11,Van Dyke St & Roland St,ASSAULT,7,0.28,0.03509775305049559
2595,892ab2c6503ffff,48,42.4142457885089,-82.9118592679294,0.012595331275129648,Cornerstone Village,05,Gateshead Dr & Gateshead St,ASSAULT,11,0.22916666666666666,0.035006249363053125
2596,892ab2cf18fffff,44,42.3845642938628,-83.2112873633413,0.048603378149690936,Schoolcraft Southfield,06,Abington Ave & W Davison St,ASSAULT,10,0.22727272727272727,0.03497175803692341
2597,892ab2cecafffff,40,42.3500120390718,-83.1087714133256,0.08472670910046712,Midwest,03,Milford St & Vinewood St,ASSAULT,10,0.25,0.03494623459972397
2598,892ab2c46cbffff,26,42.39046895952141,-83.02256878228835,0.21179409418920725,Airport Sub,07,Van Dyke St & Hardyke St,STOLEN VEHICLE,6,0.23076923076923078,0.03490635542693739
2599,892ab2c6317ffff,26,42.38995324462195,-82.94946153157429,0.2115467098000526,Morningside,05,Lozier St & Alter Rd,ASSAULT,4,0.15384615384615385,0.034887111522680495
2600,892ab2c5363ffff,26,42.3510392748904,-83.09353161426708,0.21087368790283692,Woodbridge,03,Grand River Ave & Linwood St,LARCENY,5,0.19230769230769232,0.0348347574958275
2601,892ab2ce12bffff,31,42.36317348028216,-83.13617759632645,0.16468058255604548,Midwest,10,Greenway St & Northfield St,ASSAULT,5,0.16129032258064516,0.03478584305566538
2602,892ab2ceebbffff,49,42.35208156407889,-83.13984285228919,-0.09900214258494003,Midwest,02,Wetherby St & Tireman St,LARCENY,8,0.16326530612244897,0.03473534971644612
2603,892ab2cf2c7ffff,49,42.4001103491788,-83.2701058705371,-0.03873336093853391,Brightmoor,08,Fenkell St & Riverdale Ave,AGGRAVATED ASSAULT,11,0.22448979591836735,0.03473534971644612
2604,892ab2c5303ffff,17,42.3575805902782,-83.0884394866312,0.28605692114480163,Elijah McCoy,03,Antoinette St & Vermont St,AGGRAVATED ASSAULT,4,0.23529411764705882,0.03430326030590097
2605,892ab2cec47ffff,40,42.352606998532,-83.12642976173473,0.07270663271259134,Midwest,10,Northfield St & Allendale St,ASSAULT,13,0.325,0.03401119904651344
2606,892ab2c461bffff,31,42.3861301598624,-83.0164987229655,0.1536930028918038,Gratiot Town/Kettering,07,Conger St & Maxwell Ave,LARCENY,5,0.16129032258064516,0.03393112489096538
2607,892ab2cecbbffff,31,42.3540703002169,-83.1077281077688,0.15317857165645404,Midwest,03,Grand River Ave & Dexter Ave,ASSAULT,10,0.3225806451612903,0.03389110755004238
2608,892ab2c56b7ffff,41,42.3933434547281,-83.0785309602812,0.05930137698638829,Gateway Community,03,Brush St & Rosedale Ct,ASSAULT,9,0.21951219512195122,0.03367729579387844
2609,892ab2c6147ffff,47,42.39253715553754,-82.93252082049834,-0.17045190849246472,Morningside,05,Brunswick St & 3 Mile Dr,ASSAULT,9,0.19148936170212766,0.03331758034026465
2610,892ab2c664fffff,47,42.4262538728463,-82.975038534808,-0.053650982648859785,Mapleridge,09,Chalmers St & Seymour St,DAMAGE TO PROPERTY,7,0.14893617021276595,0.03331758034026465
2611,892ab2ce31bffff,47,42.3707578616959,-83.1705226842941,-0.1245583266035202,Barton-McFarland,02,Sorrento St & Elmira St,DAMAGE TO PROPERTY,8,0.1702127659574468,0.03331758034026465
2612,892ab2c5a1bffff,15,42.322834060311,-83.0786817947547,0.29087086627178504,Hubbard Richard,04,Austin St & Sainte Anne St,WEAPONS OFFENSES,3,0.2,0.033259965242501265
2613,892ab2c408fffff,25,42.37027518456,-82.9892467158791,0.19524648637994435,East Village,05,Cadillac Blvd & Charlevoix St,ASSAULT,6,0.24,0.03291024084754149
2614,892ab2ce107ffff,43,42.3684414746471,-83.13138533506864,0.02933555670238145,Nardin Park,10,Kay St & Nardin Park,ASSAULT,10,0.23255813953488372,0.032764039439231306
2615,892ab2cc2cfffff,46,42.3467033715935,-83.24253515601154,-0.45905001203881257,Warrendale,06,Braile St & Sawyer St,ASSAULT,20,0.43478260869565216,0.03260869565217391
2616,892ab2ce803ffff,46,42.33384714048098,-83.1264647386631,-0.12441053010966996,Claytown,04,Burton St & Fern Ave,ASSAULT,13,0.2826086956521739,0.03260869565217391
2617,892ab2cf2b7ffff,41,42.3931697468805,-83.251700369448,0.04263112543329456,Brightmoor,06,Lyndon St & Bentler St,ASSAULT,17,0.4146341463414634,0.032380525508888564
2618,892ab2c6573ffff,40,42.4102157421996,-82.9185693017512,0.05061461576091249,Cornerstone Village,05,Radnor St & E Warren Ave,ASSAULT,13,0.325,0.03229267242277373
2619,892ab2c6027ffff,24,42.3994156183849,-82.9367919942719,0.19387190792155706,Morningside,05,Munich St & Courville St,LARCENY,7,0.2916666666666667,0.032094428408927816
2620,892ab2cec33ffff,23,42.3480201571823,-83.1104165880221,0.20258907591189926,Midwest,03,Milford St & W Grand Blvd,LARCENY,8,0.34782608695652173,0.03206364773043391
2621,892ab2c456fffff,20,42.3616970846522,-82.9723137192283,0.22795754288953943,Marina District,05,Lemay Ave & Lisette St,LARCENY,9,0.45,0.03191039365041362
2622,892ab2cecdbffff,32,42.3635551534606,-83.1229832799853,0.11639254771137894,Petoskey-Otsego,10,Petoskey Ave & Mackinaw St,STOLEN VEHICLE,8,0.25,0.03173842637615627
2623,892ab2c468bffff,25,42.3889890800143,-83.0103313130322,0.1791548960379189,Gratiot Town/Kettering,07,Lambert St & Crane St,ASSAULT,6,0.24,0.03165848432021445
2624,892ab2c444fffff,32,42.3851250524075,-82.9972186106951,0.1151909666662614,West End,05,Hurlbut St & Moffat St,STOLEN VEHICLE,7,0.21875,0.03164495600533716
2625,892ab2cc9bbffff,40,42.27407115180382,-83.14984475258852,0.041753244984101656,Boynton,04,S Deacon St & Melvin St,ASSAULT,10,0.25,0.03160335095266589
2626,892ab2ce24fffff,26,42.38257455544315,-83.1983134858437,0.16463998630292132,Schoolcraft Southfield,06,Greenfield Service Drive & Glendale St,FRAUD,6,0.23076923076923078,0.031238261653583718
2627,892ab2ce26fffff,44,42.3748431062983,-83.1944112557886,-0.04544853136608685,Plymouth-Hubbell,02,Sussex & Castleton St,ASSAULT,10,0.22727272727272727,0.031190926275992438
2628,892ab2ce5d7ffff,44,42.3981022165215,-83.12542127758971,-0.0517982901923679,Oakman Blvd Community,10,Linwood St & Oakman Blvd,ASSAULT,9,0.20454545454545456,0.031190926275992438
2629,892ab2ce8c3ffff,39,42.3421375395076,-83.1304598465336,0.045415189551933036,Claytown,04,Cicotte St & Willette St,ASSAULT,7,0.1794871794871795,0.03117932704701263
2630,892ab2cc9a3ffff,26,42.27110988670601,-83.1485117889392,0.1606268511550962,Boynton,04,Miami St & S Bassett St,ASSAULT,8,0.3076923076923077,0.030926081936752614
2631,892ab2cea17ffff,30,42.33079657631033,-83.15246137263135,0.1235496371131642,Claytown,04,McGraw St & Addison St,ASSAULT,7,0.23333333333333334,0.03087740329943473
2632,892ab2ce94bffff,28,42.31694439863196,-83.1245604194731,0.1414450871176886,Springwells,04,Stair St & Dix St,LARCENY,7,0.25,0.030851711764939005
2633,892ab2c6acbffff,23,42.360621430008,-82.9528578393664,0.1867582192482544,Jefferson Chalmers,05,Conner St & Avondale St,ASSAULT,7,0.30434782608695654,0.03083217354169926
2634,892ab2c52b3ffff,32,42.375374255229,-83.0925443194349,0.10141595389081878,Virginia Park Community,10,Byron St & Blaine St,LARCENY,8,0.25,0.03057340485413484
2635,892ab2cf137ffff,25,42.3745967681889,-83.2083853592484,0.1641161889786023,Plymouth-I96,06,Wadsworth St & Asbury Park,WEAPONS OFFENSES,5,0.2,0.030488631041331565
2636,892ab2cf32fffff,43,42.3669959950113,-83.2448172554505,-0.10762359343694745,Franklin Park,06,Orangelawn St & Braile St,ASSAULT,8,0.18604651162790697,0.0304820415879017
2637,892ab21b617ffff,22,42.2959257247935,-83.1151335303471,0.19135511059612031,Delray,04,Springwells St & South St,ASSAULT,7,0.3181818181818182,0.03048087866467129
2638,892ab2ced4fffff,15,42.3365986856873,-83.1106961209668,0.25137278809822433,Chadsey Condon,04,30th St & Buchanan St,ASSAULT,4,0.26666666666666666,0.03018743007849678
2639,892ab2c6e7bffff,27,42.3693510775339,-82.94375053732999,0.1405311329728378,Jefferson Chalmers,05,Chalmers St & Freud St,LARCENY,8,0.2962962962962963,0.03007173105450505
2640,892ab2cee97ffff,39,42.3565903290632,-83.1367795352784,0.03097399745749443,Midwest,10,Military & Linsdale St,LARCENY,9,0.23076923076923078,0.030055954149593857
2641,892ab2c45a3ffff,30,42.3692101168341,-82.9527279065765,0.11228525506543918,Jefferson Chalmers,05,Emerson St & Dickerson St,LARCENY,8,0.26666666666666666,0.030001152819846
2642,892ab2ced47ffff,20,42.3352427151392,-83.1057529849625,0.20140795493820834,Chadsey Condon,04,Lovett St & Jackson St,ASSAULT,7,0.35,0.029845114873764206
2643,892ab2c703bffff,24,42.4154949691811,-83.023545077601,0.16493956131746415,Airport Sub,11,Dobel St & Gilbo St,STOLEN PROPERTY,5,0.20833333333333334,0.029843796063535728
2644,892ab2ce8afffff,18,42.328540620708,-83.116599359746,0.21886224944972824,Central Southwest,04,Military St & Dennis St,ASSAULT,7,0.3888888888888889,0.02978510608061367
2645,892ab2ceb27ffff,42,42.30364801024699,-83.13297470101577,-0.20831399318185828,Springwells,04,Avis St & Elsmere St,ASSAULT,12,0.2857142857142857,0.029773156899810964
2646,892ab2cf2afffff,42,42.3906758139571,-83.2577860079567,-0.06024973055671054,Brightmoor,06,Rockdale St & Acacia St,ASSAULT,10,0.23809523809523808,0.029773156899810964
2647,892ab2cc2c3ffff,22,42.3502119850187,-83.2428800202701,0.18213360431755055,Warrendale,06,Braile St & Tireman St,STOLEN VEHICLE,6,0.2727272727272727,0.029763542439311355
2648,892ab2c434bffff,15,42.346697394788,-83.0202393102259,0.24035434197355093,Elmwood Park,07,Village Dr & Robert Bradby Dr,STOLEN VEHICLE,4,0.26666666666666666,0.029330310827732586
2649,892ab2c0c3bffff,35,42.4467336940023,-83.0912142957013,0.05732111627603731,Nolan,11,Russell St & 8 Mile Service Drive,ASSAULT,8,0.22857142857142856,0.02926994420428981
2650,892ab2c1b07ffff,21,42.4197822435272,-83.1945918154056,0.18469785628764623,Winship,12,Coyle St & W Outer Dr,ASSAULT,5,0.23809523809523808,0.02925412959166982
2651,892ab2ce153ffff,15,42.375985102587286,-83.1479693176678,0.23825228787299305,Oakman Blvd Community,02,Elmhurst St & Cloverdale St,ASSAULT,3,0.2,0.029166793121574233
2652,892ab2cc09bffff,32,42.35260746324271,-83.2040413646498,0.08322167155839888,Warren Ave Community,06,Belton St & Saint Marys St,ASSAULT,10,0.3125,0.02915808099952751
2653,892ab2c4473ffff,26,42.38478444630369,-82.99055724324654,0.13764697892487482,West End,05,French Rd & E Warren Ave,AGGRAVATED ASSAULT,5,0.19230769230769232,0.029138489508041793
2654,892ab2c73c3ffff,20,42.4090003857106,-83.03821147320821,0.19219088654543715,Buffalo Charles,11,Mount Elliott Ct & Old Mount Elliott St,DAMAGE TO PROPERTY,11,0.55,0.029128123869255524
2655,892ab2c1ac7ffff,41,42.4440568639417,-83.2172624876099,-0.4723043454505762,Greenfield,08,Hessel Ave & Archdale St,ASSAULT,10,0.24390243902439024,0.029064272211720227
2656,892ab2c585bffff,41,42.326535947474376,-83.0598732524201,-0.08771966179712898,Corktown,03,W Lafayette Blvd & Brooklyn St,ASSAULT,7,0.17073170731707318,0.029064272211720227
2657,892ab2cc3d7ffff,41,42.332480840153885,-83.21916888889812,-0.1811188517695357,Warrendale,06,Kirkwood St & Penrod St,ASSAULT,15,0.36585365853658536,0.029064272211720227
2658,892ab2cec03ffff,41,42.3538480096582,-83.11729497521821,-0.1913462275777206,Midwest,10,Woodrow St & Tireman St,ASSAULT,11,0.2682926829268293,0.029064272211720227
2659,892ab2c43c3ffff,31,42.3548111031184,-83.00965533772016,0.08850021167838806,Islandview,07,Canton St & Kercheval St,DAMAGE TO PROPERTY,7,0.22580645161290322,0.02885981122950971
2660,892ab2c5083ffff,35,42.38311217883099,-83.06795647584747,0.05022615041643799,North End,03,Hague St & Cameron St,ASSAULT,10,0.2857142857142857,0.028718030463189808
2661,892ab2c705bffff,15,42.4248495878301,-83.03725360975939,0.22803952180663403,Grant,11,Filer St & E Nevada St,BURGLARY,7,0.4666666666666667,0.028372347307710703
2662,892ab2cf627ffff,40,42.40587247366369,-83.2495361118914,-0.1307596818530811,Brightmoor,08,Pilgrim St & Blackstone St,DAMAGE TO PROPERTY,8,0.2,0.02835538752362949
2663,892ab2c1b03ffff,34,42.42150574324466,-83.19582919663213,0.05338442736180943,Winship,12,Thatcher St & Coyle St,LARCENY,9,0.2647058823529412,0.02825482651251819
2664,892ab2c1a97ffff,29,42.4445705233827,-83.2033899348193,0.09415761771801562,Greenfield,08,S M 10 & 8 Mile Service Drive,ASSAULT,9,0.3103448275862069,0.02788212855621604
2665,892ab2c6303ffff,37,42.3903326703704,-82.9535382344434,0.02073873306814781,Fox Creek,05,Chalmers St & Waveney St,AGGRAVATED ASSAULT,4,0.10810810810810811,0.02784198882658778
2666,892ab21b657ffff,39,42.30002388254435,-83.1261903073224,-0.14273165001010144,Springwells,04,Olivet St & Lawndale St,ASSAULT,9,0.23076923076923078,0.027646502835538753
2667,892ab2ceca7ffff,39,42.35015737538089,-83.1025756939132,-0.12296272467802169,Midwest,03,E I 96 Service Drive & Hudson St,ASSAULT,15,0.38461538461538464,0.027646502835538753
2668,892ab2cf437ffff,39,42.4118966105108,-83.2175153151614,-0.2689312063030146,Crary/St Marys,08,Florence St & Fenmore St,STOLEN VEHICLE,8,0.20512820512820512,0.027646502835538753
2669,892ab2cf38bffff,23,42.3837897284693,-83.2453249354956,0.139692098331237,Brightmoor,06,Pierson St & W Davison St,STOLEN PROPERTY,6,0.2608695652173913,0.027170924229381485
2670,892ab2cc9abffff,38,42.2714452105138,-83.1522487822717,-0.00972861091706174,Boynton,04,Miami St & S Deacon St,ASSAULT,12,0.3157894736842105,0.026937618147448016
2671,892ab2ce453ffff,38,42.412207961279286,-83.1557450941248,-0.04920415264131447,Fitzgerald/Marygrove,12,Ohio St & Florence St,ASSAULT,11,0.2894736842105263,0.026937618147448016
2672,892ab2ca99bffff,15,42.4437398674826,-83.2406379111048,0.20776936773372928,Evergreen Lahser 7/8,08,Evergreen Rd & W 8 Mile Rd,ASSAULT,3,0.2,0.0267955424592541
2673,892ab2c588fffff,37,42.3276972292379,-83.0402318773254,0.006520872975207074,Downtown,03,Parkway Dr & Atwater Dr,ASSAULT,11,0.2972972972972973,0.026735988810574384
2674,892ab2c546bffff,19,42.3918476905428,-83.0754562259061,0.16591150169769434,North End,03,Lynn St & Goodwin St,ASSAULT,5,0.2631578947368421,0.02637497936481896
2675,892ab2c0b53ffff,17,42.41505760144014,-83.1242227661151,0.1821219386316829,Martin Park,12,Baylis St & Grove St,FRAUD,5,0.29411764705882354,0.026218211531160558
2676,892ab2ce057ffff,30,42.39021480426126,-83.16317575092037,0.06335775958522309,Northwest Community,02,Kendall St & Birwood St,ASSAULT,8,0.26666666666666666,0.026195108138657854
2677,892ab2c444bffff,24,42.38944193743178,-83.0001277624645,0.11795016098165702,West End,05,Hurlbut St & Shoemaker St,ASSAULT,6,0.25,0.026188514805727734
2678,892ab2cf213ffff,36,42.3975788549417,-83.265425159,0.00347988041446248,Brightmoor,06,Chalfonte St & Grayfield St,AGGRAVATED ASSAULT,6,0.16666666666666666,0.025790546876956238
2679,892ab2c644fffff,32,42.4301174522786,-82.9426843550253,0.035703326428564816,Moross-Morang,09,Moross Rd & Roxbury St,ASSAULT,6,0.1875,0.025461653398539896
2680,892ab2ceca3ffff,18,42.35246079434225,-83.10469215007603,0.15725791780086243,Midwest,03,Chope Pl & Eastern Pl,DAMAGE TO PROPERTY,4,0.2222222222222222,0.024992936841026818
2681,892ab2c7613ffff,35,42.4408744312046,-83.0417192094079,-0.06937691201720475,Farwell,11,Dwyer St & E Outer Dr,ASSAULT,9,0.2571428571428571,0.0248109640831758
2682,892ab2cf057ffff,35,42.4005943761552,-83.242670501962,-0.09438421434615551,Brightmoor,08,Fenkell St & Fielding St,ASSAULT,8,0.22857142857142856,0.0248109640831758
2683,892ab2cec73ffff,17,42.3517525613155,-83.1226233883681,0.1599622062449976,Midwest,10,Begole St & Tireman St,ASSAULT,6,0.35294117647058826,0.02449441735859761
2684,892ab2c4083ffff,26,42.372771849375,-82.9860162555911,0.07685048999266732,East Village,05,Garland St & Goethe Ave,LARCENY,5,0.19230769230769232,0.024409161937434653
2685,892ab2cf217ffff,23,42.3953930667967,-83.2615882927552,0.1038032076296732,Brightmoor,06,Lamphere St & Eaton St,ASSAULT,12,0.5217391304347826,0.024379145900493553
2686,892ab2c6557ffff,34,42.416219708415696,-82.9175762257594,-0.2810322656000152,Cornerstone Village,05,Canyon Ave & Lafontaine St,STOLEN VEHICLE,7,0.20588235294117646,0.024102079395085067
2687,892ab2c7213ffff,34,42.4209983314768,-83.0517938912973,-0.03716330723145117,Davison,11,E Davison St & Conley St,ASSAULT,8,0.23529411764705882,0.024102079395085067
2688,892ab2c0a0bffff,23,42.4280614235047,-83.1385149122661,0.0977655652790986,University District,12,Margareta St & Oak Dr,DAMAGE TO PROPERTY,4,0.17391304347826086,0.023909480810756587
2689,892ab2c54d7ffff,17,42.4057854802398,-83.0658841635095,0.15209620514210104,Campau/Banglatown,11,Carpenter St & Maine St,STOLEN VEHICLE,3,0.17647058823529413,0.023882525182918904
2690,892ab2cc447ffff,28,42.361690762041,-83.2056680701957,0.05077737264933139,Joy Community,06,Mettetal St & Cathedral St,ASSAULT,11,0.39285714285714285,0.023798716940233288
2691,892ab2ce9c7ffff,27,42.3217579335652,-83.1071498568371,0.058983911772403724,Central Southwest,04,Plumer St & Campbell St,ASSAULT,9,0.3333333333333333,0.023728214705071533
2692,892ab2cc453ffff,33,42.370017614404,-83.2071011862954,-0.024800582419601234,Joy Community,06,Elmira St & Asbury Park,ASSAULT,7,0.21212121212121213,0.02339319470699433
2693,892ab2cf04fffff,33,42.3977925199381,-83.2491998158531,-0.18235973927266463,Brightmoor,06,Blackstone St & W Outer Dr,DAMAGE TO PROPERTY,6,0.18181818181818182,0.02339319470699433
2694,892ab2c5497ffff,21,42.4047416939191,-83.0542242280096,0.1079519341309284,Buffalo Charles,11,Casmere St & Conant St,BURGLARY,7,0.3333333333333333,0.023284103822712045
2695,892ab2cc963ffff,15,42.2678193629031,-83.165933678519,0.16105649940126082,Boynton,04,S Dartmouth & Francis St,LARCENY,5,0.3333333333333333,0.0231617724836026
2696,892ab2ce80bffff,21,42.3333085451947,-83.1328019880378,0.10337865581083558,Claytown,04,E I 94 Service Drive & Cecil St,ASSAULT,7,0.3333333333333333,0.022928350856921666
2697,892ab2c08afffff,32,42.4278857260626,-83.092430918572,-0.050414024395944286,Hawthorne Park,11,Hawthorne St & E Grixdale Ave,ASSAULT,10,0.3125,0.022684310018903593
2698,892ab2c72b3ffff,32,42.4191521895413,-83.03948047980585,-0.06260759426479268,Davison,11,Saint Louis St & E McNichols Rd,FRAUD,7,0.21875,0.022684310018903593
2699,892ab2cec23ffff,32,42.34608471912817,-83.1142537507322,-0.1159504335692405,Midwest,10,John E Hunter St & McGraw St,ASSAULT,6,0.1875,0.022684310018903593
2700,892ab2c1db3ffff,18,42.44613381614644,-83.14094513489992,0.12628379626999553,Green Acres,12,Livernois Ave & W 8 Mile Rd,LARCENY,5,0.2777777777777778,0.022583475875367954
2701,892ab21b68bffff,29,42.3026187943453,-83.1164042468963,0.018708708680976256,Central Southwest,04,W Fort St & Wheelock St,ASSAULT,5,0.1724137931034483,0.02201299677002056
2702,892ab2ce5d3ffff,31,42.40296341186625,-83.12704070497873,-0.2062090453505016,Pilgrim Village,10,Fenkell St & Linwood St,LARCENY,7,0.22580645161290322,0.021975425330812853
2703,892ab2ce85bffff,30,42.3373562854412,-83.1411168727928,-0.3545816519114415,Claytown,04,Wagner St & Florida St,ASSAULT,10,0.3333333333333333,0.02126654064272212
2704,892ab2c8d93ffff,15,42.42170910938128,-83.27860753274945,0.12865571894920194,The Eye,08,Curtis St & Woodbine St,BURGLARY,4,0.26666666666666666,0.020641332455034862
2705,892ab2cd573ffff,24,42.35509993199188,-83.263575441642,0.042813499990061565,Far West Detroit,06,Parkland St & Beaverland St,ASSAULT,9,0.375,0.020343672634214327
2706,892ab2c6157ffff,27,42.3944428288341,-82.930494756841,-0.016530410413490678,East English Village,05,Rosewood St & E Outer Dr,ASSAULT,9,0.3333333333333333,0.019139886578449908
2707,892ab2cf653ffff,25,42.4198405151405,-83.2652694995914,0.017684971696489974,Melvern Hill,08,Redfern St & Beaverland St,AGGRAVATED ASSAULT,4,0.16,0.019097822044745097
2708,892ab2c75b3ffff,24,42.4262336997612,-82.9798465832655,0.02052024766515602,Mapleridge,09,Troester St & Grover St,DAMAGE TO PROPERTY,4,0.16666666666666666,0.018609492014405146
2709,892ab2c5857ffff,26,42.32512007619769,-83.05241933572267,-0.25028830667111723,Downtown,03,Civic Center Dr & 3rd St,LARCENY,10,0.38461538461538464,0.018431001890359167
2710,892ab2d5933ffff,25,42.44293439453504,-82.9467702591061,-0.4902693199294451,Regent Park,09,Kelly Rd & E State Fair St,ASSAULT,9,0.36,0.01772211720226843
2711,892ab2c0c77ffff,24,42.446617604613614,-83.0984947011151,-0.0013230283077375615,Nolan,11,Irvington St & 8 Mile Service Drive,ASSAULT,8,0.3333333333333333,0.017013232514177697
2712,892ab2c4587ffff,23,42.3730019513765,-82.9543175479758,-0.25328977581659656,Riverbend,05,Dickerson St & Brooks St,AGGRAVATED ASSAULT,3,0.13043478260869565,0.016304347826086956
2713,892ab2ced0fffff,23,42.33369512119242,-83.09851919827456,-0.6074896848392397,Chadsey Condon,03,Hubbard St & W Grand Blvd,BURGLARY,4,0.17391304347826086,0.016304347826086956
2714,892ab21b6cfffff,15,42.3001874661121,-83.1235169670485,0.07157750974604321,Springwells,04,Witt St & Mullane St,ASSAULT,3,0.2,0.016201247950049957
2715,892ab2ce14fffff,19,42.369718929136,-83.1513775232719,0.03498495551748901,Barton-McFarland,02,Oakman Blvd & Allen Pl,BURGLARY,9,0.47368421052631576,0.016190270750068837
2716,892ab2c40b7ffff,17,42.366759830573976,-82.9788184138433,0.05059770892581289,East Village,05,Harding St & Kercheval St,STOLEN VEHICLE,5,0.29411764705882354,0.015987009422689512
2717,892ab2c460fffff,22,42.381485861377,-83.0152225837652,-0.137764393756813,Gratiot Town/Kettering,07,E Palmer St & Maxwell Ave,ASSAULT,5,0.22727272727272727,0.015595463137996219
2718,892ab2c6577ffff,21,42.4072949581146,-82.9150063753959,-0.17730496089132017,Cornerstone Village,05,Mack Ave & Fisher Rd,FRAUD,15,0.7142857142857143,0.014886578449905482
2719,892ab2cab13ffff,21,42.4351931938926,-83.2755623562167,-0.09024731450233055,Seven Mile-Rouge,08,Frisbee St & Dale St,ASSAULT,5,0.23809523809523808,0.014886578449905482
2720,892ab2cc6d7ffff,20,42.36964429268576,-83.22765047720985,-0.23887980320254903,Franklin Park,06,Piedmont St & Elmira St,ASSAULT,6,0.3,0.014177693761814745
2721,892ab2ce62fffff,20,42.3949305445126,-83.1744690968621,-0.45569352870484786,Bethune Community,02,Lyndon St & Cheyenne St,LARCENY,5,0.25,0.014177693761814745
2722,892ab2ce82bffff,19,42.3250563482992,-83.1282508173454,0.0053509007444938125,Claytown,04,Clayton St & Unknown,LARCENY,10,0.5263157894736842,0.01388505288751949
2723,892ab2ce157ffff,18,42.3734336947903,-83.1432815507005,-0.24818895283454548,Oakman Blvd Community,10,American St & Webb St,DAMAGE TO PROPERTY,6,0.3333333333333333,0.01275992438563327
2724,892ab2ce9cfffff,18,42.32153445143832,-83.1131928425827,-0.4418068713772402,Central Southwest,04,Federal St & Livernois Ave,BURGLARY,4,0.2222222222222222,0.01275992438563327
2725,892ab2cf4a3ffff,18,42.4156525665709,-83.2144968552792,-0.06098108073729828,College Park,08,W McNichols Rd & Oakfield St,ASSAULT,4,0.2222222222222222,0.01275992438563327
2726,892ab2c0e7bffff,17,42.44388723806114,-83.1343065593792,-0.10552750997072051,Green Acres,12,Norfolk St & Briarcliff Rd,ASSAULT,4,0.23529411764705882,0.012051039697542534
2727,892ab2c8dd7ffff,17,42.419149843664286,-83.2853595526154,-0.09394414399100079,The Eye,08,Salem St & Bennett St,ASSAULT,6,0.35294117647058826,0.012051039697542534
2728,892ab2c181bffff,16,42.4450763075905,-83.1870165017144,-0.17183118205058073,Schaefer 7/8 Lodge,12,Freeland St & W 8 Mile Rd,FRAUD,4,0.25,0.011342155009451797
2729,892ab2ced1bffff,16,42.3402787341871,-83.0999452646864,-0.003060384948802383,Chadsey Condon,03,Roosevelt St & Buchanan St,ASSAULT,5,0.3125,0.011342155009451797
2730,892ab2ced5bffff,16,42.340396955834,-83.1114313207673,-0.3729535220719451,Chadsey Condon,04,Horatio St & 28th St,BURGLARY,4,0.25,0.011342155009451797
2731,892ab2cf203ffff,16,42.3953883557362,-83.2653274802468,-0.23084013753027277,Brightmoor,06,Eaton St & Beaverland St,LARCENY,4,0.25,0.011342155009451797
2732,892ab2d5b37ffff,16,42.4370524370206,-82.9716582059738,-0.2985922349332289,Regent Park,09,Monarch St & Lappin St,AGGRAVATED ASSAULT,3,0.1875,0.011342155009451797
2733,892ab2c08d3ffff,15,42.4420605943143,-83.1061784644923,-0.2955317330994968,Nolan,12,Charleston St & W Remington Ave,DAMAGE TO PROPERTY,5,0.3333333333333333,0.01063327032136106
2734,892ab2c7167ffff,15,42.3954554118593,-83.0073793064384,-0.36581099988261817,Airport Sub,07,Georgia St & Clarion St,BURGLARY,4,0.26666666666666666,0.01063327032136106
2735,892ab2c76c7ffff,15,42.4444172065471,-83.0441625172233,-0.05232863797834977,Farwell,11,Amrad St & Mound Rd,STOLEN VEHICLE,4,0.26666666666666666,0.01063327032136106
2736,892ab2cc2d7ffff,15,42.35028177456105,-83.2392917517842,-0.19304767298755438,Warrendale,06,Stout St & Tireman St,STOLEN VEHICLE,4,0.26666666666666666,0.01063327032136106
2737,892ab2ced6fffff,15,42.3281953669623,-83.1068139726467,-0.12331090784035019,Central Southwest,04,Konkel St & Lockwood St,STOLEN VEHICLE,5,0.3333333333333333,0.01063327032136106
2738,892ab2cee2bffff,15,42.3423838077699,-83.1472992624581,-0.3156575310373145,Claytown,04,Mather St & Sarena St,ASSAULT,3,0.2,0.01063327032136106
