h3_cell,previous_14d,current_14d,hotspot_status,change_14d,pct_change_14d,hotspot_score,precinct_norm,selection_type,selection_name,previous_hotspot_threshold,current_hotspot_threshold,previous_14d_start,previous_14d_end,current_14d_start,current_14d_end,latitude,longitude,neighborhood,nearest_intersection,neighborhood_scope
882ab2ce37fffff,6.0,14.0,Emerging Hotspot,8.0,133.33,26.0,02,All,All,9.0,9.0,2026-09-12,2026-09-25,2026-09-26,2026-10-09,42.36222075459352,-83.17637886733415,We Care Community,Schaefer Hwy & Joy Rd,ALL
882ab2cf5bfffff,5.0,13.0,Emerging Hotspot,8.0,160.0,25.0,02,All,All,9.0,9.0,2026-09-12,2026-09-25,2026-09-26,2026-10-09,42.401484971464086,-83.19627337183282,Belmont,Fenkell St & Whitcomb St,ALL
882ab2ce2bfffff,3.0,10.0,Emerging Hotspot,7.0,233.33,20.5,02,All,All,9.0,9.0,2026-09-12,2026-09-25,2026-09-26,2026-10-09,42.38462171859951,-83.1783985754827,Grand River-I96,Grand River Ave & Schaefer Hwy,ALL
882ab2ce65fffff,6.0,10.0,Emerging Hotspot,4.0,66.67,16.0,02,All,All,9.0,9.0,2026-09-12,2026-09-25,2026-09-26,2026-10-09,42.403742554973334,-83.18559534915846,Bethune Community,Fenkell St & Strathmoor St,ALL
882ab2ce07fffff,5.0,9.0,Emerging Hotspot,4.0,80.0,15.0,02,All,All,9.0,9.0,2026-09-12,2026-09-25,2026-09-26,2026-10-09,42.38060950628013,-83.16318112933845,Grand River-I96,Fullerton St & Mendota St,ALL
882ab2cc41fffff,11.0,13.0,Persistent Hotspot,2.0,18.18,20.55,02,All,All,9.0,9.0,2026-09-12,2026-09-25,2026-09-26,2026-10-09,42.36349426408292,-83.19722222275703,We Care Community,Greenfield Rd & Westfield St,ALL
882ab2ce67fffff,19.0,14.0,Persistent Hotspot,-5.0,-26.32,18.9,02,All,All,9.0,9.0,2026-09-12,2026-09-25,2026-09-26,2026-10-09,42.3998098481388,-83.18206593144619,Bethune Community,Chalfonte St & Ardmore St,ALL
882ab2ce6dfffff,9.0,10.0,Persistent Hotspot,1.0,11.11,15.0,02,All,All,9.0,9.0,2026-09-12,2026-09-25,2026-09-26,2026-10-09,42.41180763056686,-83.1797983731317,Harmony Village,Florence St & Schaefer Hwy,ALL
882ab2ce2dfffff,10.0,10.0,Persistent Hotspot,0.0,0.0,13.5,02,All,All,9.0,9.0,2026-09-12,2026-09-25,2026-09-26,2026-10-09,42.39146711959255,-83.19100106122482,Hubbell-Lyndon,Grand River Ave & Whitcomb St,ALL
882ab2ce3dfffff,12.0,10.0,Persistent Hotspot,-2.0,-16.67,13.5,02,All,All,9.0,9.0,2026-09-12,2026-09-25,2026-09-26,2026-10-09,42.37649028963668,-83.17245583166994,Pride Area Community,Capitol St & Littlefield St,ALL
882ab2cc43fffff,13.0,9.0,Persistent Hotspot,-4.0,-30.77,12.15,02,All,All,9.0,9.0,2026-09-12,2026-09-25,2026-09-26,2026-10-09,42.35584005865894,-83.1935237234267,Fiskhorn,Prest St & Joy Rd,ALL
882ab2ce3bfffff,9.0,9.0,Persistent Hotspot,0.0,0.0,12.15,02,All,All,9.0,9.0,2026-09-12,2026-09-25,2026-09-26,2026-10-09,42.36680439629613,-83.1559637469319,Barton-McFarland,Orangelawn St & Wyoming St,ALL
882ab2cc49fffff,13.0,8.0,Declining Hotspot,-5.0,-38.46,8.0,02,All,All,9.0,9.0,2026-09-12,2026-09-25,2026-09-26,2026-10-09,42.37033498658255,-83.18975000316506,Plymouth-Hubbell,Orangelawn St & Strathmoor St,ALL
882ab2ce31fffff,11.0,7.0,Declining Hotspot,-4.0,-36.36,7.0,02,All,All,9.0,9.0,2026-09-12,2026-09-25,2026-09-26,2026-10-09,42.36599567339108,-83.16733320530321,Barton-McFarland,W Chicago St & Appoline,ALL
882ab2cc59fffff,10.0,4.0,Declining Hotspot,-6.0,-60.0,4.0,02,All,All,9.0,9.0,2026-09-12,2026-09-25,2026-09-26,2026-10-09,42.3539437893323,-83.16818364646488,Aviation Sub,Belton St & Manor,ALL
882ab2ce35fffff,12.0,3.0,Declining Hotspot,-9.0,-75.0,3.0,02,All,All,9.0,9.0,2026-09-12,2026-09-25,2026-09-26,2026-10-09,42.368334921591256,-83.17676036708274,Barton-McFarland,Orangelawn St & Littlefield St,ALL
882ab2c511fffff,10.0,14.0,Emerging Hotspot,4.0,40.0,20.0,03,All,All,15.0,13.0,2026-09-12,2026-09-25,2026-09-26,2026-10-09,42.35875884353227,-83.05988470267795,Medical Center,Brush St & E Warren Ave,ALL
882ab2c5c7fffff,30.0,41.0,Persistent Hotspot,11.0,36.67,71.85,03,All,All,15.0,13.0,2026-09-12,2026-09-25,2026-09-26,2026-10-09,42.33490709967879,-83.04418085859385,Downtown,Beaubien St & E Lafayette St,ALL
882ab2c58dfffff,56.0,39.0,Persistent Hotspot,-17.0,-30.36,52.65,03,All,All,15.0,13.0,2026-09-12,2026-09-25,2026-09-26,2026-10-09,42.33168460389816,-83.049713162411,Downtown,Michigan Ave & Cass Ave,ALL
882ab2c517fffff,21.0,29.0,Persistent Hotspot,8.0,38.1,51.15,03,All,All,15.0,13.0,2026-09-12,2026-09-25,2026-09-26,2026-10-09,42.35337034789475,-83.06261310000085,Midtown,W Alexandrine St & Woodward Ave,ALL
882ab2c5ebfffff,27.0,31.0,Persistent Hotspot,4.0,14.81,47.85,03,All,All,15.0,13.0,2026-09-12,2026-09-25,2026-09-26,2026-10-09,42.33757686428401,-83.05134286793893,Downtown,Woodward Ave & E Adams Ave,ALL
882ab2c5e9fffff,42.0,27.0,Persistent Hotspot,-15.0,-35.71,36.45,03,All,All,15.0,13.0,2026-09-12,2026-09-25,2026-09-26,2026-10-09,42.346487742123,-83.0572617645819,Midtown,Eliot St & Woodward Ave,ALL
882ab2c503fffff,15.0,16.0,Persistent Hotspot,1.0,6.67,23.1,03,All,All,15.0,13.0,2026-09-12,2026-09-25,2026-09-26,2026-10-09,42.36903674016917,-83.07404078940577,New Center,W Grand Blvd & 2nd Ave,ALL
882ab2c507fffff,15.0,13.0,Persistent Hotspot,-2.0,-13.33,17.55,03,All,All,15.0,13.0,2026-09-12,2026-09-25,2026-09-26,2026-10-09,42.37084340450591,-83.08143978295578,New Center Commons,Pallister St & 3rd St,ALL
882ab2c513fffff,16.0,13.0,Persistent Hotspot,-3.0,-18.75,17.55,03,All,All,15.0,13.0,2026-09-12,2026-09-25,2026-09-26,2026-10-09,42.35146420062658,-83.05236999150057,Medical Center,Beaubien St & Mack Ave,ALL
882ab2c5e3fffff,25.0,11.0,Declining Hotspot,-14.0,-56.0,11.0,03,All,All,15.0,13.0,2026-09-12,2026-09-25,2026-09-26,2026-10-09,42.33230278409165,-83.057812497388,Downtown,Bagley St & 3rd St,ALL
882ab2c53bfffff,16.0,10.0,Declining Hotspot,-6.0,-37.5,10.0,03,All,All,15.0,13.0,2026-09-12,2026-09-25,2026-09-26,2026-10-09,42.35469095282926,-83.07329800564055,Wayne State,Anthony Wayne Dr & 3rd St,ALL
882ab2ceabfffff,2.0,10.0,Emerging Hotspot,8.0,400.0,22.0,04,All,All,5.0,7.0,2026-09-12,2026-09-25,2026-09-26,2026-10-09,42.33086026129325,-83.1461719915354,Claytown,Arnold St & Trenton St,ALL
882ab2cebbfffff,4.0,9.0,Emerging Hotspot,5.0,125.0,16.5,04,All,All,5.0,7.0,2026-09-12,2026-09-25,2026-09-26,2026-10-09,42.31264358814919,-83.12565401557374,Springwells,Pitt St & Central St,ALL
882ab2ce83fffff,3.0,7.0,Emerging Hotspot,4.0,133.33,13.0,04,All,All,5.0,7.0,2026-09-12,2026-09-25,2026-09-26,2026-10-09,42.32665745750594,-83.12380138886138,Claytown,Clayton St & Martin St,ALL
882ab2c5a5fffff,8.0,16.0,Persistent Hotspot,8.0,100.0,33.6,04,All,All,5.0,7.0,2026-09-12,2026-09-25,2026-09-26,2026-10-09,42.3214211401294,-83.0882934819393,Mexicantown,25th St & Porter St,ALL
882ab2ce91fffff,5.0,11.0,Persistent Hotspot,6.0,120.0,23.85,04,All,All,5.0,7.0,2026-09-12,2026-09-25,2026-09-26,2026-10-09,42.31701760692268,-83.10528103579631,Central Southwest,W Vernor Hwy & Campbell St,ALL
882ab2ce85fffff,6.0,11.0,Persistent Hotspot,5.0,83.33,22.35,04,All,All,5.0,7.0,2026-09-12,2026-09-25,2026-09-26,2026-10-09,42.33378178335646,-83.13859756466546,Claytown,Chopin St & Wagner St,ALL
882ab2ce81fffff,7.0,8.0,Persistent Hotspot,1.0,14.29,12.3,04,All,All,5.0,7.0,2026-09-12,2026-09-25,2026-09-26,2026-10-09,42.33115254301452,-83.12738555727228,Claytown,Braden St & Michigan Ave,ALL
882ab2c5a7fffff,8.0,7.0,Persistent Hotspot,-1.0,-12.5,9.45,04,All,All,5.0,7.0,2026-09-12,2026-09-25,2026-09-26,2026-10-09,42.31597228433292,-83.08490818363177,West Side Industrial,W Lafayette Blvd & W Grand Blvd,ALL
882ab2ce99fffff,9.0,6.0,Declining Hotspot,-3.0,-33.33,6.0,04,All,All,5.0,7.0,2026-09-12,2026-09-25,2026-09-26,2026-10-09,42.319742891837656,-83.09715415552316,Central Southwest,W Vernor Hwy & McKinstry St,ALL
882ab2ceb3fffff,7.0,6.0,Declining Hotspot,-1.0,-14.29,6.0,04,All,All,5.0,7.0,2026-09-12,2026-09-25,2026-09-26,2026-10-09,42.30658858311586,-83.13351917547075,Springwells,Falcon St & Woodmere St,ALL
882ab2cc93fffff,6.0,5.0,Declining Hotspot,-1.0,-16.67,5.0,04,All,All,5.0,7.0,2026-09-12,2026-09-25,2026-09-26,2026-10-09,42.2670386546049,-83.15600664121943,Boynton,S Annabelle St & Omaha St,ALL
882ab2ce97fffff,5.0,5.0,Declining Hotspot,0.0,0.0,5.0,04,All,All,5.0,7.0,2026-09-12,2026-09-25,2026-09-26,2026-10-09,42.311351565951895,-83.11540488522492,Central Southwest,Bostwick St & Beard St,ALL
882ab21b6dfffff,7.0,3.0,Declining Hotspot,-4.0,-57.14,3.0,04,All,All,5.0,7.0,2026-09-12,2026-09-25,2026-09-26,2026-10-09,42.306082428720046,-83.12337838459051,Springwells,Evans St & Lane St,ALL
882ab2c5a1fffff,5.0,2.0,Declining Hotspot,-3.0,-60.0,2.0,04,All,All,5.0,7.0,2026-09-12,2026-09-25,2026-09-26,2026-10-09,42.32138786461334,-83.0757067567105,Hubbard Richard,18th St & Howard St,ALL
882ab2ce9bfffff,5.0,1.0,Declining Hotspot,-4.0,-80.0,1.0,04,All,All,5.0,7.0,2026-09-12,2026-09-25,2026-09-26,2026-10-09,42.31665797342208,-83.09634571860165,Central Southwest,Lansing St & Christiancy St,ALL
882ab2ced3fffff,5.0,0.0,Declining Hotspot,-5.0,-100.0,0.0,04,All,All,5.0,7.0,2026-09-12,2026-09-25,2026-09-26,2026-10-09,42.328749530712905,-83.09409114129183,Central Southwest,Toledo St & Hubbard St,ALL
882ab2c601fffff,2.0,10.0,Emerging Hotspot,8.0,400.0,22.0,05,All,All,8.0,8.0,2026-09-12,2026-09-25,2026-09-26,2026-10-09,42.409379292707605,-82.94169345523207,Morningside,Audubon Rd & E Outer Dr,ALL
882ab2c623fffff,6.0,9.0,Emerging Hotspot,3.0,50.0,13.5,05,All,All,8.0,8.0,2026-09-12,2026-09-25,2026-09-26,2026-10-09,42.39999154734736,-82.96749365634277,Chandler Park,Drexel St & Southampton St,ALL
882ab2c60bfffff,5.0,8.0,Emerging Hotspot,3.0,60.0,12.5,05,All,All,8.0,8.0,2026-09-12,2026-09-25,2026-09-26,2026-10-09,42.40777111181735,-82.93091402775916,Cornerstone Village,E Warren Ave & Cadieux Rd,ALL
882ab2c45bfffff,6.0,8.0,Emerging Hotspot,2.0,33.33,11.0,05,All,All,8.0,8.0,2026-09-12,2026-09-25,2026-09-26,2026-10-09,42.3692101168341,-82.95287158784465,Jefferson Chalmers,Dickerson St & Freud St,ALL
882ab2c63dfffff,11.0,15.0,Persistent Hotspot,4.0,36.36,26.25,05,All,All,8.0,8.0,2026-09-12,2026-09-25,2026-09-26,2026-10-09,42.39801206005198,-82.95507612877964,Morningside,Lakepointe St & E Warren Ave,ALL
882ab2c635fffff,8.0,10.0,Persistent Hotspot,2.0,25.0,16.5,05,All,All,8.0,8.0,2026-09-12,2026-09-25,2026-09-26,2026-10-09,42.39294996263973,-82.96858549304167,Fox Creek,Algonquin St & E Warren Ave,ALL
882ab2c443fffff,8.0,9.0,Persistent Hotspot,1.0,12.5,13.65,05,All,All,8.0,8.0,2026-09-12,2026-09-25,2026-09-26,2026-10-09,42.37814570154656,-82.97995106386533,West End,Beniteau St & E Canfield St,ALL
882ab2c609fffff,9.0,9.0,Persistent Hotspot,0.0,0.0,12.15,05,All,All,8.0,8.0,2026-09-12,2026-09-25,2026-09-26,2026-10-09,42.41654000330367,-82.93627151822052,Cornerstone Village,Berden St & Grayton St,ALL
882ab2c603fffff,9.0,6.0,Declining Hotspot,-3.0,-33.33,6.0,05,All,All,8.0,8.0,2026-09-12,2026-09-25,2026-09-26,2026-10-09,42.40333867732697,-82.9409495393533,Morningside,Bedford St & E Warren Ave,ALL
882ab2c607fffff,8.0,6.0,Declining Hotspot,-2.0,-25.0,6.0,05,All,All,8.0,8.0,2026-09-12,2026-09-25,2026-09-26,2026-10-09,42.402369650762424,-82.94804568857344,Morningside,Frankfort St & Chatsworth St,ALL
882ab2c61dfffff,12.0,5.0,Declining Hotspot,-7.0,-58.33,5.0,05,All,All,8.0,8.0,2026-09-12,2026-09-25,2026-09-26,2026-10-09,42.40265468713058,-82.92665315281201,Cornerstone Village,Munich St & Cadieux Rd,ALL
882ab2c655fffff,8.0,5.0,Declining Hotspot,-3.0,-37.5,5.0,05,All,All,8.0,8.0,2026-09-12,2026-09-25,2026-09-26,2026-10-09,42.415150694414606,-82.92563550788495,Cornerstone Village,Hereford St & Southampton St,ALL
882ab2c657fffff,14.0,5.0,Declining Hotspot,-9.0,-64.29,5.0,05,All,All,8.0,8.0,2026-09-12,2026-09-25,2026-09-26,2026-10-09,42.40833090507417,-82.92037765440844,Cornerstone Village,E Warren Ave & Lodewyck St,ALL
882ab2c615fffff,11.0,4.0,Declining Hotspot,-7.0,-63.64,4.0,05,All,All,8.0,8.0,2026-09-12,2026-09-25,2026-09-26,2026-10-09,42.39453305114127,-82.9366483665544,Morningside,Devonshire Rd & Waveney St,ALL
882ab2c44bfffff,10.0,1.0,Declining Hotspot,-9.0,-90.0,1.0,05,All,All,8.0,8.0,2026-09-12,2026-09-25,2026-09-26,2026-10-09,42.38622556791058,-82.9690873891313,Fox Creek,Mack Ave & Conner St,ALL
882ab2cc3dfffff,0.0,9.0,New Hotspot,9.0,,22.5,06,All,All,11.0,9.0,2026-09-12,2026-09-25,2026-09-26,2026-10-09,42.33241656614574,-83.22278711881376,Warrendale,Kirkwood St & Brace St,ALL
882ab2cf33fffff,5.0,12.0,Emerging Hotspot,7.0,140.0,22.5,06,All,All,11.0,9.0,2026-09-12,2026-09-25,2026-09-26,2026-10-09,42.37187443810189,-83.2398707264144,Weatherby,Plymouth Rd & Heyden St,ALL
882ab2cc0dfffff,6.0,10.0,Emerging Hotspot,4.0,66.67,16.0,06,All,All,11.0,9.0,2026-09-12,2026-09-25,2026-09-26,2026-10-09,42.35430968927313,-83.20946749533086,Garden View,Grandmont Ave & Constance Ave,ALL
882ab2cf17fffff,6.0,10.0,Emerging Hotspot,4.0,66.67,16.0,06,All,All,11.0,9.0,2026-09-12,2026-09-25,2026-09-26,2026-10-09,42.372290503551,-83.22053214166819,Southfield Plymouth,Penrod St & Wadsworth St,ALL
882ab2cc69fffff,6.0,9.0,Emerging Hotspot,3.0,50.0,13.5,06,All,All,11.0,9.0,2026-09-12,2026-09-25,2026-09-26,2026-10-09,42.36594308048786,-83.21952452769447,Franklin Park,Weaver St & Rosemont Ave,ALL
882ab2cc67fffff,10.0,10.0,Emerging Hotspot,0.0,0.0,10.0,06,All,All,11.0,9.0,2026-09-12,2026-09-25,2026-09-26,2026-10-09,42.35569337617472,-83.23472815796163,Warrendale,Joy Rd & Plainview Ave,ALL
882ab2cc65fffff,12.0,14.0,Persistent Hotspot,2.0,16.67,21.9,06,All,All,11.0,9.0,2026-09-12,2026-09-25,2026-09-26,2026-10-09,42.36290915087244,-83.23725215408572,Franklin Park,Westfield St & Vaughan St,ALL
882ab2cc6bfffff,11.0,11.0,Persistent Hotspot,0.0,0.0,14.85,06,All,All,11.0,9.0,2026-09-12,2026-09-25,2026-09-26,2026-10-09,42.35788551697999,-83.21689024589386,Franklin Park,Joy Rd & S M 39 Service Drive,ALL
882ab2cc01fffff,13.0,10.0,Persistent Hotspot,-3.0,-23.08,13.5,06,All,All,11.0,9.0,2026-09-12,2026-09-25,2026-09-26,2026-10-09,42.34581838636176,-83.20932670190365,Warren Ave Community,Rutland St & Majestic St,ALL
882ab2cc61fffff,18.0,10.0,Persistent Hotspot,-8.0,-44.44,13.5,06,All,All,11.0,9.0,2026-09-12,2026-09-25,2026-09-26,2026-10-09,42.35771412908955,-83.22863982813003,Franklin Park,Piedmont St & Joy Rd,ALL
882ab2cc2bfffff,16.0,9.0,Persistent Hotspot,-7.0,-43.75,12.15,06,All,All,11.0,9.0,2026-09-12,2026-09-25,2026-09-26,2026-10-09,42.339552038252194,-83.22796776109868,Warrendale,Minock St & Whitlock St,ALL
882ab2cc45fffff,11.0,9.0,Persistent Hotspot,-2.0,-18.18,12.15,06,All,All,11.0,9.0,2026-09-12,2026-09-25,2026-09-26,2026-10-09,42.36643298075457,-83.20937928061984,Joy Community,Abington Ave & W Chicago St,ALL
882ab2cc6dfffff,13.0,7.0,Declining Hotspot,-6.0,-46.15,7.0,06,All,All,11.0,9.0,2026-09-12,2026-09-25,2026-09-26,2026-10-09,42.368420809146585,-83.23381219208831,Franklin Park,Orangelawn St & Evergreen Rd,ALL
882ab2cc47fffff,15.0,6.0,Declining Hotspot,-9.0,-60.0,6.0,06,All,All,11.0,9.0,2026-09-12,2026-09-25,2026-09-26,2026-10-09,42.3581503152907,-83.20429829322885,Joy Community,Joy Rd & Prevost St,ALL
882ab2cd49fffff,13.0,6.0,Declining Hotspot,-7.0,-53.85,6.0,06,All,All,11.0,9.0,2026-09-12,2026-09-25,2026-09-26,2026-10-09,42.38108595459882,-83.27214124344795,Castle Rouge,Virgil St & W Davison St,ALL
882ab2cc29fffff,11.0,5.0,Declining Hotspot,-6.0,-54.55,5.0,06,All,All,11.0,9.0,2026-09-12,2026-09-25,2026-09-26,2026-10-09,42.34683189148664,-83.2306575961285,Warrendale,W Warren Ave & Grandville Ave,ALL
882ab2cc09fffff,13.0,1.0,Declining Hotspot,-12.0,-92.31,1.0,06,All,All,11.0,9.0,2026-09-12,2026-09-25,2026-09-26,2026-10-09,42.34835019966707,-83.20334472477757,Warren Ave Community,Diversey & Asbury Park,ALL
882ab2c427fffff,2.0,6.0,Emerging Hotspot,4.0,200.0,12.0,07,All,All,6.0,6.0,2026-09-12,2026-09-25,2026-09-26,2026-10-09,42.35796084134036,-83.0295877389262,McDougall-Hunt,Mitchell St & Gratiot Ave,ALL
882ab2c405fffff,5.0,7.0,Emerging Hotspot,2.0,40.0,10.0,07,All,All,6.0,6.0,2026-09-12,2026-09-25,2026-09-26,2026-10-09,42.36776819372047,-83.00440107587261,Gratiot-Grand,Maxwell St & Mack Ave,ALL
882ab2c469fffff,5.0,7.0,Emerging Hotspot,2.0,40.0,10.0,07,All,All,6.0,6.0,2026-09-12,2026-09-25,2026-09-26,2026-10-09,42.39128726203174,-83.00529616252933,Airport Sub,Harper Ave & Gratiot Ave,ALL
882ab2c5c3fffff,20.0,18.0,Persistent Hotspot,-2.0,-10.0,24.3,07,All,All,6.0,6.0,2026-09-12,2026-09-25,2026-09-26,2026-10-09,42.33594134550091,-83.03077624997024,Lafayette Park,Saint Aubin St & E Larned St,ALL
882ab2c5cbfffff,19.0,16.0,Persistent Hotspot,-3.0,-15.79,21.6,07,All,All,6.0,6.0,2026-09-12,2026-09-25,2026-09-26,2026-10-09,42.34101769155248,-83.02326650909899,Elmwood Park,E Jefferson Ave & Chene St,ALL
882ab2c5c9fffff,16.0,9.0,Persistent Hotspot,-7.0,-43.75,12.15,07,All,All,6.0,6.0,2026-09-12,2026-09-25,2026-09-26,2026-10-09,42.3482826472385,-83.02647867706486,Elmwood Park,E Vernor Hwy & Chene St,ALL
882ab2c437fffff,16.0,7.0,Persistent Hotspot,-9.0,-56.25,9.45,07,All,All,6.0,6.0,2026-09-12,2026-09-25,2026-09-26,2026-10-09,42.34173030969738,-83.01454882139126,Rivertown,E Jefferson Ave & Adair St,ALL
882ab2c463fffff,10.0,7.0,Persistent Hotspot,-3.0,-30.0,9.45,07,All,All,6.0,6.0,2026-09-12,2026-09-25,2026-09-26,2026-10-09,42.37753126162601,-83.01373223034801,Gratiot-Grand,Van Dyke St & Farnsworth St,ALL
882ab2c5c1fffff,10.0,6.0,Persistent Hotspot,-4.0,-40.0,8.1,07,All,All,6.0,6.0,2026-09-12,2026-09-25,2026-09-26,2026-10-09,42.34236661283663,-83.03793216076772,Lafayette Park,Russell St & Maple St,ALL
882ab2c439fffff,18.0,5.0,Declining Hotspot,-13.0,-72.22,5.0,07,All,All,6.0,6.0,2026-09-12,2026-09-25,2026-09-26,2026-10-09,42.351399305462806,-82.99731213591747,West Village,Townsend St & E Congress St,ALL
882ab2c407fffff,9.0,2.0,Declining Hotspot,-7.0,-77.78,2.0,07,All,All,6.0,6.0,2026-09-12,2026-09-25,2026-09-26,2026-10-09,42.359099413201655,-83.00041457240548,Islandview,Durand St & Van Dyke St,ALL
882ab2c421fffff,6.0,2.0,Declining Hotspot,-4.0,-66.67,2.0,07,All,All,6.0,6.0,2026-09-12,2026-09-25,2026-09-26,2026-10-09,42.36195342583673,-83.02677661589223,McDougall-Hunt,Moran St & Illinois St,ALL
882ab2c5ddfffff,6.0,2.0,Declining Hotspot,-4.0,-66.67,2.0,07,All,All,6.0,6.0,2026-09-12,2026-09-25,2026-09-26,2026-10-09,42.33741474160114,-83.02315637576655,Rivertown,Dubois St & E Jefferson Ave,ALL
882ab2ca93fffff,6.0,13.0,Emerging Hotspot,7.0,116.67,23.5,08,All,All,9.0,6.0,2026-09-12,2026-09-25,2026-09-26,2026-10-09,42.42945066108597,-83.24075689108246,Evergreen Lahser 7/8,Pickford St & Vaughan St,ALL
882ab2cf29fffff,3.0,8.0,Emerging Hotspot,5.0,166.67,15.5,08,All,All,9.0,6.0,2026-09-12,2026-09-25,2026-09-26,2026-10-09,42.40210283064391,-83.25944755666258,Brightmoor,Midland St & Dolphin St,ALL
882ab2cf55fffff,4.0,7.0,Emerging Hotspot,3.0,75.0,11.5,08,All,All,9.0,6.0,2026-09-12,2026-09-25,2026-09-26,2026-10-09,42.401117335154176,-83.21820444207148,Crary/St Marys,Grand River Ave & N M 39,ALL
882ab2c1bdfffff,5.0,7.0,Emerging Hotspot,2.0,40.0,10.0,08,All,All,9.0,6.0,2026-09-12,2026-09-25,2026-09-26,2026-10-09,42.430418368393845,-83.19990339634495,College Park,Clarita St & Rutherford St,ALL
882ab2c1b7fffff,8.0,8.0,Emerging Hotspot,0.0,0.0,8.0,08,All,All,9.0,6.0,2026-09-12,2026-09-25,2026-09-26,2026-10-09,42.41496236754158,-83.20143224234334,Crary/St Marys,Greenfield Rd & Verne St,ALL
882ab2cf51fffff,8.0,8.0,Emerging Hotspot,0.0,0.0,8.0,08,All,All,9.0,6.0,2026-09-12,2026-09-25,2026-09-26,2026-10-09,42.40224479386136,-83.20749184758557,Crary/St Marys,Fenkell St & Biltmore St,ALL
882ab2ca95fffff,6.0,6.0,Emerging Hotspot,0.0,0.0,6.0,08,All,All,9.0,6.0,2026-09-12,2026-09-25,2026-09-26,2026-10-09,42.43797970065868,-83.25792730533209,Berg-Lahser,Fargo St & Houghton St,ALL
882ab2cf41fffff,7.0,6.0,Emerging Hotspot,-1.0,-14.29,6.0,08,All,All,9.0,6.0,2026-09-12,2026-09-25,2026-09-26,2026-10-09,42.41895423840825,-83.22671489727044,Evergreen-Outer Drive,Greenview Ave & W McNichols Rd,ALL
882ab2cf4bfffff,6.0,6.0,Emerging Hotspot,0.0,0.0,6.0,08,All,All,9.0,6.0,2026-09-12,2026-09-25,2026-09-26,2026-10-09,42.41556026491895,-83.2187171973734,Evergreen-Outer Drive,N M 39 & W McNichols Rd,ALL
882ab2cf61fffff,22.0,22.0,Persistent Hotspot,0.0,0.0,29.7,08,All,All,9.0,6.0,2026-09-12,2026-09-25,2026-09-26,2026-10-09,42.41473691674537,-83.25444471974748,Holcomb Community,Grand River Ave & W McNichols Rd,ALL
882ab2cf0dfffff,10.0,14.0,Persistent Hotspot,4.0,40.0,24.9,08,All,All,9.0,6.0,2026-09-12,2026-09-25,2026-09-26,2026-10-09,42.406027444412715,-83.24063170700437,Brightmoor,Braile St & Pilgrim St,ALL
882ab2c1a7fffff,13.0,8.0,Persistent Hotspot,-5.0,-38.46,10.8,08,All,All,9.0,6.0,2026-09-12,2026-09-25,2026-09-26,2026-10-09,42.431854512084,-83.22173613319157,O'Hair Park,Cambridge Ave & Fenmore St,ALL
882ab2ca97fffff,9.0,7.0,Persistent Hotspot,-2.0,-22.22,9.45,08,All,All,9.0,6.0,2026-09-12,2026-09-25,2026-09-26,2026-10-09,42.42918217960313,-83.25417124175925,Holcomb Community,Lahser Rd & W 7 Mile Rd,ALL
882ab2c1a3fffff,10.0,5.0,Declining Hotspot,-5.0,-50.0,5.0,08,All,All,9.0,6.0,2026-09-12,2026-09-25,2026-09-26,2026-10-09,42.43023461930832,-83.21052575830069,Greenfield,Lindsay St & W 7 Mile Rd,ALL
882ab2cab1fffff,11.0,5.0,Declining Hotspot,-6.0,-54.55,5.0,08,All,All,9.0,6.0,2026-09-12,2026-09-25,2026-09-26,2026-10-09,42.42907097577434,-83.2755293560464,Seven Mile-Rouge,Shiawassee Dr & W 7 Mile Rd,ALL
882ab2cf53fffff,14.0,5.0,Declining Hotspot,-9.0,-64.29,5.0,08,All,All,9.0,6.0,2026-09-12,2026-09-25,2026-09-26,2026-10-09,42.393284994986786,-83.20146225867704,Greenfield-Grand River,Greenfield Rd & Eaton St,ALL
882ab2cf6bfffff,9.0,5.0,Declining Hotspot,-4.0,-44.44,5.0,08,All,All,9.0,6.0,2026-09-12,2026-09-25,2026-09-26,2026-10-09,42.41234884991785,-83.24456688465247,Miller Grove,Burt Rd & Verne St,ALL
882ab2c1a1fffff,9.0,4.0,Declining Hotspot,-5.0,-55.56,4.0,08,All,All,9.0,6.0,2026-09-12,2026-09-25,2026-09-26,2026-10-09,42.43911669110264,-83.21559502850629,Greenfield,Trojan St & Archdale St,ALL
882ab2c1abfffff,19.0,4.0,Declining Hotspot,-15.0,-78.95,4.0,08,All,All,9.0,6.0,2026-09-12,2026-09-25,2026-09-26,2026-10-09,42.43747239907838,-83.20569572957656,Greenfield,Mansfield St & Vassar Ave,ALL
882ab2cab7fffff,15.0,3.0,Declining Hotspot,-12.0,-80.0,3.0,08,All,All,9.0,6.0,2026-09-12,2026-09-25,2026-09-26,2026-10-09,42.4286454981274,-83.28287056611585,Five Points,Lenore Ave & W 7 Mile Rd,ALL
882ab2cf19fffff,9.0,3.0,Declining Hotspot,-6.0,-66.67,3.0,08,All,All,9.0,6.0,2026-09-12,2026-09-25,2026-09-26,2026-10-09,42.386894093436624,-83.20665670033483,Greenfield-Grand River,Mettetal St & Schoolcraft St,ALL
882ab2cf4dfffff,9.0,3.0,Declining Hotspot,-6.0,-66.67,3.0,08,All,All,9.0,6.0,2026-09-12,2026-09-25,2026-09-26,2026-10-09,42.42673829558508,-83.22769215061737,Evergreen-Outer Drive,Huntington Rd & W 7 Mile Rd,ALL
882ab2cf5dfffff,9.0,3.0,Declining Hotspot,-6.0,-66.67,3.0,08,All,All,9.0,6.0,2026-09-12,2026-09-25,2026-09-26,2026-10-09,42.41024322781708,-83.2107656589474,Crary/St Marys,Florence St & Lindsay St,ALL
882ab2c605fffff,4.0,14.0,Emerging Hotspot,10.0,250.0,29.0,09,All,All,12.0,12.0,2026-09-12,2026-09-25,2026-09-26,2026-10-09,42.41004641166786,-82.95350065306873,Outer Drive-Hayes,Somerset Ave & Berkshire St,ALL
882ab2c663fffff,11.0,18.0,Emerging Hotspot,7.0,63.64,28.5,09,All,All,12.0,12.0,2026-09-12,2026-09-25,2026-09-26,2026-10-09,42.41950621604016,-82.95701596483369,Denby,Grayton St & Lansdowne St,ALL
882ab2c647fffff,8.0,14.0,Emerging Hotspot,6.0,75.0,23.0,09,All,All,12.0,12.0,2026-09-12,2026-09-25,2026-09-26,2026-10-09,42.42295850729912,-82.93786599197253,Moross-Morang,Duprey St & Casino St,ALL
882ab2c621fffff,8.0,12.0,Emerging Hotspot,4.0,50.0,18.0,09,All,All,12.0,12.0,2026-09-12,2026-09-25,2026-09-26,2026-10-09,42.40685201917693,-82.97390352987608,Outer Drive-Hayes,Evanston St & Dickerson St,ALL
882ab2d5bbfffff,8.0,12.0,Emerging Hotspot,4.0,50.0,18.0,09,All,All,12.0,12.0,2026-09-12,2026-09-25,2026-09-26,2026-10-09,42.44175623908821,-82.96969172859521,Regent Park,Tacoma St & Queen St,ALL
882ab2c62bfffff,13.0,14.0,Persistent Hotspot,1.0,7.69,20.4,09,All,All,12.0,12.0,2026-09-12,2026-09-25,2026-09-26,2026-10-09,42.40618566147862,-82.96174397111852,Outer Drive-Hayes,Evanston St & Wayburn St,ALL
882ab2d5b7fffff,12.0,13.0,Persistent Hotspot,1.0,8.33,19.05,09,All,All,12.0,12.0,2026-09-12,2026-09-25,2026-09-26,2026-10-09,42.43663946605306,-82.9876131870752,Pulaski,E 7 Mile Rd & Schoenherr St,ALL
882ab2c60dfffff,18.0,14.0,Persistent Hotspot,-4.0,-22.22,18.9,09,All,All,12.0,12.0,2026-09-12,2026-09-25,2026-09-26,2026-10-09,42.41947717055631,-82.9476365500096,Yorkshire Woods,Nottingham Rd & Grayton St,ALL
882ab2c66bfffff,28.0,14.0,Persistent Hotspot,-14.0,-50.0,18.9,09,All,All,12.0,12.0,2026-09-12,2026-09-25,2026-09-26,2026-10-09,42.42632688143854,-82.95097948082058,Moross-Morang,Morang Dr & Lansdowne St,ALL
882ab2d5b3fffff,31.0,14.0,Persistent Hotspot,-17.0,-54.84,18.9,09,All,All,12.0,12.0,2026-09-12,2026-09-25,2026-09-26,2026-10-09,42.43508315926134,-82.97639201995733,Mapleridge,Chalmers St & Eastwood St,ALL
882ab2c667fffff,13.0,12.0,Persistent Hotspot,-1.0,-7.69,16.2,09,All,All,12.0,12.0,2026-09-12,2026-09-25,2026-09-26,2026-10-09,42.42078445598505,-82.96993216661689,Mapleridge,Hayes St & Houston Whittier Ave,ALL
882ab2c743fffff,17.0,12.0,Persistent Hotspot,-5.0,-29.41,16.2,09,All,All,12.0,12.0,2026-09-12,2026-09-25,2026-09-26,2026-10-09,42.43428372316813,-83.00810830306966,Mount Olivet,E 7 Mile Rd & Teppert St,ALL
882ab2c755fffff,15.0,11.0,Declining Hotspot,-4.0,-26.67,11.0,09,All,All,12.0,12.0,2026-09-12,2026-09-25,2026-09-26,2026-10-09,42.42396549015056,-83.00430992780001,Von Steuben,Dresden St & Sauer St,ALL
882ab2d597fffff,12.0,8.0,Declining Hotspot,-4.0,-33.33,8.0,09,All,All,12.0,12.0,2026-09-12,2026-09-25,2026-09-26,2026-10-09,42.4405233668612,-82.95838258019134,Regent Park,Lappin St & Rex St,ALL
882ab2c66dfffff,14.0,7.0,Declining Hotspot,-7.0,-50.0,7.0,09,All,All,12.0,12.0,2026-09-12,2026-09-25,2026-09-26,2026-10-09,42.43471318654235,-82.96546041055458,Mapleridge,Hayes St & E 7 Mile Rd,ALL
882ab2c719fffff,12.0,6.0,Declining Hotspot,-6.0,-50.0,6.0,09,All,All,12.0,12.0,2026-09-12,2026-09-25,2026-09-26,2026-10-09,42.40870597942299,-82.99508463706769,Gratiot-Findlay,Gunston St & Gratiot Ave,ALL
882ab2c629fffff,12.0,5.0,Declining Hotspot,-7.0,-58.33,5.0,09,All,All,12.0,12.0,2026-09-12,2026-09-25,2026-09-26,2026-10-09,42.414234475185154,-82.96328744548721,Outer Drive-Hayes,Bonita St & Whitehill St,ALL
882ab2ce11fffff,2.0,15.0,Emerging Hotspot,13.0,650.0,34.5,10,All,All,11.0,8.0,2026-09-12,2026-09-25,2026-09-26,2026-10-09,42.369915571358995,-83.13889016310524,Oakman Blvd Community,Grand River Ave & Monica St,ALL
882ab2c523fffff,5.0,8.0,Emerging Hotspot,3.0,60.0,12.5,10,All,All,11.0,8.0,2026-09-12,2026-09-25,2026-09-26,2026-10-09,42.3672898973267,-83.10462880708579,Virginia Park Community,Linwood St & W Euclid St,ALL
882ab2c507fffff,9.0,10.0,Emerging Hotspot,1.0,11.11,11.5,10,All,All,11.0,8.0,2026-09-12,2026-09-25,2026-09-26,2026-10-09,42.37084340450591,-83.08143978295578,New Center Commons,Pallister St & 3rd St,ALL
882ab2c52bfffff,8.0,8.0,Emerging Hotspot,0.0,0.0,8.0,10,All,All,11.0,8.0,2026-09-12,2026-09-25,2026-09-26,2026-10-09,42.372964804255616,-83.09492280340922,Virginia Park Community,Woodrow Wilson St & Gladstone St,ALL
882ab2ce5bfffff,13.0,15.0,Persistent Hotspot,2.0,15.38,23.25,10,All,All,11.0,8.0,2026-09-12,2026-09-25,2026-09-26,2026-10-09,42.3886209069811,-83.11251516814774,Dexter-Linwood,Fullerton St & Linwood St,ALL
882ab2ce51fffff,20.0,11.0,Persistent Hotspot,-9.0,-45.0,14.85,10,All,All,11.0,8.0,2026-09-12,2026-09-25,2026-09-26,2026-10-09,42.39017503074664,-83.1248397452936,Dexter-Linwood,Dexter Ave & Waverly,ALL
882ab2c52dfffff,11.0,10.0,Persistent Hotspot,-1.0,-9.09,13.5,10,All,All,11.0,8.0,2026-09-12,2026-09-25,2026-09-26,2026-10-09,42.38290213355274,-83.10845890458248,Dexter-Linwood,Webb St & 14th St,ALL
882ab2ce57fffff,11.0,10.0,Persistent Hotspot,-1.0,-9.09,13.5,10,All,All,11.0,8.0,2026-09-12,2026-09-25,2026-09-26,2026-10-09,42.38590185434009,-83.13240715675242,Russell Woods,Sturtevant St & Dexter Ave,ALL
882ab2c525fffff,13.0,8.0,Persistent Hotspot,-5.0,-38.46,10.8,10,All,All,11.0,8.0,2026-09-12,2026-09-25,2026-09-26,2026-10-09,42.37717398458987,-83.11741283783968,Dexter-Linwood,Calvert St & Lawton St,ALL
882ab2ce1dfffff,17.0,8.0,Persistent Hotspot,-9.0,-52.94,10.8,10,All,All,11.0,8.0,2026-09-12,2026-09-25,2026-09-26,2026-10-09,42.37615505542366,-83.14161011206531,Oakman Blvd Community,Monica St & Tuxedo St,ALL
882ab2ce53fffff,12.0,8.0,Persistent Hotspot,-4.0,-33.33,10.8,10,All,All,11.0,8.0,2026-09-12,2026-09-25,2026-09-26,2026-10-09,42.38448548246358,-83.12032771879515,Dexter-Linwood,Elmhurst St & Linwood St,ALL
882ab2ce59fffff,12.0,7.0,Declining Hotspot,-5.0,-41.67,7.0,10,All,All,11.0,8.0,2026-09-12,2026-09-25,2026-09-26,2026-10-09,42.39534889396938,-83.11862038795063,Oakman Blvd Community,Indiandale St & W Davison St,ALL
882ab2ce55fffff,16.0,5.0,Declining Hotspot,-11.0,-68.75,5.0,10,All,All,11.0,8.0,2026-09-12,2026-09-25,2026-09-26,2026-10-09,42.39243320840768,-83.13810068136917,Oakman Blvd Community,Kendall St & Livernois Ave,ALL
882ab2c0dbfffff,6.0,15.0,Emerging Hotspot,9.0,150.0,28.5,11,All,All,7.0,7.0,2026-09-12,2026-09-25,2026-09-26,2026-10-09,42.43573315701592,-83.05992032298255,Farwell,Emery St & Shields St,ALL
882ab2c741fffff,1.0,12.0,Emerging Hotspot,11.0,1100.0,28.5,11,All,All,7.0,7.0,2026-09-12,2026-09-25,2026-09-26,2026-10-09,42.43895435560887,-83.01629628214067,Nortown,E Lantz St & E Outer Dr,ALL
882ab2c747fffff,4.0,11.0,Emerging Hotspot,7.0,175.0,21.5,11,All,All,7.0,7.0,2026-09-12,2026-09-25,2026-09-26,2026-10-09,42.434173519988605,-83.02104772755249,Nortown,Van Dyke St & E 7 Mile Rd,ALL
882ab2c767fffff,6.0,12.0,Emerging Hotspot,6.0,100.0,21.0,11,All,All,7.0,7.0,2026-09-12,2026-09-25,2026-09-26,2026-10-09,42.433312355933865,-83.05315768057397,Farwell,Keystone St & E 7 Mile Rd,ALL
882ab2c0d1fffff,3.0,10.0,Emerging Hotspot,7.0,233.33,20.5,11,All,All,7.0,7.0,2026-09-12,2026-09-25,2026-09-26,2026-10-09,42.434850341445134,-83.07396450107514,Nolan,Revere St & Emery St,ALL
882ab2c0ddfffff,4.0,7.0,Emerging Hotspot,3.0,75.0,11.5,11,All,All,7.0,7.0,2026-09-12,2026-09-25,2026-09-26,2026-10-09,42.44260572858536,-83.07511554375627,Butler,E Remington St & Anglin St,ALL
882ab2c0d9fffff,6.0,7.0,Emerging Hotspot,1.0,16.67,8.5,11,All,All,7.0,7.0,2026-09-12,2026-09-25,2026-09-26,2026-10-09,42.44266492564872,-83.06568811266315,Farwell,E Remington St & Wexford St,ALL
882ab2c745fffff,7.0,9.0,Persistent Hotspot,2.0,28.57,15.15,11,All,All,7.0,7.0,2026-09-12,2026-09-25,2026-09-26,2026-10-09,42.443563316717686,-83.02527830993336,Sherwood,Van Dyke St & E Outer Dr,ALL
882ab2c761fffff,9.0,10.0,Persistent Hotspot,1.0,11.11,15.0,11,All,All,7.0,7.0,2026-09-12,2026-09-25,2026-09-26,2026-10-09,42.438372332382855,-83.04517450617394,Farwell,E Lantz St & Caldwell St,ALL
882ab2c0d3fffff,8.0,9.0,Persistent Hotspot,1.0,12.5,13.65,11,All,All,7.0,7.0,2026-09-12,2026-09-25,2026-09-26,2026-10-09,42.42660855373346,-83.0706542835568,Northeast Central District,E Grixdale St & Gallagher St,ALL
882ab2c0d7fffff,11.0,7.0,Persistent Hotspot,-4.0,-36.36,9.45,11,All,All,7.0,7.0,2026-09-12,2026-09-25,2026-09-26,2026-10-09,42.43045269692552,-83.07978876677944,Northeast Central District,Arlington St & E Nevada St,ALL
882ab2c70dfffff,7.0,7.0,Persistent Hotspot,0.0,0.0,9.45,11,All,All,7.0,7.0,2026-09-12,2026-09-25,2026-09-26,2026-10-09,42.43152008068575,-83.02834370005655,Grant,E Brentwood St & Packard St,ALL
882ab2c765fffff,9.0,7.0,Persistent Hotspot,-2.0,-22.22,9.45,11,All,All,7.0,7.0,2026-09-12,2026-09-25,2026-09-26,2026-10-09,42.438195439880296,-83.0550607183114,Farwell,E Lantz St & Hasse St,ALL
882ab2c0d5fffff,9.0,6.0,Declining Hotspot,-3.0,-33.33,6.0,11,All,All,7.0,7.0,2026-09-12,2026-09-25,2026-09-26,2026-10-09,42.43530691706474,-83.08554140921073,Nolan,E Outer Dr & E State Fair St,ALL
882ab2c72dfffff,17.0,6.0,Declining Hotspot,-11.0,-64.71,6.0,11,All,All,7.0,7.0,2026-09-12,2026-09-25,2026-09-26,2026-10-09,42.42611995184964,-83.05848511975876,Krainz Woods,Conley St & E Nevada St,ALL
882ab2c099fffff,13.0,5.0,Declining Hotspot,-8.0,-61.54,5.0,11,All,All,7.0,7.0,2026-09-12,2026-09-25,2026-09-26,2026-10-09,42.41862768769621,-83.076145729503,Cadillac Heights,Maine St & Jerome St,ALL
882ab2c727fffff,7.0,5.0,Declining Hotspot,-2.0,-28.57,5.0,11,All,All,7.0,7.0,2026-09-12,2026-09-25,2026-09-26,2026-10-09,42.4148415449208,-83.0614762772905,Campau/Banglatown,E Davison St & Conant St,ALL
882ab2c76bfffff,9.0,5.0,Declining Hotspot,-4.0,-44.44,5.0,11,All,All,7.0,7.0,2026-09-12,2026-09-25,2026-09-26,2026-10-09,42.43802235086805,-83.02963704566491,Nortown,E Lantz St & Packard St,ALL
882ab2c08bfffff,8.0,2.0,Declining Hotspot,-6.0,-75.0,2.0,11,All,All,7.0,7.0,2026-09-12,2026-09-25,2026-09-26,2026-10-09,42.43255821892448,-83.09154191892787,Hawthorne Park,Cardoni St & E 7 Mile Rd,ALL
882ab2c187fffff,7.0,13.0,Emerging Hotspot,6.0,85.71,22.0,12,All,All,9.0,8.0,2026-09-12,2026-09-25,2026-09-26,2026-10-09,42.43590410066288,-83.19164825228461,Schaefer 7/8 Lodge,Marlowe St & Chippewa St,ALL
882ab2c1d7fffff,3.0,9.0,Emerging Hotspot,6.0,200.0,18.0,12,All,All,9.0,8.0,2026-09-12,2026-09-25,2026-09-26,2026-10-09,42.440937285564594,-83.16025494114841,Garden Homes,Chippewa St & Kentucky St,ALL
882ab2c0a7fffff,7.0,11.0,Emerging Hotspot,4.0,57.14,17.0,12,All,All,9.0,8.0,2026-09-12,2026-09-25,2026-09-26,2026-10-09,42.42350417082767,-83.14171066089659,Bagley,Pickford St & Livernois Ave,ALL
882ab2ce4bfffff,3.0,8.0,Emerging Hotspot,5.0,166.67,15.5,12,All,All,9.0,8.0,2026-09-12,2026-09-25,2026-09-26,2026-10-09,42.406361213136485,-83.13518196793365,Pilgrim Village,Holmur St & Midland St,ALL
882ab2ce4dfffff,7.0,10.0,Emerging Hotspot,3.0,42.86,14.5,12,All,All,9.0,8.0,2026-09-12,2026-09-25,2026-09-26,2026-10-09,42.41395625843927,-83.15106444803112,Fitzgerald/Marygrove,Greenlawn St & Marygrove Dr,ALL
882ab2c18bfffff,4.0,8.0,Emerging Hotspot,4.0,100.0,14.0,12,All,All,9.0,8.0,2026-09-12,2026-09-25,2026-09-26,2026-10-09,42.44063590486494,-83.16996756750167,Blackstone Park,Chippewa St & Manor St,ALL
882ab2c183fffff,6.0,8.0,Emerging Hotspot,2.0,33.33,11.0,12,All,All,9.0,8.0,2026-09-12,2026-09-25,2026-09-26,2026-10-09,42.43472556731352,-83.18116686735097,Schaefer 7/8 Lodge,Schaefer Hwy & Vassar Ave,ALL
882ab2c193fffff,14.0,20.0,Persistent Hotspot,6.0,42.86,36.0,12,All,All,9.0,8.0,2026-09-12,2026-09-25,2026-09-26,2026-10-09,42.41694374036624,-83.1603122492298,Schulze,W McNichols Rd & Wyoming St,ALL
882ab2ce69fffff,9.0,12.0,Persistent Hotspot,3.0,33.33,20.7,12,All,All,9.0,8.0,2026-09-12,2026-09-25,2026-09-26,2026-10-09,42.40952652796024,-83.16988000187754,Harmony Village,Puritan St & Steel St,ALL
882ab2c1bbfffff,9.0,11.0,Persistent Hotspot,2.0,22.22,17.85,12,All,All,9.0,8.0,2026-09-12,2026-09-25,2026-09-26,2026-10-09,42.42009320526152,-83.18315847826315,Winship,Lesure St & W Outer Dr,ALL
882ab2c191fffff,21.0,12.0,Persistent Hotspot,-9.0,-42.86,16.2,12,All,All,9.0,8.0,2026-09-12,2026-09-25,2026-09-26,2026-10-09,42.42589435995885,-83.16953128115861,Schulze,Margareta St & Manor St,ALL
882ab2ce45fffff,11.0,10.0,Persistent Hotspot,-1.0,-9.09,13.5,12,All,All,9.0,8.0,2026-09-12,2026-09-25,2026-09-26,2026-10-09,42.40793354641639,-83.15555332114316,Fitzgerald/Marygrove,Pilgrim St & Cloverlawn St,ALL
882ab2c0a5fffff,12.0,8.0,Persistent Hotspot,-4.0,-33.33,10.8,12,All,All,9.0,8.0,2026-09-12,2026-09-25,2026-09-26,2026-10-09,42.429725865124134,-83.143494754763,Bagley,Livernois Ave & W 7 Mile Rd,ALL
882ab2c0bdfffff,14.0,8.0,Persistent Hotspot,-6.0,-42.86,10.8,12,All,All,9.0,8.0,2026-09-12,2026-09-25,2026-09-26,2026-10-09,42.41984167587222,-83.11537727807823,Palmer Park,Alwyne Ln & Whitmore Rd,ALL
882ab2c197fffff,9.0,7.0,Declining Hotspot,-2.0,-22.22,7.0,12,All,All,9.0,8.0,2026-09-12,2026-09-25,2026-09-26,2026-10-09,42.41847522228207,-83.17078007258193,Schulze,Littlefield St & Santa Maria St,ALL
882ab2c1b9fffff,11.0,7.0,Declining Hotspot,-4.0,-36.36,7.0,12,All,All,9.0,8.0,2026-09-12,2026-09-25,2026-09-26,2026-10-09,42.42899293275995,-83.18933189351888,Winship,Clarita St & Lauder St,ALL
882ab2ce61fffff,12.0,7.0,Declining Hotspot,-5.0,-41.67,7.0,12,All,All,9.0,8.0,2026-09-12,2026-09-25,2026-09-26,2026-10-09,42.4040301368467,-83.17812533676428,Bethune Community,Schaefer Hwy & Keeler Ave,ALL
882ab2c195fffff,9.0,5.0,Declining Hotspot,-4.0,-44.44,5.0,12,All,All,9.0,8.0,2026-09-12,2026-09-25,2026-09-26,2026-10-09,42.4256998384148,-83.1778761902255,Schulze,Curtis St & Steel St,ALL
882ab2ce41fffff,13.0,4.0,Declining Hotspot,-9.0,-69.23,4.0,12,All,All,9.0,8.0,2026-09-12,2026-09-25,2026-09-26,2026-10-09,42.40752967248862,-83.14475115683516,Fitzgerald/Marygrove,Midland St & Tuller St,ALL
882ab2ce6bfffff,9.0,4.0,Declining Hotspot,-5.0,-55.56,4.0,12,All,All,9.0,8.0,2026-09-12,2026-09-25,2026-09-26,2026-10-09,42.40235554835761,-83.16510510883968,Bethune Community,Washburn St & Fenkell St,ALL
882ab2c181fffff,13.0,3.0,Declining Hotspot,-10.0,-76.92,3.0,12,All,All,9.0,8.0,2026-09-12,2026-09-25,2026-09-26,2026-10-09,42.44116711719956,-83.1850685647822,Schaefer 7/8 Lodge,Tracey St & Chippewa St,ALL
882ab2c0b5fffff,10.0,0.0,Declining Hotspot,-10.0,-100.0,0.0,12,All,All,9.0,8.0,2026-09-12,2026-09-25,2026-09-26,2026-10-09,42.41377279940101,-83.1242227661151,Martin Park,Baylis St & Grove St,ALL
882ab2cc3dfffff,0.0,9.0,New Hotspot,9.0,,22.5,ALL,All,All,10.0,9.0,2026-09-12,2026-09-25,2026-09-26,2026-10-09,42.33241656614574,-83.22278711881376,Warrendale,Kirkwood St & Brace St,ALL
882ab2ce11fffff,3.0,15.0,Emerging Hotspot,12.0,400.0,33.0,ALL,All,All,10.0,9.0,2026-09-12,2026-09-25,2026-09-26,2026-10-09,42.369915571358995,-83.13889016310524,Oakman Blvd Community,Grand River Ave & Monica St,ALL
882ab2cf5bfffff,9.0,18.0,Emerging Hotspot,9.0,100.0,31.5,ALL,All,All,10.0,9.0,2026-09-12,2026-09-25,2026-09-26,2026-10-09,42.401484971464086,-83.19627337183282,Belmont,Fenkell St & Whitcomb St,ALL
882ab2c605fffff,4.0,14.0,Emerging Hotspot,10.0,250.0,29.0,ALL,All,All,10.0,9.0,2026-09-12,2026-09-25,2026-09-26,2026-10-09,42.41004641166786,-82.95350065306873,Outer Drive-Hayes,Somerset Ave & Berkshire St,ALL
882ab2c0dbfffff,6.0,15.0,Emerging Hotspot,9.0,150.0,28.5,ALL,All,All,10.0,9.0,2026-09-12,2026-09-25,2026-09-26,2026-10-09,42.43573315701592,-83.05992032298255,Farwell,Emery St & Shields St,ALL
882ab2c741fffff,1.0,12.0,Emerging Hotspot,11.0,1100.0,28.5,ALL,All,All,10.0,9.0,2026-09-12,2026-09-25,2026-09-26,2026-10-09,42.43895435560887,-83.01629628214067,Nortown,E Lantz St & E Outer Dr,ALL
882ab2c5a5fffff,8.0,16.0,Emerging Hotspot,8.0,100.0,28.0,ALL,All,All,10.0,9.0,2026-09-12,2026-09-25,2026-09-26,2026-10-09,42.3214211401294,-83.0882934819393,Mexicantown,25th St & Porter St,ALL
882ab2ce37fffff,6.0,14.0,Emerging Hotspot,8.0,133.33,26.0,ALL,All,All,10.0,9.0,2026-09-12,2026-09-25,2026-09-26,2026-10-09,42.36222075459352,-83.17637886733415,We Care Community,Schaefer Hwy & Joy Rd,ALL
882ab2ca93fffff,6.0,13.0,Emerging Hotspot,7.0,116.67,23.5,ALL,All,All,10.0,9.0,2026-09-12,2026-09-25,2026-09-26,2026-10-09,42.42945066108597,-83.24075689108246,Evergreen Lahser 7/8,Pickford St & Vaughan St,ALL
882ab2c647fffff,8.0,14.0,Emerging Hotspot,6.0,75.0,23.0,ALL,All,All,10.0,9.0,2026-09-12,2026-09-25,2026-09-26,2026-10-09,42.42295850729912,-82.93786599197253,Moross-Morang,Duprey St & Casino St,ALL
882ab2c747fffff,5.0,12.0,Emerging Hotspot,7.0,140.0,22.5,ALL,All,All,10.0,9.0,2026-09-12,2026-09-25,2026-09-26,2026-10-09,42.434173519988605,-83.02104772755249,Nortown,Van Dyke St & E 7 Mile Rd,ALL
882ab2cf33fffff,5.0,12.0,Emerging Hotspot,7.0,140.0,22.5,ALL,All,All,10.0,9.0,2026-09-12,2026-09-25,2026-09-26,2026-10-09,42.37187443810189,-83.2398707264144,Weatherby,Plymouth Rd & Heyden St,ALL
882ab2c187fffff,7.0,13.0,Emerging Hotspot,6.0,85.71,22.0,ALL,All,All,10.0,9.0,2026-09-12,2026-09-25,2026-09-26,2026-10-09,42.43590410066288,-83.19164825228461,Schaefer 7/8 Lodge,Marlowe St & Chippewa St,ALL
882ab2ceabfffff,2.0,10.0,Emerging Hotspot,8.0,400.0,22.0,ALL,All,All,10.0,9.0,2026-09-12,2026-09-25,2026-09-26,2026-10-09,42.33086026129325,-83.1461719915354,Claytown,Arnold St & Trenton St,ALL
882ab2c767fffff,6.0,12.0,Emerging Hotspot,6.0,100.0,21.0,ALL,All,All,10.0,9.0,2026-09-12,2026-09-25,2026-09-26,2026-10-09,42.433312355933865,-83.05315768057397,Farwell,Keystone St & E 7 Mile Rd,ALL
882ab2c0d1fffff,3.0,10.0,Emerging Hotspot,7.0,233.33,20.5,ALL,All,All,10.0,9.0,2026-09-12,2026-09-25,2026-09-26,2026-10-09,42.434850341445134,-83.07396450107514,Nolan,Revere St & Emery St,ALL
882ab2ce2bfffff,3.0,10.0,Emerging Hotspot,7.0,233.33,20.5,ALL,All,All,10.0,9.0,2026-09-12,2026-09-25,2026-09-26,2026-10-09,42.38462171859951,-83.1783985754827,Grand River-I96,Grand River Ave & Schaefer Hwy,ALL
882ab2ce91fffff,5.0,11.0,Emerging Hotspot,6.0,120.0,20.0,ALL,All,All,10.0,9.0,2026-09-12,2026-09-25,2026-09-26,2026-10-09,42.31701760692268,-83.10528103579631,Central Southwest,W Vernor Hwy & Campbell St,ALL
882ab2c585fffff,7.0,12.0,Emerging Hotspot,5.0,71.43,19.5,ALL,All,All,10.0,9.0,2026-09-12,2026-09-25,2026-09-26,2026-10-09,42.32508845288104,-83.05987325242009,Corktown,6th St & Riverfront Dr,ALL
882ab2c601fffff,4.0,10.0,Emerging Hotspot,6.0,150.0,19.0,ALL,All,All,10.0,9.0,2026-09-12,2026-09-25,2026-09-26,2026-10-09,42.409379292707605,-82.94169345523207,Morningside,Audubon Rd & E Outer Dr,ALL
882ab2ce4bfffff,4.0,10.0,Emerging Hotspot,6.0,150.0,19.0,ALL,All,All,10.0,9.0,2026-09-12,2026-09-25,2026-09-26,2026-10-09,42.406361213136485,-83.13518196793365,Pilgrim Village,Holmur St & Midland St,ALL
882ab2c623fffff,6.0,11.0,Emerging Hotspot,5.0,83.33,18.5,ALL,All,All,10.0,9.0,2026-09-12,2026-09-25,2026-09-26,2026-10-09,42.39999154734736,-82.96749365634277,Chandler Park,Drexel St & Southampton St,ALL
882ab2ce85fffff,6.0,11.0,Emerging Hotspot,5.0,83.33,18.5,ALL,All,All,10.0,9.0,2026-09-12,2026-09-25,2026-09-26,2026-10-09,42.33378178335646,-83.13859756466546,Claytown,Chopin St & Wagner St,ALL
882ab2c1d7fffff,3.0,9.0,Emerging Hotspot,6.0,200.0,18.0,ALL,All,All,10.0,9.0,2026-09-12,2026-09-25,2026-09-26,2026-10-09,42.440937285564594,-83.16025494114841,Garden Homes,Chippewa St & Kentucky St,ALL
882ab2c621fffff,8.0,12.0,Emerging Hotspot,4.0,50.0,18.0,ALL,All,All,10.0,9.0,2026-09-12,2026-09-25,2026-09-26,2026-10-09,42.40685201917693,-82.97390352987608,Outer Drive-Hayes,Evanston St & Dickerson St,ALL
882ab2d5bbfffff,8.0,12.0,Emerging Hotspot,4.0,50.0,18.0,ALL,All,All,10.0,9.0,2026-09-12,2026-09-25,2026-09-26,2026-10-09,42.44175623908821,-82.96969172859521,Regent Park,Tacoma St & Queen St,ALL
882ab2c0a7fffff,7.0,11.0,Emerging Hotspot,4.0,57.14,17.0,ALL,All,All,10.0,9.0,2026-09-12,2026-09-25,2026-09-26,2026-10-09,42.42350417082767,-83.14171066089659,Bagley,Pickford St & Livernois Ave,ALL
882ab2c1bbfffff,9.0,12.0,Emerging Hotspot,3.0,33.33,16.5,ALL,All,All,10.0,9.0,2026-09-12,2026-09-25,2026-09-26,2026-10-09,42.42009320526152,-83.18315847826315,Winship,Lesure St & W Outer Dr,ALL
882ab2cebbfffff,4.0,9.0,Emerging Hotspot,5.0,125.0,16.5,ALL,All,All,10.0,9.0,2026-09-12,2026-09-25,2026-09-26,2026-10-09,42.31264358814919,-83.12565401557374,Springwells,Pitt St & Central St,ALL
882ab2cc0dfffff,6.0,10.0,Emerging Hotspot,4.0,66.67,16.0,ALL,All,All,10.0,9.0,2026-09-12,2026-09-25,2026-09-26,2026-10-09,42.35430968927313,-83.20946749533086,Garden View,Grandmont Ave & Constance Ave,ALL
882ab2ce65fffff,6.0,10.0,Emerging Hotspot,4.0,66.67,16.0,ALL,All,All,10.0,9.0,2026-09-12,2026-09-25,2026-09-26,2026-10-09,42.403742554973334,-83.18559534915846,Bethune Community,Fenkell St & Strathmoor St,ALL
882ab2cf17fffff,6.0,10.0,Emerging Hotspot,4.0,66.67,16.0,ALL,All,All,10.0,9.0,2026-09-12,2026-09-25,2026-09-26,2026-10-09,42.372290503551,-83.22053214166819,Southfield Plymouth,Penrod St & Wadsworth St,ALL
882ab2c469fffff,5.0,9.0,Emerging Hotspot,4.0,80.0,15.0,ALL,All,All,10.0,9.0,2026-09-12,2026-09-25,2026-09-26,2026-10-09,42.39128726203174,-83.00529616252933,Airport Sub,Harper Ave & Gratiot Ave,ALL
882ab2ce07fffff,5.0,9.0,Emerging Hotspot,4.0,80.0,15.0,ALL,All,All,10.0,9.0,2026-09-12,2026-09-25,2026-09-26,2026-10-09,42.38060950628013,-83.16318112933845,Grand River-I96,Fullerton St & Mendota St,ALL
882ab2ce4dfffff,7.0,10.0,Emerging Hotspot,3.0,42.86,14.5,ALL,All,All,10.0,9.0,2026-09-12,2026-09-25,2026-09-26,2026-10-09,42.41395625843927,-83.15106444803112,Fitzgerald/Marygrove,Greenlawn St & Marygrove Dr,ALL
882ab2cc69fffff,6.0,9.0,Emerging Hotspot,3.0,50.0,13.5,ALL,All,All,10.0,9.0,2026-09-12,2026-09-25,2026-09-26,2026-10-09,42.36594308048786,-83.21952452769447,Franklin Park,Weaver St & Rosemont Ave,ALL
882ab2c1b7fffff,8.0,10.0,Emerging Hotspot,2.0,25.0,13.0,ALL,All,All,10.0,9.0,2026-09-12,2026-09-25,2026-09-26,2026-10-09,42.41496236754158,-83.20143224234334,Crary/St Marys,Greenfield Rd & Verne St,ALL
882ab2c589fffff,8.0,10.0,Emerging Hotspot,2.0,25.0,13.0,ALL,All,All,10.0,9.0,2026-09-12,2026-09-25,2026-09-26,2026-10-09,42.33028114175536,-83.042008934516,Downtown,Brush St & Renaissance Ctr,ALL
882ab2c635fffff,8.0,10.0,Emerging Hotspot,2.0,25.0,13.0,ALL,All,All,10.0,9.0,2026-09-12,2026-09-25,2026-09-26,2026-10-09,42.39294996263973,-82.96858549304167,Fox Creek,Algonquin St & E Warren Ave,ALL
882ab2c745fffff,7.0,9.0,Emerging Hotspot,2.0,28.57,12.0,ALL,All,All,10.0,9.0,2026-09-12,2026-09-25,2026-09-26,2026-10-09,42.443563316717686,-83.02527830993336,Sherwood,Van Dyke St & E Outer Dr,ALL
882ab2c5e1fffff,9.0,10.0,Emerging Hotspot,1.0,11.11,11.5,ALL,All,All,10.0,9.0,2026-09-12,2026-09-25,2026-09-26,2026-10-09,42.339492194891264,-83.0664991055863,Midtown,Grand River Ave & S M 10,ALL
882ab2c761fffff,9.0,10.0,Emerging Hotspot,1.0,11.11,11.5,ALL,All,All,10.0,9.0,2026-09-12,2026-09-25,2026-09-26,2026-10-09,42.438372332382855,-83.04517450617394,Farwell,E Lantz St & Caldwell St,ALL
882ab2c0d3fffff,8.0,9.0,Emerging Hotspot,1.0,12.5,10.5,ALL,All,All,10.0,9.0,2026-09-12,2026-09-25,2026-09-26,2026-10-09,42.42660855373346,-83.0706542835568,Northeast Central District,E Grixdale St & Gallagher St,ALL
882ab2c443fffff,8.0,9.0,Emerging Hotspot,1.0,12.5,10.5,ALL,All,All,10.0,9.0,2026-09-12,2026-09-25,2026-09-26,2026-10-09,42.37814570154656,-82.97995106386533,West End,Beniteau St & E Canfield St,ALL
882ab2c515fffff,8.0,9.0,Emerging Hotspot,1.0,12.5,10.5,ALL,All,All,10.0,9.0,2026-09-12,2026-09-25,2026-09-26,2026-10-09,42.36272126960901,-83.06930390431819,Cultural Center,Harper Ave & Woodward Ave,ALL
882ab2c5edfffff,8.0,9.0,Emerging Hotspot,1.0,12.5,10.5,ALL,All,All,10.0,9.0,2026-09-12,2026-09-25,2026-09-26,2026-10-09,42.347982600759806,-83.07145522346003,Jeffries,4th St & Selden St,ALL
882ab2ce3bfffff,9.0,9.0,Emerging Hotspot,0.0,0.0,9.0,ALL,All,All,10.0,9.0,2026-09-12,2026-09-25,2026-09-26,2026-10-09,42.36680439629613,-83.1559637469319,Barton-McFarland,Orangelawn St & Wyoming St,ALL
882ab2c5c7fffff,33.0,42.0,Persistent Hotspot,9.0,27.27,70.2,ALL,All,All,10.0,9.0,2026-09-12,2026-09-25,2026-09-26,2026-10-09,42.33490709967879,-83.04418085859385,Downtown,Beaubien St & E Lafayette St,ALL
882ab2c58dfffff,56.0,39.0,Persistent Hotspot,-17.0,-30.36,52.65,ALL,All,All,10.0,9.0,2026-09-12,2026-09-25,2026-09-26,2026-10-09,42.33168460389816,-83.049713162411,Downtown,Michigan Ave & Cass Ave,ALL
882ab2c517fffff,21.0,29.0,Persistent Hotspot,8.0,38.1,51.15,ALL,All,All,10.0,9.0,2026-09-12,2026-09-25,2026-09-26,2026-10-09,42.35337034789475,-83.06261310000085,Midtown,W Alexandrine St & Woodward Ave,ALL
882ab2c5ebfffff,27.0,31.0,Persistent Hotspot,4.0,14.81,47.85,ALL,All,All,10.0,9.0,2026-09-12,2026-09-25,2026-09-26,2026-10-09,42.33757686428401,-83.05134286793893,Downtown,Woodward Ave & E Adams Ave,ALL
882ab2c5e9fffff,42.0,27.0,Persistent Hotspot,-15.0,-35.71,36.45,ALL,All,All,10.0,9.0,2026-09-12,2026-09-25,2026-09-26,2026-10-09,42.346487742123,-83.0572617645819,Midtown,Eliot St & Woodward Ave,ALL
882ab2c193fffff,14.0,20.0,Persistent Hotspot,6.0,42.86,36.0,ALL,All,All,10.0,9.0,2026-09-12,2026-09-25,2026-09-26,2026-10-09,42.41694374036624,-83.1603122492298,Schulze,W McNichols Rd & Wyoming St,ALL
882ab2c663fffff,11.0,18.0,Persistent Hotspot,7.0,63.64,34.8,ALL,All,All,10.0,9.0,2026-09-12,2026-09-25,2026-09-26,2026-10-09,42.41950621604016,-82.95701596483369,Denby,Grayton St & Lansdowne St,ALL
882ab2c507fffff,24.0,23.0,Persistent Hotspot,-1.0,-4.17,31.05,ALL,All,All,10.0,9.0,2026-09-12,2026-09-25,2026-09-26,2026-10-09,42.37084340450591,-83.08143978295578,New Center Commons,Pallister St & 3rd St,ALL
882ab2cf61fffff,22.0,22.0,Persistent Hotspot,0.0,0.0,29.7,ALL,All,All,10.0,9.0,2026-09-12,2026-09-25,2026-09-26,2026-10-09,42.41473691674537,-83.25444471974748,Holcomb Community,Grand River Ave & W McNichols Rd,ALL
882ab2c511fffff,11.0,15.0,Persistent Hotspot,4.0,36.36,26.25,ALL,All,All,10.0,9.0,2026-09-12,2026-09-25,2026-09-26,2026-10-09,42.35875884353227,-83.05988470267795,Medical Center,Brush St & E Warren Ave,ALL
882ab2c63dfffff,11.0,15.0,Persistent Hotspot,4.0,36.36,26.25,ALL,All,All,10.0,9.0,2026-09-12,2026-09-25,2026-09-26,2026-10-09,42.39801206005198,-82.95507612877964,Morningside,Lakepointe St & E Warren Ave,ALL
882ab2cf0dfffff,10.0,14.0,Persistent Hotspot,4.0,40.0,24.9,ALL,All,All,10.0,9.0,2026-09-12,2026-09-25,2026-09-26,2026-10-09,42.406027444412715,-83.24063170700437,Brightmoor,Braile St & Pilgrim St,ALL
882ab2c5c3fffff,20.0,18.0,Persistent Hotspot,-2.0,-10.0,24.3,ALL,All,All,10.0,9.0,2026-09-12,2026-09-25,2026-09-26,2026-10-09,42.33594134550091,-83.03077624997024,Lafayette Park,Saint Aubin St & E Larned St,ALL
882ab2cc41fffff,18.0,18.0,Persistent Hotspot,0.0,0.0,24.3,ALL,All,All,10.0,9.0,2026-09-12,2026-09-25,2026-09-26,2026-10-09,42.36349426408292,-83.19722222275703,We Care Community,Greenfield Rd & Westfield St,ALL
882ab2ce5bfffff,13.0,15.0,Persistent Hotspot,2.0,15.38,23.25,ALL,All,All,10.0,9.0,2026-09-12,2026-09-25,2026-09-26,2026-10-09,42.3886209069811,-83.11251516814774,Dexter-Linwood,Fullerton St & Linwood St,ALL
882ab2c503fffff,15.0,16.0,Persistent Hotspot,1.0,6.67,23.1,ALL,All,All,10.0,9.0,2026-09-12,2026-09-25,2026-09-26,2026-10-09,42.36903674016917,-83.07404078940577,New Center,W Grand Blvd & 2nd Ave,ALL
882ab2cc65fffff,12.0,14.0,Persistent Hotspot,2.0,16.67,21.9,ALL,All,All,10.0,9.0,2026-09-12,2026-09-25,2026-09-26,2026-10-09,42.36290915087244,-83.23725215408572,Franklin Park,Westfield St & Vaughan St,ALL
882ab2c62bfffff,14.0,15.0,Persistent Hotspot,1.0,7.14,21.75,ALL,All,All,10.0,9.0,2026-09-12,2026-09-25,2026-09-26,2026-10-09,42.40618566147862,-82.96174397111852,Outer Drive-Hayes,Evanston St & Wayburn St,ALL
882ab2c513fffff,19.0,16.0,Persistent Hotspot,-3.0,-15.79,21.6,ALL,All,All,10.0,9.0,2026-09-12,2026-09-25,2026-09-26,2026-10-09,42.35146420062658,-83.05236999150057,Medical Center,Beaubien St & Mack Ave,ALL
882ab2c5cbfffff,19.0,16.0,Persistent Hotspot,-3.0,-15.79,21.6,ALL,All,All,10.0,9.0,2026-09-12,2026-09-25,2026-09-26,2026-10-09,42.34101769155248,-83.02326650909899,Elmwood Park,E Jefferson Ave & Chene St,ALL
882ab2c1bdfffff,10.0,12.0,Persistent Hotspot,2.0,20.0,19.2,ALL,All,All,10.0,9.0,2026-09-12,2026-09-25,2026-09-26,2026-10-09,42.430418368393845,-83.19990339634495,College Park,Clarita St & Rutherford St,ALL
882ab2ce25fffff,10.0,12.0,Persistent Hotspot,2.0,20.0,19.2,ALL,All,All,10.0,9.0,2026-09-12,2026-09-25,2026-09-26,2026-10-09,42.38724042371455,-83.19823814265771,Schoolcraft Southfield,Greenfield Rd & Kendall St,ALL
882ab2ce69fffff,10.0,12.0,Persistent Hotspot,2.0,20.0,19.2,ALL,All,All,10.0,9.0,2026-09-12,2026-09-25,2026-09-26,2026-10-09,42.40952652796024,-83.16988000187754,Harmony Village,Puritan St & Steel St,ALL
882ab2d5b7fffff,12.0,13.0,Persistent Hotspot,1.0,8.33,19.05,ALL,All,All,10.0,9.0,2026-09-12,2026-09-25,2026-09-26,2026-10-09,42.43663946605306,-82.9876131870752,Pulaski,E 7 Mile Rd & Schoenherr St,ALL
882ab2c60dfffff,18.0,14.0,Persistent Hotspot,-4.0,-22.22,18.9,ALL,All,All,10.0,9.0,2026-09-12,2026-09-25,2026-09-26,2026-10-09,42.41947717055631,-82.9476365500096,Yorkshire Woods,Nottingham Rd & Grayton St,ALL
882ab2c66bfffff,28.0,14.0,Persistent Hotspot,-14.0,-50.0,18.9,ALL,All,All,10.0,9.0,2026-09-12,2026-09-25,2026-09-26,2026-10-09,42.42632688143854,-82.95097948082058,Moross-Morang,Morang Dr & Lansdowne St,ALL
882ab2ce67fffff,19.0,14.0,Persistent Hotspot,-5.0,-26.32,18.9,ALL,All,All,10.0,9.0,2026-09-12,2026-09-25,2026-09-26,2026-10-09,42.3998098481388,-83.18206593144619,Bethune Community,Chalfonte St & Ardmore St,ALL
882ab2d5b3fffff,31.0,14.0,Persistent Hotspot,-17.0,-54.84,18.9,ALL,All,All,10.0,9.0,2026-09-12,2026-09-25,2026-09-26,2026-10-09,42.43508315926134,-82.97639201995733,Mapleridge,Chalmers St & Eastwood St,ALL
882ab2ce6dfffff,11.0,12.0,Persistent Hotspot,1.0,9.09,17.7,ALL,All,All,10.0,9.0,2026-09-12,2026-09-25,2026-09-26,2026-10-09,42.41180763056686,-83.1797983731317,Harmony Village,Florence St & Schaefer Hwy,ALL
882ab2c191fffff,21.0,12.0,Persistent Hotspot,-9.0,-42.86,16.2,ALL,All,All,10.0,9.0,2026-09-12,2026-09-25,2026-09-26,2026-10-09,42.42589435995885,-83.16953128115861,Schulze,Margareta St & Manor St,ALL
882ab2c535fffff,17.0,12.0,Persistent Hotspot,-5.0,-29.41,16.2,ALL,All,All,10.0,9.0,2026-09-12,2026-09-25,2026-09-26,2026-10-09,42.35935257064365,-83.09994573062788,NW Goldberg,W Grand Blvd & Lawton St,ALL
882ab2c667fffff,13.0,12.0,Persistent Hotspot,-1.0,-7.69,16.2,ALL,All,All,10.0,9.0,2026-09-12,2026-09-25,2026-09-26,2026-10-09,42.42078445598505,-82.96993216661689,Mapleridge,Hayes St & Houston Whittier Ave,ALL
882ab2c743fffff,17.0,12.0,Persistent Hotspot,-5.0,-29.41,16.2,ALL,All,All,10.0,9.0,2026-09-12,2026-09-25,2026-09-26,2026-10-09,42.43428372316813,-83.00810830306966,Mount Olivet,E 7 Mile Rd & Teppert St,ALL
882ab2ce61fffff,19.0,12.0,Persistent Hotspot,-7.0,-36.84,16.2,ALL,All,All,10.0,9.0,2026-09-12,2026-09-25,2026-09-26,2026-10-09,42.4040301368467,-83.17812533676428,Bethune Community,Schaefer Hwy & Keeler Ave,ALL
882ab2c53dfffff,14.0,11.0,Persistent Hotspot,-3.0,-21.43,14.85,ALL,All,All,10.0,9.0,2026-09-12,2026-09-25,2026-09-26,2026-10-09,42.36424367823366,-83.09141169621473,Virginia Park Community,W Grand Blvd & 14th St,ALL
882ab2c5e3fffff,25.0,11.0,Persistent Hotspot,-14.0,-56.0,14.85,ALL,All,All,10.0,9.0,2026-09-12,2026-09-25,2026-09-26,2026-10-09,42.33230278409165,-83.057812497388,Downtown,Bagley St & 3rd St,ALL
882ab2c755fffff,15.0,11.0,Persistent Hotspot,-4.0,-26.67,14.85,ALL,All,All,10.0,9.0,2026-09-12,2026-09-25,2026-09-26,2026-10-09,42.42396549015056,-83.00430992780001,Von Steuben,Dresden St & Sauer St,ALL
882ab2cc6bfffff,11.0,11.0,Persistent Hotspot,0.0,0.0,14.85,ALL,All,All,10.0,9.0,2026-09-12,2026-09-25,2026-09-26,2026-10-09,42.35788551697999,-83.21689024589386,Franklin Park,Joy Rd & S M 39 Service Drive,ALL
882ab2ce51fffff,20.0,11.0,Persistent Hotspot,-9.0,-45.0,14.85,ALL,All,All,10.0,9.0,2026-09-12,2026-09-25,2026-09-26,2026-10-09,42.39017503074664,-83.1248397452936,Dexter-Linwood,Dexter Ave & Waverly,ALL
882ab2c52dfffff,11.0,10.0,Persistent Hotspot,-1.0,-9.09,13.5,ALL,All,All,10.0,9.0,2026-09-12,2026-09-25,2026-09-26,2026-10-09,42.38290213355274,-83.10845890458248,Dexter-Linwood,Webb St & 14th St,ALL
882ab2c53bfffff,16.0,10.0,Persistent Hotspot,-6.0,-37.5,13.5,ALL,All,All,10.0,9.0,2026-09-12,2026-09-25,2026-09-26,2026-10-09,42.35469095282926,-83.07329800564055,Wayne State,Anthony Wayne Dr & 3rd St,ALL
882ab2cc01fffff,13.0,10.0,Persistent Hotspot,-3.0,-23.08,13.5,ALL,All,All,10.0,9.0,2026-09-12,2026-09-25,2026-09-26,2026-10-09,42.34581838636176,-83.20932670190365,Warren Ave Community,Rutland St & Majestic St,ALL
882ab2cc61fffff,18.0,10.0,Persistent Hotspot,-8.0,-44.44,13.5,ALL,All,All,10.0,9.0,2026-09-12,2026-09-25,2026-09-26,2026-10-09,42.35771412908955,-83.22863982813003,Franklin Park,Piedmont St & Joy Rd,ALL
882ab2cc67fffff,10.0,10.0,Persistent Hotspot,0.0,0.0,13.5,ALL,All,All,10.0,9.0,2026-09-12,2026-09-25,2026-09-26,2026-10-09,42.35569337617472,-83.23472815796163,Warrendale,Joy Rd & Plainview Ave,ALL
882ab2ce2dfffff,10.0,10.0,Persistent Hotspot,0.0,0.0,13.5,ALL,All,All,10.0,9.0,2026-09-12,2026-09-25,2026-09-26,2026-10-09,42.39146711959255,-83.19100106122482,Hubbell-Lyndon,Grand River Ave & Whitcomb St,ALL
882ab2ce3dfffff,12.0,10.0,Persistent Hotspot,-2.0,-16.67,13.5,ALL,All,All,10.0,9.0,2026-09-12,2026-09-25,2026-09-26,2026-10-09,42.37649028963668,-83.17245583166994,Pride Area Community,Capitol St & Littlefield St,ALL
882ab2ce45fffff,11.0,10.0,Persistent Hotspot,-1.0,-9.09,13.5,ALL,All,All,10.0,9.0,2026-09-12,2026-09-25,2026-09-26,2026-10-09,42.40793354641639,-83.15555332114316,Fitzgerald/Marygrove,Pilgrim St & Cloverlawn St,ALL
882ab2ce57fffff,11.0,10.0,Persistent Hotspot,-1.0,-9.09,13.5,ALL,All,All,10.0,9.0,2026-09-12,2026-09-25,2026-09-26,2026-10-09,42.38590185434009,-83.13240715675242,Russell Woods,Sturtevant St & Dexter Ave,ALL
882ab2ce6bfffff,15.0,10.0,Persistent Hotspot,-5.0,-33.33,13.5,ALL,All,All,10.0,9.0,2026-09-12,2026-09-25,2026-09-26,2026-10-09,42.40235554835761,-83.16510510883968,Bethune Community,Washburn St & Fenkell St,ALL
882ab2c5c9fffff,16.0,9.0,Persistent Hotspot,-7.0,-43.75,12.15,ALL,All,All,10.0,9.0,2026-09-12,2026-09-25,2026-09-26,2026-10-09,42.3482826472385,-83.02647867706486,Elmwood Park,E Vernor Hwy & Chene St,ALL
882ab2c609fffff,14.0,9.0,Persistent Hotspot,-5.0,-35.71,12.15,ALL,All,All,10.0,9.0,2026-09-12,2026-09-25,2026-09-26,2026-10-09,42.41654000330367,-82.93627151822052,Cornerstone Village,Berden St & Grayton St,ALL
882ab2cc2bfffff,16.0,9.0,Persistent Hotspot,-7.0,-43.75,12.15,ALL,All,All,10.0,9.0,2026-09-12,2026-09-25,2026-09-26,2026-10-09,42.339552038252194,-83.22796776109868,Warrendale,Minock St & Whitlock St,ALL
882ab2cc43fffff,16.0,9.0,Persistent Hotspot,-7.0,-43.75,12.15,ALL,All,All,10.0,9.0,2026-09-12,2026-09-25,2026-09-26,2026-10-09,42.35584005865894,-83.1935237234267,Fiskhorn,Prest St & Joy Rd,ALL
882ab2cc45fffff,11.0,9.0,Persistent Hotspot,-2.0,-18.18,12.15,ALL,All,All,10.0,9.0,2026-09-12,2026-09-25,2026-09-26,2026-10-09,42.36643298075457,-83.20937928061984,Joy Community,Abington Ave & W Chicago St,ALL
882ab2c0a5fffff,12.0,8.0,Declining Hotspot,-4.0,-33.33,8.0,ALL,All,All,10.0,9.0,2026-09-12,2026-09-25,2026-09-26,2026-10-09,42.429725865124134,-83.143494754763,Bagley,Livernois Ave & W 7 Mile Rd,ALL
882ab2c0bdfffff,14.0,8.0,Declining Hotspot,-6.0,-42.86,8.0,ALL,All,All,10.0,9.0,2026-09-12,2026-09-25,2026-09-26,2026-10-09,42.41984167587222,-83.11537727807823,Palmer Park,Alwyne Ln & Whitmore Rd,ALL
882ab2c1a7fffff,13.0,8.0,Declining Hotspot,-5.0,-38.46,8.0,ALL,All,All,10.0,9.0,2026-09-12,2026-09-25,2026-09-26,2026-10-09,42.431854512084,-83.22173613319157,O'Hair Park,Cambridge Ave & Fenmore St,ALL
882ab2c1b3fffff,13.0,8.0,Declining Hotspot,-5.0,-38.46,8.0,ALL,All,All,10.0,9.0,2026-09-12,2026-09-25,2026-09-26,2026-10-09,42.41430502137904,-83.1918149776172,Hubbell-Puritan,Hubbell St & W McNichols Rd,ALL
882ab2c525fffff,13.0,8.0,Declining Hotspot,-5.0,-38.46,8.0,ALL,All,All,10.0,9.0,2026-09-12,2026-09-25,2026-09-26,2026-10-09,42.37717398458987,-83.11741283783968,Dexter-Linwood,Calvert St & Lawton St,ALL
882ab2c75dfffff,11.0,8.0,Declining Hotspot,-3.0,-27.27,8.0,ALL,All,All,10.0,9.0,2026-09-12,2026-09-25,2026-09-26,2026-10-09,42.43284032409059,-82.9923476297089,Von Steuben,Fairport St & Linnhurst St,ALL
882ab2cc49fffff,13.0,8.0,Declining Hotspot,-5.0,-38.46,8.0,ALL,All,All,10.0,9.0,2026-09-12,2026-09-25,2026-09-26,2026-10-09,42.37033498658255,-83.18975000316506,Plymouth-Hubbell,Orangelawn St & Strathmoor St,ALL
882ab2ce1dfffff,17.0,8.0,Declining Hotspot,-9.0,-52.94,8.0,ALL,All,All,10.0,9.0,2026-09-12,2026-09-25,2026-09-26,2026-10-09,42.37615505542366,-83.14161011206531,Oakman Blvd Community,Monica St & Tuxedo St,ALL
882ab2ce53fffff,12.0,8.0,Declining Hotspot,-4.0,-33.33,8.0,ALL,All,All,10.0,9.0,2026-09-12,2026-09-25,2026-09-26,2026-10-09,42.38448548246358,-83.12032771879515,Dexter-Linwood,Elmhurst St & Linwood St,ALL
882ab2cf53fffff,16.0,8.0,Declining Hotspot,-8.0,-50.0,8.0,ALL,All,All,10.0,9.0,2026-09-12,2026-09-25,2026-09-26,2026-10-09,42.393284994986786,-83.20146225867704,Greenfield-Grand River,Greenfield Rd & Eaton St,ALL
882ab2d591fffff,10.0,8.0,Declining Hotspot,-2.0,-20.0,8.0,ALL,All,All,10.0,9.0,2026-09-12,2026-09-25,2026-09-26,2026-10-09,42.44696808130885,-82.95244442464573,Regent Park,Bringard Dr & Redmond St,ALL
882ab2d597fffff,12.0,8.0,Declining Hotspot,-4.0,-33.33,8.0,ALL,All,All,10.0,9.0,2026-09-12,2026-09-25,2026-09-26,2026-10-09,42.4405233668612,-82.95838258019134,Regent Park,Lappin St & Rex St,ALL
882ab2c0d7fffff,11.0,7.0,Declining Hotspot,-4.0,-36.36,7.0,ALL,All,All,10.0,9.0,2026-09-12,2026-09-25,2026-09-26,2026-10-09,42.43045269692552,-83.07978876677944,Northeast Central District,Arlington St & E Nevada St,ALL
882ab2c1b9fffff,11.0,7.0,Declining Hotspot,-4.0,-36.36,7.0,ALL,All,All,10.0,9.0,2026-09-12,2026-09-25,2026-09-26,2026-10-09,42.42899293275995,-83.18933189351888,Winship,Clarita St & Lauder St,ALL
882ab2c437fffff,16.0,7.0,Declining Hotspot,-9.0,-56.25,7.0,ALL,All,All,10.0,9.0,2026-09-12,2026-09-25,2026-09-26,2026-10-09,42.34173030969738,-83.01454882139126,Rivertown,E Jefferson Ave & Adair St,ALL
882ab2c463fffff,10.0,7.0,Declining Hotspot,-3.0,-30.0,7.0,ALL,All,All,10.0,9.0,2026-09-12,2026-09-25,2026-09-26,2026-10-09,42.37753126162601,-83.01373223034801,Gratiot-Grand,Van Dyke St & Farnsworth St,ALL
882ab2c66dfffff,14.0,7.0,Declining Hotspot,-7.0,-50.0,7.0,ALL,All,All,10.0,9.0,2026-09-12,2026-09-25,2026-09-26,2026-10-09,42.43471318654235,-82.96546041055458,Mapleridge,Hayes St & E 7 Mile Rd,ALL
882ab2c759fffff,10.0,7.0,Declining Hotspot,-3.0,-30.0,7.0,ALL,All,All,10.0,9.0,2026-09-12,2026-09-25,2026-09-26,2026-10-09,42.431194724608666,-82.98576973523089,Franklin,Eastwood St & Schoenherr St,ALL
882ab2cc6dfffff,13.0,7.0,Declining Hotspot,-6.0,-46.15,7.0,ALL,All,All,10.0,9.0,2026-09-12,2026-09-25,2026-09-26,2026-10-09,42.368420809146585,-83.23381219208831,Franklin Park,Orangelawn St & Evergreen Rd,ALL
882ab2ce31fffff,11.0,7.0,Declining Hotspot,-4.0,-36.36,7.0,ALL,All,All,10.0,9.0,2026-09-12,2026-09-25,2026-09-26,2026-10-09,42.36599567339108,-83.16733320530321,Barton-McFarland,W Chicago St & Appoline,ALL
882ab2ce59fffff,12.0,7.0,Declining Hotspot,-5.0,-41.67,7.0,ALL,All,All,10.0,9.0,2026-09-12,2026-09-25,2026-09-26,2026-10-09,42.39534889396938,-83.11862038795063,Oakman Blvd Community,Indiandale St & W Davison St,ALL
882ab2cf03fffff,12.0,7.0,Declining Hotspot,-5.0,-41.67,7.0,ALL,All,All,10.0,9.0,2026-09-12,2026-09-25,2026-09-26,2026-10-09,42.39128365441183,-83.23704280273566,Westwood Park,Acacia St & Crescent Dr,ALL
882ab2c1abfffff,19.0,6.0,Declining Hotspot,-13.0,-68.42,6.0,ALL,All,All,10.0,9.0,2026-09-12,2026-09-25,2026-09-26,2026-10-09,42.43747239907838,-83.20569572957656,Greenfield,Mansfield St & Vassar Ave,ALL
882ab2c5c1fffff,10.0,6.0,Declining Hotspot,-4.0,-40.0,6.0,ALL,All,All,10.0,9.0,2026-09-12,2026-09-25,2026-09-26,2026-10-09,42.34236661283663,-83.03793216076772,Lafayette Park,Russell St & Maple St,ALL
882ab2c719fffff,12.0,6.0,Declining Hotspot,-6.0,-50.0,6.0,ALL,All,All,10.0,9.0,2026-09-12,2026-09-25,2026-09-26,2026-10-09,42.40870597942299,-82.99508463706769,Gratiot-Findlay,Gunston St & Gratiot Ave,ALL
882ab2c72dfffff,17.0,6.0,Declining Hotspot,-11.0,-64.71,6.0,ALL,All,All,10.0,9.0,2026-09-12,2026-09-25,2026-09-26,2026-10-09,42.42611995184964,-83.05848511975876,Krainz Woods,Conley St & E Nevada St,ALL
882ab2cc47fffff,15.0,6.0,Declining Hotspot,-9.0,-60.0,6.0,ALL,All,All,10.0,9.0,2026-09-12,2026-09-25,2026-09-26,2026-10-09,42.3581503152907,-83.20429829322885,Joy Community,Joy Rd & Prevost St,ALL
882ab2cc4dfffff,14.0,6.0,Declining Hotspot,-8.0,-57.14,6.0,ALL,All,All,10.0,9.0,2026-09-12,2026-09-25,2026-09-26,2026-10-09,42.37248936031544,-83.19755565433134,Plymouth-I96,Greenfield Rd & Plymouth Rd,ALL
882ab2cd49fffff,13.0,6.0,Declining Hotspot,-7.0,-53.85,6.0,ALL,All,All,10.0,9.0,2026-09-12,2026-09-25,2026-09-26,2026-10-09,42.38108595459882,-83.27214124344795,Castle Rouge,Virgil St & W Davison St,ALL
882ab2c099fffff,13.0,5.0,Declining Hotspot,-8.0,-61.54,5.0,ALL,All,All,10.0,9.0,2026-09-12,2026-09-25,2026-09-26,2026-10-09,42.41862768769621,-83.076145729503,Cadillac Heights,Maine St & Jerome St,ALL
882ab2c1a3fffff,10.0,5.0,Declining Hotspot,-5.0,-50.0,5.0,ALL,All,All,10.0,9.0,2026-09-12,2026-09-25,2026-09-26,2026-10-09,42.43023461930832,-83.21052575830069,Greenfield,Lindsay St & W 7 Mile Rd,ALL
882ab2c439fffff,18.0,5.0,Declining Hotspot,-13.0,-72.22,5.0,ALL,All,All,10.0,9.0,2026-09-12,2026-09-25,2026-09-26,2026-10-09,42.351399305462806,-82.99731213591747,West Village,Townsend St & E Congress St,ALL
882ab2c61dfffff,12.0,5.0,Declining Hotspot,-7.0,-58.33,5.0,ALL,All,All,10.0,9.0,2026-09-12,2026-09-25,2026-09-26,2026-10-09,42.40265468713058,-82.92665315281201,Cornerstone Village,Munich St & Cadieux Rd,ALL
882ab2c629fffff,12.0,5.0,Declining Hotspot,-7.0,-58.33,5.0,ALL,All,All,10.0,9.0,2026-09-12,2026-09-25,2026-09-26,2026-10-09,42.414234475185154,-82.96328744548721,Outer Drive-Hayes,Bonita St & Whitehill St,ALL
882ab2c657fffff,14.0,5.0,Declining Hotspot,-9.0,-64.29,5.0,ALL,All,All,10.0,9.0,2026-09-12,2026-09-25,2026-09-26,2026-10-09,42.40833090507417,-82.92037765440844,Cornerstone Village,E Warren Ave & Lodewyck St,ALL
882ab2cab1fffff,11.0,5.0,Declining Hotspot,-6.0,-54.55,5.0,ALL,All,All,10.0,9.0,2026-09-12,2026-09-25,2026-09-26,2026-10-09,42.42907097577434,-83.2755293560464,Seven Mile-Rouge,Shiawassee Dr & W 7 Mile Rd,ALL
882ab2cc29fffff,11.0,5.0,Declining Hotspot,-6.0,-54.55,5.0,ALL,All,All,10.0,9.0,2026-09-12,2026-09-25,2026-09-26,2026-10-09,42.34683189148664,-83.2306575961285,Warrendale,W Warren Ave & Grandville Ave,ALL
882ab2ce55fffff,16.0,5.0,Declining Hotspot,-11.0,-68.75,5.0,ALL,All,All,10.0,9.0,2026-09-12,2026-09-25,2026-09-26,2026-10-09,42.39243320840768,-83.13810068136917,Oakman Blvd Community,Kendall St & Livernois Ave,ALL
882ab2cf19fffff,10.0,5.0,Declining Hotspot,-5.0,-50.0,5.0,ALL,All,All,10.0,9.0,2026-09-12,2026-09-25,2026-09-26,2026-10-09,42.386894093436624,-83.20665670033483,Greenfield-Grand River,Mettetal St & Schoolcraft St,ALL
882ab2cf59fffff,10.0,5.0,Declining Hotspot,-5.0,-50.0,5.0,ALL,All,All,10.0,9.0,2026-09-12,2026-09-25,2026-09-26,2026-10-09,42.40697574924883,-83.1988729298504,Belmont,Prest St & Pilgrim St,ALL
882ab2c50dfffff,12.0,4.0,Declining Hotspot,-8.0,-66.67,4.0,ALL,All,All,10.0,9.0,2026-09-12,2026-09-25,2026-09-26,2026-10-09,42.38353205245559,-83.08196686330217,North End,Leicester Ct & Woodward Ave,ALL
882ab2c531fffff,10.0,4.0,Declining Hotspot,-6.0,-60.0,4.0,ALL,All,All,10.0,9.0,2026-09-12,2026-09-25,2026-09-26,2026-10-09,42.35892645105544,-83.0812712368089,Elijah McCoy,Elijah Mccoy Dr & Lincoln St,ALL
882ab2c615fffff,11.0,4.0,Declining Hotspot,-7.0,-63.64,4.0,ALL,All,All,10.0,9.0,2026-09-12,2026-09-25,2026-09-26,2026-10-09,42.39453305114127,-82.9366483665544,Morningside,Devonshire Rd & Waveney St,ALL
882ab2cc59fffff,10.0,4.0,Declining Hotspot,-6.0,-60.0,4.0,ALL,All,All,10.0,9.0,2026-09-12,2026-09-25,2026-09-26,2026-10-09,42.3539437893323,-83.16818364646488,Aviation Sub,Belton St & Manor,ALL
882ab2ce41fffff,13.0,4.0,Declining Hotspot,-9.0,-69.23,4.0,ALL,All,All,10.0,9.0,2026-09-12,2026-09-25,2026-09-26,2026-10-09,42.40752967248862,-83.14475115683516,Fitzgerald/Marygrove,Midland St & Tuller St,ALL
882ab2c181fffff,13.0,3.0,Declining Hotspot,-10.0,-76.92,3.0,ALL,All,All,10.0,9.0,2026-09-12,2026-09-25,2026-09-26,2026-10-09,42.44116711719956,-83.1850685647822,Schaefer 7/8 Lodge,Tracey St & Chippewa St,ALL
882ab2c5c5fffff,14.0,3.0,Declining Hotspot,-11.0,-78.57,3.0,ALL,All,All,10.0,9.0,2026-09-12,2026-09-25,2026-09-26,2026-10-09,42.34465156289215,-83.05255549101884,Brush Park,Edmund Pl & John R St,ALL
882ab2cab7fffff,15.0,3.0,Declining Hotspot,-12.0,-80.0,3.0,ALL,All,All,10.0,9.0,2026-09-12,2026-09-25,2026-09-26,2026-10-09,42.4286454981274,-83.28287056611585,Five Points,Lenore Ave & W 7 Mile Rd,ALL
882ab2ce35fffff,12.0,3.0,Declining Hotspot,-9.0,-75.0,3.0,ALL,All,All,10.0,9.0,2026-09-12,2026-09-25,2026-09-26,2026-10-09,42.368334921591256,-83.17676036708274,Barton-McFarland,Orangelawn St & Littlefield St,ALL
882ab2c501fffff,10.0,2.0,Declining Hotspot,-8.0,-80.0,2.0,ALL,All,All,10.0,9.0,2026-09-12,2026-09-25,2026-09-26,2026-10-09,42.37596250325836,-83.07496548946622,North End,Seward St & Woodward Ave,ALL
882ab2c50bfffff,10.0,2.0,Declining Hotspot,-8.0,-80.0,2.0,ALL,All,All,10.0,9.0,2026-09-12,2026-09-25,2026-09-26,2026-10-09,42.3734994488361,-83.06444468242489,Milwaukee Junction,Horton St & Beaubien St,ALL
882ab2ce19fffff,10.0,2.0,Declining Hotspot,-8.0,-80.0,2.0,ALL,All,All,10.0,9.0,2026-09-12,2026-09-25,2026-09-26,2026-10-09,42.37875773059946,-83.12758847294239,Nardin Park,Humphrey St & Petoskey Ave,ALL
882ab2c44bfffff,10.0,1.0,Declining Hotspot,-9.0,-90.0,1.0,ALL,All,All,10.0,9.0,2026-09-12,2026-09-25,2026-09-26,2026-10-09,42.38622556791058,-82.9690873891313,Fox Creek,Mack Ave & Conner St,ALL
882ab2cc09fffff,13.0,1.0,Declining Hotspot,-12.0,-92.31,1.0,ALL,All,All,10.0,9.0,2026-09-12,2026-09-25,2026-09-26,2026-10-09,42.34835019966707,-83.20334472477757,Warren Ave Community,Diversey & Asbury Park,ALL
882ab2c0b5fffff,10.0,0.0,Declining Hotspot,-10.0,-100.0,0.0,ALL,All,All,10.0,9.0,2026-09-12,2026-09-25,2026-09-26,2026-10-09,42.41377279940101,-83.1242227661151,Martin Park,Baylis St & Grove St,ALL
882ab2ced1fffff,10.0,0.0,Declining Hotspot,-10.0,-100.0,0.0,ALL,All,All,10.0,9.0,2026-09-12,2026-09-25,2026-09-26,2026-10-09,42.33543216029413,-83.09696539015233,Chadsey Condon,25th St & Magnolia St,ALL
882ab2ce2bfffff,0.0,5.0,New Hotspot,5.0,,12.5,02,Category Focus,Property Crime,4.0,4.0,2026-09-12,2026-09-25,2026-09-26,2026-10-09,42.38462171859951,-83.1783985754827,Grand River-I96,Grand River Ave & Schaefer Hwy,ALL
882ab2ce65fffff,2.0,5.0,Emerging Hotspot,3.0,150.0,9.5,02,Category Focus,Property Crime,4.0,4.0,2026-09-12,2026-09-25,2026-09-26,2026-10-09,42.403742554973334,-83.18559534915846,Bethune Community,Fenkell St & Strathmoor St,ALL
882ab2ce31fffff,2.0,4.0,Emerging Hotspot,2.0,100.0,7.0,02,Category Focus,Property Crime,4.0,4.0,2026-09-12,2026-09-25,2026-09-26,2026-10-09,42.36599567339108,-83.16733320530321,Barton-McFarland,W Chicago St & Appoline,ALL
882ab2ce37fffff,2.0,4.0,Emerging Hotspot,2.0,100.0,7.0,02,Category Focus,Property Crime,4.0,4.0,2026-09-12,2026-09-25,2026-09-26,2026-10-09,42.36222075459352,-83.17637886733415,We Care Community,Schaefer Hwy & Joy Rd,ALL
882ab2cee1fffff,3.0,4.0,Emerging Hotspot,1.0,33.33,5.5,02,Category Focus,Property Crime,4.0,4.0,2026-09-12,2026-09-25,2026-09-26,2026-10-09,42.35197762587146,-83.14509504538786,Midwest,Tireman St & Bryden St,ALL
882ab2ce05fffff,4.0,5.0,Persistent Hotspot,1.0,25.0,8.25,02,Category Focus,Property Crime,4.0,4.0,2026-09-12,2026-09-25,2026-09-26,2026-10-09,42.388272464514095,-83.16765276480753,Northwest Community,Schoolcraft St & Manor,ALL
882ab2ce67fffff,6.0,6.0,Persistent Hotspot,0.0,0.0,8.1,02,Category Focus,Property Crime,4.0,4.0,2026-09-12,2026-09-25,2026-09-26,2026-10-09,42.3998098481388,-83.18206593144619,Bethune Community,Chalfonte St & Ardmore St,ALL
882ab2ce2dfffff,4.0,4.0,Persistent Hotspot,0.0,0.0,5.4,02,Category Focus,Property Crime,4.0,4.0,2026-09-12,2026-09-25,2026-09-26,2026-10-09,42.39146711959255,-83.19100106122482,Hubbell-Lyndon,Grand River Ave & Whitcomb St,ALL
882ab2cc43fffff,4.0,2.0,Declining Hotspot,-2.0,-50.0,2.0,02,Category Focus,Property Crime,4.0,4.0,2026-09-12,2026-09-25,2026-09-26,2026-10-09,42.35584005865894,-83.1935237234267,Fiskhorn,Prest St & Joy Rd,ALL
882ab2cc49fffff,4.0,2.0,Declining Hotspot,-2.0,-50.0,2.0,02,Category Focus,Property Crime,4.0,4.0,2026-09-12,2026-09-25,2026-09-26,2026-10-09,42.37033498658255,-83.18975000316506,Plymouth-Hubbell,Orangelawn St & Strathmoor St,ALL
882ab2ce03fffff,4.0,2.0,Declining Hotspot,-2.0,-50.0,2.0,02,Category Focus,Property Crime,4.0,4.0,2026-09-12,2026-09-25,2026-09-26,2026-10-09,42.37907995267717,-83.15372965648284,Littlefield Community,Indiana St & Cortland St,ALL
882ab2ce3bfffff,6.0,2.0,Declining Hotspot,-4.0,-66.67,2.0,02,Category Focus,Property Crime,4.0,4.0,2026-09-12,2026-09-25,2026-09-26,2026-10-09,42.36680439629613,-83.1559637469319,Barton-McFarland,Orangelawn St & Wyoming St,ALL
882ab2ce6dfffff,4.0,1.0,Declining Hotspot,-3.0,-75.0,1.0,02,Category Focus,Property Crime,4.0,4.0,2026-09-12,2026-09-25,2026-09-26,2026-10-09,42.41180763056686,-83.1797983731317,Harmony Village,Florence St & Schaefer Hwy,ALL
882ab2c517fffff,5.0,14.0,Emerging Hotspot,9.0,180.0,27.5,03,Category Focus,Property Crime,6.0,8.0,2026-09-12,2026-09-25,2026-09-26,2026-10-09,42.35337034789475,-83.06261310000085,Midtown,W Alexandrine St & Woodward Ave,ALL
882ab2c503fffff,2.0,9.0,Emerging Hotspot,7.0,350.0,19.5,03,Category Focus,Property Crime,6.0,8.0,2026-09-12,2026-09-25,2026-09-26,2026-10-09,42.36903674016917,-83.07404078940577,New Center,W Grand Blvd & 2nd Ave,ALL
882ab2c585fffff,3.0,8.0,Emerging Hotspot,5.0,166.67,15.5,03,Category Focus,Property Crime,6.0,8.0,2026-09-12,2026-09-25,2026-09-26,2026-10-09,42.32508845288104,-83.05987325242009,Corktown,6th St & Riverfront Dr,ALL
882ab2c535fffff,4.0,8.0,Emerging Hotspot,4.0,100.0,14.0,03,Category Focus,Property Crime,6.0,8.0,2026-09-12,2026-09-25,2026-09-26,2026-10-09,42.35935257064365,-83.09994573062788,NW Goldberg,W Grand Blvd & Lawton St,ALL
882ab2c5c7fffff,11.0,16.0,Persistent Hotspot,5.0,45.45,29.1,03,Category Focus,Property Crime,6.0,8.0,2026-09-12,2026-09-25,2026-09-26,2026-10-09,42.33490709967879,-83.04418085859385,Downtown,Beaubien St & E Lafayette St,ALL
882ab2c5ebfffff,6.0,9.0,Persistent Hotspot,3.0,50.0,16.65,03,Category Focus,Property Crime,6.0,8.0,2026-09-12,2026-09-25,2026-09-26,2026-10-09,42.33757686428401,-83.05134286793893,Downtown,Woodward Ave & E Adams Ave,ALL
882ab2c5e9fffff,27.0,9.0,Persistent Hotspot,-18.0,-66.67,12.15,03,Category Focus,Property Crime,6.0,8.0,2026-09-12,2026-09-25,2026-09-26,2026-10-09,42.346487742123,-83.0572617645819,Midtown,Eliot St & Woodward Ave,ALL
882ab2c507fffff,8.0,8.0,Persistent Hotspot,0.0,0.0,10.8,03,Category Focus,Property Crime,6.0,8.0,2026-09-12,2026-09-25,2026-09-26,2026-10-09,42.37084340450591,-83.08143978295578,New Center Commons,Pallister St & 3rd St,ALL
882ab2c58dfffff,14.0,8.0,Persistent Hotspot,-6.0,-42.86,10.8,03,Category Focus,Property Crime,6.0,8.0,2026-09-12,2026-09-25,2026-09-26,2026-10-09,42.33168460389816,-83.049713162411,Downtown,Michigan Ave & Cass Ave,ALL
882ab2c5e3fffff,11.0,8.0,Persistent Hotspot,-3.0,-27.27,10.8,03,Category Focus,Property Crime,6.0,8.0,2026-09-12,2026-09-25,2026-09-26,2026-10-09,42.33230278409165,-83.057812497388,Downtown,Bagley St & 3rd St,ALL
882ab2c53bfffff,7.0,5.0,Declining Hotspot,-2.0,-28.57,5.0,03,Category Focus,Property Crime,6.0,8.0,2026-09-12,2026-09-25,2026-09-26,2026-10-09,42.35469095282926,-83.07329800564055,Wayne State,Anthony Wayne Dr & 3rd St,ALL
882ab2c5e1fffff,6.0,4.0,Declining Hotspot,-2.0,-33.33,4.0,03,Category Focus,Property Crime,6.0,8.0,2026-09-12,2026-09-25,2026-09-26,2026-10-09,42.339492194891264,-83.0664991055863,Midtown,Grand River Ave & S M 10,ALL
882ab2c5c5fffff,12.0,2.0,Declining Hotspot,-10.0,-83.33,2.0,03,Category Focus,Property Crime,6.0,8.0,2026-09-12,2026-09-25,2026-09-26,2026-10-09,42.34465156289215,-83.05255549101884,Brush Park,Edmund Pl & John R St,ALL
882ab2c509fffff,6.0,0.0,Declining Hotspot,-6.0,-100.0,0.0,03,Category Focus,Property Crime,6.0,8.0,2026-09-12,2026-09-25,2026-09-26,2026-10-09,42.38311217883099,-83.06795647584747,North End,Hague St & Cameron St,ALL
882ab2c50bfffff,6.0,0.0,Declining Hotspot,-6.0,-100.0,0.0,03,Category Focus,Property Crime,6.0,8.0,2026-09-12,2026-09-25,2026-09-26,2026-10-09,42.3734994488361,-83.06444468242489,Milwaukee Junction,Horton St & Beaubien St,ALL
882ab21b4dfffff,0.0,3.0,New Hotspot,3.0,,7.5,04,Category Focus,Property Crime,3.0,3.0,2026-09-12,2026-09-25,2026-09-26,2026-10-09,42.30758035458116,-83.08699124301143,West Side Industrial,W Jefferson Ave & Clark St,ALL
882ab2ced5fffff,0.0,3.0,New Hotspot,3.0,,7.5,04,Category Focus,Property Crime,3.0,3.0,2026-09-12,2026-09-25,2026-09-26,2026-10-09,42.34087553229851,-83.10824233494026,Chadsey Condon,W Hancock St & Scotten St,ALL
882ab2ce83fffff,1.0,5.0,Emerging Hotspot,4.0,400.0,11.0,04,Category Focus,Property Crime,3.0,3.0,2026-09-12,2026-09-25,2026-09-26,2026-10-09,42.32665745750594,-83.12380138886138,Claytown,Clayton St & Martin St,ALL
882ab2ce97fffff,1.0,4.0,Emerging Hotspot,3.0,300.0,8.5,04,Category Focus,Property Crime,3.0,3.0,2026-09-12,2026-09-25,2026-09-26,2026-10-09,42.311351565951895,-83.11540488522492,Central Southwest,Bostwick St & Beard St,ALL
882ab2cebbfffff,2.0,4.0,Emerging Hotspot,2.0,100.0,7.0,04,Category Focus,Property Crime,3.0,3.0,2026-09-12,2026-09-25,2026-09-26,2026-10-09,42.31264358814919,-83.12565401557374,Springwells,Pitt St & Central St,ALL
882ab2cee3fffff,1.0,3.0,Emerging Hotspot,2.0,200.0,6.0,04,Category Focus,Property Crime,3.0,3.0,2026-09-12,2026-09-25,2026-09-26,2026-10-09,42.34147663463513,-83.14352498140082,Claytown,Kirkwood St & Cecil St,ALL
882ab2cc93fffff,2.0,3.0,Emerging Hotspot,1.0,50.0,4.5,04,Category Focus,Property Crime,3.0,3.0,2026-09-12,2026-09-25,2026-09-26,2026-10-09,42.2670386546049,-83.15600664121943,Boynton,S Annabelle St & Omaha St,ALL
882ab2c5a5fffff,3.0,4.0,Persistent Hotspot,1.0,33.33,6.9,04,Category Focus,Property Crime,3.0,3.0,2026-09-12,2026-09-25,2026-09-26,2026-10-09,42.3214211401294,-83.0882934819393,Mexicantown,25th St & Porter St,ALL
882ab2ce85fffff,3.0,3.0,Persistent Hotspot,0.0,0.0,4.05,04,Category Focus,Property Crime,3.0,3.0,2026-09-12,2026-09-25,2026-09-26,2026-10-09,42.33378178335646,-83.13859756466546,Claytown,Chopin St & Wagner St,ALL
882ab2c5a7fffff,3.0,2.0,Declining Hotspot,-1.0,-33.33,2.0,04,Category Focus,Property Crime,3.0,3.0,2026-09-12,2026-09-25,2026-09-26,2026-10-09,42.31597228433292,-83.08490818363177,West Side Industrial,W Lafayette Blvd & W Grand Blvd,ALL
882ab2c5a1fffff,4.0,1.0,Declining Hotspot,-3.0,-75.0,1.0,04,Category Focus,Property Crime,3.0,3.0,2026-09-12,2026-09-25,2026-09-26,2026-10-09,42.32138786461334,-83.0757067567105,Hubbard Richard,18th St & Howard St,ALL
882ab21b6dfffff,3.0,0.0,Declining Hotspot,-3.0,-100.0,0.0,04,Category Focus,Property Crime,3.0,3.0,2026-09-12,2026-09-25,2026-09-26,2026-10-09,42.306082428720046,-83.12337838459051,Springwells,Evans St & Lane St,ALL
882ab2ceb1fffff,3.0,0.0,Declining Hotspot,-3.0,-100.0,0.0,04,Category Focus,Property Crime,3.0,3.0,2026-09-12,2026-09-25,2026-09-26,2026-10-09,42.31212783233561,-83.13484794318346,Springwells,Ferris St & Woodmere St,ALL
882ab2ceb3fffff,3.0,0.0,Declining Hotspot,-3.0,-100.0,0.0,04,Category Focus,Property Crime,3.0,3.0,2026-09-12,2026-09-25,2026-09-26,2026-10-09,42.30658858311586,-83.13351917547075,Springwells,Falcon St & Woodmere St,ALL
882ab2ced3fffff,3.0,0.0,Declining Hotspot,-3.0,-100.0,0.0,04,Category Focus,Property Crime,3.0,3.0,2026-09-12,2026-09-25,2026-09-26,2026-10-09,42.328749530712905,-83.09409114129183,Central Southwest,Toledo St & Hubbard St,ALL
882ab2c623fffff,0.0,5.0,New Hotspot,5.0,,12.5,05,Category Focus,Property Crime,4.0,3.0,2026-09-12,2026-09-25,2026-09-26,2026-10-09,42.39999154734736,-82.96749365634277,Chandler Park,Drexel St & Southampton St,ALL
882ab2c60bfffff,0.0,3.0,New Hotspot,3.0,,7.5,05,Category Focus,Property Crime,4.0,3.0,2026-09-12,2026-09-25,2026-09-26,2026-10-09,42.40777111181735,-82.93091402775916,Cornerstone Village,E Warren Ave & Cadieux Rd,ALL
882ab2c45bfffff,2.0,6.0,Emerging Hotspot,4.0,200.0,12.0,05,Category Focus,Property Crime,4.0,3.0,2026-09-12,2026-09-25,2026-09-26,2026-10-09,42.3692101168341,-82.95287158784465,Jefferson Chalmers,Dickerson St & Freud St,ALL
882ab2c601fffff,2.0,6.0,Emerging Hotspot,4.0,200.0,12.0,05,Category Focus,Property Crime,4.0,3.0,2026-09-12,2026-09-25,2026-09-26,2026-10-09,42.409379292707605,-82.94169345523207,Morningside,Audubon Rd & E Outer Dr,ALL
882ab2c63dfffff,1.0,5.0,Emerging Hotspot,4.0,400.0,11.0,05,Category Focus,Property Crime,4.0,3.0,2026-09-12,2026-09-25,2026-09-26,2026-10-09,42.39801206005198,-82.95507612877964,Morningside,Lakepointe St & E Warren Ave,ALL
882ab2c655fffff,1.0,3.0,Emerging Hotspot,2.0,200.0,6.0,05,Category Focus,Property Crime,4.0,3.0,2026-09-12,2026-09-25,2026-09-26,2026-10-09,42.415150694414606,-82.92563550788495,Cornerstone Village,Hereford St & Southampton St,ALL
882ab2c607fffff,3.0,3.0,Emerging Hotspot,0.0,0.0,3.0,05,Category Focus,Property Crime,4.0,3.0,2026-09-12,2026-09-25,2026-09-26,2026-10-09,42.402369650762424,-82.94804568857344,Morningside,Frankfort St & Chatsworth St,ALL
882ab2c443fffff,4.0,4.0,Persistent Hotspot,0.0,0.0,5.4,05,Category Focus,Property Crime,4.0,3.0,2026-09-12,2026-09-25,2026-09-26,2026-10-09,42.37814570154656,-82.97995106386533,West End,Beniteau St & E Canfield St,ALL
882ab2c603fffff,4.0,2.0,Declining Hotspot,-2.0,-50.0,2.0,05,Category Focus,Property Crime,4.0,3.0,2026-09-12,2026-09-25,2026-09-26,2026-10-09,42.40333867732697,-82.9409495393533,Morningside,Bedford St & E Warren Ave,ALL
882ab2c615fffff,7.0,2.0,Declining Hotspot,-5.0,-71.43,2.0,05,Category Focus,Property Crime,4.0,3.0,2026-09-12,2026-09-25,2026-09-26,2026-10-09,42.39453305114127,-82.9366483665544,Morningside,Devonshire Rd & Waveney St,ALL
882ab2c61dfffff,7.0,2.0,Declining Hotspot,-5.0,-71.43,2.0,05,Category Focus,Property Crime,4.0,3.0,2026-09-12,2026-09-25,2026-09-26,2026-10-09,42.40265468713058,-82.92665315281201,Cornerstone Village,Munich St & Cadieux Rd,ALL
882ab2c657fffff,4.0,2.0,Declining Hotspot,-2.0,-50.0,2.0,05,Category Focus,Property Crime,4.0,3.0,2026-09-12,2026-09-25,2026-09-26,2026-10-09,42.40833090507417,-82.92037765440844,Cornerstone Village,E Warren Ave & Lodewyck St,ALL
882ab2c447fffff,4.0,0.0,Declining Hotspot,-4.0,-100.0,0.0,05,Category Focus,Property Crime,4.0,3.0,2026-09-12,2026-09-25,2026-09-26,2026-10-09,42.38235896052488,-82.99248847526599,West End,Cadillac Blvd & Cadillac Ave,ALL
882ab2cf31fffff,0.0,5.0,New Hotspot,5.0,,12.5,06,Category Focus,Property Crime,4.0,3.0,2026-09-12,2026-09-25,2026-09-26,2026-10-09,42.376326127376224,-83.2452352795237,Weatherby,Braile St & Capitol St,ALL
882ab2cc2dfffff,0.0,3.0,New Hotspot,3.0,,7.5,06,Category Focus,Property Crime,4.0,3.0,2026-09-12,2026-09-25,2026-09-26,2026-10-09,42.35026047710582,-83.24169538132264,Warrendale,Tireman St & Fielding St,ALL
882ab2cc3dfffff,0.0,3.0,New Hotspot,3.0,,7.5,06,Category Focus,Property Crime,4.0,3.0,2026-09-12,2026-09-25,2026-09-26,2026-10-09,42.33241656614574,-83.22278711881376,Warrendale,Kirkwood St & Brace St,ALL
882ab2cf33fffff,3.0,8.0,Emerging Hotspot,5.0,166.67,15.5,06,Category Focus,Property Crime,4.0,3.0,2026-09-12,2026-09-25,2026-09-26,2026-10-09,42.37187443810189,-83.2398707264144,Weatherby,Plymouth Rd & Heyden St,ALL
882ab2cc0dfffff,1.0,5.0,Emerging Hotspot,4.0,400.0,11.0,06,Category Focus,Property Crime,4.0,3.0,2026-09-12,2026-09-25,2026-09-26,2026-10-09,42.35430968927313,-83.20946749533086,Garden View,Grandmont Ave & Constance Ave,ALL
882ab2cc69fffff,2.0,5.0,Emerging Hotspot,3.0,150.0,9.5,06,Category Focus,Property Crime,4.0,3.0,2026-09-12,2026-09-25,2026-09-26,2026-10-09,42.36594308048786,-83.21952452769447,Franklin Park,Weaver St & Rosemont Ave,ALL
882ab2cf27fffff,1.0,4.0,Emerging Hotspot,3.0,300.0,8.5,06,Category Focus,Property Crime,4.0,3.0,2026-09-12,2026-09-25,2026-09-26,2026-10-09,42.38806648038019,-83.27339320260184,Eliza Howell,Riverview St & Dale St,ALL
882ab2cc4dfffff,1.0,3.0,Emerging Hotspot,2.0,200.0,6.0,06,Category Focus,Property Crime,4.0,3.0,2026-09-12,2026-09-25,2026-09-26,2026-10-09,42.37248936031544,-83.19755565433134,Plymouth-I96,Greenfield Rd & Plymouth Rd,ALL
882ab2cf39fffff,1.0,3.0,Emerging Hotspot,2.0,200.0,6.0,06,Category Focus,Property Crime,4.0,3.0,2026-09-12,2026-09-25,2026-09-26,2026-10-09,42.38391664896091,-83.23886653761082,Brightmoor,Fielding St & Glendale St,ALL
882ab2cc07fffff,2.0,3.0,Emerging Hotspot,1.0,50.0,4.5,06,Category Focus,Property Crime,4.0,3.0,2026-09-12,2026-09-25,2026-09-26,2026-10-09,42.33976258056164,-83.21456841606363,Warren Ave Community,Whitlock St & Longacre St,ALL
882ab2cc45fffff,3.0,3.0,Emerging Hotspot,0.0,0.0,3.0,06,Category Focus,Property Crime,4.0,3.0,2026-09-12,2026-09-25,2026-09-26,2026-10-09,42.36643298075457,-83.20937928061984,Joy Community,Abington Ave & W Chicago St,ALL
882ab2cc6bfffff,3.0,3.0,Emerging Hotspot,0.0,0.0,3.0,06,Category Focus,Property Crime,4.0,3.0,2026-09-12,2026-09-25,2026-09-26,2026-10-09,42.35788551697999,-83.21689024589386,Franklin Park,Joy Rd & S M 39 Service Drive,ALL
882ab2cc65fffff,4.0,4.0,Persistent Hotspot,0.0,0.0,5.4,06,Category Focus,Property Crime,4.0,3.0,2026-09-12,2026-09-25,2026-09-26,2026-10-09,42.36290915087244,-83.23725215408572,Franklin Park,Westfield St & Vaughan St,ALL
882ab2cc2bfffff,5.0,3.0,Persistent Hotspot,-2.0,-40.0,4.05,06,Category Focus,Property Crime,4.0,3.0,2026-09-12,2026-09-25,2026-09-26,2026-10-09,42.339552038252194,-83.22796776109868,Warrendale,Minock St & Whitlock St,ALL
882ab2cd49fffff,4.0,3.0,Persistent Hotspot,-1.0,-25.0,4.05,06,Category Focus,Property Crime,4.0,3.0,2026-09-12,2026-09-25,2026-09-26,2026-10-09,42.38108595459882,-83.27214124344795,Castle Rouge,Virgil St & W Davison St,ALL
882ab2cc29fffff,6.0,2.0,Declining Hotspot,-4.0,-66.67,2.0,06,Category Focus,Property Crime,4.0,3.0,2026-09-12,2026-09-25,2026-09-26,2026-10-09,42.34683189148664,-83.2306575961285,Warrendale,W Warren Ave & Grandville Ave,ALL
882ab2cc61fffff,6.0,2.0,Declining Hotspot,-4.0,-66.67,2.0,06,Category Focus,Property Crime,4.0,3.0,2026-09-12,2026-09-25,2026-09-26,2026-10-09,42.35771412908955,-83.22863982813003,Franklin Park,Piedmont St & Joy Rd,ALL
882ab2cc67fffff,4.0,2.0,Declining Hotspot,-2.0,-50.0,2.0,06,Category Focus,Property Crime,4.0,3.0,2026-09-12,2026-09-25,2026-09-26,2026-10-09,42.35569337617472,-83.23472815796163,Warrendale,Joy Rd & Plainview Ave,ALL
882ab2cc01fffff,6.0,1.0,Declining Hotspot,-5.0,-83.33,1.0,06,Category Focus,Property Crime,4.0,3.0,2026-09-12,2026-09-25,2026-09-26,2026-10-09,42.34581838636176,-83.20932670190365,Warren Ave Community,Rutland St & Majestic St,ALL
882ab2cc09fffff,6.0,1.0,Declining Hotspot,-5.0,-83.33,1.0,06,Category Focus,Property Crime,4.0,3.0,2026-09-12,2026-09-25,2026-09-26,2026-10-09,42.34835019966707,-83.20334472477757,Warren Ave Community,Diversey & Asbury Park,ALL
882ab2cc6dfffff,5.0,1.0,Declining Hotspot,-4.0,-80.0,1.0,06,Category Focus,Property Crime,4.0,3.0,2026-09-12,2026-09-25,2026-09-26,2026-10-09,42.368420809146585,-83.23381219208831,Franklin Park,Orangelawn St & Evergreen Rd,ALL
882ab2cc47fffff,5.0,0.0,Declining Hotspot,-5.0,-100.0,0.0,06,Category Focus,Property Crime,4.0,3.0,2026-09-12,2026-09-25,2026-09-26,2026-10-09,42.3581503152907,-83.20429829322885,Joy Community,Joy Rd & Prevost St,ALL
882ab2c403fffff,0.0,3.0,New Hotspot,3.0,,7.5,07,Category Focus,Property Crime,5.0,3.0,2026-09-12,2026-09-25,2026-09-26,2026-10-09,42.357548583890576,-82.98620892975782,Gold Coast,E Jefferson Ave & Holcomb St,ALL
882ab2c463fffff,4.0,6.0,Emerging Hotspot,2.0,50.0,9.0,07,Category Focus,Property Crime,5.0,3.0,2026-09-12,2026-09-25,2026-09-26,2026-10-09,42.37753126162601,-83.01373223034801,Gratiot-Grand,Van Dyke St & Farnsworth St,ALL
882ab2c469fffff,1.0,3.0,Emerging Hotspot,2.0,200.0,6.0,07,Category Focus,Property Crime,5.0,3.0,2026-09-12,2026-09-25,2026-09-26,2026-10-09,42.39128726203174,-83.00529616252933,Airport Sub,Harper Ave & Gratiot Ave,ALL
882ab2c5c3fffff,12.0,10.0,Persistent Hotspot,-2.0,-16.67,13.5,07,Category Focus,Property Crime,5.0,3.0,2026-09-12,2026-09-25,2026-09-26,2026-10-09,42.33594134550091,-83.03077624997024,Lafayette Park,Saint Aubin St & E Larned St,ALL
882ab2c5c1fffff,5.0,4.0,Persistent Hotspot,-1.0,-20.0,5.4,07,Category Focus,Property Crime,5.0,3.0,2026-09-12,2026-09-25,2026-09-26,2026-10-09,42.34236661283663,-83.03793216076772,Lafayette Park,Russell St & Maple St,ALL
882ab2c5cbfffff,8.0,3.0,Persistent Hotspot,-5.0,-62.5,4.05,07,Category Focus,Property Crime,5.0,3.0,2026-09-12,2026-09-25,2026-09-26,2026-10-09,42.34101769155248,-83.02326650909899,Elmwood Park,E Jefferson Ave & Chene St,ALL
882ab2c437fffff,7.0,2.0,Declining Hotspot,-5.0,-71.43,2.0,07,Category Focus,Property Crime,5.0,3.0,2026-09-12,2026-09-25,2026-09-26,2026-10-09,42.34173030969738,-83.01454882139126,Rivertown,E Jefferson Ave & Adair St,ALL
882ab2c439fffff,11.0,2.0,Declining Hotspot,-9.0,-81.82,2.0,07,Category Focus,Property Crime,5.0,3.0,2026-09-12,2026-09-25,2026-09-26,2026-10-09,42.351399305462806,-82.99731213591747,West Village,Townsend St & E Congress St,ALL
882ab2c5c9fffff,6.0,2.0,Declining Hotspot,-4.0,-66.67,2.0,07,Category Focus,Property Crime,5.0,3.0,2026-09-12,2026-09-25,2026-09-26,2026-10-09,42.3482826472385,-83.02647867706486,Elmwood Park,E Vernor Hwy & Chene St,ALL
882ab2c407fffff,6.0,1.0,Declining Hotspot,-5.0,-83.33,1.0,07,Category Focus,Property Crime,5.0,3.0,2026-09-12,2026-09-25,2026-09-26,2026-10-09,42.359099413201655,-83.00041457240548,Islandview,Durand St & Van Dyke St,ALL
882ab2ca83fffff,0.0,3.0,New Hotspot,3.0,,7.5,08,Category Focus,Property Crime,3.0,3.0,2026-09-12,2026-09-25,2026-09-26,2026-10-09,42.441940145498506,-83.26429132527683,Berg-Lahser,Hessel Ave & Alderton St,ALL
882ab2cf29fffff,1.0,5.0,Emerging Hotspot,4.0,400.0,11.0,08,Category Focus,Property Crime,3.0,3.0,2026-09-12,2026-09-25,2026-09-26,2026-10-09,42.40210283064391,-83.25944755666258,Brightmoor,Midland St & Dolphin St,ALL
882ab2ca93fffff,1.0,4.0,Emerging Hotspot,3.0,300.0,8.5,08,Category Focus,Property Crime,3.0,3.0,2026-09-12,2026-09-25,2026-09-26,2026-10-09,42.42945066108597,-83.24075689108246,Evergreen Lahser 7/8,Pickford St & Vaughan St,ALL
882ab2c1bdfffff,1.0,3.0,Emerging Hotspot,2.0,200.0,6.0,08,Category Focus,Property Crime,3.0,3.0,2026-09-12,2026-09-25,2026-09-26,2026-10-09,42.430418368393845,-83.19990339634495,College Park,Clarita St & Rutherford St,ALL
882ab2cf0dfffff,4.0,6.0,Persistent Hotspot,2.0,50.0,11.1,08,Category Focus,Property Crime,3.0,3.0,2026-09-12,2026-09-25,2026-09-26,2026-10-09,42.406027444412715,-83.24063170700437,Brightmoor,Braile St & Pilgrim St,ALL
882ab2cf61fffff,8.0,6.0,Persistent Hotspot,-2.0,-25.0,8.1,08,Category Focus,Property Crime,3.0,3.0,2026-09-12,2026-09-25,2026-09-26,2026-10-09,42.41473691674537,-83.25444471974748,Holcomb Community,Grand River Ave & W McNichols Rd,ALL
882ab2cf51fffff,5.0,5.0,Persistent Hotspot,0.0,0.0,6.75,08,Category Focus,Property Crime,3.0,3.0,2026-09-12,2026-09-25,2026-09-26,2026-10-09,42.40224479386136,-83.20749184758557,Crary/St Marys,Fenkell St & Biltmore St,ALL
882ab2c1a1fffff,4.0,2.0,Declining Hotspot,-2.0,-50.0,2.0,08,Category Focus,Property Crime,3.0,3.0,2026-09-12,2026-09-25,2026-09-26,2026-10-09,42.43911669110264,-83.21559502850629,Greenfield,Trojan St & Archdale St,ALL
882ab2c1a7fffff,8.0,2.0,Declining Hotspot,-6.0,-75.0,2.0,08,Category Focus,Property Crime,3.0,3.0,2026-09-12,2026-09-25,2026-09-26,2026-10-09,42.431854512084,-83.22173613319157,O'Hair Park,Cambridge Ave & Fenmore St,ALL
882ab2c1abfffff,7.0,2.0,Declining Hotspot,-5.0,-71.43,2.0,08,Category Focus,Property Crime,3.0,3.0,2026-09-12,2026-09-25,2026-09-26,2026-10-09,42.43747239907838,-83.20569572957656,Greenfield,Mansfield St & Vassar Ave,ALL
882ab2ca99fffff,3.0,2.0,Declining Hotspot,-1.0,-33.33,2.0,08,Category Focus,Property Crime,3.0,3.0,2026-09-12,2026-09-25,2026-09-26,2026-10-09,42.44039314469887,-83.23919430975336,Evergreen Lahser 7/8,Trojan St & Evergreen Rd,ALL
882ab2cf4bfffff,3.0,2.0,Declining Hotspot,-1.0,-33.33,2.0,08,Category Focus,Property Crime,3.0,3.0,2026-09-12,2026-09-25,2026-09-26,2026-10-09,42.41556026491895,-83.2187171973734,Evergreen-Outer Drive,N M 39 & W McNichols Rd,ALL
882ab2cf6bfffff,3.0,2.0,Declining Hotspot,-1.0,-33.33,2.0,08,Category Focus,Property Crime,3.0,3.0,2026-09-12,2026-09-25,2026-09-26,2026-10-09,42.41234884991785,-83.24456688465247,Miller Grove,Burt Rd & Verne St,ALL
882ab2cab1fffff,4.0,1.0,Declining Hotspot,-3.0,-75.0,1.0,08,Category Focus,Property Crime,3.0,3.0,2026-09-12,2026-09-25,2026-09-26,2026-10-09,42.42907097577434,-83.2755293560464,Seven Mile-Rouge,Shiawassee Dr & W 7 Mile Rd,ALL
882ab2cf53fffff,6.0,1.0,Declining Hotspot,-5.0,-83.33,1.0,08,Category Focus,Property Crime,3.0,3.0,2026-09-12,2026-09-25,2026-09-26,2026-10-09,42.393284994986786,-83.20146225867704,Greenfield-Grand River,Greenfield Rd & Eaton St,ALL
882ab2cf5dfffff,3.0,1.0,Declining Hotspot,-2.0,-66.67,1.0,08,Category Focus,Property Crime,3.0,3.0,2026-09-12,2026-09-25,2026-09-26,2026-10-09,42.41024322781708,-83.2107656589474,Crary/St Marys,Florence St & Lindsay St,ALL
882ab2c8d9fffff,3.0,0.0,Declining Hotspot,-3.0,-100.0,0.0,08,Category Focus,Property Crime,3.0,3.0,2026-09-12,2026-09-25,2026-09-26,2026-10-09,42.41454150000466,-83.27845703347631,The Eye,Telegraph Rd & W McNichols Rd,ALL
882ab2ca95fffff,3.0,0.0,Declining Hotspot,-3.0,-100.0,0.0,08,Category Focus,Property Crime,3.0,3.0,2026-09-12,2026-09-25,2026-09-26,2026-10-09,42.43797970065868,-83.25792730533209,Berg-Lahser,Fargo St & Houghton St,ALL
882ab2cab7fffff,3.0,0.0,Declining Hotspot,-3.0,-100.0,0.0,08,Category Focus,Property Crime,3.0,3.0,2026-09-12,2026-09-25,2026-09-26,2026-10-09,42.4286454981274,-83.28287056611585,Five Points,Lenore Ave & W 7 Mile Rd,ALL
882ab2cf03fffff,3.0,0.0,Declining Hotspot,-3.0,-100.0,0.0,08,Category Focus,Property Crime,3.0,3.0,2026-09-12,2026-09-25,2026-09-26,2026-10-09,42.39128365441183,-83.23704280273566,Westwood Park,Acacia St & Crescent Dr,ALL
882ab2cf19fffff,3.0,0.0,Declining Hotspot,-3.0,-100.0,0.0,08,Category Focus,Property Crime,3.0,3.0,2026-09-12,2026-09-25,2026-09-26,2026-10-09,42.386894093436624,-83.20665670033483,Greenfield-Grand River,Mettetal St & Schoolcraft St,ALL
882ab2cf1dfffff,3.0,0.0,Declining Hotspot,-3.0,-100.0,0.0,08,Category Focus,Property Crime,3.0,3.0,2026-09-12,2026-09-25,2026-09-26,2026-10-09,42.387857797818754,-83.22046268129415,Grandmont #1,Acacia St & Stahelin Rd,ALL
882ab2cf59fffff,3.0,0.0,Declining Hotspot,-3.0,-100.0,0.0,08,Category Focus,Property Crime,3.0,3.0,2026-09-12,2026-09-25,2026-09-26,2026-10-09,42.40697574924883,-83.1988729298504,Belmont,Prest St & Pilgrim St,ALL
882ab2c605fffff,0.0,8.0,New Hotspot,8.0,,20.0,09,Category Focus,Property Crime,5.0,4.0,2026-09-12,2026-09-25,2026-09-26,2026-10-09,42.41004641166786,-82.95350065306873,Outer Drive-Hayes,Somerset Ave & Berkshire St,ALL
882ab2c62dfffff,0.0,4.0,New Hotspot,4.0,,10.0,09,Category Focus,Property Crime,5.0,4.0,2026-09-12,2026-09-25,2026-09-26,2026-10-09,42.41393584829717,-82.97561800849334,Eden Gardens,Newport St & E Outer Dr,ALL
882ab2c667fffff,2.0,7.0,Emerging Hotspot,5.0,250.0,14.5,09,Category Focus,Property Crime,5.0,4.0,2026-09-12,2026-09-25,2026-09-26,2026-10-09,42.42078445598505,-82.96993216661689,Mapleridge,Hayes St & Houston Whittier Ave,ALL
882ab2c757fffff,1.0,5.0,Emerging Hotspot,4.0,400.0,11.0,09,Category Focus,Property Crime,5.0,4.0,2026-09-12,2026-09-25,2026-09-26,2026-10-09,42.41782984937532,-83.00000925775188,LaSalle College Park,Bradford St & College St,ALL
882ab2c663fffff,4.0,6.0,Emerging Hotspot,2.0,50.0,9.0,09,Category Focus,Property Crime,5.0,4.0,2026-09-12,2026-09-25,2026-09-26,2026-10-09,42.41950621604016,-82.95701596483369,Denby,Grayton St & Lansdowne St,ALL
882ab2c647fffff,2.0,4.0,Emerging Hotspot,2.0,100.0,7.0,09,Category Focus,Property Crime,5.0,4.0,2026-09-12,2026-09-25,2026-09-26,2026-10-09,42.42295850729912,-82.93786599197253,Moross-Morang,Duprey St & Casino St,ALL
882ab2c743fffff,9.0,5.0,Persistent Hotspot,-4.0,-44.44,6.75,09,Category Focus,Property Crime,5.0,4.0,2026-09-12,2026-09-25,2026-09-26,2026-10-09,42.43428372316813,-83.00810830306966,Mount Olivet,E 7 Mile Rd & Teppert St,ALL
882ab2d5b7fffff,7.0,4.0,Persistent Hotspot,-3.0,-42.86,5.4,09,Category Focus,Property Crime,5.0,4.0,2026-09-12,2026-09-25,2026-09-26,2026-10-09,42.43663946605306,-82.9876131870752,Pulaski,E 7 Mile Rd & Schoenherr St,ALL
882ab2c60dfffff,5.0,3.0,Declining Hotspot,-2.0,-40.0,3.0,09,Category Focus,Property Crime,5.0,4.0,2026-09-12,2026-09-25,2026-09-26,2026-10-09,42.41947717055631,-82.9476365500096,Yorkshire Woods,Nottingham Rd & Grayton St,ALL
882ab2c66bfffff,6.0,3.0,Declining Hotspot,-3.0,-50.0,3.0,09,Category Focus,Property Crime,5.0,4.0,2026-09-12,2026-09-25,2026-09-26,2026-10-09,42.42632688143854,-82.95097948082058,Moross-Morang,Morang Dr & Lansdowne St,ALL
882ab2d597fffff,6.0,3.0,Declining Hotspot,-3.0,-50.0,3.0,09,Category Focus,Property Crime,5.0,4.0,2026-09-12,2026-09-25,2026-09-26,2026-10-09,42.4405233668612,-82.95838258019134,Regent Park,Lappin St & Rex St,ALL
882ab2c62bfffff,5.0,2.0,Declining Hotspot,-3.0,-60.0,2.0,09,Category Focus,Property Crime,5.0,4.0,2026-09-12,2026-09-25,2026-09-26,2026-10-09,42.40618566147862,-82.96174397111852,Outer Drive-Hayes,Evanston St & Wayburn St,ALL
882ab2c669fffff,5.0,2.0,Declining Hotspot,-3.0,-60.0,2.0,09,Category Focus,Property Crime,5.0,4.0,2026-09-12,2026-09-25,2026-09-26,2026-10-09,42.43317799763128,-82.95574143267714,Mapleridge,Faircrest St & Morang Dr,ALL
882ab2c66dfffff,6.0,1.0,Declining Hotspot,-5.0,-83.33,1.0,09,Category Focus,Property Crime,5.0,4.0,2026-09-12,2026-09-25,2026-09-26,2026-10-09,42.43471318654235,-82.96546041055458,Mapleridge,Hayes St & E 7 Mile Rd,ALL
882ab2d5b3fffff,12.0,1.0,Declining Hotspot,-11.0,-91.67,1.0,09,Category Focus,Property Crime,5.0,4.0,2026-09-12,2026-09-25,2026-09-26,2026-10-09,42.43508315926134,-82.97639201995733,Mapleridge,Chalmers St & Eastwood St,ALL
882ab2ce11fffff,0.0,7.0,New Hotspot,7.0,,17.5,10,Category Focus,Property Crime,4.0,4.0,2026-09-12,2026-09-25,2026-09-26,2026-10-09,42.369915571358995,-83.13889016310524,Oakman Blvd Community,Grand River Ave & Monica St,ALL
882ab2c507fffff,3.0,5.0,Emerging Hotspot,2.0,66.67,8.0,10,Category Focus,Property Crime,4.0,4.0,2026-09-12,2026-09-25,2026-09-26,2026-10-09,42.37084340450591,-83.08143978295578,New Center Commons,Pallister St & 3rd St,ALL
882ab2c52bfffff,3.0,4.0,Emerging Hotspot,1.0,33.33,5.5,10,Category Focus,Property Crime,4.0,4.0,2026-09-12,2026-09-25,2026-09-26,2026-10-09,42.372964804255616,-83.09492280340922,Virginia Park Community,Woodrow Wilson St & Gladstone St,ALL
882ab2c53dfffff,5.0,6.0,Persistent Hotspot,1.0,20.0,9.6,10,Category Focus,Property Crime,4.0,4.0,2026-09-12,2026-09-25,2026-09-26,2026-10-09,42.36424367823366,-83.09141169621473,Virginia Park Community,W Grand Blvd & 14th St,ALL
882ab2c52dfffff,4.0,4.0,Persistent Hotspot,0.0,0.0,5.4,10,Category Focus,Property Crime,4.0,4.0,2026-09-12,2026-09-25,2026-09-26,2026-10-09,42.38290213355274,-83.10845890458248,Dexter-Linwood,Webb St & 14th St,ALL
882ab2ce51fffff,8.0,4.0,Persistent Hotspot,-4.0,-50.0,5.4,10,Category Focus,Property Crime,4.0,4.0,2026-09-12,2026-09-25,2026-09-26,2026-10-09,42.39017503074664,-83.1248397452936,Dexter-Linwood,Dexter Ave & Waverly,ALL
882ab2ce53fffff,4.0,4.0,Persistent Hotspot,0.0,0.0,5.4,10,Category Focus,Property Crime,4.0,4.0,2026-09-12,2026-09-25,2026-09-26,2026-10-09,42.38448548246358,-83.12032771879515,Dexter-Linwood,Elmhurst St & Linwood St,ALL
882ab2c525fffff,8.0,3.0,Declining Hotspot,-5.0,-62.5,3.0,10,Category Focus,Property Crime,4.0,4.0,2026-09-12,2026-09-25,2026-09-26,2026-10-09,42.37717398458987,-83.11741283783968,Dexter-Linwood,Calvert St & Lawton St,ALL
882ab2cec5fffff,4.0,3.0,Declining Hotspot,-1.0,-25.0,3.0,10,Category Focus,Property Crime,4.0,4.0,2026-09-12,2026-09-25,2026-09-26,2026-10-09,42.35489806827917,-83.12699257918058,Midwest,Pacific St & Ironwood St,ALL
882ab2ce13fffff,5.0,2.0,Declining Hotspot,-3.0,-60.0,2.0,10,Category Focus,Property Crime,4.0,4.0,2026-09-12,2026-09-25,2026-09-26,2026-10-09,42.364665377829006,-83.1308107841412,Midwest,Grand River Ave & Riviera,ALL
882ab2ce1dfffff,5.0,2.0,Declining Hotspot,-3.0,-60.0,2.0,10,Category Focus,Property Crime,4.0,4.0,2026-09-12,2026-09-25,2026-09-26,2026-10-09,42.37615505542366,-83.14161011206531,Oakman Blvd Community,Monica St & Tuxedo St,ALL
882ab2ce57fffff,4.0,2.0,Declining Hotspot,-2.0,-50.0,2.0,10,Category Focus,Property Crime,4.0,4.0,2026-09-12,2026-09-25,2026-09-26,2026-10-09,42.38590185434009,-83.13240715675242,Russell Woods,Sturtevant St & Dexter Ave,ALL
882ab2ce0bfffff,4.0,1.0,Declining Hotspot,-3.0,-75.0,1.0,10,Category Focus,Property Crime,4.0,4.0,2026-09-12,2026-09-25,2026-09-26,2026-10-09,42.38665045821915,-83.14301923199338,Oakman Blvd Community,Ewald Cir & W Davison St,ALL
882ab2ce19fffff,4.0,1.0,Declining Hotspot,-3.0,-75.0,1.0,10,Category Focus,Property Crime,4.0,4.0,2026-09-12,2026-09-25,2026-09-26,2026-10-09,42.37875773059946,-83.12758847294239,Nardin Park,Humphrey St & Petoskey Ave,ALL
882ab2c565fffff,4.0,0.0,Declining Hotspot,-4.0,-100.0,0.0,10,Category Focus,Property Crime,4.0,4.0,2026-09-12,2026-09-25,2026-09-26,2026-10-09,42.39428004182148,-83.10837348947219,Dexter-Linwood,Woodrow Wilson St & Glendale St,ALL
882ab2cec9fffff,6.0,0.0,Declining Hotspot,-6.0,-100.0,0.0,10,Category Focus,Property Crime,4.0,4.0,2026-09-12,2026-09-25,2026-09-26,2026-10-09,42.36098985487923,-83.11022664332955,Petoskey-Otsego,Wildemere St & Montgomery St,ALL
882ab2cee9fffff,4.0,0.0,Declining Hotspot,-4.0,-100.0,0.0,10,Category Focus,Property Crime,4.0,4.0,2026-09-12,2026-09-25,2026-09-26,2026-10-09,42.35695133875132,-83.13838824298493,Midwest,Garden St & Wetherby St,ALL
882ab2c741fffff,0.0,4.0,New Hotspot,4.0,,10.0,11,Category Focus,Property Crime,4.0,3.0,2026-09-12,2026-09-25,2026-09-26,2026-10-09,42.43895435560887,-83.01629628214067,Nortown,E Lantz St & E Outer Dr,ALL
882ab2c0d1fffff,0.0,3.0,New Hotspot,3.0,,7.5,11,Category Focus,Property Crime,4.0,3.0,2026-09-12,2026-09-25,2026-09-26,2026-10-09,42.434850341445134,-83.07396450107514,Nolan,Revere St & Emery St,ALL
882ab2c761fffff,2.0,5.0,Emerging Hotspot,3.0,150.0,9.5,11,Category Focus,Property Crime,4.0,3.0,2026-09-12,2026-09-25,2026-09-26,2026-10-09,42.438372332382855,-83.04517450617394,Farwell,E Lantz St & Caldwell St,ALL
882ab2c767fffff,2.0,5.0,Emerging Hotspot,3.0,150.0,9.5,11,Category Focus,Property Crime,4.0,3.0,2026-09-12,2026-09-25,2026-09-26,2026-10-09,42.433312355933865,-83.05315768057397,Farwell,Keystone St & E 7 Mile Rd,ALL
882ab2c0d3fffff,3.0,3.0,Emerging Hotspot,0.0,0.0,3.0,11,Category Focus,Property Crime,4.0,3.0,2026-09-12,2026-09-25,2026-09-26,2026-10-09,42.42660855373346,-83.0706542835568,Northeast Central District,E Grixdale St & Gallagher St,ALL
882ab2c745fffff,3.0,3.0,Emerging Hotspot,0.0,0.0,3.0,11,Category Focus,Property Crime,4.0,3.0,2026-09-12,2026-09-25,2026-09-26,2026-10-09,42.443563316717686,-83.02527830993336,Sherwood,Van Dyke St & E Outer Dr,ALL
882ab2c0dbfffff,4.0,6.0,Persistent Hotspot,2.0,50.0,11.1,11,Category Focus,Property Crime,4.0,3.0,2026-09-12,2026-09-25,2026-09-26,2026-10-09,42.43573315701592,-83.05992032298255,Farwell,Emery St & Shields St,ALL
882ab2c769fffff,4.0,6.0,Persistent Hotspot,2.0,50.0,11.1,11,Category Focus,Property Crime,4.0,3.0,2026-09-12,2026-09-25,2026-09-26,2026-10-09,42.443522374096375,-83.03069755865215,Sherwood,Carrie St & E Outer Dr,ALL
882ab2c099fffff,6.0,4.0,Persistent Hotspot,-2.0,-33.33,5.4,11,Category Focus,Property Crime,4.0,3.0,2026-09-12,2026-09-25,2026-09-26,2026-10-09,42.41862768769621,-83.076145729503,Cadillac Heights,Maine St & Jerome St,ALL
882ab2c70dfffff,5.0,4.0,Persistent Hotspot,-1.0,-20.0,5.4,11,Category Focus,Property Crime,4.0,3.0,2026-09-12,2026-09-25,2026-09-26,2026-10-09,42.43152008068575,-83.02834370005655,Grant,E Brentwood St & Packard St,ALL
882ab2c2b3fffff,4.0,2.0,Declining Hotspot,-2.0,-50.0,2.0,11,Category Focus,Property Crime,4.0,3.0,2026-09-12,2026-09-25,2026-09-26,2026-10-09,42.44727034331925,-83.06386416944315,Farwell,Ryan Rd & E 8 Mile Rd,ALL
882ab2c727fffff,4.0,2.0,Declining Hotspot,-2.0,-50.0,2.0,11,Category Focus,Property Crime,4.0,3.0,2026-09-12,2026-09-25,2026-09-26,2026-10-09,42.4148415449208,-83.0614762772905,Campau/Banglatown,E Davison St & Conant St,ALL
882ab2c72dfffff,5.0,2.0,Declining Hotspot,-3.0,-60.0,2.0,11,Category Focus,Property Crime,4.0,3.0,2026-09-12,2026-09-25,2026-09-26,2026-10-09,42.42611995184964,-83.05848511975876,Krainz Woods,Conley St & E Nevada St,ALL
882ab2c76bfffff,4.0,1.0,Declining Hotspot,-3.0,-75.0,1.0,11,Category Focus,Property Crime,4.0,3.0,2026-09-12,2026-09-25,2026-09-26,2026-10-09,42.43802235086805,-83.02963704566491,Nortown,E Lantz St & Packard St,ALL
882ab2c0d7fffff,5.0,0.0,Declining Hotspot,-5.0,-100.0,0.0,11,Category Focus,Property Crime,4.0,3.0,2026-09-12,2026-09-25,2026-09-26,2026-10-09,42.43045269692552,-83.07978876677944,Northeast Central District,Arlington St & E Nevada St,ALL
882ab2c0adfffff,0.0,4.0,New Hotspot,4.0,,10.0,12,Category Focus,Property Crime,4.0,4.0,2026-09-12,2026-09-25,2026-09-26,2026-10-09,42.43620640898726,-83.13995829846894,Sherwood Forest,Livernois Ave & W Outer Dr,ALL
882ab2c183fffff,0.0,4.0,New Hotspot,4.0,,10.0,12,Category Focus,Property Crime,4.0,4.0,2026-09-12,2026-09-25,2026-09-26,2026-10-09,42.43472556731352,-83.18116686735097,Schaefer 7/8 Lodge,Schaefer Hwy & Vassar Ave,ALL
882ab2c193fffff,2.0,6.0,Emerging Hotspot,4.0,200.0,12.0,12,Category Focus,Property Crime,4.0,4.0,2026-09-12,2026-09-25,2026-09-26,2026-10-09,42.41694374036624,-83.1603122492298,Schulze,W McNichols Rd & Wyoming St,ALL
882ab2c197fffff,2.0,4.0,Emerging Hotspot,2.0,100.0,7.0,12,Category Focus,Property Crime,4.0,4.0,2026-09-12,2026-09-25,2026-09-26,2026-10-09,42.41847522228207,-83.17078007258193,Schulze,Littlefield St & Santa Maria St,ALL
882ab2c187fffff,3.0,4.0,Emerging Hotspot,1.0,33.33,5.5,12,Category Focus,Property Crime,4.0,4.0,2026-09-12,2026-09-25,2026-09-26,2026-10-09,42.43590410066288,-83.19164825228461,Schaefer 7/8 Lodge,Marlowe St & Chippewa St,ALL
882ab2ce4dfffff,3.0,4.0,Emerging Hotspot,1.0,33.33,5.5,12,Category Focus,Property Crime,4.0,4.0,2026-09-12,2026-09-25,2026-09-26,2026-10-09,42.41395625843927,-83.15106444803112,Fitzgerald/Marygrove,Greenlawn St & Marygrove Dr,ALL
882ab2c0a7fffff,6.0,9.0,Persistent Hotspot,3.0,50.0,16.65,12,Category Focus,Property Crime,4.0,4.0,2026-09-12,2026-09-25,2026-09-26,2026-10-09,42.42350417082767,-83.14171066089659,Bagley,Pickford St & Livernois Ave,ALL
882ab2ce45fffff,5.0,7.0,Persistent Hotspot,2.0,40.0,12.45,12,Category Focus,Property Crime,4.0,4.0,2026-09-12,2026-09-25,2026-09-26,2026-10-09,42.40793354641639,-83.15555332114316,Fitzgerald/Marygrove,Pilgrim St & Cloverlawn St,ALL
882ab2c1bdfffff,4.0,4.0,Persistent Hotspot,0.0,0.0,5.4,12,Category Focus,Property Crime,4.0,4.0,2026-09-12,2026-09-25,2026-09-26,2026-10-09,42.430418368393845,-83.19990339634495,College Park,Clarita St & Rutherford St,ALL
882ab2c1bbfffff,4.0,3.0,Declining Hotspot,-1.0,-25.0,3.0,12,Category Focus,Property Crime,4.0,4.0,2026-09-12,2026-09-25,2026-09-26,2026-10-09,42.42009320526152,-83.18315847826315,Winship,Lesure St & W Outer Dr,ALL
882ab2c0a1fffff,6.0,2.0,Declining Hotspot,-4.0,-66.67,2.0,12,Category Focus,Property Crime,4.0,4.0,2026-09-12,2026-09-25,2026-09-26,2026-10-09,42.42809307521633,-83.13457853020685,University District,Muirland St & Margareta St,ALL
882ab2c185fffff,4.0,2.0,Declining Hotspot,-2.0,-50.0,2.0,12,Category Focus,Property Crime,4.0,4.0,2026-09-12,2026-09-25,2026-09-26,2026-10-09,42.44108118443646,-83.19789409784744,Schaefer 7/8 Lodge,James Couzens Fwy & Audrey St,ALL
882ab2c195fffff,5.0,2.0,Declining Hotspot,-3.0,-60.0,2.0,12,Category Focus,Property Crime,4.0,4.0,2026-09-12,2026-09-25,2026-09-26,2026-10-09,42.4256998384148,-83.1778761902255,Schulze,Curtis St & Steel St,ALL
882ab2c087fffff,5.0,1.0,Declining Hotspot,-4.0,-80.0,1.0,12,Category Focus,Property Crime,4.0,4.0,2026-09-12,2026-09-25,2026-09-26,2026-10-09,42.42671940330759,-83.11082201136425,Grixdale Farms,Charleston St & W Nevada St,ALL
882ab2ce41fffff,6.0,1.0,Declining Hotspot,-5.0,-83.33,1.0,12,Category Focus,Property Crime,4.0,4.0,2026-09-12,2026-09-25,2026-09-26,2026-10-09,42.40752967248862,-83.14475115683516,Fitzgerald/Marygrove,Midland St & Tuller St,ALL
882ab2ce61fffff,6.0,1.0,Declining Hotspot,-5.0,-83.33,1.0,12,Category Focus,Property Crime,4.0,4.0,2026-09-12,2026-09-25,2026-09-26,2026-10-09,42.4040301368467,-83.17812533676428,Bethune Community,Schaefer Hwy & Keeler Ave,ALL
882ab2c0b5fffff,4.0,0.0,Declining Hotspot,-4.0,-100.0,0.0,12,Category Focus,Property Crime,4.0,4.0,2026-09-12,2026-09-25,2026-09-26,2026-10-09,42.41377279940101,-83.1242227661151,Martin Park,Baylis St & Grove St,ALL
882ab2c605fffff,0.0,8.0,New Hotspot,8.0,,20.0,ALL,Category Focus,Property Crime,4.0,4.0,2026-09-12,2026-09-25,2026-09-26,2026-10-09,42.41004641166786,-82.95350065306873,Outer Drive-Hayes,Somerset Ave & Berkshire St,ALL
882ab2ce11fffff,0.0,7.0,New Hotspot,7.0,,17.5,ALL,Category Focus,Property Crime,4.0,4.0,2026-09-12,2026-09-25,2026-09-26,2026-10-09,42.369915571358995,-83.13889016310524,Oakman Blvd Community,Grand River Ave & Monica St,ALL
882ab2c623fffff,0.0,5.0,New Hotspot,5.0,,12.5,ALL,Category Focus,Property Crime,4.0,4.0,2026-09-12,2026-09-25,2026-09-26,2026-10-09,42.39999154734736,-82.96749365634277,Chandler Park,Drexel St & Southampton St,ALL
882ab2ce2bfffff,0.0,5.0,New Hotspot,5.0,,12.5,ALL,Category Focus,Property Crime,4.0,4.0,2026-09-12,2026-09-25,2026-09-26,2026-10-09,42.38462171859951,-83.1783985754827,Grand River-I96,Grand River Ave & Schaefer Hwy,ALL
882ab2cf31fffff,0.0,5.0,New Hotspot,5.0,,12.5,ALL,Category Focus,Property Crime,4.0,4.0,2026-09-12,2026-09-25,2026-09-26,2026-10-09,42.376326127376224,-83.2452352795237,Weatherby,Braile St & Capitol St,ALL
882ab2c0adfffff,0.0,4.0,New Hotspot,4.0,,10.0,ALL,Category Focus,Property Crime,4.0,4.0,2026-09-12,2026-09-25,2026-09-26,2026-10-09,42.43620640898726,-83.13995829846894,Sherwood Forest,Livernois Ave & W Outer Dr,ALL
882ab2c183fffff,0.0,4.0,New Hotspot,4.0,,10.0,ALL,Category Focus,Property Crime,4.0,4.0,2026-09-12,2026-09-25,2026-09-26,2026-10-09,42.43472556731352,-83.18116686735097,Schaefer 7/8 Lodge,Schaefer Hwy & Vassar Ave,ALL
882ab2c1a9fffff,0.0,4.0,New Hotspot,4.0,,10.0,ALL,Category Focus,Property Crime,4.0,4.0,2026-09-12,2026-09-25,2026-09-26,2026-10-09,42.44394671894463,-83.20228961176993,Schaefer 7/8 Lodge,Motor Dr & N M 10,ALL
882ab2c62dfffff,0.0,4.0,New Hotspot,4.0,,10.0,ALL,Category Focus,Property Crime,4.0,4.0,2026-09-12,2026-09-25,2026-09-26,2026-10-09,42.41393584829717,-82.97561800849334,Eden Gardens,Newport St & E Outer Dr,ALL
882ab2c741fffff,0.0,4.0,New Hotspot,4.0,,10.0,ALL,Category Focus,Property Crime,4.0,4.0,2026-09-12,2026-09-25,2026-09-26,2026-10-09,42.43895435560887,-83.01629628214067,Nortown,E Lantz St & E Outer Dr,ALL
882ab2ce4bfffff,0.0,4.0,New Hotspot,4.0,,10.0,ALL,Category Focus,Property Crime,4.0,4.0,2026-09-12,2026-09-25,2026-09-26,2026-10-09,42.406361213136485,-83.13518196793365,Pilgrim Village,Holmur St & Midland St,ALL
882ab2ced5fffff,0.0,4.0,New Hotspot,4.0,,10.0,ALL,Category Focus,Property Crime,4.0,4.0,2026-09-12,2026-09-25,2026-09-26,2026-10-09,42.34087553229851,-83.10824233494026,Chadsey Condon,W Hancock St & Scotten St,ALL
882ab2c503fffff,2.0,9.0,Emerging Hotspot,7.0,350.0,19.5,ALL,Category Focus,Property Crime,4.0,4.0,2026-09-12,2026-09-25,2026-09-26,2026-10-09,42.36903674016917,-83.07404078940577,New Center,W Grand Blvd & 2nd Ave,ALL
882ab2c585fffff,3.0,8.0,Emerging Hotspot,5.0,166.67,15.5,ALL,Category Focus,Property Crime,4.0,4.0,2026-09-12,2026-09-25,2026-09-26,2026-10-09,42.32508845288104,-83.05987325242009,Corktown,6th St & Riverfront Dr,ALL
882ab2cf33fffff,3.0,8.0,Emerging Hotspot,5.0,166.67,15.5,ALL,Category Focus,Property Crime,4.0,4.0,2026-09-12,2026-09-25,2026-09-26,2026-10-09,42.37187443810189,-83.2398707264144,Weatherby,Plymouth Rd & Heyden St,ALL
882ab2c667fffff,2.0,7.0,Emerging Hotspot,5.0,250.0,14.5,ALL,Category Focus,Property Crime,4.0,4.0,2026-09-12,2026-09-25,2026-09-26,2026-10-09,42.42078445598505,-82.96993216661689,Mapleridge,Hayes St & Houston Whittier Ave,ALL
882ab2c193fffff,2.0,6.0,Emerging Hotspot,4.0,200.0,12.0,ALL,Category Focus,Property Crime,4.0,4.0,2026-09-12,2026-09-25,2026-09-26,2026-10-09,42.41694374036624,-83.1603122492298,Schulze,W McNichols Rd & Wyoming St,ALL
882ab2c45bfffff,2.0,6.0,Emerging Hotspot,4.0,200.0,12.0,ALL,Category Focus,Property Crime,4.0,4.0,2026-09-12,2026-09-25,2026-09-26,2026-10-09,42.3692101168341,-82.95287158784465,Jefferson Chalmers,Dickerson St & Freud St,ALL
882ab2c469fffff,1.0,5.0,Emerging Hotspot,4.0,400.0,11.0,ALL,Category Focus,Property Crime,4.0,4.0,2026-09-12,2026-09-25,2026-09-26,2026-10-09,42.39128726203174,-83.00529616252933,Airport Sub,Harper Ave & Gratiot Ave,ALL
882ab2c63dfffff,1.0,5.0,Emerging Hotspot,4.0,400.0,11.0,ALL,Category Focus,Property Crime,4.0,4.0,2026-09-12,2026-09-25,2026-09-26,2026-10-09,42.39801206005198,-82.95507612877964,Morningside,Lakepointe St & E Warren Ave,ALL
882ab2c757fffff,1.0,5.0,Emerging Hotspot,4.0,400.0,11.0,ALL,Category Focus,Property Crime,4.0,4.0,2026-09-12,2026-09-25,2026-09-26,2026-10-09,42.41782984937532,-83.00000925775188,LaSalle College Park,Bradford St & College St,ALL
882ab2cc0dfffff,1.0,5.0,Emerging Hotspot,4.0,400.0,11.0,ALL,Category Focus,Property Crime,4.0,4.0,2026-09-12,2026-09-25,2026-09-26,2026-10-09,42.35430968927313,-83.20946749533086,Garden View,Grandmont Ave & Constance Ave,ALL
882ab2ce83fffff,1.0,5.0,Emerging Hotspot,4.0,400.0,11.0,ALL,Category Focus,Property Crime,4.0,4.0,2026-09-12,2026-09-25,2026-09-26,2026-10-09,42.32665745750594,-83.12380138886138,Claytown,Clayton St & Martin St,ALL
882ab2c601fffff,3.0,6.0,Emerging Hotspot,3.0,100.0,10.5,ALL,Category Focus,Property Crime,4.0,4.0,2026-09-12,2026-09-25,2026-09-26,2026-10-09,42.409379292707605,-82.94169345523207,Morningside,Audubon Rd & E Outer Dr,ALL
882ab2c761fffff,2.0,5.0,Emerging Hotspot,3.0,150.0,9.5,ALL,Category Focus,Property Crime,4.0,4.0,2026-09-12,2026-09-25,2026-09-26,2026-10-09,42.438372332382855,-83.04517450617394,Farwell,E Lantz St & Caldwell St,ALL
882ab2c767fffff,2.0,5.0,Emerging Hotspot,3.0,150.0,9.5,ALL,Category Focus,Property Crime,4.0,4.0,2026-09-12,2026-09-25,2026-09-26,2026-10-09,42.433312355933865,-83.05315768057397,Farwell,Keystone St & E 7 Mile Rd,ALL
882ab2cc69fffff,2.0,5.0,Emerging Hotspot,3.0,150.0,9.5,ALL,Category Focus,Property Crime,4.0,4.0,2026-09-12,2026-09-25,2026-09-26,2026-10-09,42.36594308048786,-83.21952452769447,Franklin Park,Weaver St & Rosemont Ave,ALL
882ab2ce65fffff,2.0,5.0,Emerging Hotspot,3.0,150.0,9.5,ALL,Category Focus,Property Crime,4.0,4.0,2026-09-12,2026-09-25,2026-09-26,2026-10-09,42.403742554973334,-83.18559534915846,Bethune Community,Fenkell St & Strathmoor St,ALL
882ab2cf29fffff,2.0,5.0,Emerging Hotspot,3.0,150.0,9.5,ALL,Category Focus,Property Crime,4.0,4.0,2026-09-12,2026-09-25,2026-09-26,2026-10-09,42.40210283064391,-83.25944755666258,Brightmoor,Midland St & Dolphin St,ALL
882ab2ca93fffff,1.0,4.0,Emerging Hotspot,3.0,300.0,8.5,ALL,Category Focus,Property Crime,4.0,4.0,2026-09-12,2026-09-25,2026-09-26,2026-10-09,42.42945066108597,-83.24075689108246,Evergreen Lahser 7/8,Pickford St & Vaughan St,ALL
882ab2ce97fffff,1.0,4.0,Emerging Hotspot,3.0,300.0,8.5,ALL,Category Focus,Property Crime,4.0,4.0,2026-09-12,2026-09-25,2026-09-26,2026-10-09,42.311351565951895,-83.11540488522492,Central Southwest,Bostwick St & Beard St,ALL
882ab2cf27fffff,1.0,4.0,Emerging Hotspot,3.0,300.0,8.5,ALL,Category Focus,Property Crime,4.0,4.0,2026-09-12,2026-09-25,2026-09-26,2026-10-09,42.38806648038019,-83.27339320260184,Eliza Howell,Riverview St & Dale St,ALL
882ab2c5edfffff,3.0,5.0,Emerging Hotspot,2.0,66.67,8.0,ALL,Category Focus,Property Crime,4.0,4.0,2026-09-12,2026-09-25,2026-09-26,2026-10-09,42.347982600759806,-83.07145522346003,Jeffries,4th St & Selden St,ALL
882ab2c197fffff,2.0,4.0,Emerging Hotspot,2.0,100.0,7.0,ALL,Category Focus,Property Crime,4.0,4.0,2026-09-12,2026-09-25,2026-09-26,2026-10-09,42.41847522228207,-83.17078007258193,Schulze,Littlefield St & Santa Maria St,ALL
882ab2c1b7fffff,2.0,4.0,Emerging Hotspot,2.0,100.0,7.0,ALL,Category Focus,Property Crime,4.0,4.0,2026-09-12,2026-09-25,2026-09-26,2026-10-09,42.41496236754158,-83.20143224234334,Crary/St Marys,Greenfield Rd & Verne St,ALL
882ab2c515fffff,2.0,4.0,Emerging Hotspot,2.0,100.0,7.0,ALL,Category Focus,Property Crime,4.0,4.0,2026-09-12,2026-09-25,2026-09-26,2026-10-09,42.36272126960901,-83.06930390431819,Cultural Center,Harper Ave & Woodward Ave,ALL
882ab2c647fffff,2.0,4.0,Emerging Hotspot,2.0,100.0,7.0,ALL,Category Focus,Property Crime,4.0,4.0,2026-09-12,2026-09-25,2026-09-26,2026-10-09,42.42295850729912,-82.93786599197253,Moross-Morang,Duprey St & Casino St,ALL
882ab2ce31fffff,2.0,4.0,Emerging Hotspot,2.0,100.0,7.0,ALL,Category Focus,Property Crime,4.0,4.0,2026-09-12,2026-09-25,2026-09-26,2026-10-09,42.36599567339108,-83.16733320530321,Barton-McFarland,W Chicago St & Appoline,ALL
882ab2ce37fffff,2.0,4.0,Emerging Hotspot,2.0,100.0,7.0,ALL,Category Focus,Property Crime,4.0,4.0,2026-09-12,2026-09-25,2026-09-26,2026-10-09,42.36222075459352,-83.17637886733415,We Care Community,Schaefer Hwy & Joy Rd,ALL
882ab2cebbfffff,2.0,4.0,Emerging Hotspot,2.0,100.0,7.0,ALL,Category Focus,Property Crime,4.0,4.0,2026-09-12,2026-09-25,2026-09-26,2026-10-09,42.31264358814919,-83.12565401557374,Springwells,Pitt St & Central St,ALL
882ab2c187fffff,3.0,4.0,Emerging Hotspot,1.0,33.33,5.5,ALL,Category Focus,Property Crime,4.0,4.0,2026-09-12,2026-09-25,2026-09-26,2026-10-09,42.43590410066288,-83.19164825228461,Schaefer 7/8 Lodge,Marlowe St & Chippewa St,ALL
882ab2c52bfffff,3.0,4.0,Emerging Hotspot,1.0,33.33,5.5,ALL,Category Focus,Property Crime,4.0,4.0,2026-09-12,2026-09-25,2026-09-26,2026-10-09,42.372964804255616,-83.09492280340922,Virginia Park Community,Woodrow Wilson St & Gladstone St,ALL
882ab2c5a5fffff,3.0,4.0,Emerging Hotspot,1.0,33.33,5.5,ALL,Category Focus,Property Crime,4.0,4.0,2026-09-12,2026-09-25,2026-09-26,2026-10-09,42.3214211401294,-83.0882934819393,Mexicantown,25th St & Porter St,ALL
882ab2ce4dfffff,3.0,4.0,Emerging Hotspot,1.0,33.33,5.5,ALL,Category Focus,Property Crime,4.0,4.0,2026-09-12,2026-09-25,2026-09-26,2026-10-09,42.41395625843927,-83.15106444803112,Fitzgerald/Marygrove,Greenlawn St & Marygrove Dr,ALL
882ab2cee1fffff,3.0,4.0,Emerging Hotspot,1.0,33.33,5.5,ALL,Category Focus,Property Crime,4.0,4.0,2026-09-12,2026-09-25,2026-09-26,2026-10-09,42.35197762587146,-83.14509504538786,Midwest,Tireman St & Bryden St,ALL
882ab2c517fffff,5.0,14.0,Persistent Hotspot,9.0,180.0,32.4,ALL,Category Focus,Property Crime,4.0,4.0,2026-09-12,2026-09-25,2026-09-26,2026-10-09,42.35337034789475,-83.06261310000085,Midtown,W Alexandrine St & Woodward Ave,ALL
882ab2c5c7fffff,13.0,17.0,Persistent Hotspot,4.0,30.77,28.95,ALL,Category Focus,Property Crime,4.0,4.0,2026-09-12,2026-09-25,2026-09-26,2026-10-09,42.33490709967879,-83.04418085859385,Downtown,Beaubien St & E Lafayette St,ALL
882ab2c507fffff,11.0,13.0,Persistent Hotspot,2.0,18.18,20.55,ALL,Category Focus,Property Crime,4.0,4.0,2026-09-12,2026-09-25,2026-09-26,2026-10-09,42.37084340450591,-83.08143978295578,New Center Commons,Pallister St & 3rd St,ALL
882ab2c0a7fffff,6.0,9.0,Persistent Hotspot,3.0,50.0,16.65,ALL,Category Focus,Property Crime,4.0,4.0,2026-09-12,2026-09-25,2026-09-26,2026-10-09,42.42350417082767,-83.14171066089659,Bagley,Pickford St & Livernois Ave,ALL
882ab2c5ebfffff,6.0,9.0,Persistent Hotspot,3.0,50.0,16.65,ALL,Category Focus,Property Crime,4.0,4.0,2026-09-12,2026-09-25,2026-09-26,2026-10-09,42.33757686428401,-83.05134286793893,Downtown,Woodward Ave & E Adams Ave,ALL
882ab2c513fffff,4.0,7.0,Persistent Hotspot,3.0,75.0,13.95,ALL,Category Focus,Property Crime,4.0,4.0,2026-09-12,2026-09-25,2026-09-26,2026-10-09,42.35146420062658,-83.05236999150057,Medical Center,Beaubien St & Mack Ave,ALL
882ab2c535fffff,6.0,8.0,Persistent Hotspot,2.0,33.33,13.8,ALL,Category Focus,Property Crime,4.0,4.0,2026-09-12,2026-09-25,2026-09-26,2026-10-09,42.35935257064365,-83.09994573062788,NW Goldberg,W Grand Blvd & Lawton St,ALL
882ab2c5c3fffff,12.0,10.0,Persistent Hotspot,-2.0,-16.67,13.5,ALL,Category Focus,Property Crime,4.0,4.0,2026-09-12,2026-09-25,2026-09-26,2026-10-09,42.33594134550091,-83.03077624997024,Lafayette Park,Saint Aubin St & E Larned St,ALL
882ab2c1bdfffff,5.0,7.0,Persistent Hotspot,2.0,40.0,12.45,ALL,Category Focus,Property Crime,4.0,4.0,2026-09-12,2026-09-25,2026-09-26,2026-10-09,42.430418368393845,-83.19990339634495,College Park,Clarita St & Rutherford St,ALL
882ab2ce45fffff,5.0,7.0,Persistent Hotspot,2.0,40.0,12.45,ALL,Category Focus,Property Crime,4.0,4.0,2026-09-12,2026-09-25,2026-09-26,2026-10-09,42.40793354641639,-83.15555332114316,Fitzgerald/Marygrove,Pilgrim St & Cloverlawn St,ALL
882ab2c5e9fffff,27.0,9.0,Persistent Hotspot,-18.0,-66.67,12.15,ALL,Category Focus,Property Crime,4.0,4.0,2026-09-12,2026-09-25,2026-09-26,2026-10-09,42.346487742123,-83.0572617645819,Midtown,Eliot St & Woodward Ave,ALL
882ab2c0dbfffff,4.0,6.0,Persistent Hotspot,2.0,50.0,11.1,ALL,Category Focus,Property Crime,4.0,4.0,2026-09-12,2026-09-25,2026-09-26,2026-10-09,42.43573315701592,-83.05992032298255,Farwell,Emery St & Shields St,ALL
882ab2c463fffff,4.0,6.0,Persistent Hotspot,2.0,50.0,11.1,ALL,Category Focus,Property Crime,4.0,4.0,2026-09-12,2026-09-25,2026-09-26,2026-10-09,42.37753126162601,-83.01373223034801,Gratiot-Grand,Van Dyke St & Farnsworth St,ALL
882ab2c663fffff,4.0,6.0,Persistent Hotspot,2.0,50.0,11.1,ALL,Category Focus,Property Crime,4.0,4.0,2026-09-12,2026-09-25,2026-09-26,2026-10-09,42.41950621604016,-82.95701596483369,Denby,Grayton St & Lansdowne St,ALL
882ab2c769fffff,4.0,6.0,Persistent Hotspot,2.0,50.0,11.1,ALL,Category Focus,Property Crime,4.0,4.0,2026-09-12,2026-09-25,2026-09-26,2026-10-09,42.443522374096375,-83.03069755865215,Sherwood,Carrie St & E Outer Dr,ALL
882ab2cf0dfffff,4.0,6.0,Persistent Hotspot,2.0,50.0,11.1,ALL,Category Focus,Property Crime,4.0,4.0,2026-09-12,2026-09-25,2026-09-26,2026-10-09,42.406027444412715,-83.24063170700437,Brightmoor,Braile St & Pilgrim St,ALL
882ab2c58dfffff,14.0,8.0,Persistent Hotspot,-6.0,-42.86,10.8,ALL,Category Focus,Property Crime,4.0,4.0,2026-09-12,2026-09-25,2026-09-26,2026-10-09,42.33168460389816,-83.049713162411,Downtown,Michigan Ave & Cass Ave,ALL
882ab2c5e3fffff,11.0,8.0,Persistent Hotspot,-3.0,-27.27,10.8,ALL,Category Focus,Property Crime,4.0,4.0,2026-09-12,2026-09-25,2026-09-26,2026-10-09,42.33230278409165,-83.057812497388,Downtown,Bagley St & 3rd St,ALL
882ab2c53dfffff,7.0,7.0,Persistent Hotspot,0.0,0.0,9.45,ALL,Category Focus,Property Crime,4.0,4.0,2026-09-12,2026-09-25,2026-09-26,2026-10-09,42.36424367823366,-83.09141169621473,Virginia Park Community,W Grand Blvd & 14th St,ALL
882ab2ce05fffff,4.0,5.0,Persistent Hotspot,1.0,25.0,8.25,ALL,Category Focus,Property Crime,4.0,4.0,2026-09-12,2026-09-25,2026-09-26,2026-10-09,42.388272464514095,-83.16765276480753,Northwest Community,Schoolcraft St & Manor,ALL
882ab2ce25fffff,4.0,5.0,Persistent Hotspot,1.0,25.0,8.25,ALL,Category Focus,Property Crime,4.0,4.0,2026-09-12,2026-09-25,2026-09-26,2026-10-09,42.38724042371455,-83.19823814265771,Schoolcraft Southfield,Greenfield Rd & Kendall St,ALL
882ab2ce67fffff,6.0,6.0,Persistent Hotspot,0.0,0.0,8.1,ALL,Category Focus,Property Crime,4.0,4.0,2026-09-12,2026-09-25,2026-09-26,2026-10-09,42.3998098481388,-83.18206593144619,Bethune Community,Chalfonte St & Ardmore St,ALL
882ab2cf61fffff,8.0,6.0,Persistent Hotspot,-2.0,-25.0,8.1,ALL,Category Focus,Property Crime,4.0,4.0,2026-09-12,2026-09-25,2026-09-26,2026-10-09,42.41473691674537,-83.25444471974748,Holcomb Community,Grand River Ave & W McNichols Rd,ALL
882ab2c53bfffff,7.0,5.0,Persistent Hotspot,-2.0,-28.57,6.75,ALL,Category Focus,Property Crime,4.0,4.0,2026-09-12,2026-09-25,2026-09-26,2026-10-09,42.35469095282926,-83.07329800564055,Wayne State,Anthony Wayne Dr & 3rd St,ALL
882ab2c743fffff,9.0,5.0,Persistent Hotspot,-4.0,-44.44,6.75,ALL,Category Focus,Property Crime,4.0,4.0,2026-09-12,2026-09-25,2026-09-26,2026-10-09,42.43428372316813,-83.00810830306966,Mount Olivet,E 7 Mile Rd & Teppert St,ALL
882ab2cf51fffff,5.0,5.0,Persistent Hotspot,0.0,0.0,6.75,ALL,Category Focus,Property Crime,4.0,4.0,2026-09-12,2026-09-25,2026-09-26,2026-10-09,42.40224479386136,-83.20749184758557,Crary/St Marys,Fenkell St & Biltmore St,ALL
882ab2c099fffff,6.0,4.0,Persistent Hotspot,-2.0,-33.33,5.4,ALL,Category Focus,Property Crime,4.0,4.0,2026-09-12,2026-09-25,2026-09-26,2026-10-09,42.41862768769621,-83.076145729503,Cadillac Heights,Maine St & Jerome St,ALL
882ab2c443fffff,4.0,4.0,Persistent Hotspot,0.0,0.0,5.4,ALL,Category Focus,Property Crime,4.0,4.0,2026-09-12,2026-09-25,2026-09-26,2026-10-09,42.37814570154656,-82.97995106386533,West End,Beniteau St & E Canfield St,ALL
882ab2c52dfffff,4.0,4.0,Persistent Hotspot,0.0,0.0,5.4,ALL,Category Focus,Property Crime,4.0,4.0,2026-09-12,2026-09-25,2026-09-26,2026-10-09,42.38290213355274,-83.10845890458248,Dexter-Linwood,Webb St & 14th St,ALL
882ab2c5c1fffff,5.0,4.0,Persistent Hotspot,-1.0,-20.0,5.4,ALL,Category Focus,Property Crime,4.0,4.0,2026-09-12,2026-09-25,2026-09-26,2026-10-09,42.34236661283663,-83.03793216076772,Lafayette Park,Russell St & Maple St,ALL
882ab2c5e1fffff,6.0,4.0,Persistent Hotspot,-2.0,-33.33,5.4,ALL,Category Focus,Property Crime,4.0,4.0,2026-09-12,2026-09-25,2026-09-26,2026-10-09,42.339492194891264,-83.0664991055863,Midtown,Grand River Ave & S M 10,ALL
882ab2c70dfffff,5.0,4.0,Persistent Hotspot,-1.0,-20.0,5.4,ALL,Category Focus,Property Crime,4.0,4.0,2026-09-12,2026-09-25,2026-09-26,2026-10-09,42.43152008068575,-83.02834370005655,Grant,E Brentwood St & Packard St,ALL
882ab2cc65fffff,4.0,4.0,Persistent Hotspot,0.0,0.0,5.4,ALL,Category Focus,Property Crime,4.0,4.0,2026-09-12,2026-09-25,2026-09-26,2026-10-09,42.36290915087244,-83.23725215408572,Franklin Park,Westfield St & Vaughan St,ALL
882ab2ce2dfffff,4.0,4.0,Persistent Hotspot,0.0,0.0,5.4,ALL,Category Focus,Property Crime,4.0,4.0,2026-09-12,2026-09-25,2026-09-26,2026-10-09,42.39146711959255,-83.19100106122482,Hubbell-Lyndon,Grand River Ave & Whitcomb St,ALL
882ab2ce51fffff,8.0,4.0,Persistent Hotspot,-4.0,-50.0,5.4,ALL,Category Focus,Property Crime,4.0,4.0,2026-09-12,2026-09-25,2026-09-26,2026-10-09,42.39017503074664,-83.1248397452936,Dexter-Linwood,Dexter Ave & Waverly,ALL
882ab2ce53fffff,4.0,4.0,Persistent Hotspot,0.0,0.0,5.4,ALL,Category Focus,Property Crime,4.0,4.0,2026-09-12,2026-09-25,2026-09-26,2026-10-09,42.38448548246358,-83.12032771879515,Dexter-Linwood,Elmhurst St & Linwood St,ALL
882ab2d5b7fffff,7.0,4.0,Persistent Hotspot,-3.0,-42.86,5.4,ALL,Category Focus,Property Crime,4.0,4.0,2026-09-12,2026-09-25,2026-09-26,2026-10-09,42.43663946605306,-82.9876131870752,Pulaski,E 7 Mile Rd & Schoenherr St,ALL
882ab2c1bbfffff,4.0,3.0,Declining Hotspot,-1.0,-25.0,3.0,ALL,Category Focus,Property Crime,4.0,4.0,2026-09-12,2026-09-25,2026-09-26,2026-10-09,42.42009320526152,-83.18315847826315,Winship,Lesure St & W Outer Dr,ALL
882ab2c525fffff,8.0,3.0,Declining Hotspot,-5.0,-62.5,3.0,ALL,Category Focus,Property Crime,4.0,4.0,2026-09-12,2026-09-25,2026-09-26,2026-10-09,42.37717398458987,-83.11741283783968,Dexter-Linwood,Calvert St & Lawton St,ALL
882ab2c5cbfffff,8.0,3.0,Declining Hotspot,-5.0,-62.5,3.0,ALL,Category Focus,Property Crime,4.0,4.0,2026-09-12,2026-09-25,2026-09-26,2026-10-09,42.34101769155248,-83.02326650909899,Elmwood Park,E Jefferson Ave & Chene St,ALL
882ab2c60dfffff,5.0,3.0,Declining Hotspot,-2.0,-40.0,3.0,ALL,Category Focus,Property Crime,4.0,4.0,2026-09-12,2026-09-25,2026-09-26,2026-10-09,42.41947717055631,-82.9476365500096,Yorkshire Woods,Nottingham Rd & Grayton St,ALL
882ab2c66bfffff,6.0,3.0,Declining Hotspot,-3.0,-50.0,3.0,ALL,Category Focus,Property Crime,4.0,4.0,2026-09-12,2026-09-25,2026-09-26,2026-10-09,42.42632688143854,-82.95097948082058,Moross-Morang,Morang Dr & Lansdowne St,ALL
882ab2cc2bfffff,5.0,3.0,Declining Hotspot,-2.0,-40.0,3.0,ALL,Category Focus,Property Crime,4.0,4.0,2026-09-12,2026-09-25,2026-09-26,2026-10-09,42.339552038252194,-83.22796776109868,Warrendale,Minock St & Whitlock St,ALL
882ab2cd49fffff,4.0,3.0,Declining Hotspot,-1.0,-25.0,3.0,ALL,Category Focus,Property Crime,4.0,4.0,2026-09-12,2026-09-25,2026-09-26,2026-10-09,42.38108595459882,-83.27214124344795,Castle Rouge,Virgil St & W Davison St,ALL
882ab2cec5fffff,4.0,3.0,Declining Hotspot,-1.0,-25.0,3.0,ALL,Category Focus,Property Crime,4.0,4.0,2026-09-12,2026-09-25,2026-09-26,2026-10-09,42.35489806827917,-83.12699257918058,Midwest,Pacific St & Ironwood St,ALL
882ab2d597fffff,6.0,3.0,Declining Hotspot,-3.0,-50.0,3.0,ALL,Category Focus,Property Crime,4.0,4.0,2026-09-12,2026-09-25,2026-09-26,2026-10-09,42.4405233668612,-82.95838258019134,Regent Park,Lappin St & Rex St,ALL
882ab2c0a1fffff,6.0,2.0,Declining Hotspot,-4.0,-66.67,2.0,ALL,Category Focus,Property Crime,4.0,4.0,2026-09-12,2026-09-25,2026-09-26,2026-10-09,42.42809307521633,-83.13457853020685,University District,Muirland St & Margareta St,ALL
882ab2c185fffff,4.0,2.0,Declining Hotspot,-2.0,-50.0,2.0,ALL,Category Focus,Property Crime,4.0,4.0,2026-09-12,2026-09-25,2026-09-26,2026-10-09,42.44108118443646,-83.19789409784744,Schaefer 7/8 Lodge,James Couzens Fwy & Audrey St,ALL
882ab2c195fffff,5.0,2.0,Declining Hotspot,-3.0,-60.0,2.0,ALL,Category Focus,Property Crime,4.0,4.0,2026-09-12,2026-09-25,2026-09-26,2026-10-09,42.4256998384148,-83.1778761902255,Schulze,Curtis St & Steel St,ALL
882ab2c1a1fffff,4.0,2.0,Declining Hotspot,-2.0,-50.0,2.0,ALL,Category Focus,Property Crime,4.0,4.0,2026-09-12,2026-09-25,2026-09-26,2026-10-09,42.43911669110264,-83.21559502850629,Greenfield,Trojan St & Archdale St,ALL
882ab2c1a7fffff,8.0,2.0,Declining Hotspot,-6.0,-75.0,2.0,ALL,Category Focus,Property Crime,4.0,4.0,2026-09-12,2026-09-25,2026-09-26,2026-10-09,42.431854512084,-83.22173613319157,O'Hair Park,Cambridge Ave & Fenmore St,ALL
882ab2c1abfffff,7.0,2.0,Declining Hotspot,-5.0,-71.43,2.0,ALL,Category Focus,Property Crime,4.0,4.0,2026-09-12,2026-09-25,2026-09-26,2026-10-09,42.43747239907838,-83.20569572957656,Greenfield,Mansfield St & Vassar Ave,ALL
882ab2c2b3fffff,4.0,2.0,Declining Hotspot,-2.0,-50.0,2.0,ALL,Category Focus,Property Crime,4.0,4.0,2026-09-12,2026-09-25,2026-09-26,2026-10-09,42.44727034331925,-83.06386416944315,Farwell,Ryan Rd & E 8 Mile Rd,ALL
882ab2c437fffff,7.0,2.0,Declining Hotspot,-5.0,-71.43,2.0,ALL,Category Focus,Property Crime,4.0,4.0,2026-09-12,2026-09-25,2026-09-26,2026-10-09,42.34173030969738,-83.01454882139126,Rivertown,E Jefferson Ave & Adair St,ALL
882ab2c439fffff,11.0,2.0,Declining Hotspot,-9.0,-81.82,2.0,ALL,Category Focus,Property Crime,4.0,4.0,2026-09-12,2026-09-25,2026-09-26,2026-10-09,42.351399305462806,-82.99731213591747,West Village,Townsend St & E Congress St,ALL
882ab2c539fffff,5.0,2.0,Declining Hotspot,-3.0,-60.0,2.0,ALL,Category Focus,Property Crime,4.0,4.0,2026-09-12,2026-09-25,2026-09-26,2026-10-09,42.363005883663945,-83.08338612006317,Elijah McCoy,Holden St & Lincoln St,ALL
882ab2c589fffff,5.0,2.0,Declining Hotspot,-3.0,-60.0,2.0,ALL,Category Focus,Property Crime,4.0,4.0,2026-09-12,2026-09-25,2026-09-26,2026-10-09,42.33028114175536,-83.042008934516,Downtown,Brush St & Renaissance Ctr,ALL
882ab2c5c5fffff,12.0,2.0,Declining Hotspot,-10.0,-83.33,2.0,ALL,Category Focus,Property Crime,4.0,4.0,2026-09-12,2026-09-25,2026-09-26,2026-10-09,42.34465156289215,-83.05255549101884,Brush Park,Edmund Pl & John R St,ALL
882ab2c5c9fffff,6.0,2.0,Declining Hotspot,-4.0,-66.67,2.0,ALL,Category Focus,Property Crime,4.0,4.0,2026-09-12,2026-09-25,2026-09-26,2026-10-09,42.3482826472385,-83.02647867706486,Elmwood Park,E Vernor Hwy & Chene St,ALL
882ab2c603fffff,4.0,2.0,Declining Hotspot,-2.0,-50.0,2.0,ALL,Category Focus,Property Crime,4.0,4.0,2026-09-12,2026-09-25,2026-09-26,2026-10-09,42.40333867732697,-82.9409495393533,Morningside,Bedford St & E Warren Ave,ALL
882ab2c615fffff,7.0,2.0,Declining Hotspot,-5.0,-71.43,2.0,ALL,Category Focus,Property Crime,4.0,4.0,2026-09-12,2026-09-25,2026-09-26,2026-10-09,42.39453305114127,-82.9366483665544,Morningside,Devonshire Rd & Waveney St,ALL
882ab2c61dfffff,7.0,2.0,Declining Hotspot,-5.0,-71.43,2.0,ALL,Category Focus,Property Crime,4.0,4.0,2026-09-12,2026-09-25,2026-09-26,2026-10-09,42.40265468713058,-82.92665315281201,Cornerstone Village,Munich St & Cadieux Rd,ALL
882ab2c62bfffff,5.0,2.0,Declining Hotspot,-3.0,-60.0,2.0,ALL,Category Focus,Property Crime,4.0,4.0,2026-09-12,2026-09-25,2026-09-26,2026-10-09,42.40618566147862,-82.96174397111852,Outer Drive-Hayes,Evanston St & Wayburn St,ALL
882ab2c657fffff,4.0,2.0,Declining Hotspot,-2.0,-50.0,2.0,ALL,Category Focus,Property Crime,4.0,4.0,2026-09-12,2026-09-25,2026-09-26,2026-10-09,42.40833090507417,-82.92037765440844,Cornerstone Village,E Warren Ave & Lodewyck St,ALL
882ab2c669fffff,5.0,2.0,Declining Hotspot,-3.0,-60.0,2.0,ALL,Category Focus,Property Crime,4.0,4.0,2026-09-12,2026-09-25,2026-09-26,2026-10-09,42.43317799763128,-82.95574143267714,Mapleridge,Faircrest St & Morang Dr,ALL
882ab2c727fffff,4.0,2.0,Declining Hotspot,-2.0,-50.0,2.0,ALL,Category Focus,Property Crime,4.0,4.0,2026-09-12,2026-09-25,2026-09-26,2026-10-09,42.4148415449208,-83.0614762772905,Campau/Banglatown,E Davison St & Conant St,ALL
882ab2c72dfffff,5.0,2.0,Declining Hotspot,-3.0,-60.0,2.0,ALL,Category Focus,Property Crime,4.0,4.0,2026-09-12,2026-09-25,2026-09-26,2026-10-09,42.42611995184964,-83.05848511975876,Krainz Woods,Conley St & E Nevada St,ALL
882ab2c747fffff,4.0,2.0,Declining Hotspot,-2.0,-50.0,2.0,ALL,Category Focus,Property Crime,4.0,4.0,2026-09-12,2026-09-25,2026-09-26,2026-10-09,42.434173519988605,-83.02104772755249,Nortown,Van Dyke St & E 7 Mile Rd,ALL
882ab2cc29fffff,6.0,2.0,Declining Hotspot,-4.0,-66.67,2.0,ALL,Category Focus,Property Crime,4.0,4.0,2026-09-12,2026-09-25,2026-09-26,2026-10-09,42.34683189148664,-83.2306575961285,Warrendale,W Warren Ave & Grandville Ave,ALL
882ab2cc43fffff,5.0,2.0,Declining Hotspot,-3.0,-60.0,2.0,ALL,Category Focus,Property Crime,4.0,4.0,2026-09-12,2026-09-25,2026-09-26,2026-10-09,42.35584005865894,-83.1935237234267,Fiskhorn,Prest St & Joy Rd,ALL
882ab2cc49fffff,4.0,2.0,Declining Hotspot,-2.0,-50.0,2.0,ALL,Category Focus,Property Crime,4.0,4.0,2026-09-12,2026-09-25,2026-09-26,2026-10-09,42.37033498658255,-83.18975000316506,Plymouth-Hubbell,Orangelawn St & Strathmoor St,ALL
882ab2cc61fffff,6.0,2.0,Declining Hotspot,-4.0,-66.67,2.0,ALL,Category Focus,Property Crime,4.0,4.0,2026-09-12,2026-09-25,2026-09-26,2026-10-09,42.35771412908955,-83.22863982813003,Franklin Park,Piedmont St & Joy Rd,ALL
882ab2cc67fffff,4.0,2.0,Declining Hotspot,-2.0,-50.0,2.0,ALL,Category Focus,Property Crime,4.0,4.0,2026-09-12,2026-09-25,2026-09-26,2026-10-09,42.35569337617472,-83.23472815796163,Warrendale,Joy Rd & Plainview Ave,ALL
882ab2ce03fffff,4.0,2.0,Declining Hotspot,-2.0,-50.0,2.0,ALL,Category Focus,Property Crime,4.0,4.0,2026-09-12,2026-09-25,2026-09-26,2026-10-09,42.37907995267717,-83.15372965648284,Littlefield Community,Indiana St & Cortland St,ALL
882ab2ce13fffff,5.0,2.0,Declining Hotspot,-3.0,-60.0,2.0,ALL,Category Focus,Property Crime,4.0,4.0,2026-09-12,2026-09-25,2026-09-26,2026-10-09,42.364665377829006,-83.1308107841412,Midwest,Grand River Ave & Riviera,ALL
882ab2ce1dfffff,5.0,2.0,Declining Hotspot,-3.0,-60.0,2.0,ALL,Category Focus,Property Crime,4.0,4.0,2026-09-12,2026-09-25,2026-09-26,2026-10-09,42.37615505542366,-83.14161011206531,Oakman Blvd Community,Monica St & Tuxedo St,ALL
882ab2ce3bfffff,6.0,2.0,Declining Hotspot,-4.0,-66.67,2.0,ALL,Category Focus,Property Crime,4.0,4.0,2026-09-12,2026-09-25,2026-09-26,2026-10-09,42.36680439629613,-83.1559637469319,Barton-McFarland,Orangelawn St & Wyoming St,ALL
882ab2ce57fffff,4.0,2.0,Declining Hotspot,-2.0,-50.0,2.0,ALL,Category Focus,Property Crime,4.0,4.0,2026-09-12,2026-09-25,2026-09-26,2026-10-09,42.38590185434009,-83.13240715675242,Russell Woods,Sturtevant St & Dexter Ave,ALL
882ab2ce61fffff,8.0,2.0,Declining Hotspot,-6.0,-75.0,2.0,ALL,Category Focus,Property Crime,4.0,4.0,2026-09-12,2026-09-25,2026-09-26,2026-10-09,42.4040301368467,-83.17812533676428,Bethune Community,Schaefer Hwy & Keeler Ave,ALL
882ab2cf53fffff,6.0,2.0,Declining Hotspot,-4.0,-66.67,2.0,ALL,Category Focus,Property Crime,4.0,4.0,2026-09-12,2026-09-25,2026-09-26,2026-10-09,42.393284994986786,-83.20146225867704,Greenfield-Grand River,Greenfield Rd & Eaton St,ALL
882ab2cf59fffff,5.0,2.0,Declining Hotspot,-3.0,-60.0,2.0,ALL,Category Focus,Property Crime,4.0,4.0,2026-09-12,2026-09-25,2026-09-26,2026-10-09,42.40697574924883,-83.1988729298504,Belmont,Prest St & Pilgrim St,ALL
882ab2c087fffff,5.0,1.0,Declining Hotspot,-4.0,-80.0,1.0,ALL,Category Focus,Property Crime,4.0,4.0,2026-09-12,2026-09-25,2026-09-26,2026-10-09,42.42671940330759,-83.11082201136425,Grixdale Farms,Charleston St & W Nevada St,ALL
882ab2c1b3fffff,5.0,1.0,Declining Hotspot,-4.0,-80.0,1.0,ALL,Category Focus,Property Crime,4.0,4.0,2026-09-12,2026-09-25,2026-09-26,2026-10-09,42.41430502137904,-83.1918149776172,Hubbell-Puritan,Hubbell St & W McNichols Rd,ALL
882ab2c407fffff,6.0,1.0,Declining Hotspot,-5.0,-83.33,1.0,ALL,Category Focus,Property Crime,4.0,4.0,2026-09-12,2026-09-25,2026-09-26,2026-10-09,42.359099413201655,-83.00041457240548,Islandview,Durand St & Van Dyke St,ALL
882ab2c50dfffff,7.0,1.0,Declining Hotspot,-6.0,-85.71,1.0,ALL,Category Focus,Property Crime,4.0,4.0,2026-09-12,2026-09-25,2026-09-26,2026-10-09,42.38353205245559,-83.08196686330217,North End,Leicester Ct & Woodward Ave,ALL
882ab2c5a1fffff,4.0,1.0,Declining Hotspot,-3.0,-75.0,1.0,ALL,Category Focus,Property Crime,4.0,4.0,2026-09-12,2026-09-25,2026-09-26,2026-10-09,42.32138786461334,-83.0757067567105,Hubbard Richard,18th St & Howard St,ALL
882ab2c66dfffff,6.0,1.0,Declining Hotspot,-5.0,-83.33,1.0,ALL,Category Focus,Property Crime,4.0,4.0,2026-09-12,2026-09-25,2026-09-26,2026-10-09,42.43471318654235,-82.96546041055458,Mapleridge,Hayes St & E 7 Mile Rd,ALL
882ab2c759fffff,4.0,1.0,Declining Hotspot,-3.0,-75.0,1.0,ALL,Category Focus,Property Crime,4.0,4.0,2026-09-12,2026-09-25,2026-09-26,2026-10-09,42.431194724608666,-82.98576973523089,Franklin,Eastwood St & Schoenherr St,ALL
882ab2c76bfffff,4.0,1.0,Declining Hotspot,-3.0,-75.0,1.0,ALL,Category Focus,Property Crime,4.0,4.0,2026-09-12,2026-09-25,2026-09-26,2026-10-09,42.43802235086805,-83.02963704566491,Nortown,E Lantz St & Packard St,ALL
882ab2cab1fffff,4.0,1.0,Declining Hotspot,-3.0,-75.0,1.0,ALL,Category Focus,Property Crime,4.0,4.0,2026-09-12,2026-09-25,2026-09-26,2026-10-09,42.42907097577434,-83.2755293560464,Seven Mile-Rouge,Shiawassee Dr & W 7 Mile Rd,ALL
882ab2cc01fffff,6.0,1.0,Declining Hotspot,-5.0,-83.33,1.0,ALL,Category Focus,Property Crime,4.0,4.0,2026-09-12,2026-09-25,2026-09-26,2026-10-09,42.34581838636176,-83.20932670190365,Warren Ave Community,Rutland St & Majestic St,ALL
882ab2cc09fffff,6.0,1.0,Declining Hotspot,-5.0,-83.33,1.0,ALL,Category Focus,Property Crime,4.0,4.0,2026-09-12,2026-09-25,2026-09-26,2026-10-09,42.34835019966707,-83.20334472477757,Warren Ave Community,Diversey & Asbury Park,ALL
882ab2cc6dfffff,5.0,1.0,Declining Hotspot,-4.0,-80.0,1.0,ALL,Category Focus,Property Crime,4.0,4.0,2026-09-12,2026-09-25,2026-09-26,2026-10-09,42.368420809146585,-83.23381219208831,Franklin Park,Orangelawn St & Evergreen Rd,ALL
882ab2ce0bfffff,4.0,1.0,Declining Hotspot,-3.0,-75.0,1.0,ALL,Category Focus,Property Crime,4.0,4.0,2026-09-12,2026-09-25,2026-09-26,2026-10-09,42.38665045821915,-83.14301923199338,Oakman Blvd Community,Ewald Cir & W Davison St,ALL
882ab2ce19fffff,4.0,1.0,Declining Hotspot,-3.0,-75.0,1.0,ALL,Category Focus,Property Crime,4.0,4.0,2026-09-12,2026-09-25,2026-09-26,2026-10-09,42.37875773059946,-83.12758847294239,Nardin Park,Humphrey St & Petoskey Ave,ALL
882ab2ce41fffff,6.0,1.0,Declining Hotspot,-5.0,-83.33,1.0,ALL,Category Focus,Property Crime,4.0,4.0,2026-09-12,2026-09-25,2026-09-26,2026-10-09,42.40752967248862,-83.14475115683516,Fitzgerald/Marygrove,Midland St & Tuller St,ALL
882ab2ce6dfffff,5.0,1.0,Declining Hotspot,-4.0,-80.0,1.0,ALL,Category Focus,Property Crime,4.0,4.0,2026-09-12,2026-09-25,2026-09-26,2026-10-09,42.41180763056686,-83.1797983731317,Harmony Village,Florence St & Schaefer Hwy,ALL
882ab2cee9fffff,6.0,1.0,Declining Hotspot,-5.0,-83.33,1.0,ALL,Category Focus,Property Crime,4.0,4.0,2026-09-12,2026-09-25,2026-09-26,2026-10-09,42.35695133875132,-83.13838824298493,Midwest,Garden St & Wetherby St,ALL
882ab2cf03fffff,4.0,1.0,Declining Hotspot,-3.0,-75.0,1.0,ALL,Category Focus,Property Crime,4.0,4.0,2026-09-12,2026-09-25,2026-09-26,2026-10-09,42.39128365441183,-83.23704280273566,Westwood Park,Acacia St & Crescent Dr,ALL
882ab2d5b3fffff,12.0,1.0,Declining Hotspot,-11.0,-91.67,1.0,ALL,Category Focus,Property Crime,4.0,4.0,2026-09-12,2026-09-25,2026-09-26,2026-10-09,42.43508315926134,-82.97639201995733,Mapleridge,Chalmers St & Eastwood St,ALL
882ab2c0b5fffff,4.0,0.0,Declining Hotspot,-4.0,-100.0,0.0,ALL,Category Focus,Property Crime,4.0,4.0,2026-09-12,2026-09-25,2026-09-26,2026-10-09,42.41377279940101,-83.1242227661151,Martin Park,Baylis St & Grove St,ALL
882ab2c0d7fffff,5.0,0.0,Declining Hotspot,-5.0,-100.0,0.0,ALL,Category Focus,Property Crime,4.0,4.0,2026-09-12,2026-09-25,2026-09-26,2026-10-09,42.43045269692552,-83.07978876677944,Northeast Central District,Arlington St & E Nevada St,ALL
882ab2c447fffff,5.0,0.0,Declining Hotspot,-5.0,-100.0,0.0,ALL,Category Focus,Property Crime,4.0,4.0,2026-09-12,2026-09-25,2026-09-26,2026-10-09,42.38235896052488,-82.99248847526599,West End,Cadillac Blvd & Cadillac Ave,ALL
882ab2c509fffff,6.0,0.0,Declining Hotspot,-6.0,-100.0,0.0,ALL,Category Focus,Property Crime,4.0,4.0,2026-09-12,2026-09-25,2026-09-26,2026-10-09,42.38311217883099,-83.06795647584747,North End,Hague St & Cameron St,ALL
882ab2c50bfffff,7.0,0.0,Declining Hotspot,-7.0,-100.0,0.0,ALL,Category Focus,Property Crime,4.0,4.0,2026-09-12,2026-09-25,2026-09-26,2026-10-09,42.3734994488361,-83.06444468242489,Milwaukee Junction,Horton St & Beaubien St,ALL
882ab2c565fffff,4.0,0.0,Declining Hotspot,-4.0,-100.0,0.0,ALL,Category Focus,Property Crime,4.0,4.0,2026-09-12,2026-09-25,2026-09-26,2026-10-09,42.39428004182148,-83.10837348947219,Dexter-Linwood,Woodrow Wilson St & Glendale St,ALL
882ab2c5e5fffff,4.0,0.0,Declining Hotspot,-4.0,-100.0,0.0,ALL,Category Focus,Property Crime,4.0,4.0,2026-09-12,2026-09-25,2026-09-26,2026-10-09,42.34205499005183,-83.07931278401115,Core City,W Alexandrine St & Rosa Parks Blvd,ALL
882ab2c719fffff,4.0,0.0,Declining Hotspot,-4.0,-100.0,0.0,ALL,Category Focus,Property Crime,4.0,4.0,2026-09-12,2026-09-25,2026-09-26,2026-10-09,42.40870597942299,-82.99508463706769,Gratiot-Findlay,Gunston St & Gratiot Ave,ALL
882ab2cc47fffff,5.0,0.0,Declining Hotspot,-5.0,-100.0,0.0,ALL,Category Focus,Property Crime,4.0,4.0,2026-09-12,2026-09-25,2026-09-26,2026-10-09,42.3581503152907,-83.20429829322885,Joy Community,Joy Rd & Prevost St,ALL
882ab2cec9fffff,6.0,0.0,Declining Hotspot,-6.0,-100.0,0.0,ALL,Category Focus,Property Crime,4.0,4.0,2026-09-12,2026-09-25,2026-09-26,2026-10-09,42.36098985487923,-83.11022664332955,Petoskey-Otsego,Wildemere St & Montgomery St,ALL
882ab2ced1fffff,5.0,0.0,Declining Hotspot,-5.0,-100.0,0.0,ALL,Category Focus,Property Crime,4.0,4.0,2026-09-12,2026-09-25,2026-09-26,2026-10-09,42.33543216029413,-83.09696539015233,Chadsey Condon,25th St & Magnolia St,ALL
882ab2ce2bfffff,0.0,4.0,New Hotspot,4.0,,10.0,02,Category Focus,Vehicle-Related Crime,3.0,3.0,2026-09-12,2026-09-25,2026-09-26,2026-10-09,42.38462171859951,-83.1783985754827,Grand River-I96,Grand River Ave & Schaefer Hwy,ALL
882ab2cf5bfffff,1.0,4.0,Emerging Hotspot,3.0,300.0,8.5,02,Category Focus,Vehicle-Related Crime,3.0,3.0,2026-09-12,2026-09-25,2026-09-26,2026-10-09,42.401484971464086,-83.19627337183282,Belmont,Fenkell St & Whitcomb St,ALL
882ab2ce07fffff,1.0,3.0,Emerging Hotspot,2.0,200.0,6.0,02,Category Focus,Vehicle-Related Crime,3.0,3.0,2026-09-12,2026-09-25,2026-09-26,2026-10-09,42.38060950628013,-83.16318112933845,Grand River-I96,Fullerton St & Mendota St,ALL
882ab2ce67fffff,3.0,6.0,Persistent Hotspot,3.0,100.0,12.6,02,Category Focus,Vehicle-Related Crime,3.0,3.0,2026-09-12,2026-09-25,2026-09-26,2026-10-09,42.3998098481388,-83.18206593144619,Bethune Community,Chalfonte St & Ardmore St,ALL
882ab2cc49fffff,3.0,0.0,Declining Hotspot,-3.0,-100.0,0.0,02,Category Focus,Vehicle-Related Crime,3.0,3.0,2026-09-12,2026-09-25,2026-09-26,2026-10-09,42.37033498658255,-83.18975000316506,Plymouth-Hubbell,Orangelawn St & Strathmoor St,ALL
882ab2ce37fffff,3.0,0.0,Declining Hotspot,-3.0,-100.0,0.0,02,Category Focus,Vehicle-Related Crime,3.0,3.0,2026-09-12,2026-09-25,2026-09-26,2026-10-09,42.36222075459352,-83.17637886733415,We Care Community,Schaefer Hwy & Joy Rd,ALL
882ab2cf59fffff,3.0,0.0,Declining Hotspot,-3.0,-100.0,0.0,02,Category Focus,Vehicle-Related Crime,3.0,3.0,2026-09-12,2026-09-25,2026-09-26,2026-10-09,42.40697574924883,-83.1988729298504,Belmont,Prest St & Pilgrim St,ALL
882ab2c533fffff,1.0,3.0,Emerging Hotspot,2.0,200.0,6.0,03,Category Focus,Vehicle-Related Crime,5.0,3.0,2026-09-12,2026-09-25,2026-09-26,2026-10-09,42.34909728227636,-83.08182177875604,Woodbridge,Grand River Ave & 14th St,ALL
882ab2c503fffff,3.0,4.0,Emerging Hotspot,1.0,33.33,5.5,03,Category Focus,Vehicle-Related Crime,5.0,3.0,2026-09-12,2026-09-25,2026-09-26,2026-10-09,42.36903674016917,-83.07404078940577,New Center,W Grand Blvd & 2nd Ave,ALL
882ab2c517fffff,2.0,3.0,Emerging Hotspot,1.0,50.0,4.5,03,Category Focus,Vehicle-Related Crime,5.0,3.0,2026-09-12,2026-09-25,2026-09-26,2026-10-09,42.35337034789475,-83.06261310000085,Midtown,W Alexandrine St & Woodward Ave,ALL
882ab2c58dfffff,3.0,3.0,Emerging Hotspot,0.0,0.0,3.0,03,Category Focus,Vehicle-Related Crime,5.0,3.0,2026-09-12,2026-09-25,2026-09-26,2026-10-09,42.33168460389816,-83.049713162411,Downtown,Michigan Ave & Cass Ave,ALL
882ab2c5e3fffff,5.0,7.0,Persistent Hotspot,2.0,40.0,12.45,03,Category Focus,Vehicle-Related Crime,5.0,3.0,2026-09-12,2026-09-25,2026-09-26,2026-10-09,42.33230278409165,-83.057812497388,Downtown,Bagley St & 3rd St,ALL
882ab2c5c7fffff,7.0,5.0,Persistent Hotspot,-2.0,-28.57,6.75,03,Category Focus,Vehicle-Related Crime,5.0,3.0,2026-09-12,2026-09-25,2026-09-26,2026-10-09,42.33490709967879,-83.04418085859385,Downtown,Beaubien St & E Lafayette St,ALL
882ab2c5e9fffff,18.0,3.0,Persistent Hotspot,-15.0,-83.33,4.05,03,Category Focus,Vehicle-Related Crime,5.0,3.0,2026-09-12,2026-09-25,2026-09-26,2026-10-09,42.346487742123,-83.0572617645819,Midtown,Eliot St & Woodward Ave,ALL
882ab2c5ebfffff,5.0,3.0,Persistent Hotspot,-2.0,-40.0,4.05,03,Category Focus,Vehicle-Related Crime,5.0,3.0,2026-09-12,2026-09-25,2026-09-26,2026-10-09,42.33757686428401,-83.05134286793893,Downtown,Woodward Ave & E Adams Ave,ALL
882ab2c507fffff,7.0,1.0,Declining Hotspot,-6.0,-85.71,1.0,03,Category Focus,Vehicle-Related Crime,5.0,3.0,2026-09-12,2026-09-25,2026-09-26,2026-10-09,42.37084340450591,-83.08143978295578,New Center Commons,Pallister St & 3rd St,ALL
882ab2c5c5fffff,6.0,1.0,Declining Hotspot,-5.0,-83.33,1.0,03,Category Focus,Vehicle-Related Crime,5.0,3.0,2026-09-12,2026-09-25,2026-09-26,2026-10-09,42.34465156289215,-83.05255549101884,Brush Park,Edmund Pl & John R St,ALL
882ab2ce93fffff,1.0,3.0,Emerging Hotspot,2.0,200.0,6.0,04,Category Focus,Vehicle-Related Crime,3.0,3.0,2026-09-12,2026-09-25,2026-09-26,2026-10-09,42.30935451864705,-83.10617336198018,Central Southwest,Dragoon St & W Lafayette Blvd,ALL
882ab2c5a1fffff,3.0,0.0,Declining Hotspot,-3.0,-100.0,0.0,04,Category Focus,Vehicle-Related Crime,3.0,3.0,2026-09-12,2026-09-25,2026-09-26,2026-10-09,42.32138786461334,-83.0757067567105,Hubbard Richard,18th St & Howard St,ALL
882ab2c607fffff,3.0,0.0,Declining Hotspot,-3.0,-100.0,0.0,05,Category Focus,Vehicle-Related Crime,3.0,3.0,2026-09-12,2026-09-25,2026-09-26,2026-10-09,42.402369650762424,-82.94804568857344,Morningside,Frankfort St & Chatsworth St,ALL
882ab2cc2bfffff,3.0,0.0,Declining Hotspot,-3.0,-100.0,0.0,06,Category Focus,Vehicle-Related Crime,3.0,3.0,2026-09-12,2026-09-25,2026-09-26,2026-10-09,42.339552038252194,-83.22796776109868,Warrendale,Minock St & Whitlock St,ALL
882ab2c42bfffff,2.0,3.0,Emerging Hotspot,1.0,50.0,4.5,07,Category Focus,Vehicle-Related Crime,4.0,3.0,2026-09-12,2026-09-25,2026-09-26,2026-10-09,42.3635458528105,-83.0117518715986,Islandview,Field St & Mack Ave,ALL
882ab2c5c3fffff,6.0,4.0,Persistent Hotspot,-2.0,-33.33,5.4,07,Category Focus,Vehicle-Related Crime,4.0,3.0,2026-09-12,2026-09-25,2026-09-26,2026-10-09,42.33594134550091,-83.03077624997024,Lafayette Park,Saint Aubin St & E Larned St,ALL
882ab2c439fffff,4.0,2.0,Declining Hotspot,-2.0,-50.0,2.0,07,Category Focus,Vehicle-Related Crime,4.0,3.0,2026-09-12,2026-09-25,2026-09-26,2026-10-09,42.351399305462806,-82.99731213591747,West Village,Townsend St & E Congress St,ALL
882ab2c5c1fffff,5.0,2.0,Declining Hotspot,-3.0,-60.0,2.0,07,Category Focus,Vehicle-Related Crime,4.0,3.0,2026-09-12,2026-09-25,2026-09-26,2026-10-09,42.34236661283663,-83.03793216076772,Lafayette Park,Russell St & Maple St,ALL
882ab2c5cbfffff,4.0,2.0,Declining Hotspot,-2.0,-50.0,2.0,07,Category Focus,Vehicle-Related Crime,4.0,3.0,2026-09-12,2026-09-25,2026-09-26,2026-10-09,42.34101769155248,-83.02326650909899,Elmwood Park,E Jefferson Ave & Chene St,ALL
882ab2c5c9fffff,4.0,1.0,Declining Hotspot,-3.0,-75.0,1.0,07,Category Focus,Vehicle-Related Crime,4.0,3.0,2026-09-12,2026-09-25,2026-09-26,2026-10-09,42.3482826472385,-83.02647867706486,Elmwood Park,E Vernor Hwy & Chene St,ALL
882ab2c437fffff,5.0,0.0,Declining Hotspot,-5.0,-100.0,0.0,07,Category Focus,Vehicle-Related Crime,4.0,3.0,2026-09-12,2026-09-25,2026-09-26,2026-10-09,42.34173030969738,-83.01454882139126,Rivertown,E Jefferson Ave & Adair St,ALL
882ab2c1b5fffff,1.0,3.0,Emerging Hotspot,2.0,200.0,6.0,08,Category Focus,Vehicle-Related Crime,3.0,3.0,2026-09-12,2026-09-25,2026-09-26,2026-10-09,42.422979961033775,-83.20659602684347,College Park,Margareta St & Rutherford St,ALL
882ab2ca9bfffff,3.0,2.0,Declining Hotspot,-1.0,-33.33,2.0,08,Category Focus,Vehicle-Related Crime,3.0,3.0,2026-09-12,2026-09-25,2026-09-26,2026-10-09,42.433480165568085,-83.23381342470212,O'Hair Park,Edinborough Rd & Vassar Ave,ALL
882ab2cf49fffff,3.0,2.0,Declining Hotspot,-1.0,-33.33,2.0,08,Category Focus,Vehicle-Related Crime,3.0,3.0,2026-09-12,2026-09-25,2026-09-26,2026-10-09,42.42486711340059,-83.21643264456495,College Park,Clarita St & Ashton Ave,ALL
882ab2c1abfffff,4.0,1.0,Declining Hotspot,-3.0,-75.0,1.0,08,Category Focus,Vehicle-Related Crime,3.0,3.0,2026-09-12,2026-09-25,2026-09-26,2026-10-09,42.43747239907838,-83.20569572957656,Greenfield,Mansfield St & Vassar Ave,ALL
882ab2c8d9fffff,3.0,1.0,Declining Hotspot,-2.0,-66.67,1.0,08,Category Focus,Vehicle-Related Crime,3.0,3.0,2026-09-12,2026-09-25,2026-09-26,2026-10-09,42.41454150000466,-83.27845703347631,The Eye,Telegraph Rd & W McNichols Rd,ALL
882ab2cf0dfffff,5.0,1.0,Declining Hotspot,-4.0,-80.0,1.0,08,Category Focus,Vehicle-Related Crime,3.0,3.0,2026-09-12,2026-09-25,2026-09-26,2026-10-09,42.406027444412715,-83.24063170700437,Brightmoor,Braile St & Pilgrim St,ALL
882ab2cf19fffff,3.0,1.0,Declining Hotspot,-2.0,-66.67,1.0,08,Category Focus,Vehicle-Related Crime,3.0,3.0,2026-09-12,2026-09-25,2026-09-26,2026-10-09,42.386894093436624,-83.20665670033483,Greenfield-Grand River,Mettetal St & Schoolcraft St,ALL
882ab2ca97fffff,4.0,0.0,Declining Hotspot,-4.0,-100.0,0.0,08,Category Focus,Vehicle-Related Crime,3.0,3.0,2026-09-12,2026-09-25,2026-09-26,2026-10-09,42.42918217960313,-83.25417124175925,Holcomb Community,Lahser Rd & W 7 Mile Rd,ALL
882ab2cf1dfffff,3.0,0.0,Declining Hotspot,-3.0,-100.0,0.0,08,Category Focus,Vehicle-Related Crime,3.0,3.0,2026-09-12,2026-09-25,2026-09-26,2026-10-09,42.387857797818754,-83.22046268129415,Grandmont #1,Acacia St & Stahelin Rd,ALL
882ab2c605fffff,0.0,3.0,New Hotspot,3.0,,7.5,09,Category Focus,Vehicle-Related Crime,3.0,3.0,2026-09-12,2026-09-25,2026-09-26,2026-10-09,42.41004641166786,-82.95350065306873,Outer Drive-Hayes,Somerset Ave & Berkshire St,ALL
882ab2c755fffff,2.0,4.0,Emerging Hotspot,2.0,100.0,7.0,09,Category Focus,Vehicle-Related Crime,3.0,3.0,2026-09-12,2026-09-25,2026-09-26,2026-10-09,42.42396549015056,-83.00430992780001,Von Steuben,Dresden St & Sauer St,ALL
882ab2c663fffff,1.0,3.0,Emerging Hotspot,2.0,200.0,6.0,09,Category Focus,Vehicle-Related Crime,3.0,3.0,2026-09-12,2026-09-25,2026-09-26,2026-10-09,42.41950621604016,-82.95701596483369,Denby,Grayton St & Lansdowne St,ALL
882ab2c60dfffff,4.0,2.0,Declining Hotspot,-2.0,-50.0,2.0,09,Category Focus,Vehicle-Related Crime,3.0,3.0,2026-09-12,2026-09-25,2026-09-26,2026-10-09,42.41947717055631,-82.9476365500096,Yorkshire Woods,Nottingham Rd & Grayton St,ALL
882ab2c629fffff,3.0,1.0,Declining Hotspot,-2.0,-66.67,1.0,09,Category Focus,Vehicle-Related Crime,3.0,3.0,2026-09-12,2026-09-25,2026-09-26,2026-10-09,42.414234475185154,-82.96328744548721,Outer Drive-Hayes,Bonita St & Whitehill St,ALL
882ab2c743fffff,3.0,0.0,Declining Hotspot,-3.0,-100.0,0.0,09,Category Focus,Vehicle-Related Crime,3.0,3.0,2026-09-12,2026-09-25,2026-09-26,2026-10-09,42.43428372316813,-83.00810830306966,Mount Olivet,E 7 Mile Rd & Teppert St,ALL
882ab2c749fffff,3.0,0.0,Declining Hotspot,-3.0,-100.0,0.0,09,Category Focus,Vehicle-Related Crime,3.0,3.0,2026-09-12,2026-09-25,2026-09-26,2026-10-09,42.44898608723654,-82.99908335304417,Conner Creek,Strasburg St & E 8 Mile Rd,ALL
882ab2ce11fffff,1.0,3.0,Emerging Hotspot,2.0,200.0,6.0,10,Category Focus,Vehicle-Related Crime,3.0,3.0,2026-09-12,2026-09-25,2026-09-26,2026-10-09,42.369915571358995,-83.13889016310524,Oakman Blvd Community,Grand River Ave & Monica St,ALL
882ab2c53dfffff,3.0,1.0,Declining Hotspot,-2.0,-66.67,1.0,10,Category Focus,Vehicle-Related Crime,3.0,3.0,2026-09-12,2026-09-25,2026-09-26,2026-10-09,42.36424367823366,-83.09141169621473,Virginia Park Community,W Grand Blvd & 14th St,ALL
882ab2ce1dfffff,4.0,1.0,Declining Hotspot,-3.0,-75.0,1.0,10,Category Focus,Vehicle-Related Crime,3.0,3.0,2026-09-12,2026-09-25,2026-09-26,2026-10-09,42.37615505542366,-83.14161011206531,Oakman Blvd Community,Monica St & Tuxedo St,ALL
882ab2c747fffff,0.0,3.0,New Hotspot,3.0,,7.5,11,Category Focus,Vehicle-Related Crime,3.0,3.0,2026-09-12,2026-09-25,2026-09-26,2026-10-09,42.434173519988605,-83.02104772755249,Nortown,Van Dyke St & E 7 Mile Rd,ALL
882ab2c2b3fffff,3.0,2.0,Declining Hotspot,-1.0,-33.33,2.0,11,Category Focus,Vehicle-Related Crime,3.0,3.0,2026-09-12,2026-09-25,2026-09-26,2026-10-09,42.44727034331925,-83.06386416944315,Farwell,Ryan Rd & E 8 Mile Rd,ALL
882ab2c0d7fffff,3.0,0.0,Declining Hotspot,-3.0,-100.0,0.0,11,Category Focus,Vehicle-Related Crime,3.0,3.0,2026-09-12,2026-09-25,2026-09-26,2026-10-09,42.43045269692552,-83.07978876677944,Northeast Central District,Arlington St & E Nevada St,ALL
882ab2c0a7fffff,2.0,6.0,Emerging Hotspot,4.0,200.0,12.0,12,Category Focus,Vehicle-Related Crime,3.0,3.0,2026-09-12,2026-09-25,2026-09-26,2026-10-09,42.42350417082767,-83.14171066089659,Bagley,Pickford St & Livernois Ave,ALL
882ab2ce4dfffff,2.0,4.0,Emerging Hotspot,2.0,100.0,7.0,12,Category Focus,Vehicle-Related Crime,3.0,3.0,2026-09-12,2026-09-25,2026-09-26,2026-10-09,42.41395625843927,-83.15106444803112,Fitzgerald/Marygrove,Greenlawn St & Marygrove Dr,ALL
882ab2c183fffff,1.0,3.0,Emerging Hotspot,2.0,200.0,6.0,12,Category Focus,Vehicle-Related Crime,3.0,3.0,2026-09-12,2026-09-25,2026-09-26,2026-10-09,42.43472556731352,-83.18116686735097,Schaefer 7/8 Lodge,Schaefer Hwy & Vassar Ave,ALL
882ab2c187fffff,1.0,3.0,Emerging Hotspot,2.0,200.0,6.0,12,Category Focus,Vehicle-Related Crime,3.0,3.0,2026-09-12,2026-09-25,2026-09-26,2026-10-09,42.43590410066288,-83.19164825228461,Schaefer 7/8 Lodge,Marlowe St & Chippewa St,ALL
882ab2c193fffff,1.0,3.0,Emerging Hotspot,2.0,200.0,6.0,12,Category Focus,Vehicle-Related Crime,3.0,3.0,2026-09-12,2026-09-25,2026-09-26,2026-10-09,42.41694374036624,-83.1603122492298,Schulze,W McNichols Rd & Wyoming St,ALL
882ab2c0a1fffff,2.0,3.0,Emerging Hotspot,1.0,50.0,4.5,12,Category Focus,Vehicle-Related Crime,3.0,3.0,2026-09-12,2026-09-25,2026-09-26,2026-10-09,42.42809307521633,-83.13457853020685,University District,Muirland St & Margareta St,ALL
882ab2ce45fffff,3.0,5.0,Persistent Hotspot,2.0,66.67,9.75,12,Category Focus,Vehicle-Related Crime,3.0,3.0,2026-09-12,2026-09-25,2026-09-26,2026-10-09,42.40793354641639,-83.15555332114316,Fitzgerald/Marygrove,Pilgrim St & Cloverlawn St,ALL
882ab2ce69fffff,4.0,5.0,Persistent Hotspot,1.0,25.0,8.25,12,Category Focus,Vehicle-Related Crime,3.0,3.0,2026-09-12,2026-09-25,2026-09-26,2026-10-09,42.40952652796024,-83.16988000187754,Harmony Village,Puritan St & Steel St,ALL
882ab2c195fffff,3.0,3.0,Persistent Hotspot,0.0,0.0,4.05,12,Category Focus,Vehicle-Related Crime,3.0,3.0,2026-09-12,2026-09-25,2026-09-26,2026-10-09,42.4256998384148,-83.1778761902255,Schulze,Curtis St & Steel St,ALL
882ab2c18bfffff,3.0,2.0,Declining Hotspot,-1.0,-33.33,2.0,12,Category Focus,Vehicle-Related Crime,3.0,3.0,2026-09-12,2026-09-25,2026-09-26,2026-10-09,42.44063590486494,-83.16996756750167,Blackstone Park,Chippewa St & Manor St,ALL
882ab2c191fffff,4.0,1.0,Declining Hotspot,-3.0,-75.0,1.0,12,Category Focus,Vehicle-Related Crime,3.0,3.0,2026-09-12,2026-09-25,2026-09-26,2026-10-09,42.42589435995885,-83.16953128115861,Schulze,Margareta St & Manor St,ALL
882ab2c0b5fffff,4.0,0.0,Declining Hotspot,-4.0,-100.0,0.0,12,Category Focus,Vehicle-Related Crime,3.0,3.0,2026-09-12,2026-09-25,2026-09-26,2026-10-09,42.41377279940101,-83.1242227661151,Martin Park,Baylis St & Grove St,ALL
882ab2ce2bfffff,0.0,4.0,New Hotspot,4.0,,10.0,ALL,Category Focus,Vehicle-Related Crime,3.0,3.0,2026-09-12,2026-09-25,2026-09-26,2026-10-09,42.38462171859951,-83.1783985754827,Grand River-I96,Grand River Ave & Schaefer Hwy,ALL
882ab2c605fffff,0.0,3.0,New Hotspot,3.0,,7.5,ALL,Category Focus,Vehicle-Related Crime,3.0,3.0,2026-09-12,2026-09-25,2026-09-26,2026-10-09,42.41004641166786,-82.95350065306873,Outer Drive-Hayes,Somerset Ave & Berkshire St,ALL
882ab2c747fffff,0.0,3.0,New Hotspot,3.0,,7.5,ALL,Category Focus,Vehicle-Related Crime,3.0,3.0,2026-09-12,2026-09-25,2026-09-26,2026-10-09,42.434173519988605,-83.02104772755249,Nortown,Van Dyke St & E 7 Mile Rd,ALL
882ab2c0a7fffff,2.0,6.0,Emerging Hotspot,4.0,200.0,12.0,ALL,Category Focus,Vehicle-Related Crime,3.0,3.0,2026-09-12,2026-09-25,2026-09-26,2026-10-09,42.42350417082767,-83.14171066089659,Bagley,Pickford St & Livernois Ave,ALL
882ab2cf5bfffff,1.0,4.0,Emerging Hotspot,3.0,300.0,8.5,ALL,Category Focus,Vehicle-Related Crime,3.0,3.0,2026-09-12,2026-09-25,2026-09-26,2026-10-09,42.401484971464086,-83.19627337183282,Belmont,Fenkell St & Whitcomb St,ALL
882ab2c755fffff,2.0,4.0,Emerging Hotspot,2.0,100.0,7.0,ALL,Category Focus,Vehicle-Related Crime,3.0,3.0,2026-09-12,2026-09-25,2026-09-26,2026-10-09,42.42396549015056,-83.00430992780001,Von Steuben,Dresden St & Sauer St,ALL
882ab2ce4dfffff,2.0,4.0,Emerging Hotspot,2.0,100.0,7.0,ALL,Category Focus,Vehicle-Related Crime,3.0,3.0,2026-09-12,2026-09-25,2026-09-26,2026-10-09,42.41395625843927,-83.15106444803112,Fitzgerald/Marygrove,Greenlawn St & Marygrove Dr,ALL
882ab2c183fffff,1.0,3.0,Emerging Hotspot,2.0,200.0,6.0,ALL,Category Focus,Vehicle-Related Crime,3.0,3.0,2026-09-12,2026-09-25,2026-09-26,2026-10-09,42.43472556731352,-83.18116686735097,Schaefer 7/8 Lodge,Schaefer Hwy & Vassar Ave,ALL
882ab2c187fffff,1.0,3.0,Emerging Hotspot,2.0,200.0,6.0,ALL,Category Focus,Vehicle-Related Crime,3.0,3.0,2026-09-12,2026-09-25,2026-09-26,2026-10-09,42.43590410066288,-83.19164825228461,Schaefer 7/8 Lodge,Marlowe St & Chippewa St,ALL
882ab2c193fffff,1.0,3.0,Emerging Hotspot,2.0,200.0,6.0,ALL,Category Focus,Vehicle-Related Crime,3.0,3.0,2026-09-12,2026-09-25,2026-09-26,2026-10-09,42.41694374036624,-83.1603122492298,Schulze,W McNichols Rd & Wyoming St,ALL
882ab2c1b5fffff,1.0,3.0,Emerging Hotspot,2.0,200.0,6.0,ALL,Category Focus,Vehicle-Related Crime,3.0,3.0,2026-09-12,2026-09-25,2026-09-26,2026-10-09,42.422979961033775,-83.20659602684347,College Park,Margareta St & Rutherford St,ALL
882ab2c533fffff,1.0,3.0,Emerging Hotspot,2.0,200.0,6.0,ALL,Category Focus,Vehicle-Related Crime,3.0,3.0,2026-09-12,2026-09-25,2026-09-26,2026-10-09,42.34909728227636,-83.08182177875604,Woodbridge,Grand River Ave & 14th St,ALL
882ab2c663fffff,1.0,3.0,Emerging Hotspot,2.0,200.0,6.0,ALL,Category Focus,Vehicle-Related Crime,3.0,3.0,2026-09-12,2026-09-25,2026-09-26,2026-10-09,42.41950621604016,-82.95701596483369,Denby,Grayton St & Lansdowne St,ALL
882ab2ce07fffff,1.0,3.0,Emerging Hotspot,2.0,200.0,6.0,ALL,Category Focus,Vehicle-Related Crime,3.0,3.0,2026-09-12,2026-09-25,2026-09-26,2026-10-09,42.38060950628013,-83.16318112933845,Grand River-I96,Fullerton St & Mendota St,ALL
882ab2ce11fffff,1.0,3.0,Emerging Hotspot,2.0,200.0,6.0,ALL,Category Focus,Vehicle-Related Crime,3.0,3.0,2026-09-12,2026-09-25,2026-09-26,2026-10-09,42.369915571358995,-83.13889016310524,Oakman Blvd Community,Grand River Ave & Monica St,ALL
882ab2ce93fffff,1.0,3.0,Emerging Hotspot,2.0,200.0,6.0,ALL,Category Focus,Vehicle-Related Crime,3.0,3.0,2026-09-12,2026-09-25,2026-09-26,2026-10-09,42.30935451864705,-83.10617336198018,Central Southwest,Dragoon St & W Lafayette Blvd,ALL
882ab2c0a1fffff,2.0,3.0,Emerging Hotspot,1.0,50.0,4.5,ALL,Category Focus,Vehicle-Related Crime,3.0,3.0,2026-09-12,2026-09-25,2026-09-26,2026-10-09,42.42809307521633,-83.13457853020685,University District,Muirland St & Margareta St,ALL
882ab2c42bfffff,2.0,3.0,Emerging Hotspot,1.0,50.0,4.5,ALL,Category Focus,Vehicle-Related Crime,3.0,3.0,2026-09-12,2026-09-25,2026-09-26,2026-10-09,42.3635458528105,-83.0117518715986,Islandview,Field St & Mack Ave,ALL
882ab2c517fffff,2.0,3.0,Emerging Hotspot,1.0,50.0,4.5,ALL,Category Focus,Vehicle-Related Crime,3.0,3.0,2026-09-12,2026-09-25,2026-09-26,2026-10-09,42.35337034789475,-83.06261310000085,Midtown,W Alexandrine St & Woodward Ave,ALL
882ab2ce61fffff,2.0,3.0,Emerging Hotspot,1.0,50.0,4.5,ALL,Category Focus,Vehicle-Related Crime,3.0,3.0,2026-09-12,2026-09-25,2026-09-26,2026-10-09,42.4040301368467,-83.17812533676428,Bethune Community,Schaefer Hwy & Keeler Ave,ALL
882ab2ce67fffff,3.0,6.0,Persistent Hotspot,3.0,100.0,12.6,ALL,Category Focus,Vehicle-Related Crime,3.0,3.0,2026-09-12,2026-09-25,2026-09-26,2026-10-09,42.3998098481388,-83.18206593144619,Bethune Community,Chalfonte St & Ardmore St,ALL
882ab2c5e3fffff,5.0,7.0,Persistent Hotspot,2.0,40.0,12.45,ALL,Category Focus,Vehicle-Related Crime,3.0,3.0,2026-09-12,2026-09-25,2026-09-26,2026-10-09,42.33230278409165,-83.057812497388,Downtown,Bagley St & 3rd St,ALL
882ab2ce45fffff,3.0,5.0,Persistent Hotspot,2.0,66.67,9.75,ALL,Category Focus,Vehicle-Related Crime,3.0,3.0,2026-09-12,2026-09-25,2026-09-26,2026-10-09,42.40793354641639,-83.15555332114316,Fitzgerald/Marygrove,Pilgrim St & Cloverlawn St,ALL
882ab2ce69fffff,4.0,5.0,Persistent Hotspot,1.0,25.0,8.25,ALL,Category Focus,Vehicle-Related Crime,3.0,3.0,2026-09-12,2026-09-25,2026-09-26,2026-10-09,42.40952652796024,-83.16988000187754,Harmony Village,Puritan St & Steel St,ALL
882ab2c503fffff,3.0,4.0,Persistent Hotspot,1.0,33.33,6.9,ALL,Category Focus,Vehicle-Related Crime,3.0,3.0,2026-09-12,2026-09-25,2026-09-26,2026-10-09,42.36903674016917,-83.07404078940577,New Center,W Grand Blvd & 2nd Ave,ALL
882ab2c5c7fffff,8.0,5.0,Persistent Hotspot,-3.0,-37.5,6.75,ALL,Category Focus,Vehicle-Related Crime,3.0,3.0,2026-09-12,2026-09-25,2026-09-26,2026-10-09,42.33490709967879,-83.04418085859385,Downtown,Beaubien St & E Lafayette St,ALL
882ab2c5c3fffff,6.0,4.0,Persistent Hotspot,-2.0,-33.33,5.4,ALL,Category Focus,Vehicle-Related Crime,3.0,3.0,2026-09-12,2026-09-25,2026-09-26,2026-10-09,42.33594134550091,-83.03077624997024,Lafayette Park,Saint Aubin St & E Larned St,ALL
882ab2c195fffff,3.0,3.0,Persistent Hotspot,0.0,0.0,4.05,ALL,Category Focus,Vehicle-Related Crime,3.0,3.0,2026-09-12,2026-09-25,2026-09-26,2026-10-09,42.4256998384148,-83.1778761902255,Schulze,Curtis St & Steel St,ALL
882ab2c1abfffff,4.0,3.0,Persistent Hotspot,-1.0,-25.0,4.05,ALL,Category Focus,Vehicle-Related Crime,3.0,3.0,2026-09-12,2026-09-25,2026-09-26,2026-10-09,42.43747239907838,-83.20569572957656,Greenfield,Mansfield St & Vassar Ave,ALL
882ab2c507fffff,8.0,3.0,Persistent Hotspot,-5.0,-62.5,4.05,ALL,Category Focus,Vehicle-Related Crime,3.0,3.0,2026-09-12,2026-09-25,2026-09-26,2026-10-09,42.37084340450591,-83.08143978295578,New Center Commons,Pallister St & 3rd St,ALL
882ab2c53dfffff,4.0,3.0,Persistent Hotspot,-1.0,-25.0,4.05,ALL,Category Focus,Vehicle-Related Crime,3.0,3.0,2026-09-12,2026-09-25,2026-09-26,2026-10-09,42.36424367823366,-83.09141169621473,Virginia Park Community,W Grand Blvd & 14th St,ALL
882ab2c58dfffff,3.0,3.0,Persistent Hotspot,0.0,0.0,4.05,ALL,Category Focus,Vehicle-Related Crime,3.0,3.0,2026-09-12,2026-09-25,2026-09-26,2026-10-09,42.33168460389816,-83.049713162411,Downtown,Michigan Ave & Cass Ave,ALL
882ab2c5e9fffff,18.0,3.0,Persistent Hotspot,-15.0,-83.33,4.05,ALL,Category Focus,Vehicle-Related Crime,3.0,3.0,2026-09-12,2026-09-25,2026-09-26,2026-10-09,42.346487742123,-83.0572617645819,Midtown,Eliot St & Woodward Ave,ALL
882ab2c5ebfffff,5.0,3.0,Persistent Hotspot,-2.0,-40.0,4.05,ALL,Category Focus,Vehicle-Related Crime,3.0,3.0,2026-09-12,2026-09-25,2026-09-26,2026-10-09,42.33757686428401,-83.05134286793893,Downtown,Woodward Ave & E Adams Ave,ALL
882ab2c18bfffff,3.0,2.0,Declining Hotspot,-1.0,-33.33,2.0,ALL,Category Focus,Vehicle-Related Crime,3.0,3.0,2026-09-12,2026-09-25,2026-09-26,2026-10-09,42.44063590486494,-83.16996756750167,Blackstone Park,Chippewa St & Manor St,ALL
882ab2c2b3fffff,3.0,2.0,Declining Hotspot,-1.0,-33.33,2.0,ALL,Category Focus,Vehicle-Related Crime,3.0,3.0,2026-09-12,2026-09-25,2026-09-26,2026-10-09,42.44727034331925,-83.06386416944315,Farwell,Ryan Rd & E 8 Mile Rd,ALL
882ab2c439fffff,4.0,2.0,Declining Hotspot,-2.0,-50.0,2.0,ALL,Category Focus,Vehicle-Related Crime,3.0,3.0,2026-09-12,2026-09-25,2026-09-26,2026-10-09,42.351399305462806,-82.99731213591747,West Village,Townsend St & E Congress St,ALL
882ab2c53bfffff,4.0,2.0,Declining Hotspot,-2.0,-50.0,2.0,ALL,Category Focus,Vehicle-Related Crime,3.0,3.0,2026-09-12,2026-09-25,2026-09-26,2026-10-09,42.35469095282926,-83.07329800564055,Wayne State,Anthony Wayne Dr & 3rd St,ALL
882ab2c5c1fffff,5.0,2.0,Declining Hotspot,-3.0,-60.0,2.0,ALL,Category Focus,Vehicle-Related Crime,3.0,3.0,2026-09-12,2026-09-25,2026-09-26,2026-10-09,42.34236661283663,-83.03793216076772,Lafayette Park,Russell St & Maple St,ALL
882ab2c5cbfffff,4.0,2.0,Declining Hotspot,-2.0,-50.0,2.0,ALL,Category Focus,Vehicle-Related Crime,3.0,3.0,2026-09-12,2026-09-25,2026-09-26,2026-10-09,42.34101769155248,-83.02326650909899,Elmwood Park,E Jefferson Ave & Chene St,ALL
882ab2c5e1fffff,3.0,2.0,Declining Hotspot,-1.0,-33.33,2.0,ALL,Category Focus,Vehicle-Related Crime,3.0,3.0,2026-09-12,2026-09-25,2026-09-26,2026-10-09,42.339492194891264,-83.0664991055863,Midtown,Grand River Ave & S M 10,ALL
882ab2c60dfffff,4.0,2.0,Declining Hotspot,-2.0,-50.0,2.0,ALL,Category Focus,Vehicle-Related Crime,3.0,3.0,2026-09-12,2026-09-25,2026-09-26,2026-10-09,42.41947717055631,-82.9476365500096,Yorkshire Woods,Nottingham Rd & Grayton St,ALL
882ab2ca9bfffff,3.0,2.0,Declining Hotspot,-1.0,-33.33,2.0,ALL,Category Focus,Vehicle-Related Crime,3.0,3.0,2026-09-12,2026-09-25,2026-09-26,2026-10-09,42.433480165568085,-83.23381342470212,O'Hair Park,Edinborough Rd & Vassar Ave,ALL
882ab2cf49fffff,3.0,2.0,Declining Hotspot,-1.0,-33.33,2.0,ALL,Category Focus,Vehicle-Related Crime,3.0,3.0,2026-09-12,2026-09-25,2026-09-26,2026-10-09,42.42486711340059,-83.21643264456495,College Park,Clarita St & Ashton Ave,ALL
882ab2c191fffff,4.0,1.0,Declining Hotspot,-3.0,-75.0,1.0,ALL,Category Focus,Vehicle-Related Crime,3.0,3.0,2026-09-12,2026-09-25,2026-09-26,2026-10-09,42.42589435995885,-83.16953128115861,Schulze,Margareta St & Manor St,ALL
882ab2c515fffff,3.0,1.0,Declining Hotspot,-2.0,-66.67,1.0,ALL,Category Focus,Vehicle-Related Crime,3.0,3.0,2026-09-12,2026-09-25,2026-09-26,2026-10-09,42.36272126960901,-83.06930390431819,Cultural Center,Harper Ave & Woodward Ave,ALL
882ab2c51dfffff,3.0,1.0,Declining Hotspot,-2.0,-66.67,1.0,ALL,Category Focus,Vehicle-Related Crime,3.0,3.0,2026-09-12,2026-09-25,2026-09-26,2026-10-09,42.36440762133704,-83.06212934122276,Cultural Center,E Ferry St & Saint Antoine St,ALL
882ab2c5c5fffff,6.0,1.0,Declining Hotspot,-5.0,-83.33,1.0,ALL,Category Focus,Vehicle-Related Crime,3.0,3.0,2026-09-12,2026-09-25,2026-09-26,2026-10-09,42.34465156289215,-83.05255549101884,Brush Park,Edmund Pl & John R St,ALL
882ab2c5c9fffff,4.0,1.0,Declining Hotspot,-3.0,-75.0,1.0,ALL,Category Focus,Vehicle-Related Crime,3.0,3.0,2026-09-12,2026-09-25,2026-09-26,2026-10-09,42.3482826472385,-83.02647867706486,Elmwood Park,E Vernor Hwy & Chene St,ALL
882ab2c629fffff,3.0,1.0,Declining Hotspot,-2.0,-66.67,1.0,ALL,Category Focus,Vehicle-Related Crime,3.0,3.0,2026-09-12,2026-09-25,2026-09-26,2026-10-09,42.414234475185154,-82.96328744548721,Outer Drive-Hayes,Bonita St & Whitehill St,ALL
882ab2c8d9fffff,3.0,1.0,Declining Hotspot,-2.0,-66.67,1.0,ALL,Category Focus,Vehicle-Related Crime,3.0,3.0,2026-09-12,2026-09-25,2026-09-26,2026-10-09,42.41454150000466,-83.27845703347631,The Eye,Telegraph Rd & W McNichols Rd,ALL
882ab2ce1dfffff,4.0,1.0,Declining Hotspot,-3.0,-75.0,1.0,ALL,Category Focus,Vehicle-Related Crime,3.0,3.0,2026-09-12,2026-09-25,2026-09-26,2026-10-09,42.37615505542366,-83.14161011206531,Oakman Blvd Community,Monica St & Tuxedo St,ALL
882ab2ce6bfffff,3.0,1.0,Declining Hotspot,-2.0,-66.67,1.0,ALL,Category Focus,Vehicle-Related Crime,3.0,3.0,2026-09-12,2026-09-25,2026-09-26,2026-10-09,42.40235554835761,-83.16510510883968,Bethune Community,Washburn St & Fenkell St,ALL
882ab2cf0dfffff,5.0,1.0,Declining Hotspot,-4.0,-80.0,1.0,ALL,Category Focus,Vehicle-Related Crime,3.0,3.0,2026-09-12,2026-09-25,2026-09-26,2026-10-09,42.406027444412715,-83.24063170700437,Brightmoor,Braile St & Pilgrim St,ALL
882ab2cf19fffff,3.0,1.0,Declining Hotspot,-2.0,-66.67,1.0,ALL,Category Focus,Vehicle-Related Crime,3.0,3.0,2026-09-12,2026-09-25,2026-09-26,2026-10-09,42.386894093436624,-83.20665670033483,Greenfield-Grand River,Mettetal St & Schoolcraft St,ALL
882ab2c0b5fffff,4.0,0.0,Declining Hotspot,-4.0,-100.0,0.0,ALL,Category Focus,Vehicle-Related Crime,3.0,3.0,2026-09-12,2026-09-25,2026-09-26,2026-10-09,42.41377279940101,-83.1242227661151,Martin Park,Baylis St & Grove St,ALL
882ab2c0d7fffff,3.0,0.0,Declining Hotspot,-3.0,-100.0,0.0,ALL,Category Focus,Vehicle-Related Crime,3.0,3.0,2026-09-12,2026-09-25,2026-09-26,2026-10-09,42.43045269692552,-83.07978876677944,Northeast Central District,Arlington St & E Nevada St,ALL
882ab2c437fffff,5.0,0.0,Declining Hotspot,-5.0,-100.0,0.0,ALL,Category Focus,Vehicle-Related Crime,3.0,3.0,2026-09-12,2026-09-25,2026-09-26,2026-10-09,42.34173030969738,-83.01454882139126,Rivertown,E Jefferson Ave & Adair St,ALL
882ab2c50bfffff,4.0,0.0,Declining Hotspot,-4.0,-100.0,0.0,ALL,Category Focus,Vehicle-Related Crime,3.0,3.0,2026-09-12,2026-09-25,2026-09-26,2026-10-09,42.3734994488361,-83.06444468242489,Milwaukee Junction,Horton St & Beaubien St,ALL
882ab2c5a1fffff,3.0,0.0,Declining Hotspot,-3.0,-100.0,0.0,ALL,Category Focus,Vehicle-Related Crime,3.0,3.0,2026-09-12,2026-09-25,2026-09-26,2026-10-09,42.32138786461334,-83.0757067567105,Hubbard Richard,18th St & Howard St,ALL
882ab2c5e5fffff,4.0,0.0,Declining Hotspot,-4.0,-100.0,0.0,ALL,Category Focus,Vehicle-Related Crime,3.0,3.0,2026-09-12,2026-09-25,2026-09-26,2026-10-09,42.34205499005183,-83.07931278401115,Core City,W Alexandrine St & Rosa Parks Blvd,ALL
882ab2c607fffff,3.0,0.0,Declining Hotspot,-3.0,-100.0,0.0,ALL,Category Focus,Vehicle-Related Crime,3.0,3.0,2026-09-12,2026-09-25,2026-09-26,2026-10-09,42.402369650762424,-82.94804568857344,Morningside,Frankfort St & Chatsworth St,ALL
882ab2c743fffff,3.0,0.0,Declining Hotspot,-3.0,-100.0,0.0,ALL,Category Focus,Vehicle-Related Crime,3.0,3.0,2026-09-12,2026-09-25,2026-09-26,2026-10-09,42.43428372316813,-83.00810830306966,Mount Olivet,E 7 Mile Rd & Teppert St,ALL
882ab2c749fffff,3.0,0.0,Declining Hotspot,-3.0,-100.0,0.0,ALL,Category Focus,Vehicle-Related Crime,3.0,3.0,2026-09-12,2026-09-25,2026-09-26,2026-10-09,42.44898608723654,-82.99908335304417,Conner Creek,Strasburg St & E 8 Mile Rd,ALL
882ab2ca97fffff,4.0,0.0,Declining Hotspot,-4.0,-100.0,0.0,ALL,Category Focus,Vehicle-Related Crime,3.0,3.0,2026-09-12,2026-09-25,2026-09-26,2026-10-09,42.42918217960313,-83.25417124175925,Holcomb Community,Lahser Rd & W 7 Mile Rd,ALL
882ab2cc2bfffff,3.0,0.0,Declining Hotspot,-3.0,-100.0,0.0,ALL,Category Focus,Vehicle-Related Crime,3.0,3.0,2026-09-12,2026-09-25,2026-09-26,2026-10-09,42.339552038252194,-83.22796776109868,Warrendale,Minock St & Whitlock St,ALL
882ab2cc49fffff,3.0,0.0,Declining Hotspot,-3.0,-100.0,0.0,ALL,Category Focus,Vehicle-Related Crime,3.0,3.0,2026-09-12,2026-09-25,2026-09-26,2026-10-09,42.37033498658255,-83.18975000316506,Plymouth-Hubbell,Orangelawn St & Strathmoor St,ALL
882ab2ce37fffff,3.0,0.0,Declining Hotspot,-3.0,-100.0,0.0,ALL,Category Focus,Vehicle-Related Crime,3.0,3.0,2026-09-12,2026-09-25,2026-09-26,2026-10-09,42.36222075459352,-83.17637886733415,We Care Community,Schaefer Hwy & Joy Rd,ALL
882ab2ced1fffff,3.0,0.0,Declining Hotspot,-3.0,-100.0,0.0,ALL,Category Focus,Vehicle-Related Crime,3.0,3.0,2026-09-12,2026-09-25,2026-09-26,2026-10-09,42.33543216029413,-83.09696539015233,Chadsey Condon,25th St & Magnolia St,ALL
882ab2cf1dfffff,3.0,0.0,Declining Hotspot,-3.0,-100.0,0.0,ALL,Category Focus,Vehicle-Related Crime,3.0,3.0,2026-09-12,2026-09-25,2026-09-26,2026-10-09,42.387857797818754,-83.22046268129415,Grandmont #1,Acacia St & Stahelin Rd,ALL
882ab2cf59fffff,3.0,0.0,Declining Hotspot,-3.0,-100.0,0.0,ALL,Category Focus,Vehicle-Related Crime,3.0,3.0,2026-09-12,2026-09-25,2026-09-26,2026-10-09,42.40697574924883,-83.1988729298504,Belmont,Prest St & Pilgrim St,ALL
882ab2cf5bfffff,0.0,5.0,New Hotspot,5.0,,12.5,02,Category Focus,Violent Crime,4.0,4.0,2026-09-12,2026-09-25,2026-09-26,2026-10-09,42.401484971464086,-83.19627337183282,Belmont,Fenkell St & Whitcomb St,ALL
882ab2ce07fffff,2.0,6.0,Emerging Hotspot,4.0,200.0,12.0,02,Category Focus,Violent Crime,4.0,4.0,2026-09-12,2026-09-25,2026-09-26,2026-10-09,42.38060950628013,-83.16318112933845,Grand River-I96,Fullerton St & Mendota St,ALL
882ab2ce37fffff,1.0,5.0,Emerging Hotspot,4.0,400.0,11.0,02,Category Focus,Violent Crime,4.0,4.0,2026-09-12,2026-09-25,2026-09-26,2026-10-09,42.36222075459352,-83.17637886733415,We Care Community,Schaefer Hwy & Joy Rd,ALL
882ab2ce21fffff,2.0,5.0,Emerging Hotspot,3.0,150.0,9.5,02,Category Focus,Violent Crime,4.0,4.0,2026-09-12,2026-09-25,2026-09-26,2026-10-09,42.38415314333721,-83.18721168464047,Schoolcraft Southfield,Marlowe St & Tyler St,ALL
882ab2cee9fffff,1.0,4.0,Emerging Hotspot,3.0,300.0,8.5,02,Category Focus,Violent Crime,4.0,4.0,2026-09-12,2026-09-25,2026-09-26,2026-10-09,42.35695133875132,-83.13838824298493,Midwest,Garden St & Wetherby St,ALL
882ab2c1b3fffff,2.0,4.0,Emerging Hotspot,2.0,100.0,7.0,02,Category Focus,Violent Crime,4.0,4.0,2026-09-12,2026-09-25,2026-09-26,2026-10-09,42.41430502137904,-83.1918149776172,Hubbell-Puritan,Hubbell St & W McNichols Rd,ALL
882ab2ce03fffff,4.0,4.0,Persistent Hotspot,0.0,0.0,5.4,02,Category Focus,Violent Crime,4.0,4.0,2026-09-12,2026-09-25,2026-09-26,2026-10-09,42.37907995267717,-83.15372965648284,Littlefield Community,Indiana St & Cortland St,ALL
882ab2ce65fffff,4.0,4.0,Persistent Hotspot,0.0,0.0,5.4,02,Category Focus,Violent Crime,4.0,4.0,2026-09-12,2026-09-25,2026-09-26,2026-10-09,42.403742554973334,-83.18559534915846,Bethune Community,Fenkell St & Strathmoor St,ALL
882ab2cc43fffff,4.0,3.0,Declining Hotspot,-1.0,-25.0,3.0,02,Category Focus,Violent Crime,4.0,4.0,2026-09-12,2026-09-25,2026-09-26,2026-10-09,42.35584005865894,-83.1935237234267,Fiskhorn,Prest St & Joy Rd,ALL
882ab2ce2dfffff,4.0,3.0,Declining Hotspot,-1.0,-25.0,3.0,02,Category Focus,Violent Crime,4.0,4.0,2026-09-12,2026-09-25,2026-09-26,2026-10-09,42.39146711959255,-83.19100106122482,Hubbell-Lyndon,Grand River Ave & Whitcomb St,ALL
882ab2ce67fffff,6.0,3.0,Declining Hotspot,-3.0,-50.0,3.0,02,Category Focus,Violent Crime,4.0,4.0,2026-09-12,2026-09-25,2026-09-26,2026-10-09,42.3998098481388,-83.18206593144619,Bethune Community,Chalfonte St & Ardmore St,ALL
882ab2cc49fffff,4.0,2.0,Declining Hotspot,-2.0,-50.0,2.0,02,Category Focus,Violent Crime,4.0,4.0,2026-09-12,2026-09-25,2026-09-26,2026-10-09,42.37033498658255,-83.18975000316506,Plymouth-Hubbell,Orangelawn St & Strathmoor St,ALL
882ab2ce31fffff,6.0,2.0,Declining Hotspot,-4.0,-66.67,2.0,02,Category Focus,Violent Crime,4.0,4.0,2026-09-12,2026-09-25,2026-09-26,2026-10-09,42.36599567339108,-83.16733320530321,Barton-McFarland,W Chicago St & Appoline,ALL
882ab2ce39fffff,4.0,2.0,Declining Hotspot,-2.0,-50.0,2.0,02,Category Focus,Violent Crime,4.0,4.0,2026-09-12,2026-09-25,2026-09-26,2026-10-09,42.37260465005298,-83.15856633141807,Barton-McFarland,Aurora St & Elmira St,ALL
882ab2ce3dfffff,6.0,2.0,Declining Hotspot,-4.0,-66.67,2.0,02,Category Focus,Violent Crime,4.0,4.0,2026-09-12,2026-09-25,2026-09-26,2026-10-09,42.37649028963668,-83.17245583166994,Pride Area Community,Capitol St & Littlefield St,ALL
882ab2ce35fffff,5.0,1.0,Declining Hotspot,-4.0,-80.0,1.0,02,Category Focus,Violent Crime,4.0,4.0,2026-09-12,2026-09-25,2026-09-26,2026-10-09,42.368334921591256,-83.17676036708274,Barton-McFarland,Orangelawn St & Littlefield St,ALL
882ab2c5e9fffff,4.0,12.0,Emerging Hotspot,8.0,200.0,24.0,03,Category Focus,Violent Crime,5.0,5.0,2026-09-12,2026-09-25,2026-09-26,2026-10-09,42.346487742123,-83.0572617645819,Midtown,Eliot St & Woodward Ave,ALL
882ab2c513fffff,4.0,5.0,Emerging Hotspot,1.0,25.0,6.5,03,Category Focus,Violent Crime,5.0,5.0,2026-09-12,2026-09-25,2026-09-26,2026-10-09,42.35146420062658,-83.05236999150057,Medical Center,Beaubien St & Mack Ave,ALL
882ab2c5c7fffff,10.0,17.0,Persistent Hotspot,7.0,70.0,33.45,03,Category Focus,Violent Crime,5.0,5.0,2026-09-12,2026-09-25,2026-09-26,2026-10-09,42.33490709967879,-83.04418085859385,Downtown,Beaubien St & E Lafayette St,ALL
882ab2c58dfffff,25.0,18.0,Persistent Hotspot,-7.0,-28.0,24.3,03,Category Focus,Violent Crime,5.0,5.0,2026-09-12,2026-09-25,2026-09-26,2026-10-09,42.33168460389816,-83.049713162411,Downtown,Michigan Ave & Cass Ave,ALL
882ab2c5ebfffff,8.0,10.0,Persistent Hotspot,2.0,25.0,16.5,03,Category Focus,Violent Crime,5.0,5.0,2026-09-12,2026-09-25,2026-09-26,2026-10-09,42.33757686428401,-83.05134286793893,Downtown,Woodward Ave & E Adams Ave,ALL
882ab2c517fffff,7.0,9.0,Persistent Hotspot,2.0,28.57,15.15,03,Category Focus,Violent Crime,5.0,5.0,2026-09-12,2026-09-25,2026-09-26,2026-10-09,42.35337034789475,-83.06261310000085,Midtown,W Alexandrine St & Woodward Ave,ALL
882ab2c503fffff,5.0,4.0,Declining Hotspot,-1.0,-20.0,4.0,03,Category Focus,Violent Crime,5.0,5.0,2026-09-12,2026-09-25,2026-09-26,2026-10-09,42.36903674016917,-83.07404078940577,New Center,W Grand Blvd & 2nd Ave,ALL
882ab2c531fffff,6.0,1.0,Declining Hotspot,-5.0,-83.33,1.0,03,Category Focus,Violent Crime,5.0,5.0,2026-09-12,2026-09-25,2026-09-26,2026-10-09,42.35892645105544,-83.0812712368089,Elijah McCoy,Elijah Mccoy Dr & Lincoln St,ALL
882ab2c5e3fffff,6.0,1.0,Declining Hotspot,-5.0,-83.33,1.0,03,Category Focus,Violent Crime,5.0,5.0,2026-09-12,2026-09-25,2026-09-26,2026-10-09,42.33230278409165,-83.057812497388,Downtown,Bagley St & 3rd St,ALL
882ab2ceabfffff,0.0,5.0,New Hotspot,5.0,,12.5,04,Category Focus,Violent Crime,3.0,3.0,2026-09-12,2026-09-25,2026-09-26,2026-10-09,42.33086026129325,-83.1461719915354,Claytown,Arnold St & Trenton St,ALL
882ab2cc9bfffff,0.0,3.0,New Hotspot,3.0,,7.5,04,Category Focus,Violent Crime,3.0,3.0,2026-09-12,2026-09-25,2026-09-26,2026-10-09,42.27110988670601,-83.1495399544039,Boynton,Downing St & S Deacon St,ALL
882ab2cea9fffff,0.0,3.0,New Hotspot,3.0,,7.5,04,Category Focus,Violent Crime,3.0,3.0,2026-09-12,2026-09-25,2026-09-26,2026-10-09,42.33753668835616,-83.14877839251128,Claytown,Kirkwood St & Saint Lawrence St,ALL
882ab2ce85fffff,1.0,6.0,Emerging Hotspot,5.0,500.0,13.5,04,Category Focus,Violent Crime,3.0,3.0,2026-09-12,2026-09-25,2026-09-26,2026-10-09,42.33378178335646,-83.13859756466546,Claytown,Chopin St & Wagner St,ALL
882ab2ceb3fffff,2.0,5.0,Emerging Hotspot,3.0,150.0,9.5,04,Category Focus,Violent Crime,3.0,3.0,2026-09-12,2026-09-25,2026-09-26,2026-10-09,42.30658858311586,-83.13351917547075,Springwells,Falcon St & Woodmere St,ALL
882ab2ce81fffff,1.0,3.0,Emerging Hotspot,2.0,200.0,6.0,04,Category Focus,Violent Crime,3.0,3.0,2026-09-12,2026-09-25,2026-09-26,2026-10-09,42.33115254301452,-83.12738555727228,Claytown,Braden St & Michigan Ave,ALL
882ab2cebbfffff,1.0,3.0,Emerging Hotspot,2.0,200.0,6.0,04,Category Focus,Violent Crime,3.0,3.0,2026-09-12,2026-09-25,2026-09-26,2026-10-09,42.31264358814919,-83.12565401557374,Springwells,Pitt St & Central St,ALL
882ab2cee3fffff,2.0,3.0,Emerging Hotspot,1.0,50.0,4.5,04,Category Focus,Violent Crime,3.0,3.0,2026-09-12,2026-09-25,2026-09-26,2026-10-09,42.34147663463513,-83.14352498140082,Claytown,Kirkwood St & Cecil St,ALL
882ab2c5a5fffff,3.0,11.0,Persistent Hotspot,8.0,266.67,26.85,04,Category Focus,Violent Crime,3.0,3.0,2026-09-12,2026-09-25,2026-09-26,2026-10-09,42.3214211401294,-83.0882934819393,Mexicantown,25th St & Porter St,ALL
882ab2c5a7fffff,3.0,4.0,Persistent Hotspot,1.0,33.33,6.9,04,Category Focus,Violent Crime,3.0,3.0,2026-09-12,2026-09-25,2026-09-26,2026-10-09,42.31597228433292,-83.08490818363177,West Side Industrial,W Lafayette Blvd & W Grand Blvd,ALL
882ab2cc93fffff,3.0,2.0,Declining Hotspot,-1.0,-33.33,2.0,04,Category Focus,Violent Crime,3.0,3.0,2026-09-12,2026-09-25,2026-09-26,2026-10-09,42.2670386546049,-83.15600664121943,Boynton,S Annabelle St & Omaha St,ALL
882ab2ce91fffff,3.0,2.0,Declining Hotspot,-1.0,-33.33,2.0,04,Category Focus,Violent Crime,3.0,3.0,2026-09-12,2026-09-25,2026-09-26,2026-10-09,42.31701760692268,-83.10528103579631,Central Southwest,W Vernor Hwy & Campbell St,ALL
882ab21b6dfffff,3.0,1.0,Declining Hotspot,-2.0,-66.67,1.0,04,Category Focus,Violent Crime,3.0,3.0,2026-09-12,2026-09-25,2026-09-26,2026-10-09,42.306082428720046,-83.12337838459051,Springwells,Evans St & Lane St,ALL
882ab2ce99fffff,4.0,1.0,Declining Hotspot,-3.0,-75.0,1.0,04,Category Focus,Violent Crime,3.0,3.0,2026-09-12,2026-09-25,2026-09-26,2026-10-09,42.319742891837656,-83.09715415552316,Central Southwest,W Vernor Hwy & McKinstry St,ALL
882ab2ced7fffff,4.0,1.0,Declining Hotspot,-3.0,-75.0,1.0,04,Category Focus,Violent Crime,3.0,3.0,2026-09-12,2026-09-25,2026-09-26,2026-10-09,42.33304963618809,-83.10601253238046,Chadsey Condon,28th St & Magnolia St,ALL
882ab2ce97fffff,3.0,0.0,Declining Hotspot,-3.0,-100.0,0.0,04,Category Focus,Violent Crime,3.0,3.0,2026-09-12,2026-09-25,2026-09-26,2026-10-09,42.311351565951895,-83.11540488522492,Central Southwest,Bostwick St & Beard St,ALL
882ab2c635fffff,0.0,4.0,New Hotspot,4.0,,10.0,05,Category Focus,Violent Crime,4.0,3.0,2026-09-12,2026-09-25,2026-09-26,2026-10-09,42.39294996263973,-82.96858549304167,Fox Creek,Algonquin St & E Warren Ave,ALL
882ab2c65dfffff,0.0,3.0,New Hotspot,3.0,,7.5,05,Category Focus,Violent Crime,4.0,3.0,2026-09-12,2026-09-25,2026-09-26,2026-10-09,42.418510065715964,-82.91578504621214,Cornerstone Village,Moross Rd & Chandler Park Dr,ALL
882ab2c607fffff,1.0,3.0,Emerging Hotspot,2.0,200.0,6.0,05,Category Focus,Violent Crime,4.0,3.0,2026-09-12,2026-09-25,2026-09-26,2026-10-09,42.402369650762424,-82.94804568857344,Morningside,Frankfort St & Chatsworth St,ALL
882ab2c63dfffff,5.0,5.0,Persistent Hotspot,0.0,0.0,6.75,05,Category Focus,Violent Crime,4.0,3.0,2026-09-12,2026-09-25,2026-09-26,2026-10-09,42.39801206005198,-82.95507612877964,Morningside,Lakepointe St & E Warren Ave,ALL
882ab2c60bfffff,4.0,4.0,Persistent Hotspot,0.0,0.0,5.4,05,Category Focus,Violent Crime,4.0,3.0,2026-09-12,2026-09-25,2026-09-26,2026-10-09,42.40777111181735,-82.93091402775916,Cornerstone Village,E Warren Ave & Cadieux Rd,ALL
882ab2c6adfffff,4.0,4.0,Persistent Hotspot,0.0,0.0,5.4,05,Category Focus,Violent Crime,4.0,3.0,2026-09-12,2026-09-25,2026-09-26,2026-10-09,42.363218764052384,-82.95025084308988,Jefferson Chalmers,Continental St & Essex Ave,ALL
882ab2c443fffff,4.0,3.0,Persistent Hotspot,-1.0,-25.0,4.05,05,Category Focus,Violent Crime,4.0,3.0,2026-09-12,2026-09-25,2026-09-26,2026-10-09,42.37814570154656,-82.97995106386533,West End,Beniteau St & E Canfield St,ALL
882ab2c603fffff,4.0,3.0,Persistent Hotspot,-1.0,-25.0,4.05,05,Category Focus,Violent Crime,4.0,3.0,2026-09-12,2026-09-25,2026-09-26,2026-10-09,42.40333867732697,-82.9409495393533,Morningside,Bedford St & E Warren Ave,ALL
882ab2c609fffff,7.0,3.0,Persistent Hotspot,-4.0,-57.14,4.05,05,Category Focus,Violent Crime,4.0,3.0,2026-09-12,2026-09-25,2026-09-26,2026-10-09,42.41654000330367,-82.93627151822052,Cornerstone Village,Berden St & Grayton St,ALL
882ab2c61dfffff,4.0,1.0,Declining Hotspot,-3.0,-75.0,1.0,05,Category Focus,Violent Crime,4.0,3.0,2026-09-12,2026-09-25,2026-09-26,2026-10-09,42.40265468713058,-82.92665315281201,Cornerstone Village,Munich St & Cadieux Rd,ALL
882ab2c657fffff,6.0,1.0,Declining Hotspot,-5.0,-83.33,1.0,05,Category Focus,Violent Crime,4.0,3.0,2026-09-12,2026-09-25,2026-09-26,2026-10-09,42.40833090507417,-82.92037765440844,Cornerstone Village,E Warren Ave & Lodewyck St,ALL
882ab2c615fffff,4.0,0.0,Declining Hotspot,-4.0,-100.0,0.0,05,Category Focus,Violent Crime,4.0,3.0,2026-09-12,2026-09-25,2026-09-26,2026-10-09,42.39453305114127,-82.9366483665544,Morningside,Devonshire Rd & Waveney St,ALL
882ab2c655fffff,6.0,0.0,Declining Hotspot,-6.0,-100.0,0.0,05,Category Focus,Violent Crime,4.0,3.0,2026-09-12,2026-09-25,2026-09-26,2026-10-09,42.415150694414606,-82.92563550788495,Cornerstone Village,Hereford St & Southampton St,ALL
882ab2cf07fffff,0.0,5.0,New Hotspot,5.0,,12.5,06,Category Focus,Violent Crime,5.0,4.0,2026-09-12,2026-09-25,2026-09-26,2026-10-09,42.3926104170752,-83.24247504989057,Brightmoor,Acacia St & Fielding St,ALL
882ab2cc3dfffff,0.0,4.0,New Hotspot,4.0,,10.0,06,Category Focus,Violent Crime,5.0,4.0,2026-09-12,2026-09-25,2026-09-26,2026-10-09,42.33241656614574,-83.22278711881376,Warrendale,Kirkwood St & Brace St,ALL
882ab2cc6bfffff,2.0,7.0,Emerging Hotspot,5.0,250.0,14.5,06,Category Focus,Violent Crime,5.0,4.0,2026-09-12,2026-09-25,2026-09-26,2026-10-09,42.35788551697999,-83.21689024589386,Franklin Park,Joy Rd & S M 39 Service Drive,ALL
882ab2cc0dfffff,4.0,5.0,Emerging Hotspot,1.0,25.0,6.5,06,Category Focus,Violent Crime,5.0,4.0,2026-09-12,2026-09-25,2026-09-26,2026-10-09,42.35430968927313,-83.20946749533086,Garden View,Grandmont Ave & Constance Ave,ALL
882ab2cc01fffff,5.0,6.0,Persistent Hotspot,1.0,20.0,9.6,06,Category Focus,Violent Crime,5.0,4.0,2026-09-12,2026-09-25,2026-09-26,2026-10-09,42.34581838636176,-83.20932670190365,Warren Ave Community,Rutland St & Majestic St,ALL
882ab2cc61fffff,6.0,6.0,Persistent Hotspot,0.0,0.0,8.1,06,Category Focus,Violent Crime,5.0,4.0,2026-09-12,2026-09-25,2026-09-26,2026-10-09,42.35771412908955,-83.22863982813003,Franklin Park,Piedmont St & Joy Rd,ALL
882ab2cc45fffff,5.0,4.0,Persistent Hotspot,-1.0,-20.0,5.4,06,Category Focus,Violent Crime,5.0,4.0,2026-09-12,2026-09-25,2026-09-26,2026-10-09,42.36643298075457,-83.20937928061984,Joy Community,Abington Ave & W Chicago St,ALL
882ab2cc47fffff,8.0,4.0,Persistent Hotspot,-4.0,-50.0,5.4,06,Category Focus,Violent Crime,5.0,4.0,2026-09-12,2026-09-25,2026-09-26,2026-10-09,42.3581503152907,-83.20429829322885,Joy Community,Joy Rd & Prevost St,ALL
882ab2cc65fffff,5.0,4.0,Persistent Hotspot,-1.0,-20.0,5.4,06,Category Focus,Violent Crime,5.0,4.0,2026-09-12,2026-09-25,2026-09-26,2026-10-09,42.36290915087244,-83.23725215408572,Franklin Park,Westfield St & Vaughan St,ALL
882ab2cc2bfffff,8.0,3.0,Declining Hotspot,-5.0,-62.5,3.0,06,Category Focus,Violent Crime,5.0,4.0,2026-09-12,2026-09-25,2026-09-26,2026-10-09,42.339552038252194,-83.22796776109868,Warrendale,Minock St & Whitlock St,ALL
882ab2cc41fffff,5.0,2.0,Declining Hotspot,-3.0,-60.0,2.0,06,Category Focus,Violent Crime,5.0,4.0,2026-09-12,2026-09-25,2026-09-26,2026-10-09,42.36349426408292,-83.19722222275703,We Care Community,Greenfield Rd & Westfield St,ALL
882ab2cd49fffff,6.0,2.0,Declining Hotspot,-4.0,-66.67,2.0,06,Category Focus,Violent Crime,5.0,4.0,2026-09-12,2026-09-25,2026-09-26,2026-10-09,42.38108595459882,-83.27214124344795,Castle Rouge,Virgil St & W Davison St,ALL
882ab2cc4dfffff,5.0,1.0,Declining Hotspot,-4.0,-80.0,1.0,06,Category Focus,Violent Crime,5.0,4.0,2026-09-12,2026-09-25,2026-09-26,2026-10-09,42.37248936031544,-83.19755565433134,Plymouth-I96,Greenfield Rd & Plymouth Rd,ALL
882ab2cc09fffff,5.0,0.0,Declining Hotspot,-5.0,-100.0,0.0,06,Category Focus,Violent Crime,5.0,4.0,2026-09-12,2026-09-25,2026-09-26,2026-10-09,42.34835019966707,-83.20334472477757,Warren Ave Community,Diversey & Asbury Park,ALL
882ab2c405fffff,1.0,5.0,Emerging Hotspot,4.0,400.0,11.0,07,Category Focus,Violent Crime,4.0,4.0,2026-09-12,2026-09-25,2026-09-26,2026-10-09,42.36776819372047,-83.00440107587261,Gratiot-Grand,Maxwell St & Mack Ave,ALL
882ab2c437fffff,2.0,4.0,Emerging Hotspot,2.0,100.0,7.0,07,Category Focus,Violent Crime,4.0,4.0,2026-09-12,2026-09-25,2026-09-26,2026-10-09,42.34173030969738,-83.01454882139126,Rivertown,E Jefferson Ave & Adair St,ALL
882ab2c5cbfffff,9.0,9.0,Persistent Hotspot,0.0,0.0,12.15,07,Category Focus,Violent Crime,4.0,4.0,2026-09-12,2026-09-25,2026-09-26,2026-10-09,42.34101769155248,-83.02326650909899,Elmwood Park,E Jefferson Ave & Chene St,ALL
882ab2c5c3fffff,4.0,6.0,Persistent Hotspot,2.0,50.0,11.1,07,Category Focus,Violent Crime,4.0,4.0,2026-09-12,2026-09-25,2026-09-26,2026-10-09,42.33594134550091,-83.03077624997024,Lafayette Park,Saint Aubin St & E Larned St,ALL
882ab2c5c9fffff,5.0,5.0,Persistent Hotspot,0.0,0.0,6.75,07,Category Focus,Violent Crime,4.0,4.0,2026-09-12,2026-09-25,2026-09-26,2026-10-09,42.3482826472385,-83.02647867706486,Elmwood Park,E Vernor Hwy & Chene St,ALL
882ab2c439fffff,6.0,2.0,Declining Hotspot,-4.0,-66.67,2.0,07,Category Focus,Violent Crime,4.0,4.0,2026-09-12,2026-09-25,2026-09-26,2026-10-09,42.351399305462806,-82.99731213591747,West Village,Townsend St & E Congress St,ALL
882ab2c5ddfffff,4.0,1.0,Declining Hotspot,-3.0,-75.0,1.0,07,Category Focus,Violent Crime,4.0,4.0,2026-09-12,2026-09-25,2026-09-26,2026-10-09,42.33741474160114,-83.02315637576655,Rivertown,Dubois St & E Jefferson Ave,ALL
882ab2cab3fffff,0.0,3.0,New Hotspot,3.0,,7.5,08,Category Focus,Violent Crime,4.0,3.0,2026-09-12,2026-09-25,2026-09-26,2026-10-09,42.424264621278624,-83.27260982757421,Seven Mile-Rouge,Grand River Ave & Codding St,ALL
882ab2cf5bfffff,0.0,3.0,New Hotspot,3.0,,7.5,08,Category Focus,Violent Crime,4.0,3.0,2026-09-12,2026-09-25,2026-09-26,2026-10-09,42.401484971464086,-83.19627337183282,Belmont,Fenkell St & Whitcomb St,ALL
882ab2ca93fffff,2.0,7.0,Emerging Hotspot,5.0,250.0,14.5,08,Category Focus,Violent Crime,4.0,3.0,2026-09-12,2026-09-25,2026-09-26,2026-10-09,42.42945066108597,-83.24075689108246,Evergreen Lahser 7/8,Pickford St & Vaughan St,ALL
882ab2cf0dfffff,1.0,6.0,Emerging Hotspot,5.0,500.0,13.5,08,Category Focus,Violent Crime,4.0,3.0,2026-09-12,2026-09-25,2026-09-26,2026-10-09,42.406027444412715,-83.24063170700437,Brightmoor,Braile St & Pilgrim St,ALL
882ab2ca97fffff,1.0,4.0,Emerging Hotspot,3.0,300.0,8.5,08,Category Focus,Violent Crime,4.0,3.0,2026-09-12,2026-09-25,2026-09-26,2026-10-09,42.42918217960313,-83.25417124175925,Holcomb Community,Lahser Rd & W 7 Mile Rd,ALL
882ab2ca95fffff,1.0,3.0,Emerging Hotspot,2.0,200.0,6.0,08,Category Focus,Violent Crime,4.0,3.0,2026-09-12,2026-09-25,2026-09-26,2026-10-09,42.43797970065868,-83.25792730533209,Berg-Lahser,Fargo St & Houghton St,ALL
882ab2cf29fffff,1.0,3.0,Emerging Hotspot,2.0,200.0,6.0,08,Category Focus,Violent Crime,4.0,3.0,2026-09-12,2026-09-25,2026-09-26,2026-10-09,42.40210283064391,-83.25944755666258,Brightmoor,Midland St & Dolphin St,ALL
882ab2cf51fffff,1.0,3.0,Emerging Hotspot,2.0,200.0,6.0,08,Category Focus,Violent Crime,4.0,3.0,2026-09-12,2026-09-25,2026-09-26,2026-10-09,42.40224479386136,-83.20749184758557,Crary/St Marys,Fenkell St & Biltmore St,ALL
882ab2cf6dfffff,1.0,3.0,Emerging Hotspot,2.0,200.0,6.0,08,Category Focus,Violent Crime,4.0,3.0,2026-09-12,2026-09-25,2026-09-26,2026-10-09,42.42138485355469,-83.25809300029243,Holcomb Community,Glenco St & Burgess St,ALL
882ab2cf61fffff,7.0,9.0,Persistent Hotspot,2.0,28.57,15.15,08,Category Focus,Violent Crime,4.0,3.0,2026-09-12,2026-09-25,2026-09-26,2026-10-09,42.41473691674537,-83.25444471974748,Holcomb Community,Grand River Ave & W McNichols Rd,ALL
882ab2cf53fffff,5.0,4.0,Persistent Hotspot,-1.0,-20.0,5.4,08,Category Focus,Violent Crime,4.0,3.0,2026-09-12,2026-09-25,2026-09-26,2026-10-09,42.393284994986786,-83.20146225867704,Greenfield-Grand River,Greenfield Rd & Eaton St,ALL
882ab2c1a7fffff,4.0,3.0,Persistent Hotspot,-1.0,-25.0,4.05,08,Category Focus,Violent Crime,4.0,3.0,2026-09-12,2026-09-25,2026-09-26,2026-10-09,42.431854512084,-83.22173613319157,O'Hair Park,Cambridge Ave & Fenmore St,ALL
882ab2ca9bfffff,5.0,3.0,Persistent Hotspot,-2.0,-40.0,4.05,08,Category Focus,Violent Crime,4.0,3.0,2026-09-12,2026-09-25,2026-09-26,2026-10-09,42.433480165568085,-83.23381342470212,O'Hair Park,Edinborough Rd & Vassar Ave,ALL
882ab2cab1fffff,6.0,3.0,Persistent Hotspot,-3.0,-50.0,4.05,08,Category Focus,Violent Crime,4.0,3.0,2026-09-12,2026-09-25,2026-09-26,2026-10-09,42.42907097577434,-83.2755293560464,Seven Mile-Rouge,Shiawassee Dr & W 7 Mile Rd,ALL
882ab2c1a3fffff,4.0,2.0,Declining Hotspot,-2.0,-50.0,2.0,08,Category Focus,Violent Crime,4.0,3.0,2026-09-12,2026-09-25,2026-09-26,2026-10-09,42.43023461930832,-83.21052575830069,Greenfield,Lindsay St & W 7 Mile Rd,ALL
882ab2c1a5fffff,5.0,2.0,Declining Hotspot,-3.0,-60.0,2.0,08,Category Focus,Violent Crime,4.0,3.0,2026-09-12,2026-09-25,2026-09-26,2026-10-09,42.43977834838779,-83.22596989636799,O'Hair Park,Greenview Ave & W 8 Mile Rd,ALL
882ab2c1bdfffff,4.0,2.0,Declining Hotspot,-2.0,-50.0,2.0,08,Category Focus,Violent Crime,4.0,3.0,2026-09-12,2026-09-25,2026-09-26,2026-10-09,42.430418368393845,-83.19990339634495,College Park,Clarita St & Rutherford St,ALL
882ab2cf4dfffff,6.0,2.0,Declining Hotspot,-4.0,-66.67,2.0,08,Category Focus,Violent Crime,4.0,3.0,2026-09-12,2026-09-25,2026-09-26,2026-10-09,42.42673829558508,-83.22769215061737,Evergreen-Outer Drive,Huntington Rd & W 7 Mile Rd,ALL
882ab2cf5dfffff,4.0,2.0,Declining Hotspot,-2.0,-50.0,2.0,08,Category Focus,Violent Crime,4.0,3.0,2026-09-12,2026-09-25,2026-09-26,2026-10-09,42.41024322781708,-83.2107656589474,Crary/St Marys,Florence St & Lindsay St,ALL
882ab2c1abfffff,5.0,1.0,Declining Hotspot,-4.0,-80.0,1.0,08,Category Focus,Violent Crime,4.0,3.0,2026-09-12,2026-09-25,2026-09-26,2026-10-09,42.43747239907838,-83.20569572957656,Greenfield,Mansfield St & Vassar Ave,ALL
882ab2c1b5fffff,4.0,1.0,Declining Hotspot,-3.0,-75.0,1.0,08,Category Focus,Violent Crime,4.0,3.0,2026-09-12,2026-09-25,2026-09-26,2026-10-09,42.422979961033775,-83.20659602684347,College Park,Margareta St & Rutherford St,ALL
882ab2c8dbfffff,5.0,1.0,Declining Hotspot,-4.0,-80.0,1.0,08,Category Focus,Violent Crime,4.0,3.0,2026-09-12,2026-09-25,2026-09-26,2026-10-09,42.41195859757408,-83.27729429805335,Riverdale,Telegraph Rd & Grove St,ALL
882ab2cab7fffff,10.0,1.0,Declining Hotspot,-9.0,-90.0,1.0,08,Category Focus,Violent Crime,4.0,3.0,2026-09-12,2026-09-25,2026-09-26,2026-10-09,42.4286454981274,-83.28287056611585,Five Points,Lenore Ave & W 7 Mile Rd,ALL
882ab2cf03fffff,4.0,0.0,Declining Hotspot,-4.0,-100.0,0.0,08,Category Focus,Violent Crime,4.0,3.0,2026-09-12,2026-09-25,2026-09-26,2026-10-09,42.39128365441183,-83.23704280273566,Westwood Park,Acacia St & Crescent Dr,ALL
882ab2c647fffff,1.0,8.0,Emerging Hotspot,7.0,700.0,18.5,09,Category Focus,Violent Crime,5.0,5.0,2026-09-12,2026-09-25,2026-09-26,2026-10-09,42.42295850729912,-82.93786599197253,Moross-Morang,Duprey St & Casino St,ALL
882ab2c621fffff,2.0,6.0,Emerging Hotspot,4.0,200.0,12.0,09,Category Focus,Violent Crime,5.0,5.0,2026-09-12,2026-09-25,2026-09-26,2026-10-09,42.40685201917693,-82.97390352987608,Outer Drive-Hayes,Evanston St & Dickerson St,ALL
882ab2c62bfffff,4.0,7.0,Emerging Hotspot,3.0,75.0,11.5,09,Category Focus,Violent Crime,5.0,5.0,2026-09-12,2026-09-25,2026-09-26,2026-10-09,42.40618566147862,-82.96174397111852,Outer Drive-Hayes,Evanston St & Wayburn St,ALL
882ab2d591fffff,2.0,5.0,Emerging Hotspot,3.0,150.0,9.5,09,Category Focus,Violent Crime,5.0,5.0,2026-09-12,2026-09-25,2026-09-26,2026-10-09,42.44696808130885,-82.95244442464573,Regent Park,Bringard Dr & Redmond St,ALL
882ab2c663fffff,3.0,5.0,Emerging Hotspot,2.0,66.67,8.0,09,Category Focus,Violent Crime,5.0,5.0,2026-09-12,2026-09-25,2026-09-26,2026-10-09,42.41950621604016,-82.95701596483369,Denby,Grayton St & Lansdowne St,ALL
882ab2c66dfffff,4.0,5.0,Emerging Hotspot,1.0,25.0,6.5,09,Category Focus,Violent Crime,5.0,5.0,2026-09-12,2026-09-25,2026-09-26,2026-10-09,42.43471318654235,-82.96546041055458,Mapleridge,Hayes St & E 7 Mile Rd,ALL
882ab2d5b3fffff,7.0,6.0,Persistent Hotspot,-1.0,-14.29,8.1,09,Category Focus,Violent Crime,5.0,5.0,2026-09-12,2026-09-25,2026-09-26,2026-10-09,42.43508315926134,-82.97639201995733,Mapleridge,Chalmers St & Eastwood St,ALL
882ab2c60dfffff,9.0,5.0,Persistent Hotspot,-4.0,-44.44,6.75,09,Category Focus,Violent Crime,5.0,5.0,2026-09-12,2026-09-25,2026-09-26,2026-10-09,42.41947717055631,-82.9476365500096,Yorkshire Woods,Nottingham Rd & Grayton St,ALL
882ab2c66bfffff,9.0,5.0,Persistent Hotspot,-4.0,-44.44,6.75,09,Category Focus,Violent Crime,5.0,5.0,2026-09-12,2026-09-25,2026-09-26,2026-10-09,42.42632688143854,-82.95097948082058,Moross-Morang,Morang Dr & Lansdowne St,ALL
882ab2c667fffff,8.0,4.0,Declining Hotspot,-4.0,-50.0,4.0,09,Category Focus,Violent Crime,5.0,5.0,2026-09-12,2026-09-25,2026-09-26,2026-10-09,42.42078445598505,-82.96993216661689,Mapleridge,Hayes St & Houston Whittier Ave,ALL
882ab2c759fffff,6.0,4.0,Declining Hotspot,-2.0,-33.33,4.0,09,Category Focus,Violent Crime,5.0,5.0,2026-09-12,2026-09-25,2026-09-26,2026-10-09,42.431194724608666,-82.98576973523089,Franklin,Eastwood St & Schoenherr St,ALL
882ab2d597fffff,5.0,4.0,Declining Hotspot,-1.0,-20.0,4.0,09,Category Focus,Violent Crime,5.0,5.0,2026-09-12,2026-09-25,2026-09-26,2026-10-09,42.4405233668612,-82.95838258019134,Regent Park,Lappin St & Rex St,ALL
882ab2c743fffff,6.0,3.0,Declining Hotspot,-3.0,-50.0,3.0,09,Category Focus,Violent Crime,5.0,5.0,2026-09-12,2026-09-25,2026-09-26,2026-10-09,42.43428372316813,-83.00810830306966,Mount Olivet,E 7 Mile Rd & Teppert St,ALL
882ab2c755fffff,11.0,3.0,Declining Hotspot,-8.0,-72.73,3.0,09,Category Focus,Violent Crime,5.0,5.0,2026-09-12,2026-09-25,2026-09-26,2026-10-09,42.42396549015056,-83.00430992780001,Von Steuben,Dresden St & Sauer St,ALL
882ab2ce11fffff,1.0,7.0,Emerging Hotspot,6.0,600.0,16.0,10,Category Focus,Violent Crime,5.0,3.0,2026-09-12,2026-09-25,2026-09-26,2026-10-09,42.369915571358995,-83.13889016310524,Oakman Blvd Community,Grand River Ave & Monica St,ALL
882ab2c523fffff,3.0,6.0,Emerging Hotspot,3.0,100.0,10.5,10,Category Focus,Violent Crime,5.0,3.0,2026-09-12,2026-09-25,2026-09-26,2026-10-09,42.3672898973267,-83.10462880708579,Virginia Park Community,Linwood St & W Euclid St,ALL
882ab2c52bfffff,2.0,3.0,Emerging Hotspot,1.0,50.0,4.5,10,Category Focus,Violent Crime,5.0,3.0,2026-09-12,2026-09-25,2026-09-26,2026-10-09,42.372964804255616,-83.09492280340922,Virginia Park Community,Woodrow Wilson St & Gladstone St,ALL
882ab2c567fffff,2.0,3.0,Emerging Hotspot,1.0,50.0,4.5,10,Category Focus,Violent Crime,5.0,3.0,2026-09-12,2026-09-25,2026-09-26,2026-10-09,42.38799671608936,-83.1050616876,Dexter-Linwood,Woodrow Wilson St & Tuxedo St,ALL
882ab2ce1bfffff,2.0,3.0,Emerging Hotspot,1.0,50.0,4.5,10,Category Focus,Violent Crime,5.0,3.0,2026-09-12,2026-09-25,2026-09-26,2026-10-09,42.37268528864736,-83.12526251088762,Nardin Park,W Boston Blvd & Quincy St,ALL
882ab2c527fffff,4.0,4.0,Emerging Hotspot,0.0,0.0,4.0,10,Category Focus,Violent Crime,5.0,3.0,2026-09-12,2026-09-25,2026-09-26,2026-10-09,42.369417413021786,-83.11580419899393,Petoskey-Otsego,Atkinson St & Dexter Ave,ALL
882ab2ce1dfffff,4.0,3.0,Emerging Hotspot,-1.0,-25.0,3.0,10,Category Focus,Violent Crime,5.0,3.0,2026-09-12,2026-09-25,2026-09-26,2026-10-09,42.37615505542366,-83.14161011206531,Oakman Blvd Community,Monica St & Tuxedo St,ALL
882ab2cec9fffff,3.0,3.0,Emerging Hotspot,0.0,0.0,3.0,10,Category Focus,Violent Crime,5.0,3.0,2026-09-12,2026-09-25,2026-09-26,2026-10-09,42.36098985487923,-83.11022664332955,Petoskey-Otsego,Wildemere St & Montgomery St,ALL
882ab2ce57fffff,5.0,6.0,Persistent Hotspot,1.0,20.0,9.6,10,Category Focus,Violent Crime,5.0,3.0,2026-09-12,2026-09-25,2026-09-26,2026-10-09,42.38590185434009,-83.13240715675242,Russell Woods,Sturtevant St & Dexter Ave,ALL
882ab2ce59fffff,5.0,6.0,Persistent Hotspot,1.0,20.0,9.6,10,Category Focus,Violent Crime,5.0,3.0,2026-09-12,2026-09-25,2026-09-26,2026-10-09,42.39534889396938,-83.11862038795063,Oakman Blvd Community,Indiandale St & W Davison St,ALL
882ab2ce5bfffff,6.0,5.0,Persistent Hotspot,-1.0,-16.67,6.75,10,Category Focus,Violent Crime,5.0,3.0,2026-09-12,2026-09-25,2026-09-26,2026-10-09,42.3886209069811,-83.11251516814774,Dexter-Linwood,Fullerton St & Linwood St,ALL
882ab2cec1fffff,6.0,3.0,Persistent Hotspot,-3.0,-50.0,4.05,10,Category Focus,Violent Crime,5.0,3.0,2026-09-12,2026-09-25,2026-09-26,2026-10-09,42.35400509547457,-83.11772393971783,Midwest,Firwood St & Allendale St,ALL
882ab2c52dfffff,5.0,2.0,Declining Hotspot,-3.0,-60.0,2.0,10,Category Focus,Violent Crime,5.0,3.0,2026-09-12,2026-09-25,2026-09-26,2026-10-09,42.38290213355274,-83.10845890458248,Dexter-Linwood,Webb St & 14th St,ALL
882ab2ce55fffff,6.0,2.0,Declining Hotspot,-4.0,-66.67,2.0,10,Category Focus,Violent Crime,5.0,3.0,2026-09-12,2026-09-25,2026-09-26,2026-10-09,42.39243320840768,-83.13810068136917,Oakman Blvd Community,Kendall St & Livernois Ave,ALL
882ab2cec5fffff,5.0,0.0,Declining Hotspot,-5.0,-100.0,0.0,10,Category Focus,Violent Crime,5.0,3.0,2026-09-12,2026-09-25,2026-09-26,2026-10-09,42.35489806827917,-83.12699257918058,Midwest,Pacific St & Ironwood St,ALL
882ab2c0d3fffff,0.0,4.0,New Hotspot,4.0,,10.0,11,Category Focus,Violent Crime,4.0,4.0,2026-09-12,2026-09-25,2026-09-26,2026-10-09,42.42660855373346,-83.0706542835568,Northeast Central District,E Grixdale St & Gallagher St,ALL
882ab2c747fffff,0.0,4.0,New Hotspot,4.0,,10.0,11,Category Focus,Violent Crime,4.0,4.0,2026-09-12,2026-09-25,2026-09-26,2026-10-09,42.434173519988605,-83.02104772755249,Nortown,Van Dyke St & E 7 Mile Rd,ALL
882ab2c0dbfffff,2.0,8.0,Emerging Hotspot,6.0,300.0,17.0,11,Category Focus,Violent Crime,4.0,4.0,2026-09-12,2026-09-25,2026-09-26,2026-10-09,42.43573315701592,-83.05992032298255,Farwell,Emery St & Shields St,ALL
882ab2c741fffff,1.0,6.0,Emerging Hotspot,5.0,500.0,13.5,11,Category Focus,Violent Crime,4.0,4.0,2026-09-12,2026-09-25,2026-09-26,2026-10-09,42.43895435560887,-83.01629628214067,Nortown,E Lantz St & E Outer Dr,ALL
882ab2c0d1fffff,2.0,6.0,Emerging Hotspot,4.0,200.0,12.0,11,Category Focus,Violent Crime,4.0,4.0,2026-09-12,2026-09-25,2026-09-26,2026-10-09,42.434850341445134,-83.07396450107514,Nolan,Revere St & Emery St,ALL
882ab2c09bfffff,1.0,4.0,Emerging Hotspot,3.0,300.0,8.5,11,Category Focus,Violent Crime,4.0,4.0,2026-09-12,2026-09-25,2026-09-26,2026-10-09,42.41320718222201,-83.07112039388653,North Campau,Anglin St & E Davison St,ALL
882ab2c0c3fffff,1.0,4.0,Emerging Hotspot,3.0,300.0,8.5,11,Category Focus,Violent Crime,4.0,4.0,2026-09-12,2026-09-25,2026-09-26,2026-10-09,42.442444332160655,-83.08741200006128,Nolan,Greeley St & E Remington Ave,ALL
882ab2c745fffff,3.0,4.0,Emerging Hotspot,1.0,33.33,5.5,11,Category Focus,Violent Crime,4.0,4.0,2026-09-12,2026-09-25,2026-09-26,2026-10-09,42.443563316717686,-83.02527830993336,Sherwood,Van Dyke St & E Outer Dr,ALL
882ab2c0d9fffff,5.0,5.0,Persistent Hotspot,0.0,0.0,6.75,11,Category Focus,Violent Crime,4.0,4.0,2026-09-12,2026-09-25,2026-09-26,2026-10-09,42.44266492564872,-83.06568811266315,Farwell,E Remington St & Wexford St,ALL
882ab2c765fffff,6.0,5.0,Persistent Hotspot,-1.0,-16.67,6.75,11,Category Focus,Violent Crime,4.0,4.0,2026-09-12,2026-09-25,2026-09-26,2026-10-09,42.438195439880296,-83.0550607183114,Farwell,E Lantz St & Hasse St,ALL
882ab2c0d7fffff,5.0,4.0,Persistent Hotspot,-1.0,-20.0,5.4,11,Category Focus,Violent Crime,4.0,4.0,2026-09-12,2026-09-25,2026-09-26,2026-10-09,42.43045269692552,-83.07978876677944,Northeast Central District,Arlington St & E Nevada St,ALL
882ab2c0d5fffff,4.0,3.0,Declining Hotspot,-1.0,-25.0,3.0,11,Category Focus,Violent Crime,4.0,4.0,2026-09-12,2026-09-25,2026-09-26,2026-10-09,42.43530691706474,-83.08554140921073,Nolan,E Outer Dr & E State Fair St,ALL
882ab2c0ddfffff,4.0,3.0,Declining Hotspot,-1.0,-25.0,3.0,11,Category Focus,Violent Crime,4.0,4.0,2026-09-12,2026-09-25,2026-09-26,2026-10-09,42.44260572858536,-83.07511554375627,Butler,E Remington St & Anglin St,ALL
882ab2c72dfffff,9.0,3.0,Declining Hotspot,-6.0,-66.67,3.0,11,Category Focus,Violent Crime,4.0,4.0,2026-09-12,2026-09-25,2026-09-26,2026-10-09,42.42611995184964,-83.05848511975876,Krainz Woods,Conley St & E Nevada St,ALL
882ab2c767fffff,4.0,3.0,Declining Hotspot,-1.0,-25.0,3.0,11,Category Focus,Violent Crime,4.0,4.0,2026-09-12,2026-09-25,2026-09-26,2026-10-09,42.433312355933865,-83.05315768057397,Farwell,Keystone St & E 7 Mile Rd,ALL
882ab2c761fffff,4.0,2.0,Declining Hotspot,-2.0,-50.0,2.0,11,Category Focus,Violent Crime,4.0,4.0,2026-09-12,2026-09-25,2026-09-26,2026-10-09,42.438372332382855,-83.04517450617394,Farwell,E Lantz St & Caldwell St,ALL
882ab2c76bfffff,4.0,2.0,Declining Hotspot,-2.0,-50.0,2.0,11,Category Focus,Violent Crime,4.0,4.0,2026-09-12,2026-09-25,2026-09-26,2026-10-09,42.43802235086805,-83.02963704566491,Nortown,E Lantz St & Packard St,ALL
882ab2c08bfffff,4.0,1.0,Declining Hotspot,-3.0,-75.0,1.0,11,Category Focus,Violent Crime,4.0,4.0,2026-09-12,2026-09-25,2026-09-26,2026-10-09,42.43255821892448,-83.09154191892787,Hawthorne Park,Cardoni St & E 7 Mile Rd,ALL
882ab2c099fffff,4.0,1.0,Declining Hotspot,-3.0,-75.0,1.0,11,Category Focus,Violent Crime,4.0,4.0,2026-09-12,2026-09-25,2026-09-26,2026-10-09,42.41862768769621,-83.076145729503,Cadillac Heights,Maine St & Jerome St,ALL
882ab2c18bfffff,0.0,4.0,New Hotspot,4.0,,10.0,12,Category Focus,Violent Crime,5.0,4.0,2026-09-12,2026-09-25,2026-09-26,2026-10-09,42.44063590486494,-83.16996756750167,Blackstone Park,Chippewa St & Manor St,ALL
882ab2c1d7fffff,1.0,5.0,Emerging Hotspot,4.0,400.0,11.0,12,Category Focus,Violent Crime,5.0,4.0,2026-09-12,2026-09-25,2026-09-26,2026-10-09,42.440937285564594,-83.16025494114841,Garden Homes,Chippewa St & Kentucky St,ALL
882ab2c187fffff,2.0,5.0,Emerging Hotspot,3.0,150.0,9.5,12,Category Focus,Violent Crime,5.0,4.0,2026-09-12,2026-09-25,2026-09-26,2026-10-09,42.43590410066288,-83.19164825228461,Schaefer 7/8 Lodge,Marlowe St & Chippewa St,ALL
882ab2c1bbfffff,4.0,6.0,Emerging Hotspot,2.0,50.0,9.0,12,Category Focus,Violent Crime,5.0,4.0,2026-09-12,2026-09-25,2026-09-26,2026-10-09,42.42009320526152,-83.18315847826315,Winship,Lesure St & W Outer Dr,ALL
882ab2c19dfffff,1.0,4.0,Emerging Hotspot,3.0,300.0,8.5,12,Category Focus,Violent Crime,5.0,4.0,2026-09-12,2026-09-25,2026-09-26,2026-10-09,42.43126692790173,-83.17067783984953,Schulze,Clarita St & Mendota St,ALL
882ab2c0b9fffff,2.0,4.0,Emerging Hotspot,2.0,100.0,7.0,12,Category Focus,Violent Crime,5.0,4.0,2026-09-12,2026-09-25,2026-09-26,2026-10-09,42.418580604070286,-83.10702227807654,Palmer Park,Merton Rd & Whitmore Rd,ALL
882ab2ce69fffff,2.0,4.0,Emerging Hotspot,2.0,100.0,7.0,12,Category Focus,Violent Crime,5.0,4.0,2026-09-12,2026-09-25,2026-09-26,2026-10-09,42.40952652796024,-83.16988000187754,Harmony Village,Puritan St & Steel St,ALL
882ab2c0bdfffff,8.0,4.0,Persistent Hotspot,-4.0,-50.0,5.4,12,Category Focus,Violent Crime,5.0,4.0,2026-09-12,2026-09-25,2026-09-26,2026-10-09,42.41984167587222,-83.11537727807823,Palmer Park,Alwyne Ln & Whitmore Rd,ALL
882ab2c193fffff,7.0,4.0,Persistent Hotspot,-3.0,-42.86,5.4,12,Category Focus,Violent Crime,5.0,4.0,2026-09-12,2026-09-25,2026-09-26,2026-10-09,42.41694374036624,-83.1603122492298,Schulze,W McNichols Rd & Wyoming St,ALL
882ab2c191fffff,7.0,3.0,Declining Hotspot,-4.0,-57.14,3.0,12,Category Focus,Violent Crime,5.0,4.0,2026-09-12,2026-09-25,2026-09-26,2026-10-09,42.42589435995885,-83.16953128115861,Schulze,Margareta St & Manor St,ALL
882ab2c1b9fffff,5.0,3.0,Declining Hotspot,-2.0,-40.0,3.0,12,Category Focus,Violent Crime,5.0,4.0,2026-09-12,2026-09-25,2026-09-26,2026-10-09,42.42899293275995,-83.18933189351888,Winship,Clarita St & Lauder St,ALL
882ab2ce41fffff,5.0,3.0,Declining Hotspot,-2.0,-40.0,3.0,12,Category Focus,Violent Crime,5.0,4.0,2026-09-12,2026-09-25,2026-09-26,2026-10-09,42.40752967248862,-83.14475115683516,Fitzgerald/Marygrove,Midland St & Tuller St,ALL
882ab2c0a5fffff,5.0,2.0,Declining Hotspot,-3.0,-60.0,2.0,12,Category Focus,Violent Crime,5.0,4.0,2026-09-12,2026-09-25,2026-09-26,2026-10-09,42.429725865124134,-83.143494754763,Bagley,Livernois Ave & W 7 Mile Rd,ALL
882ab2c183fffff,5.0,2.0,Declining Hotspot,-3.0,-60.0,2.0,12,Category Focus,Violent Crime,5.0,4.0,2026-09-12,2026-09-25,2026-09-26,2026-10-09,42.43472556731352,-83.18116686735097,Schaefer 7/8 Lodge,Schaefer Hwy & Vassar Ave,ALL
882ab2ce6bfffff,6.0,1.0,Declining Hotspot,-5.0,-83.33,1.0,12,Category Focus,Violent Crime,5.0,4.0,2026-09-12,2026-09-25,2026-09-26,2026-10-09,42.40235554835761,-83.16510510883968,Bethune Community,Washburn St & Fenkell St,ALL
882ab2c181fffff,7.0,0.0,Declining Hotspot,-7.0,-100.0,0.0,12,Category Focus,Violent Crime,5.0,4.0,2026-09-12,2026-09-25,2026-09-26,2026-10-09,42.44116711719956,-83.1850685647822,Schaefer 7/8 Lodge,Tracey St & Chippewa St,ALL
882ab2cf5bfffff,0.0,8.0,New Hotspot,8.0,,20.0,ALL,Category Focus,Violent Crime,5.0,4.0,2026-09-12,2026-09-25,2026-09-26,2026-10-09,42.401484971464086,-83.19627337183282,Belmont,Fenkell St & Whitcomb St,ALL
882ab2ceabfffff,0.0,5.0,New Hotspot,5.0,,12.5,ALL,Category Focus,Violent Crime,5.0,4.0,2026-09-12,2026-09-25,2026-09-26,2026-10-09,42.33086026129325,-83.1461719915354,Claytown,Arnold St & Trenton St,ALL
882ab2cf07fffff,0.0,5.0,New Hotspot,5.0,,12.5,ALL,Category Focus,Violent Crime,5.0,4.0,2026-09-12,2026-09-25,2026-09-26,2026-10-09,42.3926104170752,-83.24247504989057,Brightmoor,Acacia St & Fielding St,ALL
882ab2c0d3fffff,0.0,4.0,New Hotspot,4.0,,10.0,ALL,Category Focus,Violent Crime,5.0,4.0,2026-09-12,2026-09-25,2026-09-26,2026-10-09,42.42660855373346,-83.0706542835568,Northeast Central District,E Grixdale St & Gallagher St,ALL
882ab2c18bfffff,0.0,4.0,New Hotspot,4.0,,10.0,ALL,Category Focus,Violent Crime,5.0,4.0,2026-09-12,2026-09-25,2026-09-26,2026-10-09,42.44063590486494,-83.16996756750167,Blackstone Park,Chippewa St & Manor St,ALL
882ab2c635fffff,0.0,4.0,New Hotspot,4.0,,10.0,ALL,Category Focus,Violent Crime,5.0,4.0,2026-09-12,2026-09-25,2026-09-26,2026-10-09,42.39294996263973,-82.96858549304167,Fox Creek,Algonquin St & E Warren Ave,ALL
882ab2c747fffff,0.0,4.0,New Hotspot,4.0,,10.0,ALL,Category Focus,Violent Crime,5.0,4.0,2026-09-12,2026-09-25,2026-09-26,2026-10-09,42.434173519988605,-83.02104772755249,Nortown,Van Dyke St & E 7 Mile Rd,ALL
882ab2cc3dfffff,0.0,4.0,New Hotspot,4.0,,10.0,ALL,Category Focus,Violent Crime,5.0,4.0,2026-09-12,2026-09-25,2026-09-26,2026-10-09,42.33241656614574,-83.22278711881376,Warrendale,Kirkwood St & Brace St,ALL
882ab2c5e9fffff,4.0,12.0,Emerging Hotspot,8.0,200.0,24.0,ALL,Category Focus,Violent Crime,5.0,4.0,2026-09-12,2026-09-25,2026-09-26,2026-10-09,42.346487742123,-83.0572617645819,Midtown,Eliot St & Woodward Ave,ALL
882ab2c5a5fffff,3.0,11.0,Emerging Hotspot,8.0,266.67,23.0,ALL,Category Focus,Violent Crime,5.0,4.0,2026-09-12,2026-09-25,2026-09-26,2026-10-09,42.3214211401294,-83.0882934819393,Mexicantown,25th St & Porter St,ALL
882ab2c647fffff,1.0,8.0,Emerging Hotspot,7.0,700.0,18.5,ALL,Category Focus,Violent Crime,5.0,4.0,2026-09-12,2026-09-25,2026-09-26,2026-10-09,42.42295850729912,-82.93786599197253,Moross-Morang,Duprey St & Casino St,ALL
882ab2c0dbfffff,2.0,8.0,Emerging Hotspot,6.0,300.0,17.0,ALL,Category Focus,Violent Crime,5.0,4.0,2026-09-12,2026-09-25,2026-09-26,2026-10-09,42.43573315701592,-83.05992032298255,Farwell,Emery St & Shields St,ALL
882ab2ce11fffff,1.0,7.0,Emerging Hotspot,6.0,600.0,16.0,ALL,Category Focus,Violent Crime,5.0,4.0,2026-09-12,2026-09-25,2026-09-26,2026-10-09,42.369915571358995,-83.13889016310524,Oakman Blvd Community,Grand River Ave & Monica St,ALL
882ab2ca93fffff,2.0,7.0,Emerging Hotspot,5.0,250.0,14.5,ALL,Category Focus,Violent Crime,5.0,4.0,2026-09-12,2026-09-25,2026-09-26,2026-10-09,42.42945066108597,-83.24075689108246,Evergreen Lahser 7/8,Pickford St & Vaughan St,ALL
882ab2cc6bfffff,2.0,7.0,Emerging Hotspot,5.0,250.0,14.5,ALL,Category Focus,Violent Crime,5.0,4.0,2026-09-12,2026-09-25,2026-09-26,2026-10-09,42.35788551697999,-83.21689024589386,Franklin Park,Joy Rd & S M 39 Service Drive,ALL
882ab2c741fffff,1.0,6.0,Emerging Hotspot,5.0,500.0,13.5,ALL,Category Focus,Violent Crime,5.0,4.0,2026-09-12,2026-09-25,2026-09-26,2026-10-09,42.43895435560887,-83.01629628214067,Nortown,E Lantz St & E Outer Dr,ALL
882ab2ce85fffff,1.0,6.0,Emerging Hotspot,5.0,500.0,13.5,ALL,Category Focus,Violent Crime,5.0,4.0,2026-09-12,2026-09-25,2026-09-26,2026-10-09,42.33378178335646,-83.13859756466546,Claytown,Chopin St & Wagner St,ALL
882ab2cf0dfffff,1.0,6.0,Emerging Hotspot,5.0,500.0,13.5,ALL,Category Focus,Violent Crime,5.0,4.0,2026-09-12,2026-09-25,2026-09-26,2026-10-09,42.406027444412715,-83.24063170700437,Brightmoor,Braile St & Pilgrim St,ALL
882ab2c0d1fffff,2.0,6.0,Emerging Hotspot,4.0,200.0,12.0,ALL,Category Focus,Violent Crime,5.0,4.0,2026-09-12,2026-09-25,2026-09-26,2026-10-09,42.434850341445134,-83.07396450107514,Nolan,Revere St & Emery St,ALL
882ab2c621fffff,2.0,6.0,Emerging Hotspot,4.0,200.0,12.0,ALL,Category Focus,Violent Crime,5.0,4.0,2026-09-12,2026-09-25,2026-09-26,2026-10-09,42.40685201917693,-82.97390352987608,Outer Drive-Hayes,Evanston St & Dickerson St,ALL
882ab2ce07fffff,2.0,6.0,Emerging Hotspot,4.0,200.0,12.0,ALL,Category Focus,Violent Crime,5.0,4.0,2026-09-12,2026-09-25,2026-09-26,2026-10-09,42.38060950628013,-83.16318112933845,Grand River-I96,Fullerton St & Mendota St,ALL
882ab2c1bbfffff,4.0,7.0,Emerging Hotspot,3.0,75.0,11.5,ALL,Category Focus,Violent Crime,5.0,4.0,2026-09-12,2026-09-25,2026-09-26,2026-10-09,42.42009320526152,-83.18315847826315,Winship,Lesure St & W Outer Dr,ALL
882ab2c1d7fffff,1.0,5.0,Emerging Hotspot,4.0,400.0,11.0,ALL,Category Focus,Violent Crime,5.0,4.0,2026-09-12,2026-09-25,2026-09-26,2026-10-09,42.440937285564594,-83.16025494114841,Garden Homes,Chippewa St & Kentucky St,ALL
882ab2c405fffff,1.0,5.0,Emerging Hotspot,4.0,400.0,11.0,ALL,Category Focus,Violent Crime,5.0,4.0,2026-09-12,2026-09-25,2026-09-26,2026-10-09,42.36776819372047,-83.00440107587261,Gratiot-Grand,Maxwell St & Mack Ave,ALL
882ab2ce37fffff,1.0,5.0,Emerging Hotspot,4.0,400.0,11.0,ALL,Category Focus,Violent Crime,5.0,4.0,2026-09-12,2026-09-25,2026-09-26,2026-10-09,42.36222075459352,-83.17637886733415,We Care Community,Schaefer Hwy & Joy Rd,ALL
882ab2c523fffff,3.0,6.0,Emerging Hotspot,3.0,100.0,10.5,ALL,Category Focus,Violent Crime,5.0,4.0,2026-09-12,2026-09-25,2026-09-26,2026-10-09,42.3672898973267,-83.10462880708579,Virginia Park Community,Linwood St & W Euclid St,ALL
882ab2c187fffff,2.0,5.0,Emerging Hotspot,3.0,150.0,9.5,ALL,Category Focus,Violent Crime,5.0,4.0,2026-09-12,2026-09-25,2026-09-26,2026-10-09,42.43590410066288,-83.19164825228461,Schaefer 7/8 Lodge,Marlowe St & Chippewa St,ALL
882ab2ce21fffff,2.0,5.0,Emerging Hotspot,3.0,150.0,9.5,ALL,Category Focus,Violent Crime,5.0,4.0,2026-09-12,2026-09-25,2026-09-26,2026-10-09,42.38415314333721,-83.18721168464047,Schoolcraft Southfield,Marlowe St & Tyler St,ALL
882ab2ceb3fffff,2.0,5.0,Emerging Hotspot,3.0,150.0,9.5,ALL,Category Focus,Violent Crime,5.0,4.0,2026-09-12,2026-09-25,2026-09-26,2026-10-09,42.30658858311586,-83.13351917547075,Springwells,Falcon St & Woodmere St,ALL
882ab2d591fffff,2.0,5.0,Emerging Hotspot,3.0,150.0,9.5,ALL,Category Focus,Violent Crime,5.0,4.0,2026-09-12,2026-09-25,2026-09-26,2026-10-09,42.44696808130885,-82.95244442464573,Regent Park,Bringard Dr & Redmond St,ALL
882ab2c5c3fffff,4.0,6.0,Emerging Hotspot,2.0,50.0,9.0,ALL,Category Focus,Violent Crime,5.0,4.0,2026-09-12,2026-09-25,2026-09-26,2026-10-09,42.33594134550091,-83.03077624997024,Lafayette Park,Saint Aubin St & E Larned St,ALL
882ab2c09bfffff,1.0,4.0,Emerging Hotspot,3.0,300.0,8.5,ALL,Category Focus,Violent Crime,5.0,4.0,2026-09-12,2026-09-25,2026-09-26,2026-10-09,42.41320718222201,-83.07112039388653,North Campau,Anglin St & E Davison St,ALL
882ab2c0c3fffff,1.0,4.0,Emerging Hotspot,3.0,300.0,8.5,ALL,Category Focus,Violent Crime,5.0,4.0,2026-09-12,2026-09-25,2026-09-26,2026-10-09,42.442444332160655,-83.08741200006128,Nolan,Greeley St & E Remington Ave,ALL
882ab2c19dfffff,1.0,4.0,Emerging Hotspot,3.0,300.0,8.5,ALL,Category Focus,Violent Crime,5.0,4.0,2026-09-12,2026-09-25,2026-09-26,2026-10-09,42.43126692790173,-83.17067783984953,Schulze,Clarita St & Mendota St,ALL
882ab2c5edfffff,1.0,4.0,Emerging Hotspot,3.0,300.0,8.5,ALL,Category Focus,Violent Crime,5.0,4.0,2026-09-12,2026-09-25,2026-09-26,2026-10-09,42.347982600759806,-83.07145522346003,Jeffries,4th St & Selden St,ALL
882ab2ca97fffff,1.0,4.0,Emerging Hotspot,3.0,300.0,8.5,ALL,Category Focus,Violent Crime,5.0,4.0,2026-09-12,2026-09-25,2026-09-26,2026-10-09,42.42918217960313,-83.25417124175925,Holcomb Community,Lahser Rd & W 7 Mile Rd,ALL
882ab2cee9fffff,1.0,4.0,Emerging Hotspot,3.0,300.0,8.5,ALL,Category Focus,Violent Crime,5.0,4.0,2026-09-12,2026-09-25,2026-09-26,2026-10-09,42.35695133875132,-83.13838824298493,Midwest,Garden St & Wetherby St,ALL
882ab2d595fffff,1.0,4.0,Emerging Hotspot,3.0,300.0,8.5,ALL,Category Focus,Violent Crime,5.0,4.0,2026-09-12,2026-09-25,2026-09-26,2026-10-09,42.448950649617466,-82.96605819026838,Regent Park,Carlisle St & Gratiot Ave,ALL
882ab2c663fffff,3.0,5.0,Emerging Hotspot,2.0,66.67,8.0,ALL,Category Focus,Violent Crime,5.0,4.0,2026-09-12,2026-09-25,2026-09-26,2026-10-09,42.41950621604016,-82.95701596483369,Denby,Grayton St & Lansdowne St,ALL
882ab2cee3fffff,3.0,5.0,Emerging Hotspot,2.0,66.67,8.0,ALL,Category Focus,Violent Crime,5.0,4.0,2026-09-12,2026-09-25,2026-09-26,2026-10-09,42.34147663463513,-83.14352498140082,Claytown,Kirkwood St & Cecil St,ALL
882ab2c0b9fffff,2.0,4.0,Emerging Hotspot,2.0,100.0,7.0,ALL,Category Focus,Violent Crime,5.0,4.0,2026-09-12,2026-09-25,2026-09-26,2026-10-09,42.418580604070286,-83.10702227807654,Palmer Park,Merton Rd & Whitmore Rd,ALL
882ab2c437fffff,2.0,4.0,Emerging Hotspot,2.0,100.0,7.0,ALL,Category Focus,Violent Crime,5.0,4.0,2026-09-12,2026-09-25,2026-09-26,2026-10-09,42.34173030969738,-83.01454882139126,Rivertown,E Jefferson Ave & Adair St,ALL
882ab2c5e1fffff,2.0,4.0,Emerging Hotspot,2.0,100.0,7.0,ALL,Category Focus,Violent Crime,5.0,4.0,2026-09-12,2026-09-25,2026-09-26,2026-10-09,42.339492194891264,-83.0664991055863,Midtown,Grand River Ave & S M 10,ALL
882ab2c605fffff,2.0,4.0,Emerging Hotspot,2.0,100.0,7.0,ALL,Category Focus,Violent Crime,5.0,4.0,2026-09-12,2026-09-25,2026-09-26,2026-10-09,42.41004641166786,-82.95350065306873,Outer Drive-Hayes,Somerset Ave & Berkshire St,ALL
882ab2c66dfffff,4.0,5.0,Emerging Hotspot,1.0,25.0,6.5,ALL,Category Focus,Violent Crime,5.0,4.0,2026-09-12,2026-09-25,2026-09-26,2026-10-09,42.43471318654235,-82.96546041055458,Mapleridge,Hayes St & E 7 Mile Rd,ALL
882ab2cc0dfffff,4.0,5.0,Emerging Hotspot,1.0,25.0,6.5,ALL,Category Focus,Violent Crime,5.0,4.0,2026-09-12,2026-09-25,2026-09-26,2026-10-09,42.35430968927313,-83.20946749533086,Garden View,Grandmont Ave & Constance Ave,ALL
882ab2c1b3fffff,3.0,4.0,Emerging Hotspot,1.0,33.33,5.5,ALL,Category Focus,Violent Crime,5.0,4.0,2026-09-12,2026-09-25,2026-09-26,2026-10-09,42.41430502137904,-83.1918149776172,Hubbell-Puritan,Hubbell St & W McNichols Rd,ALL
882ab2c5a7fffff,3.0,4.0,Emerging Hotspot,1.0,33.33,5.5,ALL,Category Focus,Violent Crime,5.0,4.0,2026-09-12,2026-09-25,2026-09-26,2026-10-09,42.31597228433292,-83.08490818363177,West Side Industrial,W Lafayette Blvd & W Grand Blvd,ALL
882ab2c661fffff,3.0,4.0,Emerging Hotspot,1.0,33.33,5.5,ALL,Category Focus,Violent Crime,5.0,4.0,2026-09-12,2026-09-25,2026-09-26,2026-10-09,42.42641243981641,-82.96398590845779,Mapleridge,Hayes St & Troester St,ALL
882ab2c669fffff,3.0,4.0,Emerging Hotspot,1.0,33.33,5.5,ALL,Category Focus,Violent Crime,5.0,4.0,2026-09-12,2026-09-25,2026-09-26,2026-10-09,42.43317799763128,-82.95574143267714,Mapleridge,Faircrest St & Morang Dr,ALL
882ab2c745fffff,3.0,4.0,Emerging Hotspot,1.0,33.33,5.5,ALL,Category Focus,Violent Crime,5.0,4.0,2026-09-12,2026-09-25,2026-09-26,2026-10-09,42.443563316717686,-83.02527830993336,Sherwood,Van Dyke St & E Outer Dr,ALL
882ab2ce69fffff,3.0,4.0,Emerging Hotspot,1.0,33.33,5.5,ALL,Category Focus,Violent Crime,5.0,4.0,2026-09-12,2026-09-25,2026-09-26,2026-10-09,42.40952652796024,-83.16988000187754,Harmony Village,Puritan St & Steel St,ALL
882ab2c511fffff,4.0,4.0,Emerging Hotspot,0.0,0.0,4.0,ALL,Category Focus,Violent Crime,5.0,4.0,2026-09-12,2026-09-25,2026-09-26,2026-10-09,42.35875884353227,-83.05988470267795,Medical Center,Brush St & E Warren Ave,ALL
882ab2c527fffff,4.0,4.0,Emerging Hotspot,0.0,0.0,4.0,ALL,Category Focus,Violent Crime,5.0,4.0,2026-09-12,2026-09-25,2026-09-26,2026-10-09,42.369417413021786,-83.11580419899393,Petoskey-Otsego,Atkinson St & Dexter Ave,ALL
882ab2c60bfffff,4.0,4.0,Emerging Hotspot,0.0,0.0,4.0,ALL,Category Focus,Violent Crime,5.0,4.0,2026-09-12,2026-09-25,2026-09-26,2026-10-09,42.40777111181735,-82.93091402775916,Cornerstone Village,E Warren Ave & Cadieux Rd,ALL
882ab2c6adfffff,4.0,4.0,Emerging Hotspot,0.0,0.0,4.0,ALL,Category Focus,Violent Crime,5.0,4.0,2026-09-12,2026-09-25,2026-09-26,2026-10-09,42.363218764052384,-82.95025084308988,Jefferson Chalmers,Continental St & Essex Ave,ALL
882ab2c719fffff,4.0,4.0,Emerging Hotspot,0.0,0.0,4.0,ALL,Category Focus,Violent Crime,5.0,4.0,2026-09-12,2026-09-25,2026-09-26,2026-10-09,42.40870597942299,-82.99508463706769,Gratiot-Findlay,Gunston St & Gratiot Ave,ALL
882ab2ce03fffff,4.0,4.0,Emerging Hotspot,0.0,0.0,4.0,ALL,Category Focus,Violent Crime,5.0,4.0,2026-09-12,2026-09-25,2026-09-26,2026-10-09,42.37907995267717,-83.15372965648284,Littlefield Community,Indiana St & Cortland St,ALL
882ab2ce65fffff,4.0,4.0,Emerging Hotspot,0.0,0.0,4.0,ALL,Category Focus,Violent Crime,5.0,4.0,2026-09-12,2026-09-25,2026-09-26,2026-10-09,42.403742554973334,-83.18559534915846,Bethune Community,Fenkell St & Strathmoor St,ALL
882ab2d5b7fffff,4.0,4.0,Emerging Hotspot,0.0,0.0,4.0,ALL,Category Focus,Violent Crime,5.0,4.0,2026-09-12,2026-09-25,2026-09-26,2026-10-09,42.43663946605306,-82.9876131870752,Pulaski,E 7 Mile Rd & Schoenherr St,ALL
882ab2c5c7fffff,10.0,17.0,Persistent Hotspot,7.0,70.0,33.45,ALL,Category Focus,Violent Crime,5.0,4.0,2026-09-12,2026-09-25,2026-09-26,2026-10-09,42.33490709967879,-83.04418085859385,Downtown,Beaubien St & E Lafayette St,ALL
882ab2c58dfffff,25.0,18.0,Persistent Hotspot,-7.0,-28.0,24.3,ALL,Category Focus,Violent Crime,5.0,4.0,2026-09-12,2026-09-25,2026-09-26,2026-10-09,42.33168460389816,-83.049713162411,Downtown,Michigan Ave & Cass Ave,ALL
882ab2c5ebfffff,8.0,10.0,Persistent Hotspot,2.0,25.0,16.5,ALL,Category Focus,Violent Crime,5.0,4.0,2026-09-12,2026-09-25,2026-09-26,2026-10-09,42.33757686428401,-83.05134286793893,Downtown,Woodward Ave & E Adams Ave,ALL
882ab2c62bfffff,5.0,8.0,Persistent Hotspot,3.0,60.0,15.3,ALL,Category Focus,Violent Crime,5.0,4.0,2026-09-12,2026-09-25,2026-09-26,2026-10-09,42.40618566147862,-82.96174397111852,Outer Drive-Hayes,Evanston St & Wayburn St,ALL
882ab2c517fffff,7.0,9.0,Persistent Hotspot,2.0,28.57,15.15,ALL,Category Focus,Violent Crime,5.0,4.0,2026-09-12,2026-09-25,2026-09-26,2026-10-09,42.35337034789475,-83.06261310000085,Midtown,W Alexandrine St & Woodward Ave,ALL
882ab2cf61fffff,7.0,9.0,Persistent Hotspot,2.0,28.57,15.15,ALL,Category Focus,Violent Crime,5.0,4.0,2026-09-12,2026-09-25,2026-09-26,2026-10-09,42.41473691674537,-83.25444471974748,Holcomb Community,Grand River Ave & W McNichols Rd,ALL
882ab2c5cbfffff,9.0,9.0,Persistent Hotspot,0.0,0.0,12.15,ALL,Category Focus,Violent Crime,5.0,4.0,2026-09-12,2026-09-25,2026-09-26,2026-10-09,42.34101769155248,-83.02326650909899,Elmwood Park,E Jefferson Ave & Chene St,ALL
882ab2c513fffff,5.0,6.0,Persistent Hotspot,1.0,20.0,9.6,ALL,Category Focus,Violent Crime,5.0,4.0,2026-09-12,2026-09-25,2026-09-26,2026-10-09,42.35146420062658,-83.05236999150057,Medical Center,Beaubien St & Mack Ave,ALL
882ab2cc01fffff,5.0,6.0,Persistent Hotspot,1.0,20.0,9.6,ALL,Category Focus,Violent Crime,5.0,4.0,2026-09-12,2026-09-25,2026-09-26,2026-10-09,42.34581838636176,-83.20932670190365,Warren Ave Community,Rutland St & Majestic St,ALL
882ab2ce57fffff,5.0,6.0,Persistent Hotspot,1.0,20.0,9.6,ALL,Category Focus,Violent Crime,5.0,4.0,2026-09-12,2026-09-25,2026-09-26,2026-10-09,42.38590185434009,-83.13240715675242,Russell Woods,Sturtevant St & Dexter Ave,ALL
882ab2ce59fffff,5.0,6.0,Persistent Hotspot,1.0,20.0,9.6,ALL,Category Focus,Violent Crime,5.0,4.0,2026-09-12,2026-09-25,2026-09-26,2026-10-09,42.39534889396938,-83.11862038795063,Oakman Blvd Community,Indiandale St & W Davison St,ALL
882ab2cc61fffff,6.0,6.0,Persistent Hotspot,0.0,0.0,8.1,ALL,Category Focus,Violent Crime,5.0,4.0,2026-09-12,2026-09-25,2026-09-26,2026-10-09,42.35771412908955,-83.22863982813003,Franklin Park,Piedmont St & Joy Rd,ALL
882ab2cf53fffff,7.0,6.0,Persistent Hotspot,-1.0,-14.29,8.1,ALL,Category Focus,Violent Crime,5.0,4.0,2026-09-12,2026-09-25,2026-09-26,2026-10-09,42.393284994986786,-83.20146225867704,Greenfield-Grand River,Greenfield Rd & Eaton St,ALL
882ab2d5b3fffff,7.0,6.0,Persistent Hotspot,-1.0,-14.29,8.1,ALL,Category Focus,Violent Crime,5.0,4.0,2026-09-12,2026-09-25,2026-09-26,2026-10-09,42.43508315926134,-82.97639201995733,Mapleridge,Chalmers St & Eastwood St,ALL
882ab2c0d9fffff,5.0,5.0,Persistent Hotspot,0.0,0.0,6.75,ALL,Category Focus,Violent Crime,5.0,4.0,2026-09-12,2026-09-25,2026-09-26,2026-10-09,42.44266492564872,-83.06568811266315,Farwell,E Remington St & Wexford St,ALL
882ab2c5c9fffff,5.0,5.0,Persistent Hotspot,0.0,0.0,6.75,ALL,Category Focus,Violent Crime,5.0,4.0,2026-09-12,2026-09-25,2026-09-26,2026-10-09,42.3482826472385,-83.02647867706486,Elmwood Park,E Vernor Hwy & Chene St,ALL
882ab2c60dfffff,9.0,5.0,Persistent Hotspot,-4.0,-44.44,6.75,ALL,Category Focus,Violent Crime,5.0,4.0,2026-09-12,2026-09-25,2026-09-26,2026-10-09,42.41947717055631,-82.9476365500096,Yorkshire Woods,Nottingham Rd & Grayton St,ALL
882ab2c63dfffff,5.0,5.0,Persistent Hotspot,0.0,0.0,6.75,ALL,Category Focus,Violent Crime,5.0,4.0,2026-09-12,2026-09-25,2026-09-26,2026-10-09,42.39801206005198,-82.95507612877964,Morningside,Lakepointe St & E Warren Ave,ALL
882ab2c66bfffff,9.0,5.0,Persistent Hotspot,-4.0,-44.44,6.75,ALL,Category Focus,Violent Crime,5.0,4.0,2026-09-12,2026-09-25,2026-09-26,2026-10-09,42.42632688143854,-82.95097948082058,Moross-Morang,Morang Dr & Lansdowne St,ALL
882ab2c765fffff,6.0,5.0,Persistent Hotspot,-1.0,-16.67,6.75,ALL,Category Focus,Violent Crime,5.0,4.0,2026-09-12,2026-09-25,2026-09-26,2026-10-09,42.438195439880296,-83.0550607183114,Farwell,E Lantz St & Hasse St,ALL
882ab2ce5bfffff,6.0,5.0,Persistent Hotspot,-1.0,-16.67,6.75,ALL,Category Focus,Violent Crime,5.0,4.0,2026-09-12,2026-09-25,2026-09-26,2026-10-09,42.3886209069811,-83.11251516814774,Dexter-Linwood,Fullerton St & Linwood St,ALL
882ab2c0bdfffff,8.0,4.0,Persistent Hotspot,-4.0,-50.0,5.4,ALL,Category Focus,Violent Crime,5.0,4.0,2026-09-12,2026-09-25,2026-09-26,2026-10-09,42.41984167587222,-83.11537727807823,Palmer Park,Alwyne Ln & Whitmore Rd,ALL
882ab2c0d7fffff,5.0,4.0,Persistent Hotspot,-1.0,-20.0,5.4,ALL,Category Focus,Violent Crime,5.0,4.0,2026-09-12,2026-09-25,2026-09-26,2026-10-09,42.43045269692552,-83.07978876677944,Northeast Central District,Arlington St & E Nevada St,ALL
882ab2c193fffff,7.0,4.0,Persistent Hotspot,-3.0,-42.86,5.4,ALL,Category Focus,Violent Crime,5.0,4.0,2026-09-12,2026-09-25,2026-09-26,2026-10-09,42.41694374036624,-83.1603122492298,Schulze,W McNichols Rd & Wyoming St,ALL
882ab2c503fffff,5.0,4.0,Persistent Hotspot,-1.0,-20.0,5.4,ALL,Category Focus,Violent Crime,5.0,4.0,2026-09-12,2026-09-25,2026-09-26,2026-10-09,42.36903674016917,-83.07404078940577,New Center,W Grand Blvd & 2nd Ave,ALL
882ab2c507fffff,7.0,4.0,Persistent Hotspot,-3.0,-42.86,5.4,ALL,Category Focus,Violent Crime,5.0,4.0,2026-09-12,2026-09-25,2026-09-26,2026-10-09,42.37084340450591,-83.08143978295578,New Center Commons,Pallister St & 3rd St,ALL
882ab2c667fffff,8.0,4.0,Persistent Hotspot,-4.0,-50.0,5.4,ALL,Category Focus,Violent Crime,5.0,4.0,2026-09-12,2026-09-25,2026-09-26,2026-10-09,42.42078445598505,-82.96993216661689,Mapleridge,Hayes St & Houston Whittier Ave,ALL
882ab2c759fffff,6.0,4.0,Persistent Hotspot,-2.0,-33.33,5.4,ALL,Category Focus,Violent Crime,5.0,4.0,2026-09-12,2026-09-25,2026-09-26,2026-10-09,42.431194724608666,-82.98576973523089,Franklin,Eastwood St & Schoenherr St,ALL
882ab2cc41fffff,7.0,4.0,Persistent Hotspot,-3.0,-42.86,5.4,ALL,Category Focus,Violent Crime,5.0,4.0,2026-09-12,2026-09-25,2026-09-26,2026-10-09,42.36349426408292,-83.19722222275703,We Care Community,Greenfield Rd & Westfield St,ALL
882ab2cc45fffff,5.0,4.0,Persistent Hotspot,-1.0,-20.0,5.4,ALL,Category Focus,Violent Crime,5.0,4.0,2026-09-12,2026-09-25,2026-09-26,2026-10-09,42.36643298075457,-83.20937928061984,Joy Community,Abington Ave & W Chicago St,ALL
882ab2cc47fffff,8.0,4.0,Persistent Hotspot,-4.0,-50.0,5.4,ALL,Category Focus,Violent Crime,5.0,4.0,2026-09-12,2026-09-25,2026-09-26,2026-10-09,42.3581503152907,-83.20429829322885,Joy Community,Joy Rd & Prevost St,ALL
882ab2cc65fffff,5.0,4.0,Persistent Hotspot,-1.0,-20.0,5.4,ALL,Category Focus,Violent Crime,5.0,4.0,2026-09-12,2026-09-25,2026-09-26,2026-10-09,42.36290915087244,-83.23725215408572,Franklin Park,Westfield St & Vaughan St,ALL
882ab2d597fffff,5.0,4.0,Persistent Hotspot,-1.0,-20.0,5.4,ALL,Category Focus,Violent Crime,5.0,4.0,2026-09-12,2026-09-25,2026-09-26,2026-10-09,42.4405233668612,-82.95838258019134,Regent Park,Lappin St & Rex St,ALL
882ab2c191fffff,7.0,3.0,Declining Hotspot,-4.0,-57.14,3.0,ALL,Category Focus,Violent Crime,5.0,4.0,2026-09-12,2026-09-25,2026-09-26,2026-10-09,42.42589435995885,-83.16953128115861,Schulze,Margareta St & Manor St,ALL
882ab2c1b9fffff,5.0,3.0,Declining Hotspot,-2.0,-40.0,3.0,ALL,Category Focus,Violent Crime,5.0,4.0,2026-09-12,2026-09-25,2026-09-26,2026-10-09,42.42899293275995,-83.18933189351888,Winship,Clarita St & Lauder St,ALL
882ab2c1bdfffff,5.0,3.0,Declining Hotspot,-2.0,-40.0,3.0,ALL,Category Focus,Violent Crime,5.0,4.0,2026-09-12,2026-09-25,2026-09-26,2026-10-09,42.430418368393845,-83.19990339634495,College Park,Clarita St & Rutherford St,ALL
882ab2c609fffff,9.0,3.0,Declining Hotspot,-6.0,-66.67,3.0,ALL,Category Focus,Violent Crime,5.0,4.0,2026-09-12,2026-09-25,2026-09-26,2026-10-09,42.41654000330367,-82.93627151822052,Cornerstone Village,Berden St & Grayton St,ALL
882ab2c72dfffff,9.0,3.0,Declining Hotspot,-6.0,-66.67,3.0,ALL,Category Focus,Violent Crime,5.0,4.0,2026-09-12,2026-09-25,2026-09-26,2026-10-09,42.42611995184964,-83.05848511975876,Krainz Woods,Conley St & E Nevada St,ALL
882ab2c743fffff,6.0,3.0,Declining Hotspot,-3.0,-50.0,3.0,ALL,Category Focus,Violent Crime,5.0,4.0,2026-09-12,2026-09-25,2026-09-26,2026-10-09,42.43428372316813,-83.00810830306966,Mount Olivet,E 7 Mile Rd & Teppert St,ALL
882ab2c755fffff,11.0,3.0,Declining Hotspot,-8.0,-72.73,3.0,ALL,Category Focus,Violent Crime,5.0,4.0,2026-09-12,2026-09-25,2026-09-26,2026-10-09,42.42396549015056,-83.00430992780001,Von Steuben,Dresden St & Sauer St,ALL
882ab2ca9bfffff,5.0,3.0,Declining Hotspot,-2.0,-40.0,3.0,ALL,Category Focus,Violent Crime,5.0,4.0,2026-09-12,2026-09-25,2026-09-26,2026-10-09,42.433480165568085,-83.23381342470212,O'Hair Park,Edinborough Rd & Vassar Ave,ALL
882ab2cab1fffff,6.0,3.0,Declining Hotspot,-3.0,-50.0,3.0,ALL,Category Focus,Violent Crime,5.0,4.0,2026-09-12,2026-09-25,2026-09-26,2026-10-09,42.42907097577434,-83.2755293560464,Seven Mile-Rouge,Shiawassee Dr & W 7 Mile Rd,ALL
882ab2cc2bfffff,8.0,3.0,Declining Hotspot,-5.0,-62.5,3.0,ALL,Category Focus,Violent Crime,5.0,4.0,2026-09-12,2026-09-25,2026-09-26,2026-10-09,42.339552038252194,-83.22796776109868,Warrendale,Minock St & Whitlock St,ALL
882ab2cc43fffff,5.0,3.0,Declining Hotspot,-2.0,-40.0,3.0,ALL,Category Focus,Violent Crime,5.0,4.0,2026-09-12,2026-09-25,2026-09-26,2026-10-09,42.35584005865894,-83.1935237234267,Fiskhorn,Prest St & Joy Rd,ALL
882ab2ce41fffff,5.0,3.0,Declining Hotspot,-2.0,-40.0,3.0,ALL,Category Focus,Violent Crime,5.0,4.0,2026-09-12,2026-09-25,2026-09-26,2026-10-09,42.40752967248862,-83.14475115683516,Fitzgerald/Marygrove,Midland St & Tuller St,ALL
882ab2ce67fffff,6.0,3.0,Declining Hotspot,-3.0,-50.0,3.0,ALL,Category Focus,Violent Crime,5.0,4.0,2026-09-12,2026-09-25,2026-09-26,2026-10-09,42.3998098481388,-83.18206593144619,Bethune Community,Chalfonte St & Ardmore St,ALL
882ab2cec1fffff,6.0,3.0,Declining Hotspot,-3.0,-50.0,3.0,ALL,Category Focus,Violent Crime,5.0,4.0,2026-09-12,2026-09-25,2026-09-26,2026-10-09,42.35400509547457,-83.11772393971783,Midwest,Firwood St & Allendale St,ALL
882ab2c0a5fffff,5.0,2.0,Declining Hotspot,-3.0,-60.0,2.0,ALL,Category Focus,Violent Crime,5.0,4.0,2026-09-12,2026-09-25,2026-09-26,2026-10-09,42.429725865124134,-83.143494754763,Bagley,Livernois Ave & W 7 Mile Rd,ALL
882ab2c183fffff,5.0,2.0,Declining Hotspot,-3.0,-60.0,2.0,ALL,Category Focus,Violent Crime,5.0,4.0,2026-09-12,2026-09-25,2026-09-26,2026-10-09,42.43472556731352,-83.18116686735097,Schaefer 7/8 Lodge,Schaefer Hwy & Vassar Ave,ALL
882ab2c1a5fffff,5.0,2.0,Declining Hotspot,-3.0,-60.0,2.0,ALL,Category Focus,Violent Crime,5.0,4.0,2026-09-12,2026-09-25,2026-09-26,2026-10-09,42.43977834838779,-83.22596989636799,O'Hair Park,Greenview Ave & W 8 Mile Rd,ALL
882ab2c439fffff,6.0,2.0,Declining Hotspot,-4.0,-66.67,2.0,ALL,Category Focus,Violent Crime,5.0,4.0,2026-09-12,2026-09-25,2026-09-26,2026-10-09,42.351399305462806,-82.99731213591747,West Village,Townsend St & E Congress St,ALL
882ab2c52dfffff,5.0,2.0,Declining Hotspot,-3.0,-60.0,2.0,ALL,Category Focus,Violent Crime,5.0,4.0,2026-09-12,2026-09-25,2026-09-26,2026-10-09,42.38290213355274,-83.10845890458248,Dexter-Linwood,Webb St & 14th St,ALL
882ab2c627fffff,5.0,2.0,Declining Hotspot,-3.0,-60.0,2.0,ALL,Category Focus,Violent Crime,5.0,4.0,2026-09-12,2026-09-25,2026-09-26,2026-10-09,42.40293584689456,-82.98027254933963,Ravendale,Annsbury Ave & Camden Ave,ALL
882ab2cd49fffff,6.0,2.0,Declining Hotspot,-4.0,-66.67,2.0,ALL,Category Focus,Violent Crime,5.0,4.0,2026-09-12,2026-09-25,2026-09-26,2026-10-09,42.38108595459882,-83.27214124344795,Castle Rouge,Virgil St & W Davison St,ALL
882ab2ce31fffff,6.0,2.0,Declining Hotspot,-4.0,-66.67,2.0,ALL,Category Focus,Violent Crime,5.0,4.0,2026-09-12,2026-09-25,2026-09-26,2026-10-09,42.36599567339108,-83.16733320530321,Barton-McFarland,W Chicago St & Appoline,ALL
882ab2ce3dfffff,6.0,2.0,Declining Hotspot,-4.0,-66.67,2.0,ALL,Category Focus,Violent Crime,5.0,4.0,2026-09-12,2026-09-25,2026-09-26,2026-10-09,42.37649028963668,-83.17245583166994,Pride Area Community,Capitol St & Littlefield St,ALL
882ab2ce55fffff,6.0,2.0,Declining Hotspot,-4.0,-66.67,2.0,ALL,Category Focus,Violent Crime,5.0,4.0,2026-09-12,2026-09-25,2026-09-26,2026-10-09,42.39243320840768,-83.13810068136917,Oakman Blvd Community,Kendall St & Livernois Ave,ALL
882ab2ce6bfffff,8.0,2.0,Declining Hotspot,-6.0,-75.0,2.0,ALL,Category Focus,Violent Crime,5.0,4.0,2026-09-12,2026-09-25,2026-09-26,2026-10-09,42.40235554835761,-83.16510510883968,Bethune Community,Washburn St & Fenkell St,ALL
882ab2cf4dfffff,6.0,2.0,Declining Hotspot,-4.0,-66.67,2.0,ALL,Category Focus,Violent Crime,5.0,4.0,2026-09-12,2026-09-25,2026-09-26,2026-10-09,42.42673829558508,-83.22769215061737,Evergreen-Outer Drive,Huntington Rd & W 7 Mile Rd,ALL
882ab2c1abfffff,5.0,1.0,Declining Hotspot,-4.0,-80.0,1.0,ALL,Category Focus,Violent Crime,5.0,4.0,2026-09-12,2026-09-25,2026-09-26,2026-10-09,42.43747239907838,-83.20569572957656,Greenfield,Mansfield St & Vassar Ave,ALL
882ab2c531fffff,6.0,1.0,Declining Hotspot,-5.0,-83.33,1.0,ALL,Category Focus,Violent Crime,5.0,4.0,2026-09-12,2026-09-25,2026-09-26,2026-10-09,42.35892645105544,-83.0812712368089,Elijah McCoy,Elijah Mccoy Dr & Lincoln St,ALL
882ab2c5e3fffff,6.0,1.0,Declining Hotspot,-5.0,-83.33,1.0,ALL,Category Focus,Violent Crime,5.0,4.0,2026-09-12,2026-09-25,2026-09-26,2026-10-09,42.33230278409165,-83.057812497388,Downtown,Bagley St & 3rd St,ALL
882ab2c657fffff,6.0,1.0,Declining Hotspot,-5.0,-83.33,1.0,ALL,Category Focus,Violent Crime,5.0,4.0,2026-09-12,2026-09-25,2026-09-26,2026-10-09,42.40833090507417,-82.92037765440844,Cornerstone Village,E Warren Ave & Lodewyck St,ALL
882ab2c8dbfffff,5.0,1.0,Declining Hotspot,-4.0,-80.0,1.0,ALL,Category Focus,Violent Crime,5.0,4.0,2026-09-12,2026-09-25,2026-09-26,2026-10-09,42.41195859757408,-83.27729429805335,Riverdale,Telegraph Rd & Grove St,ALL
882ab2cab7fffff,10.0,1.0,Declining Hotspot,-9.0,-90.0,1.0,ALL,Category Focus,Violent Crime,5.0,4.0,2026-09-12,2026-09-25,2026-09-26,2026-10-09,42.4286454981274,-83.28287056611585,Five Points,Lenore Ave & W 7 Mile Rd,ALL
882ab2cc4dfffff,6.0,1.0,Declining Hotspot,-5.0,-83.33,1.0,ALL,Category Focus,Violent Crime,5.0,4.0,2026-09-12,2026-09-25,2026-09-26,2026-10-09,42.37248936031544,-83.19755565433134,Plymouth-I96,Greenfield Rd & Plymouth Rd,ALL
882ab2ce35fffff,5.0,1.0,Declining Hotspot,-4.0,-80.0,1.0,ALL,Category Focus,Violent Crime,5.0,4.0,2026-09-12,2026-09-25,2026-09-26,2026-10-09,42.368334921591256,-83.17676036708274,Barton-McFarland,Orangelawn St & Littlefield St,ALL
882ab2cf03fffff,6.0,1.0,Declining Hotspot,-5.0,-83.33,1.0,ALL,Category Focus,Violent Crime,5.0,4.0,2026-09-12,2026-09-25,2026-09-26,2026-10-09,42.39128365441183,-83.23704280273566,Westwood Park,Acacia St & Crescent Dr,ALL
882ab2c181fffff,7.0,0.0,Declining Hotspot,-7.0,-100.0,0.0,ALL,Category Focus,Violent Crime,5.0,4.0,2026-09-12,2026-09-25,2026-09-26,2026-10-09,42.44116711719956,-83.1850685647822,Schaefer 7/8 Lodge,Tracey St & Chippewa St,ALL
882ab2c655fffff,6.0,0.0,Declining Hotspot,-6.0,-100.0,0.0,ALL,Category Focus,Violent Crime,5.0,4.0,2026-09-12,2026-09-25,2026-09-26,2026-10-09,42.415150694414606,-82.92563550788495,Cornerstone Village,Hereford St & Southampton St,ALL
882ab2cc09fffff,5.0,0.0,Declining Hotspot,-5.0,-100.0,0.0,ALL,Category Focus,Violent Crime,5.0,4.0,2026-09-12,2026-09-25,2026-09-26,2026-10-09,42.34835019966707,-83.20334472477757,Warren Ave Community,Diversey & Asbury Park,ALL
882ab2ce61fffff,5.0,0.0,Declining Hotspot,-5.0,-100.0,0.0,ALL,Category Focus,Violent Crime,5.0,4.0,2026-09-12,2026-09-25,2026-09-26,2026-10-09,42.4040301368467,-83.17812533676428,Bethune Community,Schaefer Hwy & Keeler Ave,ALL
882ab2cec5fffff,5.0,0.0,Declining Hotspot,-5.0,-100.0,0.0,ALL,Category Focus,Violent Crime,5.0,4.0,2026-09-12,2026-09-25,2026-09-26,2026-10-09,42.35489806827917,-83.12699257918058,Midwest,Pacific St & Ironwood St,ALL
882ab2c58dfffff,5.0,3.0,Persistent Hotspot,-2.0,-40.0,4.05,03,Crime Type,AGGRAVATED ASSAULT,3.0,3.0,2026-09-12,2026-09-25,2026-09-26,2026-10-09,42.33168460389816,-83.049713162411,Downtown,Michigan Ave & Cass Ave,ALL
882ab2c5c7fffff,4.0,3.0,Persistent Hotspot,-1.0,-25.0,4.05,03,Crime Type,AGGRAVATED ASSAULT,3.0,3.0,2026-09-12,2026-09-25,2026-09-26,2026-10-09,42.33490709967879,-83.04418085859385,Downtown,Beaubien St & E Lafayette St,ALL
882ab2c63dfffff,0.0,4.0,New Hotspot,4.0,,10.0,05,Crime Type,AGGRAVATED ASSAULT,3.0,3.0,2026-09-12,2026-09-25,2026-09-26,2026-10-09,42.39801206005198,-82.95507612877964,Morningside,Lakepointe St & E Warren Ave,ALL
882ab2c6adfffff,1.0,3.0,Emerging Hotspot,2.0,200.0,6.0,05,Crime Type,AGGRAVATED ASSAULT,3.0,3.0,2026-09-12,2026-09-25,2026-09-26,2026-10-09,42.363218764052384,-82.95025084308988,Jefferson Chalmers,Continental St & Essex Ave,ALL
882ab2c609fffff,3.0,2.0,Declining Hotspot,-1.0,-33.33,2.0,05,Crime Type,AGGRAVATED ASSAULT,3.0,3.0,2026-09-12,2026-09-25,2026-09-26,2026-10-09,42.41654000330367,-82.93627151822052,Cornerstone Village,Berden St & Grayton St,ALL
882ab2c443fffff,3.0,1.0,Declining Hotspot,-2.0,-66.67,1.0,05,Crime Type,AGGRAVATED ASSAULT,3.0,3.0,2026-09-12,2026-09-25,2026-09-26,2026-10-09,42.37814570154656,-82.97995106386533,West End,Beniteau St & E Canfield St,ALL
882ab2cf1bfffff,0.0,3.0,New Hotspot,3.0,,7.5,06,Crime Type,AGGRAVATED ASSAULT,3.0,3.0,2026-09-12,2026-09-25,2026-09-26,2026-10-09,42.38221914243781,-83.20636118622387,Schoolcraft Southfield,Mettetal St & Glendale St,ALL
882ab2cc01fffff,1.0,3.0,Emerging Hotspot,2.0,200.0,6.0,06,Crime Type,AGGRAVATED ASSAULT,3.0,3.0,2026-09-12,2026-09-25,2026-09-26,2026-10-09,42.34581838636176,-83.20932670190365,Warren Ave Community,Rutland St & Majestic St,ALL
882ab2cd5dfffff,1.0,3.0,Emerging Hotspot,2.0,200.0,6.0,06,Crime Type,AGGRAVATED ASSAULT,3.0,3.0,2026-09-12,2026-09-25,2026-09-26,2026-10-09,42.36683214383794,-83.26433918477007,West Outer Drive,Orangelawn St & Beaverland St,ALL
882ab2cc47fffff,4.0,1.0,Declining Hotspot,-3.0,-75.0,1.0,06,Crime Type,AGGRAVATED ASSAULT,3.0,3.0,2026-09-12,2026-09-25,2026-09-26,2026-10-09,42.3581503152907,-83.20429829322885,Joy Community,Joy Rd & Prevost St,ALL
882ab2c5cbfffff,1.0,3.0,Emerging Hotspot,2.0,200.0,6.0,07,Crime Type,AGGRAVATED ASSAULT,3.0,3.0,2026-09-12,2026-09-25,2026-09-26,2026-10-09,42.34101769155248,-83.02326650909899,Elmwood Park,E Jefferson Ave & Chene St,ALL
882ab2c439fffff,3.0,0.0,Declining Hotspot,-3.0,-100.0,0.0,07,Crime Type,AGGRAVATED ASSAULT,3.0,3.0,2026-09-12,2026-09-25,2026-09-26,2026-10-09,42.351399305462806,-82.99731213591747,West Village,Townsend St & E Congress St,ALL
882ab2cf0dfffff,0.0,3.0,New Hotspot,3.0,,7.5,08,Crime Type,AGGRAVATED ASSAULT,3.0,3.0,2026-09-12,2026-09-25,2026-09-26,2026-10-09,42.406027444412715,-83.24063170700437,Brightmoor,Braile St & Pilgrim St,ALL
882ab2cf29fffff,0.0,3.0,New Hotspot,3.0,,7.5,08,Crime Type,AGGRAVATED ASSAULT,3.0,3.0,2026-09-12,2026-09-25,2026-09-26,2026-10-09,42.40210283064391,-83.25944755666258,Brightmoor,Midland St & Dolphin St,ALL
882ab2cf61fffff,3.0,1.0,Declining Hotspot,-2.0,-66.67,1.0,08,Crime Type,AGGRAVATED ASSAULT,3.0,3.0,2026-09-12,2026-09-25,2026-09-26,2026-10-09,42.41473691674537,-83.25444471974748,Holcomb Community,Grand River Ave & W McNichols Rd,ALL
882ab2c8dbfffff,3.0,0.0,Declining Hotspot,-3.0,-100.0,0.0,08,Crime Type,AGGRAVATED ASSAULT,3.0,3.0,2026-09-12,2026-09-25,2026-09-26,2026-10-09,42.41195859757408,-83.27729429805335,Riverdale,Telegraph Rd & Grove St,ALL
882ab2cab7fffff,3.0,0.0,Declining Hotspot,-3.0,-100.0,0.0,08,Crime Type,AGGRAVATED ASSAULT,3.0,3.0,2026-09-12,2026-09-25,2026-09-26,2026-10-09,42.4286454981274,-83.28287056611585,Five Points,Lenore Ave & W 7 Mile Rd,ALL
882ab2c663fffff,2.0,4.0,Emerging Hotspot,2.0,100.0,7.0,09,Crime Type,AGGRAVATED ASSAULT,3.0,3.0,2026-09-12,2026-09-25,2026-09-26,2026-10-09,42.41950621604016,-82.95701596483369,Denby,Grayton St & Lansdowne St,ALL
882ab2d5b7fffff,1.0,3.0,Emerging Hotspot,2.0,200.0,6.0,09,Crime Type,AGGRAVATED ASSAULT,3.0,3.0,2026-09-12,2026-09-25,2026-09-26,2026-10-09,42.43663946605306,-82.9876131870752,Pulaski,E 7 Mile Rd & Schoenherr St,ALL
882ab2c62bfffff,2.0,3.0,Emerging Hotspot,1.0,50.0,4.5,09,Crime Type,AGGRAVATED ASSAULT,3.0,3.0,2026-09-12,2026-09-25,2026-09-26,2026-10-09,42.40618566147862,-82.96174397111852,Outer Drive-Hayes,Evanston St & Wayburn St,ALL
882ab2d5b3fffff,2.0,3.0,Emerging Hotspot,1.0,50.0,4.5,09,Crime Type,AGGRAVATED ASSAULT,3.0,3.0,2026-09-12,2026-09-25,2026-09-26,2026-10-09,42.43508315926134,-82.97639201995733,Mapleridge,Chalmers St & Eastwood St,ALL
882ab2c60dfffff,5.0,3.0,Persistent Hotspot,-2.0,-40.0,4.05,09,Crime Type,AGGRAVATED ASSAULT,3.0,3.0,2026-09-12,2026-09-25,2026-09-26,2026-10-09,42.41947717055631,-82.9476365500096,Yorkshire Woods,Nottingham Rd & Grayton St,ALL
882ab2c743fffff,3.0,1.0,Declining Hotspot,-2.0,-66.67,1.0,09,Crime Type,AGGRAVATED ASSAULT,3.0,3.0,2026-09-12,2026-09-25,2026-09-26,2026-10-09,42.43428372316813,-83.00810830306966,Mount Olivet,E 7 Mile Rd & Teppert St,ALL
882ab2c66dfffff,3.0,0.0,Declining Hotspot,-3.0,-100.0,0.0,09,Crime Type,AGGRAVATED ASSAULT,3.0,3.0,2026-09-12,2026-09-25,2026-09-26,2026-10-09,42.43471318654235,-82.96546041055458,Mapleridge,Hayes St & E 7 Mile Rd,ALL
882ab2c75bfffff,3.0,0.0,Declining Hotspot,-3.0,-100.0,0.0,09,Crime Type,AGGRAVATED ASSAULT,3.0,3.0,2026-09-12,2026-09-25,2026-09-26,2026-10-09,42.42375446432597,-82.98366476004514,Mapleridge,Hickory St & Gratiot Ave,ALL
882ab2c523fffff,0.0,4.0,New Hotspot,4.0,,10.0,10,Crime Type,AGGRAVATED ASSAULT,3.0,3.0,2026-09-12,2026-09-25,2026-09-26,2026-10-09,42.3672898973267,-83.10462880708579,Virginia Park Community,Linwood St & W Euclid St,ALL
882ab2ce11fffff,0.0,3.0,New Hotspot,3.0,,7.5,10,Crime Type,AGGRAVATED ASSAULT,3.0,3.0,2026-09-12,2026-09-25,2026-09-26,2026-10-09,42.369915571358995,-83.13889016310524,Oakman Blvd Community,Grand River Ave & Monica St,ALL
882ab2ce5bfffff,3.0,3.0,Persistent Hotspot,0.0,0.0,4.05,10,Crime Type,AGGRAVATED ASSAULT,3.0,3.0,2026-09-12,2026-09-25,2026-09-26,2026-10-09,42.3886209069811,-83.11251516814774,Dexter-Linwood,Fullerton St & Linwood St,ALL
882ab2cec1fffff,3.0,2.0,Declining Hotspot,-1.0,-33.33,2.0,10,Crime Type,AGGRAVATED ASSAULT,3.0,3.0,2026-09-12,2026-09-25,2026-09-26,2026-10-09,42.35400509547457,-83.11772393971783,Midwest,Firwood St & Allendale St,ALL
882ab2c52dfffff,3.0,1.0,Declining Hotspot,-2.0,-66.67,1.0,10,Crime Type,AGGRAVATED ASSAULT,3.0,3.0,2026-09-12,2026-09-25,2026-09-26,2026-10-09,42.38290213355274,-83.10845890458248,Dexter-Linwood,Webb St & 14th St,ALL
882ab2ce53fffff,3.0,1.0,Declining Hotspot,-2.0,-66.67,1.0,10,Crime Type,AGGRAVATED ASSAULT,3.0,3.0,2026-09-12,2026-09-25,2026-09-26,2026-10-09,42.38448548246358,-83.12032771879515,Dexter-Linwood,Elmhurst St & Linwood St,ALL
882ab2ce55fffff,3.0,1.0,Declining Hotspot,-2.0,-66.67,1.0,10,Crime Type,AGGRAVATED ASSAULT,3.0,3.0,2026-09-12,2026-09-25,2026-09-26,2026-10-09,42.39243320840768,-83.13810068136917,Oakman Blvd Community,Kendall St & Livernois Ave,ALL
882ab2c0d1fffff,0.0,6.0,New Hotspot,6.0,,15.0,11,Crime Type,AGGRAVATED ASSAULT,3.0,3.0,2026-09-12,2026-09-25,2026-09-26,2026-10-09,42.434850341445134,-83.07396450107514,Nolan,Revere St & Emery St,ALL
882ab2c747fffff,0.0,3.0,New Hotspot,3.0,,7.5,11,Crime Type,AGGRAVATED ASSAULT,3.0,3.0,2026-09-12,2026-09-25,2026-09-26,2026-10-09,42.434173519988605,-83.02104772755249,Nortown,Van Dyke St & E 7 Mile Rd,ALL
882ab2c0dbfffff,1.0,4.0,Emerging Hotspot,3.0,300.0,8.5,11,Crime Type,AGGRAVATED ASSAULT,3.0,3.0,2026-09-12,2026-09-25,2026-09-26,2026-10-09,42.43573315701592,-83.05992032298255,Farwell,Emery St & Shields St,ALL
882ab2c0d9fffff,3.0,2.0,Declining Hotspot,-1.0,-33.33,2.0,11,Crime Type,AGGRAVATED ASSAULT,3.0,3.0,2026-09-12,2026-09-25,2026-09-26,2026-10-09,42.44266492564872,-83.06568811266315,Farwell,E Remington St & Wexford St,ALL
882ab2c72dfffff,3.0,1.0,Declining Hotspot,-2.0,-66.67,1.0,11,Crime Type,AGGRAVATED ASSAULT,3.0,3.0,2026-09-12,2026-09-25,2026-09-26,2026-10-09,42.42611995184964,-83.05848511975876,Krainz Woods,Conley St & E Nevada St,ALL
882ab2ce41fffff,0.0,3.0,New Hotspot,3.0,,7.5,12,Crime Type,AGGRAVATED ASSAULT,3.0,3.0,2026-09-12,2026-09-25,2026-09-26,2026-10-09,42.40752967248862,-83.14475115683516,Fitzgerald/Marygrove,Midland St & Tuller St,ALL
882ab2c183fffff,3.0,0.0,Declining Hotspot,-3.0,-100.0,0.0,12,Crime Type,AGGRAVATED ASSAULT,3.0,3.0,2026-09-12,2026-09-25,2026-09-26,2026-10-09,42.43472556731352,-83.18116686735097,Schaefer 7/8 Lodge,Schaefer Hwy & Vassar Ave,ALL
882ab2c0d1fffff,0.0,6.0,New Hotspot,6.0,,15.0,ALL,Crime Type,AGGRAVATED ASSAULT,3.0,3.0,2026-09-12,2026-09-25,2026-09-26,2026-10-09,42.434850341445134,-83.07396450107514,Nolan,Revere St & Emery St,ALL
882ab2c523fffff,0.0,4.0,New Hotspot,4.0,,10.0,ALL,Crime Type,AGGRAVATED ASSAULT,3.0,3.0,2026-09-12,2026-09-25,2026-09-26,2026-10-09,42.3672898973267,-83.10462880708579,Virginia Park Community,Linwood St & W Euclid St,ALL
882ab2c63dfffff,0.0,4.0,New Hotspot,4.0,,10.0,ALL,Crime Type,AGGRAVATED ASSAULT,3.0,3.0,2026-09-12,2026-09-25,2026-09-26,2026-10-09,42.39801206005198,-82.95507612877964,Morningside,Lakepointe St & E Warren Ave,ALL
882ab2c747fffff,0.0,3.0,New Hotspot,3.0,,7.5,ALL,Crime Type,AGGRAVATED ASSAULT,3.0,3.0,2026-09-12,2026-09-25,2026-09-26,2026-10-09,42.434173519988605,-83.02104772755249,Nortown,Van Dyke St & E 7 Mile Rd,ALL
882ab2ce11fffff,0.0,3.0,New Hotspot,3.0,,7.5,ALL,Crime Type,AGGRAVATED ASSAULT,3.0,3.0,2026-09-12,2026-09-25,2026-09-26,2026-10-09,42.369915571358995,-83.13889016310524,Oakman Blvd Community,Grand River Ave & Monica St,ALL
882ab2ce41fffff,0.0,3.0,New Hotspot,3.0,,7.5,ALL,Crime Type,AGGRAVATED ASSAULT,3.0,3.0,2026-09-12,2026-09-25,2026-09-26,2026-10-09,42.40752967248862,-83.14475115683516,Fitzgerald/Marygrove,Midland St & Tuller St,ALL
882ab2cf0dfffff,0.0,3.0,New Hotspot,3.0,,7.5,ALL,Crime Type,AGGRAVATED ASSAULT,3.0,3.0,2026-09-12,2026-09-25,2026-09-26,2026-10-09,42.406027444412715,-83.24063170700437,Brightmoor,Braile St & Pilgrim St,ALL
882ab2cf1bfffff,0.0,3.0,New Hotspot,3.0,,7.5,ALL,Crime Type,AGGRAVATED ASSAULT,3.0,3.0,2026-09-12,2026-09-25,2026-09-26,2026-10-09,42.38221914243781,-83.20636118622387,Schoolcraft Southfield,Mettetal St & Glendale St,ALL
882ab2cf29fffff,0.0,3.0,New Hotspot,3.0,,7.5,ALL,Crime Type,AGGRAVATED ASSAULT,3.0,3.0,2026-09-12,2026-09-25,2026-09-26,2026-10-09,42.40210283064391,-83.25944755666258,Brightmoor,Midland St & Dolphin St,ALL
882ab2c0dbfffff,1.0,4.0,Emerging Hotspot,3.0,300.0,8.5,ALL,Crime Type,AGGRAVATED ASSAULT,3.0,3.0,2026-09-12,2026-09-25,2026-09-26,2026-10-09,42.43573315701592,-83.05992032298255,Farwell,Emery St & Shields St,ALL
882ab2c663fffff,2.0,4.0,Emerging Hotspot,2.0,100.0,7.0,ALL,Crime Type,AGGRAVATED ASSAULT,3.0,3.0,2026-09-12,2026-09-25,2026-09-26,2026-10-09,42.41950621604016,-82.95701596483369,Denby,Grayton St & Lansdowne St,ALL
882ab2c5cbfffff,1.0,3.0,Emerging Hotspot,2.0,200.0,6.0,ALL,Crime Type,AGGRAVATED ASSAULT,3.0,3.0,2026-09-12,2026-09-25,2026-09-26,2026-10-09,42.34101769155248,-83.02326650909899,Elmwood Park,E Jefferson Ave & Chene St,ALL
882ab2c6adfffff,1.0,3.0,Emerging Hotspot,2.0,200.0,6.0,ALL,Crime Type,AGGRAVATED ASSAULT,3.0,3.0,2026-09-12,2026-09-25,2026-09-26,2026-10-09,42.363218764052384,-82.95025084308988,Jefferson Chalmers,Continental St & Essex Ave,ALL
882ab2cc01fffff,1.0,3.0,Emerging Hotspot,2.0,200.0,6.0,ALL,Crime Type,AGGRAVATED ASSAULT,3.0,3.0,2026-09-12,2026-09-25,2026-09-26,2026-10-09,42.34581838636176,-83.20932670190365,Warren Ave Community,Rutland St & Majestic St,ALL
882ab2cd5dfffff,1.0,3.0,Emerging Hotspot,2.0,200.0,6.0,ALL,Crime Type,AGGRAVATED ASSAULT,3.0,3.0,2026-09-12,2026-09-25,2026-09-26,2026-10-09,42.36683214383794,-83.26433918477007,West Outer Drive,Orangelawn St & Beaverland St,ALL
882ab2d5b7fffff,1.0,3.0,Emerging Hotspot,2.0,200.0,6.0,ALL,Crime Type,AGGRAVATED ASSAULT,3.0,3.0,2026-09-12,2026-09-25,2026-09-26,2026-10-09,42.43663946605306,-82.9876131870752,Pulaski,E 7 Mile Rd & Schoenherr St,ALL
882ab2c62bfffff,2.0,3.0,Emerging Hotspot,1.0,50.0,4.5,ALL,Crime Type,AGGRAVATED ASSAULT,3.0,3.0,2026-09-12,2026-09-25,2026-09-26,2026-10-09,42.40618566147862,-82.96174397111852,Outer Drive-Hayes,Evanston St & Wayburn St,ALL
882ab2d5b3fffff,2.0,3.0,Emerging Hotspot,1.0,50.0,4.5,ALL,Crime Type,AGGRAVATED ASSAULT,3.0,3.0,2026-09-12,2026-09-25,2026-09-26,2026-10-09,42.43508315926134,-82.97639201995733,Mapleridge,Chalmers St & Eastwood St,ALL
882ab2c58dfffff,5.0,3.0,Persistent Hotspot,-2.0,-40.0,4.05,ALL,Crime Type,AGGRAVATED ASSAULT,3.0,3.0,2026-09-12,2026-09-25,2026-09-26,2026-10-09,42.33168460389816,-83.049713162411,Downtown,Michigan Ave & Cass Ave,ALL
882ab2c5c7fffff,4.0,3.0,Persistent Hotspot,-1.0,-25.0,4.05,ALL,Crime Type,AGGRAVATED ASSAULT,3.0,3.0,2026-09-12,2026-09-25,2026-09-26,2026-10-09,42.33490709967879,-83.04418085859385,Downtown,Beaubien St & E Lafayette St,ALL
882ab2c60dfffff,5.0,3.0,Persistent Hotspot,-2.0,-40.0,4.05,ALL,Crime Type,AGGRAVATED ASSAULT,3.0,3.0,2026-09-12,2026-09-25,2026-09-26,2026-10-09,42.41947717055631,-82.9476365500096,Yorkshire Woods,Nottingham Rd & Grayton St,ALL
882ab2ce5bfffff,3.0,3.0,Persistent Hotspot,0.0,0.0,4.05,ALL,Crime Type,AGGRAVATED ASSAULT,3.0,3.0,2026-09-12,2026-09-25,2026-09-26,2026-10-09,42.3886209069811,-83.11251516814774,Dexter-Linwood,Fullerton St & Linwood St,ALL
882ab2c0d9fffff,3.0,2.0,Declining Hotspot,-1.0,-33.33,2.0,ALL,Crime Type,AGGRAVATED ASSAULT,3.0,3.0,2026-09-12,2026-09-25,2026-09-26,2026-10-09,42.44266492564872,-83.06568811266315,Farwell,E Remington St & Wexford St,ALL
882ab2c609fffff,4.0,2.0,Declining Hotspot,-2.0,-50.0,2.0,ALL,Crime Type,AGGRAVATED ASSAULT,3.0,3.0,2026-09-12,2026-09-25,2026-09-26,2026-10-09,42.41654000330367,-82.93627151822052,Cornerstone Village,Berden St & Grayton St,ALL
882ab2cec1fffff,3.0,2.0,Declining Hotspot,-1.0,-33.33,2.0,ALL,Crime Type,AGGRAVATED ASSAULT,3.0,3.0,2026-09-12,2026-09-25,2026-09-26,2026-10-09,42.35400509547457,-83.11772393971783,Midwest,Firwood St & Allendale St,ALL
882ab2c443fffff,3.0,1.0,Declining Hotspot,-2.0,-66.67,1.0,ALL,Crime Type,AGGRAVATED ASSAULT,3.0,3.0,2026-09-12,2026-09-25,2026-09-26,2026-10-09,42.37814570154656,-82.97995106386533,West End,Beniteau St & E Canfield St,ALL
882ab2c507fffff,3.0,1.0,Declining Hotspot,-2.0,-66.67,1.0,ALL,Crime Type,AGGRAVATED ASSAULT,3.0,3.0,2026-09-12,2026-09-25,2026-09-26,2026-10-09,42.37084340450591,-83.08143978295578,New Center Commons,Pallister St & 3rd St,ALL
882ab2c52dfffff,3.0,1.0,Declining Hotspot,-2.0,-66.67,1.0,ALL,Crime Type,AGGRAVATED ASSAULT,3.0,3.0,2026-09-12,2026-09-25,2026-09-26,2026-10-09,42.38290213355274,-83.10845890458248,Dexter-Linwood,Webb St & 14th St,ALL
882ab2c72dfffff,3.0,1.0,Declining Hotspot,-2.0,-66.67,1.0,ALL,Crime Type,AGGRAVATED ASSAULT,3.0,3.0,2026-09-12,2026-09-25,2026-09-26,2026-10-09,42.42611995184964,-83.05848511975876,Krainz Woods,Conley St & E Nevada St,ALL
882ab2c743fffff,3.0,1.0,Declining Hotspot,-2.0,-66.67,1.0,ALL,Crime Type,AGGRAVATED ASSAULT,3.0,3.0,2026-09-12,2026-09-25,2026-09-26,2026-10-09,42.43428372316813,-83.00810830306966,Mount Olivet,E 7 Mile Rd & Teppert St,ALL
882ab2cc41fffff,3.0,1.0,Declining Hotspot,-2.0,-66.67,1.0,ALL,Crime Type,AGGRAVATED ASSAULT,3.0,3.0,2026-09-12,2026-09-25,2026-09-26,2026-10-09,42.36349426408292,-83.19722222275703,We Care Community,Greenfield Rd & Westfield St,ALL
882ab2cc47fffff,4.0,1.0,Declining Hotspot,-3.0,-75.0,1.0,ALL,Crime Type,AGGRAVATED ASSAULT,3.0,3.0,2026-09-12,2026-09-25,2026-09-26,2026-10-09,42.3581503152907,-83.20429829322885,Joy Community,Joy Rd & Prevost St,ALL
882ab2ce53fffff,3.0,1.0,Declining Hotspot,-2.0,-66.67,1.0,ALL,Crime Type,AGGRAVATED ASSAULT,3.0,3.0,2026-09-12,2026-09-25,2026-09-26,2026-10-09,42.38448548246358,-83.12032771879515,Dexter-Linwood,Elmhurst St & Linwood St,ALL
882ab2ce55fffff,3.0,1.0,Declining Hotspot,-2.0,-66.67,1.0,ALL,Crime Type,AGGRAVATED ASSAULT,3.0,3.0,2026-09-12,2026-09-25,2026-09-26,2026-10-09,42.39243320840768,-83.13810068136917,Oakman Blvd Community,Kendall St & Livernois Ave,ALL
882ab2cf61fffff,3.0,1.0,Declining Hotspot,-2.0,-66.67,1.0,ALL,Crime Type,AGGRAVATED ASSAULT,3.0,3.0,2026-09-12,2026-09-25,2026-09-26,2026-10-09,42.41473691674537,-83.25444471974748,Holcomb Community,Grand River Ave & W McNichols Rd,ALL
882ab2c183fffff,3.0,0.0,Declining Hotspot,-3.0,-100.0,0.0,ALL,Crime Type,AGGRAVATED ASSAULT,3.0,3.0,2026-09-12,2026-09-25,2026-09-26,2026-10-09,42.43472556731352,-83.18116686735097,Schaefer 7/8 Lodge,Schaefer Hwy & Vassar Ave,ALL
882ab2c1bdfffff,3.0,0.0,Declining Hotspot,-3.0,-100.0,0.0,ALL,Crime Type,AGGRAVATED ASSAULT,3.0,3.0,2026-09-12,2026-09-25,2026-09-26,2026-10-09,42.430418368393845,-83.19990339634495,College Park,Clarita St & Rutherford St,ALL
882ab2c439fffff,3.0,0.0,Declining Hotspot,-3.0,-100.0,0.0,ALL,Crime Type,AGGRAVATED ASSAULT,3.0,3.0,2026-09-12,2026-09-25,2026-09-26,2026-10-09,42.351399305462806,-82.99731213591747,West Village,Townsend St & E Congress St,ALL
882ab2c66dfffff,3.0,0.0,Declining Hotspot,-3.0,-100.0,0.0,ALL,Crime Type,AGGRAVATED ASSAULT,3.0,3.0,2026-09-12,2026-09-25,2026-09-26,2026-10-09,42.43471318654235,-82.96546041055458,Mapleridge,Hayes St & E 7 Mile Rd,ALL
882ab2c75bfffff,3.0,0.0,Declining Hotspot,-3.0,-100.0,0.0,ALL,Crime Type,AGGRAVATED ASSAULT,3.0,3.0,2026-09-12,2026-09-25,2026-09-26,2026-10-09,42.42375446432597,-82.98366476004514,Mapleridge,Hickory St & Gratiot Ave,ALL
882ab2c8dbfffff,3.0,0.0,Declining Hotspot,-3.0,-100.0,0.0,ALL,Crime Type,AGGRAVATED ASSAULT,3.0,3.0,2026-09-12,2026-09-25,2026-09-26,2026-10-09,42.41195859757408,-83.27729429805335,Riverdale,Telegraph Rd & Grove St,ALL
882ab2cab7fffff,3.0,0.0,Declining Hotspot,-3.0,-100.0,0.0,ALL,Crime Type,AGGRAVATED ASSAULT,3.0,3.0,2026-09-12,2026-09-25,2026-09-26,2026-10-09,42.4286454981274,-83.28287056611585,Five Points,Lenore Ave & W 7 Mile Rd,ALL
882ab2c663fffff,3.0,0.0,Declining Hotspot,-3.0,-100.0,0.0,09,Crime Type,ARSON,3.0,3.0,2026-09-12,2026-09-25,2026-09-26,2026-10-09,42.41950621604016,-82.95701596483369,Denby,Grayton St & Lansdowne St,ALL
882ab2c663fffff,3.0,0.0,Declining Hotspot,-3.0,-100.0,0.0,ALL,Crime Type,ARSON,3.0,3.0,2026-09-12,2026-09-25,2026-09-26,2026-10-09,42.41950621604016,-82.95701596483369,Denby,Grayton St & Lansdowne St,ALL
882ab2ce37fffff,0.0,4.0,New Hotspot,4.0,,10.0,02,Crime Type,ASSAULT,3.0,3.0,2026-09-12,2026-09-25,2026-09-26,2026-10-09,42.36222075459352,-83.17637886733415,We Care Community,Schaefer Hwy & Joy Rd,ALL
882ab2cf5bfffff,0.0,3.0,New Hotspot,3.0,,7.5,02,Crime Type,ASSAULT,3.0,3.0,2026-09-12,2026-09-25,2026-09-26,2026-10-09,42.401484971464086,-83.19627337183282,Belmont,Fenkell St & Whitcomb St,ALL
882ab2ce07fffff,2.0,4.0,Emerging Hotspot,2.0,100.0,7.0,02,Crime Type,ASSAULT,3.0,3.0,2026-09-12,2026-09-25,2026-09-26,2026-10-09,42.38060950628013,-83.16318112933845,Grand River-I96,Fullerton St & Mendota St,ALL
882ab2ce21fffff,1.0,3.0,Emerging Hotspot,2.0,200.0,6.0,02,Crime Type,ASSAULT,3.0,3.0,2026-09-12,2026-09-25,2026-09-26,2026-10-09,42.38415314333721,-83.18721168464047,Schoolcraft Southfield,Marlowe St & Tyler St,ALL
882ab2cee9fffff,1.0,3.0,Emerging Hotspot,2.0,200.0,6.0,02,Crime Type,ASSAULT,3.0,3.0,2026-09-12,2026-09-25,2026-09-26,2026-10-09,42.35695133875132,-83.13838824298493,Midwest,Garden St & Wetherby St,ALL
882ab2c1b3fffff,2.0,3.0,Emerging Hotspot,1.0,50.0,4.5,02,Crime Type,ASSAULT,3.0,3.0,2026-09-12,2026-09-25,2026-09-26,2026-10-09,42.41430502137904,-83.1918149776172,Hubbell-Puritan,Hubbell St & W McNichols Rd,ALL
882ab2ceedfffff,2.0,3.0,Emerging Hotspot,1.0,50.0,4.5,02,Crime Type,ASSAULT,3.0,3.0,2026-09-12,2026-09-25,2026-09-26,2026-10-09,42.35692752327683,-83.1519150298148,Barton-McFarland,Mackenzie St & Northlawn St,ALL
882ab2ce65fffff,3.0,4.0,Persistent Hotspot,1.0,33.33,6.9,02,Crime Type,ASSAULT,3.0,3.0,2026-09-12,2026-09-25,2026-09-26,2026-10-09,42.403742554973334,-83.18559534915846,Bethune Community,Fenkell St & Strathmoor St,ALL
882ab2ce03fffff,3.0,3.0,Persistent Hotspot,0.0,0.0,4.05,02,Crime Type,ASSAULT,3.0,3.0,2026-09-12,2026-09-25,2026-09-26,2026-10-09,42.37907995267717,-83.15372965648284,Littlefield Community,Indiana St & Cortland St,ALL
882ab2cc43fffff,4.0,2.0,Declining Hotspot,-2.0,-50.0,2.0,02,Crime Type,ASSAULT,3.0,3.0,2026-09-12,2026-09-25,2026-09-26,2026-10-09,42.35584005865894,-83.1935237234267,Fiskhorn,Prest St & Joy Rd,ALL
882ab2cc49fffff,3.0,2.0,Declining Hotspot,-1.0,-33.33,2.0,02,Crime Type,ASSAULT,3.0,3.0,2026-09-12,2026-09-25,2026-09-26,2026-10-09,42.37033498658255,-83.18975000316506,Plymouth-Hubbell,Orangelawn St & Strathmoor St,ALL
882ab2ce2dfffff,3.0,2.0,Declining Hotspot,-1.0,-33.33,2.0,02,Crime Type,ASSAULT,3.0,3.0,2026-09-12,2026-09-25,2026-09-26,2026-10-09,42.39146711959255,-83.19100106122482,Hubbell-Lyndon,Grand River Ave & Whitcomb St,ALL
882ab2ce31fffff,4.0,2.0,Declining Hotspot,-2.0,-50.0,2.0,02,Crime Type,ASSAULT,3.0,3.0,2026-09-12,2026-09-25,2026-09-26,2026-10-09,42.36599567339108,-83.16733320530321,Barton-McFarland,W Chicago St & Appoline,ALL
882ab2ce39fffff,4.0,2.0,Declining Hotspot,-2.0,-50.0,2.0,02,Crime Type,ASSAULT,3.0,3.0,2026-09-12,2026-09-25,2026-09-26,2026-10-09,42.37260465005298,-83.15856633141807,Barton-McFarland,Aurora St & Elmira St,ALL
882ab2cc5dfffff,3.0,1.0,Declining Hotspot,-2.0,-66.67,1.0,02,Crime Type,ASSAULT,3.0,3.0,2026-09-12,2026-09-25,2026-09-26,2026-10-09,42.3536624724018,-83.18363021437968,Joy-Schaefer,Belton St & Carlin St,ALL
882ab2ce3dfffff,5.0,1.0,Declining Hotspot,-4.0,-80.0,1.0,02,Crime Type,ASSAULT,3.0,3.0,2026-09-12,2026-09-25,2026-09-26,2026-10-09,42.37649028963668,-83.17245583166994,Pride Area Community,Capitol St & Littlefield St,ALL
882ab2ce67fffff,4.0,1.0,Declining Hotspot,-3.0,-75.0,1.0,02,Crime Type,ASSAULT,3.0,3.0,2026-09-12,2026-09-25,2026-09-26,2026-10-09,42.3998098481388,-83.18206593144619,Bethune Community,Chalfonte St & Ardmore St,ALL
882ab2ce6dfffff,3.0,0.0,Declining Hotspot,-3.0,-100.0,0.0,02,Crime Type,ASSAULT,3.0,3.0,2026-09-12,2026-09-25,2026-09-26,2026-10-09,42.41180763056686,-83.1797983731317,Harmony Village,Florence St & Schaefer Hwy,ALL
882ab2c5e9fffff,3.0,12.0,Emerging Hotspot,9.0,300.0,25.5,03,Crime Type,ASSAULT,4.0,6.0,2026-09-12,2026-09-25,2026-09-26,2026-10-09,42.346487742123,-83.0572617645819,Midtown,Eliot St & Woodward Ave,ALL
882ab2c5c7fffff,6.0,11.0,Persistent Hotspot,5.0,83.33,22.35,03,Crime Type,ASSAULT,4.0,6.0,2026-09-12,2026-09-25,2026-09-26,2026-10-09,42.33490709967879,-83.04418085859385,Downtown,Beaubien St & E Lafayette St,ALL
882ab2c58dfffff,17.0,15.0,Persistent Hotspot,-2.0,-11.76,20.25,03,Crime Type,ASSAULT,4.0,6.0,2026-09-12,2026-09-25,2026-09-26,2026-10-09,42.33168460389816,-83.049713162411,Downtown,Michigan Ave & Cass Ave,ALL
882ab2c5ebfffff,7.0,7.0,Persistent Hotspot,0.0,0.0,9.45,03,Crime Type,ASSAULT,4.0,6.0,2026-09-12,2026-09-25,2026-09-26,2026-10-09,42.33757686428401,-83.05134286793893,Downtown,Woodward Ave & E Adams Ave,ALL
882ab2c517fffff,6.0,6.0,Persistent Hotspot,0.0,0.0,8.1,03,Crime Type,ASSAULT,4.0,6.0,2026-09-12,2026-09-25,2026-09-26,2026-10-09,42.35337034789475,-83.06261310000085,Midtown,W Alexandrine St & Woodward Ave,ALL
882ab2c503fffff,4.0,3.0,Declining Hotspot,-1.0,-25.0,3.0,03,Crime Type,ASSAULT,4.0,6.0,2026-09-12,2026-09-25,2026-09-26,2026-10-09,42.36903674016917,-83.07404078940577,New Center,W Grand Blvd & 2nd Ave,ALL
882ab2c531fffff,5.0,1.0,Declining Hotspot,-4.0,-80.0,1.0,03,Crime Type,ASSAULT,4.0,6.0,2026-09-12,2026-09-25,2026-09-26,2026-10-09,42.35892645105544,-83.0812712368089,Elijah McCoy,Elijah Mccoy Dr & Lincoln St,ALL
882ab2c5e3fffff,5.0,1.0,Declining Hotspot,-4.0,-80.0,1.0,03,Crime Type,ASSAULT,4.0,6.0,2026-09-12,2026-09-25,2026-09-26,2026-10-09,42.33230278409165,-83.057812497388,Downtown,Bagley St & 3rd St,ALL
882ab2c501fffff,4.0,0.0,Declining Hotspot,-4.0,-100.0,0.0,03,Crime Type,ASSAULT,4.0,6.0,2026-09-12,2026-09-25,2026-09-26,2026-10-09,42.37596250325836,-83.07496548946622,North End,Seward St & Woodward Ave,ALL
882ab2ceabfffff,0.0,4.0,New Hotspot,4.0,,10.0,04,Crime Type,ASSAULT,3.0,3.0,2026-09-12,2026-09-25,2026-09-26,2026-10-09,42.33086026129325,-83.1461719915354,Claytown,Arnold St & Trenton St,ALL
882ab2cea9fffff,0.0,3.0,New Hotspot,3.0,,7.5,04,Crime Type,ASSAULT,3.0,3.0,2026-09-12,2026-09-25,2026-09-26,2026-10-09,42.33753668835616,-83.14877839251128,Claytown,Kirkwood St & Saint Lawrence St,ALL
882ab2c5a5fffff,2.0,9.0,Emerging Hotspot,7.0,350.0,19.5,04,Crime Type,ASSAULT,3.0,3.0,2026-09-12,2026-09-25,2026-09-26,2026-10-09,42.3214211401294,-83.0882934819393,Mexicantown,25th St & Porter St,ALL
882ab2ce85fffff,1.0,4.0,Emerging Hotspot,3.0,300.0,8.5,04,Crime Type,ASSAULT,3.0,3.0,2026-09-12,2026-09-25,2026-09-26,2026-10-09,42.33378178335646,-83.13859756466546,Claytown,Chopin St & Wagner St,ALL
882ab2ceb3fffff,1.0,4.0,Emerging Hotspot,3.0,300.0,8.5,04,Crime Type,ASSAULT,3.0,3.0,2026-09-12,2026-09-25,2026-09-26,2026-10-09,42.30658858311586,-83.13351917547075,Springwells,Falcon St & Woodmere St,ALL
882ab2ce81fffff,1.0,3.0,Emerging Hotspot,2.0,200.0,6.0,04,Crime Type,ASSAULT,3.0,3.0,2026-09-12,2026-09-25,2026-09-26,2026-10-09,42.33115254301452,-83.12738555727228,Claytown,Braden St & Michigan Ave,ALL
882ab2cee3fffff,2.0,3.0,Emerging Hotspot,1.0,50.0,4.5,04,Crime Type,ASSAULT,3.0,3.0,2026-09-12,2026-09-25,2026-09-26,2026-10-09,42.34147663463513,-83.14352498140082,Claytown,Kirkwood St & Cecil St,ALL
882ab2cc93fffff,3.0,2.0,Declining Hotspot,-1.0,-33.33,2.0,04,Crime Type,ASSAULT,3.0,3.0,2026-09-12,2026-09-25,2026-09-26,2026-10-09,42.2670386546049,-83.15600664121943,Boynton,S Annabelle St & Omaha St,ALL
882ab2ce91fffff,3.0,2.0,Declining Hotspot,-1.0,-33.33,2.0,04,Crime Type,ASSAULT,3.0,3.0,2026-09-12,2026-09-25,2026-09-26,2026-10-09,42.31701760692268,-83.10528103579631,Central Southwest,W Vernor Hwy & Campbell St,ALL
882ab21b6dfffff,3.0,1.0,Declining Hotspot,-2.0,-66.67,1.0,04,Crime Type,ASSAULT,3.0,3.0,2026-09-12,2026-09-25,2026-09-26,2026-10-09,42.306082428720046,-83.12337838459051,Springwells,Evans St & Lane St,ALL
882ab2ce99fffff,3.0,0.0,Declining Hotspot,-3.0,-100.0,0.0,04,Crime Type,ASSAULT,3.0,3.0,2026-09-12,2026-09-25,2026-09-26,2026-10-09,42.319742891837656,-83.09715415552316,Central Southwest,W Vernor Hwy & McKinstry St,ALL
882ab2c635fffff,0.0,3.0,New Hotspot,3.0,,7.5,05,Crime Type,ASSAULT,3.0,3.0,2026-09-12,2026-09-25,2026-09-26,2026-10-09,42.39294996263973,-82.96858549304167,Fox Creek,Algonquin St & E Warren Ave,ALL
882ab2c603fffff,1.0,3.0,Emerging Hotspot,2.0,200.0,6.0,05,Crime Type,ASSAULT,3.0,3.0,2026-09-12,2026-09-25,2026-09-26,2026-10-09,42.40333867732697,-82.9409495393533,Morningside,Bedford St & E Warren Ave,ALL
882ab2c60bfffff,3.0,3.0,Persistent Hotspot,0.0,0.0,4.05,05,Crime Type,ASSAULT,3.0,3.0,2026-09-12,2026-09-25,2026-09-26,2026-10-09,42.40777111181735,-82.93091402775916,Cornerstone Village,E Warren Ave & Cadieux Rd,ALL
882ab2c61dfffff,3.0,1.0,Declining Hotspot,-2.0,-66.67,1.0,05,Crime Type,ASSAULT,3.0,3.0,2026-09-12,2026-09-25,2026-09-26,2026-10-09,42.40265468713058,-82.92665315281201,Cornerstone Village,Munich St & Cadieux Rd,ALL
882ab2c623fffff,3.0,1.0,Declining Hotspot,-2.0,-66.67,1.0,05,Crime Type,ASSAULT,3.0,3.0,2026-09-12,2026-09-25,2026-09-26,2026-10-09,42.39999154734736,-82.96749365634277,Chandler Park,Drexel St & Southampton St,ALL
882ab2c63dfffff,5.0,1.0,Declining Hotspot,-4.0,-80.0,1.0,05,Crime Type,ASSAULT,3.0,3.0,2026-09-12,2026-09-25,2026-09-26,2026-10-09,42.39801206005198,-82.95507612877964,Morningside,Lakepointe St & E Warren Ave,ALL
882ab2c657fffff,4.0,1.0,Declining Hotspot,-3.0,-75.0,1.0,05,Crime Type,ASSAULT,3.0,3.0,2026-09-12,2026-09-25,2026-09-26,2026-10-09,42.40833090507417,-82.92037765440844,Cornerstone Village,E Warren Ave & Lodewyck St,ALL
882ab2c6adfffff,3.0,1.0,Declining Hotspot,-2.0,-66.67,1.0,05,Crime Type,ASSAULT,3.0,3.0,2026-09-12,2026-09-25,2026-09-26,2026-10-09,42.363218764052384,-82.95025084308988,Jefferson Chalmers,Continental St & Essex Ave,ALL
882ab2c615fffff,3.0,0.0,Declining Hotspot,-3.0,-100.0,0.0,05,Crime Type,ASSAULT,3.0,3.0,2026-09-12,2026-09-25,2026-09-26,2026-10-09,42.39453305114127,-82.9366483665544,Morningside,Devonshire Rd & Waveney St,ALL
882ab2c655fffff,4.0,0.0,Declining Hotspot,-4.0,-100.0,0.0,05,Crime Type,ASSAULT,3.0,3.0,2026-09-12,2026-09-25,2026-09-26,2026-10-09,42.415150694414606,-82.92563550788495,Cornerstone Village,Hereford St & Southampton St,ALL
882ab2cf07fffff,0.0,3.0,New Hotspot,3.0,,7.5,06,Crime Type,ASSAULT,3.0,3.0,2026-09-12,2026-09-25,2026-09-26,2026-10-09,42.3926104170752,-83.24247504989057,Brightmoor,Acacia St & Fielding St,ALL
882ab2cc6bfffff,2.0,6.0,Emerging Hotspot,4.0,200.0,12.0,06,Crime Type,ASSAULT,3.0,3.0,2026-09-12,2026-09-25,2026-09-26,2026-10-09,42.35788551697999,-83.21689024589386,Franklin Park,Joy Rd & S M 39 Service Drive,ALL
882ab2cc0dfffff,2.0,5.0,Emerging Hotspot,3.0,150.0,9.5,06,Crime Type,ASSAULT,3.0,3.0,2026-09-12,2026-09-25,2026-09-26,2026-10-09,42.35430968927313,-83.20946749533086,Garden View,Grandmont Ave & Constance Ave,ALL
882ab2cc69fffff,1.0,3.0,Emerging Hotspot,2.0,200.0,6.0,06,Crime Type,ASSAULT,3.0,3.0,2026-09-12,2026-09-25,2026-09-26,2026-10-09,42.36594308048786,-83.21952452769447,Franklin Park,Weaver St & Rosemont Ave,ALL
882ab2cc47fffff,2.0,3.0,Emerging Hotspot,1.0,50.0,4.5,06,Crime Type,ASSAULT,3.0,3.0,2026-09-12,2026-09-25,2026-09-26,2026-10-09,42.3581503152907,-83.20429829322885,Joy Community,Joy Rd & Prevost St,ALL
882ab2cc61fffff,3.0,5.0,Persistent Hotspot,2.0,66.67,9.75,06,Crime Type,ASSAULT,3.0,3.0,2026-09-12,2026-09-25,2026-09-26,2026-10-09,42.35771412908955,-83.22863982813003,Franklin Park,Piedmont St & Joy Rd,ALL
882ab2cc45fffff,4.0,3.0,Persistent Hotspot,-1.0,-25.0,4.05,06,Crime Type,ASSAULT,3.0,3.0,2026-09-12,2026-09-25,2026-09-26,2026-10-09,42.36643298075457,-83.20937928061984,Joy Community,Abington Ave & W Chicago St,ALL
882ab2cc67fffff,3.0,3.0,Persistent Hotspot,0.0,0.0,4.05,06,Crime Type,ASSAULT,3.0,3.0,2026-09-12,2026-09-25,2026-09-26,2026-10-09,42.35569337617472,-83.23472815796163,Warrendale,Joy Rd & Plainview Ave,ALL
882ab2cc01fffff,4.0,2.0,Declining Hotspot,-2.0,-50.0,2.0,06,Crime Type,ASSAULT,3.0,3.0,2026-09-12,2026-09-25,2026-09-26,2026-10-09,42.34581838636176,-83.20932670190365,Warren Ave Community,Rutland St & Majestic St,ALL
882ab2cc2bfffff,6.0,2.0,Declining Hotspot,-4.0,-66.67,2.0,06,Crime Type,ASSAULT,3.0,3.0,2026-09-12,2026-09-25,2026-09-26,2026-10-09,42.339552038252194,-83.22796776109868,Warrendale,Minock St & Whitlock St,ALL
882ab2cc65fffff,4.0,2.0,Declining Hotspot,-2.0,-50.0,2.0,06,Crime Type,ASSAULT,3.0,3.0,2026-09-12,2026-09-25,2026-09-26,2026-10-09,42.36290915087244,-83.23725215408572,Franklin Park,Westfield St & Vaughan St,ALL
882ab2cd49fffff,6.0,2.0,Declining Hotspot,-4.0,-66.67,2.0,06,Crime Type,ASSAULT,3.0,3.0,2026-09-12,2026-09-25,2026-09-26,2026-10-09,42.38108595459882,-83.27214124344795,Castle Rouge,Virgil St & W Davison St,ALL
882ab2cc41fffff,3.0,1.0,Declining Hotspot,-2.0,-66.67,1.0,06,Crime Type,ASSAULT,3.0,3.0,2026-09-12,2026-09-25,2026-09-26,2026-10-09,42.36349426408292,-83.19722222275703,We Care Community,Greenfield Rd & Westfield St,ALL
882ab2cc6dfffff,3.0,1.0,Declining Hotspot,-2.0,-66.67,1.0,06,Crime Type,ASSAULT,3.0,3.0,2026-09-12,2026-09-25,2026-09-26,2026-10-09,42.368420809146585,-83.23381219208831,Franklin Park,Orangelawn St & Evergreen Rd,ALL
882ab2cf3dfffff,3.0,1.0,Declining Hotspot,-2.0,-66.67,1.0,06,Crime Type,ASSAULT,3.0,3.0,2026-09-12,2026-09-25,2026-09-26,2026-10-09,42.3866459851698,-83.2521234984745,Brightmoor,Kendall St & Trinity St,ALL
882ab2cc4dfffff,3.0,0.0,Declining Hotspot,-3.0,-100.0,0.0,06,Crime Type,ASSAULT,3.0,3.0,2026-09-12,2026-09-25,2026-09-26,2026-10-09,42.37248936031544,-83.19755565433134,Plymouth-I96,Greenfield Rd & Plymouth Rd,ALL
882ab2cd5bfffff,3.0,0.0,Declining Hotspot,-3.0,-100.0,0.0,06,Crime Type,ASSAULT,3.0,3.0,2026-09-12,2026-09-25,2026-09-26,2026-10-09,42.357436692870266,-83.24322142637114,Franklin Park,Joy Rd & Fielding St,ALL
882ab2c405fffff,0.0,3.0,New Hotspot,3.0,,7.5,07,Crime Type,ASSAULT,3.0,3.0,2026-09-12,2026-09-25,2026-09-26,2026-10-09,42.36776819372047,-83.00440107587261,Gratiot-Grand,Maxwell St & Mack Ave,ALL
882ab2c43dfffff,0.0,3.0,New Hotspot,3.0,,7.5,07,Crime Type,ASSAULT,3.0,3.0,2026-09-12,2026-09-25,2026-09-26,2026-10-09,42.35561135403525,-83.00745140072192,Islandview,Agnes St & E Grand Blvd,ALL
882ab2c437fffff,2.0,3.0,Emerging Hotspot,1.0,50.0,4.5,07,Crime Type,ASSAULT,3.0,3.0,2026-09-12,2026-09-25,2026-09-26,2026-10-09,42.34173030969738,-83.01454882139126,Rivertown,E Jefferson Ave & Adair St,ALL
882ab2c5cbfffff,7.0,6.0,Persistent Hotspot,-1.0,-14.29,8.1,07,Crime Type,ASSAULT,3.0,3.0,2026-09-12,2026-09-25,2026-09-26,2026-10-09,42.34101769155248,-83.02326650909899,Elmwood Park,E Jefferson Ave & Chene St,ALL
882ab2c5c3fffff,3.0,4.0,Persistent Hotspot,1.0,33.33,6.9,07,Crime Type,ASSAULT,3.0,3.0,2026-09-12,2026-09-25,2026-09-26,2026-10-09,42.33594134550091,-83.03077624997024,Lafayette Park,Saint Aubin St & E Larned St,ALL
882ab2c5c9fffff,5.0,4.0,Persistent Hotspot,-1.0,-20.0,5.4,07,Crime Type,ASSAULT,3.0,3.0,2026-09-12,2026-09-25,2026-09-26,2026-10-09,42.3482826472385,-83.02647867706486,Elmwood Park,E Vernor Hwy & Chene St,ALL
882ab2c407fffff,3.0,0.0,Declining Hotspot,-3.0,-100.0,0.0,07,Crime Type,ASSAULT,3.0,3.0,2026-09-12,2026-09-25,2026-09-26,2026-10-09,42.359099413201655,-83.00041457240548,Islandview,Durand St & Van Dyke St,ALL
882ab2ca97fffff,0.0,3.0,New Hotspot,3.0,,7.5,08,Crime Type,ASSAULT,3.0,3.0,2026-09-12,2026-09-25,2026-09-26,2026-10-09,42.42918217960313,-83.25417124175925,Holcomb Community,Lahser Rd & W 7 Mile Rd,ALL
882ab2cab3fffff,0.0,3.0,New Hotspot,3.0,,7.5,08,Crime Type,ASSAULT,3.0,3.0,2026-09-12,2026-09-25,2026-09-26,2026-10-09,42.424264621278624,-83.27260982757421,Seven Mile-Rouge,Grand River Ave & Codding St,ALL
882ab2ca93fffff,1.0,5.0,Emerging Hotspot,4.0,400.0,11.0,08,Crime Type,ASSAULT,3.0,3.0,2026-09-12,2026-09-25,2026-09-26,2026-10-09,42.42945066108597,-83.24075689108246,Evergreen Lahser 7/8,Pickford St & Vaughan St,ALL
882ab2cf0dfffff,1.0,3.0,Emerging Hotspot,2.0,200.0,6.0,08,Crime Type,ASSAULT,3.0,3.0,2026-09-12,2026-09-25,2026-09-26,2026-10-09,42.406027444412715,-83.24063170700437,Brightmoor,Braile St & Pilgrim St,ALL
882ab2cf61fffff,4.0,8.0,Persistent Hotspot,4.0,100.0,16.8,08,Crime Type,ASSAULT,3.0,3.0,2026-09-12,2026-09-25,2026-09-26,2026-10-09,42.41473691674537,-83.25444471974748,Holcomb Community,Grand River Ave & W McNichols Rd,ALL
882ab2cf53fffff,4.0,4.0,Persistent Hotspot,0.0,0.0,5.4,08,Crime Type,ASSAULT,3.0,3.0,2026-09-12,2026-09-25,2026-09-26,2026-10-09,42.393284994986786,-83.20146225867704,Greenfield-Grand River,Greenfield Rd & Eaton St,ALL
882ab2ca9bfffff,3.0,3.0,Persistent Hotspot,0.0,0.0,4.05,08,Crime Type,ASSAULT,3.0,3.0,2026-09-12,2026-09-25,2026-09-26,2026-10-09,42.433480165568085,-83.23381342470212,O'Hair Park,Edinborough Rd & Vassar Ave,ALL
882ab2cab1fffff,3.0,3.0,Persistent Hotspot,0.0,0.0,4.05,08,Crime Type,ASSAULT,3.0,3.0,2026-09-12,2026-09-25,2026-09-26,2026-10-09,42.42907097577434,-83.2755293560464,Seven Mile-Rouge,Shiawassee Dr & W 7 Mile Rd,ALL
882ab2c1a5fffff,3.0,2.0,Declining Hotspot,-1.0,-33.33,2.0,08,Crime Type,ASSAULT,3.0,3.0,2026-09-12,2026-09-25,2026-09-26,2026-10-09,42.43977834838779,-83.22596989636799,O'Hair Park,Greenview Ave & W 8 Mile Rd,ALL
882ab2c1a3fffff,3.0,1.0,Declining Hotspot,-2.0,-66.67,1.0,08,Crime Type,ASSAULT,3.0,3.0,2026-09-12,2026-09-25,2026-09-26,2026-10-09,42.43023461930832,-83.21052575830069,Greenfield,Lindsay St & W 7 Mile Rd,ALL
882ab2c1abfffff,3.0,1.0,Declining Hotspot,-2.0,-66.67,1.0,08,Crime Type,ASSAULT,3.0,3.0,2026-09-12,2026-09-25,2026-09-26,2026-10-09,42.43747239907838,-83.20569572957656,Greenfield,Mansfield St & Vassar Ave,ALL
882ab2cab7fffff,6.0,1.0,Declining Hotspot,-5.0,-83.33,1.0,08,Crime Type,ASSAULT,3.0,3.0,2026-09-12,2026-09-25,2026-09-26,2026-10-09,42.4286454981274,-83.28287056611585,Five Points,Lenore Ave & W 7 Mile Rd,ALL
882ab2cf4dfffff,4.0,1.0,Declining Hotspot,-3.0,-75.0,1.0,08,Crime Type,ASSAULT,3.0,3.0,2026-09-12,2026-09-25,2026-09-26,2026-10-09,42.42673829558508,-83.22769215061737,Evergreen-Outer Drive,Huntington Rd & W 7 Mile Rd,ALL
882ab2ca9dfffff,3.0,0.0,Declining Hotspot,-3.0,-100.0,0.0,08,Crime Type,ASSAULT,3.0,3.0,2026-09-12,2026-09-25,2026-09-26,2026-10-09,42.44021589699699,-83.24546759068227,Evergreen Lahser 7/8,Trojan St & Patton St,ALL
882ab2cf03fffff,3.0,0.0,Declining Hotspot,-3.0,-100.0,0.0,08,Crime Type,ASSAULT,3.0,3.0,2026-09-12,2026-09-25,2026-09-26,2026-10-09,42.39128365441183,-83.23704280273566,Westwood Park,Acacia St & Crescent Dr,ALL
882ab2c621fffff,1.0,5.0,Emerging Hotspot,4.0,400.0,11.0,09,Crime Type,ASSAULT,3.0,3.0,2026-09-12,2026-09-25,2026-09-26,2026-10-09,42.40685201917693,-82.97390352987608,Outer Drive-Hayes,Evanston St & Dickerson St,ALL
882ab2c66dfffff,1.0,5.0,Emerging Hotspot,4.0,400.0,11.0,09,Crime Type,ASSAULT,3.0,3.0,2026-09-12,2026-09-25,2026-09-26,2026-10-09,42.43471318654235,-82.96546041055458,Mapleridge,Hayes St & E 7 Mile Rd,ALL
882ab2c625fffff,1.0,3.0,Emerging Hotspot,2.0,200.0,6.0,09,Crime Type,ASSAULT,3.0,3.0,2026-09-12,2026-09-25,2026-09-26,2026-10-09,42.41027517053813,-82.98465295323149,Wade,Annsbury Ave & Kilbourne Ave,ALL
882ab2c647fffff,1.0,3.0,Emerging Hotspot,2.0,200.0,6.0,09,Crime Type,ASSAULT,3.0,3.0,2026-09-12,2026-09-25,2026-09-26,2026-10-09,42.42295850729912,-82.93786599197253,Moross-Morang,Duprey St & Casino St,ALL
882ab2d591fffff,1.0,3.0,Emerging Hotspot,2.0,200.0,6.0,09,Crime Type,ASSAULT,3.0,3.0,2026-09-12,2026-09-25,2026-09-26,2026-10-09,42.44696808130885,-82.95244442464573,Regent Park,Bringard Dr & Redmond St,ALL
882ab2c62bfffff,2.0,3.0,Emerging Hotspot,1.0,50.0,4.5,09,Crime Type,ASSAULT,3.0,3.0,2026-09-12,2026-09-25,2026-09-26,2026-10-09,42.40618566147862,-82.96174397111852,Outer Drive-Hayes,Evanston St & Wayburn St,ALL
882ab2d597fffff,3.0,4.0,Persistent Hotspot,1.0,33.33,6.9,09,Crime Type,ASSAULT,3.0,3.0,2026-09-12,2026-09-25,2026-09-26,2026-10-09,42.4405233668612,-82.95838258019134,Regent Park,Lappin St & Rex St,ALL
882ab2c667fffff,4.0,4.0,Persistent Hotspot,0.0,0.0,5.4,09,Crime Type,ASSAULT,3.0,3.0,2026-09-12,2026-09-25,2026-09-26,2026-10-09,42.42078445598505,-82.96993216661689,Mapleridge,Hayes St & Houston Whittier Ave,ALL
882ab2c66bfffff,6.0,4.0,Persistent Hotspot,-2.0,-33.33,5.4,09,Crime Type,ASSAULT,3.0,3.0,2026-09-12,2026-09-25,2026-09-26,2026-10-09,42.42632688143854,-82.95097948082058,Moross-Morang,Morang Dr & Lansdowne St,ALL
882ab2c759fffff,5.0,3.0,Persistent Hotspot,-2.0,-40.0,4.05,09,Crime Type,ASSAULT,3.0,3.0,2026-09-12,2026-09-25,2026-09-26,2026-10-09,42.431194724608666,-82.98576973523089,Franklin,Eastwood St & Schoenherr St,ALL
882ab2d5b3fffff,3.0,3.0,Persistent Hotspot,0.0,0.0,4.05,09,Crime Type,ASSAULT,3.0,3.0,2026-09-12,2026-09-25,2026-09-26,2026-10-09,42.43508315926134,-82.97639201995733,Mapleridge,Chalmers St & Eastwood St,ALL
882ab2c60dfffff,4.0,2.0,Declining Hotspot,-2.0,-50.0,2.0,09,Crime Type,ASSAULT,3.0,3.0,2026-09-12,2026-09-25,2026-09-26,2026-10-09,42.41947717055631,-82.9476365500096,Yorkshire Woods,Nottingham Rd & Grayton St,ALL
882ab2c669fffff,3.0,2.0,Declining Hotspot,-1.0,-33.33,2.0,09,Crime Type,ASSAULT,3.0,3.0,2026-09-12,2026-09-25,2026-09-26,2026-10-09,42.43317799763128,-82.95574143267714,Mapleridge,Faircrest St & Morang Dr,ALL
882ab2c719fffff,3.0,2.0,Declining Hotspot,-1.0,-33.33,2.0,09,Crime Type,ASSAULT,3.0,3.0,2026-09-12,2026-09-25,2026-09-26,2026-10-09,42.40870597942299,-82.99508463706769,Gratiot-Findlay,Gunston St & Gratiot Ave,ALL
882ab2c627fffff,3.0,1.0,Declining Hotspot,-2.0,-66.67,1.0,09,Crime Type,ASSAULT,3.0,3.0,2026-09-12,2026-09-25,2026-09-26,2026-10-09,42.40293584689456,-82.98027254933963,Ravendale,Annsbury Ave & Camden Ave,ALL
882ab2c70bfffff,3.0,1.0,Declining Hotspot,-2.0,-66.67,1.0,09,Crime Type,ASSAULT,3.0,3.0,2026-09-12,2026-09-25,2026-09-26,2026-10-09,42.41971780012879,-83.00905435515705,Mount Olivet,Teppert St & E McNichols Rd,ALL
882ab2c755fffff,10.0,1.0,Declining Hotspot,-9.0,-90.0,1.0,09,Crime Type,ASSAULT,3.0,3.0,2026-09-12,2026-09-25,2026-09-26,2026-10-09,42.42396549015056,-83.00430992780001,Von Steuben,Dresden St & Sauer St,ALL
882ab2d5b5fffff,3.0,1.0,Declining Hotspot,-2.0,-66.67,1.0,09,Crime Type,ASSAULT,3.0,3.0,2026-09-12,2026-09-25,2026-09-26,2026-10-09,42.44561443793973,-82.99407206133775,Conner Creek,Bringard Dr & Barlow St,ALL
882ab2d5b7fffff,3.0,1.0,Declining Hotspot,-2.0,-66.67,1.0,09,Crime Type,ASSAULT,3.0,3.0,2026-09-12,2026-09-25,2026-09-26,2026-10-09,42.43663946605306,-82.9876131870752,Pulaski,E 7 Mile Rd & Schoenherr St,ALL
882ab2ce11fffff,1.0,4.0,Emerging Hotspot,3.0,300.0,8.5,10,Crime Type,ASSAULT,3.0,3.0,2026-09-12,2026-09-25,2026-09-26,2026-10-09,42.369915571358995,-83.13889016310524,Oakman Blvd Community,Grand River Ave & Monica St,ALL
882ab2c52bfffff,1.0,3.0,Emerging Hotspot,2.0,200.0,6.0,10,Crime Type,ASSAULT,3.0,3.0,2026-09-12,2026-09-25,2026-09-26,2026-10-09,42.372964804255616,-83.09492280340922,Virginia Park Community,Woodrow Wilson St & Gladstone St,ALL
882ab2ce59fffff,2.0,3.0,Emerging Hotspot,1.0,50.0,4.5,10,Crime Type,ASSAULT,3.0,3.0,2026-09-12,2026-09-25,2026-09-26,2026-10-09,42.39534889396938,-83.11862038795063,Oakman Blvd Community,Indiandale St & W Davison St,ALL
882ab2ce57fffff,3.0,5.0,Persistent Hotspot,2.0,66.67,9.75,10,Crime Type,ASSAULT,3.0,3.0,2026-09-12,2026-09-25,2026-09-26,2026-10-09,42.38590185434009,-83.13240715675242,Russell Woods,Sturtevant St & Dexter Ave,ALL
882ab2c527fffff,3.0,3.0,Persistent Hotspot,0.0,0.0,4.05,10,Crime Type,ASSAULT,3.0,3.0,2026-09-12,2026-09-25,2026-09-26,2026-10-09,42.369417413021786,-83.11580419899393,Petoskey-Otsego,Atkinson St & Dexter Ave,ALL
882ab2c523fffff,3.0,2.0,Declining Hotspot,-1.0,-33.33,2.0,10,Crime Type,ASSAULT,3.0,3.0,2026-09-12,2026-09-25,2026-09-26,2026-10-09,42.3672898973267,-83.10462880708579,Virginia Park Community,Linwood St & W Euclid St,ALL
882ab2ce1dfffff,4.0,2.0,Declining Hotspot,-2.0,-50.0,2.0,10,Crime Type,ASSAULT,3.0,3.0,2026-09-12,2026-09-25,2026-09-26,2026-10-09,42.37615505542366,-83.14161011206531,Oakman Blvd Community,Monica St & Tuxedo St,ALL
882ab2ce5bfffff,3.0,2.0,Declining Hotspot,-1.0,-33.33,2.0,10,Crime Type,ASSAULT,3.0,3.0,2026-09-12,2026-09-25,2026-09-26,2026-10-09,42.3886209069811,-83.11251516814774,Dexter-Linwood,Fullerton St & Linwood St,ALL
882ab2cec1fffff,3.0,1.0,Declining Hotspot,-2.0,-66.67,1.0,10,Crime Type,ASSAULT,3.0,3.0,2026-09-12,2026-09-25,2026-09-26,2026-10-09,42.35400509547457,-83.11772393971783,Midwest,Firwood St & Allendale St,ALL
882ab2ce19fffff,3.0,0.0,Declining Hotspot,-3.0,-100.0,0.0,10,Crime Type,ASSAULT,3.0,3.0,2026-09-12,2026-09-25,2026-09-26,2026-10-09,42.37875773059946,-83.12758847294239,Nardin Park,Humphrey St & Petoskey Ave,ALL
882ab2cec5fffff,5.0,0.0,Declining Hotspot,-5.0,-100.0,0.0,10,Crime Type,ASSAULT,3.0,3.0,2026-09-12,2026-09-25,2026-09-26,2026-10-09,42.35489806827917,-83.12699257918058,Midwest,Pacific St & Ironwood St,ALL
882ab2c0d3fffff,0.0,3.0,New Hotspot,3.0,,7.5,11,Crime Type,ASSAULT,3.0,3.0,2026-09-12,2026-09-25,2026-09-26,2026-10-09,42.42660855373346,-83.0706542835568,Northeast Central District,E Grixdale St & Gallagher St,ALL
882ab2c741fffff,1.0,5.0,Emerging Hotspot,4.0,400.0,11.0,11,Crime Type,ASSAULT,3.0,3.0,2026-09-12,2026-09-25,2026-09-26,2026-10-09,42.43895435560887,-83.01629628214067,Nortown,E Lantz St & E Outer Dr,ALL
882ab2c0c3fffff,1.0,4.0,Emerging Hotspot,3.0,300.0,8.5,11,Crime Type,ASSAULT,3.0,3.0,2026-09-12,2026-09-25,2026-09-26,2026-10-09,42.442444332160655,-83.08741200006128,Nolan,Greeley St & E Remington Ave,ALL
882ab2c0dbfffff,1.0,4.0,Emerging Hotspot,3.0,300.0,8.5,11,Crime Type,ASSAULT,3.0,3.0,2026-09-12,2026-09-25,2026-09-26,2026-10-09,42.43573315701592,-83.05992032298255,Farwell,Emery St & Shields St,ALL
882ab2c0d9fffff,2.0,3.0,Emerging Hotspot,1.0,50.0,4.5,11,Crime Type,ASSAULT,3.0,3.0,2026-09-12,2026-09-25,2026-09-26,2026-10-09,42.44266492564872,-83.06568811266315,Farwell,E Remington St & Wexford St,ALL
882ab2c0d7fffff,5.0,4.0,Persistent Hotspot,-1.0,-20.0,5.4,11,Crime Type,ASSAULT,3.0,3.0,2026-09-12,2026-09-25,2026-09-26,2026-10-09,42.43045269692552,-83.07978876677944,Northeast Central District,Arlington St & E Nevada St,ALL
882ab2c765fffff,5.0,4.0,Persistent Hotspot,-1.0,-20.0,5.4,11,Crime Type,ASSAULT,3.0,3.0,2026-09-12,2026-09-25,2026-09-26,2026-10-09,42.438195439880296,-83.0550607183114,Farwell,E Lantz St & Hasse St,ALL
882ab2c0ddfffff,3.0,2.0,Declining Hotspot,-1.0,-33.33,2.0,11,Crime Type,ASSAULT,3.0,3.0,2026-09-12,2026-09-25,2026-09-26,2026-10-09,42.44260572858536,-83.07511554375627,Butler,E Remington St & Anglin St,ALL
882ab2c745fffff,3.0,2.0,Declining Hotspot,-1.0,-33.33,2.0,11,Crime Type,ASSAULT,3.0,3.0,2026-09-12,2026-09-25,2026-09-26,2026-10-09,42.443563316717686,-83.02527830993336,Sherwood,Van Dyke St & E Outer Dr,ALL
882ab2c761fffff,4.0,2.0,Declining Hotspot,-2.0,-50.0,2.0,11,Crime Type,ASSAULT,3.0,3.0,2026-09-12,2026-09-25,2026-09-26,2026-10-09,42.438372332382855,-83.04517450617394,Farwell,E Lantz St & Caldwell St,ALL
882ab2c08bfffff,3.0,1.0,Declining Hotspot,-2.0,-66.67,1.0,11,Crime Type,ASSAULT,3.0,3.0,2026-09-12,2026-09-25,2026-09-26,2026-10-09,42.43255821892448,-83.09154191892787,Hawthorne Park,Cardoni St & E 7 Mile Rd,ALL
882ab2c72dfffff,6.0,1.0,Declining Hotspot,-5.0,-83.33,1.0,11,Crime Type,ASSAULT,3.0,3.0,2026-09-12,2026-09-25,2026-09-26,2026-10-09,42.42611995184964,-83.05848511975876,Krainz Woods,Conley St & E Nevada St,ALL
882ab2c18bfffff,0.0,4.0,New Hotspot,4.0,,10.0,12,Crime Type,ASSAULT,4.0,3.0,2026-09-12,2026-09-25,2026-09-26,2026-10-09,42.44063590486494,-83.16996756750167,Blackstone Park,Chippewa St & Manor St,ALL
882ab2c1d7fffff,0.0,4.0,New Hotspot,4.0,,10.0,12,Crime Type,ASSAULT,4.0,3.0,2026-09-12,2026-09-25,2026-09-26,2026-10-09,42.440937285564594,-83.16025494114841,Garden Homes,Chippewa St & Kentucky St,ALL
882ab2ce69fffff,0.0,3.0,New Hotspot,3.0,,7.5,12,Crime Type,ASSAULT,4.0,3.0,2026-09-12,2026-09-25,2026-09-26,2026-10-09,42.40952652796024,-83.16988000187754,Harmony Village,Puritan St & Steel St,ALL
882ab2c187fffff,1.0,5.0,Emerging Hotspot,4.0,400.0,11.0,12,Crime Type,ASSAULT,4.0,3.0,2026-09-12,2026-09-25,2026-09-26,2026-10-09,42.43590410066288,-83.19164825228461,Schaefer 7/8 Lodge,Marlowe St & Chippewa St,ALL
882ab2c19dfffff,1.0,4.0,Emerging Hotspot,3.0,300.0,8.5,12,Crime Type,ASSAULT,4.0,3.0,2026-09-12,2026-09-25,2026-09-26,2026-10-09,42.43126692790173,-83.17067783984953,Schulze,Clarita St & Mendota St,ALL
882ab2c0b9fffff,1.0,3.0,Emerging Hotspot,2.0,200.0,6.0,12,Crime Type,ASSAULT,4.0,3.0,2026-09-12,2026-09-25,2026-09-26,2026-10-09,42.418580604070286,-83.10702227807654,Palmer Park,Merton Rd & Whitmore Rd,ALL
882ab2c1bbfffff,4.0,5.0,Persistent Hotspot,1.0,25.0,8.25,12,Crime Type,ASSAULT,4.0,3.0,2026-09-12,2026-09-25,2026-09-26,2026-10-09,42.42009320526152,-83.18315847826315,Winship,Lesure St & W Outer Dr,ALL
882ab2c0bdfffff,6.0,4.0,Persistent Hotspot,-2.0,-33.33,5.4,12,Crime Type,ASSAULT,4.0,3.0,2026-09-12,2026-09-25,2026-09-26,2026-10-09,42.41984167587222,-83.11537727807823,Palmer Park,Alwyne Ln & Whitmore Rd,ALL
882ab2c193fffff,5.0,3.0,Persistent Hotspot,-2.0,-40.0,4.05,12,Crime Type,ASSAULT,4.0,3.0,2026-09-12,2026-09-25,2026-09-26,2026-10-09,42.41694374036624,-83.1603122492298,Schulze,W McNichols Rd & Wyoming St,ALL
882ab2c0a5fffff,4.0,2.0,Declining Hotspot,-2.0,-50.0,2.0,12,Crime Type,ASSAULT,4.0,3.0,2026-09-12,2026-09-25,2026-09-26,2026-10-09,42.429725865124134,-83.143494754763,Bagley,Livernois Ave & W 7 Mile Rd,ALL
882ab2c191fffff,7.0,2.0,Declining Hotspot,-5.0,-71.43,2.0,12,Crime Type,ASSAULT,4.0,3.0,2026-09-12,2026-09-25,2026-09-26,2026-10-09,42.42589435995885,-83.16953128115861,Schulze,Margareta St & Manor St,ALL
882ab2c181fffff,6.0,0.0,Declining Hotspot,-6.0,-100.0,0.0,12,Crime Type,ASSAULT,4.0,3.0,2026-09-12,2026-09-25,2026-09-26,2026-10-09,42.44116711719956,-83.1850685647822,Schaefer 7/8 Lodge,Tracey St & Chippewa St,ALL
882ab2ce41fffff,4.0,0.0,Declining Hotspot,-4.0,-100.0,0.0,12,Crime Type,ASSAULT,4.0,3.0,2026-09-12,2026-09-25,2026-09-26,2026-10-09,42.40752967248862,-83.14475115683516,Fitzgerald/Marygrove,Midland St & Tuller St,ALL
882ab2cf5bfffff,0.0,5.0,New Hotspot,5.0,,12.5,ALL,Crime Type,ASSAULT,3.0,3.0,2026-09-12,2026-09-25,2026-09-26,2026-10-09,42.401484971464086,-83.19627337183282,Belmont,Fenkell St & Whitcomb St,ALL
882ab2c18bfffff,0.0,4.0,New Hotspot,4.0,,10.0,ALL,Crime Type,ASSAULT,3.0,3.0,2026-09-12,2026-09-25,2026-09-26,2026-10-09,42.44063590486494,-83.16996756750167,Blackstone Park,Chippewa St & Manor St,ALL
882ab2c1d7fffff,0.0,4.0,New Hotspot,4.0,,10.0,ALL,Crime Type,ASSAULT,3.0,3.0,2026-09-12,2026-09-25,2026-09-26,2026-10-09,42.440937285564594,-83.16025494114841,Garden Homes,Chippewa St & Kentucky St,ALL
882ab2ce37fffff,0.0,4.0,New Hotspot,4.0,,10.0,ALL,Crime Type,ASSAULT,3.0,3.0,2026-09-12,2026-09-25,2026-09-26,2026-10-09,42.36222075459352,-83.17637886733415,We Care Community,Schaefer Hwy & Joy Rd,ALL
882ab2ceabfffff,0.0,4.0,New Hotspot,4.0,,10.0,ALL,Crime Type,ASSAULT,3.0,3.0,2026-09-12,2026-09-25,2026-09-26,2026-10-09,42.33086026129325,-83.1461719915354,Claytown,Arnold St & Trenton St,ALL
882ab2c0d3fffff,0.0,3.0,New Hotspot,3.0,,7.5,ALL,Crime Type,ASSAULT,3.0,3.0,2026-09-12,2026-09-25,2026-09-26,2026-10-09,42.42660855373346,-83.0706542835568,Northeast Central District,E Grixdale St & Gallagher St,ALL
882ab2c405fffff,0.0,3.0,New Hotspot,3.0,,7.5,ALL,Crime Type,ASSAULT,3.0,3.0,2026-09-12,2026-09-25,2026-09-26,2026-10-09,42.36776819372047,-83.00440107587261,Gratiot-Grand,Maxwell St & Mack Ave,ALL
882ab2c43dfffff,0.0,3.0,New Hotspot,3.0,,7.5,ALL,Crime Type,ASSAULT,3.0,3.0,2026-09-12,2026-09-25,2026-09-26,2026-10-09,42.35561135403525,-83.00745140072192,Islandview,Agnes St & E Grand Blvd,ALL
882ab2c51dfffff,0.0,3.0,New Hotspot,3.0,,7.5,ALL,Crime Type,ASSAULT,3.0,3.0,2026-09-12,2026-09-25,2026-09-26,2026-10-09,42.36440762133704,-83.06212934122276,Cultural Center,E Ferry St & Saint Antoine St,ALL
882ab2c635fffff,0.0,3.0,New Hotspot,3.0,,7.5,ALL,Crime Type,ASSAULT,3.0,3.0,2026-09-12,2026-09-25,2026-09-26,2026-10-09,42.39294996263973,-82.96858549304167,Fox Creek,Algonquin St & E Warren Ave,ALL
882ab2ca97fffff,0.0,3.0,New Hotspot,3.0,,7.5,ALL,Crime Type,ASSAULT,3.0,3.0,2026-09-12,2026-09-25,2026-09-26,2026-10-09,42.42918217960313,-83.25417124175925,Holcomb Community,Lahser Rd & W 7 Mile Rd,ALL
882ab2cab3fffff,0.0,3.0,New Hotspot,3.0,,7.5,ALL,Crime Type,ASSAULT,3.0,3.0,2026-09-12,2026-09-25,2026-09-26,2026-10-09,42.424264621278624,-83.27260982757421,Seven Mile-Rouge,Grand River Ave & Codding St,ALL
882ab2cea9fffff,0.0,3.0,New Hotspot,3.0,,7.5,ALL,Crime Type,ASSAULT,3.0,3.0,2026-09-12,2026-09-25,2026-09-26,2026-10-09,42.33753668835616,-83.14877839251128,Claytown,Kirkwood St & Saint Lawrence St,ALL
882ab2cf07fffff,0.0,3.0,New Hotspot,3.0,,7.5,ALL,Crime Type,ASSAULT,3.0,3.0,2026-09-12,2026-09-25,2026-09-26,2026-10-09,42.3926104170752,-83.24247504989057,Brightmoor,Acacia St & Fielding St,ALL
882ab2c5a5fffff,2.0,9.0,Emerging Hotspot,7.0,350.0,19.5,ALL,Crime Type,ASSAULT,3.0,3.0,2026-09-12,2026-09-25,2026-09-26,2026-10-09,42.3214211401294,-83.0882934819393,Mexicantown,25th St & Porter St,ALL
882ab2cc6bfffff,2.0,6.0,Emerging Hotspot,4.0,200.0,12.0,ALL,Crime Type,ASSAULT,3.0,3.0,2026-09-12,2026-09-25,2026-09-26,2026-10-09,42.35788551697999,-83.21689024589386,Franklin Park,Joy Rd & S M 39 Service Drive,ALL
882ab2c187fffff,1.0,5.0,Emerging Hotspot,4.0,400.0,11.0,ALL,Crime Type,ASSAULT,3.0,3.0,2026-09-12,2026-09-25,2026-09-26,2026-10-09,42.43590410066288,-83.19164825228461,Schaefer 7/8 Lodge,Marlowe St & Chippewa St,ALL
882ab2c621fffff,1.0,5.0,Emerging Hotspot,4.0,400.0,11.0,ALL,Crime Type,ASSAULT,3.0,3.0,2026-09-12,2026-09-25,2026-09-26,2026-10-09,42.40685201917693,-82.97390352987608,Outer Drive-Hayes,Evanston St & Dickerson St,ALL
882ab2c66dfffff,1.0,5.0,Emerging Hotspot,4.0,400.0,11.0,ALL,Crime Type,ASSAULT,3.0,3.0,2026-09-12,2026-09-25,2026-09-26,2026-10-09,42.43471318654235,-82.96546041055458,Mapleridge,Hayes St & E 7 Mile Rd,ALL
882ab2c741fffff,1.0,5.0,Emerging Hotspot,4.0,400.0,11.0,ALL,Crime Type,ASSAULT,3.0,3.0,2026-09-12,2026-09-25,2026-09-26,2026-10-09,42.43895435560887,-83.01629628214067,Nortown,E Lantz St & E Outer Dr,ALL
882ab2ca93fffff,1.0,5.0,Emerging Hotspot,4.0,400.0,11.0,ALL,Crime Type,ASSAULT,3.0,3.0,2026-09-12,2026-09-25,2026-09-26,2026-10-09,42.42945066108597,-83.24075689108246,Evergreen Lahser 7/8,Pickford St & Vaughan St,ALL
882ab2cc0dfffff,2.0,5.0,Emerging Hotspot,3.0,150.0,9.5,ALL,Crime Type,ASSAULT,3.0,3.0,2026-09-12,2026-09-25,2026-09-26,2026-10-09,42.35430968927313,-83.20946749533086,Garden View,Grandmont Ave & Constance Ave,ALL
882ab2c0c3fffff,1.0,4.0,Emerging Hotspot,3.0,300.0,8.5,ALL,Crime Type,ASSAULT,3.0,3.0,2026-09-12,2026-09-25,2026-09-26,2026-10-09,42.442444332160655,-83.08741200006128,Nolan,Greeley St & E Remington Ave,ALL
882ab2c0dbfffff,1.0,4.0,Emerging Hotspot,3.0,300.0,8.5,ALL,Crime Type,ASSAULT,3.0,3.0,2026-09-12,2026-09-25,2026-09-26,2026-10-09,42.43573315701592,-83.05992032298255,Farwell,Emery St & Shields St,ALL
882ab2c19dfffff,1.0,4.0,Emerging Hotspot,3.0,300.0,8.5,ALL,Crime Type,ASSAULT,3.0,3.0,2026-09-12,2026-09-25,2026-09-26,2026-10-09,42.43126692790173,-83.17067783984953,Schulze,Clarita St & Mendota St,ALL
882ab2ce11fffff,1.0,4.0,Emerging Hotspot,3.0,300.0,8.5,ALL,Crime Type,ASSAULT,3.0,3.0,2026-09-12,2026-09-25,2026-09-26,2026-10-09,42.369915571358995,-83.13889016310524,Oakman Blvd Community,Grand River Ave & Monica St,ALL
882ab2ce85fffff,1.0,4.0,Emerging Hotspot,3.0,300.0,8.5,ALL,Crime Type,ASSAULT,3.0,3.0,2026-09-12,2026-09-25,2026-09-26,2026-10-09,42.33378178335646,-83.13859756466546,Claytown,Chopin St & Wagner St,ALL
882ab2ceb3fffff,1.0,4.0,Emerging Hotspot,3.0,300.0,8.5,ALL,Crime Type,ASSAULT,3.0,3.0,2026-09-12,2026-09-25,2026-09-26,2026-10-09,42.30658858311586,-83.13351917547075,Springwells,Falcon St & Woodmere St,ALL
882ab2ce07fffff,2.0,4.0,Emerging Hotspot,2.0,100.0,7.0,ALL,Crime Type,ASSAULT,3.0,3.0,2026-09-12,2026-09-25,2026-09-26,2026-10-09,42.38060950628013,-83.16318112933845,Grand River-I96,Fullerton St & Mendota St,ALL
882ab2c0b9fffff,1.0,3.0,Emerging Hotspot,2.0,200.0,6.0,ALL,Crime Type,ASSAULT,3.0,3.0,2026-09-12,2026-09-25,2026-09-26,2026-10-09,42.418580604070286,-83.10702227807654,Palmer Park,Merton Rd & Whitmore Rd,ALL
882ab2c52bfffff,1.0,3.0,Emerging Hotspot,2.0,200.0,6.0,ALL,Crime Type,ASSAULT,3.0,3.0,2026-09-12,2026-09-25,2026-09-26,2026-10-09,42.372964804255616,-83.09492280340922,Virginia Park Community,Woodrow Wilson St & Gladstone St,ALL
882ab2c603fffff,1.0,3.0,Emerging Hotspot,2.0,200.0,6.0,ALL,Crime Type,ASSAULT,3.0,3.0,2026-09-12,2026-09-25,2026-09-26,2026-10-09,42.40333867732697,-82.9409495393533,Morningside,Bedford St & E Warren Ave,ALL
882ab2c625fffff,1.0,3.0,Emerging Hotspot,2.0,200.0,6.0,ALL,Crime Type,ASSAULT,3.0,3.0,2026-09-12,2026-09-25,2026-09-26,2026-10-09,42.41027517053813,-82.98465295323149,Wade,Annsbury Ave & Kilbourne Ave,ALL
882ab2c647fffff,1.0,3.0,Emerging Hotspot,2.0,200.0,6.0,ALL,Crime Type,ASSAULT,3.0,3.0,2026-09-12,2026-09-25,2026-09-26,2026-10-09,42.42295850729912,-82.93786599197253,Moross-Morang,Duprey St & Casino St,ALL
882ab2cc69fffff,1.0,3.0,Emerging Hotspot,2.0,200.0,6.0,ALL,Crime Type,ASSAULT,3.0,3.0,2026-09-12,2026-09-25,2026-09-26,2026-10-09,42.36594308048786,-83.21952452769447,Franklin Park,Weaver St & Rosemont Ave,ALL
882ab2ce21fffff,1.0,3.0,Emerging Hotspot,2.0,200.0,6.0,ALL,Crime Type,ASSAULT,3.0,3.0,2026-09-12,2026-09-25,2026-09-26,2026-10-09,42.38415314333721,-83.18721168464047,Schoolcraft Southfield,Marlowe St & Tyler St,ALL
882ab2ce69fffff,1.0,3.0,Emerging Hotspot,2.0,200.0,6.0,ALL,Crime Type,ASSAULT,3.0,3.0,2026-09-12,2026-09-25,2026-09-26,2026-10-09,42.40952652796024,-83.16988000187754,Harmony Village,Puritan St & Steel St,ALL
882ab2ce81fffff,1.0,3.0,Emerging Hotspot,2.0,200.0,6.0,ALL,Crime Type,ASSAULT,3.0,3.0,2026-09-12,2026-09-25,2026-09-26,2026-10-09,42.33115254301452,-83.12738555727228,Claytown,Braden St & Michigan Ave,ALL
882ab2cee9fffff,1.0,3.0,Emerging Hotspot,2.0,200.0,6.0,ALL,Crime Type,ASSAULT,3.0,3.0,2026-09-12,2026-09-25,2026-09-26,2026-10-09,42.35695133875132,-83.13838824298493,Midwest,Garden St & Wetherby St,ALL
882ab2cf0dfffff,1.0,3.0,Emerging Hotspot,2.0,200.0,6.0,ALL,Crime Type,ASSAULT,3.0,3.0,2026-09-12,2026-09-25,2026-09-26,2026-10-09,42.406027444412715,-83.24063170700437,Brightmoor,Braile St & Pilgrim St,ALL
882ab2cf19fffff,1.0,3.0,Emerging Hotspot,2.0,200.0,6.0,ALL,Crime Type,ASSAULT,3.0,3.0,2026-09-12,2026-09-25,2026-09-26,2026-10-09,42.386894093436624,-83.20665670033483,Greenfield-Grand River,Mettetal St & Schoolcraft St,ALL
882ab2d591fffff,1.0,3.0,Emerging Hotspot,2.0,200.0,6.0,ALL,Crime Type,ASSAULT,3.0,3.0,2026-09-12,2026-09-25,2026-09-26,2026-10-09,42.44696808130885,-82.95244442464573,Regent Park,Bringard Dr & Redmond St,ALL
882ab2c0d9fffff,2.0,3.0,Emerging Hotspot,1.0,50.0,4.5,ALL,Crime Type,ASSAULT,3.0,3.0,2026-09-12,2026-09-25,2026-09-26,2026-10-09,42.44266492564872,-83.06568811266315,Farwell,E Remington St & Wexford St,ALL
882ab2c1b3fffff,2.0,3.0,Emerging Hotspot,1.0,50.0,4.5,ALL,Crime Type,ASSAULT,3.0,3.0,2026-09-12,2026-09-25,2026-09-26,2026-10-09,42.41430502137904,-83.1918149776172,Hubbell-Puritan,Hubbell St & W McNichols Rd,ALL
882ab2c1bdfffff,2.0,3.0,Emerging Hotspot,1.0,50.0,4.5,ALL,Crime Type,ASSAULT,3.0,3.0,2026-09-12,2026-09-25,2026-09-26,2026-10-09,42.430418368393845,-83.19990339634495,College Park,Clarita St & Rutherford St,ALL
882ab2c437fffff,2.0,3.0,Emerging Hotspot,1.0,50.0,4.5,ALL,Crime Type,ASSAULT,3.0,3.0,2026-09-12,2026-09-25,2026-09-26,2026-10-09,42.34173030969738,-83.01454882139126,Rivertown,E Jefferson Ave & Adair St,ALL
882ab2c511fffff,2.0,3.0,Emerging Hotspot,1.0,50.0,4.5,ALL,Crime Type,ASSAULT,3.0,3.0,2026-09-12,2026-09-25,2026-09-26,2026-10-09,42.35875884353227,-83.05988470267795,Medical Center,Brush St & E Warren Ave,ALL
882ab2c589fffff,2.0,3.0,Emerging Hotspot,1.0,50.0,4.5,ALL,Crime Type,ASSAULT,3.0,3.0,2026-09-12,2026-09-25,2026-09-26,2026-10-09,42.33028114175536,-83.042008934516,Downtown,Brush St & Renaissance Ctr,ALL
882ab2cc47fffff,2.0,3.0,Emerging Hotspot,1.0,50.0,4.5,ALL,Crime Type,ASSAULT,3.0,3.0,2026-09-12,2026-09-25,2026-09-26,2026-10-09,42.3581503152907,-83.20429829322885,Joy Community,Joy Rd & Prevost St,ALL
882ab2ce59fffff,2.0,3.0,Emerging Hotspot,1.0,50.0,4.5,ALL,Crime Type,ASSAULT,3.0,3.0,2026-09-12,2026-09-25,2026-09-26,2026-10-09,42.39534889396938,-83.11862038795063,Oakman Blvd Community,Indiandale St & W Davison St,ALL
882ab2ceedfffff,2.0,3.0,Emerging Hotspot,1.0,50.0,4.5,ALL,Crime Type,ASSAULT,3.0,3.0,2026-09-12,2026-09-25,2026-09-26,2026-10-09,42.35692752327683,-83.1519150298148,Barton-McFarland,Mackenzie St & Northlawn St,ALL
882ab2c5e9fffff,3.0,12.0,Persistent Hotspot,9.0,300.0,29.7,ALL,Crime Type,ASSAULT,3.0,3.0,2026-09-12,2026-09-25,2026-09-26,2026-10-09,42.346487742123,-83.0572617645819,Midtown,Eliot St & Woodward Ave,ALL
882ab2c5c7fffff,6.0,11.0,Persistent Hotspot,5.0,83.33,22.35,ALL,Crime Type,ASSAULT,3.0,3.0,2026-09-12,2026-09-25,2026-09-26,2026-10-09,42.33490709967879,-83.04418085859385,Downtown,Beaubien St & E Lafayette St,ALL
882ab2c58dfffff,17.0,15.0,Persistent Hotspot,-2.0,-11.76,20.25,ALL,Crime Type,ASSAULT,3.0,3.0,2026-09-12,2026-09-25,2026-09-26,2026-10-09,42.33168460389816,-83.049713162411,Downtown,Michigan Ave & Cass Ave,ALL
882ab2cf61fffff,4.0,8.0,Persistent Hotspot,4.0,100.0,16.8,ALL,Crime Type,ASSAULT,3.0,3.0,2026-09-12,2026-09-25,2026-09-26,2026-10-09,42.41473691674537,-83.25444471974748,Holcomb Community,Grand River Ave & W McNichols Rd,ALL
882ab2cc61fffff,3.0,5.0,Persistent Hotspot,2.0,66.67,9.75,ALL,Crime Type,ASSAULT,3.0,3.0,2026-09-12,2026-09-25,2026-09-26,2026-10-09,42.35771412908955,-83.22863982813003,Franklin Park,Piedmont St & Joy Rd,ALL
882ab2ce57fffff,3.0,5.0,Persistent Hotspot,2.0,66.67,9.75,ALL,Crime Type,ASSAULT,3.0,3.0,2026-09-12,2026-09-25,2026-09-26,2026-10-09,42.38590185434009,-83.13240715675242,Russell Woods,Sturtevant St & Dexter Ave,ALL
882ab2c5ebfffff,7.0,7.0,Persistent Hotspot,0.0,0.0,9.45,ALL,Crime Type,ASSAULT,3.0,3.0,2026-09-12,2026-09-25,2026-09-26,2026-10-09,42.33757686428401,-83.05134286793893,Downtown,Woodward Ave & E Adams Ave,ALL
882ab2c1bbfffff,4.0,5.0,Persistent Hotspot,1.0,25.0,8.25,ALL,Crime Type,ASSAULT,3.0,3.0,2026-09-12,2026-09-25,2026-09-26,2026-10-09,42.42009320526152,-83.18315847826315,Winship,Lesure St & W Outer Dr,ALL
882ab2c513fffff,4.0,5.0,Persistent Hotspot,1.0,25.0,8.25,ALL,Crime Type,ASSAULT,3.0,3.0,2026-09-12,2026-09-25,2026-09-26,2026-10-09,42.35146420062658,-83.05236999150057,Medical Center,Beaubien St & Mack Ave,ALL
882ab2c517fffff,6.0,6.0,Persistent Hotspot,0.0,0.0,8.1,ALL,Crime Type,ASSAULT,3.0,3.0,2026-09-12,2026-09-25,2026-09-26,2026-10-09,42.35337034789475,-83.06261310000085,Midtown,W Alexandrine St & Woodward Ave,ALL
882ab2c5cbfffff,7.0,6.0,Persistent Hotspot,-1.0,-14.29,8.1,ALL,Crime Type,ASSAULT,3.0,3.0,2026-09-12,2026-09-25,2026-09-26,2026-10-09,42.34101769155248,-83.02326650909899,Elmwood Park,E Jefferson Ave & Chene St,ALL
882ab2c5c3fffff,3.0,4.0,Persistent Hotspot,1.0,33.33,6.9,ALL,Crime Type,ASSAULT,3.0,3.0,2026-09-12,2026-09-25,2026-09-26,2026-10-09,42.33594134550091,-83.03077624997024,Lafayette Park,Saint Aubin St & E Larned St,ALL
882ab2c62bfffff,3.0,4.0,Persistent Hotspot,1.0,33.33,6.9,ALL,Crime Type,ASSAULT,3.0,3.0,2026-09-12,2026-09-25,2026-09-26,2026-10-09,42.40618566147862,-82.96174397111852,Outer Drive-Hayes,Evanston St & Wayburn St,ALL
882ab2ce65fffff,3.0,4.0,Persistent Hotspot,1.0,33.33,6.9,ALL,Crime Type,ASSAULT,3.0,3.0,2026-09-12,2026-09-25,2026-09-26,2026-10-09,42.403742554973334,-83.18559534915846,Bethune Community,Fenkell St & Strathmoor St,ALL
882ab2cee3fffff,3.0,4.0,Persistent Hotspot,1.0,33.33,6.9,ALL,Crime Type,ASSAULT,3.0,3.0,2026-09-12,2026-09-25,2026-09-26,2026-10-09,42.34147663463513,-83.14352498140082,Claytown,Kirkwood St & Cecil St,ALL
882ab2d597fffff,3.0,4.0,Persistent Hotspot,1.0,33.33,6.9,ALL,Crime Type,ASSAULT,3.0,3.0,2026-09-12,2026-09-25,2026-09-26,2026-10-09,42.4405233668612,-82.95838258019134,Regent Park,Lappin St & Rex St,ALL
882ab2cf53fffff,6.0,5.0,Persistent Hotspot,-1.0,-16.67,6.75,ALL,Crime Type,ASSAULT,3.0,3.0,2026-09-12,2026-09-25,2026-09-26,2026-10-09,42.393284994986786,-83.20146225867704,Greenfield-Grand River,Greenfield Rd & Eaton St,ALL
882ab2c0bdfffff,6.0,4.0,Persistent Hotspot,-2.0,-33.33,5.4,ALL,Crime Type,ASSAULT,3.0,3.0,2026-09-12,2026-09-25,2026-09-26,2026-10-09,42.41984167587222,-83.11537727807823,Palmer Park,Alwyne Ln & Whitmore Rd,ALL
882ab2c0d7fffff,5.0,4.0,Persistent Hotspot,-1.0,-20.0,5.4,ALL,Crime Type,ASSAULT,3.0,3.0,2026-09-12,2026-09-25,2026-09-26,2026-10-09,42.43045269692552,-83.07978876677944,Northeast Central District,Arlington St & E Nevada St,ALL
882ab2c5c9fffff,5.0,4.0,Persistent Hotspot,-1.0,-20.0,5.4,ALL,Crime Type,ASSAULT,3.0,3.0,2026-09-12,2026-09-25,2026-09-26,2026-10-09,42.3482826472385,-83.02647867706486,Elmwood Park,E Vernor Hwy & Chene St,ALL
882ab2c667fffff,4.0,4.0,Persistent Hotspot,0.0,0.0,5.4,ALL,Crime Type,ASSAULT,3.0,3.0,2026-09-12,2026-09-25,2026-09-26,2026-10-09,42.42078445598505,-82.96993216661689,Mapleridge,Hayes St & Houston Whittier Ave,ALL
882ab2c66bfffff,6.0,4.0,Persistent Hotspot,-2.0,-33.33,5.4,ALL,Crime Type,ASSAULT,3.0,3.0,2026-09-12,2026-09-25,2026-09-26,2026-10-09,42.42632688143854,-82.95097948082058,Moross-Morang,Morang Dr & Lansdowne St,ALL
882ab2c765fffff,5.0,4.0,Persistent Hotspot,-1.0,-20.0,5.4,ALL,Crime Type,ASSAULT,3.0,3.0,2026-09-12,2026-09-25,2026-09-26,2026-10-09,42.438195439880296,-83.0550607183114,Farwell,E Lantz St & Hasse St,ALL
882ab2c193fffff,5.0,3.0,Persistent Hotspot,-2.0,-40.0,4.05,ALL,Crime Type,ASSAULT,3.0,3.0,2026-09-12,2026-09-25,2026-09-26,2026-10-09,42.41694374036624,-83.1603122492298,Schulze,W McNichols Rd & Wyoming St,ALL
882ab2c503fffff,4.0,3.0,Persistent Hotspot,-1.0,-25.0,4.05,ALL,Crime Type,ASSAULT,3.0,3.0,2026-09-12,2026-09-25,2026-09-26,2026-10-09,42.36903674016917,-83.07404078940577,New Center,W Grand Blvd & 2nd Ave,ALL
882ab2c507fffff,4.0,3.0,Persistent Hotspot,-1.0,-25.0,4.05,ALL,Crime Type,ASSAULT,3.0,3.0,2026-09-12,2026-09-25,2026-09-26,2026-10-09,42.37084340450591,-83.08143978295578,New Center Commons,Pallister St & 3rd St,ALL
882ab2c527fffff,3.0,3.0,Persistent Hotspot,0.0,0.0,4.05,ALL,Crime Type,ASSAULT,3.0,3.0,2026-09-12,2026-09-25,2026-09-26,2026-10-09,42.369417413021786,-83.11580419899393,Petoskey-Otsego,Atkinson St & Dexter Ave,ALL
882ab2c60bfffff,3.0,3.0,Persistent Hotspot,0.0,0.0,4.05,ALL,Crime Type,ASSAULT,3.0,3.0,2026-09-12,2026-09-25,2026-09-26,2026-10-09,42.40777111181735,-82.93091402775916,Cornerstone Village,E Warren Ave & Cadieux Rd,ALL
882ab2c759fffff,5.0,3.0,Persistent Hotspot,-2.0,-40.0,4.05,ALL,Crime Type,ASSAULT,3.0,3.0,2026-09-12,2026-09-25,2026-09-26,2026-10-09,42.431194724608666,-82.98576973523089,Franklin,Eastwood St & Schoenherr St,ALL
882ab2ca9bfffff,3.0,3.0,Persistent Hotspot,0.0,0.0,4.05,ALL,Crime Type,ASSAULT,3.0,3.0,2026-09-12,2026-09-25,2026-09-26,2026-10-09,42.433480165568085,-83.23381342470212,O'Hair Park,Edinborough Rd & Vassar Ave,ALL
882ab2cab1fffff,3.0,3.0,Persistent Hotspot,0.0,0.0,4.05,ALL,Crime Type,ASSAULT,3.0,3.0,2026-09-12,2026-09-25,2026-09-26,2026-10-09,42.42907097577434,-83.2755293560464,Seven Mile-Rouge,Shiawassee Dr & W 7 Mile Rd,ALL
882ab2cc41fffff,4.0,3.0,Persistent Hotspot,-1.0,-25.0,4.05,ALL,Crime Type,ASSAULT,3.0,3.0,2026-09-12,2026-09-25,2026-09-26,2026-10-09,42.36349426408292,-83.19722222275703,We Care Community,Greenfield Rd & Westfield St,ALL
882ab2cc45fffff,4.0,3.0,Persistent Hotspot,-1.0,-25.0,4.05,ALL,Crime Type,ASSAULT,3.0,3.0,2026-09-12,2026-09-25,2026-09-26,2026-10-09,42.36643298075457,-83.20937928061984,Joy Community,Abington Ave & W Chicago St,ALL
882ab2cc67fffff,3.0,3.0,Persistent Hotspot,0.0,0.0,4.05,ALL,Crime Type,ASSAULT,3.0,3.0,2026-09-12,2026-09-25,2026-09-26,2026-10-09,42.35569337617472,-83.23472815796163,Warrendale,Joy Rd & Plainview Ave,ALL
882ab2ce03fffff,3.0,3.0,Persistent Hotspot,0.0,0.0,4.05,ALL,Crime Type,ASSAULT,3.0,3.0,2026-09-12,2026-09-25,2026-09-26,2026-10-09,42.37907995267717,-83.15372965648284,Littlefield Community,Indiana St & Cortland St,ALL
882ab2d5b3fffff,3.0,3.0,Persistent Hotspot,0.0,0.0,4.05,ALL,Crime Type,ASSAULT,3.0,3.0,2026-09-12,2026-09-25,2026-09-26,2026-10-09,42.43508315926134,-82.97639201995733,Mapleridge,Chalmers St & Eastwood St,ALL
882ab2c0a5fffff,4.0,2.0,Declining Hotspot,-2.0,-50.0,2.0,ALL,Crime Type,ASSAULT,3.0,3.0,2026-09-12,2026-09-25,2026-09-26,2026-10-09,42.429725865124134,-83.143494754763,Bagley,Livernois Ave & W 7 Mile Rd,ALL
882ab2c0ddfffff,3.0,2.0,Declining Hotspot,-1.0,-33.33,2.0,ALL,Crime Type,ASSAULT,3.0,3.0,2026-09-12,2026-09-25,2026-09-26,2026-10-09,42.44260572858536,-83.07511554375627,Butler,E Remington St & Anglin St,ALL
882ab2c191fffff,7.0,2.0,Declining Hotspot,-5.0,-71.43,2.0,ALL,Crime Type,ASSAULT,3.0,3.0,2026-09-12,2026-09-25,2026-09-26,2026-10-09,42.42589435995885,-83.16953128115861,Schulze,Margareta St & Manor St,ALL
882ab2c1a5fffff,3.0,2.0,Declining Hotspot,-1.0,-33.33,2.0,ALL,Crime Type,ASSAULT,3.0,3.0,2026-09-12,2026-09-25,2026-09-26,2026-10-09,42.43977834838779,-83.22596989636799,O'Hair Park,Greenview Ave & W 8 Mile Rd,ALL
882ab2c1b9fffff,3.0,2.0,Declining Hotspot,-1.0,-33.33,2.0,ALL,Crime Type,ASSAULT,3.0,3.0,2026-09-12,2026-09-25,2026-09-26,2026-10-09,42.42899293275995,-83.18933189351888,Winship,Clarita St & Lauder St,ALL
882ab2c523fffff,3.0,2.0,Declining Hotspot,-1.0,-33.33,2.0,ALL,Crime Type,ASSAULT,3.0,3.0,2026-09-12,2026-09-25,2026-09-26,2026-10-09,42.3672898973267,-83.10462880708579,Virginia Park Community,Linwood St & W Euclid St,ALL
882ab2c60dfffff,4.0,2.0,Declining Hotspot,-2.0,-50.0,2.0,ALL,Crime Type,ASSAULT,3.0,3.0,2026-09-12,2026-09-25,2026-09-26,2026-10-09,42.41947717055631,-82.9476365500096,Yorkshire Woods,Nottingham Rd & Grayton St,ALL
882ab2c669fffff,3.0,2.0,Declining Hotspot,-1.0,-33.33,2.0,ALL,Crime Type,ASSAULT,3.0,3.0,2026-09-12,2026-09-25,2026-09-26,2026-10-09,42.43317799763128,-82.95574143267714,Mapleridge,Faircrest St & Morang Dr,ALL
882ab2c719fffff,3.0,2.0,Declining Hotspot,-1.0,-33.33,2.0,ALL,Crime Type,ASSAULT,3.0,3.0,2026-09-12,2026-09-25,2026-09-26,2026-10-09,42.40870597942299,-82.99508463706769,Gratiot-Findlay,Gunston St & Gratiot Ave,ALL
882ab2c745fffff,3.0,2.0,Declining Hotspot,-1.0,-33.33,2.0,ALL,Crime Type,ASSAULT,3.0,3.0,2026-09-12,2026-09-25,2026-09-26,2026-10-09,42.443563316717686,-83.02527830993336,Sherwood,Van Dyke St & E Outer Dr,ALL
882ab2c761fffff,4.0,2.0,Declining Hotspot,-2.0,-50.0,2.0,ALL,Crime Type,ASSAULT,3.0,3.0,2026-09-12,2026-09-25,2026-09-26,2026-10-09,42.438372332382855,-83.04517450617394,Farwell,E Lantz St & Caldwell St,ALL
882ab2cc01fffff,4.0,2.0,Declining Hotspot,-2.0,-50.0,2.0,ALL,Crime Type,ASSAULT,3.0,3.0,2026-09-12,2026-09-25,2026-09-26,2026-10-09,42.34581838636176,-83.20932670190365,Warren Ave Community,Rutland St & Majestic St,ALL
882ab2cc2bfffff,6.0,2.0,Declining Hotspot,-4.0,-66.67,2.0,ALL,Crime Type,ASSAULT,3.0,3.0,2026-09-12,2026-09-25,2026-09-26,2026-10-09,42.339552038252194,-83.22796776109868,Warrendale,Minock St & Whitlock St,ALL
882ab2cc43fffff,5.0,2.0,Declining Hotspot,-3.0,-60.0,2.0,ALL,Crime Type,ASSAULT,3.0,3.0,2026-09-12,2026-09-25,2026-09-26,2026-10-09,42.35584005865894,-83.1935237234267,Fiskhorn,Prest St & Joy Rd,ALL
882ab2cc49fffff,3.0,2.0,Declining Hotspot,-1.0,-33.33,2.0,ALL,Crime Type,ASSAULT,3.0,3.0,2026-09-12,2026-09-25,2026-09-26,2026-10-09,42.37033498658255,-83.18975000316506,Plymouth-Hubbell,Orangelawn St & Strathmoor St,ALL
882ab2cc65fffff,4.0,2.0,Declining Hotspot,-2.0,-50.0,2.0,ALL,Crime Type,ASSAULT,3.0,3.0,2026-09-12,2026-09-25,2026-09-26,2026-10-09,42.36290915087244,-83.23725215408572,Franklin Park,Westfield St & Vaughan St,ALL
882ab2cc93fffff,3.0,2.0,Declining Hotspot,-1.0,-33.33,2.0,ALL,Crime Type,ASSAULT,3.0,3.0,2026-09-12,2026-09-25,2026-09-26,2026-10-09,42.2670386546049,-83.15600664121943,Boynton,S Annabelle St & Omaha St,ALL
882ab2cd49fffff,6.0,2.0,Declining Hotspot,-4.0,-66.67,2.0,ALL,Crime Type,ASSAULT,3.0,3.0,2026-09-12,2026-09-25,2026-09-26,2026-10-09,42.38108595459882,-83.27214124344795,Castle Rouge,Virgil St & W Davison St,ALL
882ab2ce1dfffff,4.0,2.0,Declining Hotspot,-2.0,-50.0,2.0,ALL,Crime Type,ASSAULT,3.0,3.0,2026-09-12,2026-09-25,2026-09-26,2026-10-09,42.37615505542366,-83.14161011206531,Oakman Blvd Community,Monica St & Tuxedo St,ALL
882ab2ce25fffff,3.0,2.0,Declining Hotspot,-1.0,-33.33,2.0,ALL,Crime Type,ASSAULT,3.0,3.0,2026-09-12,2026-09-25,2026-09-26,2026-10-09,42.38724042371455,-83.19823814265771,Schoolcraft Southfield,Greenfield Rd & Kendall St,ALL
882ab2ce2dfffff,3.0,2.0,Declining Hotspot,-1.0,-33.33,2.0,ALL,Crime Type,ASSAULT,3.0,3.0,2026-09-12,2026-09-25,2026-09-26,2026-10-09,42.39146711959255,-83.19100106122482,Hubbell-Lyndon,Grand River Ave & Whitcomb St,ALL
882ab2ce31fffff,4.0,2.0,Declining Hotspot,-2.0,-50.0,2.0,ALL,Crime Type,ASSAULT,3.0,3.0,2026-09-12,2026-09-25,2026-09-26,2026-10-09,42.36599567339108,-83.16733320530321,Barton-McFarland,W Chicago St & Appoline,ALL
882ab2ce39fffff,4.0,2.0,Declining Hotspot,-2.0,-50.0,2.0,ALL,Crime Type,ASSAULT,3.0,3.0,2026-09-12,2026-09-25,2026-09-26,2026-10-09,42.37260465005298,-83.15856633141807,Barton-McFarland,Aurora St & Elmira St,ALL
882ab2ce5bfffff,3.0,2.0,Declining Hotspot,-1.0,-33.33,2.0,ALL,Crime Type,ASSAULT,3.0,3.0,2026-09-12,2026-09-25,2026-09-26,2026-10-09,42.3886209069811,-83.11251516814774,Dexter-Linwood,Fullerton St & Linwood St,ALL
882ab2ce6bfffff,4.0,2.0,Declining Hotspot,-2.0,-50.0,2.0,ALL,Crime Type,ASSAULT,3.0,3.0,2026-09-12,2026-09-25,2026-09-26,2026-10-09,42.40235554835761,-83.16510510883968,Bethune Community,Washburn St & Fenkell St,ALL
882ab2ce6dfffff,4.0,2.0,Declining Hotspot,-2.0,-50.0,2.0,ALL,Crime Type,ASSAULT,3.0,3.0,2026-09-12,2026-09-25,2026-09-26,2026-10-09,42.41180763056686,-83.1797983731317,Harmony Village,Florence St & Schaefer Hwy,ALL
882ab2ce91fffff,3.0,2.0,Declining Hotspot,-1.0,-33.33,2.0,ALL,Crime Type,ASSAULT,3.0,3.0,2026-09-12,2026-09-25,2026-09-26,2026-10-09,42.31701760692268,-83.10528103579631,Central Southwest,W Vernor Hwy & Campbell St,ALL
882ab21b6dfffff,3.0,1.0,Declining Hotspot,-2.0,-66.67,1.0,ALL,Crime Type,ASSAULT,3.0,3.0,2026-09-12,2026-09-25,2026-09-26,2026-10-09,42.306082428720046,-83.12337838459051,Springwells,Evans St & Lane St,ALL
882ab2c08bfffff,3.0,1.0,Declining Hotspot,-2.0,-66.67,1.0,ALL,Crime Type,ASSAULT,3.0,3.0,2026-09-12,2026-09-25,2026-09-26,2026-10-09,42.43255821892448,-83.09154191892787,Hawthorne Park,Cardoni St & E 7 Mile Rd,ALL
882ab2c1a3fffff,3.0,1.0,Declining Hotspot,-2.0,-66.67,1.0,ALL,Crime Type,ASSAULT,3.0,3.0,2026-09-12,2026-09-25,2026-09-26,2026-10-09,42.43023461930832,-83.21052575830069,Greenfield,Lindsay St & W 7 Mile Rd,ALL
882ab2c1abfffff,3.0,1.0,Declining Hotspot,-2.0,-66.67,1.0,ALL,Crime Type,ASSAULT,3.0,3.0,2026-09-12,2026-09-25,2026-09-26,2026-10-09,42.43747239907838,-83.20569572957656,Greenfield,Mansfield St & Vassar Ave,ALL
882ab2c531fffff,5.0,1.0,Declining Hotspot,-4.0,-80.0,1.0,ALL,Crime Type,ASSAULT,3.0,3.0,2026-09-12,2026-09-25,2026-09-26,2026-10-09,42.35892645105544,-83.0812712368089,Elijah McCoy,Elijah Mccoy Dr & Lincoln St,ALL
882ab2c53bfffff,3.0,1.0,Declining Hotspot,-2.0,-66.67,1.0,ALL,Crime Type,ASSAULT,3.0,3.0,2026-09-12,2026-09-25,2026-09-26,2026-10-09,42.35469095282926,-83.07329800564055,Wayne State,Anthony Wayne Dr & 3rd St,ALL
882ab2c53dfffff,3.0,1.0,Declining Hotspot,-2.0,-66.67,1.0,ALL,Crime Type,ASSAULT,3.0,3.0,2026-09-12,2026-09-25,2026-09-26,2026-10-09,42.36424367823366,-83.09141169621473,Virginia Park Community,W Grand Blvd & 14th St,ALL
882ab2c5e3fffff,5.0,1.0,Declining Hotspot,-4.0,-80.0,1.0,ALL,Crime Type,ASSAULT,3.0,3.0,2026-09-12,2026-09-25,2026-09-26,2026-10-09,42.33230278409165,-83.057812497388,Downtown,Bagley St & 3rd St,ALL
882ab2c609fffff,3.0,1.0,Declining Hotspot,-2.0,-66.67,1.0,ALL,Crime Type,ASSAULT,3.0,3.0,2026-09-12,2026-09-25,2026-09-26,2026-10-09,42.41654000330367,-82.93627151822052,Cornerstone Village,Berden St & Grayton St,ALL
882ab2c61dfffff,3.0,1.0,Declining Hotspot,-2.0,-66.67,1.0,ALL,Crime Type,ASSAULT,3.0,3.0,2026-09-12,2026-09-25,2026-09-26,2026-10-09,42.40265468713058,-82.92665315281201,Cornerstone Village,Munich St & Cadieux Rd,ALL
882ab2c623fffff,3.0,1.0,Declining Hotspot,-2.0,-66.67,1.0,ALL,Crime Type,ASSAULT,3.0,3.0,2026-09-12,2026-09-25,2026-09-26,2026-10-09,42.39999154734736,-82.96749365634277,Chandler Park,Drexel St & Southampton St,ALL
882ab2c627fffff,3.0,1.0,Declining Hotspot,-2.0,-66.67,1.0,ALL,Crime Type,ASSAULT,3.0,3.0,2026-09-12,2026-09-25,2026-09-26,2026-10-09,42.40293584689456,-82.98027254933963,Ravendale,Annsbury Ave & Camden Ave,ALL
882ab2c63dfffff,5.0,1.0,Declining Hotspot,-4.0,-80.0,1.0,ALL,Crime Type,ASSAULT,3.0,3.0,2026-09-12,2026-09-25,2026-09-26,2026-10-09,42.39801206005198,-82.95507612877964,Morningside,Lakepointe St & E Warren Ave,ALL
882ab2c657fffff,4.0,1.0,Declining Hotspot,-3.0,-75.0,1.0,ALL,Crime Type,ASSAULT,3.0,3.0,2026-09-12,2026-09-25,2026-09-26,2026-10-09,42.40833090507417,-82.92037765440844,Cornerstone Village,E Warren Ave & Lodewyck St,ALL
882ab2c6adfffff,3.0,1.0,Declining Hotspot,-2.0,-66.67,1.0,ALL,Crime Type,ASSAULT,3.0,3.0,2026-09-12,2026-09-25,2026-09-26,2026-10-09,42.363218764052384,-82.95025084308988,Jefferson Chalmers,Continental St & Essex Ave,ALL
882ab2c70bfffff,3.0,1.0,Declining Hotspot,-2.0,-66.67,1.0,ALL,Crime Type,ASSAULT,3.0,3.0,2026-09-12,2026-09-25,2026-09-26,2026-10-09,42.41971780012879,-83.00905435515705,Mount Olivet,Teppert St & E McNichols Rd,ALL
882ab2c72dfffff,6.0,1.0,Declining Hotspot,-5.0,-83.33,1.0,ALL,Crime Type,ASSAULT,3.0,3.0,2026-09-12,2026-09-25,2026-09-26,2026-10-09,42.42611995184964,-83.05848511975876,Krainz Woods,Conley St & E Nevada St,ALL
882ab2c755fffff,10.0,1.0,Declining Hotspot,-9.0,-90.0,1.0,ALL,Crime Type,ASSAULT,3.0,3.0,2026-09-12,2026-09-25,2026-09-26,2026-10-09,42.42396549015056,-83.00430992780001,Von Steuben,Dresden St & Sauer St,ALL
882ab2cab7fffff,6.0,1.0,Declining Hotspot,-5.0,-83.33,1.0,ALL,Crime Type,ASSAULT,3.0,3.0,2026-09-12,2026-09-25,2026-09-26,2026-10-09,42.4286454981274,-83.28287056611585,Five Points,Lenore Ave & W 7 Mile Rd,ALL
882ab2cc5dfffff,3.0,1.0,Declining Hotspot,-2.0,-66.67,1.0,ALL,Crime Type,ASSAULT,3.0,3.0,2026-09-12,2026-09-25,2026-09-26,2026-10-09,42.3536624724018,-83.18363021437968,Joy-Schaefer,Belton St & Carlin St,ALL
882ab2cc6dfffff,3.0,1.0,Declining Hotspot,-2.0,-66.67,1.0,ALL,Crime Type,ASSAULT,3.0,3.0,2026-09-12,2026-09-25,2026-09-26,2026-10-09,42.368420809146585,-83.23381219208831,Franklin Park,Orangelawn St & Evergreen Rd,ALL
882ab2ce3dfffff,5.0,1.0,Declining Hotspot,-4.0,-80.0,1.0,ALL,Crime Type,ASSAULT,3.0,3.0,2026-09-12,2026-09-25,2026-09-26,2026-10-09,42.37649028963668,-83.17245583166994,Pride Area Community,Capitol St & Littlefield St,ALL
882ab2ce4dfffff,3.0,1.0,Declining Hotspot,-2.0,-66.67,1.0,ALL,Crime Type,ASSAULT,3.0,3.0,2026-09-12,2026-09-25,2026-09-26,2026-10-09,42.41395625843927,-83.15106444803112,Fitzgerald/Marygrove,Greenlawn St & Marygrove Dr,ALL
882ab2ce67fffff,4.0,1.0,Declining Hotspot,-3.0,-75.0,1.0,ALL,Crime Type,ASSAULT,3.0,3.0,2026-09-12,2026-09-25,2026-09-26,2026-10-09,42.3998098481388,-83.18206593144619,Bethune Community,Chalfonte St & Ardmore St,ALL
882ab2cec1fffff,3.0,1.0,Declining Hotspot,-2.0,-66.67,1.0,ALL,Crime Type,ASSAULT,3.0,3.0,2026-09-12,2026-09-25,2026-09-26,2026-10-09,42.35400509547457,-83.11772393971783,Midwest,Firwood St & Allendale St,ALL
882ab2cf03fffff,4.0,1.0,Declining Hotspot,-3.0,-75.0,1.0,ALL,Crime Type,ASSAULT,3.0,3.0,2026-09-12,2026-09-25,2026-09-26,2026-10-09,42.39128365441183,-83.23704280273566,Westwood Park,Acacia St & Crescent Dr,ALL
882ab2cf3dfffff,3.0,1.0,Declining Hotspot,-2.0,-66.67,1.0,ALL,Crime Type,ASSAULT,3.0,3.0,2026-09-12,2026-09-25,2026-09-26,2026-10-09,42.3866459851698,-83.2521234984745,Brightmoor,Kendall St & Trinity St,ALL
882ab2cf4dfffff,4.0,1.0,Declining Hotspot,-3.0,-75.0,1.0,ALL,Crime Type,ASSAULT,3.0,3.0,2026-09-12,2026-09-25,2026-09-26,2026-10-09,42.42673829558508,-83.22769215061737,Evergreen-Outer Drive,Huntington Rd & W 7 Mile Rd,ALL
882ab2d5b5fffff,3.0,1.0,Declining Hotspot,-2.0,-66.67,1.0,ALL,Crime Type,ASSAULT,3.0,3.0,2026-09-12,2026-09-25,2026-09-26,2026-10-09,42.44561443793973,-82.99407206133775,Conner Creek,Bringard Dr & Barlow St,ALL
882ab2d5b7fffff,3.0,1.0,Declining Hotspot,-2.0,-66.67,1.0,ALL,Crime Type,ASSAULT,3.0,3.0,2026-09-12,2026-09-25,2026-09-26,2026-10-09,42.43663946605306,-82.9876131870752,Pulaski,E 7 Mile Rd & Schoenherr St,ALL
882ab2c0b5fffff,3.0,0.0,Declining Hotspot,-3.0,-100.0,0.0,ALL,Crime Type,ASSAULT,3.0,3.0,2026-09-12,2026-09-25,2026-09-26,2026-10-09,42.41377279940101,-83.1242227661151,Martin Park,Baylis St & Grove St,ALL
882ab2c181fffff,6.0,0.0,Declining Hotspot,-6.0,-100.0,0.0,ALL,Crime Type,ASSAULT,3.0,3.0,2026-09-12,2026-09-25,2026-09-26,2026-10-09,42.44116711719956,-83.1850685647822,Schaefer 7/8 Lodge,Tracey St & Chippewa St,ALL
882ab2c407fffff,3.0,0.0,Declining Hotspot,-3.0,-100.0,0.0,ALL,Crime Type,ASSAULT,3.0,3.0,2026-09-12,2026-09-25,2026-09-26,2026-10-09,42.359099413201655,-83.00041457240548,Islandview,Durand St & Van Dyke St,ALL
882ab2c501fffff,4.0,0.0,Declining Hotspot,-4.0,-100.0,0.0,ALL,Crime Type,ASSAULT,3.0,3.0,2026-09-12,2026-09-25,2026-09-26,2026-10-09,42.37596250325836,-83.07496548946622,North End,Seward St & Woodward Ave,ALL
882ab2c615fffff,3.0,0.0,Declining Hotspot,-3.0,-100.0,0.0,ALL,Crime Type,ASSAULT,3.0,3.0,2026-09-12,2026-09-25,2026-09-26,2026-10-09,42.39453305114127,-82.9366483665544,Morningside,Devonshire Rd & Waveney St,ALL
882ab2c655fffff,4.0,0.0,Declining Hotspot,-4.0,-100.0,0.0,ALL,Crime Type,ASSAULT,3.0,3.0,2026-09-12,2026-09-25,2026-09-26,2026-10-09,42.415150694414606,-82.92563550788495,Cornerstone Village,Hereford St & Southampton St,ALL
882ab2ca9dfffff,3.0,0.0,Declining Hotspot,-3.0,-100.0,0.0,ALL,Crime Type,ASSAULT,3.0,3.0,2026-09-12,2026-09-25,2026-09-26,2026-10-09,42.44021589699699,-83.24546759068227,Evergreen Lahser 7/8,Trojan St & Patton St,ALL
882ab2cc4dfffff,3.0,0.0,Declining Hotspot,-3.0,-100.0,0.0,ALL,Crime Type,ASSAULT,3.0,3.0,2026-09-12,2026-09-25,2026-09-26,2026-10-09,42.37248936031544,-83.19755565433134,Plymouth-I96,Greenfield Rd & Plymouth Rd,ALL
882ab2cd5bfffff,3.0,0.0,Declining Hotspot,-3.0,-100.0,0.0,ALL,Crime Type,ASSAULT,3.0,3.0,2026-09-12,2026-09-25,2026-09-26,2026-10-09,42.357436692870266,-83.24322142637114,Franklin Park,Joy Rd & Fielding St,ALL
882ab2ce19fffff,3.0,0.0,Declining Hotspot,-3.0,-100.0,0.0,ALL,Crime Type,ASSAULT,3.0,3.0,2026-09-12,2026-09-25,2026-09-26,2026-10-09,42.37875773059946,-83.12758847294239,Nardin Park,Humphrey St & Petoskey Ave,ALL
882ab2ce41fffff,4.0,0.0,Declining Hotspot,-4.0,-100.0,0.0,ALL,Crime Type,ASSAULT,3.0,3.0,2026-09-12,2026-09-25,2026-09-26,2026-10-09,42.40752967248862,-83.14475115683516,Fitzgerald/Marygrove,Midland St & Tuller St,ALL
882ab2ce61fffff,3.0,0.0,Declining Hotspot,-3.0,-100.0,0.0,ALL,Crime Type,ASSAULT,3.0,3.0,2026-09-12,2026-09-25,2026-09-26,2026-10-09,42.4040301368467,-83.17812533676428,Bethune Community,Schaefer Hwy & Keeler Ave,ALL
882ab2ce99fffff,3.0,0.0,Declining Hotspot,-3.0,-100.0,0.0,ALL,Crime Type,ASSAULT,3.0,3.0,2026-09-12,2026-09-25,2026-09-26,2026-10-09,42.319742891837656,-83.09715415552316,Central Southwest,W Vernor Hwy & McKinstry St,ALL
882ab2cec5fffff,5.0,0.0,Declining Hotspot,-5.0,-100.0,0.0,ALL,Crime Type,ASSAULT,3.0,3.0,2026-09-12,2026-09-25,2026-09-26,2026-10-09,42.35489806827917,-83.12699257918058,Midwest,Pacific St & Ironwood St,ALL
882ab2cee1fffff,2.0,3.0,Emerging Hotspot,1.0,50.0,4.5,02,Crime Type,BURGLARY,3.0,3.0,2026-09-12,2026-09-25,2026-09-26,2026-10-09,42.35197762587146,-83.14509504538786,Midwest,Tireman St & Bryden St,ALL
882ab2ce05fffff,3.0,3.0,Persistent Hotspot,0.0,0.0,4.05,02,Crime Type,BURGLARY,3.0,3.0,2026-09-12,2026-09-25,2026-09-26,2026-10-09,42.388272464514095,-83.16765276480753,Northwest Community,Schoolcraft St & Manor,ALL
882ab2c507fffff,0.0,3.0,New Hotspot,3.0,,7.5,03,Crime Type,BURGLARY,3.0,3.0,2026-09-12,2026-09-25,2026-09-26,2026-10-09,42.37084340450591,-83.08143978295578,New Center Commons,Pallister St & 3rd St,ALL
882ab2c535fffff,1.0,3.0,Emerging Hotspot,2.0,200.0,6.0,03,Crime Type,BURGLARY,3.0,3.0,2026-09-12,2026-09-25,2026-09-26,2026-10-09,42.35935257064365,-83.09994573062788,NW Goldberg,W Grand Blvd & Lawton St,ALL
882ab21b4dfffff,0.0,3.0,New Hotspot,3.0,,7.5,04,Crime Type,BURGLARY,3.0,3.0,2026-09-12,2026-09-25,2026-09-26,2026-10-09,42.30758035458116,-83.08699124301143,West Side Industrial,W Jefferson Ave & Clark St,ALL
882ab2c61dfffff,4.0,1.0,Declining Hotspot,-3.0,-75.0,1.0,05,Crime Type,BURGLARY,3.0,3.0,2026-09-12,2026-09-25,2026-09-26,2026-10-09,42.40265468713058,-82.92665315281201,Cornerstone Village,Munich St & Cadieux Rd,ALL
882ab2c615fffff,3.0,0.0,Declining Hotspot,-3.0,-100.0,0.0,05,Crime Type,BURGLARY,3.0,3.0,2026-09-12,2026-09-25,2026-09-26,2026-10-09,42.39453305114127,-82.9366483665544,Morningside,Devonshire Rd & Waveney St,ALL
882ab2cc29fffff,3.0,1.0,Declining Hotspot,-2.0,-66.67,1.0,06,Crime Type,BURGLARY,3.0,3.0,2026-09-12,2026-09-25,2026-09-26,2026-10-09,42.34683189148664,-83.2306575961285,Warrendale,W Warren Ave & Grandville Ave,ALL
882ab2cc67fffff,3.0,0.0,Declining Hotspot,-3.0,-100.0,0.0,06,Crime Type,BURGLARY,3.0,3.0,2026-09-12,2026-09-25,2026-09-26,2026-10-09,42.35569337617472,-83.23472815796163,Warrendale,Joy Rd & Plainview Ave,ALL
882ab2c5c3fffff,3.0,1.0,Declining Hotspot,-2.0,-66.67,1.0,07,Crime Type,BURGLARY,3.0,3.0,2026-09-12,2026-09-25,2026-09-26,2026-10-09,42.33594134550091,-83.03077624997024,Lafayette Park,Saint Aubin St & E Larned St,ALL
882ab2ca83fffff,0.0,3.0,New Hotspot,3.0,,7.5,08,Crime Type,BURGLARY,3.0,3.0,2026-09-12,2026-09-25,2026-09-26,2026-10-09,42.441940145498506,-83.26429132527683,Berg-Lahser,Hessel Ave & Alderton St,ALL
882ab2c1abfffff,4.0,0.0,Declining Hotspot,-4.0,-100.0,0.0,08,Crime Type,BURGLARY,3.0,3.0,2026-09-12,2026-09-25,2026-09-26,2026-10-09,42.43747239907838,-83.20569572957656,Greenfield,Mansfield St & Vassar Ave,ALL
882ab2c605fffff,0.0,4.0,New Hotspot,4.0,,10.0,09,Crime Type,BURGLARY,3.0,3.0,2026-09-12,2026-09-25,2026-09-26,2026-10-09,42.41004641166786,-82.95350065306873,Outer Drive-Hayes,Somerset Ave & Berkshire St,ALL
882ab2c743fffff,0.0,3.0,New Hotspot,3.0,,7.5,09,Crime Type,BURGLARY,3.0,3.0,2026-09-12,2026-09-25,2026-09-26,2026-10-09,42.43428372316813,-83.00810830306966,Mount Olivet,E 7 Mile Rd & Teppert St,ALL
882ab2c66bfffff,3.0,0.0,Declining Hotspot,-3.0,-100.0,0.0,09,Crime Type,BURGLARY,3.0,3.0,2026-09-12,2026-09-25,2026-09-26,2026-10-09,42.42632688143854,-82.95097948082058,Moross-Morang,Morang Dr & Lansdowne St,ALL
882ab2d5b3fffff,7.0,0.0,Declining Hotspot,-7.0,-100.0,0.0,09,Crime Type,BURGLARY,3.0,3.0,2026-09-12,2026-09-25,2026-09-26,2026-10-09,42.43508315926134,-82.97639201995733,Mapleridge,Chalmers St & Eastwood St,ALL
882ab2ce51fffff,3.0,2.0,Declining Hotspot,-1.0,-33.33,2.0,10,Crime Type,BURGLARY,3.0,3.0,2026-09-12,2026-09-25,2026-09-26,2026-10-09,42.39017503074664,-83.1248397452936,Dexter-Linwood,Dexter Ave & Waverly,ALL
882ab2c525fffff,3.0,0.0,Declining Hotspot,-3.0,-100.0,0.0,10,Crime Type,BURGLARY,3.0,3.0,2026-09-12,2026-09-25,2026-09-26,2026-10-09,42.37717398458987,-83.11741283783968,Dexter-Linwood,Calvert St & Lawton St,ALL
882ab2c0dbfffff,0.0,3.0,New Hotspot,3.0,,7.5,11,Crime Type,BURGLARY,3.0,3.0,2026-09-12,2026-09-25,2026-09-26,2026-10-09,42.43573315701592,-83.05992032298255,Farwell,Emery St & Shields St,ALL
882ab2c099fffff,3.0,2.0,Declining Hotspot,-1.0,-33.33,2.0,11,Crime Type,BURGLARY,3.0,3.0,2026-09-12,2026-09-25,2026-09-26,2026-10-09,42.41862768769621,-83.076145729503,Cadillac Heights,Maine St & Jerome St,ALL
882ab2c769fffff,3.0,1.0,Declining Hotspot,-2.0,-66.67,1.0,11,Crime Type,BURGLARY,3.0,3.0,2026-09-12,2026-09-25,2026-09-26,2026-10-09,42.443522374096375,-83.03069755865215,Sherwood,Carrie St & E Outer Dr,ALL
882ab2c70dfffff,3.0,0.0,Declining Hotspot,-3.0,-100.0,0.0,11,Crime Type,BURGLARY,3.0,3.0,2026-09-12,2026-09-25,2026-09-26,2026-10-09,42.43152008068575,-83.02834370005655,Grant,E Brentwood St & Packard St,ALL
882ab2c605fffff,0.0,4.0,New Hotspot,4.0,,10.0,ALL,Crime Type,BURGLARY,3.0,3.0,2026-09-12,2026-09-25,2026-09-26,2026-10-09,42.41004641166786,-82.95350065306873,Outer Drive-Hayes,Somerset Ave & Berkshire St,ALL
882ab21b4dfffff,0.0,3.0,New Hotspot,3.0,,7.5,ALL,Crime Type,BURGLARY,3.0,3.0,2026-09-12,2026-09-25,2026-09-26,2026-10-09,42.30758035458116,-83.08699124301143,West Side Industrial,W Jefferson Ave & Clark St,ALL
882ab2c0dbfffff,0.0,3.0,New Hotspot,3.0,,7.5,ALL,Crime Type,BURGLARY,3.0,3.0,2026-09-12,2026-09-25,2026-09-26,2026-10-09,42.43573315701592,-83.05992032298255,Farwell,Emery St & Shields St,ALL
882ab2c743fffff,0.0,3.0,New Hotspot,3.0,,7.5,ALL,Crime Type,BURGLARY,3.0,3.0,2026-09-12,2026-09-25,2026-09-26,2026-10-09,42.43428372316813,-83.00810830306966,Mount Olivet,E 7 Mile Rd & Teppert St,ALL
882ab2ca83fffff,0.0,3.0,New Hotspot,3.0,,7.5,ALL,Crime Type,BURGLARY,3.0,3.0,2026-09-12,2026-09-25,2026-09-26,2026-10-09,42.441940145498506,-83.26429132527683,Berg-Lahser,Hessel Ave & Alderton St,ALL
882ab2c507fffff,1.0,4.0,Emerging Hotspot,3.0,300.0,8.5,ALL,Crime Type,BURGLARY,3.0,3.0,2026-09-12,2026-09-25,2026-09-26,2026-10-09,42.37084340450591,-83.08143978295578,New Center Commons,Pallister St & 3rd St,ALL
882ab2c535fffff,2.0,3.0,Emerging Hotspot,1.0,50.0,4.5,ALL,Crime Type,BURGLARY,3.0,3.0,2026-09-12,2026-09-25,2026-09-26,2026-10-09,42.35935257064365,-83.09994573062788,NW Goldberg,W Grand Blvd & Lawton St,ALL
882ab2cee1fffff,2.0,3.0,Emerging Hotspot,1.0,50.0,4.5,ALL,Crime Type,BURGLARY,3.0,3.0,2026-09-12,2026-09-25,2026-09-26,2026-10-09,42.35197762587146,-83.14509504538786,Midwest,Tireman St & Bryden St,ALL
882ab2ce05fffff,3.0,3.0,Persistent Hotspot,0.0,0.0,4.05,ALL,Crime Type,BURGLARY,3.0,3.0,2026-09-12,2026-09-25,2026-09-26,2026-10-09,42.388272464514095,-83.16765276480753,Northwest Community,Schoolcraft St & Manor,ALL
882ab2c099fffff,3.0,2.0,Declining Hotspot,-1.0,-33.33,2.0,ALL,Crime Type,BURGLARY,3.0,3.0,2026-09-12,2026-09-25,2026-09-26,2026-10-09,42.41862768769621,-83.076145729503,Cadillac Heights,Maine St & Jerome St,ALL
882ab2ce51fffff,3.0,2.0,Declining Hotspot,-1.0,-33.33,2.0,ALL,Crime Type,BURGLARY,3.0,3.0,2026-09-12,2026-09-25,2026-09-26,2026-10-09,42.39017503074664,-83.1248397452936,Dexter-Linwood,Dexter Ave & Waverly,ALL
882ab2c5c3fffff,3.0,1.0,Declining Hotspot,-2.0,-66.67,1.0,ALL,Crime Type,BURGLARY,3.0,3.0,2026-09-12,2026-09-25,2026-09-26,2026-10-09,42.33594134550091,-83.03077624997024,Lafayette Park,Saint Aubin St & E Larned St,ALL
882ab2c61dfffff,4.0,1.0,Declining Hotspot,-3.0,-75.0,1.0,ALL,Crime Type,BURGLARY,3.0,3.0,2026-09-12,2026-09-25,2026-09-26,2026-10-09,42.40265468713058,-82.92665315281201,Cornerstone Village,Munich St & Cadieux Rd,ALL
882ab2c769fffff,3.0,1.0,Declining Hotspot,-2.0,-66.67,1.0,ALL,Crime Type,BURGLARY,3.0,3.0,2026-09-12,2026-09-25,2026-09-26,2026-10-09,42.443522374096375,-83.03069755865215,Sherwood,Carrie St & E Outer Dr,ALL
882ab2cc29fffff,3.0,1.0,Declining Hotspot,-2.0,-66.67,1.0,ALL,Crime Type,BURGLARY,3.0,3.0,2026-09-12,2026-09-25,2026-09-26,2026-10-09,42.34683189148664,-83.2306575961285,Warrendale,W Warren Ave & Grandville Ave,ALL
882ab2c1abfffff,4.0,0.0,Declining Hotspot,-4.0,-100.0,0.0,ALL,Crime Type,BURGLARY,3.0,3.0,2026-09-12,2026-09-25,2026-09-26,2026-10-09,42.43747239907838,-83.20569572957656,Greenfield,Mansfield St & Vassar Ave,ALL
882ab2c525fffff,3.0,0.0,Declining Hotspot,-3.0,-100.0,0.0,ALL,Crime Type,BURGLARY,3.0,3.0,2026-09-12,2026-09-25,2026-09-26,2026-10-09,42.37717398458987,-83.11741283783968,Dexter-Linwood,Calvert St & Lawton St,ALL
882ab2c615fffff,3.0,0.0,Declining Hotspot,-3.0,-100.0,0.0,ALL,Crime Type,BURGLARY,3.0,3.0,2026-09-12,2026-09-25,2026-09-26,2026-10-09,42.39453305114127,-82.9366483665544,Morningside,Devonshire Rd & Waveney St,ALL
882ab2c66bfffff,3.0,0.0,Declining Hotspot,-3.0,-100.0,0.0,ALL,Crime Type,BURGLARY,3.0,3.0,2026-09-12,2026-09-25,2026-09-26,2026-10-09,42.42632688143854,-82.95097948082058,Moross-Morang,Morang Dr & Lansdowne St,ALL
882ab2c70dfffff,3.0,0.0,Declining Hotspot,-3.0,-100.0,0.0,ALL,Crime Type,BURGLARY,3.0,3.0,2026-09-12,2026-09-25,2026-09-26,2026-10-09,42.43152008068575,-83.02834370005655,Grant,E Brentwood St & Packard St,ALL
882ab2cc67fffff,3.0,0.0,Declining Hotspot,-3.0,-100.0,0.0,ALL,Crime Type,BURGLARY,3.0,3.0,2026-09-12,2026-09-25,2026-09-26,2026-10-09,42.35569337617472,-83.23472815796163,Warrendale,Joy Rd & Plainview Ave,ALL
882ab2cee9fffff,3.0,0.0,Declining Hotspot,-3.0,-100.0,0.0,ALL,Crime Type,BURGLARY,3.0,3.0,2026-09-12,2026-09-25,2026-09-26,2026-10-09,42.35695133875132,-83.13838824298493,Midwest,Garden St & Wetherby St,ALL
882ab2d5b3fffff,7.0,0.0,Declining Hotspot,-7.0,-100.0,0.0,ALL,Crime Type,BURGLARY,3.0,3.0,2026-09-12,2026-09-25,2026-09-26,2026-10-09,42.43508315926134,-82.97639201995733,Mapleridge,Chalmers St & Eastwood St,ALL
882ab2ce37fffff,0.0,3.0,New Hotspot,3.0,,7.5,02,Crime Type,DAMAGE TO PROPERTY,3.0,3.0,2026-09-12,2026-09-25,2026-09-26,2026-10-09,42.36222075459352,-83.17637886733415,We Care Community,Schaefer Hwy & Joy Rd,ALL
882ab2ce65fffff,1.0,4.0,Emerging Hotspot,3.0,300.0,8.5,02,Crime Type,DAMAGE TO PROPERTY,3.0,3.0,2026-09-12,2026-09-25,2026-09-26,2026-10-09,42.403742554973334,-83.18559534915846,Bethune Community,Fenkell St & Strathmoor St,ALL
882ab2ce03fffff,3.0,2.0,Declining Hotspot,-1.0,-33.33,2.0,02,Crime Type,DAMAGE TO PROPERTY,3.0,3.0,2026-09-12,2026-09-25,2026-09-26,2026-10-09,42.37907995267717,-83.15372965648284,Littlefield Community,Indiana St & Cortland St,ALL
882ab2cee5fffff,3.0,1.0,Declining Hotspot,-2.0,-66.67,1.0,02,Crime Type,DAMAGE TO PROPERTY,3.0,3.0,2026-09-12,2026-09-25,2026-09-26,2026-10-09,42.35323747617527,-83.15866960623227,Aviation Sub,Indiana St & Belton St,ALL
882ab2cc43fffff,3.0,0.0,Declining Hotspot,-3.0,-100.0,0.0,02,Crime Type,DAMAGE TO PROPERTY,3.0,3.0,2026-09-12,2026-09-25,2026-09-26,2026-10-09,42.35584005865894,-83.1935237234267,Fiskhorn,Prest St & Joy Rd,ALL
882ab2c513fffff,0.0,3.0,New Hotspot,3.0,,7.5,03,Crime Type,DAMAGE TO PROPERTY,3.0,3.0,2026-09-12,2026-09-25,2026-09-26,2026-10-09,42.35146420062658,-83.05236999150057,Medical Center,Beaubien St & Mack Ave,ALL
882ab2c5c7fffff,1.0,7.0,Emerging Hotspot,6.0,600.0,16.0,03,Crime Type,DAMAGE TO PROPERTY,3.0,3.0,2026-09-12,2026-09-25,2026-09-26,2026-10-09,42.33490709967879,-83.04418085859385,Downtown,Beaubien St & E Lafayette St,ALL
882ab2c58dfffff,2.0,5.0,Emerging Hotspot,3.0,150.0,9.5,03,Crime Type,DAMAGE TO PROPERTY,3.0,3.0,2026-09-12,2026-09-25,2026-09-26,2026-10-09,42.33168460389816,-83.049713162411,Downtown,Michigan Ave & Cass Ave,ALL
882ab2c517fffff,2.0,4.0,Emerging Hotspot,2.0,100.0,7.0,03,Crime Type,DAMAGE TO PROPERTY,3.0,3.0,2026-09-12,2026-09-25,2026-09-26,2026-10-09,42.35337034789475,-83.06261310000085,Midtown,W Alexandrine St & Woodward Ave,ALL
882ab2c53bfffff,2.0,3.0,Emerging Hotspot,1.0,50.0,4.5,03,Crime Type,DAMAGE TO PROPERTY,3.0,3.0,2026-09-12,2026-09-25,2026-09-26,2026-10-09,42.35469095282926,-83.07329800564055,Wayne State,Anthony Wayne Dr & 3rd St,ALL
882ab2c5ebfffff,2.0,3.0,Emerging Hotspot,1.0,50.0,4.5,03,Crime Type,DAMAGE TO PROPERTY,3.0,3.0,2026-09-12,2026-09-25,2026-09-26,2026-10-09,42.33757686428401,-83.05134286793893,Downtown,Woodward Ave & E Adams Ave,ALL
882ab2c535fffff,3.0,3.0,Persistent Hotspot,0.0,0.0,4.05,03,Crime Type,DAMAGE TO PROPERTY,3.0,3.0,2026-09-12,2026-09-25,2026-09-26,2026-10-09,42.35935257064365,-83.09994573062788,NW Goldberg,W Grand Blvd & Lawton St,ALL
882ab2c507fffff,3.0,2.0,Declining Hotspot,-1.0,-33.33,2.0,03,Crime Type,DAMAGE TO PROPERTY,3.0,3.0,2026-09-12,2026-09-25,2026-09-26,2026-10-09,42.37084340450591,-83.08143978295578,New Center Commons,Pallister St & 3rd St,ALL
882ab2c5e9fffff,9.0,2.0,Declining Hotspot,-7.0,-77.78,2.0,03,Crime Type,DAMAGE TO PROPERTY,3.0,3.0,2026-09-12,2026-09-25,2026-09-26,2026-10-09,42.346487742123,-83.0572617645819,Midtown,Eliot St & Woodward Ave,ALL
882ab2c509fffff,5.0,0.0,Declining Hotspot,-5.0,-100.0,0.0,03,Crime Type,DAMAGE TO PROPERTY,3.0,3.0,2026-09-12,2026-09-25,2026-09-26,2026-10-09,42.38311217883099,-83.06795647584747,North End,Hague St & Cameron St,ALL
882ab2c5c5fffff,4.0,0.0,Declining Hotspot,-4.0,-100.0,0.0,03,Crime Type,DAMAGE TO PROPERTY,3.0,3.0,2026-09-12,2026-09-25,2026-09-26,2026-10-09,42.34465156289215,-83.05255549101884,Brush Park,Edmund Pl & John R St,ALL
882ab2ced1fffff,4.0,0.0,Declining Hotspot,-4.0,-100.0,0.0,03,Crime Type,DAMAGE TO PROPERTY,3.0,3.0,2026-09-12,2026-09-25,2026-09-26,2026-10-09,42.33543216029413,-83.09696539015233,Chadsey Condon,25th St & Magnolia St,ALL
882ab2cc93fffff,0.0,3.0,New Hotspot,3.0,,7.5,04,Crime Type,DAMAGE TO PROPERTY,3.0,3.0,2026-09-12,2026-09-25,2026-09-26,2026-10-09,42.2670386546049,-83.15600664121943,Boynton,S Annabelle St & Omaha St,ALL
882ab2ce97fffff,0.0,3.0,New Hotspot,3.0,,7.5,04,Crime Type,DAMAGE TO PROPERTY,3.0,3.0,2026-09-12,2026-09-25,2026-09-26,2026-10-09,42.311351565951895,-83.11540488522492,Central Southwest,Bostwick St & Beard St,ALL
882ab2c601fffff,0.0,4.0,New Hotspot,4.0,,10.0,05,Crime Type,DAMAGE TO PROPERTY,3.0,3.0,2026-09-12,2026-09-25,2026-09-26,2026-10-09,42.409379292707605,-82.94169345523207,Morningside,Audubon Rd & E Outer Dr,ALL
882ab2c63dfffff,0.0,4.0,New Hotspot,4.0,,10.0,05,Crime Type,DAMAGE TO PROPERTY,3.0,3.0,2026-09-12,2026-09-25,2026-09-26,2026-10-09,42.39801206005198,-82.95507612877964,Morningside,Lakepointe St & E Warren Ave,ALL
882ab2c607fffff,1.0,3.0,Emerging Hotspot,2.0,200.0,6.0,05,Crime Type,DAMAGE TO PROPERTY,3.0,3.0,2026-09-12,2026-09-25,2026-09-26,2026-10-09,42.402369650762424,-82.94804568857344,Morningside,Frankfort St & Chatsworth St,ALL
882ab2c615fffff,3.0,1.0,Declining Hotspot,-2.0,-66.67,1.0,05,Crime Type,DAMAGE TO PROPERTY,3.0,3.0,2026-09-12,2026-09-25,2026-09-26,2026-10-09,42.39453305114127,-82.9366483665544,Morningside,Devonshire Rd & Waveney St,ALL
882ab2cf27fffff,0.0,3.0,New Hotspot,3.0,,7.5,06,Crime Type,DAMAGE TO PROPERTY,3.0,3.0,2026-09-12,2026-09-25,2026-09-26,2026-10-09,42.38806648038019,-83.27339320260184,Eliza Howell,Riverview St & Dale St,ALL
882ab2cc69fffff,1.0,3.0,Emerging Hotspot,2.0,200.0,6.0,06,Crime Type,DAMAGE TO PROPERTY,3.0,3.0,2026-09-12,2026-09-25,2026-09-26,2026-10-09,42.36594308048786,-83.21952452769447,Franklin Park,Weaver St & Rosemont Ave,ALL
882ab2cf33fffff,1.0,3.0,Emerging Hotspot,2.0,200.0,6.0,06,Crime Type,DAMAGE TO PROPERTY,3.0,3.0,2026-09-12,2026-09-25,2026-09-26,2026-10-09,42.37187443810189,-83.2398707264144,Weatherby,Plymouth Rd & Heyden St,ALL
882ab2cd5dfffff,3.0,1.0,Declining Hotspot,-2.0,-66.67,1.0,06,Crime Type,DAMAGE TO PROPERTY,3.0,3.0,2026-09-12,2026-09-25,2026-09-26,2026-10-09,42.36683214383794,-83.26433918477007,West Outer Drive,Orangelawn St & Beaverland St,ALL
882ab2cc09fffff,5.0,0.0,Declining Hotspot,-5.0,-100.0,0.0,06,Crime Type,DAMAGE TO PROPERTY,3.0,3.0,2026-09-12,2026-09-25,2026-09-26,2026-10-09,42.34835019966707,-83.20334472477757,Warren Ave Community,Diversey & Asbury Park,ALL
882ab2cc47fffff,3.0,0.0,Declining Hotspot,-3.0,-100.0,0.0,06,Crime Type,DAMAGE TO PROPERTY,3.0,3.0,2026-09-12,2026-09-25,2026-09-26,2026-10-09,42.3581503152907,-83.20429829322885,Joy Community,Joy Rd & Prevost St,ALL
882ab2c463fffff,2.0,3.0,Emerging Hotspot,1.0,50.0,4.5,07,Crime Type,DAMAGE TO PROPERTY,3.0,3.0,2026-09-12,2026-09-25,2026-09-26,2026-10-09,42.37753126162601,-83.01373223034801,Gratiot-Grand,Van Dyke St & Farnsworth St,ALL
882ab2c5c3fffff,3.0,3.0,Persistent Hotspot,0.0,0.0,4.05,07,Crime Type,DAMAGE TO PROPERTY,3.0,3.0,2026-09-12,2026-09-25,2026-09-26,2026-10-09,42.33594134550091,-83.03077624997024,Lafayette Park,Saint Aubin St & E Larned St,ALL
882ab2c5c9fffff,4.0,1.0,Declining Hotspot,-3.0,-75.0,1.0,07,Crime Type,DAMAGE TO PROPERTY,3.0,3.0,2026-09-12,2026-09-25,2026-09-26,2026-10-09,42.3482826472385,-83.02647867706486,Elmwood Park,E Vernor Hwy & Chene St,ALL
882ab2c439fffff,3.0,0.0,Declining Hotspot,-3.0,-100.0,0.0,07,Crime Type,DAMAGE TO PROPERTY,3.0,3.0,2026-09-12,2026-09-25,2026-09-26,2026-10-09,42.351399305462806,-82.99731213591747,West Village,Townsend St & E Congress St,ALL
882ab2cf29fffff,0.0,3.0,New Hotspot,3.0,,7.5,08,Crime Type,DAMAGE TO PROPERTY,3.0,3.0,2026-09-12,2026-09-25,2026-09-26,2026-10-09,42.40210283064391,-83.25944755666258,Brightmoor,Midland St & Dolphin St,ALL
882ab2cf0dfffff,1.0,5.0,Emerging Hotspot,4.0,400.0,11.0,08,Crime Type,DAMAGE TO PROPERTY,3.0,3.0,2026-09-12,2026-09-25,2026-09-26,2026-10-09,42.406027444412715,-83.24063170700437,Brightmoor,Braile St & Pilgrim St,ALL
882ab2cf61fffff,3.0,4.0,Persistent Hotspot,1.0,33.33,6.9,08,Crime Type,DAMAGE TO PROPERTY,3.0,3.0,2026-09-12,2026-09-25,2026-09-26,2026-10-09,42.41473691674537,-83.25444471974748,Holcomb Community,Grand River Ave & W McNichols Rd,ALL
882ab2cf51fffff,3.0,1.0,Declining Hotspot,-2.0,-66.67,1.0,08,Crime Type,DAMAGE TO PROPERTY,3.0,3.0,2026-09-12,2026-09-25,2026-09-26,2026-10-09,42.40224479386136,-83.20749184758557,Crary/St Marys,Fenkell St & Biltmore St,ALL
882ab2cf53fffff,4.0,0.0,Declining Hotspot,-4.0,-100.0,0.0,08,Crime Type,DAMAGE TO PROPERTY,3.0,3.0,2026-09-12,2026-09-25,2026-09-26,2026-10-09,42.393284994986786,-83.20146225867704,Greenfield-Grand River,Greenfield Rd & Eaton St,ALL
882ab2c605fffff,0.0,3.0,New Hotspot,3.0,,7.5,09,Crime Type,DAMAGE TO PROPERTY,3.0,3.0,2026-09-12,2026-09-25,2026-09-26,2026-10-09,42.41004641166786,-82.95350065306873,Outer Drive-Hayes,Somerset Ave & Berkshire St,ALL
882ab2c62dfffff,0.0,3.0,New Hotspot,3.0,,7.5,09,Crime Type,DAMAGE TO PROPERTY,3.0,3.0,2026-09-12,2026-09-25,2026-09-26,2026-10-09,42.41393584829717,-82.97561800849334,Eden Gardens,Newport St & E Outer Dr,ALL
882ab2c647fffff,0.0,3.0,New Hotspot,3.0,,7.5,09,Crime Type,DAMAGE TO PROPERTY,3.0,3.0,2026-09-12,2026-09-25,2026-09-26,2026-10-09,42.42295850729912,-82.93786599197253,Moross-Morang,Duprey St & Casino St,ALL
882ab2c663fffff,0.0,3.0,New Hotspot,3.0,,7.5,09,Crime Type,DAMAGE TO PROPERTY,3.0,3.0,2026-09-12,2026-09-25,2026-09-26,2026-10-09,42.41950621604016,-82.95701596483369,Denby,Grayton St & Lansdowne St,ALL
882ab2c66bfffff,2.0,3.0,Emerging Hotspot,1.0,50.0,4.5,09,Crime Type,DAMAGE TO PROPERTY,3.0,3.0,2026-09-12,2026-09-25,2026-09-26,2026-10-09,42.42632688143854,-82.95097948082058,Moross-Morang,Morang Dr & Lansdowne St,ALL
882ab2c743fffff,5.0,2.0,Declining Hotspot,-3.0,-60.0,2.0,09,Crime Type,DAMAGE TO PROPERTY,3.0,3.0,2026-09-12,2026-09-25,2026-09-26,2026-10-09,42.43428372316813,-83.00810830306966,Mount Olivet,E 7 Mile Rd & Teppert St,ALL
882ab2c66dfffff,3.0,1.0,Declining Hotspot,-2.0,-66.67,1.0,09,Crime Type,DAMAGE TO PROPERTY,3.0,3.0,2026-09-12,2026-09-25,2026-09-26,2026-10-09,42.43471318654235,-82.96546041055458,Mapleridge,Hayes St & E 7 Mile Rd,ALL
882ab2d597fffff,3.0,1.0,Declining Hotspot,-2.0,-66.67,1.0,09,Crime Type,DAMAGE TO PROPERTY,3.0,3.0,2026-09-12,2026-09-25,2026-09-26,2026-10-09,42.4405233668612,-82.95838258019134,Regent Park,Lappin St & Rex St,ALL
882ab2ce11fffff,0.0,3.0,New Hotspot,3.0,,7.5,10,Crime Type,DAMAGE TO PROPERTY,3.0,3.0,2026-09-12,2026-09-25,2026-09-26,2026-10-09,42.369915571358995,-83.13889016310524,Oakman Blvd Community,Grand River Ave & Monica St,ALL
882ab2c53dfffff,2.0,5.0,Emerging Hotspot,3.0,150.0,9.5,10,Crime Type,DAMAGE TO PROPERTY,3.0,3.0,2026-09-12,2026-09-25,2026-09-26,2026-10-09,42.36424367823366,-83.09141169621473,Virginia Park Community,W Grand Blvd & 14th St,ALL
882ab2c525fffff,4.0,2.0,Declining Hotspot,-2.0,-50.0,2.0,10,Crime Type,DAMAGE TO PROPERTY,3.0,3.0,2026-09-12,2026-09-25,2026-09-26,2026-10-09,42.37717398458987,-83.11741283783968,Dexter-Linwood,Calvert St & Lawton St,ALL
882ab2c52dfffff,3.0,2.0,Declining Hotspot,-1.0,-33.33,2.0,10,Crime Type,DAMAGE TO PROPERTY,3.0,3.0,2026-09-12,2026-09-25,2026-09-26,2026-10-09,42.38290213355274,-83.10845890458248,Dexter-Linwood,Webb St & 14th St,ALL
882ab2ce51fffff,4.0,2.0,Declining Hotspot,-2.0,-50.0,2.0,10,Crime Type,DAMAGE TO PROPERTY,3.0,3.0,2026-09-12,2026-09-25,2026-09-26,2026-10-09,42.39017503074664,-83.1248397452936,Dexter-Linwood,Dexter Ave & Waverly,ALL
882ab2ce19fffff,3.0,1.0,Declining Hotspot,-2.0,-66.67,1.0,10,Crime Type,DAMAGE TO PROPERTY,3.0,3.0,2026-09-12,2026-09-25,2026-09-26,2026-10-09,42.37875773059946,-83.12758847294239,Nardin Park,Humphrey St & Petoskey Ave,ALL
882ab2ce1dfffff,3.0,1.0,Declining Hotspot,-2.0,-66.67,1.0,10,Crime Type,DAMAGE TO PROPERTY,3.0,3.0,2026-09-12,2026-09-25,2026-09-26,2026-10-09,42.37615505542366,-83.14161011206531,Oakman Blvd Community,Monica St & Tuxedo St,ALL
882ab2c565fffff,3.0,0.0,Declining Hotspot,-3.0,-100.0,0.0,10,Crime Type,DAMAGE TO PROPERTY,3.0,3.0,2026-09-12,2026-09-25,2026-09-26,2026-10-09,42.39428004182148,-83.10837348947219,Dexter-Linwood,Woodrow Wilson St & Glendale St,ALL
882ab2cec1fffff,3.0,0.0,Declining Hotspot,-3.0,-100.0,0.0,10,Crime Type,DAMAGE TO PROPERTY,3.0,3.0,2026-09-12,2026-09-25,2026-09-26,2026-10-09,42.35400509547457,-83.11772393971783,Midwest,Firwood St & Allendale St,ALL
882ab2cec9fffff,4.0,0.0,Declining Hotspot,-4.0,-100.0,0.0,10,Crime Type,DAMAGE TO PROPERTY,3.0,3.0,2026-09-12,2026-09-25,2026-09-26,2026-10-09,42.36098985487923,-83.11022664332955,Petoskey-Otsego,Wildemere St & Montgomery St,ALL
882ab2c741fffff,0.0,4.0,New Hotspot,4.0,,10.0,11,Crime Type,DAMAGE TO PROPERTY,3.0,3.0,2026-09-12,2026-09-25,2026-09-26,2026-10-09,42.43895435560887,-83.01629628214067,Nortown,E Lantz St & E Outer Dr,ALL
882ab2c761fffff,0.0,3.0,New Hotspot,3.0,,7.5,11,Crime Type,DAMAGE TO PROPERTY,3.0,3.0,2026-09-12,2026-09-25,2026-09-26,2026-10-09,42.438372332382855,-83.04517450617394,Farwell,E Lantz St & Caldwell St,ALL
882ab2c0dbfffff,3.0,1.0,Declining Hotspot,-2.0,-66.67,1.0,11,Crime Type,DAMAGE TO PROPERTY,3.0,3.0,2026-09-12,2026-09-25,2026-09-26,2026-10-09,42.43573315701592,-83.05992032298255,Farwell,Emery St & Shields St,ALL
882ab2c76bfffff,3.0,0.0,Declining Hotspot,-3.0,-100.0,0.0,11,Crime Type,DAMAGE TO PROPERTY,3.0,3.0,2026-09-12,2026-09-25,2026-09-26,2026-10-09,42.43802235086805,-83.02963704566491,Nortown,E Lantz St & Packard St,ALL
882ab2c193fffff,2.0,3.0,Emerging Hotspot,1.0,50.0,4.5,12,Crime Type,DAMAGE TO PROPERTY,3.0,3.0,2026-09-12,2026-09-25,2026-09-26,2026-10-09,42.41694374036624,-83.1603122492298,Schulze,W McNichols Rd & Wyoming St,ALL
882ab2ce45fffff,4.0,3.0,Persistent Hotspot,-1.0,-25.0,4.05,12,Crime Type,DAMAGE TO PROPERTY,3.0,3.0,2026-09-12,2026-09-25,2026-09-26,2026-10-09,42.40793354641639,-83.15555332114316,Fitzgerald/Marygrove,Pilgrim St & Cloverlawn St,ALL
882ab2c0a7fffff,3.0,1.0,Declining Hotspot,-2.0,-66.67,1.0,12,Crime Type,DAMAGE TO PROPERTY,3.0,3.0,2026-09-12,2026-09-25,2026-09-26,2026-10-09,42.42350417082767,-83.14171066089659,Bagley,Pickford St & Livernois Ave,ALL
882ab2c087fffff,3.0,0.0,Declining Hotspot,-3.0,-100.0,0.0,12,Crime Type,DAMAGE TO PROPERTY,3.0,3.0,2026-09-12,2026-09-25,2026-09-26,2026-10-09,42.42671940330759,-83.11082201136425,Grixdale Farms,Charleston St & W Nevada St,ALL
882ab2c0a1fffff,3.0,0.0,Declining Hotspot,-3.0,-100.0,0.0,12,Crime Type,DAMAGE TO PROPERTY,3.0,3.0,2026-09-12,2026-09-25,2026-09-26,2026-10-09,42.42809307521633,-83.13457853020685,University District,Muirland St & Margareta St,ALL
882ab2ce61fffff,3.0,0.0,Declining Hotspot,-3.0,-100.0,0.0,12,Crime Type,DAMAGE TO PROPERTY,3.0,3.0,2026-09-12,2026-09-25,2026-09-26,2026-10-09,42.4040301368467,-83.17812533676428,Bethune Community,Schaefer Hwy & Keeler Ave,ALL
882ab2c513fffff,0.0,5.0,New Hotspot,5.0,,12.5,ALL,Crime Type,DAMAGE TO PROPERTY,3.0,3.0,2026-09-12,2026-09-25,2026-09-26,2026-10-09,42.35146420062658,-83.05236999150057,Medical Center,Beaubien St & Mack Ave,ALL
882ab2c601fffff,0.0,4.0,New Hotspot,4.0,,10.0,ALL,Crime Type,DAMAGE TO PROPERTY,3.0,3.0,2026-09-12,2026-09-25,2026-09-26,2026-10-09,42.409379292707605,-82.94169345523207,Morningside,Audubon Rd & E Outer Dr,ALL
882ab2c63dfffff,0.0,4.0,New Hotspot,4.0,,10.0,ALL,Crime Type,DAMAGE TO PROPERTY,3.0,3.0,2026-09-12,2026-09-25,2026-09-26,2026-10-09,42.39801206005198,-82.95507612877964,Morningside,Lakepointe St & E Warren Ave,ALL
882ab2c741fffff,0.0,4.0,New Hotspot,4.0,,10.0,ALL,Crime Type,DAMAGE TO PROPERTY,3.0,3.0,2026-09-12,2026-09-25,2026-09-26,2026-10-09,42.43895435560887,-83.01629628214067,Nortown,E Lantz St & E Outer Dr,ALL
882ab2c605fffff,0.0,3.0,New Hotspot,3.0,,7.5,ALL,Crime Type,DAMAGE TO PROPERTY,3.0,3.0,2026-09-12,2026-09-25,2026-09-26,2026-10-09,42.41004641166786,-82.95350065306873,Outer Drive-Hayes,Somerset Ave & Berkshire St,ALL
882ab2c62dfffff,0.0,3.0,New Hotspot,3.0,,7.5,ALL,Crime Type,DAMAGE TO PROPERTY,3.0,3.0,2026-09-12,2026-09-25,2026-09-26,2026-10-09,42.41393584829717,-82.97561800849334,Eden Gardens,Newport St & E Outer Dr,ALL
882ab2c647fffff,0.0,3.0,New Hotspot,3.0,,7.5,ALL,Crime Type,DAMAGE TO PROPERTY,3.0,3.0,2026-09-12,2026-09-25,2026-09-26,2026-10-09,42.42295850729912,-82.93786599197253,Moross-Morang,Duprey St & Casino St,ALL
882ab2c663fffff,0.0,3.0,New Hotspot,3.0,,7.5,ALL,Crime Type,DAMAGE TO PROPERTY,3.0,3.0,2026-09-12,2026-09-25,2026-09-26,2026-10-09,42.41950621604016,-82.95701596483369,Denby,Grayton St & Lansdowne St,ALL
882ab2c761fffff,0.0,3.0,New Hotspot,3.0,,7.5,ALL,Crime Type,DAMAGE TO PROPERTY,3.0,3.0,2026-09-12,2026-09-25,2026-09-26,2026-10-09,42.438372332382855,-83.04517450617394,Farwell,E Lantz St & Caldwell St,ALL
882ab2cc93fffff,0.0,3.0,New Hotspot,3.0,,7.5,ALL,Crime Type,DAMAGE TO PROPERTY,3.0,3.0,2026-09-12,2026-09-25,2026-09-26,2026-10-09,42.2670386546049,-83.15600664121943,Boynton,S Annabelle St & Omaha St,ALL
882ab2ce11fffff,0.0,3.0,New Hotspot,3.0,,7.5,ALL,Crime Type,DAMAGE TO PROPERTY,3.0,3.0,2026-09-12,2026-09-25,2026-09-26,2026-10-09,42.369915571358995,-83.13889016310524,Oakman Blvd Community,Grand River Ave & Monica St,ALL
882ab2ce37fffff,0.0,3.0,New Hotspot,3.0,,7.5,ALL,Crime Type,DAMAGE TO PROPERTY,3.0,3.0,2026-09-12,2026-09-25,2026-09-26,2026-10-09,42.36222075459352,-83.17637886733415,We Care Community,Schaefer Hwy & Joy Rd,ALL
882ab2ce97fffff,0.0,3.0,New Hotspot,3.0,,7.5,ALL,Crime Type,DAMAGE TO PROPERTY,3.0,3.0,2026-09-12,2026-09-25,2026-09-26,2026-10-09,42.311351565951895,-83.11540488522492,Central Southwest,Bostwick St & Beard St,ALL
882ab2cf27fffff,0.0,3.0,New Hotspot,3.0,,7.5,ALL,Crime Type,DAMAGE TO PROPERTY,3.0,3.0,2026-09-12,2026-09-25,2026-09-26,2026-10-09,42.38806648038019,-83.27339320260184,Eliza Howell,Riverview St & Dale St,ALL
882ab2cf29fffff,0.0,3.0,New Hotspot,3.0,,7.5,ALL,Crime Type,DAMAGE TO PROPERTY,3.0,3.0,2026-09-12,2026-09-25,2026-09-26,2026-10-09,42.40210283064391,-83.25944755666258,Brightmoor,Midland St & Dolphin St,ALL
882ab2c5c7fffff,2.0,7.0,Emerging Hotspot,5.0,250.0,14.5,ALL,Crime Type,DAMAGE TO PROPERTY,3.0,3.0,2026-09-12,2026-09-25,2026-09-26,2026-10-09,42.33490709967879,-83.04418085859385,Downtown,Beaubien St & E Lafayette St,ALL
882ab2cf0dfffff,1.0,5.0,Emerging Hotspot,4.0,400.0,11.0,ALL,Crime Type,DAMAGE TO PROPERTY,3.0,3.0,2026-09-12,2026-09-25,2026-09-26,2026-10-09,42.406027444412715,-83.24063170700437,Brightmoor,Braile St & Pilgrim St,ALL
882ab2c53dfffff,2.0,5.0,Emerging Hotspot,3.0,150.0,9.5,ALL,Crime Type,DAMAGE TO PROPERTY,3.0,3.0,2026-09-12,2026-09-25,2026-09-26,2026-10-09,42.36424367823366,-83.09141169621473,Virginia Park Community,W Grand Blvd & 14th St,ALL
882ab2c58dfffff,2.0,5.0,Emerging Hotspot,3.0,150.0,9.5,ALL,Crime Type,DAMAGE TO PROPERTY,3.0,3.0,2026-09-12,2026-09-25,2026-09-26,2026-10-09,42.33168460389816,-83.049713162411,Downtown,Michigan Ave & Cass Ave,ALL
882ab2ce65fffff,1.0,4.0,Emerging Hotspot,3.0,300.0,8.5,ALL,Crime Type,DAMAGE TO PROPERTY,3.0,3.0,2026-09-12,2026-09-25,2026-09-26,2026-10-09,42.403742554973334,-83.18559534915846,Bethune Community,Fenkell St & Strathmoor St,ALL
882ab2c517fffff,2.0,4.0,Emerging Hotspot,2.0,100.0,7.0,ALL,Crime Type,DAMAGE TO PROPERTY,3.0,3.0,2026-09-12,2026-09-25,2026-09-26,2026-10-09,42.35337034789475,-83.06261310000085,Midtown,W Alexandrine St & Woodward Ave,ALL
882ab2c469fffff,1.0,3.0,Emerging Hotspot,2.0,200.0,6.0,ALL,Crime Type,DAMAGE TO PROPERTY,3.0,3.0,2026-09-12,2026-09-25,2026-09-26,2026-10-09,42.39128726203174,-83.00529616252933,Airport Sub,Harper Ave & Gratiot Ave,ALL
882ab2c607fffff,1.0,3.0,Emerging Hotspot,2.0,200.0,6.0,ALL,Crime Type,DAMAGE TO PROPERTY,3.0,3.0,2026-09-12,2026-09-25,2026-09-26,2026-10-09,42.402369650762424,-82.94804568857344,Morningside,Frankfort St & Chatsworth St,ALL
882ab2cc69fffff,1.0,3.0,Emerging Hotspot,2.0,200.0,6.0,ALL,Crime Type,DAMAGE TO PROPERTY,3.0,3.0,2026-09-12,2026-09-25,2026-09-26,2026-10-09,42.36594308048786,-83.21952452769447,Franklin Park,Weaver St & Rosemont Ave,ALL
882ab2cf33fffff,1.0,3.0,Emerging Hotspot,2.0,200.0,6.0,ALL,Crime Type,DAMAGE TO PROPERTY,3.0,3.0,2026-09-12,2026-09-25,2026-09-26,2026-10-09,42.37187443810189,-83.2398707264144,Weatherby,Plymouth Rd & Heyden St,ALL
882ab2c193fffff,2.0,3.0,Emerging Hotspot,1.0,50.0,4.5,ALL,Crime Type,DAMAGE TO PROPERTY,3.0,3.0,2026-09-12,2026-09-25,2026-09-26,2026-10-09,42.41694374036624,-83.1603122492298,Schulze,W McNichols Rd & Wyoming St,ALL
882ab2c463fffff,2.0,3.0,Emerging Hotspot,1.0,50.0,4.5,ALL,Crime Type,DAMAGE TO PROPERTY,3.0,3.0,2026-09-12,2026-09-25,2026-09-26,2026-10-09,42.37753126162601,-83.01373223034801,Gratiot-Grand,Van Dyke St & Farnsworth St,ALL
882ab2c53bfffff,2.0,3.0,Emerging Hotspot,1.0,50.0,4.5,ALL,Crime Type,DAMAGE TO PROPERTY,3.0,3.0,2026-09-12,2026-09-25,2026-09-26,2026-10-09,42.35469095282926,-83.07329800564055,Wayne State,Anthony Wayne Dr & 3rd St,ALL
882ab2c5ebfffff,2.0,3.0,Emerging Hotspot,1.0,50.0,4.5,ALL,Crime Type,DAMAGE TO PROPERTY,3.0,3.0,2026-09-12,2026-09-25,2026-09-26,2026-10-09,42.33757686428401,-83.05134286793893,Downtown,Woodward Ave & E Adams Ave,ALL
882ab2c66bfffff,2.0,3.0,Emerging Hotspot,1.0,50.0,4.5,ALL,Crime Type,DAMAGE TO PROPERTY,3.0,3.0,2026-09-12,2026-09-25,2026-09-26,2026-10-09,42.42632688143854,-82.95097948082058,Moross-Morang,Morang Dr & Lansdowne St,ALL
882ab2c507fffff,3.0,4.0,Persistent Hotspot,1.0,33.33,6.9,ALL,Crime Type,DAMAGE TO PROPERTY,3.0,3.0,2026-09-12,2026-09-25,2026-09-26,2026-10-09,42.37084340450591,-83.08143978295578,New Center Commons,Pallister St & 3rd St,ALL
882ab2cf61fffff,3.0,4.0,Persistent Hotspot,1.0,33.33,6.9,ALL,Crime Type,DAMAGE TO PROPERTY,3.0,3.0,2026-09-12,2026-09-25,2026-09-26,2026-10-09,42.41473691674537,-83.25444471974748,Holcomb Community,Grand River Ave & W McNichols Rd,ALL
882ab2c535fffff,4.0,3.0,Persistent Hotspot,-1.0,-25.0,4.05,ALL,Crime Type,DAMAGE TO PROPERTY,3.0,3.0,2026-09-12,2026-09-25,2026-09-26,2026-10-09,42.35935257064365,-83.09994573062788,NW Goldberg,W Grand Blvd & Lawton St,ALL
882ab2c5c3fffff,3.0,3.0,Persistent Hotspot,0.0,0.0,4.05,ALL,Crime Type,DAMAGE TO PROPERTY,3.0,3.0,2026-09-12,2026-09-25,2026-09-26,2026-10-09,42.33594134550091,-83.03077624997024,Lafayette Park,Saint Aubin St & E Larned St,ALL
882ab2ce45fffff,4.0,3.0,Persistent Hotspot,-1.0,-25.0,4.05,ALL,Crime Type,DAMAGE TO PROPERTY,3.0,3.0,2026-09-12,2026-09-25,2026-09-26,2026-10-09,42.40793354641639,-83.15555332114316,Fitzgerald/Marygrove,Pilgrim St & Cloverlawn St,ALL
882ab2c1bdfffff,3.0,2.0,Declining Hotspot,-1.0,-33.33,2.0,ALL,Crime Type,DAMAGE TO PROPERTY,3.0,3.0,2026-09-12,2026-09-25,2026-09-26,2026-10-09,42.430418368393845,-83.19990339634495,College Park,Clarita St & Rutherford St,ALL
882ab2c525fffff,4.0,2.0,Declining Hotspot,-2.0,-50.0,2.0,ALL,Crime Type,DAMAGE TO PROPERTY,3.0,3.0,2026-09-12,2026-09-25,2026-09-26,2026-10-09,42.37717398458987,-83.11741283783968,Dexter-Linwood,Calvert St & Lawton St,ALL
882ab2c52dfffff,3.0,2.0,Declining Hotspot,-1.0,-33.33,2.0,ALL,Crime Type,DAMAGE TO PROPERTY,3.0,3.0,2026-09-12,2026-09-25,2026-09-26,2026-10-09,42.38290213355274,-83.10845890458248,Dexter-Linwood,Webb St & 14th St,ALL
882ab2c5e9fffff,9.0,2.0,Declining Hotspot,-7.0,-77.78,2.0,ALL,Crime Type,DAMAGE TO PROPERTY,3.0,3.0,2026-09-12,2026-09-25,2026-09-26,2026-10-09,42.346487742123,-83.0572617645819,Midtown,Eliot St & Woodward Ave,ALL
882ab2c743fffff,5.0,2.0,Declining Hotspot,-3.0,-60.0,2.0,ALL,Crime Type,DAMAGE TO PROPERTY,3.0,3.0,2026-09-12,2026-09-25,2026-09-26,2026-10-09,42.43428372316813,-83.00810830306966,Mount Olivet,E 7 Mile Rd & Teppert St,ALL
882ab2ce03fffff,3.0,2.0,Declining Hotspot,-1.0,-33.33,2.0,ALL,Crime Type,DAMAGE TO PROPERTY,3.0,3.0,2026-09-12,2026-09-25,2026-09-26,2026-10-09,42.37907995267717,-83.15372965648284,Littlefield Community,Indiana St & Cortland St,ALL
882ab2ce51fffff,4.0,2.0,Declining Hotspot,-2.0,-50.0,2.0,ALL,Crime Type,DAMAGE TO PROPERTY,3.0,3.0,2026-09-12,2026-09-25,2026-09-26,2026-10-09,42.39017503074664,-83.1248397452936,Dexter-Linwood,Dexter Ave & Waverly,ALL
882ab2c0a7fffff,3.0,1.0,Declining Hotspot,-2.0,-66.67,1.0,ALL,Crime Type,DAMAGE TO PROPERTY,3.0,3.0,2026-09-12,2026-09-25,2026-09-26,2026-10-09,42.42350417082767,-83.14171066089659,Bagley,Pickford St & Livernois Ave,ALL
882ab2c0dbfffff,3.0,1.0,Declining Hotspot,-2.0,-66.67,1.0,ALL,Crime Type,DAMAGE TO PROPERTY,3.0,3.0,2026-09-12,2026-09-25,2026-09-26,2026-10-09,42.43573315701592,-83.05992032298255,Farwell,Emery St & Shields St,ALL
882ab2c5c9fffff,4.0,1.0,Declining Hotspot,-3.0,-75.0,1.0,ALL,Crime Type,DAMAGE TO PROPERTY,3.0,3.0,2026-09-12,2026-09-25,2026-09-26,2026-10-09,42.3482826472385,-83.02647867706486,Elmwood Park,E Vernor Hwy & Chene St,ALL
882ab2c615fffff,3.0,1.0,Declining Hotspot,-2.0,-66.67,1.0,ALL,Crime Type,DAMAGE TO PROPERTY,3.0,3.0,2026-09-12,2026-09-25,2026-09-26,2026-10-09,42.39453305114127,-82.9366483665544,Morningside,Devonshire Rd & Waveney St,ALL
882ab2c66dfffff,3.0,1.0,Declining Hotspot,-2.0,-66.67,1.0,ALL,Crime Type,DAMAGE TO PROPERTY,3.0,3.0,2026-09-12,2026-09-25,2026-09-26,2026-10-09,42.43471318654235,-82.96546041055458,Mapleridge,Hayes St & E 7 Mile Rd,ALL
882ab2cd5dfffff,3.0,1.0,Declining Hotspot,-2.0,-66.67,1.0,ALL,Crime Type,DAMAGE TO PROPERTY,3.0,3.0,2026-09-12,2026-09-25,2026-09-26,2026-10-09,42.36683214383794,-83.26433918477007,West Outer Drive,Orangelawn St & Beaverland St,ALL
882ab2ce19fffff,3.0,1.0,Declining Hotspot,-2.0,-66.67,1.0,ALL,Crime Type,DAMAGE TO PROPERTY,3.0,3.0,2026-09-12,2026-09-25,2026-09-26,2026-10-09,42.37875773059946,-83.12758847294239,Nardin Park,Humphrey St & Petoskey Ave,ALL
882ab2ce1dfffff,3.0,1.0,Declining Hotspot,-2.0,-66.67,1.0,ALL,Crime Type,DAMAGE TO PROPERTY,3.0,3.0,2026-09-12,2026-09-25,2026-09-26,2026-10-09,42.37615505542366,-83.14161011206531,Oakman Blvd Community,Monica St & Tuxedo St,ALL
882ab2cee5fffff,3.0,1.0,Declining Hotspot,-2.0,-66.67,1.0,ALL,Crime Type,DAMAGE TO PROPERTY,3.0,3.0,2026-09-12,2026-09-25,2026-09-26,2026-10-09,42.35323747617527,-83.15866960623227,Aviation Sub,Indiana St & Belton St,ALL
882ab2cf51fffff,3.0,1.0,Declining Hotspot,-2.0,-66.67,1.0,ALL,Crime Type,DAMAGE TO PROPERTY,3.0,3.0,2026-09-12,2026-09-25,2026-09-26,2026-10-09,42.40224479386136,-83.20749184758557,Crary/St Marys,Fenkell St & Biltmore St,ALL
882ab2d597fffff,3.0,1.0,Declining Hotspot,-2.0,-66.67,1.0,ALL,Crime Type,DAMAGE TO PROPERTY,3.0,3.0,2026-09-12,2026-09-25,2026-09-26,2026-10-09,42.4405233668612,-82.95838258019134,Regent Park,Lappin St & Rex St,ALL
882ab2c087fffff,3.0,0.0,Declining Hotspot,-3.0,-100.0,0.0,ALL,Crime Type,DAMAGE TO PROPERTY,3.0,3.0,2026-09-12,2026-09-25,2026-09-26,2026-10-09,42.42671940330759,-83.11082201136425,Grixdale Farms,Charleston St & W Nevada St,ALL
882ab2c0a1fffff,3.0,0.0,Declining Hotspot,-3.0,-100.0,0.0,ALL,Crime Type,DAMAGE TO PROPERTY,3.0,3.0,2026-09-12,2026-09-25,2026-09-26,2026-10-09,42.42809307521633,-83.13457853020685,University District,Muirland St & Margareta St,ALL
882ab2c439fffff,3.0,0.0,Declining Hotspot,-3.0,-100.0,0.0,ALL,Crime Type,DAMAGE TO PROPERTY,3.0,3.0,2026-09-12,2026-09-25,2026-09-26,2026-10-09,42.351399305462806,-82.99731213591747,West Village,Townsend St & E Congress St,ALL
882ab2c509fffff,5.0,0.0,Declining Hotspot,-5.0,-100.0,0.0,ALL,Crime Type,DAMAGE TO PROPERTY,3.0,3.0,2026-09-12,2026-09-25,2026-09-26,2026-10-09,42.38311217883099,-83.06795647584747,North End,Hague St & Cameron St,ALL
882ab2c565fffff,3.0,0.0,Declining Hotspot,-3.0,-100.0,0.0,ALL,Crime Type,DAMAGE TO PROPERTY,3.0,3.0,2026-09-12,2026-09-25,2026-09-26,2026-10-09,42.39428004182148,-83.10837348947219,Dexter-Linwood,Woodrow Wilson St & Glendale St,ALL
882ab2c5c5fffff,4.0,0.0,Declining Hotspot,-4.0,-100.0,0.0,ALL,Crime Type,DAMAGE TO PROPERTY,3.0,3.0,2026-09-12,2026-09-25,2026-09-26,2026-10-09,42.34465156289215,-83.05255549101884,Brush Park,Edmund Pl & John R St,ALL
882ab2c76bfffff,3.0,0.0,Declining Hotspot,-3.0,-100.0,0.0,ALL,Crime Type,DAMAGE TO PROPERTY,3.0,3.0,2026-09-12,2026-09-25,2026-09-26,2026-10-09,42.43802235086805,-83.02963704566491,Nortown,E Lantz St & Packard St,ALL
882ab2cc09fffff,5.0,0.0,Declining Hotspot,-5.0,-100.0,0.0,ALL,Crime Type,DAMAGE TO PROPERTY,3.0,3.0,2026-09-12,2026-09-25,2026-09-26,2026-10-09,42.34835019966707,-83.20334472477757,Warren Ave Community,Diversey & Asbury Park,ALL
882ab2cc43fffff,3.0,0.0,Declining Hotspot,-3.0,-100.0,0.0,ALL,Crime Type,DAMAGE TO PROPERTY,3.0,3.0,2026-09-12,2026-09-25,2026-09-26,2026-10-09,42.35584005865894,-83.1935237234267,Fiskhorn,Prest St & Joy Rd,ALL
882ab2cc47fffff,3.0,0.0,Declining Hotspot,-3.0,-100.0,0.0,ALL,Crime Type,DAMAGE TO PROPERTY,3.0,3.0,2026-09-12,2026-09-25,2026-09-26,2026-10-09,42.3581503152907,-83.20429829322885,Joy Community,Joy Rd & Prevost St,ALL
882ab2ce61fffff,4.0,0.0,Declining Hotspot,-4.0,-100.0,0.0,ALL,Crime Type,DAMAGE TO PROPERTY,3.0,3.0,2026-09-12,2026-09-25,2026-09-26,2026-10-09,42.4040301368467,-83.17812533676428,Bethune Community,Schaefer Hwy & Keeler Ave,ALL
882ab2cec1fffff,3.0,0.0,Declining Hotspot,-3.0,-100.0,0.0,ALL,Crime Type,DAMAGE TO PROPERTY,3.0,3.0,2026-09-12,2026-09-25,2026-09-26,2026-10-09,42.35400509547457,-83.11772393971783,Midwest,Firwood St & Allendale St,ALL
882ab2cec9fffff,4.0,0.0,Declining Hotspot,-4.0,-100.0,0.0,ALL,Crime Type,DAMAGE TO PROPERTY,3.0,3.0,2026-09-12,2026-09-25,2026-09-26,2026-10-09,42.36098985487923,-83.11022664332955,Petoskey-Otsego,Wildemere St & Montgomery St,ALL
882ab2ced1fffff,4.0,0.0,Declining Hotspot,-4.0,-100.0,0.0,ALL,Crime Type,DAMAGE TO PROPERTY,3.0,3.0,2026-09-12,2026-09-25,2026-09-26,2026-10-09,42.33543216029413,-83.09696539015233,Chadsey Condon,25th St & Magnolia St,ALL
882ab2cf03fffff,3.0,0.0,Declining Hotspot,-3.0,-100.0,0.0,ALL,Crime Type,DAMAGE TO PROPERTY,3.0,3.0,2026-09-12,2026-09-25,2026-09-26,2026-10-09,42.39128365441183,-83.23704280273566,Westwood Park,Acacia St & Crescent Dr,ALL
882ab2cf53fffff,4.0,0.0,Declining Hotspot,-4.0,-100.0,0.0,ALL,Crime Type,DAMAGE TO PROPERTY,3.0,3.0,2026-09-12,2026-09-25,2026-09-26,2026-10-09,42.393284994986786,-83.20146225867704,Greenfield-Grand River,Greenfield Rd & Eaton St,ALL
882ab2cec7fffff,0.0,3.0,New Hotspot,3.0,,7.5,10,Crime Type,DANGEROUS DRUGS,3.0,3.0,2026-09-12,2026-09-25,2026-09-26,2026-10-09,42.34454994998444,-83.1233201675467,Midwest,Hazlett St & W Warren Ave,ALL
882ab2ce5bfffff,1.0,3.0,Emerging Hotspot,2.0,200.0,6.0,10,Crime Type,DANGEROUS DRUGS,3.0,3.0,2026-09-12,2026-09-25,2026-09-26,2026-10-09,42.3886209069811,-83.11251516814774,Dexter-Linwood,Fullerton St & Linwood St,ALL
882ab2cec7fffff,0.0,3.0,New Hotspot,3.0,,7.5,ALL,Crime Type,DANGEROUS DRUGS,3.0,3.0,2026-09-12,2026-09-25,2026-09-26,2026-10-09,42.34454994998444,-83.1233201675467,Midwest,Hazlett St & W Warren Ave,ALL
882ab2ce5bfffff,1.0,3.0,Emerging Hotspot,2.0,200.0,6.0,ALL,Crime Type,DANGEROUS DRUGS,3.0,3.0,2026-09-12,2026-09-25,2026-09-26,2026-10-09,42.3886209069811,-83.11251516814774,Dexter-Linwood,Fullerton St & Linwood St,ALL
882ab2c535fffff,3.0,1.0,Declining Hotspot,-2.0,-66.67,1.0,ALL,Crime Type,DANGEROUS DRUGS,3.0,3.0,2026-09-12,2026-09-25,2026-09-26,2026-10-09,42.35935257064365,-83.09994573062788,NW Goldberg,W Grand Blvd & Lawton St,ALL
882ab2cc41fffff,6.0,10.0,Persistent Hotspot,4.0,66.67,19.5,02,Crime Type,FRAUD,3.0,3.0,2026-09-12,2026-09-25,2026-09-26,2026-10-09,42.36349426408292,-83.19722222275703,We Care Community,Greenfield Rd & Westfield St,ALL
882ab2ce61fffff,3.0,4.0,Persistent Hotspot,1.0,33.33,6.9,02,Crime Type,FRAUD,3.0,3.0,2026-09-12,2026-09-25,2026-09-26,2026-10-09,42.4040301368467,-83.17812533676428,Bethune Community,Schaefer Hwy & Keeler Ave,ALL
882ab2ce67fffff,3.0,0.0,Declining Hotspot,-3.0,-100.0,0.0,02,Crime Type,FRAUD,3.0,3.0,2026-09-12,2026-09-25,2026-09-26,2026-10-09,42.3998098481388,-83.18206593144619,Bethune Community,Chalfonte St & Ardmore St,ALL
882ab2c5c7fffff,3.0,4.0,Persistent Hotspot,1.0,33.33,6.9,03,Crime Type,FRAUD,3.0,3.0,2026-09-12,2026-09-25,2026-09-26,2026-10-09,42.33490709967879,-83.04418085859385,Downtown,Beaubien St & E Lafayette St,ALL
882ab2c58dfffff,11.0,5.0,Persistent Hotspot,-6.0,-54.55,6.75,03,Crime Type,FRAUD,3.0,3.0,2026-09-12,2026-09-25,2026-09-26,2026-10-09,42.33168460389816,-83.049713162411,Downtown,Michigan Ave & Cass Ave,ALL
882ab2c5e9fffff,3.0,3.0,Persistent Hotspot,0.0,0.0,4.05,03,Crime Type,FRAUD,3.0,3.0,2026-09-12,2026-09-25,2026-09-26,2026-10-09,42.346487742123,-83.0572617645819,Midtown,Eliot St & Woodward Ave,ALL
882ab2c503fffff,4.0,0.0,Declining Hotspot,-4.0,-100.0,0.0,03,Crime Type,FRAUD,3.0,3.0,2026-09-12,2026-09-25,2026-09-26,2026-10-09,42.36903674016917,-83.07404078940577,New Center,W Grand Blvd & 2nd Ave,ALL
882ab2c515fffff,3.0,0.0,Declining Hotspot,-3.0,-100.0,0.0,03,Crime Type,FRAUD,3.0,3.0,2026-09-12,2026-09-25,2026-09-26,2026-10-09,42.36272126960901,-83.06930390431819,Cultural Center,Harper Ave & Woodward Ave,ALL
882ab2c5edfffff,3.0,0.0,Declining Hotspot,-3.0,-100.0,0.0,03,Crime Type,FRAUD,3.0,3.0,2026-09-12,2026-09-25,2026-09-26,2026-10-09,42.347982600759806,-83.07145522346003,Jeffries,4th St & Selden St,ALL
882ab2ce91fffff,0.0,6.0,New Hotspot,6.0,,15.0,04,Crime Type,FRAUD,3.0,3.0,2026-09-12,2026-09-25,2026-09-26,2026-10-09,42.31701760692268,-83.10528103579631,Central Southwest,W Vernor Hwy & Campbell St,ALL
882ab2ce99fffff,3.0,2.0,Declining Hotspot,-1.0,-33.33,2.0,04,Crime Type,FRAUD,3.0,3.0,2026-09-12,2026-09-25,2026-09-26,2026-10-09,42.319742891837656,-83.09715415552316,Central Southwest,W Vernor Hwy & McKinstry St,ALL
882ab2c45dfffff,0.0,3.0,New Hotspot,3.0,,7.5,05,Crime Type,FRAUD,3.0,3.0,2026-09-12,2026-09-25,2026-09-26,2026-10-09,42.380638988523046,-82.96459906264064,Riverbend,Goethe St & Anderdon Ave,ALL
882ab2c635fffff,3.0,1.0,Declining Hotspot,-2.0,-66.67,1.0,05,Crime Type,FRAUD,3.0,3.0,2026-09-12,2026-09-25,2026-09-26,2026-10-09,42.39294996263973,-82.96858549304167,Fox Creek,Algonquin St & E Warren Ave,ALL
882ab2cc61fffff,3.0,0.0,Declining Hotspot,-3.0,-100.0,0.0,06,Crime Type,FRAUD,3.0,3.0,2026-09-12,2026-09-25,2026-09-26,2026-10-09,42.35771412908955,-83.22863982813003,Franklin Park,Piedmont St & Joy Rd,ALL
882ab2c437fffff,4.0,1.0,Declining Hotspot,-3.0,-75.0,1.0,07,Crime Type,FRAUD,3.0,3.0,2026-09-12,2026-09-25,2026-09-26,2026-10-09,42.34173030969738,-83.01454882139126,Rivertown,E Jefferson Ave & Adair St,ALL
882ab2cf61fffff,6.0,1.0,Declining Hotspot,-5.0,-83.33,1.0,08,Crime Type,FRAUD,3.0,3.0,2026-09-12,2026-09-25,2026-09-26,2026-10-09,42.41473691674537,-83.25444471974748,Holcomb Community,Grand River Ave & W McNichols Rd,ALL
882ab2c1a3fffff,3.0,0.0,Declining Hotspot,-3.0,-100.0,0.0,08,Crime Type,FRAUD,3.0,3.0,2026-09-12,2026-09-25,2026-09-26,2026-10-09,42.43023461930832,-83.21052575830069,Greenfield,Lindsay St & W 7 Mile Rd,ALL
882ab2cabdfffff,3.0,0.0,Declining Hotspot,-3.0,-100.0,0.0,08,Crime Type,FRAUD,3.0,3.0,2026-09-12,2026-09-25,2026-09-26,2026-10-09,42.43698848689378,-83.2792711250743,Five Points,Pembroke Ave & Telegraph Rd,ALL
882ab2d5bbfffff,3.0,0.0,Declining Hotspot,-3.0,-100.0,0.0,09,Crime Type,FRAUD,3.0,3.0,2026-09-12,2026-09-25,2026-09-26,2026-10-09,42.44175623908821,-82.96969172859521,Regent Park,Tacoma St & Queen St,ALL
882ab2ce55fffff,5.0,3.0,Persistent Hotspot,-2.0,-40.0,4.05,10,Crime Type,FRAUD,3.0,3.0,2026-09-12,2026-09-25,2026-09-26,2026-10-09,42.39243320840768,-83.13810068136917,Oakman Blvd Community,Kendall St & Livernois Ave,ALL
882ab2c525fffff,3.0,0.0,Declining Hotspot,-3.0,-100.0,0.0,10,Crime Type,FRAUD,3.0,3.0,2026-09-12,2026-09-25,2026-09-26,2026-10-09,42.37717398458987,-83.11741283783968,Dexter-Linwood,Calvert St & Lawton St,ALL
882ab2ce51fffff,4.0,0.0,Declining Hotspot,-4.0,-100.0,0.0,10,Crime Type,FRAUD,3.0,3.0,2026-09-12,2026-09-25,2026-09-26,2026-10-09,42.39017503074664,-83.1248397452936,Dexter-Linwood,Dexter Ave & Waverly,ALL
882ab2c193fffff,1.0,5.0,Emerging Hotspot,4.0,400.0,11.0,12,Crime Type,FRAUD,3.0,3.0,2026-09-12,2026-09-25,2026-09-26,2026-10-09,42.41694374036624,-83.1603122492298,Schulze,W McNichols Rd & Wyoming St,ALL
882ab2c191fffff,6.0,5.0,Persistent Hotspot,-1.0,-16.67,6.75,12,Crime Type,FRAUD,3.0,3.0,2026-09-12,2026-09-25,2026-09-26,2026-10-09,42.42589435995885,-83.16953128115861,Schulze,Margareta St & Manor St,ALL
882ab2ce91fffff,0.0,6.0,New Hotspot,6.0,,15.0,ALL,Crime Type,FRAUD,3.0,3.0,2026-09-12,2026-09-25,2026-09-26,2026-10-09,42.31701760692268,-83.10528103579631,Central Southwest,W Vernor Hwy & Campbell St,ALL
882ab2c45dfffff,0.0,3.0,New Hotspot,3.0,,7.5,ALL,Crime Type,FRAUD,3.0,3.0,2026-09-12,2026-09-25,2026-09-26,2026-10-09,42.380638988523046,-82.96459906264064,Riverbend,Goethe St & Anderdon Ave,ALL
882ab2c193fffff,1.0,5.0,Emerging Hotspot,4.0,400.0,11.0,ALL,Crime Type,FRAUD,3.0,3.0,2026-09-12,2026-09-25,2026-09-26,2026-10-09,42.41694374036624,-83.1603122492298,Schulze,W McNichols Rd & Wyoming St,ALL
882ab2cc41fffff,6.0,11.0,Persistent Hotspot,5.0,83.33,22.35,ALL,Crime Type,FRAUD,3.0,3.0,2026-09-12,2026-09-25,2026-09-26,2026-10-09,42.36349426408292,-83.19722222275703,We Care Community,Greenfield Rd & Westfield St,ALL
882ab2ce61fffff,3.0,5.0,Persistent Hotspot,2.0,66.67,9.75,ALL,Crime Type,FRAUD,3.0,3.0,2026-09-12,2026-09-25,2026-09-26,2026-10-09,42.4040301368467,-83.17812533676428,Bethune Community,Schaefer Hwy & Keeler Ave,ALL
882ab2c5c7fffff,3.0,4.0,Persistent Hotspot,1.0,33.33,6.9,ALL,Crime Type,FRAUD,3.0,3.0,2026-09-12,2026-09-25,2026-09-26,2026-10-09,42.33490709967879,-83.04418085859385,Downtown,Beaubien St & E Lafayette St,ALL
882ab2c191fffff,6.0,5.0,Persistent Hotspot,-1.0,-16.67,6.75,ALL,Crime Type,FRAUD,3.0,3.0,2026-09-12,2026-09-25,2026-09-26,2026-10-09,42.42589435995885,-83.16953128115861,Schulze,Margareta St & Manor St,ALL
882ab2c58dfffff,11.0,5.0,Persistent Hotspot,-6.0,-54.55,6.75,ALL,Crime Type,FRAUD,3.0,3.0,2026-09-12,2026-09-25,2026-09-26,2026-10-09,42.33168460389816,-83.049713162411,Downtown,Michigan Ave & Cass Ave,ALL
882ab2c5e9fffff,3.0,3.0,Persistent Hotspot,0.0,0.0,4.05,ALL,Crime Type,FRAUD,3.0,3.0,2026-09-12,2026-09-25,2026-09-26,2026-10-09,42.346487742123,-83.0572617645819,Midtown,Eliot St & Woodward Ave,ALL
882ab2ce55fffff,5.0,3.0,Persistent Hotspot,-2.0,-40.0,4.05,ALL,Crime Type,FRAUD,3.0,3.0,2026-09-12,2026-09-25,2026-09-26,2026-10-09,42.39243320840768,-83.13810068136917,Oakman Blvd Community,Kendall St & Livernois Ave,ALL
882ab2ce99fffff,3.0,2.0,Declining Hotspot,-1.0,-33.33,2.0,ALL,Crime Type,FRAUD,3.0,3.0,2026-09-12,2026-09-25,2026-09-26,2026-10-09,42.319742891837656,-83.09715415552316,Central Southwest,W Vernor Hwy & McKinstry St,ALL
882ab2c437fffff,4.0,1.0,Declining Hotspot,-3.0,-75.0,1.0,ALL,Crime Type,FRAUD,3.0,3.0,2026-09-12,2026-09-25,2026-09-26,2026-10-09,42.34173030969738,-83.01454882139126,Rivertown,E Jefferson Ave & Adair St,ALL
882ab2c44dfffff,3.0,1.0,Declining Hotspot,-2.0,-66.67,1.0,ALL,Crime Type,FRAUD,3.0,3.0,2026-09-12,2026-09-25,2026-09-26,2026-10-09,42.39295113020128,-82.9832051697187,Conner Creek Industrial,Chandler Park Dr & Shoemaker St,ALL
882ab2c635fffff,3.0,1.0,Declining Hotspot,-2.0,-66.67,1.0,ALL,Crime Type,FRAUD,3.0,3.0,2026-09-12,2026-09-25,2026-09-26,2026-10-09,42.39294996263973,-82.96858549304167,Fox Creek,Algonquin St & E Warren Ave,ALL
882ab2cf61fffff,6.0,1.0,Declining Hotspot,-5.0,-83.33,1.0,ALL,Crime Type,FRAUD,3.0,3.0,2026-09-12,2026-09-25,2026-09-26,2026-10-09,42.41473691674537,-83.25444471974748,Holcomb Community,Grand River Ave & W McNichols Rd,ALL
882ab2c1a3fffff,3.0,0.0,Declining Hotspot,-3.0,-100.0,0.0,ALL,Crime Type,FRAUD,3.0,3.0,2026-09-12,2026-09-25,2026-09-26,2026-10-09,42.43023461930832,-83.21052575830069,Greenfield,Lindsay St & W 7 Mile Rd,ALL
882ab2c503fffff,4.0,0.0,Declining Hotspot,-4.0,-100.0,0.0,ALL,Crime Type,FRAUD,3.0,3.0,2026-09-12,2026-09-25,2026-09-26,2026-10-09,42.36903674016917,-83.07404078940577,New Center,W Grand Blvd & 2nd Ave,ALL
882ab2c50dfffff,4.0,0.0,Declining Hotspot,-4.0,-100.0,0.0,ALL,Crime Type,FRAUD,3.0,3.0,2026-09-12,2026-09-25,2026-09-26,2026-10-09,42.38353205245559,-83.08196686330217,North End,Leicester Ct & Woodward Ave,ALL
882ab2c515fffff,3.0,0.0,Declining Hotspot,-3.0,-100.0,0.0,ALL,Crime Type,FRAUD,3.0,3.0,2026-09-12,2026-09-25,2026-09-26,2026-10-09,42.36272126960901,-83.06930390431819,Cultural Center,Harper Ave & Woodward Ave,ALL
882ab2c525fffff,3.0,0.0,Declining Hotspot,-3.0,-100.0,0.0,ALL,Crime Type,FRAUD,3.0,3.0,2026-09-12,2026-09-25,2026-09-26,2026-10-09,42.37717398458987,-83.11741283783968,Dexter-Linwood,Calvert St & Lawton St,ALL
882ab2c5edfffff,3.0,0.0,Declining Hotspot,-3.0,-100.0,0.0,ALL,Crime Type,FRAUD,3.0,3.0,2026-09-12,2026-09-25,2026-09-26,2026-10-09,42.347982600759806,-83.07145522346003,Jeffries,4th St & Selden St,ALL
882ab2cabdfffff,3.0,0.0,Declining Hotspot,-3.0,-100.0,0.0,ALL,Crime Type,FRAUD,3.0,3.0,2026-09-12,2026-09-25,2026-09-26,2026-10-09,42.43698848689378,-83.2792711250743,Five Points,Pembroke Ave & Telegraph Rd,ALL
882ab2cc61fffff,3.0,0.0,Declining Hotspot,-3.0,-100.0,0.0,ALL,Crime Type,FRAUD,3.0,3.0,2026-09-12,2026-09-25,2026-09-26,2026-10-09,42.35771412908955,-83.22863982813003,Franklin Park,Piedmont St & Joy Rd,ALL
882ab2ce51fffff,4.0,0.0,Declining Hotspot,-4.0,-100.0,0.0,ALL,Crime Type,FRAUD,3.0,3.0,2026-09-12,2026-09-25,2026-09-26,2026-10-09,42.39017503074664,-83.1248397452936,Dexter-Linwood,Dexter Ave & Waverly,ALL
882ab2ce67fffff,3.0,0.0,Declining Hotspot,-3.0,-100.0,0.0,ALL,Crime Type,FRAUD,3.0,3.0,2026-09-12,2026-09-25,2026-09-26,2026-10-09,42.3998098481388,-83.18206593144619,Bethune Community,Chalfonte St & Ardmore St,ALL
882ab2d5bbfffff,3.0,0.0,Declining Hotspot,-3.0,-100.0,0.0,ALL,Crime Type,FRAUD,3.0,3.0,2026-09-12,2026-09-25,2026-09-26,2026-10-09,42.44175623908821,-82.96969172859521,Regent Park,Tacoma St & Queen St,ALL
882ab2c517fffff,1.0,3.0,Emerging Hotspot,2.0,200.0,6.0,03,Crime Type,INVASION OF PRIVACY -OTHER,3.0,3.0,2026-09-12,2026-09-25,2026-09-26,2026-10-09,42.35337034789475,-83.06261310000085,Midtown,W Alexandrine St & Woodward Ave,ALL
882ab2c58dfffff,3.0,0.0,Declining Hotspot,-3.0,-100.0,0.0,03,Crime Type,INVASION OF PRIVACY -OTHER,3.0,3.0,2026-09-12,2026-09-25,2026-09-26,2026-10-09,42.33168460389816,-83.049713162411,Downtown,Michigan Ave & Cass Ave,ALL
882ab2c517fffff,1.0,3.0,Emerging Hotspot,2.0,200.0,6.0,ALL,Crime Type,INVASION OF PRIVACY -OTHER,3.0,3.0,2026-09-12,2026-09-25,2026-09-26,2026-10-09,42.35337034789475,-83.06261310000085,Midtown,W Alexandrine St & Woodward Ave,ALL
882ab2c58dfffff,3.0,0.0,Declining Hotspot,-3.0,-100.0,0.0,ALL,Crime Type,INVASION OF PRIVACY -OTHER,3.0,3.0,2026-09-12,2026-09-25,2026-09-26,2026-10-09,42.33168460389816,-83.049713162411,Downtown,Michigan Ave & Cass Ave,ALL
882ab2ce2bfffff,0.0,4.0,New Hotspot,4.0,,10.0,02,Crime Type,LARCENY,3.0,3.0,2026-09-12,2026-09-25,2026-09-26,2026-10-09,42.38462171859951,-83.1783985754827,Grand River-I96,Grand River Ave & Schaefer Hwy,ALL
882ab2ce67fffff,4.0,3.0,Persistent Hotspot,-1.0,-25.0,4.05,02,Crime Type,LARCENY,3.0,3.0,2026-09-12,2026-09-25,2026-09-26,2026-10-09,42.3998098481388,-83.18206593144619,Bethune Community,Chalfonte St & Ardmore St,ALL
882ab2cc49fffff,3.0,1.0,Declining Hotspot,-2.0,-66.67,1.0,02,Crime Type,LARCENY,3.0,3.0,2026-09-12,2026-09-25,2026-09-26,2026-10-09,42.37033498658255,-83.18975000316506,Plymouth-Hubbell,Orangelawn St & Strathmoor St,ALL
882ab2ce07fffff,3.0,1.0,Declining Hotspot,-2.0,-66.67,1.0,02,Crime Type,LARCENY,3.0,3.0,2026-09-12,2026-09-25,2026-09-26,2026-10-09,42.38060950628013,-83.16318112933845,Grand River-I96,Fullerton St & Mendota St,ALL
882ab2ce33fffff,3.0,1.0,Declining Hotspot,-2.0,-66.67,1.0,02,Crime Type,LARCENY,3.0,3.0,2026-09-12,2026-09-25,2026-09-26,2026-10-09,42.35895395628748,-83.15962953137422,Barton-McFarland,Esper St & Joy Rd,ALL
882ab2ce3bfffff,3.0,1.0,Declining Hotspot,-2.0,-66.67,1.0,02,Crime Type,LARCENY,3.0,3.0,2026-09-12,2026-09-25,2026-09-26,2026-10-09,42.36680439629613,-83.1559637469319,Barton-McFarland,Orangelawn St & Wyoming St,ALL
882ab2c517fffff,3.0,9.0,Emerging Hotspot,6.0,200.0,18.0,03,Crime Type,LARCENY,5.0,5.0,2026-09-12,2026-09-25,2026-09-26,2026-10-09,42.35337034789475,-83.06261310000085,Midtown,W Alexandrine St & Woodward Ave,ALL
882ab2c503fffff,2.0,7.0,Emerging Hotspot,5.0,250.0,14.5,03,Crime Type,LARCENY,5.0,5.0,2026-09-12,2026-09-25,2026-09-26,2026-10-09,42.36903674016917,-83.07404078940577,New Center,W Grand Blvd & 2nd Ave,ALL
882ab2c585fffff,3.0,6.0,Emerging Hotspot,3.0,100.0,10.5,03,Crime Type,LARCENY,5.0,5.0,2026-09-12,2026-09-25,2026-09-26,2026-10-09,42.32508845288104,-83.05987325242009,Corktown,6th St & Riverfront Dr,ALL
882ab2c5ebfffff,4.0,5.0,Emerging Hotspot,1.0,25.0,6.5,03,Crime Type,LARCENY,5.0,5.0,2026-09-12,2026-09-25,2026-09-26,2026-10-09,42.33757686428401,-83.05134286793893,Downtown,Woodward Ave & E Adams Ave,ALL
882ab2c5c7fffff,10.0,8.0,Persistent Hotspot,-2.0,-20.0,10.8,03,Crime Type,LARCENY,5.0,5.0,2026-09-12,2026-09-25,2026-09-26,2026-10-09,42.33490709967879,-83.04418085859385,Downtown,Beaubien St & E Lafayette St,ALL
882ab2c5e3fffff,9.0,7.0,Persistent Hotspot,-2.0,-22.22,9.45,03,Crime Type,LARCENY,5.0,5.0,2026-09-12,2026-09-25,2026-09-26,2026-10-09,42.33230278409165,-83.057812497388,Downtown,Bagley St & 3rd St,ALL
882ab2c5e9fffff,17.0,7.0,Persistent Hotspot,-10.0,-58.82,9.45,03,Crime Type,LARCENY,5.0,5.0,2026-09-12,2026-09-25,2026-09-26,2026-10-09,42.346487742123,-83.0572617645819,Midtown,Eliot St & Woodward Ave,ALL
882ab2c5e1fffff,5.0,4.0,Declining Hotspot,-1.0,-20.0,4.0,03,Crime Type,LARCENY,5.0,5.0,2026-09-12,2026-09-25,2026-09-26,2026-10-09,42.339492194891264,-83.0664991055863,Midtown,Grand River Ave & S M 10,ALL
882ab2c507fffff,5.0,3.0,Declining Hotspot,-2.0,-40.0,3.0,03,Crime Type,LARCENY,5.0,5.0,2026-09-12,2026-09-25,2026-09-26,2026-10-09,42.37084340450591,-83.08143978295578,New Center Commons,Pallister St & 3rd St,ALL
882ab2c58dfffff,12.0,3.0,Declining Hotspot,-9.0,-75.0,3.0,03,Crime Type,LARCENY,5.0,5.0,2026-09-12,2026-09-25,2026-09-26,2026-10-09,42.33168460389816,-83.049713162411,Downtown,Michigan Ave & Cass Ave,ALL
882ab2c5c5fffff,6.0,2.0,Declining Hotspot,-4.0,-66.67,2.0,03,Crime Type,LARCENY,5.0,5.0,2026-09-12,2026-09-25,2026-09-26,2026-10-09,42.34465156289215,-83.05255549101884,Brush Park,Edmund Pl & John R St,ALL
882ab2c5a5fffff,1.0,3.0,Emerging Hotspot,2.0,200.0,6.0,04,Crime Type,LARCENY,3.0,3.0,2026-09-12,2026-09-25,2026-09-26,2026-10-09,42.3214211401294,-83.0882934819393,Mexicantown,25th St & Porter St,ALL
882ab2cebbfffff,1.0,3.0,Emerging Hotspot,2.0,200.0,6.0,04,Crime Type,LARCENY,3.0,3.0,2026-09-12,2026-09-25,2026-09-26,2026-10-09,42.31264358814919,-83.12565401557374,Springwells,Pitt St & Central St,ALL
882ab2c5a1fffff,4.0,1.0,Declining Hotspot,-3.0,-75.0,1.0,04,Crime Type,LARCENY,3.0,3.0,2026-09-12,2026-09-25,2026-09-26,2026-10-09,42.32138786461334,-83.0757067567105,Hubbard Richard,18th St & Howard St,ALL
882ab2cf33fffff,1.0,4.0,Emerging Hotspot,3.0,300.0,8.5,06,Crime Type,LARCENY,3.0,3.0,2026-09-12,2026-09-25,2026-09-26,2026-10-09,42.37187443810189,-83.2398707264144,Weatherby,Plymouth Rd & Heyden St,ALL
882ab2cc01fffff,6.0,1.0,Declining Hotspot,-5.0,-83.33,1.0,06,Crime Type,LARCENY,3.0,3.0,2026-09-12,2026-09-25,2026-09-26,2026-10-09,42.34581838636176,-83.20932670190365,Warren Ave Community,Rutland St & Majestic St,ALL
882ab2cc2bfffff,3.0,1.0,Declining Hotspot,-2.0,-66.67,1.0,06,Crime Type,LARCENY,3.0,3.0,2026-09-12,2026-09-25,2026-09-26,2026-10-09,42.339552038252194,-83.22796776109868,Warrendale,Minock St & Whitlock St,ALL
882ab2cc61fffff,3.0,0.0,Declining Hotspot,-3.0,-100.0,0.0,06,Crime Type,LARCENY,3.0,3.0,2026-09-12,2026-09-25,2026-09-26,2026-10-09,42.35771412908955,-83.22863982813003,Franklin Park,Piedmont St & Joy Rd,ALL
882ab2cc6dfffff,3.0,0.0,Declining Hotspot,-3.0,-100.0,0.0,06,Crime Type,LARCENY,3.0,3.0,2026-09-12,2026-09-25,2026-09-26,2026-10-09,42.368420809146585,-83.23381219208831,Franklin Park,Orangelawn St & Evergreen Rd,ALL
882ab2c5c3fffff,6.0,6.0,Persistent Hotspot,0.0,0.0,8.1,07,Crime Type,LARCENY,5.0,3.0,2026-09-12,2026-09-25,2026-09-26,2026-10-09,42.33594134550091,-83.03077624997024,Lafayette Park,Saint Aubin St & E Larned St,ALL
882ab2c439fffff,7.0,2.0,Declining Hotspot,-5.0,-71.43,2.0,07,Crime Type,LARCENY,5.0,3.0,2026-09-12,2026-09-25,2026-09-26,2026-10-09,42.351399305462806,-82.99731213591747,West Village,Townsend St & E Congress St,ALL
882ab2c5c1fffff,5.0,2.0,Declining Hotspot,-3.0,-60.0,2.0,07,Crime Type,LARCENY,5.0,3.0,2026-09-12,2026-09-25,2026-09-26,2026-10-09,42.34236661283663,-83.03793216076772,Lafayette Park,Russell St & Maple St,ALL
882ab2c5cbfffff,5.0,1.0,Declining Hotspot,-4.0,-80.0,1.0,07,Crime Type,LARCENY,5.0,3.0,2026-09-12,2026-09-25,2026-09-26,2026-10-09,42.34101769155248,-83.02326650909899,Elmwood Park,E Jefferson Ave & Chene St,ALL
882ab2c407fffff,5.0,0.0,Declining Hotspot,-5.0,-100.0,0.0,07,Crime Type,LARCENY,5.0,3.0,2026-09-12,2026-09-25,2026-09-26,2026-10-09,42.359099413201655,-83.00041457240548,Islandview,Durand St & Van Dyke St,ALL
882ab2cf51fffff,1.0,3.0,Emerging Hotspot,2.0,200.0,6.0,08,Crime Type,LARCENY,3.0,3.0,2026-09-12,2026-09-25,2026-09-26,2026-10-09,42.40224479386136,-83.20749184758557,Crary/St Marys,Fenkell St & Biltmore St,ALL
882ab2c1a7fffff,6.0,0.0,Declining Hotspot,-6.0,-100.0,0.0,08,Crime Type,LARCENY,3.0,3.0,2026-09-12,2026-09-25,2026-09-26,2026-10-09,42.431854512084,-83.22173613319157,O'Hair Park,Cambridge Ave & Fenmore St,ALL
882ab2c8d9fffff,3.0,0.0,Declining Hotspot,-3.0,-100.0,0.0,08,Crime Type,LARCENY,3.0,3.0,2026-09-12,2026-09-25,2026-09-26,2026-10-09,42.41454150000466,-83.27845703347631,The Eye,Telegraph Rd & W McNichols Rd,ALL
882ab2cf1dfffff,3.0,0.0,Declining Hotspot,-3.0,-100.0,0.0,08,Crime Type,LARCENY,3.0,3.0,2026-09-12,2026-09-25,2026-09-26,2026-10-09,42.387857797818754,-83.22046268129415,Grandmont #1,Acacia St & Stahelin Rd,ALL
882ab2cf61fffff,3.0,0.0,Declining Hotspot,-3.0,-100.0,0.0,08,Crime Type,LARCENY,3.0,3.0,2026-09-12,2026-09-25,2026-09-26,2026-10-09,42.41473691674537,-83.25444471974748,Holcomb Community,Grand River Ave & W McNichols Rd,ALL
882ab2c667fffff,1.0,5.0,Emerging Hotspot,4.0,400.0,11.0,09,Crime Type,LARCENY,3.0,3.0,2026-09-12,2026-09-25,2026-09-26,2026-10-09,42.42078445598505,-82.96993216661689,Mapleridge,Hayes St & Houston Whittier Ave,ALL
882ab2d5bbfffff,2.0,3.0,Emerging Hotspot,1.0,50.0,4.5,09,Crime Type,LARCENY,3.0,3.0,2026-09-12,2026-09-25,2026-09-26,2026-10-09,42.44175623908821,-82.96969172859521,Regent Park,Tacoma St & Queen St,ALL
882ab2d5b7fffff,4.0,2.0,Declining Hotspot,-2.0,-50.0,2.0,09,Crime Type,LARCENY,3.0,3.0,2026-09-12,2026-09-25,2026-09-26,2026-10-09,42.43663946605306,-82.9876131870752,Pulaski,E 7 Mile Rd & Schoenherr St,ALL
882ab2c669fffff,3.0,1.0,Declining Hotspot,-2.0,-66.67,1.0,09,Crime Type,LARCENY,3.0,3.0,2026-09-12,2026-09-25,2026-09-26,2026-10-09,42.43317799763128,-82.95574143267714,Mapleridge,Faircrest St & Morang Dr,ALL
882ab2d5b3fffff,3.0,1.0,Declining Hotspot,-2.0,-66.67,1.0,09,Crime Type,LARCENY,3.0,3.0,2026-09-12,2026-09-25,2026-09-26,2026-10-09,42.43508315926134,-82.97639201995733,Mapleridge,Chalmers St & Eastwood St,ALL
882ab2c719fffff,4.0,0.0,Declining Hotspot,-4.0,-100.0,0.0,09,Crime Type,LARCENY,3.0,3.0,2026-09-12,2026-09-25,2026-09-26,2026-10-09,42.40870597942299,-82.99508463706769,Gratiot-Findlay,Gunston St & Gratiot Ave,ALL
882ab2c743fffff,4.0,0.0,Declining Hotspot,-4.0,-100.0,0.0,09,Crime Type,LARCENY,3.0,3.0,2026-09-12,2026-09-25,2026-09-26,2026-10-09,42.43428372316813,-83.00810830306966,Mount Olivet,E 7 Mile Rd & Teppert St,ALL
882ab2ce11fffff,0.0,3.0,New Hotspot,3.0,,7.5,10,Crime Type,LARCENY,3.0,3.0,2026-09-12,2026-09-25,2026-09-26,2026-10-09,42.369915571358995,-83.13889016310524,Oakman Blvd Community,Grand River Ave & Monica St,ALL
882ab2ce53fffff,2.0,3.0,Emerging Hotspot,1.0,50.0,4.5,10,Crime Type,LARCENY,3.0,3.0,2026-09-12,2026-09-25,2026-09-26,2026-10-09,42.38448548246358,-83.12032771879515,Dexter-Linwood,Elmhurst St & Linwood St,ALL
882ab2c567fffff,3.0,3.0,Persistent Hotspot,0.0,0.0,4.05,10,Crime Type,LARCENY,3.0,3.0,2026-09-12,2026-09-25,2026-09-26,2026-10-09,42.38799671608936,-83.1050616876,Dexter-Linwood,Woodrow Wilson St & Tuxedo St,ALL
882ab2c53dfffff,3.0,1.0,Declining Hotspot,-2.0,-66.67,1.0,10,Crime Type,LARCENY,3.0,3.0,2026-09-12,2026-09-25,2026-09-26,2026-10-09,42.36424367823366,-83.09141169621473,Virginia Park Community,W Grand Blvd & 14th St,ALL
882ab2ce0bfffff,3.0,0.0,Declining Hotspot,-3.0,-100.0,0.0,10,Crime Type,LARCENY,3.0,3.0,2026-09-12,2026-09-25,2026-09-26,2026-10-09,42.38665045821915,-83.14301923199338,Oakman Blvd Community,Ewald Cir & W Davison St,ALL
882ab2ce57fffff,4.0,0.0,Declining Hotspot,-4.0,-100.0,0.0,10,Crime Type,LARCENY,3.0,3.0,2026-09-12,2026-09-25,2026-09-26,2026-10-09,42.38590185434009,-83.13240715675242,Russell Woods,Sturtevant St & Dexter Ave,ALL
882ab2c769fffff,0.0,3.0,New Hotspot,3.0,,7.5,11,Crime Type,LARCENY,3.0,3.0,2026-09-12,2026-09-25,2026-09-26,2026-10-09,42.443522374096375,-83.03069755865215,Sherwood,Carrie St & E Outer Dr,ALL
882ab2c70dfffff,1.0,3.0,Emerging Hotspot,2.0,200.0,6.0,11,Crime Type,LARCENY,3.0,3.0,2026-09-12,2026-09-25,2026-09-26,2026-10-09,42.43152008068575,-83.02834370005655,Grant,E Brentwood St & Packard St,ALL
882ab2c0d7fffff,3.0,0.0,Declining Hotspot,-3.0,-100.0,0.0,11,Crime Type,LARCENY,3.0,3.0,2026-09-12,2026-09-25,2026-09-26,2026-10-09,42.43045269692552,-83.07978876677944,Northeast Central District,Arlington St & E Nevada St,ALL
882ab2c727fffff,3.0,0.0,Declining Hotspot,-3.0,-100.0,0.0,11,Crime Type,LARCENY,3.0,3.0,2026-09-12,2026-09-25,2026-09-26,2026-10-09,42.4148415449208,-83.0614762772905,Campau/Banglatown,E Davison St & Conant St,ALL
882ab2ce45fffff,0.0,4.0,New Hotspot,4.0,,10.0,12,Crime Type,LARCENY,3.0,3.0,2026-09-12,2026-09-25,2026-09-26,2026-10-09,42.40793354641639,-83.15555332114316,Fitzgerald/Marygrove,Pilgrim St & Cloverlawn St,ALL
882ab2c0a3fffff,0.0,3.0,New Hotspot,3.0,,7.5,12,Crime Type,LARCENY,3.0,3.0,2026-09-12,2026-09-25,2026-09-26,2026-10-09,42.41829344949563,-83.13062258767489,University District,Linwood St & W McNichols Rd,ALL
882ab2c183fffff,0.0,3.0,New Hotspot,3.0,,7.5,12,Crime Type,LARCENY,3.0,3.0,2026-09-12,2026-09-25,2026-09-26,2026-10-09,42.43472556731352,-83.18116686735097,Schaefer 7/8 Lodge,Schaefer Hwy & Vassar Ave,ALL
882ab2c0a7fffff,3.0,7.0,Persistent Hotspot,4.0,133.33,15.45,12,Crime Type,LARCENY,3.0,3.0,2026-09-12,2026-09-25,2026-09-26,2026-10-09,42.42350417082767,-83.14171066089659,Bagley,Pickford St & Livernois Ave,ALL
882ab2ce69fffff,3.0,3.0,Persistent Hotspot,0.0,0.0,4.05,12,Crime Type,LARCENY,3.0,3.0,2026-09-12,2026-09-25,2026-09-26,2026-10-09,42.40952652796024,-83.16988000187754,Harmony Village,Puritan St & Steel St,ALL
882ab2c0a1fffff,3.0,2.0,Declining Hotspot,-1.0,-33.33,2.0,12,Crime Type,LARCENY,3.0,3.0,2026-09-12,2026-09-25,2026-09-26,2026-10-09,42.42809307521633,-83.13457853020685,University District,Muirland St & Margareta St,ALL
882ab2c195fffff,3.0,2.0,Declining Hotspot,-1.0,-33.33,2.0,12,Crime Type,LARCENY,3.0,3.0,2026-09-12,2026-09-25,2026-09-26,2026-10-09,42.4256998384148,-83.1778761902255,Schulze,Curtis St & Steel St,ALL
882ab2c0a5fffff,3.0,0.0,Declining Hotspot,-3.0,-100.0,0.0,12,Crime Type,LARCENY,3.0,3.0,2026-09-12,2026-09-25,2026-09-26,2026-10-09,42.429725865124134,-83.143494754763,Bagley,Livernois Ave & W 7 Mile Rd,ALL
882ab2ce41fffff,3.0,0.0,Declining Hotspot,-3.0,-100.0,0.0,12,Crime Type,LARCENY,3.0,3.0,2026-09-12,2026-09-25,2026-09-26,2026-10-09,42.40752967248862,-83.14475115683516,Fitzgerald/Marygrove,Midland St & Tuller St,ALL
882ab2ce2bfffff,0.0,4.0,New Hotspot,4.0,,10.0,ALL,Crime Type,LARCENY,3.0,3.0,2026-09-12,2026-09-25,2026-09-26,2026-10-09,42.38462171859951,-83.1783985754827,Grand River-I96,Grand River Ave & Schaefer Hwy,ALL
882ab2ce45fffff,0.0,4.0,New Hotspot,4.0,,10.0,ALL,Crime Type,LARCENY,3.0,3.0,2026-09-12,2026-09-25,2026-09-26,2026-10-09,42.40793354641639,-83.15555332114316,Fitzgerald/Marygrove,Pilgrim St & Cloverlawn St,ALL
882ab2c0a3fffff,0.0,3.0,New Hotspot,3.0,,7.5,ALL,Crime Type,LARCENY,3.0,3.0,2026-09-12,2026-09-25,2026-09-26,2026-10-09,42.41829344949563,-83.13062258767489,University District,Linwood St & W McNichols Rd,ALL
882ab2c183fffff,0.0,3.0,New Hotspot,3.0,,7.5,ALL,Crime Type,LARCENY,3.0,3.0,2026-09-12,2026-09-25,2026-09-26,2026-10-09,42.43472556731352,-83.18116686735097,Schaefer 7/8 Lodge,Schaefer Hwy & Vassar Ave,ALL
882ab2c769fffff,0.0,3.0,New Hotspot,3.0,,7.5,ALL,Crime Type,LARCENY,3.0,3.0,2026-09-12,2026-09-25,2026-09-26,2026-10-09,42.443522374096375,-83.03069755865215,Sherwood,Carrie St & E Outer Dr,ALL
882ab2ce11fffff,0.0,3.0,New Hotspot,3.0,,7.5,ALL,Crime Type,LARCENY,3.0,3.0,2026-09-12,2026-09-25,2026-09-26,2026-10-09,42.369915571358995,-83.13889016310524,Oakman Blvd Community,Grand River Ave & Monica St,ALL
882ab2c503fffff,2.0,7.0,Emerging Hotspot,5.0,250.0,14.5,ALL,Crime Type,LARCENY,3.0,3.0,2026-09-12,2026-09-25,2026-09-26,2026-10-09,42.36903674016917,-83.07404078940577,New Center,W Grand Blvd & 2nd Ave,ALL
882ab2c667fffff,1.0,5.0,Emerging Hotspot,4.0,400.0,11.0,ALL,Crime Type,LARCENY,3.0,3.0,2026-09-12,2026-09-25,2026-09-26,2026-10-09,42.42078445598505,-82.96993216661689,Mapleridge,Hayes St & Houston Whittier Ave,ALL
882ab2c5edfffff,1.0,4.0,Emerging Hotspot,3.0,300.0,8.5,ALL,Crime Type,LARCENY,3.0,3.0,2026-09-12,2026-09-25,2026-09-26,2026-10-09,42.347982600759806,-83.07145522346003,Jeffries,4th St & Selden St,ALL
882ab2cf33fffff,1.0,4.0,Emerging Hotspot,3.0,300.0,8.5,ALL,Crime Type,LARCENY,3.0,3.0,2026-09-12,2026-09-25,2026-09-26,2026-10-09,42.37187443810189,-83.2398707264144,Weatherby,Plymouth Rd & Heyden St,ALL
882ab2c1b7fffff,1.0,3.0,Emerging Hotspot,2.0,200.0,6.0,ALL,Crime Type,LARCENY,3.0,3.0,2026-09-12,2026-09-25,2026-09-26,2026-10-09,42.41496236754158,-83.20143224234334,Crary/St Marys,Greenfield Rd & Verne St,ALL
882ab2c5a5fffff,1.0,3.0,Emerging Hotspot,2.0,200.0,6.0,ALL,Crime Type,LARCENY,3.0,3.0,2026-09-12,2026-09-25,2026-09-26,2026-10-09,42.3214211401294,-83.0882934819393,Mexicantown,25th St & Porter St,ALL
882ab2c70dfffff,1.0,3.0,Emerging Hotspot,2.0,200.0,6.0,ALL,Crime Type,LARCENY,3.0,3.0,2026-09-12,2026-09-25,2026-09-26,2026-10-09,42.43152008068575,-83.02834370005655,Grant,E Brentwood St & Packard St,ALL
882ab2cebbfffff,1.0,3.0,Emerging Hotspot,2.0,200.0,6.0,ALL,Crime Type,LARCENY,3.0,3.0,2026-09-12,2026-09-25,2026-09-26,2026-10-09,42.31264358814919,-83.12565401557374,Springwells,Pitt St & Central St,ALL
882ab2cf51fffff,1.0,3.0,Emerging Hotspot,2.0,200.0,6.0,ALL,Crime Type,LARCENY,3.0,3.0,2026-09-12,2026-09-25,2026-09-26,2026-10-09,42.40224479386136,-83.20749184758557,Crary/St Marys,Fenkell St & Biltmore St,ALL
882ab2c1bdfffff,2.0,3.0,Emerging Hotspot,1.0,50.0,4.5,ALL,Crime Type,LARCENY,3.0,3.0,2026-09-12,2026-09-25,2026-09-26,2026-10-09,42.430418368393845,-83.19990339634495,College Park,Clarita St & Rutherford St,ALL
882ab2ce53fffff,2.0,3.0,Emerging Hotspot,1.0,50.0,4.5,ALL,Crime Type,LARCENY,3.0,3.0,2026-09-12,2026-09-25,2026-09-26,2026-10-09,42.38448548246358,-83.12032771879515,Dexter-Linwood,Elmhurst St & Linwood St,ALL
882ab2d5bbfffff,2.0,3.0,Emerging Hotspot,1.0,50.0,4.5,ALL,Crime Type,LARCENY,3.0,3.0,2026-09-12,2026-09-25,2026-09-26,2026-10-09,42.44175623908821,-82.96969172859521,Regent Park,Tacoma St & Queen St,ALL
882ab2c517fffff,3.0,9.0,Persistent Hotspot,6.0,200.0,21.15,ALL,Crime Type,LARCENY,3.0,3.0,2026-09-12,2026-09-25,2026-09-26,2026-10-09,42.35337034789475,-83.06261310000085,Midtown,W Alexandrine St & Woodward Ave,ALL
882ab2c0a7fffff,3.0,7.0,Persistent Hotspot,4.0,133.33,15.45,ALL,Crime Type,LARCENY,3.0,3.0,2026-09-12,2026-09-25,2026-09-26,2026-10-09,42.42350417082767,-83.14171066089659,Bagley,Pickford St & Livernois Ave,ALL
882ab2c585fffff,3.0,6.0,Persistent Hotspot,3.0,100.0,12.6,ALL,Crime Type,LARCENY,3.0,3.0,2026-09-12,2026-09-25,2026-09-26,2026-10-09,42.32508845288104,-83.05987325242009,Corktown,6th St & Riverfront Dr,ALL
882ab2c5c7fffff,11.0,9.0,Persistent Hotspot,-2.0,-18.18,12.15,ALL,Crime Type,LARCENY,3.0,3.0,2026-09-12,2026-09-25,2026-09-26,2026-10-09,42.33490709967879,-83.04418085859385,Downtown,Beaubien St & E Lafayette St,ALL
882ab2c5e3fffff,9.0,7.0,Persistent Hotspot,-2.0,-22.22,9.45,ALL,Crime Type,LARCENY,3.0,3.0,2026-09-12,2026-09-25,2026-09-26,2026-10-09,42.33230278409165,-83.057812497388,Downtown,Bagley St & 3rd St,ALL
882ab2c5e9fffff,17.0,7.0,Persistent Hotspot,-10.0,-58.82,9.45,ALL,Crime Type,LARCENY,3.0,3.0,2026-09-12,2026-09-25,2026-09-26,2026-10-09,42.346487742123,-83.0572617645819,Midtown,Eliot St & Woodward Ave,ALL
882ab2c5ebfffff,4.0,5.0,Persistent Hotspot,1.0,25.0,8.25,ALL,Crime Type,LARCENY,3.0,3.0,2026-09-12,2026-09-25,2026-09-26,2026-10-09,42.33757686428401,-83.05134286793893,Downtown,Woodward Ave & E Adams Ave,ALL
882ab2c5c3fffff,6.0,6.0,Persistent Hotspot,0.0,0.0,8.1,ALL,Crime Type,LARCENY,3.0,3.0,2026-09-12,2026-09-25,2026-09-26,2026-10-09,42.33594134550091,-83.03077624997024,Lafayette Park,Saint Aubin St & E Larned St,ALL
882ab2c507fffff,7.0,5.0,Persistent Hotspot,-2.0,-28.57,6.75,ALL,Crime Type,LARCENY,3.0,3.0,2026-09-12,2026-09-25,2026-09-26,2026-10-09,42.37084340450591,-83.08143978295578,New Center Commons,Pallister St & 3rd St,ALL
882ab2c5e1fffff,5.0,4.0,Persistent Hotspot,-1.0,-20.0,5.4,ALL,Crime Type,LARCENY,3.0,3.0,2026-09-12,2026-09-25,2026-09-26,2026-10-09,42.339492194891264,-83.0664991055863,Midtown,Grand River Ave & S M 10,ALL
882ab2c567fffff,3.0,3.0,Persistent Hotspot,0.0,0.0,4.05,ALL,Crime Type,LARCENY,3.0,3.0,2026-09-12,2026-09-25,2026-09-26,2026-10-09,42.38799671608936,-83.1050616876,Dexter-Linwood,Woodrow Wilson St & Tuxedo St,ALL
882ab2c58dfffff,12.0,3.0,Persistent Hotspot,-9.0,-75.0,4.05,ALL,Crime Type,LARCENY,3.0,3.0,2026-09-12,2026-09-25,2026-09-26,2026-10-09,42.33168460389816,-83.049713162411,Downtown,Michigan Ave & Cass Ave,ALL
882ab2ce67fffff,4.0,3.0,Persistent Hotspot,-1.0,-25.0,4.05,ALL,Crime Type,LARCENY,3.0,3.0,2026-09-12,2026-09-25,2026-09-26,2026-10-09,42.3998098481388,-83.18206593144619,Bethune Community,Chalfonte St & Ardmore St,ALL
882ab2ce69fffff,3.0,3.0,Persistent Hotspot,0.0,0.0,4.05,ALL,Crime Type,LARCENY,3.0,3.0,2026-09-12,2026-09-25,2026-09-26,2026-10-09,42.40952652796024,-83.16988000187754,Harmony Village,Puritan St & Steel St,ALL
882ab2c0a1fffff,3.0,2.0,Declining Hotspot,-1.0,-33.33,2.0,ALL,Crime Type,LARCENY,3.0,3.0,2026-09-12,2026-09-25,2026-09-26,2026-10-09,42.42809307521633,-83.13457853020685,University District,Muirland St & Margareta St,ALL
882ab2c195fffff,3.0,2.0,Declining Hotspot,-1.0,-33.33,2.0,ALL,Crime Type,LARCENY,3.0,3.0,2026-09-12,2026-09-25,2026-09-26,2026-10-09,42.4256998384148,-83.1778761902255,Schulze,Curtis St & Steel St,ALL
882ab2c439fffff,7.0,2.0,Declining Hotspot,-5.0,-71.43,2.0,ALL,Crime Type,LARCENY,3.0,3.0,2026-09-12,2026-09-25,2026-09-26,2026-10-09,42.351399305462806,-82.99731213591747,West Village,Townsend St & E Congress St,ALL
882ab2c513fffff,3.0,2.0,Declining Hotspot,-1.0,-33.33,2.0,ALL,Crime Type,LARCENY,3.0,3.0,2026-09-12,2026-09-25,2026-09-26,2026-10-09,42.35146420062658,-83.05236999150057,Medical Center,Beaubien St & Mack Ave,ALL
882ab2c53bfffff,4.0,2.0,Declining Hotspot,-2.0,-50.0,2.0,ALL,Crime Type,LARCENY,3.0,3.0,2026-09-12,2026-09-25,2026-09-26,2026-10-09,42.35469095282926,-83.07329800564055,Wayne State,Anthony Wayne Dr & 3rd St,ALL
882ab2c53dfffff,5.0,2.0,Declining Hotspot,-3.0,-60.0,2.0,ALL,Crime Type,LARCENY,3.0,3.0,2026-09-12,2026-09-25,2026-09-26,2026-10-09,42.36424367823366,-83.09141169621473,Virginia Park Community,W Grand Blvd & 14th St,ALL
882ab2c5c1fffff,5.0,2.0,Declining Hotspot,-3.0,-60.0,2.0,ALL,Crime Type,LARCENY,3.0,3.0,2026-09-12,2026-09-25,2026-09-26,2026-10-09,42.34236661283663,-83.03793216076772,Lafayette Park,Russell St & Maple St,ALL
882ab2c5c5fffff,6.0,2.0,Declining Hotspot,-4.0,-66.67,2.0,ALL,Crime Type,LARCENY,3.0,3.0,2026-09-12,2026-09-25,2026-09-26,2026-10-09,42.34465156289215,-83.05255549101884,Brush Park,Edmund Pl & John R St,ALL
882ab2d5b7fffff,4.0,2.0,Declining Hotspot,-2.0,-50.0,2.0,ALL,Crime Type,LARCENY,3.0,3.0,2026-09-12,2026-09-25,2026-09-26,2026-10-09,42.43663946605306,-82.9876131870752,Pulaski,E 7 Mile Rd & Schoenherr St,ALL
882ab2c437fffff,4.0,1.0,Declining Hotspot,-3.0,-75.0,1.0,ALL,Crime Type,LARCENY,3.0,3.0,2026-09-12,2026-09-25,2026-09-26,2026-10-09,42.34173030969738,-83.01454882139126,Rivertown,E Jefferson Ave & Adair St,ALL
882ab2c589fffff,4.0,1.0,Declining Hotspot,-3.0,-75.0,1.0,ALL,Crime Type,LARCENY,3.0,3.0,2026-09-12,2026-09-25,2026-09-26,2026-10-09,42.33028114175536,-83.042008934516,Downtown,Brush St & Renaissance Ctr,ALL
882ab2c5a1fffff,4.0,1.0,Declining Hotspot,-3.0,-75.0,1.0,ALL,Crime Type,LARCENY,3.0,3.0,2026-09-12,2026-09-25,2026-09-26,2026-10-09,42.32138786461334,-83.0757067567105,Hubbard Richard,18th St & Howard St,ALL
882ab2c5cbfffff,5.0,1.0,Declining Hotspot,-4.0,-80.0,1.0,ALL,Crime Type,LARCENY,3.0,3.0,2026-09-12,2026-09-25,2026-09-26,2026-10-09,42.34101769155248,-83.02326650909899,Elmwood Park,E Jefferson Ave & Chene St,ALL
882ab2c669fffff,3.0,1.0,Declining Hotspot,-2.0,-66.67,1.0,ALL,Crime Type,LARCENY,3.0,3.0,2026-09-12,2026-09-25,2026-09-26,2026-10-09,42.43317799763128,-82.95574143267714,Mapleridge,Faircrest St & Morang Dr,ALL
882ab2cc01fffff,6.0,1.0,Declining Hotspot,-5.0,-83.33,1.0,ALL,Crime Type,LARCENY,3.0,3.0,2026-09-12,2026-09-25,2026-09-26,2026-10-09,42.34581838636176,-83.20932670190365,Warren Ave Community,Rutland St & Majestic St,ALL
882ab2cc2bfffff,3.0,1.0,Declining Hotspot,-2.0,-66.67,1.0,ALL,Crime Type,LARCENY,3.0,3.0,2026-09-12,2026-09-25,2026-09-26,2026-10-09,42.339552038252194,-83.22796776109868,Warrendale,Minock St & Whitlock St,ALL
882ab2cc49fffff,3.0,1.0,Declining Hotspot,-2.0,-66.67,1.0,ALL,Crime Type,LARCENY,3.0,3.0,2026-09-12,2026-09-25,2026-09-26,2026-10-09,42.37033498658255,-83.18975000316506,Plymouth-Hubbell,Orangelawn St & Strathmoor St,ALL
882ab2ce07fffff,3.0,1.0,Declining Hotspot,-2.0,-66.67,1.0,ALL,Crime Type,LARCENY,3.0,3.0,2026-09-12,2026-09-25,2026-09-26,2026-10-09,42.38060950628013,-83.16318112933845,Grand River-I96,Fullerton St & Mendota St,ALL
882ab2ce33fffff,3.0,1.0,Declining Hotspot,-2.0,-66.67,1.0,ALL,Crime Type,LARCENY,3.0,3.0,2026-09-12,2026-09-25,2026-09-26,2026-10-09,42.35895395628748,-83.15962953137422,Barton-McFarland,Esper St & Joy Rd,ALL
882ab2ce3bfffff,3.0,1.0,Declining Hotspot,-2.0,-66.67,1.0,ALL,Crime Type,LARCENY,3.0,3.0,2026-09-12,2026-09-25,2026-09-26,2026-10-09,42.36680439629613,-83.1559637469319,Barton-McFarland,Orangelawn St & Wyoming St,ALL
882ab2cee9fffff,3.0,1.0,Declining Hotspot,-2.0,-66.67,1.0,ALL,Crime Type,LARCENY,3.0,3.0,2026-09-12,2026-09-25,2026-09-26,2026-10-09,42.35695133875132,-83.13838824298493,Midwest,Garden St & Wetherby St,ALL
882ab2cf5bfffff,3.0,1.0,Declining Hotspot,-2.0,-66.67,1.0,ALL,Crime Type,LARCENY,3.0,3.0,2026-09-12,2026-09-25,2026-09-26,2026-10-09,42.401484971464086,-83.19627337183282,Belmont,Fenkell St & Whitcomb St,ALL
882ab2d5b3fffff,3.0,1.0,Declining Hotspot,-2.0,-66.67,1.0,ALL,Crime Type,LARCENY,3.0,3.0,2026-09-12,2026-09-25,2026-09-26,2026-10-09,42.43508315926134,-82.97639201995733,Mapleridge,Chalmers St & Eastwood St,ALL
882ab2c0a5fffff,3.0,0.0,Declining Hotspot,-3.0,-100.0,0.0,ALL,Crime Type,LARCENY,3.0,3.0,2026-09-12,2026-09-25,2026-09-26,2026-10-09,42.429725865124134,-83.143494754763,Bagley,Livernois Ave & W 7 Mile Rd,ALL
882ab2c0d7fffff,3.0,0.0,Declining Hotspot,-3.0,-100.0,0.0,ALL,Crime Type,LARCENY,3.0,3.0,2026-09-12,2026-09-25,2026-09-26,2026-10-09,42.43045269692552,-83.07978876677944,Northeast Central District,Arlington St & E Nevada St,ALL
882ab2c1a7fffff,6.0,0.0,Declining Hotspot,-6.0,-100.0,0.0,ALL,Crime Type,LARCENY,3.0,3.0,2026-09-12,2026-09-25,2026-09-26,2026-10-09,42.431854512084,-83.22173613319157,O'Hair Park,Cambridge Ave & Fenmore St,ALL
882ab2c1b3fffff,3.0,0.0,Declining Hotspot,-3.0,-100.0,0.0,ALL,Crime Type,LARCENY,3.0,3.0,2026-09-12,2026-09-25,2026-09-26,2026-10-09,42.41430502137904,-83.1918149776172,Hubbell-Puritan,Hubbell St & W McNichols Rd,ALL
882ab2c407fffff,5.0,0.0,Declining Hotspot,-5.0,-100.0,0.0,ALL,Crime Type,LARCENY,3.0,3.0,2026-09-12,2026-09-25,2026-09-26,2026-10-09,42.359099413201655,-83.00041457240548,Islandview,Durand St & Van Dyke St,ALL
882ab2c50bfffff,5.0,0.0,Declining Hotspot,-5.0,-100.0,0.0,ALL,Crime Type,LARCENY,3.0,3.0,2026-09-12,2026-09-25,2026-09-26,2026-10-09,42.3734994488361,-83.06444468242489,Milwaukee Junction,Horton St & Beaubien St,ALL
882ab2c50dfffff,5.0,0.0,Declining Hotspot,-5.0,-100.0,0.0,ALL,Crime Type,LARCENY,3.0,3.0,2026-09-12,2026-09-25,2026-09-26,2026-10-09,42.38353205245559,-83.08196686330217,North End,Leicester Ct & Woodward Ave,ALL
882ab2c5e5fffff,4.0,0.0,Declining Hotspot,-4.0,-100.0,0.0,ALL,Crime Type,LARCENY,3.0,3.0,2026-09-12,2026-09-25,2026-09-26,2026-10-09,42.34205499005183,-83.07931278401115,Core City,W Alexandrine St & Rosa Parks Blvd,ALL
882ab2c719fffff,4.0,0.0,Declining Hotspot,-4.0,-100.0,0.0,ALL,Crime Type,LARCENY,3.0,3.0,2026-09-12,2026-09-25,2026-09-26,2026-10-09,42.40870597942299,-82.99508463706769,Gratiot-Findlay,Gunston St & Gratiot Ave,ALL
882ab2c727fffff,3.0,0.0,Declining Hotspot,-3.0,-100.0,0.0,ALL,Crime Type,LARCENY,3.0,3.0,2026-09-12,2026-09-25,2026-09-26,2026-10-09,42.4148415449208,-83.0614762772905,Campau/Banglatown,E Davison St & Conant St,ALL
882ab2c743fffff,4.0,0.0,Declining Hotspot,-4.0,-100.0,0.0,ALL,Crime Type,LARCENY,3.0,3.0,2026-09-12,2026-09-25,2026-09-26,2026-10-09,42.43428372316813,-83.00810830306966,Mount Olivet,E 7 Mile Rd & Teppert St,ALL
882ab2c8d9fffff,3.0,0.0,Declining Hotspot,-3.0,-100.0,0.0,ALL,Crime Type,LARCENY,3.0,3.0,2026-09-12,2026-09-25,2026-09-26,2026-10-09,42.41454150000466,-83.27845703347631,The Eye,Telegraph Rd & W McNichols Rd,ALL
882ab2cc61fffff,3.0,0.0,Declining Hotspot,-3.0,-100.0,0.0,ALL,Crime Type,LARCENY,3.0,3.0,2026-09-12,2026-09-25,2026-09-26,2026-10-09,42.35771412908955,-83.22863982813003,Franklin Park,Piedmont St & Joy Rd,ALL
882ab2cc6dfffff,3.0,0.0,Declining Hotspot,-3.0,-100.0,0.0,ALL,Crime Type,LARCENY,3.0,3.0,2026-09-12,2026-09-25,2026-09-26,2026-10-09,42.368420809146585,-83.23381219208831,Franklin Park,Orangelawn St & Evergreen Rd,ALL
882ab2ce0bfffff,3.0,0.0,Declining Hotspot,-3.0,-100.0,0.0,ALL,Crime Type,LARCENY,3.0,3.0,2026-09-12,2026-09-25,2026-09-26,2026-10-09,42.38665045821915,-83.14301923199338,Oakman Blvd Community,Ewald Cir & W Davison St,ALL
882ab2ce41fffff,3.0,0.0,Declining Hotspot,-3.0,-100.0,0.0,ALL,Crime Type,LARCENY,3.0,3.0,2026-09-12,2026-09-25,2026-09-26,2026-10-09,42.40752967248862,-83.14475115683516,Fitzgerald/Marygrove,Midland St & Tuller St,ALL
882ab2ce57fffff,4.0,0.0,Declining Hotspot,-4.0,-100.0,0.0,ALL,Crime Type,LARCENY,3.0,3.0,2026-09-12,2026-09-25,2026-09-26,2026-10-09,42.38590185434009,-83.13240715675242,Russell Woods,Sturtevant St & Dexter Ave,ALL
882ab2ce6dfffff,3.0,0.0,Declining Hotspot,-3.0,-100.0,0.0,ALL,Crime Type,LARCENY,3.0,3.0,2026-09-12,2026-09-25,2026-09-26,2026-10-09,42.41180763056686,-83.1797983731317,Harmony Village,Florence St & Schaefer Hwy,ALL
882ab2cf1dfffff,3.0,0.0,Declining Hotspot,-3.0,-100.0,0.0,ALL,Crime Type,LARCENY,3.0,3.0,2026-09-12,2026-09-25,2026-09-26,2026-10-09,42.387857797818754,-83.22046268129415,Grandmont #1,Acacia St & Stahelin Rd,ALL
882ab2cf59fffff,3.0,0.0,Declining Hotspot,-3.0,-100.0,0.0,ALL,Crime Type,LARCENY,3.0,3.0,2026-09-12,2026-09-25,2026-09-26,2026-10-09,42.40697574924883,-83.1988729298504,Belmont,Prest St & Pilgrim St,ALL
882ab2cf61fffff,3.0,0.0,Declining Hotspot,-3.0,-100.0,0.0,ALL,Crime Type,LARCENY,3.0,3.0,2026-09-12,2026-09-25,2026-09-26,2026-10-09,42.41473691674537,-83.25444471974748,Holcomb Community,Grand River Ave & W McNichols Rd,ALL
882ab2c507fffff,0.0,3.0,New Hotspot,3.0,,7.5,03,Crime Type,OBSTRUCTING JUDICIARY,3.0,3.0,2026-09-12,2026-09-25,2026-09-26,2026-10-09,42.37084340450591,-83.08143978295578,New Center Commons,Pallister St & 3rd St,ALL
882ab2c507fffff,0.0,3.0,New Hotspot,3.0,,7.5,ALL,Crime Type,OBSTRUCTING JUDICIARY,3.0,3.0,2026-09-12,2026-09-25,2026-09-26,2026-10-09,42.37084340450591,-83.08143978295578,New Center Commons,Pallister St & 3rd St,ALL
882ab2c5ebfffff,3.0,4.0,Persistent Hotspot,1.0,33.33,6.9,03,Crime Type,OBSTRUCTING THE POLICE,3.0,3.0,2026-09-12,2026-09-25,2026-09-26,2026-10-09,42.33757686428401,-83.05134286793893,Downtown,Woodward Ave & E Adams Ave,ALL
882ab2c5ebfffff,3.0,4.0,Persistent Hotspot,1.0,33.33,6.9,ALL,Crime Type,OBSTRUCTING THE POLICE,3.0,3.0,2026-09-12,2026-09-25,2026-09-26,2026-10-09,42.33757686428401,-83.05134286793893,Downtown,Woodward Ave & E Adams Ave,ALL
882ab2c647fffff,0.0,3.0,New Hotspot,3.0,,7.5,09,Crime Type,ROBBERY,3.0,3.0,2026-09-12,2026-09-25,2026-09-26,2026-10-09,42.42295850729912,-82.93786599197253,Moross-Morang,Duprey St & Casino St,ALL
882ab2c667fffff,3.0,0.0,Declining Hotspot,-3.0,-100.0,0.0,09,Crime Type,ROBBERY,3.0,3.0,2026-09-12,2026-09-25,2026-09-26,2026-10-09,42.42078445598505,-82.96993216661689,Mapleridge,Hayes St & Houston Whittier Ave,ALL
882ab2c647fffff,0.0,3.0,New Hotspot,3.0,,7.5,ALL,Crime Type,ROBBERY,3.0,3.0,2026-09-12,2026-09-25,2026-09-26,2026-10-09,42.42295850729912,-82.93786599197253,Moross-Morang,Duprey St & Casino St,ALL
882ab2c667fffff,3.0,0.0,Declining Hotspot,-3.0,-100.0,0.0,ALL,Crime Type,ROBBERY,3.0,3.0,2026-09-12,2026-09-25,2026-09-26,2026-10-09,42.42078445598505,-82.96993216661689,Mapleridge,Hayes St & Houston Whittier Ave,ALL
882ab2cf17fffff,1.0,6.0,Emerging Hotspot,5.0,500.0,13.5,06,Crime Type,RUNAWAY,3.0,4.0,2026-09-12,2026-09-25,2026-09-26,2026-10-09,42.372290503551,-83.22053214166819,Southfield Plymouth,Penrod St & Wadsworth St,ALL
882ab2cf17fffff,1.0,6.0,Emerging Hotspot,5.0,500.0,13.5,ALL,Crime Type,RUNAWAY,3.0,3.0,2026-09-12,2026-09-25,2026-09-26,2026-10-09,42.372290503551,-83.22053214166819,Southfield Plymouth,Penrod St & Wadsworth St,ALL
882ab2d5b3fffff,9.0,6.0,Persistent Hotspot,-3.0,-33.33,8.1,09,Crime Type,SEX OFFENSES,3.0,4.0,2026-09-12,2026-09-25,2026-09-26,2026-10-09,42.43508315926134,-82.97639201995733,Mapleridge,Chalmers St & Eastwood St,ALL
882ab2d5b3fffff,9.0,6.0,Persistent Hotspot,-3.0,-33.33,8.1,ALL,Crime Type,SEX OFFENSES,3.0,3.0,2026-09-12,2026-09-25,2026-09-26,2026-10-09,42.43508315926134,-82.97639201995733,Mapleridge,Chalmers St & Eastwood St,ALL
882ab2ce35fffff,3.0,0.0,Declining Hotspot,-3.0,-100.0,0.0,02,Crime Type,SEXUAL ASSAULT,3.0,3.0,2026-09-12,2026-09-25,2026-09-26,2026-10-09,42.368334921591256,-83.17676036708274,Barton-McFarland,Orangelawn St & Littlefield St,ALL
882ab2ce35fffff,3.0,0.0,Declining Hotspot,-3.0,-100.0,0.0,ALL,Crime Type,SEXUAL ASSAULT,3.0,3.0,2026-09-12,2026-09-25,2026-09-26,2026-10-09,42.368334921591256,-83.17676036708274,Barton-McFarland,Orangelawn St & Littlefield St,ALL
882ab2c66bfffff,4.0,2.0,Declining Hotspot,-2.0,-50.0,2.0,09,Crime Type,STOLEN PROPERTY,3.0,3.0,2026-09-12,2026-09-25,2026-09-26,2026-10-09,42.42632688143854,-82.95097948082058,Moross-Morang,Morang Dr & Lansdowne St,ALL
882ab2c66bfffff,4.0,2.0,Declining Hotspot,-2.0,-50.0,2.0,ALL,Crime Type,STOLEN PROPERTY,3.0,3.0,2026-09-12,2026-09-25,2026-09-26,2026-10-09,42.42632688143854,-82.95097948082058,Moross-Morang,Morang Dr & Lansdowne St,ALL
882ab2cf5bfffff,1.0,4.0,Emerging Hotspot,3.0,300.0,8.5,02,Crime Type,STOLEN VEHICLE,3.0,3.0,2026-09-12,2026-09-25,2026-09-26,2026-10-09,42.401484971464086,-83.19627337183282,Belmont,Fenkell St & Whitcomb St,ALL
882ab2ce67fffff,1.0,3.0,Emerging Hotspot,2.0,200.0,6.0,02,Crime Type,STOLEN VEHICLE,3.0,3.0,2026-09-12,2026-09-25,2026-09-26,2026-10-09,42.3998098481388,-83.18206593144619,Bethune Community,Chalfonte St & Ardmore St,ALL
882ab2cc49fffff,3.0,0.0,Declining Hotspot,-3.0,-100.0,0.0,02,Crime Type,STOLEN VEHICLE,3.0,3.0,2026-09-12,2026-09-25,2026-09-26,2026-10-09,42.37033498658255,-83.18975000316506,Plymouth-Hubbell,Orangelawn St & Strathmoor St,ALL
882ab2c5c7fffff,4.0,1.0,Declining Hotspot,-3.0,-75.0,1.0,03,Crime Type,STOLEN VEHICLE,3.0,3.0,2026-09-12,2026-09-25,2026-09-26,2026-10-09,42.33490709967879,-83.04418085859385,Downtown,Beaubien St & E Lafayette St,ALL
882ab2c507fffff,3.0,0.0,Declining Hotspot,-3.0,-100.0,0.0,03,Crime Type,STOLEN VEHICLE,3.0,3.0,2026-09-12,2026-09-25,2026-09-26,2026-10-09,42.37084340450591,-83.08143978295578,New Center Commons,Pallister St & 3rd St,ALL
882ab2c5e9fffff,4.0,0.0,Declining Hotspot,-4.0,-100.0,0.0,03,Crime Type,STOLEN VEHICLE,3.0,3.0,2026-09-12,2026-09-25,2026-09-26,2026-10-09,42.346487742123,-83.0572617645819,Midtown,Eliot St & Woodward Ave,ALL
882ab2c5ebfffff,3.0,0.0,Declining Hotspot,-3.0,-100.0,0.0,03,Crime Type,STOLEN VEHICLE,3.0,3.0,2026-09-12,2026-09-25,2026-09-26,2026-10-09,42.33757686428401,-83.05134286793893,Downtown,Woodward Ave & E Adams Ave,ALL
882ab2cf49fffff,3.0,2.0,Declining Hotspot,-1.0,-33.33,2.0,08,Crime Type,STOLEN VEHICLE,3.0,3.0,2026-09-12,2026-09-25,2026-09-26,2026-10-09,42.42486711340059,-83.21643264456495,College Park,Clarita St & Ashton Ave,ALL
882ab2c1abfffff,3.0,1.0,Declining Hotspot,-2.0,-66.67,1.0,08,Crime Type,STOLEN VEHICLE,3.0,3.0,2026-09-12,2026-09-25,2026-09-26,2026-10-09,42.43747239907838,-83.20569572957656,Greenfield,Mansfield St & Vassar Ave,ALL
882ab2cf19fffff,3.0,1.0,Declining Hotspot,-2.0,-66.67,1.0,08,Crime Type,STOLEN VEHICLE,3.0,3.0,2026-09-12,2026-09-25,2026-09-26,2026-10-09,42.386894093436624,-83.20665670033483,Greenfield-Grand River,Mettetal St & Schoolcraft St,ALL
882ab2ca97fffff,3.0,0.0,Declining Hotspot,-3.0,-100.0,0.0,08,Crime Type,STOLEN VEHICLE,3.0,3.0,2026-09-12,2026-09-25,2026-09-26,2026-10-09,42.42918217960313,-83.25417124175925,Holcomb Community,Lahser Rd & W 7 Mile Rd,ALL
882ab2cf0dfffff,4.0,0.0,Declining Hotspot,-4.0,-100.0,0.0,08,Crime Type,STOLEN VEHICLE,3.0,3.0,2026-09-12,2026-09-25,2026-09-26,2026-10-09,42.406027444412715,-83.24063170700437,Brightmoor,Braile St & Pilgrim St,ALL
882ab2c755fffff,1.0,4.0,Emerging Hotspot,3.0,300.0,8.5,09,Crime Type,STOLEN VEHICLE,3.0,3.0,2026-09-12,2026-09-25,2026-09-26,2026-10-09,42.42396549015056,-83.00430992780001,Von Steuben,Dresden St & Sauer St,ALL
882ab2c749fffff,3.0,0.0,Declining Hotspot,-3.0,-100.0,0.0,09,Crime Type,STOLEN VEHICLE,3.0,3.0,2026-09-12,2026-09-25,2026-09-26,2026-10-09,42.44898608723654,-82.99908335304417,Conner Creek,Strasburg St & E 8 Mile Rd,ALL
882ab2ce1dfffff,3.0,1.0,Declining Hotspot,-2.0,-66.67,1.0,10,Crime Type,STOLEN VEHICLE,3.0,3.0,2026-09-12,2026-09-25,2026-09-26,2026-10-09,42.37615505542366,-83.14161011206531,Oakman Blvd Community,Monica St & Tuxedo St,ALL
882ab2c187fffff,1.0,3.0,Emerging Hotspot,2.0,200.0,6.0,12,Crime Type,STOLEN VEHICLE,3.0,3.0,2026-09-12,2026-09-25,2026-09-26,2026-10-09,42.43590410066288,-83.19164825228461,Schaefer 7/8 Lodge,Marlowe St & Chippewa St,ALL
882ab2ce69fffff,3.0,2.0,Declining Hotspot,-1.0,-33.33,2.0,12,Crime Type,STOLEN VEHICLE,3.0,3.0,2026-09-12,2026-09-25,2026-09-26,2026-10-09,42.40952652796024,-83.16988000187754,Harmony Village,Puritan St & Steel St,ALL
882ab2c18bfffff,3.0,1.0,Declining Hotspot,-2.0,-66.67,1.0,12,Crime Type,STOLEN VEHICLE,3.0,3.0,2026-09-12,2026-09-25,2026-09-26,2026-10-09,42.44063590486494,-83.16996756750167,Blackstone Park,Chippewa St & Manor St,ALL
882ab2ce45fffff,3.0,1.0,Declining Hotspot,-2.0,-66.67,1.0,12,Crime Type,STOLEN VEHICLE,3.0,3.0,2026-09-12,2026-09-25,2026-09-26,2026-10-09,42.40793354641639,-83.15555332114316,Fitzgerald/Marygrove,Pilgrim St & Cloverlawn St,ALL
882ab2c191fffff,4.0,0.0,Declining Hotspot,-4.0,-100.0,0.0,12,Crime Type,STOLEN VEHICLE,3.0,3.0,2026-09-12,2026-09-25,2026-09-26,2026-10-09,42.42589435995885,-83.16953128115861,Schulze,Margareta St & Manor St,ALL
882ab2c755fffff,1.0,4.0,Emerging Hotspot,3.0,300.0,8.5,ALL,Crime Type,STOLEN VEHICLE,3.0,3.0,2026-09-12,2026-09-25,2026-09-26,2026-10-09,42.42396549015056,-83.00430992780001,Von Steuben,Dresden St & Sauer St,ALL
882ab2cf5bfffff,1.0,4.0,Emerging Hotspot,3.0,300.0,8.5,ALL,Crime Type,STOLEN VEHICLE,3.0,3.0,2026-09-12,2026-09-25,2026-09-26,2026-10-09,42.401484971464086,-83.19627337183282,Belmont,Fenkell St & Whitcomb St,ALL
882ab2c187fffff,1.0,3.0,Emerging Hotspot,2.0,200.0,6.0,ALL,Crime Type,STOLEN VEHICLE,3.0,3.0,2026-09-12,2026-09-25,2026-09-26,2026-10-09,42.43590410066288,-83.19164825228461,Schaefer 7/8 Lodge,Marlowe St & Chippewa St,ALL
882ab2ce67fffff,1.0,3.0,Emerging Hotspot,2.0,200.0,6.0,ALL,Crime Type,STOLEN VEHICLE,3.0,3.0,2026-09-12,2026-09-25,2026-09-26,2026-10-09,42.3998098481388,-83.18206593144619,Bethune Community,Chalfonte St & Ardmore St,ALL
882ab2c1abfffff,3.0,3.0,Persistent Hotspot,0.0,0.0,4.05,ALL,Crime Type,STOLEN VEHICLE,3.0,3.0,2026-09-12,2026-09-25,2026-09-26,2026-10-09,42.43747239907838,-83.20569572957656,Greenfield,Mansfield St & Vassar Ave,ALL
882ab2ce69fffff,3.0,2.0,Declining Hotspot,-1.0,-33.33,2.0,ALL,Crime Type,STOLEN VEHICLE,3.0,3.0,2026-09-12,2026-09-25,2026-09-26,2026-10-09,42.40952652796024,-83.16988000187754,Harmony Village,Puritan St & Steel St,ALL
882ab2cf49fffff,3.0,2.0,Declining Hotspot,-1.0,-33.33,2.0,ALL,Crime Type,STOLEN VEHICLE,3.0,3.0,2026-09-12,2026-09-25,2026-09-26,2026-10-09,42.42486711340059,-83.21643264456495,College Park,Clarita St & Ashton Ave,ALL
882ab2c18bfffff,3.0,1.0,Declining Hotspot,-2.0,-66.67,1.0,ALL,Crime Type,STOLEN VEHICLE,3.0,3.0,2026-09-12,2026-09-25,2026-09-26,2026-10-09,42.44063590486494,-83.16996756750167,Blackstone Park,Chippewa St & Manor St,ALL
882ab2c507fffff,4.0,1.0,Declining Hotspot,-3.0,-75.0,1.0,ALL,Crime Type,STOLEN VEHICLE,3.0,3.0,2026-09-12,2026-09-25,2026-09-26,2026-10-09,42.37084340450591,-83.08143978295578,New Center Commons,Pallister St & 3rd St,ALL
882ab2c5c7fffff,5.0,1.0,Declining Hotspot,-4.0,-80.0,1.0,ALL,Crime Type,STOLEN VEHICLE,3.0,3.0,2026-09-12,2026-09-25,2026-09-26,2026-10-09,42.33490709967879,-83.04418085859385,Downtown,Beaubien St & E Lafayette St,ALL
882ab2ce1dfffff,3.0,1.0,Declining Hotspot,-2.0,-66.67,1.0,ALL,Crime Type,STOLEN VEHICLE,3.0,3.0,2026-09-12,2026-09-25,2026-09-26,2026-10-09,42.37615505542366,-83.14161011206531,Oakman Blvd Community,Monica St & Tuxedo St,ALL
882ab2ce45fffff,3.0,1.0,Declining Hotspot,-2.0,-66.67,1.0,ALL,Crime Type,STOLEN VEHICLE,3.0,3.0,2026-09-12,2026-09-25,2026-09-26,2026-10-09,42.40793354641639,-83.15555332114316,Fitzgerald/Marygrove,Pilgrim St & Cloverlawn St,ALL
882ab2cf19fffff,3.0,1.0,Declining Hotspot,-2.0,-66.67,1.0,ALL,Crime Type,STOLEN VEHICLE,3.0,3.0,2026-09-12,2026-09-25,2026-09-26,2026-10-09,42.386894093436624,-83.20665670033483,Greenfield-Grand River,Mettetal St & Schoolcraft St,ALL
882ab2c191fffff,4.0,0.0,Declining Hotspot,-4.0,-100.0,0.0,ALL,Crime Type,STOLEN VEHICLE,3.0,3.0,2026-09-12,2026-09-25,2026-09-26,2026-10-09,42.42589435995885,-83.16953128115861,Schulze,Margareta St & Manor St,ALL
882ab2c5e9fffff,4.0,0.0,Declining Hotspot,-4.0,-100.0,0.0,ALL,Crime Type,STOLEN VEHICLE,3.0,3.0,2026-09-12,2026-09-25,2026-09-26,2026-10-09,42.346487742123,-83.0572617645819,Midtown,Eliot St & Woodward Ave,ALL
882ab2c5ebfffff,3.0,0.0,Declining Hotspot,-3.0,-100.0,0.0,ALL,Crime Type,STOLEN VEHICLE,3.0,3.0,2026-09-12,2026-09-25,2026-09-26,2026-10-09,42.33757686428401,-83.05134286793893,Downtown,Woodward Ave & E Adams Ave,ALL
882ab2c749fffff,3.0,0.0,Declining Hotspot,-3.0,-100.0,0.0,ALL,Crime Type,STOLEN VEHICLE,3.0,3.0,2026-09-12,2026-09-25,2026-09-26,2026-10-09,42.44898608723654,-82.99908335304417,Conner Creek,Strasburg St & E 8 Mile Rd,ALL
882ab2ca97fffff,3.0,0.0,Declining Hotspot,-3.0,-100.0,0.0,ALL,Crime Type,STOLEN VEHICLE,3.0,3.0,2026-09-12,2026-09-25,2026-09-26,2026-10-09,42.42918217960313,-83.25417124175925,Holcomb Community,Lahser Rd & W 7 Mile Rd,ALL
882ab2cc49fffff,3.0,0.0,Declining Hotspot,-3.0,-100.0,0.0,ALL,Crime Type,STOLEN VEHICLE,3.0,3.0,2026-09-12,2026-09-25,2026-09-26,2026-10-09,42.37033498658255,-83.18975000316506,Plymouth-Hubbell,Orangelawn St & Strathmoor St,ALL
882ab2ced1fffff,3.0,0.0,Declining Hotspot,-3.0,-100.0,0.0,ALL,Crime Type,STOLEN VEHICLE,3.0,3.0,2026-09-12,2026-09-25,2026-09-26,2026-10-09,42.33543216029413,-83.09696539015233,Chadsey Condon,25th St & Magnolia St,ALL
882ab2cf0dfffff,4.0,0.0,Declining Hotspot,-4.0,-100.0,0.0,ALL,Crime Type,STOLEN VEHICLE,3.0,3.0,2026-09-12,2026-09-25,2026-09-26,2026-10-09,42.406027444412715,-83.24063170700437,Brightmoor,Braile St & Pilgrim St,ALL
882ab2ce6dfffff,1.0,3.0,Emerging Hotspot,2.0,200.0,6.0,02,Crime Type,WEAPONS OFFENSES,3.0,3.0,2026-09-12,2026-09-25,2026-09-26,2026-10-09,42.41180763056686,-83.1797983731317,Harmony Village,Florence St & Schaefer Hwy,ALL
882ab2c513fffff,3.0,0.0,Declining Hotspot,-3.0,-100.0,0.0,03,Crime Type,WEAPONS OFFENSES,3.0,3.0,2026-09-12,2026-09-25,2026-09-26,2026-10-09,42.35146420062658,-83.05236999150057,Medical Center,Beaubien St & Mack Ave,ALL
882ab2c421fffff,3.0,0.0,Declining Hotspot,-3.0,-100.0,0.0,07,Crime Type,WEAPONS OFFENSES,3.0,3.0,2026-09-12,2026-09-25,2026-09-26,2026-10-09,42.36195342583673,-83.02677661589223,McDougall-Hunt,Moran St & Illinois St,ALL
882ab2c663fffff,2.0,3.0,Emerging Hotspot,1.0,50.0,4.5,09,Crime Type,WEAPONS OFFENSES,3.0,3.0,2026-09-12,2026-09-25,2026-09-26,2026-10-09,42.41950621604016,-82.95701596483369,Denby,Grayton St & Lansdowne St,ALL
882ab2c75dfffff,3.0,2.0,Declining Hotspot,-1.0,-33.33,2.0,09,Crime Type,WEAPONS OFFENSES,3.0,3.0,2026-09-12,2026-09-25,2026-09-26,2026-10-09,42.43284032409059,-82.9923476297089,Von Steuben,Fairport St & Linnhurst St,ALL
882ab2c0bdfffff,3.0,0.0,Declining Hotspot,-3.0,-100.0,0.0,12,Crime Type,WEAPONS OFFENSES,3.0,3.0,2026-09-12,2026-09-25,2026-09-26,2026-10-09,42.41984167587222,-83.11537727807823,Palmer Park,Alwyne Ln & Whitmore Rd,ALL
882ab2ce6dfffff,1.0,3.0,Emerging Hotspot,2.0,200.0,6.0,ALL,Crime Type,WEAPONS OFFENSES,3.0,3.0,2026-09-12,2026-09-25,2026-09-26,2026-10-09,42.41180763056686,-83.1797983731317,Harmony Village,Florence St & Schaefer Hwy,ALL
882ab2c663fffff,2.0,3.0,Emerging Hotspot,1.0,50.0,4.5,ALL,Crime Type,WEAPONS OFFENSES,3.0,3.0,2026-09-12,2026-09-25,2026-09-26,2026-10-09,42.41950621604016,-82.95701596483369,Denby,Grayton St & Lansdowne St,ALL
882ab2c75dfffff,3.0,2.0,Declining Hotspot,-1.0,-33.33,2.0,ALL,Crime Type,WEAPONS OFFENSES,3.0,3.0,2026-09-12,2026-09-25,2026-09-26,2026-10-09,42.43284032409059,-82.9923476297089,Von Steuben,Fairport St & Linnhurst St,ALL
882ab2cf5bfffff,3.0,1.0,Declining Hotspot,-2.0,-66.67,1.0,ALL,Crime Type,WEAPONS OFFENSES,3.0,3.0,2026-09-12,2026-09-25,2026-09-26,2026-10-09,42.401484971464086,-83.19627337183282,Belmont,Fenkell St & Whitcomb St,ALL
882ab2c0bdfffff,3.0,0.0,Declining Hotspot,-3.0,-100.0,0.0,ALL,Crime Type,WEAPONS OFFENSES,3.0,3.0,2026-09-12,2026-09-25,2026-09-26,2026-10-09,42.41984167587222,-83.11537727807823,Palmer Park,Alwyne Ln & Whitmore Rd,ALL
882ab2c421fffff,3.0,0.0,Declining Hotspot,-3.0,-100.0,0.0,ALL,Crime Type,WEAPONS OFFENSES,3.0,3.0,2026-09-12,2026-09-25,2026-09-26,2026-10-09,42.36195342583673,-83.02677661589223,McDougall-Hunt,Moran St & Illinois St,ALL
882ab2c513fffff,3.0,0.0,Declining Hotspot,-3.0,-100.0,0.0,ALL,Crime Type,WEAPONS OFFENSES,3.0,3.0,2026-09-12,2026-09-25,2026-09-26,2026-10-09,42.35146420062658,-83.05236999150057,Medical Center,Beaubien St & Mack Ave,ALL
882ab2c717fffff,3.0,3.0,Persistent Hotspot,0.0,0.0,4.05,07,All,All,3.0,3.0,2026-09-11,2026-09-24,2026-09-25,2026-10-08,42.39787222495509,-83.01299864253185,Airport Sub,Edgewood Ave & Isham Ave,Airport Sub
882ab2c46dfffff,3.0,1.0,Declining Hotspot,-2.0,-66.67,1.0,07,All,All,3.0,3.0,2026-09-11,2026-09-24,2026-09-25,2026-10-08,42.3915595258193,-83.02001845979134,Airport Sub,Harper Ave & Fischer St,Airport Sub
882ab2c739fffff,3.0,1.0,Declining Hotspot,-2.0,-66.67,1.0,11,All,All,3.0,3.0,2026-09-11,2026-09-24,2026-09-25,2026-10-08,42.40775447702599,-83.02327181457082,Airport Sub,Van Dyke St & Palmetto St,Airport Sub
882ab2c73bfffff,6.0,0.0,Declining Hotspot,-6.0,-100.0,0.0,11,All,All,3.0,3.0,2026-09-11,2026-09-24,2026-09-25,2026-10-08,42.39877013141412,-83.02290900356319,Airport Sub,Van Dyke St & Guthrie St,Airport Sub
882ab2c469fffff,2.0,4.0,Emerging Hotspot,2.0,100.0,7.0,ALL,All,All,4.0,3.0,2026-09-11,2026-09-24,2026-09-25,2026-10-08,42.393136044651705,-83.00522051763076,Airport Sub,Harper Ave & Gratiot Ave,Airport Sub
882ab2c717fffff,4.0,3.0,Persistent Hotspot,-1.0,-25.0,4.05,ALL,All,All,4.0,3.0,2026-09-11,2026-09-24,2026-09-25,2026-10-08,42.39787222495509,-83.01299864253185,Airport Sub,Edgewood Ave & Isham Ave,Airport Sub
882ab2c46dfffff,4.0,2.0,Declining Hotspot,-2.0,-50.0,2.0,ALL,All,All,4.0,3.0,2026-09-11,2026-09-24,2026-09-25,2026-10-08,42.3915595258193,-83.02001845979134,Airport Sub,Harper Ave & Fischer St,Airport Sub
882ab2c73bfffff,7.0,1.0,Declining Hotspot,-6.0,-85.71,1.0,ALL,All,All,4.0,3.0,2026-09-11,2026-09-24,2026-09-25,2026-10-08,42.39877013141412,-83.02290900356319,Airport Sub,Van Dyke St & Guthrie St,Airport Sub
882ab2c46dfffff,3.0,0.0,Declining Hotspot,-3.0,-100.0,0.0,ALL,Category Focus,Property Crime,3.0,3.0,2026-09-11,2026-09-24,2026-09-25,2026-10-08,42.3915595258193,-83.02001845979134,Airport Sub,Harper Ave & Fischer St,Airport Sub
882ab2c73bfffff,3.0,0.0,Declining Hotspot,-3.0,-100.0,0.0,11,Category Focus,Violent Crime,3.0,3.0,2026-09-11,2026-09-24,2026-09-25,2026-10-08,42.39877013141412,-83.02290900356319,Airport Sub,Van Dyke St & Guthrie St,Airport Sub
882ab2c737fffff,3.0,0.0,Declining Hotspot,-3.0,-100.0,0.0,ALL,Category Focus,Violent Crime,3.0,3.0,2026-09-11,2026-09-24,2026-09-25,2026-10-08,42.39818555725627,-83.04144879450088,Airport Sub,Brockton St & Comstock St,Airport Sub
882ab2c73bfffff,3.0,0.0,Declining Hotspot,-3.0,-100.0,0.0,ALL,Category Focus,Violent Crime,3.0,3.0,2026-09-11,2026-09-24,2026-09-25,2026-10-08,42.39877013141412,-83.02290900356319,Airport Sub,Van Dyke St & Guthrie St,Airport Sub
882ab2cc59fffff,9.0,5.0,Persistent Hotspot,-4.0,-44.44,6.75,02,All,All,7.0,5.0,2026-09-11,2026-09-24,2026-09-25,2026-10-08,42.3539437893323,-83.16818364646488,Aviation Sub,Belton St & Manor,Aviation Sub
882ab2cc59fffff,9.0,5.0,Persistent Hotspot,-4.0,-44.44,6.75,ALL,All,All,7.0,5.0,2026-09-11,2026-09-24,2026-09-25,2026-10-08,42.3539437893323,-83.16818364646488,Aviation Sub,Belton St & Manor,Aviation Sub
882ab2cc59fffff,2.0,3.0,Emerging Hotspot,1.0,50.0,4.5,02,Category Focus,Violent Crime,3.0,3.0,2026-09-11,2026-09-24,2026-09-25,2026-10-08,42.3539437893323,-83.16818364646488,Aviation Sub,Belton St & Manor,Aviation Sub
882ab2cc59fffff,2.0,3.0,Emerging Hotspot,1.0,50.0,4.5,ALL,Category Focus,Violent Crime,3.0,3.0,2026-09-11,2026-09-24,2026-09-25,2026-10-08,42.3539437893323,-83.16818364646488,Aviation Sub,Belton St & Manor,Aviation Sub
882ab2c0a7fffff,2.0,7.0,Emerging Hotspot,5.0,250.0,14.5,12,All,All,5.0,7.0,2026-09-11,2026-09-24,2026-09-25,2026-10-08,42.42076769171973,-83.14531200571707,Bagley,Monica St & Santa Maria St,Bagley
882ab2c0a5fffff,6.0,9.0,Persistent Hotspot,3.0,50.0,16.65,12,All,All,5.0,7.0,2026-09-11,2026-09-24,2026-09-25,2026-10-08,42.42969771838552,-83.14474499168008,Bagley,Stoepel St & W 7 Mile Rd,Bagley
882ab2c0a7fffff,2.0,7.0,Emerging Hotspot,5.0,250.0,14.5,ALL,All,All,5.0,7.0,2026-09-11,2026-09-24,2026-09-25,2026-10-08,42.42076769171973,-83.14531200571707,Bagley,Monica St & Santa Maria St,Bagley
882ab2c0a5fffff,6.0,9.0,Persistent Hotspot,3.0,50.0,16.65,ALL,All,All,5.0,7.0,2026-09-11,2026-09-24,2026-09-25,2026-10-08,42.42969771838552,-83.14474499168008,Bagley,Stoepel St & W 7 Mile Rd,Bagley
882ab2c0a7fffff,2.0,5.0,Emerging Hotspot,3.0,150.0,9.5,12,Category Focus,Property Crime,3.0,3.0,2026-09-11,2026-09-24,2026-09-25,2026-10-08,42.42076769171973,-83.14531200571707,Bagley,Monica St & Santa Maria St,Bagley
882ab2c0a7fffff,2.0,5.0,Emerging Hotspot,3.0,150.0,9.5,ALL,Category Focus,Property Crime,3.0,3.0,2026-09-11,2026-09-24,2026-09-25,2026-10-08,42.42076769171973,-83.14531200571707,Bagley,Monica St & Santa Maria St,Bagley
882ab2c0a5fffff,3.0,3.0,Persistent Hotspot,0.0,0.0,4.05,12,Category Focus,Violent Crime,3.0,3.0,2026-09-11,2026-09-24,2026-09-25,2026-10-08,42.42969771838552,-83.14474499168008,Bagley,Stoepel St & W 7 Mile Rd,Bagley
882ab2c0a5fffff,3.0,3.0,Persistent Hotspot,0.0,0.0,4.05,ALL,Category Focus,Violent Crime,3.0,3.0,2026-09-11,2026-09-24,2026-09-25,2026-10-08,42.42969771838552,-83.14474499168008,Bagley,Stoepel St & W 7 Mile Rd,Bagley
882ab2c0a5fffff,2.0,3.0,Emerging Hotspot,1.0,50.0,4.5,12,Crime Type,ASSAULT,3.0,3.0,2026-09-11,2026-09-24,2026-09-25,2026-10-08,42.42969771838552,-83.14474499168008,Bagley,Stoepel St & W 7 Mile Rd,Bagley
882ab2c0a5fffff,2.0,3.0,Emerging Hotspot,1.0,50.0,4.5,ALL,Crime Type,ASSAULT,3.0,3.0,2026-09-11,2026-09-24,2026-09-25,2026-10-08,42.42969771838552,-83.14474499168008,Bagley,Stoepel St & W 7 Mile Rd,Bagley
882ab2c0a7fffff,0.0,3.0,New Hotspot,3.0,,7.5,12,Crime Type,LARCENY,3.0,3.0,2026-09-11,2026-09-24,2026-09-25,2026-10-08,42.42076769171973,-83.14531200571707,Bagley,Monica St & Santa Maria St,Bagley
882ab2c0a7fffff,0.0,3.0,New Hotspot,3.0,,7.5,ALL,Crime Type,LARCENY,3.0,3.0,2026-09-11,2026-09-24,2026-09-25,2026-10-08,42.42076769171973,-83.14531200571707,Bagley,Monica St & Santa Maria St,Bagley
882ab2ce37fffff,2.0,8.0,Emerging Hotspot,6.0,300.0,17.0,02,All,All,6.0,8.0,2026-09-11,2026-09-24,2026-09-25,2026-10-08,42.36228376707643,-83.17445321744931,Barton-McFarland,Westfield St & Littlefield St,Barton-McFarland
882ab2ce3bfffff,9.0,9.0,Persistent Hotspot,0.0,0.0,12.15,02,All,All,6.0,8.0,2026-09-11,2026-09-24,2026-09-25,2026-10-08,42.36680439629613,-83.1559637469319,Barton-McFarland,Orangelawn St & Wyoming St,Barton-McFarland
882ab2ce31fffff,14.0,7.0,Declining Hotspot,-7.0,-50.0,7.0,02,All,All,6.0,8.0,2026-09-11,2026-09-24,2026-09-25,2026-10-08,42.36600776683319,-83.1668136068517,Barton-McFarland,W Chicago St & Manor,Barton-McFarland
882ab2ce37fffff,2.0,8.0,Emerging Hotspot,6.0,300.0,17.0,ALL,All,All,6.0,8.0,2026-09-11,2026-09-24,2026-09-25,2026-10-08,42.36228376707643,-83.17445321744931,Barton-McFarland,Westfield St & Littlefield St,Barton-McFarland
882ab2ce3bfffff,9.0,9.0,Persistent Hotspot,0.0,0.0,12.15,ALL,All,All,6.0,8.0,2026-09-11,2026-09-24,2026-09-25,2026-10-08,42.36680439629613,-83.1559637469319,Barton-McFarland,Orangelawn St & Wyoming St,Barton-McFarland
882ab2ce31fffff,14.0,7.0,Declining Hotspot,-7.0,-50.0,7.0,ALL,All,All,6.0,8.0,2026-09-11,2026-09-24,2026-09-25,2026-10-08,42.36600776683319,-83.1668136068517,Barton-McFarland,W Chicago St & Manor,Barton-McFarland
882ab2ce31fffff,4.0,4.0,Persistent Hotspot,0.0,0.0,5.4,02,Category Focus,Property Crime,4.0,3.0,2026-09-11,2026-09-24,2026-09-25,2026-10-08,42.36600776683319,-83.1668136068517,Barton-McFarland,W Chicago St & Manor,Barton-McFarland
882ab2ce3bfffff,6.0,2.0,Declining Hotspot,-4.0,-66.67,2.0,02,Category Focus,Property Crime,4.0,3.0,2026-09-11,2026-09-24,2026-09-25,2026-10-08,42.36680439629613,-83.1559637469319,Barton-McFarland,Orangelawn St & Wyoming St,Barton-McFarland
882ab2ce31fffff,4.0,4.0,Persistent Hotspot,0.0,0.0,5.4,ALL,Category Focus,Property Crime,4.0,3.0,2026-09-11,2026-09-24,2026-09-25,2026-10-08,42.36600776683319,-83.1668136068517,Barton-McFarland,W Chicago St & Manor,Barton-McFarland
882ab2ce3bfffff,6.0,2.0,Declining Hotspot,-4.0,-66.67,2.0,ALL,Category Focus,Property Crime,4.0,3.0,2026-09-11,2026-09-24,2026-09-25,2026-10-08,42.36680439629613,-83.1559637469319,Barton-McFarland,Orangelawn St & Wyoming St,Barton-McFarland
882ab2ce37fffff,0.0,5.0,New Hotspot,5.0,,12.5,02,Category Focus,Violent Crime,3.0,3.0,2026-09-11,2026-09-24,2026-09-25,2026-10-08,42.36228376707643,-83.17445321744931,Barton-McFarland,Westfield St & Littlefield St,Barton-McFarland
882ab2ce31fffff,6.0,2.0,Declining Hotspot,-4.0,-66.67,2.0,02,Category Focus,Violent Crime,3.0,3.0,2026-09-11,2026-09-24,2026-09-25,2026-10-08,42.36600776683319,-83.1668136068517,Barton-McFarland,W Chicago St & Manor,Barton-McFarland
882ab2ce39fffff,3.0,1.0,Declining Hotspot,-2.0,-66.67,1.0,02,Category Focus,Violent Crime,3.0,3.0,2026-09-11,2026-09-24,2026-09-25,2026-10-08,42.37260465005298,-83.15856633141807,Barton-McFarland,Aurora St & Elmira St,Barton-McFarland
882ab2ce37fffff,0.0,5.0,New Hotspot,5.0,,12.5,ALL,Category Focus,Violent Crime,3.0,3.0,2026-09-11,2026-09-24,2026-09-25,2026-10-08,42.36228376707643,-83.17445321744931,Barton-McFarland,Westfield St & Littlefield St,Barton-McFarland
882ab2ce31fffff,6.0,2.0,Declining Hotspot,-4.0,-66.67,2.0,ALL,Category Focus,Violent Crime,3.0,3.0,2026-09-11,2026-09-24,2026-09-25,2026-10-08,42.36600776683319,-83.1668136068517,Barton-McFarland,W Chicago St & Manor,Barton-McFarland
882ab2ce39fffff,3.0,1.0,Declining Hotspot,-2.0,-66.67,1.0,ALL,Category Focus,Violent Crime,3.0,3.0,2026-09-11,2026-09-24,2026-09-25,2026-10-08,42.37260465005298,-83.15856633141807,Barton-McFarland,Aurora St & Elmira St,Barton-McFarland
882ab2ce37fffff,0.0,4.0,New Hotspot,4.0,,10.0,02,Crime Type,ASSAULT,4.0,3.0,2026-09-11,2026-09-24,2026-09-25,2026-10-08,42.36228376707643,-83.17445321744931,Barton-McFarland,Westfield St & Littlefield St,Barton-McFarland
882ab2ce31fffff,4.0,2.0,Declining Hotspot,-2.0,-50.0,2.0,02,Crime Type,ASSAULT,4.0,3.0,2026-09-11,2026-09-24,2026-09-25,2026-10-08,42.36600776683319,-83.1668136068517,Barton-McFarland,W Chicago St & Manor,Barton-McFarland
882ab2ce37fffff,0.0,4.0,New Hotspot,4.0,,10.0,ALL,Crime Type,ASSAULT,4.0,3.0,2026-09-11,2026-09-24,2026-09-25,2026-10-08,42.36228376707643,-83.17445321744931,Barton-McFarland,Westfield St & Littlefield St,Barton-McFarland
882ab2ce31fffff,4.0,2.0,Declining Hotspot,-2.0,-50.0,2.0,ALL,Crime Type,ASSAULT,4.0,3.0,2026-09-11,2026-09-24,2026-09-25,2026-10-08,42.36600776683319,-83.1668136068517,Barton-McFarland,W Chicago St & Manor,Barton-McFarland
882ab2ce33fffff,3.0,1.0,Declining Hotspot,-2.0,-66.67,1.0,02,Crime Type,LARCENY,3.0,3.0,2026-09-11,2026-09-24,2026-09-25,2026-10-08,42.35895395628748,-83.15962953137422,Barton-McFarland,Esper St & Joy Rd,Barton-McFarland
882ab2ce3bfffff,3.0,1.0,Declining Hotspot,-2.0,-66.67,1.0,02,Crime Type,LARCENY,3.0,3.0,2026-09-11,2026-09-24,2026-09-25,2026-10-08,42.36680439629613,-83.1559637469319,Barton-McFarland,Orangelawn St & Wyoming St,Barton-McFarland
882ab2ce33fffff,3.0,1.0,Declining Hotspot,-2.0,-66.67,1.0,ALL,Crime Type,LARCENY,3.0,3.0,2026-09-11,2026-09-24,2026-09-25,2026-10-08,42.35895395628748,-83.15962953137422,Barton-McFarland,Esper St & Joy Rd,Barton-McFarland
882ab2ce3bfffff,3.0,1.0,Declining Hotspot,-2.0,-66.67,1.0,ALL,Crime Type,LARCENY,3.0,3.0,2026-09-11,2026-09-24,2026-09-25,2026-10-08,42.36680439629613,-83.1559637469319,Barton-McFarland,Orangelawn St & Wyoming St,Barton-McFarland
882ab2cf5bfffff,2.0,8.0,Emerging Hotspot,6.0,300.0,17.0,02,All,All,4.0,6.0,2026-09-09,2026-09-22,2026-09-23,2026-10-06,42.402573080458765,-83.19508546571237,Belmont,Fenkell St & Whitcomb St,Belmont
882ab2cf59fffff,4.0,3.0,Declining Hotspot,-1.0,-25.0,3.0,02,All,All,4.0,6.0,2026-09-09,2026-09-22,2026-09-23,2026-10-06,42.40697574924883,-83.19774466923442,Belmont,Prest St & Pilgrim St,Belmont
882ab2cf5bfffff,2.0,8.0,Emerging Hotspot,6.0,300.0,17.0,ALL,All,All,4.0,6.0,2026-09-09,2026-09-22,2026-09-23,2026-10-06,42.402573080458765,-83.19508546571237,Belmont,Fenkell St & Whitcomb St,Belmont
882ab2cf59fffff,4.0,3.0,Declining Hotspot,-1.0,-25.0,3.0,ALL,All,All,4.0,6.0,2026-09-09,2026-09-22,2026-09-23,2026-10-06,42.40697574924883,-83.19774466923442,Belmont,Prest St & Pilgrim St,Belmont
882ab2cf5bfffff,1.0,3.0,Emerging Hotspot,2.0,200.0,6.0,02,Category Focus,Vehicle-Related Crime,3.0,3.0,2026-09-09,2026-09-22,2026-09-23,2026-10-06,42.402573080458765,-83.19508546571237,Belmont,Fenkell St & Whitcomb St,Belmont
882ab2cf5bfffff,1.0,3.0,Emerging Hotspot,2.0,200.0,6.0,ALL,Category Focus,Vehicle-Related Crime,3.0,3.0,2026-09-09,2026-09-22,2026-09-23,2026-10-06,42.402573080458765,-83.19508546571237,Belmont,Fenkell St & Whitcomb St,Belmont
882ab2cf5bfffff,1.0,3.0,Emerging Hotspot,2.0,200.0,6.0,02,Crime Type,STOLEN VEHICLE,3.0,3.0,2026-09-09,2026-09-22,2026-09-23,2026-10-06,42.402573080458765,-83.19508546571237,Belmont,Fenkell St & Whitcomb St,Belmont
882ab2cf5bfffff,1.0,3.0,Emerging Hotspot,2.0,200.0,6.0,ALL,Crime Type,STOLEN VEHICLE,3.0,3.0,2026-09-09,2026-09-22,2026-09-23,2026-10-06,42.402573080458765,-83.19508546571237,Belmont,Fenkell St & Whitcomb St,Belmont
882ab2ca95fffff,4.0,5.0,Persistent Hotspot,1.0,25.0,8.25,08,All,All,4.0,4.0,2026-09-07,2026-09-20,2026-09-21,2026-10-04,42.43636721033087,-83.260917810567,Berg-Lahser,Fargo St & Houghton St,Berg-Lahser
882ab2ca95fffff,4.0,5.0,Persistent Hotspot,1.0,25.0,8.25,ALL,All,All,4.0,4.0,2026-09-07,2026-09-20,2026-09-21,2026-10-04,42.43636721033087,-83.260917810567,Berg-Lahser,Fargo St & Houghton St,Berg-Lahser
882ab2ca83fffff,0.0,3.0,New Hotspot,3.0,,7.5,08,Category Focus,Property Crime,3.0,3.0,2026-09-07,2026-09-20,2026-09-21,2026-10-04,42.441940145498506,-83.26429132527683,Berg-Lahser,Hessel Ave & Alderton St,Berg-Lahser
882ab2cabbfffff,3.0,0.0,Declining Hotspot,-3.0,-100.0,0.0,08,Category Focus,Property Crime,3.0,3.0,2026-09-07,2026-09-20,2026-09-21,2026-10-04,42.43240691994878,-83.26264463428032,Berg-Lahser,Cambridge Ave & Beaverland St,Berg-Lahser
882ab2ca83fffff,0.0,3.0,New Hotspot,3.0,,7.5,ALL,Category Focus,Property Crime,3.0,3.0,2026-09-07,2026-09-20,2026-09-21,2026-10-04,42.441940145498506,-83.26429132527683,Berg-Lahser,Hessel Ave & Alderton St,Berg-Lahser
882ab2cabbfffff,3.0,0.0,Declining Hotspot,-3.0,-100.0,0.0,ALL,Category Focus,Property Crime,3.0,3.0,2026-09-07,2026-09-20,2026-09-21,2026-10-04,42.43240691994878,-83.26264463428032,Berg-Lahser,Cambridge Ave & Beaverland St,Berg-Lahser
882ab2ca97fffff,0.0,3.0,New Hotspot,3.0,,7.5,08,Category Focus,Violent Crime,3.0,3.0,2026-09-07,2026-09-20,2026-09-21,2026-10-04,42.42912913317144,-83.25828825431547,Berg-Lahser,Lahser Rd & W 7 Mile Rd,Berg-Lahser
882ab2ca95fffff,3.0,3.0,Persistent Hotspot,0.0,0.0,4.05,08,Category Focus,Violent Crime,3.0,3.0,2026-09-07,2026-09-20,2026-09-21,2026-10-04,42.43636721033087,-83.260917810567,Berg-Lahser,Fargo St & Houghton St,Berg-Lahser
882ab2ca97fffff,0.0,3.0,New Hotspot,3.0,,7.5,ALL,Category Focus,Violent Crime,3.0,3.0,2026-09-07,2026-09-20,2026-09-21,2026-10-04,42.42912913317144,-83.25828825431547,Berg-Lahser,Lahser Rd & W 7 Mile Rd,Berg-Lahser
882ab2ca95fffff,3.0,3.0,Persistent Hotspot,0.0,0.0,4.05,ALL,Category Focus,Violent Crime,3.0,3.0,2026-09-07,2026-09-20,2026-09-21,2026-10-04,42.43636721033087,-83.260917810567,Berg-Lahser,Fargo St & Houghton St,Berg-Lahser
882ab2ca83fffff,0.0,3.0,New Hotspot,3.0,,7.5,08,Crime Type,BURGLARY,3.0,3.0,2026-09-07,2026-09-20,2026-09-21,2026-10-04,42.441940145498506,-83.26429132527683,Berg-Lahser,Hessel Ave & Alderton St,Berg-Lahser
882ab2ca83fffff,0.0,3.0,New Hotspot,3.0,,7.5,ALL,Crime Type,BURGLARY,3.0,3.0,2026-09-07,2026-09-20,2026-09-21,2026-10-04,42.441940145498506,-83.26429132527683,Berg-Lahser,Hessel Ave & Alderton St,Berg-Lahser
882ab2ce65fffff,6.0,9.0,Emerging Hotspot,3.0,50.0,13.5,02,All,All,7.0,9.0,2026-09-12,2026-09-25,2026-09-26,2026-10-09,42.40375635822886,-83.18559534915846,Bethune Community,Fenkell St & Strathmoor St,Bethune Community
882ab2ce67fffff,16.0,13.0,Persistent Hotspot,-3.0,-18.75,17.55,02,All,All,7.0,9.0,2026-09-12,2026-09-25,2026-09-26,2026-10-09,42.399836755734746,-83.18123826092473,Bethune Community,Chalfonte St & Ardmore St,Bethune Community
882ab2ce61fffff,7.0,5.0,Declining Hotspot,-2.0,-28.57,5.0,02,All,All,7.0,9.0,2026-09-12,2026-09-25,2026-09-26,2026-10-09,42.4040301368467,-83.17812533676428,Bethune Community,Schaefer Hwy & Keeler Ave,Bethune Community
882ab2ce61fffff,12.0,7.0,Persistent Hotspot,-5.0,-41.67,9.45,12,All,All,11.0,6.0,2026-09-12,2026-09-25,2026-09-26,2026-10-09,42.4040301368467,-83.17812533676428,Bethune Community,Schaefer Hwy & Keeler Ave,Bethune Community
882ab2ce67fffff,16.0,13.0,Persistent Hotspot,-3.0,-18.75,17.55,ALL,All,All,15.0,11.0,2026-09-12,2026-09-25,2026-09-26,2026-10-09,42.399836755734746,-83.18123826092473,Bethune Community,Chalfonte St & Ardmore St,Bethune Community
882ab2ce61fffff,19.0,12.0,Persistent Hotspot,-7.0,-36.84,16.2,ALL,All,All,15.0,11.0,2026-09-12,2026-09-25,2026-09-26,2026-10-09,42.4040301368467,-83.17812533676428,Bethune Community,Schaefer Hwy & Keeler Ave,Bethune Community
882ab2ce65fffff,2.0,5.0,Emerging Hotspot,3.0,150.0,9.5,02,Category Focus,Property Crime,3.0,5.0,2026-09-12,2026-09-25,2026-09-26,2026-10-09,42.40375635822886,-83.18559534915846,Bethune Community,Fenkell St & Strathmoor St,Bethune Community
882ab2ce67fffff,4.0,5.0,Persistent Hotspot,1.0,25.0,8.25,02,Category Focus,Property Crime,3.0,5.0,2026-09-12,2026-09-25,2026-09-26,2026-10-09,42.399836755734746,-83.18123826092473,Bethune Community,Chalfonte St & Ardmore St,Bethune Community
882ab2ce61fffff,6.0,1.0,Declining Hotspot,-5.0,-83.33,1.0,12,Category Focus,Property Crime,5.0,3.0,2026-09-12,2026-09-25,2026-09-26,2026-10-09,42.4040301368467,-83.17812533676428,Bethune Community,Schaefer Hwy & Keeler Ave,Bethune Community
882ab2ce65fffff,2.0,5.0,Emerging Hotspot,3.0,150.0,9.5,ALL,Category Focus,Property Crime,4.0,5.0,2026-09-12,2026-09-25,2026-09-26,2026-10-09,42.40375635822886,-83.18559534915846,Bethune Community,Fenkell St & Strathmoor St,Bethune Community
882ab2ce67fffff,4.0,5.0,Persistent Hotspot,1.0,25.0,8.25,ALL,Category Focus,Property Crime,4.0,5.0,2026-09-12,2026-09-25,2026-09-26,2026-10-09,42.399836755734746,-83.18123826092473,Bethune Community,Chalfonte St & Ardmore St,Bethune Community
882ab2ce61fffff,8.0,2.0,Declining Hotspot,-6.0,-75.0,2.0,ALL,Category Focus,Property Crime,4.0,5.0,2026-09-12,2026-09-25,2026-09-26,2026-10-09,42.4040301368467,-83.17812533676428,Bethune Community,Schaefer Hwy & Keeler Ave,Bethune Community
882ab2ce67fffff,2.0,5.0,Emerging Hotspot,3.0,150.0,9.5,02,Category Focus,Vehicle-Related Crime,3.0,5.0,2026-09-12,2026-09-25,2026-09-26,2026-10-09,42.399836755734746,-83.18123826092473,Bethune Community,Chalfonte St & Ardmore St,Bethune Community
882ab2ce69fffff,3.0,1.0,Declining Hotspot,-2.0,-66.67,1.0,12,Category Focus,Vehicle-Related Crime,3.0,3.0,2026-09-12,2026-09-25,2026-09-26,2026-10-09,42.40779918311696,-83.16967137333373,Bethune Community,Puritan St & Steel St,Bethune Community
882ab2ce67fffff,2.0,5.0,Emerging Hotspot,3.0,150.0,9.5,ALL,Category Focus,Vehicle-Related Crime,3.0,4.0,2026-09-12,2026-09-25,2026-09-26,2026-10-09,42.399836755734746,-83.18123826092473,Bethune Community,Chalfonte St & Ardmore St,Bethune Community
882ab2ce69fffff,3.0,1.0,Declining Hotspot,-2.0,-66.67,1.0,ALL,Category Focus,Vehicle-Related Crime,3.0,4.0,2026-09-12,2026-09-25,2026-09-26,2026-10-09,42.40779918311696,-83.16967137333373,Bethune Community,Puritan St & Steel St,Bethune Community
882ab2ce65fffff,4.0,3.0,Persistent Hotspot,-1.0,-25.0,4.05,02,Category Focus,Violent Crime,4.0,3.0,2026-09-12,2026-09-25,2026-09-26,2026-10-09,42.40375635822886,-83.18559534915846,Bethune Community,Fenkell St & Strathmoor St,Bethune Community
882ab2ce67fffff,6.0,3.0,Persistent Hotspot,-3.0,-50.0,4.05,02,Category Focus,Violent Crime,4.0,3.0,2026-09-12,2026-09-25,2026-09-26,2026-10-09,42.399836755734746,-83.18123826092473,Bethune Community,Chalfonte St & Ardmore St,Bethune Community
882ab2ce6bfffff,6.0,1.0,Declining Hotspot,-5.0,-83.33,1.0,12,Category Focus,Violent Crime,6.0,3.0,2026-09-12,2026-09-25,2026-09-26,2026-10-09,42.40250424919368,-83.16582162465838,Bethune Community,Washburn St & Fenkell St,Bethune Community
882ab2ce65fffff,4.0,3.0,Emerging Hotspot,-1.0,-25.0,3.0,ALL,Category Focus,Violent Crime,6.0,3.0,2026-09-12,2026-09-25,2026-09-26,2026-10-09,42.40375635822886,-83.18559534915846,Bethune Community,Fenkell St & Strathmoor St,Bethune Community
882ab2ce67fffff,6.0,3.0,Persistent Hotspot,-3.0,-50.0,4.05,ALL,Category Focus,Violent Crime,6.0,3.0,2026-09-12,2026-09-25,2026-09-26,2026-10-09,42.399836755734746,-83.18123826092473,Bethune Community,Chalfonte St & Ardmore St,Bethune Community
882ab2ce6bfffff,8.0,2.0,Declining Hotspot,-6.0,-75.0,2.0,ALL,Category Focus,Violent Crime,6.0,3.0,2026-09-12,2026-09-25,2026-09-26,2026-10-09,42.40250424919368,-83.16582162465838,Bethune Community,Washburn St & Fenkell St,Bethune Community
882ab2ce65fffff,3.0,3.0,Emerging Hotspot,0.0,0.0,3.0,02,Crime Type,ASSAULT,4.0,3.0,2026-09-12,2026-09-25,2026-09-26,2026-10-09,42.40375635822886,-83.18559534915846,Bethune Community,Fenkell St & Strathmoor St,Bethune Community
882ab2ce67fffff,4.0,1.0,Declining Hotspot,-3.0,-75.0,1.0,02,Crime Type,ASSAULT,4.0,3.0,2026-09-12,2026-09-25,2026-09-26,2026-10-09,42.399836755734746,-83.18123826092473,Bethune Community,Chalfonte St & Ardmore St,Bethune Community
882ab2ce61fffff,3.0,0.0,Declining Hotspot,-3.0,-100.0,0.0,12,Crime Type,ASSAULT,3.0,3.0,2026-09-12,2026-09-25,2026-09-26,2026-10-09,42.4040301368467,-83.17812533676428,Bethune Community,Schaefer Hwy & Keeler Ave,Bethune Community
882ab2ce65fffff,3.0,3.0,Emerging Hotspot,0.0,0.0,3.0,ALL,Crime Type,ASSAULT,4.0,3.0,2026-09-12,2026-09-25,2026-09-26,2026-10-09,42.40375635822886,-83.18559534915846,Bethune Community,Fenkell St & Strathmoor St,Bethune Community
882ab2ce6bfffff,4.0,2.0,Declining Hotspot,-2.0,-50.0,2.0,ALL,Crime Type,ASSAULT,4.0,3.0,2026-09-12,2026-09-25,2026-09-26,2026-10-09,42.40250424919368,-83.16582162465838,Bethune Community,Washburn St & Fenkell St,Bethune Community
882ab2ce67fffff,4.0,1.0,Declining Hotspot,-3.0,-75.0,1.0,ALL,Crime Type,ASSAULT,4.0,3.0,2026-09-12,2026-09-25,2026-09-26,2026-10-09,42.399836755734746,-83.18123826092473,Bethune Community,Chalfonte St & Ardmore St,Bethune Community
882ab2ce65fffff,1.0,4.0,Emerging Hotspot,3.0,300.0,8.5,02,Crime Type,DAMAGE TO PROPERTY,3.0,3.0,2026-09-12,2026-09-25,2026-09-26,2026-10-09,42.40375635822886,-83.18559534915846,Bethune Community,Fenkell St & Strathmoor St,Bethune Community
882ab2ce61fffff,3.0,0.0,Declining Hotspot,-3.0,-100.0,0.0,12,Crime Type,DAMAGE TO PROPERTY,3.0,3.0,2026-09-12,2026-09-25,2026-09-26,2026-10-09,42.4040301368467,-83.17812533676428,Bethune Community,Schaefer Hwy & Keeler Ave,Bethune Community
882ab2ce65fffff,1.0,4.0,Emerging Hotspot,3.0,300.0,8.5,ALL,Crime Type,DAMAGE TO PROPERTY,3.0,3.0,2026-09-12,2026-09-25,2026-09-26,2026-10-09,42.40375635822886,-83.18559534915846,Bethune Community,Fenkell St & Strathmoor St,Bethune Community
882ab2ce61fffff,4.0,0.0,Declining Hotspot,-4.0,-100.0,0.0,ALL,Crime Type,DAMAGE TO PROPERTY,3.0,3.0,2026-09-12,2026-09-25,2026-09-26,2026-10-09,42.4040301368467,-83.17812533676428,Bethune Community,Schaefer Hwy & Keeler Ave,Bethune Community
882ab2ce61fffff,3.0,4.0,Persistent Hotspot,1.0,33.33,6.9,02,Crime Type,FRAUD,3.0,4.0,2026-09-12,2026-09-25,2026-09-26,2026-10-09,42.4040301368467,-83.17812533676428,Bethune Community,Schaefer Hwy & Keeler Ave,Bethune Community
882ab2ce61fffff,3.0,5.0,Persistent Hotspot,2.0,66.67,9.75,ALL,Crime Type,FRAUD,3.0,5.0,2026-09-12,2026-09-25,2026-09-26,2026-10-09,42.4040301368467,-83.17812533676428,Bethune Community,Schaefer Hwy & Keeler Ave,Bethune Community
882ab2ce69fffff,3.0,1.0,Declining Hotspot,-2.0,-66.67,1.0,12,Crime Type,LARCENY,3.0,3.0,2026-09-12,2026-09-25,2026-09-26,2026-10-09,42.40779918311696,-83.16967137333373,Bethune Community,Puritan St & Steel St,Bethune Community
882ab2ce69fffff,3.0,1.0,Declining Hotspot,-2.0,-66.67,1.0,ALL,Crime Type,LARCENY,3.0,3.0,2026-09-12,2026-09-25,2026-09-26,2026-10-09,42.40779918311696,-83.16967137333373,Bethune Community,Puritan St & Steel St,Bethune Community
882ab2ce67fffff,1.0,3.0,Emerging Hotspot,2.0,200.0,6.0,02,Crime Type,STOLEN VEHICLE,3.0,3.0,2026-09-12,2026-09-25,2026-09-26,2026-10-09,42.399836755734746,-83.18123826092473,Bethune Community,Chalfonte St & Ardmore St,Bethune Community
882ab2ce67fffff,1.0,3.0,Emerging Hotspot,2.0,200.0,6.0,ALL,Crime Type,STOLEN VEHICLE,3.0,3.0,2026-09-12,2026-09-25,2026-09-26,2026-10-09,42.399836755734746,-83.18123826092473,Bethune Community,Chalfonte St & Ardmore St,Bethune Community
882ab2c18bfffff,1.0,4.0,Emerging Hotspot,3.0,300.0,8.5,12,All,All,3.0,4.0,2026-09-03,2026-09-16,2026-09-17,2026-09-30,42.44065946658275,-83.17433701953581,Blackstone Park,Norfolk St & Appoline St,Blackstone Park
882ab2c18bfffff,1.0,4.0,Emerging Hotspot,3.0,300.0,8.5,ALL,All,All,3.0,4.0,2026-09-03,2026-09-16,2026-09-17,2026-09-30,42.44065946658275,-83.17433701953581,Blackstone Park,Norfolk St & Appoline St,Blackstone Park
882ab2c529fffff,2.0,4.0,Emerging Hotspot,2.0,100.0,7.0,10,All,All,3.0,4.0,2026-09-10,2026-09-23,2026-09-24,2026-10-07,42.3800494913456,-83.09832503399903,Boston Edison,Woodrow Wilson St & Longfellow St,Boston Edison
882ab2c563fffff,3.0,0.0,Declining Hotspot,-3.0,-100.0,0.0,10,All,All,3.0,4.0,2026-09-10,2026-09-23,2026-09-24,2026-10-07,42.386460060124,-83.08653052573146,Boston Edison,Longfellow St & 2nd Blvd,Boston Edison
882ab2c529fffff,2.0,4.0,Emerging Hotspot,2.0,100.0,7.0,ALL,All,All,3.0,4.0,2026-09-10,2026-09-23,2026-09-24,2026-10-07,42.3800494913456,-83.09832503399903,Boston Edison,Woodrow Wilson St & Longfellow St,Boston Edison
882ab2c563fffff,3.0,0.0,Declining Hotspot,-3.0,-100.0,0.0,ALL,All,All,3.0,4.0,2026-09-10,2026-09-23,2026-09-24,2026-10-07,42.386460060124,-83.08653052573146,Boston Edison,Longfellow St & 2nd Blvd,Boston Edison
882ab2c563fffff,3.0,0.0,Declining Hotspot,-3.0,-100.0,0.0,10,Category Focus,Property Crime,3.0,3.0,2026-09-10,2026-09-23,2026-09-24,2026-10-07,42.386460060124,-83.08653052573146,Boston Edison,Longfellow St & 2nd Blvd,Boston Edison
882ab2c563fffff,3.0,0.0,Declining Hotspot,-3.0,-100.0,0.0,ALL,Category Focus,Property Crime,3.0,3.0,2026-09-10,2026-09-23,2026-09-24,2026-10-07,42.386460060124,-83.08653052573146,Boston Edison,Longfellow St & 2nd Blvd,Boston Edison
882ab2c563fffff,3.0,0.0,Declining Hotspot,-3.0,-100.0,0.0,10,Crime Type,LARCENY,3.0,3.0,2026-09-10,2026-09-23,2026-09-24,2026-10-07,42.386460060124,-83.08653052573146,Boston Edison,Longfellow St & 2nd Blvd,Boston Edison
882ab2c563fffff,3.0,0.0,Declining Hotspot,-3.0,-100.0,0.0,ALL,Crime Type,LARCENY,3.0,3.0,2026-09-10,2026-09-23,2026-09-24,2026-10-07,42.386460060124,-83.08653052573146,Boston Edison,Longfellow St & 2nd Blvd,Boston Edison
882ab2cc9bfffff,0.0,5.0,New Hotspot,5.0,,12.5,04,All,All,3.0,5.0,2026-09-12,2026-09-25,2026-09-26,2026-10-09,42.27110988670601,-83.1495399544039,Boynton,Downing St & S Deacon St,Boynton
882ab2cc93fffff,6.0,5.0,Persistent Hotspot,-1.0,-16.67,6.75,04,All,All,3.0,5.0,2026-09-12,2026-09-25,2026-09-26,2026-10-09,42.2670386546049,-83.15600664121943,Boynton,S Annabelle St & Omaha St,Boynton
882ab2cc9bfffff,0.0,5.0,New Hotspot,5.0,,12.5,ALL,All,All,3.0,5.0,2026-09-12,2026-09-25,2026-09-26,2026-10-09,42.27110988670601,-83.1495399544039,Boynton,Downing St & S Deacon St,Boynton
882ab2cc93fffff,6.0,5.0,Persistent Hotspot,-1.0,-16.67,6.75,ALL,All,All,3.0,5.0,2026-09-12,2026-09-25,2026-09-26,2026-10-09,42.2670386546049,-83.15600664121943,Boynton,S Annabelle St & Omaha St,Boynton
882ab2cc93fffff,2.0,3.0,Emerging Hotspot,1.0,50.0,4.5,04,Category Focus,Property Crime,3.0,3.0,2026-09-12,2026-09-25,2026-09-26,2026-10-09,42.2670386546049,-83.15600664121943,Boynton,S Annabelle St & Omaha St,Boynton
882ab2cc93fffff,2.0,3.0,Emerging Hotspot,1.0,50.0,4.5,ALL,Category Focus,Property Crime,3.0,3.0,2026-09-12,2026-09-25,2026-09-26,2026-10-09,42.2670386546049,-83.15600664121943,Boynton,S Annabelle St & Omaha St,Boynton
882ab2cc9bfffff,0.0,3.0,New Hotspot,3.0,,7.5,04,Category Focus,Violent Crime,3.0,3.0,2026-09-12,2026-09-25,2026-09-26,2026-10-09,42.27110988670601,-83.1495399544039,Boynton,Downing St & S Deacon St,Boynton
882ab2cc93fffff,3.0,2.0,Declining Hotspot,-1.0,-33.33,2.0,04,Category Focus,Violent Crime,3.0,3.0,2026-09-12,2026-09-25,2026-09-26,2026-10-09,42.2670386546049,-83.15600664121943,Boynton,S Annabelle St & Omaha St,Boynton
882ab2cc9bfffff,0.0,3.0,New Hotspot,3.0,,7.5,ALL,Category Focus,Violent Crime,3.0,3.0,2026-09-12,2026-09-25,2026-09-26,2026-10-09,42.27110988670601,-83.1495399544039,Boynton,Downing St & S Deacon St,Boynton
882ab2cc93fffff,3.0,2.0,Declining Hotspot,-1.0,-33.33,2.0,ALL,Category Focus,Violent Crime,3.0,3.0,2026-09-12,2026-09-25,2026-09-26,2026-10-09,42.2670386546049,-83.15600664121943,Boynton,S Annabelle St & Omaha St,Boynton
882ab2cc93fffff,3.0,2.0,Declining Hotspot,-1.0,-33.33,2.0,04,Crime Type,ASSAULT,3.0,3.0,2026-09-12,2026-09-25,2026-09-26,2026-10-09,42.2670386546049,-83.15600664121943,Boynton,S Annabelle St & Omaha St,Boynton
882ab2cc93fffff,3.0,2.0,Declining Hotspot,-1.0,-33.33,2.0,ALL,Crime Type,ASSAULT,3.0,3.0,2026-09-12,2026-09-25,2026-09-26,2026-10-09,42.2670386546049,-83.15600664121943,Boynton,S Annabelle St & Omaha St,Boynton
882ab2cc93fffff,0.0,3.0,New Hotspot,3.0,,7.5,04,Crime Type,DAMAGE TO PROPERTY,3.0,3.0,2026-09-12,2026-09-25,2026-09-26,2026-10-09,42.2670386546049,-83.15600664121943,Boynton,S Annabelle St & Omaha St,Boynton
882ab2cc93fffff,0.0,3.0,New Hotspot,3.0,,7.5,ALL,Crime Type,DAMAGE TO PROPERTY,3.0,3.0,2026-09-12,2026-09-25,2026-09-26,2026-10-09,42.2670386546049,-83.15600664121943,Boynton,S Annabelle St & Omaha St,Boynton
882ab2cf07fffff,2.0,6.0,Emerging Hotspot,4.0,200.0,12.0,06,All,All,4.0,4.0,2026-09-11,2026-09-24,2026-09-25,2026-10-08,42.3926104170752,-83.24247504989057,Brightmoor,Acacia St & Fielding St,Brightmoor
882ab2cf39fffff,1.0,4.0,Emerging Hotspot,3.0,300.0,8.5,06,All,All,4.0,4.0,2026-09-11,2026-09-24,2026-09-25,2026-10-08,42.381500248373925,-83.24202138371153,Brightmoor,Fielding St & Glendale St,Brightmoor
882ab2cf03fffff,4.0,4.0,Persistent Hotspot,0.0,0.0,5.4,06,All,All,4.0,4.0,2026-09-11,2026-09-24,2026-09-25,2026-10-08,42.39166185818079,-83.23760286476676,Brightmoor,Acacia St & Crescent Dr,Brightmoor
882ab2cf3dfffff,6.0,2.0,Declining Hotspot,-4.0,-66.67,2.0,06,All,All,4.0,4.0,2026-09-11,2026-09-24,2026-09-25,2026-10-08,42.3866459851698,-83.2521234984745,Brightmoor,Kendall St & Trinity St,Brightmoor
882ab2cf29fffff,3.0,8.0,Emerging Hotspot,5.0,166.67,15.5,08,All,All,4.0,8.0,2026-09-11,2026-09-24,2026-09-25,2026-10-08,42.40210283064391,-83.25944755666258,Brightmoor,Midland St & Dolphin St,Brightmoor
882ab2cf0dfffff,9.0,10.0,Persistent Hotspot,1.0,11.11,15.0,08,All,All,4.0,8.0,2026-09-11,2026-09-24,2026-09-25,2026-10-08,42.40600295411183,-83.24063170700437,Brightmoor,Braile St & Pilgrim St,Brightmoor
882ab2cf05fffff,4.0,1.0,Declining Hotspot,-3.0,-75.0,1.0,08,All,All,4.0,8.0,2026-09-11,2026-09-24,2026-09-25,2026-10-08,42.40227923765231,-83.24937330903828,Brightmoor,Keeler St & Bentler St,Brightmoor
882ab2cf67fffff,4.0,0.0,Declining Hotspot,-4.0,-100.0,0.0,08,All,All,4.0,8.0,2026-09-11,2026-09-24,2026-09-25,2026-10-08,42.4056993994613,-83.26134278567176,Brightmoor,Dacosta St & Pilgrim St,Brightmoor
882ab2cf07fffff,2.0,6.0,Emerging Hotspot,4.0,200.0,12.0,ALL,All,All,5.0,6.0,2026-09-11,2026-09-24,2026-09-25,2026-10-08,42.3926104170752,-83.24247504989057,Brightmoor,Acacia St & Fielding St,Brightmoor
882ab2cf29fffff,5.0,8.0,Persistent Hotspot,3.0,60.0,15.3,ALL,All,All,5.0,6.0,2026-09-11,2026-09-24,2026-09-25,2026-10-08,42.40210283064391,-83.25944755666258,Brightmoor,Midland St & Dolphin St,Brightmoor
882ab2cf0dfffff,9.0,10.0,Persistent Hotspot,1.0,11.11,15.0,ALL,All,All,5.0,6.0,2026-09-11,2026-09-24,2026-09-25,2026-10-08,42.40600295411183,-83.24063170700437,Brightmoor,Braile St & Pilgrim St,Brightmoor
882ab2cf3dfffff,6.0,2.0,Declining Hotspot,-4.0,-66.67,2.0,ALL,All,All,5.0,6.0,2026-09-11,2026-09-24,2026-09-25,2026-10-08,42.3866459851698,-83.2521234984745,Brightmoor,Kendall St & Trinity St,Brightmoor
882ab2cf39fffff,1.0,3.0,Emerging Hotspot,2.0,200.0,6.0,06,Category Focus,Property Crime,3.0,3.0,2026-09-11,2026-09-24,2026-09-25,2026-10-08,42.381500248373925,-83.24202138371153,Brightmoor,Fielding St & Glendale St,Brightmoor
882ab2cf29fffff,1.0,5.0,Emerging Hotspot,4.0,400.0,11.0,08,Category Focus,Property Crime,3.0,5.0,2026-09-11,2026-09-24,2026-09-25,2026-10-08,42.40210283064391,-83.25944755666258,Brightmoor,Midland St & Dolphin St,Brightmoor
882ab2cf0dfffff,3.0,4.0,Declining Hotspot,1.0,33.33,5.5,08,Category Focus,Property Crime,3.0,5.0,2026-09-11,2026-09-24,2026-09-25,2026-10-08,42.40600295411183,-83.24063170700437,Brightmoor,Braile St & Pilgrim St,Brightmoor
882ab2cf29fffff,2.0,5.0,Emerging Hotspot,3.0,150.0,9.5,ALL,Category Focus,Property Crime,3.0,4.0,2026-09-11,2026-09-24,2026-09-25,2026-10-08,42.40210283064391,-83.25944755666258,Brightmoor,Midland St & Dolphin St,Brightmoor
882ab2cf0dfffff,3.0,4.0,Persistent Hotspot,1.0,33.33,6.9,ALL,Category Focus,Property Crime,3.0,4.0,2026-09-11,2026-09-24,2026-09-25,2026-10-08,42.40600295411183,-83.24063170700437,Brightmoor,Braile St & Pilgrim St,Brightmoor
882ab2cf0dfffff,5.0,1.0,Declining Hotspot,-4.0,-80.0,1.0,08,Category Focus,Vehicle-Related Crime,5.0,3.0,2026-09-11,2026-09-24,2026-09-25,2026-10-08,42.40600295411183,-83.24063170700437,Brightmoor,Braile St & Pilgrim St,Brightmoor
882ab2cf0dfffff,5.0,1.0,Declining Hotspot,-4.0,-80.0,1.0,ALL,Category Focus,Vehicle-Related Crime,3.0,3.0,2026-09-11,2026-09-24,2026-09-25,2026-10-08,42.40600295411183,-83.24063170700437,Brightmoor,Braile St & Pilgrim St,Brightmoor
882ab2cf07fffff,0.0,5.0,New Hotspot,5.0,,12.5,06,Category Focus,Violent Crime,3.0,3.0,2026-09-11,2026-09-24,2026-09-25,2026-10-08,42.3926104170752,-83.24247504989057,Brightmoor,Acacia St & Fielding St,Brightmoor
882ab2cf0dfffff,1.0,5.0,Emerging Hotspot,4.0,400.0,11.0,08,Category Focus,Violent Crime,3.0,4.0,2026-09-11,2026-09-24,2026-09-25,2026-10-08,42.40600295411183,-83.24063170700437,Brightmoor,Braile St & Pilgrim St,Brightmoor
882ab2cf07fffff,0.0,5.0,New Hotspot,5.0,,12.5,ALL,Category Focus,Violent Crime,3.0,3.0,2026-09-11,2026-09-24,2026-09-25,2026-10-08,42.3926104170752,-83.24247504989057,Brightmoor,Acacia St & Fielding St,Brightmoor
882ab2cf0dfffff,1.0,5.0,Emerging Hotspot,4.0,400.0,11.0,ALL,Category Focus,Violent Crime,3.0,3.0,2026-09-11,2026-09-24,2026-09-25,2026-10-08,42.40600295411183,-83.24063170700437,Brightmoor,Braile St & Pilgrim St,Brightmoor
882ab2cf29fffff,1.0,3.0,Emerging Hotspot,2.0,200.0,6.0,ALL,Category Focus,Violent Crime,3.0,3.0,2026-09-11,2026-09-24,2026-09-25,2026-10-08,42.40210283064391,-83.25944755666258,Brightmoor,Midland St & Dolphin St,Brightmoor
882ab2cf0dfffff,0.0,3.0,New Hotspot,3.0,,7.5,08,Crime Type,AGGRAVATED ASSAULT,3.0,3.0,2026-09-11,2026-09-24,2026-09-25,2026-10-08,42.40600295411183,-83.24063170700437,Brightmoor,Braile St & Pilgrim St,Brightmoor
882ab2cf29fffff,0.0,3.0,New Hotspot,3.0,,7.5,08,Crime Type,AGGRAVATED ASSAULT,3.0,3.0,2026-09-11,2026-09-24,2026-09-25,2026-10-08,42.40210283064391,-83.25944755666258,Brightmoor,Midland St & Dolphin St,Brightmoor
882ab2cf0dfffff,0.0,3.0,New Hotspot,3.0,,7.5,ALL,Crime Type,AGGRAVATED ASSAULT,3.0,3.0,2026-09-11,2026-09-24,2026-09-25,2026-10-08,42.40600295411183,-83.24063170700437,Brightmoor,Braile St & Pilgrim St,Brightmoor
882ab2cf29fffff,0.0,3.0,New Hotspot,3.0,,7.5,ALL,Crime Type,AGGRAVATED ASSAULT,3.0,3.0,2026-09-11,2026-09-24,2026-09-25,2026-10-08,42.40210283064391,-83.25944755666258,Brightmoor,Midland St & Dolphin St,Brightmoor
882ab2cf07fffff,0.0,3.0,New Hotspot,3.0,,7.5,06,Crime Type,ASSAULT,3.0,3.0,2026-09-11,2026-09-24,2026-09-25,2026-10-08,42.3926104170752,-83.24247504989057,Brightmoor,Acacia St & Fielding St,Brightmoor
882ab2cf07fffff,0.0,3.0,New Hotspot,3.0,,7.5,ALL,Crime Type,ASSAULT,3.0,3.0,2026-09-11,2026-09-24,2026-09-25,2026-10-08,42.3926104170752,-83.24247504989057,Brightmoor,Acacia St & Fielding St,Brightmoor
882ab2cf29fffff,0.0,3.0,New Hotspot,3.0,,7.5,08,Crime Type,DAMAGE TO PROPERTY,3.0,3.0,2026-09-11,2026-09-24,2026-09-25,2026-10-08,42.40210283064391,-83.25944755666258,Brightmoor,Midland St & Dolphin St,Brightmoor
882ab2cf0dfffff,1.0,3.0,Emerging Hotspot,2.0,200.0,6.0,08,Crime Type,DAMAGE TO PROPERTY,3.0,3.0,2026-09-11,2026-09-24,2026-09-25,2026-10-08,42.40600295411183,-83.24063170700437,Brightmoor,Braile St & Pilgrim St,Brightmoor
882ab2cf29fffff,0.0,3.0,New Hotspot,3.0,,7.5,ALL,Crime Type,DAMAGE TO PROPERTY,3.0,3.0,2026-09-11,2026-09-24,2026-09-25,2026-10-08,42.40210283064391,-83.25944755666258,Brightmoor,Midland St & Dolphin St,Brightmoor
882ab2cf0dfffff,1.0,3.0,Emerging Hotspot,2.0,200.0,6.0,ALL,Crime Type,DAMAGE TO PROPERTY,3.0,3.0,2026-09-11,2026-09-24,2026-09-25,2026-10-08,42.40600295411183,-83.24063170700437,Brightmoor,Braile St & Pilgrim St,Brightmoor
882ab2cf0dfffff,4.0,0.0,Declining Hotspot,-4.0,-100.0,0.0,08,Crime Type,STOLEN VEHICLE,4.0,3.0,2026-09-11,2026-09-24,2026-09-25,2026-10-08,42.40600295411183,-83.24063170700437,Brightmoor,Braile St & Pilgrim St,Brightmoor
882ab2cf0dfffff,4.0,0.0,Declining Hotspot,-4.0,-100.0,0.0,ALL,Crime Type,STOLEN VEHICLE,3.0,3.0,2026-09-11,2026-09-24,2026-09-25,2026-10-08,42.40600295411183,-83.24063170700437,Brightmoor,Braile St & Pilgrim St,Brightmoor
882ab2c5c5fffff,13.0,9.0,Persistent Hotspot,-4.0,-30.77,12.15,03,All,All,13.0,7.0,2026-09-08,2026-09-21,2026-09-22,2026-10-05,42.34465156289215,-83.05176390280647,Brush Park,Edmund Pl & John R St,Brush Park
882ab2c5e9fffff,13.0,3.0,Declining Hotspot,-10.0,-76.92,3.0,03,All,All,13.0,7.0,2026-09-08,2026-09-21,2026-09-22,2026-10-05,42.346487742123,-83.05634663049901,Brush Park,John R St & Erskine St,Brush Park
882ab2c5c5fffff,13.0,9.0,Persistent Hotspot,-4.0,-30.77,12.15,ALL,All,All,13.0,7.0,2026-09-08,2026-09-21,2026-09-22,2026-10-05,42.34465156289215,-83.05176390280647,Brush Park,Edmund Pl & John R St,Brush Park
882ab2c5e9fffff,13.0,3.0,Declining Hotspot,-10.0,-76.92,3.0,ALL,All,All,13.0,7.0,2026-09-08,2026-09-21,2026-09-22,2026-10-05,42.346487742123,-83.05634663049901,Brush Park,John R St & Erskine St,Brush Park
882ab2c5c5fffff,10.0,7.0,Persistent Hotspot,-3.0,-30.0,9.45,03,Category Focus,Property Crime,10.0,5.0,2026-09-08,2026-09-21,2026-09-22,2026-10-05,42.34465156289215,-83.05176390280647,Brush Park,Edmund Pl & John R St,Brush Park
882ab2c5c5fffff,10.0,7.0,Persistent Hotspot,-3.0,-30.0,9.45,ALL,Category Focus,Property Crime,10.0,5.0,2026-09-08,2026-09-21,2026-09-22,2026-10-05,42.34465156289215,-83.05176390280647,Brush Park,Edmund Pl & John R St,Brush Park
882ab2c5c5fffff,8.0,4.0,Persistent Hotspot,-4.0,-50.0,5.4,03,Category Focus,Vehicle-Related Crime,8.0,3.0,2026-09-08,2026-09-21,2026-09-22,2026-10-05,42.34465156289215,-83.05176390280647,Brush Park,Edmund Pl & John R St,Brush Park
882ab2c5c5fffff,8.0,4.0,Persistent Hotspot,-4.0,-50.0,5.4,ALL,Category Focus,Vehicle-Related Crime,8.0,3.0,2026-09-08,2026-09-21,2026-09-22,2026-10-05,42.34465156289215,-83.05176390280647,Brush Park,Edmund Pl & John R St,Brush Park
882ab2c5c5fffff,5.0,0.0,Declining Hotspot,-5.0,-100.0,0.0,03,Crime Type,DAMAGE TO PROPERTY,4.0,3.0,2026-09-08,2026-09-21,2026-09-22,2026-10-05,42.34465156289215,-83.05176390280647,Brush Park,Edmund Pl & John R St,Brush Park
882ab2c5c5fffff,5.0,0.0,Declining Hotspot,-5.0,-100.0,0.0,ALL,Crime Type,DAMAGE TO PROPERTY,4.0,3.0,2026-09-08,2026-09-21,2026-09-22,2026-10-05,42.34465156289215,-83.05176390280647,Brush Park,Edmund Pl & John R St,Brush Park
882ab2c5c5fffff,5.0,5.0,Persistent Hotspot,0.0,0.0,6.75,03,Crime Type,LARCENY,5.0,5.0,2026-09-08,2026-09-21,2026-09-22,2026-10-05,42.34465156289215,-83.05176390280647,Brush Park,Edmund Pl & John R St,Brush Park
882ab2c5e9fffff,5.0,0.0,Declining Hotspot,-5.0,-100.0,0.0,03,Crime Type,LARCENY,5.0,5.0,2026-09-08,2026-09-21,2026-09-22,2026-10-05,42.346487742123,-83.05634663049901,Brush Park,John R St & Erskine St,Brush Park
882ab2c5c5fffff,5.0,5.0,Persistent Hotspot,0.0,0.0,6.75,ALL,Crime Type,LARCENY,5.0,5.0,2026-09-08,2026-09-21,2026-09-22,2026-10-05,42.34465156289215,-83.05176390280647,Brush Park,Edmund Pl & John R St,Brush Park
882ab2c5e9fffff,5.0,0.0,Declining Hotspot,-5.0,-100.0,0.0,ALL,Crime Type,LARCENY,5.0,5.0,2026-09-08,2026-09-21,2026-09-22,2026-10-05,42.346487742123,-83.05634663049901,Brush Park,John R St & Erskine St,Brush Park
882ab2c5c5fffff,3.0,0.0,Declining Hotspot,-3.0,-100.0,0.0,03,Crime Type,STOLEN VEHICLE,3.0,3.0,2026-09-08,2026-09-21,2026-09-22,2026-10-05,42.34465156289215,-83.05176390280647,Brush Park,Edmund Pl & John R St,Brush Park
882ab2c5c5fffff,3.0,0.0,Declining Hotspot,-3.0,-100.0,0.0,ALL,Crime Type,STOLEN VEHICLE,3.0,3.0,2026-09-08,2026-09-21,2026-09-22,2026-10-05,42.34465156289215,-83.05176390280647,Brush Park,Edmund Pl & John R St,Brush Park
882ab2c735fffff,0.0,3.0,New Hotspot,3.0,,7.5,11,All,All,3.0,3.0,2026-09-08,2026-09-21,2026-09-22,2026-10-05,42.40446780401686,-83.04726188834653,Buffalo Charles,Caniff St & Buffalo St,Buffalo Charles
882ab2c723fffff,3.0,3.0,Persistent Hotspot,0.0,0.0,4.05,11,All,All,3.0,3.0,2026-09-08,2026-09-21,2026-09-22,2026-10-05,42.4118179608165,-83.04645330666432,Buffalo Charles,Bloom St & Rupert St,Buffalo Charles
882ab2c735fffff,0.0,3.0,New Hotspot,3.0,,7.5,ALL,All,All,3.0,3.0,2026-09-08,2026-09-21,2026-09-22,2026-10-05,42.40446780401686,-83.04726188834653,Buffalo Charles,Caniff St & Buffalo St,Buffalo Charles
882ab2c723fffff,3.0,3.0,Persistent Hotspot,0.0,0.0,4.05,ALL,All,All,3.0,3.0,2026-09-08,2026-09-21,2026-09-22,2026-10-05,42.4118179608165,-83.04645330666432,Buffalo Charles,Bloom St & Rupert St,Buffalo Charles
882ab2c0ddfffff,6.0,6.0,Persistent Hotspot,0.0,0.0,8.1,11,All,All,5.0,5.0,2026-09-08,2026-09-21,2026-09-22,2026-10-05,42.442621955993246,-83.07511554375627,Butler,E Remington St & Anglin St,Butler
882ab2c0ddfffff,6.0,6.0,Persistent Hotspot,0.0,0.0,8.1,ALL,All,All,5.0,5.0,2026-09-08,2026-09-21,2026-09-22,2026-10-05,42.442621955993246,-83.07511554375627,Butler,E Remington St & Anglin St,Butler
882ab2c0cbfffff,3.0,1.0,Declining Hotspot,-2.0,-66.67,1.0,11,Category Focus,Property Crime,3.0,3.0,2026-09-08,2026-09-21,2026-09-22,2026-10-05,42.44709568275135,-83.07908214276146,Butler,Fleming St & E 8 Mile Rd,Butler
882ab2c0cbfffff,3.0,1.0,Declining Hotspot,-2.0,-66.67,1.0,ALL,Category Focus,Property Crime,3.0,3.0,2026-09-08,2026-09-21,2026-09-22,2026-10-05,42.44709568275135,-83.07908214276146,Butler,Fleming St & E 8 Mile Rd,Butler
882ab2c0ddfffff,4.0,3.0,Persistent Hotspot,-1.0,-25.0,4.05,11,Category Focus,Violent Crime,4.0,3.0,2026-09-08,2026-09-21,2026-09-22,2026-10-05,42.442621955993246,-83.07511554375627,Butler,E Remington St & Anglin St,Butler
882ab2c0ddfffff,4.0,3.0,Persistent Hotspot,-1.0,-25.0,4.05,ALL,Category Focus,Violent Crime,4.0,3.0,2026-09-08,2026-09-21,2026-09-22,2026-10-05,42.442621955993246,-83.07511554375627,Butler,E Remington St & Anglin St,Butler
882ab2c0ddfffff,3.0,1.0,Declining Hotspot,-2.0,-66.67,1.0,11,Crime Type,ASSAULT,3.0,3.0,2026-09-08,2026-09-21,2026-09-22,2026-10-05,42.442621955993246,-83.07511554375627,Butler,E Remington St & Anglin St,Butler
882ab2c0ddfffff,3.0,1.0,Declining Hotspot,-2.0,-66.67,1.0,ALL,Crime Type,ASSAULT,3.0,3.0,2026-09-08,2026-09-21,2026-09-22,2026-10-05,42.442621955993246,-83.07511554375627,Butler,E Remington St & Anglin St,Butler
882ab2c0cbfffff,3.0,1.0,Declining Hotspot,-2.0,-66.67,1.0,11,Crime Type,LARCENY,3.0,3.0,2026-09-08,2026-09-21,2026-09-22,2026-10-05,42.44709568275135,-83.07908214276146,Butler,Fleming St & E 8 Mile Rd,Butler
882ab2c0cbfffff,3.0,1.0,Declining Hotspot,-2.0,-66.67,1.0,ALL,Crime Type,LARCENY,3.0,3.0,2026-09-08,2026-09-21,2026-09-22,2026-10-05,42.44709568275135,-83.07908214276146,Butler,Fleming St & E 8 Mile Rd,Butler
882ab2ce25fffff,5.0,5.0,Persistent Hotspot,0.0,0.0,6.75,02,All,All,5.0,4.0,2026-09-08,2026-09-21,2026-09-22,2026-10-05,42.38936138353942,-83.1972695818107,Cadillac Community,Greenfield Rd & Kendall St,Cadillac Community
882ab2ce25fffff,5.0,5.0,Persistent Hotspot,0.0,0.0,6.75,ALL,All,All,5.0,4.0,2026-09-08,2026-09-21,2026-09-22,2026-10-05,42.38936138353942,-83.1972695818107,Cadillac Community,Greenfield Rd & Kendall St,Cadillac Community
882ab2ce25fffff,3.0,1.0,Declining Hotspot,-2.0,-66.67,1.0,02,Category Focus,Property Crime,3.0,3.0,2026-09-08,2026-09-21,2026-09-22,2026-10-05,42.38936138353942,-83.1972695818107,Cadillac Community,Greenfield Rd & Kendall St,Cadillac Community
882ab2ce25fffff,3.0,1.0,Declining Hotspot,-2.0,-66.67,1.0,ALL,Category Focus,Property Crime,3.0,3.0,2026-09-08,2026-09-21,2026-09-22,2026-10-05,42.38936138353942,-83.1972695818107,Cadillac Community,Greenfield Rd & Kendall St,Cadillac Community
882ab2c099fffff,12.0,5.0,Persistent Hotspot,-7.0,-58.33,6.75,11,All,All,5.0,4.0,2026-09-09,2026-09-22,2026-09-23,2026-10-06,42.41862768769621,-83.076145729503,Cadillac Heights,Maine St & Jerome St,Cadillac Heights
882ab2c099fffff,12.0,5.0,Persistent Hotspot,-7.0,-58.33,6.75,ALL,All,All,5.0,4.0,2026-09-09,2026-09-22,2026-09-23,2026-10-06,42.41862768769621,-83.076145729503,Cadillac Heights,Maine St & Jerome St,Cadillac Heights
882ab2c099fffff,5.0,3.0,Persistent Hotspot,-2.0,-40.0,4.05,11,Category Focus,Property Crime,5.0,3.0,2026-09-09,2026-09-22,2026-09-23,2026-10-06,42.41862768769621,-83.076145729503,Cadillac Heights,Maine St & Jerome St,Cadillac Heights
882ab2c099fffff,5.0,3.0,Persistent Hotspot,-2.0,-40.0,4.05,ALL,Category Focus,Property Crime,5.0,3.0,2026-09-09,2026-09-22,2026-09-23,2026-10-06,42.41862768769621,-83.076145729503,Cadillac Heights,Maine St & Jerome St,Cadillac Heights
882ab2c099fffff,5.0,1.0,Declining Hotspot,-4.0,-80.0,1.0,11,Category Focus,Violent Crime,4.0,3.0,2026-09-09,2026-09-22,2026-09-23,2026-10-06,42.41862768769621,-83.076145729503,Cadillac Heights,Maine St & Jerome St,Cadillac Heights
882ab2c099fffff,5.0,1.0,Declining Hotspot,-4.0,-80.0,1.0,ALL,Category Focus,Violent Crime,4.0,3.0,2026-09-09,2026-09-22,2026-09-23,2026-10-06,42.41862768769621,-83.076145729503,Cadillac Heights,Maine St & Jerome St,Cadillac Heights
882ab2c099fffff,1.0,3.0,Emerging Hotspot,2.0,200.0,6.0,11,Crime Type,BURGLARY,3.0,3.0,2026-09-09,2026-09-22,2026-09-23,2026-10-06,42.41862768769621,-83.076145729503,Cadillac Heights,Maine St & Jerome St,Cadillac Heights
882ab2c099fffff,1.0,3.0,Emerging Hotspot,2.0,200.0,6.0,ALL,Crime Type,BURGLARY,3.0,3.0,2026-09-09,2026-09-22,2026-09-23,2026-10-06,42.41862768769621,-83.076145729503,Cadillac Heights,Maine St & Jerome St,Cadillac Heights
882ab2c727fffff,5.0,6.0,Emerging Hotspot,1.0,20.0,7.5,11,All,All,6.0,6.0,2026-09-08,2026-09-21,2026-09-22,2026-10-05,42.41351919261744,-83.0614762772905,Campau/Banglatown,E Davison St & Conant St,Campau/Banglatown
882ab2c54dfffff,6.0,0.0,Declining Hotspot,-6.0,-100.0,0.0,11,All,All,6.0,6.0,2026-09-08,2026-09-21,2026-09-22,2026-10-05,42.4069572516581,-83.06610695968152,Campau/Banglatown,Carpenter St & Goddard St,Campau/Banglatown
882ab2c727fffff,5.0,6.0,Emerging Hotspot,1.0,20.0,7.5,ALL,All,All,6.0,6.0,2026-09-08,2026-09-21,2026-09-22,2026-10-05,42.41351919261744,-83.0614762772905,Campau/Banglatown,E Davison St & Conant St,Campau/Banglatown
882ab2c54dfffff,6.0,0.0,Declining Hotspot,-6.0,-100.0,0.0,ALL,All,All,6.0,6.0,2026-09-08,2026-09-21,2026-09-22,2026-10-05,42.4069572516581,-83.06610695968152,Campau/Banglatown,Carpenter St & Goddard St,Campau/Banglatown
882ab2c727fffff,3.0,4.0,Persistent Hotspot,1.0,33.33,6.9,11,Category Focus,Property Crime,3.0,4.0,2026-09-08,2026-09-21,2026-09-22,2026-10-05,42.41351919261744,-83.0614762772905,Campau/Banglatown,E Davison St & Conant St,Campau/Banglatown
882ab2c727fffff,3.0,4.0,Persistent Hotspot,1.0,33.33,6.9,ALL,Category Focus,Property Crime,3.0,4.0,2026-09-08,2026-09-21,2026-09-22,2026-10-05,42.41351919261744,-83.0614762772905,Campau/Banglatown,E Davison St & Conant St,Campau/Banglatown
882ab2cd49fffff,10.0,9.0,Persistent Hotspot,-1.0,-10.0,12.15,06,All,All,10.0,9.0,2026-09-10,2026-09-23,2026-09-24,2026-10-07,42.38108595459882,-83.27214124344795,Castle Rouge,Virgil St & W Davison St,Castle Rouge
882ab2cd49fffff,10.0,9.0,Persistent Hotspot,-1.0,-10.0,12.15,ALL,All,All,10.0,9.0,2026-09-10,2026-09-23,2026-09-24,2026-10-07,42.38108595459882,-83.27214124344795,Castle Rouge,Virgil St & W Davison St,Castle Rouge
882ab2cd49fffff,3.0,4.0,Persistent Hotspot,1.0,33.33,6.9,06,Category Focus,Property Crime,3.0,4.0,2026-09-10,2026-09-23,2026-09-24,2026-10-07,42.38108595459882,-83.27214124344795,Castle Rouge,Virgil St & W Davison St,Castle Rouge
882ab2cd49fffff,3.0,4.0,Persistent Hotspot,1.0,33.33,6.9,ALL,Category Focus,Property Crime,3.0,4.0,2026-09-10,2026-09-23,2026-09-24,2026-10-07,42.38108595459882,-83.27214124344795,Castle Rouge,Virgil St & W Davison St,Castle Rouge
882ab2cd49fffff,4.0,4.0,Persistent Hotspot,0.0,0.0,5.4,06,Category Focus,Violent Crime,4.0,4.0,2026-09-10,2026-09-23,2026-09-24,2026-10-07,42.38108595459882,-83.27214124344795,Castle Rouge,Virgil St & W Davison St,Castle Rouge
882ab2cd49fffff,4.0,4.0,Persistent Hotspot,0.0,0.0,5.4,ALL,Category Focus,Violent Crime,4.0,4.0,2026-09-10,2026-09-23,2026-09-24,2026-10-07,42.38108595459882,-83.27214124344795,Castle Rouge,Virgil St & W Davison St,Castle Rouge
882ab2cd49fffff,4.0,4.0,Persistent Hotspot,0.0,0.0,5.4,06,Crime Type,ASSAULT,4.0,4.0,2026-09-10,2026-09-23,2026-09-24,2026-10-07,42.38108595459882,-83.27214124344795,Castle Rouge,Virgil St & W Davison St,Castle Rouge
882ab2cd49fffff,4.0,4.0,Persistent Hotspot,0.0,0.0,5.4,ALL,Crime Type,ASSAULT,4.0,4.0,2026-09-10,2026-09-23,2026-09-24,2026-10-07,42.38108595459882,-83.27214124344795,Castle Rouge,Virgil St & W Davison St,Castle Rouge
882ab2cd49fffff,0.0,3.0,New Hotspot,3.0,,7.5,06,Crime Type,LARCENY,3.0,3.0,2026-09-10,2026-09-23,2026-09-24,2026-10-07,42.38108595459882,-83.27214124344795,Castle Rouge,Virgil St & W Davison St,Castle Rouge
882ab2cd49fffff,0.0,3.0,New Hotspot,3.0,,7.5,ALL,Crime Type,LARCENY,3.0,3.0,2026-09-10,2026-09-23,2026-09-24,2026-10-07,42.38108595459882,-83.27214124344795,Castle Rouge,Virgil St & W Davison St,Castle Rouge
882ab2ce91fffff,8.0,11.0,Persistent Hotspot,3.0,37.5,19.35,04,All,All,5.0,6.0,2026-09-11,2026-09-24,2026-09-25,2026-10-08,42.31701760692268,-83.10546729140823,Central Southwest,W Vernor Hwy & Campbell St,Central Southwest
882ab2ce99fffff,11.0,6.0,Persistent Hotspot,-5.0,-45.45,8.1,04,All,All,5.0,6.0,2026-09-11,2026-09-24,2026-09-25,2026-10-08,42.319742891837656,-83.09715415552316,Central Southwest,W Vernor Hwy & McKinstry St,Central Southwest
882ab2ced3fffff,5.0,0.0,Declining Hotspot,-5.0,-100.0,0.0,04,All,All,5.0,6.0,2026-09-11,2026-09-24,2026-09-25,2026-10-08,42.328749530712905,-83.09409114129183,Central Southwest,Toledo St & Hubbard St,Central Southwest
882ab2ce91fffff,8.0,11.0,Persistent Hotspot,3.0,37.5,19.35,ALL,All,All,5.0,6.0,2026-09-11,2026-09-24,2026-09-25,2026-10-08,42.31701760692268,-83.10546729140823,Central Southwest,W Vernor Hwy & Campbell St,Central Southwest
882ab2ce99fffff,11.0,6.0,Persistent Hotspot,-5.0,-45.45,8.1,ALL,All,All,5.0,6.0,2026-09-11,2026-09-24,2026-09-25,2026-10-08,42.319742891837656,-83.09715415552316,Central Southwest,W Vernor Hwy & McKinstry St,Central Southwest
882ab2ced3fffff,5.0,0.0,Declining Hotspot,-5.0,-100.0,0.0,ALL,All,All,5.0,6.0,2026-09-11,2026-09-24,2026-09-25,2026-10-08,42.328749530712905,-83.09409114129183,Central Southwest,Toledo St & Hubbard St,Central Southwest
882ab2ce97fffff,0.0,4.0,New Hotspot,4.0,,10.0,04,Category Focus,Property Crime,3.0,3.0,2026-09-11,2026-09-24,2026-09-25,2026-10-08,42.31274410215283,-83.11451723305804,Central Southwest,Bostwick St & Beard St,Central Southwest
882ab2ce91fffff,3.0,0.0,Declining Hotspot,-3.0,-100.0,0.0,04,Category Focus,Property Crime,3.0,3.0,2026-09-11,2026-09-24,2026-09-25,2026-10-08,42.31701760692268,-83.10546729140823,Central Southwest,W Vernor Hwy & Campbell St,Central Southwest
882ab2ced3fffff,3.0,0.0,Declining Hotspot,-3.0,-100.0,0.0,04,Category Focus,Property Crime,3.0,3.0,2026-09-11,2026-09-24,2026-09-25,2026-10-08,42.328749530712905,-83.09409114129183,Central Southwest,Toledo St & Hubbard St,Central Southwest
882ab2ce97fffff,0.0,4.0,New Hotspot,4.0,,10.0,ALL,Category Focus,Property Crime,3.0,3.0,2026-09-11,2026-09-24,2026-09-25,2026-10-08,42.31274410215283,-83.11451723305804,Central Southwest,Bostwick St & Beard St,Central Southwest
882ab2ce91fffff,3.0,0.0,Declining Hotspot,-3.0,-100.0,0.0,ALL,Category Focus,Property Crime,3.0,3.0,2026-09-11,2026-09-24,2026-09-25,2026-10-08,42.31701760692268,-83.10546729140823,Central Southwest,W Vernor Hwy & Campbell St,Central Southwest
882ab2ced3fffff,3.0,0.0,Declining Hotspot,-3.0,-100.0,0.0,ALL,Category Focus,Property Crime,3.0,3.0,2026-09-11,2026-09-24,2026-09-25,2026-10-08,42.328749530712905,-83.09409114129183,Central Southwest,Toledo St & Hubbard St,Central Southwest
882ab2ce93fffff,1.0,3.0,Emerging Hotspot,2.0,200.0,6.0,04,Category Focus,Vehicle-Related Crime,3.0,3.0,2026-09-11,2026-09-24,2026-09-25,2026-10-08,42.30935451864705,-83.10617336198018,Central Southwest,Dragoon St & W Lafayette Blvd,Central Southwest
882ab2ce93fffff,1.0,3.0,Emerging Hotspot,2.0,200.0,6.0,ALL,Category Focus,Vehicle-Related Crime,3.0,3.0,2026-09-11,2026-09-24,2026-09-25,2026-10-08,42.30935451864705,-83.10617336198018,Central Southwest,Dragoon St & W Lafayette Blvd,Central Southwest
882ab2ce91fffff,4.0,2.0,Declining Hotspot,-2.0,-50.0,2.0,04,Category Focus,Violent Crime,4.0,3.0,2026-09-11,2026-09-24,2026-09-25,2026-10-08,42.31701760692268,-83.10546729140823,Central Southwest,W Vernor Hwy & Campbell St,Central Southwest
882ab2ce99fffff,4.0,1.0,Declining Hotspot,-3.0,-75.0,1.0,04,Category Focus,Violent Crime,4.0,3.0,2026-09-11,2026-09-24,2026-09-25,2026-10-08,42.319742891837656,-83.09715415552316,Central Southwest,W Vernor Hwy & McKinstry St,Central Southwest
882ab2ce91fffff,4.0,2.0,Declining Hotspot,-2.0,-50.0,2.0,ALL,Category Focus,Violent Crime,4.0,3.0,2026-09-11,2026-09-24,2026-09-25,2026-10-08,42.31701760692268,-83.10546729140823,Central Southwest,W Vernor Hwy & Campbell St,Central Southwest
882ab2ce99fffff,4.0,1.0,Declining Hotspot,-3.0,-75.0,1.0,ALL,Category Focus,Violent Crime,4.0,3.0,2026-09-11,2026-09-24,2026-09-25,2026-10-08,42.319742891837656,-83.09715415552316,Central Southwest,W Vernor Hwy & McKinstry St,Central Southwest
882ab2ce91fffff,4.0,2.0,Declining Hotspot,-2.0,-50.0,2.0,04,Crime Type,ASSAULT,4.0,3.0,2026-09-11,2026-09-24,2026-09-25,2026-10-08,42.31701760692268,-83.10546729140823,Central Southwest,W Vernor Hwy & Campbell St,Central Southwest
882ab2ce91fffff,4.0,2.0,Declining Hotspot,-2.0,-50.0,2.0,ALL,Crime Type,ASSAULT,4.0,3.0,2026-09-11,2026-09-24,2026-09-25,2026-10-08,42.31701760692268,-83.10546729140823,Central Southwest,W Vernor Hwy & Campbell St,Central Southwest
882ab2ce97fffff,0.0,3.0,New Hotspot,3.0,,7.5,04,Crime Type,DAMAGE TO PROPERTY,3.0,3.0,2026-09-11,2026-09-24,2026-09-25,2026-10-08,42.31274410215283,-83.11451723305804,Central Southwest,Bostwick St & Beard St,Central Southwest
882ab2ce97fffff,0.0,3.0,New Hotspot,3.0,,7.5,ALL,Crime Type,DAMAGE TO PROPERTY,3.0,3.0,2026-09-11,2026-09-24,2026-09-25,2026-10-08,42.31274410215283,-83.11451723305804,Central Southwest,Bostwick St & Beard St,Central Southwest
882ab2ce91fffff,1.0,6.0,Emerging Hotspot,5.0,500.0,13.5,04,Crime Type,FRAUD,3.0,6.0,2026-09-11,2026-09-24,2026-09-25,2026-10-08,42.31701760692268,-83.10546729140823,Central Southwest,W Vernor Hwy & Campbell St,Central Southwest
882ab2ce99fffff,4.0,2.0,Declining Hotspot,-2.0,-50.0,2.0,04,Crime Type,FRAUD,3.0,6.0,2026-09-11,2026-09-24,2026-09-25,2026-10-08,42.319742891837656,-83.09715415552316,Central Southwest,W Vernor Hwy & McKinstry St,Central Southwest
882ab2ce91fffff,1.0,6.0,Emerging Hotspot,5.0,500.0,13.5,ALL,Crime Type,FRAUD,3.0,6.0,2026-09-11,2026-09-24,2026-09-25,2026-10-08,42.31701760692268,-83.10546729140823,Central Southwest,W Vernor Hwy & Campbell St,Central Southwest
882ab2ce99fffff,4.0,2.0,Declining Hotspot,-2.0,-50.0,2.0,ALL,Crime Type,FRAUD,3.0,6.0,2026-09-11,2026-09-24,2026-09-25,2026-10-08,42.319742891837656,-83.09715415552316,Central Southwest,W Vernor Hwy & McKinstry St,Central Southwest
882ab2ce91fffff,3.0,0.0,Declining Hotspot,-3.0,-100.0,0.0,04,Crime Type,LARCENY,3.0,3.0,2026-09-11,2026-09-24,2026-09-25,2026-10-08,42.31701760692268,-83.10546729140823,Central Southwest,W Vernor Hwy & Campbell St,Central Southwest
882ab2ce91fffff,3.0,0.0,Declining Hotspot,-3.0,-100.0,0.0,ALL,Crime Type,LARCENY,3.0,3.0,2026-09-11,2026-09-24,2026-09-25,2026-10-08,42.31701760692268,-83.10546729140823,Central Southwest,W Vernor Hwy & Campbell St,Central Southwest
882ab2ceddfffff,1.0,4.0,Emerging Hotspot,3.0,300.0,8.5,03,All,All,5.0,3.0,2026-09-11,2026-09-24,2026-09-25,2026-10-08,42.346482387919714,-83.10279826243169,Chadsey Condon,25th St & Merrick St,Chadsey Condon
882ab2ced1fffff,9.0,0.0,Declining Hotspot,-9.0,-100.0,0.0,03,All,All,5.0,3.0,2026-09-11,2026-09-24,2026-09-25,2026-10-08,42.33543216029413,-83.09696539015233,Chadsey Condon,25th St & Magnolia St,Chadsey Condon
882ab2ced5fffff,1.0,3.0,Emerging Hotspot,2.0,200.0,6.0,04,All,All,4.0,3.0,2026-09-11,2026-09-24,2026-09-25,2026-10-08,42.34087553229851,-83.10824233494026,Chadsey Condon,W Hancock St & Scotten St,Chadsey Condon
882ab2ce8bfffff,4.0,3.0,Persistent Hotspot,-1.0,-25.0,4.05,04,All,All,4.0,3.0,2026-09-11,2026-09-24,2026-09-25,2026-10-08,42.331163128617,-83.11471961295914,Chadsey Condon,Bushey St & Michigan Ave,Chadsey Condon
882ab2ced5fffff,1.0,4.0,Emerging Hotspot,3.0,300.0,8.5,ALL,All,All,4.0,4.0,2026-09-11,2026-09-24,2026-09-25,2026-10-08,42.34087553229851,-83.10824233494026,Chadsey Condon,W Hancock St & Scotten St,Chadsey Condon
882ab2ceddfffff,1.0,4.0,Emerging Hotspot,3.0,300.0,8.5,ALL,All,All,4.0,4.0,2026-09-11,2026-09-24,2026-09-25,2026-10-08,42.346482387919714,-83.10279826243169,Chadsey Condon,25th St & Merrick St,Chadsey Condon
882ab2ce8bfffff,4.0,3.0,Declining Hotspot,-1.0,-25.0,3.0,ALL,All,All,4.0,4.0,2026-09-11,2026-09-24,2026-09-25,2026-10-08,42.331163128617,-83.11471961295914,Chadsey Condon,Bushey St & Michigan Ave,Chadsey Condon
882ab2cec3fffff,4.0,2.0,Declining Hotspot,-2.0,-50.0,2.0,ALL,All,All,4.0,4.0,2026-09-11,2026-09-24,2026-09-25,2026-10-08,42.344789164236744,-83.10863315786622,Chadsey Condon,W Grand Blvd & W Warren Ave,Chadsey Condon
882ab2ced1fffff,10.0,0.0,Declining Hotspot,-10.0,-100.0,0.0,ALL,All,All,4.0,4.0,2026-09-11,2026-09-24,2026-09-25,2026-10-08,42.33543216029413,-83.09696539015233,Chadsey Condon,25th St & Magnolia St,Chadsey Condon
882ab2ced1fffff,5.0,0.0,Declining Hotspot,-5.0,-100.0,0.0,03,Category Focus,Property Crime,4.0,3.0,2026-09-11,2026-09-24,2026-09-25,2026-10-08,42.33543216029413,-83.09696539015233,Chadsey Condon,25th St & Magnolia St,Chadsey Condon
882ab2ced5fffff,0.0,3.0,New Hotspot,3.0,,7.5,04,Category Focus,Property Crime,3.0,3.0,2026-09-11,2026-09-24,2026-09-25,2026-10-08,42.34087553229851,-83.10824233494026,Chadsey Condon,W Hancock St & Scotten St,Chadsey Condon
882ab2ce8bfffff,3.0,1.0,Declining Hotspot,-2.0,-66.67,1.0,04,Category Focus,Property Crime,3.0,3.0,2026-09-11,2026-09-24,2026-09-25,2026-10-08,42.331163128617,-83.11471961295914,Chadsey Condon,Bushey St & Michigan Ave,Chadsey Condon
882ab2ced5fffff,0.0,4.0,New Hotspot,4.0,,10.0,ALL,Category Focus,Property Crime,4.0,3.0,2026-09-11,2026-09-24,2026-09-25,2026-10-08,42.34087553229851,-83.10824233494026,Chadsey Condon,W Hancock St & Scotten St,Chadsey Condon
882ab2ced1fffff,5.0,0.0,Declining Hotspot,-5.0,-100.0,0.0,ALL,Category Focus,Property Crime,4.0,3.0,2026-09-11,2026-09-24,2026-09-25,2026-10-08,42.33543216029413,-83.09696539015233,Chadsey Condon,25th St & Magnolia St,Chadsey Condon
882ab2ced1fffff,3.0,0.0,Declining Hotspot,-3.0,-100.0,0.0,ALL,Category Focus,Vehicle-Related Crime,3.0,3.0,2026-09-11,2026-09-24,2026-09-25,2026-10-08,42.33543216029413,-83.09696539015233,Chadsey Condon,25th St & Magnolia St,Chadsey Condon
882ab2ced7fffff,3.0,0.0,Declining Hotspot,-3.0,-100.0,0.0,04,Category Focus,Violent Crime,3.0,3.0,2026-09-11,2026-09-24,2026-09-25,2026-10-08,42.333272748936494,-83.10601253238046,Chadsey Condon,28th St & Magnolia St,Chadsey Condon
882ab2ced7fffff,3.0,0.0,Declining Hotspot,-3.0,-100.0,0.0,ALL,Category Focus,Violent Crime,3.0,3.0,2026-09-11,2026-09-24,2026-09-25,2026-10-08,42.333272748936494,-83.10601253238046,Chadsey Condon,28th St & Magnolia St,Chadsey Condon
882ab2ced1fffff,4.0,0.0,Declining Hotspot,-4.0,-100.0,0.0,03,Crime Type,DAMAGE TO PROPERTY,4.0,3.0,2026-09-11,2026-09-24,2026-09-25,2026-10-08,42.33543216029413,-83.09696539015233,Chadsey Condon,25th St & Magnolia St,Chadsey Condon
882ab2ced1fffff,4.0,0.0,Declining Hotspot,-4.0,-100.0,0.0,ALL,Crime Type,DAMAGE TO PROPERTY,4.0,3.0,2026-09-11,2026-09-24,2026-09-25,2026-10-08,42.33543216029413,-83.09696539015233,Chadsey Condon,25th St & Magnolia St,Chadsey Condon
882ab2ce8bfffff,3.0,0.0,Declining Hotspot,-3.0,-100.0,0.0,04,Crime Type,LARCENY,3.0,3.0,2026-09-11,2026-09-24,2026-09-25,2026-10-08,42.331163128617,-83.11471961295914,Chadsey Condon,Bushey St & Michigan Ave,Chadsey Condon
882ab2ce8bfffff,3.0,0.0,Declining Hotspot,-3.0,-100.0,0.0,ALL,Crime Type,LARCENY,3.0,3.0,2026-09-11,2026-09-24,2026-09-25,2026-10-08,42.331163128617,-83.11471961295914,Chadsey Condon,Bushey St & Michigan Ave,Chadsey Condon
882ab2ced1fffff,3.0,0.0,Declining Hotspot,-3.0,-100.0,0.0,ALL,Crime Type,STOLEN VEHICLE,3.0,3.0,2026-09-11,2026-09-24,2026-09-25,2026-10-08,42.33543216029413,-83.09696539015233,Chadsey Condon,25th St & Magnolia St,Chadsey Condon
882ab2ce09fffff,4.0,9.0,Persistent Hotspot,5.0,125.0,19.65,10,All,All,3.0,5.0,2026-09-03,2026-09-16,2026-09-17,2026-09-30,42.3980566631716,-83.1502040244742,Chalfonte,Greenlawn St & Eaton St,Chalfonte
882ab2ce0dfffff,3.0,2.0,Declining Hotspot,-1.0,-33.33,2.0,10,All,All,3.0,5.0,2026-09-03,2026-09-16,2026-09-17,2026-09-30,42.39801018987655,-83.15637471161092,Chalfonte,Eaton St & Wisconsin St,Chalfonte
882ab2ce47fffff,3.0,2.0,Declining Hotspot,-1.0,-33.33,2.0,10,All,All,3.0,5.0,2026-09-03,2026-09-16,2026-09-17,2026-09-30,42.40033350025644,-83.14984445545751,Chalfonte,Chalfonte St & Turner St,Chalfonte
882ab2ce09fffff,4.0,9.0,Persistent Hotspot,5.0,125.0,19.65,ALL,All,All,3.0,5.0,2026-09-03,2026-09-16,2026-09-17,2026-09-30,42.3980566631716,-83.1502040244742,Chalfonte,Greenlawn St & Eaton St,Chalfonte
882ab2ce0dfffff,3.0,2.0,Declining Hotspot,-1.0,-33.33,2.0,ALL,All,All,3.0,5.0,2026-09-03,2026-09-16,2026-09-17,2026-09-30,42.39801018987655,-83.15637471161092,Chalfonte,Eaton St & Wisconsin St,Chalfonte
882ab2ce47fffff,3.0,2.0,Declining Hotspot,-1.0,-33.33,2.0,ALL,All,All,3.0,5.0,2026-09-03,2026-09-16,2026-09-17,2026-09-30,42.40033350025644,-83.14984445545751,Chalfonte,Chalfonte St & Turner St,Chalfonte
882ab2ce09fffff,0.0,4.0,New Hotspot,4.0,,10.0,10,Category Focus,Property Crime,3.0,3.0,2026-09-03,2026-09-16,2026-09-17,2026-09-30,42.3980566631716,-83.1502040244742,Chalfonte,Greenlawn St & Eaton St,Chalfonte
882ab2ce09fffff,0.0,4.0,New Hotspot,4.0,,10.0,ALL,Category Focus,Property Crime,3.0,3.0,2026-09-03,2026-09-16,2026-09-17,2026-09-30,42.3980566631716,-83.1502040244742,Chalfonte,Greenlawn St & Eaton St,Chalfonte
882ab2ce47fffff,3.0,1.0,Declining Hotspot,-2.0,-66.67,1.0,10,Category Focus,Violent Crime,3.0,3.0,2026-09-03,2026-09-16,2026-09-17,2026-09-30,42.40033350025644,-83.14984445545751,Chalfonte,Chalfonte St & Turner St,Chalfonte
882ab2ce47fffff,3.0,1.0,Declining Hotspot,-2.0,-66.67,1.0,ALL,Category Focus,Violent Crime,3.0,3.0,2026-09-03,2026-09-16,2026-09-17,2026-09-30,42.40033350025644,-83.14984445545751,Chalfonte,Chalfonte St & Turner St,Chalfonte
882ab2ce09fffff,0.0,3.0,New Hotspot,3.0,,7.5,10,Crime Type,DAMAGE TO PROPERTY,3.0,3.0,2026-09-03,2026-09-16,2026-09-17,2026-09-30,42.3980566631716,-83.1502040244742,Chalfonte,Greenlawn St & Eaton St,Chalfonte
882ab2ce09fffff,0.0,3.0,New Hotspot,3.0,,7.5,ALL,Crime Type,DAMAGE TO PROPERTY,3.0,3.0,2026-09-03,2026-09-16,2026-09-17,2026-09-30,42.3980566631716,-83.1502040244742,Chalfonte,Greenlawn St & Eaton St,Chalfonte
882ab2c623fffff,4.0,9.0,Persistent Hotspot,5.0,125.0,19.65,05,All,All,3.0,8.0,2026-09-12,2026-09-25,2026-09-26,2026-10-09,42.39964264656917,-82.96734741095672,Chandler Park,Drexel St & Southampton St,Chandler Park
882ab2c63dfffff,3.0,1.0,Declining Hotspot,-2.0,-66.67,1.0,05,All,All,3.0,8.0,2026-09-12,2026-09-25,2026-09-26,2026-10-09,42.39801206005198,-82.96311567318733,Chandler Park,Newport St & Southampton St,Chandler Park
882ab2c623fffff,4.0,9.0,Persistent Hotspot,5.0,125.0,19.65,ALL,All,All,3.0,8.0,2026-09-12,2026-09-25,2026-09-26,2026-10-09,42.39964264656917,-82.96734741095672,Chandler Park,Drexel St & Southampton St,Chandler Park
882ab2c63dfffff,3.0,1.0,Declining Hotspot,-2.0,-66.67,1.0,ALL,All,All,3.0,8.0,2026-09-12,2026-09-25,2026-09-26,2026-10-09,42.39801206005198,-82.96311567318733,Chandler Park,Newport St & Southampton St,Chandler Park
882ab2c623fffff,0.0,5.0,New Hotspot,5.0,,12.5,05,Category Focus,Property Crime,3.0,5.0,2026-09-12,2026-09-25,2026-09-26,2026-10-09,42.39964264656917,-82.96734741095672,Chandler Park,Drexel St & Southampton St,Chandler Park
882ab2c623fffff,0.0,5.0,New Hotspot,5.0,,12.5,ALL,Category Focus,Property Crime,3.0,5.0,2026-09-12,2026-09-25,2026-09-26,2026-10-09,42.39964264656917,-82.96734741095672,Chandler Park,Drexel St & Southampton St,Chandler Park
882ab2c623fffff,3.0,1.0,Declining Hotspot,-2.0,-66.67,1.0,05,Category Focus,Violent Crime,3.0,3.0,2026-09-12,2026-09-25,2026-09-26,2026-10-09,42.39964264656917,-82.96734741095672,Chandler Park,Drexel St & Southampton St,Chandler Park
882ab2c623fffff,3.0,1.0,Declining Hotspot,-2.0,-66.67,1.0,ALL,Category Focus,Violent Crime,3.0,3.0,2026-09-12,2026-09-25,2026-09-26,2026-10-09,42.39964264656917,-82.96734741095672,Chandler Park,Drexel St & Southampton St,Chandler Park
882ab2c623fffff,3.0,1.0,Declining Hotspot,-2.0,-66.67,1.0,05,Crime Type,ASSAULT,3.0,3.0,2026-09-12,2026-09-25,2026-09-26,2026-10-09,42.39964264656917,-82.96734741095672,Chandler Park,Drexel St & Southampton St,Chandler Park
882ab2c623fffff,3.0,1.0,Declining Hotspot,-2.0,-66.67,1.0,ALL,Crime Type,ASSAULT,3.0,3.0,2026-09-12,2026-09-25,2026-09-26,2026-10-09,42.39964264656917,-82.96734741095672,Chandler Park,Drexel St & Southampton St,Chandler Park
882ab2c63dfffff,4.0,5.0,Persistent Hotspot,1.0,25.0,8.25,05,All,All,4.0,5.0,2026-09-06,2026-09-19,2026-09-20,2026-10-03,42.39858551655715,-82.95787669950991,Chandler Park-Chalmers,Frankfort St & Alter Rd,Chandler Park-Chalmers
882ab2c63dfffff,4.0,5.0,Persistent Hotspot,1.0,25.0,8.25,ALL,All,All,4.0,5.0,2026-09-06,2026-09-19,2026-09-20,2026-10-03,42.39858551655715,-82.95787669950991,Chandler Park-Chalmers,Frankfort St & Alter Rd,Chandler Park-Chalmers
882ab2c63dfffff,1.0,3.0,Emerging Hotspot,2.0,200.0,6.0,05,Category Focus,Violent Crime,3.0,3.0,2026-09-06,2026-09-19,2026-09-20,2026-10-03,42.39858551655715,-82.95787669950991,Chandler Park-Chalmers,Frankfort St & Alter Rd,Chandler Park-Chalmers
882ab2c63dfffff,1.0,3.0,Emerging Hotspot,2.0,200.0,6.0,ALL,Category Focus,Violent Crime,3.0,3.0,2026-09-06,2026-09-19,2026-09-20,2026-10-03,42.39858551655715,-82.95787669950991,Chandler Park-Chalmers,Frankfort St & Alter Rd,Chandler Park-Chalmers
882ab2ceabfffff,2.0,10.0,Emerging Hotspot,8.0,400.0,22.0,04,All,All,5.0,8.0,2026-09-12,2026-09-25,2026-09-26,2026-10-09,42.33086026129325,-83.1461719915354,Claytown,Arnold St & Trenton St,Claytown
882ab2ce85fffff,6.0,11.0,Persistent Hotspot,5.0,83.33,22.35,04,All,All,5.0,8.0,2026-09-12,2026-09-25,2026-09-26,2026-10-09,42.33378178335646,-83.13859756466546,Claytown,Chopin St & Wagner St,Claytown
882ab2ce81fffff,5.0,6.0,Declining Hotspot,1.0,20.0,7.5,04,All,All,5.0,8.0,2026-09-12,2026-09-25,2026-09-26,2026-10-09,42.331160110509686,-83.128868493979,Claytown,Braden St & Michigan Ave,Claytown
882ab2ceabfffff,2.0,10.0,Emerging Hotspot,8.0,400.0,22.0,ALL,All,All,5.0,9.0,2026-09-12,2026-09-25,2026-09-26,2026-10-09,42.33086026129325,-83.1461719915354,Claytown,Arnold St & Trenton St,Claytown
882ab2ce85fffff,6.0,11.0,Persistent Hotspot,5.0,83.33,22.35,ALL,All,All,5.0,9.0,2026-09-12,2026-09-25,2026-09-26,2026-10-09,42.33378178335646,-83.13859756466546,Claytown,Chopin St & Wagner St,Claytown
882ab2ce81fffff,5.0,6.0,Declining Hotspot,1.0,20.0,7.5,ALL,All,All,5.0,9.0,2026-09-12,2026-09-25,2026-09-26,2026-10-09,42.331160110509686,-83.128868493979,Claytown,Braden St & Michigan Ave,Claytown
882ab2ce83fffff,0.0,3.0,New Hotspot,3.0,,7.5,04,Category Focus,Property Crime,3.0,3.0,2026-09-12,2026-09-25,2026-09-26,2026-10-09,42.32665745750594,-83.12425458673599,Claytown,Clayton St & Martin St,Claytown
882ab2cee3fffff,1.0,3.0,Emerging Hotspot,2.0,200.0,6.0,04,Category Focus,Property Crime,3.0,3.0,2026-09-12,2026-09-25,2026-09-26,2026-10-09,42.3409545626732,-83.14352498140082,Claytown,Kirkwood St & Cecil St,Claytown
882ab2ce85fffff,3.0,3.0,Persistent Hotspot,0.0,0.0,4.05,04,Category Focus,Property Crime,3.0,3.0,2026-09-12,2026-09-25,2026-09-26,2026-10-09,42.33378178335646,-83.13859756466546,Claytown,Chopin St & Wagner St,Claytown
882ab2ce83fffff,0.0,3.0,New Hotspot,3.0,,7.5,ALL,Category Focus,Property Crime,3.0,3.0,2026-09-12,2026-09-25,2026-09-26,2026-10-09,42.32665745750594,-83.12425458673599,Claytown,Clayton St & Martin St,Claytown
882ab2cee3fffff,1.0,3.0,Emerging Hotspot,2.0,200.0,6.0,ALL,Category Focus,Property Crime,3.0,3.0,2026-09-12,2026-09-25,2026-09-26,2026-10-09,42.3409545626732,-83.14352498140082,Claytown,Kirkwood St & Cecil St,Claytown
882ab2ce85fffff,3.0,3.0,Persistent Hotspot,0.0,0.0,4.05,ALL,Category Focus,Property Crime,3.0,3.0,2026-09-12,2026-09-25,2026-09-26,2026-10-09,42.33378178335646,-83.13859756466546,Claytown,Chopin St & Wagner St,Claytown
882ab2ceabfffff,0.0,5.0,New Hotspot,5.0,,12.5,04,Category Focus,Violent Crime,3.0,5.0,2026-09-12,2026-09-25,2026-09-26,2026-10-09,42.33086026129325,-83.1461719915354,Claytown,Arnold St & Trenton St,Claytown
882ab2ce85fffff,1.0,6.0,Emerging Hotspot,5.0,500.0,13.5,04,Category Focus,Violent Crime,3.0,5.0,2026-09-12,2026-09-25,2026-09-26,2026-10-09,42.33378178335646,-83.13859756466546,Claytown,Chopin St & Wagner St,Claytown
882ab2ceabfffff,0.0,5.0,New Hotspot,5.0,,12.5,ALL,Category Focus,Violent Crime,3.0,5.0,2026-09-12,2026-09-25,2026-09-26,2026-10-09,42.33086026129325,-83.1461719915354,Claytown,Arnold St & Trenton St,Claytown
882ab2ce85fffff,1.0,6.0,Emerging Hotspot,5.0,500.0,13.5,ALL,Category Focus,Violent Crime,3.0,5.0,2026-09-12,2026-09-25,2026-09-26,2026-10-09,42.33378178335646,-83.13859756466546,Claytown,Chopin St & Wagner St,Claytown
882ab2ceabfffff,0.0,4.0,New Hotspot,4.0,,10.0,04,Crime Type,ASSAULT,3.0,4.0,2026-09-12,2026-09-25,2026-09-26,2026-10-09,42.33086026129325,-83.1461719915354,Claytown,Arnold St & Trenton St,Claytown
882ab2ce85fffff,1.0,4.0,Emerging Hotspot,3.0,300.0,8.5,04,Crime Type,ASSAULT,3.0,4.0,2026-09-12,2026-09-25,2026-09-26,2026-10-09,42.33378178335646,-83.13859756466546,Claytown,Chopin St & Wagner St,Claytown
882ab2ceabfffff,0.0,4.0,New Hotspot,4.0,,10.0,ALL,Crime Type,ASSAULT,3.0,4.0,2026-09-12,2026-09-25,2026-09-26,2026-10-09,42.33086026129325,-83.1461719915354,Claytown,Arnold St & Trenton St,Claytown
882ab2ce85fffff,1.0,4.0,Emerging Hotspot,3.0,300.0,8.5,ALL,Crime Type,ASSAULT,3.0,4.0,2026-09-12,2026-09-25,2026-09-26,2026-10-09,42.33378178335646,-83.13859756466546,Claytown,Chopin St & Wagner St,Claytown
882ab2c1bdfffff,1.0,6.0,Emerging Hotspot,5.0,500.0,13.5,08,All,All,6.0,6.0,2026-09-10,2026-09-23,2026-09-24,2026-10-07,42.42851122136205,-83.20261363089881,College Park,Clarita St & Rutherford St,College Park
882ab2c1b5fffff,7.0,7.0,Persistent Hotspot,0.0,0.0,9.45,08,All,All,6.0,6.0,2026-09-10,2026-09-23,2026-09-24,2026-10-07,42.42205343437884,-83.20703014554923,College Park,Margareta St & Rutherford St,College Park
882ab2cf49fffff,6.0,3.0,Declining Hotspot,-3.0,-50.0,3.0,08,All,All,6.0,6.0,2026-09-10,2026-09-23,2026-09-24,2026-10-07,42.42468340643264,-83.21488045801193,College Park,Margareta St & Oakfield St,College Park
882ab2c1bdfffff,1.0,6.0,Emerging Hotspot,5.0,500.0,13.5,ALL,All,All,6.0,6.0,2026-09-10,2026-09-23,2026-09-24,2026-10-07,42.42851122136205,-83.20261363089881,College Park,Clarita St & Rutherford St,College Park
882ab2c1b5fffff,7.0,7.0,Persistent Hotspot,0.0,0.0,9.45,ALL,All,All,6.0,6.0,2026-09-10,2026-09-23,2026-09-24,2026-10-07,42.42205343437884,-83.20703014554923,College Park,Margareta St & Rutherford St,College Park
882ab2cf49fffff,6.0,3.0,Declining Hotspot,-3.0,-50.0,3.0,ALL,All,All,6.0,6.0,2026-09-10,2026-09-23,2026-09-24,2026-10-07,42.42468340643264,-83.21488045801193,College Park,Margareta St & Oakfield St,College Park
882ab2c1b5fffff,1.0,4.0,Emerging Hotspot,3.0,300.0,8.5,08,Category Focus,Vehicle-Related Crime,3.0,4.0,2026-09-10,2026-09-23,2026-09-24,2026-10-07,42.42205343437884,-83.20703014554923,College Park,Margareta St & Rutherford St,College Park
882ab2c1b5fffff,1.0,4.0,Emerging Hotspot,3.0,300.0,8.5,ALL,Category Focus,Vehicle-Related Crime,3.0,4.0,2026-09-10,2026-09-23,2026-09-24,2026-10-07,42.42205343437884,-83.20703014554923,College Park,Margareta St & Rutherford St,College Park
882ab2c1b5fffff,4.0,2.0,Declining Hotspot,-2.0,-50.0,2.0,08,Category Focus,Violent Crime,3.0,3.0,2026-09-10,2026-09-23,2026-09-24,2026-10-07,42.42205343437884,-83.20703014554923,College Park,Margareta St & Rutherford St,College Park
882ab2c1b5fffff,4.0,2.0,Declining Hotspot,-2.0,-50.0,2.0,ALL,Category Focus,Violent Crime,3.0,3.0,2026-09-10,2026-09-23,2026-09-24,2026-10-07,42.42205343437884,-83.20703014554923,College Park,Margareta St & Rutherford St,College Park
882ab2c1b5fffff,3.0,1.0,Declining Hotspot,-2.0,-66.67,1.0,08,Crime Type,ASSAULT,3.0,3.0,2026-09-10,2026-09-23,2026-09-24,2026-10-07,42.42205343437884,-83.20703014554923,College Park,Margareta St & Rutherford St,College Park
882ab2c1b5fffff,3.0,1.0,Declining Hotspot,-2.0,-66.67,1.0,ALL,Crime Type,ASSAULT,3.0,3.0,2026-09-10,2026-09-23,2026-09-24,2026-10-07,42.42205343437884,-83.20703014554923,College Park,Margareta St & Rutherford St,College Park
882ab2c1b5fffff,1.0,3.0,Emerging Hotspot,2.0,200.0,6.0,08,Crime Type,STOLEN VEHICLE,3.0,3.0,2026-09-10,2026-09-23,2026-09-24,2026-10-07,42.42205343437884,-83.20703014554923,College Park,Margareta St & Rutherford St,College Park
882ab2c1b5fffff,1.0,3.0,Emerging Hotspot,2.0,200.0,6.0,ALL,Crime Type,STOLEN VEHICLE,3.0,3.0,2026-09-10,2026-09-23,2026-09-24,2026-10-07,42.42205343437884,-83.20703014554923,College Park,Margareta St & Rutherford St,College Park
882ab2c0d3fffff,0.0,5.0,New Hotspot,5.0,,12.5,11,All,All,3.0,5.0,2026-09-10,2026-09-23,2026-09-24,2026-10-07,42.42846461882173,-83.0696651347343,Conant Gardens,E Grixdale St & Gallagher St,Conant Gardens
882ab2c0d3fffff,0.0,5.0,New Hotspot,5.0,,12.5,ALL,All,All,3.0,5.0,2026-09-10,2026-09-23,2026-09-24,2026-10-07,42.42846461882173,-83.0696651347343,Conant Gardens,E Grixdale St & Gallagher St,Conant Gardens
882ab2c0d3fffff,0.0,3.0,New Hotspot,3.0,,7.5,11,Category Focus,Violent Crime,3.0,3.0,2026-09-10,2026-09-23,2026-09-24,2026-10-07,42.42846461882173,-83.0696651347343,Conant Gardens,E Grixdale St & Gallagher St,Conant Gardens
882ab2c0d3fffff,0.0,3.0,New Hotspot,3.0,,7.5,ALL,Category Focus,Violent Crime,3.0,3.0,2026-09-10,2026-09-23,2026-09-24,2026-10-07,42.42846461882173,-83.0696651347343,Conant Gardens,E Grixdale St & Gallagher St,Conant Gardens
882ab2d5b5fffff,6.0,6.0,Persistent Hotspot,0.0,0.0,8.1,09,All,All,6.0,5.0,2026-09-11,2026-09-24,2026-09-25,2026-10-08,42.44561443793973,-82.99407206133775,Conner Creek,Bringard Dr & Barlow St,Conner Creek
882ab2c749fffff,6.0,0.0,Declining Hotspot,-6.0,-100.0,0.0,09,All,All,6.0,5.0,2026-09-11,2026-09-24,2026-09-25,2026-10-08,42.44898608723654,-82.99908335304417,Conner Creek,Strasburg St & E 8 Mile Rd,Conner Creek
882ab2c745fffff,1.0,4.0,Emerging Hotspot,3.0,300.0,8.5,11,All,All,3.0,4.0,2026-09-11,2026-09-24,2026-09-25,2026-10-08,42.44389465054612,-83.02448385687623,Conner Creek,Van Dyke St & E Outer Dr,Conner Creek
882ab2d5b5fffff,6.0,6.0,Persistent Hotspot,0.0,0.0,8.1,ALL,All,All,6.0,6.0,2026-09-11,2026-09-24,2026-09-25,2026-10-08,42.44561443793973,-82.99407206133775,Conner Creek,Bringard Dr & Barlow St,Conner Creek
882ab2c749fffff,6.0,0.0,Declining Hotspot,-6.0,-100.0,0.0,ALL,All,All,6.0,6.0,2026-09-11,2026-09-24,2026-09-25,2026-10-08,42.44898608723654,-82.99908335304417,Conner Creek,Strasburg St & E 8 Mile Rd,Conner Creek
882ab2c749fffff,3.0,0.0,Declining Hotspot,-3.0,-100.0,0.0,09,Category Focus,Vehicle-Related Crime,3.0,3.0,2026-09-11,2026-09-24,2026-09-25,2026-10-08,42.44898608723654,-82.99908335304417,Conner Creek,Strasburg St & E 8 Mile Rd,Conner Creek
882ab2c749fffff,3.0,0.0,Declining Hotspot,-3.0,-100.0,0.0,ALL,Category Focus,Vehicle-Related Crime,3.0,3.0,2026-09-11,2026-09-24,2026-09-25,2026-10-08,42.44898608723654,-82.99908335304417,Conner Creek,Strasburg St & E 8 Mile Rd,Conner Creek
882ab2d5b5fffff,4.0,3.0,Persistent Hotspot,-1.0,-25.0,4.05,09,Category Focus,Violent Crime,3.0,3.0,2026-09-11,2026-09-24,2026-09-25,2026-10-08,42.44561443793973,-82.99407206133775,Conner Creek,Bringard Dr & Barlow St,Conner Creek
882ab2d5b5fffff,4.0,3.0,Persistent Hotspot,-1.0,-25.0,4.05,ALL,Category Focus,Violent Crime,3.0,3.0,2026-09-11,2026-09-24,2026-09-25,2026-10-08,42.44561443793973,-82.99407206133775,Conner Creek,Bringard Dr & Barlow St,Conner Creek
882ab2d5b5fffff,4.0,1.0,Declining Hotspot,-3.0,-75.0,1.0,09,Crime Type,ASSAULT,4.0,3.0,2026-09-11,2026-09-24,2026-09-25,2026-10-08,42.44561443793973,-82.99407206133775,Conner Creek,Bringard Dr & Barlow St,Conner Creek
882ab2d5b5fffff,4.0,1.0,Declining Hotspot,-3.0,-75.0,1.0,ALL,Crime Type,ASSAULT,4.0,3.0,2026-09-11,2026-09-24,2026-09-25,2026-10-08,42.44561443793973,-82.99407206133775,Conner Creek,Bringard Dr & Barlow St,Conner Creek
882ab2c749fffff,3.0,0.0,Declining Hotspot,-3.0,-100.0,0.0,09,Crime Type,STOLEN VEHICLE,3.0,3.0,2026-09-11,2026-09-24,2026-09-25,2026-10-08,42.44898608723654,-82.99908335304417,Conner Creek,Strasburg St & E 8 Mile Rd,Conner Creek
882ab2c749fffff,3.0,0.0,Declining Hotspot,-3.0,-100.0,0.0,ALL,Crime Type,STOLEN VEHICLE,3.0,3.0,2026-09-11,2026-09-24,2026-09-25,2026-10-08,42.44898608723654,-82.99908335304417,Conner Creek,Strasburg St & E 8 Mile Rd,Conner Creek
882ab2c44dfffff,3.0,5.0,Persistent Hotspot,2.0,66.67,9.75,05,All,All,3.0,4.0,2026-09-04,2026-09-17,2026-09-18,2026-10-01,42.39295113020128,-82.9832051697187,Conner Creek Industrial,Chandler Park Dr & Shoemaker St,Conner Creek Industrial
882ab2c44dfffff,3.0,5.0,Persistent Hotspot,2.0,66.67,9.75,ALL,All,All,3.0,4.0,2026-09-04,2026-09-17,2026-09-18,2026-10-01,42.39295113020128,-82.9832051697187,Conner Creek Industrial,Chandler Park Dr & Shoemaker St,Conner Creek Industrial
882ab2c5e5fffff,5.0,0.0,Declining Hotspot,-5.0,-100.0,0.0,03,All,All,4.0,3.0,2026-09-11,2026-09-24,2026-09-25,2026-10-08,42.344270929544656,-83.07931278401115,Core City,W Alexandrine St & Rosa Parks Blvd,Core City
882ab2c5e5fffff,5.0,0.0,Declining Hotspot,-5.0,-100.0,0.0,ALL,All,All,4.0,3.0,2026-09-11,2026-09-24,2026-09-25,2026-10-08,42.344270929544656,-83.07931278401115,Core City,W Alexandrine St & Rosa Parks Blvd,Core City
882ab2c5e5fffff,3.0,0.0,Declining Hotspot,-3.0,-100.0,0.0,03,Category Focus,Property Crime,3.0,3.0,2026-09-11,2026-09-24,2026-09-25,2026-10-08,42.344270929544656,-83.07931278401115,Core City,W Alexandrine St & Rosa Parks Blvd,Core City
882ab2c5e5fffff,3.0,0.0,Declining Hotspot,-3.0,-100.0,0.0,ALL,Category Focus,Property Crime,3.0,3.0,2026-09-11,2026-09-24,2026-09-25,2026-10-08,42.344270929544656,-83.07931278401115,Core City,W Alexandrine St & Rosa Parks Blvd,Core City
882ab2c5e5fffff,3.0,0.0,Declining Hotspot,-3.0,-100.0,0.0,03,Category Focus,Vehicle-Related Crime,3.0,3.0,2026-09-11,2026-09-24,2026-09-25,2026-10-08,42.344270929544656,-83.07931278401115,Core City,W Alexandrine St & Rosa Parks Blvd,Core City
882ab2c5e5fffff,3.0,0.0,Declining Hotspot,-3.0,-100.0,0.0,ALL,Category Focus,Vehicle-Related Crime,3.0,3.0,2026-09-11,2026-09-24,2026-09-25,2026-10-08,42.344270929544656,-83.07931278401115,Core City,W Alexandrine St & Rosa Parks Blvd,Core City
882ab2c5e5fffff,3.0,0.0,Declining Hotspot,-3.0,-100.0,0.0,03,Crime Type,LARCENY,3.0,3.0,2026-09-11,2026-09-24,2026-09-25,2026-10-08,42.344270929544656,-83.07931278401115,Core City,W Alexandrine St & Rosa Parks Blvd,Core City
882ab2c5e5fffff,3.0,0.0,Declining Hotspot,-3.0,-100.0,0.0,ALL,Crime Type,LARCENY,3.0,3.0,2026-09-11,2026-09-24,2026-09-25,2026-10-08,42.344270929544656,-83.07931278401115,Core City,W Alexandrine St & Rosa Parks Blvd,Core City
882ab2c5e3fffff,3.0,6.0,Emerging Hotspot,3.0,100.0,10.5,03,All,All,4.0,5.0,2026-09-11,2026-09-24,2026-09-25,2026-10-08,42.33141461253818,-83.06403574888336,Corktown,Bagley St & Brooklyn St,Corktown
882ab2c585fffff,6.0,4.0,Declining Hotspot,-2.0,-33.33,4.0,03,All,All,4.0,5.0,2026-09-11,2026-09-24,2026-09-25,2026-10-08,42.326535947474376,-83.05987325242009,Corktown,W Lafayette Blvd & Brooklyn St,Corktown
882ab2c5e3fffff,3.0,6.0,Emerging Hotspot,3.0,100.0,10.5,ALL,All,All,4.0,5.0,2026-09-11,2026-09-24,2026-09-25,2026-10-08,42.33141461253818,-83.06403574888336,Corktown,Bagley St & Brooklyn St,Corktown
882ab2c585fffff,6.0,4.0,Declining Hotspot,-2.0,-33.33,4.0,ALL,All,All,4.0,5.0,2026-09-11,2026-09-24,2026-09-25,2026-10-08,42.326535947474376,-83.05987325242009,Corktown,W Lafayette Blvd & Brooklyn St,Corktown
882ab2c5e3fffff,2.0,5.0,Emerging Hotspot,3.0,150.0,9.5,03,Category Focus,Property Crime,3.0,4.0,2026-09-11,2026-09-24,2026-09-25,2026-10-08,42.33141461253818,-83.06403574888336,Corktown,Bagley St & Brooklyn St,Corktown
882ab2c585fffff,3.0,3.0,Declining Hotspot,0.0,0.0,3.0,03,Category Focus,Property Crime,3.0,4.0,2026-09-11,2026-09-24,2026-09-25,2026-10-08,42.326535947474376,-83.05987325242009,Corktown,W Lafayette Blvd & Brooklyn St,Corktown
882ab2c5e3fffff,2.0,5.0,Emerging Hotspot,3.0,150.0,9.5,ALL,Category Focus,Property Crime,3.0,4.0,2026-09-11,2026-09-24,2026-09-25,2026-10-08,42.33141461253818,-83.06403574888336,Corktown,Bagley St & Brooklyn St,Corktown
882ab2c585fffff,3.0,3.0,Declining Hotspot,0.0,0.0,3.0,ALL,Category Focus,Property Crime,3.0,4.0,2026-09-11,2026-09-24,2026-09-25,2026-10-08,42.326535947474376,-83.05987325242009,Corktown,W Lafayette Blvd & Brooklyn St,Corktown
882ab2c5e3fffff,2.0,5.0,Emerging Hotspot,3.0,150.0,9.5,03,Category Focus,Vehicle-Related Crime,3.0,4.0,2026-09-11,2026-09-24,2026-09-25,2026-10-08,42.33141461253818,-83.06403574888336,Corktown,Bagley St & Brooklyn St,Corktown
882ab2c5e3fffff,2.0,5.0,Emerging Hotspot,3.0,150.0,9.5,ALL,Category Focus,Vehicle-Related Crime,3.0,4.0,2026-09-11,2026-09-24,2026-09-25,2026-10-08,42.33141461253818,-83.06403574888336,Corktown,Bagley St & Brooklyn St,Corktown
882ab2c585fffff,3.0,0.0,Declining Hotspot,-3.0,-100.0,0.0,03,Category Focus,Violent Crime,3.0,3.0,2026-09-11,2026-09-24,2026-09-25,2026-10-08,42.326535947474376,-83.05987325242009,Corktown,W Lafayette Blvd & Brooklyn St,Corktown
882ab2c585fffff,3.0,0.0,Declining Hotspot,-3.0,-100.0,0.0,ALL,Category Focus,Violent Crime,3.0,3.0,2026-09-11,2026-09-24,2026-09-25,2026-10-08,42.326535947474376,-83.05987325242009,Corktown,W Lafayette Blvd & Brooklyn St,Corktown
882ab2c5e3fffff,2.0,5.0,Emerging Hotspot,3.0,150.0,9.5,03,Crime Type,LARCENY,3.0,4.0,2026-09-11,2026-09-24,2026-09-25,2026-10-08,42.33141461253818,-83.06403574888336,Corktown,Bagley St & Brooklyn St,Corktown
882ab2c585fffff,3.0,1.0,Declining Hotspot,-2.0,-66.67,1.0,03,Crime Type,LARCENY,3.0,4.0,2026-09-11,2026-09-24,2026-09-25,2026-10-08,42.326535947474376,-83.05987325242009,Corktown,W Lafayette Blvd & Brooklyn St,Corktown
882ab2c5e3fffff,2.0,5.0,Emerging Hotspot,3.0,150.0,9.5,ALL,Crime Type,LARCENY,3.0,4.0,2026-09-11,2026-09-24,2026-09-25,2026-10-08,42.33141461253818,-83.06403574888336,Corktown,Bagley St & Brooklyn St,Corktown
882ab2c585fffff,3.0,1.0,Declining Hotspot,-2.0,-66.67,1.0,ALL,Crime Type,LARCENY,3.0,4.0,2026-09-11,2026-09-24,2026-09-25,2026-10-08,42.326535947474376,-83.05987325242009,Corktown,W Lafayette Blvd & Brooklyn St,Corktown
882ab2c651fffff,1.0,7.0,Emerging Hotspot,6.0,600.0,16.0,05,All,All,8.0,6.0,2026-09-11,2026-09-24,2026-09-25,2026-10-08,42.4142457885089,-82.91249837461461,Cornerstone Village,Gateshead Dr & Gateshead St,Cornerstone Village
882ab2c657fffff,14.0,6.0,Persistent Hotspot,-8.0,-57.14,8.1,05,All,All,8.0,6.0,2026-09-11,2026-09-24,2026-09-25,2026-10-08,42.40842506185057,-82.92037765440844,Cornerstone Village,E Warren Ave & Lodewyck St,Cornerstone Village
882ab2c655fffff,8.0,5.0,Declining Hotspot,-3.0,-37.5,5.0,05,All,All,8.0,6.0,2026-09-11,2026-09-24,2026-09-25,2026-10-08,42.415150694414606,-82.92563550788495,Cornerstone Village,Hereford St & Southampton St,Cornerstone Village
882ab2c651fffff,1.0,7.0,Emerging Hotspot,6.0,600.0,16.0,ALL,All,All,8.0,6.0,2026-09-11,2026-09-24,2026-09-25,2026-10-08,42.4142457885089,-82.91249837461461,Cornerstone Village,Gateshead Dr & Gateshead St,Cornerstone Village
882ab2c657fffff,14.0,6.0,Persistent Hotspot,-8.0,-57.14,8.1,ALL,All,All,8.0,6.0,2026-09-11,2026-09-24,2026-09-25,2026-10-08,42.40842506185057,-82.92037765440844,Cornerstone Village,E Warren Ave & Lodewyck St,Cornerstone Village
882ab2c655fffff,8.0,5.0,Declining Hotspot,-3.0,-37.5,5.0,ALL,All,All,8.0,6.0,2026-09-11,2026-09-24,2026-09-25,2026-10-08,42.415150694414606,-82.92563550788495,Cornerstone Village,Hereford St & Southampton St,Cornerstone Village
882ab2c655fffff,1.0,3.0,Emerging Hotspot,2.0,200.0,6.0,05,Category Focus,Property Crime,4.0,3.0,2026-09-11,2026-09-24,2026-09-25,2026-10-08,42.415150694414606,-82.92563550788495,Cornerstone Village,Hereford St & Southampton St,Cornerstone Village
882ab2c61dfffff,4.0,2.0,Declining Hotspot,-2.0,-50.0,2.0,05,Category Focus,Property Crime,4.0,3.0,2026-09-11,2026-09-24,2026-09-25,2026-10-08,42.402172885794656,-82.92481693877762,Cornerstone Village,Guilford St & Munich St,Cornerstone Village
882ab2c657fffff,4.0,2.0,Declining Hotspot,-2.0,-50.0,2.0,05,Category Focus,Property Crime,4.0,3.0,2026-09-11,2026-09-24,2026-09-25,2026-10-08,42.40842506185057,-82.92037765440844,Cornerstone Village,E Warren Ave & Lodewyck St,Cornerstone Village
882ab2c655fffff,1.0,3.0,Emerging Hotspot,2.0,200.0,6.0,ALL,Category Focus,Property Crime,4.0,3.0,2026-09-11,2026-09-24,2026-09-25,2026-10-08,42.415150694414606,-82.92563550788495,Cornerstone Village,Hereford St & Southampton St,Cornerstone Village
882ab2c61dfffff,4.0,2.0,Declining Hotspot,-2.0,-50.0,2.0,ALL,Category Focus,Property Crime,4.0,3.0,2026-09-11,2026-09-24,2026-09-25,2026-10-08,42.402172885794656,-82.92481693877762,Cornerstone Village,Guilford St & Munich St,Cornerstone Village
882ab2c657fffff,4.0,2.0,Declining Hotspot,-2.0,-50.0,2.0,ALL,Category Focus,Property Crime,4.0,3.0,2026-09-11,2026-09-24,2026-09-25,2026-10-08,42.40842506185057,-82.92037765440844,Cornerstone Village,E Warren Ave & Lodewyck St,Cornerstone Village
882ab2c65dfffff,0.0,3.0,New Hotspot,3.0,,7.5,05,Category Focus,Violent Crime,6.0,3.0,2026-09-11,2026-09-24,2026-09-25,2026-10-08,42.418510065715964,-82.91578504621214,Cornerstone Village,Moross Rd & Chandler Park Dr,Cornerstone Village
882ab2c651fffff,1.0,3.0,Emerging Hotspot,2.0,200.0,6.0,05,Category Focus,Violent Crime,6.0,3.0,2026-09-11,2026-09-24,2026-09-25,2026-10-08,42.4142457885089,-82.91249837461461,Cornerstone Village,Gateshead Dr & Gateshead St,Cornerstone Village
882ab2c60bfffff,2.0,3.0,Emerging Hotspot,1.0,50.0,4.5,05,Category Focus,Violent Crime,6.0,3.0,2026-09-11,2026-09-24,2026-09-25,2026-10-08,42.40710653011221,-82.9298219775658,Cornerstone Village,E Warren Ave & Cadieux Rd,Cornerstone Village
882ab2c657fffff,6.0,1.0,Declining Hotspot,-5.0,-83.33,1.0,05,Category Focus,Violent Crime,6.0,3.0,2026-09-11,2026-09-24,2026-09-25,2026-10-08,42.40842506185057,-82.92037765440844,Cornerstone Village,E Warren Ave & Lodewyck St,Cornerstone Village
882ab2c655fffff,6.0,0.0,Declining Hotspot,-6.0,-100.0,0.0,05,Category Focus,Violent Crime,6.0,3.0,2026-09-11,2026-09-24,2026-09-25,2026-10-08,42.415150694414606,-82.92563550788495,Cornerstone Village,Hereford St & Southampton St,Cornerstone Village
882ab2c65dfffff,0.0,3.0,New Hotspot,3.0,,7.5,ALL,Category Focus,Violent Crime,6.0,3.0,2026-09-11,2026-09-24,2026-09-25,2026-10-08,42.418510065715964,-82.91578504621214,Cornerstone Village,Moross Rd & Chandler Park Dr,Cornerstone Village
882ab2c651fffff,1.0,3.0,Emerging Hotspot,2.0,200.0,6.0,ALL,Category Focus,Violent Crime,6.0,3.0,2026-09-11,2026-09-24,2026-09-25,2026-10-08,42.4142457885089,-82.91249837461461,Cornerstone Village,Gateshead Dr & Gateshead St,Cornerstone Village
882ab2c60bfffff,2.0,3.0,Emerging Hotspot,1.0,50.0,4.5,ALL,Category Focus,Violent Crime,6.0,3.0,2026-09-11,2026-09-24,2026-09-25,2026-10-08,42.40710653011221,-82.9298219775658,Cornerstone Village,E Warren Ave & Cadieux Rd,Cornerstone Village
882ab2c657fffff,6.0,1.0,Declining Hotspot,-5.0,-83.33,1.0,ALL,Category Focus,Violent Crime,6.0,3.0,2026-09-11,2026-09-24,2026-09-25,2026-10-08,42.40842506185057,-82.92037765440844,Cornerstone Village,E Warren Ave & Lodewyck St,Cornerstone Village
882ab2c655fffff,6.0,0.0,Declining Hotspot,-6.0,-100.0,0.0,ALL,Category Focus,Violent Crime,6.0,3.0,2026-09-11,2026-09-24,2026-09-25,2026-10-08,42.415150694414606,-82.92563550788495,Cornerstone Village,Hereford St & Southampton St,Cornerstone Village
882ab2c60bfffff,1.0,3.0,Emerging Hotspot,2.0,200.0,6.0,05,Crime Type,ASSAULT,4.0,3.0,2026-09-11,2026-09-24,2026-09-25,2026-10-08,42.40710653011221,-82.9298219775658,Cornerstone Village,E Warren Ave & Cadieux Rd,Cornerstone Village
882ab2c651fffff,1.0,3.0,Emerging Hotspot,2.0,200.0,6.0,05,Crime Type,ASSAULT,4.0,3.0,2026-09-11,2026-09-24,2026-09-25,2026-10-08,42.4142457885089,-82.91249837461461,Cornerstone Village,Gateshead Dr & Gateshead St,Cornerstone Village
882ab2c657fffff,4.0,1.0,Declining Hotspot,-3.0,-75.0,1.0,05,Crime Type,ASSAULT,4.0,3.0,2026-09-11,2026-09-24,2026-09-25,2026-10-08,42.40842506185057,-82.92037765440844,Cornerstone Village,E Warren Ave & Lodewyck St,Cornerstone Village
882ab2c655fffff,4.0,0.0,Declining Hotspot,-4.0,-100.0,0.0,05,Crime Type,ASSAULT,4.0,3.0,2026-09-11,2026-09-24,2026-09-25,2026-10-08,42.415150694414606,-82.92563550788495,Cornerstone Village,Hereford St & Southampton St,Cornerstone Village
882ab2c60bfffff,1.0,3.0,Emerging Hotspot,2.0,200.0,6.0,ALL,Crime Type,ASSAULT,4.0,3.0,2026-09-11,2026-09-24,2026-09-25,2026-10-08,42.40710653011221,-82.9298219775658,Cornerstone Village,E Warren Ave & Cadieux Rd,Cornerstone Village
882ab2c651fffff,1.0,3.0,Emerging Hotspot,2.0,200.0,6.0,ALL,Crime Type,ASSAULT,4.0,3.0,2026-09-11,2026-09-24,2026-09-25,2026-10-08,42.4142457885089,-82.91249837461461,Cornerstone Village,Gateshead Dr & Gateshead St,Cornerstone Village
882ab2c657fffff,4.0,1.0,Declining Hotspot,-3.0,-75.0,1.0,ALL,Crime Type,ASSAULT,4.0,3.0,2026-09-11,2026-09-24,2026-09-25,2026-10-08,42.40842506185057,-82.92037765440844,Cornerstone Village,E Warren Ave & Lodewyck St,Cornerstone Village
882ab2c655fffff,4.0,0.0,Declining Hotspot,-4.0,-100.0,0.0,ALL,Crime Type,ASSAULT,4.0,3.0,2026-09-11,2026-09-24,2026-09-25,2026-10-08,42.415150694414606,-82.92563550788495,Cornerstone Village,Hereford St & Southampton St,Cornerstone Village
882ab2c657fffff,2.0,3.0,Emerging Hotspot,1.0,50.0,4.5,05,Crime Type,FRAUD,3.0,3.0,2026-09-11,2026-09-24,2026-09-25,2026-10-08,42.40842506185057,-82.92037765440844,Cornerstone Village,E Warren Ave & Lodewyck St,Cornerstone Village
882ab2c657fffff,2.0,3.0,Emerging Hotspot,1.0,50.0,4.5,ALL,Crime Type,FRAUD,3.0,3.0,2026-09-11,2026-09-24,2026-09-25,2026-10-08,42.40842506185057,-82.92037765440844,Cornerstone Village,E Warren Ave & Lodewyck St,Cornerstone Village
882ab2c1b7fffff,5.0,5.0,Emerging Hotspot,0.0,0.0,5.0,08,All,All,6.0,5.0,2026-09-10,2026-09-23,2026-09-24,2026-10-07,42.41396723013365,-83.2033446493105,Crary/St Marys,Greenfield Rd & Verne St,Crary/St Marys
882ab2cf51fffff,6.0,7.0,Persistent Hotspot,1.0,16.67,10.95,08,All,All,6.0,5.0,2026-09-10,2026-09-23,2026-09-24,2026-10-07,42.40306934557045,-83.20782454305963,Crary/St Marys,Fenkell St & Biltmore St,Crary/St Marys
882ab2cf5dfffff,10.0,4.0,Declining Hotspot,-6.0,-60.0,4.0,08,All,All,6.0,5.0,2026-09-10,2026-09-23,2026-09-24,2026-10-07,42.41025696600993,-83.20974698456234,Crary/St Marys,Florence St & Lindsay St,Crary/St Marys
882ab2c1b7fffff,5.0,5.0,Emerging Hotspot,0.0,0.0,5.0,ALL,All,All,6.0,5.0,2026-09-10,2026-09-23,2026-09-24,2026-10-07,42.41396723013365,-83.2033446493105,Crary/St Marys,Greenfield Rd & Verne St,Crary/St Marys
882ab2cf51fffff,6.0,7.0,Persistent Hotspot,1.0,16.67,10.95,ALL,All,All,6.0,5.0,2026-09-10,2026-09-23,2026-09-24,2026-10-07,42.40306934557045,-83.20782454305963,Crary/St Marys,Fenkell St & Biltmore St,Crary/St Marys
882ab2cf5dfffff,10.0,4.0,Declining Hotspot,-6.0,-60.0,4.0,ALL,All,All,6.0,5.0,2026-09-10,2026-09-23,2026-09-24,2026-10-07,42.41025696600993,-83.20974698456234,Crary/St Marys,Florence St & Lindsay St,Crary/St Marys
882ab2cf51fffff,4.0,4.0,Persistent Hotspot,0.0,0.0,5.4,08,Category Focus,Property Crime,4.0,4.0,2026-09-10,2026-09-23,2026-09-24,2026-10-07,42.40306934557045,-83.20782454305963,Crary/St Marys,Fenkell St & Biltmore St,Crary/St Marys
882ab2cf51fffff,4.0,4.0,Persistent Hotspot,0.0,0.0,5.4,ALL,Category Focus,Property Crime,4.0,4.0,2026-09-10,2026-09-23,2026-09-24,2026-10-07,42.40306934557045,-83.20782454305963,Crary/St Marys,Fenkell St & Biltmore St,Crary/St Marys
882ab2cf51fffff,1.0,3.0,Emerging Hotspot,2.0,200.0,6.0,08,Category Focus,Violent Crime,3.0,3.0,2026-09-10,2026-09-23,2026-09-24,2026-10-07,42.40306934557045,-83.20782454305963,Crary/St Marys,Fenkell St & Biltmore St,Crary/St Marys
882ab2cf5dfffff,4.0,2.0,Declining Hotspot,-2.0,-50.0,2.0,08,Category Focus,Violent Crime,3.0,3.0,2026-09-10,2026-09-23,2026-09-24,2026-10-07,42.41025696600993,-83.20974698456234,Crary/St Marys,Florence St & Lindsay St,Crary/St Marys
882ab2cf51fffff,1.0,3.0,Emerging Hotspot,2.0,200.0,6.0,ALL,Category Focus,Violent Crime,3.0,3.0,2026-09-10,2026-09-23,2026-09-24,2026-10-07,42.40306934557045,-83.20782454305963,Crary/St Marys,Fenkell St & Biltmore St,Crary/St Marys
882ab2cf5dfffff,4.0,2.0,Declining Hotspot,-2.0,-50.0,2.0,ALL,Category Focus,Violent Crime,3.0,3.0,2026-09-10,2026-09-23,2026-09-24,2026-10-07,42.41025696600993,-83.20974698456234,Crary/St Marys,Florence St & Lindsay St,Crary/St Marys
882ab2c511fffff,6.0,6.0,Emerging Hotspot,0.0,0.0,6.0,03,All,All,7.0,6.0,2026-09-10,2026-09-23,2026-09-24,2026-10-07,42.36036289873338,-83.0602944408846,Cultural Center,Brush St & Farnsworth St,Cultural Center
882ab2c515fffff,7.0,2.0,Declining Hotspot,-5.0,-71.43,2.0,03,All,All,7.0,6.0,2026-09-10,2026-09-23,2026-09-24,2026-10-07,42.36336812488552,-83.06654895182089,Cultural Center,E Palmer St & Woodward Ave,Cultural Center
882ab2c511fffff,6.0,6.0,Emerging Hotspot,0.0,0.0,6.0,ALL,All,All,7.0,6.0,2026-09-10,2026-09-23,2026-09-24,2026-10-07,42.36036289873338,-83.0602944408846,Cultural Center,Brush St & Farnsworth St,Cultural Center
882ab2c515fffff,7.0,2.0,Declining Hotspot,-5.0,-71.43,2.0,ALL,All,All,7.0,6.0,2026-09-10,2026-09-23,2026-09-24,2026-10-07,42.36336812488552,-83.06654895182089,Cultural Center,E Palmer St & Woodward Ave,Cultural Center
882ab2c511fffff,4.0,2.0,Declining Hotspot,-2.0,-50.0,2.0,03,Category Focus,Property Crime,4.0,3.0,2026-09-10,2026-09-23,2026-09-24,2026-10-07,42.36036289873338,-83.0602944408846,Cultural Center,Brush St & Farnsworth St,Cultural Center
882ab2c511fffff,4.0,2.0,Declining Hotspot,-2.0,-50.0,2.0,ALL,Category Focus,Property Crime,4.0,3.0,2026-09-10,2026-09-23,2026-09-24,2026-10-07,42.36036289873338,-83.0602944408846,Cultural Center,Brush St & Farnsworth St,Cultural Center
882ab2c51dfffff,0.0,3.0,New Hotspot,3.0,,7.5,03,Category Focus,Violent Crime,3.0,3.0,2026-09-10,2026-09-23,2026-09-24,2026-10-07,42.364191508188355,-83.06094995264363,Cultural Center,E Ferry St & Saint Antoine St,Cultural Center
882ab2c511fffff,1.0,3.0,Emerging Hotspot,2.0,200.0,6.0,03,Category Focus,Violent Crime,3.0,3.0,2026-09-10,2026-09-23,2026-09-24,2026-10-07,42.36036289873338,-83.0602944408846,Cultural Center,Brush St & Farnsworth St,Cultural Center
882ab2c515fffff,3.0,1.0,Declining Hotspot,-2.0,-66.67,1.0,03,Category Focus,Violent Crime,3.0,3.0,2026-09-10,2026-09-23,2026-09-24,2026-10-07,42.36336812488552,-83.06654895182089,Cultural Center,E Palmer St & Woodward Ave,Cultural Center
882ab2c51dfffff,0.0,3.0,New Hotspot,3.0,,7.5,ALL,Category Focus,Violent Crime,3.0,3.0,2026-09-10,2026-09-23,2026-09-24,2026-10-07,42.364191508188355,-83.06094995264363,Cultural Center,E Ferry St & Saint Antoine St,Cultural Center
882ab2c511fffff,1.0,3.0,Emerging Hotspot,2.0,200.0,6.0,ALL,Category Focus,Violent Crime,3.0,3.0,2026-09-10,2026-09-23,2026-09-24,2026-10-07,42.36036289873338,-83.0602944408846,Cultural Center,Brush St & Farnsworth St,Cultural Center
882ab2c515fffff,3.0,1.0,Declining Hotspot,-2.0,-66.67,1.0,ALL,Category Focus,Violent Crime,3.0,3.0,2026-09-10,2026-09-23,2026-09-24,2026-10-07,42.36336812488552,-83.06654895182089,Cultural Center,E Palmer St & Woodward Ave,Cultural Center
882ab2c51dfffff,0.0,3.0,New Hotspot,3.0,,7.5,03,Crime Type,ASSAULT,3.0,3.0,2026-09-10,2026-09-23,2026-09-24,2026-10-07,42.364191508188355,-83.06094995264363,Cultural Center,E Ferry St & Saint Antoine St,Cultural Center
882ab2c51dfffff,0.0,3.0,New Hotspot,3.0,,7.5,ALL,Crime Type,ASSAULT,3.0,3.0,2026-09-10,2026-09-23,2026-09-24,2026-10-07,42.364191508188355,-83.06094995264363,Cultural Center,E Ferry St & Saint Antoine St,Cultural Center
882ab2c511fffff,3.0,0.0,Declining Hotspot,-3.0,-100.0,0.0,03,Crime Type,BURGLARY,3.0,3.0,2026-09-10,2026-09-23,2026-09-24,2026-10-07,42.36036289873338,-83.0602944408846,Cultural Center,Brush St & Farnsworth St,Cultural Center
882ab2c511fffff,3.0,0.0,Declining Hotspot,-3.0,-100.0,0.0,ALL,Crime Type,BURGLARY,3.0,3.0,2026-09-10,2026-09-23,2026-09-24,2026-10-07,42.36036289873338,-83.0602944408846,Cultural Center,Brush St & Farnsworth St,Cultural Center
882ab2c729fffff,6.0,6.0,Persistent Hotspot,0.0,0.0,8.1,11,All,All,4.0,6.0,2026-09-11,2026-09-24,2026-09-25,2026-10-08,42.42473286416989,-83.04340077147224,Davison,Iowa St & Minnesota St,Davison
882ab2c729fffff,6.0,6.0,Persistent Hotspot,0.0,0.0,8.1,ALL,All,All,4.0,6.0,2026-09-11,2026-09-24,2026-09-25,2026-10-08,42.42473286416989,-83.04340077147224,Davison,Iowa St & Minnesota St,Davison
882ab2ce01fffff,6.0,7.0,Persistent Hotspot,1.0,16.67,10.95,10,All,All,4.0,7.0,2026-09-08,2026-09-21,2026-09-22,2026-10-05,42.38861044153749,-83.15408435156398,Davison-Schoolcraft,Schoolcraft St & Northlawn St,Davison-Schoolcraft
882ab2ce01fffff,6.0,7.0,Persistent Hotspot,1.0,16.67,10.95,ALL,All,All,4.0,7.0,2026-09-08,2026-09-21,2026-09-22,2026-10-05,42.38861044153749,-83.15408435156398,Davison-Schoolcraft,Schoolcraft St & Northlawn St,Davison-Schoolcraft
882ab2ce01fffff,1.0,3.0,Emerging Hotspot,2.0,200.0,6.0,10,Category Focus,Property Crime,3.0,3.0,2026-09-08,2026-09-21,2026-09-22,2026-10-05,42.38861044153749,-83.15408435156398,Davison-Schoolcraft,Schoolcraft St & Northlawn St,Davison-Schoolcraft
882ab2ce01fffff,1.0,3.0,Emerging Hotspot,2.0,200.0,6.0,ALL,Category Focus,Property Crime,3.0,3.0,2026-09-08,2026-09-21,2026-09-22,2026-10-05,42.38861044153749,-83.15408435156398,Davison-Schoolcraft,Schoolcraft St & Northlawn St,Davison-Schoolcraft
882ab2ce01fffff,3.0,3.0,Persistent Hotspot,0.0,0.0,4.05,10,Category Focus,Violent Crime,3.0,3.0,2026-09-08,2026-09-21,2026-09-22,2026-10-05,42.38861044153749,-83.15408435156398,Davison-Schoolcraft,Schoolcraft St & Northlawn St,Davison-Schoolcraft
882ab2ce01fffff,3.0,3.0,Persistent Hotspot,0.0,0.0,4.05,ALL,Category Focus,Violent Crime,3.0,3.0,2026-09-08,2026-09-21,2026-09-22,2026-10-05,42.38861044153749,-83.15408435156398,Davison-Schoolcraft,Schoolcraft St & Northlawn St,Davison-Schoolcraft
882ab2c663fffff,8.0,10.0,Emerging Hotspot,2.0,25.0,13.0,09,All,All,10.0,9.0,2026-09-11,2026-09-24,2026-09-25,2026-10-08,42.42193083156384,-82.95616808164664,Denby,Grayton St & Lansdowne St,Denby
882ab2c66bfffff,10.0,6.0,Declining Hotspot,-4.0,-40.0,6.0,09,All,All,10.0,9.0,2026-09-11,2026-09-24,2026-09-25,2026-10-08,42.42544336361681,-82.95212919984765,Denby,Duchess St & Britain St,Denby
882ab2c663fffff,8.0,10.0,Emerging Hotspot,2.0,25.0,13.0,ALL,All,All,10.0,9.0,2026-09-11,2026-09-24,2026-09-25,2026-10-08,42.42193083156384,-82.95616808164664,Denby,Grayton St & Lansdowne St,Denby
882ab2c66bfffff,10.0,6.0,Declining Hotspot,-4.0,-40.0,6.0,ALL,All,All,10.0,9.0,2026-09-11,2026-09-24,2026-09-25,2026-10-08,42.42544336361681,-82.95212919984765,Denby,Duchess St & Britain St,Denby
882ab2c663fffff,4.0,3.0,Persistent Hotspot,-1.0,-25.0,4.05,09,Category Focus,Property Crime,4.0,3.0,2026-09-11,2026-09-24,2026-09-25,2026-10-08,42.42193083156384,-82.95616808164664,Denby,Grayton St & Lansdowne St,Denby
882ab2c663fffff,4.0,3.0,Persistent Hotspot,-1.0,-25.0,4.05,ALL,Category Focus,Property Crime,4.0,3.0,2026-09-11,2026-09-24,2026-09-25,2026-10-08,42.42193083156384,-82.95616808164664,Denby,Grayton St & Lansdowne St,Denby
882ab2c663fffff,1.0,3.0,Emerging Hotspot,2.0,200.0,6.0,09,Category Focus,Vehicle-Related Crime,3.0,3.0,2026-09-11,2026-09-24,2026-09-25,2026-10-08,42.42193083156384,-82.95616808164664,Denby,Grayton St & Lansdowne St,Denby
882ab2c663fffff,1.0,3.0,Emerging Hotspot,2.0,200.0,6.0,ALL,Category Focus,Vehicle-Related Crime,3.0,3.0,2026-09-11,2026-09-24,2026-09-25,2026-10-08,42.42193083156384,-82.95616808164664,Denby,Grayton St & Lansdowne St,Denby
882ab2c663fffff,2.0,3.0,Emerging Hotspot,1.0,50.0,4.5,09,Category Focus,Violent Crime,3.0,3.0,2026-09-11,2026-09-24,2026-09-25,2026-10-08,42.42193083156384,-82.95616808164664,Denby,Grayton St & Lansdowne St,Denby
882ab2c66bfffff,3.0,2.0,Declining Hotspot,-1.0,-33.33,2.0,09,Category Focus,Violent Crime,3.0,3.0,2026-09-11,2026-09-24,2026-09-25,2026-10-08,42.42544336361681,-82.95212919984765,Denby,Duchess St & Britain St,Denby
882ab2c663fffff,2.0,3.0,Emerging Hotspot,1.0,50.0,4.5,ALL,Category Focus,Violent Crime,3.0,3.0,2026-09-11,2026-09-24,2026-09-25,2026-10-08,42.42193083156384,-82.95616808164664,Denby,Grayton St & Lansdowne St,Denby
882ab2c66bfffff,3.0,2.0,Declining Hotspot,-1.0,-33.33,2.0,ALL,Category Focus,Violent Crime,3.0,3.0,2026-09-11,2026-09-24,2026-09-25,2026-10-08,42.42544336361681,-82.95212919984765,Denby,Duchess St & Britain St,Denby
882ab2c663fffff,3.0,0.0,Declining Hotspot,-3.0,-100.0,0.0,09,Crime Type,ARSON,3.0,3.0,2026-09-11,2026-09-24,2026-09-25,2026-10-08,42.42193083156384,-82.95616808164664,Denby,Grayton St & Lansdowne St,Denby
882ab2c663fffff,3.0,0.0,Declining Hotspot,-3.0,-100.0,0.0,ALL,Crime Type,ARSON,3.0,3.0,2026-09-11,2026-09-24,2026-09-25,2026-10-08,42.42193083156384,-82.95616808164664,Denby,Grayton St & Lansdowne St,Denby
882ab2ce43fffff,1.0,3.0,Emerging Hotspot,2.0,200.0,6.0,10,All,All,3.0,3.0,2026-09-07,2026-09-20,2026-09-21,2026-10-04,42.40044128838395,-83.14012159653727,Dexter-Fenkell,Chalfonte St & Livernois Ave,Dexter-Fenkell
882ab2ce43fffff,1.0,3.0,Emerging Hotspot,2.0,200.0,6.0,ALL,All,All,3.0,3.0,2026-09-07,2026-09-20,2026-09-21,2026-10-04,42.40044128838395,-83.14012159653727,Dexter-Fenkell,Chalfonte St & Livernois Ave,Dexter-Fenkell
882ab2c52dfffff,9.0,12.0,Emerging Hotspot,3.0,33.33,16.5,10,All,All,11.0,7.0,2026-09-11,2026-09-24,2026-09-25,2026-10-08,42.38290213355274,-83.10845890458248,Dexter-Linwood,Webb St & 14th St,Dexter-Linwood
882ab2c525fffff,10.0,7.0,Emerging Hotspot,-3.0,-30.0,7.0,10,All,All,11.0,7.0,2026-09-11,2026-09-24,2026-09-25,2026-10-08,42.37717398458987,-83.11715330984305,Dexter-Linwood,Calvert St & Lawton St,Dexter-Linwood
882ab2ce53fffff,9.0,7.0,Emerging Hotspot,-2.0,-22.22,7.0,10,All,All,11.0,7.0,2026-09-11,2026-09-24,2026-09-25,2026-10-08,42.38526245951313,-83.11977814254459,Dexter-Linwood,Elmhurst St & Linwood St,Dexter-Linwood
882ab2ce5bfffff,12.0,16.0,Persistent Hotspot,4.0,33.33,27.6,10,All,All,11.0,7.0,2026-09-11,2026-09-24,2026-09-25,2026-10-08,42.3886209069811,-83.11251516814774,Dexter-Linwood,Fullerton St & Linwood St,Dexter-Linwood
882ab2ce51fffff,14.0,4.0,Declining Hotspot,-10.0,-71.43,4.0,10,All,All,11.0,7.0,2026-09-11,2026-09-24,2026-09-25,2026-10-08,42.39017503074664,-83.12386493737154,Dexter-Linwood,Linwood St & Glendale St,Dexter-Linwood
882ab2c52dfffff,9.0,12.0,Emerging Hotspot,3.0,33.33,16.5,ALL,All,All,11.0,7.0,2026-09-11,2026-09-24,2026-09-25,2026-10-08,42.38290213355274,-83.10845890458248,Dexter-Linwood,Webb St & 14th St,Dexter-Linwood
882ab2c525fffff,10.0,7.0,Emerging Hotspot,-3.0,-30.0,7.0,ALL,All,All,11.0,7.0,2026-09-11,2026-09-24,2026-09-25,2026-10-08,42.37717398458987,-83.11715330984305,Dexter-Linwood,Calvert St & Lawton St,Dexter-Linwood
882ab2ce53fffff,9.0,7.0,Emerging Hotspot,-2.0,-22.22,7.0,ALL,All,All,11.0,7.0,2026-09-11,2026-09-24,2026-09-25,2026-10-08,42.38526245951313,-83.11977814254459,Dexter-Linwood,Elmhurst St & Linwood St,Dexter-Linwood
882ab2ce5bfffff,12.0,16.0,Persistent Hotspot,4.0,33.33,27.6,ALL,All,All,11.0,7.0,2026-09-11,2026-09-24,2026-09-25,2026-10-08,42.3886209069811,-83.11251516814774,Dexter-Linwood,Fullerton St & Linwood St,Dexter-Linwood
882ab2ce51fffff,14.0,4.0,Declining Hotspot,-10.0,-71.43,4.0,ALL,All,All,11.0,7.0,2026-09-11,2026-09-24,2026-09-25,2026-10-08,42.39017503074664,-83.12386493737154,Dexter-Linwood,Linwood St & Glendale St,Dexter-Linwood
882ab2c52dfffff,3.0,5.0,Emerging Hotspot,2.0,66.67,8.0,10,Category Focus,Property Crime,5.0,3.0,2026-09-11,2026-09-24,2026-09-25,2026-10-08,42.38290213355274,-83.10845890458248,Dexter-Linwood,Webb St & 14th St,Dexter-Linwood
882ab2ce5bfffff,2.0,3.0,Emerging Hotspot,1.0,50.0,4.5,10,Category Focus,Property Crime,5.0,3.0,2026-09-11,2026-09-24,2026-09-25,2026-10-08,42.3886209069811,-83.11251516814774,Dexter-Linwood,Fullerton St & Linwood St,Dexter-Linwood
882ab2c567fffff,3.0,3.0,Emerging Hotspot,0.0,0.0,3.0,10,Category Focus,Property Crime,5.0,3.0,2026-09-11,2026-09-24,2026-09-25,2026-10-08,42.38799671608936,-83.1050616876,Dexter-Linwood,Woodrow Wilson St & Tuxedo St,Dexter-Linwood
882ab2ce53fffff,3.0,3.0,Emerging Hotspot,0.0,0.0,3.0,10,Category Focus,Property Crime,5.0,3.0,2026-09-11,2026-09-24,2026-09-25,2026-10-08,42.38526245951313,-83.11977814254459,Dexter-Linwood,Elmhurst St & Linwood St,Dexter-Linwood
882ab2c525fffff,8.0,2.0,Declining Hotspot,-6.0,-75.0,2.0,10,Category Focus,Property Crime,5.0,3.0,2026-09-11,2026-09-24,2026-09-25,2026-10-08,42.37717398458987,-83.11715330984305,Dexter-Linwood,Calvert St & Lawton St,Dexter-Linwood
882ab2ce51fffff,6.0,2.0,Declining Hotspot,-4.0,-66.67,2.0,10,Category Focus,Property Crime,5.0,3.0,2026-09-11,2026-09-24,2026-09-25,2026-10-08,42.39017503074664,-83.12386493737154,Dexter-Linwood,Linwood St & Glendale St,Dexter-Linwood
882ab2c52dfffff,3.0,5.0,Emerging Hotspot,2.0,66.67,8.0,ALL,Category Focus,Property Crime,5.0,3.0,2026-09-11,2026-09-24,2026-09-25,2026-10-08,42.38290213355274,-83.10845890458248,Dexter-Linwood,Webb St & 14th St,Dexter-Linwood
882ab2ce5bfffff,2.0,3.0,Emerging Hotspot,1.0,50.0,4.5,ALL,Category Focus,Property Crime,5.0,3.0,2026-09-11,2026-09-24,2026-09-25,2026-10-08,42.3886209069811,-83.11251516814774,Dexter-Linwood,Fullerton St & Linwood St,Dexter-Linwood
882ab2c567fffff,3.0,3.0,Emerging Hotspot,0.0,0.0,3.0,ALL,Category Focus,Property Crime,5.0,3.0,2026-09-11,2026-09-24,2026-09-25,2026-10-08,42.38799671608936,-83.1050616876,Dexter-Linwood,Woodrow Wilson St & Tuxedo St,Dexter-Linwood
882ab2ce53fffff,3.0,3.0,Emerging Hotspot,0.0,0.0,3.0,ALL,Category Focus,Property Crime,5.0,3.0,2026-09-11,2026-09-24,2026-09-25,2026-10-08,42.38526245951313,-83.11977814254459,Dexter-Linwood,Elmhurst St & Linwood St,Dexter-Linwood
882ab2c525fffff,8.0,2.0,Declining Hotspot,-6.0,-75.0,2.0,ALL,Category Focus,Property Crime,5.0,3.0,2026-09-11,2026-09-24,2026-09-25,2026-10-08,42.37717398458987,-83.11715330984305,Dexter-Linwood,Calvert St & Lawton St,Dexter-Linwood
882ab2ce51fffff,6.0,2.0,Declining Hotspot,-4.0,-66.67,2.0,ALL,Category Focus,Property Crime,5.0,3.0,2026-09-11,2026-09-24,2026-09-25,2026-10-08,42.39017503074664,-83.12386493737154,Dexter-Linwood,Linwood St & Glendale St,Dexter-Linwood
882ab2c567fffff,2.0,3.0,Emerging Hotspot,1.0,50.0,4.5,10,Category Focus,Violent Crime,4.0,3.0,2026-09-11,2026-09-24,2026-09-25,2026-10-08,42.38799671608936,-83.1050616876,Dexter-Linwood,Woodrow Wilson St & Tuxedo St,Dexter-Linwood
882ab2ce5bfffff,6.0,5.0,Persistent Hotspot,-1.0,-16.67,6.75,10,Category Focus,Violent Crime,4.0,3.0,2026-09-11,2026-09-24,2026-09-25,2026-10-08,42.3886209069811,-83.11251516814774,Dexter-Linwood,Fullerton St & Linwood St,Dexter-Linwood
882ab2c52dfffff,4.0,3.0,Persistent Hotspot,-1.0,-25.0,4.05,10,Category Focus,Violent Crime,4.0,3.0,2026-09-11,2026-09-24,2026-09-25,2026-10-08,42.38290213355274,-83.10845890458248,Dexter-Linwood,Webb St & 14th St,Dexter-Linwood
882ab2ce51fffff,4.0,1.0,Declining Hotspot,-3.0,-75.0,1.0,10,Category Focus,Violent Crime,4.0,3.0,2026-09-11,2026-09-24,2026-09-25,2026-10-08,42.39017503074664,-83.12386493737154,Dexter-Linwood,Linwood St & Glendale St,Dexter-Linwood
882ab2c567fffff,2.0,3.0,Emerging Hotspot,1.0,50.0,4.5,ALL,Category Focus,Violent Crime,4.0,3.0,2026-09-11,2026-09-24,2026-09-25,2026-10-08,42.38799671608936,-83.1050616876,Dexter-Linwood,Woodrow Wilson St & Tuxedo St,Dexter-Linwood
882ab2ce5bfffff,6.0,5.0,Persistent Hotspot,-1.0,-16.67,6.75,ALL,Category Focus,Violent Crime,4.0,3.0,2026-09-11,2026-09-24,2026-09-25,2026-10-08,42.3886209069811,-83.11251516814774,Dexter-Linwood,Fullerton St & Linwood St,Dexter-Linwood
882ab2c52dfffff,4.0,3.0,Persistent Hotspot,-1.0,-25.0,4.05,ALL,Category Focus,Violent Crime,4.0,3.0,2026-09-11,2026-09-24,2026-09-25,2026-10-08,42.38290213355274,-83.10845890458248,Dexter-Linwood,Webb St & 14th St,Dexter-Linwood
882ab2ce51fffff,4.0,1.0,Declining Hotspot,-3.0,-75.0,1.0,ALL,Category Focus,Violent Crime,4.0,3.0,2026-09-11,2026-09-24,2026-09-25,2026-10-08,42.39017503074664,-83.12386493737154,Dexter-Linwood,Linwood St & Glendale St,Dexter-Linwood
882ab2ce5bfffff,3.0,3.0,Persistent Hotspot,0.0,0.0,4.05,10,Crime Type,AGGRAVATED ASSAULT,3.0,3.0,2026-09-11,2026-09-24,2026-09-25,2026-10-08,42.3886209069811,-83.11251516814774,Dexter-Linwood,Fullerton St & Linwood St,Dexter-Linwood
882ab2ce53fffff,3.0,1.0,Declining Hotspot,-2.0,-66.67,1.0,10,Crime Type,AGGRAVATED ASSAULT,3.0,3.0,2026-09-11,2026-09-24,2026-09-25,2026-10-08,42.38526245951313,-83.11977814254459,Dexter-Linwood,Elmhurst St & Linwood St,Dexter-Linwood
882ab2ce5bfffff,3.0,3.0,Persistent Hotspot,0.0,0.0,4.05,ALL,Crime Type,AGGRAVATED ASSAULT,3.0,3.0,2026-09-11,2026-09-24,2026-09-25,2026-10-08,42.3886209069811,-83.11251516814774,Dexter-Linwood,Fullerton St & Linwood St,Dexter-Linwood
882ab2ce53fffff,3.0,1.0,Declining Hotspot,-2.0,-66.67,1.0,ALL,Crime Type,AGGRAVATED ASSAULT,3.0,3.0,2026-09-11,2026-09-24,2026-09-25,2026-10-08,42.38526245951313,-83.11977814254459,Dexter-Linwood,Elmhurst St & Linwood St,Dexter-Linwood
882ab2ce5bfffff,3.0,2.0,Declining Hotspot,-1.0,-33.33,2.0,10,Crime Type,ASSAULT,3.0,3.0,2026-09-11,2026-09-24,2026-09-25,2026-10-08,42.3886209069811,-83.11251516814774,Dexter-Linwood,Fullerton St & Linwood St,Dexter-Linwood
882ab2ce59fffff,3.0,1.0,Declining Hotspot,-2.0,-66.67,1.0,10,Crime Type,ASSAULT,3.0,3.0,2026-09-11,2026-09-24,2026-09-25,2026-10-08,42.39429250257875,-83.11862038795063,Dexter-Linwood,Indiandale St & W Davison St,Dexter-Linwood
882ab2ce5bfffff,3.0,2.0,Declining Hotspot,-1.0,-33.33,2.0,ALL,Crime Type,ASSAULT,3.0,3.0,2026-09-11,2026-09-24,2026-09-25,2026-10-08,42.3886209069811,-83.11251516814774,Dexter-Linwood,Fullerton St & Linwood St,Dexter-Linwood
882ab2ce59fffff,3.0,1.0,Declining Hotspot,-2.0,-66.67,1.0,ALL,Crime Type,ASSAULT,3.0,3.0,2026-09-11,2026-09-24,2026-09-25,2026-10-08,42.39429250257875,-83.11862038795063,Dexter-Linwood,Indiandale St & W Davison St,Dexter-Linwood
882ab2ce51fffff,3.0,1.0,Declining Hotspot,-2.0,-66.67,1.0,10,Crime Type,BURGLARY,3.0,3.0,2026-09-11,2026-09-24,2026-09-25,2026-10-08,42.39017503074664,-83.12386493737154,Dexter-Linwood,Linwood St & Glendale St,Dexter-Linwood
882ab2c525fffff,3.0,0.0,Declining Hotspot,-3.0,-100.0,0.0,10,Crime Type,BURGLARY,3.0,3.0,2026-09-11,2026-09-24,2026-09-25,2026-10-08,42.37717398458987,-83.11715330984305,Dexter-Linwood,Calvert St & Lawton St,Dexter-Linwood
882ab2ce51fffff,3.0,1.0,Declining Hotspot,-2.0,-66.67,1.0,ALL,Crime Type,BURGLARY,3.0,3.0,2026-09-11,2026-09-24,2026-09-25,2026-10-08,42.39017503074664,-83.12386493737154,Dexter-Linwood,Linwood St & Glendale St,Dexter-Linwood
882ab2c525fffff,3.0,0.0,Declining Hotspot,-3.0,-100.0,0.0,ALL,Crime Type,BURGLARY,3.0,3.0,2026-09-11,2026-09-24,2026-09-25,2026-10-08,42.37717398458987,-83.11715330984305,Dexter-Linwood,Calvert St & Lawton St,Dexter-Linwood
882ab2c52dfffff,2.0,3.0,Emerging Hotspot,1.0,50.0,4.5,10,Crime Type,DAMAGE TO PROPERTY,3.0,3.0,2026-09-11,2026-09-24,2026-09-25,2026-10-08,42.38290213355274,-83.10845890458248,Dexter-Linwood,Webb St & 14th St,Dexter-Linwood
882ab2c525fffff,4.0,1.0,Declining Hotspot,-3.0,-75.0,1.0,10,Crime Type,DAMAGE TO PROPERTY,3.0,3.0,2026-09-11,2026-09-24,2026-09-25,2026-10-08,42.37717398458987,-83.11715330984305,Dexter-Linwood,Calvert St & Lawton St,Dexter-Linwood
882ab2ce51fffff,3.0,1.0,Declining Hotspot,-2.0,-66.67,1.0,10,Crime Type,DAMAGE TO PROPERTY,3.0,3.0,2026-09-11,2026-09-24,2026-09-25,2026-10-08,42.39017503074664,-83.12386493737154,Dexter-Linwood,Linwood St & Glendale St,Dexter-Linwood
882ab2c565fffff,3.0,0.0,Declining Hotspot,-3.0,-100.0,0.0,10,Crime Type,DAMAGE TO PROPERTY,3.0,3.0,2026-09-11,2026-09-24,2026-09-25,2026-10-08,42.39428004182148,-83.10891932288757,Dexter-Linwood,Woodrow Wilson St & Glendale St,Dexter-Linwood
882ab2c52dfffff,2.0,3.0,Emerging Hotspot,1.0,50.0,4.5,ALL,Crime Type,DAMAGE TO PROPERTY,3.0,3.0,2026-09-11,2026-09-24,2026-09-25,2026-10-08,42.38290213355274,-83.10845890458248,Dexter-Linwood,Webb St & 14th St,Dexter-Linwood
882ab2c525fffff,4.0,1.0,Declining Hotspot,-3.0,-75.0,1.0,ALL,Crime Type,DAMAGE TO PROPERTY,3.0,3.0,2026-09-11,2026-09-24,2026-09-25,2026-10-08,42.37717398458987,-83.11715330984305,Dexter-Linwood,Calvert St & Lawton St,Dexter-Linwood
882ab2ce51fffff,3.0,1.0,Declining Hotspot,-2.0,-66.67,1.0,ALL,Crime Type,DAMAGE TO PROPERTY,3.0,3.0,2026-09-11,2026-09-24,2026-09-25,2026-10-08,42.39017503074664,-83.12386493737154,Dexter-Linwood,Linwood St & Glendale St,Dexter-Linwood
882ab2c565fffff,3.0,0.0,Declining Hotspot,-3.0,-100.0,0.0,ALL,Crime Type,DAMAGE TO PROPERTY,3.0,3.0,2026-09-11,2026-09-24,2026-09-25,2026-10-08,42.39428004182148,-83.10891932288757,Dexter-Linwood,Woodrow Wilson St & Glendale St,Dexter-Linwood
882ab2ce5bfffff,0.0,4.0,New Hotspot,4.0,,10.0,10,Crime Type,DANGEROUS DRUGS,3.0,4.0,2026-09-11,2026-09-24,2026-09-25,2026-10-08,42.3886209069811,-83.11251516814774,Dexter-Linwood,Fullerton St & Linwood St,Dexter-Linwood
882ab2ce5bfffff,0.0,4.0,New Hotspot,4.0,,10.0,ALL,Crime Type,DANGEROUS DRUGS,3.0,4.0,2026-09-11,2026-09-24,2026-09-25,2026-10-08,42.3886209069811,-83.11251516814774,Dexter-Linwood,Fullerton St & Linwood St,Dexter-Linwood
882ab2c567fffff,3.0,3.0,Persistent Hotspot,0.0,0.0,4.05,10,Crime Type,LARCENY,3.0,3.0,2026-09-11,2026-09-24,2026-09-25,2026-10-08,42.38799671608936,-83.1050616876,Dexter-Linwood,Woodrow Wilson St & Tuxedo St,Dexter-Linwood
882ab2c567fffff,3.0,3.0,Persistent Hotspot,0.0,0.0,4.05,ALL,Crime Type,LARCENY,3.0,3.0,2026-09-11,2026-09-24,2026-09-25,2026-10-08,42.38799671608936,-83.1050616876,Dexter-Linwood,Woodrow Wilson St & Tuxedo St,Dexter-Linwood
882ab2c5ebfffff,19.0,29.0,Emerging Hotspot,10.0,52.63,44.0,03,All,All,21.0,29.0,2026-09-11,2026-09-24,2026-09-25,2026-10-08,42.33698895689073,-83.05121151712476,Downtown,Woodward Ave & E Adams Ave,Downtown
882ab2c58dfffff,54.0,44.0,Persistent Hotspot,-10.0,-18.52,59.4,03,All,All,21.0,29.0,2026-09-11,2026-09-24,2026-09-25,2026-10-08,42.33168460389816,-83.0497093055414,Downtown,Michigan Ave & Cass Ave,Downtown
882ab2c5e3fffff,21.0,6.0,Declining Hotspot,-15.0,-71.43,6.0,03,All,All,21.0,29.0,2026-09-11,2026-09-24,2026-09-25,2026-10-08,42.33230278409165,-83.057812497388,Downtown,Bagley St & 3rd St,Downtown
882ab2c5ebfffff,19.0,29.0,Emerging Hotspot,10.0,52.63,44.0,ALL,All,All,21.0,29.0,2026-09-11,2026-09-24,2026-09-25,2026-10-08,42.33698895689073,-83.05121151712476,Downtown,Woodward Ave & E Adams Ave,Downtown
882ab2c58dfffff,54.0,44.0,Persistent Hotspot,-10.0,-18.52,59.4,ALL,All,All,21.0,29.0,2026-09-11,2026-09-24,2026-09-25,2026-10-08,42.33168460389816,-83.0497093055414,Downtown,Michigan Ave & Cass Ave,Downtown
882ab2c5e3fffff,21.0,6.0,Declining Hotspot,-15.0,-71.43,6.0,ALL,All,All,21.0,29.0,2026-09-11,2026-09-24,2026-09-25,2026-10-08,42.33230278409165,-83.057812497388,Downtown,Bagley St & 3rd St,Downtown
882ab2c5c7fffff,3.0,11.0,Emerging Hotspot,8.0,266.67,23.0,03,Category Focus,Property Crime,9.0,9.0,2026-09-11,2026-09-24,2026-09-25,2026-10-08,42.33511880543257,-83.04619400787217,Downtown,Gratiot Ave & Library St,Downtown
882ab2c58dfffff,13.0,9.0,Persistent Hotspot,-4.0,-30.77,12.15,03,Category Focus,Property Crime,9.0,9.0,2026-09-11,2026-09-24,2026-09-25,2026-10-08,42.33168460389816,-83.0497093055414,Downtown,Michigan Ave & Cass Ave,Downtown
882ab2c5e3fffff,9.0,3.0,Declining Hotspot,-6.0,-66.67,3.0,03,Category Focus,Property Crime,9.0,9.0,2026-09-11,2026-09-24,2026-09-25,2026-10-08,42.33230278409165,-83.057812497388,Downtown,Bagley St & 3rd St,Downtown
882ab2c5c7fffff,3.0,11.0,Emerging Hotspot,8.0,266.67,23.0,ALL,Category Focus,Property Crime,9.0,9.0,2026-09-11,2026-09-24,2026-09-25,2026-10-08,42.33511880543257,-83.04619400787217,Downtown,Gratiot Ave & Library St,Downtown
882ab2c58dfffff,13.0,9.0,Persistent Hotspot,-4.0,-30.77,12.15,ALL,Category Focus,Property Crime,9.0,9.0,2026-09-11,2026-09-24,2026-09-25,2026-10-08,42.33168460389816,-83.0497093055414,Downtown,Michigan Ave & Cass Ave,Downtown
882ab2c5e3fffff,9.0,3.0,Declining Hotspot,-6.0,-66.67,3.0,ALL,Category Focus,Property Crime,9.0,9.0,2026-09-11,2026-09-24,2026-09-25,2026-10-08,42.33230278409165,-83.057812497388,Downtown,Bagley St & 3rd St,Downtown
882ab2c5e3fffff,2.0,3.0,Emerging Hotspot,1.0,50.0,4.5,03,Category Focus,Vehicle-Related Crime,3.0,3.0,2026-09-11,2026-09-24,2026-09-25,2026-10-08,42.33230278409165,-83.057812497388,Downtown,Bagley St & 3rd St,Downtown
882ab2c5c7fffff,3.0,4.0,Persistent Hotspot,1.0,33.33,6.9,03,Category Focus,Vehicle-Related Crime,3.0,3.0,2026-09-11,2026-09-24,2026-09-25,2026-10-08,42.33511880543257,-83.04619400787217,Downtown,Gratiot Ave & Library St,Downtown
882ab2c58dfffff,3.0,3.0,Persistent Hotspot,0.0,0.0,4.05,03,Category Focus,Vehicle-Related Crime,3.0,3.0,2026-09-11,2026-09-24,2026-09-25,2026-10-08,42.33168460389816,-83.0497093055414,Downtown,Michigan Ave & Cass Ave,Downtown
882ab2c5ebfffff,3.0,2.0,Declining Hotspot,-1.0,-33.33,2.0,03,Category Focus,Vehicle-Related Crime,3.0,3.0,2026-09-11,2026-09-24,2026-09-25,2026-10-08,42.33698895689073,-83.05121151712476,Downtown,Woodward Ave & E Adams Ave,Downtown
882ab2c5e3fffff,2.0,3.0,Emerging Hotspot,1.0,50.0,4.5,ALL,Category Focus,Vehicle-Related Crime,3.0,3.0,2026-09-11,2026-09-24,2026-09-25,2026-10-08,42.33230278409165,-83.057812497388,Downtown,Bagley St & 3rd St,Downtown
882ab2c5c7fffff,3.0,4.0,Persistent Hotspot,1.0,33.33,6.9,ALL,Category Focus,Vehicle-Related Crime,3.0,3.0,2026-09-11,2026-09-24,2026-09-25,2026-10-08,42.33511880543257,-83.04619400787217,Downtown,Gratiot Ave & Library St,Downtown
882ab2c58dfffff,3.0,3.0,Persistent Hotspot,0.0,0.0,4.05,ALL,Category Focus,Vehicle-Related Crime,3.0,3.0,2026-09-11,2026-09-24,2026-09-25,2026-10-08,42.33168460389816,-83.0497093055414,Downtown,Michigan Ave & Cass Ave,Downtown
882ab2c5ebfffff,3.0,2.0,Declining Hotspot,-1.0,-33.33,2.0,ALL,Category Focus,Vehicle-Related Crime,3.0,3.0,2026-09-11,2026-09-24,2026-09-25,2026-10-08,42.33698895689073,-83.05121151712476,Downtown,Woodward Ave & E Adams Ave,Downtown
882ab2c58dfffff,23.0,21.0,Persistent Hotspot,-2.0,-8.7,28.35,03,Category Focus,Violent Crime,8.0,14.0,2026-09-11,2026-09-24,2026-09-25,2026-10-08,42.33168460389816,-83.0497093055414,Downtown,Michigan Ave & Cass Ave,Downtown
882ab2c5c7fffff,8.0,12.0,Declining Hotspot,4.0,50.0,18.0,03,Category Focus,Violent Crime,8.0,14.0,2026-09-11,2026-09-24,2026-09-25,2026-10-08,42.33511880543257,-83.04619400787217,Downtown,Gratiot Ave & Library St,Downtown
882ab2c58dfffff,23.0,21.0,Persistent Hotspot,-2.0,-8.7,28.35,ALL,Category Focus,Violent Crime,8.0,14.0,2026-09-11,2026-09-24,2026-09-25,2026-10-08,42.33168460389816,-83.0497093055414,Downtown,Michigan Ave & Cass Ave,Downtown
882ab2c5c7fffff,8.0,12.0,Declining Hotspot,4.0,50.0,18.0,ALL,Category Focus,Violent Crime,8.0,14.0,2026-09-11,2026-09-24,2026-09-25,2026-10-08,42.33511880543257,-83.04619400787217,Downtown,Gratiot Ave & Library St,Downtown
882ab2c58dfffff,4.0,4.0,Persistent Hotspot,0.0,0.0,5.4,03,Crime Type,AGGRAVATED ASSAULT,4.0,4.0,2026-09-11,2026-09-24,2026-09-25,2026-10-08,42.33168460389816,-83.0497093055414,Downtown,Michigan Ave & Cass Ave,Downtown
882ab2c5c7fffff,4.0,2.0,Declining Hotspot,-2.0,-50.0,2.0,03,Crime Type,AGGRAVATED ASSAULT,4.0,4.0,2026-09-11,2026-09-24,2026-09-25,2026-10-08,42.33511880543257,-83.04619400787217,Downtown,Gratiot Ave & Library St,Downtown
882ab2c58dfffff,4.0,4.0,Persistent Hotspot,0.0,0.0,5.4,ALL,Crime Type,AGGRAVATED ASSAULT,4.0,4.0,2026-09-11,2026-09-24,2026-09-25,2026-10-08,42.33168460389816,-83.0497093055414,Downtown,Michigan Ave & Cass Ave,Downtown
882ab2c5c7fffff,4.0,2.0,Declining Hotspot,-2.0,-50.0,2.0,ALL,Crime Type,AGGRAVATED ASSAULT,4.0,4.0,2026-09-11,2026-09-24,2026-09-25,2026-10-08,42.33511880543257,-83.04619400787217,Downtown,Gratiot Ave & Library St,Downtown
882ab2c58dfffff,16.0,17.0,Persistent Hotspot,1.0,6.25,24.45,03,Crime Type,ASSAULT,5.0,10.0,2026-09-11,2026-09-24,2026-09-25,2026-10-08,42.33168460389816,-83.0497093055414,Downtown,Michigan Ave & Cass Ave,Downtown
882ab2c5ebfffff,5.0,5.0,Declining Hotspot,0.0,0.0,5.0,03,Crime Type,ASSAULT,5.0,10.0,2026-09-11,2026-09-24,2026-09-25,2026-10-08,42.33698895689073,-83.05121151712476,Downtown,Woodward Ave & E Adams Ave,Downtown
882ab2c5e3fffff,5.0,1.0,Declining Hotspot,-4.0,-80.0,1.0,03,Crime Type,ASSAULT,5.0,10.0,2026-09-11,2026-09-24,2026-09-25,2026-10-08,42.33230278409165,-83.057812497388,Downtown,Bagley St & 3rd St,Downtown
882ab2c58dfffff,16.0,17.0,Persistent Hotspot,1.0,6.25,24.45,ALL,Crime Type,ASSAULT,5.0,10.0,2026-09-11,2026-09-24,2026-09-25,2026-10-08,42.33168460389816,-83.0497093055414,Downtown,Michigan Ave & Cass Ave,Downtown
882ab2c5ebfffff,5.0,5.0,Declining Hotspot,0.0,0.0,5.0,ALL,Crime Type,ASSAULT,5.0,10.0,2026-09-11,2026-09-24,2026-09-25,2026-10-08,42.33698895689073,-83.05121151712476,Downtown,Woodward Ave & E Adams Ave,Downtown
882ab2c5e3fffff,5.0,1.0,Declining Hotspot,-4.0,-80.0,1.0,ALL,Crime Type,ASSAULT,5.0,10.0,2026-09-11,2026-09-24,2026-09-25,2026-10-08,42.33230278409165,-83.057812497388,Downtown,Bagley St & 3rd St,Downtown
882ab2c5c7fffff,0.0,6.0,New Hotspot,6.0,,15.0,03,Crime Type,DAMAGE TO PROPERTY,3.0,5.0,2026-09-11,2026-09-24,2026-09-25,2026-10-08,42.33511880543257,-83.04619400787217,Downtown,Gratiot Ave & Library St,Downtown
882ab2c58dfffff,2.0,5.0,Emerging Hotspot,3.0,150.0,9.5,03,Crime Type,DAMAGE TO PROPERTY,3.0,5.0,2026-09-11,2026-09-24,2026-09-25,2026-10-08,42.33168460389816,-83.0497093055414,Downtown,Michigan Ave & Cass Ave,Downtown
882ab2c5c7fffff,0.0,6.0,New Hotspot,6.0,,15.0,ALL,Crime Type,DAMAGE TO PROPERTY,3.0,5.0,2026-09-11,2026-09-24,2026-09-25,2026-10-08,42.33511880543257,-83.04619400787217,Downtown,Gratiot Ave & Library St,Downtown
882ab2c58dfffff,2.0,5.0,Emerging Hotspot,3.0,150.0,9.5,ALL,Crime Type,DAMAGE TO PROPERTY,3.0,5.0,2026-09-11,2026-09-24,2026-09-25,2026-10-08,42.33168460389816,-83.0497093055414,Downtown,Michigan Ave & Cass Ave,Downtown
882ab2c58dfffff,12.0,6.0,Persistent Hotspot,-6.0,-50.0,8.1,03,Crime Type,FRAUD,7.0,5.0,2026-09-11,2026-09-24,2026-09-25,2026-10-08,42.33168460389816,-83.0497093055414,Downtown,Michigan Ave & Cass Ave,Downtown
882ab2c58dfffff,12.0,6.0,Persistent Hotspot,-6.0,-50.0,8.1,ALL,Crime Type,FRAUD,7.0,5.0,2026-09-11,2026-09-24,2026-09-25,2026-10-08,42.33168460389816,-83.0497093055414,Downtown,Michigan Ave & Cass Ave,Downtown
882ab2c58dfffff,3.0,0.0,Declining Hotspot,-3.0,-100.0,0.0,03,Crime Type,INVASION OF PRIVACY -OTHER,3.0,3.0,2026-09-11,2026-09-24,2026-09-25,2026-10-08,42.33168460389816,-83.0497093055414,Downtown,Michigan Ave & Cass Ave,Downtown
882ab2c58dfffff,3.0,0.0,Declining Hotspot,-3.0,-100.0,0.0,ALL,Crime Type,INVASION OF PRIVACY -OTHER,3.0,3.0,2026-09-11,2026-09-24,2026-09-25,2026-10-08,42.33168460389816,-83.0497093055414,Downtown,Michigan Ave & Cass Ave,Downtown
882ab2c5c7fffff,3.0,5.0,Emerging Hotspot,2.0,66.67,8.0,03,Crime Type,LARCENY,7.0,4.0,2026-09-11,2026-09-24,2026-09-25,2026-10-08,42.33511880543257,-83.04619400787217,Downtown,Gratiot Ave & Library St,Downtown
882ab2c58dfffff,11.0,4.0,Persistent Hotspot,-7.0,-63.64,5.4,03,Crime Type,LARCENY,7.0,4.0,2026-09-11,2026-09-24,2026-09-25,2026-10-08,42.33168460389816,-83.0497093055414,Downtown,Michigan Ave & Cass Ave,Downtown
882ab2c5e3fffff,7.0,2.0,Declining Hotspot,-5.0,-71.43,2.0,03,Crime Type,LARCENY,7.0,4.0,2026-09-11,2026-09-24,2026-09-25,2026-10-08,42.33230278409165,-83.057812497388,Downtown,Bagley St & 3rd St,Downtown
882ab2c5c7fffff,3.0,5.0,Emerging Hotspot,2.0,66.67,8.0,ALL,Crime Type,LARCENY,7.0,4.0,2026-09-11,2026-09-24,2026-09-25,2026-10-08,42.33511880543257,-83.04619400787217,Downtown,Gratiot Ave & Library St,Downtown
882ab2c58dfffff,11.0,4.0,Persistent Hotspot,-7.0,-63.64,5.4,ALL,Crime Type,LARCENY,7.0,4.0,2026-09-11,2026-09-24,2026-09-25,2026-10-08,42.33168460389816,-83.0497093055414,Downtown,Michigan Ave & Cass Ave,Downtown
882ab2c5e3fffff,7.0,2.0,Declining Hotspot,-5.0,-71.43,2.0,ALL,Crime Type,LARCENY,7.0,4.0,2026-09-11,2026-09-24,2026-09-25,2026-10-08,42.33230278409165,-83.057812497388,Downtown,Bagley St & 3rd St,Downtown
882ab2c5ebfffff,2.0,4.0,Emerging Hotspot,2.0,100.0,7.0,03,Crime Type,OBSTRUCTING THE POLICE,3.0,4.0,2026-09-11,2026-09-24,2026-09-25,2026-10-08,42.33698895689073,-83.05121151712476,Downtown,Woodward Ave & E Adams Ave,Downtown
882ab2c5ebfffff,2.0,4.0,Emerging Hotspot,2.0,100.0,7.0,ALL,Crime Type,OBSTRUCTING THE POLICE,3.0,4.0,2026-09-11,2026-09-24,2026-09-25,2026-10-08,42.33698895689073,-83.05121151712476,Downtown,Woodward Ave & E Adams Ave,Downtown
882ab2c5c7fffff,3.0,1.0,Declining Hotspot,-2.0,-66.67,1.0,03,Crime Type,STOLEN VEHICLE,3.0,3.0,2026-09-11,2026-09-24,2026-09-25,2026-10-08,42.33511880543257,-83.04619400787217,Downtown,Gratiot Ave & Library St,Downtown
882ab2c5c7fffff,3.0,1.0,Declining Hotspot,-2.0,-66.67,1.0,ALL,Crime Type,STOLEN VEHICLE,3.0,3.0,2026-09-11,2026-09-24,2026-09-25,2026-10-08,42.33511880543257,-83.04619400787217,Downtown,Gratiot Ave & Library St,Downtown
882ab2c601fffff,0.0,4.0,New Hotspot,4.0,,10.0,05,All,All,6.0,4.0,2026-09-11,2026-09-24,2026-09-25,2026-10-08,42.41198190418224,-82.9399097406607,East English Village,Chandler Park Dr & Kensington Ave,East English Village
882ab2c60bfffff,2.0,4.0,Emerging Hotspot,2.0,100.0,7.0,05,All,All,6.0,4.0,2026-09-11,2026-09-24,2026-09-25,2026-10-08,42.40777111181735,-82.93198421353965,East English Village,Frankfort St & Cadieux Rd,East English Village
882ab2c609fffff,5.0,4.0,Emerging Hotspot,-1.0,-20.0,4.0,05,All,All,6.0,4.0,2026-09-11,2026-09-24,2026-09-25,2026-10-08,42.415305747781375,-82.93744119372616,East English Village,Berden St & Grayton St,East English Village
882ab2c61dfffff,7.0,1.0,Declining Hotspot,-6.0,-85.71,1.0,05,All,All,6.0,4.0,2026-09-11,2026-09-24,2026-09-25,2026-10-08,42.40265468713058,-82.92754426594546,East English Village,Munich St & Cadieux Rd,East English Village
882ab2c601fffff,0.0,4.0,New Hotspot,4.0,,10.0,ALL,All,All,6.0,4.0,2026-09-11,2026-09-24,2026-09-25,2026-10-08,42.41198190418224,-82.9399097406607,East English Village,Chandler Park Dr & Kensington Ave,East English Village
882ab2c60bfffff,2.0,4.0,Emerging Hotspot,2.0,100.0,7.0,ALL,All,All,6.0,4.0,2026-09-11,2026-09-24,2026-09-25,2026-10-08,42.40777111181735,-82.93198421353965,East English Village,Frankfort St & Cadieux Rd,East English Village
882ab2c609fffff,5.0,4.0,Emerging Hotspot,-1.0,-20.0,4.0,ALL,All,All,6.0,4.0,2026-09-11,2026-09-24,2026-09-25,2026-10-08,42.415305747781375,-82.93744119372616,East English Village,Berden St & Grayton St,East English Village
882ab2c61dfffff,7.0,1.0,Declining Hotspot,-6.0,-85.71,1.0,ALL,All,All,6.0,4.0,2026-09-11,2026-09-24,2026-09-25,2026-10-08,42.40265468713058,-82.92754426594546,East English Village,Munich St & Cadieux Rd,East English Village
882ab2c601fffff,0.0,4.0,New Hotspot,4.0,,10.0,05,Category Focus,Property Crime,3.0,3.0,2026-09-11,2026-09-24,2026-09-25,2026-10-08,42.41198190418224,-82.9399097406607,East English Village,Chandler Park Dr & Kensington Ave,East English Village
882ab2c61dfffff,3.0,0.0,Declining Hotspot,-3.0,-100.0,0.0,05,Category Focus,Property Crime,3.0,3.0,2026-09-11,2026-09-24,2026-09-25,2026-10-08,42.40265468713058,-82.92754426594546,East English Village,Munich St & Cadieux Rd,East English Village
882ab2c601fffff,0.0,4.0,New Hotspot,4.0,,10.0,ALL,Category Focus,Property Crime,3.0,3.0,2026-09-11,2026-09-24,2026-09-25,2026-10-08,42.41198190418224,-82.9399097406607,East English Village,Chandler Park Dr & Kensington Ave,East English Village
882ab2c61dfffff,3.0,0.0,Declining Hotspot,-3.0,-100.0,0.0,ALL,Category Focus,Property Crime,3.0,3.0,2026-09-11,2026-09-24,2026-09-25,2026-10-08,42.40265468713058,-82.92754426594546,East English Village,Munich St & Cadieux Rd,East English Village
882ab2c609fffff,3.0,1.0,Declining Hotspot,-2.0,-66.67,1.0,05,Category Focus,Violent Crime,3.0,3.0,2026-09-11,2026-09-24,2026-09-25,2026-10-08,42.415305747781375,-82.93744119372616,East English Village,Berden St & Grayton St,East English Village
882ab2c61dfffff,3.0,1.0,Declining Hotspot,-2.0,-66.67,1.0,05,Category Focus,Violent Crime,3.0,3.0,2026-09-11,2026-09-24,2026-09-25,2026-10-08,42.40265468713058,-82.92754426594546,East English Village,Munich St & Cadieux Rd,East English Village
882ab2c609fffff,3.0,1.0,Declining Hotspot,-2.0,-66.67,1.0,ALL,Category Focus,Violent Crime,3.0,3.0,2026-09-11,2026-09-24,2026-09-25,2026-10-08,42.415305747781375,-82.93744119372616,East English Village,Berden St & Grayton St,East English Village
882ab2c61dfffff,3.0,1.0,Declining Hotspot,-2.0,-66.67,1.0,ALL,Category Focus,Violent Crime,3.0,3.0,2026-09-11,2026-09-24,2026-09-25,2026-10-08,42.40265468713058,-82.92754426594546,East English Village,Munich St & Cadieux Rd,East English Village
882ab2c61dfffff,3.0,1.0,Declining Hotspot,-2.0,-66.67,1.0,05,Crime Type,ASSAULT,3.0,3.0,2026-09-11,2026-09-24,2026-09-25,2026-10-08,42.40265468713058,-82.92754426594546,East English Village,Munich St & Cadieux Rd,East English Village
882ab2c61dfffff,3.0,1.0,Declining Hotspot,-2.0,-66.67,1.0,ALL,Crime Type,ASSAULT,3.0,3.0,2026-09-11,2026-09-24,2026-09-25,2026-10-08,42.40265468713058,-82.92754426594546,East English Village,Munich St & Cadieux Rd,East English Village
882ab2c61dfffff,3.0,0.0,Declining Hotspot,-3.0,-100.0,0.0,05,Crime Type,BURGLARY,3.0,3.0,2026-09-11,2026-09-24,2026-09-25,2026-10-08,42.40265468713058,-82.92754426594546,East English Village,Munich St & Cadieux Rd,East English Village
882ab2c61dfffff,3.0,0.0,Declining Hotspot,-3.0,-100.0,0.0,ALL,Crime Type,BURGLARY,3.0,3.0,2026-09-11,2026-09-24,2026-09-25,2026-10-08,42.40265468713058,-82.92754426594546,East English Village,Munich St & Cadieux Rd,East English Village
882ab2c443fffff,2.0,4.0,Emerging Hotspot,2.0,100.0,7.0,05,All,All,3.0,3.0,2026-09-11,2026-09-24,2026-09-25,2026-10-08,42.375417997139294,-82.97892830821465,East Village,Beniteau St & Goethe Ave,East Village
882ab2c409fffff,4.0,2.0,Declining Hotspot,-2.0,-50.0,2.0,05,All,All,3.0,3.0,2026-09-11,2026-09-24,2026-09-25,2026-10-08,42.37388111608564,-82.98509735302113,East Village,Goethe Ave & Montclair St,East Village
882ab2c41dfffff,4.0,1.0,Declining Hotspot,-3.0,-75.0,1.0,07,All,All,4.0,3.0,2026-09-11,2026-09-24,2026-09-25,2026-10-08,42.359456399168224,-82.98376539490226,East Village,E Jefferson Ave & McClellan St,East Village
882ab2c443fffff,2.0,4.0,Emerging Hotspot,2.0,100.0,7.0,ALL,All,All,4.0,3.0,2026-09-11,2026-09-24,2026-09-25,2026-10-08,42.375417997139294,-82.97892830821465,East Village,Beniteau St & Goethe Ave,East Village
882ab2c409fffff,4.0,2.0,Declining Hotspot,-2.0,-50.0,2.0,ALL,All,All,4.0,3.0,2026-09-11,2026-09-24,2026-09-25,2026-10-08,42.37388111608564,-82.98509735302113,East Village,Goethe Ave & Montclair St,East Village
882ab2c41dfffff,4.0,1.0,Declining Hotspot,-3.0,-75.0,1.0,ALL,All,All,4.0,3.0,2026-09-11,2026-09-24,2026-09-25,2026-10-08,42.359456399168224,-82.98376539490226,East Village,E Jefferson Ave & McClellan St,East Village
882ab2c443fffff,1.0,3.0,Emerging Hotspot,2.0,200.0,6.0,05,Category Focus,Property Crime,3.0,3.0,2026-09-11,2026-09-24,2026-09-25,2026-10-08,42.375417997139294,-82.97892830821465,East Village,Beniteau St & Goethe Ave,East Village
882ab2c443fffff,1.0,3.0,Emerging Hotspot,2.0,200.0,6.0,ALL,Category Focus,Property Crime,3.0,3.0,2026-09-11,2026-09-24,2026-09-25,2026-10-08,42.375417997139294,-82.97892830821465,East Village,Beniteau St & Goethe Ave,East Village
882ab2c5c1fffff,4.0,4.0,Persistent Hotspot,0.0,0.0,5.4,07,All,All,3.0,4.0,2026-08-31,2026-09-13,2026-09-14,2026-09-27,42.345649574135756,-83.0394794348478,Eastern Market,Market St & Winder St,Eastern Market
882ab2c5c1fffff,4.0,4.0,Persistent Hotspot,0.0,0.0,5.4,ALL,All,All,3.0,4.0,2026-08-31,2026-09-13,2026-09-14,2026-09-27,42.345649574135756,-83.0394794348478,Eastern Market,Market St & Winder St,Eastern Market
882ab2c5c1fffff,3.0,2.0,Declining Hotspot,-1.0,-33.33,2.0,07,Category Focus,Property Crime,3.0,3.0,2026-08-31,2026-09-13,2026-09-14,2026-09-27,42.345649574135756,-83.0394794348478,Eastern Market,Market St & Winder St,Eastern Market
882ab2c5c1fffff,3.0,2.0,Declining Hotspot,-1.0,-33.33,2.0,ALL,Category Focus,Property Crime,3.0,3.0,2026-08-31,2026-09-13,2026-09-14,2026-09-27,42.345649574135756,-83.0394794348478,Eastern Market,Market St & Winder St,Eastern Market
882ab2c62dfffff,6.0,5.0,Emerging Hotspot,-1.0,-16.67,5.0,09,All,All,7.0,5.0,2026-09-08,2026-09-21,2026-09-22,2026-10-05,42.41399436452561,-82.97710364699078,Eden Gardens,Newport St & E Outer Dr,Eden Gardens
882ab2c753fffff,9.0,3.0,Declining Hotspot,-6.0,-66.67,3.0,09,All,All,7.0,5.0,2026-09-08,2026-09-21,2026-09-22,2026-10-05,42.41532697788945,-82.98469252451704,Eden Gardens,Park Dr & Flanders St,Eden Gardens
882ab2c62dfffff,6.0,5.0,Emerging Hotspot,-1.0,-16.67,5.0,ALL,All,All,7.0,5.0,2026-09-08,2026-09-21,2026-09-22,2026-10-05,42.41399436452561,-82.97710364699078,Eden Gardens,Newport St & E Outer Dr,Eden Gardens
882ab2c753fffff,9.0,3.0,Declining Hotspot,-6.0,-66.67,3.0,ALL,All,All,7.0,5.0,2026-09-08,2026-09-21,2026-09-22,2026-10-05,42.41532697788945,-82.98469252451704,Eden Gardens,Park Dr & Flanders St,Eden Gardens
882ab2c62dfffff,0.0,3.0,New Hotspot,3.0,,7.5,09,Category Focus,Property Crime,3.0,3.0,2026-09-08,2026-09-21,2026-09-22,2026-10-05,42.41399436452561,-82.97710364699078,Eden Gardens,Newport St & E Outer Dr,Eden Gardens
882ab2c62dfffff,0.0,3.0,New Hotspot,3.0,,7.5,ALL,Category Focus,Property Crime,3.0,3.0,2026-09-08,2026-09-21,2026-09-22,2026-10-05,42.41399436452561,-82.97710364699078,Eden Gardens,Newport St & E Outer Dr,Eden Gardens
882ab2c753fffff,4.0,0.0,Declining Hotspot,-4.0,-100.0,0.0,09,Category Focus,Violent Crime,4.0,3.0,2026-09-08,2026-09-21,2026-09-22,2026-10-05,42.41532697788945,-82.98469252451704,Eden Gardens,Park Dr & Flanders St,Eden Gardens
882ab2c753fffff,4.0,0.0,Declining Hotspot,-4.0,-100.0,0.0,ALL,Category Focus,Violent Crime,4.0,3.0,2026-09-08,2026-09-21,2026-09-22,2026-10-05,42.41532697788945,-82.98469252451704,Eden Gardens,Park Dr & Flanders St,Eden Gardens
882ab2c531fffff,6.0,5.0,Emerging Hotspot,-1.0,-16.67,5.0,03,All,All,8.0,4.0,2026-09-09,2026-09-22,2026-09-23,2026-10-06,42.35892645105544,-83.0812712368089,Elijah McCoy,Elijah Mccoy Dr & Lincoln St,Elijah McCoy
882ab2c53dfffff,8.0,0.0,Declining Hotspot,-8.0,-100.0,0.0,03,All,All,8.0,4.0,2026-09-09,2026-09-22,2026-09-23,2026-10-06,42.363061672360374,-83.09081256340474,Elijah McCoy,W Grand Blvd & Hanover St,Elijah McCoy
882ab2c531fffff,6.0,5.0,Emerging Hotspot,-1.0,-16.67,5.0,ALL,All,All,8.0,4.0,2026-09-09,2026-09-22,2026-09-23,2026-10-06,42.35892645105544,-83.0812712368089,Elijah McCoy,Elijah Mccoy Dr & Lincoln St,Elijah McCoy
882ab2c53dfffff,8.0,0.0,Declining Hotspot,-8.0,-100.0,0.0,ALL,All,All,8.0,4.0,2026-09-09,2026-09-22,2026-09-23,2026-10-06,42.363061672360374,-83.09081256340474,Elijah McCoy,W Grand Blvd & Hanover St,Elijah McCoy
882ab2c531fffff,1.0,3.0,Emerging Hotspot,2.0,200.0,6.0,03,Category Focus,Property Crime,3.0,3.0,2026-09-09,2026-09-22,2026-09-23,2026-10-06,42.35892645105544,-83.0812712368089,Elijah McCoy,Elijah Mccoy Dr & Lincoln St,Elijah McCoy
882ab2c531fffff,1.0,3.0,Emerging Hotspot,2.0,200.0,6.0,ALL,Category Focus,Property Crime,3.0,3.0,2026-09-09,2026-09-22,2026-09-23,2026-10-06,42.35892645105544,-83.0812712368089,Elijah McCoy,Elijah Mccoy Dr & Lincoln St,Elijah McCoy
882ab2c531fffff,4.0,2.0,Declining Hotspot,-2.0,-50.0,2.0,03,Category Focus,Violent Crime,4.0,3.0,2026-09-09,2026-09-22,2026-09-23,2026-10-06,42.35892645105544,-83.0812712368089,Elijah McCoy,Elijah Mccoy Dr & Lincoln St,Elijah McCoy
882ab2c531fffff,4.0,2.0,Declining Hotspot,-2.0,-50.0,2.0,ALL,Category Focus,Violent Crime,4.0,3.0,2026-09-09,2026-09-22,2026-09-23,2026-10-06,42.35892645105544,-83.0812712368089,Elijah McCoy,Elijah Mccoy Dr & Lincoln St,Elijah McCoy
882ab2c531fffff,4.0,1.0,Declining Hotspot,-3.0,-75.0,1.0,03,Crime Type,ASSAULT,4.0,3.0,2026-09-09,2026-09-22,2026-09-23,2026-10-06,42.35892645105544,-83.0812712368089,Elijah McCoy,Elijah Mccoy Dr & Lincoln St,Elijah McCoy
882ab2c531fffff,4.0,1.0,Declining Hotspot,-3.0,-75.0,1.0,ALL,Crime Type,ASSAULT,4.0,3.0,2026-09-09,2026-09-22,2026-09-23,2026-10-06,42.35892645105544,-83.0812712368089,Elijah McCoy,Elijah Mccoy Dr & Lincoln St,Elijah McCoy
882ab2cf27fffff,1.0,10.0,Emerging Hotspot,9.0,900.0,23.5,06,All,All,3.0,10.0,2026-09-11,2026-09-24,2026-09-25,2026-10-08,42.38806648038019,-83.27339320260184,Eliza Howell,Riverview St & Dale St,Eliza Howell
882ab2cf27fffff,1.0,10.0,Emerging Hotspot,9.0,900.0,23.5,ALL,All,All,3.0,10.0,2026-09-11,2026-09-24,2026-09-25,2026-10-08,42.38806648038019,-83.27339320260184,Eliza Howell,Riverview St & Dale St,Eliza Howell
882ab2cf27fffff,0.0,5.0,New Hotspot,5.0,,12.5,06,Category Focus,Property Crime,3.0,5.0,2026-09-11,2026-09-24,2026-09-25,2026-10-08,42.38806648038019,-83.27339320260184,Eliza Howell,Riverview St & Dale St,Eliza Howell
882ab2cf27fffff,0.0,5.0,New Hotspot,5.0,,12.5,ALL,Category Focus,Property Crime,3.0,5.0,2026-09-11,2026-09-24,2026-09-25,2026-10-08,42.38806648038019,-83.27339320260184,Eliza Howell,Riverview St & Dale St,Eliza Howell
882ab2cf27fffff,1.0,3.0,Emerging Hotspot,2.0,200.0,6.0,06,Category Focus,Violent Crime,3.0,3.0,2026-09-11,2026-09-24,2026-09-25,2026-10-08,42.38806648038019,-83.27339320260184,Eliza Howell,Riverview St & Dale St,Eliza Howell
882ab2cf27fffff,1.0,3.0,Emerging Hotspot,2.0,200.0,6.0,ALL,Category Focus,Violent Crime,3.0,3.0,2026-09-11,2026-09-24,2026-09-25,2026-10-08,42.38806648038019,-83.27339320260184,Eliza Howell,Riverview St & Dale St,Eliza Howell
882ab2cf27fffff,0.0,3.0,New Hotspot,3.0,,7.5,06,Crime Type,DAMAGE TO PROPERTY,3.0,3.0,2026-09-11,2026-09-24,2026-09-25,2026-10-08,42.38806648038019,-83.27339320260184,Eliza Howell,Riverview St & Dale St,Eliza Howell
882ab2cf27fffff,0.0,3.0,New Hotspot,3.0,,7.5,ALL,Crime Type,DAMAGE TO PROPERTY,3.0,3.0,2026-09-11,2026-09-24,2026-09-25,2026-10-08,42.38806648038019,-83.27339320260184,Eliza Howell,Riverview St & Dale St,Eliza Howell
882ab2c5cbfffff,14.0,14.0,Persistent Hotspot,0.0,0.0,18.9,07,All,All,14.0,8.0,2026-09-12,2026-09-25,2026-09-26,2026-10-09,42.34135470062427,-83.0248089063796,Elmwood Park,Macomb St & Chene St,Elmwood Park
882ab2c5c9fffff,14.0,6.0,Declining Hotspot,-8.0,-57.14,6.0,07,All,All,14.0,8.0,2026-09-12,2026-09-25,2026-09-26,2026-10-09,42.3482826472385,-83.02647867706486,Elmwood Park,E Vernor Hwy & Chene St,Elmwood Park
882ab2c5cbfffff,14.0,14.0,Persistent Hotspot,0.0,0.0,18.9,ALL,All,All,14.0,8.0,2026-09-12,2026-09-25,2026-09-26,2026-10-09,42.34135470062427,-83.0248089063796,Elmwood Park,Macomb St & Chene St,Elmwood Park
882ab2c5c9fffff,14.0,6.0,Declining Hotspot,-8.0,-57.14,6.0,ALL,All,All,14.0,8.0,2026-09-12,2026-09-25,2026-09-26,2026-10-09,42.3482826472385,-83.02647867706486,Elmwood Park,E Vernor Hwy & Chene St,Elmwood Park
882ab2c5cbfffff,5.0,3.0,Persistent Hotspot,-2.0,-40.0,4.05,07,Category Focus,Property Crime,5.0,3.0,2026-09-12,2026-09-25,2026-09-26,2026-10-09,42.34135470062427,-83.0248089063796,Elmwood Park,Macomb St & Chene St,Elmwood Park
882ab2c5c9fffff,5.0,1.0,Declining Hotspot,-4.0,-80.0,1.0,07,Category Focus,Property Crime,5.0,3.0,2026-09-12,2026-09-25,2026-09-26,2026-10-09,42.3482826472385,-83.02647867706486,Elmwood Park,E Vernor Hwy & Chene St,Elmwood Park
882ab2c5cbfffff,5.0,3.0,Persistent Hotspot,-2.0,-40.0,4.05,ALL,Category Focus,Property Crime,5.0,3.0,2026-09-12,2026-09-25,2026-09-26,2026-10-09,42.34135470062427,-83.0248089063796,Elmwood Park,Macomb St & Chene St,Elmwood Park
882ab2c5c9fffff,5.0,1.0,Declining Hotspot,-4.0,-80.0,1.0,ALL,Category Focus,Property Crime,5.0,3.0,2026-09-12,2026-09-25,2026-09-26,2026-10-09,42.3482826472385,-83.02647867706486,Elmwood Park,E Vernor Hwy & Chene St,Elmwood Park
882ab2c5c9fffff,4.0,1.0,Declining Hotspot,-3.0,-75.0,1.0,07,Category Focus,Vehicle-Related Crime,3.0,3.0,2026-09-12,2026-09-25,2026-09-26,2026-10-09,42.3482826472385,-83.02647867706486,Elmwood Park,E Vernor Hwy & Chene St,Elmwood Park
882ab2c5c9fffff,4.0,1.0,Declining Hotspot,-3.0,-75.0,1.0,ALL,Category Focus,Vehicle-Related Crime,3.0,3.0,2026-09-12,2026-09-25,2026-09-26,2026-10-09,42.3482826472385,-83.02647867706486,Elmwood Park,E Vernor Hwy & Chene St,Elmwood Park
882ab2c5cbfffff,7.0,9.0,Persistent Hotspot,2.0,28.57,15.15,07,Category Focus,Violent Crime,6.0,7.0,2026-09-12,2026-09-25,2026-09-26,2026-10-09,42.34135470062427,-83.0248089063796,Elmwood Park,Macomb St & Chene St,Elmwood Park
882ab2c5cbfffff,7.0,9.0,Persistent Hotspot,2.0,28.57,15.15,ALL,Category Focus,Violent Crime,6.0,7.0,2026-09-12,2026-09-25,2026-09-26,2026-10-09,42.34135470062427,-83.0248089063796,Elmwood Park,Macomb St & Chene St,Elmwood Park
882ab2c5cbfffff,1.0,3.0,Emerging Hotspot,2.0,200.0,6.0,07,Crime Type,AGGRAVATED ASSAULT,3.0,3.0,2026-09-12,2026-09-25,2026-09-26,2026-10-09,42.34135470062427,-83.0248089063796,Elmwood Park,Macomb St & Chene St,Elmwood Park
882ab2c5cbfffff,1.0,3.0,Emerging Hotspot,2.0,200.0,6.0,ALL,Crime Type,AGGRAVATED ASSAULT,3.0,3.0,2026-09-12,2026-09-25,2026-09-26,2026-10-09,42.34135470062427,-83.0248089063796,Elmwood Park,Macomb St & Chene St,Elmwood Park
882ab2c5cbfffff,5.0,6.0,Persistent Hotspot,1.0,20.0,9.6,07,Crime Type,ASSAULT,5.0,5.0,2026-09-12,2026-09-25,2026-09-26,2026-10-09,42.34135470062427,-83.0248089063796,Elmwood Park,Macomb St & Chene St,Elmwood Park
882ab2c5cbfffff,5.0,6.0,Persistent Hotspot,1.0,20.0,9.6,ALL,Crime Type,ASSAULT,5.0,5.0,2026-09-12,2026-09-25,2026-09-26,2026-10-09,42.34135470062427,-83.0248089063796,Elmwood Park,Macomb St & Chene St,Elmwood Park
882ab2c5c9fffff,3.0,0.0,Declining Hotspot,-3.0,-100.0,0.0,07,Crime Type,DAMAGE TO PROPERTY,3.0,3.0,2026-09-12,2026-09-25,2026-09-26,2026-10-09,42.3482826472385,-83.02647867706486,Elmwood Park,E Vernor Hwy & Chene St,Elmwood Park
882ab2c5c9fffff,3.0,0.0,Declining Hotspot,-3.0,-100.0,0.0,ALL,Crime Type,DAMAGE TO PROPERTY,3.0,3.0,2026-09-12,2026-09-25,2026-09-26,2026-10-09,42.3482826472385,-83.02647867706486,Elmwood Park,E Vernor Hwy & Chene St,Elmwood Park
882ab2ca95fffff,2.0,4.0,Emerging Hotspot,2.0,100.0,7.0,08,All,All,4.0,4.0,2026-09-11,2026-09-24,2026-09-25,2026-10-08,42.43805558386609,-83.25555399210188,Evergreen Lahser 7/8,Chapel St & Fargo St,Evergreen Lahser 7/8
882ab2ca93fffff,4.0,5.0,Persistent Hotspot,1.0,25.0,8.25,08,All,All,4.0,4.0,2026-09-11,2026-09-24,2026-09-25,2026-10-08,42.4294810884543,-83.24308958724961,Evergreen Lahser 7/8,Braile St & W 7 Mile Rd,Evergreen Lahser 7/8
882ab2ca91fffff,5.0,4.0,Persistent Hotspot,-1.0,-20.0,5.4,08,All,All,4.0,4.0,2026-09-11,2026-09-24,2026-09-25,2026-10-08,42.43659933697832,-83.24628460858469,Evergreen Lahser 7/8,Pembroke Ave & Pierson St,Evergreen Lahser 7/8
882ab2ca97fffff,4.0,2.0,Declining Hotspot,-2.0,-50.0,2.0,08,All,All,4.0,4.0,2026-09-11,2026-09-24,2026-09-25,2026-10-08,42.42923834962467,-83.254711278617,Evergreen Lahser 7/8,Lahser Rd & W 7 Mile Rd,Evergreen Lahser 7/8
882ab2ca95fffff,2.0,4.0,Emerging Hotspot,2.0,100.0,7.0,ALL,All,All,4.0,4.0,2026-09-11,2026-09-24,2026-09-25,2026-10-08,42.43805558386609,-83.25555399210188,Evergreen Lahser 7/8,Chapel St & Fargo St,Evergreen Lahser 7/8
882ab2ca93fffff,4.0,5.0,Persistent Hotspot,1.0,25.0,8.25,ALL,All,All,4.0,4.0,2026-09-11,2026-09-24,2026-09-25,2026-10-08,42.4294810884543,-83.24308958724961,Evergreen Lahser 7/8,Braile St & W 7 Mile Rd,Evergreen Lahser 7/8
882ab2ca91fffff,5.0,4.0,Persistent Hotspot,-1.0,-20.0,5.4,ALL,All,All,4.0,4.0,2026-09-11,2026-09-24,2026-09-25,2026-10-08,42.43659933697832,-83.24628460858469,Evergreen Lahser 7/8,Pembroke Ave & Pierson St,Evergreen Lahser 7/8
882ab2ca97fffff,4.0,2.0,Declining Hotspot,-2.0,-50.0,2.0,ALL,All,All,4.0,4.0,2026-09-11,2026-09-24,2026-09-25,2026-10-08,42.42923834962467,-83.254711278617,Evergreen Lahser 7/8,Lahser Rd & W 7 Mile Rd,Evergreen Lahser 7/8
882ab2ca93fffff,3.0,2.0,Declining Hotspot,-1.0,-33.33,2.0,08,Category Focus,Violent Crime,3.0,3.0,2026-09-11,2026-09-24,2026-09-25,2026-10-08,42.4294810884543,-83.24308958724961,Evergreen Lahser 7/8,Braile St & W 7 Mile Rd,Evergreen Lahser 7/8
882ab2ca93fffff,3.0,2.0,Declining Hotspot,-1.0,-33.33,2.0,ALL,Category Focus,Violent Crime,3.0,3.0,2026-09-11,2026-09-24,2026-09-25,2026-10-08,42.4294810884543,-83.24308958724961,Evergreen Lahser 7/8,Braile St & W 7 Mile Rd,Evergreen Lahser 7/8
882ab2cf4bfffff,1.0,4.0,Emerging Hotspot,3.0,300.0,8.5,08,All,All,7.0,4.0,2026-09-10,2026-09-23,2026-09-24,2026-10-07,42.41556026491895,-83.21901154426247,Evergreen-Outer Drive,S M 39 & W McNichols Rd,Evergreen-Outer Drive
882ab2cf41fffff,8.0,6.0,Persistent Hotspot,-2.0,-25.0,8.1,08,All,All,7.0,4.0,2026-09-10,2026-09-23,2026-09-24,2026-10-07,42.41720343422543,-83.22688528734795,Evergreen-Outer Drive,Greenview Ave & W McNichols Rd,Evergreen-Outer Drive
882ab2cf4dfffff,9.0,2.0,Declining Hotspot,-7.0,-77.78,2.0,08,All,All,7.0,4.0,2026-09-10,2026-09-23,2026-09-24,2026-10-07,42.4267127116163,-83.22945283680511,Evergreen-Outer Drive,Huntington Rd & W 7 Mile Rd,Evergreen-Outer Drive
882ab2cf4bfffff,1.0,4.0,Emerging Hotspot,3.0,300.0,8.5,ALL,All,All,7.0,4.0,2026-09-10,2026-09-23,2026-09-24,2026-10-07,42.41556026491895,-83.21901154426247,Evergreen-Outer Drive,S M 39 & W McNichols Rd,Evergreen-Outer Drive
882ab2cf41fffff,8.0,6.0,Persistent Hotspot,-2.0,-25.0,8.1,ALL,All,All,7.0,4.0,2026-09-10,2026-09-23,2026-09-24,2026-10-07,42.41720343422543,-83.22688528734795,Evergreen-Outer Drive,Greenview Ave & W McNichols Rd,Evergreen-Outer Drive
882ab2cf4dfffff,9.0,2.0,Declining Hotspot,-7.0,-77.78,2.0,ALL,All,All,7.0,4.0,2026-09-10,2026-09-23,2026-09-24,2026-10-07,42.4267127116163,-83.22945283680511,Evergreen-Outer Drive,Huntington Rd & W 7 Mile Rd,Evergreen-Outer Drive
882ab2cf4dfffff,3.0,0.0,Declining Hotspot,-3.0,-100.0,0.0,08,Category Focus,Property Crime,3.0,3.0,2026-09-10,2026-09-23,2026-09-24,2026-10-07,42.4267127116163,-83.22945283680511,Evergreen-Outer Drive,Huntington Rd & W 7 Mile Rd,Evergreen-Outer Drive
882ab2cf4dfffff,3.0,0.0,Declining Hotspot,-3.0,-100.0,0.0,ALL,Category Focus,Property Crime,3.0,3.0,2026-09-10,2026-09-23,2026-09-24,2026-10-07,42.4267127116163,-83.22945283680511,Evergreen-Outer Drive,Huntington Rd & W 7 Mile Rd,Evergreen-Outer Drive
882ab2cf4dfffff,5.0,1.0,Declining Hotspot,-4.0,-80.0,1.0,08,Category Focus,Violent Crime,4.0,3.0,2026-09-10,2026-09-23,2026-09-24,2026-10-07,42.4267127116163,-83.22945283680511,Evergreen-Outer Drive,Huntington Rd & W 7 Mile Rd,Evergreen-Outer Drive
882ab2cf4dfffff,5.0,1.0,Declining Hotspot,-4.0,-80.0,1.0,ALL,Category Focus,Violent Crime,4.0,3.0,2026-09-10,2026-09-23,2026-09-24,2026-10-07,42.4267127116163,-83.22945283680511,Evergreen-Outer Drive,Huntington Rd & W 7 Mile Rd,Evergreen-Outer Drive
882ab2cf4dfffff,4.0,0.0,Declining Hotspot,-4.0,-100.0,0.0,08,Crime Type,ASSAULT,3.0,3.0,2026-09-10,2026-09-23,2026-09-24,2026-10-07,42.4267127116163,-83.22945283680511,Evergreen-Outer Drive,Huntington Rd & W 7 Mile Rd,Evergreen-Outer Drive
882ab2cf4dfffff,4.0,0.0,Declining Hotspot,-4.0,-100.0,0.0,ALL,Crime Type,ASSAULT,3.0,3.0,2026-09-10,2026-09-23,2026-09-24,2026-10-07,42.4267127116163,-83.22945283680511,Evergreen-Outer Drive,Huntington Rd & W 7 Mile Rd,Evergreen-Outer Drive
882ab2cd19fffff,4.0,3.0,Persistent Hotspot,-1.0,-25.0,4.05,06,All,All,4.0,3.0,2026-09-08,2026-09-21,2026-09-22,2026-10-05,42.34639097368258,-83.2602463327954,Far West Detroit,Chatham St & Sawyer St,Far West Detroit
882ab2cd19fffff,4.0,3.0,Persistent Hotspot,-1.0,-25.0,4.05,ALL,All,All,4.0,3.0,2026-09-08,2026-09-21,2026-09-22,2026-10-05,42.34639097368258,-83.2602463327954,Far West Detroit,Chatham St & Sawyer St,Far West Detroit
882ab2cd19fffff,3.0,1.0,Declining Hotspot,-2.0,-66.67,1.0,06,Category Focus,Violent Crime,3.0,3.0,2026-09-08,2026-09-21,2026-09-22,2026-10-05,42.34639097368258,-83.2602463327954,Far West Detroit,Chatham St & Sawyer St,Far West Detroit
882ab2cd19fffff,3.0,1.0,Declining Hotspot,-2.0,-66.67,1.0,ALL,Category Focus,Violent Crime,3.0,3.0,2026-09-08,2026-09-21,2026-09-22,2026-10-05,42.34639097368258,-83.2602463327954,Far West Detroit,Chatham St & Sawyer St,Far West Detroit
882ab2c0dbfffff,4.0,11.0,Emerging Hotspot,7.0,175.0,21.5,11,All,All,10.0,9.0,2026-09-11,2026-09-24,2026-09-25,2026-10-08,42.43577810929152,-83.05992032298255,Farwell,Emery St & Shields St,Farwell
882ab2c761fffff,12.0,9.0,Persistent Hotspot,-3.0,-25.0,12.15,11,All,All,10.0,9.0,2026-09-11,2026-09-24,2026-09-25,2026-10-08,42.438372332382855,-83.04517450617394,Farwell,E Lantz St & Caldwell St,Farwell
882ab2c765fffff,10.0,7.0,Declining Hotspot,-3.0,-30.0,7.0,11,All,All,10.0,9.0,2026-09-11,2026-09-24,2026-09-25,2026-10-08,42.438195439880296,-83.0550607183114,Farwell,E Lantz St & Hasse St,Farwell
882ab2c0dbfffff,4.0,11.0,Emerging Hotspot,7.0,175.0,21.5,ALL,All,All,10.0,9.0,2026-09-11,2026-09-24,2026-09-25,2026-10-08,42.43577810929152,-83.05992032298255,Farwell,Emery St & Shields St,Farwell
882ab2c761fffff,12.0,9.0,Persistent Hotspot,-3.0,-25.0,12.15,ALL,All,All,10.0,9.0,2026-09-11,2026-09-24,2026-09-25,2026-10-08,42.438372332382855,-83.04517450617394,Farwell,E Lantz St & Caldwell St,Farwell
882ab2c765fffff,10.0,7.0,Declining Hotspot,-3.0,-30.0,7.0,ALL,All,All,10.0,9.0,2026-09-11,2026-09-24,2026-09-25,2026-10-08,42.438195439880296,-83.0550607183114,Farwell,E Lantz St & Hasse St,Farwell
882ab2c0dbfffff,2.0,6.0,Emerging Hotspot,4.0,200.0,12.0,11,Category Focus,Property Crime,3.0,4.0,2026-09-11,2026-09-24,2026-09-25,2026-10-08,42.43577810929152,-83.05992032298255,Farwell,Emery St & Shields St,Farwell
882ab2c761fffff,2.0,4.0,Emerging Hotspot,2.0,100.0,7.0,11,Category Focus,Property Crime,3.0,4.0,2026-09-11,2026-09-24,2026-09-25,2026-10-08,42.438372332382855,-83.04517450617394,Farwell,E Lantz St & Caldwell St,Farwell
882ab2c2b3fffff,4.0,2.0,Declining Hotspot,-2.0,-50.0,2.0,11,Category Focus,Property Crime,3.0,4.0,2026-09-11,2026-09-24,2026-09-25,2026-10-08,42.44727034331925,-83.06386416944315,Farwell,Ryan Rd & E 8 Mile Rd,Farwell
882ab2c765fffff,3.0,2.0,Declining Hotspot,-1.0,-33.33,2.0,11,Category Focus,Property Crime,3.0,4.0,2026-09-11,2026-09-24,2026-09-25,2026-10-08,42.438195439880296,-83.0550607183114,Farwell,E Lantz St & Hasse St,Farwell
882ab2c0dbfffff,2.0,6.0,Emerging Hotspot,4.0,200.0,12.0,ALL,Category Focus,Property Crime,3.0,4.0,2026-09-11,2026-09-24,2026-09-25,2026-10-08,42.43577810929152,-83.05992032298255,Farwell,Emery St & Shields St,Farwell
882ab2c761fffff,2.0,4.0,Emerging Hotspot,2.0,100.0,7.0,ALL,Category Focus,Property Crime,3.0,4.0,2026-09-11,2026-09-24,2026-09-25,2026-10-08,42.438372332382855,-83.04517450617394,Farwell,E Lantz St & Caldwell St,Farwell
882ab2c2b3fffff,4.0,2.0,Declining Hotspot,-2.0,-50.0,2.0,ALL,Category Focus,Property Crime,3.0,4.0,2026-09-11,2026-09-24,2026-09-25,2026-10-08,42.44727034331925,-83.06386416944315,Farwell,Ryan Rd & E 8 Mile Rd,Farwell
882ab2c765fffff,3.0,2.0,Declining Hotspot,-1.0,-33.33,2.0,ALL,Category Focus,Property Crime,3.0,4.0,2026-09-11,2026-09-24,2026-09-25,2026-10-08,42.438195439880296,-83.0550607183114,Farwell,E Lantz St & Hasse St,Farwell
882ab2c2b3fffff,3.0,2.0,Declining Hotspot,-1.0,-33.33,2.0,11,Category Focus,Vehicle-Related Crime,3.0,3.0,2026-09-11,2026-09-24,2026-09-25,2026-10-08,42.44727034331925,-83.06386416944315,Farwell,Ryan Rd & E 8 Mile Rd,Farwell
882ab2c2b3fffff,3.0,2.0,Declining Hotspot,-1.0,-33.33,2.0,ALL,Category Focus,Vehicle-Related Crime,3.0,3.0,2026-09-11,2026-09-24,2026-09-25,2026-10-08,42.44727034331925,-83.06386416944315,Farwell,Ryan Rd & E 8 Mile Rd,Farwell
882ab2c0d9fffff,2.0,6.0,Emerging Hotspot,4.0,200.0,12.0,11,Category Focus,Violent Crime,7.0,6.0,2026-09-11,2026-09-24,2026-09-25,2026-10-08,42.44269305497512,-83.06568811266315,Farwell,E Remington St & Wexford St,Farwell
882ab2c765fffff,7.0,5.0,Declining Hotspot,-2.0,-28.57,5.0,11,Category Focus,Violent Crime,7.0,6.0,2026-09-11,2026-09-24,2026-09-25,2026-10-08,42.438195439880296,-83.0550607183114,Farwell,E Lantz St & Hasse St,Farwell
882ab2c0d9fffff,2.0,6.0,Emerging Hotspot,4.0,200.0,12.0,ALL,Category Focus,Violent Crime,7.0,6.0,2026-09-11,2026-09-24,2026-09-25,2026-10-08,42.44269305497512,-83.06568811266315,Farwell,E Remington St & Wexford St,Farwell
882ab2c765fffff,7.0,5.0,Declining Hotspot,-2.0,-28.57,5.0,ALL,Category Focus,Violent Crime,7.0,6.0,2026-09-11,2026-09-24,2026-09-25,2026-10-08,42.438195439880296,-83.0550607183114,Farwell,E Lantz St & Hasse St,Farwell
882ab2c0d9fffff,1.0,3.0,Emerging Hotspot,2.0,200.0,6.0,11,Crime Type,AGGRAVATED ASSAULT,3.0,3.0,2026-09-11,2026-09-24,2026-09-25,2026-10-08,42.44269305497512,-83.06568811266315,Farwell,E Remington St & Wexford St,Farwell
882ab2c0d9fffff,1.0,3.0,Emerging Hotspot,2.0,200.0,6.0,ALL,Crime Type,AGGRAVATED ASSAULT,3.0,3.0,2026-09-11,2026-09-24,2026-09-25,2026-10-08,42.44269305497512,-83.06568811266315,Farwell,E Remington St & Wexford St,Farwell
882ab2c765fffff,6.0,4.0,Persistent Hotspot,-2.0,-33.33,5.4,11,Crime Type,ASSAULT,6.0,4.0,2026-09-11,2026-09-24,2026-09-25,2026-10-08,42.438195439880296,-83.0550607183114,Farwell,E Lantz St & Hasse St,Farwell
882ab2c765fffff,6.0,4.0,Persistent Hotspot,-2.0,-33.33,5.4,ALL,Crime Type,ASSAULT,6.0,4.0,2026-09-11,2026-09-24,2026-09-25,2026-10-08,42.438195439880296,-83.0550607183114,Farwell,E Lantz St & Hasse St,Farwell
882ab2c0dbfffff,0.0,3.0,New Hotspot,3.0,,7.5,11,Crime Type,BURGLARY,3.0,3.0,2026-09-11,2026-09-24,2026-09-25,2026-10-08,42.43577810929152,-83.05992032298255,Farwell,Emery St & Shields St,Farwell
882ab2c0dbfffff,0.0,3.0,New Hotspot,3.0,,7.5,ALL,Crime Type,BURGLARY,3.0,3.0,2026-09-11,2026-09-24,2026-09-25,2026-10-08,42.43577810929152,-83.05992032298255,Farwell,Emery St & Shields St,Farwell
882ab2c761fffff,0.0,3.0,New Hotspot,3.0,,7.5,11,Crime Type,DAMAGE TO PROPERTY,3.0,3.0,2026-09-11,2026-09-24,2026-09-25,2026-10-08,42.438372332382855,-83.04517450617394,Farwell,E Lantz St & Caldwell St,Farwell
882ab2c761fffff,0.0,3.0,New Hotspot,3.0,,7.5,ALL,Crime Type,DAMAGE TO PROPERTY,3.0,3.0,2026-09-11,2026-09-24,2026-09-25,2026-10-08,42.438372332382855,-83.04517450617394,Farwell,E Lantz St & Caldwell St,Farwell
882ab2cc43fffff,12.0,7.0,Persistent Hotspot,-5.0,-41.67,9.45,02,All,All,8.0,5.0,2026-09-09,2026-09-22,2026-09-23,2026-10-06,42.35576064054459,-83.19246442862048,Fiskhorn,Prest St & Joy Rd,Fiskhorn
882ab2cc43fffff,12.0,7.0,Persistent Hotspot,-5.0,-41.67,9.45,ALL,All,All,8.0,5.0,2026-09-09,2026-09-22,2026-09-23,2026-10-06,42.35576064054459,-83.19246442862048,Fiskhorn,Prest St & Joy Rd,Fiskhorn
882ab2cc43fffff,5.0,2.0,Declining Hotspot,-3.0,-60.0,2.0,02,Category Focus,Property Crime,5.0,3.0,2026-09-09,2026-09-22,2026-09-23,2026-10-06,42.35576064054459,-83.19246442862048,Fiskhorn,Prest St & Joy Rd,Fiskhorn
882ab2cc43fffff,5.0,2.0,Declining Hotspot,-3.0,-60.0,2.0,ALL,Category Focus,Property Crime,5.0,3.0,2026-09-09,2026-09-22,2026-09-23,2026-10-06,42.35576064054459,-83.19246442862048,Fiskhorn,Prest St & Joy Rd,Fiskhorn
882ab2cc43fffff,4.0,1.0,Declining Hotspot,-3.0,-75.0,1.0,02,Category Focus,Violent Crime,4.0,3.0,2026-09-09,2026-09-22,2026-09-23,2026-10-06,42.35576064054459,-83.19246442862048,Fiskhorn,Prest St & Joy Rd,Fiskhorn
882ab2cc43fffff,4.0,1.0,Declining Hotspot,-3.0,-75.0,1.0,ALL,Category Focus,Violent Crime,4.0,3.0,2026-09-09,2026-09-22,2026-09-23,2026-10-06,42.35576064054459,-83.19246442862048,Fiskhorn,Prest St & Joy Rd,Fiskhorn
882ab2cc43fffff,4.0,1.0,Declining Hotspot,-3.0,-75.0,1.0,02,Crime Type,ASSAULT,4.0,3.0,2026-09-09,2026-09-22,2026-09-23,2026-10-06,42.35576064054459,-83.19246442862048,Fiskhorn,Prest St & Joy Rd,Fiskhorn
882ab2cc43fffff,4.0,1.0,Declining Hotspot,-3.0,-75.0,1.0,ALL,Crime Type,ASSAULT,4.0,3.0,2026-09-09,2026-09-22,2026-09-23,2026-10-06,42.35576064054459,-83.19246442862048,Fiskhorn,Prest St & Joy Rd,Fiskhorn
882ab2cc43fffff,3.0,0.0,Declining Hotspot,-3.0,-100.0,0.0,02,Crime Type,DAMAGE TO PROPERTY,3.0,3.0,2026-09-09,2026-09-22,2026-09-23,2026-10-06,42.35576064054459,-83.19246442862048,Fiskhorn,Prest St & Joy Rd,Fiskhorn
882ab2cc43fffff,3.0,0.0,Declining Hotspot,-3.0,-100.0,0.0,ALL,Crime Type,DAMAGE TO PROPERTY,3.0,3.0,2026-09-09,2026-09-22,2026-09-23,2026-10-06,42.35576064054459,-83.19246442862048,Fiskhorn,Prest St & Joy Rd,Fiskhorn
882ab2ce47fffff,3.0,1.0,Declining Hotspot,-2.0,-66.67,1.0,10,All,All,3.0,3.0,2026-09-12,2026-09-25,2026-09-26,2026-10-09,42.40383882200878,-83.1564107346751,Fitzgerald/Marygrove,Fenkell St & Wisconsin St,Fitzgerald/Marygrove
882ab2ce69fffff,0.0,5.0,New Hotspot,5.0,,12.5,12,All,All,10.0,5.0,2026-09-12,2026-09-25,2026-09-26,2026-10-09,42.41434237225428,-83.1663182835984,Fitzgerald/Marygrove,Pinehurst St & Grove St,Fitzgerald/Marygrove
882ab2ce4dfffff,5.0,5.0,Emerging Hotspot,0.0,0.0,5.0,12,All,All,10.0,5.0,2026-09-12,2026-09-25,2026-09-26,2026-10-09,42.41395625843927,-83.15106444803112,Fitzgerald/Marygrove,Greenlawn St & Marygrove Dr,Fitzgerald/Marygrove
882ab2ce45fffff,11.0,10.0,Persistent Hotspot,-1.0,-9.09,13.5,12,All,All,10.0,5.0,2026-09-12,2026-09-25,2026-09-26,2026-10-09,42.40793354641639,-83.15555332114316,Fitzgerald/Marygrove,Pilgrim St & Cloverlawn St,Fitzgerald/Marygrove
882ab2ce69fffff,1.0,5.0,Emerging Hotspot,4.0,400.0,11.0,ALL,All,All,9.0,5.0,2026-09-12,2026-09-25,2026-09-26,2026-10-09,42.41434237225428,-83.1663182835984,Fitzgerald/Marygrove,Pinehurst St & Grove St,Fitzgerald/Marygrove
882ab2ce4dfffff,5.0,5.0,Emerging Hotspot,0.0,0.0,5.0,ALL,All,All,9.0,5.0,2026-09-12,2026-09-25,2026-09-26,2026-10-09,42.41395625843927,-83.15106444803112,Fitzgerald/Marygrove,Greenlawn St & Marygrove Dr,Fitzgerald/Marygrove
882ab2ce45fffff,11.0,10.0,Persistent Hotspot,-1.0,-9.09,13.5,ALL,All,All,9.0,5.0,2026-09-12,2026-09-25,2026-09-26,2026-10-09,42.40793354641639,-83.15555332114316,Fitzgerald/Marygrove,Pilgrim St & Cloverlawn St,Fitzgerald/Marygrove
882ab2ce41fffff,9.0,4.0,Declining Hotspot,-5.0,-55.56,4.0,ALL,All,All,9.0,5.0,2026-09-12,2026-09-25,2026-09-26,2026-10-09,42.40750257036596,-83.14736699607211,Fitzgerald/Marygrove,Midland St & Tuller St,Fitzgerald/Marygrove
882ab2ce45fffff,5.0,7.0,Persistent Hotspot,2.0,40.0,12.45,12,Category Focus,Property Crime,4.0,3.0,2026-09-12,2026-09-25,2026-09-26,2026-10-09,42.40793354641639,-83.15555332114316,Fitzgerald/Marygrove,Pilgrim St & Cloverlawn St,Fitzgerald/Marygrove
882ab2ce45fffff,5.0,7.0,Persistent Hotspot,2.0,40.0,12.45,ALL,Category Focus,Property Crime,4.0,3.0,2026-09-12,2026-09-25,2026-09-26,2026-10-09,42.40793354641639,-83.15555332114316,Fitzgerald/Marygrove,Pilgrim St & Cloverlawn St,Fitzgerald/Marygrove
882ab2ce45fffff,3.0,5.0,Persistent Hotspot,2.0,66.67,9.75,12,Category Focus,Vehicle-Related Crime,3.0,4.0,2026-09-12,2026-09-25,2026-09-26,2026-10-09,42.40793354641639,-83.15555332114316,Fitzgerald/Marygrove,Pilgrim St & Cloverlawn St,Fitzgerald/Marygrove
882ab2ce45fffff,3.0,5.0,Persistent Hotspot,2.0,66.67,9.75,ALL,Category Focus,Vehicle-Related Crime,3.0,4.0,2026-09-12,2026-09-25,2026-09-26,2026-10-09,42.40793354641639,-83.15555332114316,Fitzgerald/Marygrove,Pilgrim St & Cloverlawn St,Fitzgerald/Marygrove
882ab2ce69fffff,0.0,3.0,New Hotspot,3.0,,7.5,12,Category Focus,Violent Crime,5.0,3.0,2026-09-12,2026-09-25,2026-09-26,2026-10-09,42.41434237225428,-83.1663182835984,Fitzgerald/Marygrove,Pinehurst St & Grove St,Fitzgerald/Marygrove
882ab2ce41fffff,5.0,3.0,Persistent Hotspot,-2.0,-40.0,4.05,12,Category Focus,Violent Crime,5.0,3.0,2026-09-12,2026-09-25,2026-09-26,2026-10-09,42.40750257036596,-83.14736699607211,Fitzgerald/Marygrove,Midland St & Tuller St,Fitzgerald/Marygrove
882ab2c193fffff,5.0,0.0,Declining Hotspot,-5.0,-100.0,0.0,12,Category Focus,Violent Crime,5.0,3.0,2026-09-12,2026-09-25,2026-09-26,2026-10-09,42.41384862292079,-83.1601774567645,Fitzgerald/Marygrove,Marygrove Dr & Wyoming St,Fitzgerald/Marygrove
882ab2ce69fffff,1.0,3.0,Emerging Hotspot,2.0,200.0,6.0,ALL,Category Focus,Violent Crime,5.0,3.0,2026-09-12,2026-09-25,2026-09-26,2026-10-09,42.41434237225428,-83.1663182835984,Fitzgerald/Marygrove,Pinehurst St & Grove St,Fitzgerald/Marygrove
882ab2ce41fffff,5.0,3.0,Persistent Hotspot,-2.0,-40.0,4.05,ALL,Category Focus,Violent Crime,5.0,3.0,2026-09-12,2026-09-25,2026-09-26,2026-10-09,42.40750257036596,-83.14736699607211,Fitzgerald/Marygrove,Midland St & Tuller St,Fitzgerald/Marygrove
882ab2c193fffff,5.0,0.0,Declining Hotspot,-5.0,-100.0,0.0,ALL,Category Focus,Violent Crime,5.0,3.0,2026-09-12,2026-09-25,2026-09-26,2026-10-09,42.41384862292079,-83.1601774567645,Fitzgerald/Marygrove,Marygrove Dr & Wyoming St,Fitzgerald/Marygrove
882ab2ce41fffff,0.0,3.0,New Hotspot,3.0,,7.5,12,Crime Type,AGGRAVATED ASSAULT,3.0,3.0,2026-09-12,2026-09-25,2026-09-26,2026-10-09,42.40750257036596,-83.14736699607211,Fitzgerald/Marygrove,Midland St & Tuller St,Fitzgerald/Marygrove
882ab2ce41fffff,0.0,3.0,New Hotspot,3.0,,7.5,ALL,Crime Type,AGGRAVATED ASSAULT,3.0,3.0,2026-09-12,2026-09-25,2026-09-26,2026-10-09,42.40750257036596,-83.14736699607211,Fitzgerald/Marygrove,Midland St & Tuller St,Fitzgerald/Marygrove
882ab2c193fffff,5.0,0.0,Declining Hotspot,-5.0,-100.0,0.0,12,Crime Type,ASSAULT,5.0,3.0,2026-09-12,2026-09-25,2026-09-26,2026-10-09,42.41384862292079,-83.1601774567645,Fitzgerald/Marygrove,Marygrove Dr & Wyoming St,Fitzgerald/Marygrove
882ab2c193fffff,5.0,0.0,Declining Hotspot,-5.0,-100.0,0.0,ALL,Crime Type,ASSAULT,5.0,3.0,2026-09-12,2026-09-25,2026-09-26,2026-10-09,42.41384862292079,-83.1601774567645,Fitzgerald/Marygrove,Marygrove Dr & Wyoming St,Fitzgerald/Marygrove
882ab2ce45fffff,4.0,3.0,Persistent Hotspot,-1.0,-25.0,4.05,12,Crime Type,DAMAGE TO PROPERTY,3.0,3.0,2026-09-12,2026-09-25,2026-09-26,2026-10-09,42.40793354641639,-83.15555332114316,Fitzgerald/Marygrove,Pilgrim St & Cloverlawn St,Fitzgerald/Marygrove
882ab2ce45fffff,4.0,3.0,Persistent Hotspot,-1.0,-25.0,4.05,ALL,Crime Type,DAMAGE TO PROPERTY,3.0,3.0,2026-09-12,2026-09-25,2026-09-26,2026-10-09,42.40793354641639,-83.15555332114316,Fitzgerald/Marygrove,Pilgrim St & Cloverlawn St,Fitzgerald/Marygrove
882ab2ce45fffff,0.0,4.0,New Hotspot,4.0,,10.0,12,Crime Type,LARCENY,3.0,4.0,2026-09-12,2026-09-25,2026-09-26,2026-10-09,42.40793354641639,-83.15555332114316,Fitzgerald/Marygrove,Pilgrim St & Cloverlawn St,Fitzgerald/Marygrove
882ab2ce45fffff,0.0,4.0,New Hotspot,4.0,,10.0,ALL,Crime Type,LARCENY,3.0,4.0,2026-09-12,2026-09-25,2026-09-26,2026-10-09,42.40793354641639,-83.15555332114316,Fitzgerald/Marygrove,Pilgrim St & Cloverlawn St,Fitzgerald/Marygrove
882ab2ce45fffff,3.0,1.0,Declining Hotspot,-2.0,-66.67,1.0,12,Crime Type,STOLEN VEHICLE,3.0,3.0,2026-09-12,2026-09-25,2026-09-26,2026-10-09,42.40793354641639,-83.15555332114316,Fitzgerald/Marygrove,Pilgrim St & Cloverlawn St,Fitzgerald/Marygrove
882ab2ce45fffff,3.0,1.0,Declining Hotspot,-2.0,-66.67,1.0,ALL,Crime Type,STOLEN VEHICLE,3.0,3.0,2026-09-12,2026-09-25,2026-09-26,2026-10-09,42.40793354641639,-83.15555332114316,Fitzgerald/Marygrove,Pilgrim St & Cloverlawn St,Fitzgerald/Marygrove
882ab2cab7fffff,8.0,6.0,Persistent Hotspot,-2.0,-25.0,8.1,08,All,All,5.0,5.0,2026-09-10,2026-09-23,2026-09-24,2026-10-07,42.428720801849536,-83.28147053150585,Five Points,Lenore Ave & W 7 Mile Rd,Five Points
882ab2cab7fffff,8.0,6.0,Persistent Hotspot,-2.0,-25.0,8.1,ALL,All,All,5.0,5.0,2026-09-10,2026-09-23,2026-09-24,2026-10-07,42.428720801849536,-83.28147053150585,Five Points,Lenore Ave & W 7 Mile Rd,Five Points
882ab2cab7fffff,6.0,3.0,Persistent Hotspot,-3.0,-50.0,4.05,08,Category Focus,Violent Crime,5.0,3.0,2026-09-10,2026-09-23,2026-09-24,2026-10-07,42.428720801849536,-83.28147053150585,Five Points,Lenore Ave & W 7 Mile Rd,Five Points
882ab2cab7fffff,6.0,3.0,Persistent Hotspot,-3.0,-50.0,4.05,ALL,Category Focus,Violent Crime,5.0,3.0,2026-09-10,2026-09-23,2026-09-24,2026-10-07,42.428720801849536,-83.28147053150585,Five Points,Lenore Ave & W 7 Mile Rd,Five Points
882ab2cab7fffff,3.0,2.0,Declining Hotspot,-1.0,-33.33,2.0,08,Crime Type,ASSAULT,3.0,3.0,2026-09-10,2026-09-23,2026-09-24,2026-10-07,42.428720801849536,-83.28147053150585,Five Points,Lenore Ave & W 7 Mile Rd,Five Points
882ab2cab7fffff,3.0,2.0,Declining Hotspot,-1.0,-33.33,2.0,ALL,Crime Type,ASSAULT,3.0,3.0,2026-09-10,2026-09-23,2026-09-24,2026-10-07,42.428720801849536,-83.28147053150585,Five Points,Lenore Ave & W 7 Mile Rd,Five Points
882ab2cabdfffff,3.0,0.0,Declining Hotspot,-3.0,-100.0,0.0,08,Crime Type,FRAUD,3.0,3.0,2026-09-10,2026-09-23,2026-09-24,2026-10-07,42.43698848689378,-83.2792711250743,Five Points,Pembroke Ave & Telegraph Rd,Five Points
882ab2cabdfffff,3.0,0.0,Declining Hotspot,-3.0,-100.0,0.0,ALL,Crime Type,FRAUD,3.0,3.0,2026-09-10,2026-09-23,2026-09-24,2026-10-07,42.43698848689378,-83.2792711250743,Five Points,Pembroke Ave & Telegraph Rd,Five Points
882ab2c513fffff,3.0,4.0,Persistent Hotspot,1.0,33.33,6.9,07,All,All,3.0,3.0,2026-09-07,2026-09-20,2026-09-21,2026-10-04,42.35525376725688,-83.05004169338213,Forest Park,N I 75 Service Drive & E Canfield St,Forest Park
882ab2c511fffff,3.0,1.0,Declining Hotspot,-2.0,-66.67,1.0,07,All,All,3.0,3.0,2026-09-07,2026-09-20,2026-09-21,2026-10-04,42.35886764412312,-83.05244935590758,Forest Park,E Forest Ave & N I 75 Service Drive,Forest Park
882ab2c51bfffff,3.0,1.0,Declining Hotspot,-2.0,-66.67,1.0,07,All,All,3.0,3.0,2026-09-07,2026-09-20,2026-09-21,2026-10-04,42.357845903270366,-83.048119075588,Forest Park,Russell St & E Canfield St,Forest Park
882ab2c513fffff,3.0,4.0,Persistent Hotspot,1.0,33.33,6.9,ALL,All,All,3.0,3.0,2026-09-07,2026-09-20,2026-09-21,2026-10-04,42.35525376725688,-83.05004169338213,Forest Park,N I 75 Service Drive & E Canfield St,Forest Park
882ab2c511fffff,3.0,1.0,Declining Hotspot,-2.0,-66.67,1.0,ALL,All,All,3.0,3.0,2026-09-07,2026-09-20,2026-09-21,2026-10-04,42.35886764412312,-83.05244935590758,Forest Park,E Forest Ave & N I 75 Service Drive,Forest Park
882ab2c51bfffff,3.0,1.0,Declining Hotspot,-2.0,-66.67,1.0,ALL,All,All,3.0,3.0,2026-09-07,2026-09-20,2026-09-21,2026-10-04,42.357845903270366,-83.048119075588,Forest Park,Russell St & E Canfield St,Forest Park
882ab2c513fffff,0.0,3.0,New Hotspot,3.0,,7.5,07,Category Focus,Property Crime,3.0,3.0,2026-09-07,2026-09-20,2026-09-21,2026-10-04,42.35525376725688,-83.05004169338213,Forest Park,N I 75 Service Drive & E Canfield St,Forest Park
882ab2c511fffff,3.0,0.0,Declining Hotspot,-3.0,-100.0,0.0,07,Category Focus,Property Crime,3.0,3.0,2026-09-07,2026-09-20,2026-09-21,2026-10-04,42.35886764412312,-83.05244935590758,Forest Park,E Forest Ave & N I 75 Service Drive,Forest Park
882ab2c513fffff,0.0,3.0,New Hotspot,3.0,,7.5,ALL,Category Focus,Property Crime,3.0,3.0,2026-09-07,2026-09-20,2026-09-21,2026-10-04,42.35525376725688,-83.05004169338213,Forest Park,N I 75 Service Drive & E Canfield St,Forest Park
882ab2c511fffff,3.0,0.0,Declining Hotspot,-3.0,-100.0,0.0,ALL,Category Focus,Property Crime,3.0,3.0,2026-09-07,2026-09-20,2026-09-21,2026-10-04,42.35886764412312,-83.05244935590758,Forest Park,E Forest Ave & N I 75 Service Drive,Forest Park
882ab2c631fffff,6.0,5.0,Emerging Hotspot,-1.0,-16.67,5.0,05,All,All,8.0,4.0,2026-09-10,2026-09-23,2026-09-24,2026-10-07,42.38697080784828,-82.94979589089387,Fox Creek,Mack Ave & Manistique St,Fox Creek
882ab2c635fffff,9.0,3.0,Declining Hotspot,-6.0,-66.67,3.0,05,All,All,8.0,4.0,2026-09-10,2026-09-23,2026-09-24,2026-10-07,42.39135826217982,-82.96916747024729,Fox Creek,Algonquin St & E Warren Ave,Fox Creek
882ab2c631fffff,6.0,5.0,Emerging Hotspot,-1.0,-16.67,5.0,ALL,All,All,8.0,4.0,2026-09-10,2026-09-23,2026-09-24,2026-10-07,42.38697080784828,-82.94979589089387,Fox Creek,Mack Ave & Manistique St,Fox Creek
882ab2c635fffff,9.0,3.0,Declining Hotspot,-6.0,-66.67,3.0,ALL,All,All,8.0,4.0,2026-09-10,2026-09-23,2026-09-24,2026-10-07,42.39135826217982,-82.96916747024729,Fox Creek,Algonquin St & E Warren Ave,Fox Creek
882ab2c635fffff,4.0,0.0,Declining Hotspot,-4.0,-100.0,0.0,05,Category Focus,Property Crime,4.0,3.0,2026-09-10,2026-09-23,2026-09-24,2026-10-07,42.39135826217982,-82.96916747024729,Fox Creek,Algonquin St & E Warren Ave,Fox Creek
882ab2c635fffff,4.0,0.0,Declining Hotspot,-4.0,-100.0,0.0,ALL,Category Focus,Property Crime,4.0,3.0,2026-09-10,2026-09-23,2026-09-24,2026-10-07,42.39135826217982,-82.96916747024729,Fox Creek,Algonquin St & E Warren Ave,Fox Creek
882ab2c631fffff,4.0,2.0,Declining Hotspot,-2.0,-50.0,2.0,05,Category Focus,Violent Crime,4.0,3.0,2026-09-10,2026-09-23,2026-09-24,2026-10-07,42.38697080784828,-82.94979589089387,Fox Creek,Mack Ave & Manistique St,Fox Creek
882ab2c631fffff,4.0,2.0,Declining Hotspot,-2.0,-50.0,2.0,ALL,Category Focus,Violent Crime,4.0,3.0,2026-09-10,2026-09-23,2026-09-24,2026-10-07,42.38697080784828,-82.94979589089387,Fox Creek,Mack Ave & Manistique St,Fox Creek
882ab2c635fffff,3.0,0.0,Declining Hotspot,-3.0,-100.0,0.0,05,Crime Type,DAMAGE TO PROPERTY,3.0,3.0,2026-09-10,2026-09-23,2026-09-24,2026-10-07,42.39135826217982,-82.96916747024729,Fox Creek,Algonquin St & E Warren Ave,Fox Creek
882ab2c635fffff,3.0,0.0,Declining Hotspot,-3.0,-100.0,0.0,ALL,Crime Type,DAMAGE TO PROPERTY,3.0,3.0,2026-09-10,2026-09-23,2026-09-24,2026-10-07,42.39135826217982,-82.96916747024729,Fox Creek,Algonquin St & E Warren Ave,Fox Creek
882ab2c635fffff,4.0,0.0,Declining Hotspot,-4.0,-100.0,0.0,05,Crime Type,FRAUD,4.0,3.0,2026-09-10,2026-09-23,2026-09-24,2026-10-07,42.39135826217982,-82.96916747024729,Fox Creek,Algonquin St & E Warren Ave,Fox Creek
882ab2c635fffff,4.0,0.0,Declining Hotspot,-4.0,-100.0,0.0,ALL,Crime Type,FRAUD,4.0,3.0,2026-09-10,2026-09-23,2026-09-24,2026-10-07,42.39135826217982,-82.96916747024729,Fox Creek,Algonquin St & E Warren Ave,Fox Creek
882ab2c759fffff,10.0,7.0,Emerging Hotspot,-3.0,-30.0,7.0,09,All,All,11.0,7.0,2026-09-11,2026-09-24,2026-09-25,2026-10-08,42.42944239396051,-82.98576973523089,Franklin,Eastwood St & Schoenherr St,Franklin
882ab2d5b3fffff,11.0,6.0,Declining Hotspot,-5.0,-45.45,6.0,09,All,All,11.0,7.0,2026-09-11,2026-09-24,2026-09-25,2026-10-08,42.43703006006434,-82.98044239793941,Franklin,Reno St & Lappin St,Franklin
882ab2c759fffff,10.0,7.0,Emerging Hotspot,-3.0,-30.0,7.0,ALL,All,All,11.0,7.0,2026-09-11,2026-09-24,2026-09-25,2026-10-08,42.42944239396051,-82.98576973523089,Franklin,Eastwood St & Schoenherr St,Franklin
882ab2d5b3fffff,11.0,6.0,Declining Hotspot,-5.0,-45.45,6.0,ALL,All,All,11.0,7.0,2026-09-11,2026-09-24,2026-09-25,2026-10-08,42.43703006006434,-82.98044239793941,Franklin,Reno St & Lappin St,Franklin
882ab2c759fffff,4.0,1.0,Declining Hotspot,-3.0,-75.0,1.0,09,Category Focus,Property Crime,4.0,3.0,2026-09-11,2026-09-24,2026-09-25,2026-10-08,42.42944239396051,-82.98576973523089,Franklin,Eastwood St & Schoenherr St,Franklin
882ab2c759fffff,4.0,1.0,Declining Hotspot,-3.0,-75.0,1.0,ALL,Category Focus,Property Crime,4.0,3.0,2026-09-11,2026-09-24,2026-09-25,2026-10-08,42.42944239396051,-82.98576973523089,Franklin,Eastwood St & Schoenherr St,Franklin
882ab2d5b3fffff,5.0,4.0,Emerging Hotspot,-1.0,-20.0,4.0,09,Category Focus,Violent Crime,6.0,4.0,2026-09-11,2026-09-24,2026-09-25,2026-10-08,42.43703006006434,-82.98044239793941,Franklin,Reno St & Lappin St,Franklin
882ab2c759fffff,6.0,4.0,Persistent Hotspot,-2.0,-33.33,5.4,09,Category Focus,Violent Crime,6.0,4.0,2026-09-11,2026-09-24,2026-09-25,2026-10-08,42.42944239396051,-82.98576973523089,Franklin,Eastwood St & Schoenherr St,Franklin
882ab2d5b3fffff,5.0,4.0,Emerging Hotspot,-1.0,-20.0,4.0,ALL,Category Focus,Violent Crime,6.0,4.0,2026-09-11,2026-09-24,2026-09-25,2026-10-08,42.43703006006434,-82.98044239793941,Franklin,Reno St & Lappin St,Franklin
882ab2c759fffff,6.0,4.0,Persistent Hotspot,-2.0,-33.33,5.4,ALL,Category Focus,Violent Crime,6.0,4.0,2026-09-11,2026-09-24,2026-09-25,2026-10-08,42.42944239396051,-82.98576973523089,Franklin,Eastwood St & Schoenherr St,Franklin
882ab2c759fffff,4.0,3.0,Persistent Hotspot,-1.0,-25.0,4.05,09,Crime Type,ASSAULT,4.0,3.0,2026-09-11,2026-09-24,2026-09-25,2026-10-08,42.42944239396051,-82.98576973523089,Franklin,Eastwood St & Schoenherr St,Franklin
882ab2d5b3fffff,4.0,2.0,Declining Hotspot,-2.0,-50.0,2.0,09,Crime Type,ASSAULT,4.0,3.0,2026-09-11,2026-09-24,2026-09-25,2026-10-08,42.43703006006434,-82.98044239793941,Franklin,Reno St & Lappin St,Franklin
882ab2c759fffff,4.0,3.0,Persistent Hotspot,-1.0,-25.0,4.05,ALL,Crime Type,ASSAULT,4.0,3.0,2026-09-11,2026-09-24,2026-09-25,2026-10-08,42.42944239396051,-82.98576973523089,Franklin,Eastwood St & Schoenherr St,Franklin
882ab2d5b3fffff,4.0,2.0,Declining Hotspot,-2.0,-50.0,2.0,ALL,Crime Type,ASSAULT,4.0,3.0,2026-09-11,2026-09-24,2026-09-25,2026-10-08,42.43703006006434,-82.98044239793941,Franklin,Reno St & Lappin St,Franklin
882ab2cc65fffff,10.0,16.0,Persistent Hotspot,6.0,60.0,30.6,06,All,All,10.0,8.0,2026-09-10,2026-09-23,2026-09-24,2026-10-07,42.36290915087244,-83.23725215408572,Franklin Park,Westfield St & Vaughan St,Franklin Park
882ab2cc61fffff,15.0,12.0,Persistent Hotspot,-3.0,-20.0,16.2,06,All,All,10.0,8.0,2026-09-10,2026-09-23,2026-09-24,2026-10-07,42.35771412908955,-83.22863982813003,Franklin Park,Piedmont St & Joy Rd,Franklin Park
882ab2cc65fffff,10.0,16.0,Persistent Hotspot,6.0,60.0,30.6,ALL,All,All,10.0,8.0,2026-09-10,2026-09-23,2026-09-24,2026-10-07,42.36290915087244,-83.23725215408572,Franklin Park,Westfield St & Vaughan St,Franklin Park
882ab2cc61fffff,15.0,12.0,Persistent Hotspot,-3.0,-20.0,16.2,ALL,All,All,10.0,8.0,2026-09-10,2026-09-23,2026-09-24,2026-10-07,42.35771412908955,-83.22863982813003,Franklin Park,Piedmont St & Joy Rd,Franklin Park
882ab2cc65fffff,4.0,4.0,Persistent Hotspot,0.0,0.0,5.4,06,Category Focus,Property Crime,4.0,4.0,2026-09-10,2026-09-23,2026-09-24,2026-10-07,42.36290915087244,-83.23725215408572,Franklin Park,Westfield St & Vaughan St,Franklin Park
882ab2cc69fffff,4.0,4.0,Persistent Hotspot,0.0,0.0,5.4,06,Category Focus,Property Crime,4.0,4.0,2026-09-10,2026-09-23,2026-09-24,2026-10-07,42.36502222882757,-83.22028512971336,Franklin Park,Weaver St & Rosemont Ave,Franklin Park
882ab2cc61fffff,5.0,2.0,Declining Hotspot,-3.0,-60.0,2.0,06,Category Focus,Property Crime,4.0,4.0,2026-09-10,2026-09-23,2026-09-24,2026-10-07,42.35771412908955,-83.22863982813003,Franklin Park,Piedmont St & Joy Rd,Franklin Park
882ab2cc65fffff,4.0,4.0,Persistent Hotspot,0.0,0.0,5.4,ALL,Category Focus,Property Crime,4.0,4.0,2026-09-10,2026-09-23,2026-09-24,2026-10-07,42.36290915087244,-83.23725215408572,Franklin Park,Westfield St & Vaughan St,Franklin Park
882ab2cc69fffff,4.0,4.0,Persistent Hotspot,0.0,0.0,5.4,ALL,Category Focus,Property Crime,4.0,4.0,2026-09-10,2026-09-23,2026-09-24,2026-10-07,42.36502222882757,-83.22028512971336,Franklin Park,Weaver St & Rosemont Ave,Franklin Park
882ab2cc61fffff,5.0,2.0,Declining Hotspot,-3.0,-60.0,2.0,ALL,Category Focus,Property Crime,4.0,4.0,2026-09-10,2026-09-23,2026-09-24,2026-10-07,42.35771412908955,-83.22863982813003,Franklin Park,Piedmont St & Joy Rd,Franklin Park
882ab2cc6bfffff,3.0,6.0,Emerging Hotspot,3.0,100.0,10.5,06,Category Focus,Violent Crime,5.0,5.0,2026-09-10,2026-09-23,2026-09-24,2026-10-07,42.35784343537616,-83.21889772588125,Franklin Park,Joy Rd & S M 39 Service Drive,Franklin Park
882ab2cc61fffff,6.0,6.0,Persistent Hotspot,0.0,0.0,8.1,06,Category Focus,Violent Crime,5.0,5.0,2026-09-10,2026-09-23,2026-09-24,2026-10-07,42.35771412908955,-83.22863982813003,Franklin Park,Piedmont St & Joy Rd,Franklin Park
882ab2cc65fffff,5.0,4.0,Declining Hotspot,-1.0,-20.0,4.0,06,Category Focus,Violent Crime,5.0,5.0,2026-09-10,2026-09-23,2026-09-24,2026-10-07,42.36290915087244,-83.23725215408572,Franklin Park,Westfield St & Vaughan St,Franklin Park
882ab2cc6bfffff,3.0,6.0,Emerging Hotspot,3.0,100.0,10.5,ALL,Category Focus,Violent Crime,5.0,5.0,2026-09-10,2026-09-23,2026-09-24,2026-10-07,42.35784343537616,-83.21889772588125,Franklin Park,Joy Rd & S M 39 Service Drive,Franklin Park
882ab2cc61fffff,6.0,6.0,Persistent Hotspot,0.0,0.0,8.1,ALL,Category Focus,Violent Crime,5.0,5.0,2026-09-10,2026-09-23,2026-09-24,2026-10-07,42.35771412908955,-83.22863982813003,Franklin Park,Piedmont St & Joy Rd,Franklin Park
882ab2cc65fffff,5.0,4.0,Declining Hotspot,-1.0,-20.0,4.0,ALL,Category Focus,Violent Crime,5.0,5.0,2026-09-10,2026-09-23,2026-09-24,2026-10-07,42.36290915087244,-83.23725215408572,Franklin Park,Westfield St & Vaughan St,Franklin Park
882ab2cc61fffff,3.0,5.0,Persistent Hotspot,2.0,66.67,9.75,06,Crime Type,ASSAULT,3.0,5.0,2026-09-10,2026-09-23,2026-09-24,2026-10-07,42.35771412908955,-83.22863982813003,Franklin Park,Piedmont St & Joy Rd,Franklin Park
882ab2cc6bfffff,3.0,5.0,Persistent Hotspot,2.0,66.67,9.75,06,Crime Type,ASSAULT,3.0,5.0,2026-09-10,2026-09-23,2026-09-24,2026-10-07,42.35784343537616,-83.21889772588125,Franklin Park,Joy Rd & S M 39 Service Drive,Franklin Park
882ab2cc65fffff,4.0,2.0,Declining Hotspot,-2.0,-50.0,2.0,06,Crime Type,ASSAULT,3.0,5.0,2026-09-10,2026-09-23,2026-09-24,2026-10-07,42.36290915087244,-83.23725215408572,Franklin Park,Westfield St & Vaughan St,Franklin Park
882ab2cd5bfffff,3.0,0.0,Declining Hotspot,-3.0,-100.0,0.0,06,Crime Type,ASSAULT,3.0,5.0,2026-09-10,2026-09-23,2026-09-24,2026-10-07,42.35745967153695,-83.24262601806059,Franklin Park,Joy Rd & Patton St,Franklin Park
882ab2cc61fffff,3.0,5.0,Persistent Hotspot,2.0,66.67,9.75,ALL,Crime Type,ASSAULT,3.0,5.0,2026-09-10,2026-09-23,2026-09-24,2026-10-07,42.35771412908955,-83.22863982813003,Franklin Park,Piedmont St & Joy Rd,Franklin Park
882ab2cc6bfffff,3.0,5.0,Persistent Hotspot,2.0,66.67,9.75,ALL,Crime Type,ASSAULT,3.0,5.0,2026-09-10,2026-09-23,2026-09-24,2026-10-07,42.35784343537616,-83.21889772588125,Franklin Park,Joy Rd & S M 39 Service Drive,Franklin Park
882ab2cc65fffff,4.0,2.0,Declining Hotspot,-2.0,-50.0,2.0,ALL,Crime Type,ASSAULT,3.0,5.0,2026-09-10,2026-09-23,2026-09-24,2026-10-07,42.36290915087244,-83.23725215408572,Franklin Park,Westfield St & Vaughan St,Franklin Park
882ab2cd5bfffff,3.0,0.0,Declining Hotspot,-3.0,-100.0,0.0,ALL,Crime Type,ASSAULT,3.0,5.0,2026-09-10,2026-09-23,2026-09-24,2026-10-07,42.35745967153695,-83.24262601806059,Franklin Park,Joy Rd & Patton St,Franklin Park
882ab2cc69fffff,3.0,3.0,Persistent Hotspot,0.0,0.0,4.05,06,Crime Type,DAMAGE TO PROPERTY,3.0,3.0,2026-09-10,2026-09-23,2026-09-24,2026-10-07,42.36502222882757,-83.22028512971336,Franklin Park,Weaver St & Rosemont Ave,Franklin Park
882ab2cc69fffff,3.0,3.0,Persistent Hotspot,0.0,0.0,4.05,ALL,Crime Type,DAMAGE TO PROPERTY,3.0,3.0,2026-09-10,2026-09-23,2026-09-24,2026-10-07,42.36502222882757,-83.22028512971336,Franklin Park,Weaver St & Rosemont Ave,Franklin Park
882ab2cf33fffff,1.0,3.0,Emerging Hotspot,2.0,200.0,6.0,06,Crime Type,LARCENY,3.0,3.0,2026-09-10,2026-09-23,2026-09-24,2026-10-07,42.36863918333844,-83.2398707264144,Franklin Park,Stout St & Heyden Ct,Franklin Park
882ab2cf33fffff,1.0,3.0,Emerging Hotspot,2.0,200.0,6.0,ALL,Crime Type,LARCENY,3.0,3.0,2026-09-10,2026-09-23,2026-09-24,2026-10-07,42.36863918333844,-83.2398707264144,Franklin Park,Stout St & Heyden Ct,Franklin Park
882ab2c1d7fffff,3.0,4.0,Persistent Hotspot,1.0,33.33,6.9,12,All,All,3.0,3.0,2026-09-10,2026-09-23,2026-09-24,2026-10-07,42.440950886674216,-83.15906584306929,Garden Homes,Chippewa St & Kentucky St,Garden Homes
882ab2c1d7fffff,3.0,4.0,Persistent Hotspot,1.0,33.33,6.9,ALL,All,All,3.0,3.0,2026-09-10,2026-09-23,2026-09-24,2026-10-07,42.440950886674216,-83.15906584306929,Garden Homes,Chippewa St & Kentucky St,Garden Homes
882ab2cc0dfffff,2.0,9.0,Emerging Hotspot,7.0,350.0,19.5,06,All,All,3.0,7.0,2026-09-09,2026-09-22,2026-09-23,2026-10-06,42.35430968927313,-83.20866255274098,Garden View,Grandmont Ave & Constance Ave,Garden View
882ab2cc0dfffff,2.0,9.0,Emerging Hotspot,7.0,350.0,19.5,ALL,All,All,3.0,7.0,2026-09-09,2026-09-22,2026-09-23,2026-10-06,42.35430968927313,-83.20866255274098,Garden View,Grandmont Ave & Constance Ave,Garden View
882ab2cc0dfffff,0.0,5.0,New Hotspot,5.0,,12.5,06,Category Focus,Property Crime,3.0,5.0,2026-09-09,2026-09-22,2026-09-23,2026-10-06,42.35430968927313,-83.20866255274098,Garden View,Grandmont Ave & Constance Ave,Garden View
882ab2cc0dfffff,0.0,5.0,New Hotspot,5.0,,12.5,ALL,Category Focus,Property Crime,3.0,5.0,2026-09-09,2026-09-22,2026-09-23,2026-10-06,42.35430968927313,-83.20866255274098,Garden View,Grandmont Ave & Constance Ave,Garden View
882ab2cc0dfffff,1.0,4.0,Emerging Hotspot,3.0,300.0,8.5,06,Category Focus,Violent Crime,3.0,4.0,2026-09-09,2026-09-22,2026-09-23,2026-10-06,42.35430968927313,-83.20866255274098,Garden View,Grandmont Ave & Constance Ave,Garden View
882ab2cc0dfffff,1.0,4.0,Emerging Hotspot,3.0,300.0,8.5,ALL,Category Focus,Violent Crime,3.0,4.0,2026-09-09,2026-09-22,2026-09-23,2026-10-06,42.35430968927313,-83.20866255274098,Garden View,Grandmont Ave & Constance Ave,Garden View
882ab2cc0dfffff,1.0,4.0,Emerging Hotspot,3.0,300.0,8.5,06,Crime Type,ASSAULT,3.0,4.0,2026-09-09,2026-09-22,2026-09-23,2026-10-06,42.35430968927313,-83.20866255274098,Garden View,Grandmont Ave & Constance Ave,Garden View
882ab2cc0dfffff,1.0,4.0,Emerging Hotspot,3.0,300.0,8.5,ALL,Crime Type,ASSAULT,3.0,4.0,2026-09-09,2026-09-22,2026-09-23,2026-10-06,42.35430968927313,-83.20866255274098,Garden View,Grandmont Ave & Constance Ave,Garden View
882ab2cc0dfffff,0.0,3.0,New Hotspot,3.0,,7.5,06,Crime Type,DAMAGE TO PROPERTY,3.0,3.0,2026-09-09,2026-09-22,2026-09-23,2026-10-06,42.35430968927313,-83.20866255274098,Garden View,Grandmont Ave & Constance Ave,Garden View
882ab2cc0dfffff,0.0,3.0,New Hotspot,3.0,,7.5,ALL,Crime Type,DAMAGE TO PROPERTY,3.0,3.0,2026-09-09,2026-09-22,2026-09-23,2026-10-06,42.35430968927313,-83.20866255274098,Garden View,Grandmont Ave & Constance Ave,Garden View
882ab2c56bfffff,4.0,2.0,Declining Hotspot,-2.0,-50.0,2.0,03,All,All,4.0,3.0,2026-09-09,2026-09-22,2026-09-23,2026-10-06,42.39029557929696,-83.08618084647021,Gateway Community,Trowbridge St & Woodward Ave,Gateway Community
882ab2c56bfffff,5.0,4.0,Persistent Hotspot,-1.0,-20.0,5.4,ALL,All,All,5.0,4.0,2026-09-09,2026-09-22,2026-09-23,2026-10-06,42.39029557929696,-83.08618084647021,Gateway Community,Trowbridge St & Woodward Ave,Gateway Community
882ab2c56bfffff,3.0,1.0,Declining Hotspot,-2.0,-66.67,1.0,ALL,Category Focus,Violent Crime,3.0,3.0,2026-09-09,2026-09-22,2026-09-23,2026-10-06,42.39029557929696,-83.08618084647021,Gateway Community,Trowbridge St & Woodward Ave,Gateway Community
882ab2c439fffff,3.0,1.0,Declining Hotspot,-2.0,-66.67,1.0,07,All,All,3.0,3.0,2026-09-10,2026-09-23,2026-09-24,2026-10-07,42.35079155405148,-82.99580766525557,Gold Coast,E Jefferson Ave & Seyburn St,Gold Coast
882ab2c439fffff,3.0,1.0,Declining Hotspot,-2.0,-66.67,1.0,ALL,All,All,3.0,3.0,2026-09-10,2026-09-23,2026-09-24,2026-10-07,42.35079155405148,-82.99580766525557,Gold Coast,E Jefferson Ave & Seyburn St,Gold Coast
882ab2ce07fffff,2.0,8.0,Emerging Hotspot,6.0,300.0,17.0,02,All,All,3.0,8.0,2026-09-11,2026-09-24,2026-09-25,2026-10-08,42.38055784489213,-83.16523160573045,Grand River-I96,Fullerton St & Mendota St,Grand River-I96
882ab2ce2bfffff,4.0,7.0,Declining Hotspot,3.0,75.0,11.5,02,All,All,3.0,8.0,2026-09-11,2026-09-24,2026-09-25,2026-10-08,42.38462171859951,-83.1783985754827,Grand River-I96,Grand River Ave & Schaefer Hwy,Grand River-I96
882ab2ce07fffff,2.0,8.0,Emerging Hotspot,6.0,300.0,17.0,ALL,All,All,3.0,8.0,2026-09-11,2026-09-24,2026-09-25,2026-10-08,42.38055784489213,-83.16523160573045,Grand River-I96,Fullerton St & Mendota St,Grand River-I96
882ab2ce2bfffff,4.0,7.0,Declining Hotspot,3.0,75.0,11.5,ALL,All,All,3.0,8.0,2026-09-11,2026-09-24,2026-09-25,2026-10-08,42.38462171859951,-83.1783985754827,Grand River-I96,Grand River Ave & Schaefer Hwy,Grand River-I96
882ab2ce2bfffff,1.0,4.0,Emerging Hotspot,3.0,300.0,8.5,02,Category Focus,Property Crime,3.0,3.0,2026-09-11,2026-09-24,2026-09-25,2026-10-08,42.38462171859951,-83.1783985754827,Grand River-I96,Grand River Ave & Schaefer Hwy,Grand River-I96
882ab2ce2bfffff,1.0,4.0,Emerging Hotspot,3.0,300.0,8.5,ALL,Category Focus,Property Crime,3.0,3.0,2026-09-11,2026-09-24,2026-09-25,2026-10-08,42.38462171859951,-83.1783985754827,Grand River-I96,Grand River Ave & Schaefer Hwy,Grand River-I96
882ab2ce2bfffff,0.0,3.0,New Hotspot,3.0,,7.5,02,Category Focus,Vehicle-Related Crime,3.0,3.0,2026-09-11,2026-09-24,2026-09-25,2026-10-08,42.38462171859951,-83.1783985754827,Grand River-I96,Grand River Ave & Schaefer Hwy,Grand River-I96
882ab2ce2bfffff,0.0,3.0,New Hotspot,3.0,,7.5,ALL,Category Focus,Vehicle-Related Crime,3.0,3.0,2026-09-11,2026-09-24,2026-09-25,2026-10-08,42.38462171859951,-83.1783985754827,Grand River-I96,Grand River Ave & Schaefer Hwy,Grand River-I96
882ab2ce07fffff,1.0,6.0,Emerging Hotspot,5.0,500.0,13.5,02,Category Focus,Violent Crime,3.0,5.0,2026-09-11,2026-09-24,2026-09-25,2026-10-08,42.38055784489213,-83.16523160573045,Grand River-I96,Fullerton St & Mendota St,Grand River-I96
882ab2ce07fffff,1.0,6.0,Emerging Hotspot,5.0,500.0,13.5,ALL,Category Focus,Violent Crime,3.0,5.0,2026-09-11,2026-09-24,2026-09-25,2026-10-08,42.38055784489213,-83.16523160573045,Grand River-I96,Fullerton St & Mendota St,Grand River-I96
882ab2ce07fffff,1.0,4.0,Emerging Hotspot,3.0,300.0,8.5,02,Crime Type,ASSAULT,3.0,3.0,2026-09-11,2026-09-24,2026-09-25,2026-10-08,42.38055784489213,-83.16523160573045,Grand River-I96,Fullerton St & Mendota St,Grand River-I96
882ab2ce07fffff,1.0,4.0,Emerging Hotspot,3.0,300.0,8.5,ALL,Crime Type,ASSAULT,3.0,3.0,2026-09-11,2026-09-24,2026-09-25,2026-10-08,42.38055784489213,-83.16523160573045,Grand River-I96,Fullerton St & Mendota St,Grand River-I96
882ab2ce2bfffff,1.0,4.0,Emerging Hotspot,3.0,300.0,8.5,02,Crime Type,LARCENY,3.0,3.0,2026-09-11,2026-09-24,2026-09-25,2026-10-08,42.38462171859951,-83.1783985754827,Grand River-I96,Grand River Ave & Schaefer Hwy,Grand River-I96
882ab2ce2bfffff,1.0,4.0,Emerging Hotspot,3.0,300.0,8.5,ALL,Crime Type,LARCENY,3.0,3.0,2026-09-11,2026-09-24,2026-09-25,2026-10-08,42.38462171859951,-83.1783985754827,Grand River-I96,Grand River Ave & Schaefer Hwy,Grand River-I96
882ab2cf5bfffff,1.0,4.0,Emerging Hotspot,3.0,300.0,8.5,08,All,All,4.0,3.0,2026-09-07,2026-09-20,2026-09-21,2026-10-04,42.401484971464086,-83.20016509326679,Grand River-St Marys,Fenkell St & Winthrop St,Grand River-St Marys
882ab2cf53fffff,5.0,1.0,Declining Hotspot,-4.0,-80.0,1.0,08,All,All,4.0,3.0,2026-09-07,2026-09-20,2026-09-21,2026-10-04,42.39440806271316,-83.202671316494,Grand River-St Marys,Grand River Ave & Prevost St,Grand River-St Marys
882ab2cf5bfffff,1.0,4.0,Emerging Hotspot,3.0,300.0,8.5,ALL,All,All,4.0,3.0,2026-09-07,2026-09-20,2026-09-21,2026-10-04,42.401484971464086,-83.20016509326679,Grand River-St Marys,Fenkell St & Winthrop St,Grand River-St Marys
882ab2cf53fffff,5.0,1.0,Declining Hotspot,-4.0,-80.0,1.0,ALL,All,All,4.0,3.0,2026-09-07,2026-09-20,2026-09-21,2026-10-04,42.39440806271316,-83.202671316494,Grand River-St Marys,Grand River Ave & Prevost St,Grand River-St Marys
882ab2cf55fffff,1.0,3.0,Emerging Hotspot,2.0,200.0,6.0,08,All,All,3.0,3.0,2026-09-11,2026-09-24,2026-09-25,2026-10-08,42.400678812760354,-83.21820444207148,Grandmont,Grand River Ave & N M 39,Grandmont
882ab2cf57fffff,1.0,3.0,Emerging Hotspot,2.0,200.0,6.0,08,All,All,3.0,3.0,2026-09-11,2026-09-24,2026-09-25,2026-10-08,42.395617990695044,-83.21574100341277,Grandmont,Grand River Ave & Asbury Park,Grandmont
882ab2cf19fffff,3.0,1.0,Declining Hotspot,-2.0,-66.67,1.0,08,All,All,3.0,3.0,2026-09-11,2026-09-24,2026-09-25,2026-10-08,42.38676852771368,-83.2135147819933,Grandmont,Rutland St & Schoolcraft St,Grandmont
882ab2cf55fffff,1.0,3.0,Emerging Hotspot,2.0,200.0,6.0,ALL,All,All,3.0,3.0,2026-09-11,2026-09-24,2026-09-25,2026-10-08,42.400678812760354,-83.21820444207148,Grandmont,Grand River Ave & N M 39,Grandmont
882ab2cf57fffff,1.0,3.0,Emerging Hotspot,2.0,200.0,6.0,ALL,All,All,3.0,3.0,2026-09-11,2026-09-24,2026-09-25,2026-10-08,42.395617990695044,-83.21574100341277,Grandmont,Grand River Ave & Asbury Park,Grandmont
882ab2cf19fffff,3.0,1.0,Declining Hotspot,-2.0,-66.67,1.0,ALL,All,All,3.0,3.0,2026-09-11,2026-09-24,2026-09-25,2026-10-08,42.38676852771368,-83.2135147819933,Grandmont,Rutland St & Schoolcraft St,Grandmont
882ab2cf1dfffff,3.0,2.0,Declining Hotspot,-1.0,-33.33,2.0,08,All,All,3.0,3.0,2026-09-09,2026-09-22,2026-09-23,2026-10-06,42.38669953275639,-83.22229284217,Grandmont #1,Faust Ave & Schoolcraft St,Grandmont #1
882ab2cf1dfffff,3.0,2.0,Declining Hotspot,-1.0,-33.33,2.0,ALL,All,All,3.0,3.0,2026-09-09,2026-09-22,2026-09-23,2026-10-06,42.38669953275639,-83.22229284217,Grandmont #1,Faust Ave & Schoolcraft St,Grandmont #1
882ab2c70dfffff,7.0,6.0,Persistent Hotspot,-1.0,-14.29,8.1,11,All,All,5.0,5.0,2026-09-10,2026-09-23,2026-09-24,2026-10-07,42.43023465691494,-83.0291891614942,Grant,E Brentwood St & Packard St,Grant
882ab2c70dfffff,7.0,6.0,Persistent Hotspot,-1.0,-14.29,8.1,ALL,All,All,5.0,5.0,2026-09-10,2026-09-23,2026-09-24,2026-10-07,42.43023465691494,-83.0291891614942,Grant,E Brentwood St & Packard St,Grant
882ab2c70dfffff,4.0,2.0,Declining Hotspot,-2.0,-50.0,2.0,11,Category Focus,Property Crime,3.0,3.0,2026-09-10,2026-09-23,2026-09-24,2026-10-07,42.43023465691494,-83.0291891614942,Grant,E Brentwood St & Packard St,Grant
882ab2c70dfffff,4.0,2.0,Declining Hotspot,-2.0,-50.0,2.0,ALL,Category Focus,Property Crime,3.0,3.0,2026-09-10,2026-09-23,2026-09-24,2026-10-07,42.43023465691494,-83.0291891614942,Grant,E Brentwood St & Packard St,Grant
882ab2c70dfffff,0.0,3.0,New Hotspot,3.0,,7.5,11,Category Focus,Violent Crime,3.0,3.0,2026-09-10,2026-09-23,2026-09-24,2026-10-07,42.43023465691494,-83.0291891614942,Grant,E Brentwood St & Packard St,Grant
882ab2c70dfffff,0.0,3.0,New Hotspot,3.0,,7.5,ALL,Category Focus,Violent Crime,3.0,3.0,2026-09-10,2026-09-23,2026-09-24,2026-10-07,42.43023465691494,-83.0291891614942,Grant,E Brentwood St & Packard St,Grant
882ab2c469fffff,0.0,3.0,New Hotspot,3.0,,7.5,07,All,All,3.0,3.0,2026-09-06,2026-09-19,2026-09-20,2026-10-03,42.38844072907968,-83.01033131303215,Gratiot Town/Kettering,Lambert St & Rohns St,Gratiot Town/Kettering
882ab2c467fffff,3.0,3.0,Persistent Hotspot,0.0,0.0,4.05,07,All,All,3.0,3.0,2026-09-06,2026-09-19,2026-09-20,2026-10-03,42.37840002256655,-83.02301463327875,Gratiot Town/Kettering,Concord St & E Kirby St,Gratiot Town/Kettering
882ab2c461fffff,3.0,2.0,Declining Hotspot,-1.0,-33.33,2.0,07,All,All,3.0,3.0,2026-09-06,2026-09-19,2026-09-20,2026-10-03,42.38319479650861,-83.01529682924405,Gratiot Town/Kettering,Hendrie St & Maxwell Ave,Gratiot Town/Kettering
882ab2c465fffff,3.0,1.0,Declining Hotspot,-2.0,-66.67,1.0,07,All,All,3.0,3.0,2026-09-06,2026-09-19,2026-09-20,2026-10-03,42.383288659682606,-83.02212268336102,Gratiot Town/Kettering,Lambert St & Sheridan St,Gratiot Town/Kettering
882ab2c469fffff,0.0,3.0,New Hotspot,3.0,,7.5,ALL,All,All,3.0,3.0,2026-09-06,2026-09-19,2026-09-20,2026-10-03,42.38844072907968,-83.01033131303215,Gratiot Town/Kettering,Lambert St & Rohns St,Gratiot Town/Kettering
882ab2c467fffff,3.0,3.0,Persistent Hotspot,0.0,0.0,4.05,ALL,All,All,3.0,3.0,2026-09-06,2026-09-19,2026-09-20,2026-10-03,42.37840002256655,-83.02301463327875,Gratiot Town/Kettering,Concord St & E Kirby St,Gratiot Town/Kettering
882ab2c461fffff,3.0,2.0,Declining Hotspot,-1.0,-33.33,2.0,ALL,All,All,3.0,3.0,2026-09-06,2026-09-19,2026-09-20,2026-10-03,42.38319479650861,-83.01529682924405,Gratiot Town/Kettering,Hendrie St & Maxwell Ave,Gratiot Town/Kettering
882ab2c465fffff,3.0,1.0,Declining Hotspot,-2.0,-66.67,1.0,ALL,All,All,3.0,3.0,2026-09-06,2026-09-19,2026-09-20,2026-10-03,42.383288659682606,-83.02212268336102,Gratiot Town/Kettering,Lambert St & Sheridan St,Gratiot Town/Kettering
882ab2c40dfffff,0.0,6.0,New Hotspot,6.0,,15.0,07,All,All,3.0,5.0,2026-09-08,2026-09-21,2026-09-22,2026-10-05,42.37512986124523,-82.99826235850708,Gratiot Woods,Holcomb St & E Canfield St,Gratiot Woods
882ab2c40dfffff,0.0,6.0,New Hotspot,6.0,,15.0,ALL,All,All,3.0,5.0,2026-09-08,2026-09-21,2026-09-22,2026-10-05,42.37512986124523,-82.99826235850708,Gratiot Woods,Holcomb St & E Canfield St,Gratiot Woods
882ab2c40dfffff,0.0,3.0,New Hotspot,3.0,,7.5,07,Category Focus,Violent Crime,3.0,3.0,2026-09-08,2026-09-21,2026-09-22,2026-10-05,42.37512986124523,-82.99826235850708,Gratiot Woods,Holcomb St & E Canfield St,Gratiot Woods
882ab2c40dfffff,0.0,3.0,New Hotspot,3.0,,7.5,ALL,Category Focus,Violent Crime,3.0,3.0,2026-09-08,2026-09-21,2026-09-22,2026-10-05,42.37512986124523,-82.99826235850708,Gratiot Woods,Holcomb St & E Canfield St,Gratiot Woods
882ab2c40dfffff,0.0,3.0,New Hotspot,3.0,,7.5,07,Crime Type,ASSAULT,3.0,3.0,2026-09-08,2026-09-21,2026-09-22,2026-10-05,42.37512986124523,-82.99826235850708,Gratiot Woods,Holcomb St & E Canfield St,Gratiot Woods
882ab2c40dfffff,0.0,3.0,New Hotspot,3.0,,7.5,ALL,Crime Type,ASSAULT,3.0,3.0,2026-09-08,2026-09-21,2026-09-22,2026-10-05,42.37512986124523,-82.99826235850708,Gratiot Woods,Holcomb St & E Canfield St,Gratiot Woods
882ab2c719fffff,9.0,6.0,Persistent Hotspot,-3.0,-33.33,8.1,09,All,All,3.0,4.0,2026-09-10,2026-09-23,2026-09-24,2026-10-07,42.40858347614477,-82.99554956284216,Gratiot-Findlay,Gunston St & Gratiot Ave,Gratiot-Findlay
882ab2c719fffff,9.0,6.0,Persistent Hotspot,-3.0,-33.33,8.1,ALL,All,All,3.0,4.0,2026-09-10,2026-09-23,2026-09-24,2026-10-07,42.40858347614477,-82.99554956284216,Gratiot-Findlay,Gunston St & Gratiot Ave,Gratiot-Findlay
882ab2c719fffff,3.0,1.0,Declining Hotspot,-2.0,-66.67,1.0,09,Category Focus,Vehicle-Related Crime,3.0,3.0,2026-09-10,2026-09-23,2026-09-24,2026-10-07,42.40858347614477,-82.99554956284216,Gratiot-Findlay,Gunston St & Gratiot Ave,Gratiot-Findlay
882ab2c719fffff,3.0,1.0,Declining Hotspot,-2.0,-66.67,1.0,ALL,Category Focus,Vehicle-Related Crime,3.0,3.0,2026-09-10,2026-09-23,2026-09-24,2026-10-07,42.40858347614477,-82.99554956284216,Gratiot-Findlay,Gunston St & Gratiot Ave,Gratiot-Findlay
882ab2c719fffff,2.0,4.0,Emerging Hotspot,2.0,100.0,7.0,09,Category Focus,Violent Crime,3.0,3.0,2026-09-10,2026-09-23,2026-09-24,2026-10-07,42.40858347614477,-82.99554956284216,Gratiot-Findlay,Gunston St & Gratiot Ave,Gratiot-Findlay
882ab2c719fffff,2.0,4.0,Emerging Hotspot,2.0,100.0,7.0,ALL,Category Focus,Violent Crime,3.0,3.0,2026-09-10,2026-09-23,2026-09-24,2026-10-07,42.40858347614477,-82.99554956284216,Gratiot-Findlay,Gunston St & Gratiot Ave,Gratiot-Findlay
882ab2c405fffff,3.0,7.0,Emerging Hotspot,4.0,133.33,13.0,07,All,All,5.0,6.0,2026-09-10,2026-09-23,2026-09-24,2026-10-07,42.36776819372047,-83.00463154266549,Gratiot-Grand,Maxwell St & Mack Ave,Gratiot-Grand
882ab2c463fffff,7.0,5.0,Declining Hotspot,-2.0,-28.57,5.0,07,All,All,5.0,6.0,2026-09-10,2026-09-23,2026-09-24,2026-10-07,42.37753126162601,-83.01373223034801,Gratiot-Grand,Van Dyke St & Farnsworth St,Gratiot-Grand
882ab2c405fffff,3.0,7.0,Emerging Hotspot,4.0,133.33,13.0,ALL,All,All,5.0,6.0,2026-09-10,2026-09-23,2026-09-24,2026-10-07,42.36776819372047,-83.00463154266549,Gratiot-Grand,Maxwell St & Mack Ave,Gratiot-Grand
882ab2c463fffff,7.0,5.0,Declining Hotspot,-2.0,-28.57,5.0,ALL,All,All,5.0,6.0,2026-09-10,2026-09-23,2026-09-24,2026-10-07,42.37753126162601,-83.01373223034801,Gratiot-Grand,Van Dyke St & Farnsworth St,Gratiot-Grand
882ab2c463fffff,3.0,4.0,Persistent Hotspot,1.0,33.33,6.9,07,Category Focus,Property Crime,3.0,3.0,2026-09-10,2026-09-23,2026-09-24,2026-10-07,42.37753126162601,-83.01373223034801,Gratiot-Grand,Van Dyke St & Farnsworth St,Gratiot-Grand
882ab2c405fffff,3.0,2.0,Declining Hotspot,-1.0,-33.33,2.0,07,Category Focus,Property Crime,3.0,3.0,2026-09-10,2026-09-23,2026-09-24,2026-10-07,42.36776819372047,-83.00463154266549,Gratiot-Grand,Maxwell St & Mack Ave,Gratiot-Grand
882ab2c463fffff,3.0,4.0,Persistent Hotspot,1.0,33.33,6.9,ALL,Category Focus,Property Crime,3.0,3.0,2026-09-10,2026-09-23,2026-09-24,2026-10-07,42.37753126162601,-83.01373223034801,Gratiot-Grand,Van Dyke St & Farnsworth St,Gratiot-Grand
882ab2c405fffff,3.0,2.0,Declining Hotspot,-1.0,-33.33,2.0,ALL,Category Focus,Property Crime,3.0,3.0,2026-09-10,2026-09-23,2026-09-24,2026-10-07,42.36776819372047,-83.00463154266549,Gratiot-Grand,Maxwell St & Mack Ave,Gratiot-Grand
882ab2c405fffff,0.0,4.0,New Hotspot,4.0,,10.0,07,Category Focus,Violent Crime,4.0,4.0,2026-09-10,2026-09-23,2026-09-24,2026-10-07,42.36776819372047,-83.00463154266549,Gratiot-Grand,Maxwell St & Mack Ave,Gratiot-Grand
882ab2c463fffff,4.0,1.0,Declining Hotspot,-3.0,-75.0,1.0,07,Category Focus,Violent Crime,4.0,4.0,2026-09-10,2026-09-23,2026-09-24,2026-10-07,42.37753126162601,-83.01373223034801,Gratiot-Grand,Van Dyke St & Farnsworth St,Gratiot-Grand
882ab2c405fffff,0.0,4.0,New Hotspot,4.0,,10.0,ALL,Category Focus,Violent Crime,4.0,4.0,2026-09-10,2026-09-23,2026-09-24,2026-10-07,42.36776819372047,-83.00463154266549,Gratiot-Grand,Maxwell St & Mack Ave,Gratiot-Grand
882ab2c463fffff,4.0,1.0,Declining Hotspot,-3.0,-75.0,1.0,ALL,Category Focus,Violent Crime,4.0,4.0,2026-09-10,2026-09-23,2026-09-24,2026-10-07,42.37753126162601,-83.01373223034801,Gratiot-Grand,Van Dyke St & Farnsworth St,Gratiot-Grand
882ab2c405fffff,0.0,3.0,New Hotspot,3.0,,7.5,07,Crime Type,AGGRAVATED ASSAULT,3.0,3.0,2026-09-10,2026-09-23,2026-09-24,2026-10-07,42.36776819372047,-83.00463154266549,Gratiot-Grand,Maxwell St & Mack Ave,Gratiot-Grand
882ab2c405fffff,0.0,3.0,New Hotspot,3.0,,7.5,ALL,Crime Type,AGGRAVATED ASSAULT,3.0,3.0,2026-09-10,2026-09-23,2026-09-24,2026-10-07,42.36776819372047,-83.00463154266549,Gratiot-Grand,Maxwell St & Mack Ave,Gratiot-Grand
882ab2c5c7fffff,15.0,17.0,Persistent Hotspot,2.0,13.33,25.95,03,All,All,15.0,17.0,2026-09-10,2026-09-23,2026-09-24,2026-10-07,42.33421498510544,-83.04197413533801,Greektown,Beaubien St & E Lafayette St,Greektown
882ab2c5c7fffff,15.0,17.0,Persistent Hotspot,2.0,13.33,25.95,ALL,All,All,15.0,17.0,2026-09-10,2026-09-23,2026-09-24,2026-10-07,42.33421498510544,-83.04197413533801,Greektown,Beaubien St & E Lafayette St,Greektown
882ab2c5c7fffff,9.0,6.0,Persistent Hotspot,-3.0,-33.33,8.1,03,Category Focus,Property Crime,9.0,6.0,2026-09-10,2026-09-23,2026-09-24,2026-10-07,42.33421498510544,-83.04197413533801,Greektown,Beaubien St & E Lafayette St,Greektown
882ab2c5c7fffff,9.0,6.0,Persistent Hotspot,-3.0,-33.33,8.1,ALL,Category Focus,Property Crime,9.0,6.0,2026-09-10,2026-09-23,2026-09-24,2026-10-07,42.33421498510544,-83.04197413533801,Greektown,Beaubien St & E Lafayette St,Greektown
882ab2c5c7fffff,3.0,2.0,Declining Hotspot,-1.0,-33.33,2.0,03,Category Focus,Vehicle-Related Crime,3.0,3.0,2026-09-10,2026-09-23,2026-09-24,2026-10-07,42.33421498510544,-83.04197413533801,Greektown,Beaubien St & E Lafayette St,Greektown
882ab2c5c7fffff,3.0,2.0,Declining Hotspot,-1.0,-33.33,2.0,ALL,Category Focus,Vehicle-Related Crime,3.0,3.0,2026-09-10,2026-09-23,2026-09-24,2026-10-07,42.33421498510544,-83.04197413533801,Greektown,Beaubien St & E Lafayette St,Greektown
882ab2c5c7fffff,2.0,5.0,Emerging Hotspot,3.0,150.0,9.5,03,Category Focus,Violent Crime,3.0,5.0,2026-09-10,2026-09-23,2026-09-24,2026-10-07,42.33421498510544,-83.04197413533801,Greektown,Beaubien St & E Lafayette St,Greektown
882ab2c5c7fffff,2.0,5.0,Emerging Hotspot,3.0,150.0,9.5,ALL,Category Focus,Violent Crime,3.0,5.0,2026-09-10,2026-09-23,2026-09-24,2026-10-07,42.33421498510544,-83.04197413533801,Greektown,Beaubien St & E Lafayette St,Greektown
882ab2c5c7fffff,2.0,3.0,Emerging Hotspot,1.0,50.0,4.5,03,Crime Type,ASSAULT,3.0,3.0,2026-09-10,2026-09-23,2026-09-24,2026-10-07,42.33421498510544,-83.04197413533801,Greektown,Beaubien St & E Lafayette St,Greektown
882ab2c5c7fffff,2.0,3.0,Emerging Hotspot,1.0,50.0,4.5,ALL,Crime Type,ASSAULT,3.0,3.0,2026-09-10,2026-09-23,2026-09-24,2026-10-07,42.33421498510544,-83.04197413533801,Greektown,Beaubien St & E Lafayette St,Greektown
882ab2c5c7fffff,3.0,1.0,Declining Hotspot,-2.0,-66.67,1.0,03,Crime Type,DAMAGE TO PROPERTY,3.0,3.0,2026-09-10,2026-09-23,2026-09-24,2026-10-07,42.33421498510544,-83.04197413533801,Greektown,Beaubien St & E Lafayette St,Greektown
882ab2c5c7fffff,3.0,1.0,Declining Hotspot,-2.0,-66.67,1.0,ALL,Crime Type,DAMAGE TO PROPERTY,3.0,3.0,2026-09-10,2026-09-23,2026-09-24,2026-10-07,42.33421498510544,-83.04197413533801,Greektown,Beaubien St & E Lafayette St,Greektown
882ab2c5c7fffff,1.0,3.0,Emerging Hotspot,2.0,200.0,6.0,03,Crime Type,FRAUD,3.0,3.0,2026-09-10,2026-09-23,2026-09-24,2026-10-07,42.33421498510544,-83.04197413533801,Greektown,Beaubien St & E Lafayette St,Greektown
882ab2c5c7fffff,1.0,3.0,Emerging Hotspot,2.0,200.0,6.0,ALL,Crime Type,FRAUD,3.0,3.0,2026-09-10,2026-09-23,2026-09-24,2026-10-07,42.33421498510544,-83.04197413533801,Greektown,Beaubien St & E Lafayette St,Greektown
882ab2c5c7fffff,6.0,4.0,Persistent Hotspot,-2.0,-33.33,5.4,03,Crime Type,LARCENY,6.0,4.0,2026-09-10,2026-09-23,2026-09-24,2026-10-07,42.33421498510544,-83.04197413533801,Greektown,Beaubien St & E Lafayette St,Greektown
882ab2c5c7fffff,6.0,4.0,Persistent Hotspot,-2.0,-33.33,5.4,ALL,Crime Type,LARCENY,6.0,4.0,2026-09-10,2026-09-23,2026-09-24,2026-10-07,42.33421498510544,-83.04197413533801,Greektown,Beaubien St & E Lafayette St,Greektown
882ab2c1dbfffff,4.0,1.0,Declining Hotspot,-3.0,-75.0,1.0,12,All,All,4.0,3.0,2026-09-10,2026-09-23,2026-09-24,2026-10-07,42.44135245039165,-83.14186299866313,Green Acres,Livernois Ave & Chippewa St,Green Acres
882ab2c1dbfffff,4.0,1.0,Declining Hotspot,-3.0,-75.0,1.0,ALL,All,All,4.0,3.0,2026-09-10,2026-09-23,2026-09-24,2026-10-07,42.44135245039165,-83.14186299866313,Green Acres,Livernois Ave & Chippewa St,Green Acres
882ab2c1dbfffff,3.0,0.0,Declining Hotspot,-3.0,-100.0,0.0,12,Category Focus,Property Crime,3.0,3.0,2026-09-10,2026-09-23,2026-09-24,2026-10-07,42.44135245039165,-83.14186299866313,Green Acres,Livernois Ave & Chippewa St,Green Acres
882ab2c1dbfffff,3.0,0.0,Declining Hotspot,-3.0,-100.0,0.0,ALL,Category Focus,Property Crime,3.0,3.0,2026-09-10,2026-09-23,2026-09-24,2026-10-07,42.44135245039165,-83.14186299866313,Green Acres,Livernois Ave & Chippewa St,Green Acres
882ab2c1abfffff,16.0,7.0,Persistent Hotspot,-9.0,-56.25,9.45,08,All,All,8.0,5.0,2026-09-11,2026-09-24,2026-09-25,2026-10-08,42.43747239907838,-83.20641752482848,Greenfield,Mansfield St & Vassar Ave,Greenfield
882ab2c1a1fffff,8.0,5.0,Persistent Hotspot,-3.0,-37.5,6.75,08,All,All,8.0,5.0,2026-09-11,2026-09-24,2026-09-25,2026-10-08,42.43911669110264,-83.21559502850629,Greenfield,Trojan St & Archdale St,Greenfield
882ab2c1a3fffff,8.0,5.0,Persistent Hotspot,-3.0,-37.5,6.75,08,All,All,8.0,5.0,2026-09-11,2026-09-24,2026-09-25,2026-10-08,42.43029204584978,-83.20972511127935,Greenfield,Lindsay St & W 7 Mile Rd,Greenfield
882ab2c1abfffff,16.0,7.0,Persistent Hotspot,-9.0,-56.25,9.45,ALL,All,All,8.0,5.0,2026-09-11,2026-09-24,2026-09-25,2026-10-08,42.43747239907838,-83.20641752482848,Greenfield,Mansfield St & Vassar Ave,Greenfield
882ab2c1a1fffff,8.0,5.0,Persistent Hotspot,-3.0,-37.5,6.75,ALL,All,All,8.0,5.0,2026-09-11,2026-09-24,2026-09-25,2026-10-08,42.43911669110264,-83.21559502850629,Greenfield,Trojan St & Archdale St,Greenfield
882ab2c1a3fffff,8.0,5.0,Persistent Hotspot,-3.0,-37.5,6.75,ALL,All,All,8.0,5.0,2026-09-11,2026-09-24,2026-09-25,2026-10-08,42.43029204584978,-83.20972511127935,Greenfield,Lindsay St & W 7 Mile Rd,Greenfield
882ab2c1abfffff,6.0,3.0,Persistent Hotspot,-3.0,-50.0,4.05,08,Category Focus,Property Crime,5.0,3.0,2026-09-11,2026-09-24,2026-09-25,2026-10-08,42.43747239907838,-83.20641752482848,Greenfield,Mansfield St & Vassar Ave,Greenfield
882ab2c1abfffff,6.0,3.0,Persistent Hotspot,-3.0,-50.0,4.05,ALL,Category Focus,Property Crime,5.0,3.0,2026-09-11,2026-09-24,2026-09-25,2026-10-08,42.43747239907838,-83.20641752482848,Greenfield,Mansfield St & Vassar Ave,Greenfield
882ab2c1abfffff,3.0,2.0,Declining Hotspot,-1.0,-33.33,2.0,08,Category Focus,Vehicle-Related Crime,3.0,3.0,2026-09-11,2026-09-24,2026-09-25,2026-10-08,42.43747239907838,-83.20641752482848,Greenfield,Mansfield St & Vassar Ave,Greenfield
882ab2c1abfffff,3.0,2.0,Declining Hotspot,-1.0,-33.33,2.0,ALL,Category Focus,Vehicle-Related Crime,3.0,3.0,2026-09-11,2026-09-24,2026-09-25,2026-10-08,42.43747239907838,-83.20641752482848,Greenfield,Mansfield St & Vassar Ave,Greenfield
882ab2c1abfffff,4.0,2.0,Declining Hotspot,-2.0,-50.0,2.0,08,Category Focus,Violent Crime,4.0,3.0,2026-09-11,2026-09-24,2026-09-25,2026-10-08,42.43747239907838,-83.20641752482848,Greenfield,Mansfield St & Vassar Ave,Greenfield
882ab2c1a3fffff,4.0,1.0,Declining Hotspot,-3.0,-75.0,1.0,08,Category Focus,Violent Crime,4.0,3.0,2026-09-11,2026-09-24,2026-09-25,2026-10-08,42.43029204584978,-83.20972511127935,Greenfield,Lindsay St & W 7 Mile Rd,Greenfield
882ab2c1abfffff,4.0,2.0,Declining Hotspot,-2.0,-50.0,2.0,ALL,Category Focus,Violent Crime,4.0,3.0,2026-09-11,2026-09-24,2026-09-25,2026-10-08,42.43747239907838,-83.20641752482848,Greenfield,Mansfield St & Vassar Ave,Greenfield
882ab2c1a3fffff,4.0,1.0,Declining Hotspot,-3.0,-75.0,1.0,ALL,Category Focus,Violent Crime,4.0,3.0,2026-09-11,2026-09-24,2026-09-25,2026-10-08,42.43029204584978,-83.20972511127935,Greenfield,Lindsay St & W 7 Mile Rd,Greenfield
882ab2c1a3fffff,3.0,1.0,Declining Hotspot,-2.0,-66.67,1.0,08,Crime Type,ASSAULT,3.0,3.0,2026-09-11,2026-09-24,2026-09-25,2026-10-08,42.43029204584978,-83.20972511127935,Greenfield,Lindsay St & W 7 Mile Rd,Greenfield
882ab2c1a3fffff,3.0,1.0,Declining Hotspot,-2.0,-66.67,1.0,ALL,Crime Type,ASSAULT,3.0,3.0,2026-09-11,2026-09-24,2026-09-25,2026-10-08,42.43029204584978,-83.20972511127935,Greenfield,Lindsay St & W 7 Mile Rd,Greenfield
882ab2c1abfffff,4.0,0.0,Declining Hotspot,-4.0,-100.0,0.0,08,Crime Type,BURGLARY,3.0,3.0,2026-09-11,2026-09-24,2026-09-25,2026-10-08,42.43747239907838,-83.20641752482848,Greenfield,Mansfield St & Vassar Ave,Greenfield
882ab2c1abfffff,4.0,0.0,Declining Hotspot,-4.0,-100.0,0.0,ALL,Crime Type,BURGLARY,3.0,3.0,2026-09-11,2026-09-24,2026-09-25,2026-10-08,42.43747239907838,-83.20641752482848,Greenfield,Mansfield St & Vassar Ave,Greenfield
882ab2c1abfffff,0.0,3.0,New Hotspot,3.0,,7.5,08,Crime Type,LARCENY,3.0,3.0,2026-09-11,2026-09-24,2026-09-25,2026-10-08,42.43747239907838,-83.20641752482848,Greenfield,Mansfield St & Vassar Ave,Greenfield
882ab2c1abfffff,0.0,3.0,New Hotspot,3.0,,7.5,ALL,Crime Type,LARCENY,3.0,3.0,2026-09-11,2026-09-24,2026-09-25,2026-10-08,42.43747239907838,-83.20641752482848,Greenfield,Mansfield St & Vassar Ave,Greenfield
882ab2c1abfffff,3.0,1.0,Declining Hotspot,-2.0,-66.67,1.0,08,Crime Type,STOLEN VEHICLE,3.0,3.0,2026-09-11,2026-09-24,2026-09-25,2026-10-08,42.43747239907838,-83.20641752482848,Greenfield,Mansfield St & Vassar Ave,Greenfield
882ab2c1abfffff,3.0,1.0,Declining Hotspot,-2.0,-66.67,1.0,ALL,Crime Type,STOLEN VEHICLE,3.0,3.0,2026-09-11,2026-09-24,2026-09-25,2026-10-08,42.43747239907838,-83.20641752482848,Greenfield,Mansfield St & Vassar Ave,Greenfield
882ab2cf53fffff,9.0,6.0,Persistent Hotspot,-3.0,-33.33,8.1,08,All,All,8.0,5.0,2026-09-08,2026-09-21,2026-09-22,2026-10-05,42.391712948565456,-83.20260075281894,Greenfield-Grand River,Greenfield Rd & Grand River Ave,Greenfield-Grand River
882ab2cf53fffff,9.0,6.0,Persistent Hotspot,-3.0,-33.33,8.1,ALL,All,All,8.0,5.0,2026-09-08,2026-09-21,2026-09-22,2026-10-05,42.391712948565456,-83.20260075281894,Greenfield-Grand River,Greenfield Rd & Grand River Ave,Greenfield-Grand River
882ab2cf53fffff,6.0,1.0,Declining Hotspot,-5.0,-83.33,1.0,08,Category Focus,Property Crime,5.0,3.0,2026-09-08,2026-09-21,2026-09-22,2026-10-05,42.391712948565456,-83.20260075281894,Greenfield-Grand River,Greenfield Rd & Grand River Ave,Greenfield-Grand River
882ab2cf53fffff,6.0,1.0,Declining Hotspot,-5.0,-83.33,1.0,ALL,Category Focus,Property Crime,5.0,3.0,2026-09-08,2026-09-21,2026-09-22,2026-10-05,42.391712948565456,-83.20260075281894,Greenfield-Grand River,Greenfield Rd & Grand River Ave,Greenfield-Grand River
882ab2cf53fffff,3.0,4.0,Persistent Hotspot,1.0,33.33,6.9,08,Category Focus,Violent Crime,3.0,3.0,2026-09-08,2026-09-21,2026-09-22,2026-10-05,42.391712948565456,-83.20260075281894,Greenfield-Grand River,Greenfield Rd & Grand River Ave,Greenfield-Grand River
882ab2cf53fffff,3.0,4.0,Persistent Hotspot,1.0,33.33,6.9,ALL,Category Focus,Violent Crime,3.0,3.0,2026-09-08,2026-09-21,2026-09-22,2026-10-05,42.391712948565456,-83.20260075281894,Greenfield-Grand River,Greenfield Rd & Grand River Ave,Greenfield-Grand River
882ab2cf53fffff,3.0,4.0,Persistent Hotspot,1.0,33.33,6.9,08,Crime Type,ASSAULT,3.0,3.0,2026-09-08,2026-09-21,2026-09-22,2026-10-05,42.391712948565456,-83.20260075281894,Greenfield-Grand River,Greenfield Rd & Grand River Ave,Greenfield-Grand River
882ab2cf53fffff,3.0,4.0,Persistent Hotspot,1.0,33.33,6.9,ALL,Crime Type,ASSAULT,3.0,3.0,2026-09-08,2026-09-21,2026-09-22,2026-10-05,42.391712948565456,-83.20260075281894,Greenfield-Grand River,Greenfield Rd & Grand River Ave,Greenfield-Grand River
882ab2cf53fffff,4.0,0.0,Declining Hotspot,-4.0,-100.0,0.0,08,Crime Type,DAMAGE TO PROPERTY,4.0,3.0,2026-09-08,2026-09-21,2026-09-22,2026-10-05,42.391712948565456,-83.20260075281894,Greenfield-Grand River,Greenfield Rd & Grand River Ave,Greenfield-Grand River
882ab2cf53fffff,4.0,0.0,Declining Hotspot,-4.0,-100.0,0.0,ALL,Crime Type,DAMAGE TO PROPERTY,4.0,3.0,2026-09-08,2026-09-21,2026-09-22,2026-10-05,42.391712948565456,-83.20260075281894,Greenfield-Grand River,Greenfield Rd & Grand River Ave,Greenfield-Grand River
882ab2c183fffff,3.0,4.0,Persistent Hotspot,1.0,33.33,6.9,12,All,All,3.0,4.0,2026-09-11,2026-09-24,2026-09-25,2026-10-08,42.43472556731352,-83.17736791359354,Greenwich,Vassar Ave & Littlefield St,Greenwich
882ab2c183fffff,3.0,4.0,Persistent Hotspot,1.0,33.33,6.9,ALL,All,All,3.0,4.0,2026-09-11,2026-09-24,2026-09-25,2026-10-08,42.43472556731352,-83.17736791359354,Greenwich,Vassar Ave & Littlefield St,Greenwich
882ab2c19dfffff,1.0,3.0,Emerging Hotspot,2.0,200.0,6.0,12,Category Focus,Violent Crime,3.0,3.0,2026-09-11,2026-09-24,2026-09-25,2026-10-08,42.43477316065231,-83.17302347994702,Greenwich,Appoline St & W Outer Dr,Greenwich
882ab2c19dfffff,1.0,3.0,Emerging Hotspot,2.0,200.0,6.0,ALL,Category Focus,Violent Crime,3.0,3.0,2026-09-11,2026-09-24,2026-09-25,2026-10-08,42.43477316065231,-83.17302347994702,Greenwich,Appoline St & W Outer Dr,Greenwich
882ab2c19dfffff,1.0,3.0,Emerging Hotspot,2.0,200.0,6.0,12,Crime Type,ASSAULT,3.0,3.0,2026-09-11,2026-09-24,2026-09-25,2026-10-08,42.43477316065231,-83.17302347994702,Greenwich,Appoline St & W Outer Dr,Greenwich
882ab2c19dfffff,1.0,3.0,Emerging Hotspot,2.0,200.0,6.0,ALL,Crime Type,ASSAULT,3.0,3.0,2026-09-11,2026-09-24,2026-09-25,2026-10-08,42.43477316065231,-83.17302347994702,Greenwich,Appoline St & W Outer Dr,Greenwich
882ab2c087fffff,6.0,3.0,Persistent Hotspot,-3.0,-50.0,4.05,12,All,All,5.0,3.0,2026-09-10,2026-09-23,2026-09-24,2026-10-07,42.42671940330759,-83.11082201136425,Grixdale Farms,Charleston St & W Nevada St,Grixdale Farms
882ab2c087fffff,6.0,3.0,Persistent Hotspot,-3.0,-50.0,4.05,ALL,All,All,5.0,3.0,2026-09-10,2026-09-23,2026-09-24,2026-10-07,42.42671940330759,-83.11082201136425,Grixdale Farms,Charleston St & W Nevada St,Grixdale Farms
882ab2c087fffff,5.0,1.0,Declining Hotspot,-4.0,-80.0,1.0,12,Category Focus,Property Crime,4.0,3.0,2026-09-10,2026-09-23,2026-09-24,2026-10-07,42.42671940330759,-83.11082201136425,Grixdale Farms,Charleston St & W Nevada St,Grixdale Farms
882ab2c087fffff,5.0,1.0,Declining Hotspot,-4.0,-80.0,1.0,ALL,Category Focus,Property Crime,4.0,3.0,2026-09-10,2026-09-23,2026-09-24,2026-10-07,42.42671940330759,-83.11082201136425,Grixdale Farms,Charleston St & W Nevada St,Grixdale Farms
882ab2c087fffff,3.0,0.0,Declining Hotspot,-3.0,-100.0,0.0,12,Crime Type,DAMAGE TO PROPERTY,3.0,3.0,2026-09-10,2026-09-23,2026-09-24,2026-10-07,42.42671940330759,-83.11082201136425,Grixdale Farms,Charleston St & W Nevada St,Grixdale Farms
882ab2c087fffff,3.0,0.0,Declining Hotspot,-3.0,-100.0,0.0,ALL,Crime Type,DAMAGE TO PROPERTY,3.0,3.0,2026-09-10,2026-09-23,2026-09-24,2026-10-07,42.42671940330759,-83.11082201136425,Grixdale Farms,Charleston St & W Nevada St,Grixdale Farms
882ab2ce6dfffff,5.0,12.0,Persistent Hotspot,7.0,140.0,26.7,02,All,All,5.0,10.0,2026-09-10,2026-09-23,2026-09-24,2026-10-07,42.41180763056686,-83.1797983731317,Harmony Village,Florence St & Schaefer Hwy,Harmony Village
882ab2ce69fffff,3.0,6.0,Persistent Hotspot,3.0,100.0,12.6,12,All,All,3.0,5.0,2026-09-10,2026-09-23,2026-09-24,2026-10-07,42.40954325089387,-83.17197550445094,Harmony Village,Puritan St & Sorrento St,Harmony Village
882ab2ce6dfffff,7.0,14.0,Persistent Hotspot,7.0,100.0,29.4,ALL,All,All,6.0,11.0,2026-09-10,2026-09-23,2026-09-24,2026-10-07,42.41180763056686,-83.1797983731317,Harmony Village,Florence St & Schaefer Hwy,Harmony Village
882ab2ce6dfffff,3.0,1.0,Declining Hotspot,-2.0,-66.67,1.0,02,Category Focus,Property Crime,3.0,3.0,2026-09-10,2026-09-23,2026-09-24,2026-10-07,42.41180763056686,-83.1797983731317,Harmony Village,Florence St & Schaefer Hwy,Harmony Village
882ab2ce6dfffff,4.0,1.0,Declining Hotspot,-3.0,-75.0,1.0,ALL,Category Focus,Property Crime,4.0,3.0,2026-09-10,2026-09-23,2026-09-24,2026-10-07,42.41180763056686,-83.1797983731317,Harmony Village,Florence St & Schaefer Hwy,Harmony Village
882ab2ce6dfffff,1.0,3.0,Emerging Hotspot,2.0,200.0,6.0,02,Category Focus,Violent Crime,3.0,3.0,2026-09-10,2026-09-23,2026-09-24,2026-10-07,42.41180763056686,-83.1797983731317,Harmony Village,Florence St & Schaefer Hwy,Harmony Village
882ab2ce6dfffff,2.0,5.0,Emerging Hotspot,3.0,150.0,9.5,ALL,Category Focus,Violent Crime,3.0,4.0,2026-09-10,2026-09-23,2026-09-24,2026-10-07,42.41180763056686,-83.1797983731317,Harmony Village,Florence St & Schaefer Hwy,Harmony Village
882ab2ce6dfffff,2.0,4.0,Emerging Hotspot,2.0,100.0,7.0,ALL,Crime Type,ASSAULT,3.0,4.0,2026-09-10,2026-09-23,2026-09-24,2026-10-07,42.41180763056686,-83.1797983731317,Harmony Village,Florence St & Schaefer Hwy,Harmony Village
882ab2ce6dfffff,0.0,4.0,New Hotspot,4.0,,10.0,02,Crime Type,WEAPONS OFFENSES,3.0,4.0,2026-09-10,2026-09-23,2026-09-24,2026-10-07,42.41180763056686,-83.1797983731317,Harmony Village,Florence St & Schaefer Hwy,Harmony Village
882ab2ce6dfffff,0.0,4.0,New Hotspot,4.0,,10.0,ALL,Crime Type,WEAPONS OFFENSES,3.0,4.0,2026-09-10,2026-09-23,2026-09-24,2026-10-07,42.41180763056686,-83.1797983731317,Harmony Village,Florence St & Schaefer Hwy,Harmony Village
882ab2c08bfffff,3.0,3.0,Persistent Hotspot,0.0,0.0,4.05,11,All,All,3.0,3.0,2026-09-11,2026-09-24,2026-09-25,2026-10-08,42.43098887984028,-83.09256275585787,Hawthorne Park,E Hollywood Ave & Hawthorne St,Hawthorne Park
882ab2c08bfffff,3.0,3.0,Persistent Hotspot,0.0,0.0,4.05,ALL,All,All,3.0,3.0,2026-09-11,2026-09-24,2026-09-25,2026-10-08,42.43098887984028,-83.09256275585787,Hawthorne Park,E Hollywood Ave & Hawthorne St,Hawthorne Park
882ab2ca93fffff,3.0,6.0,Emerging Hotspot,3.0,100.0,10.5,08,All,All,5.0,6.0,2026-09-11,2026-09-24,2026-09-25,2026-10-08,42.424478394441714,-83.24075689108246,Holcomb Community,Pickford St & Vaughan St,Holcomb Community
882ab2cf61fffff,11.0,8.0,Persistent Hotspot,-3.0,-27.27,10.8,08,All,All,5.0,6.0,2026-09-11,2026-09-24,2026-09-25,2026-10-08,42.41476070546079,-83.2532071415374,Holcomb Community,Grand River Ave & W McNichols Rd,Holcomb Community
882ab2ca97fffff,5.0,2.0,Declining Hotspot,-3.0,-60.0,2.0,08,All,All,5.0,6.0,2026-09-11,2026-09-24,2026-09-25,2026-10-08,42.429203430581325,-83.25216784309016,Holcomb Community,Burt Rd & Clarita St,Holcomb Community
882ab2ca93fffff,3.0,6.0,Emerging Hotspot,3.0,100.0,10.5,ALL,All,All,5.0,6.0,2026-09-11,2026-09-24,2026-09-25,2026-10-08,42.424478394441714,-83.24075689108246,Holcomb Community,Pickford St & Vaughan St,Holcomb Community
882ab2cf61fffff,11.0,8.0,Persistent Hotspot,-3.0,-27.27,10.8,ALL,All,All,5.0,6.0,2026-09-11,2026-09-24,2026-09-25,2026-10-08,42.41476070546079,-83.2532071415374,Holcomb Community,Grand River Ave & W McNichols Rd,Holcomb Community
882ab2ca97fffff,5.0,2.0,Declining Hotspot,-3.0,-60.0,2.0,ALL,All,All,5.0,6.0,2026-09-11,2026-09-24,2026-09-25,2026-10-08,42.429203430581325,-83.25216784309016,Holcomb Community,Burt Rd & Clarita St,Holcomb Community
882ab2cf61fffff,3.0,2.0,Declining Hotspot,-1.0,-33.33,2.0,08,Category Focus,Property Crime,3.0,3.0,2026-09-11,2026-09-24,2026-09-25,2026-10-08,42.41476070546079,-83.2532071415374,Holcomb Community,Grand River Ave & W McNichols Rd,Holcomb Community
882ab2cf6bfffff,3.0,0.0,Declining Hotspot,-3.0,-100.0,0.0,08,Category Focus,Property Crime,3.0,3.0,2026-09-11,2026-09-24,2026-09-25,2026-10-08,42.41734372502031,-83.2424829727356,Holcomb Community,Stout St & Santa Maria St,Holcomb Community
882ab2cf61fffff,3.0,2.0,Declining Hotspot,-1.0,-33.33,2.0,ALL,Category Focus,Property Crime,3.0,3.0,2026-09-11,2026-09-24,2026-09-25,2026-10-08,42.41476070546079,-83.2532071415374,Holcomb Community,Grand River Ave & W McNichols Rd,Holcomb Community
882ab2cf6bfffff,3.0,0.0,Declining Hotspot,-3.0,-100.0,0.0,ALL,Category Focus,Property Crime,3.0,3.0,2026-09-11,2026-09-24,2026-09-25,2026-10-08,42.41734372502031,-83.2424829727356,Holcomb Community,Stout St & Santa Maria St,Holcomb Community
882ab2ca93fffff,0.0,3.0,New Hotspot,3.0,,7.5,08,Category Focus,Violent Crime,3.0,3.0,2026-09-11,2026-09-24,2026-09-25,2026-10-08,42.424478394441714,-83.24075689108246,Holcomb Community,Pickford St & Vaughan St,Holcomb Community
882ab2cf6dfffff,1.0,3.0,Emerging Hotspot,2.0,200.0,6.0,08,Category Focus,Violent Crime,3.0,3.0,2026-09-11,2026-09-24,2026-09-25,2026-10-08,42.42138485355469,-83.25684431443821,Holcomb Community,Glenco St & Burgess St,Holcomb Community
882ab2cf61fffff,3.0,3.0,Persistent Hotspot,0.0,0.0,4.05,08,Category Focus,Violent Crime,3.0,3.0,2026-09-11,2026-09-24,2026-09-25,2026-10-08,42.41476070546079,-83.2532071415374,Holcomb Community,Grand River Ave & W McNichols Rd,Holcomb Community
882ab2ca93fffff,0.0,3.0,New Hotspot,3.0,,7.5,ALL,Category Focus,Violent Crime,3.0,3.0,2026-09-11,2026-09-24,2026-09-25,2026-10-08,42.424478394441714,-83.24075689108246,Holcomb Community,Pickford St & Vaughan St,Holcomb Community
882ab2cf6dfffff,1.0,3.0,Emerging Hotspot,2.0,200.0,6.0,ALL,Category Focus,Violent Crime,3.0,3.0,2026-09-11,2026-09-24,2026-09-25,2026-10-08,42.42138485355469,-83.25684431443821,Holcomb Community,Glenco St & Burgess St,Holcomb Community
882ab2cf61fffff,3.0,3.0,Persistent Hotspot,0.0,0.0,4.05,ALL,Category Focus,Violent Crime,3.0,3.0,2026-09-11,2026-09-24,2026-09-25,2026-10-08,42.41476070546079,-83.2532071415374,Holcomb Community,Grand River Ave & W McNichols Rd,Holcomb Community
882ab2cf61fffff,3.0,1.0,Declining Hotspot,-2.0,-66.67,1.0,08,Crime Type,AGGRAVATED ASSAULT,3.0,3.0,2026-09-11,2026-09-24,2026-09-25,2026-10-08,42.41476070546079,-83.2532071415374,Holcomb Community,Grand River Ave & W McNichols Rd,Holcomb Community
882ab2cf61fffff,3.0,1.0,Declining Hotspot,-2.0,-66.67,1.0,ALL,Crime Type,AGGRAVATED ASSAULT,3.0,3.0,2026-09-11,2026-09-24,2026-09-25,2026-10-08,42.41476070546079,-83.2532071415374,Holcomb Community,Grand River Ave & W McNichols Rd,Holcomb Community
882ab2cf61fffff,4.0,1.0,Declining Hotspot,-3.0,-75.0,1.0,08,Crime Type,FRAUD,4.0,3.0,2026-09-11,2026-09-24,2026-09-25,2026-10-08,42.41476070546079,-83.2532071415374,Holcomb Community,Grand River Ave & W McNichols Rd,Holcomb Community
882ab2cf61fffff,4.0,1.0,Declining Hotspot,-3.0,-75.0,1.0,ALL,Crime Type,FRAUD,4.0,3.0,2026-09-11,2026-09-24,2026-09-25,2026-10-08,42.41476070546079,-83.2532071415374,Holcomb Community,Grand River Ave & W McNichols Rd,Holcomb Community
882ab2c5a5fffff,3.0,6.0,Persistent Hotspot,3.0,100.0,12.6,04,All,All,3.0,5.0,2026-09-08,2026-09-21,2026-09-22,2026-10-05,42.32101786579814,-83.09191215646756,Hubbard Farms,Page & Palms St,Hubbard Farms
882ab2c5a7fffff,3.0,1.0,Declining Hotspot,-2.0,-66.67,1.0,04,All,All,3.0,5.0,2026-09-08,2026-09-21,2026-09-22,2026-10-05,42.31665476852204,-83.08558099016852,Hubbard Farms,W Lafayette Blvd & W Grand Blvd,Hubbard Farms
882ab2c5a5fffff,3.0,6.0,Persistent Hotspot,3.0,100.0,12.6,ALL,All,All,3.0,5.0,2026-09-08,2026-09-21,2026-09-22,2026-10-05,42.32101786579814,-83.09191215646756,Hubbard Farms,Page & Palms St,Hubbard Farms
882ab2c5a7fffff,3.0,1.0,Declining Hotspot,-2.0,-66.67,1.0,ALL,All,All,3.0,5.0,2026-09-08,2026-09-21,2026-09-22,2026-10-05,42.31665476852204,-83.08558099016852,Hubbard Farms,W Lafayette Blvd & W Grand Blvd,Hubbard Farms
882ab2c5a7fffff,3.0,0.0,Declining Hotspot,-3.0,-100.0,0.0,04,Category Focus,Property Crime,3.0,3.0,2026-09-08,2026-09-21,2026-09-22,2026-10-05,42.31665476852204,-83.08558099016852,Hubbard Farms,W Lafayette Blvd & W Grand Blvd,Hubbard Farms
882ab2c5a7fffff,3.0,0.0,Declining Hotspot,-3.0,-100.0,0.0,ALL,Category Focus,Property Crime,3.0,3.0,2026-09-08,2026-09-21,2026-09-22,2026-10-05,42.31665476852204,-83.08558099016852,Hubbard Farms,W Lafayette Blvd & W Grand Blvd,Hubbard Farms
882ab2c5a5fffff,1.0,5.0,Emerging Hotspot,4.0,400.0,11.0,04,Category Focus,Violent Crime,3.0,5.0,2026-09-08,2026-09-21,2026-09-22,2026-10-05,42.32101786579814,-83.09191215646756,Hubbard Farms,Page & Palms St,Hubbard Farms
882ab2c5a5fffff,1.0,5.0,Emerging Hotspot,4.0,400.0,11.0,ALL,Category Focus,Violent Crime,3.0,5.0,2026-09-08,2026-09-21,2026-09-22,2026-10-05,42.32101786579814,-83.09191215646756,Hubbard Farms,Page & Palms St,Hubbard Farms
882ab2c5a5fffff,1.0,5.0,Emerging Hotspot,4.0,400.0,11.0,04,Crime Type,ASSAULT,3.0,5.0,2026-09-08,2026-09-21,2026-09-22,2026-10-05,42.32101786579814,-83.09191215646756,Hubbard Farms,Page & Palms St,Hubbard Farms
882ab2c5a5fffff,1.0,5.0,Emerging Hotspot,4.0,400.0,11.0,ALL,Crime Type,ASSAULT,3.0,5.0,2026-09-08,2026-09-21,2026-09-22,2026-10-05,42.32101786579814,-83.09191215646756,Hubbard Farms,Page & Palms St,Hubbard Farms
882ab2c5a1fffff,5.0,2.0,Declining Hotspot,-3.0,-60.0,2.0,04,All,All,5.0,3.0,2026-09-11,2026-09-24,2026-09-25,2026-10-08,42.32138786461334,-83.0757067567105,Hubbard Richard,18th St & Howard St,Hubbard Richard
882ab2c5a1fffff,5.0,2.0,Declining Hotspot,-3.0,-60.0,2.0,ALL,All,All,5.0,3.0,2026-09-11,2026-09-24,2026-09-25,2026-10-08,42.32138786461334,-83.0757067567105,Hubbard Richard,18th St & Howard St,Hubbard Richard
882ab2c5a1fffff,4.0,1.0,Declining Hotspot,-3.0,-75.0,1.0,04,Category Focus,Property Crime,4.0,3.0,2026-09-11,2026-09-24,2026-09-25,2026-10-08,42.32138786461334,-83.0757067567105,Hubbard Richard,18th St & Howard St,Hubbard Richard
882ab2c5a1fffff,4.0,1.0,Declining Hotspot,-3.0,-75.0,1.0,ALL,Category Focus,Property Crime,4.0,3.0,2026-09-11,2026-09-24,2026-09-25,2026-10-08,42.32138786461334,-83.0757067567105,Hubbard Richard,18th St & Howard St,Hubbard Richard
882ab2c5a1fffff,3.0,0.0,Declining Hotspot,-3.0,-100.0,0.0,04,Category Focus,Vehicle-Related Crime,3.0,3.0,2026-09-11,2026-09-24,2026-09-25,2026-10-08,42.32138786461334,-83.0757067567105,Hubbard Richard,18th St & Howard St,Hubbard Richard
882ab2c5a1fffff,3.0,0.0,Declining Hotspot,-3.0,-100.0,0.0,ALL,Category Focus,Vehicle-Related Crime,3.0,3.0,2026-09-11,2026-09-24,2026-09-25,2026-10-08,42.32138786461334,-83.0757067567105,Hubbard Richard,18th St & Howard St,Hubbard Richard
882ab2c5a1fffff,4.0,1.0,Declining Hotspot,-3.0,-75.0,1.0,04,Crime Type,LARCENY,4.0,3.0,2026-09-11,2026-09-24,2026-09-25,2026-10-08,42.32138786461334,-83.0757067567105,Hubbard Richard,18th St & Howard St,Hubbard Richard
882ab2c5a1fffff,4.0,1.0,Declining Hotspot,-3.0,-75.0,1.0,ALL,Crime Type,LARCENY,4.0,3.0,2026-09-11,2026-09-24,2026-09-25,2026-10-08,42.32138786461334,-83.0757067567105,Hubbard Richard,18th St & Howard St,Hubbard Richard
882ab2ce2dfffff,5.0,10.0,Persistent Hotspot,5.0,100.0,21.0,02,All,All,4.0,7.0,2026-09-09,2026-09-22,2026-09-23,2026-10-06,42.391093146943625,-83.1904585696761,Hubbell-Lyndon,Freeland St & Intervale St,Hubbell-Lyndon
882ab2ce2dfffff,5.0,10.0,Persistent Hotspot,5.0,100.0,21.0,ALL,All,All,5.0,7.0,2026-09-09,2026-09-22,2026-09-23,2026-10-06,42.391093146943625,-83.1904585696761,Hubbell-Lyndon,Freeland St & Intervale St,Hubbell-Lyndon
882ab2ce2dfffff,2.0,3.0,Emerging Hotspot,1.0,50.0,4.5,02,Category Focus,Property Crime,3.0,3.0,2026-09-09,2026-09-22,2026-09-23,2026-10-06,42.391093146943625,-83.1904585696761,Hubbell-Lyndon,Freeland St & Intervale St,Hubbell-Lyndon
882ab2ce2dfffff,2.0,3.0,Emerging Hotspot,1.0,50.0,4.5,ALL,Category Focus,Property Crime,3.0,3.0,2026-09-09,2026-09-22,2026-09-23,2026-10-06,42.391093146943625,-83.1904585696761,Hubbell-Lyndon,Freeland St & Intervale St,Hubbell-Lyndon
882ab2cf5bfffff,0.0,4.0,New Hotspot,4.0,,10.0,02,Category Focus,Violent Crime,3.0,4.0,2026-09-09,2026-09-22,2026-09-23,2026-10-06,42.3981318431588,-83.19680045689381,Hubbell-Lyndon,Greenfield Rd & Chalfonte St,Hubbell-Lyndon
882ab2cf5bfffff,0.0,4.0,New Hotspot,4.0,,10.0,ALL,Category Focus,Violent Crime,3.0,4.0,2026-09-09,2026-09-22,2026-09-23,2026-10-06,42.3981318431588,-83.19680045689381,Hubbell-Lyndon,Greenfield Rd & Chalfonte St,Hubbell-Lyndon
882ab2c1b3fffff,9.0,7.0,Persistent Hotspot,-2.0,-22.22,9.45,02,All,All,5.0,5.0,2026-09-10,2026-09-23,2026-09-24,2026-10-07,42.411541919335896,-83.1918149776172,Hubbell-Puritan,Florence St & Coyle St,Hubbell-Puritan
882ab2c1b3fffff,9.0,7.0,Persistent Hotspot,-2.0,-22.22,9.45,ALL,All,All,5.0,5.0,2026-09-10,2026-09-23,2026-09-24,2026-10-07,42.411541919335896,-83.1918149776172,Hubbell-Puritan,Florence St & Coyle St,Hubbell-Puritan
882ab2c1b3fffff,3.0,1.0,Declining Hotspot,-2.0,-66.67,1.0,02,Category Focus,Property Crime,3.0,3.0,2026-09-10,2026-09-23,2026-09-24,2026-10-07,42.411541919335896,-83.1918149776172,Hubbell-Puritan,Florence St & Coyle St,Hubbell-Puritan
882ab2c1b3fffff,3.0,1.0,Declining Hotspot,-2.0,-66.67,1.0,ALL,Category Focus,Property Crime,3.0,3.0,2026-09-10,2026-09-23,2026-09-24,2026-10-07,42.411541919335896,-83.1918149776172,Hubbell-Puritan,Florence St & Coyle St,Hubbell-Puritan
882ab2c1b3fffff,3.0,0.0,Declining Hotspot,-3.0,-100.0,0.0,02,Category Focus,Vehicle-Related Crime,3.0,3.0,2026-09-10,2026-09-23,2026-09-24,2026-10-07,42.411541919335896,-83.1918149776172,Hubbell-Puritan,Florence St & Coyle St,Hubbell-Puritan
882ab2c1b3fffff,3.0,0.0,Declining Hotspot,-3.0,-100.0,0.0,ALL,Category Focus,Vehicle-Related Crime,3.0,3.0,2026-09-10,2026-09-23,2026-09-24,2026-10-07,42.411541919335896,-83.1918149776172,Hubbell-Puritan,Florence St & Coyle St,Hubbell-Puritan
882ab2c1b3fffff,4.0,4.0,Persistent Hotspot,0.0,0.0,5.4,02,Category Focus,Violent Crime,4.0,4.0,2026-09-10,2026-09-23,2026-09-24,2026-10-07,42.411541919335896,-83.1918149776172,Hubbell-Puritan,Florence St & Coyle St,Hubbell-Puritan
882ab2c1b3fffff,4.0,4.0,Persistent Hotspot,0.0,0.0,5.4,ALL,Category Focus,Violent Crime,4.0,4.0,2026-09-10,2026-09-23,2026-09-24,2026-10-07,42.411541919335896,-83.1918149776172,Hubbell-Puritan,Florence St & Coyle St,Hubbell-Puritan
882ab2c1b3fffff,3.0,3.0,Persistent Hotspot,0.0,0.0,4.05,02,Crime Type,ASSAULT,3.0,3.0,2026-09-10,2026-09-23,2026-09-24,2026-10-07,42.411541919335896,-83.1918149776172,Hubbell-Puritan,Florence St & Coyle St,Hubbell-Puritan
882ab2c1b3fffff,3.0,3.0,Persistent Hotspot,0.0,0.0,4.05,ALL,Crime Type,ASSAULT,3.0,3.0,2026-09-10,2026-09-23,2026-09-24,2026-10-07,42.411541919335896,-83.1918149776172,Hubbell-Puritan,Florence St & Coyle St,Hubbell-Puritan
882ab2c1b3fffff,3.0,0.0,Declining Hotspot,-3.0,-100.0,0.0,02,Crime Type,LARCENY,3.0,3.0,2026-09-10,2026-09-23,2026-09-24,2026-10-07,42.411541919335896,-83.1918149776172,Hubbell-Puritan,Florence St & Coyle St,Hubbell-Puritan
882ab2c1b3fffff,3.0,0.0,Declining Hotspot,-3.0,-100.0,0.0,ALL,Crime Type,LARCENY,3.0,3.0,2026-09-10,2026-09-23,2026-09-24,2026-10-07,42.411541919335896,-83.1918149776172,Hubbell-Puritan,Florence St & Coyle St,Hubbell-Puritan
882ab2c43dfffff,5.0,4.0,Emerging Hotspot,-1.0,-20.0,4.0,07,All,All,8.0,3.0,2026-09-11,2026-09-24,2026-09-25,2026-10-08,42.35561135403525,-83.00745140072192,Islandview,Agnes St & E Grand Blvd,Islandview
882ab2c42bfffff,3.0,3.0,Emerging Hotspot,0.0,0.0,3.0,07,All,All,8.0,3.0,2026-09-11,2026-09-24,2026-09-25,2026-10-08,42.36363117826376,-83.0117518715986,Islandview,Field St & Mack Ave,Islandview
882ab2c407fffff,8.0,3.0,Persistent Hotspot,-5.0,-62.5,4.05,07,All,All,8.0,3.0,2026-09-11,2026-09-24,2026-09-25,2026-10-08,42.359099413201655,-83.00041457240548,Islandview,Durand St & Van Dyke St,Islandview
882ab2c439fffff,8.0,1.0,Declining Hotspot,-7.0,-87.5,1.0,07,All,All,8.0,3.0,2026-09-11,2026-09-24,2026-09-25,2026-10-08,42.3500474694111,-82.99919412907401,Islandview,Townsend St & E Congress St,Islandview
882ab2c43dfffff,5.0,4.0,Emerging Hotspot,-1.0,-20.0,4.0,ALL,All,All,8.0,3.0,2026-09-11,2026-09-24,2026-09-25,2026-10-08,42.35561135403525,-83.00745140072192,Islandview,Agnes St & E Grand Blvd,Islandview
882ab2c42bfffff,3.0,3.0,Emerging Hotspot,0.0,0.0,3.0,ALL,All,All,8.0,3.0,2026-09-11,2026-09-24,2026-09-25,2026-10-08,42.36363117826376,-83.0117518715986,Islandview,Field St & Mack Ave,Islandview
882ab2c407fffff,8.0,3.0,Persistent Hotspot,-5.0,-62.5,4.05,ALL,All,All,8.0,3.0,2026-09-11,2026-09-24,2026-09-25,2026-10-08,42.359099413201655,-83.00041457240548,Islandview,Durand St & Van Dyke St,Islandview
882ab2c439fffff,8.0,1.0,Declining Hotspot,-7.0,-87.5,1.0,ALL,All,All,8.0,3.0,2026-09-11,2026-09-24,2026-09-25,2026-10-08,42.3500474694111,-82.99919412907401,Islandview,Townsend St & E Congress St,Islandview
882ab2c407fffff,4.0,2.0,Declining Hotspot,-2.0,-50.0,2.0,07,Category Focus,Property Crime,4.0,3.0,2026-09-11,2026-09-24,2026-09-25,2026-10-08,42.359099413201655,-83.00041457240548,Islandview,Durand St & Van Dyke St,Islandview
882ab2c439fffff,4.0,0.0,Declining Hotspot,-4.0,-100.0,0.0,07,Category Focus,Property Crime,4.0,3.0,2026-09-11,2026-09-24,2026-09-25,2026-10-08,42.3500474694111,-82.99919412907401,Islandview,Townsend St & E Congress St,Islandview
882ab2c407fffff,4.0,2.0,Declining Hotspot,-2.0,-50.0,2.0,ALL,Category Focus,Property Crime,4.0,3.0,2026-09-11,2026-09-24,2026-09-25,2026-10-08,42.359099413201655,-83.00041457240548,Islandview,Durand St & Van Dyke St,Islandview
882ab2c439fffff,4.0,0.0,Declining Hotspot,-4.0,-100.0,0.0,ALL,Category Focus,Property Crime,4.0,3.0,2026-09-11,2026-09-24,2026-09-25,2026-10-08,42.3500474694111,-82.99919412907401,Islandview,Townsend St & E Congress St,Islandview
882ab2c43dfffff,0.0,3.0,New Hotspot,3.0,,7.5,07,Category Focus,Violent Crime,4.0,3.0,2026-09-11,2026-09-24,2026-09-25,2026-10-08,42.35561135403525,-83.00745140072192,Islandview,Agnes St & E Grand Blvd,Islandview
882ab2c439fffff,4.0,1.0,Declining Hotspot,-3.0,-75.0,1.0,07,Category Focus,Violent Crime,4.0,3.0,2026-09-11,2026-09-24,2026-09-25,2026-10-08,42.3500474694111,-82.99919412907401,Islandview,Townsend St & E Congress St,Islandview
882ab2c407fffff,4.0,0.0,Declining Hotspot,-4.0,-100.0,0.0,07,Category Focus,Violent Crime,4.0,3.0,2026-09-11,2026-09-24,2026-09-25,2026-10-08,42.359099413201655,-83.00041457240548,Islandview,Durand St & Van Dyke St,Islandview
882ab2c43dfffff,0.0,3.0,New Hotspot,3.0,,7.5,ALL,Category Focus,Violent Crime,4.0,3.0,2026-09-11,2026-09-24,2026-09-25,2026-10-08,42.35561135403525,-83.00745140072192,Islandview,Agnes St & E Grand Blvd,Islandview
882ab2c439fffff,4.0,1.0,Declining Hotspot,-3.0,-75.0,1.0,ALL,Category Focus,Violent Crime,4.0,3.0,2026-09-11,2026-09-24,2026-09-25,2026-10-08,42.3500474694111,-82.99919412907401,Islandview,Townsend St & E Congress St,Islandview
882ab2c407fffff,4.0,0.0,Declining Hotspot,-4.0,-100.0,0.0,ALL,Category Focus,Violent Crime,4.0,3.0,2026-09-11,2026-09-24,2026-09-25,2026-10-08,42.359099413201655,-83.00041457240548,Islandview,Durand St & Van Dyke St,Islandview
882ab2c43dfffff,0.0,3.0,New Hotspot,3.0,,7.5,07,Crime Type,ASSAULT,3.0,3.0,2026-09-11,2026-09-24,2026-09-25,2026-10-08,42.35561135403525,-83.00745140072192,Islandview,Agnes St & E Grand Blvd,Islandview
882ab2c407fffff,4.0,0.0,Declining Hotspot,-4.0,-100.0,0.0,07,Crime Type,ASSAULT,3.0,3.0,2026-09-11,2026-09-24,2026-09-25,2026-10-08,42.359099413201655,-83.00041457240548,Islandview,Durand St & Van Dyke St,Islandview
882ab2c43dfffff,0.0,3.0,New Hotspot,3.0,,7.5,ALL,Crime Type,ASSAULT,3.0,3.0,2026-09-11,2026-09-24,2026-09-25,2026-10-08,42.35561135403525,-83.00745140072192,Islandview,Agnes St & E Grand Blvd,Islandview
882ab2c407fffff,4.0,0.0,Declining Hotspot,-4.0,-100.0,0.0,ALL,Crime Type,ASSAULT,3.0,3.0,2026-09-11,2026-09-24,2026-09-25,2026-10-08,42.359099413201655,-83.00041457240548,Islandview,Durand St & Van Dyke St,Islandview
882ab2c407fffff,4.0,0.0,Declining Hotspot,-4.0,-100.0,0.0,07,Crime Type,LARCENY,3.0,3.0,2026-09-11,2026-09-24,2026-09-25,2026-10-08,42.359099413201655,-83.00041457240548,Islandview,Durand St & Van Dyke St,Islandview
882ab2c407fffff,4.0,0.0,Declining Hotspot,-4.0,-100.0,0.0,ALL,Crime Type,LARCENY,3.0,3.0,2026-09-11,2026-09-24,2026-09-25,2026-10-08,42.359099413201655,-83.00041457240548,Islandview,Durand St & Van Dyke St,Islandview
882ab2c527fffff,1.0,3.0,Emerging Hotspot,2.0,200.0,6.0,10,All,All,3.0,3.0,2026-09-10,2026-09-23,2026-09-24,2026-10-07,42.37008393320565,-83.11208687160763,Jamison,Clairmount St & Lawton St,Jamison
882ab2c527fffff,1.0,3.0,Emerging Hotspot,2.0,200.0,6.0,ALL,All,All,3.0,3.0,2026-09-10,2026-09-23,2026-09-24,2026-10-07,42.37008393320565,-83.11208687160763,Jamison,Clairmount St & Lawton St,Jamison
882ab2c45bfffff,9.0,9.0,Persistent Hotspot,0.0,0.0,12.15,05,All,All,7.0,8.0,2026-09-10,2026-09-23,2026-09-24,2026-10-07,42.369961618569135,-82.95150971803207,Jefferson Chalmers,E Jefferson Ave & Coplin St,Jefferson Chalmers
882ab2c6adfffff,7.0,7.0,Declining Hotspot,0.0,0.0,7.0,05,All,All,7.0,8.0,2026-09-10,2026-09-23,2026-09-24,2026-10-07,42.36337989918725,-82.95025084308988,Jefferson Chalmers,Continental St & Essex Ave,Jefferson Chalmers
882ab2c45bfffff,9.0,9.0,Persistent Hotspot,0.0,0.0,12.15,ALL,All,All,7.0,8.0,2026-09-10,2026-09-23,2026-09-24,2026-10-07,42.369961618569135,-82.95150971803207,Jefferson Chalmers,E Jefferson Ave & Coplin St,Jefferson Chalmers
882ab2c6adfffff,7.0,7.0,Declining Hotspot,0.0,0.0,7.0,ALL,All,All,7.0,8.0,2026-09-10,2026-09-23,2026-09-24,2026-10-07,42.36337989918725,-82.95025084308988,Jefferson Chalmers,Continental St & Essex Ave,Jefferson Chalmers
882ab2c45bfffff,3.0,7.0,Persistent Hotspot,4.0,133.33,15.45,05,Category Focus,Property Crime,3.0,6.0,2026-09-10,2026-09-23,2026-09-24,2026-10-07,42.369961618569135,-82.95150971803207,Jefferson Chalmers,E Jefferson Ave & Coplin St,Jefferson Chalmers
882ab2c45bfffff,3.0,7.0,Persistent Hotspot,4.0,133.33,15.45,ALL,Category Focus,Property Crime,3.0,6.0,2026-09-10,2026-09-23,2026-09-24,2026-10-07,42.369961618569135,-82.95150971803207,Jefferson Chalmers,E Jefferson Ave & Coplin St,Jefferson Chalmers
882ab2c6adfffff,4.0,4.0,Persistent Hotspot,0.0,0.0,5.4,05,Category Focus,Violent Crime,3.0,3.0,2026-09-10,2026-09-23,2026-09-24,2026-10-07,42.36337989918725,-82.95025084308988,Jefferson Chalmers,Continental St & Essex Ave,Jefferson Chalmers
882ab2c6adfffff,4.0,4.0,Persistent Hotspot,0.0,0.0,5.4,ALL,Category Focus,Violent Crime,3.0,3.0,2026-09-10,2026-09-23,2026-09-24,2026-10-07,42.36337989918725,-82.95025084308988,Jefferson Chalmers,Continental St & Essex Ave,Jefferson Chalmers
882ab2c6adfffff,1.0,3.0,Emerging Hotspot,2.0,200.0,6.0,05,Crime Type,AGGRAVATED ASSAULT,3.0,3.0,2026-09-10,2026-09-23,2026-09-24,2026-10-07,42.36337989918725,-82.95025084308988,Jefferson Chalmers,Continental St & Essex Ave,Jefferson Chalmers
882ab2c6adfffff,1.0,3.0,Emerging Hotspot,2.0,200.0,6.0,ALL,Crime Type,AGGRAVATED ASSAULT,3.0,3.0,2026-09-10,2026-09-23,2026-09-24,2026-10-07,42.36337989918725,-82.95025084308988,Jefferson Chalmers,Continental St & Essex Ave,Jefferson Chalmers
882ab2c6adfffff,3.0,1.0,Declining Hotspot,-2.0,-66.67,1.0,05,Crime Type,ASSAULT,3.0,3.0,2026-09-10,2026-09-23,2026-09-24,2026-10-07,42.36337989918725,-82.95025084308988,Jefferson Chalmers,Continental St & Essex Ave,Jefferson Chalmers
882ab2c6adfffff,3.0,1.0,Declining Hotspot,-2.0,-66.67,1.0,ALL,Crime Type,ASSAULT,3.0,3.0,2026-09-10,2026-09-23,2026-09-24,2026-10-07,42.36337989918725,-82.95025084308988,Jefferson Chalmers,Continental St & Essex Ave,Jefferson Chalmers
882ab2c45bfffff,0.0,3.0,New Hotspot,3.0,,7.5,05,Crime Type,LARCENY,3.0,3.0,2026-09-10,2026-09-23,2026-09-24,2026-10-07,42.369961618569135,-82.95150971803207,Jefferson Chalmers,E Jefferson Ave & Coplin St,Jefferson Chalmers
882ab2c45bfffff,0.0,3.0,New Hotspot,3.0,,7.5,ALL,Crime Type,LARCENY,3.0,3.0,2026-09-10,2026-09-23,2026-09-24,2026-10-07,42.369961618569135,-82.95150971803207,Jefferson Chalmers,E Jefferson Ave & Coplin St,Jefferson Chalmers
882ab2c5edfffff,5.0,5.0,Persistent Hotspot,0.0,0.0,6.75,03,All,All,5.0,5.0,2026-09-11,2026-09-24,2026-09-25,2026-10-08,42.3483599603498,-83.0715559409549,Jeffries,Miracles Blvd & Four Tops Dr,Jeffries
882ab2c5edfffff,5.0,5.0,Persistent Hotspot,0.0,0.0,6.75,ALL,All,All,5.0,5.0,2026-09-11,2026-09-24,2026-09-25,2026-10-08,42.3483599603498,-83.0715559409549,Jeffries,Miracles Blvd & Four Tops Dr,Jeffries
882ab2c5edfffff,2.0,3.0,Emerging Hotspot,1.0,50.0,4.5,03,Category Focus,Property Crime,3.0,3.0,2026-09-11,2026-09-24,2026-09-25,2026-10-08,42.3483599603498,-83.0715559409549,Jeffries,Miracles Blvd & Four Tops Dr,Jeffries
882ab2c5edfffff,2.0,3.0,Emerging Hotspot,1.0,50.0,4.5,ALL,Category Focus,Property Crime,3.0,3.0,2026-09-11,2026-09-24,2026-09-25,2026-10-08,42.3483599603498,-83.0715559409549,Jeffries,Miracles Blvd & Four Tops Dr,Jeffries
882ab2cc6bfffff,3.0,6.0,Emerging Hotspot,3.0,100.0,10.5,06,All,All,9.0,6.0,2026-09-11,2026-09-24,2026-09-25,2026-10-08,42.35790699007181,-83.214026454975,Joy Community,N M 39 Service Drive & Joy Rd,Joy Community
882ab2cc45fffff,9.0,11.0,Persistent Hotspot,2.0,22.22,17.85,06,All,All,9.0,6.0,2026-09-11,2026-09-24,2026-09-25,2026-10-08,42.36643298075457,-83.20937928061984,Joy Community,Abington Ave & W Chicago St,Joy Community
882ab2cc47fffff,9.0,4.0,Declining Hotspot,-5.0,-55.56,4.0,06,All,All,9.0,6.0,2026-09-11,2026-09-24,2026-09-25,2026-10-08,42.35906251769709,-83.20429829322885,Joy Community,Mansfield St & Kramer St,Joy Community
882ab2cc6bfffff,3.0,6.0,Emerging Hotspot,3.0,100.0,10.5,ALL,All,All,9.0,6.0,2026-09-11,2026-09-24,2026-09-25,2026-10-08,42.35790699007181,-83.214026454975,Joy Community,N M 39 Service Drive & Joy Rd,Joy Community
882ab2cc45fffff,9.0,11.0,Persistent Hotspot,2.0,22.22,17.85,ALL,All,All,9.0,6.0,2026-09-11,2026-09-24,2026-09-25,2026-10-08,42.36643298075457,-83.20937928061984,Joy Community,Abington Ave & W Chicago St,Joy Community
882ab2cc47fffff,9.0,4.0,Declining Hotspot,-5.0,-55.56,4.0,ALL,All,All,9.0,6.0,2026-09-11,2026-09-24,2026-09-25,2026-10-08,42.35906251769709,-83.20429829322885,Joy Community,Mansfield St & Kramer St,Joy Community
882ab2cc6bfffff,2.0,3.0,Emerging Hotspot,1.0,50.0,4.5,06,Category Focus,Property Crime,3.0,3.0,2026-09-11,2026-09-24,2026-09-25,2026-10-08,42.35790699007181,-83.214026454975,Joy Community,N M 39 Service Drive & Joy Rd,Joy Community
882ab2cc45fffff,3.0,3.0,Persistent Hotspot,0.0,0.0,4.05,06,Category Focus,Property Crime,3.0,3.0,2026-09-11,2026-09-24,2026-09-25,2026-10-08,42.36643298075457,-83.20937928061984,Joy Community,Abington Ave & W Chicago St,Joy Community
882ab2cc47fffff,3.0,0.0,Declining Hotspot,-3.0,-100.0,0.0,06,Category Focus,Property Crime,3.0,3.0,2026-09-11,2026-09-24,2026-09-25,2026-10-08,42.35906251769709,-83.20429829322885,Joy Community,Mansfield St & Kramer St,Joy Community
882ab2cc6bfffff,2.0,3.0,Emerging Hotspot,1.0,50.0,4.5,ALL,Category Focus,Property Crime,3.0,3.0,2026-09-11,2026-09-24,2026-09-25,2026-10-08,42.35790699007181,-83.214026454975,Joy Community,N M 39 Service Drive & Joy Rd,Joy Community
882ab2cc45fffff,3.0,3.0,Persistent Hotspot,0.0,0.0,4.05,ALL,Category Focus,Property Crime,3.0,3.0,2026-09-11,2026-09-24,2026-09-25,2026-10-08,42.36643298075457,-83.20937928061984,Joy Community,Abington Ave & W Chicago St,Joy Community
882ab2cc47fffff,3.0,0.0,Declining Hotspot,-3.0,-100.0,0.0,ALL,Category Focus,Property Crime,3.0,3.0,2026-09-11,2026-09-24,2026-09-25,2026-10-08,42.35906251769709,-83.20429829322885,Joy Community,Mansfield St & Kramer St,Joy Community
882ab2cc45fffff,4.0,5.0,Emerging Hotspot,1.0,25.0,6.5,06,Category Focus,Violent Crime,5.0,3.0,2026-09-11,2026-09-24,2026-09-25,2026-10-08,42.36643298075457,-83.20937928061984,Joy Community,Abington Ave & W Chicago St,Joy Community
882ab2cc41fffff,5.0,2.0,Declining Hotspot,-3.0,-60.0,2.0,06,Category Focus,Violent Crime,5.0,3.0,2026-09-11,2026-09-24,2026-09-25,2026-10-08,42.36533515839926,-83.19770990155067,Joy Community,Greenfield Rd & W Chicago St,Joy Community
882ab2cc47fffff,5.0,2.0,Declining Hotspot,-3.0,-60.0,2.0,06,Category Focus,Violent Crime,5.0,3.0,2026-09-11,2026-09-24,2026-09-25,2026-10-08,42.35906251769709,-83.20429829322885,Joy Community,Mansfield St & Kramer St,Joy Community
882ab2cc45fffff,4.0,5.0,Emerging Hotspot,1.0,25.0,6.5,ALL,Category Focus,Violent Crime,5.0,3.0,2026-09-11,2026-09-24,2026-09-25,2026-10-08,42.36643298075457,-83.20937928061984,Joy Community,Abington Ave & W Chicago St,Joy Community
882ab2cc41fffff,5.0,2.0,Declining Hotspot,-3.0,-60.0,2.0,ALL,Category Focus,Violent Crime,5.0,3.0,2026-09-11,2026-09-24,2026-09-25,2026-10-08,42.36533515839926,-83.19770990155067,Joy Community,Greenfield Rd & W Chicago St,Joy Community
882ab2cc47fffff,5.0,2.0,Declining Hotspot,-3.0,-60.0,2.0,ALL,Category Focus,Violent Crime,5.0,3.0,2026-09-11,2026-09-24,2026-09-25,2026-10-08,42.35906251769709,-83.20429829322885,Joy Community,Mansfield St & Kramer St,Joy Community
882ab2cc47fffff,3.0,0.0,Declining Hotspot,-3.0,-100.0,0.0,06,Crime Type,AGGRAVATED ASSAULT,3.0,3.0,2026-09-11,2026-09-24,2026-09-25,2026-10-08,42.35906251769709,-83.20429829322885,Joy Community,Mansfield St & Kramer St,Joy Community
882ab2cc47fffff,3.0,0.0,Declining Hotspot,-3.0,-100.0,0.0,ALL,Crime Type,AGGRAVATED ASSAULT,3.0,3.0,2026-09-11,2026-09-24,2026-09-25,2026-10-08,42.35906251769709,-83.20429829322885,Joy Community,Mansfield St & Kramer St,Joy Community
882ab2cc45fffff,3.0,4.0,Persistent Hotspot,1.0,33.33,6.9,06,Crime Type,ASSAULT,3.0,3.0,2026-09-11,2026-09-24,2026-09-25,2026-10-08,42.36643298075457,-83.20937928061984,Joy Community,Abington Ave & W Chicago St,Joy Community
882ab2cc41fffff,3.0,1.0,Declining Hotspot,-2.0,-66.67,1.0,06,Crime Type,ASSAULT,3.0,3.0,2026-09-11,2026-09-24,2026-09-25,2026-10-08,42.36533515839926,-83.19770990155067,Joy Community,Greenfield Rd & W Chicago St,Joy Community
882ab2cc45fffff,3.0,4.0,Persistent Hotspot,1.0,33.33,6.9,ALL,Crime Type,ASSAULT,3.0,3.0,2026-09-11,2026-09-24,2026-09-25,2026-10-08,42.36643298075457,-83.20937928061984,Joy Community,Abington Ave & W Chicago St,Joy Community
882ab2cc41fffff,3.0,1.0,Declining Hotspot,-2.0,-66.67,1.0,ALL,Crime Type,ASSAULT,3.0,3.0,2026-09-11,2026-09-24,2026-09-25,2026-10-08,42.36533515839926,-83.19770990155067,Joy Community,Greenfield Rd & W Chicago St,Joy Community
882ab2cc5dfffff,5.0,2.0,Declining Hotspot,-3.0,-60.0,2.0,02,All,All,5.0,3.0,2026-09-06,2026-09-19,2026-09-20,2026-10-03,42.35368880780322,-83.17966524863313,Joy-Schaefer,Belton St & Decatur St,Joy-Schaefer
882ab2cc5dfffff,5.0,2.0,Declining Hotspot,-3.0,-60.0,2.0,ALL,All,All,5.0,3.0,2026-09-06,2026-09-19,2026-09-20,2026-10-03,42.35368880780322,-83.17966524863313,Joy-Schaefer,Belton St & Decatur St,Joy-Schaefer
882ab2cc5dfffff,3.0,0.0,Declining Hotspot,-3.0,-100.0,0.0,02,Category Focus,Property Crime,3.0,3.0,2026-09-06,2026-09-19,2026-09-20,2026-10-03,42.35368880780322,-83.17966524863313,Joy-Schaefer,Belton St & Decatur St,Joy-Schaefer
882ab2cc5dfffff,3.0,0.0,Declining Hotspot,-3.0,-100.0,0.0,ALL,Category Focus,Property Crime,3.0,3.0,2026-09-06,2026-09-19,2026-09-20,2026-10-03,42.35368880780322,-83.17966524863313,Joy-Schaefer,Belton St & Decatur St,Joy-Schaefer
882ab2c767fffff,4.0,4.0,Emerging Hotspot,0.0,0.0,4.0,11,All,All,11.0,4.0,2026-09-11,2026-09-24,2026-09-25,2026-10-08,42.42973894069557,-83.05315768057397,Krainz Woods,E Hildale St & Conley St,Krainz Woods
882ab2c72dfffff,15.0,2.0,Declining Hotspot,-13.0,-86.67,2.0,11,All,All,11.0,4.0,2026-09-11,2026-09-24,2026-09-25,2026-10-08,42.42775107579276,-83.05848511975876,Krainz Woods,Healy St & Stockton St,Krainz Woods
882ab2c767fffff,4.0,4.0,Emerging Hotspot,0.0,0.0,4.0,ALL,All,All,11.0,4.0,2026-09-11,2026-09-24,2026-09-25,2026-10-08,42.42973894069557,-83.05315768057397,Krainz Woods,E Hildale St & Conley St,Krainz Woods
882ab2c72dfffff,15.0,2.0,Declining Hotspot,-13.0,-86.67,2.0,ALL,All,All,11.0,4.0,2026-09-11,2026-09-24,2026-09-25,2026-10-08,42.42775107579276,-83.05848511975876,Krainz Woods,Healy St & Stockton St,Krainz Woods
882ab2c767fffff,1.0,3.0,Emerging Hotspot,2.0,200.0,6.0,11,Category Focus,Property Crime,3.0,3.0,2026-09-11,2026-09-24,2026-09-25,2026-10-08,42.42973894069557,-83.05315768057397,Krainz Woods,E Hildale St & Conley St,Krainz Woods
882ab2c72dfffff,4.0,1.0,Declining Hotspot,-3.0,-75.0,1.0,11,Category Focus,Property Crime,3.0,3.0,2026-09-11,2026-09-24,2026-09-25,2026-10-08,42.42775107579276,-83.05848511975876,Krainz Woods,Healy St & Stockton St,Krainz Woods
882ab2c767fffff,1.0,3.0,Emerging Hotspot,2.0,200.0,6.0,ALL,Category Focus,Property Crime,3.0,3.0,2026-09-11,2026-09-24,2026-09-25,2026-10-08,42.42973894069557,-83.05315768057397,Krainz Woods,E Hildale St & Conley St,Krainz Woods
882ab2c72dfffff,4.0,1.0,Declining Hotspot,-3.0,-75.0,1.0,ALL,Category Focus,Property Crime,3.0,3.0,2026-09-11,2026-09-24,2026-09-25,2026-10-08,42.42775107579276,-83.05848511975876,Krainz Woods,Healy St & Stockton St,Krainz Woods
882ab2c72dfffff,9.0,1.0,Declining Hotspot,-8.0,-88.89,1.0,11,Category Focus,Violent Crime,7.0,3.0,2026-09-11,2026-09-24,2026-09-25,2026-10-08,42.42775107579276,-83.05848511975876,Krainz Woods,Healy St & Stockton St,Krainz Woods
882ab2c72dfffff,9.0,1.0,Declining Hotspot,-8.0,-88.89,1.0,ALL,Category Focus,Violent Crime,7.0,3.0,2026-09-11,2026-09-24,2026-09-25,2026-10-08,42.42775107579276,-83.05848511975876,Krainz Woods,Healy St & Stockton St,Krainz Woods
882ab2c72dfffff,3.0,1.0,Declining Hotspot,-2.0,-66.67,1.0,11,Crime Type,AGGRAVATED ASSAULT,3.0,3.0,2026-09-11,2026-09-24,2026-09-25,2026-10-08,42.42775107579276,-83.05848511975876,Krainz Woods,Healy St & Stockton St,Krainz Woods
882ab2c72dfffff,3.0,1.0,Declining Hotspot,-2.0,-66.67,1.0,ALL,Crime Type,AGGRAVATED ASSAULT,3.0,3.0,2026-09-11,2026-09-24,2026-09-25,2026-10-08,42.42775107579276,-83.05848511975876,Krainz Woods,Healy St & Stockton St,Krainz Woods
882ab2c72dfffff,6.0,0.0,Declining Hotspot,-6.0,-100.0,0.0,11,Crime Type,ASSAULT,5.0,3.0,2026-09-11,2026-09-24,2026-09-25,2026-10-08,42.42775107579276,-83.05848511975876,Krainz Woods,Healy St & Stockton St,Krainz Woods
882ab2c72dfffff,6.0,0.0,Declining Hotspot,-6.0,-100.0,0.0,ALL,Crime Type,ASSAULT,5.0,3.0,2026-09-11,2026-09-24,2026-09-25,2026-10-08,42.42775107579276,-83.05848511975876,Krainz Woods,Healy St & Stockton St,Krainz Woods
882ab2c757fffff,6.0,5.0,Persistent Hotspot,-1.0,-16.67,6.75,09,All,All,5.0,5.0,2026-09-09,2026-09-22,2026-09-23,2026-10-06,42.41782984937532,-83.00051161227192,LaSalle College Park,Bradford St & College St,LaSalle College Park
882ab2c757fffff,6.0,5.0,Persistent Hotspot,-1.0,-16.67,6.75,ALL,All,All,5.0,5.0,2026-09-09,2026-09-22,2026-09-23,2026-10-06,42.41782984937532,-83.00051161227192,LaSalle College Park,Bradford St & College St,LaSalle College Park
882ab2c5c3fffff,15.0,13.0,Persistent Hotspot,-2.0,-13.33,17.55,07,All,All,12.0,10.0,2026-09-11,2026-09-24,2026-09-25,2026-10-08,42.33562193888855,-83.03247447187589,Lafayette Park,Saint Aubin St & E Larned St,Lafayette Park
882ab2c5c3fffff,15.0,13.0,Persistent Hotspot,-2.0,-13.33,17.55,ALL,All,All,12.0,10.0,2026-09-11,2026-09-24,2026-09-25,2026-10-08,42.33562193888855,-83.03247447187589,Lafayette Park,Saint Aubin St & E Larned St,Lafayette Park
882ab2c5c3fffff,9.0,8.0,Persistent Hotspot,-1.0,-11.11,10.8,07,Category Focus,Property Crime,7.0,6.0,2026-09-11,2026-09-24,2026-09-25,2026-10-08,42.33562193888855,-83.03247447187589,Lafayette Park,Saint Aubin St & E Larned St,Lafayette Park
882ab2c5c3fffff,9.0,8.0,Persistent Hotspot,-1.0,-11.11,10.8,ALL,Category Focus,Property Crime,7.0,6.0,2026-09-11,2026-09-24,2026-09-25,2026-10-08,42.33562193888855,-83.03247447187589,Lafayette Park,Saint Aubin St & E Larned St,Lafayette Park
882ab2c5c3fffff,4.0,4.0,Persistent Hotspot,0.0,0.0,5.4,07,Category Focus,Vehicle-Related Crime,4.0,4.0,2026-09-11,2026-09-24,2026-09-25,2026-10-08,42.33562193888855,-83.03247447187589,Lafayette Park,Saint Aubin St & E Larned St,Lafayette Park
882ab2c5c1fffff,4.0,0.0,Declining Hotspot,-4.0,-100.0,0.0,07,Category Focus,Vehicle-Related Crime,4.0,4.0,2026-09-11,2026-09-24,2026-09-25,2026-10-08,42.342110907752485,-83.03793216076772,Lafayette Park,Russell St & Maple St,Lafayette Park
882ab2c5c3fffff,4.0,4.0,Persistent Hotspot,0.0,0.0,5.4,ALL,Category Focus,Vehicle-Related Crime,4.0,4.0,2026-09-11,2026-09-24,2026-09-25,2026-10-08,42.33562193888855,-83.03247447187589,Lafayette Park,Saint Aubin St & E Larned St,Lafayette Park
882ab2c5c1fffff,4.0,0.0,Declining Hotspot,-4.0,-100.0,0.0,ALL,Category Focus,Vehicle-Related Crime,4.0,4.0,2026-09-11,2026-09-24,2026-09-25,2026-10-08,42.342110907752485,-83.03793216076772,Lafayette Park,Russell St & Maple St,Lafayette Park
882ab2c5c3fffff,3.0,3.0,Persistent Hotspot,0.0,0.0,4.05,07,Category Focus,Violent Crime,3.0,3.0,2026-09-11,2026-09-24,2026-09-25,2026-10-08,42.33562193888855,-83.03247447187589,Lafayette Park,Saint Aubin St & E Larned St,Lafayette Park
882ab2c5c3fffff,3.0,3.0,Persistent Hotspot,0.0,0.0,4.05,ALL,Category Focus,Violent Crime,3.0,3.0,2026-09-11,2026-09-24,2026-09-25,2026-10-08,42.33562193888855,-83.03247447187589,Lafayette Park,Saint Aubin St & E Larned St,Lafayette Park
882ab2c5c3fffff,2.0,3.0,Emerging Hotspot,1.0,50.0,4.5,07,Crime Type,DAMAGE TO PROPERTY,3.0,3.0,2026-09-11,2026-09-24,2026-09-25,2026-10-08,42.33562193888855,-83.03247447187589,Lafayette Park,Saint Aubin St & E Larned St,Lafayette Park
882ab2c5c3fffff,2.0,3.0,Emerging Hotspot,1.0,50.0,4.5,ALL,Crime Type,DAMAGE TO PROPERTY,3.0,3.0,2026-09-11,2026-09-24,2026-09-25,2026-10-08,42.33562193888855,-83.03247447187589,Lafayette Park,Saint Aubin St & E Larned St,Lafayette Park
882ab2c5c3fffff,5.0,5.0,Persistent Hotspot,0.0,0.0,6.75,07,Crime Type,LARCENY,5.0,5.0,2026-09-11,2026-09-24,2026-09-25,2026-10-08,42.33562193888855,-83.03247447187589,Lafayette Park,Saint Aubin St & E Larned St,Lafayette Park
882ab2c5c3fffff,5.0,5.0,Persistent Hotspot,0.0,0.0,6.75,ALL,Crime Type,LARCENY,5.0,5.0,2026-09-11,2026-09-24,2026-09-25,2026-10-08,42.33562193888855,-83.03247447187589,Lafayette Park,Saint Aubin St & E Larned St,Lafayette Park
882ab2ce03fffff,9.0,7.0,Persistent Hotspot,-2.0,-22.22,9.45,02,All,All,6.0,6.0,2026-09-11,2026-09-24,2026-09-25,2026-10-08,42.379072649042655,-83.15378354331766,Littlefield Community,Indiana St & Cortland St,Littlefield Community
882ab2ce03fffff,9.0,7.0,Persistent Hotspot,-2.0,-22.22,9.45,ALL,All,All,6.0,6.0,2026-09-11,2026-09-24,2026-09-25,2026-10-08,42.379072649042655,-83.15378354331766,Littlefield Community,Indiana St & Cortland St,Littlefield Community
882ab2ce03fffff,4.0,2.0,Declining Hotspot,-2.0,-50.0,2.0,02,Category Focus,Property Crime,4.0,3.0,2026-09-11,2026-09-24,2026-09-25,2026-10-08,42.379072649042655,-83.15378354331766,Littlefield Community,Indiana St & Cortland St,Littlefield Community
882ab2ce03fffff,4.0,2.0,Declining Hotspot,-2.0,-50.0,2.0,ALL,Category Focus,Property Crime,4.0,3.0,2026-09-11,2026-09-24,2026-09-25,2026-10-08,42.379072649042655,-83.15378354331766,Littlefield Community,Indiana St & Cortland St,Littlefield Community
882ab2ce03fffff,4.0,4.0,Persistent Hotspot,0.0,0.0,5.4,02,Category Focus,Violent Crime,4.0,4.0,2026-09-11,2026-09-24,2026-09-25,2026-10-08,42.379072649042655,-83.15378354331766,Littlefield Community,Indiana St & Cortland St,Littlefield Community
882ab2ce03fffff,4.0,4.0,Persistent Hotspot,0.0,0.0,5.4,ALL,Category Focus,Violent Crime,4.0,4.0,2026-09-11,2026-09-24,2026-09-25,2026-10-08,42.379072649042655,-83.15378354331766,Littlefield Community,Indiana St & Cortland St,Littlefield Community
882ab2ce03fffff,3.0,3.0,Persistent Hotspot,0.0,0.0,4.05,02,Crime Type,ASSAULT,3.0,3.0,2026-09-11,2026-09-24,2026-09-25,2026-10-08,42.379072649042655,-83.15378354331766,Littlefield Community,Indiana St & Cortland St,Littlefield Community
882ab2ce03fffff,3.0,3.0,Persistent Hotspot,0.0,0.0,4.05,ALL,Crime Type,ASSAULT,3.0,3.0,2026-09-11,2026-09-24,2026-09-25,2026-10-08,42.379072649042655,-83.15378354331766,Littlefield Community,Indiana St & Cortland St,Littlefield Community
882ab2ce03fffff,3.0,2.0,Declining Hotspot,-1.0,-33.33,2.0,02,Crime Type,DAMAGE TO PROPERTY,3.0,3.0,2026-09-11,2026-09-24,2026-09-25,2026-10-08,42.379072649042655,-83.15378354331766,Littlefield Community,Indiana St & Cortland St,Littlefield Community
882ab2ce03fffff,3.0,2.0,Declining Hotspot,-1.0,-33.33,2.0,ALL,Crime Type,DAMAGE TO PROPERTY,3.0,3.0,2026-09-11,2026-09-24,2026-09-25,2026-10-08,42.379072649042655,-83.15378354331766,Littlefield Community,Indiana St & Cortland St,Littlefield Community
882ab2c66dfffff,8.0,7.0,Emerging Hotspot,-1.0,-12.5,7.0,09,All,All,9.0,7.0,2026-09-11,2026-09-24,2026-09-25,2026-10-08,42.43317841004748,-82.96546041055458,Mapleridge,Brock St & Saratoga St,Mapleridge
882ab2c667fffff,9.0,9.0,Persistent Hotspot,0.0,0.0,12.15,09,All,All,9.0,7.0,2026-09-11,2026-09-24,2026-09-25,2026-10-08,42.42275152618767,-82.96874830076288,Mapleridge,Hayes St & Houston Whittier Ave,Mapleridge
882ab2d5b3fffff,12.0,6.0,Declining Hotspot,-6.0,-50.0,6.0,09,All,All,9.0,7.0,2026-09-11,2026-09-24,2026-09-25,2026-10-08,42.43356156026347,-82.97523014464502,Mapleridge,Chalmers St & Eastwood St,Mapleridge
882ab2c661fffff,9.0,4.0,Declining Hotspot,-5.0,-55.56,4.0,09,All,All,9.0,7.0,2026-09-11,2026-09-24,2026-09-25,2026-10-08,42.42641243981641,-82.96523165283469,Mapleridge,Hayes St & Troester St,Mapleridge
882ab2c66dfffff,8.0,7.0,Emerging Hotspot,-1.0,-12.5,7.0,ALL,All,All,9.0,7.0,2026-09-11,2026-09-24,2026-09-25,2026-10-08,42.43317841004748,-82.96546041055458,Mapleridge,Brock St & Saratoga St,Mapleridge
882ab2c667fffff,9.0,9.0,Persistent Hotspot,0.0,0.0,12.15,ALL,All,All,9.0,7.0,2026-09-11,2026-09-24,2026-09-25,2026-10-08,42.42275152618767,-82.96874830076288,Mapleridge,Hayes St & Houston Whittier Ave,Mapleridge
882ab2d5b3fffff,12.0,6.0,Declining Hotspot,-6.0,-50.0,6.0,ALL,All,All,9.0,7.0,2026-09-11,2026-09-24,2026-09-25,2026-10-08,42.43356156026347,-82.97523014464502,Mapleridge,Chalmers St & Eastwood St,Mapleridge
882ab2c661fffff,9.0,4.0,Declining Hotspot,-5.0,-55.56,4.0,ALL,All,All,9.0,7.0,2026-09-11,2026-09-24,2026-09-25,2026-10-08,42.42641243981641,-82.96523165283469,Mapleridge,Hayes St & Troester St,Mapleridge
882ab2c667fffff,2.0,5.0,Emerging Hotspot,3.0,150.0,9.5,09,Category Focus,Property Crime,4.0,4.0,2026-09-11,2026-09-24,2026-09-25,2026-10-08,42.42275152618767,-82.96874830076288,Mapleridge,Hayes St & Houston Whittier Ave,Mapleridge
882ab2c66dfffff,5.0,2.0,Declining Hotspot,-3.0,-60.0,2.0,09,Category Focus,Property Crime,4.0,4.0,2026-09-11,2026-09-24,2026-09-25,2026-10-08,42.43317841004748,-82.96546041055458,Mapleridge,Brock St & Saratoga St,Mapleridge
882ab2c669fffff,4.0,0.0,Declining Hotspot,-4.0,-100.0,0.0,09,Category Focus,Property Crime,4.0,4.0,2026-09-11,2026-09-24,2026-09-25,2026-10-08,42.433134451017565,-82.95816457324855,Mapleridge,Faircrest St & Morang Dr,Mapleridge
882ab2c667fffff,2.0,5.0,Emerging Hotspot,3.0,150.0,9.5,ALL,Category Focus,Property Crime,4.0,4.0,2026-09-11,2026-09-24,2026-09-25,2026-10-08,42.42275152618767,-82.96874830076288,Mapleridge,Hayes St & Houston Whittier Ave,Mapleridge
882ab2c66dfffff,5.0,2.0,Declining Hotspot,-3.0,-60.0,2.0,ALL,Category Focus,Property Crime,4.0,4.0,2026-09-11,2026-09-24,2026-09-25,2026-10-08,42.43317841004748,-82.96546041055458,Mapleridge,Brock St & Saratoga St,Mapleridge
882ab2c669fffff,4.0,0.0,Declining Hotspot,-4.0,-100.0,0.0,ALL,Category Focus,Property Crime,4.0,4.0,2026-09-11,2026-09-24,2026-09-25,2026-10-08,42.433134451017565,-82.95816457324855,Mapleridge,Faircrest St & Morang Dr,Mapleridge
882ab2c66dfffff,2.0,4.0,Emerging Hotspot,2.0,100.0,7.0,09,Category Focus,Violent Crime,3.0,4.0,2026-09-11,2026-09-24,2026-09-25,2026-10-08,42.43317841004748,-82.96546041055458,Mapleridge,Brock St & Saratoga St,Mapleridge
882ab2c661fffff,3.0,3.0,Declining Hotspot,0.0,0.0,3.0,09,Category Focus,Violent Crime,3.0,4.0,2026-09-11,2026-09-24,2026-09-25,2026-10-08,42.42641243981641,-82.96523165283469,Mapleridge,Hayes St & Troester St,Mapleridge
882ab2c667fffff,6.0,3.0,Declining Hotspot,-3.0,-50.0,3.0,09,Category Focus,Violent Crime,3.0,4.0,2026-09-11,2026-09-24,2026-09-25,2026-10-08,42.42275152618767,-82.96874830076288,Mapleridge,Hayes St & Houston Whittier Ave,Mapleridge
882ab2c75bfffff,3.0,0.0,Declining Hotspot,-3.0,-100.0,0.0,09,Category Focus,Violent Crime,3.0,4.0,2026-09-11,2026-09-24,2026-09-25,2026-10-08,42.42337234520343,-82.98366476004514,Mapleridge,Mayfield St & Dickerson St,Mapleridge
882ab2c66dfffff,2.0,4.0,Emerging Hotspot,2.0,100.0,7.0,ALL,Category Focus,Violent Crime,3.0,4.0,2026-09-11,2026-09-24,2026-09-25,2026-10-08,42.43317841004748,-82.96546041055458,Mapleridge,Brock St & Saratoga St,Mapleridge
882ab2c661fffff,3.0,3.0,Declining Hotspot,0.0,0.0,3.0,ALL,Category Focus,Violent Crime,3.0,4.0,2026-09-11,2026-09-24,2026-09-25,2026-10-08,42.42641243981641,-82.96523165283469,Mapleridge,Hayes St & Troester St,Mapleridge
882ab2c667fffff,6.0,3.0,Declining Hotspot,-3.0,-50.0,3.0,ALL,Category Focus,Violent Crime,3.0,4.0,2026-09-11,2026-09-24,2026-09-25,2026-10-08,42.42275152618767,-82.96874830076288,Mapleridge,Hayes St & Houston Whittier Ave,Mapleridge
882ab2c75bfffff,3.0,0.0,Declining Hotspot,-3.0,-100.0,0.0,ALL,Category Focus,Violent Crime,3.0,4.0,2026-09-11,2026-09-24,2026-09-25,2026-10-08,42.42337234520343,-82.98366476004514,Mapleridge,Mayfield St & Dickerson St,Mapleridge
882ab2c66dfffff,1.0,3.0,Emerging Hotspot,2.0,200.0,6.0,09,Crime Type,ASSAULT,3.0,3.0,2026-09-11,2026-09-24,2026-09-25,2026-10-08,42.43317841004748,-82.96546041055458,Mapleridge,Brock St & Saratoga St,Mapleridge
882ab2c667fffff,2.0,3.0,Emerging Hotspot,1.0,50.0,4.5,09,Crime Type,ASSAULT,3.0,3.0,2026-09-11,2026-09-24,2026-09-25,2026-10-08,42.42275152618767,-82.96874830076288,Mapleridge,Hayes St & Houston Whittier Ave,Mapleridge
882ab2c66dfffff,1.0,3.0,Emerging Hotspot,2.0,200.0,6.0,ALL,Crime Type,ASSAULT,3.0,3.0,2026-09-11,2026-09-24,2026-09-25,2026-10-08,42.43317841004748,-82.96546041055458,Mapleridge,Brock St & Saratoga St,Mapleridge
882ab2c667fffff,2.0,3.0,Emerging Hotspot,1.0,50.0,4.5,ALL,Crime Type,ASSAULT,3.0,3.0,2026-09-11,2026-09-24,2026-09-25,2026-10-08,42.42275152618767,-82.96874830076288,Mapleridge,Hayes St & Houston Whittier Ave,Mapleridge
882ab2c66dfffff,3.0,1.0,Declining Hotspot,-2.0,-66.67,1.0,09,Crime Type,DAMAGE TO PROPERTY,3.0,3.0,2026-09-11,2026-09-24,2026-09-25,2026-10-08,42.43317841004748,-82.96546041055458,Mapleridge,Brock St & Saratoga St,Mapleridge
882ab2c66dfffff,3.0,1.0,Declining Hotspot,-2.0,-66.67,1.0,ALL,Crime Type,DAMAGE TO PROPERTY,3.0,3.0,2026-09-11,2026-09-24,2026-09-25,2026-10-08,42.43317841004748,-82.96546041055458,Mapleridge,Brock St & Saratoga St,Mapleridge
882ab2c667fffff,1.0,3.0,Emerging Hotspot,2.0,200.0,6.0,09,Crime Type,LARCENY,3.0,3.0,2026-09-11,2026-09-24,2026-09-25,2026-10-08,42.42275152618767,-82.96874830076288,Mapleridge,Hayes St & Houston Whittier Ave,Mapleridge
882ab2c667fffff,1.0,3.0,Emerging Hotspot,2.0,200.0,6.0,ALL,Crime Type,LARCENY,3.0,3.0,2026-09-11,2026-09-24,2026-09-25,2026-10-08,42.42275152618767,-82.96874830076288,Mapleridge,Hayes St & Houston Whittier Ave,Mapleridge
882ab2c667fffff,3.0,0.0,Declining Hotspot,-3.0,-100.0,0.0,09,Crime Type,ROBBERY,3.0,3.0,2026-09-11,2026-09-24,2026-09-25,2026-10-08,42.42275152618767,-82.96874830076288,Mapleridge,Hayes St & Houston Whittier Ave,Mapleridge
882ab2c667fffff,3.0,0.0,Declining Hotspot,-3.0,-100.0,0.0,ALL,Crime Type,ROBBERY,3.0,3.0,2026-09-11,2026-09-24,2026-09-25,2026-10-08,42.42275152618767,-82.96874830076288,Mapleridge,Hayes St & Houston Whittier Ave,Mapleridge
882ab2d5b3fffff,9.0,6.0,Persistent Hotspot,-3.0,-33.33,8.1,09,Crime Type,SEX OFFENSES,9.0,5.0,2026-09-11,2026-09-24,2026-09-25,2026-10-08,42.43356156026347,-82.97523014464502,Mapleridge,Chalmers St & Eastwood St,Mapleridge
882ab2d5b3fffff,9.0,6.0,Persistent Hotspot,-3.0,-33.33,8.1,ALL,Crime Type,SEX OFFENSES,9.0,5.0,2026-09-11,2026-09-24,2026-09-25,2026-10-08,42.43356156026347,-82.97523014464502,Mapleridge,Chalmers St & Eastwood St,Mapleridge
882ab2c457fffff,5.0,4.0,Persistent Hotspot,-1.0,-20.0,5.4,05,All,All,4.0,4.0,2026-08-17,2026-08-30,2026-08-31,2026-09-13,42.35976899503318,-82.97033546589279,Marina District,Fairview St & Freud St,Marina District
882ab2c457fffff,5.0,4.0,Persistent Hotspot,-1.0,-20.0,5.4,ALL,All,All,4.0,4.0,2026-08-17,2026-08-30,2026-08-31,2026-09-13,42.35976899503318,-82.97033546589279,Marina District,Fairview St & Freud St,Marina District
882ab2c457fffff,1.0,3.0,Emerging Hotspot,2.0,200.0,6.0,05,Category Focus,Violent Crime,3.0,3.0,2026-08-17,2026-08-30,2026-08-31,2026-09-13,42.35976899503318,-82.97033546589279,Marina District,Fairview St & Freud St,Marina District
882ab2c457fffff,1.0,3.0,Emerging Hotspot,2.0,200.0,6.0,ALL,Category Focus,Violent Crime,3.0,3.0,2026-08-17,2026-08-30,2026-08-31,2026-09-13,42.35976899503318,-82.97033546589279,Marina District,Fairview St & Freud St,Marina District
882ab2ce49fffff,2.0,3.0,Emerging Hotspot,1.0,50.0,4.5,12,All,All,5.0,3.0,2026-09-08,2026-09-21,2026-09-22,2026-10-05,42.414826829686085,-83.13530452900687,Martin Park,Fairfield St & Grove St,Martin Park
882ab2c0b5fffff,6.0,5.0,Persistent Hotspot,-1.0,-16.67,6.75,12,All,All,5.0,3.0,2026-09-08,2026-09-21,2026-09-22,2026-10-05,42.41266189047803,-83.1242227661151,Martin Park,Baylis St & Grove St,Martin Park
882ab2ce49fffff,2.0,3.0,Emerging Hotspot,1.0,50.0,4.5,ALL,All,All,5.0,3.0,2026-09-08,2026-09-21,2026-09-22,2026-10-05,42.414826829686085,-83.13530452900687,Martin Park,Fairfield St & Grove St,Martin Park
882ab2c0b5fffff,6.0,5.0,Persistent Hotspot,-1.0,-16.67,6.75,ALL,All,All,5.0,3.0,2026-09-08,2026-09-21,2026-09-22,2026-10-05,42.41266189047803,-83.1242227661151,Martin Park,Baylis St & Grove St,Martin Park
882ab2c0b5fffff,3.0,1.0,Declining Hotspot,-2.0,-66.67,1.0,12,Category Focus,Property Crime,3.0,3.0,2026-09-08,2026-09-21,2026-09-22,2026-10-05,42.41266189047803,-83.1242227661151,Martin Park,Baylis St & Grove St,Martin Park
882ab2c0b5fffff,3.0,1.0,Declining Hotspot,-2.0,-66.67,1.0,ALL,Category Focus,Property Crime,3.0,3.0,2026-09-08,2026-09-21,2026-09-22,2026-10-05,42.41266189047803,-83.1242227661151,Martin Park,Baylis St & Grove St,Martin Park
882ab2c0b5fffff,3.0,1.0,Declining Hotspot,-2.0,-66.67,1.0,12,Category Focus,Vehicle-Related Crime,3.0,3.0,2026-09-08,2026-09-21,2026-09-22,2026-10-05,42.41266189047803,-83.1242227661151,Martin Park,Baylis St & Grove St,Martin Park
882ab2c0b5fffff,3.0,1.0,Declining Hotspot,-2.0,-66.67,1.0,ALL,Category Focus,Vehicle-Related Crime,3.0,3.0,2026-09-08,2026-09-21,2026-09-22,2026-10-05,42.41266189047803,-83.1242227661151,Martin Park,Baylis St & Grove St,Martin Park
882ab2c427fffff,2.0,6.0,Emerging Hotspot,4.0,200.0,12.0,07,All,All,4.0,3.0,2026-09-11,2026-09-24,2026-09-25,2026-10-08,42.35796084134036,-83.0295877389262,McDougall-Hunt,Mitchell St & Gratiot Ave,McDougall-Hunt
882ab2c5c9fffff,3.0,3.0,Emerging Hotspot,0.0,0.0,3.0,07,All,All,4.0,3.0,2026-09-11,2026-09-24,2026-09-25,2026-10-08,42.3511358898767,-83.0307902243065,McDougall-Hunt,Hendricks St & Chene St,McDougall-Hunt
882ab2c421fffff,4.0,1.0,Declining Hotspot,-3.0,-75.0,1.0,07,All,All,4.0,3.0,2026-09-11,2026-09-24,2026-09-25,2026-10-08,42.36141357474848,-83.02677661589223,McDougall-Hunt,Moran St & Illinois St,McDougall-Hunt
882ab2c427fffff,2.0,6.0,Emerging Hotspot,4.0,200.0,12.0,ALL,All,All,4.0,3.0,2026-09-11,2026-09-24,2026-09-25,2026-10-08,42.35796084134036,-83.0295877389262,McDougall-Hunt,Mitchell St & Gratiot Ave,McDougall-Hunt
882ab2c5c9fffff,3.0,3.0,Emerging Hotspot,0.0,0.0,3.0,ALL,All,All,4.0,3.0,2026-09-11,2026-09-24,2026-09-25,2026-10-08,42.3511358898767,-83.0307902243065,McDougall-Hunt,Hendricks St & Chene St,McDougall-Hunt
882ab2c421fffff,4.0,1.0,Declining Hotspot,-3.0,-75.0,1.0,ALL,All,All,4.0,3.0,2026-09-11,2026-09-24,2026-09-25,2026-10-08,42.36141357474848,-83.02677661589223,McDougall-Hunt,Moran St & Illinois St,McDougall-Hunt
882ab2c427fffff,0.0,3.0,New Hotspot,3.0,,7.5,07,Category Focus,Violent Crime,3.0,3.0,2026-09-11,2026-09-24,2026-09-25,2026-10-08,42.35796084134036,-83.0295877389262,McDougall-Hunt,Mitchell St & Gratiot Ave,McDougall-Hunt
882ab2c427fffff,0.0,3.0,New Hotspot,3.0,,7.5,ALL,Category Focus,Violent Crime,3.0,3.0,2026-09-11,2026-09-24,2026-09-25,2026-10-08,42.35796084134036,-83.0295877389262,McDougall-Hunt,Mitchell St & Gratiot Ave,McDougall-Hunt
882ab2c18bfffff,1.0,3.0,Emerging Hotspot,2.0,200.0,6.0,12,All,All,3.0,3.0,2026-09-11,2026-09-24,2026-09-25,2026-10-08,42.43847262319954,-83.16880139292373,McDowell,Pembroke Ave & Monte Vista St,McDowell
882ab2c18bfffff,1.0,3.0,Emerging Hotspot,2.0,200.0,6.0,ALL,All,All,3.0,3.0,2026-09-11,2026-09-24,2026-09-25,2026-10-08,42.43847262319954,-83.16880139292373,McDowell,Pembroke Ave & Monte Vista St,McDowell
882ab2c18bfffff,1.0,3.0,Emerging Hotspot,2.0,200.0,6.0,12,Category Focus,Violent Crime,3.0,3.0,2026-09-11,2026-09-24,2026-09-25,2026-10-08,42.43847262319954,-83.16880139292373,McDowell,Pembroke Ave & Monte Vista St,McDowell
882ab2c18bfffff,1.0,3.0,Emerging Hotspot,2.0,200.0,6.0,ALL,Category Focus,Violent Crime,3.0,3.0,2026-09-11,2026-09-24,2026-09-25,2026-10-08,42.43847262319954,-83.16880139292373,McDowell,Pembroke Ave & Monte Vista St,McDowell
882ab2c18bfffff,1.0,3.0,Emerging Hotspot,2.0,200.0,6.0,12,Crime Type,ASSAULT,3.0,3.0,2026-09-11,2026-09-24,2026-09-25,2026-10-08,42.43847262319954,-83.16880139292373,McDowell,Pembroke Ave & Monte Vista St,McDowell
882ab2c18bfffff,1.0,3.0,Emerging Hotspot,2.0,200.0,6.0,ALL,Crime Type,ASSAULT,3.0,3.0,2026-09-11,2026-09-24,2026-09-25,2026-10-08,42.43847262319954,-83.16880139292373,McDowell,Pembroke Ave & Monte Vista St,McDowell
882ab2cf6bfffff,3.0,2.0,Declining Hotspot,-1.0,-33.33,2.0,08,All,All,3.0,3.0,2026-09-10,2026-09-23,2026-09-24,2026-10-07,42.4132924384583,-83.24881103957316,McNichols Evergreen,Grand River Ave & Trinity St,McNichols Evergreen
882ab2cf6bfffff,3.0,2.0,Declining Hotspot,-1.0,-33.33,2.0,ALL,All,All,3.0,3.0,2026-09-10,2026-09-23,2026-09-24,2026-10-07,42.4132924384583,-83.24881103957316,McNichols Evergreen,Grand River Ave & Trinity St,McNichols Evergreen
882ab2c515fffff,0.0,5.0,New Hotspot,5.0,,12.5,03,All,All,3.0,4.0,2026-09-10,2026-09-23,2026-09-24,2026-10-07,42.36516408119245,-83.0699490655294,Medbury Park,Harper Ave & Woodward Ave,Medbury Park
882ab2c515fffff,0.0,5.0,New Hotspot,5.0,,12.5,ALL,All,All,3.0,4.0,2026-09-10,2026-09-23,2026-09-24,2026-10-07,42.36516408119245,-83.0699490655294,Medbury Park,Harper Ave & Woodward Ave,Medbury Park
882ab2c515fffff,0.0,3.0,New Hotspot,3.0,,7.5,03,Category Focus,Property Crime,3.0,3.0,2026-09-10,2026-09-23,2026-09-24,2026-10-07,42.36516408119245,-83.0699490655294,Medbury Park,Harper Ave & Woodward Ave,Medbury Park
882ab2c515fffff,0.0,3.0,New Hotspot,3.0,,7.5,ALL,Category Focus,Property Crime,3.0,3.0,2026-09-10,2026-09-23,2026-09-24,2026-10-07,42.36516408119245,-83.0699490655294,Medbury Park,Harper Ave & Woodward Ave,Medbury Park
882ab2c513fffff,9.0,15.0,Persistent Hotspot,6.0,66.67,29.25,03,All,All,8.0,11.0,2026-09-11,2026-09-24,2026-09-25,2026-10-08,42.35146420062658,-83.05236999150057,Medical Center,Beaubien St & Mack Ave,Medical Center
882ab2c513fffff,9.0,15.0,Persistent Hotspot,6.0,66.67,29.25,ALL,All,All,8.0,11.0,2026-09-11,2026-09-24,2026-09-25,2026-10-08,42.35146420062658,-83.05236999150057,Medical Center,Beaubien St & Mack Ave,Medical Center
882ab2c513fffff,2.0,5.0,Emerging Hotspot,3.0,150.0,9.5,03,Category Focus,Property Crime,3.0,4.0,2026-09-11,2026-09-24,2026-09-25,2026-10-08,42.35146420062658,-83.05236999150057,Medical Center,Beaubien St & Mack Ave,Medical Center
882ab2c5e9fffff,3.0,1.0,Declining Hotspot,-2.0,-66.67,1.0,03,Category Focus,Property Crime,3.0,4.0,2026-09-11,2026-09-24,2026-09-25,2026-10-08,42.34897775909388,-83.05462736022467,Medical Center,Brady St & Mack Ave,Medical Center
882ab2c513fffff,2.0,5.0,Emerging Hotspot,3.0,150.0,9.5,ALL,Category Focus,Property Crime,3.0,4.0,2026-09-11,2026-09-24,2026-09-25,2026-10-08,42.35146420062658,-83.05236999150057,Medical Center,Beaubien St & Mack Ave,Medical Center
882ab2c5e9fffff,3.0,1.0,Declining Hotspot,-2.0,-66.67,1.0,ALL,Category Focus,Property Crime,3.0,4.0,2026-09-11,2026-09-24,2026-09-25,2026-10-08,42.34897775909388,-83.05462736022467,Medical Center,Brady St & Mack Ave,Medical Center
882ab2c513fffff,1.0,7.0,Emerging Hotspot,6.0,600.0,16.0,03,Category Focus,Violent Crime,3.0,6.0,2026-09-11,2026-09-24,2026-09-25,2026-10-08,42.35146420062658,-83.05236999150057,Medical Center,Beaubien St & Mack Ave,Medical Center
882ab2c511fffff,3.0,0.0,Declining Hotspot,-3.0,-100.0,0.0,03,Category Focus,Violent Crime,3.0,6.0,2026-09-11,2026-09-24,2026-09-25,2026-10-08,42.35875884353227,-83.05988470267795,Medical Center,Brush St & E Warren Ave,Medical Center
882ab2c513fffff,1.0,7.0,Emerging Hotspot,6.0,600.0,16.0,ALL,Category Focus,Violent Crime,3.0,6.0,2026-09-11,2026-09-24,2026-09-25,2026-10-08,42.35146420062658,-83.05236999150057,Medical Center,Beaubien St & Mack Ave,Medical Center
882ab2c511fffff,3.0,0.0,Declining Hotspot,-3.0,-100.0,0.0,ALL,Category Focus,Violent Crime,3.0,6.0,2026-09-11,2026-09-24,2026-09-25,2026-10-08,42.35875884353227,-83.05988470267795,Medical Center,Brush St & E Warren Ave,Medical Center
882ab2c513fffff,0.0,7.0,New Hotspot,7.0,,17.5,03,Crime Type,ASSAULT,3.0,6.0,2026-09-11,2026-09-24,2026-09-25,2026-10-08,42.35146420062658,-83.05236999150057,Medical Center,Beaubien St & Mack Ave,Medical Center
882ab2c513fffff,0.0,7.0,New Hotspot,7.0,,17.5,ALL,Crime Type,ASSAULT,3.0,6.0,2026-09-11,2026-09-24,2026-09-25,2026-10-08,42.35146420062658,-83.05236999150057,Medical Center,Beaubien St & Mack Ave,Medical Center
882ab2c513fffff,0.0,3.0,New Hotspot,3.0,,7.5,03,Crime Type,DAMAGE TO PROPERTY,3.0,3.0,2026-09-11,2026-09-24,2026-09-25,2026-10-08,42.35146420062658,-83.05236999150057,Medical Center,Beaubien St & Mack Ave,Medical Center
882ab2c513fffff,0.0,3.0,New Hotspot,3.0,,7.5,ALL,Crime Type,DAMAGE TO PROPERTY,3.0,3.0,2026-09-11,2026-09-24,2026-09-25,2026-10-08,42.35146420062658,-83.05236999150057,Medical Center,Beaubien St & Mack Ave,Medical Center
882ab2c513fffff,3.0,0.0,Declining Hotspot,-3.0,-100.0,0.0,03,Crime Type,WEAPONS OFFENSES,3.0,3.0,2026-09-11,2026-09-24,2026-09-25,2026-10-08,42.35146420062658,-83.05236999150057,Medical Center,Beaubien St & Mack Ave,Medical Center
882ab2c513fffff,3.0,0.0,Declining Hotspot,-3.0,-100.0,0.0,ALL,Crime Type,WEAPONS OFFENSES,3.0,3.0,2026-09-11,2026-09-24,2026-09-25,2026-10-08,42.35146420062658,-83.05236999150057,Medical Center,Beaubien St & Mack Ave,Medical Center
882ab2c5a5fffff,4.0,7.0,Persistent Hotspot,3.0,75.0,13.95,04,All,All,4.0,7.0,2026-09-10,2026-09-23,2026-09-24,2026-10-07,42.32065005949393,-83.08661669032738,Mexicantown,25th St & Porter St,Mexicantown
882ab2c5a5fffff,4.0,7.0,Persistent Hotspot,3.0,75.0,13.95,ALL,All,All,4.0,7.0,2026-09-10,2026-09-23,2026-09-24,2026-10-07,42.32065005949393,-83.08661669032738,Mexicantown,25th St & Porter St,Mexicantown
882ab2c5a5fffff,3.0,2.0,Declining Hotspot,-1.0,-33.33,2.0,04,Category Focus,Property Crime,3.0,3.0,2026-09-10,2026-09-23,2026-09-24,2026-10-07,42.32065005949393,-83.08661669032738,Mexicantown,25th St & Porter St,Mexicantown
882ab2c5a5fffff,3.0,2.0,Declining Hotspot,-1.0,-33.33,2.0,ALL,Category Focus,Property Crime,3.0,3.0,2026-09-10,2026-09-23,2026-09-24,2026-10-07,42.32065005949393,-83.08661669032738,Mexicantown,25th St & Porter St,Mexicantown
882ab2c5a5fffff,1.0,5.0,Emerging Hotspot,4.0,400.0,11.0,04,Category Focus,Violent Crime,3.0,5.0,2026-09-10,2026-09-23,2026-09-24,2026-10-07,42.32065005949393,-83.08661669032738,Mexicantown,25th St & Porter St,Mexicantown
882ab2c5a5fffff,1.0,5.0,Emerging Hotspot,4.0,400.0,11.0,ALL,Category Focus,Violent Crime,3.0,5.0,2026-09-10,2026-09-23,2026-09-24,2026-10-07,42.32065005949393,-83.08661669032738,Mexicantown,25th St & Porter St,Mexicantown
882ab2ce83fffff,1.0,4.0,Emerging Hotspot,3.0,300.0,8.5,04,All,All,3.0,3.0,2026-09-11,2026-09-24,2026-09-25,2026-10-08,42.32665745750594,-83.120076719663,Michigan-Martin,Clayton St & Martin St,Michigan-Martin
882ab2ce83fffff,1.0,4.0,Emerging Hotspot,3.0,300.0,8.5,ALL,All,All,3.0,3.0,2026-09-11,2026-09-24,2026-09-25,2026-10-08,42.32665745750594,-83.120076719663,Michigan-Martin,Clayton St & Martin St,Michigan-Martin
882ab2c5e9fffff,27.0,26.0,Persistent Hotspot,-1.0,-3.7,35.1,03,All,All,18.0,22.0,2026-09-11,2026-09-24,2026-09-25,2026-10-08,42.346158581217146,-83.05792375233264,Midtown,Eliot St & Woodward Ave,Midtown
882ab2c517fffff,18.0,21.0,Declining Hotspot,3.0,16.67,25.5,03,All,All,18.0,22.0,2026-09-11,2026-09-24,2026-09-25,2026-10-08,42.35303447624554,-83.06299483104719,Midtown,W Alexandrine St & Woodward Ave,Midtown
882ab2c5e9fffff,27.0,26.0,Persistent Hotspot,-1.0,-3.7,35.1,ALL,All,All,18.0,22.0,2026-09-11,2026-09-24,2026-09-25,2026-10-08,42.346158581217146,-83.05792375233264,Midtown,Eliot St & Woodward Ave,Midtown
882ab2c517fffff,18.0,21.0,Declining Hotspot,3.0,16.67,25.5,ALL,All,All,18.0,22.0,2026-09-11,2026-09-24,2026-09-25,2026-10-08,42.35303447624554,-83.06299483104719,Midtown,W Alexandrine St & Woodward Ave,Midtown
882ab2c517fffff,4.0,11.0,Emerging Hotspot,7.0,175.0,21.5,03,Category Focus,Property Crime,7.0,10.0,2026-09-11,2026-09-24,2026-09-25,2026-10-08,42.35303447624554,-83.06299483104719,Midtown,W Alexandrine St & Woodward Ave,Midtown
882ab2c5e9fffff,17.0,9.0,Declining Hotspot,-8.0,-47.06,9.0,03,Category Focus,Property Crime,7.0,10.0,2026-09-11,2026-09-24,2026-09-25,2026-10-08,42.346158581217146,-83.05792375233264,Midtown,Eliot St & Woodward Ave,Midtown
882ab2c517fffff,4.0,11.0,Emerging Hotspot,7.0,175.0,21.5,ALL,Category Focus,Property Crime,7.0,10.0,2026-09-11,2026-09-24,2026-09-25,2026-10-08,42.35303447624554,-83.06299483104719,Midtown,W Alexandrine St & Woodward Ave,Midtown
882ab2c5e9fffff,17.0,9.0,Declining Hotspot,-8.0,-47.06,9.0,ALL,Category Focus,Property Crime,7.0,10.0,2026-09-11,2026-09-24,2026-09-25,2026-10-08,42.346158581217146,-83.05792375233264,Midtown,Eliot St & Woodward Ave,Midtown
882ab2c5e9fffff,10.0,4.0,Persistent Hotspot,-6.0,-60.0,5.4,03,Category Focus,Vehicle-Related Crime,3.0,4.0,2026-09-11,2026-09-24,2026-09-25,2026-10-08,42.346158581217146,-83.05792375233264,Midtown,Eliot St & Woodward Ave,Midtown
882ab2c5e9fffff,10.0,4.0,Persistent Hotspot,-6.0,-60.0,5.4,ALL,Category Focus,Vehicle-Related Crime,3.0,4.0,2026-09-11,2026-09-24,2026-09-25,2026-10-08,42.346158581217146,-83.05792375233264,Midtown,Eliot St & Woodward Ave,Midtown
882ab2c5e9fffff,4.0,11.0,Emerging Hotspot,7.0,175.0,21.5,03,Category Focus,Violent Crime,5.0,10.0,2026-09-11,2026-09-24,2026-09-25,2026-10-08,42.346158581217146,-83.05792375233264,Midtown,Eliot St & Woodward Ave,Midtown
882ab2c517fffff,6.0,8.0,Declining Hotspot,2.0,33.33,11.0,03,Category Focus,Violent Crime,5.0,10.0,2026-09-11,2026-09-24,2026-09-25,2026-10-08,42.35303447624554,-83.06299483104719,Midtown,W Alexandrine St & Woodward Ave,Midtown
882ab2c5e9fffff,4.0,11.0,Emerging Hotspot,7.0,175.0,21.5,ALL,Category Focus,Violent Crime,5.0,10.0,2026-09-11,2026-09-24,2026-09-25,2026-10-08,42.346158581217146,-83.05792375233264,Midtown,Eliot St & Woodward Ave,Midtown
882ab2c517fffff,6.0,8.0,Declining Hotspot,2.0,33.33,11.0,ALL,Category Focus,Violent Crime,5.0,10.0,2026-09-11,2026-09-24,2026-09-25,2026-10-08,42.35303447624554,-83.06299483104719,Midtown,W Alexandrine St & Woodward Ave,Midtown
882ab2c5e9fffff,3.0,11.0,Emerging Hotspot,8.0,266.67,23.0,03,Crime Type,ASSAULT,4.0,8.0,2026-09-11,2026-09-24,2026-09-25,2026-10-08,42.346158581217146,-83.05792375233264,Midtown,Eliot St & Woodward Ave,Midtown
882ab2c517fffff,5.0,5.0,Declining Hotspot,0.0,0.0,5.0,03,Crime Type,ASSAULT,4.0,8.0,2026-09-11,2026-09-24,2026-09-25,2026-10-08,42.35303447624554,-83.06299483104719,Midtown,W Alexandrine St & Woodward Ave,Midtown
882ab2c5e9fffff,3.0,11.0,Emerging Hotspot,8.0,266.67,23.0,ALL,Crime Type,ASSAULT,4.0,8.0,2026-09-11,2026-09-24,2026-09-25,2026-10-08,42.346158581217146,-83.05792375233264,Midtown,Eliot St & Woodward Ave,Midtown
882ab2c517fffff,5.0,5.0,Declining Hotspot,0.0,0.0,5.0,ALL,Crime Type,ASSAULT,4.0,8.0,2026-09-11,2026-09-24,2026-09-25,2026-10-08,42.35303447624554,-83.06299483104719,Midtown,W Alexandrine St & Woodward Ave,Midtown
882ab2c517fffff,1.0,3.0,Emerging Hotspot,2.0,200.0,6.0,03,Crime Type,DAMAGE TO PROPERTY,4.0,3.0,2026-09-11,2026-09-24,2026-09-25,2026-10-08,42.35303447624554,-83.06299483104719,Midtown,W Alexandrine St & Woodward Ave,Midtown
882ab2c5e9fffff,6.0,2.0,Declining Hotspot,-4.0,-66.67,2.0,03,Crime Type,DAMAGE TO PROPERTY,4.0,3.0,2026-09-11,2026-09-24,2026-09-25,2026-10-08,42.346158581217146,-83.05792375233264,Midtown,Eliot St & Woodward Ave,Midtown
882ab2c517fffff,1.0,3.0,Emerging Hotspot,2.0,200.0,6.0,ALL,Crime Type,DAMAGE TO PROPERTY,4.0,3.0,2026-09-11,2026-09-24,2026-09-25,2026-10-08,42.35303447624554,-83.06299483104719,Midtown,W Alexandrine St & Woodward Ave,Midtown
882ab2c5e9fffff,6.0,2.0,Declining Hotspot,-4.0,-66.67,2.0,ALL,Crime Type,DAMAGE TO PROPERTY,4.0,3.0,2026-09-11,2026-09-24,2026-09-25,2026-10-08,42.346158581217146,-83.05792375233264,Midtown,Eliot St & Woodward Ave,Midtown
882ab2c5e9fffff,3.0,3.0,Emerging Hotspot,0.0,0.0,3.0,03,Crime Type,FRAUD,4.0,3.0,2026-09-11,2026-09-24,2026-09-25,2026-10-08,42.346158581217146,-83.05792375233264,Midtown,Eliot St & Woodward Ave,Midtown
882ab2c517fffff,4.0,0.0,Declining Hotspot,-4.0,-100.0,0.0,03,Crime Type,FRAUD,4.0,3.0,2026-09-11,2026-09-24,2026-09-25,2026-10-08,42.35303447624554,-83.06299483104719,Midtown,W Alexandrine St & Woodward Ave,Midtown
882ab2c5e9fffff,3.0,3.0,Emerging Hotspot,0.0,0.0,3.0,ALL,Crime Type,FRAUD,4.0,3.0,2026-09-11,2026-09-24,2026-09-25,2026-10-08,42.346158581217146,-83.05792375233264,Midtown,Eliot St & Woodward Ave,Midtown
882ab2c517fffff,4.0,0.0,Declining Hotspot,-4.0,-100.0,0.0,ALL,Crime Type,FRAUD,4.0,3.0,2026-09-11,2026-09-24,2026-09-25,2026-10-08,42.35303447624554,-83.06299483104719,Midtown,W Alexandrine St & Woodward Ave,Midtown
882ab2c517fffff,3.0,7.0,Emerging Hotspot,4.0,133.33,13.0,03,Crime Type,LARCENY,5.0,7.0,2026-09-11,2026-09-24,2026-09-25,2026-10-08,42.35303447624554,-83.06299483104719,Midtown,W Alexandrine St & Woodward Ave,Midtown
882ab2c5e9fffff,10.0,7.0,Persistent Hotspot,-3.0,-30.0,9.45,03,Crime Type,LARCENY,5.0,7.0,2026-09-11,2026-09-24,2026-09-25,2026-10-08,42.346158581217146,-83.05792375233264,Midtown,Eliot St & Woodward Ave,Midtown
882ab2c517fffff,3.0,7.0,Emerging Hotspot,4.0,133.33,13.0,ALL,Crime Type,LARCENY,5.0,7.0,2026-09-11,2026-09-24,2026-09-25,2026-10-08,42.35303447624554,-83.06299483104719,Midtown,W Alexandrine St & Woodward Ave,Midtown
882ab2c5e9fffff,10.0,7.0,Persistent Hotspot,-3.0,-30.0,9.45,ALL,Crime Type,LARCENY,5.0,7.0,2026-09-11,2026-09-24,2026-09-25,2026-10-08,42.346158581217146,-83.05792375233264,Midtown,Eliot St & Woodward Ave,Midtown
882ab2cee9fffff,3.0,6.0,Persistent Hotspot,3.0,100.0,12.6,02,All,All,3.0,3.0,2026-09-12,2026-09-25,2026-09-26,2026-10-09,42.35695133875132,-83.13838824298493,Midwest,Garden St & Wetherby St,Midwest
882ab2cee1fffff,4.0,2.0,Declining Hotspot,-2.0,-50.0,2.0,02,All,All,3.0,3.0,2026-09-12,2026-09-25,2026-09-26,2026-10-09,42.35197762587146,-83.14509504538786,Midwest,Tireman St & Bryden St,Midwest
882ab2cecbfffff,5.0,1.0,Declining Hotspot,-4.0,-80.0,1.0,03,All,All,5.0,3.0,2026-09-12,2026-09-25,2026-09-26,2026-10-09,42.350870061727896,-83.10714201564284,Midwest,Hudson St & 24th St,Midwest
882ab2cec7fffff,0.0,6.0,New Hotspot,6.0,,15.0,10,All,All,9.0,6.0,2026-09-12,2026-09-25,2026-09-26,2026-10-09,42.34454994998444,-83.1233201675467,Midwest,Hazlett St & W Warren Ave,Midwest
882ab2cec1fffff,9.0,6.0,Persistent Hotspot,-3.0,-33.33,8.1,10,All,All,9.0,6.0,2026-09-12,2026-09-25,2026-09-26,2026-10-09,42.35400509547457,-83.11772393971783,Midwest,Firwood St & Allendale St,Midwest
882ab2cec5fffff,9.0,5.0,Declining Hotspot,-4.0,-44.44,5.0,10,All,All,9.0,6.0,2026-09-12,2026-09-25,2026-09-26,2026-10-09,42.35489806827917,-83.12699257918058,Midwest,Pacific St & Ironwood St,Midwest
882ab2cec7fffff,0.0,6.0,New Hotspot,6.0,,15.0,ALL,All,All,9.0,6.0,2026-09-12,2026-09-25,2026-09-26,2026-10-09,42.34454994998444,-83.1233201675467,Midwest,Hazlett St & W Warren Ave,Midwest
882ab2cee9fffff,9.0,8.0,Persistent Hotspot,-1.0,-11.11,10.8,ALL,All,All,9.0,6.0,2026-09-12,2026-09-25,2026-09-26,2026-10-09,42.35695133875132,-83.13838824298493,Midwest,Garden St & Wetherby St,Midwest
882ab2cec1fffff,9.0,6.0,Persistent Hotspot,-3.0,-33.33,8.1,ALL,All,All,9.0,6.0,2026-09-12,2026-09-25,2026-09-26,2026-10-09,42.35400509547457,-83.11772393971783,Midwest,Firwood St & Allendale St,Midwest
882ab2cec5fffff,9.0,5.0,Declining Hotspot,-4.0,-44.44,5.0,ALL,All,All,9.0,6.0,2026-09-12,2026-09-25,2026-09-26,2026-10-09,42.35489806827917,-83.12699257918058,Midwest,Pacific St & Ironwood St,Midwest
882ab2cee1fffff,3.0,2.0,Declining Hotspot,-1.0,-33.33,2.0,02,Category Focus,Property Crime,3.0,3.0,2026-09-12,2026-09-25,2026-09-26,2026-10-09,42.35197762587146,-83.14509504538786,Midwest,Tireman St & Bryden St,Midwest
882ab2cec5fffff,4.0,3.0,Persistent Hotspot,-1.0,-25.0,4.05,10,Category Focus,Property Crime,4.0,3.0,2026-09-12,2026-09-25,2026-09-26,2026-10-09,42.35489806827917,-83.12699257918058,Midwest,Pacific St & Ironwood St,Midwest
882ab2cee9fffff,4.0,0.0,Declining Hotspot,-4.0,-100.0,0.0,10,Category Focus,Property Crime,4.0,3.0,2026-09-12,2026-09-25,2026-09-26,2026-10-09,42.35695133875132,-83.13838824298493,Midwest,Garden St & Wetherby St,Midwest
882ab2cec5fffff,4.0,3.0,Persistent Hotspot,-1.0,-25.0,4.05,ALL,Category Focus,Property Crime,4.0,3.0,2026-09-12,2026-09-25,2026-09-26,2026-10-09,42.35489806827917,-83.12699257918058,Midwest,Pacific St & Ironwood St,Midwest
882ab2cee9fffff,6.0,1.0,Declining Hotspot,-5.0,-83.33,1.0,ALL,Category Focus,Property Crime,4.0,3.0,2026-09-12,2026-09-25,2026-09-26,2026-10-09,42.35695133875132,-83.13838824298493,Midwest,Garden St & Wetherby St,Midwest
882ab2cee9fffff,1.0,4.0,Emerging Hotspot,3.0,300.0,8.5,02,Category Focus,Violent Crime,3.0,3.0,2026-09-12,2026-09-25,2026-09-26,2026-10-09,42.35695133875132,-83.13838824298493,Midwest,Garden St & Wetherby St,Midwest
882ab2cec1fffff,6.0,3.0,Persistent Hotspot,-3.0,-50.0,4.05,10,Category Focus,Violent Crime,6.0,3.0,2026-09-12,2026-09-25,2026-09-26,2026-10-09,42.35400509547457,-83.11772393971783,Midwest,Firwood St & Allendale St,Midwest
882ab2cee9fffff,1.0,4.0,Emerging Hotspot,3.0,300.0,8.5,ALL,Category Focus,Violent Crime,5.0,3.0,2026-09-12,2026-09-25,2026-09-26,2026-10-09,42.35695133875132,-83.13838824298493,Midwest,Garden St & Wetherby St,Midwest
882ab2cec1fffff,6.0,3.0,Persistent Hotspot,-3.0,-50.0,4.05,ALL,Category Focus,Violent Crime,5.0,3.0,2026-09-12,2026-09-25,2026-09-26,2026-10-09,42.35400509547457,-83.11772393971783,Midwest,Firwood St & Allendale St,Midwest
882ab2cec5fffff,5.0,0.0,Declining Hotspot,-5.0,-100.0,0.0,ALL,Category Focus,Violent Crime,5.0,3.0,2026-09-12,2026-09-25,2026-09-26,2026-10-09,42.35489806827917,-83.12699257918058,Midwest,Pacific St & Ironwood St,Midwest
882ab2cec1fffff,3.0,2.0,Declining Hotspot,-1.0,-33.33,2.0,10,Crime Type,AGGRAVATED ASSAULT,3.0,3.0,2026-09-12,2026-09-25,2026-09-26,2026-10-09,42.35400509547457,-83.11772393971783,Midwest,Firwood St & Allendale St,Midwest
882ab2cec1fffff,3.0,2.0,Declining Hotspot,-1.0,-33.33,2.0,ALL,Crime Type,AGGRAVATED ASSAULT,3.0,3.0,2026-09-12,2026-09-25,2026-09-26,2026-10-09,42.35400509547457,-83.11772393971783,Midwest,Firwood St & Allendale St,Midwest
882ab2cee9fffff,1.0,3.0,Emerging Hotspot,2.0,200.0,6.0,02,Crime Type,ASSAULT,3.0,3.0,2026-09-12,2026-09-25,2026-09-26,2026-10-09,42.35695133875132,-83.13838824298493,Midwest,Garden St & Wetherby St,Midwest
882ab2cec5fffff,5.0,0.0,Declining Hotspot,-5.0,-100.0,0.0,10,Crime Type,ASSAULT,4.0,3.0,2026-09-12,2026-09-25,2026-09-26,2026-10-09,42.35489806827917,-83.12699257918058,Midwest,Pacific St & Ironwood St,Midwest
882ab2cee9fffff,1.0,3.0,Emerging Hotspot,2.0,200.0,6.0,ALL,Crime Type,ASSAULT,3.0,3.0,2026-09-12,2026-09-25,2026-09-26,2026-10-09,42.35695133875132,-83.13838824298493,Midwest,Garden St & Wetherby St,Midwest
882ab2cec1fffff,3.0,1.0,Declining Hotspot,-2.0,-66.67,1.0,ALL,Crime Type,ASSAULT,3.0,3.0,2026-09-12,2026-09-25,2026-09-26,2026-10-09,42.35400509547457,-83.11772393971783,Midwest,Firwood St & Allendale St,Midwest
882ab2cec5fffff,5.0,0.0,Declining Hotspot,-5.0,-100.0,0.0,ALL,Crime Type,ASSAULT,3.0,3.0,2026-09-12,2026-09-25,2026-09-26,2026-10-09,42.35489806827917,-83.12699257918058,Midwest,Pacific St & Ironwood St,Midwest
882ab2cee9fffff,3.0,0.0,Declining Hotspot,-3.0,-100.0,0.0,ALL,Crime Type,BURGLARY,3.0,3.0,2026-09-12,2026-09-25,2026-09-26,2026-10-09,42.35695133875132,-83.13838824298493,Midwest,Garden St & Wetherby St,Midwest
882ab2cec1fffff,3.0,0.0,Declining Hotspot,-3.0,-100.0,0.0,10,Crime Type,DAMAGE TO PROPERTY,3.0,3.0,2026-09-12,2026-09-25,2026-09-26,2026-10-09,42.35400509547457,-83.11772393971783,Midwest,Firwood St & Allendale St,Midwest
882ab2cec1fffff,3.0,0.0,Declining Hotspot,-3.0,-100.0,0.0,ALL,Crime Type,DAMAGE TO PROPERTY,3.0,3.0,2026-09-12,2026-09-25,2026-09-26,2026-10-09,42.35400509547457,-83.11772393971783,Midwest,Firwood St & Allendale St,Midwest
882ab2cec7fffff,0.0,3.0,New Hotspot,3.0,,7.5,10,Crime Type,DANGEROUS DRUGS,3.0,3.0,2026-09-12,2026-09-25,2026-09-26,2026-10-09,42.34454994998444,-83.1233201675467,Midwest,Hazlett St & W Warren Ave,Midwest
882ab2cec7fffff,0.0,3.0,New Hotspot,3.0,,7.5,ALL,Crime Type,DANGEROUS DRUGS,3.0,3.0,2026-09-12,2026-09-25,2026-09-26,2026-10-09,42.34454994998444,-83.1233201675467,Midwest,Hazlett St & W Warren Ave,Midwest
882ab2cee9fffff,3.0,1.0,Declining Hotspot,-2.0,-66.67,1.0,ALL,Crime Type,LARCENY,3.0,3.0,2026-09-12,2026-09-25,2026-09-26,2026-10-09,42.35695133875132,-83.13838824298493,Midwest,Garden St & Wetherby St,Midwest
882ab2cf6bfffff,3.0,4.0,Persistent Hotspot,1.0,33.33,6.9,08,All,All,3.0,3.0,2026-09-08,2026-09-21,2026-09-22,2026-10-05,42.41136032250241,-83.24636296265527,Miller Grove,Burt Rd & Verne St,Miller Grove
882ab2cf6bfffff,3.0,4.0,Persistent Hotspot,1.0,33.33,6.9,ALL,All,All,3.0,3.0,2026-09-08,2026-09-21,2026-09-22,2026-10-05,42.41136032250241,-83.24636296265527,Miller Grove,Burt Rd & Verne St,Miller Grove
882ab2c503fffff,2.0,7.0,Emerging Hotspot,5.0,250.0,14.5,03,All,All,3.0,7.0,2026-09-08,2026-09-21,2026-09-22,2026-10-05,42.36813075541587,-83.07033546500739,Milwaukee Junction,Piquette St & Brush St,Milwaukee Junction
882ab2c50bfffff,3.0,3.0,Declining Hotspot,0.0,0.0,3.0,03,All,All,3.0,7.0,2026-09-08,2026-09-21,2026-09-22,2026-10-05,42.37348379291944,-83.06444468242489,Milwaukee Junction,Oakland St & E Grand Blvd,Milwaukee Junction
882ab2c503fffff,2.0,7.0,Emerging Hotspot,5.0,250.0,14.5,ALL,All,All,4.0,7.0,2026-09-08,2026-09-21,2026-09-22,2026-10-05,42.36813075541587,-83.07033546500739,Milwaukee Junction,Piquette St & Brush St,Milwaukee Junction
882ab2c50bfffff,4.0,3.0,Declining Hotspot,-1.0,-25.0,3.0,ALL,All,All,4.0,7.0,2026-09-08,2026-09-21,2026-09-22,2026-10-05,42.37348379291944,-83.06444468242489,Milwaukee Junction,Oakland St & E Grand Blvd,Milwaukee Junction
882ab2c503fffff,1.0,3.0,Emerging Hotspot,2.0,200.0,6.0,03,Category Focus,Property Crime,3.0,3.0,2026-09-08,2026-09-21,2026-09-22,2026-10-05,42.36813075541587,-83.07033546500739,Milwaukee Junction,Piquette St & Brush St,Milwaukee Junction
882ab2c503fffff,1.0,3.0,Emerging Hotspot,2.0,200.0,6.0,ALL,Category Focus,Property Crime,3.0,3.0,2026-09-08,2026-09-21,2026-09-22,2026-10-05,42.36813075541587,-83.07033546500739,Milwaukee Junction,Piquette St & Brush St,Milwaukee Junction
882ab2c50bfffff,3.0,1.0,Declining Hotspot,-2.0,-66.67,1.0,ALL,Category Focus,Property Crime,3.0,3.0,2026-09-08,2026-09-21,2026-09-22,2026-10-05,42.37348379291944,-83.06444468242489,Milwaukee Junction,Oakland St & E Grand Blvd,Milwaukee Junction
882ab2d5b9fffff,4.0,7.0,Emerging Hotspot,3.0,75.0,11.5,09,All,All,5.0,7.0,2026-09-08,2026-09-21,2026-09-22,2026-10-05,42.44867766723518,-82.97580093111858,Mohican Regent,Mohican St & E 8 Mile Rd,Mohican Regent
882ab2d5b1fffff,5.0,7.0,Persistent Hotspot,2.0,40.0,12.45,09,All,All,5.0,7.0,2026-09-08,2026-09-21,2026-09-22,2026-10-05,42.445991319542145,-82.98070802513394,Mohican Regent,Collingham Dr & Hoyt St,Mohican Regent
882ab2d5b9fffff,4.0,7.0,Emerging Hotspot,3.0,75.0,11.5,ALL,All,All,5.0,7.0,2026-09-08,2026-09-21,2026-09-22,2026-10-05,42.44867766723518,-82.97580093111858,Mohican Regent,Mohican St & E 8 Mile Rd,Mohican Regent
882ab2d5b1fffff,5.0,7.0,Persistent Hotspot,2.0,40.0,12.45,ALL,All,All,5.0,7.0,2026-09-08,2026-09-21,2026-09-22,2026-10-05,42.445991319542145,-82.98070802513394,Mohican Regent,Collingham Dr & Hoyt St,Mohican Regent
882ab2d5b1fffff,2.0,4.0,Emerging Hotspot,2.0,100.0,7.0,09,Category Focus,Property Crime,3.0,3.0,2026-09-08,2026-09-21,2026-09-22,2026-10-05,42.445991319542145,-82.98070802513394,Mohican Regent,Collingham Dr & Hoyt St,Mohican Regent
882ab2d5b1fffff,2.0,4.0,Emerging Hotspot,2.0,100.0,7.0,ALL,Category Focus,Property Crime,3.0,3.0,2026-09-08,2026-09-21,2026-09-22,2026-10-05,42.445991319542145,-82.98070802513394,Mohican Regent,Collingham Dr & Hoyt St,Mohican Regent
882ab2d5b9fffff,2.0,3.0,Emerging Hotspot,1.0,50.0,4.5,09,Category Focus,Violent Crime,3.0,3.0,2026-09-08,2026-09-21,2026-09-22,2026-10-05,42.44867766723518,-82.97580093111858,Mohican Regent,Mohican St & E 8 Mile Rd,Mohican Regent
882ab2d5b9fffff,2.0,3.0,Emerging Hotspot,1.0,50.0,4.5,ALL,Category Focus,Violent Crime,3.0,3.0,2026-09-08,2026-09-21,2026-09-22,2026-10-05,42.44867766723518,-82.97580093111858,Mohican Regent,Mohican St & E 8 Mile Rd,Mohican Regent
882ab2c601fffff,1.0,7.0,Emerging Hotspot,6.0,600.0,16.0,05,All,All,8.0,7.0,2026-09-12,2026-09-25,2026-09-26,2026-10-09,42.40833622598791,-82.94266398747527,Morningside,Audubon Rd & E Outer Dr,Morningside
882ab2c63dfffff,2.0,7.0,Emerging Hotspot,5.0,250.0,14.5,05,All,All,8.0,7.0,2026-09-12,2026-09-25,2026-09-26,2026-10-09,42.39818667347144,-82.95246307198168,Morningside,Lakepointe St & E Warren Ave,Morningside
882ab2c607fffff,8.0,6.0,Declining Hotspot,-2.0,-25.0,6.0,05,All,All,8.0,7.0,2026-09-12,2026-09-25,2026-09-26,2026-10-09,42.402369650762424,-82.94804568857344,Morningside,Frankfort St & Chatsworth St,Morningside
882ab2c615fffff,11.0,4.0,Declining Hotspot,-7.0,-63.64,4.0,05,All,All,8.0,7.0,2026-09-12,2026-09-25,2026-09-26,2026-10-09,42.39453305114127,-82.9366483665544,Morningside,Devonshire Rd & Waveney St,Morningside
882ab2c601fffff,1.0,7.0,Emerging Hotspot,6.0,600.0,16.0,ALL,All,All,8.0,7.0,2026-09-12,2026-09-25,2026-09-26,2026-10-09,42.40833622598791,-82.94266398747527,Morningside,Audubon Rd & E Outer Dr,Morningside
882ab2c63dfffff,2.0,7.0,Emerging Hotspot,5.0,250.0,14.5,ALL,All,All,8.0,7.0,2026-09-12,2026-09-25,2026-09-26,2026-10-09,42.39818667347144,-82.95246307198168,Morningside,Lakepointe St & E Warren Ave,Morningside
882ab2c607fffff,8.0,6.0,Declining Hotspot,-2.0,-25.0,6.0,ALL,All,All,8.0,7.0,2026-09-12,2026-09-25,2026-09-26,2026-10-09,42.402369650762424,-82.94804568857344,Morningside,Frankfort St & Chatsworth St,Morningside
882ab2c615fffff,11.0,4.0,Declining Hotspot,-7.0,-63.64,4.0,ALL,All,All,8.0,7.0,2026-09-12,2026-09-25,2026-09-26,2026-10-09,42.39453305114127,-82.9366483665544,Morningside,Devonshire Rd & Waveney St,Morningside
882ab2c601fffff,1.0,3.0,Emerging Hotspot,2.0,200.0,6.0,05,Category Focus,Property Crime,4.0,3.0,2026-09-12,2026-09-25,2026-09-26,2026-10-09,42.40833622598791,-82.94266398747527,Morningside,Audubon Rd & E Outer Dr,Morningside
882ab2c63dfffff,1.0,3.0,Emerging Hotspot,2.0,200.0,6.0,05,Category Focus,Property Crime,4.0,3.0,2026-09-12,2026-09-25,2026-09-26,2026-10-09,42.39818667347144,-82.95246307198168,Morningside,Lakepointe St & E Warren Ave,Morningside
882ab2c607fffff,3.0,3.0,Emerging Hotspot,0.0,0.0,3.0,05,Category Focus,Property Crime,4.0,3.0,2026-09-12,2026-09-25,2026-09-26,2026-10-09,42.402369650762424,-82.94804568857344,Morningside,Frankfort St & Chatsworth St,Morningside
882ab2c615fffff,7.0,2.0,Declining Hotspot,-5.0,-71.43,2.0,05,Category Focus,Property Crime,4.0,3.0,2026-09-12,2026-09-25,2026-09-26,2026-10-09,42.39453305114127,-82.9366483665544,Morningside,Devonshire Rd & Waveney St,Morningside
882ab2c603fffff,4.0,1.0,Declining Hotspot,-3.0,-75.0,1.0,05,Category Focus,Property Crime,4.0,3.0,2026-09-12,2026-09-25,2026-09-26,2026-10-09,42.40273498988911,-82.9409495393533,Morningside,Bedford St & E Warren Ave,Morningside
882ab2c601fffff,1.0,3.0,Emerging Hotspot,2.0,200.0,6.0,ALL,Category Focus,Property Crime,4.0,3.0,2026-09-12,2026-09-25,2026-09-26,2026-10-09,42.40833622598791,-82.94266398747527,Morningside,Audubon Rd & E Outer Dr,Morningside
882ab2c63dfffff,1.0,3.0,Emerging Hotspot,2.0,200.0,6.0,ALL,Category Focus,Property Crime,4.0,3.0,2026-09-12,2026-09-25,2026-09-26,2026-10-09,42.39818667347144,-82.95246307198168,Morningside,Lakepointe St & E Warren Ave,Morningside
882ab2c607fffff,3.0,3.0,Emerging Hotspot,0.0,0.0,3.0,ALL,Category Focus,Property Crime,4.0,3.0,2026-09-12,2026-09-25,2026-09-26,2026-10-09,42.402369650762424,-82.94804568857344,Morningside,Frankfort St & Chatsworth St,Morningside
882ab2c615fffff,7.0,2.0,Declining Hotspot,-5.0,-71.43,2.0,ALL,Category Focus,Property Crime,4.0,3.0,2026-09-12,2026-09-25,2026-09-26,2026-10-09,42.39453305114127,-82.9366483665544,Morningside,Devonshire Rd & Waveney St,Morningside
882ab2c603fffff,4.0,1.0,Declining Hotspot,-3.0,-75.0,1.0,ALL,Category Focus,Property Crime,4.0,3.0,2026-09-12,2026-09-25,2026-09-26,2026-10-09,42.40273498988911,-82.9409495393533,Morningside,Bedford St & E Warren Ave,Morningside
882ab2c607fffff,3.0,0.0,Declining Hotspot,-3.0,-100.0,0.0,05,Category Focus,Vehicle-Related Crime,3.0,3.0,2026-09-12,2026-09-25,2026-09-26,2026-10-09,42.402369650762424,-82.94804568857344,Morningside,Frankfort St & Chatsworth St,Morningside
882ab2c607fffff,3.0,0.0,Declining Hotspot,-3.0,-100.0,0.0,ALL,Category Focus,Vehicle-Related Crime,3.0,3.0,2026-09-12,2026-09-25,2026-09-26,2026-10-09,42.402369650762424,-82.94804568857344,Morningside,Frankfort St & Chatsworth St,Morningside
882ab2c607fffff,1.0,3.0,Emerging Hotspot,2.0,200.0,6.0,05,Category Focus,Violent Crime,4.0,3.0,2026-09-12,2026-09-25,2026-09-26,2026-10-09,42.402369650762424,-82.94804568857344,Morningside,Frankfort St & Chatsworth St,Morningside
882ab2c603fffff,3.0,3.0,Emerging Hotspot,0.0,0.0,3.0,05,Category Focus,Violent Crime,4.0,3.0,2026-09-12,2026-09-25,2026-09-26,2026-10-09,42.40273498988911,-82.9409495393533,Morningside,Bedford St & E Warren Ave,Morningside
882ab2c615fffff,4.0,0.0,Declining Hotspot,-4.0,-100.0,0.0,05,Category Focus,Violent Crime,4.0,3.0,2026-09-12,2026-09-25,2026-09-26,2026-10-09,42.39453305114127,-82.9366483665544,Morningside,Devonshire Rd & Waveney St,Morningside
882ab2c607fffff,1.0,3.0,Emerging Hotspot,2.0,200.0,6.0,ALL,Category Focus,Violent Crime,4.0,3.0,2026-09-12,2026-09-25,2026-09-26,2026-10-09,42.402369650762424,-82.94804568857344,Morningside,Frankfort St & Chatsworth St,Morningside
882ab2c603fffff,3.0,3.0,Emerging Hotspot,0.0,0.0,3.0,ALL,Category Focus,Violent Crime,4.0,3.0,2026-09-12,2026-09-25,2026-09-26,2026-10-09,42.40273498988911,-82.9409495393533,Morningside,Bedford St & E Warren Ave,Morningside
882ab2c615fffff,4.0,0.0,Declining Hotspot,-4.0,-100.0,0.0,ALL,Category Focus,Violent Crime,4.0,3.0,2026-09-12,2026-09-25,2026-09-26,2026-10-09,42.39453305114127,-82.9366483665544,Morningside,Devonshire Rd & Waveney St,Morningside
882ab2c603fffff,1.0,3.0,Emerging Hotspot,2.0,200.0,6.0,05,Crime Type,ASSAULT,3.0,3.0,2026-09-12,2026-09-25,2026-09-26,2026-10-09,42.40273498988911,-82.9409495393533,Morningside,Bedford St & E Warren Ave,Morningside
882ab2c615fffff,3.0,0.0,Declining Hotspot,-3.0,-100.0,0.0,05,Crime Type,ASSAULT,3.0,3.0,2026-09-12,2026-09-25,2026-09-26,2026-10-09,42.39453305114127,-82.9366483665544,Morningside,Devonshire Rd & Waveney St,Morningside
882ab2c603fffff,1.0,3.0,Emerging Hotspot,2.0,200.0,6.0,ALL,Crime Type,ASSAULT,3.0,3.0,2026-09-12,2026-09-25,2026-09-26,2026-10-09,42.40273498988911,-82.9409495393533,Morningside,Bedford St & E Warren Ave,Morningside
882ab2c615fffff,3.0,0.0,Declining Hotspot,-3.0,-100.0,0.0,ALL,Crime Type,ASSAULT,3.0,3.0,2026-09-12,2026-09-25,2026-09-26,2026-10-09,42.39453305114127,-82.9366483665544,Morningside,Devonshire Rd & Waveney St,Morningside
882ab2c615fffff,3.0,0.0,Declining Hotspot,-3.0,-100.0,0.0,05,Crime Type,BURGLARY,3.0,3.0,2026-09-12,2026-09-25,2026-09-26,2026-10-09,42.39453305114127,-82.9366483665544,Morningside,Devonshire Rd & Waveney St,Morningside
882ab2c615fffff,3.0,0.0,Declining Hotspot,-3.0,-100.0,0.0,ALL,Crime Type,BURGLARY,3.0,3.0,2026-09-12,2026-09-25,2026-09-26,2026-10-09,42.39453305114127,-82.9366483665544,Morningside,Devonshire Rd & Waveney St,Morningside
882ab2c601fffff,0.0,3.0,New Hotspot,3.0,,7.5,05,Crime Type,DAMAGE TO PROPERTY,3.0,3.0,2026-09-12,2026-09-25,2026-09-26,2026-10-09,42.40833622598791,-82.94266398747527,Morningside,Audubon Rd & E Outer Dr,Morningside
882ab2c607fffff,1.0,3.0,Emerging Hotspot,2.0,200.0,6.0,05,Crime Type,DAMAGE TO PROPERTY,3.0,3.0,2026-09-12,2026-09-25,2026-09-26,2026-10-09,42.402369650762424,-82.94804568857344,Morningside,Frankfort St & Chatsworth St,Morningside
882ab2c615fffff,3.0,1.0,Declining Hotspot,-2.0,-66.67,1.0,05,Crime Type,DAMAGE TO PROPERTY,3.0,3.0,2026-09-12,2026-09-25,2026-09-26,2026-10-09,42.39453305114127,-82.9366483665544,Morningside,Devonshire Rd & Waveney St,Morningside
882ab2c601fffff,0.0,3.0,New Hotspot,3.0,,7.5,ALL,Crime Type,DAMAGE TO PROPERTY,3.0,3.0,2026-09-12,2026-09-25,2026-09-26,2026-10-09,42.40833622598791,-82.94266398747527,Morningside,Audubon Rd & E Outer Dr,Morningside
882ab2c607fffff,1.0,3.0,Emerging Hotspot,2.0,200.0,6.0,ALL,Crime Type,DAMAGE TO PROPERTY,3.0,3.0,2026-09-12,2026-09-25,2026-09-26,2026-10-09,42.402369650762424,-82.94804568857344,Morningside,Frankfort St & Chatsworth St,Morningside
882ab2c615fffff,3.0,1.0,Declining Hotspot,-2.0,-66.67,1.0,ALL,Crime Type,DAMAGE TO PROPERTY,3.0,3.0,2026-09-12,2026-09-25,2026-09-26,2026-10-09,42.39453305114127,-82.9366483665544,Morningside,Devonshire Rd & Waveney St,Morningside
882ab2c647fffff,7.0,12.0,Persistent Hotspot,5.0,71.43,23.7,09,All,All,7.0,11.0,2026-09-10,2026-09-23,2026-09-24,2026-10-07,42.423241428513045,-82.93740689201091,Moross-Morang,Duprey St & Casino St,Moross-Morang
882ab2c66bfffff,16.0,10.0,Declining Hotspot,-6.0,-37.5,10.0,09,All,All,7.0,11.0,2026-09-10,2026-09-23,2026-09-24,2026-10-07,42.42653937643311,-82.9499411616721,Moross-Morang,Morang Dr & Lansdowne St,Moross-Morang
882ab2c647fffff,7.0,12.0,Persistent Hotspot,5.0,71.43,23.7,ALL,All,All,7.0,11.0,2026-09-10,2026-09-23,2026-09-24,2026-10-07,42.423241428513045,-82.93740689201091,Moross-Morang,Duprey St & Casino St,Moross-Morang
882ab2c66bfffff,16.0,10.0,Declining Hotspot,-6.0,-37.5,10.0,ALL,All,All,7.0,11.0,2026-09-10,2026-09-23,2026-09-24,2026-10-07,42.42653937643311,-82.9499411616721,Moross-Morang,Morang Dr & Lansdowne St,Moross-Morang
882ab2c647fffff,2.0,5.0,Emerging Hotspot,3.0,150.0,9.5,09,Category Focus,Property Crime,3.0,5.0,2026-09-10,2026-09-23,2026-09-24,2026-10-07,42.423241428513045,-82.93740689201091,Moross-Morang,Duprey St & Casino St,Moross-Morang
882ab2c66bfffff,3.0,2.0,Declining Hotspot,-1.0,-33.33,2.0,09,Category Focus,Property Crime,3.0,5.0,2026-09-10,2026-09-23,2026-09-24,2026-10-07,42.42653937643311,-82.9499411616721,Moross-Morang,Morang Dr & Lansdowne St,Moross-Morang
882ab2c647fffff,2.0,5.0,Emerging Hotspot,3.0,150.0,9.5,ALL,Category Focus,Property Crime,3.0,5.0,2026-09-10,2026-09-23,2026-09-24,2026-10-07,42.423241428513045,-82.93740689201091,Moross-Morang,Duprey St & Casino St,Moross-Morang
882ab2c66bfffff,3.0,2.0,Declining Hotspot,-1.0,-33.33,2.0,ALL,Category Focus,Property Crime,3.0,5.0,2026-09-10,2026-09-23,2026-09-24,2026-10-07,42.42653937643311,-82.9499411616721,Moross-Morang,Morang Dr & Lansdowne St,Moross-Morang
882ab2c647fffff,1.0,5.0,Emerging Hotspot,4.0,400.0,11.0,09,Category Focus,Violent Crime,3.0,5.0,2026-09-10,2026-09-23,2026-09-24,2026-10-07,42.423241428513045,-82.93740689201091,Moross-Morang,Duprey St & Casino St,Moross-Morang
882ab2c66bfffff,4.0,4.0,Declining Hotspot,0.0,0.0,4.0,09,Category Focus,Violent Crime,3.0,5.0,2026-09-10,2026-09-23,2026-09-24,2026-10-07,42.42653937643311,-82.9499411616721,Moross-Morang,Morang Dr & Lansdowne St,Moross-Morang
882ab2c647fffff,1.0,5.0,Emerging Hotspot,4.0,400.0,11.0,ALL,Category Focus,Violent Crime,3.0,5.0,2026-09-10,2026-09-23,2026-09-24,2026-10-07,42.423241428513045,-82.93740689201091,Moross-Morang,Duprey St & Casino St,Moross-Morang
882ab2c66bfffff,4.0,4.0,Declining Hotspot,0.0,0.0,4.0,ALL,Category Focus,Violent Crime,3.0,5.0,2026-09-10,2026-09-23,2026-09-24,2026-10-07,42.42653937643311,-82.9499411616721,Moross-Morang,Morang Dr & Lansdowne St,Moross-Morang
882ab2c647fffff,1.0,3.0,Emerging Hotspot,2.0,200.0,6.0,09,Crime Type,ASSAULT,3.0,3.0,2026-09-10,2026-09-23,2026-09-24,2026-10-07,42.423241428513045,-82.93740689201091,Moross-Morang,Duprey St & Casino St,Moross-Morang
882ab2c66bfffff,4.0,3.0,Persistent Hotspot,-1.0,-25.0,4.05,09,Crime Type,ASSAULT,3.0,3.0,2026-09-10,2026-09-23,2026-09-24,2026-10-07,42.42653937643311,-82.9499411616721,Moross-Morang,Morang Dr & Lansdowne St,Moross-Morang
882ab2c647fffff,1.0,3.0,Emerging Hotspot,2.0,200.0,6.0,ALL,Crime Type,ASSAULT,3.0,3.0,2026-09-10,2026-09-23,2026-09-24,2026-10-07,42.423241428513045,-82.93740689201091,Moross-Morang,Duprey St & Casino St,Moross-Morang
882ab2c66bfffff,4.0,3.0,Persistent Hotspot,-1.0,-25.0,4.05,ALL,Crime Type,ASSAULT,3.0,3.0,2026-09-10,2026-09-23,2026-09-24,2026-10-07,42.42653937643311,-82.9499411616721,Moross-Morang,Morang Dr & Lansdowne St,Moross-Morang
882ab2c647fffff,0.0,3.0,New Hotspot,3.0,,7.5,09,Crime Type,DAMAGE TO PROPERTY,3.0,3.0,2026-09-10,2026-09-23,2026-09-24,2026-10-07,42.423241428513045,-82.93740689201091,Moross-Morang,Duprey St & Casino St,Moross-Morang
882ab2c647fffff,0.0,3.0,New Hotspot,3.0,,7.5,ALL,Crime Type,DAMAGE TO PROPERTY,3.0,3.0,2026-09-10,2026-09-23,2026-09-24,2026-10-07,42.423241428513045,-82.93740689201091,Moross-Morang,Duprey St & Casino St,Moross-Morang
882ab2c66bfffff,3.0,0.0,Declining Hotspot,-3.0,-100.0,0.0,09,Crime Type,STOLEN PROPERTY,3.0,3.0,2026-09-10,2026-09-23,2026-09-24,2026-10-07,42.42653937643311,-82.9499411616721,Moross-Morang,Morang Dr & Lansdowne St,Moross-Morang
882ab2c66bfffff,3.0,0.0,Declining Hotspot,-3.0,-100.0,0.0,ALL,Crime Type,STOLEN PROPERTY,3.0,3.0,2026-09-10,2026-09-23,2026-09-24,2026-10-07,42.42653937643311,-82.9499411616721,Moross-Morang,Morang Dr & Lansdowne St,Moross-Morang
882ab2c743fffff,7.0,6.0,Persistent Hotspot,-1.0,-14.29,8.1,09,All,All,6.0,5.0,2026-09-10,2026-09-23,2026-09-24,2026-10-07,42.43238952941869,-83.00949103869564,Mount Olivet,Blackmoor St & Eastwood St,Mount Olivet
882ab2c747fffff,3.0,5.0,Persistent Hotspot,2.0,66.67,9.75,11,All,All,3.0,5.0,2026-09-10,2026-09-23,2026-09-24,2026-10-07,42.43405772344234,-83.01995184413909,Mount Olivet,Van Dyke St & E 7 Mile Rd,Mount Olivet
882ab2c747fffff,4.0,6.0,Emerging Hotspot,2.0,50.0,9.0,ALL,All,All,6.0,6.0,2026-09-10,2026-09-23,2026-09-24,2026-10-07,42.43405772344234,-83.01995184413909,Mount Olivet,Van Dyke St & E 7 Mile Rd,Mount Olivet
882ab2c743fffff,7.0,6.0,Persistent Hotspot,-1.0,-14.29,8.1,ALL,All,All,6.0,6.0,2026-09-10,2026-09-23,2026-09-24,2026-10-07,42.43238952941869,-83.00949103869564,Mount Olivet,Blackmoor St & Eastwood St,Mount Olivet
882ab2c743fffff,6.0,2.0,Declining Hotspot,-4.0,-66.67,2.0,09,Category Focus,Property Crime,5.0,3.0,2026-09-10,2026-09-23,2026-09-24,2026-10-07,42.43238952941869,-83.00949103869564,Mount Olivet,Blackmoor St & Eastwood St,Mount Olivet
882ab2c70dfffff,0.0,3.0,New Hotspot,3.0,,7.5,11,Category Focus,Property Crime,3.0,3.0,2026-09-10,2026-09-23,2026-09-24,2026-10-07,42.43197191803712,-83.02417514789481,Mount Olivet,E Robinwood St & Van Dyke St,Mount Olivet
882ab2c70dfffff,0.0,3.0,New Hotspot,3.0,,7.5,ALL,Category Focus,Property Crime,5.0,3.0,2026-09-10,2026-09-23,2026-09-24,2026-10-07,42.43197191803712,-83.02417514789481,Mount Olivet,E Robinwood St & Van Dyke St,Mount Olivet
882ab2c743fffff,6.0,2.0,Declining Hotspot,-4.0,-66.67,2.0,ALL,Category Focus,Property Crime,5.0,3.0,2026-09-10,2026-09-23,2026-09-24,2026-10-07,42.43238952941869,-83.00949103869564,Mount Olivet,Blackmoor St & Eastwood St,Mount Olivet
882ab2c743fffff,0.0,4.0,New Hotspot,4.0,,10.0,09,Category Focus,Violent Crime,3.0,4.0,2026-09-10,2026-09-23,2026-09-24,2026-10-07,42.43238952941869,-83.00949103869564,Mount Olivet,Blackmoor St & Eastwood St,Mount Olivet
882ab2c743fffff,0.0,4.0,New Hotspot,4.0,,10.0,ALL,Category Focus,Violent Crime,3.0,4.0,2026-09-10,2026-09-23,2026-09-24,2026-10-07,42.43238952941869,-83.00949103869564,Mount Olivet,Blackmoor St & Eastwood St,Mount Olivet
882ab2c743fffff,4.0,0.0,Declining Hotspot,-4.0,-100.0,0.0,09,Crime Type,DAMAGE TO PROPERTY,4.0,3.0,2026-09-10,2026-09-23,2026-09-24,2026-10-07,42.43238952941869,-83.00949103869564,Mount Olivet,Blackmoor St & Eastwood St,Mount Olivet
882ab2c743fffff,4.0,0.0,Declining Hotspot,-4.0,-100.0,0.0,ALL,Crime Type,DAMAGE TO PROPERTY,4.0,3.0,2026-09-10,2026-09-23,2026-09-24,2026-10-07,42.43238952941869,-83.00949103869564,Mount Olivet,Blackmoor St & Eastwood St,Mount Olivet
882ab2c747fffff,3.0,0.0,Declining Hotspot,-3.0,-100.0,0.0,11,Crime Type,FRAUD,3.0,3.0,2026-09-10,2026-09-23,2026-09-24,2026-10-07,42.43405772344234,-83.01995184413909,Mount Olivet,Van Dyke St & E 7 Mile Rd,Mount Olivet
882ab2c747fffff,3.0,0.0,Declining Hotspot,-3.0,-100.0,0.0,ALL,Crime Type,FRAUD,3.0,3.0,2026-09-10,2026-09-23,2026-09-24,2026-10-07,42.43405772344234,-83.01995184413909,Mount Olivet,Van Dyke St & E 7 Mile Rd,Mount Olivet
882ab2c70dfffff,0.0,3.0,New Hotspot,3.0,,7.5,11,Crime Type,LARCENY,3.0,3.0,2026-09-10,2026-09-23,2026-09-24,2026-10-07,42.43197191803712,-83.02417514789481,Mount Olivet,E Robinwood St & Van Dyke St,Mount Olivet
882ab2c70dfffff,0.0,3.0,New Hotspot,3.0,,7.5,ALL,Crime Type,LARCENY,3.0,3.0,2026-09-10,2026-09-23,2026-09-24,2026-10-07,42.43197191803712,-83.02417514789481,Mount Olivet,E Robinwood St & Van Dyke St,Mount Olivet
882ab2c535fffff,7.0,16.0,Persistent Hotspot,9.0,128.57,35.1,03,All,All,6.0,12.0,2026-09-09,2026-09-22,2026-09-23,2026-10-06,42.35935257064365,-83.10125517853518,NW Goldberg,W Grand Blvd & Lawton St,NW Goldberg
882ab2c535fffff,8.0,16.0,Persistent Hotspot,8.0,100.0,33.6,ALL,All,All,7.0,12.0,2026-09-09,2026-09-22,2026-09-23,2026-10-06,42.35935257064365,-83.10125517853518,NW Goldberg,W Grand Blvd & Lawton St,NW Goldberg
882ab2c535fffff,1.0,10.0,Emerging Hotspot,9.0,900.0,23.5,03,Category Focus,Property Crime,3.0,9.0,2026-09-09,2026-09-22,2026-09-23,2026-10-06,42.35935257064365,-83.10125517853518,NW Goldberg,W Grand Blvd & Lawton St,NW Goldberg
882ab2c535fffff,1.0,10.0,Emerging Hotspot,9.0,900.0,23.5,ALL,Category Focus,Property Crime,3.0,9.0,2026-09-09,2026-09-22,2026-09-23,2026-10-06,42.35935257064365,-83.10125517853518,NW Goldberg,W Grand Blvd & Lawton St,NW Goldberg
882ab2c535fffff,1.0,3.0,Emerging Hotspot,2.0,200.0,6.0,03,Crime Type,BURGLARY,3.0,3.0,2026-09-09,2026-09-22,2026-09-23,2026-10-06,42.35935257064365,-83.10125517853518,NW Goldberg,W Grand Blvd & Lawton St,NW Goldberg
882ab2c535fffff,1.0,3.0,Emerging Hotspot,2.0,200.0,6.0,ALL,Crime Type,BURGLARY,3.0,3.0,2026-09-09,2026-09-22,2026-09-23,2026-10-06,42.35935257064365,-83.10125517853518,NW Goldberg,W Grand Blvd & Lawton St,NW Goldberg
882ab2c535fffff,0.0,5.0,New Hotspot,5.0,,12.5,03,Crime Type,DAMAGE TO PROPERTY,3.0,5.0,2026-09-09,2026-09-22,2026-09-23,2026-10-06,42.35935257064365,-83.10125517853518,NW Goldberg,W Grand Blvd & Lawton St,NW Goldberg
882ab2c535fffff,0.0,5.0,New Hotspot,5.0,,12.5,ALL,Crime Type,DAMAGE TO PROPERTY,3.0,5.0,2026-09-09,2026-09-22,2026-09-23,2026-10-06,42.35935257064365,-83.10125517853518,NW Goldberg,W Grand Blvd & Lawton St,NW Goldberg
882ab2ce11fffff,1.0,7.0,Emerging Hotspot,6.0,600.0,16.0,10,All,All,5.0,5.0,2026-09-12,2026-09-25,2026-09-26,2026-10-09,42.371996371409026,-83.13680733165987,Nardin Park,Belleterre St & Collingwood St,Nardin Park
882ab2ce1bfffff,6.0,7.0,Persistent Hotspot,1.0,16.67,10.95,10,All,All,5.0,5.0,2026-09-12,2026-09-25,2026-09-26,2026-10-09,42.37268528864736,-83.12526251088762,Nardin Park,W Boston Blvd & Quincy St,Nardin Park
882ab2ce19fffff,10.0,2.0,Declining Hotspot,-8.0,-80.0,2.0,10,All,All,5.0,5.0,2026-09-12,2026-09-25,2026-09-26,2026-10-09,42.37875773059946,-83.12758847294239,Nardin Park,Humphrey St & Petoskey Ave,Nardin Park
882ab2ce11fffff,1.0,7.0,Emerging Hotspot,6.0,600.0,16.0,ALL,All,All,5.0,5.0,2026-09-12,2026-09-25,2026-09-26,2026-10-09,42.371996371409026,-83.13680733165987,Nardin Park,Belleterre St & Collingwood St,Nardin Park
882ab2ce1bfffff,6.0,7.0,Persistent Hotspot,1.0,16.67,10.95,ALL,All,All,5.0,5.0,2026-09-12,2026-09-25,2026-09-26,2026-10-09,42.37268528864736,-83.12526251088762,Nardin Park,W Boston Blvd & Quincy St,Nardin Park
882ab2ce19fffff,10.0,2.0,Declining Hotspot,-8.0,-80.0,2.0,ALL,All,All,5.0,5.0,2026-09-12,2026-09-25,2026-09-26,2026-10-09,42.37875773059946,-83.12758847294239,Nardin Park,Humphrey St & Petoskey Ave,Nardin Park
882ab2ce19fffff,4.0,1.0,Declining Hotspot,-3.0,-75.0,1.0,10,Category Focus,Property Crime,3.0,3.0,2026-09-12,2026-09-25,2026-09-26,2026-10-09,42.37875773059946,-83.12758847294239,Nardin Park,Humphrey St & Petoskey Ave,Nardin Park
882ab2ce19fffff,4.0,1.0,Declining Hotspot,-3.0,-75.0,1.0,ALL,Category Focus,Property Crime,3.0,3.0,2026-09-12,2026-09-25,2026-09-26,2026-10-09,42.37875773059946,-83.12758847294239,Nardin Park,Humphrey St & Petoskey Ave,Nardin Park
882ab2ce11fffff,1.0,5.0,Emerging Hotspot,4.0,400.0,11.0,10,Category Focus,Violent Crime,3.0,3.0,2026-09-12,2026-09-25,2026-09-26,2026-10-09,42.371996371409026,-83.13680733165987,Nardin Park,Belleterre St & Collingwood St,Nardin Park
882ab2ce1bfffff,2.0,3.0,Emerging Hotspot,1.0,50.0,4.5,10,Category Focus,Violent Crime,3.0,3.0,2026-09-12,2026-09-25,2026-09-26,2026-10-09,42.37268528864736,-83.12526251088762,Nardin Park,W Boston Blvd & Quincy St,Nardin Park
882ab2ce19fffff,4.0,1.0,Declining Hotspot,-3.0,-75.0,1.0,10,Category Focus,Violent Crime,3.0,3.0,2026-09-12,2026-09-25,2026-09-26,2026-10-09,42.37875773059946,-83.12758847294239,Nardin Park,Humphrey St & Petoskey Ave,Nardin Park
882ab2ce11fffff,1.0,5.0,Emerging Hotspot,4.0,400.0,11.0,ALL,Category Focus,Violent Crime,3.0,3.0,2026-09-12,2026-09-25,2026-09-26,2026-10-09,42.371996371409026,-83.13680733165987,Nardin Park,Belleterre St & Collingwood St,Nardin Park
882ab2ce1bfffff,2.0,3.0,Emerging Hotspot,1.0,50.0,4.5,ALL,Category Focus,Violent Crime,3.0,3.0,2026-09-12,2026-09-25,2026-09-26,2026-10-09,42.37268528864736,-83.12526251088762,Nardin Park,W Boston Blvd & Quincy St,Nardin Park
882ab2ce19fffff,4.0,1.0,Declining Hotspot,-3.0,-75.0,1.0,ALL,Category Focus,Violent Crime,3.0,3.0,2026-09-12,2026-09-25,2026-09-26,2026-10-09,42.37875773059946,-83.12758847294239,Nardin Park,Humphrey St & Petoskey Ave,Nardin Park
882ab2ce11fffff,0.0,3.0,New Hotspot,3.0,,7.5,10,Crime Type,AGGRAVATED ASSAULT,3.0,3.0,2026-09-12,2026-09-25,2026-09-26,2026-10-09,42.371996371409026,-83.13680733165987,Nardin Park,Belleterre St & Collingwood St,Nardin Park
882ab2ce11fffff,0.0,3.0,New Hotspot,3.0,,7.5,ALL,Crime Type,AGGRAVATED ASSAULT,3.0,3.0,2026-09-12,2026-09-25,2026-09-26,2026-10-09,42.371996371409026,-83.13680733165987,Nardin Park,Belleterre St & Collingwood St,Nardin Park
882ab2ce19fffff,3.0,0.0,Declining Hotspot,-3.0,-100.0,0.0,10,Crime Type,ASSAULT,3.0,3.0,2026-09-12,2026-09-25,2026-09-26,2026-10-09,42.37875773059946,-83.12758847294239,Nardin Park,Humphrey St & Petoskey Ave,Nardin Park
882ab2ce19fffff,3.0,0.0,Declining Hotspot,-3.0,-100.0,0.0,ALL,Crime Type,ASSAULT,3.0,3.0,2026-09-12,2026-09-25,2026-09-26,2026-10-09,42.37875773059946,-83.12758847294239,Nardin Park,Humphrey St & Petoskey Ave,Nardin Park
882ab2ce19fffff,3.0,1.0,Declining Hotspot,-2.0,-66.67,1.0,10,Crime Type,DAMAGE TO PROPERTY,3.0,3.0,2026-09-12,2026-09-25,2026-09-26,2026-10-09,42.37875773059946,-83.12758847294239,Nardin Park,Humphrey St & Petoskey Ave,Nardin Park
882ab2ce19fffff,3.0,1.0,Declining Hotspot,-2.0,-66.67,1.0,ALL,Crime Type,DAMAGE TO PROPERTY,3.0,3.0,2026-09-12,2026-09-25,2026-09-26,2026-10-09,42.37875773059946,-83.12758847294239,Nardin Park,Humphrey St & Petoskey Ave,Nardin Park
882ab2c507fffff,5.0,5.0,Emerging Hotspot,0.0,0.0,5.0,03,All,All,8.0,5.0,2026-09-09,2026-09-22,2026-09-23,2026-10-06,42.36809263162645,-83.07917316061858,New Center,W Grand Blvd & N M 10 Service Drive,New Center
882ab2c503fffff,9.0,4.0,Declining Hotspot,-5.0,-55.56,4.0,03,All,All,8.0,5.0,2026-09-09,2026-09-22,2026-09-23,2026-10-06,42.36903674016917,-83.07667246377173,New Center,W Grand Blvd & 2nd Ave,New Center
882ab2c507fffff,5.0,5.0,Emerging Hotspot,0.0,0.0,5.0,ALL,All,All,8.0,5.0,2026-09-09,2026-09-22,2026-09-23,2026-10-06,42.36809263162645,-83.07917316061858,New Center,W Grand Blvd & N M 10 Service Drive,New Center
882ab2c503fffff,9.0,4.0,Declining Hotspot,-5.0,-55.56,4.0,ALL,All,All,8.0,5.0,2026-09-09,2026-09-22,2026-09-23,2026-10-06,42.36903674016917,-83.07667246377173,New Center,W Grand Blvd & 2nd Ave,New Center
882ab2c507fffff,2.0,4.0,Emerging Hotspot,2.0,100.0,7.0,03,Category Focus,Property Crime,3.0,4.0,2026-09-09,2026-09-22,2026-09-23,2026-10-06,42.36809263162645,-83.07917316061858,New Center,W Grand Blvd & N M 10 Service Drive,New Center
882ab2c539fffff,3.0,0.0,Declining Hotspot,-3.0,-100.0,0.0,03,Category Focus,Property Crime,3.0,4.0,2026-09-09,2026-09-22,2026-09-23,2026-10-06,42.36625617268952,-83.07779974165608,New Center,W Baltimore St & 3rd St,New Center
882ab2c507fffff,2.0,4.0,Emerging Hotspot,2.0,100.0,7.0,ALL,Category Focus,Property Crime,3.0,4.0,2026-09-09,2026-09-22,2026-09-23,2026-10-06,42.36809263162645,-83.07917316061858,New Center,W Grand Blvd & N M 10 Service Drive,New Center
882ab2c539fffff,3.0,0.0,Declining Hotspot,-3.0,-100.0,0.0,ALL,Category Focus,Property Crime,3.0,4.0,2026-09-09,2026-09-22,2026-09-23,2026-10-06,42.36625617268952,-83.07779974165608,New Center,W Baltimore St & 3rd St,New Center
882ab2c539fffff,3.0,0.0,Declining Hotspot,-3.0,-100.0,0.0,03,Category Focus,Vehicle-Related Crime,3.0,3.0,2026-09-09,2026-09-22,2026-09-23,2026-10-06,42.36625617268952,-83.07779974165608,New Center,W Baltimore St & 3rd St,New Center
882ab2c539fffff,3.0,0.0,Declining Hotspot,-3.0,-100.0,0.0,ALL,Category Focus,Vehicle-Related Crime,3.0,3.0,2026-09-09,2026-09-22,2026-09-23,2026-10-06,42.36625617268952,-83.07779974165608,New Center,W Baltimore St & 3rd St,New Center
882ab2c503fffff,4.0,2.0,Declining Hotspot,-2.0,-50.0,2.0,03,Category Focus,Violent Crime,4.0,3.0,2026-09-09,2026-09-22,2026-09-23,2026-10-06,42.36903674016917,-83.07667246377173,New Center,W Grand Blvd & 2nd Ave,New Center
882ab2c503fffff,4.0,2.0,Declining Hotspot,-2.0,-50.0,2.0,ALL,Category Focus,Violent Crime,4.0,3.0,2026-09-09,2026-09-22,2026-09-23,2026-10-06,42.36903674016917,-83.07667246377173,New Center,W Grand Blvd & 2nd Ave,New Center
882ab2c503fffff,4.0,2.0,Declining Hotspot,-2.0,-50.0,2.0,03,Crime Type,ASSAULT,4.0,3.0,2026-09-09,2026-09-22,2026-09-23,2026-10-06,42.36903674016917,-83.07667246377173,New Center,W Grand Blvd & 2nd Ave,New Center
882ab2c503fffff,4.0,2.0,Declining Hotspot,-2.0,-50.0,2.0,ALL,Crime Type,ASSAULT,4.0,3.0,2026-09-09,2026-09-22,2026-09-23,2026-10-06,42.36903674016917,-83.07667246377173,New Center,W Grand Blvd & 2nd Ave,New Center
882ab2c507fffff,2.0,3.0,Emerging Hotspot,1.0,50.0,4.5,03,Crime Type,LARCENY,3.0,3.0,2026-09-09,2026-09-22,2026-09-23,2026-10-06,42.36809263162645,-83.07917316061858,New Center,W Grand Blvd & N M 10 Service Drive,New Center
882ab2c507fffff,2.0,3.0,Emerging Hotspot,1.0,50.0,4.5,ALL,Crime Type,LARCENY,3.0,3.0,2026-09-09,2026-09-22,2026-09-23,2026-10-06,42.36809263162645,-83.07917316061858,New Center,W Grand Blvd & N M 10 Service Drive,New Center
882ab2c539fffff,3.0,0.0,Declining Hotspot,-3.0,-100.0,0.0,03,Crime Type,STOLEN VEHICLE,3.0,3.0,2026-09-09,2026-09-22,2026-09-23,2026-10-06,42.36625617268952,-83.07779974165608,New Center,W Baltimore St & 3rd St,New Center
882ab2c539fffff,3.0,0.0,Declining Hotspot,-3.0,-100.0,0.0,ALL,Crime Type,STOLEN VEHICLE,3.0,3.0,2026-09-09,2026-09-22,2026-09-23,2026-10-06,42.36625617268952,-83.07779974165608,New Center,W Baltimore St & 3rd St,New Center
882ab2c507fffff,9.0,11.0,Persistent Hotspot,2.0,22.22,17.85,03,All,All,8.0,8.0,2026-09-10,2026-09-23,2026-09-24,2026-10-07,42.37091146844526,-83.08137062760909,New Center Commons,Pallister St & 3rd St,New Center Commons
882ab2c507fffff,9.0,11.0,Persistent Hotspot,2.0,22.22,17.85,ALL,All,All,8.0,8.0,2026-09-10,2026-09-23,2026-09-24,2026-10-07,42.37091146844526,-83.08137062760909,New Center Commons,Pallister St & 3rd St,New Center Commons
882ab2c507fffff,5.0,5.0,Persistent Hotspot,0.0,0.0,6.75,03,Category Focus,Property Crime,5.0,5.0,2026-09-10,2026-09-23,2026-09-24,2026-10-07,42.37091146844526,-83.08137062760909,New Center Commons,Pallister St & 3rd St,New Center Commons
882ab2c507fffff,5.0,5.0,Persistent Hotspot,0.0,0.0,6.75,ALL,Category Focus,Property Crime,5.0,5.0,2026-09-10,2026-09-23,2026-09-24,2026-10-07,42.37091146844526,-83.08137062760909,New Center Commons,Pallister St & 3rd St,New Center Commons
882ab2c507fffff,5.0,1.0,Declining Hotspot,-4.0,-80.0,1.0,03,Category Focus,Vehicle-Related Crime,5.0,3.0,2026-09-10,2026-09-23,2026-09-24,2026-10-07,42.37091146844526,-83.08137062760909,New Center Commons,Pallister St & 3rd St,New Center Commons
882ab2c507fffff,5.0,1.0,Declining Hotspot,-4.0,-80.0,1.0,ALL,Category Focus,Vehicle-Related Crime,5.0,3.0,2026-09-10,2026-09-23,2026-09-24,2026-10-07,42.37091146844526,-83.08137062760909,New Center Commons,Pallister St & 3rd St,New Center Commons
882ab2c507fffff,2.0,3.0,Emerging Hotspot,1.0,50.0,4.5,03,Crime Type,DAMAGE TO PROPERTY,3.0,3.0,2026-09-10,2026-09-23,2026-09-24,2026-10-07,42.37091146844526,-83.08137062760909,New Center Commons,Pallister St & 3rd St,New Center Commons
882ab2c507fffff,2.0,3.0,Emerging Hotspot,1.0,50.0,4.5,ALL,Crime Type,DAMAGE TO PROPERTY,3.0,3.0,2026-09-10,2026-09-23,2026-09-24,2026-10-07,42.37091146844526,-83.08137062760909,New Center Commons,Pallister St & 3rd St,New Center Commons
882ab2c507fffff,3.0,1.0,Declining Hotspot,-2.0,-66.67,1.0,03,Crime Type,LARCENY,3.0,3.0,2026-09-10,2026-09-23,2026-09-24,2026-10-07,42.37091146844526,-83.08137062760909,New Center Commons,Pallister St & 3rd St,New Center Commons
882ab2c507fffff,3.0,1.0,Declining Hotspot,-2.0,-66.67,1.0,ALL,Crime Type,LARCENY,3.0,3.0,2026-09-10,2026-09-23,2026-09-24,2026-10-07,42.37091146844526,-83.08137062760909,New Center Commons,Pallister St & 3rd St,New Center Commons
882ab2c507fffff,0.0,3.0,New Hotspot,3.0,,7.5,03,Crime Type,OBSTRUCTING JUDICIARY,3.0,3.0,2026-09-10,2026-09-23,2026-09-24,2026-10-07,42.37091146844526,-83.08137062760909,New Center Commons,Pallister St & 3rd St,New Center Commons
882ab2c507fffff,0.0,3.0,New Hotspot,3.0,,7.5,ALL,Crime Type,OBSTRUCTING JUDICIARY,3.0,3.0,2026-09-10,2026-09-23,2026-09-24,2026-10-07,42.37091146844526,-83.08137062760909,New Center Commons,Pallister St & 3rd St,New Center Commons
882ab2c0c3fffff,4.0,6.0,Emerging Hotspot,2.0,50.0,9.0,11,All,All,6.0,6.0,2026-09-11,2026-09-24,2026-09-25,2026-10-08,42.442444332160655,-83.08741200006128,Nolan,Greeley St & E Remington Ave,Nolan
882ab2c0d5fffff,9.0,6.0,Persistent Hotspot,-3.0,-33.33,8.1,11,All,All,6.0,6.0,2026-09-11,2026-09-24,2026-09-25,2026-10-08,42.43530691706474,-83.08554140921073,Nolan,E Outer Dr & E State Fair St,Nolan
882ab2c0c7fffff,6.0,4.0,Declining Hotspot,-2.0,-33.33,4.0,11,All,All,6.0,6.0,2026-09-11,2026-09-24,2026-09-25,2026-10-08,42.44223599932579,-83.09842553883244,Nolan,Irvington St & E Remington Ave,Nolan
882ab2c0c3fffff,4.0,6.0,Emerging Hotspot,2.0,50.0,9.0,ALL,All,All,6.0,6.0,2026-09-11,2026-09-24,2026-09-25,2026-10-08,42.442444332160655,-83.08741200006128,Nolan,Greeley St & E Remington Ave,Nolan
882ab2c0d5fffff,9.0,6.0,Persistent Hotspot,-3.0,-33.33,8.1,ALL,All,All,6.0,6.0,2026-09-11,2026-09-24,2026-09-25,2026-10-08,42.43530691706474,-83.08554140921073,Nolan,E Outer Dr & E State Fair St,Nolan
882ab2c0c7fffff,6.0,4.0,Declining Hotspot,-2.0,-33.33,4.0,ALL,All,All,6.0,6.0,2026-09-11,2026-09-24,2026-09-25,2026-10-08,42.44223599932579,-83.09842553883244,Nolan,Irvington St & E Remington Ave,Nolan
882ab2c0c3fffff,1.0,4.0,Emerging Hotspot,3.0,300.0,8.5,11,Category Focus,Violent Crime,4.0,3.0,2026-09-11,2026-09-24,2026-09-25,2026-10-08,42.442444332160655,-83.08741200006128,Nolan,Greeley St & E Remington Ave,Nolan
882ab2c0d1fffff,1.0,3.0,Emerging Hotspot,2.0,200.0,6.0,11,Category Focus,Violent Crime,4.0,3.0,2026-09-11,2026-09-24,2026-09-25,2026-10-08,42.432928916303965,-83.07515505322968,Nolan,Anglin St & Conant St,Nolan
882ab2c0d5fffff,4.0,3.0,Persistent Hotspot,-1.0,-25.0,4.05,11,Category Focus,Violent Crime,4.0,3.0,2026-09-11,2026-09-24,2026-09-25,2026-10-08,42.43530691706474,-83.08554140921073,Nolan,E Outer Dr & E State Fair St,Nolan
882ab2c0c7fffff,4.0,1.0,Declining Hotspot,-3.0,-75.0,1.0,11,Category Focus,Violent Crime,4.0,3.0,2026-09-11,2026-09-24,2026-09-25,2026-10-08,42.44223599932579,-83.09842553883244,Nolan,Irvington St & E Remington Ave,Nolan
882ab2c0c3fffff,1.0,4.0,Emerging Hotspot,3.0,300.0,8.5,ALL,Category Focus,Violent Crime,4.0,3.0,2026-09-11,2026-09-24,2026-09-25,2026-10-08,42.442444332160655,-83.08741200006128,Nolan,Greeley St & E Remington Ave,Nolan
882ab2c0d1fffff,1.0,3.0,Emerging Hotspot,2.0,200.0,6.0,ALL,Category Focus,Violent Crime,4.0,3.0,2026-09-11,2026-09-24,2026-09-25,2026-10-08,42.432928916303965,-83.07515505322968,Nolan,Anglin St & Conant St,Nolan
882ab2c0d5fffff,4.0,3.0,Persistent Hotspot,-1.0,-25.0,4.05,ALL,Category Focus,Violent Crime,4.0,3.0,2026-09-11,2026-09-24,2026-09-25,2026-10-08,42.43530691706474,-83.08554140921073,Nolan,E Outer Dr & E State Fair St,Nolan
882ab2c0c7fffff,4.0,1.0,Declining Hotspot,-3.0,-75.0,1.0,ALL,Category Focus,Violent Crime,4.0,3.0,2026-09-11,2026-09-24,2026-09-25,2026-10-08,42.44223599932579,-83.09842553883244,Nolan,Irvington St & E Remington Ave,Nolan
882ab2c0d1fffff,0.0,3.0,New Hotspot,3.0,,7.5,11,Crime Type,AGGRAVATED ASSAULT,3.0,3.0,2026-09-11,2026-09-24,2026-09-25,2026-10-08,42.432928916303965,-83.07515505322968,Nolan,Anglin St & Conant St,Nolan
882ab2c0d1fffff,0.0,3.0,New Hotspot,3.0,,7.5,ALL,Crime Type,AGGRAVATED ASSAULT,3.0,3.0,2026-09-11,2026-09-24,2026-09-25,2026-10-08,42.432928916303965,-83.07515505322968,Nolan,Anglin St & Conant St,Nolan
882ab2c0c3fffff,1.0,4.0,Emerging Hotspot,3.0,300.0,8.5,11,Crime Type,ASSAULT,3.0,3.0,2026-09-11,2026-09-24,2026-09-25,2026-10-08,42.442444332160655,-83.08741200006128,Nolan,Greeley St & E Remington Ave,Nolan
882ab2c0c3fffff,1.0,4.0,Emerging Hotspot,3.0,300.0,8.5,ALL,Crime Type,ASSAULT,3.0,3.0,2026-09-11,2026-09-24,2026-09-25,2026-10-08,42.442444332160655,-83.08741200006128,Nolan,Greeley St & E Remington Ave,Nolan
882ab2c09bfffff,1.0,4.0,Emerging Hotspot,3.0,300.0,8.5,11,All,All,3.0,4.0,2026-09-06,2026-09-19,2026-09-20,2026-10-03,42.41320718222201,-83.07046505334631,North Campau,Anglin St & E Davison St,North Campau
882ab2c091fffff,4.0,0.0,Declining Hotspot,-4.0,-100.0,0.0,11,All,All,3.0,4.0,2026-09-06,2026-09-19,2026-09-20,2026-10-03,42.41825229249406,-83.08591211497466,North Campau,Riopelle St & E McNichols Rd,North Campau
882ab2c09bfffff,1.0,4.0,Emerging Hotspot,3.0,300.0,8.5,ALL,All,All,3.0,4.0,2026-09-06,2026-09-19,2026-09-20,2026-10-03,42.41320718222201,-83.07046505334631,North Campau,Anglin St & E Davison St,North Campau
882ab2c091fffff,4.0,0.0,Declining Hotspot,-4.0,-100.0,0.0,ALL,All,All,3.0,4.0,2026-09-06,2026-09-19,2026-09-20,2026-10-03,42.41825229249406,-83.08591211497466,North Campau,Riopelle St & E McNichols Rd,North Campau
882ab2c099fffff,2.0,3.0,Emerging Hotspot,1.0,50.0,4.5,11,Category Focus,Property Crime,3.0,3.0,2026-09-06,2026-09-19,2026-09-20,2026-10-03,42.41847002368011,-83.08121828417575,North Campau,Saint Aubin St & E McNichols Rd,North Campau
882ab2c099fffff,2.0,3.0,Emerging Hotspot,1.0,50.0,4.5,ALL,Category Focus,Property Crime,3.0,3.0,2026-09-06,2026-09-19,2026-09-20,2026-10-03,42.41847002368011,-83.08121828417575,North Campau,Saint Aubin St & E McNichols Rd,North Campau
882ab2c09bfffff,1.0,3.0,Emerging Hotspot,2.0,200.0,6.0,11,Category Focus,Violent Crime,3.0,3.0,2026-09-06,2026-09-19,2026-09-20,2026-10-03,42.41320718222201,-83.07046505334631,North Campau,Anglin St & E Davison St,North Campau
882ab2c09bfffff,1.0,3.0,Emerging Hotspot,2.0,200.0,6.0,ALL,Category Focus,Violent Crime,3.0,3.0,2026-09-06,2026-09-19,2026-09-20,2026-10-03,42.41320718222201,-83.07046505334631,North Campau,Anglin St & E Davison St,North Campau
882ab2c5e5fffff,1.0,3.0,Emerging Hotspot,2.0,200.0,6.0,03,All,All,3.0,3.0,2026-09-10,2026-09-23,2026-09-24,2026-10-07,42.339396578087744,-83.0773065289938,North Corktown,Ash St & 14th St,North Corktown
882ab2cedbfffff,1.0,3.0,Emerging Hotspot,2.0,200.0,6.0,03,All,All,3.0,3.0,2026-09-10,2026-09-23,2026-09-24,2026-10-07,42.3372761622794,-83.08252976971498,North Corktown,Ash St & 15th St,North Corktown
882ab2c5e1fffff,4.0,1.0,Declining Hotspot,-3.0,-75.0,1.0,03,All,All,3.0,3.0,2026-09-10,2026-09-23,2026-09-24,2026-10-07,42.34019107754631,-83.0682167950041,North Corktown,Grand River Ave & Hobson St,North Corktown
882ab2c5e5fffff,1.0,3.0,Emerging Hotspot,2.0,200.0,6.0,ALL,All,All,3.0,3.0,2026-09-10,2026-09-23,2026-09-24,2026-10-07,42.339396578087744,-83.0773065289938,North Corktown,Ash St & 14th St,North Corktown
882ab2cedbfffff,1.0,3.0,Emerging Hotspot,2.0,200.0,6.0,ALL,All,All,3.0,3.0,2026-09-10,2026-09-23,2026-09-24,2026-10-07,42.3372761622794,-83.08252976971498,North Corktown,Ash St & 15th St,North Corktown
882ab2c5e1fffff,4.0,1.0,Declining Hotspot,-3.0,-75.0,1.0,ALL,All,All,3.0,3.0,2026-09-10,2026-09-23,2026-09-24,2026-10-07,42.34019107754631,-83.0682167950041,North Corktown,Grand River Ave & Hobson St,North Corktown
882ab2c5e1fffff,3.0,0.0,Declining Hotspot,-3.0,-100.0,0.0,03,Category Focus,Property Crime,3.0,3.0,2026-09-10,2026-09-23,2026-09-24,2026-10-07,42.34019107754631,-83.0682167950041,North Corktown,Grand River Ave & Hobson St,North Corktown
882ab2c5e1fffff,3.0,0.0,Declining Hotspot,-3.0,-100.0,0.0,ALL,Category Focus,Property Crime,3.0,3.0,2026-09-10,2026-09-23,2026-09-24,2026-10-07,42.34019107754631,-83.0682167950041,North Corktown,Grand River Ave & Hobson St,North Corktown
882ab2c5e1fffff,3.0,0.0,Declining Hotspot,-3.0,-100.0,0.0,03,Crime Type,LARCENY,3.0,3.0,2026-09-10,2026-09-23,2026-09-24,2026-10-07,42.34019107754631,-83.0682167950041,North Corktown,Grand River Ave & Hobson St,North Corktown
882ab2c5e1fffff,3.0,0.0,Declining Hotspot,-3.0,-100.0,0.0,ALL,Crime Type,LARCENY,3.0,3.0,2026-09-10,2026-09-23,2026-09-24,2026-10-07,42.34019107754631,-83.0682167950041,North Corktown,Grand River Ave & Hobson St,North Corktown
882ab2c501fffff,5.0,7.0,Persistent Hotspot,2.0,40.0,12.45,03,All,All,5.0,6.0,2026-09-09,2026-09-22,2026-09-23,2026-10-06,42.376348369805896,-83.07496548946622,North End,John R St & Marston St,North End
882ab2c50dfffff,5.0,4.0,Declining Hotspot,-1.0,-20.0,4.0,03,All,All,5.0,6.0,2026-09-09,2026-09-22,2026-09-23,2026-10-06,42.383750242242144,-83.07974173563038,North End,King St & Beaubien St,North End
882ab2c509fffff,8.0,0.0,Declining Hotspot,-8.0,-100.0,0.0,03,All,All,5.0,6.0,2026-09-09,2026-09-22,2026-09-23,2026-10-06,42.38311217883099,-83.06795647584747,North End,Hague St & Cameron St,North End
882ab2c501fffff,5.0,7.0,Persistent Hotspot,2.0,40.0,12.45,ALL,All,All,5.0,6.0,2026-09-09,2026-09-22,2026-09-23,2026-10-06,42.376348369805896,-83.07496548946622,North End,John R St & Marston St,North End
882ab2c50dfffff,5.0,4.0,Declining Hotspot,-1.0,-20.0,4.0,ALL,All,All,5.0,6.0,2026-09-09,2026-09-22,2026-09-23,2026-10-06,42.383750242242144,-83.07974173563038,North End,King St & Beaubien St,North End
882ab2c509fffff,8.0,0.0,Declining Hotspot,-8.0,-100.0,0.0,ALL,All,All,5.0,6.0,2026-09-09,2026-09-22,2026-09-23,2026-10-06,42.38311217883099,-83.06795647584747,North End,Hague St & Cameron St,North End
882ab2c50dfffff,3.0,4.0,Persistent Hotspot,1.0,33.33,6.9,03,Category Focus,Property Crime,3.0,3.0,2026-09-09,2026-09-22,2026-09-23,2026-10-06,42.383750242242144,-83.07974173563038,North End,King St & Beaubien St,North End
882ab2c509fffff,6.0,0.0,Declining Hotspot,-6.0,-100.0,0.0,03,Category Focus,Property Crime,3.0,3.0,2026-09-09,2026-09-22,2026-09-23,2026-10-06,42.38311217883099,-83.06795647584747,North End,Hague St & Cameron St,North End
882ab2c50dfffff,3.0,4.0,Persistent Hotspot,1.0,33.33,6.9,ALL,Category Focus,Property Crime,3.0,3.0,2026-09-09,2026-09-22,2026-09-23,2026-10-06,42.383750242242144,-83.07974173563038,North End,King St & Beaubien St,North End
882ab2c509fffff,6.0,0.0,Declining Hotspot,-6.0,-100.0,0.0,ALL,Category Focus,Property Crime,3.0,3.0,2026-09-09,2026-09-22,2026-09-23,2026-10-06,42.38311217883099,-83.06795647584747,North End,Hague St & Cameron St,North End
882ab2c501fffff,3.0,2.0,Declining Hotspot,-1.0,-33.33,2.0,03,Category Focus,Violent Crime,3.0,3.0,2026-09-09,2026-09-22,2026-09-23,2026-10-06,42.376348369805896,-83.07496548946622,North End,John R St & Marston St,North End
882ab2c501fffff,3.0,2.0,Declining Hotspot,-1.0,-33.33,2.0,ALL,Category Focus,Violent Crime,3.0,3.0,2026-09-09,2026-09-22,2026-09-23,2026-10-06,42.376348369805896,-83.07496548946622,North End,John R St & Marston St,North End
882ab2c501fffff,3.0,2.0,Declining Hotspot,-1.0,-33.33,2.0,03,Crime Type,ASSAULT,3.0,3.0,2026-09-09,2026-09-22,2026-09-23,2026-10-06,42.376348369805896,-83.07496548946622,North End,John R St & Marston St,North End
882ab2c501fffff,3.0,2.0,Declining Hotspot,-1.0,-33.33,2.0,ALL,Crime Type,ASSAULT,3.0,3.0,2026-09-09,2026-09-22,2026-09-23,2026-10-06,42.376348369805896,-83.07496548946622,North End,John R St & Marston St,North End
882ab2c509fffff,5.0,0.0,Declining Hotspot,-5.0,-100.0,0.0,03,Crime Type,DAMAGE TO PROPERTY,4.0,3.0,2026-09-09,2026-09-22,2026-09-23,2026-10-06,42.38311217883099,-83.06795647584747,North End,Hague St & Cameron St,North End
882ab2c509fffff,5.0,0.0,Declining Hotspot,-5.0,-100.0,0.0,ALL,Crime Type,DAMAGE TO PROPERTY,4.0,3.0,2026-09-09,2026-09-22,2026-09-23,2026-10-06,42.38311217883099,-83.06795647584747,North End,Hague St & Cameron St,North End
882ab2cf47fffff,3.0,2.0,Declining Hotspot,-1.0,-33.33,2.0,08,All,All,3.0,3.0,2026-09-11,2026-09-24,2026-09-25,2026-10-08,42.40994446892946,-83.23282382522639,North Rosedale Park,Huntington Rd & Bretton Dr,North Rosedale Park
882ab2cf43fffff,3.0,0.0,Declining Hotspot,-3.0,-100.0,0.0,08,All,All,3.0,3.0,2026-09-11,2026-09-24,2026-09-25,2026-10-08,42.411788829849776,-83.2242180088488,North Rosedale Park,Glastonbury Rd & Puritan St,North Rosedale Park
882ab2cf47fffff,3.0,2.0,Declining Hotspot,-1.0,-33.33,2.0,ALL,All,All,3.0,3.0,2026-09-11,2026-09-24,2026-09-25,2026-10-08,42.40994446892946,-83.23282382522639,North Rosedale Park,Huntington Rd & Bretton Dr,North Rosedale Park
882ab2cf43fffff,3.0,0.0,Declining Hotspot,-3.0,-100.0,0.0,ALL,All,All,3.0,3.0,2026-09-11,2026-09-24,2026-09-25,2026-10-08,42.411788829849776,-83.2242180088488,North Rosedale Park,Glastonbury Rd & Puritan St,North Rosedale Park
882ab2c0d7fffff,6.0,11.0,Emerging Hotspot,5.0,83.33,18.5,11,All,All,7.0,9.0,2026-09-08,2026-09-21,2026-09-22,2026-10-05,42.43049752508099,-83.08032704999088,Northeast Central District,E Robinwood St & Goddard St,Northeast Central District
882ab2c0d3fffff,7.0,4.0,Declining Hotspot,-3.0,-42.86,4.0,11,All,All,7.0,9.0,2026-09-08,2026-09-21,2026-09-22,2026-10-05,42.42660855373346,-83.07178653388091,Northeast Central District,Mitchell St & E Hildale St,Northeast Central District
882ab2c0d7fffff,6.0,11.0,Emerging Hotspot,5.0,83.33,18.5,ALL,All,All,7.0,9.0,2026-09-08,2026-09-21,2026-09-22,2026-10-05,42.43049752508099,-83.08032704999088,Northeast Central District,E Robinwood St & Goddard St,Northeast Central District
882ab2c0d3fffff,7.0,4.0,Declining Hotspot,-3.0,-42.86,4.0,ALL,All,All,7.0,9.0,2026-09-08,2026-09-21,2026-09-22,2026-10-05,42.42660855373346,-83.07178653388091,Northeast Central District,Mitchell St & E Hildale St,Northeast Central District
882ab2c0d7fffff,4.0,1.0,Declining Hotspot,-3.0,-75.0,1.0,11,Category Focus,Property Crime,4.0,3.0,2026-09-08,2026-09-21,2026-09-22,2026-10-05,42.43049752508099,-83.08032704999088,Northeast Central District,E Robinwood St & Goddard St,Northeast Central District
882ab2c0d7fffff,4.0,1.0,Declining Hotspot,-3.0,-75.0,1.0,ALL,Category Focus,Property Crime,4.0,3.0,2026-09-08,2026-09-21,2026-09-22,2026-10-05,42.43049752508099,-83.08032704999088,Northeast Central District,E Robinwood St & Goddard St,Northeast Central District
882ab2c0d7fffff,2.0,6.0,Emerging Hotspot,4.0,200.0,12.0,11,Category Focus,Violent Crime,3.0,5.0,2026-09-08,2026-09-21,2026-09-22,2026-10-05,42.43049752508099,-83.08032704999088,Northeast Central District,E Robinwood St & Goddard St,Northeast Central District
882ab2c0d7fffff,2.0,6.0,Emerging Hotspot,4.0,200.0,12.0,ALL,Category Focus,Violent Crime,3.0,5.0,2026-09-08,2026-09-21,2026-09-22,2026-10-05,42.43049752508099,-83.08032704999088,Northeast Central District,E Robinwood St & Goddard St,Northeast Central District
882ab2c0d7fffff,2.0,6.0,Emerging Hotspot,4.0,200.0,12.0,11,Crime Type,ASSAULT,3.0,5.0,2026-09-08,2026-09-21,2026-09-22,2026-10-05,42.43049752508099,-83.08032704999088,Northeast Central District,E Robinwood St & Goddard St,Northeast Central District
882ab2c0d7fffff,2.0,6.0,Emerging Hotspot,4.0,200.0,12.0,ALL,Crime Type,ASSAULT,3.0,5.0,2026-09-08,2026-09-21,2026-09-22,2026-10-05,42.43049752508099,-83.08032704999088,Northeast Central District,E Robinwood St & Goddard St,Northeast Central District
882ab2c0d7fffff,3.0,1.0,Declining Hotspot,-2.0,-66.67,1.0,11,Crime Type,LARCENY,3.0,3.0,2026-09-08,2026-09-21,2026-09-22,2026-10-05,42.43049752508099,-83.08032704999088,Northeast Central District,E Robinwood St & Goddard St,Northeast Central District
882ab2c0d7fffff,3.0,1.0,Declining Hotspot,-2.0,-66.67,1.0,ALL,Crime Type,LARCENY,3.0,3.0,2026-09-08,2026-09-21,2026-09-22,2026-10-05,42.43049752508099,-83.08032704999088,Northeast Central District,E Robinwood St & Goddard St,Northeast Central District
882ab2ce05fffff,6.0,7.0,Persistent Hotspot,1.0,16.67,10.95,02,All,All,4.0,7.0,2026-09-10,2026-09-23,2026-09-24,2026-10-07,42.38828510968041,-83.16765276480753,Northwest Community,Schoolcraft St & Manor,Northwest Community
882ab2ce05fffff,6.0,7.0,Persistent Hotspot,1.0,16.67,10.95,ALL,All,All,4.0,7.0,2026-09-10,2026-09-23,2026-09-24,2026-10-07,42.38828510968041,-83.16765276480753,Northwest Community,Schoolcraft St & Manor,Northwest Community
882ab2ce05fffff,3.0,5.0,Persistent Hotspot,2.0,66.67,9.75,02,Category Focus,Property Crime,3.0,5.0,2026-09-10,2026-09-23,2026-09-24,2026-10-07,42.38828510968041,-83.16765276480753,Northwest Community,Schoolcraft St & Manor,Northwest Community
882ab2ce05fffff,3.0,5.0,Persistent Hotspot,2.0,66.67,9.75,ALL,Category Focus,Property Crime,3.0,5.0,2026-09-10,2026-09-23,2026-09-24,2026-10-07,42.38828510968041,-83.16765276480753,Northwest Community,Schoolcraft St & Manor,Northwest Community
882ab2ce05fffff,2.0,4.0,Emerging Hotspot,2.0,100.0,7.0,02,Crime Type,BURGLARY,3.0,4.0,2026-09-10,2026-09-23,2026-09-24,2026-10-07,42.38828510968041,-83.16765276480753,Northwest Community,Schoolcraft St & Manor,Northwest Community
882ab2ce05fffff,2.0,4.0,Emerging Hotspot,2.0,100.0,7.0,ALL,Crime Type,BURGLARY,3.0,4.0,2026-09-10,2026-09-23,2026-09-24,2026-10-07,42.38828510968041,-83.16765276480753,Northwest Community,Schoolcraft St & Manor,Northwest Community
882ab2c741fffff,1.0,12.0,Emerging Hotspot,11.0,1100.0,28.5,11,All,All,4.0,9.0,2026-09-11,2026-09-24,2026-09-25,2026-10-08,42.43895435560887,-83.01629628214067,Nortown,E Lantz St & E Outer Dr,Nortown
882ab2c76bfffff,8.0,4.0,Declining Hotspot,-4.0,-50.0,4.0,11,All,All,4.0,9.0,2026-09-11,2026-09-24,2026-09-25,2026-10-08,42.43867328148504,-83.02909497350063,Nortown,E Lantz St & Packard St,Nortown
882ab2c741fffff,1.0,12.0,Emerging Hotspot,11.0,1100.0,28.5,ALL,All,All,4.0,9.0,2026-09-11,2026-09-24,2026-09-25,2026-10-08,42.43895435560887,-83.01629628214067,Nortown,E Lantz St & E Outer Dr,Nortown
882ab2c76bfffff,8.0,4.0,Declining Hotspot,-4.0,-50.0,4.0,ALL,All,All,4.0,9.0,2026-09-11,2026-09-24,2026-09-25,2026-10-08,42.43867328148504,-83.02909497350063,Nortown,E Lantz St & Packard St,Nortown
882ab2c741fffff,0.0,4.0,New Hotspot,4.0,,10.0,11,Category Focus,Property Crime,4.0,4.0,2026-09-11,2026-09-24,2026-09-25,2026-10-08,42.43895435560887,-83.01629628214067,Nortown,E Lantz St & E Outer Dr,Nortown
882ab2c747fffff,1.0,4.0,Emerging Hotspot,3.0,300.0,8.5,11,Category Focus,Property Crime,4.0,4.0,2026-09-11,2026-09-24,2026-09-25,2026-10-08,42.43723448418475,-83.0195118093947,Nortown,E Lantz St & Kempa St,Nortown
882ab2c76bfffff,4.0,1.0,Declining Hotspot,-3.0,-75.0,1.0,11,Category Focus,Property Crime,4.0,4.0,2026-09-11,2026-09-24,2026-09-25,2026-10-08,42.43867328148504,-83.02909497350063,Nortown,E Lantz St & Packard St,Nortown
882ab2c741fffff,0.0,4.0,New Hotspot,4.0,,10.0,ALL,Category Focus,Property Crime,4.0,4.0,2026-09-11,2026-09-24,2026-09-25,2026-10-08,42.43895435560887,-83.01629628214067,Nortown,E Lantz St & E Outer Dr,Nortown
882ab2c747fffff,1.0,4.0,Emerging Hotspot,3.0,300.0,8.5,ALL,Category Focus,Property Crime,4.0,4.0,2026-09-11,2026-09-24,2026-09-25,2026-10-08,42.43723448418475,-83.0195118093947,Nortown,E Lantz St & Kempa St,Nortown
882ab2c76bfffff,4.0,1.0,Declining Hotspot,-3.0,-75.0,1.0,ALL,Category Focus,Property Crime,4.0,4.0,2026-09-11,2026-09-24,2026-09-25,2026-10-08,42.43867328148504,-83.02909497350063,Nortown,E Lantz St & Packard St,Nortown
882ab2c747fffff,0.0,3.0,New Hotspot,3.0,,7.5,11,Category Focus,Vehicle-Related Crime,3.0,3.0,2026-09-11,2026-09-24,2026-09-25,2026-10-08,42.43723448418475,-83.0195118093947,Nortown,E Lantz St & Kempa St,Nortown
882ab2c747fffff,0.0,3.0,New Hotspot,3.0,,7.5,ALL,Category Focus,Vehicle-Related Crime,3.0,3.0,2026-09-11,2026-09-24,2026-09-25,2026-10-08,42.43723448418475,-83.0195118093947,Nortown,E Lantz St & Kempa St,Nortown
882ab2c741fffff,1.0,6.0,Emerging Hotspot,5.0,500.0,13.5,11,Category Focus,Violent Crime,3.0,4.0,2026-09-11,2026-09-24,2026-09-25,2026-10-08,42.43895435560887,-83.01629628214067,Nortown,E Lantz St & E Outer Dr,Nortown
882ab2c76bfffff,3.0,1.0,Declining Hotspot,-2.0,-66.67,1.0,11,Category Focus,Violent Crime,3.0,4.0,2026-09-11,2026-09-24,2026-09-25,2026-10-08,42.43867328148504,-83.02909497350063,Nortown,E Lantz St & Packard St,Nortown
882ab2c741fffff,1.0,6.0,Emerging Hotspot,5.0,500.0,13.5,ALL,Category Focus,Violent Crime,3.0,4.0,2026-09-11,2026-09-24,2026-09-25,2026-10-08,42.43895435560887,-83.01629628214067,Nortown,E Lantz St & E Outer Dr,Nortown
882ab2c76bfffff,3.0,1.0,Declining Hotspot,-2.0,-66.67,1.0,ALL,Category Focus,Violent Crime,3.0,4.0,2026-09-11,2026-09-24,2026-09-25,2026-10-08,42.43867328148504,-83.02909497350063,Nortown,E Lantz St & Packard St,Nortown
882ab2c741fffff,1.0,5.0,Emerging Hotspot,4.0,400.0,11.0,11,Crime Type,ASSAULT,3.0,4.0,2026-09-11,2026-09-24,2026-09-25,2026-10-08,42.43895435560887,-83.01629628214067,Nortown,E Lantz St & E Outer Dr,Nortown
882ab2c741fffff,1.0,5.0,Emerging Hotspot,4.0,400.0,11.0,ALL,Crime Type,ASSAULT,3.0,4.0,2026-09-11,2026-09-24,2026-09-25,2026-10-08,42.43895435560887,-83.01629628214067,Nortown,E Lantz St & E Outer Dr,Nortown
882ab2c741fffff,0.0,4.0,New Hotspot,4.0,,10.0,11,Crime Type,DAMAGE TO PROPERTY,3.0,4.0,2026-09-11,2026-09-24,2026-09-25,2026-10-08,42.43895435560887,-83.01629628214067,Nortown,E Lantz St & E Outer Dr,Nortown
882ab2c76bfffff,3.0,0.0,Declining Hotspot,-3.0,-100.0,0.0,11,Crime Type,DAMAGE TO PROPERTY,3.0,4.0,2026-09-11,2026-09-24,2026-09-25,2026-10-08,42.43867328148504,-83.02909497350063,Nortown,E Lantz St & Packard St,Nortown
882ab2c741fffff,0.0,4.0,New Hotspot,4.0,,10.0,ALL,Crime Type,DAMAGE TO PROPERTY,3.0,4.0,2026-09-11,2026-09-24,2026-09-25,2026-10-08,42.43895435560887,-83.01629628214067,Nortown,E Lantz St & E Outer Dr,Nortown
882ab2c76bfffff,3.0,0.0,Declining Hotspot,-3.0,-100.0,0.0,ALL,Crime Type,DAMAGE TO PROPERTY,3.0,4.0,2026-09-11,2026-09-24,2026-09-25,2026-10-08,42.43867328148504,-83.02909497350063,Nortown,E Lantz St & Packard St,Nortown
882ab2c1a7fffff,4.0,5.0,Emerging Hotspot,1.0,25.0,6.5,08,All,All,7.0,5.0,2026-09-09,2026-09-22,2026-09-23,2026-10-06,42.43359231326431,-83.22189681546453,O'Hair Park,Rosemont Ave & Saint Martins Ave,O'Hair Park
882ab2c1a5fffff,6.0,6.0,Emerging Hotspot,0.0,0.0,6.0,08,All,All,7.0,5.0,2026-09-09,2026-09-22,2026-09-23,2026-10-06,42.43888871094833,-83.22596989636799,O'Hair Park,Greenview Ave & W 8 Mile Rd,O'Hair Park
882ab2ca9bfffff,8.0,5.0,Persistent Hotspot,-3.0,-37.5,6.75,08,All,All,7.0,5.0,2026-09-09,2026-09-22,2026-09-23,2026-10-06,42.433480165568085,-83.23381342470212,O'Hair Park,Edinborough Rd & Vassar Ave,O'Hair Park
882ab2c1a7fffff,4.0,5.0,Emerging Hotspot,1.0,25.0,6.5,ALL,All,All,7.0,5.0,2026-09-09,2026-09-22,2026-09-23,2026-10-06,42.43359231326431,-83.22189681546453,O'Hair Park,Rosemont Ave & Saint Martins Ave,O'Hair Park
882ab2c1a5fffff,6.0,6.0,Emerging Hotspot,0.0,0.0,6.0,ALL,All,All,7.0,5.0,2026-09-09,2026-09-22,2026-09-23,2026-10-06,42.43888871094833,-83.22596989636799,O'Hair Park,Greenview Ave & W 8 Mile Rd,O'Hair Park
882ab2ca9bfffff,8.0,5.0,Persistent Hotspot,-3.0,-37.5,6.75,ALL,All,All,7.0,5.0,2026-09-09,2026-09-22,2026-09-23,2026-10-06,42.433480165568085,-83.23381342470212,O'Hair Park,Edinborough Rd & Vassar Ave,O'Hair Park
882ab2c1a7fffff,4.0,2.0,Declining Hotspot,-2.0,-50.0,2.0,08,Category Focus,Property Crime,3.0,3.0,2026-09-09,2026-09-22,2026-09-23,2026-10-06,42.43359231326431,-83.22189681546453,O'Hair Park,Rosemont Ave & Saint Martins Ave,O'Hair Park
882ab2c1a7fffff,4.0,2.0,Declining Hotspot,-2.0,-50.0,2.0,ALL,Category Focus,Property Crime,3.0,3.0,2026-09-09,2026-09-22,2026-09-23,2026-10-06,42.43359231326431,-83.22189681546453,O'Hair Park,Rosemont Ave & Saint Martins Ave,O'Hair Park
882ab2ca9bfffff,3.0,2.0,Declining Hotspot,-1.0,-33.33,2.0,08,Category Focus,Vehicle-Related Crime,3.0,3.0,2026-09-09,2026-09-22,2026-09-23,2026-10-06,42.433480165568085,-83.23381342470212,O'Hair Park,Edinborough Rd & Vassar Ave,O'Hair Park
882ab2ca9bfffff,3.0,2.0,Declining Hotspot,-1.0,-33.33,2.0,ALL,Category Focus,Vehicle-Related Crime,3.0,3.0,2026-09-09,2026-09-22,2026-09-23,2026-10-06,42.433480165568085,-83.23381342470212,O'Hair Park,Edinborough Rd & Vassar Ave,O'Hair Park
882ab2c1a7fffff,0.0,3.0,New Hotspot,3.0,,7.5,08,Category Focus,Violent Crime,5.0,3.0,2026-09-09,2026-09-22,2026-09-23,2026-10-06,42.43359231326431,-83.22189681546453,O'Hair Park,Rosemont Ave & Saint Martins Ave,O'Hair Park
882ab2c1a5fffff,4.0,5.0,Emerging Hotspot,1.0,25.0,6.5,08,Category Focus,Violent Crime,5.0,3.0,2026-09-09,2026-09-22,2026-09-23,2026-10-06,42.43888871094833,-83.22596989636799,O'Hair Park,Greenview Ave & W 8 Mile Rd,O'Hair Park
882ab2ca9bfffff,5.0,3.0,Persistent Hotspot,-2.0,-40.0,4.05,08,Category Focus,Violent Crime,5.0,3.0,2026-09-09,2026-09-22,2026-09-23,2026-10-06,42.433480165568085,-83.23381342470212,O'Hair Park,Edinborough Rd & Vassar Ave,O'Hair Park
882ab2c1a7fffff,0.0,3.0,New Hotspot,3.0,,7.5,ALL,Category Focus,Violent Crime,5.0,3.0,2026-09-09,2026-09-22,2026-09-23,2026-10-06,42.43359231326431,-83.22189681546453,O'Hair Park,Rosemont Ave & Saint Martins Ave,O'Hair Park
882ab2c1a5fffff,4.0,5.0,Emerging Hotspot,1.0,25.0,6.5,ALL,Category Focus,Violent Crime,5.0,3.0,2026-09-09,2026-09-22,2026-09-23,2026-10-06,42.43888871094833,-83.22596989636799,O'Hair Park,Greenview Ave & W 8 Mile Rd,O'Hair Park
882ab2ca9bfffff,5.0,3.0,Persistent Hotspot,-2.0,-40.0,4.05,ALL,Category Focus,Violent Crime,5.0,3.0,2026-09-09,2026-09-22,2026-09-23,2026-10-06,42.433480165568085,-83.23381342470212,O'Hair Park,Edinborough Rd & Vassar Ave,O'Hair Park
882ab2c1a5fffff,2.0,4.0,Emerging Hotspot,2.0,100.0,7.0,08,Crime Type,ASSAULT,3.0,3.0,2026-09-09,2026-09-22,2026-09-23,2026-10-06,42.43888871094833,-83.22596989636799,O'Hair Park,Greenview Ave & W 8 Mile Rd,O'Hair Park
882ab2ca9bfffff,3.0,3.0,Persistent Hotspot,0.0,0.0,4.05,08,Crime Type,ASSAULT,3.0,3.0,2026-09-09,2026-09-22,2026-09-23,2026-10-06,42.433480165568085,-83.23381342470212,O'Hair Park,Edinborough Rd & Vassar Ave,O'Hair Park
882ab2c1a5fffff,2.0,4.0,Emerging Hotspot,2.0,100.0,7.0,ALL,Crime Type,ASSAULT,3.0,3.0,2026-09-09,2026-09-22,2026-09-23,2026-10-06,42.43888871094833,-83.22596989636799,O'Hair Park,Greenview Ave & W 8 Mile Rd,O'Hair Park
882ab2ca9bfffff,3.0,3.0,Persistent Hotspot,0.0,0.0,4.05,ALL,Crime Type,ASSAULT,3.0,3.0,2026-09-09,2026-09-22,2026-09-23,2026-10-06,42.433480165568085,-83.23381342470212,O'Hair Park,Edinborough Rd & Vassar Ave,O'Hair Park
882ab2c1a7fffff,4.0,1.0,Declining Hotspot,-3.0,-75.0,1.0,08,Crime Type,LARCENY,4.0,3.0,2026-09-09,2026-09-22,2026-09-23,2026-10-06,42.43359231326431,-83.22189681546453,O'Hair Park,Rosemont Ave & Saint Martins Ave,O'Hair Park
882ab2c1a7fffff,4.0,1.0,Declining Hotspot,-3.0,-75.0,1.0,ALL,Crime Type,LARCENY,4.0,3.0,2026-09-09,2026-09-22,2026-09-23,2026-10-06,42.43359231326431,-83.22189681546453,O'Hair Park,Rosemont Ave & Saint Martins Ave,O'Hair Park
882ab2cf61fffff,6.0,11.0,Persistent Hotspot,5.0,83.33,22.35,08,All,All,6.0,6.0,2026-09-10,2026-09-23,2026-09-24,2026-10-07,42.41467095211328,-83.25624350963436,Oak Grove District 1,Chapel St & W McNichols Rd,Oak Grove District 1
882ab2cf61fffff,6.0,11.0,Persistent Hotspot,5.0,83.33,22.35,ALL,All,All,6.0,6.0,2026-09-10,2026-09-23,2026-09-24,2026-10-07,42.41467095211328,-83.25624350963436,Oak Grove District 1,Chapel St & W McNichols Rd,Oak Grove District 1
882ab2cf61fffff,3.0,3.0,Persistent Hotspot,0.0,0.0,4.05,08,Category Focus,Property Crime,3.0,3.0,2026-09-10,2026-09-23,2026-09-24,2026-10-07,42.41467095211328,-83.25624350963436,Oak Grove District 1,Chapel St & W McNichols Rd,Oak Grove District 1
882ab2cf61fffff,3.0,3.0,Persistent Hotspot,0.0,0.0,4.05,ALL,Category Focus,Property Crime,3.0,3.0,2026-09-10,2026-09-23,2026-09-24,2026-10-07,42.41467095211328,-83.25624350963436,Oak Grove District 1,Chapel St & W McNichols Rd,Oak Grove District 1
882ab2cf61fffff,2.0,5.0,Emerging Hotspot,3.0,150.0,9.5,08,Category Focus,Violent Crime,3.0,4.0,2026-09-10,2026-09-23,2026-09-24,2026-10-07,42.41467095211328,-83.25624350963436,Oak Grove District 1,Chapel St & W McNichols Rd,Oak Grove District 1
882ab2cf61fffff,2.0,5.0,Emerging Hotspot,3.0,150.0,9.5,ALL,Category Focus,Violent Crime,3.0,4.0,2026-09-10,2026-09-23,2026-09-24,2026-10-07,42.41467095211328,-83.25624350963436,Oak Grove District 1,Chapel St & W McNichols Rd,Oak Grove District 1
882ab2cf61fffff,2.0,5.0,Emerging Hotspot,3.0,150.0,9.5,08,Crime Type,ASSAULT,3.0,4.0,2026-09-10,2026-09-23,2026-09-24,2026-10-07,42.41467095211328,-83.25624350963436,Oak Grove District 1,Chapel St & W McNichols Rd,Oak Grove District 1
882ab2cf61fffff,2.0,5.0,Emerging Hotspot,3.0,150.0,9.5,ALL,Crime Type,ASSAULT,3.0,4.0,2026-09-10,2026-09-23,2026-09-24,2026-10-07,42.41467095211328,-83.25624350963436,Oak Grove District 1,Chapel St & W McNichols Rd,Oak Grove District 1
882ab2c1d3fffff,3.0,3.0,Persistent Hotspot,0.0,0.0,4.05,12,All,All,3.0,3.0,2026-09-08,2026-09-21,2026-09-22,2026-10-05,42.43506549083071,-83.1507589728864,Oak Grove District 2,Woodingham Dr & W Outer Dr,Oak Grove District 2
882ab2c1d3fffff,3.0,3.0,Persistent Hotspot,0.0,0.0,4.05,ALL,All,All,3.0,3.0,2026-09-08,2026-09-21,2026-09-22,2026-10-05,42.43506549083071,-83.1507589728864,Oak Grove District 2,Woodingham Dr & W Outer Dr,Oak Grove District 2
882ab2c1d3fffff,3.0,2.0,Declining Hotspot,-1.0,-33.33,2.0,12,Category Focus,Property Crime,3.0,3.0,2026-09-08,2026-09-21,2026-09-22,2026-10-05,42.43506549083071,-83.1507589728864,Oak Grove District 2,Woodingham Dr & W Outer Dr,Oak Grove District 2
882ab2c1d3fffff,3.0,2.0,Declining Hotspot,-1.0,-33.33,2.0,ALL,Category Focus,Property Crime,3.0,3.0,2026-09-08,2026-09-21,2026-09-22,2026-10-05,42.43506549083071,-83.1507589728864,Oak Grove District 2,Woodingham Dr & W Outer Dr,Oak Grove District 2
882ab2ce11fffff,1.0,8.0,Emerging Hotspot,7.0,700.0,18.5,10,All,All,12.0,7.0,2026-09-11,2026-09-24,2026-09-25,2026-10-08,42.369695347927376,-83.14132783095559,Oakman Blvd Community,Grand River Ave & Monica St,Oakman Blvd Community
882ab2ce55fffff,12.0,7.0,Persistent Hotspot,-5.0,-41.67,9.45,10,All,All,12.0,7.0,2026-09-11,2026-09-24,2026-09-25,2026-10-08,42.39210016036036,-83.13601369124544,Oakman Blvd Community,Kendall St & Livernois Ave,Oakman Blvd Community
882ab2ce1dfffff,17.0,6.0,Declining Hotspot,-11.0,-64.71,6.0,10,All,All,12.0,7.0,2026-09-11,2026-09-24,2026-09-25,2026-10-08,42.37615505542366,-83.14161011206531,Oakman Blvd Community,Monica St & Fullerton St,Oakman Blvd Community
882ab2ce59fffff,12.0,4.0,Declining Hotspot,-8.0,-66.67,4.0,10,All,All,12.0,7.0,2026-09-11,2026-09-24,2026-09-25,2026-10-08,42.39606468132436,-83.12062474480948,Oakman Blvd Community,Ford St & Linwood St,Oakman Blvd Community
882ab2ce11fffff,1.0,9.0,Emerging Hotspot,8.0,800.0,21.0,ALL,All,All,12.0,7.0,2026-09-11,2026-09-24,2026-09-25,2026-10-08,42.369695347927376,-83.14132783095559,Oakman Blvd Community,Grand River Ave & Monica St,Oakman Blvd Community
882ab2ce55fffff,12.0,7.0,Persistent Hotspot,-5.0,-41.67,9.45,ALL,All,All,12.0,7.0,2026-09-11,2026-09-24,2026-09-25,2026-10-08,42.39210016036036,-83.13601369124544,Oakman Blvd Community,Kendall St & Livernois Ave,Oakman Blvd Community
882ab2ce1dfffff,17.0,6.0,Declining Hotspot,-11.0,-64.71,6.0,ALL,All,All,12.0,7.0,2026-09-11,2026-09-24,2026-09-25,2026-10-08,42.37615505542366,-83.14161011206531,Oakman Blvd Community,Monica St & Fullerton St,Oakman Blvd Community
882ab2ce59fffff,12.0,4.0,Declining Hotspot,-8.0,-66.67,4.0,ALL,All,All,12.0,7.0,2026-09-11,2026-09-24,2026-09-25,2026-10-08,42.39606468132436,-83.12062474480948,Oakman Blvd Community,Ford St & Linwood St,Oakman Blvd Community
882ab2ce11fffff,0.0,6.0,New Hotspot,6.0,,15.0,10,Category Focus,Property Crime,3.0,4.0,2026-09-11,2026-09-24,2026-09-25,2026-10-08,42.369695347927376,-83.14132783095559,Oakman Blvd Community,Grand River Ave & Monica St,Oakman Blvd Community
882ab2ce1dfffff,6.0,2.0,Declining Hotspot,-4.0,-66.67,2.0,10,Category Focus,Property Crime,3.0,4.0,2026-09-11,2026-09-24,2026-09-25,2026-10-08,42.37615505542366,-83.14161011206531,Oakman Blvd Community,Monica St & Fullerton St,Oakman Blvd Community
882ab2ce0bfffff,3.0,1.0,Declining Hotspot,-2.0,-66.67,1.0,10,Category Focus,Property Crime,3.0,4.0,2026-09-11,2026-09-24,2026-09-25,2026-10-08,42.387097077593715,-83.14348818614152,Oakman Blvd Community,Ewald Cir & W Davison St,Oakman Blvd Community
882ab2ce59fffff,3.0,0.0,Declining Hotspot,-3.0,-100.0,0.0,10,Category Focus,Property Crime,3.0,4.0,2026-09-11,2026-09-24,2026-09-25,2026-10-08,42.39606468132436,-83.12062474480948,Oakman Blvd Community,Ford St & Linwood St,Oakman Blvd Community
882ab2ce11fffff,0.0,6.0,New Hotspot,6.0,,15.0,ALL,Category Focus,Property Crime,3.0,3.0,2026-09-11,2026-09-24,2026-09-25,2026-10-08,42.369695347927376,-83.14132783095559,Oakman Blvd Community,Grand River Ave & Monica St,Oakman Blvd Community
882ab2ce51fffff,1.0,3.0,Emerging Hotspot,2.0,200.0,6.0,ALL,Category Focus,Property Crime,3.0,3.0,2026-09-11,2026-09-24,2026-09-25,2026-10-08,42.39199319262401,-83.1274379459159,Oakman Blvd Community,Dexter Ave & W Davison St,Oakman Blvd Community
882ab2ce1dfffff,6.0,2.0,Declining Hotspot,-4.0,-66.67,2.0,ALL,Category Focus,Property Crime,3.0,3.0,2026-09-11,2026-09-24,2026-09-25,2026-10-08,42.37615505542366,-83.14161011206531,Oakman Blvd Community,Monica St & Fullerton St,Oakman Blvd Community
882ab2ce0bfffff,3.0,1.0,Declining Hotspot,-2.0,-66.67,1.0,ALL,Category Focus,Property Crime,3.0,3.0,2026-09-11,2026-09-24,2026-09-25,2026-10-08,42.387097077593715,-83.14348818614152,Oakman Blvd Community,Ewald Cir & W Davison St,Oakman Blvd Community
882ab2ce59fffff,3.0,0.0,Declining Hotspot,-3.0,-100.0,0.0,ALL,Category Focus,Property Crime,3.0,3.0,2026-09-11,2026-09-24,2026-09-25,2026-10-08,42.39606468132436,-83.12062474480948,Oakman Blvd Community,Ford St & Linwood St,Oakman Blvd Community
882ab2ce1dfffff,3.0,1.0,Declining Hotspot,-2.0,-66.67,1.0,10,Category Focus,Vehicle-Related Crime,3.0,3.0,2026-09-11,2026-09-24,2026-09-25,2026-10-08,42.37615505542366,-83.14161011206531,Oakman Blvd Community,Monica St & Fullerton St,Oakman Blvd Community
882ab2ce1dfffff,3.0,1.0,Declining Hotspot,-2.0,-66.67,1.0,ALL,Category Focus,Vehicle-Related Crime,3.0,3.0,2026-09-11,2026-09-24,2026-09-25,2026-10-08,42.37615505542366,-83.14161011206531,Oakman Blvd Community,Monica St & Fullerton St,Oakman Blvd Community
882ab2ce59fffff,4.0,4.0,Emerging Hotspot,0.0,0.0,4.0,10,Category Focus,Violent Crime,5.0,3.0,2026-09-11,2026-09-24,2026-09-25,2026-10-08,42.39606468132436,-83.12062474480948,Oakman Blvd Community,Ford St & Linwood St,Oakman Blvd Community
882ab2ce55fffff,5.0,3.0,Persistent Hotspot,-2.0,-40.0,4.05,10,Category Focus,Violent Crime,5.0,3.0,2026-09-11,2026-09-24,2026-09-25,2026-10-08,42.39210016036036,-83.13601369124544,Oakman Blvd Community,Kendall St & Livernois Ave,Oakman Blvd Community
882ab2ce1dfffff,5.0,1.0,Declining Hotspot,-4.0,-80.0,1.0,10,Category Focus,Violent Crime,5.0,3.0,2026-09-11,2026-09-24,2026-09-25,2026-10-08,42.37615505542366,-83.14161011206531,Oakman Blvd Community,Monica St & Fullerton St,Oakman Blvd Community
882ab2ce59fffff,4.0,4.0,Emerging Hotspot,0.0,0.0,4.0,ALL,Category Focus,Violent Crime,5.0,3.0,2026-09-11,2026-09-24,2026-09-25,2026-10-08,42.39606468132436,-83.12062474480948,Oakman Blvd Community,Ford St & Linwood St,Oakman Blvd Community
882ab2ce55fffff,5.0,3.0,Persistent Hotspot,-2.0,-40.0,4.05,ALL,Category Focus,Violent Crime,5.0,3.0,2026-09-11,2026-09-24,2026-09-25,2026-10-08,42.39210016036036,-83.13601369124544,Oakman Blvd Community,Kendall St & Livernois Ave,Oakman Blvd Community
882ab2ce1dfffff,5.0,1.0,Declining Hotspot,-4.0,-80.0,1.0,ALL,Category Focus,Violent Crime,5.0,3.0,2026-09-11,2026-09-24,2026-09-25,2026-10-08,42.37615505542366,-83.14161011206531,Oakman Blvd Community,Monica St & Fullerton St,Oakman Blvd Community
882ab2ce1dfffff,5.0,1.0,Declining Hotspot,-4.0,-80.0,1.0,10,Crime Type,ASSAULT,4.0,3.0,2026-09-11,2026-09-24,2026-09-25,2026-10-08,42.37615505542366,-83.14161011206531,Oakman Blvd Community,Monica St & Fullerton St,Oakman Blvd Community
882ab2ce1dfffff,5.0,1.0,Declining Hotspot,-4.0,-80.0,1.0,ALL,Crime Type,ASSAULT,4.0,3.0,2026-09-11,2026-09-24,2026-09-25,2026-10-08,42.37615505542366,-83.14161011206531,Oakman Blvd Community,Monica St & Fullerton St,Oakman Blvd Community
882ab2ce11fffff,0.0,3.0,New Hotspot,3.0,,7.5,10,Crime Type,DAMAGE TO PROPERTY,4.0,3.0,2026-09-11,2026-09-24,2026-09-25,2026-10-08,42.369695347927376,-83.14132783095559,Oakman Blvd Community,Grand River Ave & Monica St,Oakman Blvd Community
882ab2ce1dfffff,5.0,1.0,Declining Hotspot,-4.0,-80.0,1.0,10,Crime Type,DAMAGE TO PROPERTY,4.0,3.0,2026-09-11,2026-09-24,2026-09-25,2026-10-08,42.37615505542366,-83.14161011206531,Oakman Blvd Community,Monica St & Fullerton St,Oakman Blvd Community
882ab2ce11fffff,0.0,3.0,New Hotspot,3.0,,7.5,ALL,Crime Type,DAMAGE TO PROPERTY,4.0,3.0,2026-09-11,2026-09-24,2026-09-25,2026-10-08,42.369695347927376,-83.14132783095559,Oakman Blvd Community,Grand River Ave & Monica St,Oakman Blvd Community
882ab2ce1dfffff,5.0,1.0,Declining Hotspot,-4.0,-80.0,1.0,ALL,Crime Type,DAMAGE TO PROPERTY,4.0,3.0,2026-09-11,2026-09-24,2026-09-25,2026-10-08,42.37615505542366,-83.14161011206531,Oakman Blvd Community,Monica St & Fullerton St,Oakman Blvd Community
882ab2ce55fffff,4.0,3.0,Persistent Hotspot,-1.0,-25.0,4.05,10,Crime Type,FRAUD,4.0,3.0,2026-09-11,2026-09-24,2026-09-25,2026-10-08,42.39210016036036,-83.13601369124544,Oakman Blvd Community,Kendall St & Livernois Ave,Oakman Blvd Community
882ab2ce55fffff,4.0,3.0,Persistent Hotspot,-1.0,-25.0,4.05,ALL,Crime Type,FRAUD,4.0,3.0,2026-09-11,2026-09-24,2026-09-25,2026-10-08,42.39210016036036,-83.13601369124544,Oakman Blvd Community,Kendall St & Livernois Ave,Oakman Blvd Community
882ab2ce0bfffff,3.0,0.0,Declining Hotspot,-3.0,-100.0,0.0,10,Crime Type,LARCENY,3.0,3.0,2026-09-11,2026-09-24,2026-09-25,2026-10-08,42.387097077593715,-83.14348818614152,Oakman Blvd Community,Ewald Cir & W Davison St,Oakman Blvd Community
882ab2ce0bfffff,3.0,0.0,Declining Hotspot,-3.0,-100.0,0.0,ALL,Crime Type,LARCENY,3.0,3.0,2026-09-11,2026-09-24,2026-09-25,2026-10-08,42.387097077593715,-83.14348818614152,Oakman Blvd Community,Ewald Cir & W Davison St,Oakman Blvd Community
882ab2ce1dfffff,3.0,1.0,Declining Hotspot,-2.0,-66.67,1.0,10,Crime Type,STOLEN VEHICLE,3.0,3.0,2026-09-11,2026-09-24,2026-09-25,2026-10-08,42.37615505542366,-83.14161011206531,Oakman Blvd Community,Monica St & Fullerton St,Oakman Blvd Community
882ab2ce1dfffff,3.0,1.0,Declining Hotspot,-2.0,-66.67,1.0,ALL,Crime Type,STOLEN VEHICLE,3.0,3.0,2026-09-11,2026-09-24,2026-09-25,2026-10-08,42.37615505542366,-83.14161011206531,Oakman Blvd Community,Monica St & Fullerton St,Oakman Blvd Community
882ab2cf61fffff,0.0,4.0,New Hotspot,4.0,,10.0,08,All,All,3.0,4.0,2026-09-06,2026-09-19,2026-09-20,2026-10-03,42.41667522045822,-83.25806781263765,Old Redford,Grand River Ave & Lahser Rd,Old Redford
882ab2cf61fffff,0.0,4.0,New Hotspot,4.0,,10.0,ALL,All,All,3.0,4.0,2026-09-06,2026-09-19,2026-09-20,2026-10-03,42.41667522045822,-83.25806781263765,Old Redford,Grand River Ave & Lahser Rd,Old Redford
882ab2cf61fffff,0.0,3.0,New Hotspot,3.0,,7.5,08,Category Focus,Property Crime,3.0,3.0,2026-09-06,2026-09-19,2026-09-20,2026-10-03,42.41667522045822,-83.25806781263765,Old Redford,Grand River Ave & Lahser Rd,Old Redford
882ab2cf61fffff,0.0,3.0,New Hotspot,3.0,,7.5,ALL,Category Focus,Property Crime,3.0,3.0,2026-09-06,2026-09-19,2026-09-20,2026-10-03,42.41667522045822,-83.25806781263765,Old Redford,Grand River Ave & Lahser Rd,Old Redford
882ab2c605fffff,4.0,14.0,Emerging Hotspot,10.0,250.0,29.0,09,All,All,12.0,13.0,2026-09-11,2026-09-24,2026-09-25,2026-10-08,42.41004641166786,-82.95350065306873,Outer Drive-Hayes,Somerset Ave & Berkshire St,Outer Drive-Hayes
882ab2c62bfffff,12.0,15.0,Persistent Hotspot,3.0,25.0,24.75,09,All,All,12.0,13.0,2026-09-11,2026-09-24,2026-09-25,2026-10-08,42.40618566147862,-82.96174397111852,Outer Drive-Hayes,Evanston St & Wayburn St,Outer Drive-Hayes
882ab2c629fffff,12.0,5.0,Declining Hotspot,-7.0,-58.33,5.0,09,All,All,12.0,13.0,2026-09-11,2026-09-24,2026-09-25,2026-10-08,42.414234475185154,-82.96328744548721,Outer Drive-Hayes,Bonita St & Whitehill St,Outer Drive-Hayes
882ab2c605fffff,4.0,14.0,Emerging Hotspot,10.0,250.0,29.0,ALL,All,All,12.0,13.0,2026-09-11,2026-09-24,2026-09-25,2026-10-08,42.41004641166786,-82.95350065306873,Outer Drive-Hayes,Somerset Ave & Berkshire St,Outer Drive-Hayes
882ab2c62bfffff,12.0,15.0,Persistent Hotspot,3.0,25.0,24.75,ALL,All,All,12.0,13.0,2026-09-11,2026-09-24,2026-09-25,2026-10-08,42.40618566147862,-82.96174397111852,Outer Drive-Hayes,Evanston St & Wayburn St,Outer Drive-Hayes
882ab2c629fffff,12.0,5.0,Declining Hotspot,-7.0,-58.33,5.0,ALL,All,All,12.0,13.0,2026-09-11,2026-09-24,2026-09-25,2026-10-08,42.414234475185154,-82.96328744548721,Outer Drive-Hayes,Bonita St & Whitehill St,Outer Drive-Hayes
882ab2c605fffff,0.0,8.0,New Hotspot,8.0,,20.0,09,Category Focus,Property Crime,4.0,3.0,2026-09-11,2026-09-24,2026-09-25,2026-10-08,42.41004641166786,-82.95350065306873,Outer Drive-Hayes,Somerset Ave & Berkshire St,Outer Drive-Hayes
882ab2c621fffff,0.0,3.0,New Hotspot,3.0,,7.5,09,Category Focus,Property Crime,4.0,3.0,2026-09-11,2026-09-24,2026-09-25,2026-10-08,42.40685201917693,-82.97373091933935,Outer Drive-Hayes,Evanston St & Dickerson St,Outer Drive-Hayes
882ab2c663fffff,0.0,3.0,New Hotspot,3.0,,7.5,09,Category Focus,Property Crime,4.0,3.0,2026-09-11,2026-09-24,2026-09-25,2026-10-08,42.41730333590937,-82.95918465300826,Outer Drive-Hayes,Stockwell St & Duchess St,Outer Drive-Hayes
882ab2c62bfffff,4.0,3.0,Persistent Hotspot,-1.0,-25.0,4.05,09,Category Focus,Property Crime,4.0,3.0,2026-09-11,2026-09-24,2026-09-25,2026-10-08,42.40618566147862,-82.96174397111852,Outer Drive-Hayes,Evanston St & Wayburn St,Outer Drive-Hayes
882ab2c605fffff,0.0,8.0,New Hotspot,8.0,,20.0,ALL,Category Focus,Property Crime,4.0,3.0,2026-09-11,2026-09-24,2026-09-25,2026-10-08,42.41004641166786,-82.95350065306873,Outer Drive-Hayes,Somerset Ave & Berkshire St,Outer Drive-Hayes
882ab2c621fffff,0.0,3.0,New Hotspot,3.0,,7.5,ALL,Category Focus,Property Crime,4.0,3.0,2026-09-11,2026-09-24,2026-09-25,2026-10-08,42.40685201917693,-82.97373091933935,Outer Drive-Hayes,Evanston St & Dickerson St,Outer Drive-Hayes
882ab2c663fffff,0.0,3.0,New Hotspot,3.0,,7.5,ALL,Category Focus,Property Crime,4.0,3.0,2026-09-11,2026-09-24,2026-09-25,2026-10-08,42.41730333590937,-82.95918465300826,Outer Drive-Hayes,Stockwell St & Duchess St,Outer Drive-Hayes
882ab2c62bfffff,4.0,3.0,Persistent Hotspot,-1.0,-25.0,4.05,ALL,Category Focus,Property Crime,4.0,3.0,2026-09-11,2026-09-24,2026-09-25,2026-10-08,42.40618566147862,-82.96174397111852,Outer Drive-Hayes,Evanston St & Wayburn St,Outer Drive-Hayes
882ab2c605fffff,0.0,3.0,New Hotspot,3.0,,7.5,09,Category Focus,Vehicle-Related Crime,3.0,3.0,2026-09-11,2026-09-24,2026-09-25,2026-10-08,42.41004641166786,-82.95350065306873,Outer Drive-Hayes,Somerset Ave & Berkshire St,Outer Drive-Hayes
882ab2c629fffff,3.0,1.0,Declining Hotspot,-2.0,-66.67,1.0,09,Category Focus,Vehicle-Related Crime,3.0,3.0,2026-09-11,2026-09-24,2026-09-25,2026-10-08,42.414234475185154,-82.96328744548721,Outer Drive-Hayes,Bonita St & Whitehill St,Outer Drive-Hayes
882ab2c605fffff,0.0,3.0,New Hotspot,3.0,,7.5,ALL,Category Focus,Vehicle-Related Crime,3.0,3.0,2026-09-11,2026-09-24,2026-09-25,2026-10-08,42.41004641166786,-82.95350065306873,Outer Drive-Hayes,Somerset Ave & Berkshire St,Outer Drive-Hayes
882ab2c629fffff,3.0,1.0,Declining Hotspot,-2.0,-66.67,1.0,ALL,Category Focus,Vehicle-Related Crime,3.0,3.0,2026-09-11,2026-09-24,2026-09-25,2026-10-08,42.414234475185154,-82.96328744548721,Outer Drive-Hayes,Bonita St & Whitehill St,Outer Drive-Hayes
882ab2c621fffff,1.0,6.0,Emerging Hotspot,5.0,500.0,13.5,09,Category Focus,Violent Crime,4.0,6.0,2026-09-11,2026-09-24,2026-09-25,2026-10-08,42.40685201917693,-82.97373091933935,Outer Drive-Hayes,Evanston St & Dickerson St,Outer Drive-Hayes
882ab2c62bfffff,4.0,7.0,Persistent Hotspot,3.0,75.0,13.95,09,Category Focus,Violent Crime,4.0,6.0,2026-09-11,2026-09-24,2026-09-25,2026-10-08,42.40618566147862,-82.96174397111852,Outer Drive-Hayes,Evanston St & Wayburn St,Outer Drive-Hayes
882ab2c621fffff,1.0,6.0,Emerging Hotspot,5.0,500.0,13.5,ALL,Category Focus,Violent Crime,4.0,6.0,2026-09-11,2026-09-24,2026-09-25,2026-10-08,42.40685201917693,-82.97373091933935,Outer Drive-Hayes,Evanston St & Dickerson St,Outer Drive-Hayes
882ab2c62bfffff,4.0,7.0,Persistent Hotspot,3.0,75.0,13.95,ALL,Category Focus,Violent Crime,4.0,6.0,2026-09-11,2026-09-24,2026-09-25,2026-10-08,42.40618566147862,-82.96174397111852,Outer Drive-Hayes,Evanston St & Wayburn St,Outer Drive-Hayes
882ab2c62bfffff,2.0,3.0,Emerging Hotspot,1.0,50.0,4.5,09,Crime Type,AGGRAVATED ASSAULT,3.0,3.0,2026-09-11,2026-09-24,2026-09-25,2026-10-08,42.40618566147862,-82.96174397111852,Outer Drive-Hayes,Evanston St & Wayburn St,Outer Drive-Hayes
882ab2c62bfffff,2.0,3.0,Emerging Hotspot,1.0,50.0,4.5,ALL,Crime Type,AGGRAVATED ASSAULT,3.0,3.0,2026-09-11,2026-09-24,2026-09-25,2026-10-08,42.40618566147862,-82.96174397111852,Outer Drive-Hayes,Evanston St & Wayburn St,Outer Drive-Hayes
882ab2c621fffff,1.0,5.0,Emerging Hotspot,4.0,400.0,11.0,09,Crime Type,ASSAULT,3.0,3.0,2026-09-11,2026-09-24,2026-09-25,2026-10-08,42.40685201917693,-82.97373091933935,Outer Drive-Hayes,Evanston St & Dickerson St,Outer Drive-Hayes
882ab2c62bfffff,2.0,3.0,Emerging Hotspot,1.0,50.0,4.5,09,Crime Type,ASSAULT,3.0,3.0,2026-09-11,2026-09-24,2026-09-25,2026-10-08,42.40618566147862,-82.96174397111852,Outer Drive-Hayes,Evanston St & Wayburn St,Outer Drive-Hayes
882ab2c621fffff,1.0,5.0,Emerging Hotspot,4.0,400.0,11.0,ALL,Crime Type,ASSAULT,3.0,3.0,2026-09-11,2026-09-24,2026-09-25,2026-10-08,42.40685201917693,-82.97373091933935,Outer Drive-Hayes,Evanston St & Dickerson St,Outer Drive-Hayes
882ab2c62bfffff,2.0,3.0,Emerging Hotspot,1.0,50.0,4.5,ALL,Crime Type,ASSAULT,3.0,3.0,2026-09-11,2026-09-24,2026-09-25,2026-10-08,42.40618566147862,-82.96174397111852,Outer Drive-Hayes,Evanston St & Wayburn St,Outer Drive-Hayes
882ab2c605fffff,0.0,4.0,New Hotspot,4.0,,10.0,09,Crime Type,BURGLARY,3.0,3.0,2026-09-11,2026-09-24,2026-09-25,2026-10-08,42.41004641166786,-82.95350065306873,Outer Drive-Hayes,Somerset Ave & Berkshire St,Outer Drive-Hayes
882ab2c605fffff,0.0,4.0,New Hotspot,4.0,,10.0,ALL,Crime Type,BURGLARY,3.0,3.0,2026-09-11,2026-09-24,2026-09-25,2026-10-08,42.41004641166786,-82.95350065306873,Outer Drive-Hayes,Somerset Ave & Berkshire St,Outer Drive-Hayes
882ab2c605fffff,0.0,3.0,New Hotspot,3.0,,7.5,09,Crime Type,DAMAGE TO PROPERTY,3.0,3.0,2026-09-11,2026-09-24,2026-09-25,2026-10-08,42.41004641166786,-82.95350065306873,Outer Drive-Hayes,Somerset Ave & Berkshire St,Outer Drive-Hayes
882ab2c605fffff,0.0,3.0,New Hotspot,3.0,,7.5,ALL,Crime Type,DAMAGE TO PROPERTY,3.0,3.0,2026-09-11,2026-09-24,2026-09-25,2026-10-08,42.41004641166786,-82.95350065306873,Outer Drive-Hayes,Somerset Ave & Berkshire St,Outer Drive-Hayes
882ab2c0bdfffff,13.0,6.0,Persistent Hotspot,-7.0,-53.85,8.1,12,All,All,10.0,6.0,2026-09-09,2026-09-22,2026-09-23,2026-10-06,42.42005620293538,-83.11522622430998,Palmer Park,Alwyne Ln & Whitmore Rd,Palmer Park
882ab2c0bdfffff,13.0,6.0,Persistent Hotspot,-7.0,-53.85,8.1,ALL,All,All,10.0,6.0,2026-09-09,2026-09-22,2026-09-23,2026-10-06,42.42005620293538,-83.11522622430998,Palmer Park,Alwyne Ln & Whitmore Rd,Palmer Park
882ab2c0bdfffff,3.0,0.0,Declining Hotspot,-3.0,-100.0,0.0,12,Category Focus,Property Crime,3.0,3.0,2026-09-09,2026-09-22,2026-09-23,2026-10-06,42.42005620293538,-83.11522622430998,Palmer Park,Alwyne Ln & Whitmore Rd,Palmer Park
882ab2c0bdfffff,3.0,0.0,Declining Hotspot,-3.0,-100.0,0.0,ALL,Category Focus,Property Crime,3.0,3.0,2026-09-09,2026-09-22,2026-09-23,2026-10-06,42.42005620293538,-83.11522622430998,Palmer Park,Alwyne Ln & Whitmore Rd,Palmer Park
882ab2c0bdfffff,8.0,4.0,Persistent Hotspot,-4.0,-50.0,5.4,12,Category Focus,Violent Crime,7.0,4.0,2026-09-09,2026-09-22,2026-09-23,2026-10-06,42.42005620293538,-83.11522622430998,Palmer Park,Alwyne Ln & Whitmore Rd,Palmer Park
882ab2c0bdfffff,8.0,4.0,Persistent Hotspot,-4.0,-50.0,5.4,ALL,Category Focus,Violent Crime,7.0,4.0,2026-09-09,2026-09-22,2026-09-23,2026-10-06,42.42005620293538,-83.11522622430998,Palmer Park,Alwyne Ln & Whitmore Rd,Palmer Park
882ab2c0bdfffff,6.0,4.0,Persistent Hotspot,-2.0,-33.33,5.4,12,Crime Type,ASSAULT,5.0,4.0,2026-09-09,2026-09-22,2026-09-23,2026-10-06,42.42005620293538,-83.11522622430998,Palmer Park,Alwyne Ln & Whitmore Rd,Palmer Park
882ab2c0bdfffff,6.0,4.0,Persistent Hotspot,-2.0,-33.33,5.4,ALL,Crime Type,ASSAULT,5.0,4.0,2026-09-09,2026-09-22,2026-09-23,2026-10-06,42.42005620293538,-83.11522622430998,Palmer Park,Alwyne Ln & Whitmore Rd,Palmer Park
882ab2c0bdfffff,3.0,0.0,Declining Hotspot,-3.0,-100.0,0.0,12,Crime Type,LARCENY,3.0,3.0,2026-09-09,2026-09-22,2026-09-23,2026-10-06,42.42005620293538,-83.11522622430998,Palmer Park,Alwyne Ln & Whitmore Rd,Palmer Park
882ab2c0bdfffff,3.0,0.0,Declining Hotspot,-3.0,-100.0,0.0,ALL,Crime Type,LARCENY,3.0,3.0,2026-09-09,2026-09-22,2026-09-23,2026-10-06,42.42005620293538,-83.11522622430998,Palmer Park,Alwyne Ln & Whitmore Rd,Palmer Park
882ab2c0a9fffff,3.0,0.0,Declining Hotspot,-3.0,-100.0,0.0,12,All,All,3.0,3.0,2026-09-04,2026-09-17,2026-09-18,2026-10-01,42.43510242246944,-83.12173579416627,Palmer Woods,Wellesley Dr & Cumberland Way,Palmer Woods
882ab2c0a9fffff,3.0,0.0,Declining Hotspot,-3.0,-100.0,0.0,ALL,All,All,3.0,3.0,2026-09-04,2026-09-17,2026-09-18,2026-10-01,42.43510242246944,-83.12173579416627,Palmer Woods,Wellesley Dr & Cumberland Way,Palmer Woods
882ab2c0a9fffff,3.0,0.0,Declining Hotspot,-3.0,-100.0,0.0,12,Category Focus,Property Crime,3.0,3.0,2026-09-04,2026-09-17,2026-09-18,2026-10-01,42.43510242246944,-83.12173579416627,Palmer Woods,Wellesley Dr & Cumberland Way,Palmer Woods
882ab2c0a9fffff,3.0,0.0,Declining Hotspot,-3.0,-100.0,0.0,ALL,Category Focus,Property Crime,3.0,3.0,2026-09-04,2026-09-17,2026-09-18,2026-10-01,42.43510242246944,-83.12173579416627,Palmer Woods,Wellesley Dr & Cumberland Way,Palmer Woods
882ab2ce23fffff,1.0,5.0,Emerging Hotspot,4.0,400.0,11.0,02,All,All,3.0,5.0,2026-09-08,2026-09-21,2026-09-22,2026-10-05,42.3762116337636,-83.18027563126722,Paveway,Shirley Ave & Capitol St,Paveway
882ab2ce23fffff,1.0,5.0,Emerging Hotspot,4.0,400.0,11.0,ALL,All,All,3.0,5.0,2026-09-08,2026-09-21,2026-09-22,2026-10-05,42.3762116337636,-83.18027563126722,Paveway,Shirley Ave & Capitol St,Paveway
882ab2ce23fffff,1.0,3.0,Emerging Hotspot,2.0,200.0,6.0,02,Category Focus,Property Crime,3.0,3.0,2026-09-08,2026-09-21,2026-09-22,2026-10-05,42.3762116337636,-83.18027563126722,Paveway,Shirley Ave & Capitol St,Paveway
882ab2ce23fffff,1.0,3.0,Emerging Hotspot,2.0,200.0,6.0,ALL,Category Focus,Property Crime,3.0,3.0,2026-09-08,2026-09-21,2026-09-22,2026-10-05,42.3762116337636,-83.18027563126722,Paveway,Shirley Ave & Capitol St,Paveway
882ab2c1d7fffff,1.0,3.0,Emerging Hotspot,2.0,200.0,6.0,12,All,All,4.0,3.0,2026-09-08,2026-09-21,2026-09-22,2026-10-05,42.44091097603535,-83.16189218293852,Pembroke,Chippewa St & Wyoming St,Pembroke
882ab2c1d5fffff,4.0,3.0,Persistent Hotspot,-1.0,-25.0,4.05,12,All,All,4.0,3.0,2026-09-08,2026-09-21,2026-09-22,2026-10-05,42.445437632564776,-83.1668253240704,Pembroke,Griggs St & W 8 Mile Rd,Pembroke
882ab2c1d7fffff,1.0,3.0,Emerging Hotspot,2.0,200.0,6.0,ALL,All,All,4.0,3.0,2026-09-08,2026-09-21,2026-09-22,2026-10-05,42.44091097603535,-83.16189218293852,Pembroke,Chippewa St & Wyoming St,Pembroke
882ab2c1d5fffff,4.0,3.0,Persistent Hotspot,-1.0,-25.0,4.05,ALL,All,All,4.0,3.0,2026-09-08,2026-09-21,2026-09-22,2026-10-05,42.445437632564776,-83.1668253240704,Pembroke,Griggs St & W 8 Mile Rd,Pembroke
882ab2c1d7fffff,0.0,3.0,New Hotspot,3.0,,7.5,12,Category Focus,Violent Crime,3.0,3.0,2026-09-08,2026-09-21,2026-09-22,2026-10-05,42.44091097603535,-83.16189218293852,Pembroke,Chippewa St & Wyoming St,Pembroke
882ab2c1d7fffff,0.0,3.0,New Hotspot,3.0,,7.5,ALL,Category Focus,Violent Crime,3.0,3.0,2026-09-08,2026-09-21,2026-09-22,2026-10-05,42.44091097603535,-83.16189218293852,Pembroke,Chippewa St & Wyoming St,Pembroke
882ab2c085fffff,4.0,0.0,Declining Hotspot,-4.0,-100.0,0.0,12,All,All,3.0,3.0,2026-09-12,2026-09-25,2026-09-26,2026-10-09,42.434205558720166,-83.10925082960927,Penrose,Penrose St & Carman St,Penrose
882ab2c085fffff,4.0,0.0,Declining Hotspot,-4.0,-100.0,0.0,ALL,All,All,3.0,3.0,2026-09-12,2026-09-25,2026-09-26,2026-10-09,42.434205558720166,-83.10925082960927,Penrose,Penrose St & Carman St,Penrose
882ab2c085fffff,3.0,0.0,Declining Hotspot,-3.0,-100.0,0.0,12,Category Focus,Violent Crime,3.0,3.0,2026-09-12,2026-09-25,2026-09-26,2026-10-09,42.434205558720166,-83.10925082960927,Penrose,Penrose St & Carman St,Penrose
882ab2c085fffff,3.0,0.0,Declining Hotspot,-3.0,-100.0,0.0,ALL,Category Focus,Violent Crime,3.0,3.0,2026-09-12,2026-09-25,2026-09-26,2026-10-09,42.434205558720166,-83.10925082960927,Penrose,Penrose St & Carman St,Penrose
882ab2c0d1fffff,0.0,5.0,New Hotspot,5.0,,12.5,11,All,All,3.0,5.0,2026-09-09,2026-09-22,2026-09-23,2026-10-06,42.43563075247537,-83.06833674873506,Pershing,Revere St & Emery St,Pershing
882ab2c0dbfffff,3.0,0.0,Declining Hotspot,-3.0,-100.0,0.0,11,All,All,3.0,5.0,2026-09-09,2026-09-22,2026-09-23,2026-10-06,42.43569158363304,-83.06526310521302,Pershing,Wexford St & Emery St,Pershing
882ab2c0d1fffff,0.0,5.0,New Hotspot,5.0,,12.5,ALL,All,All,3.0,5.0,2026-09-09,2026-09-22,2026-09-23,2026-10-06,42.43563075247537,-83.06833674873506,Pershing,Revere St & Emery St,Pershing
882ab2c0dbfffff,3.0,0.0,Declining Hotspot,-3.0,-100.0,0.0,ALL,All,All,3.0,5.0,2026-09-09,2026-09-22,2026-09-23,2026-10-06,42.43569158363304,-83.06526310521302,Pershing,Wexford St & Emery St,Pershing
882ab2c0d1fffff,0.0,3.0,New Hotspot,3.0,,7.5,11,Category Focus,Violent Crime,3.0,3.0,2026-09-09,2026-09-22,2026-09-23,2026-10-06,42.43563075247537,-83.06833674873506,Pershing,Revere St & Emery St,Pershing
882ab2c0d1fffff,0.0,3.0,New Hotspot,3.0,,7.5,ALL,Category Focus,Violent Crime,3.0,3.0,2026-09-09,2026-09-22,2026-09-23,2026-10-06,42.43563075247537,-83.06833674873506,Pershing,Revere St & Emery St,Pershing
882ab2c0d1fffff,0.0,3.0,New Hotspot,3.0,,7.5,11,Crime Type,AGGRAVATED ASSAULT,3.0,3.0,2026-09-09,2026-09-22,2026-09-23,2026-10-06,42.43563075247537,-83.06833674873506,Pershing,Revere St & Emery St,Pershing
882ab2c0d1fffff,0.0,3.0,New Hotspot,3.0,,7.5,ALL,Crime Type,AGGRAVATED ASSAULT,3.0,3.0,2026-09-09,2026-09-22,2026-09-23,2026-10-06,42.43563075247537,-83.06833674873506,Pershing,Revere St & Emery St,Pershing
882ab2cec9fffff,5.0,4.0,Emerging Hotspot,-1.0,-20.0,4.0,10,All,All,6.0,4.0,2026-09-11,2026-09-24,2026-09-25,2026-10-08,42.3603479195299,-83.11098688742454,Petoskey-Otsego,Grand River Ave & Lothrop St,Petoskey-Otsego
882ab2cecdfffff,6.0,2.0,Declining Hotspot,-4.0,-66.67,2.0,10,All,All,6.0,4.0,2026-09-11,2026-09-24,2026-09-25,2026-10-08,42.36480665922769,-83.1192588943735,Petoskey-Otsego,Carter St & Quincy St,Petoskey-Otsego
882ab2cec9fffff,5.0,4.0,Emerging Hotspot,-1.0,-20.0,4.0,ALL,All,All,6.0,4.0,2026-09-11,2026-09-24,2026-09-25,2026-10-08,42.3603479195299,-83.11098688742454,Petoskey-Otsego,Grand River Ave & Lothrop St,Petoskey-Otsego
882ab2cecdfffff,6.0,2.0,Declining Hotspot,-4.0,-66.67,2.0,ALL,All,All,6.0,4.0,2026-09-11,2026-09-24,2026-09-25,2026-10-08,42.36480665922769,-83.1192588943735,Petoskey-Otsego,Carter St & Quincy St,Petoskey-Otsego
882ab2cec9fffff,3.0,1.0,Declining Hotspot,-2.0,-66.67,1.0,10,Category Focus,Property Crime,3.0,3.0,2026-09-11,2026-09-24,2026-09-25,2026-10-08,42.3603479195299,-83.11098688742454,Petoskey-Otsego,Grand River Ave & Lothrop St,Petoskey-Otsego
882ab2cecdfffff,3.0,0.0,Declining Hotspot,-3.0,-100.0,0.0,10,Category Focus,Property Crime,3.0,3.0,2026-09-11,2026-09-24,2026-09-25,2026-10-08,42.36480665922769,-83.1192588943735,Petoskey-Otsego,Carter St & Quincy St,Petoskey-Otsego
882ab2cec9fffff,3.0,1.0,Declining Hotspot,-2.0,-66.67,1.0,ALL,Category Focus,Property Crime,3.0,3.0,2026-09-11,2026-09-24,2026-09-25,2026-10-08,42.3603479195299,-83.11098688742454,Petoskey-Otsego,Grand River Ave & Lothrop St,Petoskey-Otsego
882ab2cecdfffff,3.0,0.0,Declining Hotspot,-3.0,-100.0,0.0,ALL,Category Focus,Property Crime,3.0,3.0,2026-09-11,2026-09-24,2026-09-25,2026-10-08,42.36480665922769,-83.1192588943735,Petoskey-Otsego,Carter St & Quincy St,Petoskey-Otsego
882ab2cec9fffff,2.0,3.0,Emerging Hotspot,1.0,50.0,4.5,10,Category Focus,Violent Crime,4.0,3.0,2026-09-11,2026-09-24,2026-09-25,2026-10-08,42.3603479195299,-83.11098688742454,Petoskey-Otsego,Grand River Ave & Lothrop St,Petoskey-Otsego
882ab2c527fffff,4.0,1.0,Declining Hotspot,-3.0,-75.0,1.0,10,Category Focus,Violent Crime,4.0,3.0,2026-09-11,2026-09-24,2026-09-25,2026-10-08,42.367483205803545,-83.11580419899393,Petoskey-Otsego,Dexter Ave & Gladstone St,Petoskey-Otsego
882ab2cec9fffff,2.0,3.0,Emerging Hotspot,1.0,50.0,4.5,ALL,Category Focus,Violent Crime,4.0,3.0,2026-09-11,2026-09-24,2026-09-25,2026-10-08,42.3603479195299,-83.11098688742454,Petoskey-Otsego,Grand River Ave & Lothrop St,Petoskey-Otsego
882ab2c527fffff,4.0,1.0,Declining Hotspot,-3.0,-75.0,1.0,ALL,Category Focus,Violent Crime,4.0,3.0,2026-09-11,2026-09-24,2026-09-25,2026-10-08,42.367483205803545,-83.11580419899393,Petoskey-Otsego,Dexter Ave & Gladstone St,Petoskey-Otsego
882ab2c527fffff,3.0,0.0,Declining Hotspot,-3.0,-100.0,0.0,10,Crime Type,ASSAULT,3.0,3.0,2026-09-11,2026-09-24,2026-09-25,2026-10-08,42.367483205803545,-83.11580419899393,Petoskey-Otsego,Dexter Ave & Gladstone St,Petoskey-Otsego
882ab2c527fffff,3.0,0.0,Declining Hotspot,-3.0,-100.0,0.0,ALL,Crime Type,ASSAULT,3.0,3.0,2026-09-11,2026-09-24,2026-09-25,2026-10-08,42.367483205803545,-83.11580419899393,Petoskey-Otsego,Dexter Ave & Gladstone St,Petoskey-Otsego
882ab2c505fffff,5.0,3.0,Persistent Hotspot,-2.0,-40.0,4.05,03,All,All,5.0,3.0,2026-09-09,2026-09-22,2026-09-23,2026-10-06,42.37877311848564,-83.08447277487494,Piety Hill,Hazelwood St & 2nd Ave,Piety Hill
882ab2c50dfffff,4.0,1.0,Declining Hotspot,-3.0,-75.0,1.0,10,All,All,4.0,3.0,2026-09-09,2026-09-22,2026-09-23,2026-10-06,42.38353205245559,-83.08220472425035,Piety Hill,Leicester Ct & Woodward Ave,Piety Hill
882ab2c505fffff,5.0,3.0,Persistent Hotspot,-2.0,-40.0,4.05,ALL,All,All,5.0,3.0,2026-09-09,2026-09-22,2026-09-23,2026-10-06,42.37877311848564,-83.08447277487494,Piety Hill,Hazelwood St & 2nd Ave,Piety Hill
882ab2c505fffff,4.0,2.0,Declining Hotspot,-2.0,-50.0,2.0,03,Category Focus,Property Crime,4.0,3.0,2026-09-09,2026-09-22,2026-09-23,2026-10-06,42.37877311848564,-83.08447277487494,Piety Hill,Hazelwood St & 2nd Ave,Piety Hill
882ab2c505fffff,4.0,2.0,Declining Hotspot,-2.0,-50.0,2.0,ALL,Category Focus,Property Crime,4.0,3.0,2026-09-09,2026-09-22,2026-09-23,2026-10-06,42.37877311848564,-83.08447277487494,Piety Hill,Hazelwood St & 2nd Ave,Piety Hill
882ab2c0b3fffff,1.0,4.0,Emerging Hotspot,3.0,300.0,8.5,10,All,All,3.0,4.0,2026-09-12,2026-09-25,2026-09-26,2026-10-09,42.40161121182285,-83.11115614214492,Pilgrim Village,La Belle St & Thomson St,Pilgrim Village
882ab2c0b7fffff,3.0,3.0,Declining Hotspot,0.0,0.0,3.0,10,All,All,3.0,4.0,2026-09-12,2026-09-25,2026-09-26,2026-10-09,42.40304046167706,-83.12359701429673,Pilgrim Village,Baylis St & Fenkell St,Pilgrim Village
882ab2ce4bfffff,3.0,7.0,Persistent Hotspot,4.0,133.33,15.45,12,All,All,3.0,6.0,2026-09-12,2026-09-25,2026-09-26,2026-10-09,42.406361213136485,-83.13610489056936,Pilgrim Village,Holmur St & Midland St,Pilgrim Village
882ab2c0b1fffff,3.0,2.0,Declining Hotspot,-1.0,-33.33,2.0,12,All,All,3.0,6.0,2026-09-12,2026-09-25,2026-09-26,2026-10-09,42.410347988261,-83.11946560413362,Pilgrim Village,Puritan St & Wabash St,Pilgrim Village
882ab2ce4bfffff,4.0,8.0,Persistent Hotspot,4.0,100.0,16.8,ALL,All,All,4.0,6.0,2026-09-12,2026-09-25,2026-09-26,2026-10-09,42.406361213136485,-83.13610489056936,Pilgrim Village,Holmur St & Midland St,Pilgrim Village
882ab2c0b7fffff,5.0,3.0,Declining Hotspot,-2.0,-40.0,3.0,ALL,All,All,4.0,6.0,2026-09-12,2026-09-25,2026-09-26,2026-10-09,42.40304046167706,-83.12359701429673,Pilgrim Village,Baylis St & Fenkell St,Pilgrim Village
882ab2ce4bfffff,0.0,3.0,New Hotspot,3.0,,7.5,12,Category Focus,Property Crime,3.0,3.0,2026-09-12,2026-09-25,2026-09-26,2026-10-09,42.406361213136485,-83.13610489056936,Pilgrim Village,Holmur St & Midland St,Pilgrim Village
882ab2ce4bfffff,0.0,4.0,New Hotspot,4.0,,10.0,ALL,Category Focus,Property Crime,3.0,4.0,2026-09-12,2026-09-25,2026-09-26,2026-10-09,42.406361213136485,-83.13610489056936,Pilgrim Village,Holmur St & Midland St,Pilgrim Village
882ab2c46bfffff,0.0,3.0,New Hotspot,3.0,,7.5,07,All,All,3.0,3.0,2026-09-09,2026-09-22,2026-09-23,2026-10-06,42.38074831240812,-83.00849886608955,Pingree Park,Burns St & Moffat St,Pingree Park
882ab2c463fffff,3.0,1.0,Declining Hotspot,-2.0,-66.67,1.0,07,All,All,3.0,3.0,2026-09-09,2026-09-22,2026-09-23,2026-10-06,42.37977611195454,-83.0104553510073,Pingree Park,Iroquois St & Moffat St,Pingree Park
882ab2c46bfffff,0.0,3.0,New Hotspot,3.0,,7.5,ALL,All,All,3.0,3.0,2026-09-09,2026-09-22,2026-09-23,2026-10-06,42.38074831240812,-83.00849886608955,Pingree Park,Burns St & Moffat St,Pingree Park
882ab2c463fffff,3.0,1.0,Declining Hotspot,-2.0,-66.67,1.0,ALL,All,All,3.0,3.0,2026-09-09,2026-09-22,2026-09-23,2026-10-06,42.37977611195454,-83.0104553510073,Pingree Park,Iroquois St & Moffat St,Pingree Park
882ab2cc49fffff,13.0,9.0,Persistent Hotspot,-4.0,-30.77,12.15,02,All,All,6.0,7.0,2026-09-10,2026-09-23,2026-09-24,2026-10-07,42.37031030274075,-83.18925029153849,Plymouth-Hubbell,Orangelawn St & Strathmoor St,Plymouth-Hubbell
882ab2cc4dfffff,6.0,0.0,Declining Hotspot,-6.0,-100.0,0.0,02,All,All,6.0,7.0,2026-09-10,2026-09-23,2026-09-24,2026-10-07,42.3702130226929,-83.1974427632241,Plymouth-Hubbell,Greenfield Rd & Elmira St,Plymouth-Hubbell
882ab2cc49fffff,13.0,9.0,Persistent Hotspot,-4.0,-30.77,12.15,ALL,All,All,8.0,7.0,2026-09-10,2026-09-23,2026-09-24,2026-10-07,42.37031030274075,-83.18925029153849,Plymouth-Hubbell,Orangelawn St & Strathmoor St,Plymouth-Hubbell
882ab2cc4dfffff,8.0,0.0,Declining Hotspot,-8.0,-100.0,0.0,ALL,All,All,8.0,7.0,2026-09-10,2026-09-23,2026-09-24,2026-10-07,42.3702130226929,-83.1974427632241,Plymouth-Hubbell,Greenfield Rd & Elmira St,Plymouth-Hubbell
882ab2cc49fffff,5.0,2.0,Declining Hotspot,-3.0,-60.0,2.0,02,Category Focus,Property Crime,4.0,3.0,2026-09-10,2026-09-23,2026-09-24,2026-10-07,42.37031030274075,-83.18925029153849,Plymouth-Hubbell,Orangelawn St & Strathmoor St,Plymouth-Hubbell
882ab2cc49fffff,5.0,2.0,Declining Hotspot,-3.0,-60.0,2.0,ALL,Category Focus,Property Crime,4.0,3.0,2026-09-10,2026-09-23,2026-09-24,2026-10-07,42.37031030274075,-83.18925029153849,Plymouth-Hubbell,Orangelawn St & Strathmoor St,Plymouth-Hubbell
882ab2cc49fffff,3.0,0.0,Declining Hotspot,-3.0,-100.0,0.0,02,Category Focus,Vehicle-Related Crime,3.0,3.0,2026-09-10,2026-09-23,2026-09-24,2026-10-07,42.37031030274075,-83.18925029153849,Plymouth-Hubbell,Orangelawn St & Strathmoor St,Plymouth-Hubbell
882ab2cc49fffff,3.0,0.0,Declining Hotspot,-3.0,-100.0,0.0,ALL,Category Focus,Vehicle-Related Crime,3.0,3.0,2026-09-10,2026-09-23,2026-09-24,2026-10-07,42.37031030274075,-83.18925029153849,Plymouth-Hubbell,Orangelawn St & Strathmoor St,Plymouth-Hubbell
882ab2cc49fffff,4.0,2.0,Declining Hotspot,-2.0,-50.0,2.0,02,Category Focus,Violent Crime,4.0,3.0,2026-09-10,2026-09-23,2026-09-24,2026-10-07,42.37031030274075,-83.18925029153849,Plymouth-Hubbell,Orangelawn St & Strathmoor St,Plymouth-Hubbell
882ab2cc49fffff,4.0,2.0,Declining Hotspot,-2.0,-50.0,2.0,ALL,Category Focus,Violent Crime,4.0,3.0,2026-09-10,2026-09-23,2026-09-24,2026-10-07,42.37031030274075,-83.18925029153849,Plymouth-Hubbell,Orangelawn St & Strathmoor St,Plymouth-Hubbell
882ab2cc49fffff,3.0,2.0,Declining Hotspot,-1.0,-33.33,2.0,02,Crime Type,ASSAULT,3.0,3.0,2026-09-10,2026-09-23,2026-09-24,2026-10-07,42.37031030274075,-83.18925029153849,Plymouth-Hubbell,Orangelawn St & Strathmoor St,Plymouth-Hubbell
882ab2cc49fffff,3.0,2.0,Declining Hotspot,-1.0,-33.33,2.0,ALL,Crime Type,ASSAULT,3.0,3.0,2026-09-10,2026-09-23,2026-09-24,2026-10-07,42.37031030274075,-83.18925029153849,Plymouth-Hubbell,Orangelawn St & Strathmoor St,Plymouth-Hubbell
882ab2cc49fffff,4.0,1.0,Declining Hotspot,-3.0,-75.0,1.0,02,Crime Type,LARCENY,4.0,3.0,2026-09-10,2026-09-23,2026-09-24,2026-10-07,42.37031030274075,-83.18925029153849,Plymouth-Hubbell,Orangelawn St & Strathmoor St,Plymouth-Hubbell
882ab2cc49fffff,4.0,1.0,Declining Hotspot,-3.0,-75.0,1.0,ALL,Crime Type,LARCENY,4.0,3.0,2026-09-10,2026-09-23,2026-09-24,2026-10-07,42.37031030274075,-83.18925029153849,Plymouth-Hubbell,Orangelawn St & Strathmoor St,Plymouth-Hubbell
882ab2ce35fffff,3.0,0.0,Declining Hotspot,-3.0,-100.0,0.0,02,Crime Type,SEXUAL ASSAULT,3.0,3.0,2026-09-10,2026-09-23,2026-09-24,2026-10-07,42.36815182512494,-83.18026772818854,Plymouth-Hubbell,Keal St & Decatur St,Plymouth-Hubbell
882ab2ce35fffff,3.0,0.0,Declining Hotspot,-3.0,-100.0,0.0,ALL,Crime Type,SEXUAL ASSAULT,3.0,3.0,2026-09-10,2026-09-23,2026-09-24,2026-10-07,42.36815182512494,-83.18026772818854,Plymouth-Hubbell,Keal St & Decatur St,Plymouth-Hubbell
882ab2cc49fffff,3.0,0.0,Declining Hotspot,-3.0,-100.0,0.0,02,Crime Type,STOLEN VEHICLE,3.0,3.0,2026-09-10,2026-09-23,2026-09-24,2026-10-07,42.37031030274075,-83.18925029153849,Plymouth-Hubbell,Orangelawn St & Strathmoor St,Plymouth-Hubbell
882ab2cc49fffff,3.0,0.0,Declining Hotspot,-3.0,-100.0,0.0,ALL,Crime Type,STOLEN VEHICLE,3.0,3.0,2026-09-10,2026-09-23,2026-09-24,2026-10-07,42.37031030274075,-83.18925029153849,Plymouth-Hubbell,Orangelawn St & Strathmoor St,Plymouth-Hubbell
882ab2cc4dfffff,6.0,6.0,Persistent Hotspot,0.0,0.0,8.1,06,All,All,4.0,5.0,2026-09-10,2026-09-23,2026-09-24,2026-10-07,42.37256042095681,-83.19819033559963,Plymouth-I96,Greenfield Rd & Plymouth Rd,Plymouth-I96
882ab2cc4dfffff,6.0,6.0,Persistent Hotspot,0.0,0.0,8.1,ALL,All,All,4.0,5.0,2026-09-10,2026-09-23,2026-09-24,2026-10-07,42.37256042095681,-83.19819033559963,Plymouth-I96,Greenfield Rd & Plymouth Rd,Plymouth-I96
882ab2cc4dfffff,2.0,3.0,Emerging Hotspot,1.0,50.0,4.5,06,Category Focus,Property Crime,3.0,3.0,2026-09-10,2026-09-23,2026-09-24,2026-10-07,42.37256042095681,-83.19819033559963,Plymouth-I96,Greenfield Rd & Plymouth Rd,Plymouth-I96
882ab2cc4dfffff,2.0,3.0,Emerging Hotspot,1.0,50.0,4.5,ALL,Category Focus,Property Crime,3.0,3.0,2026-09-10,2026-09-23,2026-09-24,2026-10-07,42.37256042095681,-83.19819033559963,Plymouth-I96,Greenfield Rd & Plymouth Rd,Plymouth-I96
882ab2cc4dfffff,3.0,1.0,Declining Hotspot,-2.0,-66.67,1.0,06,Category Focus,Violent Crime,3.0,3.0,2026-09-10,2026-09-23,2026-09-24,2026-10-07,42.37256042095681,-83.19819033559963,Plymouth-I96,Greenfield Rd & Plymouth Rd,Plymouth-I96
882ab2cc4dfffff,3.0,1.0,Declining Hotspot,-2.0,-66.67,1.0,ALL,Category Focus,Violent Crime,3.0,3.0,2026-09-10,2026-09-23,2026-09-24,2026-10-07,42.37256042095681,-83.19819033559963,Plymouth-I96,Greenfield Rd & Plymouth Rd,Plymouth-I96
882ab2cc4dfffff,3.0,0.0,Declining Hotspot,-3.0,-100.0,0.0,06,Crime Type,ASSAULT,3.0,3.0,2026-09-10,2026-09-23,2026-09-24,2026-10-07,42.37256042095681,-83.19819033559963,Plymouth-I96,Greenfield Rd & Plymouth Rd,Plymouth-I96
882ab2cc4dfffff,3.0,0.0,Declining Hotspot,-3.0,-100.0,0.0,ALL,Crime Type,ASSAULT,3.0,3.0,2026-09-10,2026-09-23,2026-09-24,2026-10-07,42.37256042095681,-83.19819033559963,Plymouth-I96,Greenfield Rd & Plymouth Rd,Plymouth-I96
882ab2c553fffff,2.0,3.0,Emerging Hotspot,1.0,50.0,4.5,07,All,All,3.0,3.0,2026-09-09,2026-09-22,2026-09-23,2026-10-06,42.37300390595267,-83.04562615232605,Poletown East,Chene St & Medbury St,Poletown East
882ab2c553fffff,2.0,3.0,Emerging Hotspot,1.0,50.0,4.5,ALL,All,All,3.0,3.0,2026-09-09,2026-09-22,2026-09-23,2026-10-06,42.37300390595267,-83.04562615232605,Poletown East,Chene St & Medbury St,Poletown East
882ab2c553fffff,2.0,3.0,Emerging Hotspot,1.0,50.0,4.5,07,Category Focus,Violent Crime,3.0,3.0,2026-09-09,2026-09-22,2026-09-23,2026-10-06,42.37300390595267,-83.04562615232605,Poletown East,Chene St & Medbury St,Poletown East
882ab2c553fffff,2.0,3.0,Emerging Hotspot,1.0,50.0,4.5,ALL,Category Focus,Violent Crime,3.0,3.0,2026-09-09,2026-09-22,2026-09-23,2026-10-06,42.37300390595267,-83.04562615232605,Poletown East,Chene St & Medbury St,Poletown East
882ab2ce3dfffff,7.0,13.0,Persistent Hotspot,6.0,85.71,26.55,02,All,All,6.0,9.0,2026-09-10,2026-09-23,2026-09-24,2026-10-07,42.37557962280864,-83.17310503285037,Pride Area Community,Capitol St & Littlefield St,Pride Area Community
882ab2ce3dfffff,7.0,13.0,Persistent Hotspot,6.0,85.71,26.55,ALL,All,All,6.0,9.0,2026-09-10,2026-09-23,2026-09-24,2026-10-07,42.37557962280864,-83.17310503285037,Pride Area Community,Capitol St & Littlefield St,Pride Area Community
882ab2ce3dfffff,0.0,3.0,New Hotspot,3.0,,7.5,02,Category Focus,Vehicle-Related Crime,3.0,3.0,2026-09-10,2026-09-23,2026-09-24,2026-10-07,42.37557962280864,-83.17310503285037,Pride Area Community,Capitol St & Littlefield St,Pride Area Community
882ab2ce3dfffff,0.0,3.0,New Hotspot,3.0,,7.5,ALL,Category Focus,Vehicle-Related Crime,3.0,3.0,2026-09-10,2026-09-23,2026-09-24,2026-10-07,42.37557962280864,-83.17310503285037,Pride Area Community,Capitol St & Littlefield St,Pride Area Community
882ab2ce3dfffff,3.0,4.0,Persistent Hotspot,1.0,33.33,6.9,02,Category Focus,Violent Crime,3.0,4.0,2026-09-10,2026-09-23,2026-09-24,2026-10-07,42.37557962280864,-83.17310503285037,Pride Area Community,Capitol St & Littlefield St,Pride Area Community
882ab2ce3dfffff,3.0,4.0,Persistent Hotspot,1.0,33.33,6.9,ALL,Category Focus,Violent Crime,3.0,4.0,2026-09-10,2026-09-23,2026-09-24,2026-10-07,42.37557962280864,-83.17310503285037,Pride Area Community,Capitol St & Littlefield St,Pride Area Community
882ab2ce3dfffff,2.0,3.0,Emerging Hotspot,1.0,50.0,4.5,02,Crime Type,ASSAULT,3.0,3.0,2026-09-10,2026-09-23,2026-09-24,2026-10-07,42.37557962280864,-83.17310503285037,Pride Area Community,Capitol St & Littlefield St,Pride Area Community
882ab2ce3dfffff,2.0,3.0,Emerging Hotspot,1.0,50.0,4.5,ALL,Crime Type,ASSAULT,3.0,3.0,2026-09-10,2026-09-23,2026-09-24,2026-10-07,42.37557962280864,-83.17310503285037,Pride Area Community,Capitol St & Littlefield St,Pride Area Community
882ab2d5b7fffff,7.0,12.0,Persistent Hotspot,5.0,71.43,23.7,09,All,All,6.0,8.0,2026-09-11,2026-09-24,2026-09-25,2026-10-08,42.43492593242625,-82.98877739845256,Pulaski,E 7 Mile Rd & Schoenherr St,Pulaski
882ab2d5b7fffff,7.0,12.0,Persistent Hotspot,5.0,71.43,23.7,ALL,All,All,6.0,8.0,2026-09-11,2026-09-24,2026-09-25,2026-10-08,42.43492593242625,-82.98877739845256,Pulaski,E 7 Mile Rd & Schoenherr St,Pulaski
882ab2d5b7fffff,4.0,4.0,Persistent Hotspot,0.0,0.0,5.4,09,Category Focus,Property Crime,3.0,3.0,2026-09-11,2026-09-24,2026-09-25,2026-10-08,42.43492593242625,-82.98877739845256,Pulaski,E 7 Mile Rd & Schoenherr St,Pulaski
882ab2d5b7fffff,4.0,4.0,Persistent Hotspot,0.0,0.0,5.4,ALL,Category Focus,Property Crime,3.0,3.0,2026-09-11,2026-09-24,2026-09-25,2026-10-08,42.43492593242625,-82.98877739845256,Pulaski,E 7 Mile Rd & Schoenherr St,Pulaski
882ab2d5b7fffff,3.0,4.0,Persistent Hotspot,1.0,33.33,6.9,09,Category Focus,Violent Crime,3.0,4.0,2026-09-11,2026-09-24,2026-09-25,2026-10-08,42.43492593242625,-82.98877739845256,Pulaski,E 7 Mile Rd & Schoenherr St,Pulaski
882ab2d5b7fffff,3.0,4.0,Persistent Hotspot,1.0,33.33,6.9,ALL,Category Focus,Violent Crime,3.0,4.0,2026-09-11,2026-09-24,2026-09-25,2026-10-08,42.43492593242625,-82.98877739845256,Pulaski,E 7 Mile Rd & Schoenherr St,Pulaski
882ab2d5b7fffff,1.0,3.0,Emerging Hotspot,2.0,200.0,6.0,09,Crime Type,AGGRAVATED ASSAULT,3.0,3.0,2026-09-11,2026-09-24,2026-09-25,2026-10-08,42.43492593242625,-82.98877739845256,Pulaski,E 7 Mile Rd & Schoenherr St,Pulaski
882ab2d5b7fffff,1.0,3.0,Emerging Hotspot,2.0,200.0,6.0,ALL,Crime Type,AGGRAVATED ASSAULT,3.0,3.0,2026-09-11,2026-09-24,2026-09-25,2026-10-08,42.43492593242625,-82.98877739845256,Pulaski,E 7 Mile Rd & Schoenherr St,Pulaski
882ab2d5b7fffff,3.0,1.0,Declining Hotspot,-2.0,-66.67,1.0,09,Crime Type,LARCENY,3.0,3.0,2026-09-11,2026-09-24,2026-09-25,2026-10-08,42.43492593242625,-82.98877739845256,Pulaski,E 7 Mile Rd & Schoenherr St,Pulaski
882ab2d5b7fffff,3.0,1.0,Declining Hotspot,-2.0,-66.67,1.0,ALL,Crime Type,LARCENY,3.0,3.0,2026-09-11,2026-09-24,2026-09-25,2026-10-08,42.43492593242625,-82.98877739845256,Pulaski,E 7 Mile Rd & Schoenherr St,Pulaski
882ab2c44dfffff,2.0,3.0,Emerging Hotspot,1.0,50.0,4.5,09,All,All,6.0,3.0,2026-09-11,2026-09-24,2026-09-25,2026-10-08,42.39720789022313,-82.9898647112328,Ravendale,Harper Ave & Conner St,Ravendale
882ab2c627fffff,6.0,1.0,Declining Hotspot,-5.0,-83.33,1.0,09,All,All,6.0,3.0,2026-09-11,2026-09-24,2026-09-25,2026-10-08,42.40236575774743,-82.9797584353104,Ravendale,Annsbury Ave & Camden Ave,Ravendale
882ab2c44dfffff,2.0,3.0,Emerging Hotspot,1.0,50.0,4.5,ALL,All,All,5.0,3.0,2026-09-11,2026-09-24,2026-09-25,2026-10-08,42.39720789022313,-82.9898647112328,Ravendale,Harper Ave & Conner St,Ravendale
882ab2c627fffff,6.0,1.0,Declining Hotspot,-5.0,-83.33,1.0,ALL,All,All,5.0,3.0,2026-09-11,2026-09-24,2026-09-25,2026-10-08,42.40236575774743,-82.9797584353104,Ravendale,Annsbury Ave & Camden Ave,Ravendale
882ab2c627fffff,3.0,0.0,Declining Hotspot,-3.0,-100.0,0.0,09,Category Focus,Property Crime,3.0,3.0,2026-09-11,2026-09-24,2026-09-25,2026-10-08,42.40236575774743,-82.9797584353104,Ravendale,Annsbury Ave & Camden Ave,Ravendale
882ab2c627fffff,3.0,0.0,Declining Hotspot,-3.0,-100.0,0.0,ALL,Category Focus,Property Crime,3.0,3.0,2026-09-11,2026-09-24,2026-09-25,2026-10-08,42.40236575774743,-82.9797584353104,Ravendale,Annsbury Ave & Camden Ave,Ravendale
882ab2c627fffff,3.0,1.0,Declining Hotspot,-2.0,-66.67,1.0,09,Category Focus,Violent Crime,3.0,3.0,2026-09-11,2026-09-24,2026-09-25,2026-10-08,42.40236575774743,-82.9797584353104,Ravendale,Annsbury Ave & Camden Ave,Ravendale
882ab2c627fffff,3.0,1.0,Declining Hotspot,-2.0,-66.67,1.0,ALL,Category Focus,Violent Crime,3.0,3.0,2026-09-11,2026-09-24,2026-09-25,2026-10-08,42.40236575774743,-82.9797584353104,Ravendale,Annsbury Ave & Camden Ave,Ravendale
882ab2d5bbfffff,6.0,10.0,Emerging Hotspot,4.0,66.67,16.0,09,All,All,10.0,9.0,2026-09-11,2026-09-24,2026-09-25,2026-10-08,42.44175623908821,-82.96893377448339,Regent Park,Tacoma St & Queen St,Regent Park
882ab2d597fffff,14.0,9.0,Persistent Hotspot,-5.0,-35.71,12.15,09,All,All,10.0,9.0,2026-09-11,2026-09-24,2026-09-25,2026-10-08,42.44011435886984,-82.9582842057496,Regent Park,Lappin St & Rex St,Regent Park
882ab2d591fffff,10.0,8.0,Declining Hotspot,-2.0,-20.0,8.0,09,All,All,10.0,9.0,2026-09-11,2026-09-24,2026-09-25,2026-10-08,42.44696808130885,-82.95244442464573,Regent Park,Bringard Dr & Redmond St,Regent Park
882ab2d5bbfffff,6.0,10.0,Emerging Hotspot,4.0,66.67,16.0,ALL,All,All,10.0,9.0,2026-09-11,2026-09-24,2026-09-25,2026-10-08,42.44175623908821,-82.96893377448339,Regent Park,Tacoma St & Queen St,Regent Park
882ab2d597fffff,14.0,9.0,Persistent Hotspot,-5.0,-35.71,12.15,ALL,All,All,10.0,9.0,2026-09-11,2026-09-24,2026-09-25,2026-10-08,42.44011435886984,-82.9582842057496,Regent Park,Lappin St & Rex St,Regent Park
882ab2d591fffff,10.0,8.0,Declining Hotspot,-2.0,-20.0,8.0,ALL,All,All,10.0,9.0,2026-09-11,2026-09-24,2026-09-25,2026-10-08,42.44696808130885,-82.95244442464573,Regent Park,Bringard Dr & Redmond St,Regent Park
882ab2d597fffff,5.0,4.0,Persistent Hotspot,-1.0,-20.0,5.4,09,Category Focus,Property Crime,4.0,3.0,2026-09-11,2026-09-24,2026-09-25,2026-10-08,42.44011435886984,-82.9582842057496,Regent Park,Lappin St & Rex St,Regent Park
882ab2d5b3fffff,4.0,3.0,Persistent Hotspot,-1.0,-25.0,4.05,09,Category Focus,Property Crime,4.0,3.0,2026-09-11,2026-09-24,2026-09-25,2026-10-08,42.43596301290516,-82.97568673498657,Regent Park,Gratiot Ave & Coram St,Regent Park
882ab2d597fffff,5.0,4.0,Persistent Hotspot,-1.0,-20.0,5.4,ALL,Category Focus,Property Crime,4.0,3.0,2026-09-11,2026-09-24,2026-09-25,2026-10-08,42.44011435886984,-82.9582842057496,Regent Park,Lappin St & Rex St,Regent Park
882ab2d5b3fffff,4.0,3.0,Persistent Hotspot,-1.0,-25.0,4.05,ALL,Category Focus,Property Crime,4.0,3.0,2026-09-11,2026-09-24,2026-09-25,2026-10-08,42.43596301290516,-82.97568673498657,Regent Park,Gratiot Ave & Coram St,Regent Park
882ab2d591fffff,2.0,5.0,Emerging Hotspot,3.0,150.0,9.5,09,Category Focus,Violent Crime,3.0,4.0,2026-09-11,2026-09-24,2026-09-25,2026-10-08,42.44696808130885,-82.95244442464573,Regent Park,Bringard Dr & Redmond St,Regent Park
882ab2d595fffff,1.0,4.0,Emerging Hotspot,3.0,300.0,8.5,09,Category Focus,Violent Crime,3.0,4.0,2026-09-11,2026-09-24,2026-09-25,2026-10-08,42.448950649617466,-82.96601151692323,Regent Park,Hayes St & Carlisle St,Regent Park
882ab2d597fffff,6.0,4.0,Persistent Hotspot,-2.0,-33.33,5.4,09,Category Focus,Violent Crime,3.0,4.0,2026-09-11,2026-09-24,2026-09-25,2026-10-08,42.44011435886984,-82.9582842057496,Regent Park,Lappin St & Rex St,Regent Park
882ab2d5bbfffff,3.0,3.0,Declining Hotspot,0.0,0.0,3.0,09,Category Focus,Violent Crime,3.0,4.0,2026-09-11,2026-09-24,2026-09-25,2026-10-08,42.44175623908821,-82.96893377448339,Regent Park,Tacoma St & Queen St,Regent Park
882ab2d591fffff,2.0,5.0,Emerging Hotspot,3.0,150.0,9.5,ALL,Category Focus,Violent Crime,3.0,4.0,2026-09-11,2026-09-24,2026-09-25,2026-10-08,42.44696808130885,-82.95244442464573,Regent Park,Bringard Dr & Redmond St,Regent Park
882ab2d595fffff,1.0,4.0,Emerging Hotspot,3.0,300.0,8.5,ALL,Category Focus,Violent Crime,3.0,4.0,2026-09-11,2026-09-24,2026-09-25,2026-10-08,42.448950649617466,-82.96601151692323,Regent Park,Hayes St & Carlisle St,Regent Park
882ab2d597fffff,6.0,4.0,Persistent Hotspot,-2.0,-33.33,5.4,ALL,Category Focus,Violent Crime,3.0,4.0,2026-09-11,2026-09-24,2026-09-25,2026-10-08,42.44011435886984,-82.9582842057496,Regent Park,Lappin St & Rex St,Regent Park
882ab2d5bbfffff,3.0,3.0,Declining Hotspot,0.0,0.0,3.0,ALL,Category Focus,Violent Crime,3.0,4.0,2026-09-11,2026-09-24,2026-09-25,2026-10-08,42.44175623908821,-82.96893377448339,Regent Park,Tacoma St & Queen St,Regent Park
882ab2d591fffff,1.0,3.0,Emerging Hotspot,2.0,200.0,6.0,09,Crime Type,ASSAULT,3.0,3.0,2026-09-11,2026-09-24,2026-09-25,2026-10-08,42.44696808130885,-82.95244442464573,Regent Park,Bringard Dr & Redmond St,Regent Park
882ab2d597fffff,3.0,4.0,Persistent Hotspot,1.0,33.33,6.9,09,Crime Type,ASSAULT,3.0,3.0,2026-09-11,2026-09-24,2026-09-25,2026-10-08,42.44011435886984,-82.9582842057496,Regent Park,Lappin St & Rex St,Regent Park
882ab2d591fffff,1.0,3.0,Emerging Hotspot,2.0,200.0,6.0,ALL,Crime Type,ASSAULT,3.0,3.0,2026-09-11,2026-09-24,2026-09-25,2026-10-08,42.44696808130885,-82.95244442464573,Regent Park,Bringard Dr & Redmond St,Regent Park
882ab2d597fffff,3.0,4.0,Persistent Hotspot,1.0,33.33,6.9,ALL,Crime Type,ASSAULT,3.0,3.0,2026-09-11,2026-09-24,2026-09-25,2026-10-08,42.44011435886984,-82.9582842057496,Regent Park,Lappin St & Rex St,Regent Park
882ab2d597fffff,3.0,1.0,Declining Hotspot,-2.0,-66.67,1.0,09,Crime Type,DAMAGE TO PROPERTY,3.0,3.0,2026-09-11,2026-09-24,2026-09-25,2026-10-08,42.44011435886984,-82.9582842057496,Regent Park,Lappin St & Rex St,Regent Park
882ab2d597fffff,3.0,1.0,Declining Hotspot,-2.0,-66.67,1.0,ALL,Crime Type,DAMAGE TO PROPERTY,3.0,3.0,2026-09-11,2026-09-24,2026-09-25,2026-10-08,42.44011435886984,-82.9582842057496,Regent Park,Lappin St & Rex St,Regent Park
882ab2d5b3fffff,1.0,3.0,Emerging Hotspot,2.0,200.0,6.0,09,Crime Type,LARCENY,3.0,3.0,2026-09-11,2026-09-24,2026-09-25,2026-10-08,42.43596301290516,-82.97568673498657,Regent Park,Gratiot Ave & Coram St,Regent Park
882ab2d5b3fffff,1.0,3.0,Emerging Hotspot,2.0,200.0,6.0,ALL,Crime Type,LARCENY,3.0,3.0,2026-09-11,2026-09-24,2026-09-25,2026-10-08,42.43596301290516,-82.97568673498657,Regent Park,Gratiot Ave & Coram St,Regent Park
882ab2c45dfffff,1.0,4.0,Emerging Hotspot,3.0,300.0,8.5,05,All,All,3.0,4.0,2026-09-12,2026-09-25,2026-09-26,2026-10-09,42.380638988523046,-82.96459906264064,Riverbend,Goethe St & Anderdon Ave,Riverbend
882ab2c633fffff,2.0,4.0,Emerging Hotspot,2.0,100.0,7.0,05,All,All,3.0,4.0,2026-09-12,2026-09-25,2026-09-26,2026-10-09,42.38216156479295,-82.94749272154263,Riverbend,Charlevoix St & Alter Rd,Riverbend
882ab2c459fffff,4.0,1.0,Declining Hotspot,-3.0,-75.0,1.0,05,All,All,3.0,4.0,2026-09-12,2026-09-25,2026-09-26,2026-10-09,42.37487889846357,-82.95819021022517,Riverbend,Springle St & Kercheval St,Riverbend
882ab2c45dfffff,1.0,4.0,Emerging Hotspot,3.0,300.0,8.5,ALL,All,All,3.0,4.0,2026-09-12,2026-09-25,2026-09-26,2026-10-09,42.380638988523046,-82.96459906264064,Riverbend,Goethe St & Anderdon Ave,Riverbend
882ab2c633fffff,2.0,4.0,Emerging Hotspot,2.0,100.0,7.0,ALL,All,All,3.0,4.0,2026-09-12,2026-09-25,2026-09-26,2026-10-09,42.38216156479295,-82.94749272154263,Riverbend,Charlevoix St & Alter Rd,Riverbend
882ab2c459fffff,4.0,1.0,Declining Hotspot,-3.0,-75.0,1.0,ALL,All,All,3.0,4.0,2026-09-12,2026-09-25,2026-09-26,2026-10-09,42.37487889846357,-82.95819021022517,Riverbend,Springle St & Kercheval St,Riverbend
882ab2c459fffff,3.0,1.0,Declining Hotspot,-2.0,-66.67,1.0,05,Category Focus,Property Crime,3.0,3.0,2026-09-12,2026-09-25,2026-09-26,2026-10-09,42.37487889846357,-82.95819021022517,Riverbend,Springle St & Kercheval St,Riverbend
882ab2c459fffff,3.0,1.0,Declining Hotspot,-2.0,-66.67,1.0,ALL,Category Focus,Property Crime,3.0,3.0,2026-09-12,2026-09-25,2026-09-26,2026-10-09,42.37487889846357,-82.95819021022517,Riverbend,Springle St & Kercheval St,Riverbend
882ab2c45dfffff,0.0,3.0,New Hotspot,3.0,,7.5,05,Crime Type,FRAUD,3.0,3.0,2026-09-12,2026-09-25,2026-09-26,2026-10-09,42.380638988523046,-82.96459906264064,Riverbend,Goethe St & Anderdon Ave,Riverbend
882ab2c45dfffff,0.0,3.0,New Hotspot,3.0,,7.5,ALL,Crime Type,FRAUD,3.0,3.0,2026-09-12,2026-09-25,2026-09-26,2026-10-09,42.380638988523046,-82.96459906264064,Riverbend,Goethe St & Anderdon Ave,Riverbend
882ab2cf67fffff,3.0,3.0,Emerging Hotspot,0.0,0.0,3.0,08,All,All,5.0,3.0,2026-09-09,2026-09-22,2026-09-23,2026-10-06,42.40983664577067,-83.26219724609183,Riverdale,Chatham St & Florence St,Riverdale
882ab2c8dbfffff,5.0,0.0,Declining Hotspot,-5.0,-100.0,0.0,08,All,All,5.0,3.0,2026-09-09,2026-09-22,2026-09-23,2026-10-06,42.412042049126136,-83.27729429805335,Riverdale,Telegraph Rd & Grove St,Riverdale
882ab2cf61fffff,5.0,0.0,Declining Hotspot,-5.0,-100.0,0.0,08,All,All,5.0,3.0,2026-09-09,2026-09-22,2026-09-23,2026-10-06,42.412859476783474,-83.25737212964911,Riverdale,Lahser Rd & Grove St,Riverdale
882ab2cf67fffff,3.0,3.0,Emerging Hotspot,0.0,0.0,3.0,ALL,All,All,5.0,3.0,2026-09-09,2026-09-22,2026-09-23,2026-10-06,42.40983664577067,-83.26219724609183,Riverdale,Chatham St & Florence St,Riverdale
882ab2c8dbfffff,5.0,0.0,Declining Hotspot,-5.0,-100.0,0.0,ALL,All,All,5.0,3.0,2026-09-09,2026-09-22,2026-09-23,2026-10-06,42.412042049126136,-83.27729429805335,Riverdale,Telegraph Rd & Grove St,Riverdale
882ab2cf61fffff,5.0,0.0,Declining Hotspot,-5.0,-100.0,0.0,ALL,All,All,5.0,3.0,2026-09-09,2026-09-22,2026-09-23,2026-10-06,42.412859476783474,-83.25737212964911,Riverdale,Lahser Rd & Grove St,Riverdale
882ab2cf61fffff,3.0,0.0,Declining Hotspot,-3.0,-100.0,0.0,08,Category Focus,Property Crime,3.0,3.0,2026-09-09,2026-09-22,2026-09-23,2026-10-06,42.412859476783474,-83.25737212964911,Riverdale,Lahser Rd & Grove St,Riverdale
882ab2cf61fffff,3.0,0.0,Declining Hotspot,-3.0,-100.0,0.0,ALL,Category Focus,Property Crime,3.0,3.0,2026-09-09,2026-09-22,2026-09-23,2026-10-06,42.412859476783474,-83.25737212964911,Riverdale,Lahser Rd & Grove St,Riverdale
882ab2c8dbfffff,4.0,0.0,Declining Hotspot,-4.0,-100.0,0.0,08,Category Focus,Violent Crime,4.0,3.0,2026-09-09,2026-09-22,2026-09-23,2026-10-06,42.412042049126136,-83.27729429805335,Riverdale,Telegraph Rd & Grove St,Riverdale
882ab2c8dbfffff,4.0,0.0,Declining Hotspot,-4.0,-100.0,0.0,ALL,Category Focus,Violent Crime,4.0,3.0,2026-09-09,2026-09-22,2026-09-23,2026-10-06,42.412042049126136,-83.27729429805335,Riverdale,Telegraph Rd & Grove St,Riverdale
882ab2c8dbfffff,3.0,0.0,Declining Hotspot,-3.0,-100.0,0.0,08,Crime Type,AGGRAVATED ASSAULT,3.0,3.0,2026-09-09,2026-09-22,2026-09-23,2026-10-06,42.412042049126136,-83.27729429805335,Riverdale,Telegraph Rd & Grove St,Riverdale
882ab2c8dbfffff,3.0,0.0,Declining Hotspot,-3.0,-100.0,0.0,ALL,Crime Type,AGGRAVATED ASSAULT,3.0,3.0,2026-09-09,2026-09-22,2026-09-23,2026-10-06,42.412042049126136,-83.27729429805335,Riverdale,Telegraph Rd & Grove St,Riverdale
882ab2c437fffff,13.0,7.0,Persistent Hotspot,-6.0,-46.15,9.45,07,All,All,8.0,6.0,2026-09-09,2026-09-22,2026-09-23,2026-10-06,42.34173030969738,-83.01454882139126,Rivertown,E Jefferson Ave & Adair St,Rivertown
882ab2c437fffff,13.0,7.0,Persistent Hotspot,-6.0,-46.15,9.45,ALL,All,All,8.0,6.0,2026-09-09,2026-09-22,2026-09-23,2026-10-06,42.34173030969738,-83.01454882139126,Rivertown,E Jefferson Ave & Adair St,Rivertown
882ab2c5c3fffff,1.0,4.0,Emerging Hotspot,3.0,300.0,8.5,07,Category Focus,Property Crime,4.0,4.0,2026-09-09,2026-09-22,2026-09-23,2026-10-06,42.33306893474561,-83.02834256364537,Rivertown,E Jefferson Ave & Saint Aubin St,Rivertown
882ab2c437fffff,6.0,3.0,Declining Hotspot,-3.0,-50.0,3.0,07,Category Focus,Property Crime,4.0,4.0,2026-09-09,2026-09-22,2026-09-23,2026-10-06,42.34173030969738,-83.01454882139126,Rivertown,E Jefferson Ave & Adair St,Rivertown
882ab2c5c3fffff,1.0,4.0,Emerging Hotspot,3.0,300.0,8.5,ALL,Category Focus,Property Crime,4.0,4.0,2026-09-09,2026-09-22,2026-09-23,2026-10-06,42.33306893474561,-83.02834256364537,Rivertown,E Jefferson Ave & Saint Aubin St,Rivertown
882ab2c437fffff,6.0,3.0,Declining Hotspot,-3.0,-50.0,3.0,ALL,Category Focus,Property Crime,4.0,4.0,2026-09-09,2026-09-22,2026-09-23,2026-10-06,42.34173030969738,-83.01454882139126,Rivertown,E Jefferson Ave & Adair St,Rivertown
882ab2c5cbfffff,0.0,3.0,New Hotspot,3.0,,7.5,07,Category Focus,Vehicle-Related Crime,4.0,3.0,2026-09-09,2026-09-22,2026-09-23,2026-10-06,42.33825276842694,-83.02263049331047,Rivertown,E Jefferson Ave & Chene St,Rivertown
882ab2c437fffff,4.0,0.0,Declining Hotspot,-4.0,-100.0,0.0,07,Category Focus,Vehicle-Related Crime,4.0,3.0,2026-09-09,2026-09-22,2026-09-23,2026-10-06,42.34173030969738,-83.01454882139126,Rivertown,E Jefferson Ave & Adair St,Rivertown
882ab2c5cbfffff,0.0,3.0,New Hotspot,3.0,,7.5,ALL,Category Focus,Vehicle-Related Crime,4.0,3.0,2026-09-09,2026-09-22,2026-09-23,2026-10-06,42.33825276842694,-83.02263049331047,Rivertown,E Jefferson Ave & Chene St,Rivertown
882ab2c437fffff,4.0,0.0,Declining Hotspot,-4.0,-100.0,0.0,ALL,Category Focus,Vehicle-Related Crime,4.0,3.0,2026-09-09,2026-09-22,2026-09-23,2026-10-06,42.34173030969738,-83.01454882139126,Rivertown,E Jefferson Ave & Adair St,Rivertown
882ab2c5ddfffff,1.0,3.0,Emerging Hotspot,2.0,200.0,6.0,07,Category Focus,Violent Crime,3.0,3.0,2026-09-09,2026-09-22,2026-09-23,2026-10-06,42.3371773439987,-83.02154684719494,Rivertown,Joseph Campau St & Franklin St,Rivertown
882ab2c437fffff,2.0,3.0,Emerging Hotspot,1.0,50.0,4.5,07,Category Focus,Violent Crime,3.0,3.0,2026-09-09,2026-09-22,2026-09-23,2026-10-06,42.34173030969738,-83.01454882139126,Rivertown,E Jefferson Ave & Adair St,Rivertown
882ab2c5ddfffff,1.0,3.0,Emerging Hotspot,2.0,200.0,6.0,ALL,Category Focus,Violent Crime,3.0,3.0,2026-09-09,2026-09-22,2026-09-23,2026-10-06,42.3371773439987,-83.02154684719494,Rivertown,Joseph Campau St & Franklin St,Rivertown
882ab2c437fffff,2.0,3.0,Emerging Hotspot,1.0,50.0,4.5,ALL,Category Focus,Violent Crime,3.0,3.0,2026-09-09,2026-09-22,2026-09-23,2026-10-06,42.34173030969738,-83.01454882139126,Rivertown,E Jefferson Ave & Adair St,Rivertown
882ab2c437fffff,3.0,1.0,Declining Hotspot,-2.0,-66.67,1.0,07,Crime Type,FRAUD,3.0,3.0,2026-09-09,2026-09-22,2026-09-23,2026-10-06,42.34173030969738,-83.01454882139126,Rivertown,E Jefferson Ave & Adair St,Rivertown
882ab2c437fffff,3.0,1.0,Declining Hotspot,-2.0,-66.67,1.0,ALL,Crime Type,FRAUD,3.0,3.0,2026-09-09,2026-09-22,2026-09-23,2026-10-06,42.34173030969738,-83.01454882139126,Rivertown,E Jefferson Ave & Adair St,Rivertown
882ab2c437fffff,4.0,1.0,Declining Hotspot,-3.0,-75.0,1.0,07,Crime Type,LARCENY,4.0,3.0,2026-09-09,2026-09-22,2026-09-23,2026-10-06,42.34173030969738,-83.01454882139126,Rivertown,E Jefferson Ave & Adair St,Rivertown
882ab2c437fffff,4.0,1.0,Declining Hotspot,-3.0,-75.0,1.0,ALL,Crime Type,LARCENY,4.0,3.0,2026-09-09,2026-09-22,2026-09-23,2026-10-06,42.34173030969738,-83.01454882139126,Rivertown,E Jefferson Ave & Adair St,Rivertown
882ab2cf0bfffff,8.0,4.0,Persistent Hotspot,-4.0,-50.0,5.4,08,All,All,6.0,3.0,2026-09-07,2026-09-20,2026-09-21,2026-10-04,42.39380498737987,-83.2226010147821,Rosedale Park,Faust Ave & Lyndon St,Rosedale Park
882ab2cf0bfffff,8.0,4.0,Persistent Hotspot,-4.0,-50.0,5.4,ALL,All,All,6.0,3.0,2026-09-07,2026-09-20,2026-09-21,2026-10-04,42.39380498737987,-83.2226010147821,Rosedale Park,Faust Ave & Lyndon St,Rosedale Park
882ab2cf0bfffff,5.0,1.0,Declining Hotspot,-4.0,-80.0,1.0,08,Category Focus,Property Crime,4.0,3.0,2026-09-07,2026-09-20,2026-09-21,2026-10-04,42.39380498737987,-83.2226010147821,Rosedale Park,Faust Ave & Lyndon St,Rosedale Park
882ab2cf0bfffff,5.0,1.0,Declining Hotspot,-4.0,-80.0,1.0,ALL,Category Focus,Property Crime,4.0,3.0,2026-09-07,2026-09-20,2026-09-21,2026-10-04,42.39380498737987,-83.2226010147821,Rosedale Park,Faust Ave & Lyndon St,Rosedale Park
882ab2cf09fffff,3.0,0.0,Declining Hotspot,-3.0,-100.0,0.0,08,Crime Type,DAMAGE TO PROPERTY,3.0,3.0,2026-09-07,2026-09-20,2026-09-21,2026-10-04,42.402160141204156,-83.22764891880115,Rosedale Park,Fenkell St & Piedmont St,Rosedale Park
882ab2cf09fffff,3.0,0.0,Declining Hotspot,-3.0,-100.0,0.0,ALL,Crime Type,DAMAGE TO PROPERTY,3.0,3.0,2026-09-07,2026-09-20,2026-09-21,2026-10-04,42.402160141204156,-83.22764891880115,Rosedale Park,Fenkell St & Piedmont St,Rosedale Park
882ab2ce57fffff,9.0,7.0,Persistent Hotspot,-2.0,-22.22,9.45,10,All,All,5.0,6.0,2026-09-10,2026-09-23,2026-09-24,2026-10-07,42.38597342018484,-83.13294413762208,Russell Woods,W Buena Vista St & Petoskey Ave,Russell Woods
882ab2ce57fffff,9.0,7.0,Persistent Hotspot,-2.0,-22.22,9.45,ALL,All,All,5.0,6.0,2026-09-10,2026-09-23,2026-09-24,2026-10-07,42.38597342018484,-83.13294413762208,Russell Woods,W Buena Vista St & Petoskey Ave,Russell Woods
882ab2ce57fffff,5.0,4.0,Persistent Hotspot,-1.0,-20.0,5.4,10,Category Focus,Violent Crime,5.0,4.0,2026-09-10,2026-09-23,2026-09-24,2026-10-07,42.38597342018484,-83.13294413762208,Russell Woods,W Buena Vista St & Petoskey Ave,Russell Woods
882ab2ce57fffff,5.0,4.0,Persistent Hotspot,-1.0,-20.0,5.4,ALL,Category Focus,Violent Crime,5.0,4.0,2026-09-10,2026-09-23,2026-09-24,2026-10-07,42.38597342018484,-83.13294413762208,Russell Woods,W Buena Vista St & Petoskey Ave,Russell Woods
882ab2ce57fffff,3.0,4.0,Persistent Hotspot,1.0,33.33,6.9,10,Crime Type,ASSAULT,3.0,4.0,2026-09-10,2026-09-23,2026-09-24,2026-10-07,42.38597342018484,-83.13294413762208,Russell Woods,W Buena Vista St & Petoskey Ave,Russell Woods
882ab2ce57fffff,3.0,4.0,Persistent Hotspot,1.0,33.33,6.9,ALL,Crime Type,ASSAULT,3.0,4.0,2026-09-10,2026-09-23,2026-09-24,2026-10-07,42.38597342018484,-83.13294413762208,Russell Woods,W Buena Vista St & Petoskey Ave,Russell Woods
882ab2c1bdfffff,3.0,4.0,Persistent Hotspot,1.0,33.33,6.9,12,All,All,3.0,3.0,2026-09-09,2026-09-22,2026-09-23,2026-10-06,42.43056628516728,-83.19986570057245,San Bernardo,Coyle St & W 7 Mile Rd,San Bernardo
882ab2c1bdfffff,3.0,4.0,Persistent Hotspot,1.0,33.33,6.9,ALL,All,All,3.0,3.0,2026-09-09,2026-09-22,2026-09-23,2026-10-06,42.43056628516728,-83.19986570057245,San Bernardo,Coyle St & W 7 Mile Rd,San Bernardo
882ab2c1bdfffff,2.0,4.0,Emerging Hotspot,2.0,100.0,7.0,12,Category Focus,Property Crime,3.0,4.0,2026-09-09,2026-09-22,2026-09-23,2026-10-06,42.43056628516728,-83.19986570057245,San Bernardo,Coyle St & W 7 Mile Rd,San Bernardo
882ab2c1bdfffff,2.0,4.0,Emerging Hotspot,2.0,100.0,7.0,ALL,Category Focus,Property Crime,3.0,4.0,2026-09-09,2026-09-22,2026-09-23,2026-10-06,42.43056628516728,-83.19986570057245,San Bernardo,Coyle St & W 7 Mile Rd,San Bernardo
882ab2c187fffff,3.0,8.0,Emerging Hotspot,5.0,166.67,15.5,12,All,All,7.0,6.0,2026-09-11,2026-09-24,2026-09-25,2026-10-08,42.43792049554989,-83.19158376323955,Schaefer 7/8 Lodge,Marlowe St & Chippewa St,Schaefer 7/8 Lodge
882ab2c181fffff,12.0,6.0,Persistent Hotspot,-6.0,-50.0,8.1,12,All,All,7.0,6.0,2026-09-11,2026-09-24,2026-09-25,2026-10-08,42.44116711719956,-83.1850685647822,Schaefer 7/8 Lodge,Tracey St & Chippewa St,Schaefer 7/8 Lodge
882ab2c187fffff,3.0,8.0,Emerging Hotspot,5.0,166.67,15.5,ALL,All,All,7.0,6.0,2026-09-11,2026-09-24,2026-09-25,2026-10-08,42.43792049554989,-83.19158376323955,Schaefer 7/8 Lodge,Marlowe St & Chippewa St,Schaefer 7/8 Lodge
882ab2c181fffff,12.0,6.0,Persistent Hotspot,-6.0,-50.0,8.1,ALL,All,All,7.0,6.0,2026-09-11,2026-09-24,2026-09-25,2026-10-08,42.44116711719956,-83.1850685647822,Schaefer 7/8 Lodge,Tracey St & Chippewa St,Schaefer 7/8 Lodge
882ab2c183fffff,0.0,3.0,New Hotspot,3.0,,7.5,12,Category Focus,Property Crime,3.0,3.0,2026-09-11,2026-09-24,2026-09-25,2026-10-08,42.434674489361385,-83.18196586296253,Schaefer 7/8 Lodge,Schaefer Hwy & Vassar Ave,Schaefer 7/8 Lodge
882ab2c187fffff,1.0,3.0,Emerging Hotspot,2.0,200.0,6.0,12,Category Focus,Property Crime,3.0,3.0,2026-09-11,2026-09-24,2026-09-25,2026-10-08,42.43792049554989,-83.19158376323955,Schaefer 7/8 Lodge,Marlowe St & Chippewa St,Schaefer 7/8 Lodge
882ab2c181fffff,3.0,1.0,Declining Hotspot,-2.0,-66.67,1.0,12,Category Focus,Property Crime,3.0,3.0,2026-09-11,2026-09-24,2026-09-25,2026-10-08,42.44116711719956,-83.1850685647822,Schaefer 7/8 Lodge,Tracey St & Chippewa St,Schaefer 7/8 Lodge
882ab2c185fffff,3.0,1.0,Declining Hotspot,-2.0,-66.67,1.0,12,Category Focus,Property Crime,3.0,3.0,2026-09-11,2026-09-24,2026-09-25,2026-10-08,42.44108118443646,-83.19789409784744,Schaefer 7/8 Lodge,James Couzens Fwy & Audrey St,Schaefer 7/8 Lodge
882ab2c183fffff,0.0,3.0,New Hotspot,3.0,,7.5,ALL,Category Focus,Property Crime,3.0,3.0,2026-09-11,2026-09-24,2026-09-25,2026-10-08,42.434674489361385,-83.18196586296253,Schaefer 7/8 Lodge,Schaefer Hwy & Vassar Ave,Schaefer 7/8 Lodge
882ab2c187fffff,1.0,3.0,Emerging Hotspot,2.0,200.0,6.0,ALL,Category Focus,Property Crime,3.0,3.0,2026-09-11,2026-09-24,2026-09-25,2026-10-08,42.43792049554989,-83.19158376323955,Schaefer 7/8 Lodge,Marlowe St & Chippewa St,Schaefer 7/8 Lodge
882ab2c181fffff,3.0,1.0,Declining Hotspot,-2.0,-66.67,1.0,ALL,Category Focus,Property Crime,3.0,3.0,2026-09-11,2026-09-24,2026-09-25,2026-10-08,42.44116711719956,-83.1850685647822,Schaefer 7/8 Lodge,Tracey St & Chippewa St,Schaefer 7/8 Lodge
882ab2c185fffff,3.0,1.0,Declining Hotspot,-2.0,-66.67,1.0,ALL,Category Focus,Property Crime,3.0,3.0,2026-09-11,2026-09-24,2026-09-25,2026-10-08,42.44108118443646,-83.19789409784744,Schaefer 7/8 Lodge,James Couzens Fwy & Audrey St,Schaefer 7/8 Lodge
882ab2c185fffff,2.0,3.0,Emerging Hotspot,1.0,50.0,4.5,12,Category Focus,Violent Crime,5.0,3.0,2026-09-11,2026-09-24,2026-09-25,2026-10-08,42.44108118443646,-83.19789409784744,Schaefer 7/8 Lodge,James Couzens Fwy & Audrey St,Schaefer 7/8 Lodge
882ab2c181fffff,6.0,1.0,Declining Hotspot,-5.0,-83.33,1.0,12,Category Focus,Violent Crime,5.0,3.0,2026-09-11,2026-09-24,2026-09-25,2026-10-08,42.44116711719956,-83.1850685647822,Schaefer 7/8 Lodge,Tracey St & Chippewa St,Schaefer 7/8 Lodge
882ab2c185fffff,2.0,3.0,Emerging Hotspot,1.0,50.0,4.5,ALL,Category Focus,Violent Crime,5.0,3.0,2026-09-11,2026-09-24,2026-09-25,2026-10-08,42.44108118443646,-83.19789409784744,Schaefer 7/8 Lodge,James Couzens Fwy & Audrey St,Schaefer 7/8 Lodge
882ab2c181fffff,6.0,1.0,Declining Hotspot,-5.0,-83.33,1.0,ALL,Category Focus,Violent Crime,5.0,3.0,2026-09-11,2026-09-24,2026-09-25,2026-10-08,42.44116711719956,-83.1850685647822,Schaefer 7/8 Lodge,Tracey St & Chippewa St,Schaefer 7/8 Lodge
882ab2c181fffff,5.0,1.0,Declining Hotspot,-4.0,-80.0,1.0,12,Crime Type,ASSAULT,3.0,3.0,2026-09-11,2026-09-24,2026-09-25,2026-10-08,42.44116711719956,-83.1850685647822,Schaefer 7/8 Lodge,Tracey St & Chippewa St,Schaefer 7/8 Lodge
882ab2c181fffff,5.0,1.0,Declining Hotspot,-4.0,-80.0,1.0,ALL,Crime Type,ASSAULT,3.0,3.0,2026-09-11,2026-09-24,2026-09-25,2026-10-08,42.44116711719956,-83.1850685647822,Schaefer 7/8 Lodge,Tracey St & Chippewa St,Schaefer 7/8 Lodge
882ab2ce21fffff,5.0,2.0,Declining Hotspot,-3.0,-60.0,2.0,02,All,All,5.0,3.0,2026-09-11,2026-09-24,2026-09-25,2026-10-08,42.38403787819562,-83.18933499239498,Schoolcraft Southfield,Marlowe St & Tyler St,Schoolcraft Southfield
882ab2cf11fffff,3.0,3.0,Persistent Hotspot,0.0,0.0,4.05,06,All,All,3.0,3.0,2026-09-11,2026-09-24,2026-09-25,2026-10-08,42.38321236361217,-83.21608326799151,Schoolcraft Southfield,Ashton Rd & W Davison St,Schoolcraft Southfield
882ab2ce25fffff,3.0,2.0,Declining Hotspot,-1.0,-33.33,2.0,06,All,All,3.0,3.0,2026-09-11,2026-09-24,2026-09-25,2026-10-08,42.38589347260971,-83.19871162646962,Schoolcraft Southfield,Montrose St & W Davison St,Schoolcraft Southfield
882ab2cf15fffff,5.0,2.0,Declining Hotspot,-3.0,-60.0,2.0,06,All,All,3.0,3.0,2026-09-11,2026-09-24,2026-09-25,2026-10-08,42.384230848842805,-83.22589585209128,Schoolcraft Southfield,Artesian St & W Davison St,Schoolcraft Southfield
882ab2cf11fffff,3.0,3.0,Emerging Hotspot,0.0,0.0,3.0,ALL,All,All,5.0,3.0,2026-09-11,2026-09-24,2026-09-25,2026-10-08,42.38321236361217,-83.21608326799151,Schoolcraft Southfield,Ashton Rd & W Davison St,Schoolcraft Southfield
882ab2ce25fffff,6.0,4.0,Persistent Hotspot,-2.0,-33.33,5.4,ALL,All,All,5.0,3.0,2026-09-11,2026-09-24,2026-09-25,2026-10-08,42.38589347260971,-83.19871162646962,Schoolcraft Southfield,Montrose St & W Davison St,Schoolcraft Southfield
882ab2ce21fffff,5.0,2.0,Declining Hotspot,-3.0,-60.0,2.0,ALL,All,All,5.0,3.0,2026-09-11,2026-09-24,2026-09-25,2026-10-08,42.38403787819562,-83.18933499239498,Schoolcraft Southfield,Marlowe St & Tyler St,Schoolcraft Southfield
882ab2cf15fffff,5.0,2.0,Declining Hotspot,-3.0,-60.0,2.0,ALL,All,All,5.0,3.0,2026-09-11,2026-09-24,2026-09-25,2026-10-08,42.384230848842805,-83.22589585209128,Schoolcraft Southfield,Artesian St & W Davison St,Schoolcraft Southfield
882ab2ce25fffff,1.0,3.0,Emerging Hotspot,2.0,200.0,6.0,ALL,Category Focus,Property Crime,3.0,3.0,2026-09-11,2026-09-24,2026-09-25,2026-10-08,42.38589347260971,-83.19871162646962,Schoolcraft Southfield,Montrose St & W Davison St,Schoolcraft Southfield
882ab2ce21fffff,3.0,2.0,Declining Hotspot,-1.0,-33.33,2.0,02,Category Focus,Violent Crime,3.0,3.0,2026-09-11,2026-09-24,2026-09-25,2026-10-08,42.38403787819562,-83.18933499239498,Schoolcraft Southfield,Marlowe St & Tyler St,Schoolcraft Southfield
882ab2ce21fffff,3.0,2.0,Declining Hotspot,-1.0,-33.33,2.0,ALL,Category Focus,Violent Crime,3.0,3.0,2026-09-11,2026-09-24,2026-09-25,2026-10-08,42.38403787819562,-83.18933499239498,Schoolcraft Southfield,Marlowe St & Tyler St,Schoolcraft Southfield
882ab2ce25fffff,3.0,1.0,Declining Hotspot,-2.0,-66.67,1.0,ALL,Category Focus,Violent Crime,3.0,3.0,2026-09-11,2026-09-24,2026-09-25,2026-10-08,42.38589347260971,-83.19871162646962,Schoolcraft Southfield,Montrose St & W Davison St,Schoolcraft Southfield
882ab2c193fffff,5.0,14.0,Emerging Hotspot,9.0,180.0,27.5,12,All,All,7.0,13.0,2026-09-11,2026-09-24,2026-09-25,2026-10-08,42.41694374036624,-83.16355802479632,Schulze,W McNichols Rd & Wyoming St,Schulze
882ab2c191fffff,22.0,12.0,Declining Hotspot,-10.0,-45.45,12.0,12,All,All,7.0,13.0,2026-09-11,2026-09-24,2026-09-25,2026-10-08,42.42586824164742,-83.16949290662458,Schulze,Margareta St & Manor St,Schulze
882ab2c197fffff,7.0,7.0,Declining Hotspot,0.0,0.0,7.0,12,All,All,7.0,13.0,2026-09-11,2026-09-24,2026-09-25,2026-10-08,42.41851109827284,-83.17078007258193,Schulze,Littlefield St & Santa Maria St,Schulze
882ab2c195fffff,7.0,4.0,Declining Hotspot,-3.0,-42.86,4.0,12,All,All,7.0,13.0,2026-09-11,2026-09-24,2026-09-25,2026-10-08,42.42570911124865,-83.1768734139465,Schulze,Curtis St & Steel St,Schulze
882ab2c193fffff,5.0,14.0,Emerging Hotspot,9.0,180.0,27.5,ALL,All,All,7.0,13.0,2026-09-11,2026-09-24,2026-09-25,2026-10-08,42.41694374036624,-83.16355802479632,Schulze,W McNichols Rd & Wyoming St,Schulze
882ab2c191fffff,22.0,12.0,Declining Hotspot,-10.0,-45.45,12.0,ALL,All,All,7.0,13.0,2026-09-11,2026-09-24,2026-09-25,2026-10-08,42.42586824164742,-83.16949290662458,Schulze,Margareta St & Manor St,Schulze
882ab2c197fffff,7.0,7.0,Declining Hotspot,0.0,0.0,7.0,ALL,All,All,7.0,13.0,2026-09-11,2026-09-24,2026-09-25,2026-10-08,42.41851109827284,-83.17078007258193,Schulze,Littlefield St & Santa Maria St,Schulze
882ab2c195fffff,7.0,4.0,Declining Hotspot,-3.0,-42.86,4.0,ALL,All,All,7.0,13.0,2026-09-11,2026-09-24,2026-09-25,2026-10-08,42.42570911124865,-83.1768734139465,Schulze,Curtis St & Steel St,Schulze
882ab2c193fffff,1.0,4.0,Emerging Hotspot,3.0,300.0,8.5,12,Category Focus,Property Crime,3.0,4.0,2026-09-11,2026-09-24,2026-09-25,2026-10-08,42.41694374036624,-83.16355802479632,Schulze,W McNichols Rd & Wyoming St,Schulze
882ab2c197fffff,1.0,4.0,Emerging Hotspot,3.0,300.0,8.5,12,Category Focus,Property Crime,3.0,4.0,2026-09-11,2026-09-24,2026-09-25,2026-10-08,42.41851109827284,-83.17078007258193,Schulze,Littlefield St & Santa Maria St,Schulze
882ab2c191fffff,3.0,2.0,Declining Hotspot,-1.0,-33.33,2.0,12,Category Focus,Property Crime,3.0,4.0,2026-09-11,2026-09-24,2026-09-25,2026-10-08,42.42586824164742,-83.16949290662458,Schulze,Margareta St & Manor St,Schulze
882ab2c195fffff,4.0,1.0,Declining Hotspot,-3.0,-75.0,1.0,12,Category Focus,Property Crime,3.0,4.0,2026-09-11,2026-09-24,2026-09-25,2026-10-08,42.42570911124865,-83.1768734139465,Schulze,Curtis St & Steel St,Schulze
882ab2c193fffff,1.0,4.0,Emerging Hotspot,3.0,300.0,8.5,ALL,Category Focus,Property Crime,3.0,4.0,2026-09-11,2026-09-24,2026-09-25,2026-10-08,42.41694374036624,-83.16355802479632,Schulze,W McNichols Rd & Wyoming St,Schulze
882ab2c197fffff,1.0,4.0,Emerging Hotspot,3.0,300.0,8.5,ALL,Category Focus,Property Crime,3.0,4.0,2026-09-11,2026-09-24,2026-09-25,2026-10-08,42.41851109827284,-83.17078007258193,Schulze,Littlefield St & Santa Maria St,Schulze
882ab2c191fffff,3.0,2.0,Declining Hotspot,-1.0,-33.33,2.0,ALL,Category Focus,Property Crime,3.0,4.0,2026-09-11,2026-09-24,2026-09-25,2026-10-08,42.42586824164742,-83.16949290662458,Schulze,Margareta St & Manor St,Schulze
882ab2c195fffff,4.0,1.0,Declining Hotspot,-3.0,-75.0,1.0,ALL,Category Focus,Property Crime,3.0,4.0,2026-09-11,2026-09-24,2026-09-25,2026-10-08,42.42570911124865,-83.1768734139465,Schulze,Curtis St & Steel St,Schulze
882ab2c191fffff,4.0,1.0,Declining Hotspot,-3.0,-75.0,1.0,12,Category Focus,Vehicle-Related Crime,4.0,3.0,2026-09-11,2026-09-24,2026-09-25,2026-10-08,42.42586824164742,-83.16949290662458,Schulze,Margareta St & Manor St,Schulze
882ab2c191fffff,4.0,1.0,Declining Hotspot,-3.0,-75.0,1.0,ALL,Category Focus,Vehicle-Related Crime,4.0,3.0,2026-09-11,2026-09-24,2026-09-25,2026-10-08,42.42586824164742,-83.16949290662458,Schulze,Margareta St & Manor St,Schulze
882ab2c191fffff,7.0,3.0,Persistent Hotspot,-4.0,-57.14,4.05,12,Category Focus,Violent Crime,5.0,3.0,2026-09-11,2026-09-24,2026-09-25,2026-10-08,42.42586824164742,-83.16949290662458,Schulze,Margareta St & Manor St,Schulze
882ab2c191fffff,7.0,3.0,Persistent Hotspot,-4.0,-57.14,4.05,ALL,Category Focus,Violent Crime,5.0,3.0,2026-09-11,2026-09-24,2026-09-25,2026-10-08,42.42586824164742,-83.16949290662458,Schulze,Margareta St & Manor St,Schulze
882ab2c191fffff,7.0,2.0,Declining Hotspot,-5.0,-71.43,2.0,12,Crime Type,ASSAULT,5.0,3.0,2026-09-11,2026-09-24,2026-09-25,2026-10-08,42.42586824164742,-83.16949290662458,Schulze,Margareta St & Manor St,Schulze
882ab2c191fffff,7.0,2.0,Declining Hotspot,-5.0,-71.43,2.0,ALL,Crime Type,ASSAULT,5.0,3.0,2026-09-11,2026-09-24,2026-09-25,2026-10-08,42.42586824164742,-83.16949290662458,Schulze,Margareta St & Manor St,Schulze
882ab2c193fffff,2.0,5.0,Emerging Hotspot,3.0,150.0,9.5,12,Crime Type,FRAUD,5.0,5.0,2026-09-11,2026-09-24,2026-09-25,2026-10-08,42.41694374036624,-83.16355802479632,Schulze,W McNichols Rd & Wyoming St,Schulze
882ab2c191fffff,7.0,5.0,Persistent Hotspot,-2.0,-28.57,6.75,12,Crime Type,FRAUD,5.0,5.0,2026-09-11,2026-09-24,2026-09-25,2026-10-08,42.42586824164742,-83.16949290662458,Schulze,Margareta St & Manor St,Schulze
882ab2c193fffff,2.0,5.0,Emerging Hotspot,3.0,150.0,9.5,ALL,Crime Type,FRAUD,5.0,5.0,2026-09-11,2026-09-24,2026-09-25,2026-10-08,42.41694374036624,-83.16355802479632,Schulze,W McNichols Rd & Wyoming St,Schulze
882ab2c191fffff,7.0,5.0,Persistent Hotspot,-2.0,-28.57,6.75,ALL,Crime Type,FRAUD,5.0,5.0,2026-09-11,2026-09-24,2026-09-25,2026-10-08,42.42586824164742,-83.16949290662458,Schulze,Margareta St & Manor St,Schulze
882ab2c197fffff,0.0,3.0,New Hotspot,3.0,,7.5,12,Crime Type,LARCENY,3.0,3.0,2026-09-11,2026-09-24,2026-09-25,2026-10-08,42.41851109827284,-83.17078007258193,Schulze,Littlefield St & Santa Maria St,Schulze
882ab2c197fffff,0.0,3.0,New Hotspot,3.0,,7.5,ALL,Crime Type,LARCENY,3.0,3.0,2026-09-11,2026-09-24,2026-09-25,2026-10-08,42.41851109827284,-83.17078007258193,Schulze,Littlefield St & Santa Maria St,Schulze
882ab2c191fffff,4.0,0.0,Declining Hotspot,-4.0,-100.0,0.0,12,Crime Type,STOLEN VEHICLE,4.0,3.0,2026-09-11,2026-09-24,2026-09-25,2026-10-08,42.42586824164742,-83.16949290662458,Schulze,Margareta St & Manor St,Schulze
882ab2c191fffff,4.0,0.0,Declining Hotspot,-4.0,-100.0,0.0,ALL,Crime Type,STOLEN VEHICLE,4.0,3.0,2026-09-11,2026-09-24,2026-09-25,2026-10-08,42.42586824164742,-83.16949290662458,Schulze,Margareta St & Manor St,Schulze
882ab2c187fffff,2.0,6.0,Emerging Hotspot,4.0,200.0,12.0,12,All,All,3.0,6.0,2026-09-08,2026-09-21,2026-09-22,2026-10-05,42.432518647191074,-83.1912297514599,Seven Mile Lodge,Hubbell St & Cambridge Ave,Seven Mile Lodge
882ab2c1b9fffff,3.0,2.0,Declining Hotspot,-1.0,-33.33,2.0,12,All,All,3.0,6.0,2026-09-08,2026-09-21,2026-09-22,2026-10-05,42.430654946770495,-83.19247268057873,Seven Mile Lodge,Lauder St & W 7 Mile Rd,Seven Mile Lodge
882ab2c187fffff,2.0,6.0,Emerging Hotspot,4.0,200.0,12.0,ALL,All,All,3.0,6.0,2026-09-08,2026-09-21,2026-09-22,2026-10-05,42.432518647191074,-83.1912297514599,Seven Mile Lodge,Hubbell St & Cambridge Ave,Seven Mile Lodge
882ab2c1b9fffff,3.0,2.0,Declining Hotspot,-1.0,-33.33,2.0,ALL,All,All,3.0,6.0,2026-09-08,2026-09-21,2026-09-22,2026-10-05,42.430654946770495,-83.19247268057873,Seven Mile Lodge,Lauder St & W 7 Mile Rd,Seven Mile Lodge
882ab2cab1fffff,9.0,2.0,Declining Hotspot,-7.0,-77.78,2.0,08,All,All,7.0,3.0,2026-09-11,2026-09-24,2026-09-25,2026-10-08,42.42907097577434,-83.27269550020766,Seven Mile-Rouge,Shiawassee Dr & W 7 Mile Rd,Seven Mile-Rouge
882ab2cab1fffff,9.0,2.0,Declining Hotspot,-7.0,-77.78,2.0,ALL,All,All,7.0,3.0,2026-09-11,2026-09-24,2026-09-25,2026-10-08,42.42907097577434,-83.27269550020766,Seven Mile-Rouge,Shiawassee Dr & W 7 Mile Rd,Seven Mile-Rouge
882ab2cab1fffff,4.0,0.0,Declining Hotspot,-4.0,-100.0,0.0,08,Category Focus,Property Crime,4.0,3.0,2026-09-11,2026-09-24,2026-09-25,2026-10-08,42.42907097577434,-83.27269550020766,Seven Mile-Rouge,Shiawassee Dr & W 7 Mile Rd,Seven Mile-Rouge
882ab2cab1fffff,4.0,0.0,Declining Hotspot,-4.0,-100.0,0.0,ALL,Category Focus,Property Crime,4.0,3.0,2026-09-11,2026-09-24,2026-09-25,2026-10-08,42.42907097577434,-83.27269550020766,Seven Mile-Rouge,Shiawassee Dr & W 7 Mile Rd,Seven Mile-Rouge
882ab2cab1fffff,4.0,2.0,Declining Hotspot,-2.0,-50.0,2.0,08,Category Focus,Violent Crime,4.0,3.0,2026-09-11,2026-09-24,2026-09-25,2026-10-08,42.42907097577434,-83.27269550020766,Seven Mile-Rouge,Shiawassee Dr & W 7 Mile Rd,Seven Mile-Rouge
882ab2cab1fffff,4.0,2.0,Declining Hotspot,-2.0,-50.0,2.0,ALL,Category Focus,Violent Crime,4.0,3.0,2026-09-11,2026-09-24,2026-09-25,2026-10-08,42.42907097577434,-83.27269550020766,Seven Mile-Rouge,Shiawassee Dr & W 7 Mile Rd,Seven Mile-Rouge
882ab2c769fffff,5.0,4.0,Persistent Hotspot,-1.0,-20.0,5.4,11,All,All,5.0,4.0,2026-09-10,2026-09-23,2026-09-24,2026-10-07,42.443522374096375,-83.03069755865215,Sherwood,Carrie St & Milbank St,Sherwood
882ab2c769fffff,5.0,4.0,Persistent Hotspot,-1.0,-20.0,5.4,ALL,All,All,5.0,4.0,2026-09-10,2026-09-23,2026-09-24,2026-10-07,42.443522374096375,-83.03069755865215,Sherwood,Carrie St & Milbank St,Sherwood
882ab2c769fffff,4.0,4.0,Persistent Hotspot,0.0,0.0,5.4,11,Category Focus,Property Crime,4.0,4.0,2026-09-10,2026-09-23,2026-09-24,2026-10-07,42.443522374096375,-83.03069755865215,Sherwood,Carrie St & Milbank St,Sherwood
882ab2c769fffff,4.0,4.0,Persistent Hotspot,0.0,0.0,5.4,ALL,Category Focus,Property Crime,4.0,4.0,2026-09-10,2026-09-23,2026-09-24,2026-10-07,42.443522374096375,-83.03069755865215,Sherwood,Carrie St & Milbank St,Sherwood
882ab2c745fffff,3.0,2.0,Declining Hotspot,-1.0,-33.33,2.0,11,Category Focus,Violent Crime,3.0,3.0,2026-09-10,2026-09-23,2026-09-24,2026-10-07,42.44360612040277,-83.02711291994277,Sherwood,Milbank St & Rogge St,Sherwood
882ab2c745fffff,3.0,2.0,Declining Hotspot,-1.0,-33.33,2.0,ALL,Category Focus,Violent Crime,3.0,3.0,2026-09-10,2026-09-23,2026-09-24,2026-10-07,42.44360612040277,-83.02711291994277,Sherwood,Milbank St & Rogge St,Sherwood
882ab2c745fffff,3.0,1.0,Declining Hotspot,-2.0,-66.67,1.0,11,Crime Type,ASSAULT,3.0,3.0,2026-09-10,2026-09-23,2026-09-24,2026-10-07,42.44360612040277,-83.02711291994277,Sherwood,Milbank St & Rogge St,Sherwood
882ab2c745fffff,3.0,1.0,Declining Hotspot,-2.0,-66.67,1.0,ALL,Crime Type,ASSAULT,3.0,3.0,2026-09-10,2026-09-23,2026-09-24,2026-10-07,42.44360612040277,-83.02711291994277,Sherwood,Milbank St & Rogge St,Sherwood
882ab2c769fffff,3.0,0.0,Declining Hotspot,-3.0,-100.0,0.0,11,Crime Type,BURGLARY,3.0,3.0,2026-09-10,2026-09-23,2026-09-24,2026-10-07,42.443522374096375,-83.03069755865215,Sherwood,Carrie St & Milbank St,Sherwood
882ab2c769fffff,3.0,0.0,Declining Hotspot,-3.0,-100.0,0.0,ALL,Crime Type,BURGLARY,3.0,3.0,2026-09-10,2026-09-23,2026-09-24,2026-10-07,42.443522374096375,-83.03069755865215,Sherwood,Carrie St & Milbank St,Sherwood
882ab2c769fffff,0.0,3.0,New Hotspot,3.0,,7.5,11,Crime Type,LARCENY,3.0,3.0,2026-09-10,2026-09-23,2026-09-24,2026-10-07,42.443522374096375,-83.03069755865215,Sherwood,Carrie St & Milbank St,Sherwood
882ab2c769fffff,0.0,3.0,New Hotspot,3.0,,7.5,ALL,Crime Type,LARCENY,3.0,3.0,2026-09-10,2026-09-23,2026-09-24,2026-10-07,42.443522374096375,-83.03069755865215,Sherwood,Carrie St & Milbank St,Sherwood
882ab2c0adfffff,0.0,4.0,New Hotspot,4.0,,10.0,12,All,All,3.0,4.0,2026-09-08,2026-09-21,2026-09-22,2026-10-05,42.43620640898726,-83.13877489596533,Sherwood Forest,Livernois Ave & Saint Martins Ave,Sherwood Forest
882ab2c0adfffff,0.0,4.0,New Hotspot,4.0,,10.0,ALL,All,All,3.0,4.0,2026-09-08,2026-09-21,2026-09-22,2026-10-05,42.43620640898726,-83.13877489596533,Sherwood Forest,Livernois Ave & Saint Martins Ave,Sherwood Forest
882ab2c0adfffff,0.0,3.0,New Hotspot,3.0,,7.5,12,Category Focus,Property Crime,3.0,3.0,2026-09-08,2026-09-21,2026-09-22,2026-10-05,42.43620640898726,-83.13877489596533,Sherwood Forest,Livernois Ave & Saint Martins Ave,Sherwood Forest
882ab2c0adfffff,0.0,3.0,New Hotspot,3.0,,7.5,ALL,Category Focus,Property Crime,3.0,3.0,2026-09-08,2026-09-21,2026-09-22,2026-10-05,42.43620640898726,-83.13877489596533,Sherwood Forest,Livernois Ave & Saint Martins Ave,Sherwood Forest
882ab2c8dbfffff,1.0,4.0,Emerging Hotspot,3.0,300.0,8.5,08,All,All,3.0,4.0,2026-09-09,2026-09-22,2026-09-23,2026-10-06,42.41193700488287,-83.27953659743358,South of Six,Florence St & Woodbine St,South of Six
882ab2c8d1fffff,3.0,1.0,Declining Hotspot,-2.0,-66.67,1.0,08,All,All,3.0,4.0,2026-09-09,2026-09-22,2026-09-23,2026-10-06,42.40940376140757,-83.28498499098275,South of Six,Salem St & Florence St,South of Six
882ab2c8dbfffff,1.0,4.0,Emerging Hotspot,3.0,300.0,8.5,ALL,All,All,4.0,4.0,2026-09-09,2026-09-22,2026-09-23,2026-10-06,42.41193700488287,-83.27953659743358,South of Six,Florence St & Woodbine St,South of Six
882ab2c8d1fffff,4.0,1.0,Declining Hotspot,-3.0,-75.0,1.0,ALL,All,All,4.0,4.0,2026-09-09,2026-09-22,2026-09-23,2026-10-06,42.40940376140757,-83.28498499098275,South of Six,Salem St & Florence St,South of Six
882ab2c8d1fffff,3.0,0.0,Declining Hotspot,-3.0,-100.0,0.0,ALL,Category Focus,Property Crime,3.0,3.0,2026-09-09,2026-09-22,2026-09-23,2026-10-06,42.40940376140757,-83.28498499098275,South of Six,Salem St & Florence St,South of Six
882ab2cf17fffff,4.0,6.0,Persistent Hotspot,2.0,50.0,11.1,06,All,All,4.0,5.0,2026-09-11,2026-09-24,2026-09-25,2026-10-08,42.37437150547984,-83.22053214166819,Southfield Plymouth,Penrod St & Wadsworth St,Southfield Plymouth
882ab2cf17fffff,4.0,6.0,Persistent Hotspot,2.0,50.0,11.1,ALL,All,All,4.0,5.0,2026-09-11,2026-09-24,2026-09-25,2026-10-08,42.37437150547984,-83.22053214166819,Southfield Plymouth,Penrod St & Wadsworth St,Southfield Plymouth
882ab2cf17fffff,1.0,6.0,Emerging Hotspot,5.0,500.0,13.5,06,Crime Type,RUNAWAY,3.0,6.0,2026-09-11,2026-09-24,2026-09-25,2026-10-08,42.37437150547984,-83.22053214166819,Southfield Plymouth,Penrod St & Wadsworth St,Southfield Plymouth
882ab2cf17fffff,1.0,6.0,Emerging Hotspot,5.0,500.0,13.5,ALL,Crime Type,RUNAWAY,3.0,6.0,2026-09-11,2026-09-24,2026-09-25,2026-10-08,42.37437150547984,-83.22053214166819,Southfield Plymouth,Penrod St & Wadsworth St,Southfield Plymouth
882ab2cebbfffff,3.0,10.0,Emerging Hotspot,7.0,233.33,20.5,04,All,All,5.0,6.0,2026-09-11,2026-09-24,2026-09-25,2026-10-08,42.31264358814919,-83.12565401557374,Springwells,Pitt St & Central St,Springwells
882ab2ceb3fffff,7.0,6.0,Persistent Hotspot,-1.0,-14.29,8.1,04,All,All,5.0,6.0,2026-09-11,2026-09-24,2026-09-25,2026-10-08,42.30658858311586,-83.13351917547075,Springwells,Falcon St & Woodmere St,Springwells
882ab21b6dfffff,6.0,3.0,Declining Hotspot,-3.0,-50.0,3.0,04,All,All,5.0,6.0,2026-09-11,2026-09-24,2026-09-25,2026-10-08,42.306172454331126,-83.12337838459051,Springwells,Evans St & Lane St,Springwells
882ab2cebbfffff,3.0,10.0,Emerging Hotspot,7.0,233.33,20.5,ALL,All,All,5.0,6.0,2026-09-11,2026-09-24,2026-09-25,2026-10-08,42.31264358814919,-83.12565401557374,Springwells,Pitt St & Central St,Springwells
882ab2ceb3fffff,7.0,6.0,Persistent Hotspot,-1.0,-14.29,8.1,ALL,All,All,5.0,6.0,2026-09-11,2026-09-24,2026-09-25,2026-10-08,42.30658858311586,-83.13351917547075,Springwells,Falcon St & Woodmere St,Springwells
882ab21b6dfffff,6.0,3.0,Declining Hotspot,-3.0,-50.0,3.0,ALL,All,All,5.0,6.0,2026-09-11,2026-09-24,2026-09-25,2026-10-08,42.306172454331126,-83.12337838459051,Springwells,Evans St & Lane St,Springwells
882ab2cebbfffff,1.0,5.0,Emerging Hotspot,4.0,400.0,11.0,04,Category Focus,Property Crime,3.0,4.0,2026-09-11,2026-09-24,2026-09-25,2026-10-08,42.31264358814919,-83.12565401557374,Springwells,Pitt St & Central St,Springwells
882ab21b6dfffff,3.0,0.0,Declining Hotspot,-3.0,-100.0,0.0,04,Category Focus,Property Crime,3.0,4.0,2026-09-11,2026-09-24,2026-09-25,2026-10-08,42.306172454331126,-83.12337838459051,Springwells,Evans St & Lane St,Springwells
882ab2ceb1fffff,3.0,0.0,Declining Hotspot,-3.0,-100.0,0.0,04,Category Focus,Property Crime,3.0,4.0,2026-09-11,2026-09-24,2026-09-25,2026-10-08,42.31212783233561,-83.13484794318346,Springwells,Ferris St & Woodmere St,Springwells
882ab2ceb3fffff,3.0,0.0,Declining Hotspot,-3.0,-100.0,0.0,04,Category Focus,Property Crime,3.0,4.0,2026-09-11,2026-09-24,2026-09-25,2026-10-08,42.30658858311586,-83.13351917547075,Springwells,Falcon St & Woodmere St,Springwells
882ab2cebbfffff,1.0,5.0,Emerging Hotspot,4.0,400.0,11.0,ALL,Category Focus,Property Crime,3.0,4.0,2026-09-11,2026-09-24,2026-09-25,2026-10-08,42.31264358814919,-83.12565401557374,Springwells,Pitt St & Central St,Springwells
882ab21b6dfffff,3.0,0.0,Declining Hotspot,-3.0,-100.0,0.0,ALL,Category Focus,Property Crime,3.0,4.0,2026-09-11,2026-09-24,2026-09-25,2026-10-08,42.306172454331126,-83.12337838459051,Springwells,Evans St & Lane St,Springwells
882ab2ceb1fffff,3.0,0.0,Declining Hotspot,-3.0,-100.0,0.0,ALL,Category Focus,Property Crime,3.0,4.0,2026-09-11,2026-09-24,2026-09-25,2026-10-08,42.31212783233561,-83.13484794318346,Springwells,Ferris St & Woodmere St,Springwells
882ab2ceb3fffff,3.0,0.0,Declining Hotspot,-3.0,-100.0,0.0,ALL,Category Focus,Property Crime,3.0,4.0,2026-09-11,2026-09-24,2026-09-25,2026-10-08,42.30658858311586,-83.13351917547075,Springwells,Falcon St & Woodmere St,Springwells
882ab2ceb3fffff,2.0,5.0,Emerging Hotspot,3.0,150.0,9.5,04,Category Focus,Violent Crime,3.0,5.0,2026-09-11,2026-09-24,2026-09-25,2026-10-08,42.30658858311586,-83.13351917547075,Springwells,Falcon St & Woodmere St,Springwells
882ab2ceb3fffff,2.0,5.0,Emerging Hotspot,3.0,150.0,9.5,ALL,Category Focus,Violent Crime,3.0,5.0,2026-09-11,2026-09-24,2026-09-25,2026-10-08,42.30658858311586,-83.13351917547075,Springwells,Falcon St & Woodmere St,Springwells
882ab2ceb3fffff,1.0,4.0,Emerging Hotspot,3.0,300.0,8.5,04,Crime Type,ASSAULT,3.0,4.0,2026-09-11,2026-09-24,2026-09-25,2026-10-08,42.30658858311586,-83.13351917547075,Springwells,Falcon St & Woodmere St,Springwells
882ab2ceb3fffff,1.0,4.0,Emerging Hotspot,3.0,300.0,8.5,ALL,Crime Type,ASSAULT,3.0,4.0,2026-09-11,2026-09-24,2026-09-25,2026-10-08,42.30658858311586,-83.13351917547075,Springwells,Falcon St & Woodmere St,Springwells
882ab2cebbfffff,1.0,3.0,Emerging Hotspot,2.0,200.0,6.0,04,Crime Type,LARCENY,3.0,3.0,2026-09-11,2026-09-24,2026-09-25,2026-10-08,42.31264358814919,-83.12565401557374,Springwells,Pitt St & Central St,Springwells
882ab2cebbfffff,1.0,3.0,Emerging Hotspot,2.0,200.0,6.0,ALL,Crime Type,LARCENY,3.0,3.0,2026-09-11,2026-09-24,2026-09-25,2026-10-08,42.31264358814919,-83.12565401557374,Springwells,Pitt St & Central St,Springwells
882ab2c0e3fffff,3.0,3.0,Persistent Hotspot,0.0,0.0,4.05,12,All,All,3.0,3.0,2026-09-11,2026-09-24,2026-09-25,2026-10-08,42.43927558176866,-83.11999801256664,State Fair,Woodward Ave & W State Fair St,State Fair
882ab2c0e3fffff,3.0,3.0,Persistent Hotspot,0.0,0.0,4.05,ALL,All,All,3.0,3.0,2026-09-11,2026-09-24,2026-09-25,2026-10-08,42.43927558176866,-83.11999801256664,State Fair,Woodward Ave & W State Fair St,State Fair
882ab2c8d9fffff,3.0,4.0,Emerging Hotspot,1.0,33.33,5.5,08,All,All,7.0,4.0,2026-09-04,2026-09-17,2026-09-18,2026-10-01,42.416680981714975,-83.27999092192728,The Eye,Salem St & Santa Maria St,The Eye
882ab2cab7fffff,9.0,0.0,Declining Hotspot,-9.0,-100.0,0.0,08,All,All,7.0,4.0,2026-09-04,2026-09-17,2026-09-18,2026-10-01,42.42511198019423,-83.28287056611585,The Eye,Salem St & Margareta St,The Eye
882ab2c8d9fffff,3.0,4.0,Emerging Hotspot,1.0,33.33,5.5,ALL,All,All,7.0,4.0,2026-09-04,2026-09-17,2026-09-18,2026-10-01,42.416680981714975,-83.27999092192728,The Eye,Salem St & Santa Maria St,The Eye
882ab2cab7fffff,9.0,0.0,Declining Hotspot,-9.0,-100.0,0.0,ALL,All,All,7.0,4.0,2026-09-04,2026-09-17,2026-09-18,2026-10-01,42.42511198019423,-83.28287056611585,The Eye,Salem St & Margareta St,The Eye
882ab2cab7fffff,4.0,0.0,Declining Hotspot,-4.0,-100.0,0.0,08,Category Focus,Property Crime,4.0,3.0,2026-09-04,2026-09-17,2026-09-18,2026-10-01,42.42511198019423,-83.28287056611585,The Eye,Salem St & Margareta St,The Eye
882ab2cab7fffff,4.0,0.0,Declining Hotspot,-4.0,-100.0,0.0,ALL,Category Focus,Property Crime,4.0,3.0,2026-09-04,2026-09-17,2026-09-18,2026-10-01,42.42511198019423,-83.28287056611585,The Eye,Salem St & Margareta St,The Eye
882ab2c8d9fffff,3.0,1.0,Declining Hotspot,-2.0,-66.67,1.0,08,Category Focus,Vehicle-Related Crime,3.0,3.0,2026-09-04,2026-09-17,2026-09-18,2026-10-01,42.416680981714975,-83.27999092192728,The Eye,Salem St & Santa Maria St,The Eye
882ab2c8d9fffff,3.0,1.0,Declining Hotspot,-2.0,-66.67,1.0,ALL,Category Focus,Vehicle-Related Crime,3.0,3.0,2026-09-04,2026-09-17,2026-09-18,2026-10-01,42.416680981714975,-83.27999092192728,The Eye,Salem St & Santa Maria St,The Eye
882ab2cab7fffff,3.0,0.0,Declining Hotspot,-3.0,-100.0,0.0,08,Category Focus,Violent Crime,3.0,3.0,2026-09-04,2026-09-17,2026-09-18,2026-10-01,42.42511198019423,-83.28287056611585,The Eye,Salem St & Margareta St,The Eye
882ab2cab7fffff,3.0,0.0,Declining Hotspot,-3.0,-100.0,0.0,ALL,Category Focus,Violent Crime,3.0,3.0,2026-09-04,2026-09-17,2026-09-18,2026-10-01,42.42511198019423,-83.28287056611585,The Eye,Salem St & Margareta St,The Eye
882ab2cab7fffff,3.0,0.0,Declining Hotspot,-3.0,-100.0,0.0,08,Crime Type,BURGLARY,3.0,3.0,2026-09-04,2026-09-17,2026-09-18,2026-10-01,42.42511198019423,-83.28287056611585,The Eye,Salem St & Margareta St,The Eye
882ab2cab7fffff,3.0,0.0,Declining Hotspot,-3.0,-100.0,0.0,ALL,Crime Type,BURGLARY,3.0,3.0,2026-09-04,2026-09-17,2026-09-18,2026-10-01,42.42511198019423,-83.28287056611585,The Eye,Salem St & Margareta St,The Eye
882ab2c1b9fffff,1.0,3.0,Emerging Hotspot,2.0,200.0,6.0,12,All,All,3.0,3.0,2026-09-01,2026-09-14,2026-09-15,2026-09-28,42.42920842930694,-83.18335344623561,Tri-Point,Clarita St & Lesure St,Tri-Point
882ab2c1b9fffff,1.0,3.0,Emerging Hotspot,2.0,200.0,6.0,ALL,All,All,3.0,3.0,2026-09-01,2026-09-14,2026-09-15,2026-09-28,42.42920842930694,-83.18335344623561,Tri-Point,Clarita St & Lesure St,Tri-Point
882ab2c0a7fffff,4.0,5.0,Persistent Hotspot,1.0,25.0,8.25,12,All,All,4.0,5.0,2026-09-11,2026-09-24,2026-09-25,2026-10-08,42.42442770577538,-83.14115842474132,University District,Pickford St & Livernois Ave,University District
882ab2c0a1fffff,4.0,4.0,Declining Hotspot,0.0,0.0,4.0,12,All,All,4.0,5.0,2026-09-11,2026-09-24,2026-09-25,2026-10-08,42.42730052300783,-83.13454248249829,University District,Muirland St & Margareta St,University District
882ab2c0a7fffff,4.0,5.0,Persistent Hotspot,1.0,25.0,8.25,ALL,All,All,4.0,5.0,2026-09-11,2026-09-24,2026-09-25,2026-10-08,42.42442770577538,-83.14115842474132,University District,Pickford St & Livernois Ave,University District
882ab2c0a1fffff,4.0,4.0,Declining Hotspot,0.0,0.0,4.0,ALL,All,All,4.0,5.0,2026-09-11,2026-09-24,2026-09-25,2026-10-08,42.42730052300783,-83.13454248249829,University District,Muirland St & Margareta St,University District
882ab2c0a7fffff,3.0,5.0,Emerging Hotspot,2.0,66.67,8.0,12,Category Focus,Property Crime,4.0,4.0,2026-09-11,2026-09-24,2026-09-25,2026-10-08,42.42442770577538,-83.14115842474132,University District,Pickford St & Livernois Ave,University District
882ab2c0a1fffff,4.0,3.0,Declining Hotspot,-1.0,-25.0,3.0,12,Category Focus,Property Crime,4.0,4.0,2026-09-11,2026-09-24,2026-09-25,2026-10-08,42.42730052300783,-83.13454248249829,University District,Muirland St & Margareta St,University District
882ab2c0a7fffff,3.0,5.0,Emerging Hotspot,2.0,66.67,8.0,ALL,Category Focus,Property Crime,4.0,4.0,2026-09-11,2026-09-24,2026-09-25,2026-10-08,42.42442770577538,-83.14115842474132,University District,Pickford St & Livernois Ave,University District
882ab2c0a1fffff,4.0,3.0,Declining Hotspot,-1.0,-25.0,3.0,ALL,Category Focus,Property Crime,4.0,4.0,2026-09-11,2026-09-24,2026-09-25,2026-10-08,42.42730052300783,-83.13454248249829,University District,Muirland St & Margareta St,University District
882ab2c0a7fffff,2.0,5.0,Emerging Hotspot,3.0,150.0,9.5,12,Category Focus,Vehicle-Related Crime,3.0,4.0,2026-09-11,2026-09-24,2026-09-25,2026-10-08,42.42442770577538,-83.14115842474132,University District,Pickford St & Livernois Ave,University District
882ab2c0a7fffff,2.0,5.0,Emerging Hotspot,3.0,150.0,9.5,ALL,Category Focus,Vehicle-Related Crime,3.0,4.0,2026-09-11,2026-09-24,2026-09-25,2026-10-08,42.42442770577538,-83.14115842474132,University District,Pickford St & Livernois Ave,University District
882ab2c0a1fffff,3.0,0.0,Declining Hotspot,-3.0,-100.0,0.0,12,Crime Type,DAMAGE TO PROPERTY,3.0,3.0,2026-09-11,2026-09-24,2026-09-25,2026-10-08,42.42730052300783,-83.13454248249829,University District,Muirland St & Margareta St,University District
882ab2c0a1fffff,3.0,0.0,Declining Hotspot,-3.0,-100.0,0.0,ALL,Crime Type,DAMAGE TO PROPERTY,3.0,3.0,2026-09-11,2026-09-24,2026-09-25,2026-10-08,42.42730052300783,-83.13454248249829,University District,Muirland St & Margareta St,University District
882ab2c0a7fffff,2.0,5.0,Emerging Hotspot,3.0,150.0,9.5,12,Crime Type,LARCENY,3.0,4.0,2026-09-11,2026-09-24,2026-09-25,2026-10-08,42.42442770577538,-83.14115842474132,University District,Pickford St & Livernois Ave,University District
882ab2c0a7fffff,2.0,5.0,Emerging Hotspot,3.0,150.0,9.5,ALL,Crime Type,LARCENY,3.0,4.0,2026-09-11,2026-09-24,2026-09-25,2026-10-08,42.42442770577538,-83.14115842474132,University District,Pickford St & Livernois Ave,University District
882ab2c52bfffff,8.0,8.0,Emerging Hotspot,0.0,0.0,8.0,10,All,All,9.0,8.0,2026-09-11,2026-09-24,2026-09-25,2026-10-08,42.372964804255616,-83.09492280340922,Virginia Park Community,Woodrow Wilson St & Gladstone St,Virginia Park Community
882ab2c507fffff,11.0,10.0,Persistent Hotspot,-1.0,-9.09,13.5,10,All,All,9.0,8.0,2026-09-11,2026-09-24,2026-09-25,2026-10-08,42.369733552894765,-83.08558002001173,Virginia Park Community,W Grand Blvd & Lincoln St,Virginia Park Community
882ab2c52bfffff,8.0,8.0,Emerging Hotspot,0.0,0.0,8.0,ALL,All,All,9.0,8.0,2026-09-11,2026-09-24,2026-09-25,2026-10-08,42.372964804255616,-83.09492280340922,Virginia Park Community,Woodrow Wilson St & Gladstone St,Virginia Park Community
882ab2c507fffff,11.0,10.0,Persistent Hotspot,-1.0,-9.09,13.5,ALL,All,All,9.0,8.0,2026-09-11,2026-09-24,2026-09-25,2026-10-08,42.369733552894765,-83.08558002001173,Virginia Park Community,W Grand Blvd & Lincoln St,Virginia Park Community
882ab2c507fffff,3.0,6.0,Persistent Hotspot,3.0,100.0,12.6,10,Category Focus,Property Crime,3.0,4.0,2026-09-11,2026-09-24,2026-09-25,2026-10-08,42.369733552894765,-83.08558002001173,Virginia Park Community,W Grand Blvd & Lincoln St,Virginia Park Community
882ab2c52bfffff,3.0,4.0,Persistent Hotspot,1.0,33.33,6.9,10,Category Focus,Property Crime,3.0,4.0,2026-09-11,2026-09-24,2026-09-25,2026-10-08,42.372964804255616,-83.09492280340922,Virginia Park Community,Woodrow Wilson St & Gladstone St,Virginia Park Community
882ab2c53dfffff,3.0,4.0,Persistent Hotspot,1.0,33.33,6.9,10,Category Focus,Property Crime,3.0,4.0,2026-09-11,2026-09-24,2026-09-25,2026-10-08,42.36659258751002,-83.09035235032043,Virginia Park Community,Churchill St & W Bethune St,Virginia Park Community
882ab2c507fffff,3.0,6.0,Persistent Hotspot,3.0,100.0,12.6,ALL,Category Focus,Property Crime,3.0,4.0,2026-09-11,2026-09-24,2026-09-25,2026-10-08,42.369733552894765,-83.08558002001173,Virginia Park Community,W Grand Blvd & Lincoln St,Virginia Park Community
882ab2c52bfffff,3.0,4.0,Persistent Hotspot,1.0,33.33,6.9,ALL,Category Focus,Property Crime,3.0,4.0,2026-09-11,2026-09-24,2026-09-25,2026-10-08,42.372964804255616,-83.09492280340922,Virginia Park Community,Woodrow Wilson St & Gladstone St,Virginia Park Community
882ab2c53dfffff,3.0,4.0,Persistent Hotspot,1.0,33.33,6.9,ALL,Category Focus,Property Crime,3.0,4.0,2026-09-11,2026-09-24,2026-09-25,2026-10-08,42.36659258751002,-83.09035235032043,Virginia Park Community,Churchill St & W Bethune St,Virginia Park Community
882ab2c523fffff,0.0,4.0,New Hotspot,4.0,,10.0,10,Category Focus,Violent Crime,4.0,4.0,2026-09-11,2026-09-24,2026-09-25,2026-10-08,42.368049415566475,-83.10462880708579,Virginia Park Community,Linwood St & W Euclid St,Virginia Park Community
882ab2c507fffff,4.0,2.0,Declining Hotspot,-2.0,-50.0,2.0,10,Category Focus,Violent Crime,4.0,4.0,2026-09-11,2026-09-24,2026-09-25,2026-10-08,42.369733552894765,-83.08558002001173,Virginia Park Community,W Grand Blvd & Lincoln St,Virginia Park Community
882ab2c523fffff,0.0,4.0,New Hotspot,4.0,,10.0,ALL,Category Focus,Violent Crime,4.0,4.0,2026-09-11,2026-09-24,2026-09-25,2026-10-08,42.368049415566475,-83.10462880708579,Virginia Park Community,Linwood St & W Euclid St,Virginia Park Community
882ab2c507fffff,4.0,2.0,Declining Hotspot,-2.0,-50.0,2.0,ALL,Category Focus,Violent Crime,4.0,4.0,2026-09-11,2026-09-24,2026-09-25,2026-10-08,42.369733552894765,-83.08558002001173,Virginia Park Community,W Grand Blvd & Lincoln St,Virginia Park Community
882ab2c523fffff,0.0,3.0,New Hotspot,3.0,,7.5,10,Crime Type,AGGRAVATED ASSAULT,3.0,3.0,2026-09-11,2026-09-24,2026-09-25,2026-10-08,42.368049415566475,-83.10462880708579,Virginia Park Community,Linwood St & W Euclid St,Virginia Park Community
882ab2c523fffff,0.0,3.0,New Hotspot,3.0,,7.5,ALL,Crime Type,AGGRAVATED ASSAULT,3.0,3.0,2026-09-11,2026-09-24,2026-09-25,2026-10-08,42.368049415566475,-83.10462880708579,Virginia Park Community,Linwood St & W Euclid St,Virginia Park Community
882ab2c52bfffff,1.0,3.0,Emerging Hotspot,2.0,200.0,6.0,10,Crime Type,ASSAULT,3.0,3.0,2026-09-11,2026-09-24,2026-09-25,2026-10-08,42.372964804255616,-83.09492280340922,Virginia Park Community,Woodrow Wilson St & Gladstone St,Virginia Park Community
882ab2c52bfffff,1.0,3.0,Emerging Hotspot,2.0,200.0,6.0,ALL,Crime Type,ASSAULT,3.0,3.0,2026-09-11,2026-09-24,2026-09-25,2026-10-08,42.372964804255616,-83.09492280340922,Virginia Park Community,Woodrow Wilson St & Gladstone St,Virginia Park Community
882ab2c53dfffff,1.0,3.0,Emerging Hotspot,2.0,200.0,6.0,10,Crime Type,DAMAGE TO PROPERTY,3.0,3.0,2026-09-11,2026-09-24,2026-09-25,2026-10-08,42.36659258751002,-83.09035235032043,Virginia Park Community,Churchill St & W Bethune St,Virginia Park Community
882ab2c53dfffff,1.0,3.0,Emerging Hotspot,2.0,200.0,6.0,ALL,Crime Type,DAMAGE TO PROPERTY,3.0,3.0,2026-09-11,2026-09-24,2026-09-25,2026-10-08,42.36659258751002,-83.09035235032043,Virginia Park Community,Churchill St & W Bethune St,Virginia Park Community
882ab2c507fffff,3.0,1.0,Declining Hotspot,-2.0,-66.67,1.0,10,Crime Type,FRAUD,3.0,3.0,2026-09-11,2026-09-24,2026-09-25,2026-10-08,42.369733552894765,-83.08558002001173,Virginia Park Community,W Grand Blvd & Lincoln St,Virginia Park Community
882ab2c507fffff,3.0,1.0,Declining Hotspot,-2.0,-66.67,1.0,ALL,Crime Type,FRAUD,3.0,3.0,2026-09-11,2026-09-24,2026-09-25,2026-10-08,42.369733552894765,-83.08558002001173,Virginia Park Community,W Grand Blvd & Lincoln St,Virginia Park Community
882ab2c507fffff,2.0,3.0,Emerging Hotspot,1.0,50.0,4.5,10,Crime Type,LARCENY,3.0,3.0,2026-09-11,2026-09-24,2026-09-25,2026-10-08,42.369733552894765,-83.08558002001173,Virginia Park Community,W Grand Blvd & Lincoln St,Virginia Park Community
882ab2c507fffff,2.0,3.0,Emerging Hotspot,1.0,50.0,4.5,ALL,Crime Type,LARCENY,3.0,3.0,2026-09-11,2026-09-24,2026-09-25,2026-10-08,42.369733552894765,-83.08558002001173,Virginia Park Community,W Grand Blvd & Lincoln St,Virginia Park Community
882ab2c755fffff,14.0,11.0,Persistent Hotspot,-3.0,-21.43,14.85,09,All,All,10.0,8.0,2026-09-10,2026-09-23,2026-09-24,2026-10-07,42.42396549015056,-83.00430992780001,Von Steuben,Dresden St & Sauer St,Von Steuben
882ab2c755fffff,14.0,11.0,Persistent Hotspot,-3.0,-21.43,14.85,ALL,All,All,10.0,8.0,2026-09-10,2026-09-23,2026-09-24,2026-10-07,42.42396549015056,-83.00430992780001,Von Steuben,Dresden St & Sauer St,Von Steuben
882ab2c755fffff,1.0,3.0,Emerging Hotspot,2.0,200.0,6.0,09,Category Focus,Property Crime,3.0,3.0,2026-09-10,2026-09-23,2026-09-24,2026-10-07,42.42396549015056,-83.00430992780001,Von Steuben,Dresden St & Sauer St,Von Steuben
882ab2c755fffff,1.0,3.0,Emerging Hotspot,2.0,200.0,6.0,ALL,Category Focus,Property Crime,3.0,3.0,2026-09-10,2026-09-23,2026-09-24,2026-10-07,42.42396549015056,-83.00430992780001,Von Steuben,Dresden St & Sauer St,Von Steuben
882ab2c755fffff,2.0,3.0,Emerging Hotspot,1.0,50.0,4.5,09,Category Focus,Vehicle-Related Crime,3.0,3.0,2026-09-10,2026-09-23,2026-09-24,2026-10-07,42.42396549015056,-83.00430992780001,Von Steuben,Dresden St & Sauer St,Von Steuben
882ab2c755fffff,2.0,3.0,Emerging Hotspot,1.0,50.0,4.5,ALL,Category Focus,Vehicle-Related Crime,3.0,3.0,2026-09-10,2026-09-23,2026-09-24,2026-10-07,42.42396549015056,-83.00430992780001,Von Steuben,Dresden St & Sauer St,Von Steuben
882ab2c75dfffff,4.0,3.0,Emerging Hotspot,-1.0,-25.0,3.0,09,Category Focus,Violent Crime,6.0,3.0,2026-09-10,2026-09-23,2026-09-24,2026-10-07,42.43116900585888,-82.99227017936529,Von Steuben,Fairport St & Linnhurst St,Von Steuben
882ab2c755fffff,11.0,3.0,Persistent Hotspot,-8.0,-72.73,4.05,09,Category Focus,Violent Crime,6.0,3.0,2026-09-10,2026-09-23,2026-09-24,2026-10-07,42.42396549015056,-83.00430992780001,Von Steuben,Dresden St & Sauer St,Von Steuben
882ab2c75dfffff,4.0,3.0,Emerging Hotspot,-1.0,-25.0,3.0,ALL,Category Focus,Violent Crime,6.0,3.0,2026-09-10,2026-09-23,2026-09-24,2026-10-07,42.43116900585888,-82.99227017936529,Von Steuben,Fairport St & Linnhurst St,Von Steuben
882ab2c755fffff,11.0,3.0,Persistent Hotspot,-8.0,-72.73,4.05,ALL,Category Focus,Violent Crime,6.0,3.0,2026-09-10,2026-09-23,2026-09-24,2026-10-07,42.42396549015056,-83.00430992780001,Von Steuben,Dresden St & Sauer St,Von Steuben
882ab2c755fffff,10.0,1.0,Declining Hotspot,-9.0,-90.0,1.0,09,Crime Type,ASSAULT,7.0,3.0,2026-09-10,2026-09-23,2026-09-24,2026-10-07,42.42396549015056,-83.00430992780001,Von Steuben,Dresden St & Sauer St,Von Steuben
882ab2c755fffff,10.0,1.0,Declining Hotspot,-9.0,-90.0,1.0,ALL,Crime Type,ASSAULT,7.0,3.0,2026-09-10,2026-09-23,2026-09-24,2026-10-07,42.42396549015056,-83.00430992780001,Von Steuben,Dresden St & Sauer St,Von Steuben
882ab2c755fffff,1.0,3.0,Emerging Hotspot,2.0,200.0,6.0,09,Crime Type,STOLEN VEHICLE,3.0,3.0,2026-09-10,2026-09-23,2026-09-24,2026-10-07,42.42396549015056,-83.00430992780001,Von Steuben,Dresden St & Sauer St,Von Steuben
882ab2c755fffff,1.0,3.0,Emerging Hotspot,2.0,200.0,6.0,ALL,Crime Type,STOLEN VEHICLE,3.0,3.0,2026-09-10,2026-09-23,2026-09-24,2026-10-07,42.42396549015056,-83.00430992780001,Von Steuben,Dresden St & Sauer St,Von Steuben
882ab2c625fffff,3.0,5.0,Emerging Hotspot,2.0,66.67,8.0,09,All,All,4.0,5.0,2026-09-10,2026-09-23,2026-09-24,2026-10-07,42.40789372437874,-82.98277505104952,Wade,Park Dr & Promenade Ave,Wade
882ab2c71bfffff,4.0,3.0,Declining Hotspot,-1.0,-25.0,3.0,09,All,All,4.0,5.0,2026-09-10,2026-09-23,2026-09-24,2026-10-07,42.40347605106753,-82.9910205669933,Wade,Wilshire Dr & Gunston Ave,Wade
882ab2c625fffff,3.0,5.0,Emerging Hotspot,2.0,66.67,8.0,ALL,All,All,4.0,5.0,2026-09-10,2026-09-23,2026-09-24,2026-10-07,42.40789372437874,-82.98277505104952,Wade,Park Dr & Promenade Ave,Wade
882ab2c71bfffff,4.0,3.0,Declining Hotspot,-1.0,-25.0,3.0,ALL,All,All,4.0,5.0,2026-09-10,2026-09-23,2026-09-24,2026-10-07,42.40347605106753,-82.9910205669933,Wade,Wilshire Dr & Gunston Ave,Wade
882ab2c627fffff,1.0,3.0,Emerging Hotspot,2.0,200.0,6.0,09,Category Focus,Property Crime,3.0,3.0,2026-09-10,2026-09-23,2026-09-24,2026-10-07,42.404658808427605,-82.98121734983941,Wade,Corbett Ave & Annsbury Ave,Wade
882ab2c627fffff,1.0,3.0,Emerging Hotspot,2.0,200.0,6.0,ALL,Category Focus,Property Crime,3.0,3.0,2026-09-10,2026-09-23,2026-09-24,2026-10-07,42.404658808427605,-82.98121734983941,Wade,Corbett Ave & Annsbury Ave,Wade
882ab2cc07fffff,2.0,4.0,Emerging Hotspot,2.0,100.0,7.0,06,All,All,9.0,4.0,2026-09-11,2026-09-24,2026-09-25,2026-10-08,42.33979015321614,-83.21334092690986,Warren Ave Community,Whitlock St & Longacre St,Warren Ave Community
882ab2cc01fffff,13.0,10.0,Persistent Hotspot,-3.0,-23.08,13.5,06,All,All,9.0,4.0,2026-09-11,2026-09-24,2026-09-25,2026-10-08,42.34581838636176,-83.20932670190365,Warren Ave Community,Rutland St & Majestic St,Warren Ave Community
882ab2cc09fffff,13.0,1.0,Declining Hotspot,-12.0,-92.31,1.0,06,All,All,9.0,4.0,2026-09-11,2026-09-24,2026-09-25,2026-10-08,42.34835019966707,-83.20334472477757,Warren Ave Community,Diversey & Asbury Park,Warren Ave Community
882ab2cc07fffff,2.0,4.0,Emerging Hotspot,2.0,100.0,7.0,ALL,All,All,9.0,4.0,2026-09-11,2026-09-24,2026-09-25,2026-10-08,42.33979015321614,-83.21334092690986,Warren Ave Community,Whitlock St & Longacre St,Warren Ave Community
882ab2cc01fffff,13.0,10.0,Persistent Hotspot,-3.0,-23.08,13.5,ALL,All,All,9.0,4.0,2026-09-11,2026-09-24,2026-09-25,2026-10-08,42.34581838636176,-83.20932670190365,Warren Ave Community,Rutland St & Majestic St,Warren Ave Community
882ab2cc09fffff,13.0,1.0,Declining Hotspot,-12.0,-92.31,1.0,ALL,All,All,9.0,4.0,2026-09-11,2026-09-24,2026-09-25,2026-10-08,42.34835019966707,-83.20334472477757,Warren Ave Community,Diversey & Asbury Park,Warren Ave Community
882ab2cc07fffff,1.0,3.0,Emerging Hotspot,2.0,200.0,6.0,06,Category Focus,Property Crime,6.0,3.0,2026-09-11,2026-09-24,2026-09-25,2026-10-08,42.33979015321614,-83.21334092690986,Warren Ave Community,Whitlock St & Longacre St,Warren Ave Community
882ab2cc01fffff,6.0,1.0,Declining Hotspot,-5.0,-83.33,1.0,06,Category Focus,Property Crime,6.0,3.0,2026-09-11,2026-09-24,2026-09-25,2026-10-08,42.34581838636176,-83.20932670190365,Warren Ave Community,Rutland St & Majestic St,Warren Ave Community
882ab2cc09fffff,6.0,1.0,Declining Hotspot,-5.0,-83.33,1.0,06,Category Focus,Property Crime,6.0,3.0,2026-09-11,2026-09-24,2026-09-25,2026-10-08,42.34835019966707,-83.20334472477757,Warren Ave Community,Diversey & Asbury Park,Warren Ave Community
882ab2cc07fffff,1.0,3.0,Emerging Hotspot,2.0,200.0,6.0,ALL,Category Focus,Property Crime,6.0,3.0,2026-09-11,2026-09-24,2026-09-25,2026-10-08,42.33979015321614,-83.21334092690986,Warren Ave Community,Whitlock St & Longacre St,Warren Ave Community
882ab2cc01fffff,6.0,1.0,Declining Hotspot,-5.0,-83.33,1.0,ALL,Category Focus,Property Crime,6.0,3.0,2026-09-11,2026-09-24,2026-09-25,2026-10-08,42.34581838636176,-83.20932670190365,Warren Ave Community,Rutland St & Majestic St,Warren Ave Community
882ab2cc09fffff,6.0,1.0,Declining Hotspot,-5.0,-83.33,1.0,ALL,Category Focus,Property Crime,6.0,3.0,2026-09-11,2026-09-24,2026-09-25,2026-10-08,42.34835019966707,-83.20334472477757,Warren Ave Community,Diversey & Asbury Park,Warren Ave Community
882ab2cc01fffff,5.0,6.0,Persistent Hotspot,1.0,20.0,9.6,06,Category Focus,Violent Crime,4.0,4.0,2026-09-11,2026-09-24,2026-09-25,2026-10-08,42.34581838636176,-83.20932670190365,Warren Ave Community,Rutland St & Majestic St,Warren Ave Community
882ab2cc09fffff,5.0,0.0,Declining Hotspot,-5.0,-100.0,0.0,06,Category Focus,Violent Crime,4.0,4.0,2026-09-11,2026-09-24,2026-09-25,2026-10-08,42.34835019966707,-83.20334472477757,Warren Ave Community,Diversey & Asbury Park,Warren Ave Community
882ab2cc01fffff,5.0,6.0,Persistent Hotspot,1.0,20.0,9.6,ALL,Category Focus,Violent Crime,4.0,4.0,2026-09-11,2026-09-24,2026-09-25,2026-10-08,42.34581838636176,-83.20932670190365,Warren Ave Community,Rutland St & Majestic St,Warren Ave Community
882ab2cc09fffff,5.0,0.0,Declining Hotspot,-5.0,-100.0,0.0,ALL,Category Focus,Violent Crime,4.0,4.0,2026-09-11,2026-09-24,2026-09-25,2026-10-08,42.34835019966707,-83.20334472477757,Warren Ave Community,Diversey & Asbury Park,Warren Ave Community
882ab2cc01fffff,1.0,3.0,Emerging Hotspot,2.0,200.0,6.0,06,Crime Type,AGGRAVATED ASSAULT,3.0,3.0,2026-09-11,2026-09-24,2026-09-25,2026-10-08,42.34581838636176,-83.20932670190365,Warren Ave Community,Rutland St & Majestic St,Warren Ave Community
882ab2cc01fffff,1.0,3.0,Emerging Hotspot,2.0,200.0,6.0,ALL,Crime Type,AGGRAVATED ASSAULT,3.0,3.0,2026-09-11,2026-09-24,2026-09-25,2026-10-08,42.34581838636176,-83.20932670190365,Warren Ave Community,Rutland St & Majestic St,Warren Ave Community
882ab2cc01fffff,4.0,2.0,Declining Hotspot,-2.0,-50.0,2.0,06,Crime Type,ASSAULT,3.0,3.0,2026-09-11,2026-09-24,2026-09-25,2026-10-08,42.34581838636176,-83.20932670190365,Warren Ave Community,Rutland St & Majestic St,Warren Ave Community
882ab2cc01fffff,4.0,2.0,Declining Hotspot,-2.0,-50.0,2.0,ALL,Crime Type,ASSAULT,3.0,3.0,2026-09-11,2026-09-24,2026-09-25,2026-10-08,42.34581838636176,-83.20932670190365,Warren Ave Community,Rutland St & Majestic St,Warren Ave Community
882ab2cc09fffff,5.0,0.0,Declining Hotspot,-5.0,-100.0,0.0,06,Crime Type,DAMAGE TO PROPERTY,4.0,3.0,2026-09-11,2026-09-24,2026-09-25,2026-10-08,42.34835019966707,-83.20334472477757,Warren Ave Community,Diversey & Asbury Park,Warren Ave Community
882ab2cc09fffff,5.0,0.0,Declining Hotspot,-5.0,-100.0,0.0,ALL,Crime Type,DAMAGE TO PROPERTY,4.0,3.0,2026-09-11,2026-09-24,2026-09-25,2026-10-08,42.34835019966707,-83.20334472477757,Warren Ave Community,Diversey & Asbury Park,Warren Ave Community
882ab2cc01fffff,6.0,1.0,Declining Hotspot,-5.0,-83.33,1.0,06,Crime Type,LARCENY,4.0,3.0,2026-09-11,2026-09-24,2026-09-25,2026-10-08,42.34581838636176,-83.20932670190365,Warren Ave Community,Rutland St & Majestic St,Warren Ave Community
882ab2cc01fffff,6.0,1.0,Declining Hotspot,-5.0,-83.33,1.0,ALL,Crime Type,LARCENY,4.0,3.0,2026-09-11,2026-09-24,2026-09-25,2026-10-08,42.34581838636176,-83.20932670190365,Warren Ave Community,Rutland St & Majestic St,Warren Ave Community
882ab2cc3dfffff,0.0,9.0,New Hotspot,9.0,,22.5,06,All,All,8.0,8.0,2026-09-12,2026-09-25,2026-09-26,2026-10-09,42.33241656614574,-83.22278711881376,Warrendale,Kirkwood St & Brace St,Warrendale
882ab2cc2bfffff,16.0,9.0,Persistent Hotspot,-7.0,-43.75,12.15,06,All,All,8.0,8.0,2026-09-12,2026-09-25,2026-09-26,2026-10-09,42.339552038252194,-83.22796776109868,Warrendale,Minock St & Whitlock St,Warrendale
882ab2cc67fffff,8.0,7.0,Declining Hotspot,-1.0,-12.5,7.0,06,All,All,8.0,8.0,2026-09-12,2026-09-25,2026-09-26,2026-10-09,42.35401071055416,-83.23472815796163,Warrendale,Constance Ave & Vaughan St,Warrendale
882ab2cc29fffff,11.0,5.0,Declining Hotspot,-6.0,-54.55,5.0,06,All,All,8.0,8.0,2026-09-12,2026-09-25,2026-09-26,2026-10-09,42.34683189148664,-83.2306575961285,Warrendale,W Warren Ave & Grandville Ave,Warrendale
882ab2cc3dfffff,0.0,9.0,New Hotspot,9.0,,22.5,ALL,All,All,8.0,8.0,2026-09-12,2026-09-25,2026-09-26,2026-10-09,42.33241656614574,-83.22278711881376,Warrendale,Kirkwood St & Brace St,Warrendale
882ab2cc2bfffff,16.0,9.0,Persistent Hotspot,-7.0,-43.75,12.15,ALL,All,All,8.0,8.0,2026-09-12,2026-09-25,2026-09-26,2026-10-09,42.339552038252194,-83.22796776109868,Warrendale,Minock St & Whitlock St,Warrendale
882ab2cc67fffff,8.0,7.0,Declining Hotspot,-1.0,-12.5,7.0,ALL,All,All,8.0,8.0,2026-09-12,2026-09-25,2026-09-26,2026-10-09,42.35401071055416,-83.23472815796163,Warrendale,Constance Ave & Vaughan St,Warrendale
882ab2cc29fffff,11.0,5.0,Declining Hotspot,-6.0,-54.55,5.0,ALL,All,All,8.0,8.0,2026-09-12,2026-09-25,2026-09-26,2026-10-09,42.34683189148664,-83.2306575961285,Warrendale,W Warren Ave & Grandville Ave,Warrendale
882ab2cc3dfffff,0.0,3.0,New Hotspot,3.0,,7.5,06,Category Focus,Property Crime,5.0,3.0,2026-09-12,2026-09-25,2026-09-26,2026-10-09,42.33241656614574,-83.22278711881376,Warrendale,Kirkwood St & Brace St,Warrendale
882ab2cc2bfffff,5.0,3.0,Persistent Hotspot,-2.0,-40.0,4.05,06,Category Focus,Property Crime,5.0,3.0,2026-09-12,2026-09-25,2026-09-26,2026-10-09,42.339552038252194,-83.22796776109868,Warrendale,Minock St & Whitlock St,Warrendale
882ab2cc29fffff,6.0,2.0,Declining Hotspot,-4.0,-66.67,2.0,06,Category Focus,Property Crime,5.0,3.0,2026-09-12,2026-09-25,2026-09-26,2026-10-09,42.34683189148664,-83.2306575961285,Warrendale,W Warren Ave & Grandville Ave,Warrendale
882ab2cc3dfffff,0.0,3.0,New Hotspot,3.0,,7.5,ALL,Category Focus,Property Crime,5.0,3.0,2026-09-12,2026-09-25,2026-09-26,2026-10-09,42.33241656614574,-83.22278711881376,Warrendale,Kirkwood St & Brace St,Warrendale
882ab2cc2bfffff,5.0,3.0,Persistent Hotspot,-2.0,-40.0,4.05,ALL,Category Focus,Property Crime,5.0,3.0,2026-09-12,2026-09-25,2026-09-26,2026-10-09,42.339552038252194,-83.22796776109868,Warrendale,Minock St & Whitlock St,Warrendale
882ab2cc29fffff,6.0,2.0,Declining Hotspot,-4.0,-66.67,2.0,ALL,Category Focus,Property Crime,5.0,3.0,2026-09-12,2026-09-25,2026-09-26,2026-10-09,42.34683189148664,-83.2306575961285,Warrendale,W Warren Ave & Grandville Ave,Warrendale
882ab2cc2bfffff,3.0,0.0,Declining Hotspot,-3.0,-100.0,0.0,06,Category Focus,Vehicle-Related Crime,3.0,3.0,2026-09-12,2026-09-25,2026-09-26,2026-10-09,42.339552038252194,-83.22796776109868,Warrendale,Minock St & Whitlock St,Warrendale
882ab2cc2bfffff,3.0,0.0,Declining Hotspot,-3.0,-100.0,0.0,ALL,Category Focus,Vehicle-Related Crime,3.0,3.0,2026-09-12,2026-09-25,2026-09-26,2026-10-09,42.339552038252194,-83.22796776109868,Warrendale,Minock St & Whitlock St,Warrendale
882ab2cc3dfffff,0.0,4.0,New Hotspot,4.0,,10.0,06,Category Focus,Violent Crime,3.0,3.0,2026-09-12,2026-09-25,2026-09-26,2026-10-09,42.33241656614574,-83.22278711881376,Warrendale,Kirkwood St & Brace St,Warrendale
882ab2cc2bfffff,8.0,3.0,Persistent Hotspot,-5.0,-62.5,4.05,06,Category Focus,Violent Crime,3.0,3.0,2026-09-12,2026-09-25,2026-09-26,2026-10-09,42.339552038252194,-83.22796776109868,Warrendale,Minock St & Whitlock St,Warrendale
882ab2cc67fffff,4.0,1.0,Declining Hotspot,-3.0,-75.0,1.0,06,Category Focus,Violent Crime,3.0,3.0,2026-09-12,2026-09-25,2026-09-26,2026-10-09,42.35401071055416,-83.23472815796163,Warrendale,Constance Ave & Vaughan St,Warrendale
882ab2cc3dfffff,0.0,4.0,New Hotspot,4.0,,10.0,ALL,Category Focus,Violent Crime,3.0,3.0,2026-09-12,2026-09-25,2026-09-26,2026-10-09,42.33241656614574,-83.22278711881376,Warrendale,Kirkwood St & Brace St,Warrendale
882ab2cc2bfffff,8.0,3.0,Persistent Hotspot,-5.0,-62.5,4.05,ALL,Category Focus,Violent Crime,3.0,3.0,2026-09-12,2026-09-25,2026-09-26,2026-10-09,42.339552038252194,-83.22796776109868,Warrendale,Minock St & Whitlock St,Warrendale
882ab2cc67fffff,4.0,1.0,Declining Hotspot,-3.0,-75.0,1.0,ALL,Category Focus,Violent Crime,3.0,3.0,2026-09-12,2026-09-25,2026-09-26,2026-10-09,42.35401071055416,-83.23472815796163,Warrendale,Constance Ave & Vaughan St,Warrendale
882ab2cc2bfffff,6.0,2.0,Declining Hotspot,-4.0,-66.67,2.0,06,Crime Type,ASSAULT,3.0,3.0,2026-09-12,2026-09-25,2026-09-26,2026-10-09,42.339552038252194,-83.22796776109868,Warrendale,Minock St & Whitlock St,Warrendale
882ab2cc67fffff,3.0,1.0,Declining Hotspot,-2.0,-66.67,1.0,06,Crime Type,ASSAULT,3.0,3.0,2026-09-12,2026-09-25,2026-09-26,2026-10-09,42.35401071055416,-83.23472815796163,Warrendale,Constance Ave & Vaughan St,Warrendale
882ab2cc2bfffff,6.0,2.0,Declining Hotspot,-4.0,-66.67,2.0,ALL,Crime Type,ASSAULT,3.0,3.0,2026-09-12,2026-09-25,2026-09-26,2026-10-09,42.339552038252194,-83.22796776109868,Warrendale,Minock St & Whitlock St,Warrendale
882ab2cc67fffff,3.0,1.0,Declining Hotspot,-2.0,-66.67,1.0,ALL,Crime Type,ASSAULT,3.0,3.0,2026-09-12,2026-09-25,2026-09-26,2026-10-09,42.35401071055416,-83.23472815796163,Warrendale,Constance Ave & Vaughan St,Warrendale
882ab2cc29fffff,3.0,1.0,Declining Hotspot,-2.0,-66.67,1.0,06,Crime Type,BURGLARY,3.0,3.0,2026-09-12,2026-09-25,2026-09-26,2026-10-09,42.34683189148664,-83.2306575961285,Warrendale,W Warren Ave & Grandville Ave,Warrendale
882ab2cc29fffff,3.0,1.0,Declining Hotspot,-2.0,-66.67,1.0,ALL,Crime Type,BURGLARY,3.0,3.0,2026-09-12,2026-09-25,2026-09-26,2026-10-09,42.34683189148664,-83.2306575961285,Warrendale,W Warren Ave & Grandville Ave,Warrendale
882ab2cc2bfffff,3.0,1.0,Declining Hotspot,-2.0,-66.67,1.0,06,Crime Type,LARCENY,3.0,3.0,2026-09-12,2026-09-25,2026-09-26,2026-10-09,42.339552038252194,-83.22796776109868,Warrendale,Minock St & Whitlock St,Warrendale
882ab2cc2bfffff,3.0,1.0,Declining Hotspot,-2.0,-66.67,1.0,ALL,Crime Type,LARCENY,3.0,3.0,2026-09-12,2026-09-25,2026-09-26,2026-10-09,42.339552038252194,-83.22796776109868,Warrendale,Minock St & Whitlock St,Warrendale
882ab2c53bfffff,15.0,11.0,Persistent Hotspot,-4.0,-26.67,14.85,03,All,All,9.0,8.0,2026-09-10,2026-09-23,2026-09-24,2026-10-07,42.35469095282926,-83.0731579493817,Wayne State,Anthony Wayne Dr & 3rd St,Wayne State
882ab2c53bfffff,15.0,11.0,Persistent Hotspot,-4.0,-26.67,14.85,ALL,All,All,9.0,8.0,2026-09-10,2026-09-23,2026-09-24,2026-10-07,42.35469095282926,-83.0731579493817,Wayne State,Anthony Wayne Dr & 3rd St,Wayne State
882ab2c53bfffff,8.0,4.0,Persistent Hotspot,-4.0,-50.0,5.4,03,Category Focus,Property Crime,7.0,3.0,2026-09-10,2026-09-23,2026-09-24,2026-10-07,42.35469095282926,-83.0731579493817,Wayne State,Anthony Wayne Dr & 3rd St,Wayne State
882ab2c53bfffff,8.0,4.0,Persistent Hotspot,-4.0,-50.0,5.4,ALL,Category Focus,Property Crime,7.0,3.0,2026-09-10,2026-09-23,2026-09-24,2026-10-07,42.35469095282926,-83.0731579493817,Wayne State,Anthony Wayne Dr & 3rd St,Wayne State
882ab2c53bfffff,3.0,1.0,Declining Hotspot,-2.0,-66.67,1.0,03,Category Focus,Vehicle-Related Crime,3.0,3.0,2026-09-10,2026-09-23,2026-09-24,2026-10-07,42.35469095282926,-83.0731579493817,Wayne State,Anthony Wayne Dr & 3rd St,Wayne State
882ab2c53bfffff,3.0,1.0,Declining Hotspot,-2.0,-66.67,1.0,ALL,Category Focus,Vehicle-Related Crime,3.0,3.0,2026-09-10,2026-09-23,2026-09-24,2026-10-07,42.35469095282926,-83.0731579493817,Wayne State,Anthony Wayne Dr & 3rd St,Wayne State
882ab2c53bfffff,2.0,3.0,Emerging Hotspot,1.0,50.0,4.5,03,Category Focus,Violent Crime,3.0,3.0,2026-09-10,2026-09-23,2026-09-24,2026-10-07,42.35469095282926,-83.0731579493817,Wayne State,Anthony Wayne Dr & 3rd St,Wayne State
882ab2c53bfffff,2.0,3.0,Emerging Hotspot,1.0,50.0,4.5,ALL,Category Focus,Violent Crime,3.0,3.0,2026-09-10,2026-09-23,2026-09-24,2026-10-07,42.35469095282926,-83.0731579493817,Wayne State,Anthony Wayne Dr & 3rd St,Wayne State
882ab2c53bfffff,2.0,3.0,Emerging Hotspot,1.0,50.0,4.5,03,Crime Type,DAMAGE TO PROPERTY,3.0,3.0,2026-09-10,2026-09-23,2026-09-24,2026-10-07,42.35469095282926,-83.0731579493817,Wayne State,Anthony Wayne Dr & 3rd St,Wayne State
882ab2c53bfffff,2.0,3.0,Emerging Hotspot,1.0,50.0,4.5,ALL,Crime Type,DAMAGE TO PROPERTY,3.0,3.0,2026-09-10,2026-09-23,2026-09-24,2026-10-07,42.35469095282926,-83.0731579493817,Wayne State,Anthony Wayne Dr & 3rd St,Wayne State
882ab2c515fffff,3.0,0.0,Declining Hotspot,-3.0,-100.0,0.0,03,Crime Type,FRAUD,3.0,3.0,2026-09-10,2026-09-23,2026-09-24,2026-10-07,42.361421984243805,-83.06971565466968,Wayne State,Cass Ave & E I 94,Wayne State
882ab2c515fffff,3.0,0.0,Declining Hotspot,-3.0,-100.0,0.0,ALL,Crime Type,FRAUD,3.0,3.0,2026-09-10,2026-09-23,2026-09-24,2026-10-07,42.361421984243805,-83.06971565466968,Wayne State,Cass Ave & E I 94,Wayne State
882ab2c53bfffff,5.0,1.0,Declining Hotspot,-4.0,-80.0,1.0,03,Crime Type,LARCENY,5.0,3.0,2026-09-10,2026-09-23,2026-09-24,2026-10-07,42.35469095282926,-83.0731579493817,Wayne State,Anthony Wayne Dr & 3rd St,Wayne State
882ab2c53bfffff,5.0,1.0,Declining Hotspot,-4.0,-80.0,1.0,ALL,Crime Type,LARCENY,5.0,3.0,2026-09-10,2026-09-23,2026-09-24,2026-10-07,42.35469095282926,-83.0731579493817,Wayne State,Anthony Wayne Dr & 3rd St,Wayne State
882ab2cc41fffff,10.0,10.0,Persistent Hotspot,0.0,0.0,13.5,02,All,All,8.0,7.0,2026-09-11,2026-09-24,2026-09-25,2026-10-08,42.36349426408292,-83.19722222275703,We Care Community,Greenfield Rd & Westfield St,We Care Community
882ab2cc41fffff,10.0,10.0,Persistent Hotspot,0.0,0.0,13.5,ALL,All,All,8.0,7.0,2026-09-11,2026-09-24,2026-09-25,2026-10-08,42.36349426408292,-83.19722222275703,We Care Community,Greenfield Rd & Westfield St,We Care Community
882ab2ce37fffff,2.0,3.0,Emerging Hotspot,1.0,50.0,4.5,02,Category Focus,Property Crime,3.0,3.0,2026-09-11,2026-09-24,2026-09-25,2026-10-08,42.360844253430976,-83.17747955495315,We Care Community,Schaefer Hwy & Joy Rd,We Care Community
882ab2ce37fffff,2.0,3.0,Emerging Hotspot,1.0,50.0,4.5,ALL,Category Focus,Property Crime,3.0,3.0,2026-09-11,2026-09-24,2026-09-25,2026-10-08,42.360844253430976,-83.17747955495315,We Care Community,Schaefer Hwy & Joy Rd,We Care Community
882ab2cc41fffff,6.0,9.0,Persistent Hotspot,3.0,50.0,16.65,02,Crime Type,FRAUD,4.0,8.0,2026-09-11,2026-09-24,2026-09-25,2026-10-08,42.36349426408292,-83.19722222275703,We Care Community,Greenfield Rd & Westfield St,We Care Community
882ab2cc41fffff,6.0,9.0,Persistent Hotspot,3.0,50.0,16.65,ALL,Crime Type,FRAUD,4.0,8.0,2026-09-11,2026-09-24,2026-09-25,2026-10-08,42.36349426408292,-83.19722222275703,We Care Community,Greenfield Rd & Westfield St,We Care Community
882ab2cf33fffff,3.0,8.0,Persistent Hotspot,5.0,166.67,18.3,06,All,All,3.0,6.0,2026-09-09,2026-09-22,2026-09-23,2026-10-06,42.37188123031788,-83.23877308021191,Weatherby,Plymouth Rd & Heyden St,Weatherby
882ab2cf3bfffff,3.0,1.0,Declining Hotspot,-2.0,-66.67,1.0,06,All,All,3.0,6.0,2026-09-09,2026-09-22,2026-09-23,2026-10-06,42.37634497456816,-83.23952351545967,Weatherby,Capitol St & Fielding St,Weatherby
882ab2cf33fffff,3.0,8.0,Persistent Hotspot,5.0,166.67,18.3,ALL,All,All,3.0,6.0,2026-09-09,2026-09-22,2026-09-23,2026-10-06,42.37188123031788,-83.23877308021191,Weatherby,Plymouth Rd & Heyden St,Weatherby
882ab2cf3bfffff,3.0,1.0,Declining Hotspot,-2.0,-66.67,1.0,ALL,All,All,3.0,6.0,2026-09-09,2026-09-22,2026-09-23,2026-10-06,42.37634497456816,-83.23952351545967,Weatherby,Capitol St & Fielding St,Weatherby
882ab2cf33fffff,0.0,5.0,New Hotspot,5.0,,12.5,06,Category Focus,Property Crime,3.0,5.0,2026-09-09,2026-09-22,2026-09-23,2026-10-06,42.37188123031788,-83.23877308021191,Weatherby,Plymouth Rd & Heyden St,Weatherby
882ab2cf33fffff,0.0,5.0,New Hotspot,5.0,,12.5,ALL,Category Focus,Property Crime,3.0,5.0,2026-09-09,2026-09-22,2026-09-23,2026-10-06,42.37188123031788,-83.23877308021191,Weatherby,Plymouth Rd & Heyden St,Weatherby
882ab2cf33fffff,2.0,3.0,Emerging Hotspot,1.0,50.0,4.5,06,Category Focus,Violent Crime,3.0,3.0,2026-09-09,2026-09-22,2026-09-23,2026-10-06,42.37188123031788,-83.23877308021191,Weatherby,Plymouth Rd & Heyden St,Weatherby
882ab2cf33fffff,2.0,3.0,Emerging Hotspot,1.0,50.0,4.5,ALL,Category Focus,Violent Crime,3.0,3.0,2026-09-09,2026-09-22,2026-09-23,2026-10-06,42.37188123031788,-83.23877308021191,Weatherby,Plymouth Rd & Heyden St,Weatherby
882ab2cf33fffff,0.0,3.0,New Hotspot,3.0,,7.5,06,Crime Type,DAMAGE TO PROPERTY,3.0,3.0,2026-09-09,2026-09-22,2026-09-23,2026-10-06,42.37188123031788,-83.23877308021191,Weatherby,Plymouth Rd & Heyden St,Weatherby
882ab2cf33fffff,0.0,3.0,New Hotspot,3.0,,7.5,ALL,Crime Type,DAMAGE TO PROPERTY,3.0,3.0,2026-09-09,2026-09-22,2026-09-23,2026-10-06,42.37188123031788,-83.23877308021191,Weatherby,Plymouth Rd & Heyden St,Weatherby
882ab2c443fffff,4.0,7.0,Persistent Hotspot,3.0,75.0,13.95,05,All,All,4.0,5.0,2026-09-11,2026-09-24,2026-09-25,2026-10-08,42.37914637482695,-82.98171893599095,West End,Beniteau St & E Canfield St,West End
882ab2c447fffff,4.0,2.0,Declining Hotspot,-2.0,-50.0,2.0,05,All,All,4.0,5.0,2026-09-11,2026-09-24,2026-09-25,2026-10-08,42.38401270283644,-82.99248847526599,West End,Cadillac Blvd & Cadillac Ave,West End
882ab2c469fffff,0.0,3.0,New Hotspot,3.0,,7.5,07,All,All,3.0,3.0,2026-09-11,2026-09-24,2026-09-25,2026-10-08,42.39128726203174,-83.00424428851888,West End,E I 94 Service Drive & Pennsylvania St,West End
882ab2c443fffff,4.0,7.0,Emerging Hotspot,3.0,75.0,11.5,ALL,All,All,5.0,4.0,2026-09-11,2026-09-24,2026-09-25,2026-10-08,42.37914637482695,-82.98171893599095,West End,Beniteau St & E Canfield St,West End
882ab2c447fffff,6.0,3.0,Declining Hotspot,-3.0,-50.0,3.0,ALL,All,All,5.0,4.0,2026-09-11,2026-09-24,2026-09-25,2026-10-08,42.38401270283644,-82.99248847526599,West End,Cadillac Blvd & Cadillac Ave,West End
882ab2c447fffff,3.0,2.0,Declining Hotspot,-1.0,-33.33,2.0,ALL,Category Focus,Property Crime,3.0,3.0,2026-09-11,2026-09-24,2026-09-25,2026-10-08,42.38401270283644,-82.99248847526599,West End,Cadillac Blvd & Cadillac Ave,West End
882ab2c443fffff,2.0,3.0,Emerging Hotspot,1.0,50.0,4.5,05,Category Focus,Violent Crime,3.0,3.0,2026-09-11,2026-09-24,2026-09-25,2026-10-08,42.37914637482695,-82.98171893599095,West End,Beniteau St & E Canfield St,West End
882ab2c443fffff,2.0,3.0,Emerging Hotspot,1.0,50.0,4.5,ALL,Category Focus,Violent Crime,3.0,3.0,2026-09-11,2026-09-24,2026-09-25,2026-10-08,42.37914637482695,-82.98171893599095,West End,Beniteau St & E Canfield St,West End
882ab2cd5dfffff,2.0,6.0,Emerging Hotspot,4.0,200.0,12.0,06,All,All,3.0,5.0,2026-09-04,2026-09-17,2026-09-18,2026-10-01,42.367951970196216,-83.26433918477007,West Outer Drive,Orangelawn St & Beaverland St,West Outer Drive
882ab2cd5dfffff,2.0,6.0,Emerging Hotspot,4.0,200.0,12.0,ALL,All,All,3.0,5.0,2026-09-04,2026-09-17,2026-09-18,2026-10-01,42.367951970196216,-83.26433918477007,West Outer Drive,Orangelawn St & Beaverland St,West Outer Drive
882ab2cd5dfffff,1.0,3.0,Emerging Hotspot,2.0,200.0,6.0,06,Category Focus,Property Crime,3.0,3.0,2026-09-04,2026-09-17,2026-09-18,2026-10-01,42.367951970196216,-83.26433918477007,West Outer Drive,Orangelawn St & Beaverland St,West Outer Drive
882ab2cd5dfffff,1.0,3.0,Emerging Hotspot,2.0,200.0,6.0,ALL,Category Focus,Property Crime,3.0,3.0,2026-09-04,2026-09-17,2026-09-18,2026-10-01,42.367951970196216,-83.26433918477007,West Outer Drive,Orangelawn St & Beaverland St,West Outer Drive
882ab2cd5dfffff,0.0,3.0,New Hotspot,3.0,,7.5,06,Category Focus,Violent Crime,3.0,3.0,2026-09-04,2026-09-17,2026-09-18,2026-10-01,42.367951970196216,-83.26433918477007,West Outer Drive,Orangelawn St & Beaverland St,West Outer Drive
882ab2cd5dfffff,0.0,3.0,New Hotspot,3.0,,7.5,ALL,Category Focus,Violent Crime,3.0,3.0,2026-09-04,2026-09-17,2026-09-18,2026-10-01,42.367951970196216,-83.26433918477007,West Outer Drive,Orangelawn St & Beaverland St,West Outer Drive
882ab2cd5dfffff,0.0,3.0,New Hotspot,3.0,,7.5,06,Crime Type,AGGRAVATED ASSAULT,3.0,3.0,2026-09-04,2026-09-17,2026-09-18,2026-10-01,42.367951970196216,-83.26433918477007,West Outer Drive,Orangelawn St & Beaverland St,West Outer Drive
882ab2cd5dfffff,0.0,3.0,New Hotspot,3.0,,7.5,ALL,Crime Type,AGGRAVATED ASSAULT,3.0,3.0,2026-09-04,2026-09-17,2026-09-18,2026-10-01,42.367951970196216,-83.26433918477007,West Outer Drive,Orangelawn St & Beaverland St,West Outer Drive
882ab2c585fffff,1.0,8.0,Emerging Hotspot,7.0,700.0,18.5,03,All,All,3.0,8.0,2026-09-11,2026-09-24,2026-09-25,2026-10-08,42.324305347477775,-83.05646485413439,West Side Industrial,6th St & Riverfront Dr,West Side Industrial
882ab2c5a7fffff,2.0,5.0,Emerging Hotspot,3.0,150.0,9.5,04,All,All,3.0,5.0,2026-09-11,2026-09-24,2026-09-25,2026-10-08,42.314271787893,-83.08561791151335,West Side Industrial,W Fort St & Clark St,West Side Industrial
882ab2c585fffff,1.0,8.0,Emerging Hotspot,7.0,700.0,18.5,ALL,All,All,3.0,7.0,2026-09-11,2026-09-24,2026-09-25,2026-10-08,42.324305347477775,-83.05646485413439,West Side Industrial,6th St & Riverfront Dr,West Side Industrial
882ab2c585fffff,0.0,5.0,New Hotspot,5.0,,12.5,03,Category Focus,Property Crime,3.0,5.0,2026-09-11,2026-09-24,2026-09-25,2026-10-08,42.324305347477775,-83.05646485413439,West Side Industrial,6th St & Riverfront Dr,West Side Industrial
882ab21b4dfffff,0.0,3.0,New Hotspot,3.0,,7.5,04,Category Focus,Property Crime,3.0,3.0,2026-09-11,2026-09-24,2026-09-25,2026-10-08,42.30758035458116,-83.08699124301143,West Side Industrial,W Jefferson Ave & Clark St,West Side Industrial
882ab2c585fffff,0.0,5.0,New Hotspot,5.0,,12.5,ALL,Category Focus,Property Crime,3.0,5.0,2026-09-11,2026-09-24,2026-09-25,2026-10-08,42.324305347477775,-83.05646485413439,West Side Industrial,6th St & Riverfront Dr,West Side Industrial
882ab21b4dfffff,0.0,3.0,New Hotspot,3.0,,7.5,04,Crime Type,BURGLARY,3.0,3.0,2026-09-11,2026-09-24,2026-09-25,2026-10-08,42.30758035458116,-83.08699124301143,West Side Industrial,W Jefferson Ave & Clark St,West Side Industrial
882ab21b4dfffff,0.0,3.0,New Hotspot,3.0,,7.5,ALL,Crime Type,BURGLARY,3.0,3.0,2026-09-11,2026-09-24,2026-09-25,2026-10-08,42.30758035458116,-83.08699124301143,West Side Industrial,W Jefferson Ave & Clark St,West Side Industrial
882ab2c585fffff,0.0,5.0,New Hotspot,5.0,,12.5,03,Crime Type,LARCENY,3.0,5.0,2026-09-11,2026-09-24,2026-09-25,2026-10-08,42.324305347477775,-83.05646485413439,West Side Industrial,6th St & Riverfront Dr,West Side Industrial
882ab2c585fffff,0.0,5.0,New Hotspot,5.0,,12.5,ALL,Crime Type,LARCENY,3.0,5.0,2026-09-11,2026-09-24,2026-09-25,2026-10-08,42.324305347477775,-83.05646485413439,West Side Industrial,6th St & Riverfront Dr,West Side Industrial
882ab2c439fffff,6.0,4.0,Persistent Hotspot,-2.0,-33.33,5.4,07,All,All,6.0,4.0,2026-09-11,2026-09-24,2026-09-25,2026-10-08,42.35347818919995,-82.99621705202397,West Village,Van Dyke St & E Lafayette St,West Village
882ab2c439fffff,6.0,4.0,Persistent Hotspot,-2.0,-33.33,5.4,ALL,All,All,6.0,4.0,2026-09-11,2026-09-24,2026-09-25,2026-10-08,42.35347818919995,-82.99621705202397,West Village,Van Dyke St & E Lafayette St,West Village
882ab2c439fffff,5.0,2.0,Declining Hotspot,-3.0,-60.0,2.0,07,Category Focus,Property Crime,5.0,3.0,2026-09-11,2026-09-24,2026-09-25,2026-10-08,42.35347818919995,-82.99621705202397,West Village,Van Dyke St & E Lafayette St,West Village
882ab2c439fffff,5.0,2.0,Declining Hotspot,-3.0,-60.0,2.0,ALL,Category Focus,Property Crime,5.0,3.0,2026-09-11,2026-09-24,2026-09-25,2026-10-08,42.35347818919995,-82.99621705202397,West Village,Van Dyke St & E Lafayette St,West Village
882ab2c439fffff,3.0,2.0,Declining Hotspot,-1.0,-33.33,2.0,07,Crime Type,LARCENY,3.0,3.0,2026-09-11,2026-09-24,2026-09-25,2026-10-08,42.35347818919995,-82.99621705202397,West Village,Van Dyke St & E Lafayette St,West Village
882ab2c439fffff,3.0,2.0,Declining Hotspot,-1.0,-33.33,2.0,ALL,Crime Type,LARCENY,3.0,3.0,2026-09-11,2026-09-24,2026-09-25,2026-10-08,42.35347818919995,-82.99621705202397,West Village,Van Dyke St & E Lafayette St,West Village
882ab2cf03fffff,6.0,3.0,Persistent Hotspot,-3.0,-50.0,4.05,08,All,All,5.0,3.0,2026-09-10,2026-09-23,2026-09-24,2026-10-07,42.39109238947695,-83.23474289613618,Westwood Park,Evergreen Rd & Acacia St,Westwood Park
882ab2cf03fffff,6.0,3.0,Persistent Hotspot,-3.0,-50.0,4.05,ALL,All,All,5.0,3.0,2026-09-10,2026-09-23,2026-09-24,2026-10-07,42.39109238947695,-83.23474289613618,Westwood Park,Evergreen Rd & Acacia St,Westwood Park
882ab2cf03fffff,4.0,0.0,Declining Hotspot,-4.0,-100.0,0.0,08,Category Focus,Violent Crime,4.0,3.0,2026-09-10,2026-09-23,2026-09-24,2026-10-07,42.39109238947695,-83.23474289613618,Westwood Park,Evergreen Rd & Acacia St,Westwood Park
882ab2cf03fffff,4.0,0.0,Declining Hotspot,-4.0,-100.0,0.0,ALL,Category Focus,Violent Crime,4.0,3.0,2026-09-10,2026-09-23,2026-09-24,2026-10-07,42.39109238947695,-83.23474289613618,Westwood Park,Evergreen Rd & Acacia St,Westwood Park
882ab2cf03fffff,3.0,0.0,Declining Hotspot,-3.0,-100.0,0.0,08,Crime Type,ASSAULT,3.0,3.0,2026-09-10,2026-09-23,2026-09-24,2026-10-07,42.39109238947695,-83.23474289613618,Westwood Park,Evergreen Rd & Acacia St,Westwood Park
882ab2cf03fffff,3.0,0.0,Declining Hotspot,-3.0,-100.0,0.0,ALL,Crime Type,ASSAULT,3.0,3.0,2026-09-10,2026-09-23,2026-09-24,2026-10-07,42.39109238947695,-83.23474289613618,Westwood Park,Evergreen Rd & Acacia St,Westwood Park
882ab2cec9fffff,4.0,0.0,Declining Hotspot,-4.0,-100.0,0.0,10,All,All,4.0,3.0,2026-09-11,2026-09-24,2026-09-25,2026-10-08,42.36299854082317,-83.10866980223105,Wildemere Park,Wildemere St & Montgomery St,Wildemere Park
882ab2cec9fffff,4.0,0.0,Declining Hotspot,-4.0,-100.0,0.0,ALL,All,All,4.0,3.0,2026-09-11,2026-09-24,2026-09-25,2026-10-08,42.36299854082317,-83.10866980223105,Wildemere Park,Wildemere St & Montgomery St,Wildemere Park
882ab2cec9fffff,3.0,0.0,Declining Hotspot,-3.0,-100.0,0.0,10,Category Focus,Property Crime,3.0,3.0,2026-09-11,2026-09-24,2026-09-25,2026-10-08,42.36299854082317,-83.10866980223105,Wildemere Park,Wildemere St & Montgomery St,Wildemere Park
882ab2cec9fffff,3.0,0.0,Declining Hotspot,-3.0,-100.0,0.0,ALL,Category Focus,Property Crime,3.0,3.0,2026-09-11,2026-09-24,2026-09-25,2026-10-08,42.36299854082317,-83.10866980223105,Wildemere Park,Wildemere St & Montgomery St,Wildemere Park
882ab2cec9fffff,3.0,0.0,Declining Hotspot,-3.0,-100.0,0.0,10,Crime Type,DAMAGE TO PROPERTY,3.0,3.0,2026-09-11,2026-09-24,2026-09-25,2026-10-08,42.36299854082317,-83.10866980223105,Wildemere Park,Wildemere St & Montgomery St,Wildemere Park
882ab2cec9fffff,3.0,0.0,Declining Hotspot,-3.0,-100.0,0.0,ALL,Crime Type,DAMAGE TO PROPERTY,3.0,3.0,2026-09-11,2026-09-24,2026-09-25,2026-10-08,42.36299854082317,-83.10866980223105,Wildemere Park,Wildemere St & Montgomery St,Wildemere Park
882ab2c1bbfffff,6.0,12.0,Emerging Hotspot,6.0,100.0,21.0,12,All,All,7.0,7.0,2026-09-11,2026-09-24,2026-09-25,2026-10-08,42.420142525160145,-83.18491514154654,Winship,Lesure St & W Outer Dr,Winship
882ab2c1b1fffff,4.0,7.0,Emerging Hotspot,3.0,75.0,11.5,12,All,All,7.0,7.0,2026-09-11,2026-09-24,2026-09-25,2026-10-08,42.42179595401795,-83.19582919663213,Winship,Thatcher St & Sussex St,Winship
882ab2c1b9fffff,8.0,2.0,Declining Hotspot,-6.0,-75.0,2.0,12,All,All,7.0,7.0,2026-09-11,2026-09-24,2026-09-25,2026-10-08,42.427207053140926,-83.18989595681485,Winship,Clarita St & Lauder St,Winship
882ab2c1bbfffff,6.0,12.0,Emerging Hotspot,6.0,100.0,21.0,ALL,All,All,7.0,7.0,2026-09-11,2026-09-24,2026-09-25,2026-10-08,42.420142525160145,-83.18491514154654,Winship,Lesure St & W Outer Dr,Winship
882ab2c1b1fffff,4.0,7.0,Emerging Hotspot,3.0,75.0,11.5,ALL,All,All,7.0,7.0,2026-09-11,2026-09-24,2026-09-25,2026-10-08,42.42179595401795,-83.19582919663213,Winship,Thatcher St & Sussex St,Winship
882ab2c1b9fffff,8.0,2.0,Declining Hotspot,-6.0,-75.0,2.0,ALL,All,All,7.0,7.0,2026-09-11,2026-09-24,2026-09-25,2026-10-08,42.427207053140926,-83.18989595681485,Winship,Clarita St & Lauder St,Winship
882ab2c1b1fffff,1.0,3.0,Emerging Hotspot,2.0,200.0,6.0,12,Category Focus,Property Crime,3.0,3.0,2026-09-11,2026-09-24,2026-09-25,2026-10-08,42.42179595401795,-83.19582919663213,Winship,Thatcher St & Sussex St,Winship
882ab2c1bbfffff,3.0,3.0,Persistent Hotspot,0.0,0.0,4.05,12,Category Focus,Property Crime,3.0,3.0,2026-09-11,2026-09-24,2026-09-25,2026-10-08,42.420142525160145,-83.18491514154654,Winship,Lesure St & W Outer Dr,Winship
882ab2c1b3fffff,3.0,0.0,Declining Hotspot,-3.0,-100.0,0.0,12,Category Focus,Property Crime,3.0,3.0,2026-09-11,2026-09-24,2026-09-25,2026-10-08,42.416377014757344,-83.19141121968627,Winship,Hubbell St & W McNichols Rd,Winship
882ab2c1b1fffff,1.0,3.0,Emerging Hotspot,2.0,200.0,6.0,ALL,Category Focus,Property Crime,3.0,3.0,2026-09-11,2026-09-24,2026-09-25,2026-10-08,42.42179595401795,-83.19582919663213,Winship,Thatcher St & Sussex St,Winship
882ab2c1bbfffff,3.0,3.0,Persistent Hotspot,0.0,0.0,4.05,ALL,Category Focus,Property Crime,3.0,3.0,2026-09-11,2026-09-24,2026-09-25,2026-10-08,42.420142525160145,-83.18491514154654,Winship,Lesure St & W Outer Dr,Winship
882ab2c1b3fffff,3.0,0.0,Declining Hotspot,-3.0,-100.0,0.0,ALL,Category Focus,Property Crime,3.0,3.0,2026-09-11,2026-09-24,2026-09-25,2026-10-08,42.416377014757344,-83.19141121968627,Winship,Hubbell St & W McNichols Rd,Winship
882ab2c1bbfffff,3.0,6.0,Emerging Hotspot,3.0,100.0,10.5,12,Category Focus,Violent Crime,4.0,5.0,2026-09-11,2026-09-24,2026-09-25,2026-10-08,42.420142525160145,-83.18491514154654,Winship,Lesure St & W Outer Dr,Winship
882ab2c1b9fffff,4.0,0.0,Declining Hotspot,-4.0,-100.0,0.0,12,Category Focus,Violent Crime,4.0,5.0,2026-09-11,2026-09-24,2026-09-25,2026-10-08,42.427207053140926,-83.18989595681485,Winship,Clarita St & Lauder St,Winship
882ab2c1bbfffff,3.0,6.0,Emerging Hotspot,3.0,100.0,10.5,ALL,Category Focus,Violent Crime,4.0,5.0,2026-09-11,2026-09-24,2026-09-25,2026-10-08,42.420142525160145,-83.18491514154654,Winship,Lesure St & W Outer Dr,Winship
882ab2c1b9fffff,4.0,0.0,Declining Hotspot,-4.0,-100.0,0.0,ALL,Category Focus,Violent Crime,4.0,5.0,2026-09-11,2026-09-24,2026-09-25,2026-10-08,42.427207053140926,-83.18989595681485,Winship,Clarita St & Lauder St,Winship
882ab2c1bbfffff,3.0,6.0,Persistent Hotspot,3.0,100.0,12.6,12,Crime Type,ASSAULT,3.0,4.0,2026-09-11,2026-09-24,2026-09-25,2026-10-08,42.420142525160145,-83.18491514154654,Winship,Lesure St & W Outer Dr,Winship
882ab2c1b9fffff,3.0,0.0,Declining Hotspot,-3.0,-100.0,0.0,12,Crime Type,ASSAULT,3.0,4.0,2026-09-11,2026-09-24,2026-09-25,2026-10-08,42.427207053140926,-83.18989595681485,Winship,Clarita St & Lauder St,Winship
882ab2c1bbfffff,3.0,6.0,Persistent Hotspot,3.0,100.0,12.6,ALL,Crime Type,ASSAULT,3.0,4.0,2026-09-11,2026-09-24,2026-09-25,2026-10-08,42.420142525160145,-83.18491514154654,Winship,Lesure St & W Outer Dr,Winship
882ab2c1b9fffff,3.0,0.0,Declining Hotspot,-3.0,-100.0,0.0,ALL,Crime Type,ASSAULT,3.0,4.0,2026-09-11,2026-09-24,2026-09-25,2026-10-08,42.427207053140926,-83.18989595681485,Winship,Clarita St & Lauder St,Winship
882ab2c533fffff,5.0,6.0,Persistent Hotspot,1.0,20.0,9.6,03,All,All,5.0,3.0,2026-09-09,2026-09-22,2026-09-23,2026-10-06,42.34718208251727,-83.08182177875604,Woodbridge,Grand River Ave & 14th St,Woodbridge
882ab2c533fffff,5.0,6.0,Persistent Hotspot,1.0,20.0,9.6,ALL,All,All,5.0,3.0,2026-09-09,2026-09-22,2026-09-23,2026-10-06,42.34718208251727,-83.08182177875604,Woodbridge,Grand River Ave & 14th St,Woodbridge
882ab2c533fffff,1.0,3.0,Emerging Hotspot,2.0,200.0,6.0,03,Category Focus,Vehicle-Related Crime,3.0,3.0,2026-09-09,2026-09-22,2026-09-23,2026-10-06,42.34718208251727,-83.08182177875604,Woodbridge,Grand River Ave & 14th St,Woodbridge
882ab2c533fffff,1.0,3.0,Emerging Hotspot,2.0,200.0,6.0,ALL,Category Focus,Vehicle-Related Crime,3.0,3.0,2026-09-09,2026-09-22,2026-09-23,2026-10-06,42.34718208251727,-83.08182177875604,Woodbridge,Grand River Ave & 14th St,Woodbridge
882ab2c60dfffff,18.0,14.0,Persistent Hotspot,-4.0,-22.22,18.9,09,All,All,9.0,7.0,2026-09-11,2026-09-24,2026-09-25,2026-10-08,42.41947717055631,-82.9476365500096,Yorkshire Woods,Nottingham Rd & Grayton St,Yorkshire Woods
882ab2c60dfffff,18.0,14.0,Persistent Hotspot,-4.0,-22.22,18.9,ALL,All,All,9.0,7.0,2026-09-11,2026-09-24,2026-09-25,2026-10-08,42.41947717055631,-82.9476365500096,Yorkshire Woods,Nottingham Rd & Grayton St,Yorkshire Woods
882ab2c60dfffff,5.0,3.0,Persistent Hotspot,-2.0,-40.0,4.05,09,Category Focus,Property Crime,5.0,3.0,2026-09-11,2026-09-24,2026-09-25,2026-10-08,42.41947717055631,-82.9476365500096,Yorkshire Woods,Nottingham Rd & Grayton St,Yorkshire Woods
882ab2c60dfffff,5.0,3.0,Persistent Hotspot,-2.0,-40.0,4.05,ALL,Category Focus,Property Crime,5.0,3.0,2026-09-11,2026-09-24,2026-09-25,2026-10-08,42.41947717055631,-82.9476365500096,Yorkshire Woods,Nottingham Rd & Grayton St,Yorkshire Woods
882ab2c60dfffff,4.0,2.0,Declining Hotspot,-2.0,-50.0,2.0,09,Category Focus,Vehicle-Related Crime,4.0,3.0,2026-09-11,2026-09-24,2026-09-25,2026-10-08,42.41947717055631,-82.9476365500096,Yorkshire Woods,Nottingham Rd & Grayton St,Yorkshire Woods
882ab2c60dfffff,4.0,2.0,Declining Hotspot,-2.0,-50.0,2.0,ALL,Category Focus,Vehicle-Related Crime,4.0,3.0,2026-09-11,2026-09-24,2026-09-25,2026-10-08,42.41947717055631,-82.9476365500096,Yorkshire Woods,Nottingham Rd & Grayton St,Yorkshire Woods
882ab2c60dfffff,9.0,5.0,Persistent Hotspot,-4.0,-44.44,6.75,09,Category Focus,Violent Crime,6.0,5.0,2026-09-11,2026-09-24,2026-09-25,2026-10-08,42.41947717055631,-82.9476365500096,Yorkshire Woods,Nottingham Rd & Grayton St,Yorkshire Woods
882ab2c60dfffff,9.0,5.0,Persistent Hotspot,-4.0,-44.44,6.75,ALL,Category Focus,Violent Crime,6.0,5.0,2026-09-11,2026-09-24,2026-09-25,2026-10-08,42.41947717055631,-82.9476365500096,Yorkshire Woods,Nottingham Rd & Grayton St,Yorkshire Woods
882ab2c60dfffff,5.0,3.0,Persistent Hotspot,-2.0,-40.0,4.05,09,Crime Type,AGGRAVATED ASSAULT,5.0,3.0,2026-09-11,2026-09-24,2026-09-25,2026-10-08,42.41947717055631,-82.9476365500096,Yorkshire Woods,Nottingham Rd & Grayton St,Yorkshire Woods
882ab2c60dfffff,5.0,3.0,Persistent Hotspot,-2.0,-40.0,4.05,ALL,Crime Type,AGGRAVATED ASSAULT,5.0,3.0,2026-09-11,2026-09-24,2026-09-25,2026-10-08,42.41947717055631,-82.9476365500096,Yorkshire Woods,Nottingham Rd & Grayton St,Yorkshire Woods
882ab2c60dfffff,4.0,2.0,Declining Hotspot,-2.0,-50.0,2.0,09,Crime Type,ASSAULT,3.0,3.0,2026-09-11,2026-09-24,2026-09-25,2026-10-08,42.41947717055631,-82.9476365500096,Yorkshire Woods,Nottingham Rd & Grayton St,Yorkshire Woods
882ab2c60dfffff,4.0,2.0,Declining Hotspot,-2.0,-50.0,2.0,ALL,Crime Type,ASSAULT,3.0,3.0,2026-09-11,2026-09-24,2026-09-25,2026-10-08,42.41947717055631,-82.9476365500096,Yorkshire Woods,Nottingham Rd & Grayton St,Yorkshire Woods
882ab2c647fffff,0.0,3.0,New Hotspot,3.0,,7.5,09,Crime Type,ROBBERY,3.0,3.0,2026-09-11,2026-09-24,2026-09-25,2026-10-08,42.4227088284096,-82.94160561090337,Yorkshire Woods,McKinney Ave & Morang Dr,Yorkshire Woods
882ab2c647fffff,0.0,3.0,New Hotspot,3.0,,7.5,ALL,Crime Type,ROBBERY,3.0,3.0,2026-09-11,2026-09-24,2026-09-25,2026-10-08,42.4227088284096,-82.94160561090337,Yorkshire Woods,McKinney Ave & Morang Dr,Yorkshire Woods
