h3_cell,previous_28d,current_28d,hotspot_status,change_28d,pct_change_28d,hotspot_score,precinct_norm,selection_type,selection_name,previous_hotspot_threshold,current_hotspot_threshold,previous_28d_start,previous_28d_end,current_28d_start,current_28d_end,latitude,longitude,neighborhood,nearest_intersection
882ab2cf5bfffff,13,24,Emerging Hotspot,11,84.62,40.5,02,All,All,18,16,2025-11-07,2025-12-04,2025-12-05,2026-01-01,42.40150199439465,-83.1960751937683,Hubbell-Lyndon,Greenfield Rd & Chalfonte St
882ab2ce2bfffff,13,22,Emerging Hotspot,9,69.23,35.5,02,All,All,18,16,2025-11-07,2025-12-04,2025-12-05,2026-01-01,42.3832082862042,-83.1757081426057,Grand River-I96,Grand River Ave & Lesure St
882ab2ce63fffff,16,16,Emerging Hotspot,0,0.0,16.0,02,All,All,18,16,2025-11-07,2025-12-04,2025-12-05,2026-01-01,42.3999591437535,-83.17074921794016,Bethune Community,Chalfonte St & Appoline St
882ab2ce67fffff,17,16,Emerging Hotspot,-1,-5.88,16.0,02,All,All,18,16,2025-11-07,2025-12-04,2025-12-05,2026-01-01,42.3996165391759,-83.1843121901417,Bethune Community,Ardmore St & Lyndon St
882ab2cc43fffff,23,22,Persistent Hotspot,-1,-4.35,29.7,02,All,All,18,16,2025-11-07,2025-12-04,2025-12-05,2026-01-01,42.3570481056041,-83.1935237234267,Fiskhorn,Prest St & Joy Rd
882ab2ce65fffff,42,22,Persistent Hotspot,-20,-47.62,29.7,02,All,All,18,16,2025-11-07,2025-12-04,2025-12-05,2026-01-01,42.4071639391402,-83.1877625171532,Bethune Community,Puritan St & Hubbell St
882ab2ce2dfffff,22,19,Persistent Hotspot,-3,-13.64,25.65,02,All,All,18,16,2025-11-07,2025-12-04,2025-12-05,2026-01-01,42.3943851869428,-83.1906048808923,Hubbell-Lyndon,Whitcomb St & Lyndon St
882ab2ce07fffff,31,17,Persistent Hotspot,-14,-45.16,22.95,02,All,All,18,16,2025-11-07,2025-12-04,2025-12-05,2026-01-01,42.3805794690386,-83.16476764865536,Grand River-I96,Grand River Ave & Griggs St
882ab2ce33fffff,18,17,Persistent Hotspot,-1,-5.56,22.95,02,All,All,18,16,2025-11-07,2025-12-04,2025-12-05,2026-01-01,42.3597662727578,-83.1641413385951,Barton-McFarland,Ellis St & Meyers Rd
882ab2ce6dfffff,21,16,Persistent Hotspot,-5,-23.81,21.6,02,All,All,18,16,2025-11-07,2025-12-04,2025-12-05,2026-01-01,42.4118076305669,-83.1797983731317,Harmony Village,Schaefer Hwy & W McNichols Rd
882ab2cc49fffff,32,15,Declining Hotspot,-17,-53.12,15.0,02,All,All,18,16,2025-11-07,2025-12-04,2025-12-05,2026-01-01,42.3704358941496,-83.1899171234106,Plymouth-Hubbell,Plymouth Rd & Strathmoor St
882ab2ce35fffff,19,9,Declining Hotspot,-10,-52.63,9.0,02,All,All,18,16,2025-11-07,2025-12-04,2025-12-05,2026-01-01,42.3658503442388,-83.1764897287986,Barton-McFarland,Hartwell St & W Chicago St
882ab2ce3bfffff,20,8,Declining Hotspot,-12,-60.0,8.0,02,All,All,18,16,2025-11-07,2025-12-04,2025-12-05,2026-01-01,42.3663665113129,-83.15478517777075,Barton-McFarland,Orangelawn St & Wyoming St
882ab2ce3dfffff,22,5,Declining Hotspot,-17,-77.27,5.0,02,All,All,18,16,2025-11-07,2025-12-04,2025-12-05,2026-01-01,42.3755502420246,-83.1706008487181,Pride Area Community,Wadsworth St & Appoline
882ab2c53bfffff,21,22,Emerging Hotspot,1,4.76,23.5,03,All,All,27,22,2025-11-07,2025-12-04,2025-12-05,2026-01-01,42.3546909528293,-83.0731579493817,Wayne State,Anthony Wayne Dr & 3rd St
882ab2c58dfffff,80,71,Persistent Hotspot,-9,-11.25,95.85,03,All,All,27,22,2025-11-07,2025-12-04,2025-12-05,2026-01-01,42.3325162414365,-83.0493954373665,Downtown,John R St & Woodward Ave
882ab2c5ebfffff,34,43,Persistent Hotspot,9,26.47,71.55,03,All,All,27,22,2025-11-07,2025-12-04,2025-12-05,2026-01-01,42.3369889568907,-83.0517817737465,Downtown,Woodward Ave & E Adams Ave
882ab2c517fffff,52,48,Persistent Hotspot,-4,-7.69,64.8,03,All,All,27,22,2025-11-07,2025-12-04,2025-12-05,2026-01-01,42.3547448078777,-83.0636943175046,Midtown,W Hancock St & Woodward Ave
882ab2c5c7fffff,50,46,Persistent Hotspot,-4,-8.0,62.1,03,All,All,27,22,2025-11-07,2025-12-04,2025-12-05,2026-01-01,42.3340146833249,-83.0431303273926,Greektown,Beaubien St & E Lafayette St
882ab2c5e3fffff,46,46,Persistent Hotspot,0,0.0,62.1,03,All,All,27,22,2025-11-07,2025-12-04,2025-12-05,2026-01-01,42.3323027840917,-83.057812497388,Downtown,Bagley St & 3rd St
882ab2c5e1fffff,27,30,Persistent Hotspot,3,11.11,45.0,03,All,All,27,22,2025-11-07,2025-12-04,2025-12-05,2026-01-01,42.3394921948913,-83.0664991055863,Midtown,Grand River Ave & S M 10
882ab2c5e9fffff,49,27,Persistent Hotspot,-22,-44.9,36.45,03,All,All,27,22,2025-11-07,2025-12-04,2025-12-05,2026-01-01,42.346487742123,-83.0580336249676,Midtown,Eliot St & Woodward Ave
882ab2c589fffff,32,24,Persistent Hotspot,-8,-25.0,32.4,03,All,All,27,22,2025-11-07,2025-12-04,2025-12-05,2026-01-01,42.3313368677451,-83.0421009226148,Downtown,Randolph St & Cadillac Sq
882ab2c503fffff,30,16,Declining Hotspot,-14,-46.67,16.0,03,All,All,27,22,2025-11-07,2025-12-04,2025-12-05,2026-01-01,42.3690367401692,-83.0721031760376,Milwaukee Junction,Piquette St & Brush St
882ab2c511fffff,28,15,Declining Hotspot,-13,-46.43,15.0,03,All,All,27,22,2025-11-07,2025-12-04,2025-12-05,2026-01-01,42.3601854216103,-83.0590853182331,Medical Center,Brush St & E Warren Ave
882ab21b6dfffff,7,13,Emerging Hotspot,6,85.71,22.0,04,All,All,10,10,2025-11-07,2025-12-04,2025-12-05,2026-01-01,42.3051494751125,-83.1234476758195,Springwells,Springwells St & Homer St
882ab2cc93fffff,15,27,Persistent Hotspot,12,80.0,54.45,04,All,All,10,10,2025-11-07,2025-12-04,2025-12-05,2026-01-01,42.2666572840668,-83.1560066412194,Boynton,S Annabelle St & Omaha St
882ab2cebbfffff,17,25,Persistent Hotspot,8,47.06,45.75,04,All,All,10,10,2025-11-07,2025-12-04,2025-12-05,2026-01-01,42.3128380399185,-83.12812257015175,Springwells,Carson St & Belle St
882ab2c5a5fffff,11,17,Persistent Hotspot,6,54.55,31.95,04,All,All,10,10,2025-11-07,2025-12-04,2025-12-05,2026-01-01,42.322617530783006,-83.0892908956303,Hubbard Farms,Wolff St & Palms St
882ab2ce91fffff,10,14,Persistent Hotspot,4,40.0,24.9,04,All,All,10,10,2025-11-07,2025-12-04,2025-12-05,2026-01-01,42.3159925152635,-83.10919122344384,Central Southwest,W Vernor Hwy & Infantry St
882ab2ce8bfffff,16,16,Persistent Hotspot,0,0.0,21.6,04,All,All,10,10,2025-11-07,2025-12-04,2025-12-05,2026-01-01,42.331163128617,-83.1155268312082,Chadsey Condon,Military St & Buchanan St
882ab2ceb3fffff,11,13,Persistent Hotspot,2,18.18,20.55,04,All,All,10,10,2025-11-07,2025-12-04,2025-12-05,2026-01-01,42.3081881366621,-83.1341508430561,Springwells,W Vernor Hwy & Cabot St
882ab2ce99fffff,16,11,Persistent Hotspot,-5,-31.25,14.85,04,All,All,10,10,2025-11-07,2025-12-04,2025-12-05,2026-01-01,42.3198301345242,-83.0971541555232,Central Southwest,W Vernor Hwy & McKinstry St
882ab2ce97fffff,11,10,Persistent Hotspot,-1,-9.09,13.5,04,All,All,10,10,2025-11-07,2025-12-04,2025-12-05,2026-01-01,42.309959029751,-83.1135680603791,Central Southwest,Army St & Beard St
882ab2ce81fffff,16,8,Declining Hotspot,-8,-50.0,8.0,04,All,All,10,10,2025-11-07,2025-12-04,2025-12-05,2026-01-01,42.3330138706291,-83.128231558375,Claytown,Braden St & Michigan Ave
882ab2ce85fffff,18,6,Declining Hotspot,-12,-66.67,6.0,04,All,All,10,10,2025-11-07,2025-12-04,2025-12-05,2026-01-01,42.3338908211024,-83.1386862502404,Claytown,W I 94 Service Drive & Central St
882ab2ceabfffff,10,6,Declining Hotspot,-4,-40.0,6.0,04,All,All,10,10,2025-11-07,2025-12-04,2025-12-05,2026-01-01,42.33076611362725,-83.14650857658364,Claytown,Michigan Ave & Trenton St
882ab2c643fffff,7,20,Emerging Hotspot,13,185.71,39.5,05,All,All,15,12,2025-11-07,2025-12-04,2025-12-05,2026-01-01,42.4217086952154,-82.92813607488735,Cornerstone Village,Chester St & University Pl
882ab2c65dfffff,11,18,Emerging Hotspot,7,63.64,28.5,05,All,All,15,12,2025-11-07,2025-12-04,2025-12-05,2026-01-01,42.418867988292,-82.9151376719804,Cornerstone Village,Moross Rd & Chandler Park Dr
882ab2c63bfffff,7,13,Emerging Hotspot,6,85.71,22.0,05,All,All,15,12,2025-11-07,2025-12-04,2025-12-05,2026-01-01,42.38827161690155,-82.9435361350442,Morningside,Lakepointe St & Mack Ave
882ab2c651fffff,14,16,Emerging Hotspot,2,14.29,19.0,05,All,All,15,12,2025-11-07,2025-12-04,2025-12-05,2026-01-01,42.4146481955432,-82.9127833510084,Cornerstone Village,Mack Ave & Calvin Ave
882ab2c635fffff,10,12,Emerging Hotspot,2,20.0,15.0,05,All,All,15,12,2025-11-07,2025-12-04,2025-12-05,2026-01-01,42.392752502427854,-82.96421520979891,Fox Creek,Algonquin St & E Warren Ave
882ab2c60bfffff,20,37,Persistent Hotspot,17,85.0,75.45,05,All,All,15,12,2025-11-07,2025-12-04,2025-12-05,2026-01-01,42.4071065301122,-82.9271565989737,Cornerstone Village,Guilford St & E Warren Ave
882ab2c63dfffff,20,23,Persistent Hotspot,3,15.0,35.55,05,All,All,15,12,2025-11-07,2025-12-04,2025-12-05,2026-01-01,42.3981866734714,-82.9558389011593,Chandler Park-Chalmers,Lakepointe St & E Warren Ave
882ab2c603fffff,26,25,Persistent Hotspot,-1,-3.85,33.75,05,All,All,15,12,2025-11-07,2025-12-04,2025-12-05,2026-01-01,42.4029894505433,-82.9399556381637,Morningside,Audubon Rd & E Warren Ave
882ab2c601fffff,20,20,Persistent Hotspot,0,0.0,27.0,05,All,All,15,12,2025-11-07,2025-12-04,2025-12-05,2026-01-01,42.4101998614238,-82.9421318183079,Morningside,Chandler Park Dr & Yorkshire Rd
882ab2c657fffff,24,12,Persistent Hotspot,-12,-50.0,16.2,05,All,All,15,12,2025-11-07,2025-12-04,2025-12-05,2026-01-01,42.4083309050742,-82.9203776544084,Cornerstone Village,E Warren Ave & Lodewyck St
882ab2c61dfffff,20,11,Declining Hotspot,-9,-45.0,11.0,05,All,All,15,12,2025-11-07,2025-12-04,2025-12-05,2026-01-01,42.4013216575509,-82.9277006185038,East English Village,Harvard Rd & Waveney St
882ab2c631fffff,15,10,Declining Hotspot,-5,-33.33,10.0,05,All,All,15,12,2025-11-07,2025-12-04,2025-12-05,2026-01-01,42.3869708078483,-82.9497958908939,Fox Creek,Mack Ave & Manistique St
882ab2c639fffff,26,10,Declining Hotspot,-16,-61.54,10.0,05,All,All,15,12,2025-11-07,2025-12-04,2025-12-05,2026-01-01,42.396523205589645,-82.94466548995295,Morningside,E Warren Ave & Berkshire St
882ab2c443fffff,18,9,Declining Hotspot,-9,-50.0,9.0,05,All,All,15,12,2025-11-07,2025-12-04,2025-12-05,2026-01-01,42.377743211354,-82.9799510638653,West End,Fairview St & Goethe Ave
882ab2c607fffff,17,6,Declining Hotspot,-11,-64.71,6.0,05,All,All,15,12,2025-11-07,2025-12-04,2025-12-05,2026-01-01,42.4027898337408,-82.94904862188,Morningside,Southampton St & Somerset Ave
882ab2cf33fffff,12,18,Emerging Hotspot,6,50.0,27.0,06,All,All,18,15,2025-11-07,2025-12-04,2025-12-05,2026-01-01,42.37187235244575,-83.2412209572612,Franklin Park,Plymouth Rd & Fielding St
882ab2cc29fffff,12,15,Emerging Hotspot,3,25.0,19.5,06,All,All,18,15,2025-11-07,2025-12-04,2025-12-05,2026-01-01,42.3468525586803,-83.2295763766551,Warrendale,W Warren Ave & Grandville Ave
882ab2cc2dfffff,15,15,Emerging Hotspot,0,0.0,15.0,06,All,All,18,15,2025-11-07,2025-12-04,2025-12-05,2026-01-01,42.3503213294463,-83.2406201033814,Warrendale,Braile St & Belton Ave
882ab2cc67fffff,25,23,Persistent Hotspot,-2,-8.0,31.05,06,All,All,18,15,2025-11-07,2025-12-04,2025-12-05,2026-01-01,42.35570902059675,-83.2347281579616,Warrendale,Evergreen Rd & Joy Rd
882ab2cc2bfffff,18,20,Persistent Hotspot,2,11.11,30.0,06,All,All,18,15,2025-11-07,2025-12-04,2025-12-05,2026-01-01,42.3396077393422,-83.22680751775106,Warrendale,Warwick St & Whitlock St
882ab2cc45fffff,24,21,Persistent Hotspot,-3,-12.5,28.35,06,All,All,18,15,2025-11-07,2025-12-04,2025-12-05,2026-01-01,42.365285439154,-83.2095166589743,Joy Community,Orangelawn St & Rutland St
882ab2cc65fffff,27,21,Persistent Hotspot,-6,-22.22,28.35,06,All,All,18,15,2025-11-07,2025-12-04,2025-12-05,2026-01-01,42.36292124299095,-83.238484125039,Franklin Park,W Chicago St & Heyden St
882ab2cc61fffff,18,19,Persistent Hotspot,1,5.56,27.15,06,All,All,18,15,2025-11-07,2025-12-04,2025-12-05,2026-01-01,42.3611596478804,-83.226246313219,Franklin Park,Artesian St & Joy Rd
882ab2cc01fffff,20,19,Persistent Hotspot,-1,-5.0,25.65,06,All,All,18,15,2025-11-07,2025-12-04,2025-12-05,2026-01-01,42.3458183863618,-83.2082445872955,Warren Ave Community,Rutland St & Majestic St
882ab2cc47fffff,19,17,Persistent Hotspot,-2,-10.53,22.95,06,All,All,18,15,2025-11-07,2025-12-04,2025-12-05,2026-01-01,42.3590625176971,-83.20396735527581,Joy Community,Mansfield St & Kramer St
882ab2cc63fffff,18,17,Persistent Hotspot,-1,-5.56,22.95,06,All,All,18,15,2025-11-07,2025-12-04,2025-12-05,2026-01-01,42.3540669512469,-83.2234171641304,Warrendale,Joy Rd & Greenview Ave
882ab2cc6dfffff,19,16,Persistent Hotspot,-3,-15.79,21.6,06,All,All,18,15,2025-11-07,2025-12-04,2025-12-05,2026-01-01,42.3695246359902,-83.232456191969,Franklin Park,Orangelawn St & Warwick St
882ab2cc69fffff,23,13,Declining Hotspot,-10,-43.48,13.0,06,All,All,18,15,2025-11-07,2025-12-04,2025-12-05,2026-01-01,42.3673550176978,-83.22027784620084,Franklin Park,Weaver St & Rosemont Ave
882ab2cc05fffff,23,11,Declining Hotspot,-12,-52.17,11.0,06,All,All,18,15,2025-11-07,2025-12-04,2025-12-05,2026-01-01,42.3434016908208,-83.2207891741072,Warrendale,Sawyer St & Greenview Ave
882ab2cc6bfffff,27,9,Declining Hotspot,-18,-66.67,9.0,06,All,All,18,15,2025-11-07,2025-12-04,2025-12-05,2026-01-01,42.3578434353762,-83.2168902458939,Franklin Park,Joy Rd & S M 39 Service Drive
882ab2c463fffff,6,11,Emerging Hotspot,5,83.33,18.5,07,All,All,12,9,2025-11-07,2025-12-04,2025-12-05,2026-01-01,42.3767500840111,-83.0106424237817,Gratiot-Grand,Iroquois St & E Warren Ave
882ab2c403fffff,10,13,Emerging Hotspot,3,30.0,17.5,07,All,All,12,9,2025-11-07,2025-12-04,2025-12-05,2026-01-01,42.3575485838906,-82.9870693400185,East Village,E Jefferson Ave & Holcomb St
882ab2c437fffff,9,12,Emerging Hotspot,3,33.33,16.5,07,All,All,12,9,2025-11-07,2025-12-04,2025-12-05,2026-01-01,42.34172506144085,-83.0145488213913,Rivertown,E Larned St & McDougall St
882ab2c465fffff,4,9,Emerging Hotspot,5,125.0,16.5,07,All,All,12,9,2025-11-07,2025-12-04,2025-12-05,2026-01-01,42.3865949687306,-83.0214018454638,Airport Sub,Van Dyke St & Harper Ave
882ab2c41dfffff,7,9,Emerging Hotspot,2,28.57,12.0,07,All,All,12,9,2025-11-07,2025-12-04,2025-12-05,2026-01-01,42.3588179546498,-82.9826841161272,East Village,E Jefferson Ave & Pennsylvania St
882ab2c5cbfffff,31,31,Persistent Hotspot,0,0.0,41.85,07,All,All,12,9,2025-11-07,2025-12-04,2025-12-05,2026-01-01,42.3410176915525,-83.023266509099,Elmwood Park,E Jefferson Ave & Chene St
882ab2c439fffff,34,27,Persistent Hotspot,-7,-20.59,36.45,07,All,All,12,9,2025-11-07,2025-12-04,2025-12-05,2026-01-01,42.3519526429914,-82.9967383380492,West Village,E Jefferson Ave & Parker St
882ab2c5c3fffff,28,20,Persistent Hotspot,-8,-28.57,27.0,07,All,All,12,9,2025-11-07,2025-12-04,2025-12-05,2026-01-01,42.3364259425427,-83.0292011368974,Lafayette Park,Saint Aubin St & E Larned St
882ab2c5c9fffff,25,16,Persistent Hotspot,-9,-36.0,21.6,07,All,All,12,9,2025-11-07,2025-12-04,2025-12-05,2026-01-01,42.3502542019417,-83.0302985615252,Elmwood Park,Prince Hall Dr & Chene St
882ab2c5c1fffff,22,15,Persistent Hotspot,-7,-31.82,20.25,07,All,All,12,9,2025-11-07,2025-12-04,2025-12-05,2026-01-01,42.3423666128366,-83.0379321607677,Lafayette Park,Pembridge Pl & Saint Aubin St
882ab2c469fffff,12,10,Persistent Hotspot,-2,-16.67,13.5,07,All,All,12,9,2025-11-07,2025-12-04,2025-12-05,2026-01-01,42.3905071517812,-83.0051484833408,West End,Pennsylvania St & Shoemaker St
882ab2c43dfffff,13,8,Declining Hotspot,-5,-38.46,8.0,07,All,All,12,9,2025-11-07,2025-12-04,2025-12-05,2026-01-01,42.354372393915,-83.0063893655434,Islandview,Agnes St & E Grand Blvd
882ab2c461fffff,15,8,Declining Hotspot,-7,-46.67,8.0,07,All,All,12,9,2025-11-07,2025-12-04,2025-12-05,2026-01-01,42.3832002790155,-83.0140688496528,Gratiot Town/Kettering,Gratiot Ave & Parker St
882ab2c431fffff,22,4,Declining Hotspot,-18,-81.82,4.0,07,All,All,12,9,2025-11-07,2025-12-04,2025-12-05,2026-01-01,42.345732473251,-83.00686044990775,Islandview,E Congress St & Meldrum St
882ab2ca93fffff,15,22,Emerging Hotspot,7,46.67,32.5,08,All,All,16,16,2025-11-07,2025-12-04,2025-12-05,2026-01-01,42.4294810884543,-83.2416290872179,Holcomb Community,W 7 Mile Rd & Patton St
882ab2ca97fffff,14,19,Emerging Hotspot,5,35.71,26.5,08,All,All,16,16,2025-11-07,2025-12-04,2025-12-05,2026-01-01,42.4292679010273,-83.2534029514986,Evergreen Lahser 7/8,Lahser Rd & W 7 Mile Rd
882ab2ca9bfffff,9,16,Emerging Hotspot,7,77.78,26.5,08,All,All,16,16,2025-11-07,2025-12-04,2025-12-05,2026-01-01,42.4321091650332,-83.234526339214,O'Hair Park,Cambridge Ave & Annchester Rd
882ab2cf45fffff,15,19,Emerging Hotspot,4,26.67,25.0,08,All,All,16,16,2025-11-07,2025-12-04,2025-12-05,2026-01-01,42.419387568202254,-83.2383766583946,Evergreen-Outer Drive,Santa Maria St & Heyden St
882ab2cf55fffff,14,16,Emerging Hotspot,2,14.29,19.0,08,All,All,16,16,2025-11-07,2025-12-04,2025-12-05,2026-01-01,42.40116095310875,-83.21831518089455,Crary/St Marys,Grand River Ave & Ashton Rd
882ab2cab1fffff,15,16,Emerging Hotspot,1,6.67,17.5,08,All,All,16,16,2025-11-07,2025-12-04,2025-12-05,2026-01-01,42.4290006373133,-83.2777700530693,Five Points,Woodbine St & W 7 Mile Rd
882ab2cf61fffff,25,29,Persistent Hotspot,4,16.0,45.15,08,All,All,16,16,2025-11-07,2025-12-04,2025-12-05,2026-01-01,42.4146741898092,-83.2568507845596,Oak Grove District 1,Chapel St & W McNichols Rd
882ab2cf5dfffff,20,22,Persistent Hotspot,2,10.0,32.7,08,All,All,16,16,2025-11-07,2025-12-04,2025-12-05,2026-01-01,42.4103285053167,-83.2108407677899,Crary/St Marys,Verne St & Biltmore St
882ab2c1b7fffff,20,21,Persistent Hotspot,1,5.0,29.85,08,All,All,16,16,2025-11-07,2025-12-04,2025-12-05,2026-01-01,42.415851144836296,-83.20139796128575,Crary/St Marys,Greenfield Rd & Verne St
882ab2cf09fffff,22,21,Persistent Hotspot,-1,-4.55,28.35,08,All,All,16,16,2025-11-07,2025-12-04,2025-12-05,2026-01-01,42.4039882458279,-83.2259135822917,Rosedale Park,Grand River Ave & Glastonbury Ave
882ab2cf53fffff,24,20,Persistent Hotspot,-4,-16.67,27.0,08,All,All,16,16,2025-11-07,2025-12-04,2025-12-05,2026-01-01,42.393900927103,-83.2015047170285,Greenfield-Grand River,Acacia St & Forrer St
882ab2c1a3fffff,26,19,Persistent Hotspot,-7,-26.92,25.65,08,All,All,16,16,2025-11-07,2025-12-04,2025-12-05,2026-01-01,42.4302920458498,-83.2117228159554,Greenfield,Oakfield St & W 7 Mile Rd
882ab2cf49fffff,21,18,Persistent Hotspot,-3,-14.29,24.3,08,All,All,16,16,2025-11-07,2025-12-04,2025-12-05,2026-01-01,42.4248549880698,-83.2179256175138,College Park,Margareta St & Lindsay St
882ab2c1b5fffff,17,17,Persistent Hotspot,0,0.0,22.95,08,All,All,16,16,2025-11-07,2025-12-04,2025-12-05,2026-01-01,42.4230381823384,-83.20823202955845,College Park,Thatcher St & Ferguson St
882ab2cf6bfffff,16,16,Persistent Hotspot,0,0.0,21.6,08,All,All,16,16,2025-11-07,2025-12-04,2025-12-05,2026-01-01,42.41156466965455,-83.244250479248,Holcomb Community,Grand River Ave & Patton St
882ab2c1a7fffff,17,14,Declining Hotspot,-3,-17.65,14.0,08,All,All,16,16,2025-11-07,2025-12-04,2025-12-05,2026-01-01,42.4335387451581,-83.2204958980592,O'Hair Park,Fenmore St & W 7 Mile Rd
882ab2cf51fffff,17,13,Declining Hotspot,-4,-23.53,13.0,08,All,All,16,16,2025-11-07,2025-12-04,2025-12-05,2026-01-01,42.4030666206595,-83.2074096504793,Crary/St Marys,Keeler St & Ferguson St
882ab2ca91fffff,19,12,Declining Hotspot,-7,-36.84,12.0,08,All,All,16,16,2025-11-07,2025-12-04,2025-12-05,2026-01-01,42.4365222139149,-83.2453426004845,Evergreen Lahser 7/8,Pembroke Ave & Kentfield St
882ab2cf4dfffff,20,12,Declining Hotspot,-8,-40.0,12.0,08,All,All,16,16,2025-11-07,2025-12-04,2025-12-05,2026-01-01,42.426720338279594,-83.2288701222653,Evergreen-Outer Drive,Stahelin Ave & W 7 Mile Rd
882ab2cf6dfffff,16,9,Declining Hotspot,-7,-43.75,9.0,08,All,All,16,16,2025-11-07,2025-12-04,2025-12-05,2026-01-01,42.4218922142559,-83.2581934597824,Old Redford,Lahser Rd & Glenco St
882ab2c663fffff,15,24,Emerging Hotspot,9,60.0,37.5,09,All,All,20,18,2025-11-07,2025-12-04,2025-12-05,2026-01-01,42.4203963608699,-82.9577493746717,Denby,Grayton St & Lansdowne St
882ab2c669fffff,13,20,Emerging Hotspot,7,53.85,30.5,09,All,All,20,18,2025-11-07,2025-12-04,2025-12-05,2026-01-01,42.4331934041443,-82.9549172238386,Mapleridge,Kelly Rd & Linnhurst St
882ab2d5b3fffff,12,18,Emerging Hotspot,6,50.0,27.0,09,All,All,20,18,2025-11-07,2025-12-04,2025-12-05,2026-01-01,42.4351378710972,-82.9776864504547,Franklin,Chalmers St & E 7 Mile Rd
882ab2c759fffff,18,18,Emerging Hotspot,0,0.0,18.0,09,All,All,20,18,2025-11-07,2025-12-04,2025-12-05,2026-01-01,42.429528610671994,-82.98540618260719,Franklin,Pelkey St & Greiner St
882ab2c66bfffff,32,28,Persistent Hotspot,-4,-12.5,37.8,09,All,All,20,18,2025-11-07,2025-12-04,2025-12-05,2026-01-01,42.42632688143855,-82.9499411616721,Moross-Morang,Lakepointe St & Morang Dr
882ab2c647fffff,34,25,Persistent Hotspot,-9,-26.47,33.75,09,All,All,20,18,2025-11-07,2025-12-04,2025-12-05,2026-01-01,42.4244778056882,-82.9407430774162,Moross-Morang,Casino St & Somerset Ave
882ab2c605fffff,24,24,Persistent Hotspot,0,0.0,32.4,09,All,All,20,18,2025-11-07,2025-12-04,2025-12-05,2026-01-01,42.41182849365295,-82.9542600506487,Outer Drive-Hayes,Beaconsfield St & Courville St
882ab2c60dfffff,23,22,Persistent Hotspot,-1,-4.35,29.7,09,All,All,20,18,2025-11-07,2025-12-04,2025-12-05,2026-01-01,42.4197410360825,-82.9462573545625,Yorkshire Woods,Nottingham Rd & Britain St
882ab2c661fffff,20,19,Persistent Hotspot,-1,-5.0,25.65,09,All,All,20,18,2025-11-07,2025-12-04,2025-12-05,2026-01-01,42.4271921170409,-82.9627670159486,Mapleridge,Troester St & Queen St
882ab2c719fffff,27,19,Persistent Hotspot,-8,-29.63,25.65,09,All,All,20,18,2025-11-07,2025-12-04,2025-12-05,2026-01-01,42.4085834761448,-82.9950846370677,Gratiot-Findlay,Gunston St & Gratiot Ave
882ab2d5b5fffff,33,19,Persistent Hotspot,-14,-42.42,25.65,09,All,All,20,18,2025-11-07,2025-12-04,2025-12-05,2026-01-01,42.4456739782067,-82.9916402776304,Conner Creek,Fairport St & Bringard Dr
882ab2d5b7fffff,30,19,Persistent Hotspot,-11,-36.67,25.65,09,All,All,20,18,2025-11-07,2025-12-04,2025-12-05,2026-01-01,42.4383595504994,-82.9889717563696,Pulaski,E 7 Mile Rd & Schoenherr St
882ab2c62bfffff,29,17,Declining Hotspot,-12,-41.38,17.0,09,All,All,20,18,2025-11-07,2025-12-04,2025-12-05,2026-01-01,42.4065719044079,-82.9643445990192,Outer Drive-Hayes,Chalmers St & Kent St
882ab2d5bbfffff,32,15,Declining Hotspot,-17,-53.12,15.0,09,All,All,20,18,2025-11-07,2025-12-04,2025-12-05,2026-01-01,42.4434084434849,-82.970791942545,Regent Park,Queen St & Rossini Dr
882ab2c625fffff,20,11,Declining Hotspot,-9,-45.0,11.0,09,All,All,20,18,2025-11-07,2025-12-04,2025-12-05,2026-01-01,42.4093221818329,-82.9841299069008,Wade,Roseberry St & Longview St
882ab2cec9fffff,13,22,Emerging Hotspot,9,69.23,35.5,10,All,All,19,15,2025-11-07,2025-12-04,2025-12-05,2026-01-01,42.3574279101944,-83.1105133991049,Petoskey-Otsego,W I 96 Service Drive & W Grand Blvd
882ab2c525fffff,14,21,Emerging Hotspot,7,50.0,31.5,10,All,All,19,15,2025-11-07,2025-12-04,2025-12-05,2026-01-01,42.377040420023,-83.1174128378397,Dexter-Linwood,Dexter Ave & Collingwood St
882ab2c52dfffff,13,20,Emerging Hotspot,7,53.85,30.5,10,All,All,19,15,2025-11-07,2025-12-04,2025-12-05,2026-01-01,42.3817503022529,-83.1096324868484,Dexter-Linwood,Glynn Ct & Linwood St
882ab2c52bfffff,9,15,Emerging Hotspot,6,66.67,24.0,10,All,All,19,15,2025-11-07,2025-12-04,2025-12-05,2026-01-01,42.3739808566136,-83.0944508510725,Virginia Park Community,Rosa Parks Blvd & W Euclid St
882ab2ce5bfffff,18,18,Emerging Hotspot,0,0.0,18.0,10,All,All,19,15,2025-11-07,2025-12-04,2025-12-05,2026-01-01,42.3886209069811,-83.1151922896919,Dexter-Linwood,Fullerton St & Linwood St
882ab2c53dfffff,14,15,Emerging Hotspot,1,7.14,16.5,10,All,All,19,15,2025-11-07,2025-12-04,2025-12-05,2026-01-01,42.364597989538,-83.0938448650044,LaSalle Gardens,W Grand Blvd & Hanover St
882ab2ce51fffff,41,30,Persistent Hotspot,-11,-26.83,40.5,10,All,All,19,15,2025-11-07,2025-12-04,2025-12-05,2026-01-01,42.3909329578329,-83.1254968552373,Dexter-Linwood,Dexter Ave & Waverly
882ab2ce55fffff,23,20,Persistent Hotspot,-3,-13.04,27.0,10,All,All,19,15,2025-11-07,2025-12-04,2025-12-05,2026-01-01,42.3924332084077,-83.1397130917558,Oakman Blvd Community,Kendall St & Livernois Ave
882ab2ce57fffff,21,19,Persistent Hotspot,-2,-9.52,25.65,10,All,All,19,15,2025-11-07,2025-12-04,2025-12-05,2026-01-01,42.3859734201848,-83.1339608753184,Russell Woods,Petoskey Ave & W Davison St
882ab2c527fffff,28,18,Persistent Hotspot,-10,-35.71,24.3,10,All,All,19,15,2025-11-07,2025-12-04,2025-12-05,2026-01-01,42.3687090022666,-83.1138186796188,Jamison,Atkinson St & Dexter Ave
882ab2c567fffff,22,16,Persistent Hotspot,-6,-27.27,21.6,10,All,All,19,15,2025-11-07,2025-12-04,2025-12-05,2026-01-01,42.38823565823665,-83.10464187753101,Dexter-Linwood,Woodrow Wilson St & Elmhurst St
882ab2ce1dfffff,20,15,Persistent Hotspot,-5,-25.0,20.25,10,All,All,19,15,2025-11-07,2025-12-04,2025-12-05,2026-01-01,42.3782867594345,-83.1403815338275,Oakman Blvd Community,Cortland St & Ewald Cir
882ab2ce53fffff,26,14,Declining Hotspot,-12,-46.15,14.0,10,All,All,19,15,2025-11-07,2025-12-04,2025-12-05,2026-01-01,42.385027958062,-83.12032786618616,Dexter-Linwood,Richton St & Linwood St
882ab2ce0bfffff,19,13,Declining Hotspot,-6,-31.58,13.0,10,All,All,19,15,2025-11-07,2025-12-04,2025-12-05,2026-01-01,42.3864830288736,-83.14163828555306,Oakman Blvd Community,Ewald Cir & W Davison St
882ab2ce13fffff,20,13,Declining Hotspot,-7,-35.0,13.0,10,All,All,19,15,2025-11-07,2025-12-04,2025-12-05,2026-01-01,42.3626085651066,-83.1330107647866,Midwest,Northfield St & Joy Rd
882ab2c529fffff,20,12,Declining Hotspot,-8,-40.0,12.0,10,All,All,19,15,2025-11-07,2025-12-04,2025-12-05,2026-01-01,42.38104713800355,-83.098032597983,Boston Edison,W Boston Blvd & N M 10 Service Drive
882ab2ce59fffff,19,12,Declining Hotspot,-7,-36.84,12.0,10,All,All,19,15,2025-11-07,2025-12-04,2025-12-05,2026-01-01,42.3957041475136,-83.119676552736,Oakman Blvd Community,W Grand St & La Salle Blvd
882ab2ce11fffff,19,9,Declining Hotspot,-10,-52.63,9.0,10,All,All,19,15,2025-11-07,2025-12-04,2025-12-05,2026-01-01,42.3701028259959,-83.1375400682051,Nardin Park,Belleterre St & Burlingame St
882ab2c507fffff,19,8,Declining Hotspot,-11,-57.89,8.0,10,All,All,19,15,2025-11-07,2025-12-04,2025-12-05,2026-01-01,42.3697335528948,-83.08170174424,Virginia Park Community,W Grand Blvd & Lincoln St
882ab2c76bfffff,8,15,Emerging Hotspot,7,87.5,25.5,11,All,All,13,13,2025-11-07,2025-12-04,2025-12-05,2026-01-01,42.438658991326,-83.0306180858354,Nortown,E Lantz St & Sherwood St
882ab2c761fffff,12,17,Emerging Hotspot,5,41.67,24.5,11,All,All,13,13,2025-11-07,2025-12-04,2025-12-05,2026-01-01,42.4384549401626,-83.04371480168,Farwell,E Lantz St & Mound Rd
882ab2c08bfffff,6,13,Emerging Hotspot,7,116.67,23.5,11,All,All,13,13,2025-11-07,2025-12-04,2025-12-05,2026-01-01,42.4303637318254,-83.0904361529573,Hawthorne Park,Russell St & E 7 Mile Rd
882ab2c0dbfffff,15,26,Persistent Hotspot,11,73.33,51.6,11,All,All,13,13,2025-11-07,2025-12-04,2025-12-05,2026-01-01,42.4331387024329,-83.0622209405383,Farwell,Ryan Rd & E 7 Mile Rd
882ab2c0d5fffff,13,17,Persistent Hotspot,4,30.77,28.95,11,All,All,13,13,2025-11-07,2025-12-04,2025-12-05,2026-01-01,42.4353407920037,-83.08535721004054,Nolan,Riopelle St & Emery St
882ab2c747fffff,18,19,Persistent Hotspot,1,5.56,27.15,11,All,All,13,13,2025-11-07,2025-12-04,2025-12-05,2026-01-01,42.4340962002179,-83.0209419277825,Nortown,Van Dyke St & E 7 Mile Rd
882ab2c0d7fffff,17,17,Persistent Hotspot,0,0.0,22.95,11,All,All,13,13,2025-11-07,2025-12-04,2025-12-05,2026-01-01,42.42827978006765,-83.0792650004535,Northeast Central District,E Grixdale St & Goddard St
882ab2c767fffff,13,14,Persistent Hotspot,1,7.69,20.4,11,All,All,13,13,2025-11-07,2025-12-04,2025-12-05,2026-01-01,42.4298909698503,-83.0501692139325,Krainz Woods,Healy St & E Hildale St
882ab2c0d1fffff,19,14,Persistent Hotspot,-5,-26.32,18.9,11,All,All,13,13,2025-11-07,2025-12-04,2025-12-05,2026-01-01,42.4355909483518,-83.0735405934336,Pershing,Charest St & E Lantz St
882ab2c0d9fffff,17,13,Persistent Hotspot,-4,-23.53,17.55,11,All,All,13,13,2025-11-07,2025-12-04,2025-12-05,2026-01-01,42.4421826971557,-83.0651253343558,Farwell,Cordova St & Dean St
882ab2c70dfffff,14,13,Persistent Hotspot,-1,-7.14,17.55,11,All,All,13,13,2025-11-07,2025-12-04,2025-12-05,2026-01-01,42.4310682433344,-83.0274669652189,Grant,E Robinwood St & Packard St
882ab2c745fffff,23,13,Persistent Hotspot,-10,-43.48,17.55,11,All,All,13,13,2025-11-07,2025-12-04,2025-12-05,2026-01-01,42.4436061204028,-83.0246669703729,Sherwood,Milbank St & Spencer St
882ab2c765fffff,13,9,Declining Hotspot,-4,-30.77,9.0,11,All,All,13,13,2025-11-07,2025-12-04,2025-12-05,2026-01-01,42.438224642992,-83.05449732164055,Farwell,Moenart St & E Outer Dr
882ab2c0d3fffff,13,7,Declining Hotspot,-6,-46.15,7.0,11,All,All,13,13,2025-11-07,2025-12-04,2025-12-05,2026-01-01,42.4258382422936,-83.0685993556559,Northeast Central District,Conant St & E Nevada St
882ab2c0ddfffff,17,7,Declining Hotspot,-10,-58.82,7.0,11,All,All,13,13,2025-11-07,2025-12-04,2025-12-05,2026-01-01,42.4425478145773,-83.0763451898483,Butler,Harned St & E Outer Dr
882ab2c741fffff,14,6,Declining Hotspot,-8,-57.14,6.0,11,All,All,13,13,2025-11-07,2025-12-04,2025-12-05,2026-01-01,42.4389543556089,-83.0156846967228,Nortown,Yolanda St & E Outer Dr
882ab2c723fffff,13,5,Declining Hotspot,-8,-61.54,5.0,11,All,All,13,13,2025-11-07,2025-12-04,2025-12-05,2026-01-01,42.4093829073195,-83.04529007973085,Buffalo Charles,Alpena St & Alpena Ave
882ab2c091fffff,15,3,Declining Hotspot,-12,-80.0,3.0,11,All,All,13,13,2025-11-07,2025-12-04,2025-12-05,2026-01-01,42.4182522924941,-83.0859121149747,North Campau,Riopelle St & E McNichols Rd
882ab2ce6bfffff,10,20,Emerging Hotspot,10,100.0,35.0,12,All,All,15,16,2025-11-07,2025-12-04,2025-12-05,2026-01-01,42.4025284332423,-83.1651004313549,Bethune Community,Fenkell St & Wyoming St
882ab2c199fffff,13,21,Emerging Hotspot,8,61.54,33.0,12,All,All,15,16,2025-11-07,2025-12-04,2025-12-05,2026-01-01,42.432272052104295,-83.160486007446,Bagley,Washburn St & W 7 Mile Rd
882ab2ce41fffff,14,21,Emerging Hotspot,7,50.0,31.5,12,All,All,15,16,2025-11-07,2025-12-04,2025-12-05,2026-01-01,42.4075473870695,-83.1461042788721,Fitzgerald/Marygrove,Monica St & Keeler Ave
882ab2c1d3fffff,11,19,Emerging Hotspot,8,72.73,31.0,12,All,All,15,16,2025-11-07,2025-12-04,2025-12-05,2026-01-01,42.436933621782046,-83.1507772485498,Oak Grove District 2,Roselawn St & W Outer Dr
882ab2c19bfffff,9,17,Emerging Hotspot,8,88.89,29.0,12,All,All,15,16,2025-11-07,2025-12-04,2025-12-05,2026-01-01,42.4242861135931,-83.15337759519235,Bagley,Thatcher St & Indiana St
882ab2ce4dfffff,28,18,Persistent Hotspot,-10,-35.71,24.3,12,All,All,15,16,2025-11-07,2025-12-04,2025-12-05,2026-01-01,42.41713248022035,-83.1491035149803,Bagley,San Juan Dr & W McNichols Rd
882ab2ce69fffff,26,18,Persistent Hotspot,-8,-30.77,24.3,12,All,All,15,16,2025-11-07,2025-12-04,2025-12-05,2026-01-01,42.41199469544685,-83.1698402050922,Fitzgerald/Marygrove,Florence St & Mendota St
882ab2c193fffff,18,17,Persistent Hotspot,-1,-5.56,22.95,12,All,All,15,16,2025-11-07,2025-12-04,2025-12-05,2026-01-01,42.4169437403662,-83.1603122492298,Schulze,W McNichols Rd & Wyoming St
882ab2c1bbfffff,17,17,Persistent Hotspot,0,0.0,22.95,12,All,All,15,16,2025-11-07,2025-12-04,2025-12-05,2026-01-01,42.4201758426176,-83.182342101538,Winship,Lesure St & W Outer Dr
882ab2c191fffff,18,16,Persistent Hotspot,-2,-11.11,21.6,12,All,All,15,16,2025-11-07,2025-12-04,2025-12-05,2026-01-01,42.4242003517172,-83.1649535659357,Schulze,Margareta St & Manor St
882ab2c1b9fffff,18,16,Persistent Hotspot,-2,-11.11,21.6,12,All,All,15,16,2025-11-07,2025-12-04,2025-12-05,2026-01-01,42.4273222133839,-83.18755904420081,Winship,Margareta St & Mark Twain St
882ab2ce49fffff,19,15,Declining Hotspot,-4,-21.05,15.0,12,All,All,15,16,2025-11-07,2025-12-04,2025-12-05,2026-01-01,42.41475945047815,-83.1417270778599,Fitzgerald/Marygrove,Stoepel St & Florence St
882ab2ce45fffff,20,14,Declining Hotspot,-6,-30.0,14.0,12,All,All,15,16,2025-11-07,2025-12-04,2025-12-05,2026-01-01,42.40973788804895,-83.1573322674889,Fitzgerald/Marygrove,Puritan St & Northlawn St
882ab2c1d7fffff,21,10,Declining Hotspot,-11,-52.38,10.0,12,All,All,15,16,2025-11-07,2025-12-04,2025-12-05,2026-01-01,42.4408096985575,-83.1610973329709,Garden Homes,Indiana St & Chippewa St
882ab2c0adfffff,15,9,Declining Hotspot,-6,-40.0,9.0,12,All,All,15,16,2025-11-07,2025-12-04,2025-12-05,2026-01-01,42.4370310784254,-83.1416885783729,Sherwood Forest,Livernois Ave & Saint Martins Ave
882ab2c19dfffff,15,9,Declining Hotspot,-6,-40.0,9.0,12,All,All,15,16,2025-11-07,2025-12-04,2025-12-05,2026-01-01,42.43306189999275,-83.1697457526532,McDowell,Meyers Rd & W 7 Mile Rd
882ab2ce61fffff,18,9,Declining Hotspot,-9,-50.0,9.0,12,All,All,15,16,2025-11-07,2025-12-04,2025-12-05,2026-01-01,42.4039669003558,-83.1770453257813,Bethune Community,Schaefer Hwy & Keeler Ave
882ab2ce6dfffff,16,9,Declining Hotspot,-7,-43.75,9.0,12,All,All,15,16,2025-11-07,2025-12-04,2025-12-05,2026-01-01,42.4118076305669,-83.1797983731317,Harmony Village,Schaefer Hwy & W McNichols Rd
882ab2ce4bfffff,15,6,Declining Hotspot,-9,-60.0,6.0,12,All,All,15,16,2025-11-07,2025-12-04,2025-12-05,2026-01-01,42.4063612131365,-83.1344305332905,Pilgrim Village,Keeler Ave & Parkside St
882ab2cc93fffff,15,27,Emerging Hotspot,12,80.0,45.0,ALL,All,All,18,16,2025-11-07,2025-12-04,2025-12-05,2026-01-01,42.2666572840668,-83.1560066412194,Boynton,S Annabelle St & Omaha St
882ab2c0dbfffff,15,26,Emerging Hotspot,11,73.33,42.5,ALL,All,All,18,16,2025-11-07,2025-12-04,2025-12-05,2026-01-01,42.4331387024329,-83.0622209405383,Farwell,Ryan Rd & E 7 Mile Rd
882ab2cec9fffff,14,24,Emerging Hotspot,10,71.43,39.0,ALL,All,All,18,16,2025-11-07,2025-12-04,2025-12-05,2026-01-01,42.3574279101944,-83.1105133991049,Petoskey-Otsego,W I 96 Service Drive & W Grand Blvd
882ab2c663fffff,15,24,Emerging Hotspot,9,60.0,37.5,ALL,All,All,18,16,2025-11-07,2025-12-04,2025-12-05,2026-01-01,42.4203963608699,-82.9577493746717,Denby,Grayton St & Lansdowne St
882ab2c505fffff,7,19,Emerging Hotspot,12,171.43,37.0,ALL,All,All,18,16,2025-11-07,2025-12-04,2025-12-05,2026-01-01,42.379413120139304,-83.0847668736954,Piety Hill,Hazelwood St & 2nd Ave
882ab2c643fffff,12,22,Emerging Hotspot,10,83.33,37.0,ALL,All,All,18,16,2025-11-07,2025-12-04,2025-12-05,2026-01-01,42.4217086952154,-82.92813607488735,Cornerstone Village,Chester St & University Pl
882ab2cebbfffff,17,25,Emerging Hotspot,8,47.06,37.0,ALL,All,All,18,16,2025-11-07,2025-12-04,2025-12-05,2026-01-01,42.3128380399185,-83.12812257015175,Springwells,Carson St & Belle St
882ab2ce2bfffff,13,22,Emerging Hotspot,9,69.23,35.5,ALL,All,All,18,16,2025-11-07,2025-12-04,2025-12-05,2026-01-01,42.3832082862042,-83.1757081426057,Grand River-I96,Grand River Ave & Lesure St
882ab2c199fffff,13,21,Emerging Hotspot,8,61.54,33.0,ALL,All,All,18,16,2025-11-07,2025-12-04,2025-12-05,2026-01-01,42.432272052104295,-83.160486007446,Bagley,Washburn St & W 7 Mile Rd
882ab2ca93fffff,15,22,Emerging Hotspot,7,46.67,32.5,ALL,All,All,18,16,2025-11-07,2025-12-04,2025-12-05,2026-01-01,42.4294810884543,-83.2416290872179,Holcomb Community,W 7 Mile Rd & Patton St
882ab2c525fffff,14,21,Emerging Hotspot,7,50.0,31.5,ALL,All,All,18,16,2025-11-07,2025-12-04,2025-12-05,2026-01-01,42.377040420023,-83.1174128378397,Dexter-Linwood,Dexter Ave & Collingwood St
882ab2c1d3fffff,11,19,Emerging Hotspot,8,72.73,31.0,ALL,All,All,18,16,2025-11-07,2025-12-04,2025-12-05,2026-01-01,42.436933621782046,-83.1507772485498,Oak Grove District 2,Roselawn St & W Outer Dr
882ab2c52dfffff,13,20,Emerging Hotspot,7,53.85,30.5,ALL,All,All,18,16,2025-11-07,2025-12-04,2025-12-05,2026-01-01,42.3817503022529,-83.1096324868484,Dexter-Linwood,Glynn Ct & Linwood St
882ab2c669fffff,13,20,Emerging Hotspot,7,53.85,30.5,ALL,All,All,18,16,2025-11-07,2025-12-04,2025-12-05,2026-01-01,42.4331934041443,-82.9549172238386,Mapleridge,Kelly Rd & Linnhurst St
882ab2c19bfffff,9,17,Emerging Hotspot,8,88.89,29.0,ALL,All,All,18,16,2025-11-07,2025-12-04,2025-12-05,2026-01-01,42.4242861135931,-83.15337759519235,Bagley,Thatcher St & Indiana St
882ab2c65dfffff,11,18,Emerging Hotspot,7,63.64,28.5,ALL,All,All,18,16,2025-11-07,2025-12-04,2025-12-05,2026-01-01,42.418867988292,-82.9151376719804,Cornerstone Village,Moross Rd & Chandler Park Dr
882ab2cf33fffff,12,18,Emerging Hotspot,6,50.0,27.0,ALL,All,All,18,16,2025-11-07,2025-12-04,2025-12-05,2026-01-01,42.37187235244575,-83.2412209572612,Franklin Park,Plymouth Rd & Fielding St
882ab2d5b3fffff,12,18,Emerging Hotspot,6,50.0,27.0,ALL,All,All,18,16,2025-11-07,2025-12-04,2025-12-05,2026-01-01,42.4351378710972,-82.9776864504547,Franklin,Chalmers St & E 7 Mile Rd
882ab2ca97fffff,14,19,Emerging Hotspot,5,35.71,26.5,ALL,All,All,18,16,2025-11-07,2025-12-04,2025-12-05,2026-01-01,42.4292679010273,-83.2534029514986,Evergreen Lahser 7/8,Lahser Rd & W 7 Mile Rd
882ab2ca9bfffff,9,16,Emerging Hotspot,7,77.78,26.5,ALL,All,All,18,16,2025-11-07,2025-12-04,2025-12-05,2026-01-01,42.4321091650332,-83.234526339214,O'Hair Park,Cambridge Ave & Annchester Rd
882ab2c5a5fffff,11,17,Emerging Hotspot,6,54.55,26.0,ALL,All,All,18,16,2025-11-07,2025-12-04,2025-12-05,2026-01-01,42.322617530783006,-83.0892908956303,Hubbard Farms,Wolff St & Palms St
882ab2d5b1fffff,11,17,Emerging Hotspot,6,54.55,26.0,ALL,All,All,18,16,2025-11-07,2025-12-04,2025-12-05,2026-01-01,42.443187664534804,-82.9804529832112,Mohican Regent,Tacoma St & Hoyt St
882ab2cf45fffff,15,19,Emerging Hotspot,4,26.67,25.0,ALL,All,All,18,16,2025-11-07,2025-12-04,2025-12-05,2026-01-01,42.419387568202254,-83.2383766583946,Evergreen-Outer Drive,Santa Maria St & Heyden St
882ab2c761fffff,12,17,Emerging Hotspot,5,41.67,24.5,ALL,All,All,18,16,2025-11-07,2025-12-04,2025-12-05,2026-01-01,42.4384549401626,-83.04371480168,Farwell,E Lantz St & Mound Rd
882ab2c629fffff,11,16,Emerging Hotspot,5,45.45,23.5,ALL,All,All,18,16,2025-11-07,2025-12-04,2025-12-05,2026-01-01,42.4133086158442,-82.9669394617187,Outer Drive-Hayes,Promenade St & Philip St
882ab2c0d5fffff,13,17,Emerging Hotspot,4,30.77,23.0,ALL,All,All,18,16,2025-11-07,2025-12-04,2025-12-05,2026-01-01,42.4353407920037,-83.08535721004054,Nolan,Riopelle St & Emery St
882ab2c651fffff,14,16,Emerging Hotspot,2,14.29,19.0,ALL,All,All,18,16,2025-11-07,2025-12-04,2025-12-05,2026-01-01,42.4146481955432,-82.9127833510084,Cornerstone Village,Mack Ave & Calvin Ave
882ab2cf55fffff,14,16,Emerging Hotspot,2,14.29,19.0,ALL,All,All,18,16,2025-11-07,2025-12-04,2025-12-05,2026-01-01,42.40116095310875,-83.21831518089455,Crary/St Marys,Grand River Ave & Ashton Rd
882ab2cab1fffff,15,16,Emerging Hotspot,1,6.67,17.5,ALL,All,All,18,16,2025-11-07,2025-12-04,2025-12-05,2026-01-01,42.4290006373133,-83.2777700530693,Five Points,Woodbine St & W 7 Mile Rd
882ab2c0d7fffff,17,17,Emerging Hotspot,0,0.0,17.0,ALL,All,All,18,16,2025-11-07,2025-12-04,2025-12-05,2026-01-01,42.42827978006765,-83.0792650004535,Northeast Central District,E Grixdale St & Goddard St
882ab2c1b5fffff,17,17,Emerging Hotspot,0,0.0,17.0,ALL,All,All,18,16,2025-11-07,2025-12-04,2025-12-05,2026-01-01,42.4230381823384,-83.20823202955845,College Park,Thatcher St & Ferguson St
882ab2ce63fffff,16,16,Emerging Hotspot,0,0.0,16.0,ALL,All,All,18,16,2025-11-07,2025-12-04,2025-12-05,2026-01-01,42.3999591437535,-83.17074921794016,Bethune Community,Chalfonte St & Appoline St
882ab2ce67fffff,17,16,Emerging Hotspot,-1,-5.88,16.0,ALL,All,All,18,16,2025-11-07,2025-12-04,2025-12-05,2026-01-01,42.3996165391759,-83.1843121901417,Bethune Community,Ardmore St & Lyndon St
882ab2ce8bfffff,16,16,Emerging Hotspot,0,0.0,16.0,ALL,All,All,18,16,2025-11-07,2025-12-04,2025-12-05,2026-01-01,42.331163128617,-83.1155268312082,Chadsey Condon,Military St & Buchanan St
882ab2cf6bfffff,16,16,Emerging Hotspot,0,0.0,16.0,ALL,All,All,18,16,2025-11-07,2025-12-04,2025-12-05,2026-01-01,42.41156466965455,-83.244250479248,Holcomb Community,Grand River Ave & Patton St
882ab2c58dfffff,80,71,Persistent Hotspot,-9,-11.25,95.85,ALL,All,All,18,16,2025-11-07,2025-12-04,2025-12-05,2026-01-01,42.3325162414365,-83.0493954373665,Downtown,John R St & Woodward Ave
882ab2c60bfffff,20,37,Persistent Hotspot,17,85.0,75.45,ALL,All,All,18,16,2025-11-07,2025-12-04,2025-12-05,2026-01-01,42.4071065301122,-82.9271565989737,Cornerstone Village,Guilford St & E Warren Ave
882ab2c5ebfffff,34,43,Persistent Hotspot,9,26.47,71.55,ALL,All,All,18,16,2025-11-07,2025-12-04,2025-12-05,2026-01-01,42.3369889568907,-83.0517817737465,Downtown,Woodward Ave & E Adams Ave
882ab2c517fffff,52,49,Persistent Hotspot,-3,-5.77,66.15,ALL,All,All,18,16,2025-11-07,2025-12-04,2025-12-05,2026-01-01,42.3547448078777,-83.0636943175046,Midtown,W Hancock St & Woodward Ave
882ab2c5c7fffff,50,47,Persistent Hotspot,-3,-6.0,63.45,ALL,All,All,18,16,2025-11-07,2025-12-04,2025-12-05,2026-01-01,42.3340146833249,-83.0431303273926,Greektown,Beaubien St & E Lafayette St
882ab2c5e3fffff,46,46,Persistent Hotspot,0,0.0,62.1,ALL,All,All,18,16,2025-11-07,2025-12-04,2025-12-05,2026-01-01,42.3323027840917,-83.057812497388,Downtown,Bagley St & 3rd St
882ab2cf5bfffff,18,28,Persistent Hotspot,10,55.56,52.8,ALL,All,All,18,16,2025-11-07,2025-12-04,2025-12-05,2026-01-01,42.40150199439465,-83.1960751937683,Hubbell-Lyndon,Greenfield Rd & Chalfonte St
882ab2ce6bfffff,26,30,Persistent Hotspot,4,15.38,46.5,ALL,All,All,18,16,2025-11-07,2025-12-04,2025-12-05,2026-01-01,42.4025284332423,-83.1651004313549,Bethune Community,Fenkell St & Wyoming St
882ab2cf61fffff,25,29,Persistent Hotspot,4,16.0,45.15,ALL,All,All,18,16,2025-11-07,2025-12-04,2025-12-05,2026-01-01,42.4146741898092,-83.2568507845596,Oak Grove District 1,Chapel St & W McNichols Rd
882ab2c5e1fffff,27,30,Persistent Hotspot,3,11.11,45.0,ALL,All,All,18,16,2025-11-07,2025-12-04,2025-12-05,2026-01-01,42.3394921948913,-83.0664991055863,Midtown,Grand River Ave & S M 10
882ab2c1b7fffff,24,28,Persistent Hotspot,4,16.67,43.8,ALL,All,All,18,16,2025-11-07,2025-12-04,2025-12-05,2026-01-01,42.415851144836296,-83.20139796128575,Crary/St Marys,Greenfield Rd & Verne St
882ab2cc43fffff,23,27,Persistent Hotspot,4,17.39,42.45,ALL,All,All,18,16,2025-11-07,2025-12-04,2025-12-05,2026-01-01,42.3570481056041,-83.1935237234267,Fiskhorn,Prest St & Joy Rd
882ab2c5cbfffff,31,31,Persistent Hotspot,0,0.0,41.85,ALL,All,All,18,16,2025-11-07,2025-12-04,2025-12-05,2026-01-01,42.3410176915525,-83.023266509099,Elmwood Park,E Jefferson Ave & Chene St
882ab2c53dfffff,24,27,Persistent Hotspot,3,12.5,40.95,ALL,All,All,18,16,2025-11-07,2025-12-04,2025-12-05,2026-01-01,42.364597989538,-83.0938448650044,LaSalle Gardens,W Grand Blvd & Hanover St
882ab2ce51fffff,41,30,Persistent Hotspot,-11,-26.83,40.5,ALL,All,All,18,16,2025-11-07,2025-12-04,2025-12-05,2026-01-01,42.3909329578329,-83.1254968552373,Dexter-Linwood,Dexter Ave & Waverly
882ab2c507fffff,44,29,Persistent Hotspot,-15,-34.09,39.15,ALL,All,All,18,16,2025-11-07,2025-12-04,2025-12-05,2026-01-01,42.3697335528948,-83.08170174424,Virginia Park Community,W Grand Blvd & Lincoln St
882ab2ce41fffff,18,23,Persistent Hotspot,5,27.78,38.55,ALL,All,All,18,16,2025-11-07,2025-12-04,2025-12-05,2026-01-01,42.4075473870695,-83.1461042788721,Fitzgerald/Marygrove,Monica St & Keeler Ave
882ab2c66bfffff,32,28,Persistent Hotspot,-4,-12.5,37.8,ALL,All,All,18,16,2025-11-07,2025-12-04,2025-12-05,2026-01-01,42.42632688143855,-82.9499411616721,Moross-Morang,Lakepointe St & Morang Dr
882ab2cc41fffff,21,24,Persistent Hotspot,3,14.29,36.9,ALL,All,All,18,16,2025-11-07,2025-12-04,2025-12-05,2026-01-01,42.3634942640829,-83.197222222757,Joy Community,Greenfield Rd & W Chicago St
882ab2c439fffff,34,27,Persistent Hotspot,-7,-20.59,36.45,ALL,All,All,18,16,2025-11-07,2025-12-04,2025-12-05,2026-01-01,42.3519526429914,-82.9967383380492,West Village,E Jefferson Ave & Parker St
882ab2c5e9fffff,49,27,Persistent Hotspot,-22,-44.9,36.45,ALL,All,All,18,16,2025-11-07,2025-12-04,2025-12-05,2026-01-01,42.346487742123,-83.0580336249676,Midtown,Eliot St & Woodward Ave
882ab2c63dfffff,20,23,Persistent Hotspot,3,15.0,35.55,ALL,All,All,18,16,2025-11-07,2025-12-04,2025-12-05,2026-01-01,42.3981866734714,-82.9558389011593,Chandler Park-Chalmers,Lakepointe St & E Warren Ave
882ab2c603fffff,26,25,Persistent Hotspot,-1,-3.85,33.75,ALL,All,All,18,16,2025-11-07,2025-12-04,2025-12-05,2026-01-01,42.4029894505433,-82.9399556381637,Morningside,Audubon Rd & E Warren Ave
882ab2c647fffff,34,25,Persistent Hotspot,-9,-26.47,33.75,ALL,All,All,18,16,2025-11-07,2025-12-04,2025-12-05,2026-01-01,42.4244778056882,-82.9407430774162,Moross-Morang,Casino St & Somerset Ave
882ab2ce6dfffff,37,25,Persistent Hotspot,-12,-32.43,33.75,ALL,All,All,18,16,2025-11-07,2025-12-04,2025-12-05,2026-01-01,42.4118076305669,-83.1797983731317,Harmony Village,Schaefer Hwy & W McNichols Rd
882ab2c5edfffff,18,21,Persistent Hotspot,3,16.67,32.85,ALL,All,All,18,16,2025-11-07,2025-12-04,2025-12-05,2026-01-01,42.3487242716004,-83.0687031319813,Midtown,W Alexandrine St & 2nd Ave
882ab2cf5dfffff,20,22,Persistent Hotspot,2,10.0,32.7,ALL,All,All,18,16,2025-11-07,2025-12-04,2025-12-05,2026-01-01,42.4103285053167,-83.2108407677899,Crary/St Marys,Verne St & Biltmore St
882ab2c589fffff,32,24,Persistent Hotspot,-8,-25.0,32.4,ALL,All,All,18,16,2025-11-07,2025-12-04,2025-12-05,2026-01-01,42.3313368677451,-83.0421009226148,Downtown,Randolph St & Cadillac Sq
882ab2c605fffff,24,24,Persistent Hotspot,0,0.0,32.4,ALL,All,All,18,16,2025-11-07,2025-12-04,2025-12-05,2026-01-01,42.41182849365295,-82.9542600506487,Outer Drive-Hayes,Beaconsfield St & Courville St
882ab2c53bfffff,21,22,Persistent Hotspot,1,4.76,31.2,ALL,All,All,18,16,2025-11-07,2025-12-04,2025-12-05,2026-01-01,42.3546909528293,-83.0731579493817,Wayne State,Anthony Wayne Dr & 3rd St
882ab2c601fffff,27,23,Persistent Hotspot,-4,-14.81,31.05,ALL,All,All,18,16,2025-11-07,2025-12-04,2025-12-05,2026-01-01,42.4101998614238,-82.9421318183079,Morningside,Chandler Park Dr & Yorkshire Rd
882ab2cc67fffff,25,23,Persistent Hotspot,-2,-8.0,31.05,ALL,All,All,18,16,2025-11-07,2025-12-04,2025-12-05,2026-01-01,42.35570902059675,-83.2347281579616,Warrendale,Evergreen Rd & Joy Rd
882ab2cc2bfffff,18,20,Persistent Hotspot,2,11.11,30.0,ALL,All,All,18,16,2025-11-07,2025-12-04,2025-12-05,2026-01-01,42.3396077393422,-83.22680751775106,Warrendale,Warwick St & Whitlock St
882ab2c513fffff,25,22,Persistent Hotspot,-3,-12.0,29.7,ALL,All,All,18,16,2025-11-07,2025-12-04,2025-12-05,2026-01-01,42.3499880586953,-83.0523699915006,Medical Center,Beaubien St & Mack Ave
882ab2c60dfffff,23,22,Persistent Hotspot,-1,-4.35,29.7,ALL,All,All,18,16,2025-11-07,2025-12-04,2025-12-05,2026-01-01,42.4197410360825,-82.9462573545625,Yorkshire Woods,Nottingham Rd & Britain St
882ab2ce65fffff,42,22,Persistent Hotspot,-20,-47.62,29.7,ALL,All,All,18,16,2025-11-07,2025-12-04,2025-12-05,2026-01-01,42.4071639391402,-83.1877625171532,Bethune Community,Puritan St & Hubbell St
882ab2cc45fffff,24,21,Persistent Hotspot,-3,-12.5,28.35,ALL,All,All,18,16,2025-11-07,2025-12-04,2025-12-05,2026-01-01,42.365285439154,-83.2095166589743,Joy Community,Orangelawn St & Rutland St
882ab2cc65fffff,27,21,Persistent Hotspot,-6,-22.22,28.35,ALL,All,All,18,16,2025-11-07,2025-12-04,2025-12-05,2026-01-01,42.36292124299095,-83.238484125039,Franklin Park,W Chicago St & Heyden St
882ab2cf09fffff,22,21,Persistent Hotspot,-1,-4.55,28.35,ALL,All,All,18,16,2025-11-07,2025-12-04,2025-12-05,2026-01-01,42.4039882458279,-83.2259135822917,Rosedale Park,Grand River Ave & Glastonbury Ave
882ab2cc61fffff,18,19,Persistent Hotspot,1,5.56,27.15,ALL,All,All,18,16,2025-11-07,2025-12-04,2025-12-05,2026-01-01,42.3611596478804,-83.226246313219,Franklin Park,Artesian St & Joy Rd
882ab2c5c3fffff,29,20,Persistent Hotspot,-9,-31.03,27.0,ALL,All,All,18,16,2025-11-07,2025-12-04,2025-12-05,2026-01-01,42.3364259425427,-83.0292011368974,Lafayette Park,Saint Aubin St & E Larned St
882ab2ce55fffff,23,20,Persistent Hotspot,-3,-13.04,27.0,ALL,All,All,18,16,2025-11-07,2025-12-04,2025-12-05,2026-01-01,42.3924332084077,-83.1397130917558,Oakman Blvd Community,Kendall St & Livernois Ave
882ab2cf53fffff,25,20,Persistent Hotspot,-5,-20.0,27.0,ALL,All,All,18,16,2025-11-07,2025-12-04,2025-12-05,2026-01-01,42.393900927103,-83.2015047170285,Greenfield-Grand River,Acacia St & Forrer St
882ab2c1a3fffff,26,19,Persistent Hotspot,-7,-26.92,25.65,ALL,All,All,18,16,2025-11-07,2025-12-04,2025-12-05,2026-01-01,42.4302920458498,-83.2117228159554,Greenfield,Oakfield St & W 7 Mile Rd
882ab2c661fffff,20,19,Persistent Hotspot,-1,-5.0,25.65,ALL,All,All,18,16,2025-11-07,2025-12-04,2025-12-05,2026-01-01,42.4271921170409,-82.9627670159486,Mapleridge,Troester St & Queen St
882ab2c719fffff,27,19,Persistent Hotspot,-8,-29.63,25.65,ALL,All,All,18,16,2025-11-07,2025-12-04,2025-12-05,2026-01-01,42.4085834761448,-82.9950846370677,Gratiot-Findlay,Gunston St & Gratiot Ave
882ab2c747fffff,22,19,Persistent Hotspot,-3,-13.64,25.65,ALL,All,All,18,16,2025-11-07,2025-12-04,2025-12-05,2026-01-01,42.4340962002179,-83.0209419277825,Nortown,Van Dyke St & E 7 Mile Rd
882ab2cc01fffff,20,19,Persistent Hotspot,-1,-5.0,25.65,ALL,All,All,18,16,2025-11-07,2025-12-04,2025-12-05,2026-01-01,42.3458183863618,-83.2082445872955,Warren Ave Community,Rutland St & Majestic St
882ab2ce2dfffff,22,19,Persistent Hotspot,-3,-13.64,25.65,ALL,All,All,18,16,2025-11-07,2025-12-04,2025-12-05,2026-01-01,42.3943851869428,-83.1906048808923,Hubbell-Lyndon,Whitcomb St & Lyndon St
882ab2ce57fffff,21,19,Persistent Hotspot,-2,-9.52,25.65,ALL,All,All,18,16,2025-11-07,2025-12-04,2025-12-05,2026-01-01,42.3859734201848,-83.1339608753184,Russell Woods,Petoskey Ave & W Davison St
882ab2d5b5fffff,33,19,Persistent Hotspot,-14,-42.42,25.65,ALL,All,All,18,16,2025-11-07,2025-12-04,2025-12-05,2026-01-01,42.4456739782067,-82.9916402776304,Conner Creek,Fairport St & Bringard Dr
882ab2d5b7fffff,30,19,Persistent Hotspot,-11,-36.67,25.65,ALL,All,All,18,16,2025-11-07,2025-12-04,2025-12-05,2026-01-01,42.4383595504994,-82.9889717563696,Pulaski,E 7 Mile Rd & Schoenherr St
882ab2c527fffff,28,18,Persistent Hotspot,-10,-35.71,24.3,ALL,All,All,18,16,2025-11-07,2025-12-04,2025-12-05,2026-01-01,42.3687090022666,-83.1138186796188,Jamison,Atkinson St & Dexter Ave
882ab2c62bfffff,36,18,Persistent Hotspot,-18,-50.0,24.3,ALL,All,All,18,16,2025-11-07,2025-12-04,2025-12-05,2026-01-01,42.4065719044079,-82.9643445990192,Outer Drive-Hayes,Chalmers St & Kent St
882ab2c759fffff,18,18,Persistent Hotspot,0,0.0,24.3,ALL,All,All,18,16,2025-11-07,2025-12-04,2025-12-05,2026-01-01,42.429528610671994,-82.98540618260719,Franklin,Pelkey St & Greiner St
882ab2ce47fffff,20,18,Persistent Hotspot,-2,-10.0,24.3,ALL,All,All,18,16,2025-11-07,2025-12-04,2025-12-05,2026-01-01,42.4010902320439,-83.1543166634489,Chalfonte,Cherrylawn St & Eaton St
882ab2ce4dfffff,28,18,Persistent Hotspot,-10,-35.71,24.3,ALL,All,All,18,16,2025-11-07,2025-12-04,2025-12-05,2026-01-01,42.41713248022035,-83.1491035149803,Bagley,San Juan Dr & W McNichols Rd
882ab2ce5bfffff,18,18,Persistent Hotspot,0,0.0,24.3,ALL,All,All,18,16,2025-11-07,2025-12-04,2025-12-05,2026-01-01,42.3886209069811,-83.1151922896919,Dexter-Linwood,Fullerton St & Linwood St
882ab2ce69fffff,26,18,Persistent Hotspot,-8,-30.77,24.3,ALL,All,All,18,16,2025-11-07,2025-12-04,2025-12-05,2026-01-01,42.41199469544685,-83.1698402050922,Fitzgerald/Marygrove,Florence St & Mendota St
882ab2cf49fffff,21,18,Persistent Hotspot,-3,-14.29,24.3,ALL,All,All,18,16,2025-11-07,2025-12-04,2025-12-05,2026-01-01,42.4248549880698,-83.2179256175138,College Park,Margareta St & Lindsay St
882ab2c193fffff,18,17,Persistent Hotspot,-1,-5.56,22.95,ALL,All,All,18,16,2025-11-07,2025-12-04,2025-12-05,2026-01-01,42.4169437403662,-83.1603122492298,Schulze,W McNichols Rd & Wyoming St
882ab2c1bbfffff,18,17,Persistent Hotspot,-1,-5.56,22.95,ALL,All,All,18,16,2025-11-07,2025-12-04,2025-12-05,2026-01-01,42.4201758426176,-83.182342101538,Winship,Lesure St & W Outer Dr
882ab2c609fffff,23,17,Persistent Hotspot,-6,-26.09,22.95,ALL,All,All,18,16,2025-11-07,2025-12-04,2025-12-05,2026-01-01,42.4171371230563,-82.9366282920503,Yorkshire Woods,Harper Ave & Cadieux Rd
882ab2cc47fffff,19,17,Persistent Hotspot,-2,-10.53,22.95,ALL,All,All,18,16,2025-11-07,2025-12-04,2025-12-05,2026-01-01,42.3590625176971,-83.20396735527581,Joy Community,Mansfield St & Kramer St
882ab2cc63fffff,18,17,Persistent Hotspot,-1,-5.56,22.95,ALL,All,All,18,16,2025-11-07,2025-12-04,2025-12-05,2026-01-01,42.3540669512469,-83.2234171641304,Warrendale,Joy Rd & Greenview Ave
882ab2ce07fffff,31,17,Persistent Hotspot,-14,-45.16,22.95,ALL,All,All,18,16,2025-11-07,2025-12-04,2025-12-05,2026-01-01,42.3805794690386,-83.16476764865536,Grand River-I96,Grand River Ave & Griggs St
882ab2ce33fffff,18,17,Persistent Hotspot,-1,-5.56,22.95,ALL,All,All,18,16,2025-11-07,2025-12-04,2025-12-05,2026-01-01,42.3597662727578,-83.1641413385951,Barton-McFarland,Ellis St & Meyers Rd
882ab2c191fffff,18,16,Persistent Hotspot,-2,-11.11,21.6,ALL,All,All,18,16,2025-11-07,2025-12-04,2025-12-05,2026-01-01,42.4242003517172,-83.1649535659357,Schulze,Margareta St & Manor St
882ab2c1b9fffff,18,16,Persistent Hotspot,-2,-11.11,21.6,ALL,All,All,18,16,2025-11-07,2025-12-04,2025-12-05,2026-01-01,42.4273222133839,-83.18755904420081,Winship,Margareta St & Mark Twain St
882ab2c503fffff,30,16,Persistent Hotspot,-14,-46.67,21.6,ALL,All,All,18,16,2025-11-07,2025-12-04,2025-12-05,2026-01-01,42.3690367401692,-83.0721031760376,Milwaukee Junction,Piquette St & Brush St
882ab2c567fffff,22,16,Persistent Hotspot,-6,-27.27,21.6,ALL,All,All,18,16,2025-11-07,2025-12-04,2025-12-05,2026-01-01,42.38823565823665,-83.10464187753101,Dexter-Linwood,Woodrow Wilson St & Elmhurst St
882ab2c5c9fffff,26,16,Persistent Hotspot,-10,-38.46,21.6,ALL,All,All,18,16,2025-11-07,2025-12-04,2025-12-05,2026-01-01,42.3502542019417,-83.0302985615252,Elmwood Park,Prince Hall Dr & Chene St
882ab2cc6dfffff,19,16,Persistent Hotspot,-3,-15.79,21.6,ALL,All,All,18,16,2025-11-07,2025-12-04,2025-12-05,2026-01-01,42.3695246359902,-83.232456191969,Franklin Park,Orangelawn St & Warwick St
882ab2c501fffff,20,15,Declining Hotspot,-5,-25.0,15.0,ALL,All,All,18,16,2025-11-07,2025-12-04,2025-12-05,2026-01-01,42.3760635916825,-83.0774215036196,North End,Seward St & Virginia Park Ct
882ab2c511fffff,32,15,Declining Hotspot,-17,-53.12,15.0,ALL,All,All,18,16,2025-11-07,2025-12-04,2025-12-05,2026-01-01,42.3601854216103,-83.0590853182331,Medical Center,Brush St & E Warren Ave
882ab2c5c1fffff,22,15,Declining Hotspot,-7,-31.82,15.0,ALL,All,All,18,16,2025-11-07,2025-12-04,2025-12-05,2026-01-01,42.3423666128366,-83.0379321607677,Lafayette Park,Pembridge Pl & Saint Aubin St
882ab2cc49fffff,32,15,Declining Hotspot,-17,-53.12,15.0,ALL,All,All,18,16,2025-11-07,2025-12-04,2025-12-05,2026-01-01,42.3704358941496,-83.1899171234106,Plymouth-Hubbell,Plymouth Rd & Strathmoor St
882ab2ce1dfffff,20,15,Declining Hotspot,-5,-25.0,15.0,ALL,All,All,18,16,2025-11-07,2025-12-04,2025-12-05,2026-01-01,42.3782867594345,-83.1403815338275,Oakman Blvd Community,Cortland St & Ewald Cir
882ab2ce49fffff,19,15,Declining Hotspot,-4,-21.05,15.0,ALL,All,All,18,16,2025-11-07,2025-12-04,2025-12-05,2026-01-01,42.41475945047815,-83.1417270778599,Fitzgerald/Marygrove,Stoepel St & Florence St
882ab2d591fffff,18,15,Declining Hotspot,-3,-16.67,15.0,ALL,All,All,18,16,2025-11-07,2025-12-04,2025-12-05,2026-01-01,42.4474714071389,-82.9512884625627,Regent Park,Fairmount Dr & Cordell St
882ab2d5bbfffff,32,15,Declining Hotspot,-17,-53.12,15.0,ALL,All,All,18,16,2025-11-07,2025-12-04,2025-12-05,2026-01-01,42.4434084434849,-82.970791942545,Regent Park,Queen St & Rossini Dr
882ab2c0d1fffff,19,14,Declining Hotspot,-5,-26.32,14.0,ALL,All,All,18,16,2025-11-07,2025-12-04,2025-12-05,2026-01-01,42.4355909483518,-83.0735405934336,Pershing,Charest St & E Lantz St
882ab2ce01fffff,18,14,Declining Hotspot,-4,-22.22,14.0,ALL,All,All,18,16,2025-11-07,2025-12-04,2025-12-05,2026-01-01,42.3861909178708,-83.1560059011736,Davison-Schoolcraft,W Davison St & Kentucky St
882ab2ce45fffff,20,14,Declining Hotspot,-6,-30.0,14.0,ALL,All,All,18,16,2025-11-07,2025-12-04,2025-12-05,2026-01-01,42.40973788804895,-83.1573322674889,Fitzgerald/Marygrove,Puritan St & Northlawn St
882ab2ce53fffff,26,14,Declining Hotspot,-12,-46.15,14.0,ALL,All,All,18,16,2025-11-07,2025-12-04,2025-12-05,2026-01-01,42.385027958062,-83.12032786618616,Dexter-Linwood,Richton St & Linwood St
882ab2ce61fffff,26,14,Declining Hotspot,-12,-46.15,14.0,ALL,All,All,18,16,2025-11-07,2025-12-04,2025-12-05,2026-01-01,42.4039669003558,-83.1770453257813,Bethune Community,Schaefer Hwy & Keeler Ave
882ab2c50dfffff,19,13,Declining Hotspot,-6,-31.58,13.0,ALL,All,All,18,16,2025-11-07,2025-12-04,2025-12-05,2026-01-01,42.3828224535503,-83.07910903822636,North End,Holbrook St & Fraser Pl
882ab2c745fffff,23,13,Declining Hotspot,-10,-43.48,13.0,ALL,All,All,18,16,2025-11-07,2025-12-04,2025-12-05,2026-01-01,42.4436061204028,-83.0246669703729,Sherwood,Milbank St & Spencer St
882ab2c755fffff,18,13,Declining Hotspot,-5,-27.78,13.0,ALL,All,All,18,16,2025-11-07,2025-12-04,2025-12-05,2026-01-01,42.4252867726769,-83.0043984036163,Von Steuben,Bradford St & Sauer St
882ab2cc69fffff,23,13,Declining Hotspot,-10,-43.48,13.0,ALL,All,All,18,16,2025-11-07,2025-12-04,2025-12-05,2026-01-01,42.3673550176978,-83.22027784620084,Franklin Park,Weaver St & Rosemont Ave
882ab2ce0bfffff,19,13,Declining Hotspot,-6,-31.58,13.0,ALL,All,All,18,16,2025-11-07,2025-12-04,2025-12-05,2026-01-01,42.3864830288736,-83.14163828555306,Oakman Blvd Community,Ewald Cir & W Davison St
882ab2ce13fffff,20,13,Declining Hotspot,-7,-35.0,13.0,ALL,All,All,18,16,2025-11-07,2025-12-04,2025-12-05,2026-01-01,42.3626085651066,-83.1330107647866,Midwest,Northfield St & Joy Rd
882ab2cf03fffff,22,13,Declining Hotspot,-9,-40.91,13.0,ALL,All,All,18,16,2025-11-07,2025-12-04,2025-12-05,2026-01-01,42.3905263810478,-83.2346345537521,Brightmoor,Vaughan St & Crescent Dr
882ab2c1bdfffff,21,12,Declining Hotspot,-9,-42.86,12.0,ALL,All,All,18,16,2025-11-07,2025-12-04,2025-12-05,2026-01-01,42.430408907993,-83.1997223474086,San Bernardo,Prest St & W 7 Mile Rd
882ab2c529fffff,20,12,Declining Hotspot,-8,-40.0,12.0,ALL,All,All,18,16,2025-11-07,2025-12-04,2025-12-05,2026-01-01,42.38104713800355,-83.098032597983,Boston Edison,W Boston Blvd & N M 10 Service Drive
882ab2c535fffff,18,12,Declining Hotspot,-6,-33.33,12.0,ALL,All,All,18,16,2025-11-07,2025-12-04,2025-12-05,2026-01-01,42.3603122330898,-83.0999457306279,NW Goldberg,Linwood St & W Grand Blvd
882ab2c657fffff,24,12,Declining Hotspot,-12,-50.0,12.0,ALL,All,All,18,16,2025-11-07,2025-12-04,2025-12-05,2026-01-01,42.4083309050742,-82.9203776544084,Cornerstone Village,E Warren Ave & Lodewyck St
882ab2ca91fffff,19,12,Declining Hotspot,-7,-36.84,12.0,ALL,All,All,18,16,2025-11-07,2025-12-04,2025-12-05,2026-01-01,42.4365222139149,-83.2453426004845,Evergreen Lahser 7/8,Pembroke Ave & Kentfield St
882ab2ce59fffff,19,12,Declining Hotspot,-7,-36.84,12.0,ALL,All,All,18,16,2025-11-07,2025-12-04,2025-12-05,2026-01-01,42.3957041475136,-83.119676552736,Oakman Blvd Community,W Grand St & La Salle Blvd
882ab2cf4dfffff,20,12,Declining Hotspot,-8,-40.0,12.0,ALL,All,All,18,16,2025-11-07,2025-12-04,2025-12-05,2026-01-01,42.426720338279594,-83.2288701222653,Evergreen-Outer Drive,Stahelin Ave & W 7 Mile Rd
882ab2d597fffff,19,12,Declining Hotspot,-7,-36.84,12.0,ALL,All,All,18,16,2025-11-07,2025-12-04,2025-12-05,2026-01-01,42.4409743980614,-82.9583946901877,Regent Park,Tacoma St & Rex St
882ab2c61dfffff,20,11,Declining Hotspot,-9,-45.0,11.0,ALL,All,All,18,16,2025-11-07,2025-12-04,2025-12-05,2026-01-01,42.4013216575509,-82.9277006185038,East English Village,Harvard Rd & Waveney St
882ab2c625fffff,20,11,Declining Hotspot,-9,-45.0,11.0,ALL,All,All,18,16,2025-11-07,2025-12-04,2025-12-05,2026-01-01,42.4093221818329,-82.9841299069008,Wade,Roseberry St & Longview St
882ab2cc05fffff,23,11,Declining Hotspot,-12,-52.17,11.0,ALL,All,All,18,16,2025-11-07,2025-12-04,2025-12-05,2026-01-01,42.3434016908208,-83.2207891741072,Warrendale,Sawyer St & Greenview Ave
882ab2c1d7fffff,21,10,Declining Hotspot,-11,-52.38,10.0,ALL,All,All,18,16,2025-11-07,2025-12-04,2025-12-05,2026-01-01,42.4408096985575,-83.1610973329709,Garden Homes,Indiana St & Chippewa St
882ab2c639fffff,26,10,Declining Hotspot,-16,-61.54,10.0,ALL,All,All,18,16,2025-11-07,2025-12-04,2025-12-05,2026-01-01,42.396523205589645,-82.94466548995295,Morningside,E Warren Ave & Berkshire St
882ab2ce4bfffff,19,10,Declining Hotspot,-9,-47.37,10.0,ALL,All,All,18,16,2025-11-07,2025-12-04,2025-12-05,2026-01-01,42.4063612131365,-83.1344305332905,Pilgrim Village,Keeler Ave & Parkside St
882ab2c443fffff,18,9,Declining Hotspot,-9,-50.0,9.0,ALL,All,All,18,16,2025-11-07,2025-12-04,2025-12-05,2026-01-01,42.377743211354,-82.9799510638653,West End,Fairview St & Goethe Ave
882ab2cc6bfffff,27,9,Declining Hotspot,-18,-66.67,9.0,ALL,All,All,18,16,2025-11-07,2025-12-04,2025-12-05,2026-01-01,42.3578434353762,-83.2168902458939,Franklin Park,Joy Rd & S M 39 Service Drive
882ab2ce11fffff,19,9,Declining Hotspot,-10,-52.63,9.0,ALL,All,All,18,16,2025-11-07,2025-12-04,2025-12-05,2026-01-01,42.3701028259959,-83.1375400682051,Nardin Park,Belleterre St & Burlingame St
882ab2ce35fffff,19,9,Declining Hotspot,-10,-52.63,9.0,ALL,All,All,18,16,2025-11-07,2025-12-04,2025-12-05,2026-01-01,42.3658503442388,-83.1764897287986,Barton-McFarland,Hartwell St & W Chicago St
882ab2c751fffff,18,8,Declining Hotspot,-10,-55.56,8.0,ALL,All,All,18,16,2025-11-07,2025-12-04,2025-12-05,2026-01-01,42.4246922790897,-82.9923571074944,Von Steuben,Waltham St & Nashville St
882ab2ce3bfffff,20,8,Declining Hotspot,-12,-60.0,8.0,ALL,All,All,18,16,2025-11-07,2025-12-04,2025-12-05,2026-01-01,42.3663665113129,-83.15478517777075,Barton-McFarland,Orangelawn St & Wyoming St
882ab2c667fffff,19,7,Declining Hotspot,-12,-63.16,7.0,ALL,All,All,18,16,2025-11-07,2025-12-04,2025-12-05,2026-01-01,42.4207321984601,-82.97000355231705,Mapleridge,Jane St & Chalmers St
882ab2c1abfffff,18,6,Declining Hotspot,-12,-66.67,6.0,ALL,All,All,18,16,2025-11-07,2025-12-04,2025-12-05,2026-01-01,42.4376042559743,-83.20252022227055,Greenfield,Mansfield St & Vassar Ave
882ab2ce85fffff,18,6,Declining Hotspot,-12,-66.67,6.0,ALL,All,All,18,16,2025-11-07,2025-12-04,2025-12-05,2026-01-01,42.3338908211024,-83.1386862502404,Claytown,W I 94 Service Drive & Central St
882ab2ce3dfffff,22,5,Declining Hotspot,-17,-77.27,5.0,ALL,All,All,18,16,2025-11-07,2025-12-04,2025-12-05,2026-01-01,42.3755502420246,-83.1706008487181,Pride Area Community,Wadsworth St & Appoline
882ab2c431fffff,22,4,Declining Hotspot,-18,-81.82,4.0,ALL,All,All,18,16,2025-11-07,2025-12-04,2025-12-05,2026-01-01,42.345732473251,-83.00686044990775,Islandview,E Congress St & Meldrum St
882ab2cf5bfffff,0,3,New Hotspot,3,,7.5,02,Category Focus,Gun-Related,3,3,2025-11-07,2025-12-04,2025-12-05,2026-01-01,42.40150199439465,-83.1960751937683,Hubbell-Lyndon,Greenfield Rd & Chalfonte St
882ab2cc49fffff,3,1,Declining Hotspot,-2,-66.67,1.0,02,Category Focus,Gun-Related,3,3,2025-11-07,2025-12-04,2025-12-05,2026-01-01,42.3704358941496,-83.1899171234106,Plymouth-Hubbell,Plymouth Rd & Strathmoor St
882ab2ce3bfffff,3,0,Declining Hotspot,-3,-100.0,0.0,02,Category Focus,Gun-Related,3,3,2025-11-07,2025-12-04,2025-12-05,2026-01-01,42.3663665113129,-83.15478517777075,Barton-McFarland,Orangelawn St & Wyoming St
882ab2c589fffff,3,2,Declining Hotspot,-1,-33.33,2.0,03,Category Focus,Gun-Related,3,3,2025-11-07,2025-12-04,2025-12-05,2026-01-01,42.3313368677451,-83.0421009226148,Downtown,Randolph St & Cadillac Sq
882ab2c513fffff,3,0,Declining Hotspot,-3,-100.0,0.0,03,Category Focus,Gun-Related,3,3,2025-11-07,2025-12-04,2025-12-05,2026-01-01,42.3499880586953,-83.0523699915006,Medical Center,Beaubien St & Mack Ave
882ab2c58dfffff,4,0,Declining Hotspot,-4,-100.0,0.0,03,Category Focus,Gun-Related,3,3,2025-11-07,2025-12-04,2025-12-05,2026-01-01,42.3325162414365,-83.0493954373665,Downtown,John R St & Woodward Ave
882ab2cc93fffff,0,3,New Hotspot,3,,7.5,04,Category Focus,Gun-Related,3,3,2025-11-07,2025-12-04,2025-12-05,2026-01-01,42.2666572840668,-83.1560066412194,Boynton,S Annabelle St & Omaha St
882ab2c603fffff,0,3,New Hotspot,3,,7.5,05,Category Focus,Gun-Related,3,3,2025-11-07,2025-12-04,2025-12-05,2026-01-01,42.4029894505433,-82.9399556381637,Morningside,Audubon Rd & E Warren Ave
882ab2cc05fffff,3,0,Declining Hotspot,-3,-100.0,0.0,06,Category Focus,Gun-Related,3,3,2025-11-07,2025-12-04,2025-12-05,2026-01-01,42.3434016908208,-83.2207891741072,Warrendale,Sawyer St & Greenview Ave
882ab2cc6bfffff,5,0,Declining Hotspot,-5,-100.0,0.0,06,Category Focus,Gun-Related,3,3,2025-11-07,2025-12-04,2025-12-05,2026-01-01,42.3578434353762,-83.2168902458939,Franklin Park,Joy Rd & S M 39 Service Drive
882ab2cc6dfffff,3,0,Declining Hotspot,-3,-100.0,0.0,06,Category Focus,Gun-Related,3,3,2025-11-07,2025-12-04,2025-12-05,2026-01-01,42.3695246359902,-83.232456191969,Franklin Park,Orangelawn St & Warwick St
882ab2cf4dfffff,0,3,New Hotspot,3,,7.5,08,Category Focus,Gun-Related,3,3,2025-11-07,2025-12-04,2025-12-05,2026-01-01,42.426720338279594,-83.2288701222653,Evergreen-Outer Drive,Stahelin Ave & W 7 Mile Rd
882ab2c1a3fffff,2,4,Emerging Hotspot,2,100.0,7.0,08,Category Focus,Gun-Related,3,3,2025-11-07,2025-12-04,2025-12-05,2026-01-01,42.4302920458498,-83.2117228159554,Greenfield,Oakfield St & W 7 Mile Rd
882ab2c719fffff,0,3,New Hotspot,3,,7.5,09,Category Focus,Gun-Related,3,3,2025-11-07,2025-12-04,2025-12-05,2026-01-01,42.4085834761448,-82.9950846370677,Gratiot-Findlay,Gunston St & Gratiot Ave
882ab2c62bfffff,4,4,Persistent Hotspot,0,0.0,5.4,09,Category Focus,Gun-Related,3,3,2025-11-07,2025-12-04,2025-12-05,2026-01-01,42.4065719044079,-82.9643445990192,Outer Drive-Hayes,Chalmers St & Kent St
882ab2c621fffff,3,0,Declining Hotspot,-3,-100.0,0.0,09,Category Focus,Gun-Related,3,3,2025-11-07,2025-12-04,2025-12-05,2026-01-01,42.4075024957147,-82.9724653504497,Outer Drive-Hayes,Chalmers St & Maiden St
882ab2ce1dfffff,1,3,Emerging Hotspot,2,200.0,6.0,10,Category Focus,Gun-Related,3,3,2025-11-07,2025-12-04,2025-12-05,2026-01-01,42.3782867594345,-83.1403815338275,Oakman Blvd Community,Cortland St & Ewald Cir
882ab2c603fffff,0,3,New Hotspot,3,,7.5,ALL,Category Focus,Gun-Related,3,3,2025-11-07,2025-12-04,2025-12-05,2026-01-01,42.4029894505433,-82.9399556381637,Morningside,Audubon Rd & E Warren Ave
882ab2c719fffff,0,3,New Hotspot,3,,7.5,ALL,Category Focus,Gun-Related,3,3,2025-11-07,2025-12-04,2025-12-05,2026-01-01,42.4085834761448,-82.9950846370677,Gratiot-Findlay,Gunston St & Gratiot Ave
882ab2cc93fffff,0,3,New Hotspot,3,,7.5,ALL,Category Focus,Gun-Related,3,3,2025-11-07,2025-12-04,2025-12-05,2026-01-01,42.2666572840668,-83.1560066412194,Boynton,S Annabelle St & Omaha St
882ab2cf4dfffff,0,3,New Hotspot,3,,7.5,ALL,Category Focus,Gun-Related,3,3,2025-11-07,2025-12-04,2025-12-05,2026-01-01,42.426720338279594,-83.2288701222653,Evergreen-Outer Drive,Stahelin Ave & W 7 Mile Rd
882ab2c1a3fffff,2,4,Emerging Hotspot,2,100.0,7.0,ALL,Category Focus,Gun-Related,3,3,2025-11-07,2025-12-04,2025-12-05,2026-01-01,42.4302920458498,-83.2117228159554,Greenfield,Oakfield St & W 7 Mile Rd
882ab2ce1dfffff,1,3,Emerging Hotspot,2,200.0,6.0,ALL,Category Focus,Gun-Related,3,3,2025-11-07,2025-12-04,2025-12-05,2026-01-01,42.3782867594345,-83.1403815338275,Oakman Blvd Community,Cortland St & Ewald Cir
882ab2cf5bfffff,1,3,Emerging Hotspot,2,200.0,6.0,ALL,Category Focus,Gun-Related,3,3,2025-11-07,2025-12-04,2025-12-05,2026-01-01,42.40150199439465,-83.1960751937683,Hubbell-Lyndon,Greenfield Rd & Chalfonte St
882ab2c62bfffff,4,4,Persistent Hotspot,0,0.0,5.4,ALL,Category Focus,Gun-Related,3,3,2025-11-07,2025-12-04,2025-12-05,2026-01-01,42.4065719044079,-82.9643445990192,Outer Drive-Hayes,Chalmers St & Kent St
882ab2ce6dfffff,3,3,Persistent Hotspot,0,0.0,4.05,ALL,Category Focus,Gun-Related,3,3,2025-11-07,2025-12-04,2025-12-05,2026-01-01,42.4118076305669,-83.1797983731317,Harmony Village,Schaefer Hwy & W McNichols Rd
882ab2c589fffff,3,2,Declining Hotspot,-1,-33.33,2.0,ALL,Category Focus,Gun-Related,3,3,2025-11-07,2025-12-04,2025-12-05,2026-01-01,42.3313368677451,-83.0421009226148,Downtown,Randolph St & Cadillac Sq
882ab2ce6bfffff,3,2,Declining Hotspot,-1,-33.33,2.0,ALL,Category Focus,Gun-Related,3,3,2025-11-07,2025-12-04,2025-12-05,2026-01-01,42.4025284332423,-83.1651004313549,Bethune Community,Fenkell St & Wyoming St
882ab2cc49fffff,3,1,Declining Hotspot,-2,-66.67,1.0,ALL,Category Focus,Gun-Related,3,3,2025-11-07,2025-12-04,2025-12-05,2026-01-01,42.3704358941496,-83.1899171234106,Plymouth-Hubbell,Plymouth Rd & Strathmoor St
882ab2c513fffff,3,0,Declining Hotspot,-3,-100.0,0.0,ALL,Category Focus,Gun-Related,3,3,2025-11-07,2025-12-04,2025-12-05,2026-01-01,42.3499880586953,-83.0523699915006,Medical Center,Beaubien St & Mack Ave
882ab2c58dfffff,4,0,Declining Hotspot,-4,-100.0,0.0,ALL,Category Focus,Gun-Related,3,3,2025-11-07,2025-12-04,2025-12-05,2026-01-01,42.3325162414365,-83.0493954373665,Downtown,John R St & Woodward Ave
882ab2c601fffff,3,0,Declining Hotspot,-3,-100.0,0.0,ALL,Category Focus,Gun-Related,3,3,2025-11-07,2025-12-04,2025-12-05,2026-01-01,42.4101998614238,-82.9421318183079,Morningside,Chandler Park Dr & Yorkshire Rd
882ab2c621fffff,3,0,Declining Hotspot,-3,-100.0,0.0,ALL,Category Focus,Gun-Related,3,3,2025-11-07,2025-12-04,2025-12-05,2026-01-01,42.4075024957147,-82.9724653504497,Outer Drive-Hayes,Chalmers St & Maiden St
882ab2cc05fffff,3,0,Declining Hotspot,-3,-100.0,0.0,ALL,Category Focus,Gun-Related,3,3,2025-11-07,2025-12-04,2025-12-05,2026-01-01,42.3434016908208,-83.2207891741072,Warrendale,Sawyer St & Greenview Ave
882ab2cc6bfffff,5,0,Declining Hotspot,-5,-100.0,0.0,ALL,Category Focus,Gun-Related,3,3,2025-11-07,2025-12-04,2025-12-05,2026-01-01,42.3578434353762,-83.2168902458939,Franklin Park,Joy Rd & S M 39 Service Drive
882ab2cc6dfffff,3,0,Declining Hotspot,-3,-100.0,0.0,ALL,Category Focus,Gun-Related,3,3,2025-11-07,2025-12-04,2025-12-05,2026-01-01,42.3695246359902,-83.232456191969,Franklin Park,Orangelawn St & Warwick St
882ab2ce3bfffff,3,0,Declining Hotspot,-3,-100.0,0.0,ALL,Category Focus,Gun-Related,3,3,2025-11-07,2025-12-04,2025-12-05,2026-01-01,42.3663665113129,-83.15478517777075,Barton-McFarland,Orangelawn St & Wyoming St
882ab2cf5bfffff,0,3,New Hotspot,3,,7.5,02,Category Focus,Larceny,3,3,2025-11-07,2025-12-04,2025-12-05,2026-01-01,42.40150199439465,-83.1960751937683,Hubbell-Lyndon,Greenfield Rd & Chalfonte St
882ab2ce63fffff,1,5,Emerging Hotspot,4,400.0,11.0,02,Category Focus,Larceny,3,3,2025-11-07,2025-12-04,2025-12-05,2026-01-01,42.3999591437535,-83.17074921794016,Bethune Community,Chalfonte St & Appoline St
882ab2ce67fffff,1,4,Emerging Hotspot,3,300.0,8.5,02,Category Focus,Larceny,3,3,2025-11-07,2025-12-04,2025-12-05,2026-01-01,42.3996165391759,-83.1843121901417,Bethune Community,Ardmore St & Lyndon St
882ab2ce05fffff,1,3,Emerging Hotspot,2,200.0,6.0,02,Category Focus,Larceny,3,3,2025-11-07,2025-12-04,2025-12-05,2026-01-01,42.3882598193478,-83.1682260572062,Happy Homes,Schoolcraft St & Meyers Rd
882ab2ce2bfffff,2,3,Emerging Hotspot,1,50.0,4.5,02,Category Focus,Larceny,3,3,2025-11-07,2025-12-04,2025-12-05,2026-01-01,42.3832082862042,-83.1757081426057,Grand River-I96,Grand River Ave & Lesure St
882ab2cee1fffff,2,3,Emerging Hotspot,1,50.0,4.5,02,Category Focus,Larceny,3,3,2025-11-07,2025-12-04,2025-12-05,2026-01-01,42.3535457172177,-83.14652998379975,Midwest,Belton St & Roselawn St
882ab2cc43fffff,3,3,Persistent Hotspot,0,0.0,4.05,02,Category Focus,Larceny,3,3,2025-11-07,2025-12-04,2025-12-05,2026-01-01,42.3570481056041,-83.1935237234267,Fiskhorn,Prest St & Joy Rd
882ab2ce35fffff,4,3,Persistent Hotspot,-1,-25.0,4.05,02,Category Focus,Larceny,3,3,2025-11-07,2025-12-04,2025-12-05,2026-01-01,42.3658503442388,-83.1764897287986,Barton-McFarland,Hartwell St & W Chicago St
882ab2ce39fffff,4,3,Persistent Hotspot,-1,-25.0,4.05,02,Category Focus,Larceny,3,3,2025-11-07,2025-12-04,2025-12-05,2026-01-01,42.3735129829966,-83.1585663314181,Barton-McFarland,Plymouth Rd & Wyoming St
882ab2cc49fffff,3,2,Declining Hotspot,-1,-33.33,2.0,02,Category Focus,Larceny,3,3,2025-11-07,2025-12-04,2025-12-05,2026-01-01,42.3704358941496,-83.1899171234106,Plymouth-Hubbell,Plymouth Rd & Strathmoor St
882ab2ce65fffff,3,2,Declining Hotspot,-1,-33.33,2.0,02,Category Focus,Larceny,3,3,2025-11-07,2025-12-04,2025-12-05,2026-01-01,42.4071639391402,-83.1877625171532,Bethune Community,Puritan St & Hubbell St
882ab2ce07fffff,4,1,Declining Hotspot,-3,-75.0,1.0,02,Category Focus,Larceny,3,3,2025-11-07,2025-12-04,2025-12-05,2026-01-01,42.3805794690386,-83.16476764865536,Grand River-I96,Grand River Ave & Griggs St
882ab2ce2dfffff,3,1,Declining Hotspot,-2,-66.67,1.0,02,Category Focus,Larceny,3,3,2025-11-07,2025-12-04,2025-12-05,2026-01-01,42.3943851869428,-83.1906048808923,Hubbell-Lyndon,Whitcomb St & Lyndon St
882ab2ce3dfffff,5,1,Declining Hotspot,-4,-80.0,1.0,02,Category Focus,Larceny,3,3,2025-11-07,2025-12-04,2025-12-05,2026-01-01,42.3755502420246,-83.1706008487181,Pride Area Community,Wadsworth St & Appoline
882ab2ce6dfffff,4,1,Declining Hotspot,-3,-75.0,1.0,02,Category Focus,Larceny,3,3,2025-11-07,2025-12-04,2025-12-05,2026-01-01,42.4118076305669,-83.1797983731317,Harmony Village,Schaefer Hwy & W McNichols Rd
882ab2ceebfffff,4,1,Declining Hotspot,-3,-75.0,1.0,02,Category Focus,Larceny,3,3,2025-11-07,2025-12-04,2025-12-05,2026-01-01,42.351688005481904,-83.1367079993483,Midwest,Wetherby St & Tireman St
882ab2cc5dfffff,3,0,Declining Hotspot,-3,-100.0,0.0,02,Category Focus,Larceny,3,3,2025-11-07,2025-12-04,2025-12-05,2026-01-01,42.3536888078032,-83.1784750395891,Joy-Schaefer,Belton St & Carlin St
882ab2c539fffff,3,9,Emerging Hotspot,6,200.0,18.0,03,Category Focus,Larceny,6,8,2025-11-07,2025-12-04,2025-12-05,2026-01-01,42.3630058836639,-83.0833861200632,Elijah McCoy,W Baltimore St & 3rd St
882ab2c5ebfffff,5,10,Emerging Hotspot,5,100.0,17.5,03,Category Focus,Larceny,6,8,2025-11-07,2025-12-04,2025-12-05,2026-01-01,42.3369889568907,-83.0517817737465,Downtown,Woodward Ave & E Adams Ave
882ab2c5c7fffff,13,17,Persistent Hotspot,4,30.77,28.95,03,Category Focus,Larceny,6,8,2025-11-07,2025-12-04,2025-12-05,2026-01-01,42.3340146833249,-83.0431303273926,Greektown,Beaubien St & E Lafayette St
882ab2c5e3fffff,16,17,Persistent Hotspot,1,6.25,24.45,03,Category Focus,Larceny,6,8,2025-11-07,2025-12-04,2025-12-05,2026-01-01,42.3323027840917,-83.057812497388,Downtown,Bagley St & 3rd St
882ab2c58dfffff,18,18,Persistent Hotspot,0,0.0,24.3,03,Category Focus,Larceny,6,8,2025-11-07,2025-12-04,2025-12-05,2026-01-01,42.3325162414365,-83.0493954373665,Downtown,John R St & Woodward Ave
882ab2c5e1fffff,10,8,Persistent Hotspot,-2,-20.0,10.8,03,Category Focus,Larceny,6,8,2025-11-07,2025-12-04,2025-12-05,2026-01-01,42.3394921948913,-83.0664991055863,Midtown,Grand River Ave & S M 10
882ab2c5e9fffff,11,7,Declining Hotspot,-4,-36.36,7.0,03,Category Focus,Larceny,6,8,2025-11-07,2025-12-04,2025-12-05,2026-01-01,42.346487742123,-83.0580336249676,Midtown,Eliot St & Woodward Ave
882ab2c517fffff,13,6,Declining Hotspot,-7,-53.85,6.0,03,Category Focus,Larceny,6,8,2025-11-07,2025-12-04,2025-12-05,2026-01-01,42.3547448078777,-83.0636943175046,Midtown,W Hancock St & Woodward Ave
882ab2c503fffff,6,4,Declining Hotspot,-2,-33.33,4.0,03,Category Focus,Larceny,6,8,2025-11-07,2025-12-04,2025-12-05,2026-01-01,42.3690367401692,-83.0721031760376,Milwaukee Junction,Piquette St & Brush St
882ab2c5a5fffff,0,7,New Hotspot,7,,17.5,04,Category Focus,Larceny,3,3,2025-11-07,2025-12-04,2025-12-05,2026-01-01,42.322617530783006,-83.0892908956303,Hubbard Farms,Wolff St & Palms St
882ab2ceb3fffff,1,3,Emerging Hotspot,2,200.0,6.0,04,Category Focus,Larceny,3,3,2025-11-07,2025-12-04,2025-12-05,2026-01-01,42.3081881366621,-83.1341508430561,Springwells,W Vernor Hwy & Cabot St
882ab2ce91fffff,4,3,Persistent Hotspot,-1,-25.0,4.05,04,Category Focus,Larceny,3,3,2025-11-07,2025-12-04,2025-12-05,2026-01-01,42.3159925152635,-83.10919122344384,Central Southwest,W Vernor Hwy & Infantry St
882ab2ce99fffff,4,2,Declining Hotspot,-2,-50.0,2.0,04,Category Focus,Larceny,3,3,2025-11-07,2025-12-04,2025-12-05,2026-01-01,42.3198301345242,-83.0971541555232,Central Southwest,W Vernor Hwy & McKinstry St
882ab2cebbfffff,5,2,Declining Hotspot,-3,-60.0,2.0,04,Category Focus,Larceny,3,3,2025-11-07,2025-12-04,2025-12-05,2026-01-01,42.3128380399185,-83.12812257015175,Springwells,Carson St & Belle St
882ab21b65fffff,3,0,Declining Hotspot,-3,-100.0,0.0,04,Category Focus,Larceny,3,3,2025-11-07,2025-12-04,2025-12-05,2026-01-01,42.2980415063833,-83.1305684869206,Springwells,Distel St & Olivet St
882ab21b69fffff,3,0,Declining Hotspot,-3,-100.0,0.0,04,Category Focus,Larceny,3,3,2025-11-07,2025-12-04,2025-12-05,2026-01-01,42.305926064527895,-83.11105988951995,Central Southwest,Beard St & Lexington St
882ab2cee3fffff,3,0,Declining Hotspot,-3,-100.0,0.0,04,Category Focus,Larceny,3,3,2025-11-07,2025-12-04,2025-12-05,2026-01-01,42.3409545626732,-83.1423493034604,Claytown,Kirkwood St & Cecil St
882ab2c611fffff,0,3,New Hotspot,3,,7.5,05,Category Focus,Larceny,3,3,2025-11-07,2025-12-04,2025-12-05,2026-01-01,42.3962395252004,-82.9235129691436,Cornerstone Village,Denver St & Cadieux Rd
882ab2c603fffff,2,6,Emerging Hotspot,4,200.0,12.0,05,Category Focus,Larceny,3,3,2025-11-07,2025-12-04,2025-12-05,2026-01-01,42.4029894505433,-82.9399556381637,Morningside,Audubon Rd & E Warren Ave
882ab2c601fffff,3,2,Declining Hotspot,-1,-33.33,2.0,05,Category Focus,Larceny,3,3,2025-11-07,2025-12-04,2025-12-05,2026-01-01,42.4101998614238,-82.9421318183079,Morningside,Chandler Park Dr & Yorkshire Rd
882ab2c639fffff,3,2,Declining Hotspot,-1,-33.33,2.0,05,Category Focus,Larceny,3,3,2025-11-07,2025-12-04,2025-12-05,2026-01-01,42.396523205589645,-82.94466548995295,Morningside,E Warren Ave & Berkshire St
882ab2c657fffff,4,2,Declining Hotspot,-2,-50.0,2.0,05,Category Focus,Larceny,3,3,2025-11-07,2025-12-04,2025-12-05,2026-01-01,42.4083309050742,-82.9203776544084,Cornerstone Village,E Warren Ave & Lodewyck St
882ab2c6e7fffff,4,2,Declining Hotspot,-2,-50.0,2.0,05,Category Focus,Larceny,3,3,2025-11-07,2025-12-04,2025-12-05,2026-01-01,42.3648864821349,-82.94236310068311,Jefferson Chalmers,Newport St & Averhill Ct
882ab2c607fffff,4,0,Declining Hotspot,-4,-100.0,0.0,05,Category Focus,Larceny,3,3,2025-11-07,2025-12-04,2025-12-05,2026-01-01,42.4027898337408,-82.94904862188,Morningside,Southampton St & Somerset Ave
882ab2c609fffff,5,0,Declining Hotspot,-5,-100.0,0.0,05,Category Focus,Larceny,3,3,2025-11-07,2025-12-04,2025-12-05,2026-01-01,42.4171371230563,-82.9366282920503,Yorkshire Woods,Harper Ave & Cadieux Rd
882ab2cc47fffff,0,4,New Hotspot,4,,10.0,06,Category Focus,Larceny,3,4,2025-11-07,2025-12-04,2025-12-05,2026-01-01,42.3590625176971,-83.20396735527581,Joy Community,Mansfield St & Kramer St
882ab2cc67fffff,1,5,Emerging Hotspot,4,400.0,11.0,06,Category Focus,Larceny,3,4,2025-11-07,2025-12-04,2025-12-05,2026-01-01,42.35570902059675,-83.2347281579616,Warrendale,Evergreen Rd & Joy Rd
882ab2cc01fffff,2,5,Emerging Hotspot,3,150.0,9.5,06,Category Focus,Larceny,3,4,2025-11-07,2025-12-04,2025-12-05,2026-01-01,42.3458183863618,-83.2082445872955,Warren Ave Community,Rutland St & Majestic St
882ab2cc45fffff,2,5,Emerging Hotspot,3,150.0,9.5,06,Category Focus,Larceny,3,4,2025-11-07,2025-12-04,2025-12-05,2026-01-01,42.365285439154,-83.2095166589743,Joy Community,Orangelawn St & Rutland St
882ab2cf1bfffff,1,4,Emerging Hotspot,3,300.0,8.5,06,Category Focus,Larceny,3,4,2025-11-07,2025-12-04,2025-12-05,2026-01-01,42.3822191424378,-83.207405292497,Schoolcraft Southfield,Mettetal St & Glendale St
882ab2cc0dfffff,2,4,Emerging Hotspot,2,100.0,7.0,06,Category Focus,Larceny,3,4,2025-11-07,2025-12-04,2025-12-05,2026-01-01,42.3525705286139,-83.2113422018863,Garden View,Gardenview Cir & Memorial Ave
882ab2cc63fffff,4,4,Persistent Hotspot,0,0.0,5.4,06,Category Focus,Larceny,3,4,2025-11-07,2025-12-04,2025-12-05,2026-01-01,42.3540669512469,-83.2234171641304,Warrendale,Joy Rd & Greenview Ave
882ab2cf35fffff,3,3,Declining Hotspot,0,0.0,3.0,06,Category Focus,Larceny,3,4,2025-11-07,2025-12-04,2025-12-05,2026-01-01,42.3819326734984,-83.2583706737934,Brightmoor,Lahser Rd & Dolson St
882ab2cc61fffff,4,2,Declining Hotspot,-2,-50.0,2.0,06,Category Focus,Larceny,3,4,2025-11-07,2025-12-04,2025-12-05,2026-01-01,42.3611596478804,-83.226246313219,Franklin Park,Artesian St & Joy Rd
882ab2cc65fffff,5,1,Declining Hotspot,-4,-80.0,1.0,06,Category Focus,Larceny,3,4,2025-11-07,2025-12-04,2025-12-05,2026-01-01,42.36292124299095,-83.238484125039,Franklin Park,W Chicago St & Heyden St
882ab2cc6dfffff,3,1,Declining Hotspot,-2,-66.67,1.0,06,Category Focus,Larceny,3,4,2025-11-07,2025-12-04,2025-12-05,2026-01-01,42.3695246359902,-83.232456191969,Franklin Park,Orangelawn St & Warwick St
882ab2cd5dfffff,3,1,Declining Hotspot,-2,-66.67,1.0,06,Category Focus,Larceny,3,4,2025-11-07,2025-12-04,2025-12-05,2026-01-01,42.3667879679357,-83.263199245126,West Outer Drive,Beaverland St & Elmira St
882ab2cf07fffff,3,1,Declining Hotspot,-2,-66.67,1.0,06,Category Focus,Larceny,3,4,2025-11-07,2025-12-04,2025-12-05,2026-01-01,42.3918944379709,-83.2456623946185,Brightmoor,Pierson St & Lyndon St
882ab2cc05fffff,7,0,Declining Hotspot,-7,-100.0,0.0,06,Category Focus,Larceny,3,4,2025-11-07,2025-12-04,2025-12-05,2026-01-01,42.3434016908208,-83.2207891741072,Warrendale,Sawyer St & Greenview Ave
882ab2cc23fffff,3,0,Declining Hotspot,-3,-100.0,0.0,06,Category Focus,Larceny,3,4,2025-11-07,2025-12-04,2025-12-05,2026-01-01,42.3343331371858,-83.2337281289881,Warrendale,Dayton St & Evergreen Rd
882ab2cc6bfffff,3,0,Declining Hotspot,-3,-100.0,0.0,06,Category Focus,Larceny,3,4,2025-11-07,2025-12-04,2025-12-05,2026-01-01,42.3578434353762,-83.2168902458939,Franklin Park,Joy Rd & S M 39 Service Drive
882ab2cd49fffff,3,0,Declining Hotspot,-3,-100.0,0.0,06,Category Focus,Larceny,3,4,2025-11-07,2025-12-04,2025-12-05,2026-01-01,42.3810030180834,-83.2721412434479,Castle Rouge,Appleton St & Glendale St
882ab2c41dfffff,1,5,Emerging Hotspot,4,400.0,11.0,07,Category Focus,Larceny,3,5,2025-11-07,2025-12-04,2025-12-05,2026-01-01,42.3588179546498,-82.9826841161272,East Village,E Jefferson Ave & Pennsylvania St
882ab2c423fffff,2,5,Emerging Hotspot,3,150.0,9.5,07,Category Focus,Larceny,3,5,2025-11-07,2025-12-04,2025-12-05,2026-01-01,42.3578171530538,-83.0200190971782,McDougall-Hunt,Beaufait St & Charlevoix St
882ab2c5c9fffff,3,7,Persistent Hotspot,4,133.33,15.45,07,Category Focus,Larceny,3,5,2025-11-07,2025-12-04,2025-12-05,2026-01-01,42.3502542019417,-83.0302985615252,Elmwood Park,Prince Hall Dr & Chene St
882ab2c439fffff,12,9,Persistent Hotspot,-3,-25.0,12.15,07,Category Focus,Larceny,3,5,2025-11-07,2025-12-04,2025-12-05,2026-01-01,42.3519526429914,-82.9967383380492,West Village,E Jefferson Ave & Parker St
882ab2c403fffff,4,6,Persistent Hotspot,2,50.0,11.1,07,Category Focus,Larceny,3,5,2025-11-07,2025-12-04,2025-12-05,2026-01-01,42.3575485838906,-82.9870693400185,East Village,E Jefferson Ave & Holcomb St
882ab2c5c1fffff,8,6,Persistent Hotspot,-2,-25.0,8.1,07,Category Focus,Larceny,3,5,2025-11-07,2025-12-04,2025-12-05,2026-01-01,42.3423666128366,-83.0379321607677,Lafayette Park,Pembridge Pl & Saint Aubin St
882ab2c5c3fffff,3,4,Declining Hotspot,1,33.33,5.5,07,Category Focus,Larceny,3,5,2025-11-07,2025-12-04,2025-12-05,2026-01-01,42.3364259425427,-83.0292011368974,Lafayette Park,Saint Aubin St & E Larned St
882ab2c463fffff,3,2,Declining Hotspot,-1,-33.33,2.0,07,Category Focus,Larceny,3,5,2025-11-07,2025-12-04,2025-12-05,2026-01-01,42.3767500840111,-83.0106424237817,Gratiot-Grand,Iroquois St & E Warren Ave
882ab2c431fffff,6,1,Declining Hotspot,-5,-83.33,1.0,07,Category Focus,Larceny,3,5,2025-11-07,2025-12-04,2025-12-05,2026-01-01,42.345732473251,-83.00686044990775,Islandview,E Congress St & Meldrum St
882ab2c437fffff,3,1,Declining Hotspot,-2,-66.67,1.0,07,Category Focus,Larceny,3,5,2025-11-07,2025-12-04,2025-12-05,2026-01-01,42.34172506144085,-83.0145488213913,Rivertown,E Larned St & McDougall St
882ab2c46dfffff,3,0,Declining Hotspot,-3,-100.0,0.0,07,Category Focus,Larceny,3,5,2025-11-07,2025-12-04,2025-12-05,2026-01-01,42.3908713599402,-83.0199600887698,Airport Sub,Maxwell St & Curt St
882ab2cf0dfffff,1,4,Emerging Hotspot,3,300.0,8.5,08,Category Focus,Larceny,3,3,2025-11-07,2025-12-04,2025-12-05,2026-01-01,42.406034033514345,-83.2406317070044,Brightmoor,Pilgrim St & Vaughan St
882ab2cf41fffff,1,3,Emerging Hotspot,2,200.0,6.0,08,Category Focus,Larceny,3,3,2025-11-07,2025-12-04,2025-12-05,2026-01-01,42.418999794030796,-83.22526528240405,Evergreen-Outer Drive,Greenview Ave & W Outer Dr
882ab2c1a7fffff,2,3,Emerging Hotspot,1,50.0,4.5,08,Category Focus,Larceny,3,3,2025-11-07,2025-12-04,2025-12-05,2026-01-01,42.4335387451581,-83.2204958980592,O'Hair Park,Fenmore St & W 7 Mile Rd
882ab2ca97fffff,3,5,Persistent Hotspot,2,66.67,9.75,08,Category Focus,Larceny,3,3,2025-11-07,2025-12-04,2025-12-05,2026-01-01,42.4292679010273,-83.2534029514986,Evergreen Lahser 7/8,Lahser Rd & W 7 Mile Rd
882ab2cf09fffff,6,6,Persistent Hotspot,0,0.0,8.1,08,Category Focus,Larceny,3,3,2025-11-07,2025-12-04,2025-12-05,2026-01-01,42.4039882458279,-83.2259135822917,Rosedale Park,Grand River Ave & Glastonbury Ave
882ab2cabdfffff,3,3,Persistent Hotspot,0,0.0,4.05,08,Category Focus,Larceny,3,3,2025-11-07,2025-12-04,2025-12-05,2026-01-01,42.4378312242436,-83.2826521569125,Five Points,Pembroke Ave & Telegraph Rd
882ab2ca93fffff,3,2,Declining Hotspot,-1,-33.33,2.0,08,Category Focus,Larceny,3,3,2025-11-07,2025-12-04,2025-12-05,2026-01-01,42.4294810884543,-83.2416290872179,Holcomb Community,W 7 Mile Rd & Patton St
882ab2ca95fffff,3,2,Declining Hotspot,-1,-33.33,2.0,08,Category Focus,Larceny,3,3,2025-11-07,2025-12-04,2025-12-05,2026-01-01,42.4363672103309,-83.2585634954651,Berg-Lahser,Lahser Rd & Pembroke Ave
882ab2cf45fffff,4,2,Declining Hotspot,-2,-50.0,2.0,08,Category Focus,Larceny,3,3,2025-11-07,2025-12-04,2025-12-05,2026-01-01,42.419387568202254,-83.2383766583946,Evergreen-Outer Drive,Santa Maria St & Heyden St
882ab2cf4bfffff,3,2,Declining Hotspot,-1,-33.33,2.0,08,Category Focus,Larceny,3,3,2025-11-07,2025-12-04,2025-12-05,2026-01-01,42.4155656036928,-83.2145581138045,College Park,N M 39 & W McNichols Rd
882ab2cf53fffff,4,2,Declining Hotspot,-2,-50.0,2.0,08,Category Focus,Larceny,3,3,2025-11-07,2025-12-04,2025-12-05,2026-01-01,42.393900927103,-83.2015047170285,Greenfield-Grand River,Acacia St & Forrer St
882ab2c1b5fffff,4,1,Declining Hotspot,-3,-75.0,1.0,08,Category Focus,Larceny,3,3,2025-11-07,2025-12-04,2025-12-05,2026-01-01,42.4230381823384,-83.20823202955845,College Park,Thatcher St & Ferguson St
882ab2cab1fffff,4,1,Declining Hotspot,-3,-75.0,1.0,08,Category Focus,Larceny,3,3,2025-11-07,2025-12-04,2025-12-05,2026-01-01,42.4290006373133,-83.2777700530693,Five Points,Woodbine St & W 7 Mile Rd
882ab2cf0bfffff,3,1,Declining Hotspot,-2,-66.67,1.0,08,Category Focus,Larceny,3,3,2025-11-07,2025-12-04,2025-12-05,2026-01-01,42.39382103398785,-83.2249988543696,Rosedale Park,Greenview Rd & Lyndon St
882ab2cf61fffff,3,1,Declining Hotspot,-2,-66.67,1.0,08,Category Focus,Larceny,3,3,2025-11-07,2025-12-04,2025-12-05,2026-01-01,42.4146741898092,-83.2568507845596,Oak Grove District 1,Chapel St & W McNichols Rd
882ab2c1a5fffff,3,0,Declining Hotspot,-3,-100.0,0.0,08,Category Focus,Larceny,3,3,2025-11-07,2025-12-04,2025-12-05,2026-01-01,42.4406357147376,-83.2259087405984,O'Hair Park,Trojan St & Greenview Ave
882ab2ca91fffff,3,0,Declining Hotspot,-3,-100.0,0.0,08,Category Focus,Larceny,3,3,2025-11-07,2025-12-04,2025-12-05,2026-01-01,42.4365222139149,-83.2453426004845,Evergreen Lahser 7/8,Pembroke Ave & Kentfield St
882ab2cf49fffff,5,0,Declining Hotspot,-5,-100.0,0.0,08,Category Focus,Larceny,3,3,2025-11-07,2025-12-04,2025-12-05,2026-01-01,42.4248549880698,-83.2179256175138,College Park,Margareta St & Lindsay St
882ab2cf6bfffff,5,0,Declining Hotspot,-5,-100.0,0.0,08,Category Focus,Larceny,3,3,2025-11-07,2025-12-04,2025-12-05,2026-01-01,42.41156466965455,-83.244250479248,Holcomb Community,Grand River Ave & Patton St
882ab2c755fffff,1,5,Emerging Hotspot,4,400.0,11.0,09,Category Focus,Larceny,3,4,2025-11-07,2025-12-04,2025-12-05,2026-01-01,42.4252867726769,-83.0043984036163,Von Steuben,Bradford St & Sauer St
882ab2c663fffff,2,5,Emerging Hotspot,3,150.0,9.5,09,Category Focus,Larceny,3,4,2025-11-07,2025-12-04,2025-12-05,2026-01-01,42.4203963608699,-82.9577493746717,Denby,Grayton St & Lansdowne St
882ab2d5b3fffff,1,4,Emerging Hotspot,3,300.0,8.5,09,Category Focus,Larceny,3,4,2025-11-07,2025-12-04,2025-12-05,2026-01-01,42.4351378710972,-82.9776864504547,Franklin,Chalmers St & E 7 Mile Rd
882ab2c647fffff,4,7,Persistent Hotspot,3,75.0,13.95,09,Category Focus,Larceny,3,4,2025-11-07,2025-12-04,2025-12-05,2026-01-01,42.4244778056882,-82.9407430774162,Moross-Morang,Casino St & Somerset Ave
882ab2c759fffff,3,5,Persistent Hotspot,2,66.67,9.75,09,Category Focus,Larceny,3,4,2025-11-07,2025-12-04,2025-12-05,2026-01-01,42.429528610671994,-82.98540618260719,Franklin,Pelkey St & Greiner St
882ab2c669fffff,3,4,Persistent Hotspot,1,33.33,6.9,09,Category Focus,Larceny,3,4,2025-11-07,2025-12-04,2025-12-05,2026-01-01,42.4331934041443,-82.9549172238386,Mapleridge,Kelly Rd & Linnhurst St
882ab2c66bfffff,5,4,Persistent Hotspot,-1,-20.0,5.4,09,Category Focus,Larceny,3,4,2025-11-07,2025-12-04,2025-12-05,2026-01-01,42.42632688143855,-82.9499411616721,Moross-Morang,Lakepointe St & Morang Dr
882ab2c66dfffff,4,3,Declining Hotspot,-1,-25.0,3.0,09,Category Focus,Larceny,3,4,2025-11-07,2025-12-04,2025-12-05,2026-01-01,42.4361962904987,-82.9654131082091,Regent Park,Maddelein St & Crusade St
882ab2c719fffff,5,3,Declining Hotspot,-2,-40.0,3.0,09,Category Focus,Larceny,3,4,2025-11-07,2025-12-04,2025-12-05,2026-01-01,42.4085834761448,-82.9950846370677,Gratiot-Findlay,Gunston St & Gratiot Ave
882ab2c743fffff,3,1,Declining Hotspot,-2,-66.67,1.0,09,Category Focus,Larceny,3,4,2025-11-07,2025-12-04,2025-12-05,2026-01-01,42.4324965915188,-83.00944593149815,Mount Olivet,Beland St & Eastwood St
882ab2d5b7fffff,4,1,Declining Hotspot,-3,-75.0,1.0,09,Category Focus,Larceny,3,4,2025-11-07,2025-12-04,2025-12-05,2026-01-01,42.4383595504994,-82.9889717563696,Pulaski,E 7 Mile Rd & Schoenherr St
882ab2d5b5fffff,6,0,Declining Hotspot,-6,-100.0,0.0,09,Category Focus,Larceny,3,4,2025-11-07,2025-12-04,2025-12-05,2026-01-01,42.4456739782067,-82.9916402776304,Conner Creek,Fairport St & Bringard Dr
882ab2c521fffff,0,6,New Hotspot,6,,15.0,10,Category Focus,Larceny,4,4,2025-11-07,2025-12-04,2025-12-05,2026-01-01,42.3735223882003,-83.1050901107629,Virginia Park Community,Hazelwood St & 14th St
882ab2c527fffff,1,7,Emerging Hotspot,6,600.0,16.0,10,Category Focus,Larceny,4,4,2025-11-07,2025-12-04,2025-12-05,2026-01-01,42.3687090022666,-83.1138186796188,Jamison,Atkinson St & Dexter Ave
882ab2ce5bfffff,2,5,Emerging Hotspot,3,150.0,9.5,10,Category Focus,Larceny,4,4,2025-11-07,2025-12-04,2025-12-05,2026-01-01,42.3886209069811,-83.1151922896919,Dexter-Linwood,Fullerton St & Linwood St
882ab2c52bfffff,2,4,Emerging Hotspot,2,100.0,7.0,10,Category Focus,Larceny,4,4,2025-11-07,2025-12-04,2025-12-05,2026-01-01,42.3739808566136,-83.0944508510725,Virginia Park Community,Rosa Parks Blvd & W Euclid St
882ab2ce57fffff,3,4,Emerging Hotspot,1,33.33,5.5,10,Category Focus,Larceny,4,4,2025-11-07,2025-12-04,2025-12-05,2026-01-01,42.3859734201848,-83.1339608753184,Russell Woods,Petoskey Ave & W Davison St
882ab2c529fffff,7,9,Persistent Hotspot,2,28.57,15.15,10,Category Focus,Larceny,4,4,2025-11-07,2025-12-04,2025-12-05,2026-01-01,42.38104713800355,-83.098032597983,Boston Edison,W Boston Blvd & N M 10 Service Drive
882ab2c52dfffff,4,4,Persistent Hotspot,0,0.0,5.4,10,Category Focus,Larceny,4,4,2025-11-07,2025-12-04,2025-12-05,2026-01-01,42.3817503022529,-83.1096324868484,Dexter-Linwood,Glynn Ct & Linwood St
882ab2ce53fffff,7,4,Persistent Hotspot,-3,-42.86,5.4,10,Category Focus,Larceny,4,4,2025-11-07,2025-12-04,2025-12-05,2026-01-01,42.385027958062,-83.12032786618616,Dexter-Linwood,Richton St & Linwood St
882ab2c563fffff,4,3,Declining Hotspot,-1,-25.0,3.0,10,Category Focus,Larceny,4,4,2025-11-07,2025-12-04,2025-12-05,2026-01-01,42.3877458578609,-83.0856281508702,Boston Edison,Glynn Ct & Woodward Ave
882ab2c567fffff,4,3,Declining Hotspot,-1,-25.0,3.0,10,Category Focus,Larceny,4,4,2025-11-07,2025-12-04,2025-12-05,2026-01-01,42.38823565823665,-83.10464187753101,Dexter-Linwood,Woodrow Wilson St & Elmhurst St
882ab2c507fffff,4,2,Declining Hotspot,-2,-50.0,2.0,10,Category Focus,Larceny,4,4,2025-11-07,2025-12-04,2025-12-05,2026-01-01,42.3697335528948,-83.08170174424,Virginia Park Community,W Grand Blvd & Lincoln St
882ab2c53dfffff,5,2,Declining Hotspot,-3,-60.0,2.0,10,Category Focus,Larceny,4,4,2025-11-07,2025-12-04,2025-12-05,2026-01-01,42.364597989538,-83.0938448650044,LaSalle Gardens,W Grand Blvd & Hanover St
882ab2ce19fffff,4,2,Declining Hotspot,-2,-50.0,2.0,10,Category Focus,Larceny,4,4,2025-11-07,2025-12-04,2025-12-05,2026-01-01,42.3773213176787,-83.129380378622,Nardin Park,Humphrey St & Holmur St
882ab2ce43fffff,4,1,Declining Hotspot,-3,-75.0,1.0,10,Category Focus,Larceny,4,4,2025-11-07,2025-12-04,2025-12-05,2026-01-01,42.400394113821,-83.1412289140711,Chalfonte,Chalfonte St & Stoepel St
882ab2c767fffff,0,4,New Hotspot,4,,10.0,11,Category Focus,Larceny,3,3,2025-11-07,2025-12-04,2025-12-05,2026-01-01,42.4298909698503,-83.0501692139325,Krainz Woods,Healy St & E Hildale St
882ab2c0dbfffff,2,5,Emerging Hotspot,3,150.0,9.5,11,Category Focus,Larceny,3,3,2025-11-07,2025-12-04,2025-12-05,2026-01-01,42.4331387024329,-83.0622209405383,Farwell,Ryan Rd & E 7 Mile Rd
882ab2c08bfffff,1,3,Emerging Hotspot,2,200.0,6.0,11,Category Focus,Larceny,3,3,2025-11-07,2025-12-04,2025-12-05,2026-01-01,42.4303637318254,-83.0904361529573,Hawthorne Park,Russell St & E 7 Mile Rd
882ab2c76bfffff,2,3,Emerging Hotspot,1,50.0,4.5,11,Category Focus,Larceny,3,3,2025-11-07,2025-12-04,2025-12-05,2026-01-01,42.438658991326,-83.0306180858354,Nortown,E Lantz St & Sherwood St
882ab2c0d1fffff,4,5,Persistent Hotspot,1,25.0,8.25,11,Category Focus,Larceny,3,3,2025-11-07,2025-12-04,2025-12-05,2026-01-01,42.4355909483518,-83.0735405934336,Pershing,Charest St & E Lantz St
882ab2c723fffff,3,3,Persistent Hotspot,0,0.0,4.05,11,Category Focus,Larceny,3,3,2025-11-07,2025-12-04,2025-12-05,2026-01-01,42.4093829073195,-83.04529007973085,Buffalo Charles,Alpena St & Alpena Ave
882ab2c0ddfffff,5,2,Declining Hotspot,-3,-60.0,2.0,11,Category Focus,Larceny,3,3,2025-11-07,2025-12-04,2025-12-05,2026-01-01,42.4425478145773,-83.0763451898483,Butler,Harned St & E Outer Dr
882ab2c70dfffff,4,2,Declining Hotspot,-2,-50.0,2.0,11,Category Focus,Larceny,3,3,2025-11-07,2025-12-04,2025-12-05,2026-01-01,42.4310682433344,-83.0274669652189,Grant,E Robinwood St & Packard St
882ab2c765fffff,5,2,Declining Hotspot,-3,-60.0,2.0,11,Category Focus,Larceny,3,3,2025-11-07,2025-12-04,2025-12-05,2026-01-01,42.438224642992,-83.05449732164055,Farwell,Moenart St & E Outer Dr
882ab2c0d5fffff,4,0,Declining Hotspot,-4,-100.0,0.0,11,Category Focus,Larceny,3,3,2025-11-07,2025-12-04,2025-12-05,2026-01-01,42.4353407920037,-83.08535721004054,Nolan,Riopelle St & Emery St
882ab2c725fffff,3,0,Declining Hotspot,-3,-100.0,0.0,11,Category Focus,Larceny,3,3,2025-11-07,2025-12-04,2025-12-05,2026-01-01,42.4186787940394,-83.0636075716953,Davison,Conant St & E McNichols Rd
882ab2c727fffff,3,0,Declining Hotspot,-3,-100.0,0.0,11,Category Focus,Larceny,3,3,2025-11-07,2025-12-04,2025-12-05,2026-01-01,42.41274493243,-83.0614762772905,Campau/Banglatown,E Davison St & Conant St
882ab2c191fffff,1,4,Emerging Hotspot,3,300.0,8.5,12,Category Focus,Larceny,3,3,2025-11-07,2025-12-04,2025-12-05,2026-01-01,42.4242003517172,-83.1649535659357,Schulze,Margareta St & Manor St
882ab2c1bdfffff,2,4,Emerging Hotspot,2,100.0,7.0,12,Category Focus,Larceny,3,3,2025-11-07,2025-12-04,2025-12-05,2026-01-01,42.430408907993,-83.1997223474086,San Bernardo,Prest St & W 7 Mile Rd
882ab2c0e3fffff,1,3,Emerging Hotspot,2,200.0,6.0,12,Category Focus,Larceny,3,3,2025-11-07,2025-12-04,2025-12-05,2026-01-01,42.4393441193641,-83.1171312167726,State Fair,W State Fair St & Ralston St
882ab2c19bfffff,1,3,Emerging Hotspot,2,200.0,6.0,12,Category Focus,Larceny,3,3,2025-11-07,2025-12-04,2025-12-05,2026-01-01,42.4242861135931,-83.15337759519235,Bagley,Thatcher St & Indiana St
882ab2c0a7fffff,4,5,Persistent Hotspot,1,25.0,8.25,12,Category Focus,Larceny,3,3,2025-11-07,2025-12-04,2025-12-05,2026-01-01,42.424372661051,-83.1412534391509,University District,Pickford St & Livernois Ave
882ab2c193fffff,3,3,Persistent Hotspot,0,0.0,4.05,12,Category Focus,Larceny,3,3,2025-11-07,2025-12-04,2025-12-05,2026-01-01,42.4169437403662,-83.1603122492298,Schulze,W McNichols Rd & Wyoming St
882ab2c195fffff,6,3,Persistent Hotspot,-3,-50.0,4.05,12,Category Focus,Larceny,3,3,2025-11-07,2025-12-04,2025-12-05,2026-01-01,42.4257472140624,-83.17768700583515,Schulze,Curtis St & Steel St
882ab2ce61fffff,3,3,Persistent Hotspot,0,0.0,4.05,12,Category Focus,Larceny,3,3,2025-11-07,2025-12-04,2025-12-05,2026-01-01,42.4039669003558,-83.1770453257813,Bethune Community,Schaefer Hwy & Keeler Ave
882ab2ce69fffff,6,3,Persistent Hotspot,-3,-50.0,4.05,12,Category Focus,Larceny,3,3,2025-11-07,2025-12-04,2025-12-05,2026-01-01,42.41199469544685,-83.1698402050922,Fitzgerald/Marygrove,Florence St & Mendota St
882ab2c1d3fffff,3,2,Declining Hotspot,-1,-33.33,2.0,12,Category Focus,Larceny,3,3,2025-11-07,2025-12-04,2025-12-05,2026-01-01,42.436933621782046,-83.1507772485498,Oak Grove District 2,Roselawn St & W Outer Dr
882ab2c1dbfffff,3,2,Declining Hotspot,-1,-33.33,2.0,12,Category Focus,Larceny,3,3,2025-11-07,2025-12-04,2025-12-05,2026-01-01,42.4415084783473,-83.1418629986631,Green Acres,Livernois Ave & Chippewa St
882ab2ce49fffff,3,2,Declining Hotspot,-1,-33.33,2.0,12,Category Focus,Larceny,3,3,2025-11-07,2025-12-04,2025-12-05,2026-01-01,42.41475945047815,-83.1417270778599,Fitzgerald/Marygrove,Stoepel St & Florence St
882ab2ce4dfffff,11,2,Declining Hotspot,-9,-81.82,2.0,12,Category Focus,Larceny,3,3,2025-11-07,2025-12-04,2025-12-05,2026-01-01,42.41713248022035,-83.1491035149803,Bagley,San Juan Dr & W McNichols Rd
882ab2c0a3fffff,3,1,Declining Hotspot,-2,-66.67,1.0,12,Category Focus,Larceny,3,3,2025-11-07,2025-12-04,2025-12-05,2026-01-01,42.4192119999874,-83.1331093154573,University District,Muirland St & Santa Maria St
882ab2c0adfffff,3,1,Declining Hotspot,-2,-66.67,1.0,12,Category Focus,Larceny,3,3,2025-11-07,2025-12-04,2025-12-05,2026-01-01,42.4370310784254,-83.1416885783729,Sherwood Forest,Livernois Ave & Saint Martins Ave
882ab2c19dfffff,3,1,Declining Hotspot,-2,-66.67,1.0,12,Category Focus,Larceny,3,3,2025-11-07,2025-12-04,2025-12-05,2026-01-01,42.43306189999275,-83.1697457526532,McDowell,Meyers Rd & W 7 Mile Rd
882ab2ce41fffff,3,1,Declining Hotspot,-2,-66.67,1.0,12,Category Focus,Larceny,3,3,2025-11-07,2025-12-04,2025-12-05,2026-01-01,42.4075473870695,-83.1461042788721,Fitzgerald/Marygrove,Monica St & Keeler Ave
882ab2c0a1fffff,3,0,Declining Hotspot,-3,-100.0,0.0,12,Category Focus,Larceny,3,3,2025-11-07,2025-12-04,2025-12-05,2026-01-01,42.4244874010249,-83.1356344850369,University District,Curtis St & Fairfield St
882ab2c0b9fffff,4,0,Declining Hotspot,-4,-100.0,0.0,12,Category Focus,Larceny,3,3,2025-11-07,2025-12-04,2025-12-05,2026-01-01,42.41872966278205,-83.1063997258062,Palmer Park,John R St & W McNichols Rd
882ab2c5a5fffff,0,7,New Hotspot,7,,17.5,ALL,Category Focus,Larceny,3,3,2025-11-07,2025-12-04,2025-12-05,2026-01-01,42.322617530783006,-83.0892908956303,Hubbard Farms,Wolff St & Palms St
882ab2c521fffff,0,6,New Hotspot,6,,15.0,ALL,Category Focus,Larceny,3,3,2025-11-07,2025-12-04,2025-12-05,2026-01-01,42.3735223882003,-83.1050901107629,Virginia Park Community,Hazelwood St & 14th St
882ab2c767fffff,0,4,New Hotspot,4,,10.0,ALL,Category Focus,Larceny,3,3,2025-11-07,2025-12-04,2025-12-05,2026-01-01,42.4298909698503,-83.0501692139325,Krainz Woods,Healy St & E Hildale St
882ab2cc47fffff,0,4,New Hotspot,4,,10.0,ALL,Category Focus,Larceny,3,3,2025-11-07,2025-12-04,2025-12-05,2026-01-01,42.3590625176971,-83.20396735527581,Joy Community,Mansfield St & Kramer St
882ab2c611fffff,0,3,New Hotspot,3,,7.5,ALL,Category Focus,Larceny,3,3,2025-11-07,2025-12-04,2025-12-05,2026-01-01,42.3962395252004,-82.9235129691436,Cornerstone Village,Denver St & Cadieux Rd
882ab2c621fffff,0,3,New Hotspot,3,,7.5,ALL,Category Focus,Larceny,3,3,2025-11-07,2025-12-04,2025-12-05,2026-01-01,42.4075024957147,-82.9724653504497,Outer Drive-Hayes,Chalmers St & Maiden St
882ab2cc0bfffff,0,3,New Hotspot,3,,7.5,ALL,Category Focus,Larceny,3,3,2025-11-07,2025-12-04,2025-12-05,2026-01-01,42.3436099978665,-83.1987994265866,Warren Ave Community,Forrer St & Majestic St
882ab2cc2dfffff,0,3,New Hotspot,3,,7.5,ALL,Category Focus,Larceny,3,3,2025-11-07,2025-12-04,2025-12-05,2026-01-01,42.3503213294463,-83.2406201033814,Warrendale,Braile St & Belton Ave
882ab2cf5bfffff,0,3,New Hotspot,3,,7.5,ALL,Category Focus,Larceny,3,3,2025-11-07,2025-12-04,2025-12-05,2026-01-01,42.40150199439465,-83.1960751937683,Hubbell-Lyndon,Greenfield Rd & Chalfonte St
882ab2c527fffff,1,7,Emerging Hotspot,6,600.0,16.0,ALL,Category Focus,Larceny,3,3,2025-11-07,2025-12-04,2025-12-05,2026-01-01,42.3687090022666,-83.1138186796188,Jamison,Atkinson St & Dexter Ave
882ab2c41dfffff,1,6,Emerging Hotspot,5,500.0,13.5,ALL,Category Focus,Larceny,3,3,2025-11-07,2025-12-04,2025-12-05,2026-01-01,42.3588179546498,-82.9826841161272,East Village,E Jefferson Ave & Pennsylvania St
882ab2c603fffff,2,6,Emerging Hotspot,4,200.0,12.0,ALL,Category Focus,Larceny,3,3,2025-11-07,2025-12-04,2025-12-05,2026-01-01,42.4029894505433,-82.9399556381637,Morningside,Audubon Rd & E Warren Ave
882ab2c755fffff,1,5,Emerging Hotspot,4,400.0,11.0,ALL,Category Focus,Larceny,3,3,2025-11-07,2025-12-04,2025-12-05,2026-01-01,42.4252867726769,-83.0043984036163,Von Steuben,Bradford St & Sauer St
882ab2cc67fffff,1,5,Emerging Hotspot,4,400.0,11.0,ALL,Category Focus,Larceny,3,3,2025-11-07,2025-12-04,2025-12-05,2026-01-01,42.35570902059675,-83.2347281579616,Warrendale,Evergreen Rd & Joy Rd
882ab2ce63fffff,1,5,Emerging Hotspot,4,400.0,11.0,ALL,Category Focus,Larceny,3,3,2025-11-07,2025-12-04,2025-12-05,2026-01-01,42.3999591437535,-83.17074921794016,Bethune Community,Chalfonte St & Appoline St
882ab2c0dbfffff,2,5,Emerging Hotspot,3,150.0,9.5,ALL,Category Focus,Larceny,3,3,2025-11-07,2025-12-04,2025-12-05,2026-01-01,42.4331387024329,-83.0622209405383,Farwell,Ryan Rd & E 7 Mile Rd
882ab2c423fffff,2,5,Emerging Hotspot,3,150.0,9.5,ALL,Category Focus,Larceny,3,3,2025-11-07,2025-12-04,2025-12-05,2026-01-01,42.3578171530538,-83.0200190971782,McDougall-Hunt,Beaufait St & Charlevoix St
882ab2c663fffff,2,5,Emerging Hotspot,3,150.0,9.5,ALL,Category Focus,Larceny,3,3,2025-11-07,2025-12-04,2025-12-05,2026-01-01,42.4203963608699,-82.9577493746717,Denby,Grayton St & Lansdowne St
882ab2cc01fffff,2,5,Emerging Hotspot,3,150.0,9.5,ALL,Category Focus,Larceny,3,3,2025-11-07,2025-12-04,2025-12-05,2026-01-01,42.3458183863618,-83.2082445872955,Warren Ave Community,Rutland St & Majestic St
882ab2cc45fffff,2,5,Emerging Hotspot,3,150.0,9.5,ALL,Category Focus,Larceny,3,3,2025-11-07,2025-12-04,2025-12-05,2026-01-01,42.365285439154,-83.2095166589743,Joy Community,Orangelawn St & Rutland St
882ab2ce5bfffff,2,5,Emerging Hotspot,3,150.0,9.5,ALL,Category Focus,Larceny,3,3,2025-11-07,2025-12-04,2025-12-05,2026-01-01,42.3886209069811,-83.1151922896919,Dexter-Linwood,Fullerton St & Linwood St
882ab2c191fffff,1,4,Emerging Hotspot,3,300.0,8.5,ALL,Category Focus,Larceny,3,3,2025-11-07,2025-12-04,2025-12-05,2026-01-01,42.4242003517172,-83.1649535659357,Schulze,Margareta St & Manor St
882ab2c535fffff,1,4,Emerging Hotspot,3,300.0,8.5,ALL,Category Focus,Larceny,3,3,2025-11-07,2025-12-04,2025-12-05,2026-01-01,42.3603122330898,-83.0999457306279,NW Goldberg,Linwood St & W Grand Blvd
882ab2cc41fffff,1,4,Emerging Hotspot,3,300.0,8.5,ALL,Category Focus,Larceny,3,3,2025-11-07,2025-12-04,2025-12-05,2026-01-01,42.3634942640829,-83.197222222757,Joy Community,Greenfield Rd & W Chicago St
882ab2ce67fffff,1,4,Emerging Hotspot,3,300.0,8.5,ALL,Category Focus,Larceny,3,3,2025-11-07,2025-12-04,2025-12-05,2026-01-01,42.3996165391759,-83.1843121901417,Bethune Community,Ardmore St & Lyndon St
882ab2cf0dfffff,1,4,Emerging Hotspot,3,300.0,8.5,ALL,Category Focus,Larceny,3,3,2025-11-07,2025-12-04,2025-12-05,2026-01-01,42.406034033514345,-83.2406317070044,Brightmoor,Pilgrim St & Vaughan St
882ab2cf1bfffff,1,4,Emerging Hotspot,3,300.0,8.5,ALL,Category Focus,Larceny,3,3,2025-11-07,2025-12-04,2025-12-05,2026-01-01,42.3822191424378,-83.207405292497,Schoolcraft Southfield,Mettetal St & Glendale St
882ab2d5b3fffff,1,4,Emerging Hotspot,3,300.0,8.5,ALL,Category Focus,Larceny,3,3,2025-11-07,2025-12-04,2025-12-05,2026-01-01,42.4351378710972,-82.9776864504547,Franklin,Chalmers St & E 7 Mile Rd
882ab2c52bfffff,2,4,Emerging Hotspot,2,100.0,7.0,ALL,Category Focus,Larceny,3,3,2025-11-07,2025-12-04,2025-12-05,2026-01-01,42.3739808566136,-83.0944508510725,Virginia Park Community,Rosa Parks Blvd & W Euclid St
882ab2c5e7fffff,2,4,Emerging Hotspot,2,100.0,7.0,ALL,Category Focus,Larceny,3,3,2025-11-07,2025-12-04,2025-12-05,2026-01-01,42.332745994982,-83.07147960242806,Corktown,Cochrane St & Kaline Dr
882ab2cc0dfffff,2,4,Emerging Hotspot,2,100.0,7.0,ALL,Category Focus,Larceny,3,3,2025-11-07,2025-12-04,2025-12-05,2026-01-01,42.3525705286139,-83.2113422018863,Garden View,Gardenview Cir & Memorial Ave
882ab2c08bfffff,1,3,Emerging Hotspot,2,200.0,6.0,ALL,Category Focus,Larceny,3,3,2025-11-07,2025-12-04,2025-12-05,2026-01-01,42.4303637318254,-83.0904361529573,Hawthorne Park,Russell St & E 7 Mile Rd
882ab2c0e3fffff,1,3,Emerging Hotspot,2,200.0,6.0,ALL,Category Focus,Larceny,3,3,2025-11-07,2025-12-04,2025-12-05,2026-01-01,42.4393441193641,-83.1171312167726,State Fair,W State Fair St & Ralston St
882ab2c19bfffff,1,3,Emerging Hotspot,2,200.0,6.0,ALL,Category Focus,Larceny,3,3,2025-11-07,2025-12-04,2025-12-05,2026-01-01,42.4242861135931,-83.15337759519235,Bagley,Thatcher St & Indiana St
882ab2c1b7fffff,1,3,Emerging Hotspot,2,200.0,6.0,ALL,Category Focus,Larceny,3,3,2025-11-07,2025-12-04,2025-12-05,2026-01-01,42.415851144836296,-83.20139796128575,Crary/St Marys,Greenfield Rd & Verne St
882ab2c505fffff,1,3,Emerging Hotspot,2,200.0,6.0,ALL,Category Focus,Larceny,3,3,2025-11-07,2025-12-04,2025-12-05,2026-01-01,42.379413120139304,-83.0847668736954,Piety Hill,Hazelwood St & 2nd Ave
882ab2c525fffff,1,3,Emerging Hotspot,2,200.0,6.0,ALL,Category Focus,Larceny,3,3,2025-11-07,2025-12-04,2025-12-05,2026-01-01,42.377040420023,-83.1174128378397,Dexter-Linwood,Dexter Ave & Collingwood St
882ab2c629fffff,1,3,Emerging Hotspot,2,200.0,6.0,ALL,Category Focus,Larceny,3,3,2025-11-07,2025-12-04,2025-12-05,2026-01-01,42.4133086158442,-82.9669394617187,Outer Drive-Hayes,Promenade St & Philip St
882ab2ce05fffff,1,3,Emerging Hotspot,2,200.0,6.0,ALL,Category Focus,Larceny,3,3,2025-11-07,2025-12-04,2025-12-05,2026-01-01,42.3882598193478,-83.1682260572062,Happy Homes,Schoolcraft St & Meyers Rd
882ab2ceb3fffff,1,3,Emerging Hotspot,2,200.0,6.0,ALL,Category Focus,Larceny,3,3,2025-11-07,2025-12-04,2025-12-05,2026-01-01,42.3081881366621,-83.1341508430561,Springwells,W Vernor Hwy & Cabot St
882ab2cf41fffff,1,3,Emerging Hotspot,2,200.0,6.0,ALL,Category Focus,Larceny,3,3,2025-11-07,2025-12-04,2025-12-05,2026-01-01,42.418999794030796,-83.22526528240405,Evergreen-Outer Drive,Greenview Ave & W Outer Dr
882ab2c1a7fffff,2,3,Emerging Hotspot,1,50.0,4.5,ALL,Category Focus,Larceny,3,3,2025-11-07,2025-12-04,2025-12-05,2026-01-01,42.4335387451581,-83.2204958980592,O'Hair Park,Fenmore St & W 7 Mile Rd
882ab2c461fffff,2,3,Emerging Hotspot,1,50.0,4.5,ALL,Category Focus,Larceny,3,3,2025-11-07,2025-12-04,2025-12-05,2026-01-01,42.3832002790155,-83.0140688496528,Gratiot Town/Kettering,Gratiot Ave & Parker St
882ab2c533fffff,2,3,Emerging Hotspot,1,50.0,4.5,ALL,Category Focus,Larceny,3,3,2025-11-07,2025-12-04,2025-12-05,2026-01-01,42.3503260417057,-83.0793159167083,Woodbridge,Vermont St & W Warren Ave
882ab2c60dfffff,2,3,Emerging Hotspot,1,50.0,4.5,ALL,Category Focus,Larceny,3,3,2025-11-07,2025-12-04,2025-12-05,2026-01-01,42.4197410360825,-82.9462573545625,Yorkshire Woods,Nottingham Rd & Britain St
882ab2c76bfffff,2,3,Emerging Hotspot,1,50.0,4.5,ALL,Category Focus,Larceny,3,3,2025-11-07,2025-12-04,2025-12-05,2026-01-01,42.438658991326,-83.0306180858354,Nortown,E Lantz St & Sherwood St
882ab2cc2bfffff,2,3,Emerging Hotspot,1,50.0,4.5,ALL,Category Focus,Larceny,3,3,2025-11-07,2025-12-04,2025-12-05,2026-01-01,42.3396077393422,-83.22680751775106,Warrendale,Warwick St & Whitlock St
882ab2ce2bfffff,2,3,Emerging Hotspot,1,50.0,4.5,ALL,Category Focus,Larceny,3,3,2025-11-07,2025-12-04,2025-12-05,2026-01-01,42.3832082862042,-83.1757081426057,Grand River-I96,Grand River Ave & Lesure St
882ab2cee1fffff,2,3,Emerging Hotspot,1,50.0,4.5,ALL,Category Focus,Larceny,3,3,2025-11-07,2025-12-04,2025-12-05,2026-01-01,42.3535457172177,-83.14652998379975,Midwest,Belton St & Roselawn St
882ab2cf59fffff,2,3,Emerging Hotspot,1,50.0,4.5,ALL,Category Focus,Larceny,3,3,2025-11-07,2025-12-04,2025-12-05,2026-01-01,42.4070895343585,-83.1977446692344,Belmont,Greenfield Rd & Puritan St
882ab2d5b1fffff,2,3,Emerging Hotspot,1,50.0,4.5,ALL,Category Focus,Larceny,3,3,2025-11-07,2025-12-04,2025-12-05,2026-01-01,42.443187664534804,-82.9804529832112,Mohican Regent,Tacoma St & Hoyt St
882ab2c5c7fffff,13,17,Persistent Hotspot,4,30.77,28.95,ALL,Category Focus,Larceny,3,3,2025-11-07,2025-12-04,2025-12-05,2026-01-01,42.3340146833249,-83.0431303273926,Greektown,Beaubien St & E Lafayette St
882ab2c5e3fffff,16,17,Persistent Hotspot,1,6.25,24.45,ALL,Category Focus,Larceny,3,3,2025-11-07,2025-12-04,2025-12-05,2026-01-01,42.3323027840917,-83.057812497388,Downtown,Bagley St & 3rd St
882ab2c58dfffff,18,18,Persistent Hotspot,0,0.0,24.3,ALL,Category Focus,Larceny,3,3,2025-11-07,2025-12-04,2025-12-05,2026-01-01,42.3325162414365,-83.0493954373665,Downtown,John R St & Woodward Ave
882ab2c539fffff,3,9,Persistent Hotspot,6,200.0,21.15,ALL,Category Focus,Larceny,3,3,2025-11-07,2025-12-04,2025-12-05,2026-01-01,42.3630058836639,-83.0833861200632,Elijah McCoy,W Baltimore St & 3rd St
882ab2c5ebfffff,5,10,Persistent Hotspot,5,100.0,21.0,ALL,Category Focus,Larceny,3,3,2025-11-07,2025-12-04,2025-12-05,2026-01-01,42.3369889568907,-83.0517817737465,Downtown,Woodward Ave & E Adams Ave
882ab2c5c9fffff,3,7,Persistent Hotspot,4,133.33,15.45,ALL,Category Focus,Larceny,3,3,2025-11-07,2025-12-04,2025-12-05,2026-01-01,42.3502542019417,-83.0302985615252,Elmwood Park,Prince Hall Dr & Chene St
882ab2c529fffff,7,9,Persistent Hotspot,2,28.57,15.15,ALL,Category Focus,Larceny,3,3,2025-11-07,2025-12-04,2025-12-05,2026-01-01,42.38104713800355,-83.098032597983,Boston Edison,W Boston Blvd & N M 10 Service Drive
882ab2c647fffff,4,7,Persistent Hotspot,3,75.0,13.95,ALL,Category Focus,Larceny,3,3,2025-11-07,2025-12-04,2025-12-05,2026-01-01,42.4244778056882,-82.9407430774162,Moross-Morang,Casino St & Somerset Ave
882ab2c585fffff,3,6,Persistent Hotspot,3,100.0,12.6,ALL,Category Focus,Larceny,3,3,2025-11-07,2025-12-04,2025-12-05,2026-01-01,42.3249460395584,-83.0564648541344,West Side Industrial,6th St & Riverfront Dr
882ab2c5edfffff,5,7,Persistent Hotspot,2,40.0,12.45,ALL,Category Focus,Larceny,3,3,2025-11-07,2025-12-04,2025-12-05,2026-01-01,42.3487242716004,-83.0687031319813,Midtown,W Alexandrine St & 2nd Ave
882ab2c439fffff,12,9,Persistent Hotspot,-3,-25.0,12.15,ALL,Category Focus,Larceny,3,3,2025-11-07,2025-12-04,2025-12-05,2026-01-01,42.3519526429914,-82.9967383380492,West Village,E Jefferson Ave & Parker St
882ab2c403fffff,4,6,Persistent Hotspot,2,50.0,11.1,ALL,Category Focus,Larceny,3,3,2025-11-07,2025-12-04,2025-12-05,2026-01-01,42.3575485838906,-82.9870693400185,East Village,E Jefferson Ave & Holcomb St
882ab2c5e1fffff,10,8,Persistent Hotspot,-2,-20.0,10.8,ALL,Category Focus,Larceny,3,3,2025-11-07,2025-12-04,2025-12-05,2026-01-01,42.3394921948913,-83.0664991055863,Midtown,Grand River Ave & S M 10
882ab2c1bdfffff,3,5,Persistent Hotspot,2,66.67,9.75,ALL,Category Focus,Larceny,3,3,2025-11-07,2025-12-04,2025-12-05,2026-01-01,42.430408907993,-83.1997223474086,San Bernardo,Prest St & W 7 Mile Rd
882ab2c759fffff,3,5,Persistent Hotspot,2,66.67,9.75,ALL,Category Focus,Larceny,3,3,2025-11-07,2025-12-04,2025-12-05,2026-01-01,42.429528610671994,-82.98540618260719,Franklin,Pelkey St & Greiner St
882ab2ca97fffff,3,5,Persistent Hotspot,2,66.67,9.75,ALL,Category Focus,Larceny,3,3,2025-11-07,2025-12-04,2025-12-05,2026-01-01,42.4292679010273,-83.2534029514986,Evergreen Lahser 7/8,Lahser Rd & W 7 Mile Rd
882ab2cc43fffff,3,5,Persistent Hotspot,2,66.67,9.75,ALL,Category Focus,Larceny,3,3,2025-11-07,2025-12-04,2025-12-05,2026-01-01,42.3570481056041,-83.1935237234267,Fiskhorn,Prest St & Joy Rd
882ab2c5e9fffff,11,7,Persistent Hotspot,-4,-36.36,9.45,ALL,Category Focus,Larceny,3,3,2025-11-07,2025-12-04,2025-12-05,2026-01-01,42.346487742123,-83.0580336249676,Midtown,Eliot St & Woodward Ave
882ab2c0a7fffff,4,5,Persistent Hotspot,1,25.0,8.25,ALL,Category Focus,Larceny,3,3,2025-11-07,2025-12-04,2025-12-05,2026-01-01,42.424372661051,-83.1412534391509,University District,Pickford St & Livernois Ave
882ab2c0d1fffff,4,5,Persistent Hotspot,1,25.0,8.25,ALL,Category Focus,Larceny,3,3,2025-11-07,2025-12-04,2025-12-05,2026-01-01,42.4355909483518,-83.0735405934336,Pershing,Charest St & E Lantz St
882ab2c563fffff,4,5,Persistent Hotspot,1,25.0,8.25,ALL,Category Focus,Larceny,3,3,2025-11-07,2025-12-04,2025-12-05,2026-01-01,42.3877458578609,-83.0856281508702,Boston Edison,Glynn Ct & Woodward Ave
882ab2c517fffff,13,6,Persistent Hotspot,-7,-53.85,8.1,ALL,Category Focus,Larceny,3,3,2025-11-07,2025-12-04,2025-12-05,2026-01-01,42.3547448078777,-83.0636943175046,Midtown,W Hancock St & Woodward Ave
882ab2c5c1fffff,8,6,Persistent Hotspot,-2,-25.0,8.1,ALL,Category Focus,Larceny,3,3,2025-11-07,2025-12-04,2025-12-05,2026-01-01,42.3423666128366,-83.0379321607677,Lafayette Park,Pembridge Pl & Saint Aubin St
882ab2cf09fffff,6,6,Persistent Hotspot,0,0.0,8.1,ALL,Category Focus,Larceny,3,3,2025-11-07,2025-12-04,2025-12-05,2026-01-01,42.4039882458279,-83.2259135822917,Rosedale Park,Grand River Ave & Glastonbury Ave
882ab2c50bfffff,3,4,Persistent Hotspot,1,33.33,6.9,ALL,Category Focus,Larceny,3,3,2025-11-07,2025-12-04,2025-12-05,2026-01-01,42.37421816949815,-83.0643757158421,North End,Clay St & Cameron St
882ab2c5c3fffff,3,4,Persistent Hotspot,1,33.33,6.9,ALL,Category Focus,Larceny,3,3,2025-11-07,2025-12-04,2025-12-05,2026-01-01,42.3364259425427,-83.0292011368974,Lafayette Park,Saint Aubin St & E Larned St
882ab2c669fffff,3,4,Persistent Hotspot,1,33.33,6.9,ALL,Category Focus,Larceny,3,3,2025-11-07,2025-12-04,2025-12-05,2026-01-01,42.4331934041443,-82.9549172238386,Mapleridge,Kelly Rd & Linnhurst St
882ab2ce57fffff,3,4,Persistent Hotspot,1,33.33,6.9,ALL,Category Focus,Larceny,3,3,2025-11-07,2025-12-04,2025-12-05,2026-01-01,42.3859734201848,-83.1339608753184,Russell Woods,Petoskey Ave & W Davison St
882ab2c507fffff,9,5,Persistent Hotspot,-4,-44.44,6.75,ALL,Category Focus,Larceny,3,3,2025-11-07,2025-12-04,2025-12-05,2026-01-01,42.3697335528948,-83.08170174424,Virginia Park Community,W Grand Blvd & Lincoln St
882ab2c589fffff,5,5,Persistent Hotspot,0,0.0,6.75,ALL,Category Focus,Larceny,3,3,2025-11-07,2025-12-04,2025-12-05,2026-01-01,42.3313368677451,-83.0421009226148,Downtown,Randolph St & Cadillac Sq
882ab2c503fffff,6,4,Persistent Hotspot,-2,-33.33,5.4,ALL,Category Focus,Larceny,3,3,2025-11-07,2025-12-04,2025-12-05,2026-01-01,42.3690367401692,-83.0721031760376,Milwaukee Junction,Piquette St & Brush St
882ab2c52dfffff,4,4,Persistent Hotspot,0,0.0,5.4,ALL,Category Focus,Larceny,3,3,2025-11-07,2025-12-04,2025-12-05,2026-01-01,42.3817503022529,-83.1096324868484,Dexter-Linwood,Glynn Ct & Linwood St
882ab2c53bfffff,4,4,Persistent Hotspot,0,0.0,5.4,ALL,Category Focus,Larceny,3,3,2025-11-07,2025-12-04,2025-12-05,2026-01-01,42.3546909528293,-83.0731579493817,Wayne State,Anthony Wayne Dr & 3rd St
882ab2c53dfffff,10,4,Persistent Hotspot,-6,-60.0,5.4,ALL,Category Focus,Larceny,3,3,2025-11-07,2025-12-04,2025-12-05,2026-01-01,42.364597989538,-83.0938448650044,LaSalle Gardens,W Grand Blvd & Hanover St
882ab2c66bfffff,5,4,Persistent Hotspot,-1,-20.0,5.4,ALL,Category Focus,Larceny,3,3,2025-11-07,2025-12-04,2025-12-05,2026-01-01,42.42632688143855,-82.9499411616721,Moross-Morang,Lakepointe St & Morang Dr
882ab2cc63fffff,4,4,Persistent Hotspot,0,0.0,5.4,ALL,Category Focus,Larceny,3,3,2025-11-07,2025-12-04,2025-12-05,2026-01-01,42.3540669512469,-83.2234171641304,Warrendale,Joy Rd & Greenview Ave
882ab2ce53fffff,7,4,Persistent Hotspot,-3,-42.86,5.4,ALL,Category Focus,Larceny,3,3,2025-11-07,2025-12-04,2025-12-05,2026-01-01,42.385027958062,-83.12032786618616,Dexter-Linwood,Richton St & Linwood St
882ab2c193fffff,3,3,Persistent Hotspot,0,0.0,4.05,ALL,Category Focus,Larceny,3,3,2025-11-07,2025-12-04,2025-12-05,2026-01-01,42.4169437403662,-83.1603122492298,Schulze,W McNichols Rd & Wyoming St
882ab2c195fffff,6,3,Persistent Hotspot,-3,-50.0,4.05,ALL,Category Focus,Larceny,3,3,2025-11-07,2025-12-04,2025-12-05,2026-01-01,42.4257472140624,-83.17768700583515,Schulze,Curtis St & Steel St
882ab2c513fffff,5,3,Persistent Hotspot,-2,-40.0,4.05,ALL,Category Focus,Larceny,3,3,2025-11-07,2025-12-04,2025-12-05,2026-01-01,42.3499880586953,-83.0523699915006,Medical Center,Beaubien St & Mack Ave
882ab2c567fffff,4,3,Persistent Hotspot,-1,-25.0,4.05,ALL,Category Focus,Larceny,3,3,2025-11-07,2025-12-04,2025-12-05,2026-01-01,42.38823565823665,-83.10464187753101,Dexter-Linwood,Woodrow Wilson St & Elmhurst St
882ab2c66dfffff,4,3,Persistent Hotspot,-1,-25.0,4.05,ALL,Category Focus,Larceny,3,3,2025-11-07,2025-12-04,2025-12-05,2026-01-01,42.4361962904987,-82.9654131082091,Regent Park,Maddelein St & Crusade St
882ab2c719fffff,5,3,Persistent Hotspot,-2,-40.0,4.05,ALL,Category Focus,Larceny,3,3,2025-11-07,2025-12-04,2025-12-05,2026-01-01,42.4085834761448,-82.9950846370677,Gratiot-Findlay,Gunston St & Gratiot Ave
882ab2c723fffff,3,3,Persistent Hotspot,0,0.0,4.05,ALL,Category Focus,Larceny,3,3,2025-11-07,2025-12-04,2025-12-05,2026-01-01,42.4093829073195,-83.04529007973085,Buffalo Charles,Alpena St & Alpena Ave
882ab2cabdfffff,3,3,Persistent Hotspot,0,0.0,4.05,ALL,Category Focus,Larceny,3,3,2025-11-07,2025-12-04,2025-12-05,2026-01-01,42.4378312242436,-83.2826521569125,Five Points,Pembroke Ave & Telegraph Rd
882ab2ce35fffff,4,3,Persistent Hotspot,-1,-25.0,4.05,ALL,Category Focus,Larceny,3,3,2025-11-07,2025-12-04,2025-12-05,2026-01-01,42.3658503442388,-83.1764897287986,Barton-McFarland,Hartwell St & W Chicago St
882ab2ce39fffff,4,3,Persistent Hotspot,-1,-25.0,4.05,ALL,Category Focus,Larceny,3,3,2025-11-07,2025-12-04,2025-12-05,2026-01-01,42.3735129829966,-83.1585663314181,Barton-McFarland,Plymouth Rd & Wyoming St
882ab2ce51fffff,3,3,Persistent Hotspot,0,0.0,4.05,ALL,Category Focus,Larceny,3,3,2025-11-07,2025-12-04,2025-12-05,2026-01-01,42.3909329578329,-83.1254968552373,Dexter-Linwood,Dexter Ave & Waverly
882ab2ce61fffff,3,3,Persistent Hotspot,0,0.0,4.05,ALL,Category Focus,Larceny,3,3,2025-11-07,2025-12-04,2025-12-05,2026-01-01,42.4039669003558,-83.1770453257813,Bethune Community,Schaefer Hwy & Keeler Ave
882ab2ce69fffff,6,3,Persistent Hotspot,-3,-50.0,4.05,ALL,Category Focus,Larceny,3,3,2025-11-07,2025-12-04,2025-12-05,2026-01-01,42.41199469544685,-83.1698402050922,Fitzgerald/Marygrove,Florence St & Mendota St
882ab2ce91fffff,4,3,Persistent Hotspot,-1,-25.0,4.05,ALL,Category Focus,Larceny,3,3,2025-11-07,2025-12-04,2025-12-05,2026-01-01,42.3159925152635,-83.10919122344384,Central Southwest,W Vernor Hwy & Infantry St
882ab2cf35fffff,3,3,Persistent Hotspot,0,0.0,4.05,ALL,Category Focus,Larceny,3,3,2025-11-07,2025-12-04,2025-12-05,2026-01-01,42.3819326734984,-83.2583706737934,Brightmoor,Lahser Rd & Dolson St
882ab2c0b9fffff,4,2,Declining Hotspot,-2,-50.0,2.0,ALL,Category Focus,Larceny,3,3,2025-11-07,2025-12-04,2025-12-05,2026-01-01,42.41872966278205,-83.1063997258062,Palmer Park,John R St & W McNichols Rd
882ab2c0ddfffff,5,2,Declining Hotspot,-3,-60.0,2.0,ALL,Category Focus,Larceny,3,3,2025-11-07,2025-12-04,2025-12-05,2026-01-01,42.4425478145773,-83.0763451898483,Butler,Harned St & E Outer Dr
882ab2c1d3fffff,3,2,Declining Hotspot,-1,-33.33,2.0,ALL,Category Focus,Larceny,3,3,2025-11-07,2025-12-04,2025-12-05,2026-01-01,42.436933621782046,-83.1507772485498,Oak Grove District 2,Roselawn St & W Outer Dr
882ab2c1dbfffff,3,2,Declining Hotspot,-1,-33.33,2.0,ALL,Category Focus,Larceny,3,3,2025-11-07,2025-12-04,2025-12-05,2026-01-01,42.4415084783473,-83.1418629986631,Green Acres,Livernois Ave & Chippewa St
882ab2c463fffff,3,2,Declining Hotspot,-1,-33.33,2.0,ALL,Category Focus,Larceny,3,3,2025-11-07,2025-12-04,2025-12-05,2026-01-01,42.3767500840111,-83.0106424237817,Gratiot-Grand,Iroquois St & E Warren Ave
882ab2c601fffff,4,2,Declining Hotspot,-2,-50.0,2.0,ALL,Category Focus,Larceny,3,3,2025-11-07,2025-12-04,2025-12-05,2026-01-01,42.4101998614238,-82.9421318183079,Morningside,Chandler Park Dr & Yorkshire Rd
882ab2c62bfffff,3,2,Declining Hotspot,-1,-33.33,2.0,ALL,Category Focus,Larceny,3,3,2025-11-07,2025-12-04,2025-12-05,2026-01-01,42.4065719044079,-82.9643445990192,Outer Drive-Hayes,Chalmers St & Kent St
882ab2c639fffff,3,2,Declining Hotspot,-1,-33.33,2.0,ALL,Category Focus,Larceny,3,3,2025-11-07,2025-12-04,2025-12-05,2026-01-01,42.396523205589645,-82.94466548995295,Morningside,E Warren Ave & Berkshire St
882ab2c657fffff,4,2,Declining Hotspot,-2,-50.0,2.0,ALL,Category Focus,Larceny,3,3,2025-11-07,2025-12-04,2025-12-05,2026-01-01,42.4083309050742,-82.9203776544084,Cornerstone Village,E Warren Ave & Lodewyck St
882ab2c6e7fffff,4,2,Declining Hotspot,-2,-50.0,2.0,ALL,Category Focus,Larceny,3,3,2025-11-07,2025-12-04,2025-12-05,2026-01-01,42.3648864821349,-82.94236310068311,Jefferson Chalmers,Newport St & Averhill Ct
882ab2c70dfffff,4,2,Declining Hotspot,-2,-50.0,2.0,ALL,Category Focus,Larceny,3,3,2025-11-07,2025-12-04,2025-12-05,2026-01-01,42.4310682433344,-83.0274669652189,Grant,E Robinwood St & Packard St
882ab2c765fffff,5,2,Declining Hotspot,-3,-60.0,2.0,ALL,Category Focus,Larceny,3,3,2025-11-07,2025-12-04,2025-12-05,2026-01-01,42.438224642992,-83.05449732164055,Farwell,Moenart St & E Outer Dr
882ab2ca93fffff,3,2,Declining Hotspot,-1,-33.33,2.0,ALL,Category Focus,Larceny,3,3,2025-11-07,2025-12-04,2025-12-05,2026-01-01,42.4294810884543,-83.2416290872179,Holcomb Community,W 7 Mile Rd & Patton St
882ab2ca95fffff,3,2,Declining Hotspot,-1,-33.33,2.0,ALL,Category Focus,Larceny,3,3,2025-11-07,2025-12-04,2025-12-05,2026-01-01,42.4363672103309,-83.2585634954651,Berg-Lahser,Lahser Rd & Pembroke Ave
882ab2cc49fffff,3,2,Declining Hotspot,-1,-33.33,2.0,ALL,Category Focus,Larceny,3,3,2025-11-07,2025-12-04,2025-12-05,2026-01-01,42.3704358941496,-83.1899171234106,Plymouth-Hubbell,Plymouth Rd & Strathmoor St
882ab2cc61fffff,4,2,Declining Hotspot,-2,-50.0,2.0,ALL,Category Focus,Larceny,3,3,2025-11-07,2025-12-04,2025-12-05,2026-01-01,42.3611596478804,-83.226246313219,Franklin Park,Artesian St & Joy Rd
882ab2ce11fffff,3,2,Declining Hotspot,-1,-33.33,2.0,ALL,Category Focus,Larceny,3,3,2025-11-07,2025-12-04,2025-12-05,2026-01-01,42.3701028259959,-83.1375400682051,Nardin Park,Belleterre St & Burlingame St
882ab2ce19fffff,4,2,Declining Hotspot,-2,-50.0,2.0,ALL,Category Focus,Larceny,3,3,2025-11-07,2025-12-04,2025-12-05,2026-01-01,42.3773213176787,-83.129380378622,Nardin Park,Humphrey St & Holmur St
882ab2ce49fffff,3,2,Declining Hotspot,-1,-33.33,2.0,ALL,Category Focus,Larceny,3,3,2025-11-07,2025-12-04,2025-12-05,2026-01-01,42.41475945047815,-83.1417270778599,Fitzgerald/Marygrove,Stoepel St & Florence St
882ab2ce4dfffff,11,2,Declining Hotspot,-9,-81.82,2.0,ALL,Category Focus,Larceny,3,3,2025-11-07,2025-12-04,2025-12-05,2026-01-01,42.41713248022035,-83.1491035149803,Bagley,San Juan Dr & W McNichols Rd
882ab2ce65fffff,3,2,Declining Hotspot,-1,-33.33,2.0,ALL,Category Focus,Larceny,3,3,2025-11-07,2025-12-04,2025-12-05,2026-01-01,42.4071639391402,-83.1877625171532,Bethune Community,Puritan St & Hubbell St
882ab2ce6bfffff,3,2,Declining Hotspot,-1,-33.33,2.0,ALL,Category Focus,Larceny,3,3,2025-11-07,2025-12-04,2025-12-05,2026-01-01,42.4025284332423,-83.1651004313549,Bethune Community,Fenkell St & Wyoming St
882ab2ce99fffff,4,2,Declining Hotspot,-2,-50.0,2.0,ALL,Category Focus,Larceny,3,3,2025-11-07,2025-12-04,2025-12-05,2026-01-01,42.3198301345242,-83.0971541555232,Central Southwest,W Vernor Hwy & McKinstry St
882ab2cebbfffff,5,2,Declining Hotspot,-3,-60.0,2.0,ALL,Category Focus,Larceny,3,3,2025-11-07,2025-12-04,2025-12-05,2026-01-01,42.3128380399185,-83.12812257015175,Springwells,Carson St & Belle St
882ab2cf45fffff,4,2,Declining Hotspot,-2,-50.0,2.0,ALL,Category Focus,Larceny,3,3,2025-11-07,2025-12-04,2025-12-05,2026-01-01,42.419387568202254,-83.2383766583946,Evergreen-Outer Drive,Santa Maria St & Heyden St
882ab2cf4bfffff,3,2,Declining Hotspot,-1,-33.33,2.0,ALL,Category Focus,Larceny,3,3,2025-11-07,2025-12-04,2025-12-05,2026-01-01,42.4155656036928,-83.2145581138045,College Park,N M 39 & W McNichols Rd
882ab2cf53fffff,5,2,Declining Hotspot,-3,-60.0,2.0,ALL,Category Focus,Larceny,3,3,2025-11-07,2025-12-04,2025-12-05,2026-01-01,42.393900927103,-83.2015047170285,Greenfield-Grand River,Acacia St & Forrer St
882ab2c0a3fffff,3,1,Declining Hotspot,-2,-66.67,1.0,ALL,Category Focus,Larceny,3,3,2025-11-07,2025-12-04,2025-12-05,2026-01-01,42.4192119999874,-83.1331093154573,University District,Muirland St & Santa Maria St
882ab2c0adfffff,3,1,Declining Hotspot,-2,-66.67,1.0,ALL,Category Focus,Larceny,3,3,2025-11-07,2025-12-04,2025-12-05,2026-01-01,42.4370310784254,-83.1416885783729,Sherwood Forest,Livernois Ave & Saint Martins Ave
882ab2c0b7fffff,3,1,Declining Hotspot,-2,-66.67,1.0,ALL,Category Focus,Larceny,3,3,2025-11-07,2025-12-04,2025-12-05,2026-01-01,42.4076275055007,-83.1219076736268,Pilgrim Village,Wabash St & Pilgrim St
882ab2c19dfffff,3,1,Declining Hotspot,-2,-66.67,1.0,ALL,Category Focus,Larceny,3,3,2025-11-07,2025-12-04,2025-12-05,2026-01-01,42.43306189999275,-83.1697457526532,McDowell,Meyers Rd & W 7 Mile Rd
882ab2c1b3fffff,3,1,Declining Hotspot,-2,-66.67,1.0,ALL,Category Focus,Larceny,3,3,2025-11-07,2025-12-04,2025-12-05,2026-01-01,42.41434539280845,-83.19187635251706,Hubbell-Puritan,Robson St & W McNichols Rd
882ab2c1b5fffff,4,1,Declining Hotspot,-3,-75.0,1.0,ALL,Category Focus,Larceny,3,3,2025-11-07,2025-12-04,2025-12-05,2026-01-01,42.4230381823384,-83.20823202955845,College Park,Thatcher St & Ferguson St
882ab2c431fffff,6,1,Declining Hotspot,-5,-83.33,1.0,ALL,Category Focus,Larceny,3,3,2025-11-07,2025-12-04,2025-12-05,2026-01-01,42.345732473251,-83.00686044990775,Islandview,E Congress St & Meldrum St
882ab2c437fffff,3,1,Declining Hotspot,-2,-66.67,1.0,ALL,Category Focus,Larceny,3,3,2025-11-07,2025-12-04,2025-12-05,2026-01-01,42.34172506144085,-83.0145488213913,Rivertown,E Larned St & McDougall St
882ab2c501fffff,3,1,Declining Hotspot,-2,-66.67,1.0,ALL,Category Focus,Larceny,3,3,2025-11-07,2025-12-04,2025-12-05,2026-01-01,42.3760635916825,-83.0774215036196,North End,Seward St & Virginia Park Ct
882ab2c50dfffff,5,1,Declining Hotspot,-4,-80.0,1.0,ALL,Category Focus,Larceny,3,3,2025-11-07,2025-12-04,2025-12-05,2026-01-01,42.3828224535503,-83.07910903822636,North End,Holbrook St & Fraser Pl
882ab2c5a9fffff,3,1,Declining Hotspot,-2,-66.67,1.0,ALL,Category Focus,Larceny,3,3,2025-11-07,2025-12-04,2025-12-05,2026-01-01,42.3292267813546,-83.0695293007603,Corktown,10th St & Leverette St
882ab2c5e5fffff,3,1,Declining Hotspot,-2,-66.67,1.0,ALL,Category Focus,Larceny,3,3,2025-11-07,2025-12-04,2025-12-05,2026-01-01,42.3426634792134,-83.078000676395,Woodbridge,Grand River Ave & Avery St
882ab2c623fffff,3,1,Declining Hotspot,-2,-66.67,1.0,ALL,Category Focus,Larceny,3,3,2025-11-07,2025-12-04,2025-12-05,2026-01-01,42.4000763519574,-82.96843649080165,Chandler Park,Drexel St & Southampton St
882ab2c743fffff,3,1,Declining Hotspot,-2,-66.67,1.0,ALL,Category Focus,Larceny,3,3,2025-11-07,2025-12-04,2025-12-05,2026-01-01,42.4324965915188,-83.00944593149815,Mount Olivet,Beland St & Eastwood St
882ab2cab1fffff,4,1,Declining Hotspot,-3,-75.0,1.0,ALL,Category Focus,Larceny,3,3,2025-11-07,2025-12-04,2025-12-05,2026-01-01,42.4290006373133,-83.2777700530693,Five Points,Woodbine St & W 7 Mile Rd
882ab2cc65fffff,5,1,Declining Hotspot,-4,-80.0,1.0,ALL,Category Focus,Larceny,3,3,2025-11-07,2025-12-04,2025-12-05,2026-01-01,42.36292124299095,-83.238484125039,Franklin Park,W Chicago St & Heyden St
882ab2cc6dfffff,3,1,Declining Hotspot,-2,-66.67,1.0,ALL,Category Focus,Larceny,3,3,2025-11-07,2025-12-04,2025-12-05,2026-01-01,42.3695246359902,-83.232456191969,Franklin Park,Orangelawn St & Warwick St
882ab2cd5dfffff,3,1,Declining Hotspot,-2,-66.67,1.0,ALL,Category Focus,Larceny,3,3,2025-11-07,2025-12-04,2025-12-05,2026-01-01,42.3667879679357,-83.263199245126,West Outer Drive,Beaverland St & Elmira St
882ab2ce07fffff,4,1,Declining Hotspot,-3,-75.0,1.0,ALL,Category Focus,Larceny,3,3,2025-11-07,2025-12-04,2025-12-05,2026-01-01,42.3805794690386,-83.16476764865536,Grand River-I96,Grand River Ave & Griggs St
882ab2ce1dfffff,3,1,Declining Hotspot,-2,-66.67,1.0,ALL,Category Focus,Larceny,3,3,2025-11-07,2025-12-04,2025-12-05,2026-01-01,42.3782867594345,-83.1403815338275,Oakman Blvd Community,Cortland St & Ewald Cir
882ab2ce2dfffff,3,1,Declining Hotspot,-2,-66.67,1.0,ALL,Category Focus,Larceny,3,3,2025-11-07,2025-12-04,2025-12-05,2026-01-01,42.3943851869428,-83.1906048808923,Hubbell-Lyndon,Whitcomb St & Lyndon St
882ab2ce3dfffff,5,1,Declining Hotspot,-4,-80.0,1.0,ALL,Category Focus,Larceny,3,3,2025-11-07,2025-12-04,2025-12-05,2026-01-01,42.3755502420246,-83.1706008487181,Pride Area Community,Wadsworth St & Appoline
882ab2ce41fffff,4,1,Declining Hotspot,-3,-75.0,1.0,ALL,Category Focus,Larceny,3,3,2025-11-07,2025-12-04,2025-12-05,2026-01-01,42.4075473870695,-83.1461042788721,Fitzgerald/Marygrove,Monica St & Keeler Ave
882ab2ce43fffff,4,1,Declining Hotspot,-3,-75.0,1.0,ALL,Category Focus,Larceny,3,3,2025-11-07,2025-12-04,2025-12-05,2026-01-01,42.400394113821,-83.1412289140711,Chalfonte,Chalfonte St & Stoepel St
882ab2ce6dfffff,5,1,Declining Hotspot,-4,-80.0,1.0,ALL,Category Focus,Larceny,3,3,2025-11-07,2025-12-04,2025-12-05,2026-01-01,42.4118076305669,-83.1797983731317,Harmony Village,Schaefer Hwy & W McNichols Rd
882ab2cee3fffff,3,1,Declining Hotspot,-2,-66.67,1.0,ALL,Category Focus,Larceny,3,3,2025-11-07,2025-12-04,2025-12-05,2026-01-01,42.3409545626732,-83.1423493034604,Claytown,Kirkwood St & Cecil St
882ab2ceebfffff,4,1,Declining Hotspot,-3,-75.0,1.0,ALL,Category Focus,Larceny,3,3,2025-11-07,2025-12-04,2025-12-05,2026-01-01,42.351688005481904,-83.1367079993483,Midwest,Wetherby St & Tireman St
882ab2cf07fffff,3,1,Declining Hotspot,-2,-66.67,1.0,ALL,Category Focus,Larceny,3,3,2025-11-07,2025-12-04,2025-12-05,2026-01-01,42.3918944379709,-83.2456623946185,Brightmoor,Pierson St & Lyndon St
882ab2cf0bfffff,3,1,Declining Hotspot,-2,-66.67,1.0,ALL,Category Focus,Larceny,3,3,2025-11-07,2025-12-04,2025-12-05,2026-01-01,42.39382103398785,-83.2249988543696,Rosedale Park,Greenview Rd & Lyndon St
882ab2cf61fffff,3,1,Declining Hotspot,-2,-66.67,1.0,ALL,Category Focus,Larceny,3,3,2025-11-07,2025-12-04,2025-12-05,2026-01-01,42.4146741898092,-83.2568507845596,Oak Grove District 1,Chapel St & W McNichols Rd
882ab2d5b7fffff,4,1,Declining Hotspot,-3,-75.0,1.0,ALL,Category Focus,Larceny,3,3,2025-11-07,2025-12-04,2025-12-05,2026-01-01,42.4383595504994,-82.9889717563696,Pulaski,E 7 Mile Rd & Schoenherr St
882ab21b65fffff,3,0,Declining Hotspot,-3,-100.0,0.0,ALL,Category Focus,Larceny,3,3,2025-11-07,2025-12-04,2025-12-05,2026-01-01,42.2980415063833,-83.1305684869206,Springwells,Distel St & Olivet St
882ab21b69fffff,3,0,Declining Hotspot,-3,-100.0,0.0,ALL,Category Focus,Larceny,3,3,2025-11-07,2025-12-04,2025-12-05,2026-01-01,42.305926064527895,-83.11105988951995,Central Southwest,Beard St & Lexington St
882ab2c0a1fffff,3,0,Declining Hotspot,-3,-100.0,0.0,ALL,Category Focus,Larceny,3,3,2025-11-07,2025-12-04,2025-12-05,2026-01-01,42.4244874010249,-83.1356344850369,University District,Curtis St & Fairfield St
882ab2c0d5fffff,4,0,Declining Hotspot,-4,-100.0,0.0,ALL,Category Focus,Larceny,3,3,2025-11-07,2025-12-04,2025-12-05,2026-01-01,42.4353407920037,-83.08535721004054,Nolan,Riopelle St & Emery St
882ab2c1a5fffff,3,0,Declining Hotspot,-3,-100.0,0.0,ALL,Category Focus,Larceny,3,3,2025-11-07,2025-12-04,2025-12-05,2026-01-01,42.4406357147376,-83.2259087405984,O'Hair Park,Trojan St & Greenview Ave
882ab2c1bbfffff,3,0,Declining Hotspot,-3,-100.0,0.0,ALL,Category Focus,Larceny,3,3,2025-11-07,2025-12-04,2025-12-05,2026-01-01,42.4201758426176,-83.182342101538,Winship,Lesure St & W Outer Dr
882ab2c46dfffff,3,0,Declining Hotspot,-3,-100.0,0.0,ALL,Category Focus,Larceny,3,3,2025-11-07,2025-12-04,2025-12-05,2026-01-01,42.3908713599402,-83.0199600887698,Airport Sub,Maxwell St & Curt St
882ab2c509fffff,3,0,Declining Hotspot,-3,-100.0,0.0,ALL,Category Focus,Larceny,3,3,2025-11-07,2025-12-04,2025-12-05,2026-01-01,42.3824109890764,-83.0692291580537,North End,E Euclid St & Riopelle St
882ab2c5c5fffff,5,0,Declining Hotspot,-5,-100.0,0.0,ALL,Category Focus,Larceny,3,3,2025-11-07,2025-12-04,2025-12-05,2026-01-01,42.3446515628921,-83.0509682419891,Brush Park,Alfred St & Brush St
882ab2c607fffff,4,0,Declining Hotspot,-4,-100.0,0.0,ALL,Category Focus,Larceny,3,3,2025-11-07,2025-12-04,2025-12-05,2026-01-01,42.4027898337408,-82.94904862188,Morningside,Southampton St & Somerset Ave
882ab2c609fffff,5,0,Declining Hotspot,-5,-100.0,0.0,ALL,Category Focus,Larceny,3,3,2025-11-07,2025-12-04,2025-12-05,2026-01-01,42.4171371230563,-82.9366282920503,Yorkshire Woods,Harper Ave & Cadieux Rd
882ab2c711fffff,3,0,Declining Hotspot,-3,-100.0,0.0,ALL,Category Focus,Larceny,3,3,2025-11-07,2025-12-04,2025-12-05,2026-01-01,42.40276504743625,-83.0001593510812,Airport Sub,French Rd & Traverse St
882ab2c725fffff,3,0,Declining Hotspot,-3,-100.0,0.0,ALL,Category Focus,Larceny,3,3,2025-11-07,2025-12-04,2025-12-05,2026-01-01,42.4186787940394,-83.0636075716953,Davison,Conant St & E McNichols Rd
882ab2c727fffff,3,0,Declining Hotspot,-3,-100.0,0.0,ALL,Category Focus,Larceny,3,3,2025-11-07,2025-12-04,2025-12-05,2026-01-01,42.41274493243,-83.0614762772905,Campau/Banglatown,E Davison St & Conant St
882ab2ca91fffff,3,0,Declining Hotspot,-3,-100.0,0.0,ALL,Category Focus,Larceny,3,3,2025-11-07,2025-12-04,2025-12-05,2026-01-01,42.4365222139149,-83.2453426004845,Evergreen Lahser 7/8,Pembroke Ave & Kentfield St
882ab2cc05fffff,7,0,Declining Hotspot,-7,-100.0,0.0,ALL,Category Focus,Larceny,3,3,2025-11-07,2025-12-04,2025-12-05,2026-01-01,42.3434016908208,-83.2207891741072,Warrendale,Sawyer St & Greenview Ave
882ab2cc23fffff,3,0,Declining Hotspot,-3,-100.0,0.0,ALL,Category Focus,Larceny,3,3,2025-11-07,2025-12-04,2025-12-05,2026-01-01,42.3343331371858,-83.2337281289881,Warrendale,Dayton St & Evergreen Rd
882ab2cc5dfffff,3,0,Declining Hotspot,-3,-100.0,0.0,ALL,Category Focus,Larceny,3,3,2025-11-07,2025-12-04,2025-12-05,2026-01-01,42.3536888078032,-83.1784750395891,Joy-Schaefer,Belton St & Carlin St
882ab2cc6bfffff,3,0,Declining Hotspot,-3,-100.0,0.0,ALL,Category Focus,Larceny,3,3,2025-11-07,2025-12-04,2025-12-05,2026-01-01,42.3578434353762,-83.2168902458939,Franklin Park,Joy Rd & S M 39 Service Drive
882ab2cd49fffff,3,0,Declining Hotspot,-3,-100.0,0.0,ALL,Category Focus,Larceny,3,3,2025-11-07,2025-12-04,2025-12-05,2026-01-01,42.3810030180834,-83.2721412434479,Castle Rouge,Appleton St & Glendale St
882ab2ce4bfffff,3,0,Declining Hotspot,-3,-100.0,0.0,ALL,Category Focus,Larceny,3,3,2025-11-07,2025-12-04,2025-12-05,2026-01-01,42.4063612131365,-83.1344305332905,Pilgrim Village,Keeler Ave & Parkside St
882ab2ce55fffff,3,0,Declining Hotspot,-3,-100.0,0.0,ALL,Category Focus,Larceny,3,3,2025-11-07,2025-12-04,2025-12-05,2026-01-01,42.3924332084077,-83.1397130917558,Oakman Blvd Community,Kendall St & Livernois Ave
882ab2cedbfffff,3,0,Declining Hotspot,-3,-100.0,0.0,ALL,Category Focus,Larceny,3,3,2025-11-07,2025-12-04,2025-12-05,2026-01-01,42.3346819903025,-83.0842600935458,North Corktown,Butternut St & 18th St
882ab2cf49fffff,5,0,Declining Hotspot,-5,-100.0,0.0,ALL,Category Focus,Larceny,3,3,2025-11-07,2025-12-04,2025-12-05,2026-01-01,42.4248549880698,-83.2179256175138,College Park,Margareta St & Lindsay St
882ab2cf6bfffff,5,0,Declining Hotspot,-5,-100.0,0.0,ALL,Category Focus,Larceny,3,3,2025-11-07,2025-12-04,2025-12-05,2026-01-01,42.41156466965455,-83.244250479248,Holcomb Community,Grand River Ave & Patton St
882ab2d5b5fffff,6,0,Declining Hotspot,-6,-100.0,0.0,ALL,Category Focus,Larceny,3,3,2025-11-07,2025-12-04,2025-12-05,2026-01-01,42.4456739782067,-82.9916402776304,Conner Creek,Fairport St & Bringard Dr
882ab2ce63fffff,5,12,Emerging Hotspot,7,140.0,22.5,02,Category Focus,Property Crime,7,7,2025-11-07,2025-12-04,2025-12-05,2026-01-01,42.3999591437535,-83.17074921794016,Bethune Community,Chalfonte St & Appoline St
882ab2ce67fffff,5,8,Emerging Hotspot,3,60.0,12.5,02,Category Focus,Property Crime,7,7,2025-11-07,2025-12-04,2025-12-05,2026-01-01,42.3996165391759,-83.1843121901417,Bethune Community,Ardmore St & Lyndon St
882ab2ce2bfffff,6,7,Emerging Hotspot,1,16.67,8.5,02,Category Focus,Property Crime,7,7,2025-11-07,2025-12-04,2025-12-05,2026-01-01,42.3832082862042,-83.1757081426057,Grand River-I96,Grand River Ave & Lesure St
882ab2cc43fffff,7,8,Persistent Hotspot,1,14.29,12.3,02,Category Focus,Property Crime,7,7,2025-11-07,2025-12-04,2025-12-05,2026-01-01,42.3570481056041,-83.1935237234267,Fiskhorn,Prest St & Joy Rd
882ab2ce33fffff,12,9,Persistent Hotspot,-3,-25.0,12.15,02,Category Focus,Property Crime,7,7,2025-11-07,2025-12-04,2025-12-05,2026-01-01,42.3597662727578,-83.1641413385951,Barton-McFarland,Ellis St & Meyers Rd
882ab2cc49fffff,9,7,Persistent Hotspot,-2,-22.22,9.45,02,Category Focus,Property Crime,7,7,2025-11-07,2025-12-04,2025-12-05,2026-01-01,42.3704358941496,-83.1899171234106,Plymouth-Hubbell,Plymouth Rd & Strathmoor St
882ab2ce07fffff,13,7,Persistent Hotspot,-6,-46.15,9.45,02,Category Focus,Property Crime,7,7,2025-11-07,2025-12-04,2025-12-05,2026-01-01,42.3805794690386,-83.16476764865536,Grand River-I96,Grand River Ave & Griggs St
882ab2ce2dfffff,7,7,Persistent Hotspot,0,0.0,9.45,02,Category Focus,Property Crime,7,7,2025-11-07,2025-12-04,2025-12-05,2026-01-01,42.3943851869428,-83.1906048808923,Hubbell-Lyndon,Whitcomb St & Lyndon St
882ab2ce65fffff,10,7,Persistent Hotspot,-3,-30.0,9.45,02,Category Focus,Property Crime,7,7,2025-11-07,2025-12-04,2025-12-05,2026-01-01,42.4071639391402,-83.1877625171532,Bethune Community,Puritan St & Hubbell St
882ab2ce6dfffff,9,5,Declining Hotspot,-4,-44.44,5.0,02,Category Focus,Property Crime,7,7,2025-11-07,2025-12-04,2025-12-05,2026-01-01,42.4118076305669,-83.1797983731317,Harmony Village,Schaefer Hwy & W McNichols Rd
882ab2cee1fffff,9,4,Declining Hotspot,-5,-55.56,4.0,02,Category Focus,Property Crime,7,7,2025-11-07,2025-12-04,2025-12-05,2026-01-01,42.3535457172177,-83.14652998379975,Midwest,Belton St & Roselawn St
882ab2ce3dfffff,14,3,Declining Hotspot,-11,-78.57,3.0,02,Category Focus,Property Crime,7,7,2025-11-07,2025-12-04,2025-12-05,2026-01-01,42.3755502420246,-83.1706008487181,Pride Area Community,Wadsworth St & Appoline
882ab2cc5dfffff,9,2,Declining Hotspot,-7,-77.78,2.0,02,Category Focus,Property Crime,7,7,2025-11-07,2025-12-04,2025-12-05,2026-01-01,42.3536888078032,-83.1784750395891,Joy-Schaefer,Belton St & Carlin St
882ab2c5c7fffff,30,33,Persistent Hotspot,3,10.0,49.05,03,Category Focus,Property Crime,12,13,2025-11-07,2025-12-04,2025-12-05,2026-01-01,42.3340146833249,-83.0431303273926,Greektown,Beaubien St & E Lafayette St
882ab2c58dfffff,30,32,Persistent Hotspot,2,6.67,46.2,03,Category Focus,Property Crime,12,13,2025-11-07,2025-12-04,2025-12-05,2026-01-01,42.3325162414365,-83.0493954373665,Downtown,John R St & Woodward Ave
882ab2c5e3fffff,25,29,Persistent Hotspot,4,16.0,45.15,03,Category Focus,Property Crime,12,13,2025-11-07,2025-12-04,2025-12-05,2026-01-01,42.3323027840917,-83.057812497388,Downtown,Bagley St & 3rd St
882ab2c517fffff,24,20,Persistent Hotspot,-4,-16.67,27.0,03,Category Focus,Property Crime,12,13,2025-11-07,2025-12-04,2025-12-05,2026-01-01,42.3547448078777,-83.0636943175046,Midtown,W Hancock St & Woodward Ave
882ab2c5ebfffff,13,16,Persistent Hotspot,3,23.08,26.1,03,Category Focus,Property Crime,12,13,2025-11-07,2025-12-04,2025-12-05,2026-01-01,42.3369889568907,-83.0517817737465,Downtown,Woodward Ave & E Adams Ave
882ab2c5edfffff,14,16,Persistent Hotspot,2,14.29,24.6,03,Category Focus,Property Crime,12,13,2025-11-07,2025-12-04,2025-12-05,2026-01-01,42.3487242716004,-83.0687031319813,Midtown,W Alexandrine St & 2nd Ave
882ab2c5e1fffff,17,14,Persistent Hotspot,-3,-17.65,18.9,03,Category Focus,Property Crime,12,13,2025-11-07,2025-12-04,2025-12-05,2026-01-01,42.3394921948913,-83.0664991055863,Midtown,Grand River Ave & S M 10
882ab2c5e9fffff,22,13,Persistent Hotspot,-9,-40.91,17.55,03,Category Focus,Property Crime,12,13,2025-11-07,2025-12-04,2025-12-05,2026-01-01,42.346487742123,-83.0580336249676,Midtown,Eliot St & Woodward Ave
882ab2c5a5fffff,2,10,Emerging Hotspot,8,400.0,22.0,04,Category Focus,Property Crime,4,4,2025-11-07,2025-12-04,2025-12-05,2026-01-01,42.322617530783006,-83.0892908956303,Hubbard Farms,Wolff St & Palms St
882ab2ce87fffff,2,5,Emerging Hotspot,3,150.0,9.5,04,Category Focus,Property Crime,4,4,2025-11-07,2025-12-04,2025-12-05,2026-01-01,42.3274359728501,-83.13656198755835,Claytown,Baubee St & Saint Lawrence St
882ab21b6dfffff,2,4,Emerging Hotspot,2,100.0,7.0,04,Category Focus,Property Crime,4,4,2025-11-07,2025-12-04,2025-12-05,2026-01-01,42.3051494751125,-83.1234476758195,Springwells,Springwells St & Homer St
882ab2cc97fffff,2,4,Emerging Hotspot,2,100.0,7.0,04,Category Focus,Property Crime,4,4,2025-11-07,2025-12-04,2025-12-05,2026-01-01,42.2644199813704,-83.1658386937119,Boynton,Peters St & S Waring St
882ab2ce97fffff,2,4,Emerging Hotspot,2,100.0,7.0,04,Category Focus,Property Crime,4,4,2025-11-07,2025-12-04,2025-12-05,2026-01-01,42.309959029751,-83.1135680603791,Central Southwest,Army St & Beard St
882ab2ce9bfffff,2,4,Emerging Hotspot,2,100.0,7.0,04,Category Focus,Property Crime,4,4,2025-11-07,2025-12-04,2025-12-05,2026-01-01,42.3159060625562,-83.0989305368879,Central Southwest,Ferdinand St & Christiancy St
882ab2cebbfffff,7,14,Persistent Hotspot,7,100.0,29.4,04,Category Focus,Property Crime,4,4,2025-11-07,2025-12-04,2025-12-05,2026-01-01,42.3128380399185,-83.12812257015175,Springwells,Carson St & Belle St
882ab2cc93fffff,4,9,Persistent Hotspot,5,125.0,19.65,04,Category Focus,Property Crime,4,4,2025-11-07,2025-12-04,2025-12-05,2026-01-01,42.2666572840668,-83.1560066412194,Boynton,S Annabelle St & Omaha St
882ab2ce91fffff,7,7,Persistent Hotspot,0,0.0,9.45,04,Category Focus,Property Crime,4,4,2025-11-07,2025-12-04,2025-12-05,2026-01-01,42.3159925152635,-83.10919122344384,Central Southwest,W Vernor Hwy & Infantry St
882ab2ceb3fffff,6,6,Persistent Hotspot,0,0.0,8.1,04,Category Focus,Property Crime,4,4,2025-11-07,2025-12-04,2025-12-05,2026-01-01,42.3081881366621,-83.1341508430561,Springwells,W Vernor Hwy & Cabot St
882ab21b65fffff,4,3,Declining Hotspot,-1,-25.0,3.0,04,Category Focus,Property Crime,4,4,2025-11-07,2025-12-04,2025-12-05,2026-01-01,42.2980415063833,-83.1305684869206,Springwells,Distel St & Olivet St
882ab2ce81fffff,5,3,Declining Hotspot,-2,-40.0,3.0,04,Category Focus,Property Crime,4,4,2025-11-07,2025-12-04,2025-12-05,2026-01-01,42.3330138706291,-83.128231558375,Claytown,Braden St & Michigan Ave
882ab2ce99fffff,6,3,Declining Hotspot,-3,-50.0,3.0,04,Category Focus,Property Crime,4,4,2025-11-07,2025-12-04,2025-12-05,2026-01-01,42.3198301345242,-83.0971541555232,Central Southwest,W Vernor Hwy & McKinstry St
882ab2ce85fffff,7,2,Declining Hotspot,-5,-71.43,2.0,04,Category Focus,Property Crime,4,4,2025-11-07,2025-12-04,2025-12-05,2026-01-01,42.3338908211024,-83.1386862502404,Claytown,W I 94 Service Drive & Central St
882ab2ceabfffff,5,2,Declining Hotspot,-3,-60.0,2.0,04,Category Focus,Property Crime,4,4,2025-11-07,2025-12-04,2025-12-05,2026-01-01,42.33076611362725,-83.14650857658364,Claytown,Michigan Ave & Trenton St
882ab2ce8bfffff,4,1,Declining Hotspot,-3,-75.0,1.0,04,Category Focus,Property Crime,4,4,2025-11-07,2025-12-04,2025-12-05,2026-01-01,42.331163128617,-83.1155268312082,Chadsey Condon,Military St & Buchanan St
882ab2cee3fffff,4,1,Declining Hotspot,-3,-75.0,1.0,04,Category Focus,Property Crime,4,4,2025-11-07,2025-12-04,2025-12-05,2026-01-01,42.3409545626732,-83.1423493034604,Claytown,Kirkwood St & Cecil St
882ab21b4dfffff,4,0,Declining Hotspot,-4,-100.0,0.0,04,Category Focus,Property Crime,4,4,2025-11-07,2025-12-04,2025-12-05,2026-01-01,42.30921971743425,-83.0926092198056,Delray,W Fort St & Lansing St
882ab2c643fffff,3,7,Emerging Hotspot,4,133.33,13.0,05,Category Focus,Property Crime,8,6,2025-11-07,2025-12-04,2025-12-05,2026-01-01,42.4217086952154,-82.92813607488735,Cornerstone Village,Chester St & University Pl
882ab2c60bfffff,5,8,Emerging Hotspot,3,60.0,12.5,05,Category Focus,Property Crime,8,6,2025-11-07,2025-12-04,2025-12-05,2026-01-01,42.4071065301122,-82.9271565989737,Cornerstone Village,Guilford St & E Warren Ave
882ab2c637fffff,2,6,Emerging Hotspot,4,200.0,12.0,05,Category Focus,Property Crime,8,6,2025-11-07,2025-12-04,2025-12-05,2026-01-01,42.3848978128286,-82.96112599841726,Fox Creek,Lenox St & Mack Ave
882ab2c65dfffff,2,6,Emerging Hotspot,4,200.0,12.0,05,Category Focus,Property Crime,8,6,2025-11-07,2025-12-04,2025-12-05,2026-01-01,42.418867988292,-82.9151376719804,Cornerstone Village,Moross Rd & Chandler Park Dr
882ab2c63dfffff,7,7,Emerging Hotspot,0,0.0,7.0,05,Category Focus,Property Crime,8,6,2025-11-07,2025-12-04,2025-12-05,2026-01-01,42.3981866734714,-82.9558389011593,Chandler Park-Chalmers,Lakepointe St & E Warren Ave
882ab2c603fffff,11,18,Persistent Hotspot,7,63.64,34.8,05,Category Focus,Property Crime,8,6,2025-11-07,2025-12-04,2025-12-05,2026-01-01,42.4029894505433,-82.9399556381637,Morningside,Audubon Rd & E Warren Ave
882ab2c61dfffff,10,9,Persistent Hotspot,-1,-10.0,12.15,05,Category Focus,Property Crime,8,6,2025-11-07,2025-12-04,2025-12-05,2026-01-01,42.4013216575509,-82.9277006185038,East English Village,Harvard Rd & Waveney St
882ab2c609fffff,8,7,Persistent Hotspot,-1,-12.5,9.45,05,Category Focus,Property Crime,8,6,2025-11-07,2025-12-04,2025-12-05,2026-01-01,42.4171371230563,-82.9366282920503,Yorkshire Woods,Harper Ave & Cadieux Rd
882ab2c639fffff,16,7,Persistent Hotspot,-9,-56.25,9.45,05,Category Focus,Property Crime,8,6,2025-11-07,2025-12-04,2025-12-05,2026-01-01,42.396523205589645,-82.94466548995295,Morningside,E Warren Ave & Berkshire St
882ab2c615fffff,11,6,Persistent Hotspot,-5,-45.45,8.1,05,Category Focus,Property Crime,8,6,2025-11-07,2025-12-04,2025-12-05,2026-01-01,42.395077046472,-82.9367206866718,Morningside,Devonshire Rd & Bremen St
882ab2c601fffff,12,5,Declining Hotspot,-7,-58.33,5.0,05,Category Focus,Property Crime,8,6,2025-11-07,2025-12-04,2025-12-05,2026-01-01,42.4101998614238,-82.9421318183079,Morningside,Chandler Park Dr & Yorkshire Rd
882ab2c655fffff,8,5,Declining Hotspot,-3,-37.5,5.0,05,Category Focus,Property Crime,8,6,2025-11-07,2025-12-04,2025-12-05,2026-01-01,42.4144194973635,-82.9249145917571,Cornerstone Village,Neff Ave & Linville St
882ab2c607fffff,12,4,Declining Hotspot,-8,-66.67,4.0,05,Category Focus,Property Crime,8,6,2025-11-07,2025-12-04,2025-12-05,2026-01-01,42.4027898337408,-82.94904862188,Morningside,Southampton St & Somerset Ave
882ab2c657fffff,9,4,Declining Hotspot,-5,-55.56,4.0,05,Category Focus,Property Crime,8,6,2025-11-07,2025-12-04,2025-12-05,2026-01-01,42.4083309050742,-82.9203776544084,Cornerstone Village,E Warren Ave & Lodewyck St
882ab2c45bfffff,8,2,Declining Hotspot,-6,-75.0,2.0,05,Category Focus,Property Crime,8,6,2025-11-07,2025-12-04,2025-12-05,2026-01-01,42.3670015420734,-82.9527279065765,Jefferson Chalmers,Dickerson St & Freud St
882ab2cc2dfffff,3,10,Emerging Hotspot,7,233.33,20.5,06,Category Focus,Property Crime,7,7,2025-11-07,2025-12-04,2025-12-05,2026-01-01,42.3503213294463,-83.2406201033814,Warrendale,Braile St & Belton Ave
882ab2cf33fffff,5,9,Emerging Hotspot,4,80.0,15.0,06,Category Focus,Property Crime,7,7,2025-11-07,2025-12-04,2025-12-05,2026-01-01,42.37187235244575,-83.2412209572612,Franklin Park,Plymouth Rd & Fielding St
882ab2cc47fffff,6,9,Emerging Hotspot,3,50.0,13.5,06,Category Focus,Property Crime,7,7,2025-11-07,2025-12-04,2025-12-05,2026-01-01,42.3590625176971,-83.20396735527581,Joy Community,Mansfield St & Kramer St
882ab2cf1bfffff,3,7,Emerging Hotspot,4,133.33,13.0,06,Category Focus,Property Crime,7,7,2025-11-07,2025-12-04,2025-12-05,2026-01-01,42.3822191424378,-83.207405292497,Schoolcraft Southfield,Mettetal St & Glendale St
882ab2cc63fffff,7,11,Persistent Hotspot,4,57.14,20.85,06,Category Focus,Property Crime,7,7,2025-11-07,2025-12-04,2025-12-05,2026-01-01,42.3540669512469,-83.2234171641304,Warrendale,Joy Rd & Greenview Ave
882ab2cc67fffff,9,12,Persistent Hotspot,3,33.33,20.7,06,Category Focus,Property Crime,7,7,2025-11-07,2025-12-04,2025-12-05,2026-01-01,42.35570902059675,-83.2347281579616,Warrendale,Evergreen Rd & Joy Rd
882ab2cc01fffff,7,9,Persistent Hotspot,2,28.57,15.15,06,Category Focus,Property Crime,7,7,2025-11-07,2025-12-04,2025-12-05,2026-01-01,42.3458183863618,-83.2082445872955,Warren Ave Community,Rutland St & Majestic St
882ab2cf35fffff,7,9,Persistent Hotspot,2,28.57,15.15,06,Category Focus,Property Crime,7,7,2025-11-07,2025-12-04,2025-12-05,2026-01-01,42.3819326734984,-83.2583706737934,Brightmoor,Lahser Rd & Dolson St
882ab2cc0dfffff,7,8,Persistent Hotspot,1,14.29,12.3,06,Category Focus,Property Crime,7,7,2025-11-07,2025-12-04,2025-12-05,2026-01-01,42.3525705286139,-83.2113422018863,Garden View,Gardenview Cir & Memorial Ave
882ab2cc2bfffff,9,9,Persistent Hotspot,0,0.0,12.15,06,Category Focus,Property Crime,7,7,2025-11-07,2025-12-04,2025-12-05,2026-01-01,42.3396077393422,-83.22680751775106,Warrendale,Warwick St & Whitlock St
882ab2cc65fffff,11,8,Persistent Hotspot,-3,-27.27,10.8,06,Category Focus,Property Crime,7,7,2025-11-07,2025-12-04,2025-12-05,2026-01-01,42.36292124299095,-83.238484125039,Franklin Park,W Chicago St & Heyden St
882ab2cd49fffff,10,7,Persistent Hotspot,-3,-30.0,9.45,06,Category Focus,Property Crime,7,7,2025-11-07,2025-12-04,2025-12-05,2026-01-01,42.3810030180834,-83.2721412434479,Castle Rouge,Appleton St & Glendale St
882ab2cc45fffff,12,6,Declining Hotspot,-6,-50.0,6.0,06,Category Focus,Property Crime,7,7,2025-11-07,2025-12-04,2025-12-05,2026-01-01,42.365285439154,-83.2095166589743,Joy Community,Orangelawn St & Rutland St
882ab2cc61fffff,11,6,Declining Hotspot,-5,-45.45,6.0,06,Category Focus,Property Crime,7,7,2025-11-07,2025-12-04,2025-12-05,2026-01-01,42.3611596478804,-83.226246313219,Franklin Park,Artesian St & Joy Rd
882ab2cc69fffff,11,6,Declining Hotspot,-5,-45.45,6.0,06,Category Focus,Property Crime,7,7,2025-11-07,2025-12-04,2025-12-05,2026-01-01,42.3673550176978,-83.22027784620084,Franklin Park,Weaver St & Rosemont Ave
882ab2cd19fffff,7,6,Declining Hotspot,-1,-14.29,6.0,06,Category Focus,Property Crime,7,7,2025-11-07,2025-12-04,2025-12-05,2026-01-01,42.341771569579,-83.25865661373135,Far West Detroit,W Warren Rd & Dacosta
882ab2cc05fffff,11,3,Declining Hotspot,-8,-72.73,3.0,06,Category Focus,Property Crime,7,7,2025-11-07,2025-12-04,2025-12-05,2026-01-01,42.3434016908208,-83.2207891741072,Warrendale,Sawyer St & Greenview Ave
882ab2cc6bfffff,9,1,Declining Hotspot,-8,-88.89,1.0,06,Category Focus,Property Crime,7,7,2025-11-07,2025-12-04,2025-12-05,2026-01-01,42.3578434353762,-83.2168902458939,Franklin Park,Joy Rd & S M 39 Service Drive
882ab2c41dfffff,3,6,Emerging Hotspot,3,100.0,10.5,07,Category Focus,Property Crime,7,6,2025-11-07,2025-12-04,2025-12-05,2026-01-01,42.3588179546498,-82.9826841161272,East Village,E Jefferson Ave & Pennsylvania St
882ab2c463fffff,3,6,Emerging Hotspot,3,100.0,10.5,07,Category Focus,Property Crime,7,6,2025-11-07,2025-12-04,2025-12-05,2026-01-01,42.3767500840111,-83.0106424237817,Gratiot-Grand,Iroquois St & E Warren Ave
882ab2c423fffff,4,6,Emerging Hotspot,2,50.0,9.0,07,Category Focus,Property Crime,7,6,2025-11-07,2025-12-04,2025-12-05,2026-01-01,42.3578171530538,-83.0200190971782,McDougall-Hunt,Beaufait St & Charlevoix St
882ab2c439fffff,21,13,Persistent Hotspot,-8,-38.1,17.55,07,Category Focus,Property Crime,7,6,2025-11-07,2025-12-04,2025-12-05,2026-01-01,42.3519526429914,-82.9967383380492,West Village,E Jefferson Ave & Parker St
882ab2c5c3fffff,13,13,Persistent Hotspot,0,0.0,17.55,07,Category Focus,Property Crime,7,6,2025-11-07,2025-12-04,2025-12-05,2026-01-01,42.3364259425427,-83.0292011368974,Lafayette Park,Saint Aubin St & E Larned St
882ab2c403fffff,7,9,Persistent Hotspot,2,28.57,15.15,07,Category Focus,Property Crime,7,6,2025-11-07,2025-12-04,2025-12-05,2026-01-01,42.3575485838906,-82.9870693400185,East Village,E Jefferson Ave & Holcomb St
882ab2c5c1fffff,15,10,Persistent Hotspot,-5,-33.33,13.5,07,Category Focus,Property Crime,7,6,2025-11-07,2025-12-04,2025-12-05,2026-01-01,42.3423666128366,-83.0379321607677,Lafayette Park,Pembridge Pl & Saint Aubin St
882ab2c5c9fffff,13,8,Persistent Hotspot,-5,-38.46,10.8,07,Category Focus,Property Crime,7,6,2025-11-07,2025-12-04,2025-12-05,2026-01-01,42.3502542019417,-83.0302985615252,Elmwood Park,Prince Hall Dr & Chene St
882ab2c5cbfffff,8,8,Persistent Hotspot,0,0.0,10.8,07,Category Focus,Property Crime,7,6,2025-11-07,2025-12-04,2025-12-05,2026-01-01,42.3410176915525,-83.023266509099,Elmwood Park,E Jefferson Ave & Chene St
882ab2c461fffff,7,5,Declining Hotspot,-2,-28.57,5.0,07,Category Focus,Property Crime,7,6,2025-11-07,2025-12-04,2025-12-05,2026-01-01,42.3832002790155,-83.0140688496528,Gratiot Town/Kettering,Gratiot Ave & Parker St
882ab2c431fffff,15,2,Declining Hotspot,-13,-86.67,2.0,07,Category Focus,Property Crime,7,6,2025-11-07,2025-12-04,2025-12-05,2026-01-01,42.345732473251,-83.00686044990775,Islandview,E Congress St & Meldrum St
882ab2cf61fffff,6,11,Emerging Hotspot,5,83.33,18.5,08,Category Focus,Property Crime,8,8,2025-11-07,2025-12-04,2025-12-05,2026-01-01,42.4146741898092,-83.2568507845596,Oak Grove District 1,Chapel St & W McNichols Rd
882ab2ca97fffff,4,9,Emerging Hotspot,5,125.0,16.5,08,Category Focus,Property Crime,8,8,2025-11-07,2025-12-04,2025-12-05,2026-01-01,42.4292679010273,-83.2534029514986,Evergreen Lahser 7/8,Lahser Rd & W 7 Mile Rd
882ab2cf0dfffff,3,8,Emerging Hotspot,5,166.67,15.5,08,Category Focus,Property Crime,8,8,2025-11-07,2025-12-04,2025-12-05,2026-01-01,42.406034033514345,-83.2406317070044,Brightmoor,Pilgrim St & Vaughan St
882ab2ca95fffff,7,8,Emerging Hotspot,1,14.29,9.5,08,Category Focus,Property Crime,8,8,2025-11-07,2025-12-04,2025-12-05,2026-01-01,42.4363672103309,-83.2585634954651,Berg-Lahser,Lahser Rd & Pembroke Ave
882ab2cab1fffff,7,8,Emerging Hotspot,1,14.29,9.5,08,Category Focus,Property Crime,8,8,2025-11-07,2025-12-04,2025-12-05,2026-01-01,42.4290006373133,-83.2777700530693,Five Points,Woodbine St & W 7 Mile Rd
882ab2cf5dfffff,8,14,Persistent Hotspot,6,75.0,27.9,08,Category Focus,Property Crime,8,8,2025-11-07,2025-12-04,2025-12-05,2026-01-01,42.4103285053167,-83.2108407677899,Crary/St Marys,Verne St & Biltmore St
882ab2ca93fffff,8,13,Persistent Hotspot,5,62.5,25.05,08,Category Focus,Property Crime,8,8,2025-11-07,2025-12-04,2025-12-05,2026-01-01,42.4294810884543,-83.2416290872179,Holcomb Community,W 7 Mile Rd & Patton St
882ab2cf4bfffff,11,11,Persistent Hotspot,0,0.0,14.85,08,Category Focus,Property Crime,8,8,2025-11-07,2025-12-04,2025-12-05,2026-01-01,42.4155656036928,-83.2145581138045,College Park,N M 39 & W McNichols Rd
882ab2cf45fffff,8,9,Persistent Hotspot,1,12.5,13.65,08,Category Focus,Property Crime,8,8,2025-11-07,2025-12-04,2025-12-05,2026-01-01,42.419387568202254,-83.2383766583946,Evergreen-Outer Drive,Santa Maria St & Heyden St
882ab2cf09fffff,9,9,Persistent Hotspot,0,0.0,12.15,08,Category Focus,Property Crime,8,8,2025-11-07,2025-12-04,2025-12-05,2026-01-01,42.4039882458279,-83.2259135822917,Rosedale Park,Grand River Ave & Glastonbury Ave
882ab2cf49fffff,9,9,Persistent Hotspot,0,0.0,12.15,08,Category Focus,Property Crime,8,8,2025-11-07,2025-12-04,2025-12-05,2026-01-01,42.4248549880698,-83.2179256175138,College Park,Margareta St & Lindsay St
882ab2c1b5fffff,9,8,Persistent Hotspot,-1,-11.11,10.8,08,Category Focus,Property Crime,8,8,2025-11-07,2025-12-04,2025-12-05,2026-01-01,42.4230381823384,-83.20823202955845,College Park,Thatcher St & Ferguson St
882ab2c1b7fffff,8,8,Persistent Hotspot,0,0.0,10.8,08,Category Focus,Property Crime,8,8,2025-11-07,2025-12-04,2025-12-05,2026-01-01,42.415851144836296,-83.20139796128575,Crary/St Marys,Greenfield Rd & Verne St
882ab2c1a3fffff,14,7,Declining Hotspot,-7,-50.0,7.0,08,Category Focus,Property Crime,8,8,2025-11-07,2025-12-04,2025-12-05,2026-01-01,42.4302920458498,-83.2117228159554,Greenfield,Oakfield St & W 7 Mile Rd
882ab2cf51fffff,9,7,Declining Hotspot,-2,-22.22,7.0,08,Category Focus,Property Crime,8,8,2025-11-07,2025-12-04,2025-12-05,2026-01-01,42.4030666206595,-83.2074096504793,Crary/St Marys,Keeler St & Ferguson St
882ab2cf67fffff,8,6,Declining Hotspot,-2,-25.0,6.0,08,Category Focus,Property Crime,8,8,2025-11-07,2025-12-04,2025-12-05,2026-01-01,42.4079168223016,-83.2652221161807,Riverdale,Dolphin St & Dehner St
882ab2cf53fffff,9,5,Declining Hotspot,-4,-44.44,5.0,08,Category Focus,Property Crime,8,8,2025-11-07,2025-12-04,2025-12-05,2026-01-01,42.393900927103,-83.2015047170285,Greenfield-Grand River,Acacia St & Forrer St
882ab2cf6bfffff,14,5,Declining Hotspot,-9,-64.29,5.0,08,Category Focus,Property Crime,8,8,2025-11-07,2025-12-04,2025-12-05,2026-01-01,42.41156466965455,-83.244250479248,Holcomb Community,Grand River Ave & Patton St
882ab2c8d9fffff,9,2,Declining Hotspot,-7,-77.78,2.0,08,Category Focus,Property Crime,8,8,2025-11-07,2025-12-04,2025-12-05,2026-01-01,42.4168750262246,-83.2787157828067,The Eye,Woodbine St & Santa Maria St
882ab2cf19fffff,8,2,Declining Hotspot,-6,-75.0,2.0,08,Category Focus,Property Crime,8,8,2025-11-07,2025-12-04,2025-12-05,2026-01-01,42.3869129487853,-83.209113687157,Grandmont,Rutland St & Kendall St
882ab2c605fffff,9,12,Emerging Hotspot,3,33.33,16.5,09,Category Focus,Property Crime,10,10,2025-11-07,2025-12-04,2025-12-05,2026-01-01,42.41182849365295,-82.9542600506487,Outer Drive-Hayes,Beaconsfield St & Courville St
882ab2c661fffff,6,10,Emerging Hotspot,4,66.67,16.0,09,Category Focus,Property Crime,10,10,2025-11-07,2025-12-04,2025-12-05,2026-01-01,42.4271921170409,-82.9627670159486,Mapleridge,Troester St & Queen St
882ab2c66dfffff,6,10,Emerging Hotspot,4,66.67,16.0,09,Category Focus,Property Crime,10,10,2025-11-07,2025-12-04,2025-12-05,2026-01-01,42.4361962904987,-82.9654131082091,Regent Park,Maddelein St & Crusade St
882ab2c62bfffff,8,10,Emerging Hotspot,2,25.0,13.0,09,Category Focus,Property Crime,10,10,2025-11-07,2025-12-04,2025-12-05,2026-01-01,42.4065719044079,-82.9643445990192,Outer Drive-Hayes,Chalmers St & Kent St
882ab2c647fffff,13,15,Persistent Hotspot,2,15.38,23.25,09,Category Focus,Property Crime,10,10,2025-11-07,2025-12-04,2025-12-05,2026-01-01,42.4244778056882,-82.9407430774162,Moross-Morang,Casino St & Somerset Ave
882ab2c60dfffff,10,13,Persistent Hotspot,3,30.0,22.05,09,Category Focus,Property Crime,10,10,2025-11-07,2025-12-04,2025-12-05,2026-01-01,42.4197410360825,-82.9462573545625,Yorkshire Woods,Nottingham Rd & Britain St
882ab2c66bfffff,16,15,Persistent Hotspot,-1,-6.25,20.25,09,Category Focus,Property Crime,10,10,2025-11-07,2025-12-04,2025-12-05,2026-01-01,42.42632688143855,-82.9499411616721,Moross-Morang,Lakepointe St & Morang Dr
882ab2d5b7fffff,11,12,Persistent Hotspot,1,9.09,17.7,09,Category Focus,Property Crime,10,10,2025-11-07,2025-12-04,2025-12-05,2026-01-01,42.4383595504994,-82.9889717563696,Pulaski,E 7 Mile Rd & Schoenherr St
882ab2c663fffff,10,11,Persistent Hotspot,1,10.0,16.35,09,Category Focus,Property Crime,10,10,2025-11-07,2025-12-04,2025-12-05,2026-01-01,42.4203963608699,-82.9577493746717,Denby,Grayton St & Lansdowne St
882ab2c669fffff,10,11,Persistent Hotspot,1,10.0,16.35,09,Category Focus,Property Crime,10,10,2025-11-07,2025-12-04,2025-12-05,2026-01-01,42.4331934041443,-82.9549172238386,Mapleridge,Kelly Rd & Linnhurst St
882ab2d5b5fffff,21,12,Persistent Hotspot,-9,-42.86,16.2,09,Category Focus,Property Crime,10,10,2025-11-07,2025-12-04,2025-12-05,2026-01-01,42.4456739782067,-82.9916402776304,Conner Creek,Fairport St & Bringard Dr
882ab2c625fffff,10,8,Declining Hotspot,-2,-20.0,8.0,09,Category Focus,Property Crime,10,10,2025-11-07,2025-12-04,2025-12-05,2026-01-01,42.4093221818329,-82.9841299069008,Wade,Roseberry St & Longview St
882ab2c719fffff,12,7,Declining Hotspot,-5,-41.67,7.0,09,Category Focus,Property Crime,10,10,2025-11-07,2025-12-04,2025-12-05,2026-01-01,42.4085834761448,-82.9950846370677,Gratiot-Findlay,Gunston St & Gratiot Ave
882ab2d5bbfffff,15,7,Declining Hotspot,-8,-53.33,7.0,09,Category Focus,Property Crime,10,10,2025-11-07,2025-12-04,2025-12-05,2026-01-01,42.4434084434849,-82.970791942545,Regent Park,Queen St & Rossini Dr
882ab2d597fffff,12,6,Declining Hotspot,-6,-50.0,6.0,09,Category Focus,Property Crime,10,10,2025-11-07,2025-12-04,2025-12-05,2026-01-01,42.4409743980614,-82.9583946901877,Regent Park,Tacoma St & Rex St
882ab2c62dfffff,10,5,Declining Hotspot,-5,-50.0,5.0,09,Category Focus,Property Crime,10,10,2025-11-07,2025-12-04,2025-12-05,2026-01-01,42.4139943645256,-82.97652654591519,Eden Gardens,Rosemary Ave & Coplin St
882ab2c751fffff,11,3,Declining Hotspot,-8,-72.73,3.0,09,Category Focus,Property Crime,10,10,2025-11-07,2025-12-04,2025-12-05,2026-01-01,42.4246922790897,-82.9923571074944,Von Steuben,Waltham St & Nashville St
882ab2c521fffff,1,10,Emerging Hotspot,9,900.0,23.5,10,Category Focus,Property Crime,8,8,2025-11-07,2025-12-04,2025-12-05,2026-01-01,42.3735223882003,-83.1050901107629,Virginia Park Community,Hazelwood St & 14th St
882ab2c52dfffff,6,11,Emerging Hotspot,5,83.33,18.5,10,Category Focus,Property Crime,8,8,2025-11-07,2025-12-04,2025-12-05,2026-01-01,42.3817503022529,-83.1096324868484,Dexter-Linwood,Glynn Ct & Linwood St
882ab2c52bfffff,4,9,Emerging Hotspot,5,125.0,16.5,10,Category Focus,Property Crime,8,8,2025-11-07,2025-12-04,2025-12-05,2026-01-01,42.3739808566136,-83.0944508510725,Virginia Park Community,Rosa Parks Blvd & W Euclid St
882ab2c525fffff,6,10,Emerging Hotspot,4,66.67,16.0,10,Category Focus,Property Crime,8,8,2025-11-07,2025-12-04,2025-12-05,2026-01-01,42.377040420023,-83.1174128378397,Dexter-Linwood,Dexter Ave & Collingwood St
882ab2c53dfffff,7,8,Emerging Hotspot,1,14.29,9.5,10,Category Focus,Property Crime,8,8,2025-11-07,2025-12-04,2025-12-05,2026-01-01,42.364597989538,-83.0938448650044,LaSalle Gardens,W Grand Blvd & Hanover St
882ab2ce5bfffff,7,8,Emerging Hotspot,1,14.29,9.5,10,Category Focus,Property Crime,8,8,2025-11-07,2025-12-04,2025-12-05,2026-01-01,42.3886209069811,-83.1151922896919,Dexter-Linwood,Fullerton St & Linwood St
882ab2ce51fffff,17,12,Persistent Hotspot,-5,-29.41,16.2,10,Category Focus,Property Crime,8,8,2025-11-07,2025-12-04,2025-12-05,2026-01-01,42.3909329578329,-83.1254968552373,Dexter-Linwood,Dexter Ave & Waverly
882ab2c527fffff,17,10,Persistent Hotspot,-7,-41.18,13.5,10,Category Focus,Property Crime,8,8,2025-11-07,2025-12-04,2025-12-05,2026-01-01,42.3687090022666,-83.1138186796188,Jamison,Atkinson St & Dexter Ave
882ab2c529fffff,13,10,Persistent Hotspot,-3,-23.08,13.5,10,Category Focus,Property Crime,8,8,2025-11-07,2025-12-04,2025-12-05,2026-01-01,42.38104713800355,-83.098032597983,Boston Edison,W Boston Blvd & N M 10 Service Drive
882ab2ce53fffff,11,8,Persistent Hotspot,-3,-27.27,10.8,10,Category Focus,Property Crime,8,8,2025-11-07,2025-12-04,2025-12-05,2026-01-01,42.385027958062,-83.12032786618616,Dexter-Linwood,Richton St & Linwood St
882ab2ce57fffff,9,7,Declining Hotspot,-2,-22.22,7.0,10,Category Focus,Property Crime,8,8,2025-11-07,2025-12-04,2025-12-05,2026-01-01,42.3859734201848,-83.1339608753184,Russell Woods,Petoskey Ave & W Davison St
882ab2ce47fffff,8,6,Declining Hotspot,-2,-25.0,6.0,10,Category Focus,Property Crime,8,8,2025-11-07,2025-12-04,2025-12-05,2026-01-01,42.4010902320439,-83.1543166634489,Chalfonte,Cherrylawn St & Eaton St
882ab2ce13fffff,9,5,Declining Hotspot,-4,-44.44,5.0,10,Category Focus,Property Crime,8,8,2025-11-07,2025-12-04,2025-12-05,2026-01-01,42.3626085651066,-83.1330107647866,Midwest,Northfield St & Joy Rd
882ab2c563fffff,8,4,Declining Hotspot,-4,-50.0,4.0,10,Category Focus,Property Crime,8,8,2025-11-07,2025-12-04,2025-12-05,2026-01-01,42.3877458578609,-83.0856281508702,Boston Edison,Glynn Ct & Woodward Ave
882ab2ce43fffff,9,4,Declining Hotspot,-5,-55.56,4.0,10,Category Focus,Property Crime,8,8,2025-11-07,2025-12-04,2025-12-05,2026-01-01,42.400394113821,-83.1412289140711,Chalfonte,Chalfonte St & Stoepel St
882ab2ce59fffff,10,4,Declining Hotspot,-6,-60.0,4.0,10,Category Focus,Property Crime,8,8,2025-11-07,2025-12-04,2025-12-05,2026-01-01,42.3957041475136,-83.119676552736,Oakman Blvd Community,W Grand St & La Salle Blvd
882ab2c507fffff,10,2,Declining Hotspot,-8,-80.0,2.0,10,Category Focus,Property Crime,8,8,2025-11-07,2025-12-04,2025-12-05,2026-01-01,42.3697335528948,-83.08170174424,Virginia Park Community,W Grand Blvd & Lincoln St
882ab2c0dbfffff,6,10,Emerging Hotspot,4,66.67,16.0,11,Category Focus,Property Crime,7,6,2025-11-07,2025-12-04,2025-12-05,2026-01-01,42.4331387024329,-83.0622209405383,Farwell,Ryan Rd & E 7 Mile Rd
882ab2c76bfffff,4,8,Emerging Hotspot,4,100.0,14.0,11,Category Focus,Property Crime,7,6,2025-11-07,2025-12-04,2025-12-05,2026-01-01,42.438658991326,-83.0306180858354,Nortown,E Lantz St & Sherwood St
882ab2c08bfffff,3,6,Emerging Hotspot,3,100.0,10.5,11,Category Focus,Property Crime,7,6,2025-11-07,2025-12-04,2025-12-05,2026-01-01,42.4303637318254,-83.0904361529573,Hawthorne Park,Russell St & E 7 Mile Rd
882ab2c0c3fffff,4,6,Emerging Hotspot,2,50.0,9.0,11,Category Focus,Property Crime,7,6,2025-11-07,2025-12-04,2025-12-05,2026-01-01,42.4424443321607,-83.0880586642813,Nolan,Greeley St & E Remington Ave
882ab2c767fffff,6,6,Emerging Hotspot,0,0.0,6.0,11,Category Focus,Property Crime,7,6,2025-11-07,2025-12-04,2025-12-05,2026-01-01,42.4298909698503,-83.0501692139325,Krainz Woods,Healy St & E Hildale St
882ab2c0d1fffff,13,10,Persistent Hotspot,-3,-23.08,13.5,11,Category Focus,Property Crime,7,6,2025-11-07,2025-12-04,2025-12-05,2026-01-01,42.4355909483518,-83.0735405934336,Pershing,Charest St & E Lantz St
882ab2c761fffff,7,8,Persistent Hotspot,1,14.29,12.3,11,Category Focus,Property Crime,7,6,2025-11-07,2025-12-04,2025-12-05,2026-01-01,42.4384549401626,-83.04371480168,Farwell,E Lantz St & Mound Rd
882ab2c70dfffff,8,8,Persistent Hotspot,0,0.0,10.8,11,Category Focus,Property Crime,7,6,2025-11-07,2025-12-04,2025-12-05,2026-01-01,42.4310682433344,-83.0274669652189,Grant,E Robinwood St & Packard St
882ab2c0d5fffff,8,7,Persistent Hotspot,-1,-12.5,9.45,11,Category Focus,Property Crime,7,6,2025-11-07,2025-12-04,2025-12-05,2026-01-01,42.4353407920037,-83.08535721004054,Nolan,Riopelle St & Emery St
882ab2c0ddfffff,10,6,Persistent Hotspot,-4,-40.0,8.1,11,Category Focus,Property Crime,7,6,2025-11-07,2025-12-04,2025-12-05,2026-01-01,42.4425478145773,-83.0763451898483,Butler,Harned St & E Outer Dr
882ab2c0d7fffff,7,5,Declining Hotspot,-2,-28.57,5.0,11,Category Focus,Property Crime,7,6,2025-11-07,2025-12-04,2025-12-05,2026-01-01,42.42827978006765,-83.0792650004535,Northeast Central District,E Grixdale St & Goddard St
882ab2c747fffff,8,5,Declining Hotspot,-3,-37.5,5.0,11,Category Focus,Property Crime,7,6,2025-11-07,2025-12-04,2025-12-05,2026-01-01,42.4340962002179,-83.0209419277825,Nortown,Van Dyke St & E 7 Mile Rd
882ab2c765fffff,7,5,Declining Hotspot,-2,-28.57,5.0,11,Category Focus,Property Crime,7,6,2025-11-07,2025-12-04,2025-12-05,2026-01-01,42.438224642992,-83.05449732164055,Farwell,Moenart St & E Outer Dr
882ab2c745fffff,9,4,Declining Hotspot,-5,-55.56,4.0,11,Category Focus,Property Crime,7,6,2025-11-07,2025-12-04,2025-12-05,2026-01-01,42.4436061204028,-83.0246669703729,Sherwood,Milbank St & Spencer St
882ab2ce6bfffff,2,10,Emerging Hotspot,8,400.0,22.0,12,Category Focus,Property Crime,8,8,2025-11-07,2025-12-04,2025-12-05,2026-01-01,42.4025284332423,-83.1651004313549,Bethune Community,Fenkell St & Wyoming St
882ab2c19bfffff,4,10,Emerging Hotspot,6,150.0,19.0,12,Category Focus,Property Crime,8,8,2025-11-07,2025-12-04,2025-12-05,2026-01-01,42.4242861135931,-83.15337759519235,Bagley,Thatcher St & Indiana St
882ab2c1d3fffff,6,8,Emerging Hotspot,2,33.33,11.0,12,Category Focus,Property Crime,8,8,2025-11-07,2025-12-04,2025-12-05,2026-01-01,42.436933621782046,-83.1507772485498,Oak Grove District 2,Roselawn St & W Outer Dr
882ab2ce41fffff,7,8,Emerging Hotspot,1,14.29,9.5,12,Category Focus,Property Crime,8,8,2025-11-07,2025-12-04,2025-12-05,2026-01-01,42.4075473870695,-83.1461042788721,Fitzgerald/Marygrove,Monica St & Keeler Ave
882ab2c0a7fffff,8,11,Persistent Hotspot,3,37.5,19.35,12,Category Focus,Property Crime,8,8,2025-11-07,2025-12-04,2025-12-05,2026-01-01,42.424372661051,-83.1412534391509,University District,Pickford St & Livernois Ave
882ab2ce69fffff,14,11,Persistent Hotspot,-3,-21.43,14.85,12,Category Focus,Property Crime,8,8,2025-11-07,2025-12-04,2025-12-05,2026-01-01,42.41199469544685,-83.1698402050922,Fitzgerald/Marygrove,Florence St & Mendota St
882ab2c193fffff,8,9,Persistent Hotspot,1,12.5,13.65,12,Category Focus,Property Crime,8,8,2025-11-07,2025-12-04,2025-12-05,2026-01-01,42.4169437403662,-83.1603122492298,Schulze,W McNichols Rd & Wyoming St
882ab2c1b9fffff,10,10,Persistent Hotspot,0,0.0,13.5,12,Category Focus,Property Crime,8,8,2025-11-07,2025-12-04,2025-12-05,2026-01-01,42.4273222133839,-83.18755904420081,Winship,Margareta St & Mark Twain St
882ab2ce49fffff,10,9,Persistent Hotspot,-1,-10.0,12.15,12,Category Focus,Property Crime,8,8,2025-11-07,2025-12-04,2025-12-05,2026-01-01,42.41475945047815,-83.1417270778599,Fitzgerald/Marygrove,Stoepel St & Florence St
882ab2ce4dfffff,20,9,Persistent Hotspot,-11,-55.0,12.15,12,Category Focus,Property Crime,8,8,2025-11-07,2025-12-04,2025-12-05,2026-01-01,42.41713248022035,-83.1491035149803,Bagley,San Juan Dr & W McNichols Rd
882ab2c0a5fffff,8,7,Declining Hotspot,-1,-12.5,7.0,12,Category Focus,Property Crime,8,8,2025-11-07,2025-12-04,2025-12-05,2026-01-01,42.4296303142821,-83.1435817768685,Bagley,Livernois Ave & W 7 Mile Rd
882ab2ce45fffff,9,7,Declining Hotspot,-2,-22.22,7.0,12,Category Focus,Property Crime,8,8,2025-11-07,2025-12-04,2025-12-05,2026-01-01,42.40973788804895,-83.1573322674889,Fitzgerald/Marygrove,Puritan St & Northlawn St
882ab2c1bbfffff,8,6,Declining Hotspot,-2,-25.0,6.0,12,Category Focus,Property Crime,8,8,2025-11-07,2025-12-04,2025-12-05,2026-01-01,42.4201758426176,-83.182342101538,Winship,Lesure St & W Outer Dr
882ab2c1d7fffff,13,5,Declining Hotspot,-8,-61.54,5.0,12,Category Focus,Property Crime,8,8,2025-11-07,2025-12-04,2025-12-05,2026-01-01,42.4408096985575,-83.1610973329709,Garden Homes,Indiana St & Chippewa St
882ab2c0adfffff,8,4,Declining Hotspot,-4,-50.0,4.0,12,Category Focus,Property Crime,8,8,2025-11-07,2025-12-04,2025-12-05,2026-01-01,42.4370310784254,-83.1416885783729,Sherwood Forest,Livernois Ave & Saint Martins Ave
882ab2c195fffff,8,4,Declining Hotspot,-4,-50.0,4.0,12,Category Focus,Property Crime,8,8,2025-11-07,2025-12-04,2025-12-05,2026-01-01,42.4257472140624,-83.17768700583515,Schulze,Curtis St & Steel St
882ab2ce61fffff,8,4,Declining Hotspot,-4,-50.0,4.0,12,Category Focus,Property Crime,8,8,2025-11-07,2025-12-04,2025-12-05,2026-01-01,42.4039669003558,-83.1770453257813,Bethune Community,Schaefer Hwy & Keeler Ave
882ab2c19dfffff,8,3,Declining Hotspot,-5,-62.5,3.0,12,Category Focus,Property Crime,8,8,2025-11-07,2025-12-04,2025-12-05,2026-01-01,42.43306189999275,-83.1697457526532,McDowell,Meyers Rd & W 7 Mile Rd
882ab2c0b9fffff,8,2,Declining Hotspot,-6,-75.0,2.0,12,Category Focus,Property Crime,8,8,2025-11-07,2025-12-04,2025-12-05,2026-01-01,42.41872966278205,-83.1063997258062,Palmer Park,John R St & W McNichols Rd
882ab2cebbfffff,7,14,Emerging Hotspot,7,100.0,24.5,ALL,Category Focus,Property Crime,9,8,2025-11-07,2025-12-04,2025-12-05,2026-01-01,42.3128380399185,-83.12812257015175,Springwells,Carson St & Belle St
882ab2c521fffff,1,10,Emerging Hotspot,9,900.0,23.5,ALL,Category Focus,Property Crime,9,8,2025-11-07,2025-12-04,2025-12-05,2026-01-01,42.3735223882003,-83.1050901107629,Virginia Park Community,Hazelwood St & 14th St
882ab2c539fffff,3,11,Emerging Hotspot,8,266.67,23.0,ALL,Category Focus,Property Crime,9,8,2025-11-07,2025-12-04,2025-12-05,2026-01-01,42.3630058836639,-83.0833861200632,Elijah McCoy,W Baltimore St & 3rd St
882ab2cf5dfffff,8,14,Emerging Hotspot,6,75.0,23.0,ALL,Category Focus,Property Crime,9,8,2025-11-07,2025-12-04,2025-12-05,2026-01-01,42.4103285053167,-83.2108407677899,Crary/St Marys,Verne St & Biltmore St
882ab2ce63fffff,5,12,Emerging Hotspot,7,140.0,22.5,ALL,Category Focus,Property Crime,9,8,2025-11-07,2025-12-04,2025-12-05,2026-01-01,42.3999591437535,-83.17074921794016,Bethune Community,Chalfonte St & Appoline St
882ab2c5a5fffff,2,10,Emerging Hotspot,8,400.0,22.0,ALL,Category Focus,Property Crime,9,8,2025-11-07,2025-12-04,2025-12-05,2026-01-01,42.322617530783006,-83.0892908956303,Hubbard Farms,Wolff St & Palms St
882ab2ca93fffff,8,13,Emerging Hotspot,5,62.5,20.5,ALL,Category Focus,Property Crime,9,8,2025-11-07,2025-12-04,2025-12-05,2026-01-01,42.4294810884543,-83.2416290872179,Holcomb Community,W 7 Mile Rd & Patton St
882ab2cc2dfffff,3,10,Emerging Hotspot,7,233.33,20.5,ALL,Category Focus,Property Crime,9,8,2025-11-07,2025-12-04,2025-12-05,2026-01-01,42.3503213294463,-83.2406201033814,Warrendale,Braile St & Belton Ave
882ab2c19bfffff,4,10,Emerging Hotspot,6,150.0,19.0,ALL,Category Focus,Property Crime,9,8,2025-11-07,2025-12-04,2025-12-05,2026-01-01,42.4242861135931,-83.15337759519235,Bagley,Thatcher St & Indiana St
882ab2c52dfffff,6,11,Emerging Hotspot,5,83.33,18.5,ALL,Category Focus,Property Crime,9,8,2025-11-07,2025-12-04,2025-12-05,2026-01-01,42.3817503022529,-83.1096324868484,Dexter-Linwood,Glynn Ct & Linwood St
882ab2cf61fffff,6,11,Emerging Hotspot,5,83.33,18.5,ALL,Category Focus,Property Crime,9,8,2025-11-07,2025-12-04,2025-12-05,2026-01-01,42.4146741898092,-83.2568507845596,Oak Grove District 1,Chapel St & W McNichols Rd
882ab2c589fffff,8,12,Emerging Hotspot,4,50.0,18.0,ALL,Category Focus,Property Crime,9,8,2025-11-07,2025-12-04,2025-12-05,2026-01-01,42.3313368677451,-83.0421009226148,Downtown,Randolph St & Cadillac Sq
882ab2d5b3fffff,3,9,Emerging Hotspot,6,200.0,18.0,ALL,Category Focus,Property Crime,9,8,2025-11-07,2025-12-04,2025-12-05,2026-01-01,42.4351378710972,-82.9776864504547,Franklin,Chalmers St & E 7 Mile Rd
882ab2cc43fffff,7,11,Emerging Hotspot,4,57.14,17.0,ALL,Category Focus,Property Crime,9,8,2025-11-07,2025-12-04,2025-12-05,2026-01-01,42.3570481056041,-83.1935237234267,Fiskhorn,Prest St & Joy Rd
882ab2cc63fffff,7,11,Emerging Hotspot,4,57.14,17.0,ALL,Category Focus,Property Crime,9,8,2025-11-07,2025-12-04,2025-12-05,2026-01-01,42.3540669512469,-83.2234171641304,Warrendale,Joy Rd & Greenview Ave
882ab2c52bfffff,4,9,Emerging Hotspot,5,125.0,16.5,ALL,Category Focus,Property Crime,9,8,2025-11-07,2025-12-04,2025-12-05,2026-01-01,42.3739808566136,-83.0944508510725,Virginia Park Community,Rosa Parks Blvd & W Euclid St
882ab2ca97fffff,4,9,Emerging Hotspot,5,125.0,16.5,ALL,Category Focus,Property Crime,9,8,2025-11-07,2025-12-04,2025-12-05,2026-01-01,42.4292679010273,-83.2534029514986,Evergreen Lahser 7/8,Lahser Rd & W 7 Mile Rd
882ab2cc93fffff,4,9,Emerging Hotspot,5,125.0,16.5,ALL,Category Focus,Property Crime,9,8,2025-11-07,2025-12-04,2025-12-05,2026-01-01,42.2666572840668,-83.1560066412194,Boynton,S Annabelle St & Omaha St
882ab2c0dbfffff,6,10,Emerging Hotspot,4,66.67,16.0,ALL,Category Focus,Property Crime,9,8,2025-11-07,2025-12-04,2025-12-05,2026-01-01,42.4331387024329,-83.0622209405383,Farwell,Ryan Rd & E 7 Mile Rd
882ab2c525fffff,6,10,Emerging Hotspot,4,66.67,16.0,ALL,Category Focus,Property Crime,9,8,2025-11-07,2025-12-04,2025-12-05,2026-01-01,42.377040420023,-83.1174128378397,Dexter-Linwood,Dexter Ave & Collingwood St
882ab2c661fffff,6,10,Emerging Hotspot,4,66.67,16.0,ALL,Category Focus,Property Crime,9,8,2025-11-07,2025-12-04,2025-12-05,2026-01-01,42.4271921170409,-82.9627670159486,Mapleridge,Troester St & Queen St
882ab2c66dfffff,6,10,Emerging Hotspot,4,66.67,16.0,ALL,Category Focus,Property Crime,9,8,2025-11-07,2025-12-04,2025-12-05,2026-01-01,42.4361962904987,-82.9654131082091,Regent Park,Maddelein St & Crusade St
882ab2c0a7fffff,8,11,Emerging Hotspot,3,37.5,15.5,ALL,Category Focus,Property Crime,9,8,2025-11-07,2025-12-04,2025-12-05,2026-01-01,42.424372661051,-83.1412534391509,University District,Pickford St & Livernois Ave
882ab2cf0dfffff,3,8,Emerging Hotspot,5,166.67,15.5,ALL,Category Focus,Property Crime,9,8,2025-11-07,2025-12-04,2025-12-05,2026-01-01,42.406034033514345,-83.2406317070044,Brightmoor,Pilgrim St & Vaughan St
882ab2c505fffff,5,9,Emerging Hotspot,4,80.0,15.0,ALL,Category Focus,Property Crime,9,8,2025-11-07,2025-12-04,2025-12-05,2026-01-01,42.379413120139304,-83.0847668736954,Piety Hill,Hazelwood St & 2nd Ave
882ab2c643fffff,5,9,Emerging Hotspot,4,80.0,15.0,ALL,Category Focus,Property Crime,9,8,2025-11-07,2025-12-04,2025-12-05,2026-01-01,42.4217086952154,-82.92813607488735,Cornerstone Village,Chester St & University Pl
882ab2cf33fffff,5,9,Emerging Hotspot,4,80.0,15.0,ALL,Category Focus,Property Crime,9,8,2025-11-07,2025-12-04,2025-12-05,2026-01-01,42.37187235244575,-83.2412209572612,Franklin Park,Plymouth Rd & Fielding St
882ab2c76bfffff,4,8,Emerging Hotspot,4,100.0,14.0,ALL,Category Focus,Property Crime,9,8,2025-11-07,2025-12-04,2025-12-05,2026-01-01,42.438658991326,-83.0306180858354,Nortown,E Lantz St & Sherwood St
882ab2c629fffff,6,9,Emerging Hotspot,3,50.0,13.5,ALL,Category Focus,Property Crime,9,8,2025-11-07,2025-12-04,2025-12-05,2026-01-01,42.4133086158442,-82.9669394617187,Outer Drive-Hayes,Promenade St & Philip St
882ab2cc47fffff,6,9,Emerging Hotspot,3,50.0,13.5,ALL,Category Focus,Property Crime,9,8,2025-11-07,2025-12-04,2025-12-05,2026-01-01,42.3590625176971,-83.20396735527581,Joy Community,Mansfield St & Kramer St
882ab2c5e7fffff,5,8,Emerging Hotspot,3,60.0,12.5,ALL,Category Focus,Property Crime,9,8,2025-11-07,2025-12-04,2025-12-05,2026-01-01,42.332745994982,-83.07147960242806,Corktown,Cochrane St & Kaline Dr
882ab2c60bfffff,5,8,Emerging Hotspot,3,60.0,12.5,ALL,Category Focus,Property Crime,9,8,2025-11-07,2025-12-04,2025-12-05,2026-01-01,42.4071065301122,-82.9271565989737,Cornerstone Village,Guilford St & E Warren Ave
882ab2ce67fffff,5,8,Emerging Hotspot,3,60.0,12.5,ALL,Category Focus,Property Crime,9,8,2025-11-07,2025-12-04,2025-12-05,2026-01-01,42.3996165391759,-83.1843121901417,Bethune Community,Ardmore St & Lyndon St
882ab2c403fffff,7,9,Emerging Hotspot,2,28.57,12.0,ALL,Category Focus,Property Crime,9,8,2025-11-07,2025-12-04,2025-12-05,2026-01-01,42.3575485838906,-82.9870693400185,East Village,E Jefferson Ave & Holcomb St
882ab2cc01fffff,7,9,Emerging Hotspot,2,28.57,12.0,ALL,Category Focus,Property Crime,9,8,2025-11-07,2025-12-04,2025-12-05,2026-01-01,42.3458183863618,-83.2082445872955,Warren Ave Community,Rutland St & Majestic St
882ab2cf35fffff,7,9,Emerging Hotspot,2,28.57,12.0,ALL,Category Focus,Property Crime,9,8,2025-11-07,2025-12-04,2025-12-05,2026-01-01,42.3819326734984,-83.2583706737934,Brightmoor,Lahser Rd & Dolson St
882ab2c1d3fffff,6,8,Emerging Hotspot,2,33.33,11.0,ALL,Category Focus,Property Crime,9,8,2025-11-07,2025-12-04,2025-12-05,2026-01-01,42.436933621782046,-83.1507772485498,Oak Grove District 2,Roselawn St & W Outer Dr
882ab2c623fffff,6,8,Emerging Hotspot,2,33.33,11.0,ALL,Category Focus,Property Crime,9,8,2025-11-07,2025-12-04,2025-12-05,2026-01-01,42.4000763519574,-82.96843649080165,Chandler Park,Drexel St & Southampton St
882ab2c74bfffff,6,8,Emerging Hotspot,2,33.33,11.0,ALL,Category Focus,Property Crime,9,8,2025-11-07,2025-12-04,2025-12-05,2026-01-01,42.4382686569261,-83.0023666046127,Pulaski,Annott St & Pinewood St
882ab2d5b1fffff,6,8,Emerging Hotspot,2,33.33,11.0,ALL,Category Focus,Property Crime,9,8,2025-11-07,2025-12-04,2025-12-05,2026-01-01,42.443187664534804,-82.9804529832112,Mohican Regent,Tacoma St & Hoyt St
882ab2c193fffff,8,9,Emerging Hotspot,1,12.5,10.5,ALL,Category Focus,Property Crime,9,8,2025-11-07,2025-12-04,2025-12-05,2026-01-01,42.4169437403662,-83.1603122492298,Schulze,W McNichols Rd & Wyoming St
882ab2cc41fffff,8,9,Emerging Hotspot,1,12.5,10.5,ALL,Category Focus,Property Crime,9,8,2025-11-07,2025-12-04,2025-12-05,2026-01-01,42.3634942640829,-83.197222222757,Joy Community,Greenfield Rd & W Chicago St
882ab2cf45fffff,8,9,Emerging Hotspot,1,12.5,10.5,ALL,Category Focus,Property Crime,9,8,2025-11-07,2025-12-04,2025-12-05,2026-01-01,42.419387568202254,-83.2383766583946,Evergreen-Outer Drive,Santa Maria St & Heyden St
882ab2c535fffff,7,8,Emerging Hotspot,1,14.29,9.5,ALL,Category Focus,Property Crime,9,8,2025-11-07,2025-12-04,2025-12-05,2026-01-01,42.3603122330898,-83.0999457306279,NW Goldberg,Linwood St & W Grand Blvd
882ab2c755fffff,7,8,Emerging Hotspot,1,14.29,9.5,ALL,Category Focus,Property Crime,9,8,2025-11-07,2025-12-04,2025-12-05,2026-01-01,42.4252867726769,-83.0043984036163,Von Steuben,Bradford St & Sauer St
882ab2c761fffff,7,8,Emerging Hotspot,1,14.29,9.5,ALL,Category Focus,Property Crime,9,8,2025-11-07,2025-12-04,2025-12-05,2026-01-01,42.4384549401626,-83.04371480168,Farwell,E Lantz St & Mound Rd
882ab2ca95fffff,7,8,Emerging Hotspot,1,14.29,9.5,ALL,Category Focus,Property Crime,9,8,2025-11-07,2025-12-04,2025-12-05,2026-01-01,42.4363672103309,-83.2585634954651,Berg-Lahser,Lahser Rd & Pembroke Ave
882ab2cab1fffff,7,8,Emerging Hotspot,1,14.29,9.5,ALL,Category Focus,Property Crime,9,8,2025-11-07,2025-12-04,2025-12-05,2026-01-01,42.4290006373133,-83.2777700530693,Five Points,Woodbine St & W 7 Mile Rd
882ab2cc0dfffff,7,8,Emerging Hotspot,1,14.29,9.5,ALL,Category Focus,Property Crime,9,8,2025-11-07,2025-12-04,2025-12-05,2026-01-01,42.3525705286139,-83.2113422018863,Garden View,Gardenview Cir & Memorial Ave
882ab2ce5bfffff,7,8,Emerging Hotspot,1,14.29,9.5,ALL,Category Focus,Property Crime,9,8,2025-11-07,2025-12-04,2025-12-05,2026-01-01,42.3886209069811,-83.1151922896919,Dexter-Linwood,Fullerton St & Linwood St
882ab2c5cbfffff,8,8,Emerging Hotspot,0,0.0,8.0,ALL,Category Focus,Property Crime,9,8,2025-11-07,2025-12-04,2025-12-05,2026-01-01,42.3410176915525,-83.023266509099,Elmwood Park,E Jefferson Ave & Chene St
882ab2c70dfffff,8,8,Emerging Hotspot,0,0.0,8.0,ALL,Category Focus,Property Crime,9,8,2025-11-07,2025-12-04,2025-12-05,2026-01-01,42.4310682433344,-83.0274669652189,Grant,E Robinwood St & Packard St
882ab2c5c7fffff,30,34,Persistent Hotspot,4,13.33,51.9,ALL,Category Focus,Property Crime,9,8,2025-11-07,2025-12-04,2025-12-05,2026-01-01,42.3340146833249,-83.0431303273926,Greektown,Beaubien St & E Lafayette St
882ab2c58dfffff,30,32,Persistent Hotspot,2,6.67,46.2,ALL,Category Focus,Property Crime,9,8,2025-11-07,2025-12-04,2025-12-05,2026-01-01,42.3325162414365,-83.0493954373665,Downtown,John R St & Woodward Ave
882ab2c5e3fffff,25,29,Persistent Hotspot,4,16.0,45.15,ALL,Category Focus,Property Crime,9,8,2025-11-07,2025-12-04,2025-12-05,2026-01-01,42.3323027840917,-83.057812497388,Downtown,Bagley St & 3rd St
882ab2c603fffff,11,18,Persistent Hotspot,7,63.64,34.8,ALL,Category Focus,Property Crime,9,8,2025-11-07,2025-12-04,2025-12-05,2026-01-01,42.4029894505433,-82.9399556381637,Morningside,Audubon Rd & E Warren Ave
882ab2c517fffff,24,20,Persistent Hotspot,-4,-16.67,27.0,ALL,Category Focus,Property Crime,9,8,2025-11-07,2025-12-04,2025-12-05,2026-01-01,42.3547448078777,-83.0636943175046,Midtown,W Hancock St & Woodward Ave
882ab2c1b7fffff,9,14,Persistent Hotspot,5,55.56,26.4,ALL,Category Focus,Property Crime,9,8,2025-11-07,2025-12-04,2025-12-05,2026-01-01,42.415851144836296,-83.20139796128575,Crary/St Marys,Greenfield Rd & Verne St
882ab2c5ebfffff,13,16,Persistent Hotspot,3,23.08,26.1,ALL,Category Focus,Property Crime,9,8,2025-11-07,2025-12-04,2025-12-05,2026-01-01,42.3369889568907,-83.0517817737465,Downtown,Woodward Ave & E Adams Ave
882ab2c5edfffff,14,16,Persistent Hotspot,2,14.29,24.6,ALL,Category Focus,Property Crime,9,8,2025-11-07,2025-12-04,2025-12-05,2026-01-01,42.3487242716004,-83.0687031319813,Midtown,W Alexandrine St & 2nd Ave
882ab2c647fffff,13,15,Persistent Hotspot,2,15.38,23.25,ALL,Category Focus,Property Crime,9,8,2025-11-07,2025-12-04,2025-12-05,2026-01-01,42.4244778056882,-82.9407430774162,Moross-Morang,Casino St & Somerset Ave
882ab2c60dfffff,10,13,Persistent Hotspot,3,30.0,22.05,ALL,Category Focus,Property Crime,9,8,2025-11-07,2025-12-04,2025-12-05,2026-01-01,42.4197410360825,-82.9462573545625,Yorkshire Woods,Nottingham Rd & Britain St
882ab2c605fffff,9,12,Persistent Hotspot,3,33.33,20.7,ALL,Category Focus,Property Crime,9,8,2025-11-07,2025-12-04,2025-12-05,2026-01-01,42.41182849365295,-82.9542600506487,Outer Drive-Hayes,Beaconsfield St & Courville St
882ab2cc67fffff,9,12,Persistent Hotspot,3,33.33,20.7,ALL,Category Focus,Property Crime,9,8,2025-11-07,2025-12-04,2025-12-05,2026-01-01,42.35570902059675,-83.2347281579616,Warrendale,Evergreen Rd & Joy Rd
882ab2c66bfffff,16,15,Persistent Hotspot,-1,-6.25,20.25,ALL,Category Focus,Property Crime,9,8,2025-11-07,2025-12-04,2025-12-05,2026-01-01,42.42632688143855,-82.9499411616721,Moross-Morang,Lakepointe St & Morang Dr
882ab2c5e1fffff,17,14,Persistent Hotspot,-3,-17.65,18.9,ALL,Category Focus,Property Crime,9,8,2025-11-07,2025-12-04,2025-12-05,2026-01-01,42.3394921948913,-83.0664991055863,Midtown,Grand River Ave & S M 10
882ab2d5b7fffff,11,12,Persistent Hotspot,1,9.09,17.7,ALL,Category Focus,Property Crime,9,8,2025-11-07,2025-12-04,2025-12-05,2026-01-01,42.4383595504994,-82.9889717563696,Pulaski,E 7 Mile Rd & Schoenherr St
882ab2c439fffff,21,13,Persistent Hotspot,-8,-38.1,17.55,ALL,Category Focus,Property Crime,9,8,2025-11-07,2025-12-04,2025-12-05,2026-01-01,42.3519526429914,-82.9967383380492,West Village,E Jefferson Ave & Parker St
882ab2c5c3fffff,14,13,Persistent Hotspot,-1,-7.14,17.55,ALL,Category Focus,Property Crime,9,8,2025-11-07,2025-12-04,2025-12-05,2026-01-01,42.3364259425427,-83.0292011368974,Lafayette Park,Saint Aubin St & E Larned St
882ab2c5e9fffff,22,13,Persistent Hotspot,-9,-40.91,17.55,ALL,Category Focus,Property Crime,9,8,2025-11-07,2025-12-04,2025-12-05,2026-01-01,42.346487742123,-83.0580336249676,Midtown,Eliot St & Woodward Ave
882ab2c53bfffff,10,11,Persistent Hotspot,1,10.0,16.35,ALL,Category Focus,Property Crime,9,8,2025-11-07,2025-12-04,2025-12-05,2026-01-01,42.3546909528293,-83.0731579493817,Wayne State,Anthony Wayne Dr & 3rd St
882ab2c663fffff,10,11,Persistent Hotspot,1,10.0,16.35,ALL,Category Focus,Property Crime,9,8,2025-11-07,2025-12-04,2025-12-05,2026-01-01,42.4203963608699,-82.9577493746717,Denby,Grayton St & Lansdowne St
882ab2c669fffff,10,11,Persistent Hotspot,1,10.0,16.35,ALL,Category Focus,Property Crime,9,8,2025-11-07,2025-12-04,2025-12-05,2026-01-01,42.4331934041443,-82.9549172238386,Mapleridge,Kelly Rd & Linnhurst St
882ab2c53dfffff,14,12,Persistent Hotspot,-2,-14.29,16.2,ALL,Category Focus,Property Crime,9,8,2025-11-07,2025-12-04,2025-12-05,2026-01-01,42.364597989538,-83.0938448650044,LaSalle Gardens,W Grand Blvd & Hanover St
882ab2ce51fffff,17,12,Persistent Hotspot,-5,-29.41,16.2,ALL,Category Focus,Property Crime,9,8,2025-11-07,2025-12-04,2025-12-05,2026-01-01,42.3909329578329,-83.1254968552373,Dexter-Linwood,Dexter Ave & Waverly
882ab2d5b5fffff,21,12,Persistent Hotspot,-9,-42.86,16.2,ALL,Category Focus,Property Crime,9,8,2025-11-07,2025-12-04,2025-12-05,2026-01-01,42.4456739782067,-82.9916402776304,Conner Creek,Fairport St & Bringard Dr
882ab2ce6bfffff,9,10,Persistent Hotspot,1,11.11,15.0,ALL,Category Focus,Property Crime,9,8,2025-11-07,2025-12-04,2025-12-05,2026-01-01,42.4025284332423,-83.1651004313549,Bethune Community,Fenkell St & Wyoming St
882ab2c62bfffff,11,11,Persistent Hotspot,0,0.0,14.85,ALL,Category Focus,Property Crime,9,8,2025-11-07,2025-12-04,2025-12-05,2026-01-01,42.4065719044079,-82.9643445990192,Outer Drive-Hayes,Chalmers St & Kent St
882ab2ce69fffff,14,11,Persistent Hotspot,-3,-21.43,14.85,ALL,Category Focus,Property Crime,9,8,2025-11-07,2025-12-04,2025-12-05,2026-01-01,42.41199469544685,-83.1698402050922,Fitzgerald/Marygrove,Florence St & Mendota St
882ab2cf4bfffff,11,11,Persistent Hotspot,0,0.0,14.85,ALL,Category Focus,Property Crime,9,8,2025-11-07,2025-12-04,2025-12-05,2026-01-01,42.4155656036928,-83.2145581138045,College Park,N M 39 & W McNichols Rd
882ab2c0d1fffff,13,10,Persistent Hotspot,-3,-23.08,13.5,ALL,Category Focus,Property Crime,9,8,2025-11-07,2025-12-04,2025-12-05,2026-01-01,42.4355909483518,-83.0735405934336,Pershing,Charest St & E Lantz St
882ab2c1b9fffff,10,10,Persistent Hotspot,0,0.0,13.5,ALL,Category Focus,Property Crime,9,8,2025-11-07,2025-12-04,2025-12-05,2026-01-01,42.4273222133839,-83.18755904420081,Winship,Margareta St & Mark Twain St
882ab2c507fffff,20,10,Persistent Hotspot,-10,-50.0,13.5,ALL,Category Focus,Property Crime,9,8,2025-11-07,2025-12-04,2025-12-05,2026-01-01,42.3697335528948,-83.08170174424,Virginia Park Community,W Grand Blvd & Lincoln St
882ab2c527fffff,17,10,Persistent Hotspot,-7,-41.18,13.5,ALL,Category Focus,Property Crime,9,8,2025-11-07,2025-12-04,2025-12-05,2026-01-01,42.3687090022666,-83.1138186796188,Jamison,Atkinson St & Dexter Ave
882ab2c529fffff,13,10,Persistent Hotspot,-3,-23.08,13.5,ALL,Category Focus,Property Crime,9,8,2025-11-07,2025-12-04,2025-12-05,2026-01-01,42.38104713800355,-83.098032597983,Boston Edison,W Boston Blvd & N M 10 Service Drive
882ab2c5c1fffff,15,10,Persistent Hotspot,-5,-33.33,13.5,ALL,Category Focus,Property Crime,9,8,2025-11-07,2025-12-04,2025-12-05,2026-01-01,42.3423666128366,-83.0379321607677,Lafayette Park,Pembridge Pl & Saint Aubin St
882ab2c61dfffff,10,9,Persistent Hotspot,-1,-10.0,12.15,ALL,Category Focus,Property Crime,9,8,2025-11-07,2025-12-04,2025-12-05,2026-01-01,42.4013216575509,-82.9277006185038,East English Village,Harvard Rd & Waveney St
882ab2cc2bfffff,9,9,Persistent Hotspot,0,0.0,12.15,ALL,Category Focus,Property Crime,9,8,2025-11-07,2025-12-04,2025-12-05,2026-01-01,42.3396077393422,-83.22680751775106,Warrendale,Warwick St & Whitlock St
882ab2ce33fffff,12,9,Persistent Hotspot,-3,-25.0,12.15,ALL,Category Focus,Property Crime,9,8,2025-11-07,2025-12-04,2025-12-05,2026-01-01,42.3597662727578,-83.1641413385951,Barton-McFarland,Ellis St & Meyers Rd
882ab2ce49fffff,10,9,Persistent Hotspot,-1,-10.0,12.15,ALL,Category Focus,Property Crime,9,8,2025-11-07,2025-12-04,2025-12-05,2026-01-01,42.41475945047815,-83.1417270778599,Fitzgerald/Marygrove,Stoepel St & Florence St
882ab2ce4dfffff,20,9,Persistent Hotspot,-11,-55.0,12.15,ALL,Category Focus,Property Crime,9,8,2025-11-07,2025-12-04,2025-12-05,2026-01-01,42.41713248022035,-83.1491035149803,Bagley,San Juan Dr & W McNichols Rd
882ab2ce6dfffff,16,9,Persistent Hotspot,-7,-43.75,12.15,ALL,Category Focus,Property Crime,9,8,2025-11-07,2025-12-04,2025-12-05,2026-01-01,42.4118076305669,-83.1797983731317,Harmony Village,Schaefer Hwy & W McNichols Rd
882ab2cf09fffff,9,9,Persistent Hotspot,0,0.0,12.15,ALL,Category Focus,Property Crime,9,8,2025-11-07,2025-12-04,2025-12-05,2026-01-01,42.4039882458279,-83.2259135822917,Rosedale Park,Grand River Ave & Glastonbury Ave
882ab2cf49fffff,9,9,Persistent Hotspot,0,0.0,12.15,ALL,Category Focus,Property Crime,9,8,2025-11-07,2025-12-04,2025-12-05,2026-01-01,42.4248549880698,-83.2179256175138,College Park,Margareta St & Lindsay St
882ab2c1b5fffff,9,8,Persistent Hotspot,-1,-11.11,10.8,ALL,Category Focus,Property Crime,9,8,2025-11-07,2025-12-04,2025-12-05,2026-01-01,42.4230381823384,-83.20823202955845,College Park,Thatcher St & Ferguson St
882ab2c5c9fffff,13,8,Persistent Hotspot,-5,-38.46,10.8,ALL,Category Focus,Property Crime,9,8,2025-11-07,2025-12-04,2025-12-05,2026-01-01,42.3502542019417,-83.0302985615252,Elmwood Park,Prince Hall Dr & Chene St
882ab2c609fffff,11,8,Persistent Hotspot,-3,-27.27,10.8,ALL,Category Focus,Property Crime,9,8,2025-11-07,2025-12-04,2025-12-05,2026-01-01,42.4171371230563,-82.9366282920503,Yorkshire Woods,Harper Ave & Cadieux Rd
882ab2c625fffff,10,8,Persistent Hotspot,-2,-20.0,10.8,ALL,Category Focus,Property Crime,9,8,2025-11-07,2025-12-04,2025-12-05,2026-01-01,42.4093221818329,-82.9841299069008,Wade,Roseberry St & Longview St
882ab2c759fffff,9,8,Persistent Hotspot,-1,-11.11,10.8,ALL,Category Focus,Property Crime,9,8,2025-11-07,2025-12-04,2025-12-05,2026-01-01,42.429528610671994,-82.98540618260719,Franklin,Pelkey St & Greiner St
882ab2cc65fffff,11,8,Persistent Hotspot,-3,-27.27,10.8,ALL,Category Focus,Property Crime,9,8,2025-11-07,2025-12-04,2025-12-05,2026-01-01,42.36292124299095,-83.238484125039,Franklin Park,W Chicago St & Heyden St
882ab2ce41fffff,9,8,Persistent Hotspot,-1,-11.11,10.8,ALL,Category Focus,Property Crime,9,8,2025-11-07,2025-12-04,2025-12-05,2026-01-01,42.4075473870695,-83.1461042788721,Fitzgerald/Marygrove,Monica St & Keeler Ave
882ab2ce53fffff,11,8,Persistent Hotspot,-3,-27.27,10.8,ALL,Category Focus,Property Crime,9,8,2025-11-07,2025-12-04,2025-12-05,2026-01-01,42.385027958062,-83.12032786618616,Dexter-Linwood,Richton St & Linwood St
882ab2c1a3fffff,14,7,Declining Hotspot,-7,-50.0,7.0,ALL,Category Focus,Property Crime,9,8,2025-11-07,2025-12-04,2025-12-05,2026-01-01,42.4302920458498,-83.2117228159554,Greenfield,Oakfield St & W 7 Mile Rd
882ab2c1bdfffff,9,7,Declining Hotspot,-2,-22.22,7.0,ALL,Category Focus,Property Crime,9,8,2025-11-07,2025-12-04,2025-12-05,2026-01-01,42.430408907993,-83.1997223474086,San Bernardo,Prest St & W 7 Mile Rd
882ab2c501fffff,9,7,Declining Hotspot,-2,-22.22,7.0,ALL,Category Focus,Property Crime,9,8,2025-11-07,2025-12-04,2025-12-05,2026-01-01,42.3760635916825,-83.0774215036196,North End,Seward St & Virginia Park Ct
882ab2c601fffff,15,7,Declining Hotspot,-8,-53.33,7.0,ALL,Category Focus,Property Crime,9,8,2025-11-07,2025-12-04,2025-12-05,2026-01-01,42.4101998614238,-82.9421318183079,Morningside,Chandler Park Dr & Yorkshire Rd
882ab2c639fffff,16,7,Declining Hotspot,-9,-56.25,7.0,ALL,Category Focus,Property Crime,9,8,2025-11-07,2025-12-04,2025-12-05,2026-01-01,42.396523205589645,-82.94466548995295,Morningside,E Warren Ave & Berkshire St
882ab2c719fffff,12,7,Declining Hotspot,-5,-41.67,7.0,ALL,Category Focus,Property Crime,9,8,2025-11-07,2025-12-04,2025-12-05,2026-01-01,42.4085834761448,-82.9950846370677,Gratiot-Findlay,Gunston St & Gratiot Ave
882ab2cc49fffff,9,7,Declining Hotspot,-2,-22.22,7.0,ALL,Category Focus,Property Crime,9,8,2025-11-07,2025-12-04,2025-12-05,2026-01-01,42.3704358941496,-83.1899171234106,Plymouth-Hubbell,Plymouth Rd & Strathmoor St
882ab2cd49fffff,10,7,Declining Hotspot,-3,-30.0,7.0,ALL,Category Focus,Property Crime,9,8,2025-11-07,2025-12-04,2025-12-05,2026-01-01,42.3810030180834,-83.2721412434479,Castle Rouge,Appleton St & Glendale St
882ab2ce07fffff,13,7,Declining Hotspot,-6,-46.15,7.0,ALL,Category Focus,Property Crime,9,8,2025-11-07,2025-12-04,2025-12-05,2026-01-01,42.3805794690386,-83.16476764865536,Grand River-I96,Grand River Ave & Griggs St
882ab2ce45fffff,9,7,Declining Hotspot,-2,-22.22,7.0,ALL,Category Focus,Property Crime,9,8,2025-11-07,2025-12-04,2025-12-05,2026-01-01,42.40973788804895,-83.1573322674889,Fitzgerald/Marygrove,Puritan St & Northlawn St
882ab2ce57fffff,9,7,Declining Hotspot,-2,-22.22,7.0,ALL,Category Focus,Property Crime,9,8,2025-11-07,2025-12-04,2025-12-05,2026-01-01,42.3859734201848,-83.1339608753184,Russell Woods,Petoskey Ave & W Davison St
882ab2ce65fffff,10,7,Declining Hotspot,-3,-30.0,7.0,ALL,Category Focus,Property Crime,9,8,2025-11-07,2025-12-04,2025-12-05,2026-01-01,42.4071639391402,-83.1877625171532,Bethune Community,Puritan St & Hubbell St
882ab2cf51fffff,9,7,Declining Hotspot,-2,-22.22,7.0,ALL,Category Focus,Property Crime,9,8,2025-11-07,2025-12-04,2025-12-05,2026-01-01,42.4030666206595,-83.2074096504793,Crary/St Marys,Keeler St & Ferguson St
882ab2d5bbfffff,15,7,Declining Hotspot,-8,-53.33,7.0,ALL,Category Focus,Property Crime,9,8,2025-11-07,2025-12-04,2025-12-05,2026-01-01,42.4434084434849,-82.970791942545,Regent Park,Queen St & Rossini Dr
882ab2c0ddfffff,10,6,Declining Hotspot,-4,-40.0,6.0,ALL,Category Focus,Property Crime,9,8,2025-11-07,2025-12-04,2025-12-05,2026-01-01,42.4425478145773,-83.0763451898483,Butler,Harned St & E Outer Dr
882ab2c1bbfffff,9,6,Declining Hotspot,-3,-33.33,6.0,ALL,Category Focus,Property Crime,9,8,2025-11-07,2025-12-04,2025-12-05,2026-01-01,42.4201758426176,-83.182342101538,Winship,Lesure St & W Outer Dr
882ab2c503fffff,11,6,Declining Hotspot,-5,-45.45,6.0,ALL,Category Focus,Property Crime,9,8,2025-11-07,2025-12-04,2025-12-05,2026-01-01,42.3690367401692,-83.0721031760376,Milwaukee Junction,Piquette St & Brush St
882ab2c615fffff,11,6,Declining Hotspot,-5,-45.45,6.0,ALL,Category Focus,Property Crime,9,8,2025-11-07,2025-12-04,2025-12-05,2026-01-01,42.395077046472,-82.9367206866718,Morningside,Devonshire Rd & Bremen St
882ab2cc45fffff,12,6,Declining Hotspot,-6,-50.0,6.0,ALL,Category Focus,Property Crime,9,8,2025-11-07,2025-12-04,2025-12-05,2026-01-01,42.365285439154,-83.2095166589743,Joy Community,Orangelawn St & Rutland St
882ab2cc61fffff,11,6,Declining Hotspot,-5,-45.45,6.0,ALL,Category Focus,Property Crime,9,8,2025-11-07,2025-12-04,2025-12-05,2026-01-01,42.3611596478804,-83.226246313219,Franklin Park,Artesian St & Joy Rd
882ab2cc69fffff,11,6,Declining Hotspot,-5,-45.45,6.0,ALL,Category Focus,Property Crime,9,8,2025-11-07,2025-12-04,2025-12-05,2026-01-01,42.3673550176978,-83.22027784620084,Franklin Park,Weaver St & Rosemont Ave
882ab2ce47fffff,11,6,Declining Hotspot,-5,-45.45,6.0,ALL,Category Focus,Property Crime,9,8,2025-11-07,2025-12-04,2025-12-05,2026-01-01,42.4010902320439,-83.1543166634489,Chalfonte,Cherrylawn St & Eaton St
882ab2cf59fffff,9,6,Declining Hotspot,-3,-33.33,6.0,ALL,Category Focus,Property Crime,9,8,2025-11-07,2025-12-04,2025-12-05,2026-01-01,42.4070895343585,-83.1977446692344,Belmont,Greenfield Rd & Puritan St
882ab2d591fffff,9,6,Declining Hotspot,-3,-33.33,6.0,ALL,Category Focus,Property Crime,9,8,2025-11-07,2025-12-04,2025-12-05,2026-01-01,42.4474714071389,-82.9512884625627,Regent Park,Fairmount Dr & Cordell St
882ab2d597fffff,12,6,Declining Hotspot,-6,-50.0,6.0,ALL,Category Focus,Property Crime,9,8,2025-11-07,2025-12-04,2025-12-05,2026-01-01,42.4409743980614,-82.9583946901877,Regent Park,Tacoma St & Rex St
882ab2c1d7fffff,13,5,Declining Hotspot,-8,-61.54,5.0,ALL,Category Focus,Property Crime,9,8,2025-11-07,2025-12-04,2025-12-05,2026-01-01,42.4408096985575,-83.1610973329709,Garden Homes,Indiana St & Chippewa St
882ab2c62dfffff,10,5,Declining Hotspot,-5,-50.0,5.0,ALL,Category Focus,Property Crime,9,8,2025-11-07,2025-12-04,2025-12-05,2026-01-01,42.4139943645256,-82.97652654591519,Eden Gardens,Rosemary Ave & Coplin St
882ab2ce13fffff,9,5,Declining Hotspot,-4,-44.44,5.0,ALL,Category Focus,Property Crime,9,8,2025-11-07,2025-12-04,2025-12-05,2026-01-01,42.3626085651066,-83.1330107647866,Midwest,Northfield St & Joy Rd
882ab2cf53fffff,10,5,Declining Hotspot,-5,-50.0,5.0,ALL,Category Focus,Property Crime,9,8,2025-11-07,2025-12-04,2025-12-05,2026-01-01,42.393900927103,-83.2015047170285,Greenfield-Grand River,Acacia St & Forrer St
882ab2cf6bfffff,14,5,Declining Hotspot,-9,-64.29,5.0,ALL,Category Focus,Property Crime,9,8,2025-11-07,2025-12-04,2025-12-05,2026-01-01,42.41156466965455,-83.244250479248,Holcomb Community,Grand River Ave & Patton St
882ab2c5c5fffff,9,4,Declining Hotspot,-5,-55.56,4.0,ALL,Category Focus,Property Crime,9,8,2025-11-07,2025-12-04,2025-12-05,2026-01-01,42.3446515628921,-83.0509682419891,Brush Park,Alfred St & Brush St
882ab2c607fffff,12,4,Declining Hotspot,-8,-66.67,4.0,ALL,Category Focus,Property Crime,9,8,2025-11-07,2025-12-04,2025-12-05,2026-01-01,42.4027898337408,-82.94904862188,Morningside,Southampton St & Somerset Ave
882ab2c657fffff,9,4,Declining Hotspot,-5,-55.56,4.0,ALL,Category Focus,Property Crime,9,8,2025-11-07,2025-12-04,2025-12-05,2026-01-01,42.4083309050742,-82.9203776544084,Cornerstone Village,E Warren Ave & Lodewyck St
882ab2c745fffff,9,4,Declining Hotspot,-5,-55.56,4.0,ALL,Category Focus,Property Crime,9,8,2025-11-07,2025-12-04,2025-12-05,2026-01-01,42.4436061204028,-83.0246669703729,Sherwood,Milbank St & Spencer St
882ab2ce43fffff,9,4,Declining Hotspot,-5,-55.56,4.0,ALL,Category Focus,Property Crime,9,8,2025-11-07,2025-12-04,2025-12-05,2026-01-01,42.400394113821,-83.1412289140711,Chalfonte,Chalfonte St & Stoepel St
882ab2ce59fffff,10,4,Declining Hotspot,-6,-60.0,4.0,ALL,Category Focus,Property Crime,9,8,2025-11-07,2025-12-04,2025-12-05,2026-01-01,42.3957041475136,-83.119676552736,Oakman Blvd Community,W Grand St & La Salle Blvd
882ab2ce61fffff,10,4,Declining Hotspot,-6,-60.0,4.0,ALL,Category Focus,Property Crime,9,8,2025-11-07,2025-12-04,2025-12-05,2026-01-01,42.4039669003558,-83.1770453257813,Bethune Community,Schaefer Hwy & Keeler Ave
882ab2cee1fffff,9,4,Declining Hotspot,-5,-55.56,4.0,ALL,Category Focus,Property Crime,9,8,2025-11-07,2025-12-04,2025-12-05,2026-01-01,42.3535457172177,-83.14652998379975,Midwest,Belton St & Roselawn St
882ab2c751fffff,11,3,Declining Hotspot,-8,-72.73,3.0,ALL,Category Focus,Property Crime,9,8,2025-11-07,2025-12-04,2025-12-05,2026-01-01,42.4246922790897,-82.9923571074944,Von Steuben,Waltham St & Nashville St
882ab2cc05fffff,11,3,Declining Hotspot,-8,-72.73,3.0,ALL,Category Focus,Property Crime,9,8,2025-11-07,2025-12-04,2025-12-05,2026-01-01,42.3434016908208,-83.2207891741072,Warrendale,Sawyer St & Greenview Ave
882ab2ce3dfffff,14,3,Declining Hotspot,-11,-78.57,3.0,ALL,Category Focus,Property Crime,9,8,2025-11-07,2025-12-04,2025-12-05,2026-01-01,42.3755502420246,-83.1706008487181,Pride Area Community,Wadsworth St & Appoline
882ab2c431fffff,15,2,Declining Hotspot,-13,-86.67,2.0,ALL,Category Focus,Property Crime,9,8,2025-11-07,2025-12-04,2025-12-05,2026-01-01,42.345732473251,-83.00686044990775,Islandview,E Congress St & Meldrum St
882ab2c8d9fffff,9,2,Declining Hotspot,-7,-77.78,2.0,ALL,Category Focus,Property Crime,9,8,2025-11-07,2025-12-04,2025-12-05,2026-01-01,42.4168750262246,-83.2787157828067,The Eye,Woodbine St & Santa Maria St
882ab2cc5dfffff,9,2,Declining Hotspot,-7,-77.78,2.0,ALL,Category Focus,Property Crime,9,8,2025-11-07,2025-12-04,2025-12-05,2026-01-01,42.3536888078032,-83.1784750395891,Joy-Schaefer,Belton St & Carlin St
882ab2cf19fffff,9,2,Declining Hotspot,-7,-77.78,2.0,ALL,Category Focus,Property Crime,9,8,2025-11-07,2025-12-04,2025-12-05,2026-01-01,42.3869129487853,-83.209113687157,Grandmont,Rutland St & Kendall St
882ab2c5a9fffff,11,1,Declining Hotspot,-10,-90.91,1.0,ALL,Category Focus,Property Crime,9,8,2025-11-07,2025-12-04,2025-12-05,2026-01-01,42.3292267813546,-83.0695293007603,Corktown,10th St & Leverette St
882ab2cc6bfffff,9,1,Declining Hotspot,-8,-88.89,1.0,ALL,Category Focus,Property Crime,9,8,2025-11-07,2025-12-04,2025-12-05,2026-01-01,42.3578434353762,-83.2168902458939,Franklin Park,Joy Rd & S M 39 Service Drive
882ab2cee1fffff,0,5,New Hotspot,5,,12.5,02,Crime Type,AGGRAVATED ASSAULT,3,3,2025-11-07,2025-12-04,2025-12-05,2026-01-01,42.3535457172177,-83.14652998379975,Midwest,Belton St & Roselawn St
882ab2cc49fffff,3,3,Persistent Hotspot,0,0.0,4.05,02,Crime Type,AGGRAVATED ASSAULT,3,3,2025-11-07,2025-12-04,2025-12-05,2026-01-01,42.3704358941496,-83.1899171234106,Plymouth-Hubbell,Plymouth Rd & Strathmoor St
882ab2ce2dfffff,5,3,Persistent Hotspot,-2,-40.0,4.05,02,Crime Type,AGGRAVATED ASSAULT,3,3,2025-11-07,2025-12-04,2025-12-05,2026-01-01,42.3943851869428,-83.1906048808923,Hubbell-Lyndon,Whitcomb St & Lyndon St
882ab2ce65fffff,5,3,Persistent Hotspot,-2,-40.0,4.05,02,Crime Type,AGGRAVATED ASSAULT,3,3,2025-11-07,2025-12-04,2025-12-05,2026-01-01,42.4071639391402,-83.1877625171532,Bethune Community,Puritan St & Hubbell St
882ab2ce03fffff,3,2,Declining Hotspot,-1,-33.33,2.0,02,Crime Type,AGGRAVATED ASSAULT,3,3,2025-11-07,2025-12-04,2025-12-05,2026-01-01,42.379105225082654,-83.15271318325955,Littlefield Community,Cherrylawn St & W Buena Vista St
882ab2ce39fffff,3,2,Declining Hotspot,-1,-33.33,2.0,02,Crime Type,AGGRAVATED ASSAULT,3,3,2025-11-07,2025-12-04,2025-12-05,2026-01-01,42.3735129829966,-83.1585663314181,Barton-McFarland,Plymouth Rd & Wyoming St
882ab2cf5bfffff,3,2,Declining Hotspot,-1,-33.33,2.0,02,Crime Type,AGGRAVATED ASSAULT,3,3,2025-11-07,2025-12-04,2025-12-05,2026-01-01,42.40150199439465,-83.1960751937683,Hubbell-Lyndon,Greenfield Rd & Chalfonte St
882ab2ce21fffff,5,0,Declining Hotspot,-5,-100.0,0.0,02,Crime Type,AGGRAVATED ASSAULT,3,3,2025-11-07,2025-12-04,2025-12-05,2026-01-01,42.3840723904856,-83.1881766848726,Schoolcraft Southfield,Grand River Ave & Strathmoor St
882ab2c53dfffff,0,4,New Hotspot,4,,10.0,03,Crime Type,AGGRAVATED ASSAULT,3,3,2025-11-07,2025-12-04,2025-12-05,2026-01-01,42.364597989538,-83.0938448650044,LaSalle Gardens,W Grand Blvd & Hanover St
882ab2c511fffff,0,3,New Hotspot,3,,7.5,03,Crime Type,AGGRAVATED ASSAULT,3,3,2025-11-07,2025-12-04,2025-12-05,2026-01-01,42.3601854216103,-83.0590853182331,Medical Center,Brush St & E Warren Ave
882ab2c5ebfffff,3,3,Persistent Hotspot,0,0.0,4.05,03,Crime Type,AGGRAVATED ASSAULT,3,3,2025-11-07,2025-12-04,2025-12-05,2026-01-01,42.3369889568907,-83.0517817737465,Downtown,Woodward Ave & E Adams Ave
882ab2c58dfffff,3,2,Declining Hotspot,-1,-33.33,2.0,03,Crime Type,AGGRAVATED ASSAULT,3,3,2025-11-07,2025-12-04,2025-12-05,2026-01-01,42.3325162414365,-83.0493954373665,Downtown,John R St & Woodward Ave
882ab2c5e9fffff,5,1,Declining Hotspot,-4,-80.0,1.0,03,Crime Type,AGGRAVATED ASSAULT,3,3,2025-11-07,2025-12-04,2025-12-05,2026-01-01,42.346487742123,-83.0580336249676,Midtown,Eliot St & Woodward Ave
882ab2ce8bfffff,0,4,New Hotspot,4,,10.0,04,Crime Type,AGGRAVATED ASSAULT,3,3,2025-11-07,2025-12-04,2025-12-05,2026-01-01,42.331163128617,-83.1155268312082,Chadsey Condon,Military St & Buchanan St
882ab2cc93fffff,1,3,Emerging Hotspot,2,200.0,6.0,04,Crime Type,AGGRAVATED ASSAULT,3,3,2025-11-07,2025-12-04,2025-12-05,2026-01-01,42.2666572840668,-83.1560066412194,Boynton,S Annabelle St & Omaha St
882ab21b6dfffff,3,1,Declining Hotspot,-2,-66.67,1.0,04,Crime Type,AGGRAVATED ASSAULT,3,3,2025-11-07,2025-12-04,2025-12-05,2026-01-01,42.3051494751125,-83.1234476758195,Springwells,Springwells St & Homer St
882ab21b61fffff,3,0,Declining Hotspot,-3,-100.0,0.0,04,Crime Type,AGGRAVATED ASSAULT,3,3,2025-11-07,2025-12-04,2025-12-05,2026-01-01,42.2932929282202,-83.11779525466275,Delray,S Yale St & Vanderbilt St
882ab2c63bfffff,0,3,New Hotspot,3,,7.5,05,Crime Type,AGGRAVATED ASSAULT,3,3,2025-11-07,2025-12-04,2025-12-05,2026-01-01,42.38827161690155,-82.9435361350442,Morningside,Lakepointe St & Mack Ave
882ab2c643fffff,1,4,Emerging Hotspot,3,300.0,8.5,05,Crime Type,AGGRAVATED ASSAULT,3,3,2025-11-07,2025-12-04,2025-12-05,2026-01-01,42.4217086952154,-82.92813607488735,Cornerstone Village,Chester St & University Pl
882ab2c601fffff,3,3,Persistent Hotspot,0,0.0,4.05,05,Crime Type,AGGRAVATED ASSAULT,3,3,2025-11-07,2025-12-04,2025-12-05,2026-01-01,42.4101998614238,-82.9421318183079,Morningside,Chandler Park Dr & Yorkshire Rd
882ab2c443fffff,4,2,Declining Hotspot,-2,-50.0,2.0,05,Crime Type,AGGRAVATED ASSAULT,3,3,2025-11-07,2025-12-04,2025-12-05,2026-01-01,42.377743211354,-82.9799510638653,West End,Fairview St & Goethe Ave
882ab2c447fffff,3,1,Declining Hotspot,-2,-66.67,1.0,05,Crime Type,AGGRAVATED ASSAULT,3,3,2025-11-07,2025-12-04,2025-12-05,2026-01-01,42.3818670823092,-82.9909691789616,East Canfield,E Forest Ave & Saint Clair St
882ab2c603fffff,3,1,Declining Hotspot,-2,-66.67,1.0,05,Crime Type,AGGRAVATED ASSAULT,3,3,2025-11-07,2025-12-04,2025-12-05,2026-01-01,42.4029894505433,-82.9399556381637,Morningside,Audubon Rd & E Warren Ave
882ab2c639fffff,3,1,Declining Hotspot,-2,-66.67,1.0,05,Crime Type,AGGRAVATED ASSAULT,3,3,2025-11-07,2025-12-04,2025-12-05,2026-01-01,42.396523205589645,-82.94466548995295,Morningside,E Warren Ave & Berkshire St
882ab2cc29fffff,0,5,New Hotspot,5,,12.5,06,Crime Type,AGGRAVATED ASSAULT,3,3,2025-11-07,2025-12-04,2025-12-05,2026-01-01,42.3468525586803,-83.2295763766551,Warrendale,W Warren Ave & Grandville Ave
882ab2cc2bfffff,2,5,Emerging Hotspot,3,150.0,9.5,06,Crime Type,AGGRAVATED ASSAULT,3,3,2025-11-07,2025-12-04,2025-12-05,2026-01-01,42.3396077393422,-83.22680751775106,Warrendale,Warwick St & Whitlock St
882ab2cc69fffff,3,3,Persistent Hotspot,0,0.0,4.05,06,Crime Type,AGGRAVATED ASSAULT,3,3,2025-11-07,2025-12-04,2025-12-05,2026-01-01,42.3673550176978,-83.22027784620084,Franklin Park,Weaver St & Rosemont Ave
882ab2cc05fffff,5,2,Declining Hotspot,-3,-60.0,2.0,06,Crime Type,AGGRAVATED ASSAULT,3,3,2025-11-07,2025-12-04,2025-12-05,2026-01-01,42.3434016908208,-83.2207891741072,Warrendale,Sawyer St & Greenview Ave
882ab2cc45fffff,3,2,Declining Hotspot,-1,-33.33,2.0,06,Crime Type,AGGRAVATED ASSAULT,3,3,2025-11-07,2025-12-04,2025-12-05,2026-01-01,42.365285439154,-83.2095166589743,Joy Community,Orangelawn St & Rutland St
882ab2cc63fffff,3,2,Declining Hotspot,-1,-33.33,2.0,06,Crime Type,AGGRAVATED ASSAULT,3,3,2025-11-07,2025-12-04,2025-12-05,2026-01-01,42.3540669512469,-83.2234171641304,Warrendale,Joy Rd & Greenview Ave
882ab2cc47fffff,4,1,Declining Hotspot,-3,-75.0,1.0,06,Crime Type,AGGRAVATED ASSAULT,3,3,2025-11-07,2025-12-04,2025-12-05,2026-01-01,42.3590625176971,-83.20396735527581,Joy Community,Mansfield St & Kramer St
882ab2cc65fffff,4,1,Declining Hotspot,-3,-75.0,1.0,06,Crime Type,AGGRAVATED ASSAULT,3,3,2025-11-07,2025-12-04,2025-12-05,2026-01-01,42.36292124299095,-83.238484125039,Franklin Park,W Chicago St & Heyden St
882ab2cc6bfffff,3,1,Declining Hotspot,-2,-66.67,1.0,06,Crime Type,AGGRAVATED ASSAULT,3,3,2025-11-07,2025-12-04,2025-12-05,2026-01-01,42.3578434353762,-83.2168902458939,Franklin Park,Joy Rd & S M 39 Service Drive
882ab2cd5bfffff,3,1,Declining Hotspot,-2,-66.67,1.0,06,Crime Type,AGGRAVATED ASSAULT,3,3,2025-11-07,2025-12-04,2025-12-05,2026-01-01,42.3555181567115,-83.2443358607145,Warrendale,Dover St & Braile St
882ab2cd19fffff,3,0,Declining Hotspot,-3,-100.0,0.0,06,Crime Type,AGGRAVATED ASSAULT,3,3,2025-11-07,2025-12-04,2025-12-05,2026-01-01,42.341771569579,-83.25865661373135,Far West Detroit,W Warren Rd & Dacosta
882ab2c5c9fffff,4,1,Declining Hotspot,-3,-75.0,1.0,07,Crime Type,AGGRAVATED ASSAULT,3,3,2025-11-07,2025-12-04,2025-12-05,2026-01-01,42.3502542019417,-83.0302985615252,Elmwood Park,Prince Hall Dr & Chene St
882ab2c5cbfffff,5,1,Declining Hotspot,-4,-80.0,1.0,07,Crime Type,AGGRAVATED ASSAULT,3,3,2025-11-07,2025-12-04,2025-12-05,2026-01-01,42.3410176915525,-83.023266509099,Elmwood Park,E Jefferson Ave & Chene St
882ab2ca9bfffff,1,4,Emerging Hotspot,3,300.0,8.5,08,Crime Type,AGGRAVATED ASSAULT,3,3,2025-11-07,2025-12-04,2025-12-05,2026-01-01,42.4321091650332,-83.234526339214,O'Hair Park,Cambridge Ave & Annchester Rd
882ab2c1a1fffff,1,3,Emerging Hotspot,2,200.0,6.0,08,Crime Type,AGGRAVATED ASSAULT,3,3,2025-11-07,2025-12-04,2025-12-05,2026-01-01,42.4391166911026,-83.2147547019169,Greenfield,Pembroke Ave & Lindsay St
882ab2c1b5fffff,1,3,Emerging Hotspot,2,200.0,6.0,08,Crime Type,AGGRAVATED ASSAULT,3,3,2025-11-07,2025-12-04,2025-12-05,2026-01-01,42.4230381823384,-83.20823202955845,College Park,Thatcher St & Ferguson St
882ab2cf45fffff,2,3,Emerging Hotspot,1,50.0,4.5,08,Crime Type,AGGRAVATED ASSAULT,3,3,2025-11-07,2025-12-04,2025-12-05,2026-01-01,42.419387568202254,-83.2383766583946,Evergreen-Outer Drive,Santa Maria St & Heyden St
882ab2cf5dfffff,3,4,Persistent Hotspot,1,33.33,6.9,08,Crime Type,AGGRAVATED ASSAULT,3,3,2025-11-07,2025-12-04,2025-12-05,2026-01-01,42.4103285053167,-83.2108407677899,Crary/St Marys,Verne St & Biltmore St
882ab2cab1fffff,4,4,Persistent Hotspot,0,0.0,5.4,08,Crime Type,AGGRAVATED ASSAULT,3,3,2025-11-07,2025-12-04,2025-12-05,2026-01-01,42.4290006373133,-83.2777700530693,Five Points,Woodbine St & W 7 Mile Rd
882ab2c1a3fffff,3,1,Declining Hotspot,-2,-66.67,1.0,08,Crime Type,AGGRAVATED ASSAULT,3,3,2025-11-07,2025-12-04,2025-12-05,2026-01-01,42.4302920458498,-83.2117228159554,Greenfield,Oakfield St & W 7 Mile Rd
882ab2cf4bfffff,3,1,Declining Hotspot,-2,-66.67,1.0,08,Crime Type,AGGRAVATED ASSAULT,3,3,2025-11-07,2025-12-04,2025-12-05,2026-01-01,42.4155656036928,-83.2145581138045,College Park,N M 39 & W McNichols Rd
882ab2cf53fffff,3,1,Declining Hotspot,-2,-66.67,1.0,08,Crime Type,AGGRAVATED ASSAULT,3,3,2025-11-07,2025-12-04,2025-12-05,2026-01-01,42.393900927103,-83.2015047170285,Greenfield-Grand River,Acacia St & Forrer St
882ab2c1a7fffff,4,0,Declining Hotspot,-4,-100.0,0.0,08,Crime Type,AGGRAVATED ASSAULT,3,3,2025-11-07,2025-12-04,2025-12-05,2026-01-01,42.4335387451581,-83.2204958980592,O'Hair Park,Fenmore St & W 7 Mile Rd
882ab2c1bdfffff,4,0,Declining Hotspot,-4,-100.0,0.0,08,Crime Type,AGGRAVATED ASSAULT,3,3,2025-11-07,2025-12-04,2025-12-05,2026-01-01,42.430408907993,-83.1997223474086,San Bernardo,Prest St & W 7 Mile Rd
882ab2ca9dfffff,3,0,Declining Hotspot,-3,-100.0,0.0,08,Crime Type,AGGRAVATED ASSAULT,3,3,2025-11-07,2025-12-04,2025-12-05,2026-01-01,42.4401801894522,-83.2465407542521,Evergreen Lahser 7/8,Trojan St & Braile St
882ab2cf0bfffff,3,0,Declining Hotspot,-3,-100.0,0.0,08,Crime Type,AGGRAVATED ASSAULT,3,3,2025-11-07,2025-12-04,2025-12-05,2026-01-01,42.39382103398785,-83.2249988543696,Rosedale Park,Greenview Rd & Lyndon St
882ab2cf6dfffff,4,0,Declining Hotspot,-4,-100.0,0.0,08,Crime Type,AGGRAVATED ASSAULT,3,3,2025-11-07,2025-12-04,2025-12-05,2026-01-01,42.4218922142559,-83.2581934597824,Old Redford,Lahser Rd & Glenco St
882ab2c663fffff,0,4,New Hotspot,4,,10.0,09,Crime Type,AGGRAVATED ASSAULT,3,3,2025-11-07,2025-12-04,2025-12-05,2026-01-01,42.4203963608699,-82.9577493746717,Denby,Grayton St & Lansdowne St
882ab2c669fffff,0,4,New Hotspot,4,,10.0,09,Crime Type,AGGRAVATED ASSAULT,3,3,2025-11-07,2025-12-04,2025-12-05,2026-01-01,42.4331934041443,-82.9549172238386,Mapleridge,Kelly Rd & Linnhurst St
882ab2c66bfffff,1,4,Emerging Hotspot,3,300.0,8.5,09,Crime Type,AGGRAVATED ASSAULT,3,3,2025-11-07,2025-12-04,2025-12-05,2026-01-01,42.42632688143855,-82.9499411616721,Moross-Morang,Lakepointe St & Morang Dr
882ab2d5b1fffff,1,4,Emerging Hotspot,3,300.0,8.5,09,Crime Type,AGGRAVATED ASSAULT,3,3,2025-11-07,2025-12-04,2025-12-05,2026-01-01,42.443187664534804,-82.9804529832112,Mohican Regent,Tacoma St & Hoyt St
882ab2c661fffff,1,3,Emerging Hotspot,2,200.0,6.0,09,Crime Type,AGGRAVATED ASSAULT,3,3,2025-11-07,2025-12-04,2025-12-05,2026-01-01,42.4271921170409,-82.9627670159486,Mapleridge,Troester St & Queen St
882ab2d591fffff,1,3,Emerging Hotspot,2,200.0,6.0,09,Crime Type,AGGRAVATED ASSAULT,3,3,2025-11-07,2025-12-04,2025-12-05,2026-01-01,42.4474714071389,-82.9512884625627,Regent Park,Fairmount Dr & Cordell St
882ab2d5b5fffff,2,3,Emerging Hotspot,1,50.0,4.5,09,Crime Type,AGGRAVATED ASSAULT,3,3,2025-11-07,2025-12-04,2025-12-05,2026-01-01,42.4456739782067,-82.9916402776304,Conner Creek,Fairport St & Bringard Dr
882ab2c605fffff,4,3,Persistent Hotspot,-1,-25.0,4.05,09,Crime Type,AGGRAVATED ASSAULT,3,3,2025-11-07,2025-12-04,2025-12-05,2026-01-01,42.41182849365295,-82.9542600506487,Outer Drive-Hayes,Beaconsfield St & Courville St
882ab2c647fffff,4,3,Persistent Hotspot,-1,-25.0,4.05,09,Crime Type,AGGRAVATED ASSAULT,3,3,2025-11-07,2025-12-04,2025-12-05,2026-01-01,42.4244778056882,-82.9407430774162,Moross-Morang,Casino St & Somerset Ave
882ab2c743fffff,4,2,Declining Hotspot,-2,-50.0,2.0,09,Crime Type,AGGRAVATED ASSAULT,3,3,2025-11-07,2025-12-04,2025-12-05,2026-01-01,42.4324965915188,-83.00944593149815,Mount Olivet,Beland St & Eastwood St
882ab2c759fffff,3,2,Declining Hotspot,-1,-33.33,2.0,09,Crime Type,AGGRAVATED ASSAULT,3,3,2025-11-07,2025-12-04,2025-12-05,2026-01-01,42.429528610671994,-82.98540618260719,Franklin,Pelkey St & Greiner St
882ab2c75dfffff,3,2,Declining Hotspot,-1,-33.33,2.0,09,Crime Type,AGGRAVATED ASSAULT,3,3,2025-11-07,2025-12-04,2025-12-05,2026-01-01,42.4328403240906,-82.9958941815154,Von Steuben,Barlow St & E 7 Mile Rd
882ab2c609fffff,4,1,Declining Hotspot,-3,-75.0,1.0,09,Crime Type,AGGRAVATED ASSAULT,3,3,2025-11-07,2025-12-04,2025-12-05,2026-01-01,42.4171371230563,-82.9366282920503,Yorkshire Woods,Harper Ave & Cadieux Rd
882ab2c60dfffff,3,1,Declining Hotspot,-2,-66.67,1.0,09,Crime Type,AGGRAVATED ASSAULT,3,3,2025-11-07,2025-12-04,2025-12-05,2026-01-01,42.4197410360825,-82.9462573545625,Yorkshire Woods,Nottingham Rd & Britain St
882ab2d5b7fffff,5,1,Declining Hotspot,-4,-80.0,1.0,09,Crime Type,AGGRAVATED ASSAULT,3,3,2025-11-07,2025-12-04,2025-12-05,2026-01-01,42.4383595504994,-82.9889717563696,Pulaski,E 7 Mile Rd & Schoenherr St
882ab2c667fffff,3,0,Declining Hotspot,-3,-100.0,0.0,09,Crime Type,AGGRAVATED ASSAULT,3,3,2025-11-07,2025-12-04,2025-12-05,2026-01-01,42.4207321984601,-82.97000355231705,Mapleridge,Jane St & Chalmers St
882ab2c753fffff,5,0,Declining Hotspot,-5,-100.0,0.0,09,Crime Type,AGGRAVATED ASSAULT,3,3,2025-11-07,2025-12-04,2025-12-05,2026-01-01,42.41714879836,-82.98842155801265,Eden Gardens,Annsbury Ave & Wilfred St
882ab2c755fffff,3,0,Declining Hotspot,-3,-100.0,0.0,09,Crime Type,AGGRAVATED ASSAULT,3,3,2025-11-07,2025-12-04,2025-12-05,2026-01-01,42.4252867726769,-83.0043984036163,Von Steuben,Bradford St & Sauer St
882ab2d5bbfffff,3,0,Declining Hotspot,-3,-100.0,0.0,09,Crime Type,AGGRAVATED ASSAULT,3,3,2025-11-07,2025-12-04,2025-12-05,2026-01-01,42.4434084434849,-82.970791942545,Regent Park,Queen St & Rossini Dr
882ab2cec9fffff,0,5,New Hotspot,5,,12.5,10,Crime Type,AGGRAVATED ASSAULT,3,3,2025-11-07,2025-12-04,2025-12-05,2026-01-01,42.3574279101944,-83.1105133991049,Petoskey-Otsego,W I 96 Service Drive & W Grand Blvd
882ab2c525fffff,0,4,New Hotspot,4,,10.0,10,Crime Type,AGGRAVATED ASSAULT,3,3,2025-11-07,2025-12-04,2025-12-05,2026-01-01,42.377040420023,-83.1174128378397,Dexter-Linwood,Dexter Ave & Collingwood St
882ab2ce55fffff,0,3,New Hotspot,3,,7.5,10,Crime Type,AGGRAVATED ASSAULT,3,3,2025-11-07,2025-12-04,2025-12-05,2026-01-01,42.3924332084077,-83.1397130917558,Oakman Blvd Community,Kendall St & Livernois Ave
882ab2ce5bfffff,1,3,Emerging Hotspot,2,200.0,6.0,10,Crime Type,AGGRAVATED ASSAULT,3,3,2025-11-07,2025-12-04,2025-12-05,2026-01-01,42.3886209069811,-83.1151922896919,Dexter-Linwood,Fullerton St & Linwood St
882ab2ce11fffff,4,3,Persistent Hotspot,-1,-25.0,4.05,10,Crime Type,AGGRAVATED ASSAULT,3,3,2025-11-07,2025-12-04,2025-12-05,2026-01-01,42.3701028259959,-83.1375400682051,Nardin Park,Belleterre St & Burlingame St
882ab2c567fffff,4,1,Declining Hotspot,-3,-75.0,1.0,10,Crime Type,AGGRAVATED ASSAULT,3,3,2025-11-07,2025-12-04,2025-12-05,2026-01-01,42.38823565823665,-83.10464187753101,Dexter-Linwood,Woodrow Wilson St & Elmhurst St
882ab2ce01fffff,3,1,Declining Hotspot,-2,-66.67,1.0,10,Crime Type,AGGRAVATED ASSAULT,3,3,2025-11-07,2025-12-04,2025-12-05,2026-01-01,42.3861909178708,-83.1560059011736,Davison-Schoolcraft,W Davison St & Kentucky St
882ab2ce51fffff,3,1,Declining Hotspot,-2,-66.67,1.0,10,Crime Type,AGGRAVATED ASSAULT,3,3,2025-11-07,2025-12-04,2025-12-05,2026-01-01,42.3909329578329,-83.1254968552373,Dexter-Linwood,Dexter Ave & Waverly
882ab2cec1fffff,3,1,Declining Hotspot,-2,-66.67,1.0,10,Crime Type,AGGRAVATED ASSAULT,3,3,2025-11-07,2025-12-04,2025-12-05,2026-01-01,42.3538480096582,-83.1172949752182,Midwest,Moore Pl & Scotten St
882ab2ce0bfffff,4,0,Declining Hotspot,-4,-100.0,0.0,10,Crime Type,AGGRAVATED ASSAULT,3,3,2025-11-07,2025-12-04,2025-12-05,2026-01-01,42.3864830288736,-83.14163828555306,Oakman Blvd Community,Ewald Cir & W Davison St
882ab2c747fffff,0,4,New Hotspot,4,,10.0,11,Crime Type,AGGRAVATED ASSAULT,3,3,2025-11-07,2025-12-04,2025-12-05,2026-01-01,42.4340962002179,-83.0209419277825,Nortown,Van Dyke St & E 7 Mile Rd
882ab2c0d7fffff,0,3,New Hotspot,3,,7.5,11,Crime Type,AGGRAVATED ASSAULT,3,3,2025-11-07,2025-12-04,2025-12-05,2026-01-01,42.42827978006765,-83.0792650004535,Northeast Central District,E Grixdale St & Goddard St
882ab2c0d5fffff,1,4,Emerging Hotspot,3,300.0,8.5,11,Crime Type,AGGRAVATED ASSAULT,3,3,2025-11-07,2025-12-04,2025-12-05,2026-01-01,42.4353407920037,-83.08535721004054,Nolan,Riopelle St & Emery St
882ab2c767fffff,2,4,Emerging Hotspot,2,100.0,7.0,11,Crime Type,AGGRAVATED ASSAULT,3,3,2025-11-07,2025-12-04,2025-12-05,2026-01-01,42.4298909698503,-83.0501692139325,Krainz Woods,Healy St & E Hildale St
882ab2c09dfffff,1,3,Emerging Hotspot,2,200.0,6.0,11,Crime Type,AGGRAVATED ASSAULT,3,3,2025-11-07,2025-12-04,2025-12-05,2026-01-01,42.42497943907955,-83.08911513022466,Hawthorne Park,N I 75 Service Drive & E Nevada St
882ab2c0d3fffff,3,2,Declining Hotspot,-1,-33.33,2.0,11,Crime Type,AGGRAVATED ASSAULT,3,3,2025-11-07,2025-12-04,2025-12-05,2026-01-01,42.4258382422936,-83.0685993556559,Northeast Central District,Conant St & E Nevada St
882ab2c745fffff,3,1,Declining Hotspot,-2,-66.67,1.0,11,Crime Type,AGGRAVATED ASSAULT,3,3,2025-11-07,2025-12-04,2025-12-05,2026-01-01,42.4436061204028,-83.0246669703729,Sherwood,Milbank St & Spencer St
882ab2c099fffff,3,0,Declining Hotspot,-3,-100.0,0.0,11,Crime Type,AGGRAVATED ASSAULT,3,3,2025-11-07,2025-12-04,2025-12-05,2026-01-01,42.4196989462974,-83.0771933098589,Cadillac Heights,Maine St & Jerome St
882ab2c723fffff,4,0,Declining Hotspot,-4,-100.0,0.0,11,Crime Type,AGGRAVATED ASSAULT,3,3,2025-11-07,2025-12-04,2025-12-05,2026-01-01,42.4093829073195,-83.04529007973085,Buffalo Charles,Alpena St & Alpena Ave
882ab2c19bfffff,0,3,New Hotspot,3,,7.5,12,Crime Type,AGGRAVATED ASSAULT,3,3,2025-11-07,2025-12-04,2025-12-05,2026-01-01,42.4242861135931,-83.15337759519235,Bagley,Thatcher St & Indiana St
882ab2ce61fffff,4,2,Declining Hotspot,-2,-50.0,2.0,12,Crime Type,AGGRAVATED ASSAULT,3,3,2025-11-07,2025-12-04,2025-12-05,2026-01-01,42.4039669003558,-83.1770453257813,Bethune Community,Schaefer Hwy & Keeler Ave
882ab2ce69fffff,4,1,Declining Hotspot,-3,-75.0,1.0,12,Crime Type,AGGRAVATED ASSAULT,3,3,2025-11-07,2025-12-04,2025-12-05,2026-01-01,42.41199469544685,-83.1698402050922,Fitzgerald/Marygrove,Florence St & Mendota St
882ab2ce45fffff,3,0,Declining Hotspot,-3,-100.0,0.0,12,Crime Type,AGGRAVATED ASSAULT,3,3,2025-11-07,2025-12-04,2025-12-05,2026-01-01,42.40973788804895,-83.1573322674889,Fitzgerald/Marygrove,Puritan St & Northlawn St
882ab2cc29fffff,0,5,New Hotspot,5,,12.5,ALL,Crime Type,AGGRAVATED ASSAULT,3,3,2025-11-07,2025-12-04,2025-12-05,2026-01-01,42.3468525586803,-83.2295763766551,Warrendale,W Warren Ave & Grandville Ave
882ab2cec9fffff,0,5,New Hotspot,5,,12.5,ALL,Crime Type,AGGRAVATED ASSAULT,3,3,2025-11-07,2025-12-04,2025-12-05,2026-01-01,42.3574279101944,-83.1105133991049,Petoskey-Otsego,W I 96 Service Drive & W Grand Blvd
882ab2cee1fffff,0,5,New Hotspot,5,,12.5,ALL,Crime Type,AGGRAVATED ASSAULT,3,3,2025-11-07,2025-12-04,2025-12-05,2026-01-01,42.3535457172177,-83.14652998379975,Midwest,Belton St & Roselawn St
882ab2c525fffff,0,4,New Hotspot,4,,10.0,ALL,Crime Type,AGGRAVATED ASSAULT,3,3,2025-11-07,2025-12-04,2025-12-05,2026-01-01,42.377040420023,-83.1174128378397,Dexter-Linwood,Dexter Ave & Collingwood St
882ab2c663fffff,0,4,New Hotspot,4,,10.0,ALL,Crime Type,AGGRAVATED ASSAULT,3,3,2025-11-07,2025-12-04,2025-12-05,2026-01-01,42.4203963608699,-82.9577493746717,Denby,Grayton St & Lansdowne St
882ab2c669fffff,0,4,New Hotspot,4,,10.0,ALL,Crime Type,AGGRAVATED ASSAULT,3,3,2025-11-07,2025-12-04,2025-12-05,2026-01-01,42.4331934041443,-82.9549172238386,Mapleridge,Kelly Rd & Linnhurst St
882ab2ce8bfffff,0,4,New Hotspot,4,,10.0,ALL,Crime Type,AGGRAVATED ASSAULT,3,3,2025-11-07,2025-12-04,2025-12-05,2026-01-01,42.331163128617,-83.1155268312082,Chadsey Condon,Military St & Buchanan St
882ab2c0d7fffff,0,3,New Hotspot,3,,7.5,ALL,Crime Type,AGGRAVATED ASSAULT,3,3,2025-11-07,2025-12-04,2025-12-05,2026-01-01,42.42827978006765,-83.0792650004535,Northeast Central District,E Grixdale St & Goddard St
882ab2c19bfffff,0,3,New Hotspot,3,,7.5,ALL,Crime Type,AGGRAVATED ASSAULT,3,3,2025-11-07,2025-12-04,2025-12-05,2026-01-01,42.4242861135931,-83.15337759519235,Bagley,Thatcher St & Indiana St
882ab2c511fffff,0,3,New Hotspot,3,,7.5,ALL,Crime Type,AGGRAVATED ASSAULT,3,3,2025-11-07,2025-12-04,2025-12-05,2026-01-01,42.3601854216103,-83.0590853182331,Medical Center,Brush St & E Warren Ave
882ab2c63bfffff,0,3,New Hotspot,3,,7.5,ALL,Crime Type,AGGRAVATED ASSAULT,3,3,2025-11-07,2025-12-04,2025-12-05,2026-01-01,42.38827161690155,-82.9435361350442,Morningside,Lakepointe St & Mack Ave
882ab2ce55fffff,0,3,New Hotspot,3,,7.5,ALL,Crime Type,AGGRAVATED ASSAULT,3,3,2025-11-07,2025-12-04,2025-12-05,2026-01-01,42.3924332084077,-83.1397130917558,Oakman Blvd Community,Kendall St & Livernois Ave
882ab2cc2bfffff,2,5,Emerging Hotspot,3,150.0,9.5,ALL,Crime Type,AGGRAVATED ASSAULT,3,3,2025-11-07,2025-12-04,2025-12-05,2026-01-01,42.3396077393422,-83.22680751775106,Warrendale,Warwick St & Whitlock St
882ab2c0d5fffff,1,4,Emerging Hotspot,3,300.0,8.5,ALL,Crime Type,AGGRAVATED ASSAULT,3,3,2025-11-07,2025-12-04,2025-12-05,2026-01-01,42.4353407920037,-83.08535721004054,Nolan,Riopelle St & Emery St
882ab2c53dfffff,1,4,Emerging Hotspot,3,300.0,8.5,ALL,Crime Type,AGGRAVATED ASSAULT,3,3,2025-11-07,2025-12-04,2025-12-05,2026-01-01,42.364597989538,-83.0938448650044,LaSalle Gardens,W Grand Blvd & Hanover St
882ab2c66bfffff,1,4,Emerging Hotspot,3,300.0,8.5,ALL,Crime Type,AGGRAVATED ASSAULT,3,3,2025-11-07,2025-12-04,2025-12-05,2026-01-01,42.42632688143855,-82.9499411616721,Moross-Morang,Lakepointe St & Morang Dr
882ab2c747fffff,1,4,Emerging Hotspot,3,300.0,8.5,ALL,Crime Type,AGGRAVATED ASSAULT,3,3,2025-11-07,2025-12-04,2025-12-05,2026-01-01,42.4340962002179,-83.0209419277825,Nortown,Van Dyke St & E 7 Mile Rd
882ab2ca9bfffff,1,4,Emerging Hotspot,3,300.0,8.5,ALL,Crime Type,AGGRAVATED ASSAULT,3,3,2025-11-07,2025-12-04,2025-12-05,2026-01-01,42.4321091650332,-83.234526339214,O'Hair Park,Cambridge Ave & Annchester Rd
882ab2d5b1fffff,1,4,Emerging Hotspot,3,300.0,8.5,ALL,Crime Type,AGGRAVATED ASSAULT,3,3,2025-11-07,2025-12-04,2025-12-05,2026-01-01,42.443187664534804,-82.9804529832112,Mohican Regent,Tacoma St & Hoyt St
882ab2c767fffff,2,4,Emerging Hotspot,2,100.0,7.0,ALL,Crime Type,AGGRAVATED ASSAULT,3,3,2025-11-07,2025-12-04,2025-12-05,2026-01-01,42.4298909698503,-83.0501692139325,Krainz Woods,Healy St & E Hildale St
882ab2c09dfffff,1,3,Emerging Hotspot,2,200.0,6.0,ALL,Crime Type,AGGRAVATED ASSAULT,3,3,2025-11-07,2025-12-04,2025-12-05,2026-01-01,42.42497943907955,-83.08911513022466,Hawthorne Park,N I 75 Service Drive & E Nevada St
882ab2c1a1fffff,1,3,Emerging Hotspot,2,200.0,6.0,ALL,Crime Type,AGGRAVATED ASSAULT,3,3,2025-11-07,2025-12-04,2025-12-05,2026-01-01,42.4391166911026,-83.2147547019169,Greenfield,Pembroke Ave & Lindsay St
882ab2c1b5fffff,1,3,Emerging Hotspot,2,200.0,6.0,ALL,Crime Type,AGGRAVATED ASSAULT,3,3,2025-11-07,2025-12-04,2025-12-05,2026-01-01,42.4230381823384,-83.20823202955845,College Park,Thatcher St & Ferguson St
882ab2c661fffff,1,3,Emerging Hotspot,2,200.0,6.0,ALL,Crime Type,AGGRAVATED ASSAULT,3,3,2025-11-07,2025-12-04,2025-12-05,2026-01-01,42.4271921170409,-82.9627670159486,Mapleridge,Troester St & Queen St
882ab2cc93fffff,1,3,Emerging Hotspot,2,200.0,6.0,ALL,Crime Type,AGGRAVATED ASSAULT,3,3,2025-11-07,2025-12-04,2025-12-05,2026-01-01,42.2666572840668,-83.1560066412194,Boynton,S Annabelle St & Omaha St
882ab2ce5bfffff,1,3,Emerging Hotspot,2,200.0,6.0,ALL,Crime Type,AGGRAVATED ASSAULT,3,3,2025-11-07,2025-12-04,2025-12-05,2026-01-01,42.3886209069811,-83.1151922896919,Dexter-Linwood,Fullerton St & Linwood St
882ab2d591fffff,1,3,Emerging Hotspot,2,200.0,6.0,ALL,Crime Type,AGGRAVATED ASSAULT,3,3,2025-11-07,2025-12-04,2025-12-05,2026-01-01,42.4474714071389,-82.9512884625627,Regent Park,Fairmount Dr & Cordell St
882ab2ce6bfffff,2,3,Emerging Hotspot,1,50.0,4.5,ALL,Crime Type,AGGRAVATED ASSAULT,3,3,2025-11-07,2025-12-04,2025-12-05,2026-01-01,42.4025284332423,-83.1651004313549,Bethune Community,Fenkell St & Wyoming St
882ab2cf45fffff,2,3,Emerging Hotspot,1,50.0,4.5,ALL,Crime Type,AGGRAVATED ASSAULT,3,3,2025-11-07,2025-12-04,2025-12-05,2026-01-01,42.419387568202254,-83.2383766583946,Evergreen-Outer Drive,Santa Maria St & Heyden St
882ab2d5b5fffff,2,3,Emerging Hotspot,1,50.0,4.5,ALL,Crime Type,AGGRAVATED ASSAULT,3,3,2025-11-07,2025-12-04,2025-12-05,2026-01-01,42.4456739782067,-82.9916402776304,Conner Creek,Fairport St & Bringard Dr
882ab2c643fffff,3,4,Persistent Hotspot,1,33.33,6.9,ALL,Crime Type,AGGRAVATED ASSAULT,3,3,2025-11-07,2025-12-04,2025-12-05,2026-01-01,42.4217086952154,-82.92813607488735,Cornerstone Village,Chester St & University Pl
882ab2cf5dfffff,3,4,Persistent Hotspot,1,33.33,6.9,ALL,Crime Type,AGGRAVATED ASSAULT,3,3,2025-11-07,2025-12-04,2025-12-05,2026-01-01,42.4103285053167,-83.2108407677899,Crary/St Marys,Verne St & Biltmore St
882ab2cab1fffff,4,4,Persistent Hotspot,0,0.0,5.4,ALL,Crime Type,AGGRAVATED ASSAULT,3,3,2025-11-07,2025-12-04,2025-12-05,2026-01-01,42.4290006373133,-83.2777700530693,Five Points,Woodbine St & W 7 Mile Rd
882ab2c5ebfffff,3,3,Persistent Hotspot,0,0.0,4.05,ALL,Crime Type,AGGRAVATED ASSAULT,3,3,2025-11-07,2025-12-04,2025-12-05,2026-01-01,42.3369889568907,-83.0517817737465,Downtown,Woodward Ave & E Adams Ave
882ab2c601fffff,4,3,Persistent Hotspot,-1,-25.0,4.05,ALL,Crime Type,AGGRAVATED ASSAULT,3,3,2025-11-07,2025-12-04,2025-12-05,2026-01-01,42.4101998614238,-82.9421318183079,Morningside,Chandler Park Dr & Yorkshire Rd
882ab2c605fffff,4,3,Persistent Hotspot,-1,-25.0,4.05,ALL,Crime Type,AGGRAVATED ASSAULT,3,3,2025-11-07,2025-12-04,2025-12-05,2026-01-01,42.41182849365295,-82.9542600506487,Outer Drive-Hayes,Beaconsfield St & Courville St
882ab2c647fffff,4,3,Persistent Hotspot,-1,-25.0,4.05,ALL,Crime Type,AGGRAVATED ASSAULT,3,3,2025-11-07,2025-12-04,2025-12-05,2026-01-01,42.4244778056882,-82.9407430774162,Moross-Morang,Casino St & Somerset Ave
882ab2cc49fffff,3,3,Persistent Hotspot,0,0.0,4.05,ALL,Crime Type,AGGRAVATED ASSAULT,3,3,2025-11-07,2025-12-04,2025-12-05,2026-01-01,42.3704358941496,-83.1899171234106,Plymouth-Hubbell,Plymouth Rd & Strathmoor St
882ab2cc69fffff,3,3,Persistent Hotspot,0,0.0,4.05,ALL,Crime Type,AGGRAVATED ASSAULT,3,3,2025-11-07,2025-12-04,2025-12-05,2026-01-01,42.3673550176978,-83.22027784620084,Franklin Park,Weaver St & Rosemont Ave
882ab2ce11fffff,4,3,Persistent Hotspot,-1,-25.0,4.05,ALL,Crime Type,AGGRAVATED ASSAULT,3,3,2025-11-07,2025-12-04,2025-12-05,2026-01-01,42.3701028259959,-83.1375400682051,Nardin Park,Belleterre St & Burlingame St
882ab2ce2dfffff,5,3,Persistent Hotspot,-2,-40.0,4.05,ALL,Crime Type,AGGRAVATED ASSAULT,3,3,2025-11-07,2025-12-04,2025-12-05,2026-01-01,42.3943851869428,-83.1906048808923,Hubbell-Lyndon,Whitcomb St & Lyndon St
882ab2ce65fffff,5,3,Persistent Hotspot,-2,-40.0,4.05,ALL,Crime Type,AGGRAVATED ASSAULT,3,3,2025-11-07,2025-12-04,2025-12-05,2026-01-01,42.4071639391402,-83.1877625171532,Bethune Community,Puritan St & Hubbell St
882ab2cf5bfffff,3,3,Persistent Hotspot,0,0.0,4.05,ALL,Crime Type,AGGRAVATED ASSAULT,3,3,2025-11-07,2025-12-04,2025-12-05,2026-01-01,42.40150199439465,-83.1960751937683,Hubbell-Lyndon,Greenfield Rd & Chalfonte St
882ab2c0d3fffff,3,2,Declining Hotspot,-1,-33.33,2.0,ALL,Crime Type,AGGRAVATED ASSAULT,3,3,2025-11-07,2025-12-04,2025-12-05,2026-01-01,42.4258382422936,-83.0685993556559,Northeast Central District,Conant St & E Nevada St
882ab2c1b7fffff,3,2,Declining Hotspot,-1,-33.33,2.0,ALL,Crime Type,AGGRAVATED ASSAULT,3,3,2025-11-07,2025-12-04,2025-12-05,2026-01-01,42.415851144836296,-83.20139796128575,Crary/St Marys,Greenfield Rd & Verne St
882ab2c443fffff,4,2,Declining Hotspot,-2,-50.0,2.0,ALL,Crime Type,AGGRAVATED ASSAULT,3,3,2025-11-07,2025-12-04,2025-12-05,2026-01-01,42.377743211354,-82.9799510638653,West End,Fairview St & Goethe Ave
882ab2c513fffff,3,2,Declining Hotspot,-1,-33.33,2.0,ALL,Crime Type,AGGRAVATED ASSAULT,3,3,2025-11-07,2025-12-04,2025-12-05,2026-01-01,42.3499880586953,-83.0523699915006,Medical Center,Beaubien St & Mack Ave
882ab2c58dfffff,3,2,Declining Hotspot,-1,-33.33,2.0,ALL,Crime Type,AGGRAVATED ASSAULT,3,3,2025-11-07,2025-12-04,2025-12-05,2026-01-01,42.3325162414365,-83.0493954373665,Downtown,John R St & Woodward Ave
882ab2c609fffff,5,2,Declining Hotspot,-3,-60.0,2.0,ALL,Crime Type,AGGRAVATED ASSAULT,3,3,2025-11-07,2025-12-04,2025-12-05,2026-01-01,42.4171371230563,-82.9366282920503,Yorkshire Woods,Harper Ave & Cadieux Rd
882ab2c743fffff,4,2,Declining Hotspot,-2,-50.0,2.0,ALL,Crime Type,AGGRAVATED ASSAULT,3,3,2025-11-07,2025-12-04,2025-12-05,2026-01-01,42.4324965915188,-83.00944593149815,Mount Olivet,Beland St & Eastwood St
882ab2c759fffff,3,2,Declining Hotspot,-1,-33.33,2.0,ALL,Crime Type,AGGRAVATED ASSAULT,3,3,2025-11-07,2025-12-04,2025-12-05,2026-01-01,42.429528610671994,-82.98540618260719,Franklin,Pelkey St & Greiner St
882ab2c75dfffff,3,2,Declining Hotspot,-1,-33.33,2.0,ALL,Crime Type,AGGRAVATED ASSAULT,3,3,2025-11-07,2025-12-04,2025-12-05,2026-01-01,42.4328403240906,-82.9958941815154,Von Steuben,Barlow St & E 7 Mile Rd
882ab2cc05fffff,5,2,Declining Hotspot,-3,-60.0,2.0,ALL,Crime Type,AGGRAVATED ASSAULT,3,3,2025-11-07,2025-12-04,2025-12-05,2026-01-01,42.3434016908208,-83.2207891741072,Warrendale,Sawyer St & Greenview Ave
882ab2cc45fffff,3,2,Declining Hotspot,-1,-33.33,2.0,ALL,Crime Type,AGGRAVATED ASSAULT,3,3,2025-11-07,2025-12-04,2025-12-05,2026-01-01,42.365285439154,-83.2095166589743,Joy Community,Orangelawn St & Rutland St
882ab2cc63fffff,3,2,Declining Hotspot,-1,-33.33,2.0,ALL,Crime Type,AGGRAVATED ASSAULT,3,3,2025-11-07,2025-12-04,2025-12-05,2026-01-01,42.3540669512469,-83.2234171641304,Warrendale,Joy Rd & Greenview Ave
882ab2ce01fffff,3,2,Declining Hotspot,-1,-33.33,2.0,ALL,Crime Type,AGGRAVATED ASSAULT,3,3,2025-11-07,2025-12-04,2025-12-05,2026-01-01,42.3861909178708,-83.1560059011736,Davison-Schoolcraft,W Davison St & Kentucky St
882ab2ce03fffff,3,2,Declining Hotspot,-1,-33.33,2.0,ALL,Crime Type,AGGRAVATED ASSAULT,3,3,2025-11-07,2025-12-04,2025-12-05,2026-01-01,42.379105225082654,-83.15271318325955,Littlefield Community,Cherrylawn St & W Buena Vista St
882ab2ce39fffff,3,2,Declining Hotspot,-1,-33.33,2.0,ALL,Crime Type,AGGRAVATED ASSAULT,3,3,2025-11-07,2025-12-04,2025-12-05,2026-01-01,42.3735129829966,-83.1585663314181,Barton-McFarland,Plymouth Rd & Wyoming St
882ab2ce61fffff,4,2,Declining Hotspot,-2,-50.0,2.0,ALL,Crime Type,AGGRAVATED ASSAULT,3,3,2025-11-07,2025-12-04,2025-12-05,2026-01-01,42.4039669003558,-83.1770453257813,Bethune Community,Schaefer Hwy & Keeler Ave
882ab21b6dfffff,3,1,Declining Hotspot,-2,-66.67,1.0,ALL,Crime Type,AGGRAVATED ASSAULT,3,3,2025-11-07,2025-12-04,2025-12-05,2026-01-01,42.3051494751125,-83.1234476758195,Springwells,Springwells St & Homer St
882ab2c1a3fffff,3,1,Declining Hotspot,-2,-66.67,1.0,ALL,Crime Type,AGGRAVATED ASSAULT,3,3,2025-11-07,2025-12-04,2025-12-05,2026-01-01,42.4302920458498,-83.2117228159554,Greenfield,Oakfield St & W 7 Mile Rd
882ab2c1bdfffff,4,1,Declining Hotspot,-3,-75.0,1.0,ALL,Crime Type,AGGRAVATED ASSAULT,3,3,2025-11-07,2025-12-04,2025-12-05,2026-01-01,42.430408907993,-83.1997223474086,San Bernardo,Prest St & W 7 Mile Rd
882ab2c447fffff,3,1,Declining Hotspot,-2,-66.67,1.0,ALL,Crime Type,AGGRAVATED ASSAULT,3,3,2025-11-07,2025-12-04,2025-12-05,2026-01-01,42.3818670823092,-82.9909691789616,East Canfield,E Forest Ave & Saint Clair St
882ab2c567fffff,4,1,Declining Hotspot,-3,-75.0,1.0,ALL,Crime Type,AGGRAVATED ASSAULT,3,3,2025-11-07,2025-12-04,2025-12-05,2026-01-01,42.38823565823665,-83.10464187753101,Dexter-Linwood,Woodrow Wilson St & Elmhurst St
882ab2c5c9fffff,4,1,Declining Hotspot,-3,-75.0,1.0,ALL,Crime Type,AGGRAVATED ASSAULT,3,3,2025-11-07,2025-12-04,2025-12-05,2026-01-01,42.3502542019417,-83.0302985615252,Elmwood Park,Prince Hall Dr & Chene St
882ab2c5cbfffff,5,1,Declining Hotspot,-4,-80.0,1.0,ALL,Crime Type,AGGRAVATED ASSAULT,3,3,2025-11-07,2025-12-04,2025-12-05,2026-01-01,42.3410176915525,-83.023266509099,Elmwood Park,E Jefferson Ave & Chene St
882ab2c5e9fffff,5,1,Declining Hotspot,-4,-80.0,1.0,ALL,Crime Type,AGGRAVATED ASSAULT,3,3,2025-11-07,2025-12-04,2025-12-05,2026-01-01,42.346487742123,-83.0580336249676,Midtown,Eliot St & Woodward Ave
882ab2c603fffff,3,1,Declining Hotspot,-2,-66.67,1.0,ALL,Crime Type,AGGRAVATED ASSAULT,3,3,2025-11-07,2025-12-04,2025-12-05,2026-01-01,42.4029894505433,-82.9399556381637,Morningside,Audubon Rd & E Warren Ave
882ab2c60dfffff,3,1,Declining Hotspot,-2,-66.67,1.0,ALL,Crime Type,AGGRAVATED ASSAULT,3,3,2025-11-07,2025-12-04,2025-12-05,2026-01-01,42.4197410360825,-82.9462573545625,Yorkshire Woods,Nottingham Rd & Britain St
882ab2c639fffff,3,1,Declining Hotspot,-2,-66.67,1.0,ALL,Crime Type,AGGRAVATED ASSAULT,3,3,2025-11-07,2025-12-04,2025-12-05,2026-01-01,42.396523205589645,-82.94466548995295,Morningside,E Warren Ave & Berkshire St
882ab2c745fffff,3,1,Declining Hotspot,-2,-66.67,1.0,ALL,Crime Type,AGGRAVATED ASSAULT,3,3,2025-11-07,2025-12-04,2025-12-05,2026-01-01,42.4436061204028,-83.0246669703729,Sherwood,Milbank St & Spencer St
882ab2cc47fffff,4,1,Declining Hotspot,-3,-75.0,1.0,ALL,Crime Type,AGGRAVATED ASSAULT,3,3,2025-11-07,2025-12-04,2025-12-05,2026-01-01,42.3590625176971,-83.20396735527581,Joy Community,Mansfield St & Kramer St
882ab2cc65fffff,4,1,Declining Hotspot,-3,-75.0,1.0,ALL,Crime Type,AGGRAVATED ASSAULT,3,3,2025-11-07,2025-12-04,2025-12-05,2026-01-01,42.36292124299095,-83.238484125039,Franklin Park,W Chicago St & Heyden St
882ab2cc6bfffff,3,1,Declining Hotspot,-2,-66.67,1.0,ALL,Crime Type,AGGRAVATED ASSAULT,3,3,2025-11-07,2025-12-04,2025-12-05,2026-01-01,42.3578434353762,-83.2168902458939,Franklin Park,Joy Rd & S M 39 Service Drive
882ab2cd5bfffff,3,1,Declining Hotspot,-2,-66.67,1.0,ALL,Crime Type,AGGRAVATED ASSAULT,3,3,2025-11-07,2025-12-04,2025-12-05,2026-01-01,42.3555181567115,-83.2443358607145,Warrendale,Dover St & Braile St
882ab2ce41fffff,3,1,Declining Hotspot,-2,-66.67,1.0,ALL,Crime Type,AGGRAVATED ASSAULT,3,3,2025-11-07,2025-12-04,2025-12-05,2026-01-01,42.4075473870695,-83.1461042788721,Fitzgerald/Marygrove,Monica St & Keeler Ave
882ab2ce51fffff,3,1,Declining Hotspot,-2,-66.67,1.0,ALL,Crime Type,AGGRAVATED ASSAULT,3,3,2025-11-07,2025-12-04,2025-12-05,2026-01-01,42.3909329578329,-83.1254968552373,Dexter-Linwood,Dexter Ave & Waverly
882ab2ce69fffff,4,1,Declining Hotspot,-3,-75.0,1.0,ALL,Crime Type,AGGRAVATED ASSAULT,3,3,2025-11-07,2025-12-04,2025-12-05,2026-01-01,42.41199469544685,-83.1698402050922,Fitzgerald/Marygrove,Florence St & Mendota St
882ab2cec1fffff,3,1,Declining Hotspot,-2,-66.67,1.0,ALL,Crime Type,AGGRAVATED ASSAULT,3,3,2025-11-07,2025-12-04,2025-12-05,2026-01-01,42.3538480096582,-83.1172949752182,Midwest,Moore Pl & Scotten St
882ab2cf4bfffff,3,1,Declining Hotspot,-2,-66.67,1.0,ALL,Crime Type,AGGRAVATED ASSAULT,3,3,2025-11-07,2025-12-04,2025-12-05,2026-01-01,42.4155656036928,-83.2145581138045,College Park,N M 39 & W McNichols Rd
882ab2cf53fffff,3,1,Declining Hotspot,-2,-66.67,1.0,ALL,Crime Type,AGGRAVATED ASSAULT,3,3,2025-11-07,2025-12-04,2025-12-05,2026-01-01,42.393900927103,-83.2015047170285,Greenfield-Grand River,Acacia St & Forrer St
882ab2cf59fffff,3,1,Declining Hotspot,-2,-66.67,1.0,ALL,Crime Type,AGGRAVATED ASSAULT,3,3,2025-11-07,2025-12-04,2025-12-05,2026-01-01,42.4070895343585,-83.1977446692344,Belmont,Greenfield Rd & Puritan St
882ab2d5b7fffff,5,1,Declining Hotspot,-4,-80.0,1.0,ALL,Crime Type,AGGRAVATED ASSAULT,3,3,2025-11-07,2025-12-04,2025-12-05,2026-01-01,42.4383595504994,-82.9889717563696,Pulaski,E 7 Mile Rd & Schoenherr St
882ab21b61fffff,3,0,Declining Hotspot,-3,-100.0,0.0,ALL,Crime Type,AGGRAVATED ASSAULT,3,3,2025-11-07,2025-12-04,2025-12-05,2026-01-01,42.2932929282202,-83.11779525466275,Delray,S Yale St & Vanderbilt St
882ab2c099fffff,3,0,Declining Hotspot,-3,-100.0,0.0,ALL,Crime Type,AGGRAVATED ASSAULT,3,3,2025-11-07,2025-12-04,2025-12-05,2026-01-01,42.4196989462974,-83.0771933098589,Cadillac Heights,Maine St & Jerome St
882ab2c1a7fffff,4,0,Declining Hotspot,-4,-100.0,0.0,ALL,Crime Type,AGGRAVATED ASSAULT,3,3,2025-11-07,2025-12-04,2025-12-05,2026-01-01,42.4335387451581,-83.2204958980592,O'Hair Park,Fenmore St & W 7 Mile Rd
882ab2c667fffff,3,0,Declining Hotspot,-3,-100.0,0.0,ALL,Crime Type,AGGRAVATED ASSAULT,3,3,2025-11-07,2025-12-04,2025-12-05,2026-01-01,42.4207321984601,-82.97000355231705,Mapleridge,Jane St & Chalmers St
882ab2c723fffff,4,0,Declining Hotspot,-4,-100.0,0.0,ALL,Crime Type,AGGRAVATED ASSAULT,3,3,2025-11-07,2025-12-04,2025-12-05,2026-01-01,42.4093829073195,-83.04529007973085,Buffalo Charles,Alpena St & Alpena Ave
882ab2c753fffff,5,0,Declining Hotspot,-5,-100.0,0.0,ALL,Crime Type,AGGRAVATED ASSAULT,3,3,2025-11-07,2025-12-04,2025-12-05,2026-01-01,42.41714879836,-82.98842155801265,Eden Gardens,Annsbury Ave & Wilfred St
882ab2c755fffff,3,0,Declining Hotspot,-3,-100.0,0.0,ALL,Crime Type,AGGRAVATED ASSAULT,3,3,2025-11-07,2025-12-04,2025-12-05,2026-01-01,42.4252867726769,-83.0043984036163,Von Steuben,Bradford St & Sauer St
882ab2ca9dfffff,3,0,Declining Hotspot,-3,-100.0,0.0,ALL,Crime Type,AGGRAVATED ASSAULT,3,3,2025-11-07,2025-12-04,2025-12-05,2026-01-01,42.4401801894522,-83.2465407542521,Evergreen Lahser 7/8,Trojan St & Braile St
882ab2cd19fffff,3,0,Declining Hotspot,-3,-100.0,0.0,ALL,Crime Type,AGGRAVATED ASSAULT,3,3,2025-11-07,2025-12-04,2025-12-05,2026-01-01,42.341771569579,-83.25865661373135,Far West Detroit,W Warren Rd & Dacosta
882ab2ce0bfffff,4,0,Declining Hotspot,-4,-100.0,0.0,ALL,Crime Type,AGGRAVATED ASSAULT,3,3,2025-11-07,2025-12-04,2025-12-05,2026-01-01,42.3864830288736,-83.14163828555306,Oakman Blvd Community,Ewald Cir & W Davison St
882ab2ce21fffff,5,0,Declining Hotspot,-5,-100.0,0.0,ALL,Crime Type,AGGRAVATED ASSAULT,3,3,2025-11-07,2025-12-04,2025-12-05,2026-01-01,42.3840723904856,-83.1881766848726,Schoolcraft Southfield,Grand River Ave & Strathmoor St
882ab2ce45fffff,3,0,Declining Hotspot,-3,-100.0,0.0,ALL,Crime Type,AGGRAVATED ASSAULT,3,3,2025-11-07,2025-12-04,2025-12-05,2026-01-01,42.40973788804895,-83.1573322674889,Fitzgerald/Marygrove,Puritan St & Northlawn St
882ab2cf0bfffff,3,0,Declining Hotspot,-3,-100.0,0.0,ALL,Crime Type,AGGRAVATED ASSAULT,3,3,2025-11-07,2025-12-04,2025-12-05,2026-01-01,42.39382103398785,-83.2249988543696,Rosedale Park,Greenview Rd & Lyndon St
882ab2cf6dfffff,4,0,Declining Hotspot,-4,-100.0,0.0,ALL,Crime Type,AGGRAVATED ASSAULT,3,3,2025-11-07,2025-12-04,2025-12-05,2026-01-01,42.4218922142559,-83.2581934597824,Old Redford,Lahser Rd & Glenco St
882ab2d5bbfffff,3,0,Declining Hotspot,-3,-100.0,0.0,ALL,Crime Type,AGGRAVATED ASSAULT,3,3,2025-11-07,2025-12-04,2025-12-05,2026-01-01,42.4434084434849,-82.970791942545,Regent Park,Queen St & Rossini Dr
882ab2cf5bfffff,2,7,Emerging Hotspot,5,250.0,14.5,02,Crime Type,ASSAULT,4,5,2025-11-07,2025-12-04,2025-12-05,2026-01-01,42.40150199439465,-83.1960751937683,Hubbell-Lyndon,Greenfield Rd & Chalfonte St
882ab2cee9fffff,2,6,Emerging Hotspot,4,200.0,12.0,02,Crime Type,ASSAULT,4,5,2025-11-07,2025-12-04,2025-12-05,2026-01-01,42.3569688533808,-83.1406150066518,Midwest,Joy Rd & Livernois Ave
882ab2cc41fffff,1,5,Emerging Hotspot,4,400.0,11.0,02,Crime Type,ASSAULT,4,5,2025-11-07,2025-12-04,2025-12-05,2026-01-01,42.3634942640829,-83.197222222757,Joy Community,Greenfield Rd & W Chicago St
882ab2ce2bfffff,4,6,Persistent Hotspot,2,50.0,11.1,02,Crime Type,ASSAULT,4,5,2025-11-07,2025-12-04,2025-12-05,2026-01-01,42.3832082862042,-83.1757081426057,Grand River-I96,Grand River Ave & Lesure St
882ab2ce2dfffff,6,7,Persistent Hotspot,1,16.67,10.95,02,Crime Type,ASSAULT,4,5,2025-11-07,2025-12-04,2025-12-05,2026-01-01,42.3943851869428,-83.1906048808923,Hubbell-Lyndon,Whitcomb St & Lyndon St
882ab2cc43fffff,9,7,Persistent Hotspot,-2,-22.22,9.45,02,Crime Type,ASSAULT,4,5,2025-11-07,2025-12-04,2025-12-05,2026-01-01,42.3570481056041,-83.1935237234267,Fiskhorn,Prest St & Joy Rd
882ab2ce65fffff,16,7,Persistent Hotspot,-9,-56.25,9.45,02,Crime Type,ASSAULT,4,5,2025-11-07,2025-12-04,2025-12-05,2026-01-01,42.4071639391402,-83.1877625171532,Bethune Community,Puritan St & Hubbell St
882ab2ce31fffff,4,5,Persistent Hotspot,1,25.0,8.25,02,Crime Type,ASSAULT,4,5,2025-11-07,2025-12-04,2025-12-05,2026-01-01,42.366056231876,-83.1680069659359,Barton-McFarland,Elmira St & Steel St
882ab2ce37fffff,6,4,Declining Hotspot,-2,-33.33,4.0,02,Crime Type,ASSAULT,4,5,2025-11-07,2025-12-04,2025-12-05,2026-01-01,42.3597958521912,-83.171554584413,Barton-McFarland,Appoline & Joy Rd
882ab2ce67fffff,7,4,Declining Hotspot,-3,-42.86,4.0,02,Crime Type,ASSAULT,4,5,2025-11-07,2025-12-04,2025-12-05,2026-01-01,42.3996165391759,-83.1843121901417,Bethune Community,Ardmore St & Lyndon St
882ab2ce6dfffff,4,4,Declining Hotspot,0,0.0,4.0,02,Crime Type,ASSAULT,4,5,2025-11-07,2025-12-04,2025-12-05,2026-01-01,42.4118076305669,-83.1797983731317,Harmony Village,Schaefer Hwy & W McNichols Rd
882ab2ceedfffff,4,4,Declining Hotspot,0,0.0,4.0,02,Crime Type,ASSAULT,4,5,2025-11-07,2025-12-04,2025-12-05,2026-01-01,42.356817915908195,-83.15234131055206,Barton-McFarland,Joy Rd & Kentucky St
882ab2ce07fffff,4,3,Declining Hotspot,-1,-25.0,3.0,02,Crime Type,ASSAULT,4,5,2025-11-07,2025-12-04,2025-12-05,2026-01-01,42.3805794690386,-83.16476764865536,Grand River-I96,Grand River Ave & Griggs St
882ab2ceebfffff,5,3,Declining Hotspot,-2,-40.0,3.0,02,Crime Type,ASSAULT,4,5,2025-11-07,2025-12-04,2025-12-05,2026-01-01,42.351688005481904,-83.1367079993483,Midwest,Wetherby St & Tireman St
882ab2cc49fffff,8,2,Declining Hotspot,-6,-75.0,2.0,02,Crime Type,ASSAULT,4,5,2025-11-07,2025-12-04,2025-12-05,2026-01-01,42.3704358941496,-83.1899171234106,Plymouth-Hubbell,Plymouth Rd & Strathmoor St
882ab2ce35fffff,5,2,Declining Hotspot,-3,-60.0,2.0,02,Crime Type,ASSAULT,4,5,2025-11-07,2025-12-04,2025-12-05,2026-01-01,42.3658503442388,-83.1764897287986,Barton-McFarland,Hartwell St & W Chicago St
882ab2ce3bfffff,4,2,Declining Hotspot,-2,-50.0,2.0,02,Crime Type,ASSAULT,4,5,2025-11-07,2025-12-04,2025-12-05,2026-01-01,42.3663665113129,-83.15478517777075,Barton-McFarland,Orangelawn St & Wyoming St
882ab2ce63fffff,4,1,Declining Hotspot,-3,-75.0,1.0,02,Crime Type,ASSAULT,4,5,2025-11-07,2025-12-04,2025-12-05,2026-01-01,42.3999591437535,-83.17074921794016,Bethune Community,Chalfonte St & Appoline St
882ab2ce21fffff,4,0,Declining Hotspot,-4,-100.0,0.0,02,Crime Type,ASSAULT,4,5,2025-11-07,2025-12-04,2025-12-05,2026-01-01,42.3840723904856,-83.1881766848726,Schoolcraft Southfield,Grand River Ave & Strathmoor St
882ab2cee5fffff,4,0,Declining Hotspot,-4,-100.0,0.0,02,Crime Type,ASSAULT,4,5,2025-11-07,2025-12-04,2025-12-05,2026-01-01,42.35407479718895,-83.15772061624915,Barton-McFarland,Belton St & E Morrow Cir
882ab2c517fffff,8,14,Persistent Hotspot,6,75.0,27.9,03,Crime Type,ASSAULT,8,7,2025-11-07,2025-12-04,2025-12-05,2026-01-01,42.3547448078777,-83.0636943175046,Midtown,W Hancock St & Woodward Ave
882ab2c5ebfffff,10,11,Persistent Hotspot,1,10.0,16.35,03,Crime Type,ASSAULT,8,7,2025-11-07,2025-12-04,2025-12-05,2026-01-01,42.3369889568907,-83.0517817737465,Downtown,Woodward Ave & E Adams Ave
882ab2c5c7fffff,10,10,Persistent Hotspot,0,0.0,13.5,03,Crime Type,ASSAULT,8,7,2025-11-07,2025-12-04,2025-12-05,2026-01-01,42.3340146833249,-83.0431303273926,Greektown,Beaubien St & E Lafayette St
882ab2c58dfffff,9,9,Persistent Hotspot,0,0.0,12.15,03,Crime Type,ASSAULT,8,7,2025-11-07,2025-12-04,2025-12-05,2026-01-01,42.3325162414365,-83.0493954373665,Downtown,John R St & Woodward Ave
882ab2c5e3fffff,11,7,Persistent Hotspot,-4,-36.36,9.45,03,Crime Type,ASSAULT,8,7,2025-11-07,2025-12-04,2025-12-05,2026-01-01,42.3323027840917,-83.057812497388,Downtown,Bagley St & 3rd St
882ab2c5e9fffff,13,7,Persistent Hotspot,-6,-46.15,9.45,03,Crime Type,ASSAULT,8,7,2025-11-07,2025-12-04,2025-12-05,2026-01-01,42.346487742123,-83.0580336249676,Midtown,Eliot St & Woodward Ave
882ab2c507fffff,11,4,Declining Hotspot,-7,-63.64,4.0,03,Crime Type,ASSAULT,8,7,2025-11-07,2025-12-04,2025-12-05,2026-01-01,42.3697335528948,-83.08170174424,Virginia Park Community,W Grand Blvd & Lincoln St
882ab2c589fffff,8,2,Declining Hotspot,-6,-75.0,2.0,03,Crime Type,ASSAULT,8,7,2025-11-07,2025-12-04,2025-12-05,2026-01-01,42.3313368677451,-83.0421009226148,Downtown,Randolph St & Cadillac Sq
882ab21b6dfffff,1,6,Emerging Hotspot,5,500.0,13.5,04,Crime Type,ASSAULT,4,3,2025-11-07,2025-12-04,2025-12-05,2026-01-01,42.3051494751125,-83.1234476758195,Springwells,Springwells St & Homer St
882ab2ce93fffff,2,3,Emerging Hotspot,1,50.0,4.5,04,Crime Type,ASSAULT,4,3,2025-11-07,2025-12-04,2025-12-05,2026-01-01,42.3108453209943,-83.1061953913472,Central Southwest,Dragoon St & Army St
882ab2ce8bfffff,5,10,Persistent Hotspot,5,100.0,21.0,04,Crime Type,ASSAULT,4,3,2025-11-07,2025-12-04,2025-12-05,2026-01-01,42.331163128617,-83.1155268312082,Chadsey Condon,Military St & Buchanan St
882ab2cebbfffff,4,7,Persistent Hotspot,3,75.0,13.95,04,Crime Type,ASSAULT,4,3,2025-11-07,2025-12-04,2025-12-05,2026-01-01,42.3128380399185,-83.12812257015175,Springwells,Carson St & Belle St
882ab2cc93fffff,4,6,Persistent Hotspot,2,50.0,11.1,04,Crime Type,ASSAULT,4,3,2025-11-07,2025-12-04,2025-12-05,2026-01-01,42.2666572840668,-83.1560066412194,Boynton,S Annabelle St & Omaha St
882ab2ce81fffff,4,2,Declining Hotspot,-2,-50.0,2.0,04,Crime Type,ASSAULT,4,3,2025-11-07,2025-12-04,2025-12-05,2026-01-01,42.3330138706291,-83.128231558375,Claytown,Braden St & Michigan Ave
882ab2ce85fffff,6,2,Declining Hotspot,-4,-66.67,2.0,04,Crime Type,ASSAULT,4,3,2025-11-07,2025-12-04,2025-12-05,2026-01-01,42.3338908211024,-83.1386862502404,Claytown,W I 94 Service Drive & Central St
882ab2ce97fffff,6,2,Declining Hotspot,-4,-66.67,2.0,04,Crime Type,ASSAULT,4,3,2025-11-07,2025-12-04,2025-12-05,2026-01-01,42.309959029751,-83.1135680603791,Central Southwest,Army St & Beard St
882ab2c5a5fffff,5,1,Declining Hotspot,-4,-80.0,1.0,04,Crime Type,ASSAULT,4,3,2025-11-07,2025-12-04,2025-12-05,2026-01-01,42.322617530783006,-83.0892908956303,Hubbard Farms,Wolff St & Palms St
882ab2c615fffff,0,4,New Hotspot,4,,10.0,05,Crime Type,ASSAULT,4,4,2025-11-07,2025-12-04,2025-12-05,2026-01-01,42.395077046472,-82.9367206866718,Morningside,Devonshire Rd & Bremen St
882ab2c601fffff,2,8,Emerging Hotspot,6,300.0,17.0,05,Crime Type,ASSAULT,4,4,2025-11-07,2025-12-04,2025-12-05,2026-01-01,42.4101998614238,-82.9421318183079,Morningside,Chandler Park Dr & Yorkshire Rd
882ab2c44bfffff,1,4,Emerging Hotspot,3,300.0,8.5,05,Crime Type,ASSAULT,4,4,2025-11-07,2025-12-04,2025-12-05,2026-01-01,42.3870654894149,-82.9707905753456,Fox Creek,Conner St & E Canfield St
882ab2c655fffff,1,4,Emerging Hotspot,3,300.0,8.5,05,Crime Type,ASSAULT,4,4,2025-11-07,2025-12-04,2025-12-05,2026-01-01,42.4144194973635,-82.9249145917571,Cornerstone Village,Neff Ave & Linville St
882ab2c65dfffff,3,5,Emerging Hotspot,2,66.67,8.0,05,Crime Type,ASSAULT,4,4,2025-11-07,2025-12-04,2025-12-05,2026-01-01,42.418867988292,-82.9151376719804,Cornerstone Village,Moross Rd & Chandler Park Dr
882ab2c643fffff,2,4,Emerging Hotspot,2,100.0,7.0,05,Crime Type,ASSAULT,4,4,2025-11-07,2025-12-04,2025-12-05,2026-01-01,42.4217086952154,-82.92813607488735,Cornerstone Village,Chester St & University Pl
882ab2c60bfffff,3,4,Emerging Hotspot,1,33.33,5.5,05,Crime Type,ASSAULT,4,4,2025-11-07,2025-12-04,2025-12-05,2026-01-01,42.4071065301122,-82.9271565989737,Cornerstone Village,Guilford St & E Warren Ave
882ab2c63bfffff,4,4,Persistent Hotspot,0,0.0,5.4,05,Crime Type,ASSAULT,4,4,2025-11-07,2025-12-04,2025-12-05,2026-01-01,42.38827161690155,-82.9435361350442,Morningside,Lakepointe St & Mack Ave
882ab2c443fffff,5,3,Declining Hotspot,-2,-40.0,3.0,05,Crime Type,ASSAULT,4,4,2025-11-07,2025-12-04,2025-12-05,2026-01-01,42.377743211354,-82.9799510638653,West End,Fairview St & Goethe Ave
882ab2c633fffff,4,3,Declining Hotspot,-1,-25.0,3.0,05,Crime Type,ASSAULT,4,4,2025-11-07,2025-12-04,2025-12-05,2026-01-01,42.3820737814329,-82.9488900706313,Riverbend,Chalmers St & Kercheval St
882ab2c63dfffff,4,3,Declining Hotspot,-1,-25.0,3.0,05,Crime Type,ASSAULT,4,4,2025-11-07,2025-12-04,2025-12-05,2026-01-01,42.3981866734714,-82.9558389011593,Chandler Park-Chalmers,Lakepointe St & E Warren Ave
882ab2c603fffff,5,2,Declining Hotspot,-3,-60.0,2.0,05,Crime Type,ASSAULT,4,4,2025-11-07,2025-12-04,2025-12-05,2026-01-01,42.4029894505433,-82.9399556381637,Morningside,Audubon Rd & E Warren Ave
882ab2c61dfffff,5,2,Declining Hotspot,-3,-60.0,2.0,05,Crime Type,ASSAULT,4,4,2025-11-07,2025-12-04,2025-12-05,2026-01-01,42.4013216575509,-82.9277006185038,East English Village,Harvard Rd & Waveney St
882ab2c657fffff,7,2,Declining Hotspot,-5,-71.43,2.0,05,Crime Type,ASSAULT,4,4,2025-11-07,2025-12-04,2025-12-05,2026-01-01,42.4083309050742,-82.9203776544084,Cornerstone Village,E Warren Ave & Lodewyck St
882ab2cf17fffff,1,4,Emerging Hotspot,3,300.0,8.5,06,Crime Type,ASSAULT,5,4,2025-11-07,2025-12-04,2025-12-05,2026-01-01,42.3720385336338,-83.2276889331348,Franklin Park,Warwick St & Plymouth Rd
882ab2cc45fffff,8,9,Persistent Hotspot,1,12.5,13.65,06,Crime Type,ASSAULT,5,4,2025-11-07,2025-12-04,2025-12-05,2026-01-01,42.365285439154,-83.2095166589743,Joy Community,Orangelawn St & Rutland St
882ab2cc61fffff,5,7,Persistent Hotspot,2,40.0,12.45,06,Crime Type,ASSAULT,5,4,2025-11-07,2025-12-04,2025-12-05,2026-01-01,42.3611596478804,-83.226246313219,Franklin Park,Artesian St & Joy Rd
882ab2cc65fffff,7,8,Persistent Hotspot,1,14.29,12.3,06,Crime Type,ASSAULT,5,4,2025-11-07,2025-12-04,2025-12-05,2026-01-01,42.36292124299095,-83.238484125039,Franklin Park,W Chicago St & Heyden St
882ab2cc67fffff,10,7,Persistent Hotspot,-3,-30.0,9.45,06,Crime Type,ASSAULT,5,4,2025-11-07,2025-12-04,2025-12-05,2026-01-01,42.35570902059675,-83.2347281579616,Warrendale,Evergreen Rd & Joy Rd
882ab2cc47fffff,6,5,Persistent Hotspot,-1,-16.67,6.75,06,Crime Type,ASSAULT,5,4,2025-11-07,2025-12-04,2025-12-05,2026-01-01,42.3590625176971,-83.20396735527581,Joy Community,Mansfield St & Kramer St
882ab2cc2bfffff,6,4,Persistent Hotspot,-2,-33.33,5.4,06,Crime Type,ASSAULT,5,4,2025-11-07,2025-12-04,2025-12-05,2026-01-01,42.3396077393422,-83.22680751775106,Warrendale,Warwick St & Whitlock St
882ab2cc2dfffff,5,4,Persistent Hotspot,-1,-20.0,5.4,06,Crime Type,ASSAULT,5,4,2025-11-07,2025-12-04,2025-12-05,2026-01-01,42.3503213294463,-83.2406201033814,Warrendale,Braile St & Belton Ave
882ab2cc6dfffff,8,4,Persistent Hotspot,-4,-50.0,5.4,06,Crime Type,ASSAULT,5,4,2025-11-07,2025-12-04,2025-12-05,2026-01-01,42.3695246359902,-83.232456191969,Franklin Park,Orangelawn St & Warwick St
882ab2cf33fffff,5,4,Persistent Hotspot,-1,-20.0,5.4,06,Crime Type,ASSAULT,5,4,2025-11-07,2025-12-04,2025-12-05,2026-01-01,42.37187235244575,-83.2412209572612,Franklin Park,Plymouth Rd & Fielding St
882ab2cc69fffff,5,2,Declining Hotspot,-3,-60.0,2.0,06,Crime Type,ASSAULT,5,4,2025-11-07,2025-12-04,2025-12-05,2026-01-01,42.3673550176978,-83.22027784620084,Franklin Park,Weaver St & Rosemont Ave
882ab2cf1bfffff,6,2,Declining Hotspot,-4,-66.67,2.0,06,Crime Type,ASSAULT,5,4,2025-11-07,2025-12-04,2025-12-05,2026-01-01,42.3822191424378,-83.207405292497,Schoolcraft Southfield,Mettetal St & Glendale St
882ab2cf27fffff,5,2,Declining Hotspot,-3,-60.0,2.0,06,Crime Type,ASSAULT,5,4,2025-11-07,2025-12-04,2025-12-05,2026-01-01,42.3880664803802,-83.2733932026018,Eliza Howell,Riverview St & Dale St
882ab2cf3dfffff,6,2,Declining Hotspot,-4,-66.67,2.0,06,Crime Type,ASSAULT,5,4,2025-11-07,2025-12-04,2025-12-05,2026-01-01,42.38571477736065,-83.25569771014125,Brightmoor,Lahser Rd & W Outer Dr
882ab2cc63fffff,5,1,Declining Hotspot,-4,-80.0,1.0,06,Crime Type,ASSAULT,5,4,2025-11-07,2025-12-04,2025-12-05,2026-01-01,42.3540669512469,-83.2234171641304,Warrendale,Joy Rd & Greenview Ave
882ab2cf3bfffff,5,1,Declining Hotspot,-4,-80.0,1.0,06,Crime Type,ASSAULT,5,4,2025-11-07,2025-12-04,2025-12-05,2026-01-01,42.376364941419,-83.236396034023,Weatherby,Capitol St & Plainview Ave
882ab2c405fffff,1,3,Emerging Hotspot,2,200.0,6.0,07,Crime Type,ASSAULT,4,3,2025-11-07,2025-12-04,2025-12-05,2026-01-01,42.3677681937205,-83.0051233507447,Gratiot-Grand,Baldwin St & Goethe Ave
882ab2c437fffff,1,3,Emerging Hotspot,2,200.0,6.0,07,Crime Type,ASSAULT,4,3,2025-11-07,2025-12-04,2025-12-05,2026-01-01,42.34172506144085,-83.0145488213913,Rivertown,E Larned St & McDougall St
882ab2c465fffff,1,3,Emerging Hotspot,2,200.0,6.0,07,Crime Type,ASSAULT,4,3,2025-11-07,2025-12-04,2025-12-05,2026-01-01,42.3865949687306,-83.0214018454638,Airport Sub,Van Dyke St & Harper Ave
882ab2c513fffff,1,3,Emerging Hotspot,2,200.0,6.0,07,Crime Type,ASSAULT,4,3,2025-11-07,2025-12-04,2025-12-05,2026-01-01,42.3499880586953,-83.0523699915006,Medical Center,Beaubien St & Mack Ave
882ab2c463fffff,2,3,Emerging Hotspot,1,50.0,4.5,07,Crime Type,ASSAULT,4,3,2025-11-07,2025-12-04,2025-12-05,2026-01-01,42.3767500840111,-83.0106424237817,Gratiot-Grand,Iroquois St & E Warren Ave
882ab2c5cbfffff,8,11,Persistent Hotspot,3,37.5,19.35,07,Crime Type,ASSAULT,4,3,2025-11-07,2025-12-04,2025-12-05,2026-01-01,42.3410176915525,-83.023266509099,Elmwood Park,E Jefferson Ave & Chene St
882ab2c439fffff,6,7,Persistent Hotspot,1,16.67,10.95,07,Crime Type,ASSAULT,4,3,2025-11-07,2025-12-04,2025-12-05,2026-01-01,42.3519526429914,-82.9967383380492,West Village,E Jefferson Ave & Parker St
882ab2c5c3fffff,8,5,Persistent Hotspot,-3,-37.5,6.75,07,Crime Type,ASSAULT,4,3,2025-11-07,2025-12-04,2025-12-05,2026-01-01,42.3364259425427,-83.0292011368974,Lafayette Park,Saint Aubin St & E Larned St
882ab2c5c9fffff,7,4,Persistent Hotspot,-3,-42.86,5.4,07,Crime Type,ASSAULT,4,3,2025-11-07,2025-12-04,2025-12-05,2026-01-01,42.3502542019417,-83.0302985615252,Elmwood Park,Prince Hall Dr & Chene St
882ab2c43dfffff,4,2,Declining Hotspot,-2,-50.0,2.0,07,Crime Type,ASSAULT,4,3,2025-11-07,2025-12-04,2025-12-05,2026-01-01,42.354372393915,-83.0063893655434,Islandview,Agnes St & E Grand Blvd
882ab2c461fffff,4,2,Declining Hotspot,-2,-50.0,2.0,07,Crime Type,ASSAULT,4,3,2025-11-07,2025-12-04,2025-12-05,2026-01-01,42.3832002790155,-83.0140688496528,Gratiot Town/Kettering,Gratiot Ave & Parker St
882ab2c427fffff,4,1,Declining Hotspot,-3,-75.0,1.0,07,Crime Type,ASSAULT,4,3,2025-11-07,2025-12-04,2025-12-05,2026-01-01,42.357926522713,-83.0295877389262,McDougall-Hunt,Chene St & Scott St
882ab2cab3fffff,1,5,Emerging Hotspot,4,400.0,11.0,08,Crime Type,ASSAULT,4,4,2025-11-07,2025-12-04,2025-12-05,2026-01-01,42.424486086913,-83.2738298612168,Seven Mile-Rouge,Shiawassee Dr & Margareta St
882ab2cf6bfffff,1,5,Emerging Hotspot,4,400.0,11.0,08,Crime Type,ASSAULT,4,4,2025-11-07,2025-12-04,2025-12-05,2026-01-01,42.41156466965455,-83.244250479248,Holcomb Community,Grand River Ave & Patton St
882ab2cf45fffff,3,6,Emerging Hotspot,3,100.0,10.5,08,Crime Type,ASSAULT,4,4,2025-11-07,2025-12-04,2025-12-05,2026-01-01,42.419387568202254,-83.2383766583946,Evergreen-Outer Drive,Santa Maria St & Heyden St
882ab2c1b5fffff,2,5,Emerging Hotspot,3,150.0,9.5,08,Crime Type,ASSAULT,4,4,2025-11-07,2025-12-04,2025-12-05,2026-01-01,42.4230381823384,-83.20823202955845,College Park,Thatcher St & Ferguson St
882ab2cf57fffff,2,4,Emerging Hotspot,2,100.0,7.0,08,Crime Type,ASSAULT,4,4,2025-11-07,2025-12-04,2025-12-05,2026-01-01,42.39483804516625,-83.214985214622,Grandmont,Ashton Rd & Lyndon St
882ab2cab7fffff,3,4,Emerging Hotspot,1,33.33,5.5,08,Crime Type,ASSAULT,4,4,2025-11-07,2025-12-04,2025-12-05,2026-01-01,42.4286454981274,-83.2814705315058,Five Points,Grand River Ave & Woodbine St
882ab2cf51fffff,3,4,Emerging Hotspot,1,33.33,5.5,08,Crime Type,ASSAULT,4,4,2025-11-07,2025-12-04,2025-12-05,2026-01-01,42.4030666206595,-83.2074096504793,Crary/St Marys,Keeler St & Ferguson St
882ab2cf53fffff,3,4,Emerging Hotspot,1,33.33,5.5,08,Crime Type,ASSAULT,4,4,2025-11-07,2025-12-04,2025-12-05,2026-01-01,42.393900927103,-83.2015047170285,Greenfield-Grand River,Acacia St & Forrer St
882ab2c1b7fffff,5,7,Persistent Hotspot,2,40.0,12.45,08,Crime Type,ASSAULT,4,4,2025-11-07,2025-12-04,2025-12-05,2026-01-01,42.415851144836296,-83.20139796128575,Crary/St Marys,Greenfield Rd & Verne St
882ab2ca97fffff,5,5,Persistent Hotspot,0,0.0,6.75,08,Crime Type,ASSAULT,4,4,2025-11-07,2025-12-04,2025-12-05,2026-01-01,42.4292679010273,-83.2534029514986,Evergreen Lahser 7/8,Lahser Rd & W 7 Mile Rd
882ab2cf4dfffff,7,5,Persistent Hotspot,-2,-28.57,6.75,08,Crime Type,ASSAULT,4,4,2025-11-07,2025-12-04,2025-12-05,2026-01-01,42.426720338279594,-83.2288701222653,Evergreen-Outer Drive,Stahelin Ave & W 7 Mile Rd
882ab2cf49fffff,6,4,Persistent Hotspot,-2,-33.33,5.4,08,Crime Type,ASSAULT,4,4,2025-11-07,2025-12-04,2025-12-05,2026-01-01,42.4248549880698,-83.2179256175138,College Park,Margareta St & Lindsay St
882ab2cf61fffff,4,4,Persistent Hotspot,0,0.0,5.4,08,Crime Type,ASSAULT,4,4,2025-11-07,2025-12-04,2025-12-05,2026-01-01,42.4146741898092,-83.2568507845596,Oak Grove District 1,Chapel St & W McNichols Rd
882ab2cf67fffff,5,4,Persistent Hotspot,-1,-20.0,5.4,08,Crime Type,ASSAULT,4,4,2025-11-07,2025-12-04,2025-12-05,2026-01-01,42.4079168223016,-83.2652221161807,Riverdale,Dolphin St & Dehner St
882ab2cf0dfffff,5,3,Declining Hotspot,-2,-40.0,3.0,08,Crime Type,ASSAULT,4,4,2025-11-07,2025-12-04,2025-12-05,2026-01-01,42.406034033514345,-83.2406317070044,Brightmoor,Pilgrim St & Vaughan St
882ab2cf5dfffff,4,3,Declining Hotspot,-1,-25.0,3.0,08,Crime Type,ASSAULT,4,4,2025-11-07,2025-12-04,2025-12-05,2026-01-01,42.4103285053167,-83.2108407677899,Crary/St Marys,Verne St & Biltmore St
882ab2cf6dfffff,5,3,Declining Hotspot,-2,-40.0,3.0,08,Crime Type,ASSAULT,4,4,2025-11-07,2025-12-04,2025-12-05,2026-01-01,42.4218922142559,-83.2581934597824,Old Redford,Lahser Rd & Glenco St
882ab2c1a1fffff,4,2,Declining Hotspot,-2,-50.0,2.0,08,Crime Type,ASSAULT,4,4,2025-11-07,2025-12-04,2025-12-05,2026-01-01,42.4391166911026,-83.2147547019169,Greenfield,Pembroke Ave & Lindsay St
882ab2c1abfffff,4,2,Declining Hotspot,-2,-50.0,2.0,08,Crime Type,ASSAULT,4,4,2025-11-07,2025-12-04,2025-12-05,2026-01-01,42.4376042559743,-83.20252022227055,Greenfield,Mansfield St & Vassar Ave
882ab2ca91fffff,8,2,Declining Hotspot,-6,-75.0,2.0,08,Crime Type,ASSAULT,4,4,2025-11-07,2025-12-04,2025-12-05,2026-01-01,42.4365222139149,-83.2453426004845,Evergreen Lahser 7/8,Pembroke Ave & Kentfield St
882ab2cab1fffff,4,2,Declining Hotspot,-2,-50.0,2.0,08,Crime Type,ASSAULT,4,4,2025-11-07,2025-12-04,2025-12-05,2026-01-01,42.4290006373133,-83.2777700530693,Five Points,Woodbine St & W 7 Mile Rd
882ab2cabbfffff,5,2,Declining Hotspot,-3,-60.0,2.0,08,Crime Type,ASSAULT,4,4,2025-11-07,2025-12-04,2025-12-05,2026-01-01,42.4313714462072,-83.26543280002619,Berg-Lahser,Berg Rd & W 7 Mile Rd
882ab2cf09fffff,4,2,Declining Hotspot,-2,-50.0,2.0,08,Crime Type,ASSAULT,4,4,2025-11-07,2025-12-04,2025-12-05,2026-01-01,42.4039882458279,-83.2259135822917,Rosedale Park,Grand River Ave & Glastonbury Ave
882ab2c1a9fffff,4,0,Declining Hotspot,-4,-100.0,0.0,08,Crime Type,ASSAULT,4,4,2025-11-07,2025-12-04,2025-12-05,2026-01-01,42.4439467189446,-83.2046128673194,Greenfield,Motor Dr & N M 10
882ab2c627fffff,0,5,New Hotspot,5,,12.5,09,Crime Type,ASSAULT,6,4,2025-11-07,2025-12-04,2025-12-05,2026-01-01,42.400216790199,-82.9821529906713,Ravendale,Harper Ave & Norcross St
882ab2c75bfffff,0,4,New Hotspot,4,,10.0,09,Crime Type,ASSAULT,6,4,2025-11-07,2025-12-04,2025-12-05,2026-01-01,42.423754464326,-82.9835481702481,Mapleridge,Gratiot Ave & Young St
882ab2c663fffff,2,7,Emerging Hotspot,5,250.0,14.5,09,Crime Type,ASSAULT,6,4,2025-11-07,2025-12-04,2025-12-05,2026-01-01,42.4203963608699,-82.9577493746717,Denby,Grayton St & Lansdowne St
882ab2c605fffff,4,7,Emerging Hotspot,3,75.0,11.5,09,Crime Type,ASSAULT,6,4,2025-11-07,2025-12-04,2025-12-05,2026-01-01,42.41182849365295,-82.9542600506487,Outer Drive-Hayes,Beaconsfield St & Courville St
882ab2c669fffff,1,5,Emerging Hotspot,4,400.0,11.0,09,Crime Type,ASSAULT,6,4,2025-11-07,2025-12-04,2025-12-05,2026-01-01,42.4331934041443,-82.9549172238386,Mapleridge,Kelly Rd & Linnhurst St
882ab2c74bfffff,1,4,Emerging Hotspot,3,300.0,8.5,09,Crime Type,ASSAULT,6,4,2025-11-07,2025-12-04,2025-12-05,2026-01-01,42.4382686569261,-83.0023666046127,Pulaski,Annott St & Pinewood St
882ab2c759fffff,2,4,Emerging Hotspot,2,100.0,7.0,09,Crime Type,ASSAULT,6,4,2025-11-07,2025-12-04,2025-12-05,2026-01-01,42.429528610671994,-82.98540618260719,Franklin,Pelkey St & Greiner St
882ab2d597fffff,2,4,Emerging Hotspot,2,100.0,7.0,09,Crime Type,ASSAULT,6,4,2025-11-07,2025-12-04,2025-12-05,2026-01-01,42.4409743980614,-82.9583946901877,Regent Park,Tacoma St & Rex St
882ab2c719fffff,5,5,Emerging Hotspot,0,0.0,5.0,09,Crime Type,ASSAULT,6,4,2025-11-07,2025-12-04,2025-12-05,2026-01-01,42.4085834761448,-82.9950846370677,Gratiot-Findlay,Gunston St & Gratiot Ave
882ab2c66bfffff,7,5,Persistent Hotspot,-2,-28.57,6.75,09,Crime Type,ASSAULT,6,4,2025-11-07,2025-12-04,2025-12-05,2026-01-01,42.42632688143855,-82.9499411616721,Moross-Morang,Lakepointe St & Morang Dr
882ab2d5bbfffff,9,5,Persistent Hotspot,-4,-44.44,6.75,09,Crime Type,ASSAULT,6,4,2025-11-07,2025-12-04,2025-12-05,2026-01-01,42.4434084434849,-82.970791942545,Regent Park,Queen St & Rossini Dr
882ab2c647fffff,11,4,Persistent Hotspot,-7,-63.64,5.4,09,Crime Type,ASSAULT,6,4,2025-11-07,2025-12-04,2025-12-05,2026-01-01,42.4244778056882,-82.9407430774162,Moross-Morang,Casino St & Somerset Ave
882ab2c625fffff,7,2,Declining Hotspot,-5,-71.43,2.0,09,Crime Type,ASSAULT,6,4,2025-11-07,2025-12-04,2025-12-05,2026-01-01,42.4093221818329,-82.9841299069008,Wade,Roseberry St & Longview St
882ab2c743fffff,6,2,Declining Hotspot,-4,-66.67,2.0,09,Crime Type,ASSAULT,6,4,2025-11-07,2025-12-04,2025-12-05,2026-01-01,42.4324965915188,-83.00944593149815,Mount Olivet,Beland St & Eastwood St
882ab2d591fffff,6,2,Declining Hotspot,-4,-66.67,2.0,09,Crime Type,ASSAULT,6,4,2025-11-07,2025-12-04,2025-12-05,2026-01-01,42.4474714071389,-82.9512884625627,Regent Park,Fairmount Dr & Cordell St
882ab2d5b7fffff,8,2,Declining Hotspot,-6,-75.0,2.0,09,Crime Type,ASSAULT,6,4,2025-11-07,2025-12-04,2025-12-05,2026-01-01,42.4383595504994,-82.9889717563696,Pulaski,E 7 Mile Rd & Schoenherr St
882ab2c661fffff,9,1,Declining Hotspot,-8,-88.89,1.0,09,Crime Type,ASSAULT,6,4,2025-11-07,2025-12-04,2025-12-05,2026-01-01,42.4271921170409,-82.9627670159486,Mapleridge,Troester St & Queen St
882ab2c757fffff,6,1,Declining Hotspot,-5,-83.33,1.0,09,Crime Type,ASSAULT,6,4,2025-11-07,2025-12-04,2025-12-05,2026-01-01,42.4179790722437,-82.99945841990356,LaSalle College Park,Strasburg St & E McNichols Rd
882ab2d5b5fffff,6,1,Declining Hotspot,-5,-83.33,1.0,09,Crime Type,ASSAULT,6,4,2025-11-07,2025-12-04,2025-12-05,2026-01-01,42.4456739782067,-82.9916402776304,Conner Creek,Fairport St & Bringard Dr
882ab2c525fffff,2,5,Emerging Hotspot,3,150.0,9.5,10,Crime Type,ASSAULT,6,4,2025-11-07,2025-12-04,2025-12-05,2026-01-01,42.377040420023,-83.1174128378397,Dexter-Linwood,Dexter Ave & Collingwood St
882ab2ce59fffff,2,4,Emerging Hotspot,2,100.0,7.0,10,Crime Type,ASSAULT,6,4,2025-11-07,2025-12-04,2025-12-05,2026-01-01,42.3957041475136,-83.119676552736,Oakman Blvd Community,W Grand St & La Salle Blvd
882ab2c527fffff,4,5,Emerging Hotspot,1,25.0,6.5,10,Crime Type,ASSAULT,6,4,2025-11-07,2025-12-04,2025-12-05,2026-01-01,42.3687090022666,-83.1138186796188,Jamison,Atkinson St & Dexter Ave
882ab2ce47fffff,3,4,Emerging Hotspot,1,33.33,5.5,10,Crime Type,ASSAULT,6,4,2025-11-07,2025-12-04,2025-12-05,2026-01-01,42.4010902320439,-83.1543166634489,Chalfonte,Cherrylawn St & Eaton St
882ab2ce01fffff,5,5,Emerging Hotspot,0,0.0,5.0,10,Crime Type,ASSAULT,6,4,2025-11-07,2025-12-04,2025-12-05,2026-01-01,42.3861909178708,-83.1560059011736,Davison-Schoolcraft,W Davison St & Kentucky St
882ab2ce13fffff,5,4,Emerging Hotspot,-1,-20.0,4.0,10,Crime Type,ASSAULT,6,4,2025-11-07,2025-12-04,2025-12-05,2026-01-01,42.3626085651066,-83.1330107647866,Midwest,Northfield St & Joy Rd
882ab2ce51fffff,6,9,Persistent Hotspot,3,50.0,16.65,10,Crime Type,ASSAULT,6,4,2025-11-07,2025-12-04,2025-12-05,2026-01-01,42.3909329578329,-83.1254968552373,Dexter-Linwood,Dexter Ave & Waverly
882ab2c567fffff,8,5,Persistent Hotspot,-3,-37.5,6.75,10,Crime Type,ASSAULT,6,4,2025-11-07,2025-12-04,2025-12-05,2026-01-01,42.38823565823665,-83.10464187753101,Dexter-Linwood,Woodrow Wilson St & Elmhurst St
882ab2c507fffff,6,4,Persistent Hotspot,-2,-33.33,5.4,10,Crime Type,ASSAULT,6,4,2025-11-07,2025-12-04,2025-12-05,2026-01-01,42.3697335528948,-83.08170174424,Virginia Park Community,W Grand Blvd & Lincoln St
882ab2ce57fffff,6,4,Persistent Hotspot,-2,-33.33,5.4,10,Crime Type,ASSAULT,6,4,2025-11-07,2025-12-04,2025-12-05,2026-01-01,42.3859734201848,-83.1339608753184,Russell Woods,Petoskey Ave & W Davison St
882ab2c523fffff,6,2,Declining Hotspot,-4,-66.67,2.0,10,Crime Type,ASSAULT,6,4,2025-11-07,2025-12-04,2025-12-05,2026-01-01,42.366259407536,-83.10189835157205,LaSalle Gardens,14th St & W Euclid St
882ab2ce53fffff,6,2,Declining Hotspot,-4,-66.67,2.0,10,Crime Type,ASSAULT,6,4,2025-11-07,2025-12-04,2025-12-05,2026-01-01,42.385027958062,-83.12032786618616,Dexter-Linwood,Richton St & Linwood St
882ab2ce1dfffff,8,1,Declining Hotspot,-7,-87.5,1.0,10,Crime Type,ASSAULT,6,4,2025-11-07,2025-12-04,2025-12-05,2026-01-01,42.3782867594345,-83.1403815338275,Oakman Blvd Community,Cortland St & Ewald Cir
882ab2c529fffff,6,0,Declining Hotspot,-6,-100.0,0.0,10,Crime Type,ASSAULT,6,4,2025-11-07,2025-12-04,2025-12-05,2026-01-01,42.38104713800355,-83.098032597983,Boston Edison,W Boston Blvd & N M 10 Service Drive
882ab2c761fffff,0,4,New Hotspot,4,,10.0,11,Crime Type,ASSAULT,4,4,2025-11-07,2025-12-04,2025-12-05,2026-01-01,42.4384549401626,-83.04371480168,Farwell,E Lantz St & Mound Rd
882ab2c0dbfffff,2,6,Emerging Hotspot,4,200.0,12.0,11,Crime Type,ASSAULT,4,4,2025-11-07,2025-12-04,2025-12-05,2026-01-01,42.4331387024329,-83.0622209405383,Farwell,Ryan Rd & E 7 Mile Rd
882ab2c08bfffff,1,5,Emerging Hotspot,4,400.0,11.0,11,Crime Type,ASSAULT,4,4,2025-11-07,2025-12-04,2025-12-05,2026-01-01,42.4303637318254,-83.0904361529573,Hawthorne Park,Russell St & E 7 Mile Rd
882ab2c0d5fffff,2,5,Emerging Hotspot,3,150.0,9.5,11,Crime Type,ASSAULT,4,4,2025-11-07,2025-12-04,2025-12-05,2026-01-01,42.4353407920037,-83.08535721004054,Nolan,Riopelle St & Emery St
882ab2c0c7fffff,1,4,Emerging Hotspot,3,300.0,8.5,11,Crime Type,ASSAULT,4,4,2025-11-07,2025-12-04,2025-12-05,2026-01-01,42.4422136144208,-83.10006763341785,Nolan,Keating St & E Remington Ave
882ab2c0c3fffff,3,4,Emerging Hotspot,1,33.33,5.5,11,Crime Type,ASSAULT,4,4,2025-11-07,2025-12-04,2025-12-05,2026-01-01,42.4424443321607,-83.0880586642813,Nolan,Greeley St & E Remington Ave
882ab2c76bfffff,3,4,Emerging Hotspot,1,33.33,5.5,11,Crime Type,ASSAULT,4,4,2025-11-07,2025-12-04,2025-12-05,2026-01-01,42.438658991326,-83.0306180858354,Nortown,E Lantz St & Sherwood St
882ab2c0d7fffff,4,6,Persistent Hotspot,2,50.0,11.1,11,Crime Type,ASSAULT,4,4,2025-11-07,2025-12-04,2025-12-05,2026-01-01,42.42827978006765,-83.0792650004535,Northeast Central District,E Grixdale St & Goddard St
882ab2c0d9fffff,7,5,Persistent Hotspot,-2,-28.57,6.75,11,Crime Type,ASSAULT,4,4,2025-11-07,2025-12-04,2025-12-05,2026-01-01,42.4421826971557,-83.0651253343558,Farwell,Cordova St & Dean St
882ab2c0d1fffff,5,4,Persistent Hotspot,-1,-20.0,5.4,11,Crime Type,ASSAULT,4,4,2025-11-07,2025-12-04,2025-12-05,2026-01-01,42.4355909483518,-83.0735405934336,Pershing,Charest St & E Lantz St
882ab2c745fffff,5,3,Declining Hotspot,-2,-40.0,3.0,11,Crime Type,ASSAULT,4,4,2025-11-07,2025-12-04,2025-12-05,2026-01-01,42.4436061204028,-83.0246669703729,Sherwood,Milbank St & Spencer St
882ab2c747fffff,4,2,Declining Hotspot,-2,-50.0,2.0,11,Crime Type,ASSAULT,4,4,2025-11-07,2025-12-04,2025-12-05,2026-01-01,42.4340962002179,-83.0209419277825,Nortown,Van Dyke St & E 7 Mile Rd
882ab2c729fffff,5,1,Declining Hotspot,-4,-80.0,1.0,11,Crime Type,ASSAULT,4,4,2025-11-07,2025-12-04,2025-12-05,2026-01-01,42.4247328641699,-83.0434007714722,Davison,Iowa St & Minnesota St
882ab2c741fffff,5,1,Declining Hotspot,-4,-80.0,1.0,11,Crime Type,ASSAULT,4,4,2025-11-07,2025-12-04,2025-12-05,2026-01-01,42.4389543556089,-83.0156846967228,Nortown,Yolanda St & E Outer Dr
882ab2c0ddfffff,5,0,Declining Hotspot,-5,-100.0,0.0,11,Crime Type,ASSAULT,4,4,2025-11-07,2025-12-04,2025-12-05,2026-01-01,42.4425478145773,-83.0763451898483,Butler,Harned St & E Outer Dr
882ab2c199fffff,0,6,New Hotspot,6,,15.0,12,Crime Type,ASSAULT,4,5,2025-11-07,2025-12-04,2025-12-05,2026-01-01,42.432272052104295,-83.160486007446,Bagley,Washburn St & W 7 Mile Rd
882ab2c181fffff,0,5,New Hotspot,5,,12.5,12,Crime Type,ASSAULT,4,5,2025-11-07,2025-12-04,2025-12-05,2026-01-01,42.4407905511949,-83.1839566187578,Schaefer 7/8 Lodge,Ardmore St & Chippewa St
882ab2c195fffff,2,7,Emerging Hotspot,5,250.0,14.5,12,Crime Type,ASSAULT,4,5,2025-11-07,2025-12-04,2025-12-05,2026-01-01,42.4257472140624,-83.17768700583515,Schulze,Curtis St & Steel St
882ab2c1d3fffff,2,7,Emerging Hotspot,5,250.0,14.5,12,Crime Type,ASSAULT,4,5,2025-11-07,2025-12-04,2025-12-05,2026-01-01,42.436933621782046,-83.1507772485498,Oak Grove District 2,Roselawn St & W Outer Dr
882ab2ce41fffff,2,7,Emerging Hotspot,5,250.0,14.5,12,Crime Type,ASSAULT,4,5,2025-11-07,2025-12-04,2025-12-05,2026-01-01,42.4075473870695,-83.1461042788721,Fitzgerald/Marygrove,Monica St & Keeler Ave
882ab2ce4dfffff,2,7,Emerging Hotspot,5,250.0,14.5,12,Crime Type,ASSAULT,4,5,2025-11-07,2025-12-04,2025-12-05,2026-01-01,42.41713248022035,-83.1491035149803,Bagley,San Juan Dr & W McNichols Rd
882ab2c1bbfffff,4,9,Persistent Hotspot,5,125.0,19.65,12,Crime Type,ASSAULT,4,5,2025-11-07,2025-12-04,2025-12-05,2026-01-01,42.4201758426176,-83.182342101538,Winship,Lesure St & W Outer Dr
882ab2c191fffff,5,6,Persistent Hotspot,1,20.0,9.6,12,Crime Type,ASSAULT,4,5,2025-11-07,2025-12-04,2025-12-05,2026-01-01,42.4242003517172,-83.1649535659357,Schulze,Margareta St & Manor St
882ab2c183fffff,4,5,Persistent Hotspot,1,25.0,8.25,12,Crime Type,ASSAULT,4,5,2025-11-07,2025-12-04,2025-12-05,2026-01-01,42.4345389661054,-83.1794690043265,Greenwich,Cambridge Ave & Littlefield St
882ab2ce69fffff,6,5,Persistent Hotspot,-1,-16.67,6.75,12,Crime Type,ASSAULT,4,5,2025-11-07,2025-12-04,2025-12-05,2026-01-01,42.41199469544685,-83.1698402050922,Fitzgerald/Marygrove,Florence St & Mendota St
882ab2c1b9fffff,5,3,Declining Hotspot,-2,-40.0,3.0,12,Crime Type,ASSAULT,4,5,2025-11-07,2025-12-04,2025-12-05,2026-01-01,42.4273222133839,-83.18755904420081,Winship,Margareta St & Mark Twain St
882ab2ce45fffff,4,3,Declining Hotspot,-1,-25.0,3.0,12,Crime Type,ASSAULT,4,5,2025-11-07,2025-12-04,2025-12-05,2026-01-01,42.40973788804895,-83.1573322674889,Fitzgerald/Marygrove,Puritan St & Northlawn St
882ab2ce4bfffff,4,3,Declining Hotspot,-1,-25.0,3.0,12,Crime Type,ASSAULT,4,5,2025-11-07,2025-12-04,2025-12-05,2026-01-01,42.4063612131365,-83.1344305332905,Pilgrim Village,Keeler Ave & Parkside St
882ab2c193fffff,6,2,Declining Hotspot,-4,-66.67,2.0,12,Crime Type,ASSAULT,4,5,2025-11-07,2025-12-04,2025-12-05,2026-01-01,42.4169437403662,-83.1603122492298,Schulze,W McNichols Rd & Wyoming St
882ab2c1d7fffff,6,2,Declining Hotspot,-4,-66.67,2.0,12,Crime Type,ASSAULT,4,5,2025-11-07,2025-12-04,2025-12-05,2026-01-01,42.4408096985575,-83.1610973329709,Garden Homes,Indiana St & Chippewa St
882ab2ce49fffff,5,2,Declining Hotspot,-3,-60.0,2.0,12,Crime Type,ASSAULT,4,5,2025-11-07,2025-12-04,2025-12-05,2026-01-01,42.41475945047815,-83.1417270778599,Fitzgerald/Marygrove,Stoepel St & Florence St
882ab2c0b7fffff,4,1,Declining Hotspot,-3,-75.0,1.0,12,Crime Type,ASSAULT,4,5,2025-11-07,2025-12-04,2025-12-05,2026-01-01,42.4076275055007,-83.1219076736268,Pilgrim Village,Wabash St & Pilgrim St
882ab2c187fffff,4,1,Declining Hotspot,-3,-75.0,1.0,12,Crime Type,ASSAULT,4,5,2025-11-07,2025-12-04,2025-12-05,2026-01-01,42.436077545225245,-83.19025229801184,Schaefer 7/8 Lodge,Pembroke Ave & Mark Twain St
882ab2c199fffff,0,6,New Hotspot,6,,15.0,ALL,Crime Type,ASSAULT,5,4,2025-11-07,2025-12-04,2025-12-05,2026-01-01,42.432272052104295,-83.160486007446,Bagley,Washburn St & W 7 Mile Rd
882ab2c181fffff,0,5,New Hotspot,5,,12.5,ALL,Crime Type,ASSAULT,5,4,2025-11-07,2025-12-04,2025-12-05,2026-01-01,42.4407905511949,-83.1839566187578,Schaefer 7/8 Lodge,Ardmore St & Chippewa St
882ab2c185fffff,0,5,New Hotspot,5,,12.5,ALL,Crime Type,ASSAULT,5,4,2025-11-07,2025-12-04,2025-12-05,2026-01-01,42.4437041668081,-83.1992689024598,Schaefer 7/8 Lodge,Greenfield Rd & Greenlodge St
882ab2c627fffff,0,5,New Hotspot,5,,12.5,ALL,Crime Type,ASSAULT,5,4,2025-11-07,2025-12-04,2025-12-05,2026-01-01,42.400216790199,-82.9821529906713,Ravendale,Harper Ave & Norcross St
882ab2c615fffff,0,4,New Hotspot,4,,10.0,ALL,Crime Type,ASSAULT,5,4,2025-11-07,2025-12-04,2025-12-05,2026-01-01,42.395077046472,-82.9367206866718,Morningside,Devonshire Rd & Bremen St
882ab2c75bfffff,0,4,New Hotspot,4,,10.0,ALL,Crime Type,ASSAULT,5,4,2025-11-07,2025-12-04,2025-12-05,2026-01-01,42.423754464326,-82.9835481702481,Mapleridge,Gratiot Ave & Young St
882ab2c761fffff,0,4,New Hotspot,4,,10.0,ALL,Crime Type,ASSAULT,5,4,2025-11-07,2025-12-04,2025-12-05,2026-01-01,42.4384549401626,-83.04371480168,Farwell,E Lantz St & Mound Rd
882ab2c601fffff,3,9,Emerging Hotspot,6,200.0,18.0,ALL,Crime Type,ASSAULT,5,4,2025-11-07,2025-12-04,2025-12-05,2026-01-01,42.4101998614238,-82.9421318183079,Morningside,Chandler Park Dr & Yorkshire Rd
882ab2ce41fffff,2,8,Emerging Hotspot,6,300.0,17.0,ALL,Crime Type,ASSAULT,5,4,2025-11-07,2025-12-04,2025-12-05,2026-01-01,42.4075473870695,-83.1461042788721,Fitzgerald/Marygrove,Monica St & Keeler Ave
882ab2c1bbfffff,4,9,Emerging Hotspot,5,125.0,16.5,ALL,Crime Type,ASSAULT,5,4,2025-11-07,2025-12-04,2025-12-05,2026-01-01,42.4201758426176,-83.182342101538,Winship,Lesure St & W Outer Dr
882ab2cc41fffff,1,7,Emerging Hotspot,6,600.0,16.0,ALL,Crime Type,ASSAULT,5,4,2025-11-07,2025-12-04,2025-12-05,2026-01-01,42.3634942640829,-83.197222222757,Joy Community,Greenfield Rd & W Chicago St
882ab2ce25fffff,3,8,Emerging Hotspot,5,166.67,15.5,ALL,Crime Type,ASSAULT,5,4,2025-11-07,2025-12-04,2025-12-05,2026-01-01,42.3870329748074,-83.1981637461412,Schoolcraft Southfield,Greenfield Rd & Schoolcraft St
882ab2cf5bfffff,3,8,Emerging Hotspot,5,166.67,15.5,ALL,Crime Type,ASSAULT,5,4,2025-11-07,2025-12-04,2025-12-05,2026-01-01,42.40150199439465,-83.1960751937683,Hubbell-Lyndon,Greenfield Rd & Chalfonte St
882ab2c195fffff,2,7,Emerging Hotspot,5,250.0,14.5,ALL,Crime Type,ASSAULT,5,4,2025-11-07,2025-12-04,2025-12-05,2026-01-01,42.4257472140624,-83.17768700583515,Schulze,Curtis St & Steel St
882ab2c1d3fffff,2,7,Emerging Hotspot,5,250.0,14.5,ALL,Crime Type,ASSAULT,5,4,2025-11-07,2025-12-04,2025-12-05,2026-01-01,42.436933621782046,-83.1507772485498,Oak Grove District 2,Roselawn St & W Outer Dr
882ab2c663fffff,2,7,Emerging Hotspot,5,250.0,14.5,ALL,Crime Type,ASSAULT,5,4,2025-11-07,2025-12-04,2025-12-05,2026-01-01,42.4203963608699,-82.9577493746717,Denby,Grayton St & Lansdowne St
882ab2ce4dfffff,2,7,Emerging Hotspot,5,250.0,14.5,ALL,Crime Type,ASSAULT,5,4,2025-11-07,2025-12-04,2025-12-05,2026-01-01,42.41713248022035,-83.1491035149803,Bagley,San Juan Dr & W McNichols Rd
882ab21b6dfffff,1,6,Emerging Hotspot,5,500.0,13.5,ALL,Crime Type,ASSAULT,5,4,2025-11-07,2025-12-04,2025-12-05,2026-01-01,42.3051494751125,-83.1234476758195,Springwells,Springwells St & Homer St
882ab2c0dbfffff,2,6,Emerging Hotspot,4,200.0,12.0,ALL,Crime Type,ASSAULT,5,4,2025-11-07,2025-12-04,2025-12-05,2026-01-01,42.4331387024329,-83.0622209405383,Farwell,Ryan Rd & E 7 Mile Rd
882ab2c605fffff,4,7,Emerging Hotspot,3,75.0,11.5,ALL,Crime Type,ASSAULT,5,4,2025-11-07,2025-12-04,2025-12-05,2026-01-01,42.41182849365295,-82.9542600506487,Outer Drive-Hayes,Beaconsfield St & Courville St
882ab2cebbfffff,4,7,Emerging Hotspot,3,75.0,11.5,ALL,Crime Type,ASSAULT,5,4,2025-11-07,2025-12-04,2025-12-05,2026-01-01,42.3128380399185,-83.12812257015175,Springwells,Carson St & Belle St
882ab2c08bfffff,1,5,Emerging Hotspot,4,400.0,11.0,ALL,Crime Type,ASSAULT,5,4,2025-11-07,2025-12-04,2025-12-05,2026-01-01,42.4303637318254,-83.0904361529573,Hawthorne Park,Russell St & E 7 Mile Rd
882ab2c669fffff,1,5,Emerging Hotspot,4,400.0,11.0,ALL,Crime Type,ASSAULT,5,4,2025-11-07,2025-12-04,2025-12-05,2026-01-01,42.4331934041443,-82.9549172238386,Mapleridge,Kelly Rd & Linnhurst St
882ab2cab3fffff,1,5,Emerging Hotspot,4,400.0,11.0,ALL,Crime Type,ASSAULT,5,4,2025-11-07,2025-12-04,2025-12-05,2026-01-01,42.424486086913,-83.2738298612168,Seven Mile-Rouge,Shiawassee Dr & Margareta St
882ab2cf6bfffff,1,5,Emerging Hotspot,4,400.0,11.0,ALL,Crime Type,ASSAULT,5,4,2025-11-07,2025-12-04,2025-12-05,2026-01-01,42.41156466965455,-83.244250479248,Holcomb Community,Grand River Ave & Patton St
882ab2cee9fffff,3,6,Emerging Hotspot,3,100.0,10.5,ALL,Crime Type,ASSAULT,5,4,2025-11-07,2025-12-04,2025-12-05,2026-01-01,42.3569688533808,-83.1406150066518,Midwest,Joy Rd & Livernois Ave
882ab2cf45fffff,3,6,Emerging Hotspot,3,100.0,10.5,ALL,Crime Type,ASSAULT,5,4,2025-11-07,2025-12-04,2025-12-05,2026-01-01,42.419387568202254,-83.2383766583946,Evergreen-Outer Drive,Santa Maria St & Heyden St
882ab2c0d5fffff,2,5,Emerging Hotspot,3,150.0,9.5,ALL,Crime Type,ASSAULT,5,4,2025-11-07,2025-12-04,2025-12-05,2026-01-01,42.4353407920037,-83.08535721004054,Nolan,Riopelle St & Emery St
882ab2c1b5fffff,2,5,Emerging Hotspot,3,150.0,9.5,ALL,Crime Type,ASSAULT,5,4,2025-11-07,2025-12-04,2025-12-05,2026-01-01,42.4230381823384,-83.20823202955845,College Park,Thatcher St & Ferguson St
882ab2c505fffff,2,5,Emerging Hotspot,3,150.0,9.5,ALL,Crime Type,ASSAULT,5,4,2025-11-07,2025-12-04,2025-12-05,2026-01-01,42.379413120139304,-83.0847668736954,Piety Hill,Hazelwood St & 2nd Ave
882ab2c525fffff,2,5,Emerging Hotspot,3,150.0,9.5,ALL,Crime Type,ASSAULT,5,4,2025-11-07,2025-12-04,2025-12-05,2026-01-01,42.377040420023,-83.1174128378397,Dexter-Linwood,Dexter Ave & Collingwood St
882ab2c0d7fffff,4,6,Emerging Hotspot,2,50.0,9.0,ALL,Crime Type,ASSAULT,5,4,2025-11-07,2025-12-04,2025-12-05,2026-01-01,42.42827978006765,-83.0792650004535,Northeast Central District,E Grixdale St & Goddard St
882ab2c5e1fffff,4,6,Emerging Hotspot,2,50.0,9.0,ALL,Crime Type,ASSAULT,5,4,2025-11-07,2025-12-04,2025-12-05,2026-01-01,42.3394921948913,-83.0664991055863,Midtown,Grand River Ave & S M 10
882ab2cc93fffff,4,6,Emerging Hotspot,2,50.0,9.0,ALL,Crime Type,ASSAULT,5,4,2025-11-07,2025-12-04,2025-12-05,2026-01-01,42.2666572840668,-83.1560066412194,Boynton,S Annabelle St & Omaha St
882ab2ce2bfffff,4,6,Emerging Hotspot,2,50.0,9.0,ALL,Crime Type,ASSAULT,5,4,2025-11-07,2025-12-04,2025-12-05,2026-01-01,42.3832082862042,-83.1757081426057,Grand River-I96,Grand River Ave & Lesure St
882ab2c0c7fffff,1,4,Emerging Hotspot,3,300.0,8.5,ALL,Crime Type,ASSAULT,5,4,2025-11-07,2025-12-04,2025-12-05,2026-01-01,42.4422136144208,-83.10006763341785,Nolan,Keating St & E Remington Ave
882ab2c44bfffff,1,4,Emerging Hotspot,3,300.0,8.5,ALL,Crime Type,ASSAULT,5,4,2025-11-07,2025-12-04,2025-12-05,2026-01-01,42.3870654894149,-82.9707905753456,Fox Creek,Conner St & E Canfield St
882ab2c655fffff,1,4,Emerging Hotspot,3,300.0,8.5,ALL,Crime Type,ASSAULT,5,4,2025-11-07,2025-12-04,2025-12-05,2026-01-01,42.4144194973635,-82.9249145917571,Cornerstone Village,Neff Ave & Linville St
882ab2c74bfffff,1,4,Emerging Hotspot,3,300.0,8.5,ALL,Crime Type,ASSAULT,5,4,2025-11-07,2025-12-04,2025-12-05,2026-01-01,42.4382686569261,-83.0023666046127,Pulaski,Annott St & Pinewood St
882ab2cf17fffff,1,4,Emerging Hotspot,3,300.0,8.5,ALL,Crime Type,ASSAULT,5,4,2025-11-07,2025-12-04,2025-12-05,2026-01-01,42.3720385336338,-83.2276889331348,Franklin Park,Warwick St & Plymouth Rd
882ab2c65dfffff,3,5,Emerging Hotspot,2,66.67,8.0,ALL,Crime Type,ASSAULT,5,4,2025-11-07,2025-12-04,2025-12-05,2026-01-01,42.418867988292,-82.9151376719804,Cornerstone Village,Moross Rd & Chandler Park Dr
882ab2ce47fffff,3,5,Emerging Hotspot,2,66.67,8.0,ALL,Crime Type,ASSAULT,5,4,2025-11-07,2025-12-04,2025-12-05,2026-01-01,42.4010902320439,-83.1543166634489,Chalfonte,Cherrylawn St & Eaton St
882ab2c0bdfffff,2,4,Emerging Hotspot,2,100.0,7.0,ALL,Crime Type,ASSAULT,5,4,2025-11-07,2025-12-04,2025-12-05,2026-01-01,42.4200562029354,-83.116975620587,Palmer Park,Manderson Rd & Whitmore Rd
882ab2c447fffff,2,4,Emerging Hotspot,2,100.0,7.0,ALL,Crime Type,ASSAULT,5,4,2025-11-07,2025-12-04,2025-12-05,2026-01-01,42.3818670823092,-82.9909691789616,East Canfield,E Forest Ave & Saint Clair St
882ab2c759fffff,2,4,Emerging Hotspot,2,100.0,7.0,ALL,Crime Type,ASSAULT,5,4,2025-11-07,2025-12-04,2025-12-05,2026-01-01,42.429528610671994,-82.98540618260719,Franklin,Pelkey St & Greiner St
882ab2ce59fffff,2,4,Emerging Hotspot,2,100.0,7.0,ALL,Crime Type,ASSAULT,5,4,2025-11-07,2025-12-04,2025-12-05,2026-01-01,42.3957041475136,-83.119676552736,Oakman Blvd Community,W Grand St & La Salle Blvd
882ab2cf57fffff,2,4,Emerging Hotspot,2,100.0,7.0,ALL,Crime Type,ASSAULT,5,4,2025-11-07,2025-12-04,2025-12-05,2026-01-01,42.39483804516625,-83.214985214622,Grandmont,Ashton Rd & Lyndon St
882ab2d597fffff,2,4,Emerging Hotspot,2,100.0,7.0,ALL,Crime Type,ASSAULT,5,4,2025-11-07,2025-12-04,2025-12-05,2026-01-01,42.4409743980614,-82.9583946901877,Regent Park,Tacoma St & Rex St
882ab2c183fffff,4,5,Emerging Hotspot,1,25.0,6.5,ALL,Crime Type,ASSAULT,5,4,2025-11-07,2025-12-04,2025-12-05,2026-01-01,42.4345389661054,-83.1794690043265,Greenwich,Cambridge Ave & Littlefield St
882ab2c527fffff,4,5,Emerging Hotspot,1,25.0,6.5,ALL,Crime Type,ASSAULT,5,4,2025-11-07,2025-12-04,2025-12-05,2026-01-01,42.3687090022666,-83.1138186796188,Jamison,Atkinson St & Dexter Ave
882ab2ce31fffff,4,5,Emerging Hotspot,1,25.0,6.5,ALL,Crime Type,ASSAULT,5,4,2025-11-07,2025-12-04,2025-12-05,2026-01-01,42.366056231876,-83.1680069659359,Barton-McFarland,Elmira St & Steel St
882ab2c0c3fffff,3,4,Emerging Hotspot,1,33.33,5.5,ALL,Crime Type,ASSAULT,5,4,2025-11-07,2025-12-04,2025-12-05,2026-01-01,42.4424443321607,-83.0880586642813,Nolan,Greeley St & E Remington Ave
882ab2c18bfffff,3,4,Emerging Hotspot,1,33.33,5.5,ALL,Crime Type,ASSAULT,5,4,2025-11-07,2025-12-04,2025-12-05,2026-01-01,42.44071570499925,-83.1721629174823,Blackstone Park,Appoline St & Chippewa St
882ab2c53dfffff,3,4,Emerging Hotspot,1,33.33,5.5,ALL,Crime Type,ASSAULT,5,4,2025-11-07,2025-12-04,2025-12-05,2026-01-01,42.364597989538,-83.0938448650044,LaSalle Gardens,W Grand Blvd & Hanover St
882ab2c60bfffff,3,4,Emerging Hotspot,1,33.33,5.5,ALL,Crime Type,ASSAULT,5,4,2025-11-07,2025-12-04,2025-12-05,2026-01-01,42.4071065301122,-82.9271565989737,Cornerstone Village,Guilford St & E Warren Ave
882ab2c643fffff,3,4,Emerging Hotspot,1,33.33,5.5,ALL,Crime Type,ASSAULT,5,4,2025-11-07,2025-12-04,2025-12-05,2026-01-01,42.4217086952154,-82.92813607488735,Cornerstone Village,Chester St & University Pl
882ab2c76bfffff,3,4,Emerging Hotspot,1,33.33,5.5,ALL,Crime Type,ASSAULT,5,4,2025-11-07,2025-12-04,2025-12-05,2026-01-01,42.438658991326,-83.0306180858354,Nortown,E Lantz St & Sherwood St
882ab2cab7fffff,3,4,Emerging Hotspot,1,33.33,5.5,ALL,Crime Type,ASSAULT,5,4,2025-11-07,2025-12-04,2025-12-05,2026-01-01,42.4286454981274,-83.2814705315058,Five Points,Grand River Ave & Woodbine St
882ab2ce33fffff,3,4,Emerging Hotspot,1,33.33,5.5,ALL,Crime Type,ASSAULT,5,4,2025-11-07,2025-12-04,2025-12-05,2026-01-01,42.3597662727578,-83.1641413385951,Barton-McFarland,Ellis St & Meyers Rd
882ab2cf51fffff,3,4,Emerging Hotspot,1,33.33,5.5,ALL,Crime Type,ASSAULT,5,4,2025-11-07,2025-12-04,2025-12-05,2026-01-01,42.4030666206595,-83.2074096504793,Crary/St Marys,Keeler St & Ferguson St
882ab2cf53fffff,3,4,Emerging Hotspot,1,33.33,5.5,ALL,Crime Type,ASSAULT,5,4,2025-11-07,2025-12-04,2025-12-05,2026-01-01,42.393900927103,-83.2015047170285,Greenfield-Grand River,Acacia St & Forrer St
882ab2c63bfffff,4,4,Emerging Hotspot,0,0.0,4.0,ALL,Crime Type,ASSAULT,5,4,2025-11-07,2025-12-04,2025-12-05,2026-01-01,42.38827161690155,-82.9435361350442,Morningside,Lakepointe St & Mack Ave
882ab2ce6bfffff,4,4,Emerging Hotspot,0,0.0,4.0,ALL,Crime Type,ASSAULT,5,4,2025-11-07,2025-12-04,2025-12-05,2026-01-01,42.4025284332423,-83.1651004313549,Bethune Community,Fenkell St & Wyoming St
882ab2ceedfffff,4,4,Emerging Hotspot,0,0.0,4.0,ALL,Crime Type,ASSAULT,5,4,2025-11-07,2025-12-04,2025-12-05,2026-01-01,42.356817915908195,-83.15234131055206,Barton-McFarland,Joy Rd & Kentucky St
882ab2cf61fffff,4,4,Emerging Hotspot,0,0.0,4.0,ALL,Crime Type,ASSAULT,5,4,2025-11-07,2025-12-04,2025-12-05,2026-01-01,42.4146741898092,-83.2568507845596,Oak Grove District 1,Chapel St & W McNichols Rd
882ab2c517fffff,8,14,Persistent Hotspot,6,75.0,27.9,ALL,Crime Type,ASSAULT,5,4,2025-11-07,2025-12-04,2025-12-05,2026-01-01,42.3547448078777,-83.0636943175046,Midtown,W Hancock St & Woodward Ave
882ab2ce8bfffff,5,10,Persistent Hotspot,5,100.0,21.0,ALL,Crime Type,ASSAULT,5,4,2025-11-07,2025-12-04,2025-12-05,2026-01-01,42.331163128617,-83.1155268312082,Chadsey Condon,Military St & Buchanan St
882ab2c5cbfffff,8,11,Persistent Hotspot,3,37.5,19.35,ALL,Crime Type,ASSAULT,5,4,2025-11-07,2025-12-04,2025-12-05,2026-01-01,42.3410176915525,-83.023266509099,Elmwood Park,E Jefferson Ave & Chene St
882ab2c513fffff,5,9,Persistent Hotspot,4,80.0,18.15,ALL,Crime Type,ASSAULT,5,4,2025-11-07,2025-12-04,2025-12-05,2026-01-01,42.3499880586953,-83.0523699915006,Medical Center,Beaubien St & Mack Ave
882ab2ce51fffff,6,9,Persistent Hotspot,3,50.0,16.65,ALL,Crime Type,ASSAULT,5,4,2025-11-07,2025-12-04,2025-12-05,2026-01-01,42.3909329578329,-83.1254968552373,Dexter-Linwood,Dexter Ave & Waverly
882ab2c5ebfffff,10,11,Persistent Hotspot,1,10.0,16.35,ALL,Crime Type,ASSAULT,5,4,2025-11-07,2025-12-04,2025-12-05,2026-01-01,42.3369889568907,-83.0517817737465,Downtown,Woodward Ave & E Adams Ave
882ab2c1b7fffff,6,8,Persistent Hotspot,2,33.33,13.8,ALL,Crime Type,ASSAULT,5,4,2025-11-07,2025-12-04,2025-12-05,2026-01-01,42.415851144836296,-83.20139796128575,Crary/St Marys,Greenfield Rd & Verne St
882ab2cc45fffff,8,9,Persistent Hotspot,1,12.5,13.65,ALL,Crime Type,ASSAULT,5,4,2025-11-07,2025-12-04,2025-12-05,2026-01-01,42.365285439154,-83.2095166589743,Joy Community,Orangelawn St & Rutland St
882ab2c5c7fffff,10,10,Persistent Hotspot,0,0.0,13.5,ALL,Crime Type,ASSAULT,5,4,2025-11-07,2025-12-04,2025-12-05,2026-01-01,42.3340146833249,-83.0431303273926,Greektown,Beaubien St & E Lafayette St
882ab2cc61fffff,5,7,Persistent Hotspot,2,40.0,12.45,ALL,Crime Type,ASSAULT,5,4,2025-11-07,2025-12-04,2025-12-05,2026-01-01,42.3611596478804,-83.226246313219,Franklin Park,Artesian St & Joy Rd
882ab2cc65fffff,7,8,Persistent Hotspot,1,14.29,12.3,ALL,Crime Type,ASSAULT,5,4,2025-11-07,2025-12-04,2025-12-05,2026-01-01,42.36292124299095,-83.238484125039,Franklin Park,W Chicago St & Heyden St
882ab2c58dfffff,9,9,Persistent Hotspot,0,0.0,12.15,ALL,Crime Type,ASSAULT,5,4,2025-11-07,2025-12-04,2025-12-05,2026-01-01,42.3325162414365,-83.0493954373665,Downtown,John R St & Woodward Ave
882ab2c439fffff,6,7,Persistent Hotspot,1,16.67,10.95,ALL,Crime Type,ASSAULT,5,4,2025-11-07,2025-12-04,2025-12-05,2026-01-01,42.3519526429914,-82.9967383380492,West Village,E Jefferson Ave & Parker St
882ab2ce2dfffff,6,7,Persistent Hotspot,1,16.67,10.95,ALL,Crime Type,ASSAULT,5,4,2025-11-07,2025-12-04,2025-12-05,2026-01-01,42.3943851869428,-83.1906048808923,Hubbell-Lyndon,Whitcomb St & Lyndon St
882ab2c507fffff,17,8,Persistent Hotspot,-9,-52.94,10.8,ALL,Crime Type,ASSAULT,5,4,2025-11-07,2025-12-04,2025-12-05,2026-01-01,42.3697335528948,-83.08170174424,Virginia Park Community,W Grand Blvd & Lincoln St
882ab2cc43fffff,9,8,Persistent Hotspot,-1,-11.11,10.8,ALL,Crime Type,ASSAULT,5,4,2025-11-07,2025-12-04,2025-12-05,2026-01-01,42.3570481056041,-83.1935237234267,Fiskhorn,Prest St & Joy Rd
882ab2c191fffff,5,6,Persistent Hotspot,1,20.0,9.6,ALL,Crime Type,ASSAULT,5,4,2025-11-07,2025-12-04,2025-12-05,2026-01-01,42.4242003517172,-83.1649535659357,Schulze,Margareta St & Manor St
882ab2ce01fffff,5,6,Persistent Hotspot,1,20.0,9.6,ALL,Crime Type,ASSAULT,5,4,2025-11-07,2025-12-04,2025-12-05,2026-01-01,42.3861909178708,-83.1560059011736,Davison-Schoolcraft,W Davison St & Kentucky St
882ab2c5e3fffff,11,7,Persistent Hotspot,-4,-36.36,9.45,ALL,Crime Type,ASSAULT,5,4,2025-11-07,2025-12-04,2025-12-05,2026-01-01,42.3323027840917,-83.057812497388,Downtown,Bagley St & 3rd St
882ab2c5e9fffff,13,7,Persistent Hotspot,-6,-46.15,9.45,ALL,Crime Type,ASSAULT,5,4,2025-11-07,2025-12-04,2025-12-05,2026-01-01,42.346487742123,-83.0580336249676,Midtown,Eliot St & Woodward Ave
882ab2cc67fffff,10,7,Persistent Hotspot,-3,-30.0,9.45,ALL,Crime Type,ASSAULT,5,4,2025-11-07,2025-12-04,2025-12-05,2026-01-01,42.35570902059675,-83.2347281579616,Warrendale,Evergreen Rd & Joy Rd
882ab2ce65fffff,16,7,Persistent Hotspot,-9,-56.25,9.45,ALL,Crime Type,ASSAULT,5,4,2025-11-07,2025-12-04,2025-12-05,2026-01-01,42.4071639391402,-83.1877625171532,Bethune Community,Puritan St & Hubbell St
882ab2c511fffff,8,6,Persistent Hotspot,-2,-25.0,8.1,ALL,Crime Type,ASSAULT,5,4,2025-11-07,2025-12-04,2025-12-05,2026-01-01,42.3601854216103,-83.0590853182331,Medical Center,Brush St & E Warren Ave
882ab2ce6dfffff,7,6,Persistent Hotspot,-1,-14.29,8.1,ALL,Crime Type,ASSAULT,5,4,2025-11-07,2025-12-04,2025-12-05,2026-01-01,42.4118076305669,-83.1797983731317,Harmony Village,Schaefer Hwy & W McNichols Rd
882ab2c0d9fffff,7,5,Persistent Hotspot,-2,-28.57,6.75,ALL,Crime Type,ASSAULT,5,4,2025-11-07,2025-12-04,2025-12-05,2026-01-01,42.4421826971557,-83.0651253343558,Farwell,Cordova St & Dean St
882ab2c53bfffff,5,5,Persistent Hotspot,0,0.0,6.75,ALL,Crime Type,ASSAULT,5,4,2025-11-07,2025-12-04,2025-12-05,2026-01-01,42.3546909528293,-83.0731579493817,Wayne State,Anthony Wayne Dr & 3rd St
882ab2c567fffff,8,5,Persistent Hotspot,-3,-37.5,6.75,ALL,Crime Type,ASSAULT,5,4,2025-11-07,2025-12-04,2025-12-05,2026-01-01,42.38823565823665,-83.10464187753101,Dexter-Linwood,Woodrow Wilson St & Elmhurst St
882ab2c5c3fffff,8,5,Persistent Hotspot,-3,-37.5,6.75,ALL,Crime Type,ASSAULT,5,4,2025-11-07,2025-12-04,2025-12-05,2026-01-01,42.3364259425427,-83.0292011368974,Lafayette Park,Saint Aubin St & E Larned St
882ab2c66bfffff,7,5,Persistent Hotspot,-2,-28.57,6.75,ALL,Crime Type,ASSAULT,5,4,2025-11-07,2025-12-04,2025-12-05,2026-01-01,42.42632688143855,-82.9499411616721,Moross-Morang,Lakepointe St & Morang Dr
882ab2c719fffff,5,5,Persistent Hotspot,0,0.0,6.75,ALL,Crime Type,ASSAULT,5,4,2025-11-07,2025-12-04,2025-12-05,2026-01-01,42.4085834761448,-82.9950846370677,Gratiot-Findlay,Gunston St & Gratiot Ave
882ab2ca97fffff,5,5,Persistent Hotspot,0,0.0,6.75,ALL,Crime Type,ASSAULT,5,4,2025-11-07,2025-12-04,2025-12-05,2026-01-01,42.4292679010273,-83.2534029514986,Evergreen Lahser 7/8,Lahser Rd & W 7 Mile Rd
882ab2cc47fffff,6,5,Persistent Hotspot,-1,-16.67,6.75,ALL,Crime Type,ASSAULT,5,4,2025-11-07,2025-12-04,2025-12-05,2026-01-01,42.3590625176971,-83.20396735527581,Joy Community,Mansfield St & Kramer St
882ab2ce37fffff,6,5,Persistent Hotspot,-1,-16.67,6.75,ALL,Crime Type,ASSAULT,5,4,2025-11-07,2025-12-04,2025-12-05,2026-01-01,42.3597958521912,-83.171554584413,Barton-McFarland,Appoline & Joy Rd
882ab2ce4bfffff,6,5,Persistent Hotspot,-1,-16.67,6.75,ALL,Crime Type,ASSAULT,5,4,2025-11-07,2025-12-04,2025-12-05,2026-01-01,42.4063612131365,-83.1344305332905,Pilgrim Village,Keeler Ave & Parkside St
882ab2ce69fffff,6,5,Persistent Hotspot,-1,-16.67,6.75,ALL,Crime Type,ASSAULT,5,4,2025-11-07,2025-12-04,2025-12-05,2026-01-01,42.41199469544685,-83.1698402050922,Fitzgerald/Marygrove,Florence St & Mendota St
882ab2cf4dfffff,7,5,Persistent Hotspot,-2,-28.57,6.75,ALL,Crime Type,ASSAULT,5,4,2025-11-07,2025-12-04,2025-12-05,2026-01-01,42.426720338279594,-83.2288701222653,Evergreen-Outer Drive,Stahelin Ave & W 7 Mile Rd
882ab2d5bbfffff,9,5,Persistent Hotspot,-4,-44.44,6.75,ALL,Crime Type,ASSAULT,5,4,2025-11-07,2025-12-04,2025-12-05,2026-01-01,42.4434084434849,-82.970791942545,Regent Park,Queen St & Rossini Dr
882ab2c0d1fffff,5,4,Persistent Hotspot,-1,-20.0,5.4,ALL,Crime Type,ASSAULT,5,4,2025-11-07,2025-12-04,2025-12-05,2026-01-01,42.4355909483518,-83.0735405934336,Pershing,Charest St & E Lantz St
882ab2c5c9fffff,8,4,Persistent Hotspot,-4,-50.0,5.4,ALL,Crime Type,ASSAULT,5,4,2025-11-07,2025-12-04,2025-12-05,2026-01-01,42.3502542019417,-83.0302985615252,Elmwood Park,Prince Hall Dr & Chene St
882ab2c647fffff,11,4,Persistent Hotspot,-7,-63.64,5.4,ALL,Crime Type,ASSAULT,5,4,2025-11-07,2025-12-04,2025-12-05,2026-01-01,42.4244778056882,-82.9407430774162,Moross-Morang,Casino St & Somerset Ave
882ab2cc2bfffff,6,4,Persistent Hotspot,-2,-33.33,5.4,ALL,Crime Type,ASSAULT,5,4,2025-11-07,2025-12-04,2025-12-05,2026-01-01,42.3396077393422,-83.22680751775106,Warrendale,Warwick St & Whitlock St
882ab2cc2dfffff,5,4,Persistent Hotspot,-1,-20.0,5.4,ALL,Crime Type,ASSAULT,5,4,2025-11-07,2025-12-04,2025-12-05,2026-01-01,42.3503213294463,-83.2406201033814,Warrendale,Braile St & Belton Ave
882ab2cc6dfffff,8,4,Persistent Hotspot,-4,-50.0,5.4,ALL,Crime Type,ASSAULT,5,4,2025-11-07,2025-12-04,2025-12-05,2026-01-01,42.3695246359902,-83.232456191969,Franklin Park,Orangelawn St & Warwick St
882ab2ce13fffff,5,4,Persistent Hotspot,-1,-20.0,5.4,ALL,Crime Type,ASSAULT,5,4,2025-11-07,2025-12-04,2025-12-05,2026-01-01,42.3626085651066,-83.1330107647866,Midwest,Northfield St & Joy Rd
882ab2ce57fffff,6,4,Persistent Hotspot,-2,-33.33,5.4,ALL,Crime Type,ASSAULT,5,4,2025-11-07,2025-12-04,2025-12-05,2026-01-01,42.3859734201848,-83.1339608753184,Russell Woods,Petoskey Ave & W Davison St
882ab2ce67fffff,7,4,Persistent Hotspot,-3,-42.86,5.4,ALL,Crime Type,ASSAULT,5,4,2025-11-07,2025-12-04,2025-12-05,2026-01-01,42.3996165391759,-83.1843121901417,Bethune Community,Ardmore St & Lyndon St
882ab2ceebfffff,5,4,Persistent Hotspot,-1,-20.0,5.4,ALL,Crime Type,ASSAULT,5,4,2025-11-07,2025-12-04,2025-12-05,2026-01-01,42.351688005481904,-83.1367079993483,Midwest,Wetherby St & Tireman St
882ab2cf03fffff,7,4,Persistent Hotspot,-3,-42.86,5.4,ALL,Crime Type,ASSAULT,5,4,2025-11-07,2025-12-04,2025-12-05,2026-01-01,42.3905263810478,-83.2346345537521,Brightmoor,Vaughan St & Crescent Dr
882ab2cf33fffff,5,4,Persistent Hotspot,-1,-20.0,5.4,ALL,Crime Type,ASSAULT,5,4,2025-11-07,2025-12-04,2025-12-05,2026-01-01,42.37187235244575,-83.2412209572612,Franklin Park,Plymouth Rd & Fielding St
882ab2cf49fffff,6,4,Persistent Hotspot,-2,-33.33,5.4,ALL,Crime Type,ASSAULT,5,4,2025-11-07,2025-12-04,2025-12-05,2026-01-01,42.4248549880698,-83.2179256175138,College Park,Margareta St & Lindsay St
882ab2cf67fffff,5,4,Persistent Hotspot,-1,-20.0,5.4,ALL,Crime Type,ASSAULT,5,4,2025-11-07,2025-12-04,2025-12-05,2026-01-01,42.4079168223016,-83.2652221161807,Riverdale,Dolphin St & Dehner St
882ab2c1b9fffff,5,3,Declining Hotspot,-2,-40.0,3.0,ALL,Crime Type,ASSAULT,5,4,2025-11-07,2025-12-04,2025-12-05,2026-01-01,42.4273222133839,-83.18755904420081,Winship,Margareta St & Mark Twain St
882ab2c443fffff,5,3,Declining Hotspot,-2,-40.0,3.0,ALL,Crime Type,ASSAULT,5,4,2025-11-07,2025-12-04,2025-12-05,2026-01-01,42.377743211354,-82.9799510638653,West End,Fairview St & Goethe Ave
882ab2c501fffff,6,3,Declining Hotspot,-3,-50.0,3.0,ALL,Crime Type,ASSAULT,5,4,2025-11-07,2025-12-04,2025-12-05,2026-01-01,42.3760635916825,-83.0774215036196,North End,Seward St & Virginia Park Ct
882ab2c745fffff,5,3,Declining Hotspot,-2,-40.0,3.0,ALL,Crime Type,ASSAULT,5,4,2025-11-07,2025-12-04,2025-12-05,2026-01-01,42.4436061204028,-83.0246669703729,Sherwood,Milbank St & Spencer St
882ab2cf0dfffff,5,3,Declining Hotspot,-2,-40.0,3.0,ALL,Crime Type,ASSAULT,5,4,2025-11-07,2025-12-04,2025-12-05,2026-01-01,42.406034033514345,-83.2406317070044,Brightmoor,Pilgrim St & Vaughan St
882ab2cf6dfffff,5,3,Declining Hotspot,-2,-40.0,3.0,ALL,Crime Type,ASSAULT,5,4,2025-11-07,2025-12-04,2025-12-05,2026-01-01,42.4218922142559,-83.2581934597824,Old Redford,Lahser Rd & Glenco St
882ab2c193fffff,6,2,Declining Hotspot,-4,-66.67,2.0,ALL,Crime Type,ASSAULT,5,4,2025-11-07,2025-12-04,2025-12-05,2026-01-01,42.4169437403662,-83.1603122492298,Schulze,W McNichols Rd & Wyoming St
882ab2c1abfffff,6,2,Declining Hotspot,-4,-66.67,2.0,ALL,Crime Type,ASSAULT,5,4,2025-11-07,2025-12-04,2025-12-05,2026-01-01,42.4376042559743,-83.20252022227055,Greenfield,Mansfield St & Vassar Ave
882ab2c1d7fffff,6,2,Declining Hotspot,-4,-66.67,2.0,ALL,Crime Type,ASSAULT,5,4,2025-11-07,2025-12-04,2025-12-05,2026-01-01,42.4408096985575,-83.1610973329709,Garden Homes,Indiana St & Chippewa St
882ab2c503fffff,6,2,Declining Hotspot,-4,-66.67,2.0,ALL,Crime Type,ASSAULT,5,4,2025-11-07,2025-12-04,2025-12-05,2026-01-01,42.3690367401692,-83.0721031760376,Milwaukee Junction,Piquette St & Brush St
882ab2c523fffff,6,2,Declining Hotspot,-4,-66.67,2.0,ALL,Crime Type,ASSAULT,5,4,2025-11-07,2025-12-04,2025-12-05,2026-01-01,42.366259407536,-83.10189835157205,LaSalle Gardens,14th St & W Euclid St
882ab2c589fffff,8,2,Declining Hotspot,-6,-75.0,2.0,ALL,Crime Type,ASSAULT,5,4,2025-11-07,2025-12-04,2025-12-05,2026-01-01,42.3313368677451,-83.0421009226148,Downtown,Randolph St & Cadillac Sq
882ab2c603fffff,5,2,Declining Hotspot,-3,-60.0,2.0,ALL,Crime Type,ASSAULT,5,4,2025-11-07,2025-12-04,2025-12-05,2026-01-01,42.4029894505433,-82.9399556381637,Morningside,Audubon Rd & E Warren Ave
882ab2c61dfffff,5,2,Declining Hotspot,-3,-60.0,2.0,ALL,Crime Type,ASSAULT,5,4,2025-11-07,2025-12-04,2025-12-05,2026-01-01,42.4013216575509,-82.9277006185038,East English Village,Harvard Rd & Waveney St
882ab2c625fffff,7,2,Declining Hotspot,-5,-71.43,2.0,ALL,Crime Type,ASSAULT,5,4,2025-11-07,2025-12-04,2025-12-05,2026-01-01,42.4093221818329,-82.9841299069008,Wade,Roseberry St & Longview St
882ab2c62bfffff,5,2,Declining Hotspot,-3,-60.0,2.0,ALL,Crime Type,ASSAULT,5,4,2025-11-07,2025-12-04,2025-12-05,2026-01-01,42.4065719044079,-82.9643445990192,Outer Drive-Hayes,Chalmers St & Kent St
882ab2c657fffff,7,2,Declining Hotspot,-5,-71.43,2.0,ALL,Crime Type,ASSAULT,5,4,2025-11-07,2025-12-04,2025-12-05,2026-01-01,42.4083309050742,-82.9203776544084,Cornerstone Village,E Warren Ave & Lodewyck St
882ab2c743fffff,6,2,Declining Hotspot,-4,-66.67,2.0,ALL,Crime Type,ASSAULT,5,4,2025-11-07,2025-12-04,2025-12-05,2026-01-01,42.4324965915188,-83.00944593149815,Mount Olivet,Beland St & Eastwood St
882ab2c747fffff,6,2,Declining Hotspot,-4,-66.67,2.0,ALL,Crime Type,ASSAULT,5,4,2025-11-07,2025-12-04,2025-12-05,2026-01-01,42.4340962002179,-83.0209419277825,Nortown,Van Dyke St & E 7 Mile Rd
882ab2ca91fffff,8,2,Declining Hotspot,-6,-75.0,2.0,ALL,Crime Type,ASSAULT,5,4,2025-11-07,2025-12-04,2025-12-05,2026-01-01,42.4365222139149,-83.2453426004845,Evergreen Lahser 7/8,Pembroke Ave & Kentfield St
882ab2cabbfffff,5,2,Declining Hotspot,-3,-60.0,2.0,ALL,Crime Type,ASSAULT,5,4,2025-11-07,2025-12-04,2025-12-05,2026-01-01,42.4313714462072,-83.26543280002619,Berg-Lahser,Berg Rd & W 7 Mile Rd
882ab2cc49fffff,8,2,Declining Hotspot,-6,-75.0,2.0,ALL,Crime Type,ASSAULT,5,4,2025-11-07,2025-12-04,2025-12-05,2026-01-01,42.3704358941496,-83.1899171234106,Plymouth-Hubbell,Plymouth Rd & Strathmoor St
882ab2cc69fffff,5,2,Declining Hotspot,-3,-60.0,2.0,ALL,Crime Type,ASSAULT,5,4,2025-11-07,2025-12-04,2025-12-05,2026-01-01,42.3673550176978,-83.22027784620084,Franklin Park,Weaver St & Rosemont Ave
882ab2ce35fffff,5,2,Declining Hotspot,-3,-60.0,2.0,ALL,Crime Type,ASSAULT,5,4,2025-11-07,2025-12-04,2025-12-05,2026-01-01,42.3658503442388,-83.1764897287986,Barton-McFarland,Hartwell St & W Chicago St
882ab2ce49fffff,5,2,Declining Hotspot,-3,-60.0,2.0,ALL,Crime Type,ASSAULT,5,4,2025-11-07,2025-12-04,2025-12-05,2026-01-01,42.41475945047815,-83.1417270778599,Fitzgerald/Marygrove,Stoepel St & Florence St
882ab2ce53fffff,6,2,Declining Hotspot,-4,-66.67,2.0,ALL,Crime Type,ASSAULT,5,4,2025-11-07,2025-12-04,2025-12-05,2026-01-01,42.385027958062,-83.12032786618616,Dexter-Linwood,Richton St & Linwood St
882ab2ce61fffff,5,2,Declining Hotspot,-3,-60.0,2.0,ALL,Crime Type,ASSAULT,5,4,2025-11-07,2025-12-04,2025-12-05,2026-01-01,42.4039669003558,-83.1770453257813,Bethune Community,Schaefer Hwy & Keeler Ave
882ab2ce85fffff,6,2,Declining Hotspot,-4,-66.67,2.0,ALL,Crime Type,ASSAULT,5,4,2025-11-07,2025-12-04,2025-12-05,2026-01-01,42.3338908211024,-83.1386862502404,Claytown,W I 94 Service Drive & Central St
882ab2ce97fffff,6,2,Declining Hotspot,-4,-66.67,2.0,ALL,Crime Type,ASSAULT,5,4,2025-11-07,2025-12-04,2025-12-05,2026-01-01,42.309959029751,-83.1135680603791,Central Southwest,Army St & Beard St
882ab2cf1bfffff,6,2,Declining Hotspot,-4,-66.67,2.0,ALL,Crime Type,ASSAULT,5,4,2025-11-07,2025-12-04,2025-12-05,2026-01-01,42.3822191424378,-83.207405292497,Schoolcraft Southfield,Mettetal St & Glendale St
882ab2cf27fffff,5,2,Declining Hotspot,-3,-60.0,2.0,ALL,Crime Type,ASSAULT,5,4,2025-11-07,2025-12-04,2025-12-05,2026-01-01,42.3880664803802,-83.2733932026018,Eliza Howell,Riverview St & Dale St
882ab2cf3dfffff,6,2,Declining Hotspot,-4,-66.67,2.0,ALL,Crime Type,ASSAULT,5,4,2025-11-07,2025-12-04,2025-12-05,2026-01-01,42.38571477736065,-83.25569771014125,Brightmoor,Lahser Rd & W Outer Dr
882ab2d591fffff,6,2,Declining Hotspot,-4,-66.67,2.0,ALL,Crime Type,ASSAULT,5,4,2025-11-07,2025-12-04,2025-12-05,2026-01-01,42.4474714071389,-82.9512884625627,Regent Park,Fairmount Dr & Cordell St
882ab2d5b7fffff,8,2,Declining Hotspot,-6,-75.0,2.0,ALL,Crime Type,ASSAULT,5,4,2025-11-07,2025-12-04,2025-12-05,2026-01-01,42.4383595504994,-82.9889717563696,Pulaski,E 7 Mile Rd & Schoenherr St
882ab2c1a9fffff,6,1,Declining Hotspot,-5,-83.33,1.0,ALL,Crime Type,ASSAULT,5,4,2025-11-07,2025-12-04,2025-12-05,2026-01-01,42.4439467189446,-83.2046128673194,Greenfield,Motor Dr & N M 10
882ab2c5a5fffff,5,1,Declining Hotspot,-4,-80.0,1.0,ALL,Crime Type,ASSAULT,5,4,2025-11-07,2025-12-04,2025-12-05,2026-01-01,42.322617530783006,-83.0892908956303,Hubbard Farms,Wolff St & Palms St
882ab2c661fffff,9,1,Declining Hotspot,-8,-88.89,1.0,ALL,Crime Type,ASSAULT,5,4,2025-11-07,2025-12-04,2025-12-05,2026-01-01,42.4271921170409,-82.9627670159486,Mapleridge,Troester St & Queen St
882ab2c729fffff,5,1,Declining Hotspot,-4,-80.0,1.0,ALL,Crime Type,ASSAULT,5,4,2025-11-07,2025-12-04,2025-12-05,2026-01-01,42.4247328641699,-83.0434007714722,Davison,Iowa St & Minnesota St
882ab2c741fffff,6,1,Declining Hotspot,-5,-83.33,1.0,ALL,Crime Type,ASSAULT,5,4,2025-11-07,2025-12-04,2025-12-05,2026-01-01,42.4389543556089,-83.0156846967228,Nortown,Yolanda St & E Outer Dr
882ab2c755fffff,5,1,Declining Hotspot,-4,-80.0,1.0,ALL,Crime Type,ASSAULT,5,4,2025-11-07,2025-12-04,2025-12-05,2026-01-01,42.4252867726769,-83.0043984036163,Von Steuben,Bradford St & Sauer St
882ab2c757fffff,6,1,Declining Hotspot,-5,-83.33,1.0,ALL,Crime Type,ASSAULT,5,4,2025-11-07,2025-12-04,2025-12-05,2026-01-01,42.4179790722437,-82.99945841990356,LaSalle College Park,Strasburg St & E McNichols Rd
882ab2cc63fffff,5,1,Declining Hotspot,-4,-80.0,1.0,ALL,Crime Type,ASSAULT,5,4,2025-11-07,2025-12-04,2025-12-05,2026-01-01,42.3540669512469,-83.2234171641304,Warrendale,Joy Rd & Greenview Ave
882ab2ce1dfffff,8,1,Declining Hotspot,-7,-87.5,1.0,ALL,Crime Type,ASSAULT,5,4,2025-11-07,2025-12-04,2025-12-05,2026-01-01,42.3782867594345,-83.1403815338275,Oakman Blvd Community,Cortland St & Ewald Cir
882ab2cecbfffff,5,1,Declining Hotspot,-4,-80.0,1.0,ALL,Crime Type,ASSAULT,5,4,2025-11-07,2025-12-04,2025-12-05,2026-01-01,42.351589447560556,-83.10789870076306,Midwest,Vinewood St & Scovel Pl
882ab2cf3bfffff,5,1,Declining Hotspot,-4,-80.0,1.0,ALL,Crime Type,ASSAULT,5,4,2025-11-07,2025-12-04,2025-12-05,2026-01-01,42.376364941419,-83.236396034023,Weatherby,Capitol St & Plainview Ave
882ab2d5b5fffff,6,1,Declining Hotspot,-5,-83.33,1.0,ALL,Crime Type,ASSAULT,5,4,2025-11-07,2025-12-04,2025-12-05,2026-01-01,42.4456739782067,-82.9916402776304,Conner Creek,Fairport St & Bringard Dr
882ab2c0ddfffff,5,0,Declining Hotspot,-5,-100.0,0.0,ALL,Crime Type,ASSAULT,5,4,2025-11-07,2025-12-04,2025-12-05,2026-01-01,42.4425478145773,-83.0763451898483,Butler,Harned St & E Outer Dr
882ab2c529fffff,6,0,Declining Hotspot,-6,-100.0,0.0,ALL,Crime Type,ASSAULT,5,4,2025-11-07,2025-12-04,2025-12-05,2026-01-01,42.38104713800355,-83.098032597983,Boston Edison,W Boston Blvd & N M 10 Service Drive
882ab2c56bfffff,5,0,Declining Hotspot,-5,-100.0,0.0,ALL,Crime Type,ASSAULT,5,4,2025-11-07,2025-12-04,2025-12-05,2026-01-01,42.3918933711093,-83.0826237070574,Gateway Community,John R St & Harmon St
882ab2c66dfffff,5,0,Declining Hotspot,-5,-100.0,0.0,ALL,Crime Type,ASSAULT,5,4,2025-11-07,2025-12-04,2025-12-05,2026-01-01,42.4361962904987,-82.9654131082091,Regent Park,Maddelein St & Crusade St
882ab2cc51fffff,0,3,New Hotspot,3,,7.5,02,Crime Type,BURGLARY,3,3,2025-11-07,2025-12-04,2025-12-05,2026-01-01,42.3513316480872,-83.1771898055271,Joy-Schaefer,Tireman Ave & Schaefer
882ab2ce63fffff,0,3,New Hotspot,3,,7.5,02,Crime Type,BURGLARY,3,3,2025-11-07,2025-12-04,2025-12-05,2026-01-01,42.3999591437535,-83.17074921794016,Bethune Community,Chalfonte St & Appoline St
882ab2cc43fffff,4,3,Persistent Hotspot,-1,-25.0,4.05,02,Crime Type,BURGLARY,3,3,2025-11-07,2025-12-04,2025-12-05,2026-01-01,42.3570481056041,-83.1935237234267,Fiskhorn,Prest St & Joy Rd
882ab2cc49fffff,3,1,Declining Hotspot,-2,-66.67,1.0,02,Crime Type,BURGLARY,3,3,2025-11-07,2025-12-04,2025-12-05,2026-01-01,42.3704358941496,-83.1899171234106,Plymouth-Hubbell,Plymouth Rd & Strathmoor St
882ab2ce07fffff,3,0,Declining Hotspot,-3,-100.0,0.0,02,Crime Type,BURGLARY,3,3,2025-11-07,2025-12-04,2025-12-05,2026-01-01,42.3805794690386,-83.16476764865536,Grand River-I96,Grand River Ave & Griggs St
882ab2ce3dfffff,3,0,Declining Hotspot,-3,-100.0,0.0,02,Crime Type,BURGLARY,3,3,2025-11-07,2025-12-04,2025-12-05,2026-01-01,42.3755502420246,-83.1706008487181,Pride Area Community,Wadsworth St & Appoline
882ab2c515fffff,0,3,New Hotspot,3,,7.5,03,Crime Type,BURGLARY,3,3,2025-11-07,2025-12-04,2025-12-05,2026-01-01,42.3624297875136,-83.06682669749264,Cultural Center,E I 94 Service Drive & Brush St
882ab2c56bfffff,1,3,Emerging Hotspot,2,200.0,6.0,03,Crime Type,BURGLARY,3,3,2025-11-07,2025-12-04,2025-12-05,2026-01-01,42.3918933711093,-83.0826237070574,Gateway Community,John R St & Harmon St
882ab2c58dfffff,2,3,Emerging Hotspot,1,50.0,4.5,03,Crime Type,BURGLARY,3,3,2025-11-07,2025-12-04,2025-12-05,2026-01-01,42.3325162414365,-83.0493954373665,Downtown,John R St & Woodward Ave
882ab2c517fffff,4,3,Persistent Hotspot,-1,-25.0,4.05,03,Crime Type,BURGLARY,3,3,2025-11-07,2025-12-04,2025-12-05,2026-01-01,42.3547448078777,-83.0636943175046,Midtown,W Hancock St & Woodward Ave
882ab2c531fffff,5,1,Declining Hotspot,-4,-80.0,1.0,03,Crime Type,BURGLARY,3,3,2025-11-07,2025-12-04,2025-12-05,2026-01-01,42.3589264510554,-83.0812712368089,Elijah McCoy,Elijah Mccoy Dr & Lincoln St
882ab2c5a9fffff,3,0,Declining Hotspot,-3,-100.0,0.0,03,Crime Type,BURGLARY,3,3,2025-11-07,2025-12-04,2025-12-05,2026-01-01,42.3292267813546,-83.0695293007603,Corktown,10th St & Leverette St
882ab2cebbfffff,1,4,Emerging Hotspot,3,300.0,8.5,04,Crime Type,BURGLARY,3,3,2025-11-07,2025-12-04,2025-12-05,2026-01-01,42.3128380399185,-83.12812257015175,Springwells,Carson St & Belle St
882ab2c637fffff,0,5,New Hotspot,5,,12.5,05,Crime Type,BURGLARY,3,3,2025-11-07,2025-12-04,2025-12-05,2026-01-01,42.3848978128286,-82.96112599841726,Fox Creek,Lenox St & Mack Ave
882ab2c65dfffff,0,3,New Hotspot,3,,7.5,05,Crime Type,BURGLARY,3,3,2025-11-07,2025-12-04,2025-12-05,2026-01-01,42.418867988292,-82.9151376719804,Cornerstone Village,Moross Rd & Chandler Park Dr
882ab2c603fffff,2,5,Emerging Hotspot,3,150.0,9.5,05,Crime Type,BURGLARY,3,3,2025-11-07,2025-12-04,2025-12-05,2026-01-01,42.4029894505433,-82.9399556381637,Morningside,Audubon Rd & E Warren Ave
882ab2c615fffff,3,3,Persistent Hotspot,0,0.0,4.05,05,Crime Type,BURGLARY,3,3,2025-11-07,2025-12-04,2025-12-05,2026-01-01,42.395077046472,-82.9367206866718,Morningside,Devonshire Rd & Bremen St
882ab2c639fffff,3,2,Declining Hotspot,-1,-33.33,2.0,05,Crime Type,BURGLARY,3,3,2025-11-07,2025-12-04,2025-12-05,2026-01-01,42.396523205589645,-82.94466548995295,Morningside,E Warren Ave & Berkshire St
882ab2c61dfffff,3,1,Declining Hotspot,-2,-66.67,1.0,05,Crime Type,BURGLARY,3,3,2025-11-07,2025-12-04,2025-12-05,2026-01-01,42.4013216575509,-82.9277006185038,East English Village,Harvard Rd & Waveney St
882ab2c657fffff,3,0,Declining Hotspot,-3,-100.0,0.0,05,Crime Type,BURGLARY,3,3,2025-11-07,2025-12-04,2025-12-05,2026-01-01,42.4083309050742,-82.9203776544084,Cornerstone Village,E Warren Ave & Lodewyck St
882ab2cc65fffff,1,3,Emerging Hotspot,2,200.0,6.0,06,Crime Type,BURGLARY,3,3,2025-11-07,2025-12-04,2025-12-05,2026-01-01,42.36292124299095,-83.238484125039,Franklin Park,W Chicago St & Heyden St
882ab2cf33fffff,1,3,Emerging Hotspot,2,200.0,6.0,06,Crime Type,BURGLARY,3,3,2025-11-07,2025-12-04,2025-12-05,2026-01-01,42.37187235244575,-83.2412209572612,Franklin Park,Plymouth Rd & Fielding St
882ab2cc47fffff,2,3,Emerging Hotspot,1,50.0,4.5,06,Crime Type,BURGLARY,3,3,2025-11-07,2025-12-04,2025-12-05,2026-01-01,42.3590625176971,-83.20396735527581,Joy Community,Mansfield St & Kramer St
882ab2cd19fffff,4,4,Persistent Hotspot,0,0.0,5.4,06,Crime Type,BURGLARY,3,3,2025-11-07,2025-12-04,2025-12-05,2026-01-01,42.341771569579,-83.25865661373135,Far West Detroit,W Warren Rd & Dacosta
882ab2cc69fffff,4,3,Persistent Hotspot,-1,-25.0,4.05,06,Crime Type,BURGLARY,3,3,2025-11-07,2025-12-04,2025-12-05,2026-01-01,42.3673550176978,-83.22027784620084,Franklin Park,Weaver St & Rosemont Ave
882ab2cc2bfffff,3,2,Declining Hotspot,-1,-33.33,2.0,06,Crime Type,BURGLARY,3,3,2025-11-07,2025-12-04,2025-12-05,2026-01-01,42.3396077393422,-83.22680751775106,Warrendale,Warwick St & Whitlock St
882ab2cc0bfffff,3,0,Declining Hotspot,-3,-100.0,0.0,06,Crime Type,BURGLARY,3,3,2025-11-07,2025-12-04,2025-12-05,2026-01-01,42.3436099978665,-83.1987994265866,Warren Ave Community,Forrer St & Majestic St
882ab2c5c3fffff,4,1,Declining Hotspot,-3,-75.0,1.0,07,Crime Type,BURGLARY,3,3,2025-11-07,2025-12-04,2025-12-05,2026-01-01,42.3364259425427,-83.0292011368974,Lafayette Park,Saint Aubin St & E Larned St
882ab2c717fffff,3,1,Declining Hotspot,-2,-66.67,1.0,07,Crime Type,BURGLARY,3,3,2025-11-07,2025-12-04,2025-12-05,2026-01-01,42.39769698113,-83.0124185370397,Airport Sub,Raymond Ave & Grinnell Ave
882ab2c431fffff,6,0,Declining Hotspot,-6,-100.0,0.0,07,Crime Type,BURGLARY,3,3,2025-11-07,2025-12-04,2025-12-05,2026-01-01,42.345732473251,-83.00686044990775,Islandview,E Congress St & Meldrum St
882ab2cf49fffff,0,5,New Hotspot,5,,12.5,08,Crime Type,BURGLARY,3,3,2025-11-07,2025-12-04,2025-12-05,2026-01-01,42.4248549880698,-83.2179256175138,College Park,Margareta St & Lindsay St
882ab2cf63fffff,0,3,New Hotspot,3,,7.5,08,Crime Type,BURGLARY,3,3,2025-11-07,2025-12-04,2025-12-05,2026-01-01,42.4076930674262,-83.25016578635605,Miller Grove,Puritan St & Burt Rd
882ab2ca95fffff,1,3,Emerging Hotspot,2,200.0,6.0,08,Crime Type,BURGLARY,3,3,2025-11-07,2025-12-04,2025-12-05,2026-01-01,42.4363672103309,-83.2585634954651,Berg-Lahser,Lahser Rd & Pembroke Ave
882ab2c1a3fffff,6,2,Declining Hotspot,-4,-66.67,2.0,08,Crime Type,BURGLARY,3,3,2025-11-07,2025-12-04,2025-12-05,2026-01-01,42.4302920458498,-83.2117228159554,Greenfield,Oakfield St & W 7 Mile Rd
882ab2cf51fffff,3,2,Declining Hotspot,-1,-33.33,2.0,08,Crime Type,BURGLARY,3,3,2025-11-07,2025-12-04,2025-12-05,2026-01-01,42.4030666206595,-83.2074096504793,Crary/St Marys,Keeler St & Ferguson St
882ab2c1b5fffff,3,1,Declining Hotspot,-2,-66.67,1.0,08,Crime Type,BURGLARY,3,3,2025-11-07,2025-12-04,2025-12-05,2026-01-01,42.4230381823384,-83.20823202955845,College Park,Thatcher St & Ferguson St
882ab2c60dfffff,1,3,Emerging Hotspot,2,200.0,6.0,09,Crime Type,BURGLARY,3,3,2025-11-07,2025-12-04,2025-12-05,2026-01-01,42.4197410360825,-82.9462573545625,Yorkshire Woods,Nottingham Rd & Britain St
882ab2c74bfffff,1,3,Emerging Hotspot,2,200.0,6.0,09,Crime Type,BURGLARY,3,3,2025-11-07,2025-12-04,2025-12-05,2026-01-01,42.4382686569261,-83.0023666046127,Pulaski,Annott St & Pinewood St
882ab2c669fffff,2,3,Emerging Hotspot,1,50.0,4.5,09,Crime Type,BURGLARY,3,3,2025-11-07,2025-12-04,2025-12-05,2026-01-01,42.4331934041443,-82.9549172238386,Mapleridge,Kelly Rd & Linnhurst St
882ab2d5b7fffff,3,5,Persistent Hotspot,2,66.67,9.75,09,Crime Type,BURGLARY,3,3,2025-11-07,2025-12-04,2025-12-05,2026-01-01,42.4383595504994,-82.9889717563696,Pulaski,E 7 Mile Rd & Schoenherr St
882ab2c605fffff,3,4,Persistent Hotspot,1,33.33,6.9,09,Crime Type,BURGLARY,3,3,2025-11-07,2025-12-04,2025-12-05,2026-01-01,42.41182849365295,-82.9542600506487,Outer Drive-Hayes,Beaconsfield St & Courville St
882ab2c66bfffff,3,3,Persistent Hotspot,0,0.0,4.05,09,Crime Type,BURGLARY,3,3,2025-11-07,2025-12-04,2025-12-05,2026-01-01,42.42632688143855,-82.9499411616721,Moross-Morang,Lakepointe St & Morang Dr
882ab2d5b5fffff,3,3,Persistent Hotspot,0,0.0,4.05,09,Crime Type,BURGLARY,3,3,2025-11-07,2025-12-04,2025-12-05,2026-01-01,42.4456739782067,-82.9916402776304,Conner Creek,Fairport St & Bringard Dr
882ab2d591fffff,5,2,Declining Hotspot,-3,-60.0,2.0,09,Crime Type,BURGLARY,3,3,2025-11-07,2025-12-04,2025-12-05,2026-01-01,42.4474714071389,-82.9512884625627,Regent Park,Fairmount Dr & Cordell St
882ab2c647fffff,3,1,Declining Hotspot,-2,-66.67,1.0,09,Crime Type,BURGLARY,3,3,2025-11-07,2025-12-04,2025-12-05,2026-01-01,42.4244778056882,-82.9407430774162,Moross-Morang,Casino St & Somerset Ave
882ab2c759fffff,3,1,Declining Hotspot,-2,-66.67,1.0,09,Crime Type,BURGLARY,3,3,2025-11-07,2025-12-04,2025-12-05,2026-01-01,42.429528610671994,-82.98540618260719,Franklin,Pelkey St & Greiner St
882ab2d597fffff,6,1,Declining Hotspot,-5,-83.33,1.0,09,Crime Type,BURGLARY,3,3,2025-11-07,2025-12-04,2025-12-05,2026-01-01,42.4409743980614,-82.9583946901877,Regent Park,Tacoma St & Rex St
882ab2d5bbfffff,3,1,Declining Hotspot,-2,-66.67,1.0,09,Crime Type,BURGLARY,3,3,2025-11-07,2025-12-04,2025-12-05,2026-01-01,42.4434084434849,-82.970791942545,Regent Park,Queen St & Rossini Dr
882ab2c641fffff,3,0,Declining Hotspot,-3,-100.0,0.0,09,Crime Type,BURGLARY,3,3,2025-11-07,2025-12-04,2025-12-05,2026-01-01,42.42688684069705,-82.9333201310054,Moross-Morang,Duprey St & Moross Rd
882ab2c751fffff,5,0,Declining Hotspot,-5,-100.0,0.0,09,Crime Type,BURGLARY,3,3,2025-11-07,2025-12-04,2025-12-05,2026-01-01,42.4246922790897,-82.9923571074944,Von Steuben,Waltham St & Nashville St
882ab2c525fffff,1,3,Emerging Hotspot,2,200.0,6.0,10,Crime Type,BURGLARY,3,3,2025-11-07,2025-12-04,2025-12-05,2026-01-01,42.377040420023,-83.1174128378397,Dexter-Linwood,Dexter Ave & Collingwood St
882ab2ce53fffff,1,3,Emerging Hotspot,2,200.0,6.0,10,Crime Type,BURGLARY,3,3,2025-11-07,2025-12-04,2025-12-05,2026-01-01,42.385027958062,-83.12032786618616,Dexter-Linwood,Richton St & Linwood St
882ab2c52dfffff,2,3,Emerging Hotspot,1,50.0,4.5,10,Crime Type,BURGLARY,3,3,2025-11-07,2025-12-04,2025-12-05,2026-01-01,42.3817503022529,-83.1096324868484,Dexter-Linwood,Glynn Ct & Linwood St
882ab2ce13fffff,4,2,Declining Hotspot,-2,-50.0,2.0,10,Crime Type,BURGLARY,3,3,2025-11-07,2025-12-04,2025-12-05,2026-01-01,42.3626085651066,-83.1330107647866,Midwest,Northfield St & Joy Rd
882ab2ce51fffff,8,2,Declining Hotspot,-6,-75.0,2.0,10,Crime Type,BURGLARY,3,3,2025-11-07,2025-12-04,2025-12-05,2026-01-01,42.3909329578329,-83.1254968552373,Dexter-Linwood,Dexter Ave & Waverly
882ab2c527fffff,4,1,Declining Hotspot,-3,-75.0,1.0,10,Crime Type,BURGLARY,3,3,2025-11-07,2025-12-04,2025-12-05,2026-01-01,42.3687090022666,-83.1138186796188,Jamison,Atkinson St & Dexter Ave
882ab2cecdfffff,3,0,Declining Hotspot,-3,-100.0,0.0,10,Crime Type,BURGLARY,3,3,2025-11-07,2025-12-04,2025-12-05,2026-01-01,42.36199517026705,-83.12061730439075,Petoskey-Otsego,Dumbarton Ave & Gladstone St
882ab2c0dbfffff,0,3,New Hotspot,3,,7.5,11,Crime Type,BURGLARY,3,3,2025-11-07,2025-12-04,2025-12-05,2026-01-01,42.4331387024329,-83.0622209405383,Farwell,Ryan Rd & E 7 Mile Rd
882ab2c0d1fffff,4,2,Declining Hotspot,-2,-50.0,2.0,11,Crime Type,BURGLARY,3,3,2025-11-07,2025-12-04,2025-12-05,2026-01-01,42.4355909483518,-83.0735405934336,Pershing,Charest St & E Lantz St
882ab2c0d7fffff,3,1,Declining Hotspot,-2,-66.67,1.0,11,Crime Type,BURGLARY,3,3,2025-11-07,2025-12-04,2025-12-05,2026-01-01,42.42827978006765,-83.0792650004535,Northeast Central District,E Grixdale St & Goddard St
882ab2c747fffff,3,0,Declining Hotspot,-3,-100.0,0.0,11,Crime Type,BURGLARY,3,3,2025-11-07,2025-12-04,2025-12-05,2026-01-01,42.4340962002179,-83.0209419277825,Nortown,Van Dyke St & E 7 Mile Rd
882ab2c767fffff,3,0,Declining Hotspot,-3,-100.0,0.0,11,Crime Type,BURGLARY,3,3,2025-11-07,2025-12-04,2025-12-05,2026-01-01,42.4298909698503,-83.0501692139325,Krainz Woods,Healy St & E Hildale St
882ab2ce49fffff,2,5,Emerging Hotspot,3,150.0,9.5,12,Crime Type,BURGLARY,3,3,2025-11-07,2025-12-04,2025-12-05,2026-01-01,42.41475945047815,-83.1417270778599,Fitzgerald/Marygrove,Stoepel St & Florence St
882ab2c1bbfffff,1,3,Emerging Hotspot,2,200.0,6.0,12,Crime Type,BURGLARY,3,3,2025-11-07,2025-12-04,2025-12-05,2026-01-01,42.4201758426176,-83.182342101538,Winship,Lesure St & W Outer Dr
882ab2ce6bfffff,1,3,Emerging Hotspot,2,200.0,6.0,12,Crime Type,BURGLARY,3,3,2025-11-07,2025-12-04,2025-12-05,2026-01-01,42.4025284332423,-83.1651004313549,Bethune Community,Fenkell St & Wyoming St
882ab2ce4dfffff,4,3,Persistent Hotspot,-1,-25.0,4.05,12,Crime Type,BURGLARY,3,3,2025-11-07,2025-12-04,2025-12-05,2026-01-01,42.41713248022035,-83.1491035149803,Bagley,San Juan Dr & W McNichols Rd
882ab2c0bdfffff,3,1,Declining Hotspot,-2,-66.67,1.0,12,Crime Type,BURGLARY,3,3,2025-11-07,2025-12-04,2025-12-05,2026-01-01,42.4200562029354,-83.116975620587,Palmer Park,Manderson Rd & Whitmore Rd
882ab2c197fffff,3,1,Declining Hotspot,-2,-66.67,1.0,12,Crime Type,BURGLARY,3,3,2025-11-07,2025-12-04,2025-12-05,2026-01-01,42.419443083979104,-83.17020092064335,Schulze,Santa Maria St & Manor St
882ab2c1b9fffff,3,1,Declining Hotspot,-2,-66.67,1.0,12,Crime Type,BURGLARY,3,3,2025-11-07,2025-12-04,2025-12-05,2026-01-01,42.4273222133839,-83.18755904420081,Winship,Margareta St & Mark Twain St
882ab2c1d7fffff,4,1,Declining Hotspot,-3,-75.0,1.0,12,Crime Type,BURGLARY,3,3,2025-11-07,2025-12-04,2025-12-05,2026-01-01,42.4408096985575,-83.1610973329709,Garden Homes,Indiana St & Chippewa St
882ab2c0b1fffff,4,0,Declining Hotspot,-4,-100.0,0.0,12,Crime Type,BURGLARY,3,3,2025-11-07,2025-12-04,2025-12-05,2026-01-01,42.410347988261,-83.1194656041336,Pilgrim Village,Puritan St & Wabash St
882ab2c637fffff,0,5,New Hotspot,5,,12.5,ALL,Crime Type,BURGLARY,3,3,2025-11-07,2025-12-04,2025-12-05,2026-01-01,42.3848978128286,-82.96112599841726,Fox Creek,Lenox St & Mack Ave
882ab2cf49fffff,0,5,New Hotspot,5,,12.5,ALL,Crime Type,BURGLARY,3,3,2025-11-07,2025-12-04,2025-12-05,2026-01-01,42.4248549880698,-83.2179256175138,College Park,Margareta St & Lindsay St
882ab2c0dbfffff,0,3,New Hotspot,3,,7.5,ALL,Crime Type,BURGLARY,3,3,2025-11-07,2025-12-04,2025-12-05,2026-01-01,42.4331387024329,-83.0622209405383,Farwell,Ryan Rd & E 7 Mile Rd
882ab2c515fffff,0,3,New Hotspot,3,,7.5,ALL,Crime Type,BURGLARY,3,3,2025-11-07,2025-12-04,2025-12-05,2026-01-01,42.3624297875136,-83.06682669749264,Cultural Center,E I 94 Service Drive & Brush St
882ab2c65dfffff,0,3,New Hotspot,3,,7.5,ALL,Crime Type,BURGLARY,3,3,2025-11-07,2025-12-04,2025-12-05,2026-01-01,42.418867988292,-82.9151376719804,Cornerstone Village,Moross Rd & Chandler Park Dr
882ab2cc51fffff,0,3,New Hotspot,3,,7.5,ALL,Crime Type,BURGLARY,3,3,2025-11-07,2025-12-04,2025-12-05,2026-01-01,42.3513316480872,-83.1771898055271,Joy-Schaefer,Tireman Ave & Schaefer
882ab2ce63fffff,0,3,New Hotspot,3,,7.5,ALL,Crime Type,BURGLARY,3,3,2025-11-07,2025-12-04,2025-12-05,2026-01-01,42.3999591437535,-83.17074921794016,Bethune Community,Chalfonte St & Appoline St
882ab2cf63fffff,0,3,New Hotspot,3,,7.5,ALL,Crime Type,BURGLARY,3,3,2025-11-07,2025-12-04,2025-12-05,2026-01-01,42.4076930674262,-83.25016578635605,Miller Grove,Puritan St & Burt Rd
882ab2c603fffff,2,5,Emerging Hotspot,3,150.0,9.5,ALL,Crime Type,BURGLARY,3,3,2025-11-07,2025-12-04,2025-12-05,2026-01-01,42.4029894505433,-82.9399556381637,Morningside,Audubon Rd & E Warren Ave
882ab2ce49fffff,2,5,Emerging Hotspot,3,150.0,9.5,ALL,Crime Type,BURGLARY,3,3,2025-11-07,2025-12-04,2025-12-05,2026-01-01,42.41475945047815,-83.1417270778599,Fitzgerald/Marygrove,Stoepel St & Florence St
882ab2cebbfffff,1,4,Emerging Hotspot,3,300.0,8.5,ALL,Crime Type,BURGLARY,3,3,2025-11-07,2025-12-04,2025-12-05,2026-01-01,42.3128380399185,-83.12812257015175,Springwells,Carson St & Belle St
882ab2c1bbfffff,1,3,Emerging Hotspot,2,200.0,6.0,ALL,Crime Type,BURGLARY,3,3,2025-11-07,2025-12-04,2025-12-05,2026-01-01,42.4201758426176,-83.182342101538,Winship,Lesure St & W Outer Dr
882ab2c525fffff,1,3,Emerging Hotspot,2,200.0,6.0,ALL,Crime Type,BURGLARY,3,3,2025-11-07,2025-12-04,2025-12-05,2026-01-01,42.377040420023,-83.1174128378397,Dexter-Linwood,Dexter Ave & Collingwood St
882ab2c56bfffff,1,3,Emerging Hotspot,2,200.0,6.0,ALL,Crime Type,BURGLARY,3,3,2025-11-07,2025-12-04,2025-12-05,2026-01-01,42.3918933711093,-83.0826237070574,Gateway Community,John R St & Harmon St
882ab2c60dfffff,1,3,Emerging Hotspot,2,200.0,6.0,ALL,Crime Type,BURGLARY,3,3,2025-11-07,2025-12-04,2025-12-05,2026-01-01,42.4197410360825,-82.9462573545625,Yorkshire Woods,Nottingham Rd & Britain St
882ab2c74bfffff,1,3,Emerging Hotspot,2,200.0,6.0,ALL,Crime Type,BURGLARY,3,3,2025-11-07,2025-12-04,2025-12-05,2026-01-01,42.4382686569261,-83.0023666046127,Pulaski,Annott St & Pinewood St
882ab2ca95fffff,1,3,Emerging Hotspot,2,200.0,6.0,ALL,Crime Type,BURGLARY,3,3,2025-11-07,2025-12-04,2025-12-05,2026-01-01,42.4363672103309,-83.2585634954651,Berg-Lahser,Lahser Rd & Pembroke Ave
882ab2cc65fffff,1,3,Emerging Hotspot,2,200.0,6.0,ALL,Crime Type,BURGLARY,3,3,2025-11-07,2025-12-04,2025-12-05,2026-01-01,42.36292124299095,-83.238484125039,Franklin Park,W Chicago St & Heyden St
882ab2ce53fffff,1,3,Emerging Hotspot,2,200.0,6.0,ALL,Crime Type,BURGLARY,3,3,2025-11-07,2025-12-04,2025-12-05,2026-01-01,42.385027958062,-83.12032786618616,Dexter-Linwood,Richton St & Linwood St
882ab2cf33fffff,1,3,Emerging Hotspot,2,200.0,6.0,ALL,Crime Type,BURGLARY,3,3,2025-11-07,2025-12-04,2025-12-05,2026-01-01,42.37187235244575,-83.2412209572612,Franklin Park,Plymouth Rd & Fielding St
882ab2c1b7fffff,2,3,Emerging Hotspot,1,50.0,4.5,ALL,Crime Type,BURGLARY,3,3,2025-11-07,2025-12-04,2025-12-05,2026-01-01,42.415851144836296,-83.20139796128575,Crary/St Marys,Greenfield Rd & Verne St
882ab2c505fffff,2,3,Emerging Hotspot,1,50.0,4.5,ALL,Crime Type,BURGLARY,3,3,2025-11-07,2025-12-04,2025-12-05,2026-01-01,42.379413120139304,-83.0847668736954,Piety Hill,Hazelwood St & 2nd Ave
882ab2c52dfffff,2,3,Emerging Hotspot,1,50.0,4.5,ALL,Crime Type,BURGLARY,3,3,2025-11-07,2025-12-04,2025-12-05,2026-01-01,42.3817503022529,-83.1096324868484,Dexter-Linwood,Glynn Ct & Linwood St
882ab2c58dfffff,2,3,Emerging Hotspot,1,50.0,4.5,ALL,Crime Type,BURGLARY,3,3,2025-11-07,2025-12-04,2025-12-05,2026-01-01,42.3325162414365,-83.0493954373665,Downtown,John R St & Woodward Ave
882ab2c669fffff,2,3,Emerging Hotspot,1,50.0,4.5,ALL,Crime Type,BURGLARY,3,3,2025-11-07,2025-12-04,2025-12-05,2026-01-01,42.4331934041443,-82.9549172238386,Mapleridge,Kelly Rd & Linnhurst St
882ab2cc47fffff,2,3,Emerging Hotspot,1,50.0,4.5,ALL,Crime Type,BURGLARY,3,3,2025-11-07,2025-12-04,2025-12-05,2026-01-01,42.3590625176971,-83.20396735527581,Joy Community,Mansfield St & Kramer St
882ab2d5b7fffff,3,5,Persistent Hotspot,2,66.67,9.75,ALL,Crime Type,BURGLARY,3,3,2025-11-07,2025-12-04,2025-12-05,2026-01-01,42.4383595504994,-82.9889717563696,Pulaski,E 7 Mile Rd & Schoenherr St
882ab2c605fffff,3,4,Persistent Hotspot,1,33.33,6.9,ALL,Crime Type,BURGLARY,3,3,2025-11-07,2025-12-04,2025-12-05,2026-01-01,42.41182849365295,-82.9542600506487,Outer Drive-Hayes,Beaconsfield St & Courville St
882ab2cd19fffff,4,4,Persistent Hotspot,0,0.0,5.4,ALL,Crime Type,BURGLARY,3,3,2025-11-07,2025-12-04,2025-12-05,2026-01-01,42.341771569579,-83.25865661373135,Far West Detroit,W Warren Rd & Dacosta
882ab2c517fffff,4,3,Persistent Hotspot,-1,-25.0,4.05,ALL,Crime Type,BURGLARY,3,3,2025-11-07,2025-12-04,2025-12-05,2026-01-01,42.3547448078777,-83.0636943175046,Midtown,W Hancock St & Woodward Ave
882ab2c615fffff,3,3,Persistent Hotspot,0,0.0,4.05,ALL,Crime Type,BURGLARY,3,3,2025-11-07,2025-12-04,2025-12-05,2026-01-01,42.395077046472,-82.9367206866718,Morningside,Devonshire Rd & Bremen St
882ab2c66bfffff,3,3,Persistent Hotspot,0,0.0,4.05,ALL,Crime Type,BURGLARY,3,3,2025-11-07,2025-12-04,2025-12-05,2026-01-01,42.42632688143855,-82.9499411616721,Moross-Morang,Lakepointe St & Morang Dr
882ab2cc43fffff,4,3,Persistent Hotspot,-1,-25.0,4.05,ALL,Crime Type,BURGLARY,3,3,2025-11-07,2025-12-04,2025-12-05,2026-01-01,42.3570481056041,-83.1935237234267,Fiskhorn,Prest St & Joy Rd
882ab2cc69fffff,4,3,Persistent Hotspot,-1,-25.0,4.05,ALL,Crime Type,BURGLARY,3,3,2025-11-07,2025-12-04,2025-12-05,2026-01-01,42.3673550176978,-83.22027784620084,Franklin Park,Weaver St & Rosemont Ave
882ab2ce4dfffff,4,3,Persistent Hotspot,-1,-25.0,4.05,ALL,Crime Type,BURGLARY,3,3,2025-11-07,2025-12-04,2025-12-05,2026-01-01,42.41713248022035,-83.1491035149803,Bagley,San Juan Dr & W McNichols Rd
882ab2ce6bfffff,3,3,Persistent Hotspot,0,0.0,4.05,ALL,Crime Type,BURGLARY,3,3,2025-11-07,2025-12-04,2025-12-05,2026-01-01,42.4025284332423,-83.1651004313549,Bethune Community,Fenkell St & Wyoming St
882ab2d5b5fffff,3,3,Persistent Hotspot,0,0.0,4.05,ALL,Crime Type,BURGLARY,3,3,2025-11-07,2025-12-04,2025-12-05,2026-01-01,42.4456739782067,-82.9916402776304,Conner Creek,Fairport St & Bringard Dr
882ab2c0d1fffff,4,2,Declining Hotspot,-2,-50.0,2.0,ALL,Crime Type,BURGLARY,3,3,2025-11-07,2025-12-04,2025-12-05,2026-01-01,42.4355909483518,-83.0735405934336,Pershing,Charest St & E Lantz St
882ab2c1a3fffff,6,2,Declining Hotspot,-4,-66.67,2.0,ALL,Crime Type,BURGLARY,3,3,2025-11-07,2025-12-04,2025-12-05,2026-01-01,42.4302920458498,-83.2117228159554,Greenfield,Oakfield St & W 7 Mile Rd
882ab2c601fffff,3,2,Declining Hotspot,-1,-33.33,2.0,ALL,Crime Type,BURGLARY,3,3,2025-11-07,2025-12-04,2025-12-05,2026-01-01,42.4101998614238,-82.9421318183079,Morningside,Chandler Park Dr & Yorkshire Rd
882ab2c639fffff,3,2,Declining Hotspot,-1,-33.33,2.0,ALL,Crime Type,BURGLARY,3,3,2025-11-07,2025-12-04,2025-12-05,2026-01-01,42.396523205589645,-82.94466548995295,Morningside,E Warren Ave & Berkshire St
882ab2cc2bfffff,3,2,Declining Hotspot,-1,-33.33,2.0,ALL,Crime Type,BURGLARY,3,3,2025-11-07,2025-12-04,2025-12-05,2026-01-01,42.3396077393422,-83.22680751775106,Warrendale,Warwick St & Whitlock St
882ab2ce13fffff,4,2,Declining Hotspot,-2,-50.0,2.0,ALL,Crime Type,BURGLARY,3,3,2025-11-07,2025-12-04,2025-12-05,2026-01-01,42.3626085651066,-83.1330107647866,Midwest,Northfield St & Joy Rd
882ab2ce51fffff,8,2,Declining Hotspot,-6,-75.0,2.0,ALL,Crime Type,BURGLARY,3,3,2025-11-07,2025-12-04,2025-12-05,2026-01-01,42.3909329578329,-83.1254968552373,Dexter-Linwood,Dexter Ave & Waverly
882ab2cf03fffff,3,2,Declining Hotspot,-1,-33.33,2.0,ALL,Crime Type,BURGLARY,3,3,2025-11-07,2025-12-04,2025-12-05,2026-01-01,42.3905263810478,-83.2346345537521,Brightmoor,Vaughan St & Crescent Dr
882ab2cf51fffff,3,2,Declining Hotspot,-1,-33.33,2.0,ALL,Crime Type,BURGLARY,3,3,2025-11-07,2025-12-04,2025-12-05,2026-01-01,42.4030666206595,-83.2074096504793,Crary/St Marys,Keeler St & Ferguson St
882ab2d591fffff,5,2,Declining Hotspot,-3,-60.0,2.0,ALL,Crime Type,BURGLARY,3,3,2025-11-07,2025-12-04,2025-12-05,2026-01-01,42.4474714071389,-82.9512884625627,Regent Park,Fairmount Dr & Cordell St
882ab2c0bdfffff,3,1,Declining Hotspot,-2,-66.67,1.0,ALL,Crime Type,BURGLARY,3,3,2025-11-07,2025-12-04,2025-12-05,2026-01-01,42.4200562029354,-83.116975620587,Palmer Park,Manderson Rd & Whitmore Rd
882ab2c0d7fffff,3,1,Declining Hotspot,-2,-66.67,1.0,ALL,Crime Type,BURGLARY,3,3,2025-11-07,2025-12-04,2025-12-05,2026-01-01,42.42827978006765,-83.0792650004535,Northeast Central District,E Grixdale St & Goddard St
882ab2c197fffff,3,1,Declining Hotspot,-2,-66.67,1.0,ALL,Crime Type,BURGLARY,3,3,2025-11-07,2025-12-04,2025-12-05,2026-01-01,42.419443083979104,-83.17020092064335,Schulze,Santa Maria St & Manor St
882ab2c1b5fffff,3,1,Declining Hotspot,-2,-66.67,1.0,ALL,Crime Type,BURGLARY,3,3,2025-11-07,2025-12-04,2025-12-05,2026-01-01,42.4230381823384,-83.20823202955845,College Park,Thatcher St & Ferguson St
882ab2c1b9fffff,3,1,Declining Hotspot,-2,-66.67,1.0,ALL,Crime Type,BURGLARY,3,3,2025-11-07,2025-12-04,2025-12-05,2026-01-01,42.4273222133839,-83.18755904420081,Winship,Margareta St & Mark Twain St
882ab2c1d7fffff,4,1,Declining Hotspot,-3,-75.0,1.0,ALL,Crime Type,BURGLARY,3,3,2025-11-07,2025-12-04,2025-12-05,2026-01-01,42.4408096985575,-83.1610973329709,Garden Homes,Indiana St & Chippewa St
882ab2c527fffff,4,1,Declining Hotspot,-3,-75.0,1.0,ALL,Crime Type,BURGLARY,3,3,2025-11-07,2025-12-04,2025-12-05,2026-01-01,42.3687090022666,-83.1138186796188,Jamison,Atkinson St & Dexter Ave
882ab2c531fffff,5,1,Declining Hotspot,-4,-80.0,1.0,ALL,Crime Type,BURGLARY,3,3,2025-11-07,2025-12-04,2025-12-05,2026-01-01,42.3589264510554,-83.0812712368089,Elijah McCoy,Elijah Mccoy Dr & Lincoln St
882ab2c5c3fffff,4,1,Declining Hotspot,-3,-75.0,1.0,ALL,Crime Type,BURGLARY,3,3,2025-11-07,2025-12-04,2025-12-05,2026-01-01,42.3364259425427,-83.0292011368974,Lafayette Park,Saint Aubin St & E Larned St
882ab2c61dfffff,3,1,Declining Hotspot,-2,-66.67,1.0,ALL,Crime Type,BURGLARY,3,3,2025-11-07,2025-12-04,2025-12-05,2026-01-01,42.4013216575509,-82.9277006185038,East English Village,Harvard Rd & Waveney St
882ab2c647fffff,3,1,Declining Hotspot,-2,-66.67,1.0,ALL,Crime Type,BURGLARY,3,3,2025-11-07,2025-12-04,2025-12-05,2026-01-01,42.4244778056882,-82.9407430774162,Moross-Morang,Casino St & Somerset Ave
882ab2c717fffff,3,1,Declining Hotspot,-2,-66.67,1.0,ALL,Crime Type,BURGLARY,3,3,2025-11-07,2025-12-04,2025-12-05,2026-01-01,42.39769698113,-83.0124185370397,Airport Sub,Raymond Ave & Grinnell Ave
882ab2c759fffff,3,1,Declining Hotspot,-2,-66.67,1.0,ALL,Crime Type,BURGLARY,3,3,2025-11-07,2025-12-04,2025-12-05,2026-01-01,42.429528610671994,-82.98540618260719,Franklin,Pelkey St & Greiner St
882ab2cc49fffff,3,1,Declining Hotspot,-2,-66.67,1.0,ALL,Crime Type,BURGLARY,3,3,2025-11-07,2025-12-04,2025-12-05,2026-01-01,42.3704358941496,-83.1899171234106,Plymouth-Hubbell,Plymouth Rd & Strathmoor St
882ab2ce0dfffff,3,1,Declining Hotspot,-2,-66.67,1.0,ALL,Crime Type,BURGLARY,3,3,2025-11-07,2025-12-04,2025-12-05,2026-01-01,42.3952521691086,-83.16107918694775,Bethune Community,Lyndon St & Wyoming St
882ab2d597fffff,6,1,Declining Hotspot,-5,-83.33,1.0,ALL,Crime Type,BURGLARY,3,3,2025-11-07,2025-12-04,2025-12-05,2026-01-01,42.4409743980614,-82.9583946901877,Regent Park,Tacoma St & Rex St
882ab2d5bbfffff,3,1,Declining Hotspot,-2,-66.67,1.0,ALL,Crime Type,BURGLARY,3,3,2025-11-07,2025-12-04,2025-12-05,2026-01-01,42.4434084434849,-82.970791942545,Regent Park,Queen St & Rossini Dr
882ab2c0b1fffff,4,0,Declining Hotspot,-4,-100.0,0.0,ALL,Crime Type,BURGLARY,3,3,2025-11-07,2025-12-04,2025-12-05,2026-01-01,42.410347988261,-83.1194656041336,Pilgrim Village,Puritan St & Wabash St
882ab2c431fffff,6,0,Declining Hotspot,-6,-100.0,0.0,ALL,Crime Type,BURGLARY,3,3,2025-11-07,2025-12-04,2025-12-05,2026-01-01,42.345732473251,-83.00686044990775,Islandview,E Congress St & Meldrum St
882ab2c5a9fffff,3,0,Declining Hotspot,-3,-100.0,0.0,ALL,Crime Type,BURGLARY,3,3,2025-11-07,2025-12-04,2025-12-05,2026-01-01,42.3292267813546,-83.0695293007603,Corktown,10th St & Leverette St
882ab2c641fffff,3,0,Declining Hotspot,-3,-100.0,0.0,ALL,Crime Type,BURGLARY,3,3,2025-11-07,2025-12-04,2025-12-05,2026-01-01,42.42688684069705,-82.9333201310054,Moross-Morang,Duprey St & Moross Rd
882ab2c657fffff,3,0,Declining Hotspot,-3,-100.0,0.0,ALL,Crime Type,BURGLARY,3,3,2025-11-07,2025-12-04,2025-12-05,2026-01-01,42.4083309050742,-82.9203776544084,Cornerstone Village,E Warren Ave & Lodewyck St
882ab2c747fffff,3,0,Declining Hotspot,-3,-100.0,0.0,ALL,Crime Type,BURGLARY,3,3,2025-11-07,2025-12-04,2025-12-05,2026-01-01,42.4340962002179,-83.0209419277825,Nortown,Van Dyke St & E 7 Mile Rd
882ab2c751fffff,5,0,Declining Hotspot,-5,-100.0,0.0,ALL,Crime Type,BURGLARY,3,3,2025-11-07,2025-12-04,2025-12-05,2026-01-01,42.4246922790897,-82.9923571074944,Von Steuben,Waltham St & Nashville St
882ab2c767fffff,3,0,Declining Hotspot,-3,-100.0,0.0,ALL,Crime Type,BURGLARY,3,3,2025-11-07,2025-12-04,2025-12-05,2026-01-01,42.4298909698503,-83.0501692139325,Krainz Woods,Healy St & E Hildale St
882ab2cc0bfffff,3,0,Declining Hotspot,-3,-100.0,0.0,ALL,Crime Type,BURGLARY,3,3,2025-11-07,2025-12-04,2025-12-05,2026-01-01,42.3436099978665,-83.1987994265866,Warren Ave Community,Forrer St & Majestic St
882ab2ce07fffff,3,0,Declining Hotspot,-3,-100.0,0.0,ALL,Crime Type,BURGLARY,3,3,2025-11-07,2025-12-04,2025-12-05,2026-01-01,42.3805794690386,-83.16476764865536,Grand River-I96,Grand River Ave & Griggs St
882ab2ce3dfffff,3,0,Declining Hotspot,-3,-100.0,0.0,ALL,Crime Type,BURGLARY,3,3,2025-11-07,2025-12-04,2025-12-05,2026-01-01,42.3755502420246,-83.1706008487181,Pride Area Community,Wadsworth St & Appoline
882ab2cecdfffff,3,0,Declining Hotspot,-3,-100.0,0.0,ALL,Crime Type,BURGLARY,3,3,2025-11-07,2025-12-04,2025-12-05,2026-01-01,42.36199517026705,-83.12061730439075,Petoskey-Otsego,Dumbarton Ave & Gladstone St
882ab2ce2dfffff,1,5,Emerging Hotspot,4,400.0,11.0,02,Crime Type,DAMAGE TO PROPERTY,3,3,2025-11-07,2025-12-04,2025-12-05,2026-01-01,42.3943851869428,-83.1906048808923,Hubbell-Lyndon,Whitcomb St & Lyndon St
882ab2ce03fffff,1,3,Emerging Hotspot,2,200.0,6.0,02,Crime Type,DAMAGE TO PROPERTY,3,3,2025-11-07,2025-12-04,2025-12-05,2026-01-01,42.379105225082654,-83.15271318325955,Littlefield Community,Cherrylawn St & W Buena Vista St
882ab2ce2bfffff,1,3,Emerging Hotspot,2,200.0,6.0,02,Crime Type,DAMAGE TO PROPERTY,3,3,2025-11-07,2025-12-04,2025-12-05,2026-01-01,42.3832082862042,-83.1757081426057,Grand River-I96,Grand River Ave & Lesure St
882ab2ce65fffff,4,3,Persistent Hotspot,-1,-25.0,4.05,02,Crime Type,DAMAGE TO PROPERTY,3,3,2025-11-07,2025-12-04,2025-12-05,2026-01-01,42.4071639391402,-83.1877625171532,Bethune Community,Puritan St & Hubbell St
882ab2ce6dfffff,3,2,Declining Hotspot,-1,-33.33,2.0,02,Crime Type,DAMAGE TO PROPERTY,3,3,2025-11-07,2025-12-04,2025-12-05,2026-01-01,42.4118076305669,-83.1797983731317,Harmony Village,Schaefer Hwy & W McNichols Rd
882ab2cc5dfffff,4,1,Declining Hotspot,-3,-75.0,1.0,02,Crime Type,DAMAGE TO PROPERTY,3,3,2025-11-07,2025-12-04,2025-12-05,2026-01-01,42.3536888078032,-83.1784750395891,Joy-Schaefer,Belton St & Carlin St
882ab2ce07fffff,4,1,Declining Hotspot,-3,-75.0,1.0,02,Crime Type,DAMAGE TO PROPERTY,3,3,2025-11-07,2025-12-04,2025-12-05,2026-01-01,42.3805794690386,-83.16476764865536,Grand River-I96,Grand River Ave & Griggs St
882ab2c53bfffff,3,6,Emerging Hotspot,3,100.0,10.5,03,Crime Type,DAMAGE TO PROPERTY,5,6,2025-11-07,2025-12-04,2025-12-05,2026-01-01,42.3546909528293,-83.0731579493817,Wayne State,Anthony Wayne Dr & 3rd St
882ab2c5c7fffff,14,15,Persistent Hotspot,1,7.14,21.75,03,Crime Type,DAMAGE TO PROPERTY,5,6,2025-11-07,2025-12-04,2025-12-05,2026-01-01,42.3340146833249,-83.0431303273926,Greektown,Beaubien St & E Lafayette St
882ab2c517fffff,5,7,Persistent Hotspot,2,40.0,12.45,03,Crime Type,DAMAGE TO PROPERTY,5,6,2025-11-07,2025-12-04,2025-12-05,2026-01-01,42.3547448078777,-83.0636943175046,Midtown,W Hancock St & Woodward Ave
882ab2c58dfffff,8,7,Persistent Hotspot,-1,-12.5,9.45,03,Crime Type,DAMAGE TO PROPERTY,5,6,2025-11-07,2025-12-04,2025-12-05,2026-01-01,42.3325162414365,-83.0493954373665,Downtown,John R St & Woodward Ave
882ab2c5e3fffff,8,7,Persistent Hotspot,-1,-12.5,9.45,03,Crime Type,DAMAGE TO PROPERTY,5,6,2025-11-07,2025-12-04,2025-12-05,2026-01-01,42.3323027840917,-83.057812497388,Downtown,Bagley St & 3rd St
882ab2c5e1fffff,5,3,Declining Hotspot,-2,-40.0,3.0,03,Crime Type,DAMAGE TO PROPERTY,5,6,2025-11-07,2025-12-04,2025-12-05,2026-01-01,42.3394921948913,-83.0664991055863,Midtown,Grand River Ave & S M 10
882ab2c5e9fffff,8,3,Declining Hotspot,-5,-62.5,3.0,03,Crime Type,DAMAGE TO PROPERTY,5,6,2025-11-07,2025-12-04,2025-12-05,2026-01-01,42.346487742123,-83.0580336249676,Midtown,Eliot St & Woodward Ave
882ab2c5edfffff,7,3,Declining Hotspot,-4,-57.14,3.0,03,Crime Type,DAMAGE TO PROPERTY,5,6,2025-11-07,2025-12-04,2025-12-05,2026-01-01,42.3487242716004,-83.0687031319813,Midtown,W Alexandrine St & 2nd Ave
882ab2cebbfffff,0,4,New Hotspot,4,,10.0,04,Crime Type,DAMAGE TO PROPERTY,3,3,2025-11-07,2025-12-04,2025-12-05,2026-01-01,42.3128380399185,-83.12812257015175,Springwells,Carson St & Belle St
882ab2cc93fffff,0,3,New Hotspot,3,,7.5,04,Crime Type,DAMAGE TO PROPERTY,3,3,2025-11-07,2025-12-04,2025-12-05,2026-01-01,42.2666572840668,-83.1560066412194,Boynton,S Annabelle St & Omaha St
882ab21b65fffff,1,3,Emerging Hotspot,2,200.0,6.0,04,Crime Type,DAMAGE TO PROPERTY,3,3,2025-11-07,2025-12-04,2025-12-05,2026-01-01,42.2980415063833,-83.1305684869206,Springwells,Distel St & Olivet St
882ab2ceb3fffff,4,2,Declining Hotspot,-2,-50.0,2.0,04,Crime Type,DAMAGE TO PROPERTY,3,3,2025-11-07,2025-12-04,2025-12-05,2026-01-01,42.3081881366621,-83.1341508430561,Springwells,W Vernor Hwy & Cabot St
882ab2c643fffff,1,4,Emerging Hotspot,3,300.0,8.5,05,Crime Type,DAMAGE TO PROPERTY,3,3,2025-11-07,2025-12-04,2025-12-05,2026-01-01,42.4217086952154,-82.92813607488735,Cornerstone Village,Chester St & University Pl
882ab2c60bfffff,1,3,Emerging Hotspot,2,200.0,6.0,05,Crime Type,DAMAGE TO PROPERTY,3,3,2025-11-07,2025-12-04,2025-12-05,2026-01-01,42.4071065301122,-82.9271565989737,Cornerstone Village,Guilford St & E Warren Ave
882ab2c623fffff,1,3,Emerging Hotspot,2,200.0,6.0,05,Crime Type,DAMAGE TO PROPERTY,3,3,2025-11-07,2025-12-04,2025-12-05,2026-01-01,42.4000763519574,-82.96843649080165,Chandler Park,Drexel St & Southampton St
882ab2c63dfffff,2,3,Emerging Hotspot,1,50.0,4.5,05,Crime Type,DAMAGE TO PROPERTY,3,3,2025-11-07,2025-12-04,2025-12-05,2026-01-01,42.3981866734714,-82.9558389011593,Chandler Park-Chalmers,Lakepointe St & E Warren Ave
882ab2c603fffff,4,3,Persistent Hotspot,-1,-25.0,4.05,05,Crime Type,DAMAGE TO PROPERTY,3,3,2025-11-07,2025-12-04,2025-12-05,2026-01-01,42.4029894505433,-82.9399556381637,Morningside,Audubon Rd & E Warren Ave
882ab2c639fffff,5,3,Persistent Hotspot,-2,-40.0,4.05,05,Crime Type,DAMAGE TO PROPERTY,3,3,2025-11-07,2025-12-04,2025-12-05,2026-01-01,42.396523205589645,-82.94466548995295,Morningside,E Warren Ave & Berkshire St
882ab2c607fffff,4,2,Declining Hotspot,-2,-50.0,2.0,05,Crime Type,DAMAGE TO PROPERTY,3,3,2025-11-07,2025-12-04,2025-12-05,2026-01-01,42.4027898337408,-82.94904862188,Morningside,Southampton St & Somerset Ave
882ab2c61dfffff,5,2,Declining Hotspot,-3,-60.0,2.0,05,Crime Type,DAMAGE TO PROPERTY,3,3,2025-11-07,2025-12-04,2025-12-05,2026-01-01,42.4013216575509,-82.9277006185038,East English Village,Harvard Rd & Waveney St
882ab2c445fffff,3,1,Declining Hotspot,-2,-66.67,1.0,05,Crime Type,DAMAGE TO PROPERTY,3,3,2025-11-07,2025-12-04,2025-12-05,2026-01-01,42.3894385794633,-82.9938130769084,West End,Hurlbut St & Shoemaker St
882ab2c601fffff,7,1,Declining Hotspot,-6,-85.71,1.0,05,Crime Type,DAMAGE TO PROPERTY,3,3,2025-11-07,2025-12-04,2025-12-05,2026-01-01,42.4101998614238,-82.9421318183079,Morningside,Chandler Park Dr & Yorkshire Rd
882ab2c615fffff,7,0,Declining Hotspot,-7,-100.0,0.0,05,Crime Type,DAMAGE TO PROPERTY,3,3,2025-11-07,2025-12-04,2025-12-05,2026-01-01,42.395077046472,-82.9367206866718,Morningside,Devonshire Rd & Bremen St
882ab2cf35fffff,1,4,Emerging Hotspot,3,300.0,8.5,06,Crime Type,DAMAGE TO PROPERTY,3,3,2025-11-07,2025-12-04,2025-12-05,2026-01-01,42.3819326734984,-83.2583706737934,Brightmoor,Lahser Rd & Dolson St
882ab2cc01fffff,2,4,Emerging Hotspot,2,100.0,7.0,06,Crime Type,DAMAGE TO PROPERTY,3,3,2025-11-07,2025-12-04,2025-12-05,2026-01-01,42.3458183863618,-83.2082445872955,Warren Ave Community,Rutland St & Majestic St
882ab2cc2bfffff,1,3,Emerging Hotspot,2,200.0,6.0,06,Crime Type,DAMAGE TO PROPERTY,3,3,2025-11-07,2025-12-04,2025-12-05,2026-01-01,42.3396077393422,-83.22680751775106,Warrendale,Warwick St & Whitlock St
882ab2cc65fffff,2,3,Emerging Hotspot,1,50.0,4.5,06,Crime Type,DAMAGE TO PROPERTY,3,3,2025-11-07,2025-12-04,2025-12-05,2026-01-01,42.36292124299095,-83.238484125039,Franklin Park,W Chicago St & Heyden St
882ab2cd49fffff,2,3,Emerging Hotspot,1,50.0,4.5,06,Crime Type,DAMAGE TO PROPERTY,3,3,2025-11-07,2025-12-04,2025-12-05,2026-01-01,42.3810030180834,-83.2721412434479,Castle Rouge,Appleton St & Glendale St
882ab2cf11fffff,2,3,Emerging Hotspot,1,50.0,4.5,06,Crime Type,DAMAGE TO PROPERTY,3,3,2025-11-07,2025-12-04,2025-12-05,2026-01-01,42.3821204035815,-83.2148414666302,Schoolcraft Southfield,Rutland St & Glendale St
882ab2cf33fffff,2,3,Emerging Hotspot,1,50.0,4.5,06,Crime Type,DAMAGE TO PROPERTY,3,3,2025-11-07,2025-12-04,2025-12-05,2026-01-01,42.37187235244575,-83.2412209572612,Franklin Park,Plymouth Rd & Fielding St
882ab2cc67fffff,3,4,Persistent Hotspot,1,33.33,6.9,06,Crime Type,DAMAGE TO PROPERTY,3,3,2025-11-07,2025-12-04,2025-12-05,2026-01-01,42.35570902059675,-83.2347281579616,Warrendale,Evergreen Rd & Joy Rd
882ab2cf3bfffff,4,4,Persistent Hotspot,0,0.0,5.4,06,Crime Type,DAMAGE TO PROPERTY,3,3,2025-11-07,2025-12-04,2025-12-05,2026-01-01,42.376364941419,-83.236396034023,Weatherby,Capitol St & Plainview Ave
882ab2cc69fffff,4,3,Persistent Hotspot,-1,-25.0,4.05,06,Crime Type,DAMAGE TO PROPERTY,3,3,2025-11-07,2025-12-04,2025-12-05,2026-01-01,42.3673550176978,-83.22027784620084,Franklin Park,Weaver St & Rosemont Ave
882ab2cf27fffff,3,2,Declining Hotspot,-1,-33.33,2.0,06,Crime Type,DAMAGE TO PROPERTY,3,3,2025-11-07,2025-12-04,2025-12-05,2026-01-01,42.3880664803802,-83.2733932026018,Eliza Howell,Riverview St & Dale St
882ab2cd5bfffff,3,1,Declining Hotspot,-2,-66.67,1.0,06,Crime Type,DAMAGE TO PROPERTY,3,3,2025-11-07,2025-12-04,2025-12-05,2026-01-01,42.3555181567115,-83.2443358607145,Warrendale,Dover St & Braile St
882ab2cc45fffff,6,0,Declining Hotspot,-6,-100.0,0.0,06,Crime Type,DAMAGE TO PROPERTY,3,3,2025-11-07,2025-12-04,2025-12-05,2026-01-01,42.365285439154,-83.2095166589743,Joy Community,Orangelawn St & Rutland St
882ab2c5cbfffff,1,6,Emerging Hotspot,5,500.0,13.5,07,Crime Type,DAMAGE TO PROPERTY,3,3,2025-11-07,2025-12-04,2025-12-05,2026-01-01,42.3410176915525,-83.023266509099,Elmwood Park,E Jefferson Ave & Chene St
882ab2c43dfffff,2,3,Emerging Hotspot,1,50.0,4.5,07,Crime Type,DAMAGE TO PROPERTY,3,3,2025-11-07,2025-12-04,2025-12-05,2026-01-01,42.354372393915,-83.0063893655434,Islandview,Agnes St & E Grand Blvd
882ab2c5c3fffff,3,4,Persistent Hotspot,1,33.33,6.9,07,Crime Type,DAMAGE TO PROPERTY,3,3,2025-11-07,2025-12-04,2025-12-05,2026-01-01,42.3364259425427,-83.0292011368974,Lafayette Park,Saint Aubin St & E Larned St
882ab2c5c1fffff,4,2,Declining Hotspot,-2,-50.0,2.0,07,Crime Type,DAMAGE TO PROPERTY,3,3,2025-11-07,2025-12-04,2025-12-05,2026-01-01,42.3423666128366,-83.0379321607677,Lafayette Park,Pembridge Pl & Saint Aubin St
882ab2c405fffff,4,1,Declining Hotspot,-3,-75.0,1.0,07,Crime Type,DAMAGE TO PROPERTY,3,3,2025-11-07,2025-12-04,2025-12-05,2026-01-01,42.3677681937205,-83.0051233507447,Gratiot-Grand,Baldwin St & Goethe Ave
882ab2c469fffff,3,1,Declining Hotspot,-2,-66.67,1.0,07,Crime Type,DAMAGE TO PROPERTY,3,3,2025-11-07,2025-12-04,2025-12-05,2026-01-01,42.3905071517812,-83.0051484833408,West End,Pennsylvania St & Shoemaker St
882ab2c40dfffff,3,0,Declining Hotspot,-3,-100.0,0.0,07,Crime Type,DAMAGE TO PROPERTY,3,3,2025-11-07,2025-12-04,2025-12-05,2026-01-01,42.3742063007064,-83.002160981547,Gratiot Woods,Burns St & E Canfield St
882ab2c431fffff,3,0,Declining Hotspot,-3,-100.0,0.0,07,Crime Type,DAMAGE TO PROPERTY,3,3,2025-11-07,2025-12-04,2025-12-05,2026-01-01,42.345732473251,-83.00686044990775,Islandview,E Congress St & Meldrum St
882ab2c467fffff,3,0,Declining Hotspot,-3,-100.0,0.0,07,Crime Type,DAMAGE TO PROPERTY,3,3,2025-11-07,2025-12-04,2025-12-05,2026-01-01,42.3771625225263,-83.01920083687375,Gratiot Town/Kettering,Field St & E Kirby St
882ab2c5c9fffff,5,0,Declining Hotspot,-5,-100.0,0.0,07,Crime Type,DAMAGE TO PROPERTY,3,3,2025-11-07,2025-12-04,2025-12-05,2026-01-01,42.3502542019417,-83.0302985615252,Elmwood Park,Prince Hall Dr & Chene St
882ab2ca93fffff,0,4,New Hotspot,4,,10.0,08,Crime Type,DAMAGE TO PROPERTY,3,3,2025-11-07,2025-12-04,2025-12-05,2026-01-01,42.4294810884543,-83.2416290872179,Holcomb Community,W 7 Mile Rd & Patton St
882ab2ca97fffff,0,3,New Hotspot,3,,7.5,08,Crime Type,DAMAGE TO PROPERTY,3,3,2025-11-07,2025-12-04,2025-12-05,2026-01-01,42.4292679010273,-83.2534029514986,Evergreen Lahser 7/8,Lahser Rd & W 7 Mile Rd
882ab2cf61fffff,1,6,Emerging Hotspot,5,500.0,13.5,08,Crime Type,DAMAGE TO PROPERTY,3,3,2025-11-07,2025-12-04,2025-12-05,2026-01-01,42.4146741898092,-83.2568507845596,Oak Grove District 1,Chapel St & W McNichols Rd
882ab2c1a5fffff,1,4,Emerging Hotspot,3,300.0,8.5,08,Crime Type,DAMAGE TO PROPERTY,3,3,2025-11-07,2025-12-04,2025-12-05,2026-01-01,42.4406357147376,-83.2259087405984,O'Hair Park,Trojan St & Greenview Ave
882ab2c1b5fffff,1,4,Emerging Hotspot,3,300.0,8.5,08,Crime Type,DAMAGE TO PROPERTY,3,3,2025-11-07,2025-12-04,2025-12-05,2026-01-01,42.4230381823384,-83.20823202955845,College Park,Thatcher St & Ferguson St
882ab2cf4bfffff,2,4,Emerging Hotspot,2,100.0,7.0,08,Crime Type,DAMAGE TO PROPERTY,3,3,2025-11-07,2025-12-04,2025-12-05,2026-01-01,42.4155656036928,-83.2145581138045,College Park,N M 39 & W McNichols Rd
882ab2cf5dfffff,2,4,Emerging Hotspot,2,100.0,7.0,08,Crime Type,DAMAGE TO PROPERTY,3,3,2025-11-07,2025-12-04,2025-12-05,2026-01-01,42.4103285053167,-83.2108407677899,Crary/St Marys,Verne St & Biltmore St
882ab2cf45fffff,1,3,Emerging Hotspot,2,200.0,6.0,08,Crime Type,DAMAGE TO PROPERTY,3,3,2025-11-07,2025-12-04,2025-12-05,2026-01-01,42.419387568202254,-83.2383766583946,Evergreen-Outer Drive,Santa Maria St & Heyden St
882ab2cf6bfffff,7,4,Persistent Hotspot,-3,-42.86,5.4,08,Crime Type,DAMAGE TO PROPERTY,3,3,2025-11-07,2025-12-04,2025-12-05,2026-01-01,42.41156466965455,-83.244250479248,Holcomb Community,Grand River Ave & Patton St
882ab2c1b7fffff,4,3,Persistent Hotspot,-1,-25.0,4.05,08,Crime Type,DAMAGE TO PROPERTY,3,3,2025-11-07,2025-12-04,2025-12-05,2026-01-01,42.415851144836296,-83.20139796128575,Crary/St Marys,Greenfield Rd & Verne St
882ab2cf49fffff,3,3,Persistent Hotspot,0,0.0,4.05,08,Crime Type,DAMAGE TO PROPERTY,3,3,2025-11-07,2025-12-04,2025-12-05,2026-01-01,42.4248549880698,-83.2179256175138,College Park,Margareta St & Lindsay St
882ab2c1a3fffff,3,2,Declining Hotspot,-1,-33.33,2.0,08,Crime Type,DAMAGE TO PROPERTY,3,3,2025-11-07,2025-12-04,2025-12-05,2026-01-01,42.4302920458498,-83.2117228159554,Greenfield,Oakfield St & W 7 Mile Rd
882ab2c1a7fffff,3,2,Declining Hotspot,-1,-33.33,2.0,08,Crime Type,DAMAGE TO PROPERTY,3,3,2025-11-07,2025-12-04,2025-12-05,2026-01-01,42.4335387451581,-83.2204958980592,O'Hair Park,Fenmore St & W 7 Mile Rd
882ab2cab1fffff,3,2,Declining Hotspot,-1,-33.33,2.0,08,Crime Type,DAMAGE TO PROPERTY,3,3,2025-11-07,2025-12-04,2025-12-05,2026-01-01,42.4290006373133,-83.2777700530693,Five Points,Woodbine St & W 7 Mile Rd
882ab2cf51fffff,3,2,Declining Hotspot,-1,-33.33,2.0,08,Crime Type,DAMAGE TO PROPERTY,3,3,2025-11-07,2025-12-04,2025-12-05,2026-01-01,42.4030666206595,-83.2074096504793,Crary/St Marys,Keeler St & Ferguson St
882ab2cf6dfffff,3,2,Declining Hotspot,-1,-33.33,2.0,08,Crime Type,DAMAGE TO PROPERTY,3,3,2025-11-07,2025-12-04,2025-12-05,2026-01-01,42.4218922142559,-83.2581934597824,Old Redford,Lahser Rd & Glenco St
882ab2c1a1fffff,3,1,Declining Hotspot,-2,-66.67,1.0,08,Crime Type,DAMAGE TO PROPERTY,3,3,2025-11-07,2025-12-04,2025-12-05,2026-01-01,42.4391166911026,-83.2147547019169,Greenfield,Pembroke Ave & Lindsay St
882ab2cab7fffff,4,1,Declining Hotspot,-3,-75.0,1.0,08,Crime Type,DAMAGE TO PROPERTY,3,3,2025-11-07,2025-12-04,2025-12-05,2026-01-01,42.4286454981274,-83.2814705315058,Five Points,Grand River Ave & Woodbine St
882ab2cf53fffff,3,1,Declining Hotspot,-2,-66.67,1.0,08,Crime Type,DAMAGE TO PROPERTY,3,3,2025-11-07,2025-12-04,2025-12-05,2026-01-01,42.393900927103,-83.2015047170285,Greenfield-Grand River,Acacia St & Forrer St
882ab2c8d9fffff,6,0,Declining Hotspot,-6,-100.0,0.0,08,Crime Type,DAMAGE TO PROPERTY,3,3,2025-11-07,2025-12-04,2025-12-05,2026-01-01,42.4168750262246,-83.2787157828067,The Eye,Woodbine St & Santa Maria St
882ab2cab3fffff,3,0,Declining Hotspot,-3,-100.0,0.0,08,Crime Type,DAMAGE TO PROPERTY,3,3,2025-11-07,2025-12-04,2025-12-05,2026-01-01,42.424486086913,-83.2738298612168,Seven Mile-Rouge,Shiawassee Dr & Margareta St
882ab2c661fffff,1,7,Emerging Hotspot,6,600.0,16.0,09,Crime Type,DAMAGE TO PROPERTY,4,3,2025-11-07,2025-12-04,2025-12-05,2026-01-01,42.4271921170409,-82.9627670159486,Mapleridge,Troester St & Queen St
882ab2c669fffff,2,3,Emerging Hotspot,1,50.0,4.5,09,Crime Type,DAMAGE TO PROPERTY,4,3,2025-11-07,2025-12-04,2025-12-05,2026-01-01,42.4331934041443,-82.9549172238386,Mapleridge,Kelly Rd & Linnhurst St
882ab2d591fffff,2,3,Emerging Hotspot,1,50.0,4.5,09,Crime Type,DAMAGE TO PROPERTY,4,3,2025-11-07,2025-12-04,2025-12-05,2026-01-01,42.4474714071389,-82.9512884625627,Regent Park,Fairmount Dr & Cordell St
882ab2c62bfffff,4,6,Persistent Hotspot,2,50.0,11.1,09,Crime Type,DAMAGE TO PROPERTY,4,3,2025-11-07,2025-12-04,2025-12-05,2026-01-01,42.4065719044079,-82.9643445990192,Outer Drive-Hayes,Chalmers St & Kent St
882ab2c605fffff,4,4,Persistent Hotspot,0,0.0,5.4,09,Crime Type,DAMAGE TO PROPERTY,4,3,2025-11-07,2025-12-04,2025-12-05,2026-01-01,42.41182849365295,-82.9542600506487,Outer Drive-Hayes,Beaconsfield St & Courville St
882ab2c625fffff,4,4,Persistent Hotspot,0,0.0,5.4,09,Crime Type,DAMAGE TO PROPERTY,4,3,2025-11-07,2025-12-04,2025-12-05,2026-01-01,42.4093221818329,-82.9841299069008,Wade,Roseberry St & Longview St
882ab2d5b5fffff,7,4,Persistent Hotspot,-3,-42.86,5.4,09,Crime Type,DAMAGE TO PROPERTY,4,3,2025-11-07,2025-12-04,2025-12-05,2026-01-01,42.4456739782067,-82.9916402776304,Conner Creek,Fairport St & Bringard Dr
882ab2c66bfffff,8,3,Persistent Hotspot,-5,-62.5,4.05,09,Crime Type,DAMAGE TO PROPERTY,4,3,2025-11-07,2025-12-04,2025-12-05,2026-01-01,42.42632688143855,-82.9499411616721,Moross-Morang,Lakepointe St & Morang Dr
882ab2c60dfffff,5,2,Declining Hotspot,-3,-60.0,2.0,09,Crime Type,DAMAGE TO PROPERTY,4,3,2025-11-07,2025-12-04,2025-12-05,2026-01-01,42.4197410360825,-82.9462573545625,Yorkshire Woods,Nottingham Rd & Britain St
882ab2c62dfffff,5,2,Declining Hotspot,-3,-60.0,2.0,09,Crime Type,DAMAGE TO PROPERTY,4,3,2025-11-07,2025-12-04,2025-12-05,2026-01-01,42.4139943645256,-82.97652654591519,Eden Gardens,Rosemary Ave & Coplin St
882ab2c647fffff,5,2,Declining Hotspot,-3,-60.0,2.0,09,Crime Type,DAMAGE TO PROPERTY,4,3,2025-11-07,2025-12-04,2025-12-05,2026-01-01,42.4244778056882,-82.9407430774162,Moross-Morang,Casino St & Somerset Ave
882ab2c627fffff,4,1,Declining Hotspot,-3,-75.0,1.0,09,Crime Type,DAMAGE TO PROPERTY,4,3,2025-11-07,2025-12-04,2025-12-05,2026-01-01,42.400216790199,-82.9821529906713,Ravendale,Harper Ave & Norcross St
882ab2c753fffff,4,0,Declining Hotspot,-4,-100.0,0.0,09,Crime Type,DAMAGE TO PROPERTY,4,3,2025-11-07,2025-12-04,2025-12-05,2026-01-01,42.41714879836,-82.98842155801265,Eden Gardens,Annsbury Ave & Wilfred St
882ab2d5bbfffff,8,0,Declining Hotspot,-8,-100.0,0.0,09,Crime Type,DAMAGE TO PROPERTY,4,3,2025-11-07,2025-12-04,2025-12-05,2026-01-01,42.4434084434849,-82.970791942545,Regent Park,Queen St & Rossini Dr
882ab2ce55fffff,0,5,New Hotspot,5,,12.5,10,Crime Type,DAMAGE TO PROPERTY,3,3,2025-11-07,2025-12-04,2025-12-05,2026-01-01,42.3924332084077,-83.1397130917558,Oakman Blvd Community,Kendall St & Livernois Ave
882ab2c521fffff,0,3,New Hotspot,3,,7.5,10,Crime Type,DAMAGE TO PROPERTY,3,3,2025-11-07,2025-12-04,2025-12-05,2026-01-01,42.3735223882003,-83.1050901107629,Virginia Park Community,Hazelwood St & 14th St
882ab2ce19fffff,0,3,New Hotspot,3,,7.5,10,Crime Type,DAMAGE TO PROPERTY,3,3,2025-11-07,2025-12-04,2025-12-05,2026-01-01,42.3773213176787,-83.129380378622,Nardin Park,Humphrey St & Holmur St
882ab2cecdfffff,1,3,Emerging Hotspot,2,200.0,6.0,10,Crime Type,DAMAGE TO PROPERTY,3,3,2025-11-07,2025-12-04,2025-12-05,2026-01-01,42.36199517026705,-83.12061730439075,Petoskey-Otsego,Dumbarton Ave & Gladstone St
882ab2c52bfffff,2,3,Emerging Hotspot,1,50.0,4.5,10,Crime Type,DAMAGE TO PROPERTY,3,3,2025-11-07,2025-12-04,2025-12-05,2026-01-01,42.3739808566136,-83.0944508510725,Virginia Park Community,Rosa Parks Blvd & W Euclid St
882ab2ce51fffff,6,5,Persistent Hotspot,-1,-16.67,6.75,10,Crime Type,DAMAGE TO PROPERTY,3,3,2025-11-07,2025-12-04,2025-12-05,2026-01-01,42.3909329578329,-83.1254968552373,Dexter-Linwood,Dexter Ave & Waverly
882ab2c525fffff,3,3,Persistent Hotspot,0,0.0,4.05,10,Crime Type,DAMAGE TO PROPERTY,3,3,2025-11-07,2025-12-04,2025-12-05,2026-01-01,42.377040420023,-83.1174128378397,Dexter-Linwood,Dexter Ave & Collingwood St
882ab2ce0bfffff,5,3,Persistent Hotspot,-2,-40.0,4.05,10,Crime Type,DAMAGE TO PROPERTY,3,3,2025-11-07,2025-12-04,2025-12-05,2026-01-01,42.3864830288736,-83.14163828555306,Oakman Blvd Community,Ewald Cir & W Davison St
882ab2ce57fffff,4,3,Persistent Hotspot,-1,-25.0,4.05,10,Crime Type,DAMAGE TO PROPERTY,3,3,2025-11-07,2025-12-04,2025-12-05,2026-01-01,42.3859734201848,-83.1339608753184,Russell Woods,Petoskey Ave & W Davison St
882ab2ce47fffff,3,2,Declining Hotspot,-1,-33.33,2.0,10,Crime Type,DAMAGE TO PROPERTY,3,3,2025-11-07,2025-12-04,2025-12-05,2026-01-01,42.4010902320439,-83.1543166634489,Chalfonte,Cherrylawn St & Eaton St
882ab2c527fffff,6,1,Declining Hotspot,-5,-83.33,1.0,10,Crime Type,DAMAGE TO PROPERTY,3,3,2025-11-07,2025-12-04,2025-12-05,2026-01-01,42.3687090022666,-83.1138186796188,Jamison,Atkinson St & Dexter Ave
882ab2c567fffff,3,1,Declining Hotspot,-2,-66.67,1.0,10,Crime Type,DAMAGE TO PROPERTY,3,3,2025-11-07,2025-12-04,2025-12-05,2026-01-01,42.38823565823665,-83.10464187753101,Dexter-Linwood,Woodrow Wilson St & Elmhurst St
882ab2ce01fffff,3,1,Declining Hotspot,-2,-66.67,1.0,10,Crime Type,DAMAGE TO PROPERTY,3,3,2025-11-07,2025-12-04,2025-12-05,2026-01-01,42.3861909178708,-83.1560059011736,Davison-Schoolcraft,W Davison St & Kentucky St
882ab2ce59fffff,5,1,Declining Hotspot,-4,-80.0,1.0,10,Crime Type,DAMAGE TO PROPERTY,3,3,2025-11-07,2025-12-04,2025-12-05,2026-01-01,42.3957041475136,-83.119676552736,Oakman Blvd Community,W Grand St & La Salle Blvd
882ab2c507fffff,3,0,Declining Hotspot,-3,-100.0,0.0,10,Crime Type,DAMAGE TO PROPERTY,3,3,2025-11-07,2025-12-04,2025-12-05,2026-01-01,42.3697335528948,-83.08170174424,Virginia Park Community,W Grand Blvd & Lincoln St
882ab2c529fffff,4,0,Declining Hotspot,-4,-100.0,0.0,10,Crime Type,DAMAGE TO PROPERTY,3,3,2025-11-07,2025-12-04,2025-12-05,2026-01-01,42.38104713800355,-83.098032597983,Boston Edison,W Boston Blvd & N M 10 Service Drive
882ab2c761fffff,2,6,Emerging Hotspot,4,200.0,12.0,11,Crime Type,DAMAGE TO PROPERTY,3,3,2025-11-07,2025-12-04,2025-12-05,2026-01-01,42.4384549401626,-83.04371480168,Farwell,E Lantz St & Mound Rd
882ab2c0d7fffff,1,3,Emerging Hotspot,2,200.0,6.0,11,Crime Type,DAMAGE TO PROPERTY,3,3,2025-11-07,2025-12-04,2025-12-05,2026-01-01,42.42827978006765,-83.0792650004535,Northeast Central District,E Grixdale St & Goddard St
882ab2c765fffff,1,3,Emerging Hotspot,2,200.0,6.0,11,Crime Type,DAMAGE TO PROPERTY,3,3,2025-11-07,2025-12-04,2025-12-05,2026-01-01,42.438224642992,-83.05449732164055,Farwell,Moenart St & E Outer Dr
882ab2c0d1fffff,3,3,Persistent Hotspot,0,0.0,4.05,11,Crime Type,DAMAGE TO PROPERTY,3,3,2025-11-07,2025-12-04,2025-12-05,2026-01-01,42.4355909483518,-83.0735405934336,Pershing,Charest St & E Lantz St
882ab2c0d5fffff,3,3,Persistent Hotspot,0,0.0,4.05,11,Crime Type,DAMAGE TO PROPERTY,3,3,2025-11-07,2025-12-04,2025-12-05,2026-01-01,42.4353407920037,-83.08535721004054,Nolan,Riopelle St & Emery St
882ab2c0ddfffff,4,2,Declining Hotspot,-2,-50.0,2.0,11,Crime Type,DAMAGE TO PROPERTY,3,3,2025-11-07,2025-12-04,2025-12-05,2026-01-01,42.4425478145773,-83.0763451898483,Butler,Harned St & E Outer Dr
882ab2c70dfffff,3,2,Declining Hotspot,-1,-33.33,2.0,11,Crime Type,DAMAGE TO PROPERTY,3,3,2025-11-07,2025-12-04,2025-12-05,2026-01-01,42.4310682433344,-83.0274669652189,Grant,E Robinwood St & Packard St
882ab2c0d3fffff,4,1,Declining Hotspot,-3,-75.0,1.0,11,Crime Type,DAMAGE TO PROPERTY,3,3,2025-11-07,2025-12-04,2025-12-05,2026-01-01,42.4258382422936,-83.0685993556559,Northeast Central District,Conant St & E Nevada St
882ab2c745fffff,4,1,Declining Hotspot,-3,-75.0,1.0,11,Crime Type,DAMAGE TO PROPERTY,3,3,2025-11-07,2025-12-04,2025-12-05,2026-01-01,42.4436061204028,-83.0246669703729,Sherwood,Milbank St & Spencer St
882ab2c741fffff,3,0,Declining Hotspot,-3,-100.0,0.0,11,Crime Type,DAMAGE TO PROPERTY,3,3,2025-11-07,2025-12-04,2025-12-05,2026-01-01,42.4389543556089,-83.0156846967228,Nortown,Yolanda St & E Outer Dr
882ab2c769fffff,3,0,Declining Hotspot,-3,-100.0,0.0,11,Crime Type,DAMAGE TO PROPERTY,3,3,2025-11-07,2025-12-04,2025-12-05,2026-01-01,42.4435223740964,-83.0308548055101,Sherwood,Carrie St & Milbank St
882ab2ce6bfffff,0,5,New Hotspot,5,,12.5,12,Crime Type,DAMAGE TO PROPERTY,3,3,2025-11-07,2025-12-04,2025-12-05,2026-01-01,42.4025284332423,-83.1651004313549,Bethune Community,Fenkell St & Wyoming St
882ab2c19bfffff,1,4,Emerging Hotspot,3,300.0,8.5,12,Crime Type,DAMAGE TO PROPERTY,3,3,2025-11-07,2025-12-04,2025-12-05,2026-01-01,42.4242861135931,-83.15337759519235,Bagley,Thatcher St & Indiana St
882ab2ce41fffff,2,4,Emerging Hotspot,2,100.0,7.0,12,Crime Type,DAMAGE TO PROPERTY,3,3,2025-11-07,2025-12-04,2025-12-05,2026-01-01,42.4075473870695,-83.1461042788721,Fitzgerald/Marygrove,Monica St & Keeler Ave
882ab2c0a7fffff,1,3,Emerging Hotspot,2,200.0,6.0,12,Crime Type,DAMAGE TO PROPERTY,3,3,2025-11-07,2025-12-04,2025-12-05,2026-01-01,42.424372661051,-83.1412534391509,University District,Pickford St & Livernois Ave
882ab2c0bdfffff,1,3,Emerging Hotspot,2,200.0,6.0,12,Crime Type,DAMAGE TO PROPERTY,3,3,2025-11-07,2025-12-04,2025-12-05,2026-01-01,42.4200562029354,-83.116975620587,Palmer Park,Manderson Rd & Whitmore Rd
882ab2c1d3fffff,1,3,Emerging Hotspot,2,200.0,6.0,12,Crime Type,DAMAGE TO PROPERTY,3,3,2025-11-07,2025-12-04,2025-12-05,2026-01-01,42.436933621782046,-83.1507772485498,Oak Grove District 2,Roselawn St & W Outer Dr
882ab2c1b9fffff,3,4,Persistent Hotspot,1,33.33,6.9,12,Crime Type,DAMAGE TO PROPERTY,3,3,2025-11-07,2025-12-04,2025-12-05,2026-01-01,42.4273222133839,-83.18755904420081,Winship,Margareta St & Mark Twain St
882ab2ce69fffff,4,4,Persistent Hotspot,0,0.0,5.4,12,Crime Type,DAMAGE TO PROPERTY,3,3,2025-11-07,2025-12-04,2025-12-05,2026-01-01,42.41199469544685,-83.1698402050922,Fitzgerald/Marygrove,Florence St & Mendota St
882ab2ce4dfffff,5,3,Persistent Hotspot,-2,-40.0,4.05,12,Crime Type,DAMAGE TO PROPERTY,3,3,2025-11-07,2025-12-04,2025-12-05,2026-01-01,42.41713248022035,-83.1491035149803,Bagley,San Juan Dr & W McNichols Rd
882ab2c0a5fffff,4,2,Declining Hotspot,-2,-50.0,2.0,12,Crime Type,DAMAGE TO PROPERTY,3,3,2025-11-07,2025-12-04,2025-12-05,2026-01-01,42.4296303142821,-83.1435817768685,Bagley,Livernois Ave & W 7 Mile Rd
882ab2c193fffff,3,2,Declining Hotspot,-1,-33.33,2.0,12,Crime Type,DAMAGE TO PROPERTY,3,3,2025-11-07,2025-12-04,2025-12-05,2026-01-01,42.4169437403662,-83.1603122492298,Schulze,W McNichols Rd & Wyoming St
882ab2ce49fffff,3,2,Declining Hotspot,-1,-33.33,2.0,12,Crime Type,DAMAGE TO PROPERTY,3,3,2025-11-07,2025-12-04,2025-12-05,2026-01-01,42.41475945047815,-83.1417270778599,Fitzgerald/Marygrove,Stoepel St & Florence St
882ab2ce6dfffff,6,2,Declining Hotspot,-4,-66.67,2.0,12,Crime Type,DAMAGE TO PROPERTY,3,3,2025-11-07,2025-12-04,2025-12-05,2026-01-01,42.4118076305669,-83.1797983731317,Harmony Village,Schaefer Hwy & W McNichols Rd
882ab2c1bdfffff,4,1,Declining Hotspot,-3,-75.0,1.0,12,Crime Type,DAMAGE TO PROPERTY,3,3,2025-11-07,2025-12-04,2025-12-05,2026-01-01,42.430408907993,-83.1997223474086,San Bernardo,Prest St & W 7 Mile Rd
882ab2c1d7fffff,4,1,Declining Hotspot,-3,-75.0,1.0,12,Crime Type,DAMAGE TO PROPERTY,3,3,2025-11-07,2025-12-04,2025-12-05,2026-01-01,42.4408096985575,-83.1610973329709,Garden Homes,Indiana St & Chippewa St
882ab2ce45fffff,7,1,Declining Hotspot,-6,-85.71,1.0,12,Crime Type,DAMAGE TO PROPERTY,3,3,2025-11-07,2025-12-04,2025-12-05,2026-01-01,42.40973788804895,-83.1573322674889,Fitzgerald/Marygrove,Puritan St & Northlawn St
882ab2ce55fffff,0,5,New Hotspot,5,,12.5,ALL,Crime Type,DAMAGE TO PROPERTY,3,3,2025-11-07,2025-12-04,2025-12-05,2026-01-01,42.3924332084077,-83.1397130917558,Oakman Blvd Community,Kendall St & Livernois Ave
882ab2ca93fffff,0,4,New Hotspot,4,,10.0,ALL,Crime Type,DAMAGE TO PROPERTY,3,3,2025-11-07,2025-12-04,2025-12-05,2026-01-01,42.4294810884543,-83.2416290872179,Holcomb Community,W 7 Mile Rd & Patton St
882ab2cebbfffff,0,4,New Hotspot,4,,10.0,ALL,Crime Type,DAMAGE TO PROPERTY,3,3,2025-11-07,2025-12-04,2025-12-05,2026-01-01,42.3128380399185,-83.12812257015175,Springwells,Carson St & Belle St
882ab2c521fffff,0,3,New Hotspot,3,,7.5,ALL,Crime Type,DAMAGE TO PROPERTY,3,3,2025-11-07,2025-12-04,2025-12-05,2026-01-01,42.3735223882003,-83.1050901107629,Virginia Park Community,Hazelwood St & 14th St
882ab2ca97fffff,0,3,New Hotspot,3,,7.5,ALL,Crime Type,DAMAGE TO PROPERTY,3,3,2025-11-07,2025-12-04,2025-12-05,2026-01-01,42.4292679010273,-83.2534029514986,Evergreen Lahser 7/8,Lahser Rd & W 7 Mile Rd
882ab2cc93fffff,0,3,New Hotspot,3,,7.5,ALL,Crime Type,DAMAGE TO PROPERTY,3,3,2025-11-07,2025-12-04,2025-12-05,2026-01-01,42.2666572840668,-83.1560066412194,Boynton,S Annabelle St & Omaha St
882ab2ce19fffff,0,3,New Hotspot,3,,7.5,ALL,Crime Type,DAMAGE TO PROPERTY,3,3,2025-11-07,2025-12-04,2025-12-05,2026-01-01,42.3773213176787,-83.129380378622,Nardin Park,Humphrey St & Holmur St
882ab2c661fffff,1,7,Emerging Hotspot,6,600.0,16.0,ALL,Crime Type,DAMAGE TO PROPERTY,3,3,2025-11-07,2025-12-04,2025-12-05,2026-01-01,42.4271921170409,-82.9627670159486,Mapleridge,Troester St & Queen St
882ab2c5cbfffff,1,6,Emerging Hotspot,5,500.0,13.5,ALL,Crime Type,DAMAGE TO PROPERTY,3,3,2025-11-07,2025-12-04,2025-12-05,2026-01-01,42.3410176915525,-83.023266509099,Elmwood Park,E Jefferson Ave & Chene St
882ab2cf61fffff,1,6,Emerging Hotspot,5,500.0,13.5,ALL,Crime Type,DAMAGE TO PROPERTY,3,3,2025-11-07,2025-12-04,2025-12-05,2026-01-01,42.4146741898092,-83.2568507845596,Oak Grove District 1,Chapel St & W McNichols Rd
882ab2c761fffff,2,6,Emerging Hotspot,4,200.0,12.0,ALL,Crime Type,DAMAGE TO PROPERTY,3,3,2025-11-07,2025-12-04,2025-12-05,2026-01-01,42.4384549401626,-83.04371480168,Farwell,E Lantz St & Mound Rd
882ab2c501fffff,1,5,Emerging Hotspot,4,400.0,11.0,ALL,Crime Type,DAMAGE TO PROPERTY,3,3,2025-11-07,2025-12-04,2025-12-05,2026-01-01,42.3760635916825,-83.0774215036196,North End,Seward St & Virginia Park Ct
882ab2c50dfffff,1,5,Emerging Hotspot,4,400.0,11.0,ALL,Crime Type,DAMAGE TO PROPERTY,3,3,2025-11-07,2025-12-04,2025-12-05,2026-01-01,42.3828224535503,-83.07910903822636,North End,Holbrook St & Fraser Pl
882ab2ce2dfffff,1,5,Emerging Hotspot,4,400.0,11.0,ALL,Crime Type,DAMAGE TO PROPERTY,3,3,2025-11-07,2025-12-04,2025-12-05,2026-01-01,42.3943851869428,-83.1906048808923,Hubbell-Lyndon,Whitcomb St & Lyndon St
882ab2ce6bfffff,2,5,Emerging Hotspot,3,150.0,9.5,ALL,Crime Type,DAMAGE TO PROPERTY,3,3,2025-11-07,2025-12-04,2025-12-05,2026-01-01,42.4025284332423,-83.1651004313549,Bethune Community,Fenkell St & Wyoming St
882ab2c19bfffff,1,4,Emerging Hotspot,3,300.0,8.5,ALL,Crime Type,DAMAGE TO PROPERTY,3,3,2025-11-07,2025-12-04,2025-12-05,2026-01-01,42.4242861135931,-83.15337759519235,Bagley,Thatcher St & Indiana St
882ab2c1a5fffff,1,4,Emerging Hotspot,3,300.0,8.5,ALL,Crime Type,DAMAGE TO PROPERTY,3,3,2025-11-07,2025-12-04,2025-12-05,2026-01-01,42.4406357147376,-83.2259087405984,O'Hair Park,Trojan St & Greenview Ave
882ab2c1b5fffff,1,4,Emerging Hotspot,3,300.0,8.5,ALL,Crime Type,DAMAGE TO PROPERTY,3,3,2025-11-07,2025-12-04,2025-12-05,2026-01-01,42.4230381823384,-83.20823202955845,College Park,Thatcher St & Ferguson St
882ab2c623fffff,1,4,Emerging Hotspot,3,300.0,8.5,ALL,Crime Type,DAMAGE TO PROPERTY,3,3,2025-11-07,2025-12-04,2025-12-05,2026-01-01,42.4000763519574,-82.96843649080165,Chandler Park,Drexel St & Southampton St
882ab2cf35fffff,1,4,Emerging Hotspot,3,300.0,8.5,ALL,Crime Type,DAMAGE TO PROPERTY,3,3,2025-11-07,2025-12-04,2025-12-05,2026-01-01,42.3819326734984,-83.2583706737934,Brightmoor,Lahser Rd & Dolson St
882ab2c643fffff,2,4,Emerging Hotspot,2,100.0,7.0,ALL,Crime Type,DAMAGE TO PROPERTY,3,3,2025-11-07,2025-12-04,2025-12-05,2026-01-01,42.4217086952154,-82.92813607488735,Cornerstone Village,Chester St & University Pl
882ab2cc01fffff,2,4,Emerging Hotspot,2,100.0,7.0,ALL,Crime Type,DAMAGE TO PROPERTY,3,3,2025-11-07,2025-12-04,2025-12-05,2026-01-01,42.3458183863618,-83.2082445872955,Warren Ave Community,Rutland St & Majestic St
882ab2cf4bfffff,2,4,Emerging Hotspot,2,100.0,7.0,ALL,Crime Type,DAMAGE TO PROPERTY,3,3,2025-11-07,2025-12-04,2025-12-05,2026-01-01,42.4155656036928,-83.2145581138045,College Park,N M 39 & W McNichols Rd
882ab2cf5dfffff,2,4,Emerging Hotspot,2,100.0,7.0,ALL,Crime Type,DAMAGE TO PROPERTY,3,3,2025-11-07,2025-12-04,2025-12-05,2026-01-01,42.4103285053167,-83.2108407677899,Crary/St Marys,Verne St & Biltmore St
882ab21b65fffff,1,3,Emerging Hotspot,2,200.0,6.0,ALL,Crime Type,DAMAGE TO PROPERTY,3,3,2025-11-07,2025-12-04,2025-12-05,2026-01-01,42.2980415063833,-83.1305684869206,Springwells,Distel St & Olivet St
882ab2c0a7fffff,1,3,Emerging Hotspot,2,200.0,6.0,ALL,Crime Type,DAMAGE TO PROPERTY,3,3,2025-11-07,2025-12-04,2025-12-05,2026-01-01,42.424372661051,-83.1412534391509,University District,Pickford St & Livernois Ave
882ab2c0bdfffff,1,3,Emerging Hotspot,2,200.0,6.0,ALL,Crime Type,DAMAGE TO PROPERTY,3,3,2025-11-07,2025-12-04,2025-12-05,2026-01-01,42.4200562029354,-83.116975620587,Palmer Park,Manderson Rd & Whitmore Rd
882ab2c0d7fffff,1,3,Emerging Hotspot,2,200.0,6.0,ALL,Crime Type,DAMAGE TO PROPERTY,3,3,2025-11-07,2025-12-04,2025-12-05,2026-01-01,42.42827978006765,-83.0792650004535,Northeast Central District,E Grixdale St & Goddard St
882ab2c1d3fffff,1,3,Emerging Hotspot,2,200.0,6.0,ALL,Crime Type,DAMAGE TO PROPERTY,3,3,2025-11-07,2025-12-04,2025-12-05,2026-01-01,42.436933621782046,-83.1507772485498,Oak Grove District 2,Roselawn St & W Outer Dr
882ab2c505fffff,1,3,Emerging Hotspot,2,200.0,6.0,ALL,Crime Type,DAMAGE TO PROPERTY,3,3,2025-11-07,2025-12-04,2025-12-05,2026-01-01,42.379413120139304,-83.0847668736954,Piety Hill,Hazelwood St & 2nd Ave
882ab2c5e7fffff,1,3,Emerging Hotspot,2,200.0,6.0,ALL,Crime Type,DAMAGE TO PROPERTY,3,3,2025-11-07,2025-12-04,2025-12-05,2026-01-01,42.332745994982,-83.07147960242806,Corktown,Cochrane St & Kaline Dr
882ab2c60bfffff,1,3,Emerging Hotspot,2,200.0,6.0,ALL,Crime Type,DAMAGE TO PROPERTY,3,3,2025-11-07,2025-12-04,2025-12-05,2026-01-01,42.4071065301122,-82.9271565989737,Cornerstone Village,Guilford St & E Warren Ave
882ab2c765fffff,1,3,Emerging Hotspot,2,200.0,6.0,ALL,Crime Type,DAMAGE TO PROPERTY,3,3,2025-11-07,2025-12-04,2025-12-05,2026-01-01,42.438224642992,-83.05449732164055,Farwell,Moenart St & E Outer Dr
882ab2cc2bfffff,1,3,Emerging Hotspot,2,200.0,6.0,ALL,Crime Type,DAMAGE TO PROPERTY,3,3,2025-11-07,2025-12-04,2025-12-05,2026-01-01,42.3396077393422,-83.22680751775106,Warrendale,Warwick St & Whitlock St
882ab2ce03fffff,1,3,Emerging Hotspot,2,200.0,6.0,ALL,Crime Type,DAMAGE TO PROPERTY,3,3,2025-11-07,2025-12-04,2025-12-05,2026-01-01,42.379105225082654,-83.15271318325955,Littlefield Community,Cherrylawn St & W Buena Vista St
882ab2ce2bfffff,1,3,Emerging Hotspot,2,200.0,6.0,ALL,Crime Type,DAMAGE TO PROPERTY,3,3,2025-11-07,2025-12-04,2025-12-05,2026-01-01,42.3832082862042,-83.1757081426057,Grand River-I96,Grand River Ave & Lesure St
882ab2cecdfffff,1,3,Emerging Hotspot,2,200.0,6.0,ALL,Crime Type,DAMAGE TO PROPERTY,3,3,2025-11-07,2025-12-04,2025-12-05,2026-01-01,42.36199517026705,-83.12061730439075,Petoskey-Otsego,Dumbarton Ave & Gladstone St
882ab2cf45fffff,1,3,Emerging Hotspot,2,200.0,6.0,ALL,Crime Type,DAMAGE TO PROPERTY,3,3,2025-11-07,2025-12-04,2025-12-05,2026-01-01,42.419387568202254,-83.2383766583946,Evergreen-Outer Drive,Santa Maria St & Heyden St
882ab2c43dfffff,2,3,Emerging Hotspot,1,50.0,4.5,ALL,Crime Type,DAMAGE TO PROPERTY,3,3,2025-11-07,2025-12-04,2025-12-05,2026-01-01,42.354372393915,-83.0063893655434,Islandview,Agnes St & E Grand Blvd
882ab2c52bfffff,2,3,Emerging Hotspot,1,50.0,4.5,ALL,Crime Type,DAMAGE TO PROPERTY,3,3,2025-11-07,2025-12-04,2025-12-05,2026-01-01,42.3739808566136,-83.0944508510725,Virginia Park Community,Rosa Parks Blvd & W Euclid St
882ab2c63dfffff,2,3,Emerging Hotspot,1,50.0,4.5,ALL,Crime Type,DAMAGE TO PROPERTY,3,3,2025-11-07,2025-12-04,2025-12-05,2026-01-01,42.3981866734714,-82.9558389011593,Chandler Park-Chalmers,Lakepointe St & E Warren Ave
882ab2c669fffff,2,3,Emerging Hotspot,1,50.0,4.5,ALL,Crime Type,DAMAGE TO PROPERTY,3,3,2025-11-07,2025-12-04,2025-12-05,2026-01-01,42.4331934041443,-82.9549172238386,Mapleridge,Kelly Rd & Linnhurst St
882ab2cc65fffff,2,3,Emerging Hotspot,1,50.0,4.5,ALL,Crime Type,DAMAGE TO PROPERTY,3,3,2025-11-07,2025-12-04,2025-12-05,2026-01-01,42.36292124299095,-83.238484125039,Franklin Park,W Chicago St & Heyden St
882ab2cd49fffff,2,3,Emerging Hotspot,1,50.0,4.5,ALL,Crime Type,DAMAGE TO PROPERTY,3,3,2025-11-07,2025-12-04,2025-12-05,2026-01-01,42.3810030180834,-83.2721412434479,Castle Rouge,Appleton St & Glendale St
882ab2ceebfffff,2,3,Emerging Hotspot,1,50.0,4.5,ALL,Crime Type,DAMAGE TO PROPERTY,3,3,2025-11-07,2025-12-04,2025-12-05,2026-01-01,42.351688005481904,-83.1367079993483,Midwest,Wetherby St & Tireman St
882ab2cf11fffff,2,3,Emerging Hotspot,1,50.0,4.5,ALL,Crime Type,DAMAGE TO PROPERTY,3,3,2025-11-07,2025-12-04,2025-12-05,2026-01-01,42.3821204035815,-83.2148414666302,Schoolcraft Southfield,Rutland St & Glendale St
882ab2cf33fffff,2,3,Emerging Hotspot,1,50.0,4.5,ALL,Crime Type,DAMAGE TO PROPERTY,3,3,2025-11-07,2025-12-04,2025-12-05,2026-01-01,42.37187235244575,-83.2412209572612,Franklin Park,Plymouth Rd & Fielding St
882ab2d591fffff,2,3,Emerging Hotspot,1,50.0,4.5,ALL,Crime Type,DAMAGE TO PROPERTY,3,3,2025-11-07,2025-12-04,2025-12-05,2026-01-01,42.4474714071389,-82.9512884625627,Regent Park,Fairmount Dr & Cordell St
882ab2c5c7fffff,14,16,Persistent Hotspot,2,14.29,24.6,ALL,Crime Type,DAMAGE TO PROPERTY,3,3,2025-11-07,2025-12-04,2025-12-05,2026-01-01,42.3340146833249,-83.0431303273926,Greektown,Beaubien St & E Lafayette St
882ab2c53bfffff,3,6,Persistent Hotspot,3,100.0,12.6,ALL,Crime Type,DAMAGE TO PROPERTY,3,3,2025-11-07,2025-12-04,2025-12-05,2026-01-01,42.3546909528293,-83.0731579493817,Wayne State,Anthony Wayne Dr & 3rd St
882ab2c517fffff,5,7,Persistent Hotspot,2,40.0,12.45,ALL,Crime Type,DAMAGE TO PROPERTY,3,3,2025-11-07,2025-12-04,2025-12-05,2026-01-01,42.3547448078777,-83.0636943175046,Midtown,W Hancock St & Woodward Ave
882ab2c1b7fffff,4,6,Persistent Hotspot,2,50.0,11.1,ALL,Crime Type,DAMAGE TO PROPERTY,3,3,2025-11-07,2025-12-04,2025-12-05,2026-01-01,42.415851144836296,-83.20139796128575,Crary/St Marys,Greenfield Rd & Verne St
882ab2c62bfffff,4,6,Persistent Hotspot,2,50.0,11.1,ALL,Crime Type,DAMAGE TO PROPERTY,3,3,2025-11-07,2025-12-04,2025-12-05,2026-01-01,42.4065719044079,-82.9643445990192,Outer Drive-Hayes,Chalmers St & Kent St
882ab2c58dfffff,8,7,Persistent Hotspot,-1,-12.5,9.45,ALL,Crime Type,DAMAGE TO PROPERTY,3,3,2025-11-07,2025-12-04,2025-12-05,2026-01-01,42.3325162414365,-83.0493954373665,Downtown,John R St & Woodward Ave
882ab2c5e3fffff,8,7,Persistent Hotspot,-1,-12.5,9.45,ALL,Crime Type,DAMAGE TO PROPERTY,3,3,2025-11-07,2025-12-04,2025-12-05,2026-01-01,42.3323027840917,-83.057812497388,Downtown,Bagley St & 3rd St
882ab2c1b9fffff,3,4,Persistent Hotspot,1,33.33,6.9,ALL,Crime Type,DAMAGE TO PROPERTY,3,3,2025-11-07,2025-12-04,2025-12-05,2026-01-01,42.4273222133839,-83.18755904420081,Winship,Margareta St & Mark Twain St
882ab2cc67fffff,3,4,Persistent Hotspot,1,33.33,6.9,ALL,Crime Type,DAMAGE TO PROPERTY,3,3,2025-11-07,2025-12-04,2025-12-05,2026-01-01,42.35570902059675,-83.2347281579616,Warrendale,Evergreen Rd & Joy Rd
882ab2ce41fffff,3,4,Persistent Hotspot,1,33.33,6.9,ALL,Crime Type,DAMAGE TO PROPERTY,3,3,2025-11-07,2025-12-04,2025-12-05,2026-01-01,42.4075473870695,-83.1461042788721,Fitzgerald/Marygrove,Monica St & Keeler Ave
882ab2ce51fffff,6,5,Persistent Hotspot,-1,-16.67,6.75,ALL,Crime Type,DAMAGE TO PROPERTY,3,3,2025-11-07,2025-12-04,2025-12-05,2026-01-01,42.3909329578329,-83.1254968552373,Dexter-Linwood,Dexter Ave & Waverly
882ab2c5c3fffff,4,4,Persistent Hotspot,0,0.0,5.4,ALL,Crime Type,DAMAGE TO PROPERTY,3,3,2025-11-07,2025-12-04,2025-12-05,2026-01-01,42.3364259425427,-83.0292011368974,Lafayette Park,Saint Aubin St & E Larned St
882ab2c605fffff,4,4,Persistent Hotspot,0,0.0,5.4,ALL,Crime Type,DAMAGE TO PROPERTY,3,3,2025-11-07,2025-12-04,2025-12-05,2026-01-01,42.41182849365295,-82.9542600506487,Outer Drive-Hayes,Beaconsfield St & Courville St
882ab2c625fffff,4,4,Persistent Hotspot,0,0.0,5.4,ALL,Crime Type,DAMAGE TO PROPERTY,3,3,2025-11-07,2025-12-04,2025-12-05,2026-01-01,42.4093221818329,-82.9841299069008,Wade,Roseberry St & Longview St
882ab2ce69fffff,4,4,Persistent Hotspot,0,0.0,5.4,ALL,Crime Type,DAMAGE TO PROPERTY,3,3,2025-11-07,2025-12-04,2025-12-05,2026-01-01,42.41199469544685,-83.1698402050922,Fitzgerald/Marygrove,Florence St & Mendota St
882ab2ce6dfffff,9,4,Persistent Hotspot,-5,-55.56,5.4,ALL,Crime Type,DAMAGE TO PROPERTY,3,3,2025-11-07,2025-12-04,2025-12-05,2026-01-01,42.4118076305669,-83.1797983731317,Harmony Village,Schaefer Hwy & W McNichols Rd
882ab2cf3bfffff,4,4,Persistent Hotspot,0,0.0,5.4,ALL,Crime Type,DAMAGE TO PROPERTY,3,3,2025-11-07,2025-12-04,2025-12-05,2026-01-01,42.376364941419,-83.236396034023,Weatherby,Capitol St & Plainview Ave
882ab2cf6bfffff,7,4,Persistent Hotspot,-3,-42.86,5.4,ALL,Crime Type,DAMAGE TO PROPERTY,3,3,2025-11-07,2025-12-04,2025-12-05,2026-01-01,42.41156466965455,-83.244250479248,Holcomb Community,Grand River Ave & Patton St
882ab2d5b5fffff,7,4,Persistent Hotspot,-3,-42.86,5.4,ALL,Crime Type,DAMAGE TO PROPERTY,3,3,2025-11-07,2025-12-04,2025-12-05,2026-01-01,42.4456739782067,-82.9916402776304,Conner Creek,Fairport St & Bringard Dr
882ab2c0d1fffff,3,3,Persistent Hotspot,0,0.0,4.05,ALL,Crime Type,DAMAGE TO PROPERTY,3,3,2025-11-07,2025-12-04,2025-12-05,2026-01-01,42.4355909483518,-83.0735405934336,Pershing,Charest St & E Lantz St
882ab2c0d5fffff,3,3,Persistent Hotspot,0,0.0,4.05,ALL,Crime Type,DAMAGE TO PROPERTY,3,3,2025-11-07,2025-12-04,2025-12-05,2026-01-01,42.4353407920037,-83.08535721004054,Nolan,Riopelle St & Emery St
882ab2c507fffff,5,3,Persistent Hotspot,-2,-40.0,4.05,ALL,Crime Type,DAMAGE TO PROPERTY,3,3,2025-11-07,2025-12-04,2025-12-05,2026-01-01,42.3697335528948,-83.08170174424,Virginia Park Community,W Grand Blvd & Lincoln St
882ab2c525fffff,3,3,Persistent Hotspot,0,0.0,4.05,ALL,Crime Type,DAMAGE TO PROPERTY,3,3,2025-11-07,2025-12-04,2025-12-05,2026-01-01,42.377040420023,-83.1174128378397,Dexter-Linwood,Dexter Ave & Collingwood St
882ab2c5e1fffff,5,3,Persistent Hotspot,-2,-40.0,4.05,ALL,Crime Type,DAMAGE TO PROPERTY,3,3,2025-11-07,2025-12-04,2025-12-05,2026-01-01,42.3394921948913,-83.0664991055863,Midtown,Grand River Ave & S M 10
882ab2c5e9fffff,8,3,Persistent Hotspot,-5,-62.5,4.05,ALL,Crime Type,DAMAGE TO PROPERTY,3,3,2025-11-07,2025-12-04,2025-12-05,2026-01-01,42.346487742123,-83.0580336249676,Midtown,Eliot St & Woodward Ave
882ab2c5ebfffff,4,3,Persistent Hotspot,-1,-25.0,4.05,ALL,Crime Type,DAMAGE TO PROPERTY,3,3,2025-11-07,2025-12-04,2025-12-05,2026-01-01,42.3369889568907,-83.0517817737465,Downtown,Woodward Ave & E Adams Ave
882ab2c5edfffff,7,3,Persistent Hotspot,-4,-57.14,4.05,ALL,Crime Type,DAMAGE TO PROPERTY,3,3,2025-11-07,2025-12-04,2025-12-05,2026-01-01,42.3487242716004,-83.0687031319813,Midtown,W Alexandrine St & 2nd Ave
882ab2c603fffff,4,3,Persistent Hotspot,-1,-25.0,4.05,ALL,Crime Type,DAMAGE TO PROPERTY,3,3,2025-11-07,2025-12-04,2025-12-05,2026-01-01,42.4029894505433,-82.9399556381637,Morningside,Audubon Rd & E Warren Ave
882ab2c639fffff,5,3,Persistent Hotspot,-2,-40.0,4.05,ALL,Crime Type,DAMAGE TO PROPERTY,3,3,2025-11-07,2025-12-04,2025-12-05,2026-01-01,42.396523205589645,-82.94466548995295,Morningside,E Warren Ave & Berkshire St
882ab2c66bfffff,8,3,Persistent Hotspot,-5,-62.5,4.05,ALL,Crime Type,DAMAGE TO PROPERTY,3,3,2025-11-07,2025-12-04,2025-12-05,2026-01-01,42.42632688143855,-82.9499411616721,Moross-Morang,Lakepointe St & Morang Dr
882ab2cc69fffff,4,3,Persistent Hotspot,-1,-25.0,4.05,ALL,Crime Type,DAMAGE TO PROPERTY,3,3,2025-11-07,2025-12-04,2025-12-05,2026-01-01,42.3673550176978,-83.22027784620084,Franklin Park,Weaver St & Rosemont Ave
882ab2ce0bfffff,5,3,Persistent Hotspot,-2,-40.0,4.05,ALL,Crime Type,DAMAGE TO PROPERTY,3,3,2025-11-07,2025-12-04,2025-12-05,2026-01-01,42.3864830288736,-83.14163828555306,Oakman Blvd Community,Ewald Cir & W Davison St
882ab2ce4dfffff,5,3,Persistent Hotspot,-2,-40.0,4.05,ALL,Crime Type,DAMAGE TO PROPERTY,3,3,2025-11-07,2025-12-04,2025-12-05,2026-01-01,42.41713248022035,-83.1491035149803,Bagley,San Juan Dr & W McNichols Rd
882ab2ce57fffff,4,3,Persistent Hotspot,-1,-25.0,4.05,ALL,Crime Type,DAMAGE TO PROPERTY,3,3,2025-11-07,2025-12-04,2025-12-05,2026-01-01,42.3859734201848,-83.1339608753184,Russell Woods,Petoskey Ave & W Davison St
882ab2ce65fffff,4,3,Persistent Hotspot,-1,-25.0,4.05,ALL,Crime Type,DAMAGE TO PROPERTY,3,3,2025-11-07,2025-12-04,2025-12-05,2026-01-01,42.4071639391402,-83.1877625171532,Bethune Community,Puritan St & Hubbell St
882ab2cf49fffff,3,3,Persistent Hotspot,0,0.0,4.05,ALL,Crime Type,DAMAGE TO PROPERTY,3,3,2025-11-07,2025-12-04,2025-12-05,2026-01-01,42.4248549880698,-83.2179256175138,College Park,Margareta St & Lindsay St
882ab2c0a5fffff,4,2,Declining Hotspot,-2,-50.0,2.0,ALL,Crime Type,DAMAGE TO PROPERTY,3,3,2025-11-07,2025-12-04,2025-12-05,2026-01-01,42.4296303142821,-83.1435817768685,Bagley,Livernois Ave & W 7 Mile Rd
882ab2c0ddfffff,4,2,Declining Hotspot,-2,-50.0,2.0,ALL,Crime Type,DAMAGE TO PROPERTY,3,3,2025-11-07,2025-12-04,2025-12-05,2026-01-01,42.4425478145773,-83.0763451898483,Butler,Harned St & E Outer Dr
882ab2c193fffff,3,2,Declining Hotspot,-1,-33.33,2.0,ALL,Crime Type,DAMAGE TO PROPERTY,3,3,2025-11-07,2025-12-04,2025-12-05,2026-01-01,42.4169437403662,-83.1603122492298,Schulze,W McNichols Rd & Wyoming St
882ab2c1a3fffff,3,2,Declining Hotspot,-1,-33.33,2.0,ALL,Crime Type,DAMAGE TO PROPERTY,3,3,2025-11-07,2025-12-04,2025-12-05,2026-01-01,42.4302920458498,-83.2117228159554,Greenfield,Oakfield St & W 7 Mile Rd
882ab2c1a7fffff,3,2,Declining Hotspot,-1,-33.33,2.0,ALL,Crime Type,DAMAGE TO PROPERTY,3,3,2025-11-07,2025-12-04,2025-12-05,2026-01-01,42.4335387451581,-83.2204958980592,O'Hair Park,Fenmore St & W 7 Mile Rd
882ab2c511fffff,3,2,Declining Hotspot,-1,-33.33,2.0,ALL,Crime Type,DAMAGE TO PROPERTY,3,3,2025-11-07,2025-12-04,2025-12-05,2026-01-01,42.3601854216103,-83.0590853182331,Medical Center,Brush St & E Warren Ave
882ab2c5c1fffff,4,2,Declining Hotspot,-2,-50.0,2.0,ALL,Crime Type,DAMAGE TO PROPERTY,3,3,2025-11-07,2025-12-04,2025-12-05,2026-01-01,42.3423666128366,-83.0379321607677,Lafayette Park,Pembridge Pl & Saint Aubin St
882ab2c5c5fffff,3,2,Declining Hotspot,-1,-33.33,2.0,ALL,Crime Type,DAMAGE TO PROPERTY,3,3,2025-11-07,2025-12-04,2025-12-05,2026-01-01,42.3446515628921,-83.0509682419891,Brush Park,Alfred St & Brush St
882ab2c607fffff,4,2,Declining Hotspot,-2,-50.0,2.0,ALL,Crime Type,DAMAGE TO PROPERTY,3,3,2025-11-07,2025-12-04,2025-12-05,2026-01-01,42.4027898337408,-82.94904862188,Morningside,Southampton St & Somerset Ave
882ab2c60dfffff,5,2,Declining Hotspot,-3,-60.0,2.0,ALL,Crime Type,DAMAGE TO PROPERTY,3,3,2025-11-07,2025-12-04,2025-12-05,2026-01-01,42.4197410360825,-82.9462573545625,Yorkshire Woods,Nottingham Rd & Britain St
882ab2c61dfffff,5,2,Declining Hotspot,-3,-60.0,2.0,ALL,Crime Type,DAMAGE TO PROPERTY,3,3,2025-11-07,2025-12-04,2025-12-05,2026-01-01,42.4013216575509,-82.9277006185038,East English Village,Harvard Rd & Waveney St
882ab2c62dfffff,5,2,Declining Hotspot,-3,-60.0,2.0,ALL,Crime Type,DAMAGE TO PROPERTY,3,3,2025-11-07,2025-12-04,2025-12-05,2026-01-01,42.4139943645256,-82.97652654591519,Eden Gardens,Rosemary Ave & Coplin St
882ab2c647fffff,5,2,Declining Hotspot,-3,-60.0,2.0,ALL,Crime Type,DAMAGE TO PROPERTY,3,3,2025-11-07,2025-12-04,2025-12-05,2026-01-01,42.4244778056882,-82.9407430774162,Moross-Morang,Casino St & Somerset Ave
882ab2c70dfffff,3,2,Declining Hotspot,-1,-33.33,2.0,ALL,Crime Type,DAMAGE TO PROPERTY,3,3,2025-11-07,2025-12-04,2025-12-05,2026-01-01,42.4310682433344,-83.0274669652189,Grant,E Robinwood St & Packard St
882ab2cab1fffff,3,2,Declining Hotspot,-1,-33.33,2.0,ALL,Crime Type,DAMAGE TO PROPERTY,3,3,2025-11-07,2025-12-04,2025-12-05,2026-01-01,42.4290006373133,-83.2777700530693,Five Points,Woodbine St & W 7 Mile Rd
882ab2ce47fffff,3,2,Declining Hotspot,-1,-33.33,2.0,ALL,Crime Type,DAMAGE TO PROPERTY,3,3,2025-11-07,2025-12-04,2025-12-05,2026-01-01,42.4010902320439,-83.1543166634489,Chalfonte,Cherrylawn St & Eaton St
882ab2ce49fffff,3,2,Declining Hotspot,-1,-33.33,2.0,ALL,Crime Type,DAMAGE TO PROPERTY,3,3,2025-11-07,2025-12-04,2025-12-05,2026-01-01,42.41475945047815,-83.1417270778599,Fitzgerald/Marygrove,Stoepel St & Florence St
882ab2ceb3fffff,4,2,Declining Hotspot,-2,-50.0,2.0,ALL,Crime Type,DAMAGE TO PROPERTY,3,3,2025-11-07,2025-12-04,2025-12-05,2026-01-01,42.3081881366621,-83.1341508430561,Springwells,W Vernor Hwy & Cabot St
882ab2cf27fffff,3,2,Declining Hotspot,-1,-33.33,2.0,ALL,Crime Type,DAMAGE TO PROPERTY,3,3,2025-11-07,2025-12-04,2025-12-05,2026-01-01,42.3880664803802,-83.2733932026018,Eliza Howell,Riverview St & Dale St
882ab2cf51fffff,3,2,Declining Hotspot,-1,-33.33,2.0,ALL,Crime Type,DAMAGE TO PROPERTY,3,3,2025-11-07,2025-12-04,2025-12-05,2026-01-01,42.4030666206595,-83.2074096504793,Crary/St Marys,Keeler St & Ferguson St
882ab2cf6dfffff,3,2,Declining Hotspot,-1,-33.33,2.0,ALL,Crime Type,DAMAGE TO PROPERTY,3,3,2025-11-07,2025-12-04,2025-12-05,2026-01-01,42.4218922142559,-83.2581934597824,Old Redford,Lahser Rd & Glenco St
882ab2c0d3fffff,4,1,Declining Hotspot,-3,-75.0,1.0,ALL,Crime Type,DAMAGE TO PROPERTY,3,3,2025-11-07,2025-12-04,2025-12-05,2026-01-01,42.4258382422936,-83.0685993556559,Northeast Central District,Conant St & E Nevada St
882ab2c1a1fffff,3,1,Declining Hotspot,-2,-66.67,1.0,ALL,Crime Type,DAMAGE TO PROPERTY,3,3,2025-11-07,2025-12-04,2025-12-05,2026-01-01,42.4391166911026,-83.2147547019169,Greenfield,Pembroke Ave & Lindsay St
882ab2c1bdfffff,5,1,Declining Hotspot,-4,-80.0,1.0,ALL,Crime Type,DAMAGE TO PROPERTY,3,3,2025-11-07,2025-12-04,2025-12-05,2026-01-01,42.430408907993,-83.1997223474086,San Bernardo,Prest St & W 7 Mile Rd
882ab2c1d7fffff,4,1,Declining Hotspot,-3,-75.0,1.0,ALL,Crime Type,DAMAGE TO PROPERTY,3,3,2025-11-07,2025-12-04,2025-12-05,2026-01-01,42.4408096985575,-83.1610973329709,Garden Homes,Indiana St & Chippewa St
882ab2c405fffff,4,1,Declining Hotspot,-3,-75.0,1.0,ALL,Crime Type,DAMAGE TO PROPERTY,3,3,2025-11-07,2025-12-04,2025-12-05,2026-01-01,42.3677681937205,-83.0051233507447,Gratiot-Grand,Baldwin St & Goethe Ave
882ab2c445fffff,3,1,Declining Hotspot,-2,-66.67,1.0,ALL,Crime Type,DAMAGE TO PROPERTY,3,3,2025-11-07,2025-12-04,2025-12-05,2026-01-01,42.3894385794633,-82.9938130769084,West End,Hurlbut St & Shoemaker St
882ab2c469fffff,3,1,Declining Hotspot,-2,-66.67,1.0,ALL,Crime Type,DAMAGE TO PROPERTY,3,3,2025-11-07,2025-12-04,2025-12-05,2026-01-01,42.3905071517812,-83.0051484833408,West End,Pennsylvania St & Shoemaker St
882ab2c503fffff,3,1,Declining Hotspot,-2,-66.67,1.0,ALL,Crime Type,DAMAGE TO PROPERTY,3,3,2025-11-07,2025-12-04,2025-12-05,2026-01-01,42.3690367401692,-83.0721031760376,Milwaukee Junction,Piquette St & Brush St
882ab2c527fffff,6,1,Declining Hotspot,-5,-83.33,1.0,ALL,Crime Type,DAMAGE TO PROPERTY,3,3,2025-11-07,2025-12-04,2025-12-05,2026-01-01,42.3687090022666,-83.1138186796188,Jamison,Atkinson St & Dexter Ave
882ab2c535fffff,3,1,Declining Hotspot,-2,-66.67,1.0,ALL,Crime Type,DAMAGE TO PROPERTY,3,3,2025-11-07,2025-12-04,2025-12-05,2026-01-01,42.3603122330898,-83.0999457306279,NW Goldberg,Linwood St & W Grand Blvd
882ab2c567fffff,3,1,Declining Hotspot,-2,-66.67,1.0,ALL,Crime Type,DAMAGE TO PROPERTY,3,3,2025-11-07,2025-12-04,2025-12-05,2026-01-01,42.38823565823665,-83.10464187753101,Dexter-Linwood,Woodrow Wilson St & Elmhurst St
882ab2c601fffff,7,1,Declining Hotspot,-6,-85.71,1.0,ALL,Crime Type,DAMAGE TO PROPERTY,3,3,2025-11-07,2025-12-04,2025-12-05,2026-01-01,42.4101998614238,-82.9421318183079,Morningside,Chandler Park Dr & Yorkshire Rd
882ab2c627fffff,4,1,Declining Hotspot,-3,-75.0,1.0,ALL,Crime Type,DAMAGE TO PROPERTY,3,3,2025-11-07,2025-12-04,2025-12-05,2026-01-01,42.400216790199,-82.9821529906713,Ravendale,Harper Ave & Norcross St
882ab2c745fffff,4,1,Declining Hotspot,-3,-75.0,1.0,ALL,Crime Type,DAMAGE TO PROPERTY,3,3,2025-11-07,2025-12-04,2025-12-05,2026-01-01,42.4436061204028,-83.0246669703729,Sherwood,Milbank St & Spencer St
882ab2cab7fffff,4,1,Declining Hotspot,-3,-75.0,1.0,ALL,Crime Type,DAMAGE TO PROPERTY,3,3,2025-11-07,2025-12-04,2025-12-05,2026-01-01,42.4286454981274,-83.2814705315058,Five Points,Grand River Ave & Woodbine St
882ab2cc41fffff,3,1,Declining Hotspot,-2,-66.67,1.0,ALL,Crime Type,DAMAGE TO PROPERTY,3,3,2025-11-07,2025-12-04,2025-12-05,2026-01-01,42.3634942640829,-83.197222222757,Joy Community,Greenfield Rd & W Chicago St
882ab2cc5dfffff,4,1,Declining Hotspot,-3,-75.0,1.0,ALL,Crime Type,DAMAGE TO PROPERTY,3,3,2025-11-07,2025-12-04,2025-12-05,2026-01-01,42.3536888078032,-83.1784750395891,Joy-Schaefer,Belton St & Carlin St
882ab2cd5bfffff,3,1,Declining Hotspot,-2,-66.67,1.0,ALL,Crime Type,DAMAGE TO PROPERTY,3,3,2025-11-07,2025-12-04,2025-12-05,2026-01-01,42.3555181567115,-83.2443358607145,Warrendale,Dover St & Braile St
882ab2ce01fffff,3,1,Declining Hotspot,-2,-66.67,1.0,ALL,Crime Type,DAMAGE TO PROPERTY,3,3,2025-11-07,2025-12-04,2025-12-05,2026-01-01,42.3861909178708,-83.1560059011736,Davison-Schoolcraft,W Davison St & Kentucky St
882ab2ce07fffff,4,1,Declining Hotspot,-3,-75.0,1.0,ALL,Crime Type,DAMAGE TO PROPERTY,3,3,2025-11-07,2025-12-04,2025-12-05,2026-01-01,42.3805794690386,-83.16476764865536,Grand River-I96,Grand River Ave & Griggs St
882ab2ce45fffff,7,1,Declining Hotspot,-6,-85.71,1.0,ALL,Crime Type,DAMAGE TO PROPERTY,3,3,2025-11-07,2025-12-04,2025-12-05,2026-01-01,42.40973788804895,-83.1573322674889,Fitzgerald/Marygrove,Puritan St & Northlawn St
882ab2ce59fffff,5,1,Declining Hotspot,-4,-80.0,1.0,ALL,Crime Type,DAMAGE TO PROPERTY,3,3,2025-11-07,2025-12-04,2025-12-05,2026-01-01,42.3957041475136,-83.119676552736,Oakman Blvd Community,W Grand St & La Salle Blvd
882ab2cf53fffff,3,1,Declining Hotspot,-2,-66.67,1.0,ALL,Crime Type,DAMAGE TO PROPERTY,3,3,2025-11-07,2025-12-04,2025-12-05,2026-01-01,42.393900927103,-83.2015047170285,Greenfield-Grand River,Acacia St & Forrer St
882ab2c40dfffff,3,0,Declining Hotspot,-3,-100.0,0.0,ALL,Crime Type,DAMAGE TO PROPERTY,3,3,2025-11-07,2025-12-04,2025-12-05,2026-01-01,42.3742063007064,-83.002160981547,Gratiot Woods,Burns St & E Canfield St
882ab2c431fffff,3,0,Declining Hotspot,-3,-100.0,0.0,ALL,Crime Type,DAMAGE TO PROPERTY,3,3,2025-11-07,2025-12-04,2025-12-05,2026-01-01,42.345732473251,-83.00686044990775,Islandview,E Congress St & Meldrum St
882ab2c467fffff,3,0,Declining Hotspot,-3,-100.0,0.0,ALL,Crime Type,DAMAGE TO PROPERTY,3,3,2025-11-07,2025-12-04,2025-12-05,2026-01-01,42.3771625225263,-83.01920083687375,Gratiot Town/Kettering,Field St & E Kirby St
882ab2c529fffff,4,0,Declining Hotspot,-4,-100.0,0.0,ALL,Crime Type,DAMAGE TO PROPERTY,3,3,2025-11-07,2025-12-04,2025-12-05,2026-01-01,42.38104713800355,-83.098032597983,Boston Edison,W Boston Blvd & N M 10 Service Drive
882ab2c585fffff,3,0,Declining Hotspot,-3,-100.0,0.0,ALL,Crime Type,DAMAGE TO PROPERTY,3,3,2025-11-07,2025-12-04,2025-12-05,2026-01-01,42.3249460395584,-83.0564648541344,West Side Industrial,6th St & Riverfront Dr
882ab2c5a9fffff,4,0,Declining Hotspot,-4,-100.0,0.0,ALL,Crime Type,DAMAGE TO PROPERTY,3,3,2025-11-07,2025-12-04,2025-12-05,2026-01-01,42.3292267813546,-83.0695293007603,Corktown,10th St & Leverette St
882ab2c5c9fffff,5,0,Declining Hotspot,-5,-100.0,0.0,ALL,Crime Type,DAMAGE TO PROPERTY,3,3,2025-11-07,2025-12-04,2025-12-05,2026-01-01,42.3502542019417,-83.0302985615252,Elmwood Park,Prince Hall Dr & Chene St
882ab2c615fffff,7,0,Declining Hotspot,-7,-100.0,0.0,ALL,Crime Type,DAMAGE TO PROPERTY,3,3,2025-11-07,2025-12-04,2025-12-05,2026-01-01,42.395077046472,-82.9367206866718,Morningside,Devonshire Rd & Bremen St
882ab2c741fffff,3,0,Declining Hotspot,-3,-100.0,0.0,ALL,Crime Type,DAMAGE TO PROPERTY,3,3,2025-11-07,2025-12-04,2025-12-05,2026-01-01,42.4389543556089,-83.0156846967228,Nortown,Yolanda St & E Outer Dr
882ab2c753fffff,4,0,Declining Hotspot,-4,-100.0,0.0,ALL,Crime Type,DAMAGE TO PROPERTY,3,3,2025-11-07,2025-12-04,2025-12-05,2026-01-01,42.41714879836,-82.98842155801265,Eden Gardens,Annsbury Ave & Wilfred St
882ab2c755fffff,3,0,Declining Hotspot,-3,-100.0,0.0,ALL,Crime Type,DAMAGE TO PROPERTY,3,3,2025-11-07,2025-12-04,2025-12-05,2026-01-01,42.4252867726769,-83.0043984036163,Von Steuben,Bradford St & Sauer St
882ab2c769fffff,3,0,Declining Hotspot,-3,-100.0,0.0,ALL,Crime Type,DAMAGE TO PROPERTY,3,3,2025-11-07,2025-12-04,2025-12-05,2026-01-01,42.4435223740964,-83.0308548055101,Sherwood,Carrie St & Milbank St
882ab2c8d9fffff,6,0,Declining Hotspot,-6,-100.0,0.0,ALL,Crime Type,DAMAGE TO PROPERTY,3,3,2025-11-07,2025-12-04,2025-12-05,2026-01-01,42.4168750262246,-83.2787157828067,The Eye,Woodbine St & Santa Maria St
882ab2cab3fffff,3,0,Declining Hotspot,-3,-100.0,0.0,ALL,Crime Type,DAMAGE TO PROPERTY,3,3,2025-11-07,2025-12-04,2025-12-05,2026-01-01,42.424486086913,-83.2738298612168,Seven Mile-Rouge,Shiawassee Dr & Margareta St
882ab2cc45fffff,6,0,Declining Hotspot,-6,-100.0,0.0,ALL,Crime Type,DAMAGE TO PROPERTY,3,3,2025-11-07,2025-12-04,2025-12-05,2026-01-01,42.365285439154,-83.2095166589743,Joy Community,Orangelawn St & Rutland St
882ab2d5bbfffff,8,0,Declining Hotspot,-8,-100.0,0.0,ALL,Crime Type,DAMAGE TO PROPERTY,3,3,2025-11-07,2025-12-04,2025-12-05,2026-01-01,42.4434084434849,-82.970791942545,Regent Park,Queen St & Rossini Dr
882ab2ceb3fffff,0,3,New Hotspot,3,,7.5,04,Crime Type,DANGEROUS DRUGS,3,3,2025-11-07,2025-12-04,2025-12-05,2026-01-01,42.3081881366621,-83.1341508430561,Springwells,W Vernor Hwy & Cabot St
882ab2cebbfffff,3,0,Declining Hotspot,-3,-100.0,0.0,04,Crime Type,DANGEROUS DRUGS,3,3,2025-11-07,2025-12-04,2025-12-05,2026-01-01,42.3128380399185,-83.12812257015175,Springwells,Carson St & Belle St
882ab2c439fffff,3,1,Declining Hotspot,-2,-66.67,1.0,07,Crime Type,DANGEROUS DRUGS,3,3,2025-11-07,2025-12-04,2025-12-05,2026-01-01,42.3519526429914,-82.9967383380492,West Village,E Jefferson Ave & Parker St
882ab2c605fffff,3,0,Declining Hotspot,-3,-100.0,0.0,09,Crime Type,DANGEROUS DRUGS,3,3,2025-11-07,2025-12-04,2025-12-05,2026-01-01,42.41182849365295,-82.9542600506487,Outer Drive-Hayes,Beaconsfield St & Courville St
882ab2c66dfffff,3,0,Declining Hotspot,-3,-100.0,0.0,09,Crime Type,DANGEROUS DRUGS,3,3,2025-11-07,2025-12-04,2025-12-05,2026-01-01,42.4361962904987,-82.9654131082091,Regent Park,Maddelein St & Crusade St
882ab2ce1bfffff,3,0,Declining Hotspot,-3,-100.0,0.0,10,Crime Type,DANGEROUS DRUGS,3,3,2025-11-07,2025-12-04,2025-12-05,2026-01-01,42.3695028400458,-83.1211175648501,Nardin Park,Joy Rd & McQuade St
882ab2ceb3fffff,0,3,New Hotspot,3,,7.5,ALL,Crime Type,DANGEROUS DRUGS,3,3,2025-11-07,2025-12-04,2025-12-05,2026-01-01,42.3081881366621,-83.1341508430561,Springwells,W Vernor Hwy & Cabot St
882ab2c439fffff,3,1,Declining Hotspot,-2,-66.67,1.0,ALL,Crime Type,DANGEROUS DRUGS,3,3,2025-11-07,2025-12-04,2025-12-05,2026-01-01,42.3519526429914,-82.9967383380492,West Village,E Jefferson Ave & Parker St
882ab2c605fffff,3,0,Declining Hotspot,-3,-100.0,0.0,ALL,Crime Type,DANGEROUS DRUGS,3,3,2025-11-07,2025-12-04,2025-12-05,2026-01-01,42.41182849365295,-82.9542600506487,Outer Drive-Hayes,Beaconsfield St & Courville St
882ab2c66dfffff,3,0,Declining Hotspot,-3,-100.0,0.0,ALL,Crime Type,DANGEROUS DRUGS,3,3,2025-11-07,2025-12-04,2025-12-05,2026-01-01,42.4361962904987,-82.9654131082091,Regent Park,Maddelein St & Crusade St
882ab2ce1bfffff,3,0,Declining Hotspot,-3,-100.0,0.0,ALL,Crime Type,DANGEROUS DRUGS,3,3,2025-11-07,2025-12-04,2025-12-05,2026-01-01,42.3695028400458,-83.1211175648501,Nardin Park,Joy Rd & McQuade St
882ab2cebbfffff,3,0,Declining Hotspot,-3,-100.0,0.0,ALL,Crime Type,DANGEROUS DRUGS,3,3,2025-11-07,2025-12-04,2025-12-05,2026-01-01,42.3128380399185,-83.12812257015175,Springwells,Carson St & Belle St
882ab2c567fffff,3,0,Declining Hotspot,-3,-100.0,0.0,10,Crime Type,FAMILY OFFENSE,3,3,2025-11-07,2025-12-04,2025-12-05,2026-01-01,42.38823565823665,-83.10464187753101,Dexter-Linwood,Woodrow Wilson St & Elmhurst St
882ab2c567fffff,3,0,Declining Hotspot,-3,-100.0,0.0,ALL,Crime Type,FAMILY OFFENSE,3,3,2025-11-07,2025-12-04,2025-12-05,2026-01-01,42.38823565823665,-83.10464187753101,Dexter-Linwood,Woodrow Wilson St & Elmhurst St
882ab2ce65fffff,2,4,Emerging Hotspot,2,100.0,7.0,02,Crime Type,FRAUD,3,3,2025-11-07,2025-12-04,2025-12-05,2026-01-01,42.4071639391402,-83.1877625171532,Bethune Community,Puritan St & Hubbell St
882ab2c1b3fffff,4,4,Persistent Hotspot,0,0.0,5.4,02,Crime Type,FRAUD,3,3,2025-11-07,2025-12-04,2025-12-05,2026-01-01,42.41434539280845,-83.19187635251706,Hubbell-Puritan,Robson St & W McNichols Rd
882ab2cc41fffff,4,2,Declining Hotspot,-2,-50.0,2.0,02,Crime Type,FRAUD,3,3,2025-11-07,2025-12-04,2025-12-05,2026-01-01,42.3634942640829,-83.197222222757,Joy Community,Greenfield Rd & W Chicago St
882ab2ce07fffff,7,2,Declining Hotspot,-5,-71.43,2.0,02,Crime Type,FRAUD,3,3,2025-11-07,2025-12-04,2025-12-05,2026-01-01,42.3805794690386,-83.16476764865536,Grand River-I96,Grand River Ave & Griggs St
882ab2ce61fffff,4,2,Declining Hotspot,-2,-50.0,2.0,02,Crime Type,FRAUD,3,3,2025-11-07,2025-12-04,2025-12-05,2026-01-01,42.4039669003558,-83.1770453257813,Bethune Community,Schaefer Hwy & Keeler Ave
882ab2cc43fffff,3,0,Declining Hotspot,-3,-100.0,0.0,02,Crime Type,FRAUD,3,3,2025-11-07,2025-12-04,2025-12-05,2026-01-01,42.3570481056041,-83.1935237234267,Fiskhorn,Prest St & Joy Rd
882ab2cc49fffff,3,0,Declining Hotspot,-3,-100.0,0.0,02,Crime Type,FRAUD,3,3,2025-11-07,2025-12-04,2025-12-05,2026-01-01,42.3704358941496,-83.1899171234106,Plymouth-Hubbell,Plymouth Rd & Strathmoor St
882ab2c589fffff,4,5,Emerging Hotspot,1,25.0,6.5,03,Crime Type,FRAUD,5,3,2025-11-07,2025-12-04,2025-12-05,2026-01-01,42.3313368677451,-83.0421009226148,Downtown,Randolph St & Cadillac Sq
882ab2c5ebfffff,4,5,Emerging Hotspot,1,25.0,6.5,03,Crime Type,FRAUD,5,3,2025-11-07,2025-12-04,2025-12-05,2026-01-01,42.3369889568907,-83.0517817737465,Downtown,Woodward Ave & E Adams Ave
882ab2c585fffff,1,3,Emerging Hotspot,2,200.0,6.0,03,Crime Type,FRAUD,5,3,2025-11-07,2025-12-04,2025-12-05,2026-01-01,42.3249460395584,-83.0564648541344,West Side Industrial,6th St & Riverfront Dr
882ab2c58dfffff,24,18,Persistent Hotspot,-6,-25.0,24.3,03,Crime Type,FRAUD,5,3,2025-11-07,2025-12-04,2025-12-05,2026-01-01,42.3325162414365,-83.0493954373665,Downtown,John R St & Woodward Ave
882ab2c517fffff,9,7,Persistent Hotspot,-2,-22.22,9.45,03,Crime Type,FRAUD,5,3,2025-11-07,2025-12-04,2025-12-05,2026-01-01,42.3547448078777,-83.0636943175046,Midtown,W Hancock St & Woodward Ave
882ab2c503fffff,6,2,Declining Hotspot,-4,-66.67,2.0,03,Crime Type,FRAUD,5,3,2025-11-07,2025-12-04,2025-12-05,2026-01-01,42.3690367401692,-83.0721031760376,Milwaukee Junction,Piquette St & Brush St
882ab2c511fffff,9,2,Declining Hotspot,-7,-77.78,2.0,03,Crime Type,FRAUD,5,3,2025-11-07,2025-12-04,2025-12-05,2026-01-01,42.3601854216103,-83.0590853182331,Medical Center,Brush St & E Warren Ave
882ab2c539fffff,8,2,Declining Hotspot,-6,-75.0,2.0,03,Crime Type,FRAUD,5,3,2025-11-07,2025-12-04,2025-12-05,2026-01-01,42.3630058836639,-83.0833861200632,Elijah McCoy,W Baltimore St & 3rd St
882ab2c5c7fffff,5,1,Declining Hotspot,-4,-80.0,1.0,03,Crime Type,FRAUD,5,3,2025-11-07,2025-12-04,2025-12-05,2026-01-01,42.3340146833249,-83.0431303273926,Greektown,Beaubien St & E Lafayette St
882ab2c5e9fffff,5,1,Declining Hotspot,-4,-80.0,1.0,03,Crime Type,FRAUD,5,3,2025-11-07,2025-12-04,2025-12-05,2026-01-01,42.346487742123,-83.0580336249676,Midtown,Eliot St & Woodward Ave
882ab2cee3fffff,0,3,New Hotspot,3,,7.5,04,Crime Type,FRAUD,3,3,2025-11-07,2025-12-04,2025-12-05,2026-01-01,42.3409545626732,-83.1423493034604,Claytown,Kirkwood St & Cecil St
882ab2ce91fffff,3,5,Persistent Hotspot,2,66.67,9.75,04,Crime Type,FRAUD,3,3,2025-11-07,2025-12-04,2025-12-05,2026-01-01,42.3159925152635,-83.10919122344384,Central Southwest,W Vernor Hwy & Infantry St
882ab2ce99fffff,6,5,Persistent Hotspot,-1,-16.67,6.75,04,Crime Type,FRAUD,3,3,2025-11-07,2025-12-04,2025-12-05,2026-01-01,42.3198301345242,-83.0971541555232,Central Southwest,W Vernor Hwy & McKinstry St
882ab2cc93fffff,3,2,Declining Hotspot,-1,-33.33,2.0,04,Crime Type,FRAUD,3,3,2025-11-07,2025-12-04,2025-12-05,2026-01-01,42.2666572840668,-83.1560066412194,Boynton,S Annabelle St & Omaha St
882ab2ce81fffff,4,2,Declining Hotspot,-2,-50.0,2.0,04,Crime Type,FRAUD,3,3,2025-11-07,2025-12-04,2025-12-05,2026-01-01,42.3330138706291,-83.128231558375,Claytown,Braden St & Michigan Ave
882ab2c60bfffff,10,15,Persistent Hotspot,5,50.0,27.75,05,Crime Type,FRAUD,3,4,2025-11-07,2025-12-04,2025-12-05,2026-01-01,42.4071065301122,-82.9271565989737,Cornerstone Village,Guilford St & E Warren Ave
882ab2c63dfffff,3,7,Persistent Hotspot,4,133.33,15.45,05,Crime Type,FRAUD,3,4,2025-11-07,2025-12-04,2025-12-05,2026-01-01,42.3981866734714,-82.9558389011593,Chandler Park-Chalmers,Lakepointe St & E Warren Ave
882ab2c651fffff,8,6,Persistent Hotspot,-2,-25.0,8.1,05,Crime Type,FRAUD,3,4,2025-11-07,2025-12-04,2025-12-05,2026-01-01,42.4146481955432,-82.9127833510084,Cornerstone Village,Mack Ave & Calvin Ave
882ab2c631fffff,7,4,Persistent Hotspot,-3,-42.86,5.4,05,Crime Type,FRAUD,3,4,2025-11-07,2025-12-04,2025-12-05,2026-01-01,42.3869708078483,-82.9497958908939,Fox Creek,Mack Ave & Manistique St
882ab2c657fffff,7,4,Persistent Hotspot,-3,-42.86,5.4,05,Crime Type,FRAUD,3,4,2025-11-07,2025-12-04,2025-12-05,2026-01-01,42.4083309050742,-82.9203776544084,Cornerstone Village,E Warren Ave & Lodewyck St
882ab2c603fffff,3,0,Declining Hotspot,-3,-100.0,0.0,05,Crime Type,FRAUD,3,4,2025-11-07,2025-12-04,2025-12-05,2026-01-01,42.4029894505433,-82.9399556381637,Morningside,Audubon Rd & E Warren Ave
882ab2c61dfffff,3,0,Declining Hotspot,-3,-100.0,0.0,05,Crime Type,FRAUD,3,4,2025-11-07,2025-12-04,2025-12-05,2026-01-01,42.4013216575509,-82.9277006185038,East English Village,Harvard Rd & Waveney St
882ab2c639fffff,3,0,Declining Hotspot,-3,-100.0,0.0,05,Crime Type,FRAUD,3,4,2025-11-07,2025-12-04,2025-12-05,2026-01-01,42.396523205589645,-82.94466548995295,Morningside,E Warren Ave & Berkshire St
882ab2cc61fffff,1,3,Emerging Hotspot,2,200.0,6.0,06,Crime Type,FRAUD,3,3,2025-11-07,2025-12-04,2025-12-05,2026-01-01,42.3611596478804,-83.226246313219,Franklin Park,Artesian St & Joy Rd
882ab2cc6bfffff,1,3,Emerging Hotspot,2,200.0,6.0,06,Crime Type,FRAUD,3,3,2025-11-07,2025-12-04,2025-12-05,2026-01-01,42.3578434353762,-83.2168902458939,Franklin Park,Joy Rd & S M 39 Service Drive
882ab2cc6dfffff,3,5,Persistent Hotspot,2,66.67,9.75,06,Crime Type,FRAUD,3,3,2025-11-07,2025-12-04,2025-12-05,2026-01-01,42.3695246359902,-83.232456191969,Franklin Park,Orangelawn St & Warwick St
882ab2c5c1fffff,0,3,New Hotspot,3,,7.5,07,Crime Type,FRAUD,3,3,2025-11-07,2025-12-04,2025-12-05,2026-01-01,42.3423666128366,-83.0379321607677,Lafayette Park,Pembridge Pl & Saint Aubin St
882ab2c5cbfffff,2,9,Emerging Hotspot,7,350.0,19.5,07,Crime Type,FRAUD,3,3,2025-11-07,2025-12-04,2025-12-05,2026-01-01,42.3410176915525,-83.023266509099,Elmwood Park,E Jefferson Ave & Chene St
882ab2c437fffff,3,2,Declining Hotspot,-1,-33.33,2.0,07,Crime Type,FRAUD,3,3,2025-11-07,2025-12-04,2025-12-05,2026-01-01,42.34172506144085,-83.0145488213913,Rivertown,E Larned St & McDougall St
882ab2c5c3fffff,4,0,Declining Hotspot,-4,-100.0,0.0,07,Crime Type,FRAUD,3,3,2025-11-07,2025-12-04,2025-12-05,2026-01-01,42.3364259425427,-83.0292011368974,Lafayette Park,Saint Aubin St & E Larned St
882ab2c1a9fffff,0,3,New Hotspot,3,,7.5,08,Crime Type,FRAUD,3,3,2025-11-07,2025-12-04,2025-12-05,2026-01-01,42.4439467189446,-83.2046128673194,Greenfield,Motor Dr & N M 10
882ab2cf09fffff,4,9,Persistent Hotspot,5,125.0,19.65,08,Crime Type,FRAUD,3,3,2025-11-07,2025-12-04,2025-12-05,2026-01-01,42.4039882458279,-83.2259135822917,Rosedale Park,Grand River Ave & Glastonbury Ave
882ab2cf53fffff,3,5,Persistent Hotspot,2,66.67,9.75,08,Crime Type,FRAUD,3,3,2025-11-07,2025-12-04,2025-12-05,2026-01-01,42.393900927103,-83.2015047170285,Greenfield-Grand River,Acacia St & Forrer St
882ab2cf61fffff,8,6,Persistent Hotspot,-2,-25.0,8.1,08,Crime Type,FRAUD,3,3,2025-11-07,2025-12-04,2025-12-05,2026-01-01,42.4146741898092,-83.2568507845596,Oak Grove District 1,Chapel St & W McNichols Rd
882ab2cf55fffff,7,4,Persistent Hotspot,-3,-42.86,5.4,08,Crime Type,FRAUD,3,3,2025-11-07,2025-12-04,2025-12-05,2026-01-01,42.40116095310875,-83.21831518089455,Crary/St Marys,Grand River Ave & Ashton Rd
882ab2c1abfffff,3,0,Declining Hotspot,-3,-100.0,0.0,08,Crime Type,FRAUD,3,3,2025-11-07,2025-12-04,2025-12-05,2026-01-01,42.4376042559743,-83.20252022227055,Greenfield,Mansfield St & Vassar Ave
882ab2cab3fffff,4,0,Declining Hotspot,-4,-100.0,0.0,08,Crime Type,FRAUD,3,3,2025-11-07,2025-12-04,2025-12-05,2026-01-01,42.424486086913,-83.2738298612168,Seven Mile-Rouge,Shiawassee Dr & Margareta St
882ab2cf69fffff,3,0,Declining Hotspot,-3,-100.0,0.0,08,Crime Type,FRAUD,3,3,2025-11-07,2025-12-04,2025-12-05,2026-01-01,42.4214555577434,-83.2461344447349,Holcomb Community,Orchard St & Westbrook St
882ab2c66dfffff,1,3,Emerging Hotspot,2,200.0,6.0,09,Crime Type,FRAUD,3,3,2025-11-07,2025-12-04,2025-12-05,2026-01-01,42.4361962904987,-82.9654131082091,Regent Park,Maddelein St & Crusade St
882ab2c759fffff,2,3,Emerging Hotspot,1,50.0,4.5,09,Crime Type,FRAUD,3,3,2025-11-07,2025-12-04,2025-12-05,2026-01-01,42.429528610671994,-82.98540618260719,Franklin,Pelkey St & Greiner St
882ab2c719fffff,3,2,Declining Hotspot,-1,-33.33,2.0,09,Crime Type,FRAUD,3,3,2025-11-07,2025-12-04,2025-12-05,2026-01-01,42.4085834761448,-82.9950846370677,Gratiot-Findlay,Gunston St & Gratiot Ave
882ab2d5b3fffff,4,2,Declining Hotspot,-2,-50.0,2.0,09,Crime Type,FRAUD,3,3,2025-11-07,2025-12-04,2025-12-05,2026-01-01,42.4351378710972,-82.9776864504547,Franklin,Chalmers St & E 7 Mile Rd
882ab2ce43fffff,1,6,Emerging Hotspot,5,500.0,13.5,10,Crime Type,FRAUD,3,3,2025-11-07,2025-12-04,2025-12-05,2026-01-01,42.400394113821,-83.1412289140711,Chalfonte,Chalfonte St & Stoepel St
882ab2cec9fffff,1,4,Emerging Hotspot,3,300.0,8.5,10,Crime Type,FRAUD,3,3,2025-11-07,2025-12-04,2025-12-05,2026-01-01,42.3574279101944,-83.1105133991049,Petoskey-Otsego,W I 96 Service Drive & W Grand Blvd
882ab2ce57fffff,1,3,Emerging Hotspot,2,200.0,6.0,10,Crime Type,FRAUD,3,3,2025-11-07,2025-12-04,2025-12-05,2026-01-01,42.3859734201848,-83.1339608753184,Russell Woods,Petoskey Ave & W Davison St
882ab2ce5bfffff,2,3,Emerging Hotspot,1,50.0,4.5,10,Crime Type,FRAUD,3,3,2025-11-07,2025-12-04,2025-12-05,2026-01-01,42.3886209069811,-83.1151922896919,Dexter-Linwood,Fullerton St & Linwood St
882ab2ce55fffff,14,5,Persistent Hotspot,-9,-64.29,6.75,10,Crime Type,FRAUD,3,3,2025-11-07,2025-12-04,2025-12-05,2026-01-01,42.3924332084077,-83.1397130917558,Oakman Blvd Community,Kendall St & Livernois Ave
882ab2ce51fffff,6,4,Persistent Hotspot,-2,-33.33,5.4,10,Crime Type,FRAUD,3,3,2025-11-07,2025-12-04,2025-12-05,2026-01-01,42.3909329578329,-83.1254968552373,Dexter-Linwood,Dexter Ave & Waverly
882ab2c523fffff,3,1,Declining Hotspot,-2,-66.67,1.0,10,Crime Type,FRAUD,3,3,2025-11-07,2025-12-04,2025-12-05,2026-01-01,42.366259407536,-83.10189835157205,LaSalle Gardens,14th St & W Euclid St
882ab2ce11fffff,3,1,Declining Hotspot,-2,-66.67,1.0,10,Crime Type,FRAUD,3,3,2025-11-07,2025-12-04,2025-12-05,2026-01-01,42.3701028259959,-83.1375400682051,Nardin Park,Belleterre St & Burlingame St
882ab2ce0bfffff,5,0,Declining Hotspot,-5,-100.0,0.0,10,Crime Type,FRAUD,3,3,2025-11-07,2025-12-04,2025-12-05,2026-01-01,42.3864830288736,-83.14163828555306,Oakman Blvd Community,Ewald Cir & W Davison St
882ab2c0cbfffff,1,4,Emerging Hotspot,3,300.0,8.5,11,Crime Type,FRAUD,3,3,2025-11-07,2025-12-04,2025-12-05,2026-01-01,42.4470956827514,-83.0790821427615,Butler,Fleming St & E 8 Mile Rd
882ab2c0d7fffff,1,3,Emerging Hotspot,2,200.0,6.0,11,Crime Type,FRAUD,3,3,2025-11-07,2025-12-04,2025-12-05,2026-01-01,42.42827978006765,-83.0792650004535,Northeast Central District,E Grixdale St & Goddard St
882ab2c081fffff,8,4,Persistent Hotspot,-4,-50.0,5.4,11,Crime Type,FRAUD,3,3,2025-11-07,2025-12-04,2025-12-05,2026-01-01,42.4323337518457,-83.100222924548,Nolan,Keating St & E 7 Mile Rd
882ab2c761fffff,3,3,Persistent Hotspot,0,0.0,4.05,11,Crime Type,FRAUD,3,3,2025-11-07,2025-12-04,2025-12-05,2026-01-01,42.4384549401626,-83.04371480168,Farwell,E Lantz St & Mound Rd
882ab2c747fffff,4,2,Declining Hotspot,-2,-50.0,2.0,11,Crime Type,FRAUD,3,3,2025-11-07,2025-12-04,2025-12-05,2026-01-01,42.4340962002179,-83.0209419277825,Nortown,Van Dyke St & E 7 Mile Rd
882ab2c091fffff,8,1,Declining Hotspot,-7,-87.5,1.0,11,Crime Type,FRAUD,3,3,2025-11-07,2025-12-04,2025-12-05,2026-01-01,42.4182522924941,-83.0859121149747,North Campau,Riopelle St & E McNichols Rd
882ab2c193fffff,2,3,Emerging Hotspot,1,50.0,4.5,12,Crime Type,FRAUD,3,3,2025-11-07,2025-12-04,2025-12-05,2026-01-01,42.4169437403662,-83.1603122492298,Schulze,W McNichols Rd & Wyoming St
882ab2c199fffff,7,6,Persistent Hotspot,-1,-14.29,8.1,12,Crime Type,FRAUD,3,3,2025-11-07,2025-12-04,2025-12-05,2026-01-01,42.432272052104295,-83.160486007446,Bagley,Washburn St & W 7 Mile Rd
882ab2c0adfffff,4,2,Declining Hotspot,-2,-50.0,2.0,12,Crime Type,FRAUD,3,3,2025-11-07,2025-12-04,2025-12-05,2026-01-01,42.4370310784254,-83.1416885783729,Sherwood Forest,Livernois Ave & Saint Martins Ave
882ab2c191fffff,3,1,Declining Hotspot,-2,-66.67,1.0,12,Crime Type,FRAUD,3,3,2025-11-07,2025-12-04,2025-12-05,2026-01-01,42.4242003517172,-83.1649535659357,Schulze,Margareta St & Manor St
882ab2c1a9fffff,0,3,New Hotspot,3,,7.5,ALL,Crime Type,FRAUD,3,3,2025-11-07,2025-12-04,2025-12-05,2026-01-01,42.4439467189446,-83.2046128673194,Greenfield,Motor Dr & N M 10
882ab2c5c1fffff,0,3,New Hotspot,3,,7.5,ALL,Crime Type,FRAUD,3,3,2025-11-07,2025-12-04,2025-12-05,2026-01-01,42.3423666128366,-83.0379321607677,Lafayette Park,Pembridge Pl & Saint Aubin St
882ab2c635fffff,0,3,New Hotspot,3,,7.5,ALL,Crime Type,FRAUD,3,3,2025-11-07,2025-12-04,2025-12-05,2026-01-01,42.392752502427854,-82.96421520979891,Fox Creek,Algonquin St & E Warren Ave
882ab2cee3fffff,0,3,New Hotspot,3,,7.5,ALL,Crime Type,FRAUD,3,3,2025-11-07,2025-12-04,2025-12-05,2026-01-01,42.3409545626732,-83.1423493034604,Claytown,Kirkwood St & Cecil St
882ab2c5cbfffff,2,9,Emerging Hotspot,7,350.0,19.5,ALL,Crime Type,FRAUD,3,3,2025-11-07,2025-12-04,2025-12-05,2026-01-01,42.3410176915525,-83.023266509099,Elmwood Park,E Jefferson Ave & Chene St
882ab2ce43fffff,1,6,Emerging Hotspot,5,500.0,13.5,ALL,Crime Type,FRAUD,3,3,2025-11-07,2025-12-04,2025-12-05,2026-01-01,42.400394113821,-83.1412289140711,Chalfonte,Chalfonte St & Stoepel St
882ab2cec9fffff,2,6,Emerging Hotspot,4,200.0,12.0,ALL,Crime Type,FRAUD,3,3,2025-11-07,2025-12-04,2025-12-05,2026-01-01,42.3574279101944,-83.1105133991049,Petoskey-Otsego,W I 96 Service Drive & W Grand Blvd
882ab2c0cbfffff,1,4,Emerging Hotspot,3,300.0,8.5,ALL,Crime Type,FRAUD,3,3,2025-11-07,2025-12-04,2025-12-05,2026-01-01,42.4470956827514,-83.0790821427615,Butler,Fleming St & E 8 Mile Rd
882ab2ce65fffff,2,4,Emerging Hotspot,2,100.0,7.0,ALL,Crime Type,FRAUD,3,3,2025-11-07,2025-12-04,2025-12-05,2026-01-01,42.4071639391402,-83.1877625171532,Bethune Community,Puritan St & Hubbell St
882ab2c0d7fffff,1,3,Emerging Hotspot,2,200.0,6.0,ALL,Crime Type,FRAUD,3,3,2025-11-07,2025-12-04,2025-12-05,2026-01-01,42.42827978006765,-83.0792650004535,Northeast Central District,E Grixdale St & Goddard St
882ab2c585fffff,1,3,Emerging Hotspot,2,200.0,6.0,ALL,Crime Type,FRAUD,3,3,2025-11-07,2025-12-04,2025-12-05,2026-01-01,42.3249460395584,-83.0564648541344,West Side Industrial,6th St & Riverfront Dr
882ab2c66dfffff,1,3,Emerging Hotspot,2,200.0,6.0,ALL,Crime Type,FRAUD,3,3,2025-11-07,2025-12-04,2025-12-05,2026-01-01,42.4361962904987,-82.9654131082091,Regent Park,Maddelein St & Crusade St
882ab2cc61fffff,1,3,Emerging Hotspot,2,200.0,6.0,ALL,Crime Type,FRAUD,3,3,2025-11-07,2025-12-04,2025-12-05,2026-01-01,42.3611596478804,-83.226246313219,Franklin Park,Artesian St & Joy Rd
882ab2cc6bfffff,1,3,Emerging Hotspot,2,200.0,6.0,ALL,Crime Type,FRAUD,3,3,2025-11-07,2025-12-04,2025-12-05,2026-01-01,42.3578434353762,-83.2168902458939,Franklin Park,Joy Rd & S M 39 Service Drive
882ab2ce57fffff,1,3,Emerging Hotspot,2,200.0,6.0,ALL,Crime Type,FRAUD,3,3,2025-11-07,2025-12-04,2025-12-05,2026-01-01,42.3859734201848,-83.1339608753184,Russell Woods,Petoskey Ave & W Davison St
882ab2c193fffff,2,3,Emerging Hotspot,1,50.0,4.5,ALL,Crime Type,FRAUD,3,3,2025-11-07,2025-12-04,2025-12-05,2026-01-01,42.4169437403662,-83.1603122492298,Schulze,W McNichols Rd & Wyoming St
882ab2c41dfffff,2,3,Emerging Hotspot,1,50.0,4.5,ALL,Crime Type,FRAUD,3,3,2025-11-07,2025-12-04,2025-12-05,2026-01-01,42.3588179546498,-82.9826841161272,East Village,E Jefferson Ave & Pennsylvania St
882ab2c449fffff,2,3,Emerging Hotspot,1,50.0,4.5,ALL,Crime Type,FRAUD,3,3,2025-11-07,2025-12-04,2025-12-05,2026-01-01,42.3906958639887,-82.9745401571094,Chandler Park,Cope St & E Warren Ave
882ab2c759fffff,2,3,Emerging Hotspot,1,50.0,4.5,ALL,Crime Type,FRAUD,3,3,2025-11-07,2025-12-04,2025-12-05,2026-01-01,42.429528610671994,-82.98540618260719,Franklin,Pelkey St & Greiner St
882ab2ce5bfffff,2,3,Emerging Hotspot,1,50.0,4.5,ALL,Crime Type,FRAUD,3,3,2025-11-07,2025-12-04,2025-12-05,2026-01-01,42.3886209069811,-83.1151922896919,Dexter-Linwood,Fullerton St & Linwood St
882ab2c60bfffff,10,15,Persistent Hotspot,5,50.0,27.75,ALL,Crime Type,FRAUD,3,3,2025-11-07,2025-12-04,2025-12-05,2026-01-01,42.4071065301122,-82.9271565989737,Cornerstone Village,Guilford St & E Warren Ave
882ab2c58dfffff,24,18,Persistent Hotspot,-6,-25.0,24.3,ALL,Crime Type,FRAUD,3,3,2025-11-07,2025-12-04,2025-12-05,2026-01-01,42.3325162414365,-83.0493954373665,Downtown,John R St & Woodward Ave
882ab2cf09fffff,4,9,Persistent Hotspot,5,125.0,19.65,ALL,Crime Type,FRAUD,3,3,2025-11-07,2025-12-04,2025-12-05,2026-01-01,42.4039882458279,-83.2259135822917,Rosedale Park,Grand River Ave & Glastonbury Ave
882ab2c63dfffff,3,7,Persistent Hotspot,4,133.33,15.45,ALL,Crime Type,FRAUD,3,3,2025-11-07,2025-12-04,2025-12-05,2026-01-01,42.3981866734714,-82.9558389011593,Chandler Park-Chalmers,Lakepointe St & E Warren Ave
882ab2c517fffff,9,8,Persistent Hotspot,-1,-11.11,10.8,ALL,Crime Type,FRAUD,3,3,2025-11-07,2025-12-04,2025-12-05,2026-01-01,42.3547448078777,-83.0636943175046,Midtown,W Hancock St & Woodward Ave
882ab2cc6dfffff,3,5,Persistent Hotspot,2,66.67,9.75,ALL,Crime Type,FRAUD,3,3,2025-11-07,2025-12-04,2025-12-05,2026-01-01,42.3695246359902,-83.232456191969,Franklin Park,Orangelawn St & Warwick St
882ab2ce91fffff,3,5,Persistent Hotspot,2,66.67,9.75,ALL,Crime Type,FRAUD,3,3,2025-11-07,2025-12-04,2025-12-05,2026-01-01,42.3159925152635,-83.10919122344384,Central Southwest,W Vernor Hwy & Infantry St
882ab2cf53fffff,3,5,Persistent Hotspot,2,66.67,9.75,ALL,Crime Type,FRAUD,3,3,2025-11-07,2025-12-04,2025-12-05,2026-01-01,42.393900927103,-83.2015047170285,Greenfield-Grand River,Acacia St & Forrer St
882ab2c589fffff,4,5,Persistent Hotspot,1,25.0,8.25,ALL,Crime Type,FRAUD,3,3,2025-11-07,2025-12-04,2025-12-05,2026-01-01,42.3313368677451,-83.0421009226148,Downtown,Randolph St & Cadillac Sq
882ab2c5ebfffff,4,5,Persistent Hotspot,1,25.0,8.25,ALL,Crime Type,FRAUD,3,3,2025-11-07,2025-12-04,2025-12-05,2026-01-01,42.3369889568907,-83.0517817737465,Downtown,Woodward Ave & E Adams Ave
882ab2c199fffff,7,6,Persistent Hotspot,-1,-14.29,8.1,ALL,Crime Type,FRAUD,3,3,2025-11-07,2025-12-04,2025-12-05,2026-01-01,42.432272052104295,-83.160486007446,Bagley,Washburn St & W 7 Mile Rd
882ab2c651fffff,8,6,Persistent Hotspot,-2,-25.0,8.1,ALL,Crime Type,FRAUD,3,3,2025-11-07,2025-12-04,2025-12-05,2026-01-01,42.4146481955432,-82.9127833510084,Cornerstone Village,Mack Ave & Calvin Ave
882ab2cf61fffff,8,6,Persistent Hotspot,-2,-25.0,8.1,ALL,Crime Type,FRAUD,3,3,2025-11-07,2025-12-04,2025-12-05,2026-01-01,42.4146741898092,-83.2568507845596,Oak Grove District 1,Chapel St & W McNichols Rd
882ab2ce55fffff,14,5,Persistent Hotspot,-9,-64.29,6.75,ALL,Crime Type,FRAUD,3,3,2025-11-07,2025-12-04,2025-12-05,2026-01-01,42.3924332084077,-83.1397130917558,Oakman Blvd Community,Kendall St & Livernois Ave
882ab2ce99fffff,6,5,Persistent Hotspot,-1,-16.67,6.75,ALL,Crime Type,FRAUD,3,3,2025-11-07,2025-12-04,2025-12-05,2026-01-01,42.3198301345242,-83.0971541555232,Central Southwest,W Vernor Hwy & McKinstry St
882ab2c081fffff,8,4,Persistent Hotspot,-4,-50.0,5.4,ALL,Crime Type,FRAUD,3,3,2025-11-07,2025-12-04,2025-12-05,2026-01-01,42.4323337518457,-83.100222924548,Nolan,Keating St & E 7 Mile Rd
882ab2c1b3fffff,4,4,Persistent Hotspot,0,0.0,5.4,ALL,Crime Type,FRAUD,3,3,2025-11-07,2025-12-04,2025-12-05,2026-01-01,42.41434539280845,-83.19187635251706,Hubbell-Puritan,Robson St & W McNichols Rd
882ab2c631fffff,7,4,Persistent Hotspot,-3,-42.86,5.4,ALL,Crime Type,FRAUD,3,3,2025-11-07,2025-12-04,2025-12-05,2026-01-01,42.3869708078483,-82.9497958908939,Fox Creek,Mack Ave & Manistique St
882ab2c657fffff,7,4,Persistent Hotspot,-3,-42.86,5.4,ALL,Crime Type,FRAUD,3,3,2025-11-07,2025-12-04,2025-12-05,2026-01-01,42.4083309050742,-82.9203776544084,Cornerstone Village,E Warren Ave & Lodewyck St
882ab2ce51fffff,6,4,Persistent Hotspot,-2,-33.33,5.4,ALL,Crime Type,FRAUD,3,3,2025-11-07,2025-12-04,2025-12-05,2026-01-01,42.3909329578329,-83.1254968552373,Dexter-Linwood,Dexter Ave & Waverly
882ab2cf55fffff,7,4,Persistent Hotspot,-3,-42.86,5.4,ALL,Crime Type,FRAUD,3,3,2025-11-07,2025-12-04,2025-12-05,2026-01-01,42.40116095310875,-83.21831518089455,Crary/St Marys,Grand River Ave & Ashton Rd
882ab2c761fffff,3,3,Persistent Hotspot,0,0.0,4.05,ALL,Crime Type,FRAUD,3,3,2025-11-07,2025-12-04,2025-12-05,2026-01-01,42.4384549401626,-83.04371480168,Farwell,E Lantz St & Mound Rd
882ab2cc41fffff,5,3,Persistent Hotspot,-2,-40.0,4.05,ALL,Crime Type,FRAUD,3,3,2025-11-07,2025-12-04,2025-12-05,2026-01-01,42.3634942640829,-83.197222222757,Joy Community,Greenfield Rd & W Chicago St
882ab2ce61fffff,6,3,Persistent Hotspot,-3,-50.0,4.05,ALL,Crime Type,FRAUD,3,3,2025-11-07,2025-12-04,2025-12-05,2026-01-01,42.4039669003558,-83.1770453257813,Bethune Community,Schaefer Hwy & Keeler Ave
882ab2ce6bfffff,4,3,Persistent Hotspot,-1,-25.0,4.05,ALL,Crime Type,FRAUD,3,3,2025-11-07,2025-12-04,2025-12-05,2026-01-01,42.4025284332423,-83.1651004313549,Bethune Community,Fenkell St & Wyoming St
882ab2c0adfffff,4,2,Declining Hotspot,-2,-50.0,2.0,ALL,Crime Type,FRAUD,3,3,2025-11-07,2025-12-04,2025-12-05,2026-01-01,42.4370310784254,-83.1416885783729,Sherwood Forest,Livernois Ave & Saint Martins Ave
882ab2c437fffff,3,2,Declining Hotspot,-1,-33.33,2.0,ALL,Crime Type,FRAUD,3,3,2025-11-07,2025-12-04,2025-12-05,2026-01-01,42.34172506144085,-83.0145488213913,Rivertown,E Larned St & McDougall St
882ab2c503fffff,6,2,Declining Hotspot,-4,-66.67,2.0,ALL,Crime Type,FRAUD,3,3,2025-11-07,2025-12-04,2025-12-05,2026-01-01,42.3690367401692,-83.0721031760376,Milwaukee Junction,Piquette St & Brush St
882ab2c511fffff,9,2,Declining Hotspot,-7,-77.78,2.0,ALL,Crime Type,FRAUD,3,3,2025-11-07,2025-12-04,2025-12-05,2026-01-01,42.3601854216103,-83.0590853182331,Medical Center,Brush St & E Warren Ave
882ab2c539fffff,8,2,Declining Hotspot,-6,-75.0,2.0,ALL,Crime Type,FRAUD,3,3,2025-11-07,2025-12-04,2025-12-05,2026-01-01,42.3630058836639,-83.0833861200632,Elijah McCoy,W Baltimore St & 3rd St
882ab2c5e1fffff,4,2,Declining Hotspot,-2,-50.0,2.0,ALL,Crime Type,FRAUD,3,3,2025-11-07,2025-12-04,2025-12-05,2026-01-01,42.3394921948913,-83.0664991055863,Midtown,Grand River Ave & S M 10
882ab2c5e3fffff,4,2,Declining Hotspot,-2,-50.0,2.0,ALL,Crime Type,FRAUD,3,3,2025-11-07,2025-12-04,2025-12-05,2026-01-01,42.3323027840917,-83.057812497388,Downtown,Bagley St & 3rd St
882ab2c719fffff,3,2,Declining Hotspot,-1,-33.33,2.0,ALL,Crime Type,FRAUD,3,3,2025-11-07,2025-12-04,2025-12-05,2026-01-01,42.4085834761448,-82.9950846370677,Gratiot-Findlay,Gunston St & Gratiot Ave
882ab2c747fffff,4,2,Declining Hotspot,-2,-50.0,2.0,ALL,Crime Type,FRAUD,3,3,2025-11-07,2025-12-04,2025-12-05,2026-01-01,42.4340962002179,-83.0209419277825,Nortown,Van Dyke St & E 7 Mile Rd
882ab2cc93fffff,3,2,Declining Hotspot,-1,-33.33,2.0,ALL,Crime Type,FRAUD,3,3,2025-11-07,2025-12-04,2025-12-05,2026-01-01,42.2666572840668,-83.1560066412194,Boynton,S Annabelle St & Omaha St
882ab2ce07fffff,7,2,Declining Hotspot,-5,-71.43,2.0,ALL,Crime Type,FRAUD,3,3,2025-11-07,2025-12-04,2025-12-05,2026-01-01,42.3805794690386,-83.16476764865536,Grand River-I96,Grand River Ave & Griggs St
882ab2ce81fffff,4,2,Declining Hotspot,-2,-50.0,2.0,ALL,Crime Type,FRAUD,3,3,2025-11-07,2025-12-04,2025-12-05,2026-01-01,42.3330138706291,-83.128231558375,Claytown,Braden St & Michigan Ave
882ab2d5b3fffff,4,2,Declining Hotspot,-2,-50.0,2.0,ALL,Crime Type,FRAUD,3,3,2025-11-07,2025-12-04,2025-12-05,2026-01-01,42.4351378710972,-82.9776864504547,Franklin,Chalmers St & E 7 Mile Rd
882ab2c091fffff,8,1,Declining Hotspot,-7,-87.5,1.0,ALL,Crime Type,FRAUD,3,3,2025-11-07,2025-12-04,2025-12-05,2026-01-01,42.4182522924941,-83.0859121149747,North Campau,Riopelle St & E McNichols Rd
882ab2c191fffff,3,1,Declining Hotspot,-2,-66.67,1.0,ALL,Crime Type,FRAUD,3,3,2025-11-07,2025-12-04,2025-12-05,2026-01-01,42.4242003517172,-83.1649535659357,Schulze,Margareta St & Manor St
882ab2c1b7fffff,3,1,Declining Hotspot,-2,-66.67,1.0,ALL,Crime Type,FRAUD,3,3,2025-11-07,2025-12-04,2025-12-05,2026-01-01,42.415851144836296,-83.20139796128575,Crary/St Marys,Greenfield Rd & Verne St
882ab2c523fffff,3,1,Declining Hotspot,-2,-66.67,1.0,ALL,Crime Type,FRAUD,3,3,2025-11-07,2025-12-04,2025-12-05,2026-01-01,42.366259407536,-83.10189835157205,LaSalle Gardens,14th St & W Euclid St
882ab2c5c7fffff,5,1,Declining Hotspot,-4,-80.0,1.0,ALL,Crime Type,FRAUD,3,3,2025-11-07,2025-12-04,2025-12-05,2026-01-01,42.3340146833249,-83.0431303273926,Greektown,Beaubien St & E Lafayette St
882ab2c5e9fffff,5,1,Declining Hotspot,-4,-80.0,1.0,ALL,Crime Type,FRAUD,3,3,2025-11-07,2025-12-04,2025-12-05,2026-01-01,42.346487742123,-83.0580336249676,Midtown,Eliot St & Woodward Ave
882ab2ce11fffff,3,1,Declining Hotspot,-2,-66.67,1.0,ALL,Crime Type,FRAUD,3,3,2025-11-07,2025-12-04,2025-12-05,2026-01-01,42.3701028259959,-83.1375400682051,Nardin Park,Belleterre St & Burlingame St
882ab2c1abfffff,3,0,Declining Hotspot,-3,-100.0,0.0,ALL,Crime Type,FRAUD,3,3,2025-11-07,2025-12-04,2025-12-05,2026-01-01,42.4376042559743,-83.20252022227055,Greenfield,Mansfield St & Vassar Ave
882ab2c50dfffff,3,0,Declining Hotspot,-3,-100.0,0.0,ALL,Crime Type,FRAUD,3,3,2025-11-07,2025-12-04,2025-12-05,2026-01-01,42.3828224535503,-83.07910903822636,North End,Holbrook St & Fraser Pl
882ab2c5c3fffff,4,0,Declining Hotspot,-4,-100.0,0.0,ALL,Crime Type,FRAUD,3,3,2025-11-07,2025-12-04,2025-12-05,2026-01-01,42.3364259425427,-83.0292011368974,Lafayette Park,Saint Aubin St & E Larned St
882ab2c603fffff,3,0,Declining Hotspot,-3,-100.0,0.0,ALL,Crime Type,FRAUD,3,3,2025-11-07,2025-12-04,2025-12-05,2026-01-01,42.4029894505433,-82.9399556381637,Morningside,Audubon Rd & E Warren Ave
882ab2c61dfffff,3,0,Declining Hotspot,-3,-100.0,0.0,ALL,Crime Type,FRAUD,3,3,2025-11-07,2025-12-04,2025-12-05,2026-01-01,42.4013216575509,-82.9277006185038,East English Village,Harvard Rd & Waveney St
882ab2c639fffff,3,0,Declining Hotspot,-3,-100.0,0.0,ALL,Crime Type,FRAUD,3,3,2025-11-07,2025-12-04,2025-12-05,2026-01-01,42.396523205589645,-82.94466548995295,Morningside,E Warren Ave & Berkshire St
882ab2cab3fffff,4,0,Declining Hotspot,-4,-100.0,0.0,ALL,Crime Type,FRAUD,3,3,2025-11-07,2025-12-04,2025-12-05,2026-01-01,42.424486086913,-83.2738298612168,Seven Mile-Rouge,Shiawassee Dr & Margareta St
882ab2cc43fffff,3,0,Declining Hotspot,-3,-100.0,0.0,ALL,Crime Type,FRAUD,3,3,2025-11-07,2025-12-04,2025-12-05,2026-01-01,42.3570481056041,-83.1935237234267,Fiskhorn,Prest St & Joy Rd
882ab2cc49fffff,3,0,Declining Hotspot,-3,-100.0,0.0,ALL,Crime Type,FRAUD,3,3,2025-11-07,2025-12-04,2025-12-05,2026-01-01,42.3704358941496,-83.1899171234106,Plymouth-Hubbell,Plymouth Rd & Strathmoor St
882ab2ce0bfffff,5,0,Declining Hotspot,-5,-100.0,0.0,ALL,Crime Type,FRAUD,3,3,2025-11-07,2025-12-04,2025-12-05,2026-01-01,42.3864830288736,-83.14163828555306,Oakman Blvd Community,Ewald Cir & W Davison St
882ab2ce25fffff,4,0,Declining Hotspot,-4,-100.0,0.0,ALL,Crime Type,FRAUD,3,3,2025-11-07,2025-12-04,2025-12-05,2026-01-01,42.3870329748074,-83.1981637461412,Schoolcraft Southfield,Greenfield Rd & Schoolcraft St
882ab2cf69fffff,3,0,Declining Hotspot,-3,-100.0,0.0,ALL,Crime Type,FRAUD,3,3,2025-11-07,2025-12-04,2025-12-05,2026-01-01,42.4214555577434,-83.2461344447349,Holcomb Community,Orchard St & Westbrook St
882ab2cec9fffff,3,0,Declining Hotspot,-3,-100.0,0.0,10,Crime Type,HEALTH AND SAFETY,3,3,2025-11-07,2025-12-04,2025-12-05,2026-01-01,42.3574279101944,-83.1105133991049,Petoskey-Otsego,W I 96 Service Drive & W Grand Blvd
882ab2c0dbfffff,0,4,New Hotspot,4,,10.0,11,Crime Type,HEALTH AND SAFETY,3,4,2025-11-07,2025-12-04,2025-12-05,2026-01-01,42.4331387024329,-83.0622209405383,Farwell,Ryan Rd & E 7 Mile Rd
882ab2c0dbfffff,0,4,New Hotspot,4,,10.0,ALL,Crime Type,HEALTH AND SAFETY,3,3,2025-11-07,2025-12-04,2025-12-05,2026-01-01,42.4331387024329,-83.0622209405383,Farwell,Ryan Rd & E 7 Mile Rd
882ab2cec9fffff,3,0,Declining Hotspot,-3,-100.0,0.0,ALL,Crime Type,HEALTH AND SAFETY,3,3,2025-11-07,2025-12-04,2025-12-05,2026-01-01,42.3574279101944,-83.1105133991049,Petoskey-Otsego,W I 96 Service Drive & W Grand Blvd
882ab2c5e3fffff,2,6,Emerging Hotspot,4,200.0,12.0,03,Crime Type,INVASION OF PRIVACY -OTHER,3,3,2025-11-07,2025-12-04,2025-12-05,2026-01-01,42.3323027840917,-83.057812497388,Downtown,Bagley St & 3rd St
882ab2c58dfffff,1,3,Emerging Hotspot,2,200.0,6.0,03,Crime Type,INVASION OF PRIVACY -OTHER,3,3,2025-11-07,2025-12-04,2025-12-05,2026-01-01,42.3325162414365,-83.0493954373665,Downtown,John R St & Woodward Ave
882ab2c517fffff,5,3,Persistent Hotspot,-2,-40.0,4.05,03,Crime Type,INVASION OF PRIVACY -OTHER,3,3,2025-11-07,2025-12-04,2025-12-05,2026-01-01,42.3547448078777,-83.0636943175046,Midtown,W Hancock St & Woodward Ave
882ab2c535fffff,3,0,Declining Hotspot,-3,-100.0,0.0,03,Crime Type,INVASION OF PRIVACY -OTHER,3,3,2025-11-07,2025-12-04,2025-12-05,2026-01-01,42.3603122330898,-83.0999457306279,NW Goldberg,Linwood St & W Grand Blvd
882ab2c513fffff,3,1,Declining Hotspot,-2,-66.67,1.0,07,Crime Type,INVASION OF PRIVACY -OTHER,3,3,2025-11-07,2025-12-04,2025-12-05,2026-01-01,42.3499880586953,-83.0523699915006,Medical Center,Beaubien St & Mack Ave
882ab2c191fffff,3,0,Declining Hotspot,-3,-100.0,0.0,12,Crime Type,INVASION OF PRIVACY -OTHER,3,3,2025-11-07,2025-12-04,2025-12-05,2026-01-01,42.4242003517172,-83.1649535659357,Schulze,Margareta St & Manor St
882ab2c5e3fffff,2,6,Emerging Hotspot,4,200.0,12.0,ALL,Crime Type,INVASION OF PRIVACY -OTHER,3,3,2025-11-07,2025-12-04,2025-12-05,2026-01-01,42.3323027840917,-83.057812497388,Downtown,Bagley St & 3rd St
882ab2c58dfffff,1,3,Emerging Hotspot,2,200.0,6.0,ALL,Crime Type,INVASION OF PRIVACY -OTHER,3,3,2025-11-07,2025-12-04,2025-12-05,2026-01-01,42.3325162414365,-83.0493954373665,Downtown,John R St & Woodward Ave
882ab2c517fffff,5,3,Persistent Hotspot,-2,-40.0,4.05,ALL,Crime Type,INVASION OF PRIVACY -OTHER,3,3,2025-11-07,2025-12-04,2025-12-05,2026-01-01,42.3547448078777,-83.0636943175046,Midtown,W Hancock St & Woodward Ave
882ab2c513fffff,4,2,Declining Hotspot,-2,-50.0,2.0,ALL,Crime Type,INVASION OF PRIVACY -OTHER,3,3,2025-11-07,2025-12-04,2025-12-05,2026-01-01,42.3499880586953,-83.0523699915006,Medical Center,Beaubien St & Mack Ave
882ab2c191fffff,3,0,Declining Hotspot,-3,-100.0,0.0,ALL,Crime Type,INVASION OF PRIVACY -OTHER,3,3,2025-11-07,2025-12-04,2025-12-05,2026-01-01,42.4242003517172,-83.1649535659357,Schulze,Margareta St & Manor St
882ab2c535fffff,3,0,Declining Hotspot,-3,-100.0,0.0,ALL,Crime Type,INVASION OF PRIVACY -OTHER,3,3,2025-11-07,2025-12-04,2025-12-05,2026-01-01,42.3603122330898,-83.0999457306279,NW Goldberg,Linwood St & W Grand Blvd
882ab2cf5bfffff,0,3,New Hotspot,3,,7.5,02,Crime Type,LARCENY,3,3,2025-11-07,2025-12-04,2025-12-05,2026-01-01,42.40150199439465,-83.1960751937683,Hubbell-Lyndon,Greenfield Rd & Chalfonte St
882ab2ce63fffff,1,5,Emerging Hotspot,4,400.0,11.0,02,Crime Type,LARCENY,3,3,2025-11-07,2025-12-04,2025-12-05,2026-01-01,42.3999591437535,-83.17074921794016,Bethune Community,Chalfonte St & Appoline St
882ab2ce67fffff,1,4,Emerging Hotspot,3,300.0,8.5,02,Crime Type,LARCENY,3,3,2025-11-07,2025-12-04,2025-12-05,2026-01-01,42.3996165391759,-83.1843121901417,Bethune Community,Ardmore St & Lyndon St
882ab2ce05fffff,1,3,Emerging Hotspot,2,200.0,6.0,02,Crime Type,LARCENY,3,3,2025-11-07,2025-12-04,2025-12-05,2026-01-01,42.3882598193478,-83.1682260572062,Happy Homes,Schoolcraft St & Meyers Rd
882ab2ce2bfffff,2,3,Emerging Hotspot,1,50.0,4.5,02,Crime Type,LARCENY,3,3,2025-11-07,2025-12-04,2025-12-05,2026-01-01,42.3832082862042,-83.1757081426057,Grand River-I96,Grand River Ave & Lesure St
882ab2cee1fffff,2,3,Emerging Hotspot,1,50.0,4.5,02,Crime Type,LARCENY,3,3,2025-11-07,2025-12-04,2025-12-05,2026-01-01,42.3535457172177,-83.14652998379975,Midwest,Belton St & Roselawn St
882ab2cc43fffff,3,3,Persistent Hotspot,0,0.0,4.05,02,Crime Type,LARCENY,3,3,2025-11-07,2025-12-04,2025-12-05,2026-01-01,42.3570481056041,-83.1935237234267,Fiskhorn,Prest St & Joy Rd
882ab2ce35fffff,4,3,Persistent Hotspot,-1,-25.0,4.05,02,Crime Type,LARCENY,3,3,2025-11-07,2025-12-04,2025-12-05,2026-01-01,42.3658503442388,-83.1764897287986,Barton-McFarland,Hartwell St & W Chicago St
882ab2ce39fffff,4,3,Persistent Hotspot,-1,-25.0,4.05,02,Crime Type,LARCENY,3,3,2025-11-07,2025-12-04,2025-12-05,2026-01-01,42.3735129829966,-83.1585663314181,Barton-McFarland,Plymouth Rd & Wyoming St
882ab2cc49fffff,3,2,Declining Hotspot,-1,-33.33,2.0,02,Crime Type,LARCENY,3,3,2025-11-07,2025-12-04,2025-12-05,2026-01-01,42.3704358941496,-83.1899171234106,Plymouth-Hubbell,Plymouth Rd & Strathmoor St
882ab2ce65fffff,3,2,Declining Hotspot,-1,-33.33,2.0,02,Crime Type,LARCENY,3,3,2025-11-07,2025-12-04,2025-12-05,2026-01-01,42.4071639391402,-83.1877625171532,Bethune Community,Puritan St & Hubbell St
882ab2ce07fffff,4,1,Declining Hotspot,-3,-75.0,1.0,02,Crime Type,LARCENY,3,3,2025-11-07,2025-12-04,2025-12-05,2026-01-01,42.3805794690386,-83.16476764865536,Grand River-I96,Grand River Ave & Griggs St
882ab2ce2dfffff,3,1,Declining Hotspot,-2,-66.67,1.0,02,Crime Type,LARCENY,3,3,2025-11-07,2025-12-04,2025-12-05,2026-01-01,42.3943851869428,-83.1906048808923,Hubbell-Lyndon,Whitcomb St & Lyndon St
882ab2ce3dfffff,5,1,Declining Hotspot,-4,-80.0,1.0,02,Crime Type,LARCENY,3,3,2025-11-07,2025-12-04,2025-12-05,2026-01-01,42.3755502420246,-83.1706008487181,Pride Area Community,Wadsworth St & Appoline
882ab2ce6dfffff,4,1,Declining Hotspot,-3,-75.0,1.0,02,Crime Type,LARCENY,3,3,2025-11-07,2025-12-04,2025-12-05,2026-01-01,42.4118076305669,-83.1797983731317,Harmony Village,Schaefer Hwy & W McNichols Rd
882ab2ceebfffff,4,1,Declining Hotspot,-3,-75.0,1.0,02,Crime Type,LARCENY,3,3,2025-11-07,2025-12-04,2025-12-05,2026-01-01,42.351688005481904,-83.1367079993483,Midwest,Wetherby St & Tireman St
882ab2cc5dfffff,3,0,Declining Hotspot,-3,-100.0,0.0,02,Crime Type,LARCENY,3,3,2025-11-07,2025-12-04,2025-12-05,2026-01-01,42.3536888078032,-83.1784750395891,Joy-Schaefer,Belton St & Carlin St
882ab2c539fffff,3,9,Emerging Hotspot,6,200.0,18.0,03,Crime Type,LARCENY,6,8,2025-11-07,2025-12-04,2025-12-05,2026-01-01,42.3630058836639,-83.0833861200632,Elijah McCoy,W Baltimore St & 3rd St
882ab2c5ebfffff,5,10,Emerging Hotspot,5,100.0,17.5,03,Crime Type,LARCENY,6,8,2025-11-07,2025-12-04,2025-12-05,2026-01-01,42.3369889568907,-83.0517817737465,Downtown,Woodward Ave & E Adams Ave
882ab2c5c7fffff,13,17,Persistent Hotspot,4,30.77,28.95,03,Crime Type,LARCENY,6,8,2025-11-07,2025-12-04,2025-12-05,2026-01-01,42.3340146833249,-83.0431303273926,Greektown,Beaubien St & E Lafayette St
882ab2c5e3fffff,16,17,Persistent Hotspot,1,6.25,24.45,03,Crime Type,LARCENY,6,8,2025-11-07,2025-12-04,2025-12-05,2026-01-01,42.3323027840917,-83.057812497388,Downtown,Bagley St & 3rd St
882ab2c58dfffff,18,18,Persistent Hotspot,0,0.0,24.3,03,Crime Type,LARCENY,6,8,2025-11-07,2025-12-04,2025-12-05,2026-01-01,42.3325162414365,-83.0493954373665,Downtown,John R St & Woodward Ave
882ab2c5e1fffff,10,8,Persistent Hotspot,-2,-20.0,10.8,03,Crime Type,LARCENY,6,8,2025-11-07,2025-12-04,2025-12-05,2026-01-01,42.3394921948913,-83.0664991055863,Midtown,Grand River Ave & S M 10
882ab2c5e9fffff,11,7,Declining Hotspot,-4,-36.36,7.0,03,Crime Type,LARCENY,6,8,2025-11-07,2025-12-04,2025-12-05,2026-01-01,42.346487742123,-83.0580336249676,Midtown,Eliot St & Woodward Ave
882ab2c517fffff,13,6,Declining Hotspot,-7,-53.85,6.0,03,Crime Type,LARCENY,6,8,2025-11-07,2025-12-04,2025-12-05,2026-01-01,42.3547448078777,-83.0636943175046,Midtown,W Hancock St & Woodward Ave
882ab2c503fffff,6,4,Declining Hotspot,-2,-33.33,4.0,03,Crime Type,LARCENY,6,8,2025-11-07,2025-12-04,2025-12-05,2026-01-01,42.3690367401692,-83.0721031760376,Milwaukee Junction,Piquette St & Brush St
882ab2c5a5fffff,0,7,New Hotspot,7,,17.5,04,Crime Type,LARCENY,3,3,2025-11-07,2025-12-04,2025-12-05,2026-01-01,42.322617530783006,-83.0892908956303,Hubbard Farms,Wolff St & Palms St
882ab2ceb3fffff,1,3,Emerging Hotspot,2,200.0,6.0,04,Crime Type,LARCENY,3,3,2025-11-07,2025-12-04,2025-12-05,2026-01-01,42.3081881366621,-83.1341508430561,Springwells,W Vernor Hwy & Cabot St
882ab2ce91fffff,4,3,Persistent Hotspot,-1,-25.0,4.05,04,Crime Type,LARCENY,3,3,2025-11-07,2025-12-04,2025-12-05,2026-01-01,42.3159925152635,-83.10919122344384,Central Southwest,W Vernor Hwy & Infantry St
882ab2ce99fffff,4,2,Declining Hotspot,-2,-50.0,2.0,04,Crime Type,LARCENY,3,3,2025-11-07,2025-12-04,2025-12-05,2026-01-01,42.3198301345242,-83.0971541555232,Central Southwest,W Vernor Hwy & McKinstry St
882ab2cebbfffff,5,2,Declining Hotspot,-3,-60.0,2.0,04,Crime Type,LARCENY,3,3,2025-11-07,2025-12-04,2025-12-05,2026-01-01,42.3128380399185,-83.12812257015175,Springwells,Carson St & Belle St
882ab21b65fffff,3,0,Declining Hotspot,-3,-100.0,0.0,04,Crime Type,LARCENY,3,3,2025-11-07,2025-12-04,2025-12-05,2026-01-01,42.2980415063833,-83.1305684869206,Springwells,Distel St & Olivet St
882ab21b69fffff,3,0,Declining Hotspot,-3,-100.0,0.0,04,Crime Type,LARCENY,3,3,2025-11-07,2025-12-04,2025-12-05,2026-01-01,42.305926064527895,-83.11105988951995,Central Southwest,Beard St & Lexington St
882ab2cee3fffff,3,0,Declining Hotspot,-3,-100.0,0.0,04,Crime Type,LARCENY,3,3,2025-11-07,2025-12-04,2025-12-05,2026-01-01,42.3409545626732,-83.1423493034604,Claytown,Kirkwood St & Cecil St
882ab2c611fffff,0,3,New Hotspot,3,,7.5,05,Crime Type,LARCENY,3,3,2025-11-07,2025-12-04,2025-12-05,2026-01-01,42.3962395252004,-82.9235129691436,Cornerstone Village,Denver St & Cadieux Rd
882ab2c603fffff,2,6,Emerging Hotspot,4,200.0,12.0,05,Crime Type,LARCENY,3,3,2025-11-07,2025-12-04,2025-12-05,2026-01-01,42.4029894505433,-82.9399556381637,Morningside,Audubon Rd & E Warren Ave
882ab2c601fffff,3,2,Declining Hotspot,-1,-33.33,2.0,05,Crime Type,LARCENY,3,3,2025-11-07,2025-12-04,2025-12-05,2026-01-01,42.4101998614238,-82.9421318183079,Morningside,Chandler Park Dr & Yorkshire Rd
882ab2c639fffff,3,2,Declining Hotspot,-1,-33.33,2.0,05,Crime Type,LARCENY,3,3,2025-11-07,2025-12-04,2025-12-05,2026-01-01,42.396523205589645,-82.94466548995295,Morningside,E Warren Ave & Berkshire St
882ab2c657fffff,4,2,Declining Hotspot,-2,-50.0,2.0,05,Crime Type,LARCENY,3,3,2025-11-07,2025-12-04,2025-12-05,2026-01-01,42.4083309050742,-82.9203776544084,Cornerstone Village,E Warren Ave & Lodewyck St
882ab2c6e7fffff,4,2,Declining Hotspot,-2,-50.0,2.0,05,Crime Type,LARCENY,3,3,2025-11-07,2025-12-04,2025-12-05,2026-01-01,42.3648864821349,-82.94236310068311,Jefferson Chalmers,Newport St & Averhill Ct
882ab2c607fffff,4,0,Declining Hotspot,-4,-100.0,0.0,05,Crime Type,LARCENY,3,3,2025-11-07,2025-12-04,2025-12-05,2026-01-01,42.4027898337408,-82.94904862188,Morningside,Southampton St & Somerset Ave
882ab2c609fffff,5,0,Declining Hotspot,-5,-100.0,0.0,05,Crime Type,LARCENY,3,3,2025-11-07,2025-12-04,2025-12-05,2026-01-01,42.4171371230563,-82.9366282920503,Yorkshire Woods,Harper Ave & Cadieux Rd
882ab2cc47fffff,0,4,New Hotspot,4,,10.0,06,Crime Type,LARCENY,3,4,2025-11-07,2025-12-04,2025-12-05,2026-01-01,42.3590625176971,-83.20396735527581,Joy Community,Mansfield St & Kramer St
882ab2cc67fffff,1,5,Emerging Hotspot,4,400.0,11.0,06,Crime Type,LARCENY,3,4,2025-11-07,2025-12-04,2025-12-05,2026-01-01,42.35570902059675,-83.2347281579616,Warrendale,Evergreen Rd & Joy Rd
882ab2cc01fffff,2,5,Emerging Hotspot,3,150.0,9.5,06,Crime Type,LARCENY,3,4,2025-11-07,2025-12-04,2025-12-05,2026-01-01,42.3458183863618,-83.2082445872955,Warren Ave Community,Rutland St & Majestic St
882ab2cc45fffff,2,5,Emerging Hotspot,3,150.0,9.5,06,Crime Type,LARCENY,3,4,2025-11-07,2025-12-04,2025-12-05,2026-01-01,42.365285439154,-83.2095166589743,Joy Community,Orangelawn St & Rutland St
882ab2cf1bfffff,1,4,Emerging Hotspot,3,300.0,8.5,06,Crime Type,LARCENY,3,4,2025-11-07,2025-12-04,2025-12-05,2026-01-01,42.3822191424378,-83.207405292497,Schoolcraft Southfield,Mettetal St & Glendale St
882ab2cc0dfffff,2,4,Emerging Hotspot,2,100.0,7.0,06,Crime Type,LARCENY,3,4,2025-11-07,2025-12-04,2025-12-05,2026-01-01,42.3525705286139,-83.2113422018863,Garden View,Gardenview Cir & Memorial Ave
882ab2cc63fffff,4,4,Persistent Hotspot,0,0.0,5.4,06,Crime Type,LARCENY,3,4,2025-11-07,2025-12-04,2025-12-05,2026-01-01,42.3540669512469,-83.2234171641304,Warrendale,Joy Rd & Greenview Ave
882ab2cf35fffff,3,3,Declining Hotspot,0,0.0,3.0,06,Crime Type,LARCENY,3,4,2025-11-07,2025-12-04,2025-12-05,2026-01-01,42.3819326734984,-83.2583706737934,Brightmoor,Lahser Rd & Dolson St
882ab2cc61fffff,4,2,Declining Hotspot,-2,-50.0,2.0,06,Crime Type,LARCENY,3,4,2025-11-07,2025-12-04,2025-12-05,2026-01-01,42.3611596478804,-83.226246313219,Franklin Park,Artesian St & Joy Rd
882ab2cc65fffff,5,1,Declining Hotspot,-4,-80.0,1.0,06,Crime Type,LARCENY,3,4,2025-11-07,2025-12-04,2025-12-05,2026-01-01,42.36292124299095,-83.238484125039,Franklin Park,W Chicago St & Heyden St
882ab2cc6dfffff,3,1,Declining Hotspot,-2,-66.67,1.0,06,Crime Type,LARCENY,3,4,2025-11-07,2025-12-04,2025-12-05,2026-01-01,42.3695246359902,-83.232456191969,Franklin Park,Orangelawn St & Warwick St
882ab2cd5dfffff,3,1,Declining Hotspot,-2,-66.67,1.0,06,Crime Type,LARCENY,3,4,2025-11-07,2025-12-04,2025-12-05,2026-01-01,42.3667879679357,-83.263199245126,West Outer Drive,Beaverland St & Elmira St
882ab2cf07fffff,3,1,Declining Hotspot,-2,-66.67,1.0,06,Crime Type,LARCENY,3,4,2025-11-07,2025-12-04,2025-12-05,2026-01-01,42.3918944379709,-83.2456623946185,Brightmoor,Pierson St & Lyndon St
882ab2cc05fffff,7,0,Declining Hotspot,-7,-100.0,0.0,06,Crime Type,LARCENY,3,4,2025-11-07,2025-12-04,2025-12-05,2026-01-01,42.3434016908208,-83.2207891741072,Warrendale,Sawyer St & Greenview Ave
882ab2cc23fffff,3,0,Declining Hotspot,-3,-100.0,0.0,06,Crime Type,LARCENY,3,4,2025-11-07,2025-12-04,2025-12-05,2026-01-01,42.3343331371858,-83.2337281289881,Warrendale,Dayton St & Evergreen Rd
882ab2cc6bfffff,3,0,Declining Hotspot,-3,-100.0,0.0,06,Crime Type,LARCENY,3,4,2025-11-07,2025-12-04,2025-12-05,2026-01-01,42.3578434353762,-83.2168902458939,Franklin Park,Joy Rd & S M 39 Service Drive
882ab2cd49fffff,3,0,Declining Hotspot,-3,-100.0,0.0,06,Crime Type,LARCENY,3,4,2025-11-07,2025-12-04,2025-12-05,2026-01-01,42.3810030180834,-83.2721412434479,Castle Rouge,Appleton St & Glendale St
882ab2c41dfffff,1,5,Emerging Hotspot,4,400.0,11.0,07,Crime Type,LARCENY,3,5,2025-11-07,2025-12-04,2025-12-05,2026-01-01,42.3588179546498,-82.9826841161272,East Village,E Jefferson Ave & Pennsylvania St
882ab2c423fffff,2,5,Emerging Hotspot,3,150.0,9.5,07,Crime Type,LARCENY,3,5,2025-11-07,2025-12-04,2025-12-05,2026-01-01,42.3578171530538,-83.0200190971782,McDougall-Hunt,Beaufait St & Charlevoix St
882ab2c5c9fffff,3,7,Persistent Hotspot,4,133.33,15.45,07,Crime Type,LARCENY,3,5,2025-11-07,2025-12-04,2025-12-05,2026-01-01,42.3502542019417,-83.0302985615252,Elmwood Park,Prince Hall Dr & Chene St
882ab2c439fffff,12,9,Persistent Hotspot,-3,-25.0,12.15,07,Crime Type,LARCENY,3,5,2025-11-07,2025-12-04,2025-12-05,2026-01-01,42.3519526429914,-82.9967383380492,West Village,E Jefferson Ave & Parker St
882ab2c403fffff,4,6,Persistent Hotspot,2,50.0,11.1,07,Crime Type,LARCENY,3,5,2025-11-07,2025-12-04,2025-12-05,2026-01-01,42.3575485838906,-82.9870693400185,East Village,E Jefferson Ave & Holcomb St
882ab2c5c1fffff,8,6,Persistent Hotspot,-2,-25.0,8.1,07,Crime Type,LARCENY,3,5,2025-11-07,2025-12-04,2025-12-05,2026-01-01,42.3423666128366,-83.0379321607677,Lafayette Park,Pembridge Pl & Saint Aubin St
882ab2c5c3fffff,3,4,Declining Hotspot,1,33.33,5.5,07,Crime Type,LARCENY,3,5,2025-11-07,2025-12-04,2025-12-05,2026-01-01,42.3364259425427,-83.0292011368974,Lafayette Park,Saint Aubin St & E Larned St
882ab2c463fffff,3,2,Declining Hotspot,-1,-33.33,2.0,07,Crime Type,LARCENY,3,5,2025-11-07,2025-12-04,2025-12-05,2026-01-01,42.3767500840111,-83.0106424237817,Gratiot-Grand,Iroquois St & E Warren Ave
882ab2c431fffff,6,1,Declining Hotspot,-5,-83.33,1.0,07,Crime Type,LARCENY,3,5,2025-11-07,2025-12-04,2025-12-05,2026-01-01,42.345732473251,-83.00686044990775,Islandview,E Congress St & Meldrum St
882ab2c437fffff,3,1,Declining Hotspot,-2,-66.67,1.0,07,Crime Type,LARCENY,3,5,2025-11-07,2025-12-04,2025-12-05,2026-01-01,42.34172506144085,-83.0145488213913,Rivertown,E Larned St & McDougall St
882ab2c46dfffff,3,0,Declining Hotspot,-3,-100.0,0.0,07,Crime Type,LARCENY,3,5,2025-11-07,2025-12-04,2025-12-05,2026-01-01,42.3908713599402,-83.0199600887698,Airport Sub,Maxwell St & Curt St
882ab2cf0dfffff,1,4,Emerging Hotspot,3,300.0,8.5,08,Crime Type,LARCENY,3,3,2025-11-07,2025-12-04,2025-12-05,2026-01-01,42.406034033514345,-83.2406317070044,Brightmoor,Pilgrim St & Vaughan St
882ab2cf41fffff,1,3,Emerging Hotspot,2,200.0,6.0,08,Crime Type,LARCENY,3,3,2025-11-07,2025-12-04,2025-12-05,2026-01-01,42.418999794030796,-83.22526528240405,Evergreen-Outer Drive,Greenview Ave & W Outer Dr
882ab2c1a7fffff,2,3,Emerging Hotspot,1,50.0,4.5,08,Crime Type,LARCENY,3,3,2025-11-07,2025-12-04,2025-12-05,2026-01-01,42.4335387451581,-83.2204958980592,O'Hair Park,Fenmore St & W 7 Mile Rd
882ab2ca97fffff,3,5,Persistent Hotspot,2,66.67,9.75,08,Crime Type,LARCENY,3,3,2025-11-07,2025-12-04,2025-12-05,2026-01-01,42.4292679010273,-83.2534029514986,Evergreen Lahser 7/8,Lahser Rd & W 7 Mile Rd
882ab2cf09fffff,6,6,Persistent Hotspot,0,0.0,8.1,08,Crime Type,LARCENY,3,3,2025-11-07,2025-12-04,2025-12-05,2026-01-01,42.4039882458279,-83.2259135822917,Rosedale Park,Grand River Ave & Glastonbury Ave
882ab2cabdfffff,3,3,Persistent Hotspot,0,0.0,4.05,08,Crime Type,LARCENY,3,3,2025-11-07,2025-12-04,2025-12-05,2026-01-01,42.4378312242436,-83.2826521569125,Five Points,Pembroke Ave & Telegraph Rd
882ab2ca93fffff,3,2,Declining Hotspot,-1,-33.33,2.0,08,Crime Type,LARCENY,3,3,2025-11-07,2025-12-04,2025-12-05,2026-01-01,42.4294810884543,-83.2416290872179,Holcomb Community,W 7 Mile Rd & Patton St
882ab2ca95fffff,3,2,Declining Hotspot,-1,-33.33,2.0,08,Crime Type,LARCENY,3,3,2025-11-07,2025-12-04,2025-12-05,2026-01-01,42.4363672103309,-83.2585634954651,Berg-Lahser,Lahser Rd & Pembroke Ave
882ab2cf45fffff,4,2,Declining Hotspot,-2,-50.0,2.0,08,Crime Type,LARCENY,3,3,2025-11-07,2025-12-04,2025-12-05,2026-01-01,42.419387568202254,-83.2383766583946,Evergreen-Outer Drive,Santa Maria St & Heyden St
882ab2cf4bfffff,3,2,Declining Hotspot,-1,-33.33,2.0,08,Crime Type,LARCENY,3,3,2025-11-07,2025-12-04,2025-12-05,2026-01-01,42.4155656036928,-83.2145581138045,College Park,N M 39 & W McNichols Rd
882ab2cf53fffff,4,2,Declining Hotspot,-2,-50.0,2.0,08,Crime Type,LARCENY,3,3,2025-11-07,2025-12-04,2025-12-05,2026-01-01,42.393900927103,-83.2015047170285,Greenfield-Grand River,Acacia St & Forrer St
882ab2c1b5fffff,4,1,Declining Hotspot,-3,-75.0,1.0,08,Crime Type,LARCENY,3,3,2025-11-07,2025-12-04,2025-12-05,2026-01-01,42.4230381823384,-83.20823202955845,College Park,Thatcher St & Ferguson St
882ab2cab1fffff,4,1,Declining Hotspot,-3,-75.0,1.0,08,Crime Type,LARCENY,3,3,2025-11-07,2025-12-04,2025-12-05,2026-01-01,42.4290006373133,-83.2777700530693,Five Points,Woodbine St & W 7 Mile Rd
882ab2cf0bfffff,3,1,Declining Hotspot,-2,-66.67,1.0,08,Crime Type,LARCENY,3,3,2025-11-07,2025-12-04,2025-12-05,2026-01-01,42.39382103398785,-83.2249988543696,Rosedale Park,Greenview Rd & Lyndon St
882ab2cf61fffff,3,1,Declining Hotspot,-2,-66.67,1.0,08,Crime Type,LARCENY,3,3,2025-11-07,2025-12-04,2025-12-05,2026-01-01,42.4146741898092,-83.2568507845596,Oak Grove District 1,Chapel St & W McNichols Rd
882ab2c1a5fffff,3,0,Declining Hotspot,-3,-100.0,0.0,08,Crime Type,LARCENY,3,3,2025-11-07,2025-12-04,2025-12-05,2026-01-01,42.4406357147376,-83.2259087405984,O'Hair Park,Trojan St & Greenview Ave
882ab2ca91fffff,3,0,Declining Hotspot,-3,-100.0,0.0,08,Crime Type,LARCENY,3,3,2025-11-07,2025-12-04,2025-12-05,2026-01-01,42.4365222139149,-83.2453426004845,Evergreen Lahser 7/8,Pembroke Ave & Kentfield St
882ab2cf49fffff,5,0,Declining Hotspot,-5,-100.0,0.0,08,Crime Type,LARCENY,3,3,2025-11-07,2025-12-04,2025-12-05,2026-01-01,42.4248549880698,-83.2179256175138,College Park,Margareta St & Lindsay St
882ab2cf6bfffff,5,0,Declining Hotspot,-5,-100.0,0.0,08,Crime Type,LARCENY,3,3,2025-11-07,2025-12-04,2025-12-05,2026-01-01,42.41156466965455,-83.244250479248,Holcomb Community,Grand River Ave & Patton St
882ab2c755fffff,1,5,Emerging Hotspot,4,400.0,11.0,09,Crime Type,LARCENY,3,4,2025-11-07,2025-12-04,2025-12-05,2026-01-01,42.4252867726769,-83.0043984036163,Von Steuben,Bradford St & Sauer St
882ab2c663fffff,2,5,Emerging Hotspot,3,150.0,9.5,09,Crime Type,LARCENY,3,4,2025-11-07,2025-12-04,2025-12-05,2026-01-01,42.4203963608699,-82.9577493746717,Denby,Grayton St & Lansdowne St
882ab2d5b3fffff,1,4,Emerging Hotspot,3,300.0,8.5,09,Crime Type,LARCENY,3,4,2025-11-07,2025-12-04,2025-12-05,2026-01-01,42.4351378710972,-82.9776864504547,Franklin,Chalmers St & E 7 Mile Rd
882ab2c647fffff,4,7,Persistent Hotspot,3,75.0,13.95,09,Crime Type,LARCENY,3,4,2025-11-07,2025-12-04,2025-12-05,2026-01-01,42.4244778056882,-82.9407430774162,Moross-Morang,Casino St & Somerset Ave
882ab2c759fffff,3,5,Persistent Hotspot,2,66.67,9.75,09,Crime Type,LARCENY,3,4,2025-11-07,2025-12-04,2025-12-05,2026-01-01,42.429528610671994,-82.98540618260719,Franklin,Pelkey St & Greiner St
882ab2c669fffff,3,4,Persistent Hotspot,1,33.33,6.9,09,Crime Type,LARCENY,3,4,2025-11-07,2025-12-04,2025-12-05,2026-01-01,42.4331934041443,-82.9549172238386,Mapleridge,Kelly Rd & Linnhurst St
882ab2c66bfffff,5,4,Persistent Hotspot,-1,-20.0,5.4,09,Crime Type,LARCENY,3,4,2025-11-07,2025-12-04,2025-12-05,2026-01-01,42.42632688143855,-82.9499411616721,Moross-Morang,Lakepointe St & Morang Dr
882ab2c66dfffff,4,3,Declining Hotspot,-1,-25.0,3.0,09,Crime Type,LARCENY,3,4,2025-11-07,2025-12-04,2025-12-05,2026-01-01,42.4361962904987,-82.9654131082091,Regent Park,Maddelein St & Crusade St
882ab2c719fffff,5,3,Declining Hotspot,-2,-40.0,3.0,09,Crime Type,LARCENY,3,4,2025-11-07,2025-12-04,2025-12-05,2026-01-01,42.4085834761448,-82.9950846370677,Gratiot-Findlay,Gunston St & Gratiot Ave
882ab2c743fffff,3,1,Declining Hotspot,-2,-66.67,1.0,09,Crime Type,LARCENY,3,4,2025-11-07,2025-12-04,2025-12-05,2026-01-01,42.4324965915188,-83.00944593149815,Mount Olivet,Beland St & Eastwood St
882ab2d5b7fffff,4,1,Declining Hotspot,-3,-75.0,1.0,09,Crime Type,LARCENY,3,4,2025-11-07,2025-12-04,2025-12-05,2026-01-01,42.4383595504994,-82.9889717563696,Pulaski,E 7 Mile Rd & Schoenherr St
882ab2d5b5fffff,6,0,Declining Hotspot,-6,-100.0,0.0,09,Crime Type,LARCENY,3,4,2025-11-07,2025-12-04,2025-12-05,2026-01-01,42.4456739782067,-82.9916402776304,Conner Creek,Fairport St & Bringard Dr
882ab2c521fffff,0,6,New Hotspot,6,,15.0,10,Crime Type,LARCENY,4,4,2025-11-07,2025-12-04,2025-12-05,2026-01-01,42.3735223882003,-83.1050901107629,Virginia Park Community,Hazelwood St & 14th St
882ab2c527fffff,1,7,Emerging Hotspot,6,600.0,16.0,10,Crime Type,LARCENY,4,4,2025-11-07,2025-12-04,2025-12-05,2026-01-01,42.3687090022666,-83.1138186796188,Jamison,Atkinson St & Dexter Ave
882ab2ce5bfffff,2,5,Emerging Hotspot,3,150.0,9.5,10,Crime Type,LARCENY,4,4,2025-11-07,2025-12-04,2025-12-05,2026-01-01,42.3886209069811,-83.1151922896919,Dexter-Linwood,Fullerton St & Linwood St
882ab2c52bfffff,2,4,Emerging Hotspot,2,100.0,7.0,10,Crime Type,LARCENY,4,4,2025-11-07,2025-12-04,2025-12-05,2026-01-01,42.3739808566136,-83.0944508510725,Virginia Park Community,Rosa Parks Blvd & W Euclid St
882ab2ce57fffff,3,4,Emerging Hotspot,1,33.33,5.5,10,Crime Type,LARCENY,4,4,2025-11-07,2025-12-04,2025-12-05,2026-01-01,42.3859734201848,-83.1339608753184,Russell Woods,Petoskey Ave & W Davison St
882ab2c529fffff,7,9,Persistent Hotspot,2,28.57,15.15,10,Crime Type,LARCENY,4,4,2025-11-07,2025-12-04,2025-12-05,2026-01-01,42.38104713800355,-83.098032597983,Boston Edison,W Boston Blvd & N M 10 Service Drive
882ab2c52dfffff,4,4,Persistent Hotspot,0,0.0,5.4,10,Crime Type,LARCENY,4,4,2025-11-07,2025-12-04,2025-12-05,2026-01-01,42.3817503022529,-83.1096324868484,Dexter-Linwood,Glynn Ct & Linwood St
882ab2ce53fffff,7,4,Persistent Hotspot,-3,-42.86,5.4,10,Crime Type,LARCENY,4,4,2025-11-07,2025-12-04,2025-12-05,2026-01-01,42.385027958062,-83.12032786618616,Dexter-Linwood,Richton St & Linwood St
882ab2c563fffff,4,3,Declining Hotspot,-1,-25.0,3.0,10,Crime Type,LARCENY,4,4,2025-11-07,2025-12-04,2025-12-05,2026-01-01,42.3877458578609,-83.0856281508702,Boston Edison,Glynn Ct & Woodward Ave
882ab2c567fffff,4,3,Declining Hotspot,-1,-25.0,3.0,10,Crime Type,LARCENY,4,4,2025-11-07,2025-12-04,2025-12-05,2026-01-01,42.38823565823665,-83.10464187753101,Dexter-Linwood,Woodrow Wilson St & Elmhurst St
882ab2c507fffff,4,2,Declining Hotspot,-2,-50.0,2.0,10,Crime Type,LARCENY,4,4,2025-11-07,2025-12-04,2025-12-05,2026-01-01,42.3697335528948,-83.08170174424,Virginia Park Community,W Grand Blvd & Lincoln St
882ab2c53dfffff,5,2,Declining Hotspot,-3,-60.0,2.0,10,Crime Type,LARCENY,4,4,2025-11-07,2025-12-04,2025-12-05,2026-01-01,42.364597989538,-83.0938448650044,LaSalle Gardens,W Grand Blvd & Hanover St
882ab2ce19fffff,4,2,Declining Hotspot,-2,-50.0,2.0,10,Crime Type,LARCENY,4,4,2025-11-07,2025-12-04,2025-12-05,2026-01-01,42.3773213176787,-83.129380378622,Nardin Park,Humphrey St & Holmur St
882ab2ce43fffff,4,1,Declining Hotspot,-3,-75.0,1.0,10,Crime Type,LARCENY,4,4,2025-11-07,2025-12-04,2025-12-05,2026-01-01,42.400394113821,-83.1412289140711,Chalfonte,Chalfonte St & Stoepel St
882ab2c767fffff,0,4,New Hotspot,4,,10.0,11,Crime Type,LARCENY,3,3,2025-11-07,2025-12-04,2025-12-05,2026-01-01,42.4298909698503,-83.0501692139325,Krainz Woods,Healy St & E Hildale St
882ab2c0dbfffff,2,5,Emerging Hotspot,3,150.0,9.5,11,Crime Type,LARCENY,3,3,2025-11-07,2025-12-04,2025-12-05,2026-01-01,42.4331387024329,-83.0622209405383,Farwell,Ryan Rd & E 7 Mile Rd
882ab2c08bfffff,1,3,Emerging Hotspot,2,200.0,6.0,11,Crime Type,LARCENY,3,3,2025-11-07,2025-12-04,2025-12-05,2026-01-01,42.4303637318254,-83.0904361529573,Hawthorne Park,Russell St & E 7 Mile Rd
882ab2c76bfffff,2,3,Emerging Hotspot,1,50.0,4.5,11,Crime Type,LARCENY,3,3,2025-11-07,2025-12-04,2025-12-05,2026-01-01,42.438658991326,-83.0306180858354,Nortown,E Lantz St & Sherwood St
882ab2c0d1fffff,4,5,Persistent Hotspot,1,25.0,8.25,11,Crime Type,LARCENY,3,3,2025-11-07,2025-12-04,2025-12-05,2026-01-01,42.4355909483518,-83.0735405934336,Pershing,Charest St & E Lantz St
882ab2c723fffff,3,3,Persistent Hotspot,0,0.0,4.05,11,Crime Type,LARCENY,3,3,2025-11-07,2025-12-04,2025-12-05,2026-01-01,42.4093829073195,-83.04529007973085,Buffalo Charles,Alpena St & Alpena Ave
882ab2c0ddfffff,5,2,Declining Hotspot,-3,-60.0,2.0,11,Crime Type,LARCENY,3,3,2025-11-07,2025-12-04,2025-12-05,2026-01-01,42.4425478145773,-83.0763451898483,Butler,Harned St & E Outer Dr
882ab2c70dfffff,4,2,Declining Hotspot,-2,-50.0,2.0,11,Crime Type,LARCENY,3,3,2025-11-07,2025-12-04,2025-12-05,2026-01-01,42.4310682433344,-83.0274669652189,Grant,E Robinwood St & Packard St
882ab2c765fffff,5,2,Declining Hotspot,-3,-60.0,2.0,11,Crime Type,LARCENY,3,3,2025-11-07,2025-12-04,2025-12-05,2026-01-01,42.438224642992,-83.05449732164055,Farwell,Moenart St & E Outer Dr
882ab2c0d5fffff,4,0,Declining Hotspot,-4,-100.0,0.0,11,Crime Type,LARCENY,3,3,2025-11-07,2025-12-04,2025-12-05,2026-01-01,42.4353407920037,-83.08535721004054,Nolan,Riopelle St & Emery St
882ab2c725fffff,3,0,Declining Hotspot,-3,-100.0,0.0,11,Crime Type,LARCENY,3,3,2025-11-07,2025-12-04,2025-12-05,2026-01-01,42.4186787940394,-83.0636075716953,Davison,Conant St & E McNichols Rd
882ab2c727fffff,3,0,Declining Hotspot,-3,-100.0,0.0,11,Crime Type,LARCENY,3,3,2025-11-07,2025-12-04,2025-12-05,2026-01-01,42.41274493243,-83.0614762772905,Campau/Banglatown,E Davison St & Conant St
882ab2c191fffff,1,4,Emerging Hotspot,3,300.0,8.5,12,Crime Type,LARCENY,3,3,2025-11-07,2025-12-04,2025-12-05,2026-01-01,42.4242003517172,-83.1649535659357,Schulze,Margareta St & Manor St
882ab2c1bdfffff,2,4,Emerging Hotspot,2,100.0,7.0,12,Crime Type,LARCENY,3,3,2025-11-07,2025-12-04,2025-12-05,2026-01-01,42.430408907993,-83.1997223474086,San Bernardo,Prest St & W 7 Mile Rd
882ab2c0e3fffff,1,3,Emerging Hotspot,2,200.0,6.0,12,Crime Type,LARCENY,3,3,2025-11-07,2025-12-04,2025-12-05,2026-01-01,42.4393441193641,-83.1171312167726,State Fair,W State Fair St & Ralston St
882ab2c19bfffff,1,3,Emerging Hotspot,2,200.0,6.0,12,Crime Type,LARCENY,3,3,2025-11-07,2025-12-04,2025-12-05,2026-01-01,42.4242861135931,-83.15337759519235,Bagley,Thatcher St & Indiana St
882ab2c0a7fffff,4,5,Persistent Hotspot,1,25.0,8.25,12,Crime Type,LARCENY,3,3,2025-11-07,2025-12-04,2025-12-05,2026-01-01,42.424372661051,-83.1412534391509,University District,Pickford St & Livernois Ave
882ab2c193fffff,3,3,Persistent Hotspot,0,0.0,4.05,12,Crime Type,LARCENY,3,3,2025-11-07,2025-12-04,2025-12-05,2026-01-01,42.4169437403662,-83.1603122492298,Schulze,W McNichols Rd & Wyoming St
882ab2c195fffff,6,3,Persistent Hotspot,-3,-50.0,4.05,12,Crime Type,LARCENY,3,3,2025-11-07,2025-12-04,2025-12-05,2026-01-01,42.4257472140624,-83.17768700583515,Schulze,Curtis St & Steel St
882ab2ce61fffff,3,3,Persistent Hotspot,0,0.0,4.05,12,Crime Type,LARCENY,3,3,2025-11-07,2025-12-04,2025-12-05,2026-01-01,42.4039669003558,-83.1770453257813,Bethune Community,Schaefer Hwy & Keeler Ave
882ab2ce69fffff,6,3,Persistent Hotspot,-3,-50.0,4.05,12,Crime Type,LARCENY,3,3,2025-11-07,2025-12-04,2025-12-05,2026-01-01,42.41199469544685,-83.1698402050922,Fitzgerald/Marygrove,Florence St & Mendota St
882ab2c1d3fffff,3,2,Declining Hotspot,-1,-33.33,2.0,12,Crime Type,LARCENY,3,3,2025-11-07,2025-12-04,2025-12-05,2026-01-01,42.436933621782046,-83.1507772485498,Oak Grove District 2,Roselawn St & W Outer Dr
882ab2c1dbfffff,3,2,Declining Hotspot,-1,-33.33,2.0,12,Crime Type,LARCENY,3,3,2025-11-07,2025-12-04,2025-12-05,2026-01-01,42.4415084783473,-83.1418629986631,Green Acres,Livernois Ave & Chippewa St
882ab2ce49fffff,3,2,Declining Hotspot,-1,-33.33,2.0,12,Crime Type,LARCENY,3,3,2025-11-07,2025-12-04,2025-12-05,2026-01-01,42.41475945047815,-83.1417270778599,Fitzgerald/Marygrove,Stoepel St & Florence St
882ab2ce4dfffff,11,2,Declining Hotspot,-9,-81.82,2.0,12,Crime Type,LARCENY,3,3,2025-11-07,2025-12-04,2025-12-05,2026-01-01,42.41713248022035,-83.1491035149803,Bagley,San Juan Dr & W McNichols Rd
882ab2c0a3fffff,3,1,Declining Hotspot,-2,-66.67,1.0,12,Crime Type,LARCENY,3,3,2025-11-07,2025-12-04,2025-12-05,2026-01-01,42.4192119999874,-83.1331093154573,University District,Muirland St & Santa Maria St
882ab2c0adfffff,3,1,Declining Hotspot,-2,-66.67,1.0,12,Crime Type,LARCENY,3,3,2025-11-07,2025-12-04,2025-12-05,2026-01-01,42.4370310784254,-83.1416885783729,Sherwood Forest,Livernois Ave & Saint Martins Ave
882ab2c19dfffff,3,1,Declining Hotspot,-2,-66.67,1.0,12,Crime Type,LARCENY,3,3,2025-11-07,2025-12-04,2025-12-05,2026-01-01,42.43306189999275,-83.1697457526532,McDowell,Meyers Rd & W 7 Mile Rd
882ab2ce41fffff,3,1,Declining Hotspot,-2,-66.67,1.0,12,Crime Type,LARCENY,3,3,2025-11-07,2025-12-04,2025-12-05,2026-01-01,42.4075473870695,-83.1461042788721,Fitzgerald/Marygrove,Monica St & Keeler Ave
882ab2c0a1fffff,3,0,Declining Hotspot,-3,-100.0,0.0,12,Crime Type,LARCENY,3,3,2025-11-07,2025-12-04,2025-12-05,2026-01-01,42.4244874010249,-83.1356344850369,University District,Curtis St & Fairfield St
882ab2c0b9fffff,4,0,Declining Hotspot,-4,-100.0,0.0,12,Crime Type,LARCENY,3,3,2025-11-07,2025-12-04,2025-12-05,2026-01-01,42.41872966278205,-83.1063997258062,Palmer Park,John R St & W McNichols Rd
882ab2c5a5fffff,0,7,New Hotspot,7,,17.5,ALL,Crime Type,LARCENY,3,3,2025-11-07,2025-12-04,2025-12-05,2026-01-01,42.322617530783006,-83.0892908956303,Hubbard Farms,Wolff St & Palms St
882ab2c521fffff,0,6,New Hotspot,6,,15.0,ALL,Crime Type,LARCENY,3,3,2025-11-07,2025-12-04,2025-12-05,2026-01-01,42.3735223882003,-83.1050901107629,Virginia Park Community,Hazelwood St & 14th St
882ab2c767fffff,0,4,New Hotspot,4,,10.0,ALL,Crime Type,LARCENY,3,3,2025-11-07,2025-12-04,2025-12-05,2026-01-01,42.4298909698503,-83.0501692139325,Krainz Woods,Healy St & E Hildale St
882ab2cc47fffff,0,4,New Hotspot,4,,10.0,ALL,Crime Type,LARCENY,3,3,2025-11-07,2025-12-04,2025-12-05,2026-01-01,42.3590625176971,-83.20396735527581,Joy Community,Mansfield St & Kramer St
882ab2c611fffff,0,3,New Hotspot,3,,7.5,ALL,Crime Type,LARCENY,3,3,2025-11-07,2025-12-04,2025-12-05,2026-01-01,42.3962395252004,-82.9235129691436,Cornerstone Village,Denver St & Cadieux Rd
882ab2c621fffff,0,3,New Hotspot,3,,7.5,ALL,Crime Type,LARCENY,3,3,2025-11-07,2025-12-04,2025-12-05,2026-01-01,42.4075024957147,-82.9724653504497,Outer Drive-Hayes,Chalmers St & Maiden St
882ab2cc0bfffff,0,3,New Hotspot,3,,7.5,ALL,Crime Type,LARCENY,3,3,2025-11-07,2025-12-04,2025-12-05,2026-01-01,42.3436099978665,-83.1987994265866,Warren Ave Community,Forrer St & Majestic St
882ab2cc2dfffff,0,3,New Hotspot,3,,7.5,ALL,Crime Type,LARCENY,3,3,2025-11-07,2025-12-04,2025-12-05,2026-01-01,42.3503213294463,-83.2406201033814,Warrendale,Braile St & Belton Ave
882ab2cf5bfffff,0,3,New Hotspot,3,,7.5,ALL,Crime Type,LARCENY,3,3,2025-11-07,2025-12-04,2025-12-05,2026-01-01,42.40150199439465,-83.1960751937683,Hubbell-Lyndon,Greenfield Rd & Chalfonte St
882ab2c527fffff,1,7,Emerging Hotspot,6,600.0,16.0,ALL,Crime Type,LARCENY,3,3,2025-11-07,2025-12-04,2025-12-05,2026-01-01,42.3687090022666,-83.1138186796188,Jamison,Atkinson St & Dexter Ave
882ab2c41dfffff,1,6,Emerging Hotspot,5,500.0,13.5,ALL,Crime Type,LARCENY,3,3,2025-11-07,2025-12-04,2025-12-05,2026-01-01,42.3588179546498,-82.9826841161272,East Village,E Jefferson Ave & Pennsylvania St
882ab2c603fffff,2,6,Emerging Hotspot,4,200.0,12.0,ALL,Crime Type,LARCENY,3,3,2025-11-07,2025-12-04,2025-12-05,2026-01-01,42.4029894505433,-82.9399556381637,Morningside,Audubon Rd & E Warren Ave
882ab2c755fffff,1,5,Emerging Hotspot,4,400.0,11.0,ALL,Crime Type,LARCENY,3,3,2025-11-07,2025-12-04,2025-12-05,2026-01-01,42.4252867726769,-83.0043984036163,Von Steuben,Bradford St & Sauer St
882ab2cc67fffff,1,5,Emerging Hotspot,4,400.0,11.0,ALL,Crime Type,LARCENY,3,3,2025-11-07,2025-12-04,2025-12-05,2026-01-01,42.35570902059675,-83.2347281579616,Warrendale,Evergreen Rd & Joy Rd
882ab2ce63fffff,1,5,Emerging Hotspot,4,400.0,11.0,ALL,Crime Type,LARCENY,3,3,2025-11-07,2025-12-04,2025-12-05,2026-01-01,42.3999591437535,-83.17074921794016,Bethune Community,Chalfonte St & Appoline St
882ab2c0dbfffff,2,5,Emerging Hotspot,3,150.0,9.5,ALL,Crime Type,LARCENY,3,3,2025-11-07,2025-12-04,2025-12-05,2026-01-01,42.4331387024329,-83.0622209405383,Farwell,Ryan Rd & E 7 Mile Rd
882ab2c423fffff,2,5,Emerging Hotspot,3,150.0,9.5,ALL,Crime Type,LARCENY,3,3,2025-11-07,2025-12-04,2025-12-05,2026-01-01,42.3578171530538,-83.0200190971782,McDougall-Hunt,Beaufait St & Charlevoix St
882ab2c663fffff,2,5,Emerging Hotspot,3,150.0,9.5,ALL,Crime Type,LARCENY,3,3,2025-11-07,2025-12-04,2025-12-05,2026-01-01,42.4203963608699,-82.9577493746717,Denby,Grayton St & Lansdowne St
882ab2cc01fffff,2,5,Emerging Hotspot,3,150.0,9.5,ALL,Crime Type,LARCENY,3,3,2025-11-07,2025-12-04,2025-12-05,2026-01-01,42.3458183863618,-83.2082445872955,Warren Ave Community,Rutland St & Majestic St
882ab2cc45fffff,2,5,Emerging Hotspot,3,150.0,9.5,ALL,Crime Type,LARCENY,3,3,2025-11-07,2025-12-04,2025-12-05,2026-01-01,42.365285439154,-83.2095166589743,Joy Community,Orangelawn St & Rutland St
882ab2ce5bfffff,2,5,Emerging Hotspot,3,150.0,9.5,ALL,Crime Type,LARCENY,3,3,2025-11-07,2025-12-04,2025-12-05,2026-01-01,42.3886209069811,-83.1151922896919,Dexter-Linwood,Fullerton St & Linwood St
882ab2c191fffff,1,4,Emerging Hotspot,3,300.0,8.5,ALL,Crime Type,LARCENY,3,3,2025-11-07,2025-12-04,2025-12-05,2026-01-01,42.4242003517172,-83.1649535659357,Schulze,Margareta St & Manor St
882ab2c535fffff,1,4,Emerging Hotspot,3,300.0,8.5,ALL,Crime Type,LARCENY,3,3,2025-11-07,2025-12-04,2025-12-05,2026-01-01,42.3603122330898,-83.0999457306279,NW Goldberg,Linwood St & W Grand Blvd
882ab2cc41fffff,1,4,Emerging Hotspot,3,300.0,8.5,ALL,Crime Type,LARCENY,3,3,2025-11-07,2025-12-04,2025-12-05,2026-01-01,42.3634942640829,-83.197222222757,Joy Community,Greenfield Rd & W Chicago St
882ab2ce67fffff,1,4,Emerging Hotspot,3,300.0,8.5,ALL,Crime Type,LARCENY,3,3,2025-11-07,2025-12-04,2025-12-05,2026-01-01,42.3996165391759,-83.1843121901417,Bethune Community,Ardmore St & Lyndon St
882ab2cf0dfffff,1,4,Emerging Hotspot,3,300.0,8.5,ALL,Crime Type,LARCENY,3,3,2025-11-07,2025-12-04,2025-12-05,2026-01-01,42.406034033514345,-83.2406317070044,Brightmoor,Pilgrim St & Vaughan St
882ab2cf1bfffff,1,4,Emerging Hotspot,3,300.0,8.5,ALL,Crime Type,LARCENY,3,3,2025-11-07,2025-12-04,2025-12-05,2026-01-01,42.3822191424378,-83.207405292497,Schoolcraft Southfield,Mettetal St & Glendale St
882ab2d5b3fffff,1,4,Emerging Hotspot,3,300.0,8.5,ALL,Crime Type,LARCENY,3,3,2025-11-07,2025-12-04,2025-12-05,2026-01-01,42.4351378710972,-82.9776864504547,Franklin,Chalmers St & E 7 Mile Rd
882ab2c52bfffff,2,4,Emerging Hotspot,2,100.0,7.0,ALL,Crime Type,LARCENY,3,3,2025-11-07,2025-12-04,2025-12-05,2026-01-01,42.3739808566136,-83.0944508510725,Virginia Park Community,Rosa Parks Blvd & W Euclid St
882ab2c5e7fffff,2,4,Emerging Hotspot,2,100.0,7.0,ALL,Crime Type,LARCENY,3,3,2025-11-07,2025-12-04,2025-12-05,2026-01-01,42.332745994982,-83.07147960242806,Corktown,Cochrane St & Kaline Dr
882ab2cc0dfffff,2,4,Emerging Hotspot,2,100.0,7.0,ALL,Crime Type,LARCENY,3,3,2025-11-07,2025-12-04,2025-12-05,2026-01-01,42.3525705286139,-83.2113422018863,Garden View,Gardenview Cir & Memorial Ave
882ab2c08bfffff,1,3,Emerging Hotspot,2,200.0,6.0,ALL,Crime Type,LARCENY,3,3,2025-11-07,2025-12-04,2025-12-05,2026-01-01,42.4303637318254,-83.0904361529573,Hawthorne Park,Russell St & E 7 Mile Rd
882ab2c0e3fffff,1,3,Emerging Hotspot,2,200.0,6.0,ALL,Crime Type,LARCENY,3,3,2025-11-07,2025-12-04,2025-12-05,2026-01-01,42.4393441193641,-83.1171312167726,State Fair,W State Fair St & Ralston St
882ab2c19bfffff,1,3,Emerging Hotspot,2,200.0,6.0,ALL,Crime Type,LARCENY,3,3,2025-11-07,2025-12-04,2025-12-05,2026-01-01,42.4242861135931,-83.15337759519235,Bagley,Thatcher St & Indiana St
882ab2c1b7fffff,1,3,Emerging Hotspot,2,200.0,6.0,ALL,Crime Type,LARCENY,3,3,2025-11-07,2025-12-04,2025-12-05,2026-01-01,42.415851144836296,-83.20139796128575,Crary/St Marys,Greenfield Rd & Verne St
882ab2c505fffff,1,3,Emerging Hotspot,2,200.0,6.0,ALL,Crime Type,LARCENY,3,3,2025-11-07,2025-12-04,2025-12-05,2026-01-01,42.379413120139304,-83.0847668736954,Piety Hill,Hazelwood St & 2nd Ave
882ab2c525fffff,1,3,Emerging Hotspot,2,200.0,6.0,ALL,Crime Type,LARCENY,3,3,2025-11-07,2025-12-04,2025-12-05,2026-01-01,42.377040420023,-83.1174128378397,Dexter-Linwood,Dexter Ave & Collingwood St
882ab2c629fffff,1,3,Emerging Hotspot,2,200.0,6.0,ALL,Crime Type,LARCENY,3,3,2025-11-07,2025-12-04,2025-12-05,2026-01-01,42.4133086158442,-82.9669394617187,Outer Drive-Hayes,Promenade St & Philip St
882ab2ce05fffff,1,3,Emerging Hotspot,2,200.0,6.0,ALL,Crime Type,LARCENY,3,3,2025-11-07,2025-12-04,2025-12-05,2026-01-01,42.3882598193478,-83.1682260572062,Happy Homes,Schoolcraft St & Meyers Rd
882ab2ceb3fffff,1,3,Emerging Hotspot,2,200.0,6.0,ALL,Crime Type,LARCENY,3,3,2025-11-07,2025-12-04,2025-12-05,2026-01-01,42.3081881366621,-83.1341508430561,Springwells,W Vernor Hwy & Cabot St
882ab2cf41fffff,1,3,Emerging Hotspot,2,200.0,6.0,ALL,Crime Type,LARCENY,3,3,2025-11-07,2025-12-04,2025-12-05,2026-01-01,42.418999794030796,-83.22526528240405,Evergreen-Outer Drive,Greenview Ave & W Outer Dr
882ab2c1a7fffff,2,3,Emerging Hotspot,1,50.0,4.5,ALL,Crime Type,LARCENY,3,3,2025-11-07,2025-12-04,2025-12-05,2026-01-01,42.4335387451581,-83.2204958980592,O'Hair Park,Fenmore St & W 7 Mile Rd
882ab2c461fffff,2,3,Emerging Hotspot,1,50.0,4.5,ALL,Crime Type,LARCENY,3,3,2025-11-07,2025-12-04,2025-12-05,2026-01-01,42.3832002790155,-83.0140688496528,Gratiot Town/Kettering,Gratiot Ave & Parker St
882ab2c533fffff,2,3,Emerging Hotspot,1,50.0,4.5,ALL,Crime Type,LARCENY,3,3,2025-11-07,2025-12-04,2025-12-05,2026-01-01,42.3503260417057,-83.0793159167083,Woodbridge,Vermont St & W Warren Ave
882ab2c60dfffff,2,3,Emerging Hotspot,1,50.0,4.5,ALL,Crime Type,LARCENY,3,3,2025-11-07,2025-12-04,2025-12-05,2026-01-01,42.4197410360825,-82.9462573545625,Yorkshire Woods,Nottingham Rd & Britain St
882ab2c76bfffff,2,3,Emerging Hotspot,1,50.0,4.5,ALL,Crime Type,LARCENY,3,3,2025-11-07,2025-12-04,2025-12-05,2026-01-01,42.438658991326,-83.0306180858354,Nortown,E Lantz St & Sherwood St
882ab2cc2bfffff,2,3,Emerging Hotspot,1,50.0,4.5,ALL,Crime Type,LARCENY,3,3,2025-11-07,2025-12-04,2025-12-05,2026-01-01,42.3396077393422,-83.22680751775106,Warrendale,Warwick St & Whitlock St
882ab2ce2bfffff,2,3,Emerging Hotspot,1,50.0,4.5,ALL,Crime Type,LARCENY,3,3,2025-11-07,2025-12-04,2025-12-05,2026-01-01,42.3832082862042,-83.1757081426057,Grand River-I96,Grand River Ave & Lesure St
882ab2cee1fffff,2,3,Emerging Hotspot,1,50.0,4.5,ALL,Crime Type,LARCENY,3,3,2025-11-07,2025-12-04,2025-12-05,2026-01-01,42.3535457172177,-83.14652998379975,Midwest,Belton St & Roselawn St
882ab2cf59fffff,2,3,Emerging Hotspot,1,50.0,4.5,ALL,Crime Type,LARCENY,3,3,2025-11-07,2025-12-04,2025-12-05,2026-01-01,42.4070895343585,-83.1977446692344,Belmont,Greenfield Rd & Puritan St
882ab2d5b1fffff,2,3,Emerging Hotspot,1,50.0,4.5,ALL,Crime Type,LARCENY,3,3,2025-11-07,2025-12-04,2025-12-05,2026-01-01,42.443187664534804,-82.9804529832112,Mohican Regent,Tacoma St & Hoyt St
882ab2c5c7fffff,13,17,Persistent Hotspot,4,30.77,28.95,ALL,Crime Type,LARCENY,3,3,2025-11-07,2025-12-04,2025-12-05,2026-01-01,42.3340146833249,-83.0431303273926,Greektown,Beaubien St & E Lafayette St
882ab2c5e3fffff,16,17,Persistent Hotspot,1,6.25,24.45,ALL,Crime Type,LARCENY,3,3,2025-11-07,2025-12-04,2025-12-05,2026-01-01,42.3323027840917,-83.057812497388,Downtown,Bagley St & 3rd St
882ab2c58dfffff,18,18,Persistent Hotspot,0,0.0,24.3,ALL,Crime Type,LARCENY,3,3,2025-11-07,2025-12-04,2025-12-05,2026-01-01,42.3325162414365,-83.0493954373665,Downtown,John R St & Woodward Ave
882ab2c539fffff,3,9,Persistent Hotspot,6,200.0,21.15,ALL,Crime Type,LARCENY,3,3,2025-11-07,2025-12-04,2025-12-05,2026-01-01,42.3630058836639,-83.0833861200632,Elijah McCoy,W Baltimore St & 3rd St
882ab2c5ebfffff,5,10,Persistent Hotspot,5,100.0,21.0,ALL,Crime Type,LARCENY,3,3,2025-11-07,2025-12-04,2025-12-05,2026-01-01,42.3369889568907,-83.0517817737465,Downtown,Woodward Ave & E Adams Ave
882ab2c5c9fffff,3,7,Persistent Hotspot,4,133.33,15.45,ALL,Crime Type,LARCENY,3,3,2025-11-07,2025-12-04,2025-12-05,2026-01-01,42.3502542019417,-83.0302985615252,Elmwood Park,Prince Hall Dr & Chene St
882ab2c529fffff,7,9,Persistent Hotspot,2,28.57,15.15,ALL,Crime Type,LARCENY,3,3,2025-11-07,2025-12-04,2025-12-05,2026-01-01,42.38104713800355,-83.098032597983,Boston Edison,W Boston Blvd & N M 10 Service Drive
882ab2c647fffff,4,7,Persistent Hotspot,3,75.0,13.95,ALL,Crime Type,LARCENY,3,3,2025-11-07,2025-12-04,2025-12-05,2026-01-01,42.4244778056882,-82.9407430774162,Moross-Morang,Casino St & Somerset Ave
882ab2c585fffff,3,6,Persistent Hotspot,3,100.0,12.6,ALL,Crime Type,LARCENY,3,3,2025-11-07,2025-12-04,2025-12-05,2026-01-01,42.3249460395584,-83.0564648541344,West Side Industrial,6th St & Riverfront Dr
882ab2c5edfffff,5,7,Persistent Hotspot,2,40.0,12.45,ALL,Crime Type,LARCENY,3,3,2025-11-07,2025-12-04,2025-12-05,2026-01-01,42.3487242716004,-83.0687031319813,Midtown,W Alexandrine St & 2nd Ave
882ab2c439fffff,12,9,Persistent Hotspot,-3,-25.0,12.15,ALL,Crime Type,LARCENY,3,3,2025-11-07,2025-12-04,2025-12-05,2026-01-01,42.3519526429914,-82.9967383380492,West Village,E Jefferson Ave & Parker St
882ab2c403fffff,4,6,Persistent Hotspot,2,50.0,11.1,ALL,Crime Type,LARCENY,3,3,2025-11-07,2025-12-04,2025-12-05,2026-01-01,42.3575485838906,-82.9870693400185,East Village,E Jefferson Ave & Holcomb St
882ab2c5e1fffff,10,8,Persistent Hotspot,-2,-20.0,10.8,ALL,Crime Type,LARCENY,3,3,2025-11-07,2025-12-04,2025-12-05,2026-01-01,42.3394921948913,-83.0664991055863,Midtown,Grand River Ave & S M 10
882ab2c1bdfffff,3,5,Persistent Hotspot,2,66.67,9.75,ALL,Crime Type,LARCENY,3,3,2025-11-07,2025-12-04,2025-12-05,2026-01-01,42.430408907993,-83.1997223474086,San Bernardo,Prest St & W 7 Mile Rd
882ab2c759fffff,3,5,Persistent Hotspot,2,66.67,9.75,ALL,Crime Type,LARCENY,3,3,2025-11-07,2025-12-04,2025-12-05,2026-01-01,42.429528610671994,-82.98540618260719,Franklin,Pelkey St & Greiner St
882ab2ca97fffff,3,5,Persistent Hotspot,2,66.67,9.75,ALL,Crime Type,LARCENY,3,3,2025-11-07,2025-12-04,2025-12-05,2026-01-01,42.4292679010273,-83.2534029514986,Evergreen Lahser 7/8,Lahser Rd & W 7 Mile Rd
882ab2cc43fffff,3,5,Persistent Hotspot,2,66.67,9.75,ALL,Crime Type,LARCENY,3,3,2025-11-07,2025-12-04,2025-12-05,2026-01-01,42.3570481056041,-83.1935237234267,Fiskhorn,Prest St & Joy Rd
882ab2c5e9fffff,11,7,Persistent Hotspot,-4,-36.36,9.45,ALL,Crime Type,LARCENY,3,3,2025-11-07,2025-12-04,2025-12-05,2026-01-01,42.346487742123,-83.0580336249676,Midtown,Eliot St & Woodward Ave
882ab2c0a7fffff,4,5,Persistent Hotspot,1,25.0,8.25,ALL,Crime Type,LARCENY,3,3,2025-11-07,2025-12-04,2025-12-05,2026-01-01,42.424372661051,-83.1412534391509,University District,Pickford St & Livernois Ave
882ab2c0d1fffff,4,5,Persistent Hotspot,1,25.0,8.25,ALL,Crime Type,LARCENY,3,3,2025-11-07,2025-12-04,2025-12-05,2026-01-01,42.4355909483518,-83.0735405934336,Pershing,Charest St & E Lantz St
882ab2c563fffff,4,5,Persistent Hotspot,1,25.0,8.25,ALL,Crime Type,LARCENY,3,3,2025-11-07,2025-12-04,2025-12-05,2026-01-01,42.3877458578609,-83.0856281508702,Boston Edison,Glynn Ct & Woodward Ave
882ab2c517fffff,13,6,Persistent Hotspot,-7,-53.85,8.1,ALL,Crime Type,LARCENY,3,3,2025-11-07,2025-12-04,2025-12-05,2026-01-01,42.3547448078777,-83.0636943175046,Midtown,W Hancock St & Woodward Ave
882ab2c5c1fffff,8,6,Persistent Hotspot,-2,-25.0,8.1,ALL,Crime Type,LARCENY,3,3,2025-11-07,2025-12-04,2025-12-05,2026-01-01,42.3423666128366,-83.0379321607677,Lafayette Park,Pembridge Pl & Saint Aubin St
882ab2cf09fffff,6,6,Persistent Hotspot,0,0.0,8.1,ALL,Crime Type,LARCENY,3,3,2025-11-07,2025-12-04,2025-12-05,2026-01-01,42.4039882458279,-83.2259135822917,Rosedale Park,Grand River Ave & Glastonbury Ave
882ab2c50bfffff,3,4,Persistent Hotspot,1,33.33,6.9,ALL,Crime Type,LARCENY,3,3,2025-11-07,2025-12-04,2025-12-05,2026-01-01,42.37421816949815,-83.0643757158421,North End,Clay St & Cameron St
882ab2c5c3fffff,3,4,Persistent Hotspot,1,33.33,6.9,ALL,Crime Type,LARCENY,3,3,2025-11-07,2025-12-04,2025-12-05,2026-01-01,42.3364259425427,-83.0292011368974,Lafayette Park,Saint Aubin St & E Larned St
882ab2c669fffff,3,4,Persistent Hotspot,1,33.33,6.9,ALL,Crime Type,LARCENY,3,3,2025-11-07,2025-12-04,2025-12-05,2026-01-01,42.4331934041443,-82.9549172238386,Mapleridge,Kelly Rd & Linnhurst St
882ab2ce57fffff,3,4,Persistent Hotspot,1,33.33,6.9,ALL,Crime Type,LARCENY,3,3,2025-11-07,2025-12-04,2025-12-05,2026-01-01,42.3859734201848,-83.1339608753184,Russell Woods,Petoskey Ave & W Davison St
882ab2c507fffff,9,5,Persistent Hotspot,-4,-44.44,6.75,ALL,Crime Type,LARCENY,3,3,2025-11-07,2025-12-04,2025-12-05,2026-01-01,42.3697335528948,-83.08170174424,Virginia Park Community,W Grand Blvd & Lincoln St
882ab2c589fffff,5,5,Persistent Hotspot,0,0.0,6.75,ALL,Crime Type,LARCENY,3,3,2025-11-07,2025-12-04,2025-12-05,2026-01-01,42.3313368677451,-83.0421009226148,Downtown,Randolph St & Cadillac Sq
882ab2c503fffff,6,4,Persistent Hotspot,-2,-33.33,5.4,ALL,Crime Type,LARCENY,3,3,2025-11-07,2025-12-04,2025-12-05,2026-01-01,42.3690367401692,-83.0721031760376,Milwaukee Junction,Piquette St & Brush St
882ab2c52dfffff,4,4,Persistent Hotspot,0,0.0,5.4,ALL,Crime Type,LARCENY,3,3,2025-11-07,2025-12-04,2025-12-05,2026-01-01,42.3817503022529,-83.1096324868484,Dexter-Linwood,Glynn Ct & Linwood St
882ab2c53bfffff,4,4,Persistent Hotspot,0,0.0,5.4,ALL,Crime Type,LARCENY,3,3,2025-11-07,2025-12-04,2025-12-05,2026-01-01,42.3546909528293,-83.0731579493817,Wayne State,Anthony Wayne Dr & 3rd St
882ab2c53dfffff,10,4,Persistent Hotspot,-6,-60.0,5.4,ALL,Crime Type,LARCENY,3,3,2025-11-07,2025-12-04,2025-12-05,2026-01-01,42.364597989538,-83.0938448650044,LaSalle Gardens,W Grand Blvd & Hanover St
882ab2c66bfffff,5,4,Persistent Hotspot,-1,-20.0,5.4,ALL,Crime Type,LARCENY,3,3,2025-11-07,2025-12-04,2025-12-05,2026-01-01,42.42632688143855,-82.9499411616721,Moross-Morang,Lakepointe St & Morang Dr
882ab2cc63fffff,4,4,Persistent Hotspot,0,0.0,5.4,ALL,Crime Type,LARCENY,3,3,2025-11-07,2025-12-04,2025-12-05,2026-01-01,42.3540669512469,-83.2234171641304,Warrendale,Joy Rd & Greenview Ave
882ab2ce53fffff,7,4,Persistent Hotspot,-3,-42.86,5.4,ALL,Crime Type,LARCENY,3,3,2025-11-07,2025-12-04,2025-12-05,2026-01-01,42.385027958062,-83.12032786618616,Dexter-Linwood,Richton St & Linwood St
882ab2c193fffff,3,3,Persistent Hotspot,0,0.0,4.05,ALL,Crime Type,LARCENY,3,3,2025-11-07,2025-12-04,2025-12-05,2026-01-01,42.4169437403662,-83.1603122492298,Schulze,W McNichols Rd & Wyoming St
882ab2c195fffff,6,3,Persistent Hotspot,-3,-50.0,4.05,ALL,Crime Type,LARCENY,3,3,2025-11-07,2025-12-04,2025-12-05,2026-01-01,42.4257472140624,-83.17768700583515,Schulze,Curtis St & Steel St
882ab2c513fffff,5,3,Persistent Hotspot,-2,-40.0,4.05,ALL,Crime Type,LARCENY,3,3,2025-11-07,2025-12-04,2025-12-05,2026-01-01,42.3499880586953,-83.0523699915006,Medical Center,Beaubien St & Mack Ave
882ab2c567fffff,4,3,Persistent Hotspot,-1,-25.0,4.05,ALL,Crime Type,LARCENY,3,3,2025-11-07,2025-12-04,2025-12-05,2026-01-01,42.38823565823665,-83.10464187753101,Dexter-Linwood,Woodrow Wilson St & Elmhurst St
882ab2c66dfffff,4,3,Persistent Hotspot,-1,-25.0,4.05,ALL,Crime Type,LARCENY,3,3,2025-11-07,2025-12-04,2025-12-05,2026-01-01,42.4361962904987,-82.9654131082091,Regent Park,Maddelein St & Crusade St
882ab2c719fffff,5,3,Persistent Hotspot,-2,-40.0,4.05,ALL,Crime Type,LARCENY,3,3,2025-11-07,2025-12-04,2025-12-05,2026-01-01,42.4085834761448,-82.9950846370677,Gratiot-Findlay,Gunston St & Gratiot Ave
882ab2c723fffff,3,3,Persistent Hotspot,0,0.0,4.05,ALL,Crime Type,LARCENY,3,3,2025-11-07,2025-12-04,2025-12-05,2026-01-01,42.4093829073195,-83.04529007973085,Buffalo Charles,Alpena St & Alpena Ave
882ab2cabdfffff,3,3,Persistent Hotspot,0,0.0,4.05,ALL,Crime Type,LARCENY,3,3,2025-11-07,2025-12-04,2025-12-05,2026-01-01,42.4378312242436,-83.2826521569125,Five Points,Pembroke Ave & Telegraph Rd
882ab2ce35fffff,4,3,Persistent Hotspot,-1,-25.0,4.05,ALL,Crime Type,LARCENY,3,3,2025-11-07,2025-12-04,2025-12-05,2026-01-01,42.3658503442388,-83.1764897287986,Barton-McFarland,Hartwell St & W Chicago St
882ab2ce39fffff,4,3,Persistent Hotspot,-1,-25.0,4.05,ALL,Crime Type,LARCENY,3,3,2025-11-07,2025-12-04,2025-12-05,2026-01-01,42.3735129829966,-83.1585663314181,Barton-McFarland,Plymouth Rd & Wyoming St
882ab2ce51fffff,3,3,Persistent Hotspot,0,0.0,4.05,ALL,Crime Type,LARCENY,3,3,2025-11-07,2025-12-04,2025-12-05,2026-01-01,42.3909329578329,-83.1254968552373,Dexter-Linwood,Dexter Ave & Waverly
882ab2ce61fffff,3,3,Persistent Hotspot,0,0.0,4.05,ALL,Crime Type,LARCENY,3,3,2025-11-07,2025-12-04,2025-12-05,2026-01-01,42.4039669003558,-83.1770453257813,Bethune Community,Schaefer Hwy & Keeler Ave
882ab2ce69fffff,6,3,Persistent Hotspot,-3,-50.0,4.05,ALL,Crime Type,LARCENY,3,3,2025-11-07,2025-12-04,2025-12-05,2026-01-01,42.41199469544685,-83.1698402050922,Fitzgerald/Marygrove,Florence St & Mendota St
882ab2ce91fffff,4,3,Persistent Hotspot,-1,-25.0,4.05,ALL,Crime Type,LARCENY,3,3,2025-11-07,2025-12-04,2025-12-05,2026-01-01,42.3159925152635,-83.10919122344384,Central Southwest,W Vernor Hwy & Infantry St
882ab2cf35fffff,3,3,Persistent Hotspot,0,0.0,4.05,ALL,Crime Type,LARCENY,3,3,2025-11-07,2025-12-04,2025-12-05,2026-01-01,42.3819326734984,-83.2583706737934,Brightmoor,Lahser Rd & Dolson St
882ab2c0b9fffff,4,2,Declining Hotspot,-2,-50.0,2.0,ALL,Crime Type,LARCENY,3,3,2025-11-07,2025-12-04,2025-12-05,2026-01-01,42.41872966278205,-83.1063997258062,Palmer Park,John R St & W McNichols Rd
882ab2c0ddfffff,5,2,Declining Hotspot,-3,-60.0,2.0,ALL,Crime Type,LARCENY,3,3,2025-11-07,2025-12-04,2025-12-05,2026-01-01,42.4425478145773,-83.0763451898483,Butler,Harned St & E Outer Dr
882ab2c1d3fffff,3,2,Declining Hotspot,-1,-33.33,2.0,ALL,Crime Type,LARCENY,3,3,2025-11-07,2025-12-04,2025-12-05,2026-01-01,42.436933621782046,-83.1507772485498,Oak Grove District 2,Roselawn St & W Outer Dr
882ab2c1dbfffff,3,2,Declining Hotspot,-1,-33.33,2.0,ALL,Crime Type,LARCENY,3,3,2025-11-07,2025-12-04,2025-12-05,2026-01-01,42.4415084783473,-83.1418629986631,Green Acres,Livernois Ave & Chippewa St
882ab2c463fffff,3,2,Declining Hotspot,-1,-33.33,2.0,ALL,Crime Type,LARCENY,3,3,2025-11-07,2025-12-04,2025-12-05,2026-01-01,42.3767500840111,-83.0106424237817,Gratiot-Grand,Iroquois St & E Warren Ave
882ab2c601fffff,4,2,Declining Hotspot,-2,-50.0,2.0,ALL,Crime Type,LARCENY,3,3,2025-11-07,2025-12-04,2025-12-05,2026-01-01,42.4101998614238,-82.9421318183079,Morningside,Chandler Park Dr & Yorkshire Rd
882ab2c62bfffff,3,2,Declining Hotspot,-1,-33.33,2.0,ALL,Crime Type,LARCENY,3,3,2025-11-07,2025-12-04,2025-12-05,2026-01-01,42.4065719044079,-82.9643445990192,Outer Drive-Hayes,Chalmers St & Kent St
882ab2c639fffff,3,2,Declining Hotspot,-1,-33.33,2.0,ALL,Crime Type,LARCENY,3,3,2025-11-07,2025-12-04,2025-12-05,2026-01-01,42.396523205589645,-82.94466548995295,Morningside,E Warren Ave & Berkshire St
882ab2c657fffff,4,2,Declining Hotspot,-2,-50.0,2.0,ALL,Crime Type,LARCENY,3,3,2025-11-07,2025-12-04,2025-12-05,2026-01-01,42.4083309050742,-82.9203776544084,Cornerstone Village,E Warren Ave & Lodewyck St
882ab2c6e7fffff,4,2,Declining Hotspot,-2,-50.0,2.0,ALL,Crime Type,LARCENY,3,3,2025-11-07,2025-12-04,2025-12-05,2026-01-01,42.3648864821349,-82.94236310068311,Jefferson Chalmers,Newport St & Averhill Ct
882ab2c70dfffff,4,2,Declining Hotspot,-2,-50.0,2.0,ALL,Crime Type,LARCENY,3,3,2025-11-07,2025-12-04,2025-12-05,2026-01-01,42.4310682433344,-83.0274669652189,Grant,E Robinwood St & Packard St
882ab2c765fffff,5,2,Declining Hotspot,-3,-60.0,2.0,ALL,Crime Type,LARCENY,3,3,2025-11-07,2025-12-04,2025-12-05,2026-01-01,42.438224642992,-83.05449732164055,Farwell,Moenart St & E Outer Dr
882ab2ca93fffff,3,2,Declining Hotspot,-1,-33.33,2.0,ALL,Crime Type,LARCENY,3,3,2025-11-07,2025-12-04,2025-12-05,2026-01-01,42.4294810884543,-83.2416290872179,Holcomb Community,W 7 Mile Rd & Patton St
882ab2ca95fffff,3,2,Declining Hotspot,-1,-33.33,2.0,ALL,Crime Type,LARCENY,3,3,2025-11-07,2025-12-04,2025-12-05,2026-01-01,42.4363672103309,-83.2585634954651,Berg-Lahser,Lahser Rd & Pembroke Ave
882ab2cc49fffff,3,2,Declining Hotspot,-1,-33.33,2.0,ALL,Crime Type,LARCENY,3,3,2025-11-07,2025-12-04,2025-12-05,2026-01-01,42.3704358941496,-83.1899171234106,Plymouth-Hubbell,Plymouth Rd & Strathmoor St
882ab2cc61fffff,4,2,Declining Hotspot,-2,-50.0,2.0,ALL,Crime Type,LARCENY,3,3,2025-11-07,2025-12-04,2025-12-05,2026-01-01,42.3611596478804,-83.226246313219,Franklin Park,Artesian St & Joy Rd
882ab2ce11fffff,3,2,Declining Hotspot,-1,-33.33,2.0,ALL,Crime Type,LARCENY,3,3,2025-11-07,2025-12-04,2025-12-05,2026-01-01,42.3701028259959,-83.1375400682051,Nardin Park,Belleterre St & Burlingame St
882ab2ce19fffff,4,2,Declining Hotspot,-2,-50.0,2.0,ALL,Crime Type,LARCENY,3,3,2025-11-07,2025-12-04,2025-12-05,2026-01-01,42.3773213176787,-83.129380378622,Nardin Park,Humphrey St & Holmur St
882ab2ce49fffff,3,2,Declining Hotspot,-1,-33.33,2.0,ALL,Crime Type,LARCENY,3,3,2025-11-07,2025-12-04,2025-12-05,2026-01-01,42.41475945047815,-83.1417270778599,Fitzgerald/Marygrove,Stoepel St & Florence St
882ab2ce4dfffff,11,2,Declining Hotspot,-9,-81.82,2.0,ALL,Crime Type,LARCENY,3,3,2025-11-07,2025-12-04,2025-12-05,2026-01-01,42.41713248022035,-83.1491035149803,Bagley,San Juan Dr & W McNichols Rd
882ab2ce65fffff,3,2,Declining Hotspot,-1,-33.33,2.0,ALL,Crime Type,LARCENY,3,3,2025-11-07,2025-12-04,2025-12-05,2026-01-01,42.4071639391402,-83.1877625171532,Bethune Community,Puritan St & Hubbell St
882ab2ce6bfffff,3,2,Declining Hotspot,-1,-33.33,2.0,ALL,Crime Type,LARCENY,3,3,2025-11-07,2025-12-04,2025-12-05,2026-01-01,42.4025284332423,-83.1651004313549,Bethune Community,Fenkell St & Wyoming St
882ab2ce99fffff,4,2,Declining Hotspot,-2,-50.0,2.0,ALL,Crime Type,LARCENY,3,3,2025-11-07,2025-12-04,2025-12-05,2026-01-01,42.3198301345242,-83.0971541555232,Central Southwest,W Vernor Hwy & McKinstry St
882ab2cebbfffff,5,2,Declining Hotspot,-3,-60.0,2.0,ALL,Crime Type,LARCENY,3,3,2025-11-07,2025-12-04,2025-12-05,2026-01-01,42.3128380399185,-83.12812257015175,Springwells,Carson St & Belle St
882ab2cf45fffff,4,2,Declining Hotspot,-2,-50.0,2.0,ALL,Crime Type,LARCENY,3,3,2025-11-07,2025-12-04,2025-12-05,2026-01-01,42.419387568202254,-83.2383766583946,Evergreen-Outer Drive,Santa Maria St & Heyden St
882ab2cf4bfffff,3,2,Declining Hotspot,-1,-33.33,2.0,ALL,Crime Type,LARCENY,3,3,2025-11-07,2025-12-04,2025-12-05,2026-01-01,42.4155656036928,-83.2145581138045,College Park,N M 39 & W McNichols Rd
882ab2cf53fffff,5,2,Declining Hotspot,-3,-60.0,2.0,ALL,Crime Type,LARCENY,3,3,2025-11-07,2025-12-04,2025-12-05,2026-01-01,42.393900927103,-83.2015047170285,Greenfield-Grand River,Acacia St & Forrer St
882ab2c0a3fffff,3,1,Declining Hotspot,-2,-66.67,1.0,ALL,Crime Type,LARCENY,3,3,2025-11-07,2025-12-04,2025-12-05,2026-01-01,42.4192119999874,-83.1331093154573,University District,Muirland St & Santa Maria St
882ab2c0adfffff,3,1,Declining Hotspot,-2,-66.67,1.0,ALL,Crime Type,LARCENY,3,3,2025-11-07,2025-12-04,2025-12-05,2026-01-01,42.4370310784254,-83.1416885783729,Sherwood Forest,Livernois Ave & Saint Martins Ave
882ab2c0b7fffff,3,1,Declining Hotspot,-2,-66.67,1.0,ALL,Crime Type,LARCENY,3,3,2025-11-07,2025-12-04,2025-12-05,2026-01-01,42.4076275055007,-83.1219076736268,Pilgrim Village,Wabash St & Pilgrim St
882ab2c19dfffff,3,1,Declining Hotspot,-2,-66.67,1.0,ALL,Crime Type,LARCENY,3,3,2025-11-07,2025-12-04,2025-12-05,2026-01-01,42.43306189999275,-83.1697457526532,McDowell,Meyers Rd & W 7 Mile Rd
882ab2c1b3fffff,3,1,Declining Hotspot,-2,-66.67,1.0,ALL,Crime Type,LARCENY,3,3,2025-11-07,2025-12-04,2025-12-05,2026-01-01,42.41434539280845,-83.19187635251706,Hubbell-Puritan,Robson St & W McNichols Rd
882ab2c1b5fffff,4,1,Declining Hotspot,-3,-75.0,1.0,ALL,Crime Type,LARCENY,3,3,2025-11-07,2025-12-04,2025-12-05,2026-01-01,42.4230381823384,-83.20823202955845,College Park,Thatcher St & Ferguson St
882ab2c431fffff,6,1,Declining Hotspot,-5,-83.33,1.0,ALL,Crime Type,LARCENY,3,3,2025-11-07,2025-12-04,2025-12-05,2026-01-01,42.345732473251,-83.00686044990775,Islandview,E Congress St & Meldrum St
882ab2c437fffff,3,1,Declining Hotspot,-2,-66.67,1.0,ALL,Crime Type,LARCENY,3,3,2025-11-07,2025-12-04,2025-12-05,2026-01-01,42.34172506144085,-83.0145488213913,Rivertown,E Larned St & McDougall St
882ab2c501fffff,3,1,Declining Hotspot,-2,-66.67,1.0,ALL,Crime Type,LARCENY,3,3,2025-11-07,2025-12-04,2025-12-05,2026-01-01,42.3760635916825,-83.0774215036196,North End,Seward St & Virginia Park Ct
882ab2c50dfffff,5,1,Declining Hotspot,-4,-80.0,1.0,ALL,Crime Type,LARCENY,3,3,2025-11-07,2025-12-04,2025-12-05,2026-01-01,42.3828224535503,-83.07910903822636,North End,Holbrook St & Fraser Pl
882ab2c5a9fffff,3,1,Declining Hotspot,-2,-66.67,1.0,ALL,Crime Type,LARCENY,3,3,2025-11-07,2025-12-04,2025-12-05,2026-01-01,42.3292267813546,-83.0695293007603,Corktown,10th St & Leverette St
882ab2c5e5fffff,3,1,Declining Hotspot,-2,-66.67,1.0,ALL,Crime Type,LARCENY,3,3,2025-11-07,2025-12-04,2025-12-05,2026-01-01,42.3426634792134,-83.078000676395,Woodbridge,Grand River Ave & Avery St
882ab2c623fffff,3,1,Declining Hotspot,-2,-66.67,1.0,ALL,Crime Type,LARCENY,3,3,2025-11-07,2025-12-04,2025-12-05,2026-01-01,42.4000763519574,-82.96843649080165,Chandler Park,Drexel St & Southampton St
882ab2c743fffff,3,1,Declining Hotspot,-2,-66.67,1.0,ALL,Crime Type,LARCENY,3,3,2025-11-07,2025-12-04,2025-12-05,2026-01-01,42.4324965915188,-83.00944593149815,Mount Olivet,Beland St & Eastwood St
882ab2cab1fffff,4,1,Declining Hotspot,-3,-75.0,1.0,ALL,Crime Type,LARCENY,3,3,2025-11-07,2025-12-04,2025-12-05,2026-01-01,42.4290006373133,-83.2777700530693,Five Points,Woodbine St & W 7 Mile Rd
882ab2cc65fffff,5,1,Declining Hotspot,-4,-80.0,1.0,ALL,Crime Type,LARCENY,3,3,2025-11-07,2025-12-04,2025-12-05,2026-01-01,42.36292124299095,-83.238484125039,Franklin Park,W Chicago St & Heyden St
882ab2cc6dfffff,3,1,Declining Hotspot,-2,-66.67,1.0,ALL,Crime Type,LARCENY,3,3,2025-11-07,2025-12-04,2025-12-05,2026-01-01,42.3695246359902,-83.232456191969,Franklin Park,Orangelawn St & Warwick St
882ab2cd5dfffff,3,1,Declining Hotspot,-2,-66.67,1.0,ALL,Crime Type,LARCENY,3,3,2025-11-07,2025-12-04,2025-12-05,2026-01-01,42.3667879679357,-83.263199245126,West Outer Drive,Beaverland St & Elmira St
882ab2ce07fffff,4,1,Declining Hotspot,-3,-75.0,1.0,ALL,Crime Type,LARCENY,3,3,2025-11-07,2025-12-04,2025-12-05,2026-01-01,42.3805794690386,-83.16476764865536,Grand River-I96,Grand River Ave & Griggs St
882ab2ce1dfffff,3,1,Declining Hotspot,-2,-66.67,1.0,ALL,Crime Type,LARCENY,3,3,2025-11-07,2025-12-04,2025-12-05,2026-01-01,42.3782867594345,-83.1403815338275,Oakman Blvd Community,Cortland St & Ewald Cir
882ab2ce2dfffff,3,1,Declining Hotspot,-2,-66.67,1.0,ALL,Crime Type,LARCENY,3,3,2025-11-07,2025-12-04,2025-12-05,2026-01-01,42.3943851869428,-83.1906048808923,Hubbell-Lyndon,Whitcomb St & Lyndon St
882ab2ce3dfffff,5,1,Declining Hotspot,-4,-80.0,1.0,ALL,Crime Type,LARCENY,3,3,2025-11-07,2025-12-04,2025-12-05,2026-01-01,42.3755502420246,-83.1706008487181,Pride Area Community,Wadsworth St & Appoline
882ab2ce41fffff,4,1,Declining Hotspot,-3,-75.0,1.0,ALL,Crime Type,LARCENY,3,3,2025-11-07,2025-12-04,2025-12-05,2026-01-01,42.4075473870695,-83.1461042788721,Fitzgerald/Marygrove,Monica St & Keeler Ave
882ab2ce43fffff,4,1,Declining Hotspot,-3,-75.0,1.0,ALL,Crime Type,LARCENY,3,3,2025-11-07,2025-12-04,2025-12-05,2026-01-01,42.400394113821,-83.1412289140711,Chalfonte,Chalfonte St & Stoepel St
882ab2ce6dfffff,5,1,Declining Hotspot,-4,-80.0,1.0,ALL,Crime Type,LARCENY,3,3,2025-11-07,2025-12-04,2025-12-05,2026-01-01,42.4118076305669,-83.1797983731317,Harmony Village,Schaefer Hwy & W McNichols Rd
882ab2cee3fffff,3,1,Declining Hotspot,-2,-66.67,1.0,ALL,Crime Type,LARCENY,3,3,2025-11-07,2025-12-04,2025-12-05,2026-01-01,42.3409545626732,-83.1423493034604,Claytown,Kirkwood St & Cecil St
882ab2ceebfffff,4,1,Declining Hotspot,-3,-75.0,1.0,ALL,Crime Type,LARCENY,3,3,2025-11-07,2025-12-04,2025-12-05,2026-01-01,42.351688005481904,-83.1367079993483,Midwest,Wetherby St & Tireman St
882ab2cf07fffff,3,1,Declining Hotspot,-2,-66.67,1.0,ALL,Crime Type,LARCENY,3,3,2025-11-07,2025-12-04,2025-12-05,2026-01-01,42.3918944379709,-83.2456623946185,Brightmoor,Pierson St & Lyndon St
882ab2cf0bfffff,3,1,Declining Hotspot,-2,-66.67,1.0,ALL,Crime Type,LARCENY,3,3,2025-11-07,2025-12-04,2025-12-05,2026-01-01,42.39382103398785,-83.2249988543696,Rosedale Park,Greenview Rd & Lyndon St
882ab2cf61fffff,3,1,Declining Hotspot,-2,-66.67,1.0,ALL,Crime Type,LARCENY,3,3,2025-11-07,2025-12-04,2025-12-05,2026-01-01,42.4146741898092,-83.2568507845596,Oak Grove District 1,Chapel St & W McNichols Rd
882ab2d5b7fffff,4,1,Declining Hotspot,-3,-75.0,1.0,ALL,Crime Type,LARCENY,3,3,2025-11-07,2025-12-04,2025-12-05,2026-01-01,42.4383595504994,-82.9889717563696,Pulaski,E 7 Mile Rd & Schoenherr St
882ab21b65fffff,3,0,Declining Hotspot,-3,-100.0,0.0,ALL,Crime Type,LARCENY,3,3,2025-11-07,2025-12-04,2025-12-05,2026-01-01,42.2980415063833,-83.1305684869206,Springwells,Distel St & Olivet St
882ab21b69fffff,3,0,Declining Hotspot,-3,-100.0,0.0,ALL,Crime Type,LARCENY,3,3,2025-11-07,2025-12-04,2025-12-05,2026-01-01,42.305926064527895,-83.11105988951995,Central Southwest,Beard St & Lexington St
882ab2c0a1fffff,3,0,Declining Hotspot,-3,-100.0,0.0,ALL,Crime Type,LARCENY,3,3,2025-11-07,2025-12-04,2025-12-05,2026-01-01,42.4244874010249,-83.1356344850369,University District,Curtis St & Fairfield St
882ab2c0d5fffff,4,0,Declining Hotspot,-4,-100.0,0.0,ALL,Crime Type,LARCENY,3,3,2025-11-07,2025-12-04,2025-12-05,2026-01-01,42.4353407920037,-83.08535721004054,Nolan,Riopelle St & Emery St
882ab2c1a5fffff,3,0,Declining Hotspot,-3,-100.0,0.0,ALL,Crime Type,LARCENY,3,3,2025-11-07,2025-12-04,2025-12-05,2026-01-01,42.4406357147376,-83.2259087405984,O'Hair Park,Trojan St & Greenview Ave
882ab2c1bbfffff,3,0,Declining Hotspot,-3,-100.0,0.0,ALL,Crime Type,LARCENY,3,3,2025-11-07,2025-12-04,2025-12-05,2026-01-01,42.4201758426176,-83.182342101538,Winship,Lesure St & W Outer Dr
882ab2c46dfffff,3,0,Declining Hotspot,-3,-100.0,0.0,ALL,Crime Type,LARCENY,3,3,2025-11-07,2025-12-04,2025-12-05,2026-01-01,42.3908713599402,-83.0199600887698,Airport Sub,Maxwell St & Curt St
882ab2c509fffff,3,0,Declining Hotspot,-3,-100.0,0.0,ALL,Crime Type,LARCENY,3,3,2025-11-07,2025-12-04,2025-12-05,2026-01-01,42.3824109890764,-83.0692291580537,North End,E Euclid St & Riopelle St
882ab2c5c5fffff,5,0,Declining Hotspot,-5,-100.0,0.0,ALL,Crime Type,LARCENY,3,3,2025-11-07,2025-12-04,2025-12-05,2026-01-01,42.3446515628921,-83.0509682419891,Brush Park,Alfred St & Brush St
882ab2c607fffff,4,0,Declining Hotspot,-4,-100.0,0.0,ALL,Crime Type,LARCENY,3,3,2025-11-07,2025-12-04,2025-12-05,2026-01-01,42.4027898337408,-82.94904862188,Morningside,Southampton St & Somerset Ave
882ab2c609fffff,5,0,Declining Hotspot,-5,-100.0,0.0,ALL,Crime Type,LARCENY,3,3,2025-11-07,2025-12-04,2025-12-05,2026-01-01,42.4171371230563,-82.9366282920503,Yorkshire Woods,Harper Ave & Cadieux Rd
882ab2c711fffff,3,0,Declining Hotspot,-3,-100.0,0.0,ALL,Crime Type,LARCENY,3,3,2025-11-07,2025-12-04,2025-12-05,2026-01-01,42.40276504743625,-83.0001593510812,Airport Sub,French Rd & Traverse St
882ab2c725fffff,3,0,Declining Hotspot,-3,-100.0,0.0,ALL,Crime Type,LARCENY,3,3,2025-11-07,2025-12-04,2025-12-05,2026-01-01,42.4186787940394,-83.0636075716953,Davison,Conant St & E McNichols Rd
882ab2c727fffff,3,0,Declining Hotspot,-3,-100.0,0.0,ALL,Crime Type,LARCENY,3,3,2025-11-07,2025-12-04,2025-12-05,2026-01-01,42.41274493243,-83.0614762772905,Campau/Banglatown,E Davison St & Conant St
882ab2ca91fffff,3,0,Declining Hotspot,-3,-100.0,0.0,ALL,Crime Type,LARCENY,3,3,2025-11-07,2025-12-04,2025-12-05,2026-01-01,42.4365222139149,-83.2453426004845,Evergreen Lahser 7/8,Pembroke Ave & Kentfield St
882ab2cc05fffff,7,0,Declining Hotspot,-7,-100.0,0.0,ALL,Crime Type,LARCENY,3,3,2025-11-07,2025-12-04,2025-12-05,2026-01-01,42.3434016908208,-83.2207891741072,Warrendale,Sawyer St & Greenview Ave
882ab2cc23fffff,3,0,Declining Hotspot,-3,-100.0,0.0,ALL,Crime Type,LARCENY,3,3,2025-11-07,2025-12-04,2025-12-05,2026-01-01,42.3343331371858,-83.2337281289881,Warrendale,Dayton St & Evergreen Rd
882ab2cc5dfffff,3,0,Declining Hotspot,-3,-100.0,0.0,ALL,Crime Type,LARCENY,3,3,2025-11-07,2025-12-04,2025-12-05,2026-01-01,42.3536888078032,-83.1784750395891,Joy-Schaefer,Belton St & Carlin St
882ab2cc6bfffff,3,0,Declining Hotspot,-3,-100.0,0.0,ALL,Crime Type,LARCENY,3,3,2025-11-07,2025-12-04,2025-12-05,2026-01-01,42.3578434353762,-83.2168902458939,Franklin Park,Joy Rd & S M 39 Service Drive
882ab2cd49fffff,3,0,Declining Hotspot,-3,-100.0,0.0,ALL,Crime Type,LARCENY,3,3,2025-11-07,2025-12-04,2025-12-05,2026-01-01,42.3810030180834,-83.2721412434479,Castle Rouge,Appleton St & Glendale St
882ab2ce4bfffff,3,0,Declining Hotspot,-3,-100.0,0.0,ALL,Crime Type,LARCENY,3,3,2025-11-07,2025-12-04,2025-12-05,2026-01-01,42.4063612131365,-83.1344305332905,Pilgrim Village,Keeler Ave & Parkside St
882ab2ce55fffff,3,0,Declining Hotspot,-3,-100.0,0.0,ALL,Crime Type,LARCENY,3,3,2025-11-07,2025-12-04,2025-12-05,2026-01-01,42.3924332084077,-83.1397130917558,Oakman Blvd Community,Kendall St & Livernois Ave
882ab2cedbfffff,3,0,Declining Hotspot,-3,-100.0,0.0,ALL,Crime Type,LARCENY,3,3,2025-11-07,2025-12-04,2025-12-05,2026-01-01,42.3346819903025,-83.0842600935458,North Corktown,Butternut St & 18th St
882ab2cf49fffff,5,0,Declining Hotspot,-5,-100.0,0.0,ALL,Crime Type,LARCENY,3,3,2025-11-07,2025-12-04,2025-12-05,2026-01-01,42.4248549880698,-83.2179256175138,College Park,Margareta St & Lindsay St
882ab2cf6bfffff,5,0,Declining Hotspot,-5,-100.0,0.0,ALL,Crime Type,LARCENY,3,3,2025-11-07,2025-12-04,2025-12-05,2026-01-01,42.41156466965455,-83.244250479248,Holcomb Community,Grand River Ave & Patton St
882ab2d5b5fffff,6,0,Declining Hotspot,-6,-100.0,0.0,ALL,Crime Type,LARCENY,3,3,2025-11-07,2025-12-04,2025-12-05,2026-01-01,42.4456739782067,-82.9916402776304,Conner Creek,Fairport St & Bringard Dr
882ab2cf5bfffff,0,4,New Hotspot,4,,10.0,02,Crime Type,OBSTRUCTING JUDICIARY,3,4,2025-11-07,2025-12-04,2025-12-05,2026-01-01,42.40150199439465,-83.1960751937683,Hubbell-Lyndon,Greenfield Rd & Chalfonte St
882ab2c507fffff,0,3,New Hotspot,3,,7.5,03,Crime Type,OBSTRUCTING JUDICIARY,3,3,2025-11-07,2025-12-04,2025-12-05,2026-01-01,42.3697335528948,-83.08170174424,Virginia Park Community,W Grand Blvd & Lincoln St
882ab2cd19fffff,3,0,Declining Hotspot,-3,-100.0,0.0,06,Crime Type,OBSTRUCTING JUDICIARY,3,3,2025-11-07,2025-12-04,2025-12-05,2026-01-01,42.341771569579,-83.25865661373135,Far West Detroit,W Warren Rd & Dacosta
882ab2c431fffff,3,0,Declining Hotspot,-3,-100.0,0.0,07,Crime Type,OBSTRUCTING JUDICIARY,3,3,2025-11-07,2025-12-04,2025-12-05,2026-01-01,42.345732473251,-83.00686044990775,Islandview,E Congress St & Meldrum St
882ab2cf61fffff,0,4,New Hotspot,4,,10.0,08,Crime Type,OBSTRUCTING JUDICIARY,3,3,2025-11-07,2025-12-04,2025-12-05,2026-01-01,42.4146741898092,-83.2568507845596,Oak Grove District 1,Chapel St & W McNichols Rd
882ab2cf6bfffff,1,3,Emerging Hotspot,2,200.0,6.0,08,Crime Type,OBSTRUCTING JUDICIARY,3,3,2025-11-07,2025-12-04,2025-12-05,2026-01-01,42.41156466965455,-83.244250479248,Holcomb Community,Grand River Ave & Patton St
882ab2cf43fffff,5,0,Declining Hotspot,-5,-100.0,0.0,08,Crime Type,OBSTRUCTING JUDICIARY,3,3,2025-11-07,2025-12-04,2025-12-05,2026-01-01,42.4101104289,-83.2198432132234,North Rosedale Park,Florence St & Ashton Ave
882ab2cec1fffff,1,3,Emerging Hotspot,2,200.0,6.0,10,Crime Type,OBSTRUCTING JUDICIARY,3,3,2025-11-07,2025-12-04,2025-12-05,2026-01-01,42.3538480096582,-83.1172949752182,Midwest,Moore Pl & Scotten St
882ab2c0a1fffff,0,4,New Hotspot,4,,10.0,12,Crime Type,OBSTRUCTING JUDICIARY,3,3,2025-11-07,2025-12-04,2025-12-05,2026-01-01,42.4244874010249,-83.1356344850369,University District,Curtis St & Fairfield St
882ab2cf5bfffff,0,5,New Hotspot,5,,12.5,ALL,Crime Type,OBSTRUCTING JUDICIARY,3,3,2025-11-07,2025-12-04,2025-12-05,2026-01-01,42.40150199439465,-83.1960751937683,Hubbell-Lyndon,Greenfield Rd & Chalfonte St
882ab2c0a1fffff,0,4,New Hotspot,4,,10.0,ALL,Crime Type,OBSTRUCTING JUDICIARY,3,3,2025-11-07,2025-12-04,2025-12-05,2026-01-01,42.4244874010249,-83.1356344850369,University District,Curtis St & Fairfield St
882ab2cf61fffff,0,4,New Hotspot,4,,10.0,ALL,Crime Type,OBSTRUCTING JUDICIARY,3,3,2025-11-07,2025-12-04,2025-12-05,2026-01-01,42.4146741898092,-83.2568507845596,Oak Grove District 1,Chapel St & W McNichols Rd
882ab2c507fffff,0,3,New Hotspot,3,,7.5,ALL,Crime Type,OBSTRUCTING JUDICIARY,3,3,2025-11-07,2025-12-04,2025-12-05,2026-01-01,42.3697335528948,-83.08170174424,Virginia Park Community,W Grand Blvd & Lincoln St
882ab2ce07fffff,0,3,New Hotspot,3,,7.5,ALL,Crime Type,OBSTRUCTING JUDICIARY,3,3,2025-11-07,2025-12-04,2025-12-05,2026-01-01,42.3805794690386,-83.16476764865536,Grand River-I96,Grand River Ave & Griggs St
882ab2ce2bfffff,0,3,New Hotspot,3,,7.5,ALL,Crime Type,OBSTRUCTING JUDICIARY,3,3,2025-11-07,2025-12-04,2025-12-05,2026-01-01,42.3832082862042,-83.1757081426057,Grand River-I96,Grand River Ave & Lesure St
882ab2cec1fffff,1,3,Emerging Hotspot,2,200.0,6.0,ALL,Crime Type,OBSTRUCTING JUDICIARY,3,3,2025-11-07,2025-12-04,2025-12-05,2026-01-01,42.3538480096582,-83.1172949752182,Midwest,Moore Pl & Scotten St
882ab2cf6bfffff,1,3,Emerging Hotspot,2,200.0,6.0,ALL,Crime Type,OBSTRUCTING JUDICIARY,3,3,2025-11-07,2025-12-04,2025-12-05,2026-01-01,42.41156466965455,-83.244250479248,Holcomb Community,Grand River Ave & Patton St
882ab2c431fffff,3,0,Declining Hotspot,-3,-100.0,0.0,ALL,Crime Type,OBSTRUCTING JUDICIARY,3,3,2025-11-07,2025-12-04,2025-12-05,2026-01-01,42.345732473251,-83.00686044990775,Islandview,E Congress St & Meldrum St
882ab2cd19fffff,3,0,Declining Hotspot,-3,-100.0,0.0,ALL,Crime Type,OBSTRUCTING JUDICIARY,3,3,2025-11-07,2025-12-04,2025-12-05,2026-01-01,42.341771569579,-83.25865661373135,Far West Detroit,W Warren Rd & Dacosta
882ab2cf43fffff,5,0,Declining Hotspot,-5,-100.0,0.0,ALL,Crime Type,OBSTRUCTING JUDICIARY,3,3,2025-11-07,2025-12-04,2025-12-05,2026-01-01,42.4101104289,-83.2198432132234,North Rosedale Park,Florence St & Ashton Ave
882ab2c5ebfffff,0,3,New Hotspot,3,,7.5,03,Crime Type,OBSTRUCTING THE POLICE,3,3,2025-11-07,2025-12-04,2025-12-05,2026-01-01,42.3369889568907,-83.0517817737465,Downtown,Woodward Ave & E Adams Ave
882ab2c5e9fffff,3,1,Declining Hotspot,-2,-66.67,1.0,03,Crime Type,OBSTRUCTING THE POLICE,3,3,2025-11-07,2025-12-04,2025-12-05,2026-01-01,42.346487742123,-83.0580336249676,Midtown,Eliot St & Woodward Ave
882ab2c1a3fffff,1,3,Emerging Hotspot,2,200.0,6.0,08,Crime Type,OBSTRUCTING THE POLICE,3,3,2025-11-07,2025-12-04,2025-12-05,2026-01-01,42.4302920458498,-83.2117228159554,Greenfield,Oakfield St & W 7 Mile Rd
882ab2ce41fffff,0,3,New Hotspot,3,,7.5,12,Crime Type,OBSTRUCTING THE POLICE,3,3,2025-11-07,2025-12-04,2025-12-05,2026-01-01,42.4075473870695,-83.1461042788721,Fitzgerald/Marygrove,Monica St & Keeler Ave
882ab2ce6bfffff,0,4,New Hotspot,4,,10.0,ALL,Crime Type,OBSTRUCTING THE POLICE,3,3,2025-11-07,2025-12-04,2025-12-05,2026-01-01,42.4025284332423,-83.1651004313549,Bethune Community,Fenkell St & Wyoming St
882ab2c5ebfffff,0,3,New Hotspot,3,,7.5,ALL,Crime Type,OBSTRUCTING THE POLICE,3,3,2025-11-07,2025-12-04,2025-12-05,2026-01-01,42.3369889568907,-83.0517817737465,Downtown,Woodward Ave & E Adams Ave
882ab2ce41fffff,0,3,New Hotspot,3,,7.5,ALL,Crime Type,OBSTRUCTING THE POLICE,3,3,2025-11-07,2025-12-04,2025-12-05,2026-01-01,42.4075473870695,-83.1461042788721,Fitzgerald/Marygrove,Monica St & Keeler Ave
882ab2c1a3fffff,1,3,Emerging Hotspot,2,200.0,6.0,ALL,Crime Type,OBSTRUCTING THE POLICE,3,3,2025-11-07,2025-12-04,2025-12-05,2026-01-01,42.4302920458498,-83.2117228159554,Greenfield,Oakfield St & W 7 Mile Rd
882ab2c5e9fffff,3,1,Declining Hotspot,-2,-66.67,1.0,ALL,Crime Type,OBSTRUCTING THE POLICE,3,3,2025-11-07,2025-12-04,2025-12-05,2026-01-01,42.346487742123,-83.0580336249676,Midtown,Eliot St & Woodward Ave
882ab2c62bfffff,4,0,Declining Hotspot,-4,-100.0,0.0,09,Crime Type,OUIL,4,3,2025-11-07,2025-12-04,2025-12-05,2026-01-01,42.4065719044079,-82.9643445990192,Outer Drive-Hayes,Chalmers St & Kent St
882ab2c62bfffff,4,0,Declining Hotspot,-4,-100.0,0.0,ALL,Crime Type,OUIL,3,3,2025-11-07,2025-12-04,2025-12-05,2026-01-01,42.4065719044079,-82.9643445990192,Outer Drive-Hayes,Chalmers St & Kent St
882ab2cc49fffff,3,0,Declining Hotspot,-3,-100.0,0.0,02,Crime Type,ROBBERY,3,3,2025-11-07,2025-12-04,2025-12-05,2026-01-01,42.3704358941496,-83.1899171234106,Plymouth-Hubbell,Plymouth Rd & Strathmoor St
882ab2c5ebfffff,1,3,Emerging Hotspot,2,200.0,6.0,03,Crime Type,ROBBERY,3,3,2025-11-07,2025-12-04,2025-12-05,2026-01-01,42.3369889568907,-83.0517817737465,Downtown,Woodward Ave & E Adams Ave
882ab2cc67fffff,3,0,Declining Hotspot,-3,-100.0,0.0,06,Crime Type,ROBBERY,3,3,2025-11-07,2025-12-04,2025-12-05,2026-01-01,42.35570902059675,-83.2347281579616,Warrendale,Evergreen Rd & Joy Rd
882ab2c5cbfffff,3,0,Declining Hotspot,-3,-100.0,0.0,07,Crime Type,ROBBERY,3,3,2025-11-07,2025-12-04,2025-12-05,2026-01-01,42.3410176915525,-83.023266509099,Elmwood Park,E Jefferson Ave & Chene St
882ab2c719fffff,3,0,Declining Hotspot,-3,-100.0,0.0,09,Crime Type,ROBBERY,3,3,2025-11-07,2025-12-04,2025-12-05,2026-01-01,42.4085834761448,-82.9950846370677,Gratiot-Findlay,Gunston St & Gratiot Ave
882ab2c5ebfffff,1,3,Emerging Hotspot,2,200.0,6.0,ALL,Crime Type,ROBBERY,3,3,2025-11-07,2025-12-04,2025-12-05,2026-01-01,42.3369889568907,-83.0517817737465,Downtown,Woodward Ave & E Adams Ave
882ab2c5cbfffff,3,0,Declining Hotspot,-3,-100.0,0.0,ALL,Crime Type,ROBBERY,3,3,2025-11-07,2025-12-04,2025-12-05,2026-01-01,42.3410176915525,-83.023266509099,Elmwood Park,E Jefferson Ave & Chene St
882ab2c719fffff,3,0,Declining Hotspot,-3,-100.0,0.0,ALL,Crime Type,ROBBERY,3,3,2025-11-07,2025-12-04,2025-12-05,2026-01-01,42.4085834761448,-82.9950846370677,Gratiot-Findlay,Gunston St & Gratiot Ave
882ab2cc49fffff,3,0,Declining Hotspot,-3,-100.0,0.0,ALL,Crime Type,ROBBERY,3,3,2025-11-07,2025-12-04,2025-12-05,2026-01-01,42.3704358941496,-83.1899171234106,Plymouth-Hubbell,Plymouth Rd & Strathmoor St
882ab2cc67fffff,3,0,Declining Hotspot,-3,-100.0,0.0,ALL,Crime Type,ROBBERY,3,3,2025-11-07,2025-12-04,2025-12-05,2026-01-01,42.35570902059675,-83.2347281579616,Warrendale,Evergreen Rd & Joy Rd
882ab2c459fffff,7,1,Declining Hotspot,-6,-85.71,1.0,05,Crime Type,RUNAWAY,5,3,2025-11-07,2025-12-04,2025-12-05,2026-01-01,42.3778818761565,-82.9562455739032,Riverbend,Lenox St & E Vernor Hwy
882ab2c755fffff,0,3,New Hotspot,3,,7.5,09,Crime Type,RUNAWAY,3,3,2025-11-07,2025-12-04,2025-12-05,2026-01-01,42.4252867726769,-83.0043984036163,Von Steuben,Bradford St & Sauer St
882ab2c755fffff,0,3,New Hotspot,3,,7.5,ALL,Crime Type,RUNAWAY,3,3,2025-11-07,2025-12-04,2025-12-05,2026-01-01,42.4252867726769,-83.0043984036163,Von Steuben,Bradford St & Sauer St
882ab2c459fffff,7,1,Declining Hotspot,-6,-85.71,1.0,ALL,Crime Type,RUNAWAY,3,3,2025-11-07,2025-12-04,2025-12-05,2026-01-01,42.3778818761565,-82.9562455739032,Riverbend,Lenox St & E Vernor Hwy
882ab2c513fffff,0,4,New Hotspot,4,,10.0,03,Crime Type,SEX OFFENSES,3,4,2025-11-07,2025-12-04,2025-12-05,2026-01-01,42.3499880586953,-83.0523699915006,Medical Center,Beaubien St & Mack Ave
882ab2c627fffff,6,0,Declining Hotspot,-6,-100.0,0.0,09,Crime Type,SEX OFFENSES,4,3,2025-11-07,2025-12-04,2025-12-05,2026-01-01,42.400216790199,-82.9821529906713,Ravendale,Harper Ave & Norcross St
882ab2c62bfffff,4,0,Declining Hotspot,-4,-100.0,0.0,09,Crime Type,SEX OFFENSES,4,3,2025-11-07,2025-12-04,2025-12-05,2026-01-01,42.4065719044079,-82.9643445990192,Outer Drive-Hayes,Chalmers St & Kent St
882ab2c083fffff,8,0,Declining Hotspot,-8,-100.0,0.0,12,Crime Type,SEX OFFENSES,3,3,2025-11-07,2025-12-04,2025-12-05,2026-01-01,42.4246676316987,-83.1018944417945,Grixdale Farms,E Dakota Ave & John R St
882ab2c513fffff,0,4,New Hotspot,4,,10.0,ALL,Crime Type,SEX OFFENSES,3,3,2025-11-07,2025-12-04,2025-12-05,2026-01-01,42.3499880586953,-83.0523699915006,Medical Center,Beaubien St & Mack Ave
882ab2c5e9fffff,0,3,New Hotspot,3,,7.5,ALL,Crime Type,SEX OFFENSES,3,3,2025-11-07,2025-12-04,2025-12-05,2026-01-01,42.346487742123,-83.0580336249676,Midtown,Eliot St & Woodward Ave
882ab2c083fffff,8,0,Declining Hotspot,-8,-100.0,0.0,ALL,Crime Type,SEX OFFENSES,3,3,2025-11-07,2025-12-04,2025-12-05,2026-01-01,42.4246676316987,-83.1018944417945,Grixdale Farms,E Dakota Ave & John R St
882ab2c627fffff,6,0,Declining Hotspot,-6,-100.0,0.0,ALL,Crime Type,SEX OFFENSES,3,3,2025-11-07,2025-12-04,2025-12-05,2026-01-01,42.400216790199,-82.9821529906713,Ravendale,Harper Ave & Norcross St
882ab2c62bfffff,4,0,Declining Hotspot,-4,-100.0,0.0,ALL,Crime Type,SEX OFFENSES,3,3,2025-11-07,2025-12-04,2025-12-05,2026-01-01,42.4065719044079,-82.9643445990192,Outer Drive-Hayes,Chalmers St & Kent St
882ab2c609fffff,1,5,Emerging Hotspot,4,400.0,11.0,05,Crime Type,STOLEN PROPERTY,3,3,2025-11-07,2025-12-04,2025-12-05,2026-01-01,42.4171371230563,-82.9366282920503,Yorkshire Woods,Harper Ave & Cadieux Rd
882ab2cc2dfffff,0,4,New Hotspot,4,,10.0,06,Crime Type,STOLEN PROPERTY,3,3,2025-11-07,2025-12-04,2025-12-05,2026-01-01,42.3503213294463,-83.2406201033814,Warrendale,Braile St & Belton Ave
882ab2c66bfffff,0,3,New Hotspot,3,,7.5,09,Crime Type,STOLEN PROPERTY,3,3,2025-11-07,2025-12-04,2025-12-05,2026-01-01,42.42632688143855,-82.9499411616721,Moross-Morang,Lakepointe St & Morang Dr
882ab2c757fffff,0,3,New Hotspot,3,,7.5,09,Crime Type,STOLEN PROPERTY,3,3,2025-11-07,2025-12-04,2025-12-05,2026-01-01,42.4179790722437,-82.99945841990356,LaSalle College Park,Strasburg St & E McNichols Rd
882ab2c507fffff,3,0,Declining Hotspot,-3,-100.0,0.0,10,Crime Type,STOLEN PROPERTY,3,3,2025-11-07,2025-12-04,2025-12-05,2026-01-01,42.3697335528948,-83.08170174424,Virginia Park Community,W Grand Blvd & Lincoln St
882ab2cc2dfffff,0,4,New Hotspot,4,,10.0,ALL,Crime Type,STOLEN PROPERTY,3,3,2025-11-07,2025-12-04,2025-12-05,2026-01-01,42.3503213294463,-83.2406201033814,Warrendale,Braile St & Belton Ave
882ab2c66bfffff,0,3,New Hotspot,3,,7.5,ALL,Crime Type,STOLEN PROPERTY,3,3,2025-11-07,2025-12-04,2025-12-05,2026-01-01,42.42632688143855,-82.9499411616721,Moross-Morang,Lakepointe St & Morang Dr
882ab2c757fffff,0,3,New Hotspot,3,,7.5,ALL,Crime Type,STOLEN PROPERTY,3,3,2025-11-07,2025-12-04,2025-12-05,2026-01-01,42.4179790722437,-82.99945841990356,LaSalle College Park,Strasburg St & E McNichols Rd
882ab2c609fffff,1,6,Emerging Hotspot,5,500.0,13.5,ALL,Crime Type,STOLEN PROPERTY,3,3,2025-11-07,2025-12-04,2025-12-05,2026-01-01,42.4171371230563,-82.9366282920503,Yorkshire Woods,Harper Ave & Cadieux Rd
882ab2c507fffff,3,0,Declining Hotspot,-3,-100.0,0.0,ALL,Crime Type,STOLEN PROPERTY,3,3,2025-11-07,2025-12-04,2025-12-05,2026-01-01,42.3697335528948,-83.08170174424,Virginia Park Community,W Grand Blvd & Lincoln St
882ab2ce07fffff,2,3,Emerging Hotspot,1,50.0,4.5,02,Crime Type,STOLEN VEHICLE,3,3,2025-11-07,2025-12-04,2025-12-05,2026-01-01,42.3805794690386,-83.16476764865536,Grand River-I96,Grand River Ave & Griggs St
882ab2ce33fffff,5,2,Declining Hotspot,-3,-60.0,2.0,02,Crime Type,STOLEN VEHICLE,3,3,2025-11-07,2025-12-04,2025-12-05,2026-01-01,42.3597662727578,-83.1641413385951,Barton-McFarland,Ellis St & Meyers Rd
882ab2ce37fffff,3,1,Declining Hotspot,-2,-66.67,1.0,02,Crime Type,STOLEN VEHICLE,3,3,2025-11-07,2025-12-04,2025-12-05,2026-01-01,42.3597958521912,-83.171554584413,Barton-McFarland,Appoline & Joy Rd
882ab2ce3dfffff,4,1,Declining Hotspot,-3,-75.0,1.0,02,Crime Type,STOLEN VEHICLE,3,3,2025-11-07,2025-12-04,2025-12-05,2026-01-01,42.3755502420246,-83.1706008487181,Pride Area Community,Wadsworth St & Appoline
882ab2cee1fffff,4,0,Declining Hotspot,-4,-100.0,0.0,02,Crime Type,STOLEN VEHICLE,3,3,2025-11-07,2025-12-04,2025-12-05,2026-01-01,42.3535457172177,-83.14652998379975,Midwest,Belton St & Roselawn St
882ab2c5e3fffff,1,5,Emerging Hotspot,4,400.0,11.0,03,Crime Type,STOLEN VEHICLE,3,3,2025-11-07,2025-12-04,2025-12-05,2026-01-01,42.3323027840917,-83.057812497388,Downtown,Bagley St & 3rd St
882ab2c517fffff,2,4,Emerging Hotspot,2,100.0,7.0,03,Crime Type,STOLEN VEHICLE,3,3,2025-11-07,2025-12-04,2025-12-05,2026-01-01,42.3547448078777,-83.0636943175046,Midtown,W Hancock St & Woodward Ave
882ab2c58dfffff,2,4,Emerging Hotspot,2,100.0,7.0,03,Crime Type,STOLEN VEHICLE,3,3,2025-11-07,2025-12-04,2025-12-05,2026-01-01,42.3325162414365,-83.0493954373665,Downtown,John R St & Woodward Ave
882ab2c5edfffff,2,3,Emerging Hotspot,1,50.0,4.5,03,Crime Type,STOLEN VEHICLE,3,3,2025-11-07,2025-12-04,2025-12-05,2026-01-01,42.3487242716004,-83.0687031319813,Midtown,W Alexandrine St & 2nd Ave
882ab2c5ebfffff,3,3,Persistent Hotspot,0,0.0,4.05,03,Crime Type,STOLEN VEHICLE,3,3,2025-11-07,2025-12-04,2025-12-05,2026-01-01,42.3369889568907,-83.0517817737465,Downtown,Woodward Ave & E Adams Ave
882ab2c501fffff,4,1,Declining Hotspot,-3,-75.0,1.0,03,Crime Type,STOLEN VEHICLE,3,3,2025-11-07,2025-12-04,2025-12-05,2026-01-01,42.3760635916825,-83.0774215036196,North End,Seward St & Virginia Park Ct
882ab2c5c7fffff,3,1,Declining Hotspot,-2,-66.67,1.0,03,Crime Type,STOLEN VEHICLE,3,3,2025-11-07,2025-12-04,2025-12-05,2026-01-01,42.3340146833249,-83.0431303273926,Greektown,Beaubien St & E Lafayette St
882ab2c53bfffff,3,0,Declining Hotspot,-3,-100.0,0.0,03,Crime Type,STOLEN VEHICLE,3,3,2025-11-07,2025-12-04,2025-12-05,2026-01-01,42.3546909528293,-83.0731579493817,Wayne State,Anthony Wayne Dr & 3rd St
882ab2cc93fffff,0,3,New Hotspot,3,,7.5,04,Crime Type,STOLEN VEHICLE,3,3,2025-11-07,2025-12-04,2025-12-05,2026-01-01,42.2666572840668,-83.1560066412194,Boynton,S Annabelle St & Omaha St
882ab2cebbfffff,1,3,Emerging Hotspot,2,200.0,6.0,04,Crime Type,STOLEN VEHICLE,3,3,2025-11-07,2025-12-04,2025-12-05,2026-01-01,42.3128380399185,-83.12812257015175,Springwells,Carson St & Belle St
882ab2c45bfffff,4,2,Declining Hotspot,-2,-50.0,2.0,05,Crime Type,STOLEN VEHICLE,3,3,2025-11-07,2025-12-04,2025-12-05,2026-01-01,42.3670015420734,-82.9527279065765,Jefferson Chalmers,Dickerson St & Freud St
882ab2c603fffff,3,2,Declining Hotspot,-1,-33.33,2.0,05,Crime Type,STOLEN VEHICLE,3,3,2025-11-07,2025-12-04,2025-12-05,2026-01-01,42.4029894505433,-82.9399556381637,Morningside,Audubon Rd & E Warren Ave
882ab2c635fffff,3,2,Declining Hotspot,-1,-33.33,2.0,05,Crime Type,STOLEN VEHICLE,3,3,2025-11-07,2025-12-04,2025-12-05,2026-01-01,42.392752502427854,-82.96421520979891,Fox Creek,Algonquin St & E Warren Ave
882ab2c639fffff,3,0,Declining Hotspot,-3,-100.0,0.0,05,Crime Type,STOLEN VEHICLE,3,3,2025-11-07,2025-12-04,2025-12-05,2026-01-01,42.396523205589645,-82.94466548995295,Morningside,E Warren Ave & Berkshire St
882ab2c655fffff,4,0,Declining Hotspot,-4,-100.0,0.0,05,Crime Type,STOLEN VEHICLE,3,3,2025-11-07,2025-12-04,2025-12-05,2026-01-01,42.4144194973635,-82.9249145917571,Cornerstone Village,Neff Ave & Linville St
882ab2cc2dfffff,3,3,Persistent Hotspot,0,0.0,4.05,06,Crime Type,STOLEN VEHICLE,3,3,2025-11-07,2025-12-04,2025-12-05,2026-01-01,42.3503213294463,-83.2406201033814,Warrendale,Braile St & Belton Ave
882ab2cc29fffff,3,2,Declining Hotspot,-1,-33.33,2.0,06,Crime Type,STOLEN VEHICLE,3,3,2025-11-07,2025-12-04,2025-12-05,2026-01-01,42.3468525586803,-83.2295763766551,Warrendale,W Warren Ave & Grandville Ave
882ab2cd49fffff,3,2,Declining Hotspot,-1,-33.33,2.0,06,Crime Type,STOLEN VEHICLE,3,3,2025-11-07,2025-12-04,2025-12-05,2026-01-01,42.3810030180834,-83.2721412434479,Castle Rouge,Appleton St & Glendale St
882ab2cc2bfffff,3,1,Declining Hotspot,-2,-66.67,1.0,06,Crime Type,STOLEN VEHICLE,3,3,2025-11-07,2025-12-04,2025-12-05,2026-01-01,42.3396077393422,-83.22680751775106,Warrendale,Warwick St & Whitlock St
882ab2cc61fffff,4,1,Declining Hotspot,-3,-75.0,1.0,06,Crime Type,STOLEN VEHICLE,3,3,2025-11-07,2025-12-04,2025-12-05,2026-01-01,42.3611596478804,-83.226246313219,Franklin Park,Artesian St & Joy Rd
882ab2cc65fffff,3,1,Declining Hotspot,-2,-66.67,1.0,06,Crime Type,STOLEN VEHICLE,3,3,2025-11-07,2025-12-04,2025-12-05,2026-01-01,42.36292124299095,-83.238484125039,Franklin Park,W Chicago St & Heyden St
882ab2cc67fffff,3,1,Declining Hotspot,-2,-66.67,1.0,06,Crime Type,STOLEN VEHICLE,3,3,2025-11-07,2025-12-04,2025-12-05,2026-01-01,42.35570902059675,-83.2347281579616,Warrendale,Evergreen Rd & Joy Rd
882ab2cc0dfffff,3,0,Declining Hotspot,-3,-100.0,0.0,06,Crime Type,STOLEN VEHICLE,3,3,2025-11-07,2025-12-04,2025-12-05,2026-01-01,42.3525705286139,-83.2113422018863,Garden View,Gardenview Cir & Memorial Ave
882ab2c5c3fffff,3,4,Persistent Hotspot,1,33.33,6.9,07,Crime Type,STOLEN VEHICLE,3,3,2025-11-07,2025-12-04,2025-12-05,2026-01-01,42.3364259425427,-83.0292011368974,Lafayette Park,Saint Aubin St & E Larned St
882ab2c439fffff,6,2,Declining Hotspot,-4,-66.67,2.0,07,Crime Type,STOLEN VEHICLE,3,3,2025-11-07,2025-12-04,2025-12-05,2026-01-01,42.3519526429914,-82.9967383380492,West Village,E Jefferson Ave & Parker St
882ab2c5c1fffff,3,1,Declining Hotspot,-2,-66.67,1.0,07,Crime Type,STOLEN VEHICLE,3,3,2025-11-07,2025-12-04,2025-12-05,2026-01-01,42.3423666128366,-83.0379321607677,Lafayette Park,Pembridge Pl & Saint Aubin St
882ab2c5c9fffff,5,1,Declining Hotspot,-4,-80.0,1.0,07,Crime Type,STOLEN VEHICLE,3,3,2025-11-07,2025-12-04,2025-12-05,2026-01-01,42.3502542019417,-83.0302985615252,Elmwood Park,Prince Hall Dr & Chene St
882ab2c5cbfffff,4,0,Declining Hotspot,-4,-100.0,0.0,07,Crime Type,STOLEN VEHICLE,3,3,2025-11-07,2025-12-04,2025-12-05,2026-01-01,42.3410176915525,-83.023266509099,Elmwood Park,E Jefferson Ave & Chene St
882ab2c1a1fffff,0,3,New Hotspot,3,,7.5,08,Crime Type,STOLEN VEHICLE,3,3,2025-11-07,2025-12-04,2025-12-05,2026-01-01,42.4391166911026,-83.2147547019169,Greenfield,Pembroke Ave & Lindsay St
882ab2ca9bfffff,0,3,New Hotspot,3,,7.5,08,Crime Type,STOLEN VEHICLE,3,3,2025-11-07,2025-12-04,2025-12-05,2026-01-01,42.4321091650332,-83.234526339214,O'Hair Park,Cambridge Ave & Annchester Rd
882ab2cf01fffff,0,3,New Hotspot,3,,7.5,08,Crime Type,STOLEN VEHICLE,3,3,2025-11-07,2025-12-04,2025-12-05,2026-01-01,42.399468635720496,-83.2373575705194,Brightmoor,Eaton St & Heyden St
882ab2cf5dfffff,2,6,Emerging Hotspot,4,200.0,12.0,08,Crime Type,STOLEN VEHICLE,3,3,2025-11-07,2025-12-04,2025-12-05,2026-01-01,42.4103285053167,-83.2108407677899,Crary/St Marys,Verne St & Biltmore St
882ab2ca93fffff,2,4,Emerging Hotspot,2,100.0,7.0,08,Crime Type,STOLEN VEHICLE,3,3,2025-11-07,2025-12-04,2025-12-05,2026-01-01,42.4294810884543,-83.2416290872179,Holcomb Community,W 7 Mile Rd & Patton St
882ab2cf05fffff,1,3,Emerging Hotspot,2,200.0,6.0,08,Crime Type,STOLEN VEHICLE,3,3,2025-11-07,2025-12-04,2025-12-05,2026-01-01,42.4005943761552,-83.2460429101326,Brightmoor,Braile St & Keeler St
882ab2cf4bfffff,4,2,Declining Hotspot,-2,-50.0,2.0,08,Crime Type,STOLEN VEHICLE,3,3,2025-11-07,2025-12-04,2025-12-05,2026-01-01,42.4155656036928,-83.2145581138045,College Park,N M 39 & W McNichols Rd
882ab2cf19fffff,5,0,Declining Hotspot,-5,-100.0,0.0,08,Crime Type,STOLEN VEHICLE,3,3,2025-11-07,2025-12-04,2025-12-05,2026-01-01,42.3869129487853,-83.209113687157,Grandmont,Rutland St & Kendall St
882ab2d5b7fffff,1,5,Emerging Hotspot,4,400.0,11.0,09,Crime Type,STOLEN VEHICLE,3,3,2025-11-07,2025-12-04,2025-12-05,2026-01-01,42.4383595504994,-82.9889717563696,Pulaski,E 7 Mile Rd & Schoenherr St
882ab2c647fffff,1,4,Emerging Hotspot,3,300.0,8.5,09,Crime Type,STOLEN VEHICLE,3,3,2025-11-07,2025-12-04,2025-12-05,2026-01-01,42.4244778056882,-82.9407430774162,Moross-Morang,Casino St & Somerset Ave
882ab2c605fffff,1,3,Emerging Hotspot,2,200.0,6.0,09,Crime Type,STOLEN VEHICLE,3,3,2025-11-07,2025-12-04,2025-12-05,2026-01-01,42.41182849365295,-82.9542600506487,Outer Drive-Hayes,Beaconsfield St & Courville St
882ab2c60dfffff,1,3,Emerging Hotspot,2,200.0,6.0,09,Crime Type,STOLEN VEHICLE,3,3,2025-11-07,2025-12-04,2025-12-05,2026-01-01,42.4197410360825,-82.9462573545625,Yorkshire Woods,Nottingham Rd & Britain St
882ab2c629fffff,2,3,Emerging Hotspot,1,50.0,4.5,09,Crime Type,STOLEN VEHICLE,3,3,2025-11-07,2025-12-04,2025-12-05,2026-01-01,42.4133086158442,-82.9669394617187,Outer Drive-Hayes,Promenade St & Philip St
882ab2d5b3fffff,2,3,Emerging Hotspot,1,50.0,4.5,09,Crime Type,STOLEN VEHICLE,3,3,2025-11-07,2025-12-04,2025-12-05,2026-01-01,42.4351378710972,-82.9776864504547,Franklin,Chalmers St & E 7 Mile Rd
882ab2d5bbfffff,2,3,Emerging Hotspot,1,50.0,4.5,09,Crime Type,STOLEN VEHICLE,3,3,2025-11-07,2025-12-04,2025-12-05,2026-01-01,42.4434084434849,-82.970791942545,Regent Park,Queen St & Rossini Dr
882ab2d5b5fffff,3,5,Persistent Hotspot,2,66.67,9.75,09,Crime Type,STOLEN VEHICLE,3,3,2025-11-07,2025-12-04,2025-12-05,2026-01-01,42.4456739782067,-82.9916402776304,Conner Creek,Fairport St & Bringard Dr
882ab2c663fffff,5,2,Declining Hotspot,-3,-60.0,2.0,09,Crime Type,STOLEN VEHICLE,3,3,2025-11-07,2025-12-04,2025-12-05,2026-01-01,42.4203963608699,-82.9577493746717,Denby,Grayton St & Lansdowne St
882ab2c621fffff,3,0,Declining Hotspot,-3,-100.0,0.0,09,Crime Type,STOLEN VEHICLE,3,3,2025-11-07,2025-12-04,2025-12-05,2026-01-01,42.4075024957147,-82.9724653504497,Outer Drive-Hayes,Chalmers St & Maiden St
882ab2c669fffff,3,0,Declining Hotspot,-3,-100.0,0.0,09,Crime Type,STOLEN VEHICLE,3,3,2025-11-07,2025-12-04,2025-12-05,2026-01-01,42.4331934041443,-82.9549172238386,Mapleridge,Kelly Rd & Linnhurst St
882ab2c53dfffff,1,3,Emerging Hotspot,2,200.0,6.0,10,Crime Type,STOLEN VEHICLE,3,3,2025-11-07,2025-12-04,2025-12-05,2026-01-01,42.364597989538,-83.0938448650044,LaSalle Gardens,W Grand Blvd & Hanover St
882ab2c527fffff,5,0,Declining Hotspot,-5,-100.0,0.0,10,Crime Type,STOLEN VEHICLE,3,3,2025-11-07,2025-12-04,2025-12-05,2026-01-01,42.3687090022666,-83.1138186796188,Jamison,Atkinson St & Dexter Ave
882ab2ce47fffff,3,0,Declining Hotspot,-3,-100.0,0.0,10,Crime Type,STOLEN VEHICLE,3,3,2025-11-07,2025-12-04,2025-12-05,2026-01-01,42.4010902320439,-83.1543166634489,Chalfonte,Cherrylawn St & Eaton St
882ab2c0d5fffff,1,3,Emerging Hotspot,2,200.0,6.0,11,Crime Type,STOLEN VEHICLE,3,3,2025-11-07,2025-12-04,2025-12-05,2026-01-01,42.4353407920037,-83.08535721004054,Nolan,Riopelle St & Emery St
882ab2c193fffff,1,3,Emerging Hotspot,2,200.0,6.0,12,Crime Type,STOLEN VEHICLE,3,3,2025-11-07,2025-12-04,2025-12-05,2026-01-01,42.4169437403662,-83.1603122492298,Schulze,W McNichols Rd & Wyoming St
882ab2c19bfffff,1,3,Emerging Hotspot,2,200.0,6.0,12,Crime Type,STOLEN VEHICLE,3,3,2025-11-07,2025-12-04,2025-12-05,2026-01-01,42.4242861135931,-83.15337759519235,Bagley,Thatcher St & Indiana St
882ab2c0a5fffff,2,3,Emerging Hotspot,1,50.0,4.5,12,Crime Type,STOLEN VEHICLE,3,3,2025-11-07,2025-12-04,2025-12-05,2026-01-01,42.4296303142821,-83.1435817768685,Bagley,Livernois Ave & W 7 Mile Rd
882ab2c1b9fffff,2,3,Emerging Hotspot,1,50.0,4.5,12,Crime Type,STOLEN VEHICLE,3,3,2025-11-07,2025-12-04,2025-12-05,2026-01-01,42.4273222133839,-83.18755904420081,Winship,Margareta St & Mark Twain St
882ab2c0a7fffff,3,3,Persistent Hotspot,0,0.0,4.05,12,Crime Type,STOLEN VEHICLE,3,3,2025-11-07,2025-12-04,2025-12-05,2026-01-01,42.424372661051,-83.1412534391509,University District,Pickford St & Livernois Ave
882ab2c0adfffff,3,3,Persistent Hotspot,0,0.0,4.05,12,Crime Type,STOLEN VEHICLE,3,3,2025-11-07,2025-12-04,2025-12-05,2026-01-01,42.4370310784254,-83.1416885783729,Sherwood Forest,Livernois Ave & Saint Martins Ave
882ab2ce69fffff,3,3,Persistent Hotspot,0,0.0,4.05,12,Crime Type,STOLEN VEHICLE,3,3,2025-11-07,2025-12-04,2025-12-05,2026-01-01,42.41199469544685,-83.1698402050922,Fitzgerald/Marygrove,Florence St & Mendota St
882ab2c19dfffff,3,1,Declining Hotspot,-2,-66.67,1.0,12,Crime Type,STOLEN VEHICLE,3,3,2025-11-07,2025-12-04,2025-12-05,2026-01-01,42.43306189999275,-83.1697457526532,McDowell,Meyers Rd & W 7 Mile Rd
882ab2c1bbfffff,4,1,Declining Hotspot,-3,-75.0,1.0,12,Crime Type,STOLEN VEHICLE,3,3,2025-11-07,2025-12-04,2025-12-05,2026-01-01,42.4201758426176,-83.182342101538,Winship,Lesure St & W Outer Dr
882ab2c1d7fffff,3,1,Declining Hotspot,-2,-66.67,1.0,12,Crime Type,STOLEN VEHICLE,3,3,2025-11-07,2025-12-04,2025-12-05,2026-01-01,42.4408096985575,-83.1610973329709,Garden Homes,Indiana St & Chippewa St
882ab2c191fffff,3,0,Declining Hotspot,-3,-100.0,0.0,12,Crime Type,STOLEN VEHICLE,3,3,2025-11-07,2025-12-04,2025-12-05,2026-01-01,42.4242003517172,-83.1649535659357,Schulze,Margareta St & Manor St
882ab2ce61fffff,3,0,Declining Hotspot,-3,-100.0,0.0,12,Crime Type,STOLEN VEHICLE,3,3,2025-11-07,2025-12-04,2025-12-05,2026-01-01,42.4039669003558,-83.1770453257813,Bethune Community,Schaefer Hwy & Keeler Ave
882ab2c1a1fffff,0,3,New Hotspot,3,,7.5,ALL,Crime Type,STOLEN VEHICLE,3,3,2025-11-07,2025-12-04,2025-12-05,2026-01-01,42.4391166911026,-83.2147547019169,Greenfield,Pembroke Ave & Lindsay St
882ab2ca9bfffff,0,3,New Hotspot,3,,7.5,ALL,Crime Type,STOLEN VEHICLE,3,3,2025-11-07,2025-12-04,2025-12-05,2026-01-01,42.4321091650332,-83.234526339214,O'Hair Park,Cambridge Ave & Annchester Rd
882ab2cc93fffff,0,3,New Hotspot,3,,7.5,ALL,Crime Type,STOLEN VEHICLE,3,3,2025-11-07,2025-12-04,2025-12-05,2026-01-01,42.2666572840668,-83.1560066412194,Boynton,S Annabelle St & Omaha St
882ab2cf01fffff,0,3,New Hotspot,3,,7.5,ALL,Crime Type,STOLEN VEHICLE,3,3,2025-11-07,2025-12-04,2025-12-05,2026-01-01,42.399468635720496,-83.2373575705194,Brightmoor,Eaton St & Heyden St
882ab2cf5dfffff,2,6,Emerging Hotspot,4,200.0,12.0,ALL,Crime Type,STOLEN VEHICLE,3,3,2025-11-07,2025-12-04,2025-12-05,2026-01-01,42.4103285053167,-83.2108407677899,Crary/St Marys,Verne St & Biltmore St
882ab2c5e3fffff,1,5,Emerging Hotspot,4,400.0,11.0,ALL,Crime Type,STOLEN VEHICLE,3,3,2025-11-07,2025-12-04,2025-12-05,2026-01-01,42.3323027840917,-83.057812497388,Downtown,Bagley St & 3rd St
882ab2d5b7fffff,1,5,Emerging Hotspot,4,400.0,11.0,ALL,Crime Type,STOLEN VEHICLE,3,3,2025-11-07,2025-12-04,2025-12-05,2026-01-01,42.4383595504994,-82.9889717563696,Pulaski,E 7 Mile Rd & Schoenherr St
882ab2c647fffff,1,4,Emerging Hotspot,3,300.0,8.5,ALL,Crime Type,STOLEN VEHICLE,3,3,2025-11-07,2025-12-04,2025-12-05,2026-01-01,42.4244778056882,-82.9407430774162,Moross-Morang,Casino St & Somerset Ave
882ab2c517fffff,2,4,Emerging Hotspot,2,100.0,7.0,ALL,Crime Type,STOLEN VEHICLE,3,3,2025-11-07,2025-12-04,2025-12-05,2026-01-01,42.3547448078777,-83.0636943175046,Midtown,W Hancock St & Woodward Ave
882ab2c53dfffff,2,4,Emerging Hotspot,2,100.0,7.0,ALL,Crime Type,STOLEN VEHICLE,3,3,2025-11-07,2025-12-04,2025-12-05,2026-01-01,42.364597989538,-83.0938448650044,LaSalle Gardens,W Grand Blvd & Hanover St
882ab2c58dfffff,2,4,Emerging Hotspot,2,100.0,7.0,ALL,Crime Type,STOLEN VEHICLE,3,3,2025-11-07,2025-12-04,2025-12-05,2026-01-01,42.3325162414365,-83.0493954373665,Downtown,John R St & Woodward Ave
882ab2ca93fffff,2,4,Emerging Hotspot,2,100.0,7.0,ALL,Crime Type,STOLEN VEHICLE,3,3,2025-11-07,2025-12-04,2025-12-05,2026-01-01,42.4294810884543,-83.2416290872179,Holcomb Community,W 7 Mile Rd & Patton St
882ab2c0d5fffff,1,3,Emerging Hotspot,2,200.0,6.0,ALL,Crime Type,STOLEN VEHICLE,3,3,2025-11-07,2025-12-04,2025-12-05,2026-01-01,42.4353407920037,-83.08535721004054,Nolan,Riopelle St & Emery St
882ab2c193fffff,1,3,Emerging Hotspot,2,200.0,6.0,ALL,Crime Type,STOLEN VEHICLE,3,3,2025-11-07,2025-12-04,2025-12-05,2026-01-01,42.4169437403662,-83.1603122492298,Schulze,W McNichols Rd & Wyoming St
882ab2c19bfffff,1,3,Emerging Hotspot,2,200.0,6.0,ALL,Crime Type,STOLEN VEHICLE,3,3,2025-11-07,2025-12-04,2025-12-05,2026-01-01,42.4242861135931,-83.15337759519235,Bagley,Thatcher St & Indiana St
882ab2c605fffff,1,3,Emerging Hotspot,2,200.0,6.0,ALL,Crime Type,STOLEN VEHICLE,3,3,2025-11-07,2025-12-04,2025-12-05,2026-01-01,42.41182849365295,-82.9542600506487,Outer Drive-Hayes,Beaconsfield St & Courville St
882ab2c60dfffff,1,3,Emerging Hotspot,2,200.0,6.0,ALL,Crime Type,STOLEN VEHICLE,3,3,2025-11-07,2025-12-04,2025-12-05,2026-01-01,42.4197410360825,-82.9462573545625,Yorkshire Woods,Nottingham Rd & Britain St
882ab2cebbfffff,1,3,Emerging Hotspot,2,200.0,6.0,ALL,Crime Type,STOLEN VEHICLE,3,3,2025-11-07,2025-12-04,2025-12-05,2026-01-01,42.3128380399185,-83.12812257015175,Springwells,Carson St & Belle St
882ab2cf05fffff,1,3,Emerging Hotspot,2,200.0,6.0,ALL,Crime Type,STOLEN VEHICLE,3,3,2025-11-07,2025-12-04,2025-12-05,2026-01-01,42.4005943761552,-83.2460429101326,Brightmoor,Braile St & Keeler St
882ab2c0a5fffff,2,3,Emerging Hotspot,1,50.0,4.5,ALL,Crime Type,STOLEN VEHICLE,3,3,2025-11-07,2025-12-04,2025-12-05,2026-01-01,42.4296303142821,-83.1435817768685,Bagley,Livernois Ave & W 7 Mile Rd
882ab2c1b9fffff,2,3,Emerging Hotspot,1,50.0,4.5,ALL,Crime Type,STOLEN VEHICLE,3,3,2025-11-07,2025-12-04,2025-12-05,2026-01-01,42.4273222133839,-83.18755904420081,Winship,Margareta St & Mark Twain St
882ab2c5edfffff,2,3,Emerging Hotspot,1,50.0,4.5,ALL,Crime Type,STOLEN VEHICLE,3,3,2025-11-07,2025-12-04,2025-12-05,2026-01-01,42.3487242716004,-83.0687031319813,Midtown,W Alexandrine St & 2nd Ave
882ab2c629fffff,2,3,Emerging Hotspot,1,50.0,4.5,ALL,Crime Type,STOLEN VEHICLE,3,3,2025-11-07,2025-12-04,2025-12-05,2026-01-01,42.4133086158442,-82.9669394617187,Outer Drive-Hayes,Promenade St & Philip St
882ab2ce07fffff,2,3,Emerging Hotspot,1,50.0,4.5,ALL,Crime Type,STOLEN VEHICLE,3,3,2025-11-07,2025-12-04,2025-12-05,2026-01-01,42.3805794690386,-83.16476764865536,Grand River-I96,Grand River Ave & Griggs St
882ab2d5b3fffff,2,3,Emerging Hotspot,1,50.0,4.5,ALL,Crime Type,STOLEN VEHICLE,3,3,2025-11-07,2025-12-04,2025-12-05,2026-01-01,42.4351378710972,-82.9776864504547,Franklin,Chalmers St & E 7 Mile Rd
882ab2d5bbfffff,2,3,Emerging Hotspot,1,50.0,4.5,ALL,Crime Type,STOLEN VEHICLE,3,3,2025-11-07,2025-12-04,2025-12-05,2026-01-01,42.4434084434849,-82.970791942545,Regent Park,Queen St & Rossini Dr
882ab2d5b5fffff,3,5,Persistent Hotspot,2,66.67,9.75,ALL,Crime Type,STOLEN VEHICLE,3,3,2025-11-07,2025-12-04,2025-12-05,2026-01-01,42.4456739782067,-82.9916402776304,Conner Creek,Fairport St & Bringard Dr
882ab2c5c3fffff,3,4,Persistent Hotspot,1,33.33,6.9,ALL,Crime Type,STOLEN VEHICLE,3,3,2025-11-07,2025-12-04,2025-12-05,2026-01-01,42.3364259425427,-83.0292011368974,Lafayette Park,Saint Aubin St & E Larned St
882ab2c0a7fffff,3,3,Persistent Hotspot,0,0.0,4.05,ALL,Crime Type,STOLEN VEHICLE,3,3,2025-11-07,2025-12-04,2025-12-05,2026-01-01,42.424372661051,-83.1412534391509,University District,Pickford St & Livernois Ave
882ab2c0adfffff,3,3,Persistent Hotspot,0,0.0,4.05,ALL,Crime Type,STOLEN VEHICLE,3,3,2025-11-07,2025-12-04,2025-12-05,2026-01-01,42.4370310784254,-83.1416885783729,Sherwood Forest,Livernois Ave & Saint Martins Ave
882ab2c5ebfffff,3,3,Persistent Hotspot,0,0.0,4.05,ALL,Crime Type,STOLEN VEHICLE,3,3,2025-11-07,2025-12-04,2025-12-05,2026-01-01,42.3369889568907,-83.0517817737465,Downtown,Woodward Ave & E Adams Ave
882ab2cc2dfffff,3,3,Persistent Hotspot,0,0.0,4.05,ALL,Crime Type,STOLEN VEHICLE,3,3,2025-11-07,2025-12-04,2025-12-05,2026-01-01,42.3503213294463,-83.2406201033814,Warrendale,Braile St & Belton Ave
882ab2ce69fffff,3,3,Persistent Hotspot,0,0.0,4.05,ALL,Crime Type,STOLEN VEHICLE,3,3,2025-11-07,2025-12-04,2025-12-05,2026-01-01,42.41199469544685,-83.1698402050922,Fitzgerald/Marygrove,Florence St & Mendota St
882ab2c439fffff,6,2,Declining Hotspot,-4,-66.67,2.0,ALL,Crime Type,STOLEN VEHICLE,3,3,2025-11-07,2025-12-04,2025-12-05,2026-01-01,42.3519526429914,-82.9967383380492,West Village,E Jefferson Ave & Parker St
882ab2c45bfffff,4,2,Declining Hotspot,-2,-50.0,2.0,ALL,Crime Type,STOLEN VEHICLE,3,3,2025-11-07,2025-12-04,2025-12-05,2026-01-01,42.3670015420734,-82.9527279065765,Jefferson Chalmers,Dickerson St & Freud St
882ab2c603fffff,3,2,Declining Hotspot,-1,-33.33,2.0,ALL,Crime Type,STOLEN VEHICLE,3,3,2025-11-07,2025-12-04,2025-12-05,2026-01-01,42.4029894505433,-82.9399556381637,Morningside,Audubon Rd & E Warren Ave
882ab2c635fffff,3,2,Declining Hotspot,-1,-33.33,2.0,ALL,Crime Type,STOLEN VEHICLE,3,3,2025-11-07,2025-12-04,2025-12-05,2026-01-01,42.392752502427854,-82.96421520979891,Fox Creek,Algonquin St & E Warren Ave
882ab2c663fffff,5,2,Declining Hotspot,-3,-60.0,2.0,ALL,Crime Type,STOLEN VEHICLE,3,3,2025-11-07,2025-12-04,2025-12-05,2026-01-01,42.4203963608699,-82.9577493746717,Denby,Grayton St & Lansdowne St
882ab2cc29fffff,3,2,Declining Hotspot,-1,-33.33,2.0,ALL,Crime Type,STOLEN VEHICLE,3,3,2025-11-07,2025-12-04,2025-12-05,2026-01-01,42.3468525586803,-83.2295763766551,Warrendale,W Warren Ave & Grandville Ave
882ab2cd49fffff,3,2,Declining Hotspot,-1,-33.33,2.0,ALL,Crime Type,STOLEN VEHICLE,3,3,2025-11-07,2025-12-04,2025-12-05,2026-01-01,42.3810030180834,-83.2721412434479,Castle Rouge,Appleton St & Glendale St
882ab2ce33fffff,5,2,Declining Hotspot,-3,-60.0,2.0,ALL,Crime Type,STOLEN VEHICLE,3,3,2025-11-07,2025-12-04,2025-12-05,2026-01-01,42.3597662727578,-83.1641413385951,Barton-McFarland,Ellis St & Meyers Rd
882ab2cf4bfffff,4,2,Declining Hotspot,-2,-50.0,2.0,ALL,Crime Type,STOLEN VEHICLE,3,3,2025-11-07,2025-12-04,2025-12-05,2026-01-01,42.4155656036928,-83.2145581138045,College Park,N M 39 & W McNichols Rd
882ab2c0c7fffff,3,1,Declining Hotspot,-2,-66.67,1.0,ALL,Crime Type,STOLEN VEHICLE,3,3,2025-11-07,2025-12-04,2025-12-05,2026-01-01,42.4422136144208,-83.10006763341785,Nolan,Keating St & E Remington Ave
882ab2c19dfffff,3,1,Declining Hotspot,-2,-66.67,1.0,ALL,Crime Type,STOLEN VEHICLE,3,3,2025-11-07,2025-12-04,2025-12-05,2026-01-01,42.43306189999275,-83.1697457526532,McDowell,Meyers Rd & W 7 Mile Rd
882ab2c1bbfffff,4,1,Declining Hotspot,-3,-75.0,1.0,ALL,Crime Type,STOLEN VEHICLE,3,3,2025-11-07,2025-12-04,2025-12-05,2026-01-01,42.4201758426176,-83.182342101538,Winship,Lesure St & W Outer Dr
882ab2c1d7fffff,3,1,Declining Hotspot,-2,-66.67,1.0,ALL,Crime Type,STOLEN VEHICLE,3,3,2025-11-07,2025-12-04,2025-12-05,2026-01-01,42.4408096985575,-83.1610973329709,Garden Homes,Indiana St & Chippewa St
882ab2c501fffff,4,1,Declining Hotspot,-3,-75.0,1.0,ALL,Crime Type,STOLEN VEHICLE,3,3,2025-11-07,2025-12-04,2025-12-05,2026-01-01,42.3760635916825,-83.0774215036196,North End,Seward St & Virginia Park Ct
882ab2c5c1fffff,3,1,Declining Hotspot,-2,-66.67,1.0,ALL,Crime Type,STOLEN VEHICLE,3,3,2025-11-07,2025-12-04,2025-12-05,2026-01-01,42.3423666128366,-83.0379321607677,Lafayette Park,Pembridge Pl & Saint Aubin St
882ab2c5c7fffff,3,1,Declining Hotspot,-2,-66.67,1.0,ALL,Crime Type,STOLEN VEHICLE,3,3,2025-11-07,2025-12-04,2025-12-05,2026-01-01,42.3340146833249,-83.0431303273926,Greektown,Beaubien St & E Lafayette St
882ab2c5c9fffff,5,1,Declining Hotspot,-4,-80.0,1.0,ALL,Crime Type,STOLEN VEHICLE,3,3,2025-11-07,2025-12-04,2025-12-05,2026-01-01,42.3502542019417,-83.0302985615252,Elmwood Park,Prince Hall Dr & Chene St
882ab2c609fffff,3,1,Declining Hotspot,-2,-66.67,1.0,ALL,Crime Type,STOLEN VEHICLE,3,3,2025-11-07,2025-12-04,2025-12-05,2026-01-01,42.4171371230563,-82.9366282920503,Yorkshire Woods,Harper Ave & Cadieux Rd
882ab2cc2bfffff,3,1,Declining Hotspot,-2,-66.67,1.0,ALL,Crime Type,STOLEN VEHICLE,3,3,2025-11-07,2025-12-04,2025-12-05,2026-01-01,42.3396077393422,-83.22680751775106,Warrendale,Warwick St & Whitlock St
882ab2cc61fffff,4,1,Declining Hotspot,-3,-75.0,1.0,ALL,Crime Type,STOLEN VEHICLE,3,3,2025-11-07,2025-12-04,2025-12-05,2026-01-01,42.3611596478804,-83.226246313219,Franklin Park,Artesian St & Joy Rd
882ab2cc65fffff,3,1,Declining Hotspot,-2,-66.67,1.0,ALL,Crime Type,STOLEN VEHICLE,3,3,2025-11-07,2025-12-04,2025-12-05,2026-01-01,42.36292124299095,-83.238484125039,Franklin Park,W Chicago St & Heyden St
882ab2cc67fffff,3,1,Declining Hotspot,-2,-66.67,1.0,ALL,Crime Type,STOLEN VEHICLE,3,3,2025-11-07,2025-12-04,2025-12-05,2026-01-01,42.35570902059675,-83.2347281579616,Warrendale,Evergreen Rd & Joy Rd
882ab2ce37fffff,3,1,Declining Hotspot,-2,-66.67,1.0,ALL,Crime Type,STOLEN VEHICLE,3,3,2025-11-07,2025-12-04,2025-12-05,2026-01-01,42.3597958521912,-83.171554584413,Barton-McFarland,Appoline & Joy Rd
882ab2ce3dfffff,4,1,Declining Hotspot,-3,-75.0,1.0,ALL,Crime Type,STOLEN VEHICLE,3,3,2025-11-07,2025-12-04,2025-12-05,2026-01-01,42.3755502420246,-83.1706008487181,Pride Area Community,Wadsworth St & Appoline
882ab2c191fffff,3,0,Declining Hotspot,-3,-100.0,0.0,ALL,Crime Type,STOLEN VEHICLE,3,3,2025-11-07,2025-12-04,2025-12-05,2026-01-01,42.4242003517172,-83.1649535659357,Schulze,Margareta St & Manor St
882ab2c1abfffff,3,0,Declining Hotspot,-3,-100.0,0.0,ALL,Crime Type,STOLEN VEHICLE,3,3,2025-11-07,2025-12-04,2025-12-05,2026-01-01,42.4376042559743,-83.20252022227055,Greenfield,Mansfield St & Vassar Ave
882ab2c527fffff,5,0,Declining Hotspot,-5,-100.0,0.0,ALL,Crime Type,STOLEN VEHICLE,3,3,2025-11-07,2025-12-04,2025-12-05,2026-01-01,42.3687090022666,-83.1138186796188,Jamison,Atkinson St & Dexter Ave
882ab2c53bfffff,3,0,Declining Hotspot,-3,-100.0,0.0,ALL,Crime Type,STOLEN VEHICLE,3,3,2025-11-07,2025-12-04,2025-12-05,2026-01-01,42.3546909528293,-83.0731579493817,Wayne State,Anthony Wayne Dr & 3rd St
882ab2c5cbfffff,4,0,Declining Hotspot,-4,-100.0,0.0,ALL,Crime Type,STOLEN VEHICLE,3,3,2025-11-07,2025-12-04,2025-12-05,2026-01-01,42.3410176915525,-83.023266509099,Elmwood Park,E Jefferson Ave & Chene St
882ab2c621fffff,3,0,Declining Hotspot,-3,-100.0,0.0,ALL,Crime Type,STOLEN VEHICLE,3,3,2025-11-07,2025-12-04,2025-12-05,2026-01-01,42.4075024957147,-82.9724653504497,Outer Drive-Hayes,Chalmers St & Maiden St
882ab2c639fffff,3,0,Declining Hotspot,-3,-100.0,0.0,ALL,Crime Type,STOLEN VEHICLE,3,3,2025-11-07,2025-12-04,2025-12-05,2026-01-01,42.396523205589645,-82.94466548995295,Morningside,E Warren Ave & Berkshire St
882ab2c655fffff,4,0,Declining Hotspot,-4,-100.0,0.0,ALL,Crime Type,STOLEN VEHICLE,3,3,2025-11-07,2025-12-04,2025-12-05,2026-01-01,42.4144194973635,-82.9249145917571,Cornerstone Village,Neff Ave & Linville St
882ab2c669fffff,3,0,Declining Hotspot,-3,-100.0,0.0,ALL,Crime Type,STOLEN VEHICLE,3,3,2025-11-07,2025-12-04,2025-12-05,2026-01-01,42.4331934041443,-82.9549172238386,Mapleridge,Kelly Rd & Linnhurst St
882ab2cc0dfffff,3,0,Declining Hotspot,-3,-100.0,0.0,ALL,Crime Type,STOLEN VEHICLE,3,3,2025-11-07,2025-12-04,2025-12-05,2026-01-01,42.3525705286139,-83.2113422018863,Garden View,Gardenview Cir & Memorial Ave
882ab2ce47fffff,3,0,Declining Hotspot,-3,-100.0,0.0,ALL,Crime Type,STOLEN VEHICLE,3,3,2025-11-07,2025-12-04,2025-12-05,2026-01-01,42.4010902320439,-83.1543166634489,Chalfonte,Cherrylawn St & Eaton St
882ab2ce61fffff,5,0,Declining Hotspot,-5,-100.0,0.0,ALL,Crime Type,STOLEN VEHICLE,3,3,2025-11-07,2025-12-04,2025-12-05,2026-01-01,42.4039669003558,-83.1770453257813,Bethune Community,Schaefer Hwy & Keeler Ave
882ab2cee1fffff,4,0,Declining Hotspot,-4,-100.0,0.0,ALL,Crime Type,STOLEN VEHICLE,3,3,2025-11-07,2025-12-04,2025-12-05,2026-01-01,42.3535457172177,-83.14652998379975,Midwest,Belton St & Roselawn St
882ab2cf19fffff,5,0,Declining Hotspot,-5,-100.0,0.0,ALL,Crime Type,STOLEN VEHICLE,3,3,2025-11-07,2025-12-04,2025-12-05,2026-01-01,42.3869129487853,-83.209113687157,Grandmont,Rutland St & Kendall St
882ab2cf5bfffff,0,3,New Hotspot,3,,7.5,02,Crime Type,WEAPONS OFFENSES,3,3,2025-11-07,2025-12-04,2025-12-05,2026-01-01,42.40150199439465,-83.1960751937683,Hubbell-Lyndon,Greenfield Rd & Chalfonte St
882ab2cc49fffff,3,1,Declining Hotspot,-2,-66.67,1.0,02,Crime Type,WEAPONS OFFENSES,3,3,2025-11-07,2025-12-04,2025-12-05,2026-01-01,42.3704358941496,-83.1899171234106,Plymouth-Hubbell,Plymouth Rd & Strathmoor St
882ab2ce3bfffff,3,0,Declining Hotspot,-3,-100.0,0.0,02,Crime Type,WEAPONS OFFENSES,3,3,2025-11-07,2025-12-04,2025-12-05,2026-01-01,42.3663665113129,-83.15478517777075,Barton-McFarland,Orangelawn St & Wyoming St
882ab2c589fffff,3,2,Declining Hotspot,-1,-33.33,2.0,03,Crime Type,WEAPONS OFFENSES,3,3,2025-11-07,2025-12-04,2025-12-05,2026-01-01,42.3313368677451,-83.0421009226148,Downtown,Randolph St & Cadillac Sq
882ab2c513fffff,3,0,Declining Hotspot,-3,-100.0,0.0,03,Crime Type,WEAPONS OFFENSES,3,3,2025-11-07,2025-12-04,2025-12-05,2026-01-01,42.3499880586953,-83.0523699915006,Medical Center,Beaubien St & Mack Ave
882ab2c58dfffff,4,0,Declining Hotspot,-4,-100.0,0.0,03,Crime Type,WEAPONS OFFENSES,3,3,2025-11-07,2025-12-04,2025-12-05,2026-01-01,42.3325162414365,-83.0493954373665,Downtown,John R St & Woodward Ave
882ab2cc93fffff,0,3,New Hotspot,3,,7.5,04,Crime Type,WEAPONS OFFENSES,3,3,2025-11-07,2025-12-04,2025-12-05,2026-01-01,42.2666572840668,-83.1560066412194,Boynton,S Annabelle St & Omaha St
882ab2c603fffff,0,3,New Hotspot,3,,7.5,05,Crime Type,WEAPONS OFFENSES,3,3,2025-11-07,2025-12-04,2025-12-05,2026-01-01,42.4029894505433,-82.9399556381637,Morningside,Audubon Rd & E Warren Ave
882ab2cc05fffff,3,0,Declining Hotspot,-3,-100.0,0.0,06,Crime Type,WEAPONS OFFENSES,3,3,2025-11-07,2025-12-04,2025-12-05,2026-01-01,42.3434016908208,-83.2207891741072,Warrendale,Sawyer St & Greenview Ave
882ab2cc6bfffff,5,0,Declining Hotspot,-5,-100.0,0.0,06,Crime Type,WEAPONS OFFENSES,3,3,2025-11-07,2025-12-04,2025-12-05,2026-01-01,42.3578434353762,-83.2168902458939,Franklin Park,Joy Rd & S M 39 Service Drive
882ab2cc6dfffff,3,0,Declining Hotspot,-3,-100.0,0.0,06,Crime Type,WEAPONS OFFENSES,3,3,2025-11-07,2025-12-04,2025-12-05,2026-01-01,42.3695246359902,-83.232456191969,Franklin Park,Orangelawn St & Warwick St
882ab2cf4dfffff,0,3,New Hotspot,3,,7.5,08,Crime Type,WEAPONS OFFENSES,3,3,2025-11-07,2025-12-04,2025-12-05,2026-01-01,42.426720338279594,-83.2288701222653,Evergreen-Outer Drive,Stahelin Ave & W 7 Mile Rd
882ab2c1a3fffff,2,4,Emerging Hotspot,2,100.0,7.0,08,Crime Type,WEAPONS OFFENSES,3,3,2025-11-07,2025-12-04,2025-12-05,2026-01-01,42.4302920458498,-83.2117228159554,Greenfield,Oakfield St & W 7 Mile Rd
882ab2c719fffff,0,3,New Hotspot,3,,7.5,09,Crime Type,WEAPONS OFFENSES,3,3,2025-11-07,2025-12-04,2025-12-05,2026-01-01,42.4085834761448,-82.9950846370677,Gratiot-Findlay,Gunston St & Gratiot Ave
882ab2c62bfffff,4,4,Persistent Hotspot,0,0.0,5.4,09,Crime Type,WEAPONS OFFENSES,3,3,2025-11-07,2025-12-04,2025-12-05,2026-01-01,42.4065719044079,-82.9643445990192,Outer Drive-Hayes,Chalmers St & Kent St
882ab2c621fffff,3,0,Declining Hotspot,-3,-100.0,0.0,09,Crime Type,WEAPONS OFFENSES,3,3,2025-11-07,2025-12-04,2025-12-05,2026-01-01,42.4075024957147,-82.9724653504497,Outer Drive-Hayes,Chalmers St & Maiden St
882ab2ce1dfffff,1,3,Emerging Hotspot,2,200.0,6.0,10,Crime Type,WEAPONS OFFENSES,3,3,2025-11-07,2025-12-04,2025-12-05,2026-01-01,42.3782867594345,-83.1403815338275,Oakman Blvd Community,Cortland St & Ewald Cir
882ab2c603fffff,0,3,New Hotspot,3,,7.5,ALL,Crime Type,WEAPONS OFFENSES,3,3,2025-11-07,2025-12-04,2025-12-05,2026-01-01,42.4029894505433,-82.9399556381637,Morningside,Audubon Rd & E Warren Ave
882ab2c719fffff,0,3,New Hotspot,3,,7.5,ALL,Crime Type,WEAPONS OFFENSES,3,3,2025-11-07,2025-12-04,2025-12-05,2026-01-01,42.4085834761448,-82.9950846370677,Gratiot-Findlay,Gunston St & Gratiot Ave
882ab2cc93fffff,0,3,New Hotspot,3,,7.5,ALL,Crime Type,WEAPONS OFFENSES,3,3,2025-11-07,2025-12-04,2025-12-05,2026-01-01,42.2666572840668,-83.1560066412194,Boynton,S Annabelle St & Omaha St
882ab2cf4dfffff,0,3,New Hotspot,3,,7.5,ALL,Crime Type,WEAPONS OFFENSES,3,3,2025-11-07,2025-12-04,2025-12-05,2026-01-01,42.426720338279594,-83.2288701222653,Evergreen-Outer Drive,Stahelin Ave & W 7 Mile Rd
882ab2c1a3fffff,2,4,Emerging Hotspot,2,100.0,7.0,ALL,Crime Type,WEAPONS OFFENSES,3,3,2025-11-07,2025-12-04,2025-12-05,2026-01-01,42.4302920458498,-83.2117228159554,Greenfield,Oakfield St & W 7 Mile Rd
882ab2ce1dfffff,1,3,Emerging Hotspot,2,200.0,6.0,ALL,Crime Type,WEAPONS OFFENSES,3,3,2025-11-07,2025-12-04,2025-12-05,2026-01-01,42.3782867594345,-83.1403815338275,Oakman Blvd Community,Cortland St & Ewald Cir
882ab2cf5bfffff,1,3,Emerging Hotspot,2,200.0,6.0,ALL,Crime Type,WEAPONS OFFENSES,3,3,2025-11-07,2025-12-04,2025-12-05,2026-01-01,42.40150199439465,-83.1960751937683,Hubbell-Lyndon,Greenfield Rd & Chalfonte St
882ab2c62bfffff,4,4,Persistent Hotspot,0,0.0,5.4,ALL,Crime Type,WEAPONS OFFENSES,3,3,2025-11-07,2025-12-04,2025-12-05,2026-01-01,42.4065719044079,-82.9643445990192,Outer Drive-Hayes,Chalmers St & Kent St
882ab2ce6dfffff,3,3,Persistent Hotspot,0,0.0,4.05,ALL,Crime Type,WEAPONS OFFENSES,3,3,2025-11-07,2025-12-04,2025-12-05,2026-01-01,42.4118076305669,-83.1797983731317,Harmony Village,Schaefer Hwy & W McNichols Rd
882ab2c589fffff,3,2,Declining Hotspot,-1,-33.33,2.0,ALL,Crime Type,WEAPONS OFFENSES,3,3,2025-11-07,2025-12-04,2025-12-05,2026-01-01,42.3313368677451,-83.0421009226148,Downtown,Randolph St & Cadillac Sq
882ab2ce6bfffff,3,2,Declining Hotspot,-1,-33.33,2.0,ALL,Crime Type,WEAPONS OFFENSES,3,3,2025-11-07,2025-12-04,2025-12-05,2026-01-01,42.4025284332423,-83.1651004313549,Bethune Community,Fenkell St & Wyoming St
882ab2cc49fffff,3,1,Declining Hotspot,-2,-66.67,1.0,ALL,Crime Type,WEAPONS OFFENSES,3,3,2025-11-07,2025-12-04,2025-12-05,2026-01-01,42.3704358941496,-83.1899171234106,Plymouth-Hubbell,Plymouth Rd & Strathmoor St
882ab2c513fffff,3,0,Declining Hotspot,-3,-100.0,0.0,ALL,Crime Type,WEAPONS OFFENSES,3,3,2025-11-07,2025-12-04,2025-12-05,2026-01-01,42.3499880586953,-83.0523699915006,Medical Center,Beaubien St & Mack Ave
882ab2c58dfffff,4,0,Declining Hotspot,-4,-100.0,0.0,ALL,Crime Type,WEAPONS OFFENSES,3,3,2025-11-07,2025-12-04,2025-12-05,2026-01-01,42.3325162414365,-83.0493954373665,Downtown,John R St & Woodward Ave
882ab2c601fffff,3,0,Declining Hotspot,-3,-100.0,0.0,ALL,Crime Type,WEAPONS OFFENSES,3,3,2025-11-07,2025-12-04,2025-12-05,2026-01-01,42.4101998614238,-82.9421318183079,Morningside,Chandler Park Dr & Yorkshire Rd
882ab2c621fffff,3,0,Declining Hotspot,-3,-100.0,0.0,ALL,Crime Type,WEAPONS OFFENSES,3,3,2025-11-07,2025-12-04,2025-12-05,2026-01-01,42.4075024957147,-82.9724653504497,Outer Drive-Hayes,Chalmers St & Maiden St
882ab2cc05fffff,3,0,Declining Hotspot,-3,-100.0,0.0,ALL,Crime Type,WEAPONS OFFENSES,3,3,2025-11-07,2025-12-04,2025-12-05,2026-01-01,42.3434016908208,-83.2207891741072,Warrendale,Sawyer St & Greenview Ave
882ab2cc6bfffff,5,0,Declining Hotspot,-5,-100.0,0.0,ALL,Crime Type,WEAPONS OFFENSES,3,3,2025-11-07,2025-12-04,2025-12-05,2026-01-01,42.3578434353762,-83.2168902458939,Franklin Park,Joy Rd & S M 39 Service Drive
882ab2cc6dfffff,3,0,Declining Hotspot,-3,-100.0,0.0,ALL,Crime Type,WEAPONS OFFENSES,3,3,2025-11-07,2025-12-04,2025-12-05,2026-01-01,42.3695246359902,-83.232456191969,Franklin Park,Orangelawn St & Warwick St
882ab2ce3bfffff,3,0,Declining Hotspot,-3,-100.0,0.0,ALL,Crime Type,WEAPONS OFFENSES,3,3,2025-11-07,2025-12-04,2025-12-05,2026-01-01,42.3663665113129,-83.15478517777075,Barton-McFarland,Orangelawn St & Wyoming St
