precinct_norm,offense_category,previous_14d,current_14d,change_14d,pct_change_14d,recent_movement,city_previous_14d,city_current_14d,city_change_14d,city_pct_change_14d,previous_14d_start,previous_14d_end,current_14d_start,current_14d_end,neighborhood_scope
00,ASSAULT,0,1,1,,Increasing,713,586,-127,-17.81,2026-08-31,2026-09-13,2026-09-14,2026-09-27,ALL
00,DAMAGE TO PROPERTY,0,1,1,,Increasing,425,324,-101,-23.76,2026-08-31,2026-09-13,2026-09-14,2026-09-27,ALL
02,ASSAULT,70,57,-13,-18.57,Decreasing,713,586,-127,-17.81,2026-08-31,2026-09-13,2026-09-14,2026-09-27,ALL
02,LARCENY,47,28,-19,-40.43,Decreasing,545,373,-172,-31.56,2026-08-31,2026-09-13,2026-09-14,2026-09-27,ALL
02,FRAUD,32,23,-9,-28.12,Decreasing,270,202,-68,-25.19,2026-08-31,2026-09-13,2026-09-14,2026-09-27,ALL
02,STOLEN VEHICLE,14,22,8,57.14,Increasing,238,195,-43,-18.07,2026-08-31,2026-09-13,2026-09-14,2026-09-27,ALL
02,DAMAGE TO PROPERTY,38,21,-17,-44.74,Decreasing,425,324,-101,-23.76,2026-08-31,2026-09-13,2026-09-14,2026-09-27,ALL
02,AGGRAVATED ASSAULT,32,18,-14,-43.75,Decreasing,306,270,-36,-11.76,2026-08-31,2026-09-13,2026-09-14,2026-09-27,ALL
02,BURGLARY,15,14,-1,-6.67,Decreasing,228,168,-60,-26.32,2026-08-31,2026-09-13,2026-09-14,2026-09-27,ALL
02,WEAPONS OFFENSES,24,8,-16,-66.67,Decreasing,142,86,-56,-39.44,2026-08-31,2026-09-13,2026-09-14,2026-09-27,ALL
02,OBSTRUCTING THE POLICE,9,7,-2,-22.22,Decreasing,72,61,-11,-15.28,2026-08-31,2026-09-13,2026-09-14,2026-09-27,ALL
02,RUNAWAY,4,5,1,25.0,Increasing,39,35,-4,-10.26,2026-08-31,2026-09-13,2026-09-14,2026-09-27,ALL
02,FAMILY OFFENSE,3,3,0,0.0,No Change,32,27,-5,-15.62,2026-08-31,2026-09-13,2026-09-14,2026-09-27,ALL
02,INVASION OF PRIVACY -OTHER,2,3,1,50.0,Increasing,18,26,8,44.44,2026-08-31,2026-09-13,2026-09-14,2026-09-27,ALL
02,SEXUAL ASSAULT,0,3,3,,Increasing,18,19,1,5.56,2026-08-31,2026-09-13,2026-09-14,2026-09-27,ALL
02,STOLEN PROPERTY,8,2,-6,-75.0,Decreasing,62,41,-21,-33.87,2026-08-31,2026-09-13,2026-09-14,2026-09-27,ALL
02,FORGERY,0,1,1,,Increasing,3,5,2,66.67,2026-08-31,2026-09-13,2026-09-14,2026-09-27,ALL
02,SEX OFFENSES,1,1,0,0.0,No Change,21,24,3,14.29,2026-08-31,2026-09-13,2026-09-14,2026-09-27,ALL
02,ARSON,1,0,-1,-100.0,Decreasing,20,17,-3,-15.0,2026-08-31,2026-09-13,2026-09-14,2026-09-27,ALL
02,DANGEROUS DRUGS,2,0,-2,-100.0,Decreasing,39,31,-8,-20.51,2026-08-31,2026-09-13,2026-09-14,2026-09-27,ALL
02,DISORDERLY CONDUCT,1,0,-1,-100.0,Decreasing,13,8,-5,-38.46,2026-08-31,2026-09-13,2026-09-14,2026-09-27,ALL
02,HOMICIDE,1,0,-1,-100.0,Decreasing,7,2,-5,-71.43,2026-08-31,2026-09-13,2026-09-14,2026-09-27,ALL
02,MISCELLANEOUS,1,0,-1,-100.0,Decreasing,4,1,-3,-75.0,2026-08-31,2026-09-13,2026-09-14,2026-09-27,ALL
02,OBSTRUCTING JUDICIARY,5,0,-5,-100.0,Decreasing,46,39,-7,-15.22,2026-08-31,2026-09-13,2026-09-14,2026-09-27,ALL
02,OUIL,2,0,-2,-100.0,Decreasing,32,22,-10,-31.25,2026-08-31,2026-09-13,2026-09-14,2026-09-27,ALL
02,ROBBERY,1,0,-1,-100.0,Decreasing,50,32,-18,-36.0,2026-08-31,2026-09-13,2026-09-14,2026-09-27,ALL
03,ASSAULT,84,83,-1,-1.19,Decreasing,713,586,-127,-17.81,2026-08-31,2026-09-13,2026-09-14,2026-09-27,ALL
03,LARCENY,118,81,-37,-31.36,Decreasing,545,373,-172,-31.56,2026-08-31,2026-09-13,2026-09-14,2026-09-27,ALL
03,DAMAGE TO PROPERTY,54,47,-7,-12.96,Decreasing,425,324,-101,-23.76,2026-08-31,2026-09-13,2026-09-14,2026-09-27,ALL
03,FRAUD,41,39,-2,-4.88,Decreasing,270,202,-68,-25.19,2026-08-31,2026-09-13,2026-09-14,2026-09-27,ALL
03,STOLEN VEHICLE,25,24,-1,-4.0,Decreasing,238,195,-43,-18.07,2026-08-31,2026-09-13,2026-09-14,2026-09-27,ALL
03,AGGRAVATED ASSAULT,28,23,-5,-17.86,Decreasing,306,270,-36,-11.76,2026-08-31,2026-09-13,2026-09-14,2026-09-27,ALL
03,INVASION OF PRIVACY -OTHER,10,12,2,20.0,Increasing,18,26,8,44.44,2026-08-31,2026-09-13,2026-09-14,2026-09-27,ALL
03,OUIL,2,12,10,500.0,Increasing,32,22,-10,-31.25,2026-08-31,2026-09-13,2026-09-14,2026-09-27,ALL
03,BURGLARY,20,11,-9,-45.0,Decreasing,228,168,-60,-26.32,2026-08-31,2026-09-13,2026-09-14,2026-09-27,ALL
03,OBSTRUCTING THE POLICE,8,8,0,0.0,No Change,72,61,-11,-15.28,2026-08-31,2026-09-13,2026-09-14,2026-09-27,ALL
03,DISORDERLY CONDUCT,5,4,-1,-20.0,Decreasing,13,8,-5,-38.46,2026-08-31,2026-09-13,2026-09-14,2026-09-27,ALL
03,OBSTRUCTING JUDICIARY,4,4,0,0.0,No Change,46,39,-7,-15.22,2026-08-31,2026-09-13,2026-09-14,2026-09-27,ALL
03,ROBBERY,2,3,1,50.0,Increasing,50,32,-18,-36.0,2026-08-31,2026-09-13,2026-09-14,2026-09-27,ALL
03,SEX OFFENSES,1,3,2,200.0,Increasing,21,24,3,14.29,2026-08-31,2026-09-13,2026-09-14,2026-09-27,ALL
03,WEAPONS OFFENSES,8,3,-5,-62.5,Decreasing,142,86,-56,-39.44,2026-08-31,2026-09-13,2026-09-14,2026-09-27,ALL
03,DANGEROUS DRUGS,5,2,-3,-60.0,Decreasing,39,31,-8,-20.51,2026-08-31,2026-09-13,2026-09-14,2026-09-27,ALL
03,HEALTH AND SAFETY,2,2,0,0.0,No Change,12,3,-9,-75.0,2026-08-31,2026-09-13,2026-09-14,2026-09-27,ALL
03,LIQUOR,5,2,-3,-60.0,Decreasing,5,2,-3,-60.0,2026-08-31,2026-09-13,2026-09-14,2026-09-27,ALL
03,FAMILY OFFENSE,3,1,-2,-66.67,Decreasing,32,27,-5,-15.62,2026-08-31,2026-09-13,2026-09-14,2026-09-27,ALL
03,HOMICIDE,1,1,0,0.0,No Change,7,2,-5,-71.43,2026-08-31,2026-09-13,2026-09-14,2026-09-27,ALL
03,MISCELLANEOUS,1,1,0,0.0,No Change,4,1,-3,-75.0,2026-08-31,2026-09-13,2026-09-14,2026-09-27,ALL
03,RUNAWAY,2,1,-1,-50.0,Decreasing,39,35,-4,-10.26,2026-08-31,2026-09-13,2026-09-14,2026-09-27,ALL
03,SEXUAL ASSAULT,3,1,-2,-66.67,Decreasing,18,19,1,5.56,2026-08-31,2026-09-13,2026-09-14,2026-09-27,ALL
03,STOLEN PROPERTY,1,1,0,0.0,No Change,62,41,-21,-33.87,2026-08-31,2026-09-13,2026-09-14,2026-09-27,ALL
03,ARSON,2,0,-2,-100.0,Decreasing,20,17,-3,-15.0,2026-08-31,2026-09-13,2026-09-14,2026-09-27,ALL
03,EXTORTION,4,0,-4,-100.0,Decreasing,7,4,-3,-42.86,2026-08-31,2026-09-13,2026-09-14,2026-09-27,ALL
03,KIDNAPPING,1,0,-1,-100.0,Decreasing,7,7,0,0.0,2026-08-31,2026-09-13,2026-09-14,2026-09-27,ALL
04,ASSAULT,32,24,-8,-25.0,Decreasing,713,586,-127,-17.81,2026-08-31,2026-09-13,2026-09-14,2026-09-27,ALL
04,LARCENY,38,20,-18,-47.37,Decreasing,545,373,-172,-31.56,2026-08-31,2026-09-13,2026-09-14,2026-09-27,ALL
04,AGGRAVATED ASSAULT,9,14,5,55.56,Increasing,306,270,-36,-11.76,2026-08-31,2026-09-13,2026-09-14,2026-09-27,ALL
04,DAMAGE TO PROPERTY,20,14,-6,-30.0,Decreasing,425,324,-101,-23.76,2026-08-31,2026-09-13,2026-09-14,2026-09-27,ALL
04,FRAUD,19,7,-12,-63.16,Decreasing,270,202,-68,-25.19,2026-08-31,2026-09-13,2026-09-14,2026-09-27,ALL
04,STOLEN VEHICLE,11,7,-4,-36.36,Decreasing,238,195,-43,-18.07,2026-08-31,2026-09-13,2026-09-14,2026-09-27,ALL
04,BURGLARY,8,6,-2,-25.0,Decreasing,228,168,-60,-26.32,2026-08-31,2026-09-13,2026-09-14,2026-09-27,ALL
04,OBSTRUCTING JUDICIARY,6,5,-1,-16.67,Decreasing,46,39,-7,-15.22,2026-08-31,2026-09-13,2026-09-14,2026-09-27,ALL
04,DANGEROUS DRUGS,7,4,-3,-42.86,Decreasing,39,31,-8,-20.51,2026-08-31,2026-09-13,2026-09-14,2026-09-27,ALL
04,OBSTRUCTING THE POLICE,2,4,2,100.0,Increasing,72,61,-11,-15.28,2026-08-31,2026-09-13,2026-09-14,2026-09-27,ALL
04,FAMILY OFFENSE,1,2,1,100.0,Increasing,32,27,-5,-15.62,2026-08-31,2026-09-13,2026-09-14,2026-09-27,ALL
04,INVASION OF PRIVACY -OTHER,0,1,1,,Increasing,18,26,8,44.44,2026-08-31,2026-09-13,2026-09-14,2026-09-27,ALL
04,SEXUAL ASSAULT,0,1,1,,Increasing,18,19,1,5.56,2026-08-31,2026-09-13,2026-09-14,2026-09-27,ALL
04,STOLEN PROPERTY,1,1,0,0.0,No Change,62,41,-21,-33.87,2026-08-31,2026-09-13,2026-09-14,2026-09-27,ALL
04,ARSON,1,0,-1,-100.0,Decreasing,20,17,-3,-15.0,2026-08-31,2026-09-13,2026-09-14,2026-09-27,ALL
04,EXTORTION,1,0,-1,-100.0,Decreasing,7,4,-3,-42.86,2026-08-31,2026-09-13,2026-09-14,2026-09-27,ALL
04,FORGERY,1,0,-1,-100.0,Decreasing,3,5,2,66.67,2026-08-31,2026-09-13,2026-09-14,2026-09-27,ALL
04,ROBBERY,2,0,-2,-100.0,Decreasing,50,32,-18,-36.0,2026-08-31,2026-09-13,2026-09-14,2026-09-27,ALL
04,RUNAWAY,2,0,-2,-100.0,Decreasing,39,35,-4,-10.26,2026-08-31,2026-09-13,2026-09-14,2026-09-27,ALL
04,SEX OFFENSES,1,0,-1,-100.0,Decreasing,21,24,3,14.29,2026-08-31,2026-09-13,2026-09-14,2026-09-27,ALL
04,WEAPONS OFFENSES,6,0,-6,-100.0,Decreasing,142,86,-56,-39.44,2026-08-31,2026-09-13,2026-09-14,2026-09-27,ALL
05,ASSAULT,35,42,7,20.0,Increasing,713,586,-127,-17.81,2026-08-31,2026-09-13,2026-09-14,2026-09-27,ALL
05,DAMAGE TO PROPERTY,30,21,-9,-30.0,Decreasing,425,324,-101,-23.76,2026-08-31,2026-09-13,2026-09-14,2026-09-27,ALL
05,FRAUD,23,17,-6,-26.09,Decreasing,270,202,-68,-25.19,2026-08-31,2026-09-13,2026-09-14,2026-09-27,ALL
05,LARCENY,27,16,-11,-40.74,Decreasing,545,373,-172,-31.56,2026-08-31,2026-09-13,2026-09-14,2026-09-27,ALL
05,AGGRAVATED ASSAULT,21,15,-6,-28.57,Decreasing,306,270,-36,-11.76,2026-08-31,2026-09-13,2026-09-14,2026-09-27,ALL
05,BURGLARY,19,13,-6,-31.58,Decreasing,228,168,-60,-26.32,2026-08-31,2026-09-13,2026-09-14,2026-09-27,ALL
05,STOLEN VEHICLE,22,8,-14,-63.64,Decreasing,238,195,-43,-18.07,2026-08-31,2026-09-13,2026-09-14,2026-09-27,ALL
05,WEAPONS OFFENSES,4,8,4,100.0,Increasing,142,86,-56,-39.44,2026-08-31,2026-09-13,2026-09-14,2026-09-27,ALL
05,FAMILY OFFENSE,4,5,1,25.0,Increasing,32,27,-5,-15.62,2026-08-31,2026-09-13,2026-09-14,2026-09-27,ALL
05,OBSTRUCTING THE POLICE,5,5,0,0.0,No Change,72,61,-11,-15.28,2026-08-31,2026-09-13,2026-09-14,2026-09-27,ALL
05,ROBBERY,4,4,0,0.0,No Change,50,32,-18,-36.0,2026-08-31,2026-09-13,2026-09-14,2026-09-27,ALL
05,RUNAWAY,3,4,1,33.33,Increasing,39,35,-4,-10.26,2026-08-31,2026-09-13,2026-09-14,2026-09-27,ALL
05,DANGEROUS DRUGS,0,3,3,,Increasing,39,31,-8,-20.51,2026-08-31,2026-09-13,2026-09-14,2026-09-27,ALL
05,INVASION OF PRIVACY -OTHER,0,2,2,,Increasing,18,26,8,44.44,2026-08-31,2026-09-13,2026-09-14,2026-09-27,ALL
05,SEXUAL ASSAULT,2,2,0,0.0,No Change,18,19,1,5.56,2026-08-31,2026-09-13,2026-09-14,2026-09-27,ALL
05,STOLEN PROPERTY,5,2,-3,-60.0,Decreasing,62,41,-21,-33.87,2026-08-31,2026-09-13,2026-09-14,2026-09-27,ALL
05,ARSON,3,1,-2,-66.67,Decreasing,20,17,-3,-15.0,2026-08-31,2026-09-13,2026-09-14,2026-09-27,ALL
05,FORGERY,1,1,0,0.0,No Change,3,5,2,66.67,2026-08-31,2026-09-13,2026-09-14,2026-09-27,ALL
05,OBSTRUCTING JUDICIARY,5,1,-4,-80.0,Decreasing,46,39,-7,-15.22,2026-08-31,2026-09-13,2026-09-14,2026-09-27,ALL
05,SEX OFFENSES,0,1,1,,Increasing,21,24,3,14.29,2026-08-31,2026-09-13,2026-09-14,2026-09-27,ALL
05,HEALTH AND SAFETY,1,0,-1,-100.0,Decreasing,12,3,-9,-75.0,2026-08-31,2026-09-13,2026-09-14,2026-09-27,ALL
05,KIDNAPPING,1,0,-1,-100.0,Decreasing,7,7,0,0.0,2026-08-31,2026-09-13,2026-09-14,2026-09-27,ALL
05,OUIL,4,0,-4,-100.0,Decreasing,32,22,-10,-31.25,2026-08-31,2026-09-13,2026-09-14,2026-09-27,ALL
06,ASSAULT,71,69,-2,-2.82,Decreasing,713,586,-127,-17.81,2026-08-31,2026-09-13,2026-09-14,2026-09-27,ALL
06,DAMAGE TO PROPERTY,40,31,-9,-22.5,Decreasing,425,324,-101,-23.76,2026-08-31,2026-09-13,2026-09-14,2026-09-27,ALL
06,AGGRAVATED ASSAULT,34,27,-7,-20.59,Decreasing,306,270,-36,-11.76,2026-08-31,2026-09-13,2026-09-14,2026-09-27,ALL
06,LARCENY,43,27,-16,-37.21,Decreasing,545,373,-172,-31.56,2026-08-31,2026-09-13,2026-09-14,2026-09-27,ALL
06,BURGLARY,19,20,1,5.26,Increasing,228,168,-60,-26.32,2026-08-31,2026-09-13,2026-09-14,2026-09-27,ALL
06,WEAPONS OFFENSES,12,14,2,16.67,Increasing,142,86,-56,-39.44,2026-08-31,2026-09-13,2026-09-14,2026-09-27,ALL
06,OBSTRUCTING JUDICIARY,6,11,5,83.33,Increasing,46,39,-7,-15.22,2026-08-31,2026-09-13,2026-09-14,2026-09-27,ALL
06,STOLEN VEHICLE,18,11,-7,-38.89,Decreasing,238,195,-43,-18.07,2026-08-31,2026-09-13,2026-09-14,2026-09-27,ALL
06,FRAUD,25,10,-15,-60.0,Decreasing,270,202,-68,-25.19,2026-08-31,2026-09-13,2026-09-14,2026-09-27,ALL
06,RUNAWAY,5,8,3,60.0,Increasing,39,35,-4,-10.26,2026-08-31,2026-09-13,2026-09-14,2026-09-27,ALL
06,DANGEROUS DRUGS,9,4,-5,-55.56,Decreasing,39,31,-8,-20.51,2026-08-31,2026-09-13,2026-09-14,2026-09-27,ALL
06,OBSTRUCTING THE POLICE,8,4,-4,-50.0,Decreasing,72,61,-11,-15.28,2026-08-31,2026-09-13,2026-09-14,2026-09-27,ALL
06,STOLEN PROPERTY,7,4,-3,-42.86,Decreasing,62,41,-21,-33.87,2026-08-31,2026-09-13,2026-09-14,2026-09-27,ALL
06,ARSON,2,3,1,50.0,Increasing,20,17,-3,-15.0,2026-08-31,2026-09-13,2026-09-14,2026-09-27,ALL
06,ROBBERY,7,3,-4,-57.14,Decreasing,50,32,-18,-36.0,2026-08-31,2026-09-13,2026-09-14,2026-09-27,ALL
06,FAMILY OFFENSE,4,2,-2,-50.0,Decreasing,32,27,-5,-15.62,2026-08-31,2026-09-13,2026-09-14,2026-09-27,ALL
06,OUIL,4,2,-2,-50.0,Decreasing,32,22,-10,-31.25,2026-08-31,2026-09-13,2026-09-14,2026-09-27,ALL
06,INVASION OF PRIVACY -OTHER,0,1,1,,Increasing,18,26,8,44.44,2026-08-31,2026-09-13,2026-09-14,2026-09-27,ALL
06,KIDNAPPING,2,1,-1,-50.0,Decreasing,7,7,0,0.0,2026-08-31,2026-09-13,2026-09-14,2026-09-27,ALL
06,SEXUAL ASSAULT,1,1,0,0.0,No Change,18,19,1,5.56,2026-08-31,2026-09-13,2026-09-14,2026-09-27,ALL
06,FORGERY,1,0,-1,-100.0,Decreasing,3,5,2,66.67,2026-08-31,2026-09-13,2026-09-14,2026-09-27,ALL
06,HOMICIDE,1,0,-1,-100.0,Decreasing,7,2,-5,-71.43,2026-08-31,2026-09-13,2026-09-14,2026-09-27,ALL
06,SEX OFFENSES,8,0,-8,-100.0,Decreasing,21,24,3,14.29,2026-08-31,2026-09-13,2026-09-14,2026-09-27,ALL
06,SOLICITATION,6,0,-6,-100.0,Decreasing,7,0,-7,-100.0,2026-08-31,2026-09-13,2026-09-14,2026-09-27,ALL
07,LARCENY,42,39,-3,-7.14,Decreasing,545,373,-172,-31.56,2026-08-31,2026-09-13,2026-09-14,2026-09-27,ALL
07,ASSAULT,43,32,-11,-25.58,Decreasing,713,586,-127,-17.81,2026-08-31,2026-09-13,2026-09-14,2026-09-27,ALL
07,DAMAGE TO PROPERTY,37,22,-15,-40.54,Decreasing,425,324,-101,-23.76,2026-08-31,2026-09-13,2026-09-14,2026-09-27,ALL
07,STOLEN VEHICLE,12,14,2,16.67,Increasing,238,195,-43,-18.07,2026-08-31,2026-09-13,2026-09-14,2026-09-27,ALL
07,FRAUD,15,12,-3,-20.0,Decreasing,270,202,-68,-25.19,2026-08-31,2026-09-13,2026-09-14,2026-09-27,ALL
07,AGGRAVATED ASSAULT,17,11,-6,-35.29,Decreasing,306,270,-36,-11.76,2026-08-31,2026-09-13,2026-09-14,2026-09-27,ALL
07,BURGLARY,17,7,-10,-58.82,Decreasing,228,168,-60,-26.32,2026-08-31,2026-09-13,2026-09-14,2026-09-27,ALL
07,OBSTRUCTING THE POLICE,3,6,3,100.0,Increasing,72,61,-11,-15.28,2026-08-31,2026-09-13,2026-09-14,2026-09-27,ALL
07,ROBBERY,4,5,1,25.0,Increasing,50,32,-18,-36.0,2026-08-31,2026-09-13,2026-09-14,2026-09-27,ALL
07,STOLEN PROPERTY,4,4,0,0.0,No Change,62,41,-21,-33.87,2026-08-31,2026-09-13,2026-09-14,2026-09-27,ALL
07,WEAPONS OFFENSES,11,4,-7,-63.64,Decreasing,142,86,-56,-39.44,2026-08-31,2026-09-13,2026-09-14,2026-09-27,ALL
07,ARSON,3,2,-1,-33.33,Decreasing,20,17,-3,-15.0,2026-08-31,2026-09-13,2026-09-14,2026-09-27,ALL
07,FAMILY OFFENSE,2,2,0,0.0,No Change,32,27,-5,-15.62,2026-08-31,2026-09-13,2026-09-14,2026-09-27,ALL
07,KIDNAPPING,0,2,2,,Increasing,7,7,0,0.0,2026-08-31,2026-09-13,2026-09-14,2026-09-27,ALL
07,RUNAWAY,0,2,2,,Increasing,39,35,-4,-10.26,2026-08-31,2026-09-13,2026-09-14,2026-09-27,ALL
07,DANGEROUS DRUGS,4,1,-3,-75.0,Decreasing,39,31,-8,-20.51,2026-08-31,2026-09-13,2026-09-14,2026-09-27,ALL
07,FORGERY,0,1,1,,Increasing,3,5,2,66.67,2026-08-31,2026-09-13,2026-09-14,2026-09-27,ALL
07,HEALTH AND SAFETY,0,1,1,,Increasing,12,3,-9,-75.0,2026-08-31,2026-09-13,2026-09-14,2026-09-27,ALL
07,INVASION OF PRIVACY -OTHER,1,1,0,0.0,No Change,18,26,8,44.44,2026-08-31,2026-09-13,2026-09-14,2026-09-27,ALL
07,DISORDERLY CONDUCT,2,0,-2,-100.0,Decreasing,13,8,-5,-38.46,2026-08-31,2026-09-13,2026-09-14,2026-09-27,ALL
07,MISCELLANEOUS,1,0,-1,-100.0,Decreasing,4,1,-3,-75.0,2026-08-31,2026-09-13,2026-09-14,2026-09-27,ALL
07,OBSTRUCTING JUDICIARY,2,0,-2,-100.0,Decreasing,46,39,-7,-15.22,2026-08-31,2026-09-13,2026-09-14,2026-09-27,ALL
07,OUIL,4,0,-4,-100.0,Decreasing,32,22,-10,-31.25,2026-08-31,2026-09-13,2026-09-14,2026-09-27,ALL
08,ASSAULT,91,58,-33,-36.26,Decreasing,713,586,-127,-17.81,2026-08-31,2026-09-13,2026-09-14,2026-09-27,ALL
08,AGGRAVATED ASSAULT,30,43,13,43.33,Increasing,306,270,-36,-11.76,2026-08-31,2026-09-13,2026-09-14,2026-09-27,ALL
08,LARCENY,65,32,-33,-50.77,Decreasing,545,373,-172,-31.56,2026-08-31,2026-09-13,2026-09-14,2026-09-27,ALL
08,STOLEN VEHICLE,48,32,-16,-33.33,Decreasing,238,195,-43,-18.07,2026-08-31,2026-09-13,2026-09-14,2026-09-27,ALL
08,DAMAGE TO PROPERTY,56,30,-26,-46.43,Decreasing,425,324,-101,-23.76,2026-08-31,2026-09-13,2026-09-14,2026-09-27,ALL
08,BURGLARY,28,19,-9,-32.14,Decreasing,228,168,-60,-26.32,2026-08-31,2026-09-13,2026-09-14,2026-09-27,ALL
08,FRAUD,24,17,-7,-29.17,Decreasing,270,202,-68,-25.19,2026-08-31,2026-09-13,2026-09-14,2026-09-27,ALL
08,WEAPONS OFFENSES,27,14,-13,-48.15,Decreasing,142,86,-56,-39.44,2026-08-31,2026-09-13,2026-09-14,2026-09-27,ALL
08,STOLEN PROPERTY,7,7,0,0.0,No Change,62,41,-21,-33.87,2026-08-31,2026-09-13,2026-09-14,2026-09-27,ALL
08,OBSTRUCTING THE POLICE,6,5,-1,-16.67,Decreasing,72,61,-11,-15.28,2026-08-31,2026-09-13,2026-09-14,2026-09-27,ALL
08,SEXUAL ASSAULT,1,5,4,400.0,Increasing,18,19,1,5.56,2026-08-31,2026-09-13,2026-09-14,2026-09-27,ALL
08,FAMILY OFFENSE,3,3,0,0.0,No Change,32,27,-5,-15.62,2026-08-31,2026-09-13,2026-09-14,2026-09-27,ALL
08,SEX OFFENSES,2,3,1,50.0,Increasing,21,24,3,14.29,2026-08-31,2026-09-13,2026-09-14,2026-09-27,ALL
08,DANGEROUS DRUGS,1,2,1,100.0,Increasing,39,31,-8,-20.51,2026-08-31,2026-09-13,2026-09-14,2026-09-27,ALL
08,OBSTRUCTING JUDICIARY,6,2,-4,-66.67,Decreasing,46,39,-7,-15.22,2026-08-31,2026-09-13,2026-09-14,2026-09-27,ALL
08,ARSON,3,1,-2,-66.67,Decreasing,20,17,-3,-15.0,2026-08-31,2026-09-13,2026-09-14,2026-09-27,ALL
08,FORGERY,0,1,1,,Increasing,3,5,2,66.67,2026-08-31,2026-09-13,2026-09-14,2026-09-27,ALL
08,HOMICIDE,2,1,-1,-50.0,Decreasing,7,2,-5,-71.43,2026-08-31,2026-09-13,2026-09-14,2026-09-27,ALL
08,KIDNAPPING,0,1,1,,Increasing,7,7,0,0.0,2026-08-31,2026-09-13,2026-09-14,2026-09-27,ALL
08,ROBBERY,2,1,-1,-50.0,Decreasing,50,32,-18,-36.0,2026-08-31,2026-09-13,2026-09-14,2026-09-27,ALL
08,RUNAWAY,8,1,-7,-87.5,Decreasing,39,35,-4,-10.26,2026-08-31,2026-09-13,2026-09-14,2026-09-27,ALL
08,DISORDERLY CONDUCT,2,0,-2,-100.0,Decreasing,13,8,-5,-38.46,2026-08-31,2026-09-13,2026-09-14,2026-09-27,ALL
08,HEALTH AND SAFETY,1,0,-1,-100.0,Decreasing,12,3,-9,-75.0,2026-08-31,2026-09-13,2026-09-14,2026-09-27,ALL
08,INVASION OF PRIVACY -OTHER,1,0,-1,-100.0,Decreasing,18,26,8,44.44,2026-08-31,2026-09-13,2026-09-14,2026-09-27,ALL
08,JUSTIFIABLE HOMICIDE,1,0,-1,-100.0,Decreasing,1,0,-1,-100.0,2026-08-31,2026-09-13,2026-09-14,2026-09-27,ALL
08,MISCELLANEOUS,1,0,-1,-100.0,Decreasing,4,1,-3,-75.0,2026-08-31,2026-09-13,2026-09-14,2026-09-27,ALL
08,OUIL,2,0,-2,-100.0,Decreasing,32,22,-10,-31.25,2026-08-31,2026-09-13,2026-09-14,2026-09-27,ALL
08,SOLICITATION,1,0,-1,-100.0,Decreasing,7,0,-7,-100.0,2026-08-31,2026-09-13,2026-09-14,2026-09-27,ALL
09,ASSAULT,91,64,-27,-29.67,Decreasing,713,586,-127,-17.81,2026-08-31,2026-09-13,2026-09-14,2026-09-27,ALL
09,DAMAGE TO PROPERTY,46,40,-6,-13.04,Decreasing,425,324,-101,-23.76,2026-08-31,2026-09-13,2026-09-14,2026-09-27,ALL
09,LARCENY,36,36,0,0.0,No Change,545,373,-172,-31.56,2026-08-31,2026-09-13,2026-09-14,2026-09-27,ALL
09,AGGRAVATED ASSAULT,47,32,-15,-31.91,Decreasing,306,270,-36,-11.76,2026-08-31,2026-09-13,2026-09-14,2026-09-27,ALL
09,BURGLARY,30,24,-6,-20.0,Decreasing,228,168,-60,-26.32,2026-08-31,2026-09-13,2026-09-14,2026-09-27,ALL
09,STOLEN VEHICLE,30,24,-6,-20.0,Decreasing,238,195,-43,-18.07,2026-08-31,2026-09-13,2026-09-14,2026-09-27,ALL
09,FRAUD,28,20,-8,-28.57,Decreasing,270,202,-68,-25.19,2026-08-31,2026-09-13,2026-09-14,2026-09-27,ALL
09,SEX OFFENSES,4,14,10,250.0,Increasing,21,24,3,14.29,2026-08-31,2026-09-13,2026-09-14,2026-09-27,ALL
09,WEAPONS OFFENSES,24,14,-10,-41.67,Decreasing,142,86,-56,-39.44,2026-08-31,2026-09-13,2026-09-14,2026-09-27,ALL
09,OBSTRUCTING THE POLICE,11,9,-2,-18.18,Decreasing,72,61,-11,-15.28,2026-08-31,2026-09-13,2026-09-14,2026-09-27,ALL
09,STOLEN PROPERTY,14,9,-5,-35.71,Decreasing,62,41,-21,-33.87,2026-08-31,2026-09-13,2026-09-14,2026-09-27,ALL
09,DANGEROUS DRUGS,2,6,4,200.0,Increasing,39,31,-8,-20.51,2026-08-31,2026-09-13,2026-09-14,2026-09-27,ALL
09,OBSTRUCTING JUDICIARY,8,6,-2,-25.0,Decreasing,46,39,-7,-15.22,2026-08-31,2026-09-13,2026-09-14,2026-09-27,ALL
09,ROBBERY,10,5,-5,-50.0,Decreasing,50,32,-18,-36.0,2026-08-31,2026-09-13,2026-09-14,2026-09-27,ALL
09,RUNAWAY,5,5,0,0.0,No Change,39,35,-4,-10.26,2026-08-31,2026-09-13,2026-09-14,2026-09-27,ALL
09,ARSON,1,4,3,300.0,Increasing,20,17,-3,-15.0,2026-08-31,2026-09-13,2026-09-14,2026-09-27,ALL
09,SEXUAL ASSAULT,2,4,2,100.0,Increasing,18,19,1,5.56,2026-08-31,2026-09-13,2026-09-14,2026-09-27,ALL
09,EXTORTION,0,2,2,,Increasing,7,4,-3,-42.86,2026-08-31,2026-09-13,2026-09-14,2026-09-27,ALL
09,FAMILY OFFENSE,3,2,-1,-33.33,Decreasing,32,27,-5,-15.62,2026-08-31,2026-09-13,2026-09-14,2026-09-27,ALL
09,OUIL,4,2,-2,-50.0,Decreasing,32,22,-10,-31.25,2026-08-31,2026-09-13,2026-09-14,2026-09-27,ALL
09,INVASION OF PRIVACY -OTHER,1,1,0,0.0,No Change,18,26,8,44.44,2026-08-31,2026-09-13,2026-09-14,2026-09-27,ALL
09,KIDNAPPING,1,1,0,0.0,No Change,7,7,0,0.0,2026-08-31,2026-09-13,2026-09-14,2026-09-27,ALL
09,HEALTH AND SAFETY,1,0,-1,-100.0,Decreasing,12,3,-9,-75.0,2026-08-31,2026-09-13,2026-09-14,2026-09-27,ALL
09,HOMICIDE,2,0,-2,-100.0,Decreasing,7,2,-5,-71.43,2026-08-31,2026-09-13,2026-09-14,2026-09-27,ALL
10,ASSAULT,71,48,-23,-32.39,Decreasing,713,586,-127,-17.81,2026-08-31,2026-09-13,2026-09-14,2026-09-27,ALL
10,DAMAGE TO PROPERTY,34,38,4,11.76,Increasing,425,324,-101,-23.76,2026-08-31,2026-09-13,2026-09-14,2026-09-27,ALL
10,AGGRAVATED ASSAULT,34,37,3,8.82,Increasing,306,270,-36,-11.76,2026-08-31,2026-09-13,2026-09-14,2026-09-27,ALL
10,LARCENY,42,37,-5,-11.9,Decreasing,545,373,-172,-31.56,2026-08-31,2026-09-13,2026-09-14,2026-09-27,ALL
10,FRAUD,22,21,-1,-4.55,Decreasing,270,202,-68,-25.19,2026-08-31,2026-09-13,2026-09-14,2026-09-27,ALL
10,BURGLARY,20,19,-1,-5.0,Decreasing,228,168,-60,-26.32,2026-08-31,2026-09-13,2026-09-14,2026-09-27,ALL
10,STOLEN VEHICLE,17,14,-3,-17.65,Decreasing,238,195,-43,-18.07,2026-08-31,2026-09-13,2026-09-14,2026-09-27,ALL
10,WEAPONS OFFENSES,12,10,-2,-16.67,Decreasing,142,86,-56,-39.44,2026-08-31,2026-09-13,2026-09-14,2026-09-27,ALL
10,OBSTRUCTING THE POLICE,10,7,-3,-30.0,Decreasing,72,61,-11,-15.28,2026-08-31,2026-09-13,2026-09-14,2026-09-27,ALL
10,STOLEN PROPERTY,7,6,-1,-14.29,Decreasing,62,41,-21,-33.87,2026-08-31,2026-09-13,2026-09-14,2026-09-27,ALL
10,ROBBERY,3,5,2,66.67,Increasing,50,32,-18,-36.0,2026-08-31,2026-09-13,2026-09-14,2026-09-27,ALL
10,FAMILY OFFENSE,4,4,0,0.0,No Change,32,27,-5,-15.62,2026-08-31,2026-09-13,2026-09-14,2026-09-27,ALL
10,RUNAWAY,3,4,1,33.33,Increasing,39,35,-4,-10.26,2026-08-31,2026-09-13,2026-09-14,2026-09-27,ALL
10,INVASION OF PRIVACY -OTHER,1,3,2,200.0,Increasing,18,26,8,44.44,2026-08-31,2026-09-13,2026-09-14,2026-09-27,ALL
10,OBSTRUCTING JUDICIARY,3,3,0,0.0,No Change,46,39,-7,-15.22,2026-08-31,2026-09-13,2026-09-14,2026-09-27,ALL
10,DANGEROUS DRUGS,1,2,1,100.0,Increasing,39,31,-8,-20.51,2026-08-31,2026-09-13,2026-09-14,2026-09-27,ALL
10,DISORDERLY CONDUCT,2,2,0,0.0,No Change,13,8,-5,-38.46,2026-08-31,2026-09-13,2026-09-14,2026-09-27,ALL
10,EXTORTION,0,2,2,,Increasing,7,4,-3,-42.86,2026-08-31,2026-09-13,2026-09-14,2026-09-27,ALL
10,OUIL,4,2,-2,-50.0,Decreasing,32,22,-10,-31.25,2026-08-31,2026-09-13,2026-09-14,2026-09-27,ALL
10,ARSON,0,1,1,,Increasing,20,17,-3,-15.0,2026-08-31,2026-09-13,2026-09-14,2026-09-27,ALL
10,FORGERY,0,1,1,,Increasing,3,5,2,66.67,2026-08-31,2026-09-13,2026-09-14,2026-09-27,ALL
10,KIDNAPPING,0,1,1,,Increasing,7,7,0,0.0,2026-08-31,2026-09-13,2026-09-14,2026-09-27,ALL
10,HEALTH AND SAFETY,3,0,-3,-100.0,Decreasing,12,3,-9,-75.0,2026-08-31,2026-09-13,2026-09-14,2026-09-27,ALL
10,SEX OFFENSES,3,0,-3,-100.0,Decreasing,21,24,3,14.29,2026-08-31,2026-09-13,2026-09-14,2026-09-27,ALL
10,SEXUAL ASSAULT,4,0,-4,-100.0,Decreasing,18,19,1,5.56,2026-08-31,2026-09-13,2026-09-14,2026-09-27,ALL
11,ASSAULT,68,50,-18,-26.47,Decreasing,713,586,-127,-17.81,2026-08-31,2026-09-13,2026-09-14,2026-09-27,ALL
11,AGGRAVATED ASSAULT,32,28,-4,-12.5,Decreasing,306,270,-36,-11.76,2026-08-31,2026-09-13,2026-09-14,2026-09-27,ALL
11,DAMAGE TO PROPERTY,28,23,-5,-17.86,Decreasing,425,324,-101,-23.76,2026-08-31,2026-09-13,2026-09-14,2026-09-27,ALL
11,LARCENY,43,20,-23,-53.49,Decreasing,545,373,-172,-31.56,2026-08-31,2026-09-13,2026-09-14,2026-09-27,ALL
11,BURGLARY,27,19,-8,-29.63,Decreasing,228,168,-60,-26.32,2026-08-31,2026-09-13,2026-09-14,2026-09-27,ALL
11,FRAUD,13,16,3,23.08,Increasing,270,202,-68,-25.19,2026-08-31,2026-09-13,2026-09-14,2026-09-27,ALL
11,STOLEN VEHICLE,10,8,-2,-20.0,Decreasing,238,195,-43,-18.07,2026-08-31,2026-09-13,2026-09-14,2026-09-27,ALL
11,DANGEROUS DRUGS,4,5,1,25.0,Increasing,39,31,-8,-20.51,2026-08-31,2026-09-13,2026-09-14,2026-09-27,ALL
11,OBSTRUCTING THE POLICE,7,4,-3,-42.86,Decreasing,72,61,-11,-15.28,2026-08-31,2026-09-13,2026-09-14,2026-09-27,ALL
11,ROBBERY,6,3,-3,-50.0,Decreasing,50,32,-18,-36.0,2026-08-31,2026-09-13,2026-09-14,2026-09-27,ALL
11,STOLEN PROPERTY,6,3,-3,-50.0,Decreasing,62,41,-21,-33.87,2026-08-31,2026-09-13,2026-09-14,2026-09-27,ALL
11,ARSON,3,2,-1,-33.33,Decreasing,20,17,-3,-15.0,2026-08-31,2026-09-13,2026-09-14,2026-09-27,ALL
11,INVASION OF PRIVACY -OTHER,0,2,2,,Increasing,18,26,8,44.44,2026-08-31,2026-09-13,2026-09-14,2026-09-27,ALL
11,OUIL,2,2,0,0.0,No Change,32,22,-10,-31.25,2026-08-31,2026-09-13,2026-09-14,2026-09-27,ALL
11,WEAPONS OFFENSES,10,2,-8,-80.0,Decreasing,142,86,-56,-39.44,2026-08-31,2026-09-13,2026-09-14,2026-09-27,ALL
11,DISORDERLY CONDUCT,0,1,1,,Increasing,13,8,-5,-38.46,2026-08-31,2026-09-13,2026-09-14,2026-09-27,ALL
11,FAMILY OFFENSE,2,1,-1,-50.0,Decreasing,32,27,-5,-15.62,2026-08-31,2026-09-13,2026-09-14,2026-09-27,ALL
11,OBSTRUCTING JUDICIARY,1,1,0,0.0,No Change,46,39,-7,-15.22,2026-08-31,2026-09-13,2026-09-14,2026-09-27,ALL
11,RUNAWAY,3,1,-2,-66.67,Decreasing,39,35,-4,-10.26,2026-08-31,2026-09-13,2026-09-14,2026-09-27,ALL
11,SEX OFFENSES,0,1,1,,Increasing,21,24,3,14.29,2026-08-31,2026-09-13,2026-09-14,2026-09-27,ALL
11,SEXUAL ASSAULT,2,1,-1,-50.0,Decreasing,18,19,1,5.56,2026-08-31,2026-09-13,2026-09-14,2026-09-27,ALL
11,EXTORTION,1,0,-1,-100.0,Decreasing,7,4,-3,-42.86,2026-08-31,2026-09-13,2026-09-14,2026-09-27,ALL
11,HEALTH AND SAFETY,2,0,-2,-100.0,Decreasing,12,3,-9,-75.0,2026-08-31,2026-09-13,2026-09-14,2026-09-27,ALL
12,ASSAULT,57,58,1,1.75,Increasing,713,586,-127,-17.81,2026-08-31,2026-09-13,2026-09-14,2026-09-27,ALL
12,LARCENY,44,37,-7,-15.91,Decreasing,545,373,-172,-31.56,2026-08-31,2026-09-13,2026-09-14,2026-09-27,ALL
12,DAMAGE TO PROPERTY,42,36,-6,-14.29,Decreasing,425,324,-101,-23.76,2026-08-31,2026-09-13,2026-09-14,2026-09-27,ALL
12,STOLEN VEHICLE,31,31,0,0.0,No Change,238,195,-43,-18.07,2026-08-31,2026-09-13,2026-09-14,2026-09-27,ALL
12,AGGRAVATED ASSAULT,22,22,0,0.0,No Change,306,270,-36,-11.76,2026-08-31,2026-09-13,2026-09-14,2026-09-27,ALL
12,FRAUD,28,20,-8,-28.57,Decreasing,270,202,-68,-25.19,2026-08-31,2026-09-13,2026-09-14,2026-09-27,ALL
12,BURGLARY,25,16,-9,-36.0,Decreasing,228,168,-60,-26.32,2026-08-31,2026-09-13,2026-09-14,2026-09-27,ALL
12,WEAPONS OFFENSES,4,9,5,125.0,Increasing,142,86,-56,-39.44,2026-08-31,2026-09-13,2026-09-14,2026-09-27,ALL
12,OBSTRUCTING JUDICIARY,0,6,6,,Increasing,46,39,-7,-15.22,2026-08-31,2026-09-13,2026-09-14,2026-09-27,ALL
12,RUNAWAY,4,4,0,0.0,No Change,39,35,-4,-10.26,2026-08-31,2026-09-13,2026-09-14,2026-09-27,ALL
12,ARSON,1,3,2,200.0,Increasing,20,17,-3,-15.0,2026-08-31,2026-09-13,2026-09-14,2026-09-27,ALL
12,ROBBERY,9,3,-6,-66.67,Decreasing,50,32,-18,-36.0,2026-08-31,2026-09-13,2026-09-14,2026-09-27,ALL
12,DANGEROUS DRUGS,4,2,-2,-50.0,Decreasing,39,31,-8,-20.51,2026-08-31,2026-09-13,2026-09-14,2026-09-27,ALL
12,FAMILY OFFENSE,3,2,-1,-33.33,Decreasing,32,27,-5,-15.62,2026-08-31,2026-09-13,2026-09-14,2026-09-27,ALL
12,OBSTRUCTING THE POLICE,3,2,-1,-33.33,Decreasing,72,61,-11,-15.28,2026-08-31,2026-09-13,2026-09-14,2026-09-27,ALL
12,OUIL,4,2,-2,-50.0,Decreasing,32,22,-10,-31.25,2026-08-31,2026-09-13,2026-09-14,2026-09-27,ALL
12,STOLEN PROPERTY,2,2,0,0.0,No Change,62,41,-21,-33.87,2026-08-31,2026-09-13,2026-09-14,2026-09-27,ALL
12,DISORDERLY CONDUCT,1,1,0,0.0,No Change,13,8,-5,-38.46,2026-08-31,2026-09-13,2026-09-14,2026-09-27,ALL
12,KIDNAPPING,2,1,-1,-50.0,Decreasing,7,7,0,0.0,2026-08-31,2026-09-13,2026-09-14,2026-09-27,ALL
12,SEX OFFENSES,1,1,0,0.0,No Change,21,24,3,14.29,2026-08-31,2026-09-13,2026-09-14,2026-09-27,ALL
12,SEXUAL ASSAULT,3,1,-2,-66.67,Decreasing,18,19,1,5.56,2026-08-31,2026-09-13,2026-09-14,2026-09-27,ALL
12,EXTORTION,1,0,-1,-100.0,Decreasing,7,4,-3,-42.86,2026-08-31,2026-09-13,2026-09-14,2026-09-27,ALL
12,HEALTH AND SAFETY,2,0,-2,-100.0,Decreasing,12,3,-9,-75.0,2026-08-31,2026-09-13,2026-09-14,2026-09-27,ALL
12,INVASION OF PRIVACY -OTHER,2,0,-2,-100.0,Decreasing,18,26,8,44.44,2026-08-31,2026-09-13,2026-09-14,2026-09-27,ALL
05,FRAUD,0,2,2,,Increasing,1,3,2,200.0,2026-08-30,2026-09-12,2026-09-13,2026-09-26,Airport Sub
05,BURGLARY,0,1,1,,Increasing,4,1,-3,-75.0,2026-08-30,2026-09-12,2026-09-13,2026-09-26,Airport Sub
05,DAMAGE TO PROPERTY,0,1,1,,Increasing,4,5,1,25.0,2026-08-30,2026-09-12,2026-09-13,2026-09-26,Airport Sub
05,LARCENY,0,1,1,,Increasing,4,4,0,0.0,2026-08-30,2026-09-12,2026-09-13,2026-09-26,Airport Sub
07,DAMAGE TO PROPERTY,3,2,-1,-33.33,Decreasing,4,5,1,25.0,2026-08-30,2026-09-12,2026-09-13,2026-09-26,Airport Sub
07,LARCENY,1,2,1,100.0,Increasing,4,4,0,0.0,2026-08-30,2026-09-12,2026-09-13,2026-09-26,Airport Sub
07,STOLEN PROPERTY,1,2,1,100.0,Increasing,2,4,2,100.0,2026-08-30,2026-09-12,2026-09-13,2026-09-26,Airport Sub
07,STOLEN VEHICLE,1,2,1,100.0,Increasing,1,3,2,200.0,2026-08-30,2026-09-12,2026-09-13,2026-09-26,Airport Sub
07,WEAPONS OFFENSES,1,2,1,100.0,Increasing,1,2,1,100.0,2026-08-30,2026-09-12,2026-09-13,2026-09-26,Airport Sub
07,ASSAULT,0,1,1,,Increasing,3,4,1,33.33,2026-08-30,2026-09-12,2026-09-13,2026-09-26,Airport Sub
07,FRAUD,1,1,0,0.0,No Change,1,3,2,200.0,2026-08-30,2026-09-12,2026-09-13,2026-09-26,Airport Sub
07,AGGRAVATED ASSAULT,2,0,-2,-100.0,Decreasing,4,2,-2,-50.0,2026-08-30,2026-09-12,2026-09-13,2026-09-26,Airport Sub
07,ARSON,2,0,-2,-100.0,Decreasing,2,0,-2,-100.0,2026-08-30,2026-09-12,2026-09-13,2026-09-26,Airport Sub
07,BURGLARY,2,0,-2,-100.0,Decreasing,4,1,-3,-75.0,2026-08-30,2026-09-12,2026-09-13,2026-09-26,Airport Sub
09,STOLEN PROPERTY,0,1,1,,Increasing,2,4,2,100.0,2026-08-30,2026-09-12,2026-09-13,2026-09-26,Airport Sub
09,AGGRAVATED ASSAULT,1,0,-1,-100.0,Decreasing,4,2,-2,-50.0,2026-08-30,2026-09-12,2026-09-13,2026-09-26,Airport Sub
09,ROBBERY,1,0,-1,-100.0,Decreasing,1,0,-1,-100.0,2026-08-30,2026-09-12,2026-09-13,2026-09-26,Airport Sub
11,ASSAULT,3,3,0,0.0,No Change,3,4,1,33.33,2026-08-30,2026-09-12,2026-09-13,2026-09-26,Airport Sub
11,AGGRAVATED ASSAULT,1,2,1,100.0,Increasing,4,2,-2,-50.0,2026-08-30,2026-09-12,2026-09-13,2026-09-26,Airport Sub
11,DAMAGE TO PROPERTY,1,2,1,100.0,Increasing,4,5,1,25.0,2026-08-30,2026-09-12,2026-09-13,2026-09-26,Airport Sub
11,DANGEROUS DRUGS,0,1,1,,Increasing,0,1,1,,2026-08-30,2026-09-12,2026-09-13,2026-09-26,Airport Sub
11,DISORDERLY CONDUCT,0,1,1,,Increasing,0,1,1,,2026-08-30,2026-09-12,2026-09-13,2026-09-26,Airport Sub
11,LARCENY,3,1,-2,-66.67,Decreasing,4,4,0,0.0,2026-08-30,2026-09-12,2026-09-13,2026-09-26,Airport Sub
11,STOLEN PROPERTY,1,1,0,0.0,No Change,2,4,2,100.0,2026-08-30,2026-09-12,2026-09-13,2026-09-26,Airport Sub
11,STOLEN VEHICLE,0,1,1,,Increasing,1,3,2,200.0,2026-08-30,2026-09-12,2026-09-13,2026-09-26,Airport Sub
11,BURGLARY,2,0,-2,-100.0,Decreasing,4,1,-3,-75.0,2026-08-30,2026-09-12,2026-09-13,2026-09-26,Airport Sub
11,RUNAWAY,1,0,-1,-100.0,Decreasing,1,0,-1,-100.0,2026-08-30,2026-09-12,2026-09-13,2026-09-26,Airport Sub
03,FRAUD,0,1,1,,Increasing,0,1,1,,2026-08-28,2026-09-10,2026-09-11,2026-09-24,Arden Park
03,HOMICIDE,1,0,-1,-100.0,Decreasing,1,0,-1,-100.0,2026-08-28,2026-09-10,2026-09-11,2026-09-24,Arden Park
02,DAMAGE TO PROPERTY,1,4,3,300.0,Increasing,1,4,3,300.0,2026-08-29,2026-09-11,2026-09-12,2026-09-25,Aviation Sub
02,STOLEN VEHICLE,1,3,2,200.0,Increasing,1,3,2,200.0,2026-08-29,2026-09-11,2026-09-12,2026-09-25,Aviation Sub
02,AGGRAVATED ASSAULT,0,2,2,,Increasing,0,2,2,,2026-08-29,2026-09-11,2026-09-12,2026-09-25,Aviation Sub
02,ASSAULT,1,2,1,100.0,Increasing,1,2,1,100.0,2026-08-29,2026-09-11,2026-09-12,2026-09-25,Aviation Sub
02,FRAUD,0,2,2,,Increasing,0,2,2,,2026-08-29,2026-09-11,2026-09-12,2026-09-25,Aviation Sub
02,RUNAWAY,0,2,2,,Increasing,0,2,2,,2026-08-29,2026-09-11,2026-09-12,2026-09-25,Aviation Sub
02,DANGEROUS DRUGS,1,0,-1,-100.0,Decreasing,1,0,-1,-100.0,2026-08-29,2026-09-11,2026-09-12,2026-09-25,Aviation Sub
02,LARCENY,4,0,-4,-100.0,Decreasing,4,0,-4,-100.0,2026-08-29,2026-09-11,2026-09-12,2026-09-25,Aviation Sub
02,WEAPONS OFFENSES,1,0,-1,-100.0,Decreasing,1,0,-1,-100.0,2026-08-29,2026-09-11,2026-09-12,2026-09-25,Aviation Sub
12,ASSAULT,4,3,-1,-25.0,Decreasing,4,3,-1,-25.0,2026-08-30,2026-09-12,2026-09-13,2026-09-26,Bagley
12,LARCENY,6,3,-3,-50.0,Decreasing,6,3,-3,-50.0,2026-08-30,2026-09-12,2026-09-13,2026-09-26,Bagley
12,OBSTRUCTING JUDICIARY,0,3,3,,Increasing,0,3,3,,2026-08-30,2026-09-12,2026-09-13,2026-09-26,Bagley
12,STOLEN VEHICLE,5,3,-2,-40.0,Decreasing,5,3,-2,-40.0,2026-08-30,2026-09-12,2026-09-13,2026-09-26,Bagley
12,DAMAGE TO PROPERTY,6,2,-4,-66.67,Decreasing,6,2,-4,-66.67,2026-08-30,2026-09-12,2026-09-13,2026-09-26,Bagley
12,WEAPONS OFFENSES,0,2,2,,Increasing,0,2,2,,2026-08-30,2026-09-12,2026-09-13,2026-09-26,Bagley
12,AGGRAVATED ASSAULT,3,1,-2,-66.67,Decreasing,3,1,-2,-66.67,2026-08-30,2026-09-12,2026-09-13,2026-09-26,Bagley
12,OBSTRUCTING THE POLICE,1,1,0,0.0,No Change,1,1,0,0.0,2026-08-30,2026-09-12,2026-09-13,2026-09-26,Bagley
12,BURGLARY,1,0,-1,-100.0,Decreasing,1,0,-1,-100.0,2026-08-30,2026-09-12,2026-09-13,2026-09-26,Bagley
12,EXTORTION,1,0,-1,-100.0,Decreasing,1,0,-1,-100.0,2026-08-30,2026-09-12,2026-09-13,2026-09-26,Bagley
12,FAMILY OFFENSE,1,0,-1,-100.0,Decreasing,1,0,-1,-100.0,2026-08-30,2026-09-12,2026-09-13,2026-09-26,Bagley
12,FRAUD,3,0,-3,-100.0,Decreasing,3,0,-3,-100.0,2026-08-30,2026-09-12,2026-09-13,2026-09-26,Bagley
12,ROBBERY,3,0,-3,-100.0,Decreasing,3,0,-3,-100.0,2026-08-30,2026-09-12,2026-09-13,2026-09-26,Bagley
12,RUNAWAY,3,0,-3,-100.0,Decreasing,3,0,-3,-100.0,2026-08-30,2026-09-12,2026-09-13,2026-09-26,Bagley
02,ASSAULT,12,11,-1,-8.33,Decreasing,12,11,-1,-8.33,2026-08-30,2026-09-12,2026-09-13,2026-09-26,Barton-McFarland
02,LARCENY,7,7,0,0.0,No Change,7,7,0,0.0,2026-08-30,2026-09-12,2026-09-13,2026-09-26,Barton-McFarland
02,DAMAGE TO PROPERTY,8,5,-3,-37.5,Decreasing,8,5,-3,-37.5,2026-08-30,2026-09-12,2026-09-13,2026-09-26,Barton-McFarland
02,AGGRAVATED ASSAULT,2,3,1,50.0,Increasing,2,3,1,50.0,2026-08-30,2026-09-12,2026-09-13,2026-09-26,Barton-McFarland
02,FRAUD,4,3,-1,-25.0,Decreasing,4,3,-1,-25.0,2026-08-30,2026-09-12,2026-09-13,2026-09-26,Barton-McFarland
02,OBSTRUCTING THE POLICE,0,3,3,,Increasing,0,3,3,,2026-08-30,2026-09-12,2026-09-13,2026-09-26,Barton-McFarland
02,BURGLARY,2,2,0,0.0,No Change,2,2,0,0.0,2026-08-30,2026-09-12,2026-09-13,2026-09-26,Barton-McFarland
02,STOLEN VEHICLE,1,2,1,100.0,Increasing,1,2,1,100.0,2026-08-30,2026-09-12,2026-09-13,2026-09-26,Barton-McFarland
02,WEAPONS OFFENSES,2,2,0,0.0,No Change,2,2,0,0.0,2026-08-30,2026-09-12,2026-09-13,2026-09-26,Barton-McFarland
07,DAMAGE TO PROPERTY,0,1,1,,Increasing,0,1,1,,2026-07-02,2026-07-15,2026-07-16,2026-07-29,Belle Isle
02,LARCENY,0,3,3,,Increasing,0,3,3,,2026-08-27,2026-09-09,2026-09-10,2026-09-23,Belmont
02,ASSAULT,1,2,1,100.0,Increasing,1,2,1,100.0,2026-08-27,2026-09-09,2026-09-10,2026-09-23,Belmont
02,DAMAGE TO PROPERTY,1,1,0,0.0,No Change,1,1,0,0.0,2026-08-27,2026-09-09,2026-09-10,2026-09-23,Belmont
02,FRAUD,0,1,1,,Increasing,0,1,1,,2026-08-27,2026-09-09,2026-09-10,2026-09-23,Belmont
02,OBSTRUCTING THE POLICE,0,1,1,,Increasing,0,1,1,,2026-08-27,2026-09-09,2026-09-10,2026-09-23,Belmont
02,STOLEN VEHICLE,0,1,1,,Increasing,0,1,1,,2026-08-27,2026-09-09,2026-09-10,2026-09-23,Belmont
02,AGGRAVATED ASSAULT,3,0,-3,-100.0,Decreasing,3,0,-3,-100.0,2026-08-27,2026-09-09,2026-09-10,2026-09-23,Belmont
02,BURGLARY,1,0,-1,-100.0,Decreasing,1,0,-1,-100.0,2026-08-27,2026-09-09,2026-09-10,2026-09-23,Belmont
02,WEAPONS OFFENSES,1,0,-1,-100.0,Decreasing,1,0,-1,-100.0,2026-08-27,2026-09-09,2026-09-10,2026-09-23,Belmont
08,ASSAULT,7,2,-5,-71.43,Decreasing,7,2,-5,-71.43,2026-08-30,2026-09-12,2026-09-13,2026-09-26,Berg-Lahser
08,DAMAGE TO PROPERTY,4,2,-2,-50.0,Decreasing,4,2,-2,-50.0,2026-08-30,2026-09-12,2026-09-13,2026-09-26,Berg-Lahser
08,AGGRAVATED ASSAULT,1,1,0,0.0,No Change,1,1,0,0.0,2026-08-30,2026-09-12,2026-09-13,2026-09-26,Berg-Lahser
08,BURGLARY,0,1,1,,Increasing,0,1,1,,2026-08-30,2026-09-12,2026-09-13,2026-09-26,Berg-Lahser
08,FRAUD,0,1,1,,Increasing,0,1,1,,2026-08-30,2026-09-12,2026-09-13,2026-09-26,Berg-Lahser
08,LARCENY,1,1,0,0.0,No Change,1,1,0,0.0,2026-08-30,2026-09-12,2026-09-13,2026-09-26,Berg-Lahser
08,RUNAWAY,0,1,1,,Increasing,0,1,1,,2026-08-30,2026-09-12,2026-09-13,2026-09-26,Berg-Lahser
08,STOLEN VEHICLE,0,1,1,,Increasing,0,1,1,,2026-08-30,2026-09-12,2026-09-13,2026-09-26,Berg-Lahser
08,DISORDERLY CONDUCT,1,0,-1,-100.0,Decreasing,1,0,-1,-100.0,2026-08-30,2026-09-12,2026-09-13,2026-09-26,Berg-Lahser
02,ASSAULT,10,11,1,10.0,Increasing,11,16,5,45.45,2026-08-31,2026-09-13,2026-09-14,2026-09-27,Bethune Community
02,AGGRAVATED ASSAULT,2,4,2,100.0,Increasing,3,7,4,133.33,2026-08-31,2026-09-13,2026-09-14,2026-09-27,Bethune Community
02,FRAUD,7,4,-3,-42.86,Decreasing,7,4,-3,-42.86,2026-08-31,2026-09-13,2026-09-14,2026-09-27,Bethune Community
02,LARCENY,5,4,-1,-20.0,Decreasing,6,8,2,33.33,2026-08-31,2026-09-13,2026-09-14,2026-09-27,Bethune Community
02,BURGLARY,2,2,0,0.0,No Change,4,4,0,0.0,2026-08-31,2026-09-13,2026-09-14,2026-09-27,Bethune Community
02,DAMAGE TO PROPERTY,4,2,-2,-50.0,Decreasing,8,4,-4,-50.0,2026-08-31,2026-09-13,2026-09-14,2026-09-27,Bethune Community
02,STOLEN VEHICLE,2,2,0,0.0,No Change,6,5,-1,-16.67,2026-08-31,2026-09-13,2026-09-14,2026-09-27,Bethune Community
02,INVASION OF PRIVACY -OTHER,0,1,1,,Increasing,1,1,0,0.0,2026-08-31,2026-09-13,2026-09-14,2026-09-27,Bethune Community
02,OBSTRUCTING THE POLICE,3,1,-2,-66.67,Decreasing,3,1,-2,-66.67,2026-08-31,2026-09-13,2026-09-14,2026-09-27,Bethune Community
02,RUNAWAY,0,1,1,,Increasing,1,1,0,0.0,2026-08-31,2026-09-13,2026-09-14,2026-09-27,Bethune Community
02,STOLEN PROPERTY,0,1,1,,Increasing,0,1,1,,2026-08-31,2026-09-13,2026-09-14,2026-09-27,Bethune Community
02,WEAPONS OFFENSES,1,1,0,0.0,No Change,2,1,-1,-50.0,2026-08-31,2026-09-13,2026-09-14,2026-09-27,Bethune Community
02,ARSON,1,0,-1,-100.0,Decreasing,2,0,-2,-100.0,2026-08-31,2026-09-13,2026-09-14,2026-09-27,Bethune Community
02,ROBBERY,1,0,-1,-100.0,Decreasing,1,1,0,0.0,2026-08-31,2026-09-13,2026-09-14,2026-09-27,Bethune Community
12,ASSAULT,1,5,4,400.0,Increasing,11,16,5,45.45,2026-08-31,2026-09-13,2026-09-14,2026-09-27,Bethune Community
12,LARCENY,1,4,3,300.0,Increasing,6,8,2,33.33,2026-08-31,2026-09-13,2026-09-14,2026-09-27,Bethune Community
12,AGGRAVATED ASSAULT,1,3,2,200.0,Increasing,3,7,4,133.33,2026-08-31,2026-09-13,2026-09-14,2026-09-27,Bethune Community
12,STOLEN VEHICLE,4,3,-1,-25.0,Decreasing,6,5,-1,-16.67,2026-08-31,2026-09-13,2026-09-14,2026-09-27,Bethune Community
12,BURGLARY,2,2,0,0.0,No Change,4,4,0,0.0,2026-08-31,2026-09-13,2026-09-14,2026-09-27,Bethune Community
12,DAMAGE TO PROPERTY,4,2,-2,-50.0,Decreasing,8,4,-4,-50.0,2026-08-31,2026-09-13,2026-09-14,2026-09-27,Bethune Community
12,OBSTRUCTING JUDICIARY,0,1,1,,Increasing,0,1,1,,2026-08-31,2026-09-13,2026-09-14,2026-09-27,Bethune Community
12,ROBBERY,0,1,1,,Increasing,1,1,0,0.0,2026-08-31,2026-09-13,2026-09-14,2026-09-27,Bethune Community
12,SEXUAL ASSAULT,0,1,1,,Increasing,0,1,1,,2026-08-31,2026-09-13,2026-09-14,2026-09-27,Bethune Community
12,ARSON,1,0,-1,-100.0,Decreasing,2,0,-2,-100.0,2026-08-31,2026-09-13,2026-09-14,2026-09-27,Bethune Community
12,INVASION OF PRIVACY -OTHER,1,0,-1,-100.0,Decreasing,1,1,0,0.0,2026-08-31,2026-09-13,2026-09-14,2026-09-27,Bethune Community
12,RUNAWAY,1,0,-1,-100.0,Decreasing,1,1,0,0.0,2026-08-31,2026-09-13,2026-09-14,2026-09-27,Bethune Community
12,WEAPONS OFFENSES,1,0,-1,-100.0,Decreasing,2,1,-1,-50.0,2026-08-31,2026-09-13,2026-09-14,2026-09-27,Bethune Community
12,DAMAGE TO PROPERTY,1,2,1,100.0,Increasing,1,2,1,100.0,2026-08-19,2026-09-01,2026-09-02,2026-09-15,Blackstone Park
12,AGGRAVATED ASSAULT,0,1,1,,Increasing,0,1,1,,2026-08-19,2026-09-01,2026-09-02,2026-09-15,Blackstone Park
12,ASSAULT,1,0,-1,-100.0,Decreasing,1,0,-1,-100.0,2026-08-19,2026-09-01,2026-09-02,2026-09-15,Blackstone Park
12,LARCENY,1,0,-1,-100.0,Decreasing,1,0,-1,-100.0,2026-08-19,2026-09-01,2026-09-02,2026-09-15,Blackstone Park
12,STOLEN PROPERTY,1,0,-1,-100.0,Decreasing,1,0,-1,-100.0,2026-08-19,2026-09-01,2026-09-02,2026-09-15,Blackstone Park
12,STOLEN VEHICLE,1,0,-1,-100.0,Decreasing,1,0,-1,-100.0,2026-08-19,2026-09-01,2026-09-02,2026-09-15,Blackstone Park
10,LARCENY,2,3,1,50.0,Increasing,2,3,1,50.0,2026-08-28,2026-09-10,2026-09-11,2026-09-24,Boston Edison
10,AGGRAVATED ASSAULT,0,1,1,,Increasing,0,1,1,,2026-08-28,2026-09-10,2026-09-11,2026-09-24,Boston Edison
10,WEAPONS OFFENSES,0,1,1,,Increasing,0,1,1,,2026-08-28,2026-09-10,2026-09-11,2026-09-24,Boston Edison
10,ASSAULT,2,0,-2,-100.0,Decreasing,2,0,-2,-100.0,2026-08-28,2026-09-10,2026-09-11,2026-09-24,Boston Edison
04,ASSAULT,2,3,1,50.0,Increasing,2,3,1,50.0,2026-08-31,2026-09-13,2026-09-14,2026-09-27,Boynton
04,DAMAGE TO PROPERTY,2,2,0,0.0,No Change,2,2,0,0.0,2026-08-31,2026-09-13,2026-09-14,2026-09-27,Boynton
04,LARCENY,6,2,-4,-66.67,Decreasing,6,2,-4,-66.67,2026-08-31,2026-09-13,2026-09-14,2026-09-27,Boynton
04,AGGRAVATED ASSAULT,0,1,1,,Increasing,0,1,1,,2026-08-31,2026-09-13,2026-09-14,2026-09-27,Boynton
04,OBSTRUCTING JUDICIARY,1,1,0,0.0,No Change,1,1,0,0.0,2026-08-31,2026-09-13,2026-09-14,2026-09-27,Boynton
04,OBSTRUCTING THE POLICE,1,1,0,0.0,No Change,1,1,0,0.0,2026-08-31,2026-09-13,2026-09-14,2026-09-27,Boynton
04,BURGLARY,1,0,-1,-100.0,Decreasing,1,0,-1,-100.0,2026-08-31,2026-09-13,2026-09-14,2026-09-27,Boynton
04,FAMILY OFFENSE,1,0,-1,-100.0,Decreasing,1,0,-1,-100.0,2026-08-31,2026-09-13,2026-09-14,2026-09-27,Boynton
04,FRAUD,2,0,-2,-100.0,Decreasing,2,0,-2,-100.0,2026-08-31,2026-09-13,2026-09-14,2026-09-27,Boynton
04,STOLEN VEHICLE,3,0,-3,-100.0,Decreasing,3,0,-3,-100.0,2026-08-31,2026-09-13,2026-09-14,2026-09-27,Boynton
03,ASSAULT,0,1,1,,Increasing,0,1,1,,2026-08-30,2026-09-12,2026-09-13,2026-09-26,Brewster Homes
03,RUNAWAY,0,1,1,,Increasing,0,1,1,,2026-08-30,2026-09-12,2026-09-13,2026-09-26,Brewster Homes
06,ASSAULT,7,5,-2,-28.57,Decreasing,13,9,-4,-30.77,2026-08-31,2026-09-13,2026-09-14,2026-09-27,Brightmoor
06,DAMAGE TO PROPERTY,2,4,2,100.0,Increasing,5,6,1,20.0,2026-08-31,2026-09-13,2026-09-14,2026-09-27,Brightmoor
06,LARCENY,4,3,-1,-25.0,Decreasing,5,6,1,20.0,2026-08-31,2026-09-13,2026-09-14,2026-09-27,Brightmoor
06,STOLEN VEHICLE,1,3,2,200.0,Increasing,2,8,6,300.0,2026-08-31,2026-09-13,2026-09-14,2026-09-27,Brightmoor
06,AGGRAVATED ASSAULT,2,2,0,0.0,No Change,4,5,1,25.0,2026-08-31,2026-09-13,2026-09-14,2026-09-27,Brightmoor
06,RUNAWAY,1,2,1,100.0,Increasing,2,2,0,0.0,2026-08-31,2026-09-13,2026-09-14,2026-09-27,Brightmoor
06,KIDNAPPING,0,1,1,,Increasing,0,1,1,,2026-08-31,2026-09-13,2026-09-14,2026-09-27,Brightmoor
06,OBSTRUCTING JUDICIARY,0,1,1,,Increasing,0,1,1,,2026-08-31,2026-09-13,2026-09-14,2026-09-27,Brightmoor
06,OBSTRUCTING THE POLICE,0,1,1,,Increasing,0,3,3,,2026-08-31,2026-09-13,2026-09-14,2026-09-27,Brightmoor
06,STOLEN PROPERTY,0,1,1,,Increasing,0,2,2,,2026-08-31,2026-09-13,2026-09-14,2026-09-27,Brightmoor
06,BURGLARY,1,0,-1,-100.0,Decreasing,4,1,-3,-75.0,2026-08-31,2026-09-13,2026-09-14,2026-09-27,Brightmoor
06,FRAUD,1,0,-1,-100.0,Decreasing,3,1,-2,-66.67,2026-08-31,2026-09-13,2026-09-14,2026-09-27,Brightmoor
08,STOLEN VEHICLE,1,5,4,400.0,Increasing,2,8,6,300.0,2026-08-31,2026-09-13,2026-09-14,2026-09-27,Brightmoor
08,ASSAULT,6,4,-2,-33.33,Decreasing,13,9,-4,-30.77,2026-08-31,2026-09-13,2026-09-14,2026-09-27,Brightmoor
08,AGGRAVATED ASSAULT,2,3,1,50.0,Increasing,4,5,1,25.0,2026-08-31,2026-09-13,2026-09-14,2026-09-27,Brightmoor
08,LARCENY,1,3,2,200.0,Increasing,5,6,1,20.0,2026-08-31,2026-09-13,2026-09-14,2026-09-27,Brightmoor
08,DAMAGE TO PROPERTY,3,2,-1,-33.33,Decreasing,5,6,1,20.0,2026-08-31,2026-09-13,2026-09-14,2026-09-27,Brightmoor
08,OBSTRUCTING THE POLICE,0,2,2,,Increasing,0,3,3,,2026-08-31,2026-09-13,2026-09-14,2026-09-27,Brightmoor
08,BURGLARY,3,1,-2,-66.67,Decreasing,4,1,-3,-75.0,2026-08-31,2026-09-13,2026-09-14,2026-09-27,Brightmoor
08,FRAUD,2,1,-1,-50.0,Decreasing,3,1,-2,-66.67,2026-08-31,2026-09-13,2026-09-14,2026-09-27,Brightmoor
08,STOLEN PROPERTY,0,1,1,,Increasing,0,2,2,,2026-08-31,2026-09-13,2026-09-14,2026-09-27,Brightmoor
08,WEAPONS OFFENSES,1,1,0,0.0,No Change,1,1,0,0.0,2026-08-31,2026-09-13,2026-09-14,2026-09-27,Brightmoor
08,RUNAWAY,1,0,-1,-100.0,Decreasing,2,2,0,0.0,2026-08-31,2026-09-13,2026-09-14,2026-09-27,Brightmoor
03,LARCENY,3,10,7,233.33,Increasing,3,10,7,233.33,2026-08-30,2026-09-12,2026-09-13,2026-09-26,Brush Park
03,DAMAGE TO PROPERTY,1,7,6,600.0,Increasing,1,7,6,600.0,2026-08-30,2026-09-12,2026-09-13,2026-09-26,Brush Park
03,OBSTRUCTING THE POLICE,1,2,1,100.0,Increasing,1,2,1,100.0,2026-08-30,2026-09-12,2026-09-13,2026-09-26,Brush Park
03,OUIL,0,2,2,,Increasing,0,2,2,,2026-08-30,2026-09-12,2026-09-13,2026-09-26,Brush Park
03,STOLEN VEHICLE,3,2,-1,-33.33,Decreasing,3,2,-1,-33.33,2026-08-30,2026-09-12,2026-09-13,2026-09-26,Brush Park
03,ASSAULT,3,1,-2,-66.67,Decreasing,3,1,-2,-66.67,2026-08-30,2026-09-12,2026-09-13,2026-09-26,Brush Park
03,BURGLARY,2,1,-1,-50.0,Decreasing,2,1,-1,-50.0,2026-08-30,2026-09-12,2026-09-13,2026-09-26,Brush Park
03,DISORDERLY CONDUCT,0,1,1,,Increasing,0,1,1,,2026-08-30,2026-09-12,2026-09-13,2026-09-26,Brush Park
03,INVASION OF PRIVACY -OTHER,0,1,1,,Increasing,0,1,1,,2026-08-30,2026-09-12,2026-09-13,2026-09-26,Brush Park
03,AGGRAVATED ASSAULT,1,0,-1,-100.0,Decreasing,1,0,-1,-100.0,2026-08-30,2026-09-12,2026-09-13,2026-09-26,Brush Park
11,ASSAULT,0,3,3,,Increasing,0,3,3,,2026-08-29,2026-09-11,2026-09-12,2026-09-25,Buffalo Charles
11,AGGRAVATED ASSAULT,0,1,1,,Increasing,0,1,1,,2026-08-29,2026-09-11,2026-09-12,2026-09-25,Buffalo Charles
11,BURGLARY,0,1,1,,Increasing,0,1,1,,2026-08-29,2026-09-11,2026-09-12,2026-09-25,Buffalo Charles
11,DAMAGE TO PROPERTY,1,1,0,0.0,No Change,1,1,0,0.0,2026-08-29,2026-09-11,2026-09-12,2026-09-25,Buffalo Charles
11,LARCENY,0,1,1,,Increasing,0,1,1,,2026-08-29,2026-09-11,2026-09-12,2026-09-25,Buffalo Charles
11,STOLEN VEHICLE,1,0,-1,-100.0,Decreasing,1,0,-1,-100.0,2026-08-29,2026-09-11,2026-09-12,2026-09-25,Buffalo Charles
11,ASSAULT,2,5,3,150.0,Increasing,2,5,3,150.0,2026-08-29,2026-09-11,2026-09-12,2026-09-25,Butler
11,LARCENY,4,2,-2,-50.0,Decreasing,4,2,-2,-50.0,2026-08-29,2026-09-11,2026-09-12,2026-09-25,Butler
11,AGGRAVATED ASSAULT,1,1,0,0.0,No Change,1,1,0,0.0,2026-08-29,2026-09-11,2026-09-12,2026-09-25,Butler
11,FRAUD,1,1,0,0.0,No Change,1,1,0,0.0,2026-08-29,2026-09-11,2026-09-12,2026-09-25,Butler
11,STOLEN VEHICLE,0,1,1,,Increasing,0,1,1,,2026-08-29,2026-09-11,2026-09-12,2026-09-25,Butler
11,ARSON,1,0,-1,-100.0,Decreasing,1,0,-1,-100.0,2026-08-29,2026-09-11,2026-09-12,2026-09-25,Butler
11,BURGLARY,1,0,-1,-100.0,Decreasing,1,0,-1,-100.0,2026-08-29,2026-09-11,2026-09-12,2026-09-25,Butler
11,DAMAGE TO PROPERTY,1,0,-1,-100.0,Decreasing,1,0,-1,-100.0,2026-08-29,2026-09-11,2026-09-12,2026-09-25,Butler
11,ROBBERY,2,0,-2,-100.0,Decreasing,2,0,-2,-100.0,2026-08-29,2026-09-11,2026-09-12,2026-09-25,Butler
11,SEXUAL ASSAULT,1,0,-1,-100.0,Decreasing,1,0,-1,-100.0,2026-08-29,2026-09-11,2026-09-12,2026-09-25,Butler
02,ASSAULT,1,3,2,200.0,Increasing,1,3,2,200.0,2026-08-29,2026-09-11,2026-09-12,2026-09-25,Cadillac Community
02,DAMAGE TO PROPERTY,2,1,-1,-50.0,Decreasing,2,1,-1,-50.0,2026-08-29,2026-09-11,2026-09-12,2026-09-25,Cadillac Community
02,LARCENY,0,1,1,,Increasing,0,1,1,,2026-08-29,2026-09-11,2026-09-12,2026-09-25,Cadillac Community
02,FRAUD,2,0,-2,-100.0,Decreasing,2,0,-2,-100.0,2026-08-29,2026-09-11,2026-09-12,2026-09-25,Cadillac Community
02,STOLEN VEHICLE,1,0,-1,-100.0,Decreasing,1,0,-1,-100.0,2026-08-29,2026-09-11,2026-09-12,2026-09-25,Cadillac Community
11,ASSAULT,5,3,-2,-40.0,Decreasing,5,3,-2,-40.0,2026-08-30,2026-09-12,2026-09-13,2026-09-26,Cadillac Heights
11,AGGRAVATED ASSAULT,4,2,-2,-50.0,Decreasing,4,2,-2,-50.0,2026-08-30,2026-09-12,2026-09-13,2026-09-26,Cadillac Heights
11,BURGLARY,3,2,-1,-33.33,Decreasing,3,2,-1,-33.33,2026-08-30,2026-09-12,2026-09-13,2026-09-26,Cadillac Heights
11,DAMAGE TO PROPERTY,4,1,-3,-75.0,Decreasing,4,1,-3,-75.0,2026-08-30,2026-09-12,2026-09-13,2026-09-26,Cadillac Heights
11,DANGEROUS DRUGS,0,1,1,,Increasing,0,1,1,,2026-08-30,2026-09-12,2026-09-13,2026-09-26,Cadillac Heights
11,FAMILY OFFENSE,0,1,1,,Increasing,0,1,1,,2026-08-30,2026-09-12,2026-09-13,2026-09-26,Cadillac Heights
11,FRAUD,0,1,1,,Increasing,0,1,1,,2026-08-30,2026-09-12,2026-09-13,2026-09-26,Cadillac Heights
11,ROBBERY,0,1,1,,Increasing,0,1,1,,2026-08-30,2026-09-12,2026-09-13,2026-09-26,Cadillac Heights
11,STOLEN PROPERTY,0,1,1,,Increasing,0,1,1,,2026-08-30,2026-09-12,2026-09-13,2026-09-26,Cadillac Heights
11,STOLEN VEHICLE,0,1,1,,Increasing,0,1,1,,2026-08-30,2026-09-12,2026-09-13,2026-09-26,Cadillac Heights
11,LARCENY,2,0,-2,-100.0,Decreasing,2,0,-2,-100.0,2026-08-30,2026-09-12,2026-09-13,2026-09-26,Cadillac Heights
11,SEXUAL ASSAULT,1,0,-1,-100.0,Decreasing,1,0,-1,-100.0,2026-08-30,2026-09-12,2026-09-13,2026-09-26,Cadillac Heights
11,DAMAGE TO PROPERTY,0,2,2,,Increasing,0,2,2,,2026-08-29,2026-09-11,2026-09-12,2026-09-25,Campau/Banglatown
11,LARCENY,3,2,-1,-33.33,Decreasing,3,2,-1,-33.33,2026-08-29,2026-09-11,2026-09-12,2026-09-25,Campau/Banglatown
11,STOLEN VEHICLE,1,2,1,100.0,Increasing,1,2,1,100.0,2026-08-29,2026-09-11,2026-09-12,2026-09-25,Campau/Banglatown
11,WEAPONS OFFENSES,0,2,2,,Increasing,0,2,2,,2026-08-29,2026-09-11,2026-09-12,2026-09-25,Campau/Banglatown
11,INVASION OF PRIVACY -OTHER,0,1,1,,Increasing,0,1,1,,2026-08-29,2026-09-11,2026-09-12,2026-09-25,Campau/Banglatown
11,ASSAULT,1,0,-1,-100.0,Decreasing,1,0,-1,-100.0,2026-08-29,2026-09-11,2026-09-12,2026-09-25,Campau/Banglatown
11,BURGLARY,1,0,-1,-100.0,Decreasing,1,0,-1,-100.0,2026-08-29,2026-09-11,2026-09-12,2026-09-25,Campau/Banglatown
11,ROBBERY,1,0,-1,-100.0,Decreasing,1,0,-1,-100.0,2026-08-29,2026-09-11,2026-09-12,2026-09-25,Campau/Banglatown
04,LARCENY,0,1,1,,Increasing,0,1,1,,2026-08-14,2026-08-27,2026-08-28,2026-09-10,Carbon Works
04,WEAPONS OFFENSES,0,1,1,,Increasing,0,1,1,,2026-08-14,2026-08-27,2026-08-28,2026-09-10,Carbon Works
04,BURGLARY,1,0,-1,-100.0,Decreasing,1,0,-1,-100.0,2026-08-14,2026-08-27,2026-08-28,2026-09-10,Carbon Works
04,DAMAGE TO PROPERTY,1,0,-1,-100.0,Decreasing,1,0,-1,-100.0,2026-08-14,2026-08-27,2026-08-28,2026-09-10,Carbon Works
04,FRAUD,1,0,-1,-100.0,Decreasing,1,0,-1,-100.0,2026-08-14,2026-08-27,2026-08-28,2026-09-10,Carbon Works
04,STOLEN PROPERTY,2,0,-2,-100.0,Decreasing,2,0,-2,-100.0,2026-08-14,2026-08-27,2026-08-28,2026-09-10,Carbon Works
06,ASSAULT,1,6,5,500.0,Increasing,1,6,5,500.0,2026-08-29,2026-09-11,2026-09-12,2026-09-25,Castle Rouge
06,DAMAGE TO PROPERTY,0,2,2,,Increasing,0,2,2,,2026-08-29,2026-09-11,2026-09-12,2026-09-25,Castle Rouge
06,STOLEN VEHICLE,1,2,1,100.0,Increasing,1,2,1,100.0,2026-08-29,2026-09-11,2026-09-12,2026-09-25,Castle Rouge
06,BURGLARY,0,1,1,,Increasing,0,1,1,,2026-08-29,2026-09-11,2026-09-12,2026-09-25,Castle Rouge
06,FAMILY OFFENSE,0,1,1,,Increasing,0,1,1,,2026-08-29,2026-09-11,2026-09-12,2026-09-25,Castle Rouge
04,ASSAULT,7,7,0,0.0,No Change,7,7,0,0.0,2026-08-30,2026-09-12,2026-09-13,2026-09-26,Central Southwest
04,AGGRAVATED ASSAULT,2,5,3,150.0,Increasing,2,5,3,150.0,2026-08-30,2026-09-12,2026-09-13,2026-09-26,Central Southwest
04,DAMAGE TO PROPERTY,3,4,1,33.33,Increasing,3,4,1,33.33,2026-08-30,2026-09-12,2026-09-13,2026-09-26,Central Southwest
04,FRAUD,7,3,-4,-57.14,Decreasing,7,3,-4,-57.14,2026-08-30,2026-09-12,2026-09-13,2026-09-26,Central Southwest
04,LARCENY,6,3,-3,-50.0,Decreasing,6,3,-3,-50.0,2026-08-30,2026-09-12,2026-09-13,2026-09-26,Central Southwest
04,STOLEN VEHICLE,3,3,0,0.0,No Change,3,3,0,0.0,2026-08-30,2026-09-12,2026-09-13,2026-09-26,Central Southwest
04,DANGEROUS DRUGS,3,2,-1,-33.33,Decreasing,3,2,-1,-33.33,2026-08-30,2026-09-12,2026-09-13,2026-09-26,Central Southwest
04,FAMILY OFFENSE,0,1,1,,Increasing,0,1,1,,2026-08-30,2026-09-12,2026-09-13,2026-09-26,Central Southwest
04,BURGLARY,1,0,-1,-100.0,Decreasing,1,0,-1,-100.0,2026-08-30,2026-09-12,2026-09-13,2026-09-26,Central Southwest
04,OBSTRUCTING JUDICIARY,1,0,-1,-100.0,Decreasing,1,0,-1,-100.0,2026-08-30,2026-09-12,2026-09-13,2026-09-26,Central Southwest
04,OBSTRUCTING THE POLICE,1,0,-1,-100.0,Decreasing,1,0,-1,-100.0,2026-08-30,2026-09-12,2026-09-13,2026-09-26,Central Southwest
04,ROBBERY,1,0,-1,-100.0,Decreasing,1,0,-1,-100.0,2026-08-30,2026-09-12,2026-09-13,2026-09-26,Central Southwest
04,WEAPONS OFFENSES,3,0,-3,-100.0,Decreasing,3,0,-3,-100.0,2026-08-30,2026-09-12,2026-09-13,2026-09-26,Central Southwest
03,ASSAULT,1,3,2,200.0,Increasing,3,6,3,100.0,2026-08-30,2026-09-12,2026-09-13,2026-09-26,Chadsey Condon
03,DAMAGE TO PROPERTY,4,3,-1,-25.0,Decreasing,6,3,-3,-50.0,2026-08-30,2026-09-12,2026-09-13,2026-09-26,Chadsey Condon
03,AGGRAVATED ASSAULT,1,1,0,0.0,No Change,2,4,2,100.0,2026-08-30,2026-09-12,2026-09-13,2026-09-26,Chadsey Condon
03,STOLEN VEHICLE,2,1,-1,-50.0,Decreasing,3,3,0,0.0,2026-08-30,2026-09-12,2026-09-13,2026-09-26,Chadsey Condon
03,BURGLARY,1,0,-1,-100.0,Decreasing,4,0,-4,-100.0,2026-08-30,2026-09-12,2026-09-13,2026-09-26,Chadsey Condon
03,LARCENY,2,0,-2,-100.0,Decreasing,5,0,-5,-100.0,2026-08-30,2026-09-12,2026-09-13,2026-09-26,Chadsey Condon
03,SEXUAL ASSAULT,1,0,-1,-100.0,Decreasing,1,0,-1,-100.0,2026-08-30,2026-09-12,2026-09-13,2026-09-26,Chadsey Condon
04,ASSAULT,2,3,1,50.0,Increasing,3,6,3,100.0,2026-08-30,2026-09-12,2026-09-13,2026-09-26,Chadsey Condon
04,AGGRAVATED ASSAULT,1,2,1,100.0,Increasing,2,4,2,100.0,2026-08-30,2026-09-12,2026-09-13,2026-09-26,Chadsey Condon
04,STOLEN VEHICLE,1,2,1,100.0,Increasing,3,3,0,0.0,2026-08-30,2026-09-12,2026-09-13,2026-09-26,Chadsey Condon
04,BURGLARY,3,0,-3,-100.0,Decreasing,4,0,-4,-100.0,2026-08-30,2026-09-12,2026-09-13,2026-09-26,Chadsey Condon
04,DAMAGE TO PROPERTY,2,0,-2,-100.0,Decreasing,6,3,-3,-50.0,2026-08-30,2026-09-12,2026-09-13,2026-09-26,Chadsey Condon
04,FRAUD,2,0,-2,-100.0,Decreasing,2,0,-2,-100.0,2026-08-30,2026-09-12,2026-09-13,2026-09-26,Chadsey Condon
04,LARCENY,3,0,-3,-100.0,Decreasing,5,0,-5,-100.0,2026-08-30,2026-09-12,2026-09-13,2026-09-26,Chadsey Condon
04,OBSTRUCTING JUDICIARY,1,0,-1,-100.0,Decreasing,1,0,-1,-100.0,2026-08-30,2026-09-12,2026-09-13,2026-09-26,Chadsey Condon
04,WEAPONS OFFENSES,1,0,-1,-100.0,Decreasing,1,0,-1,-100.0,2026-08-30,2026-09-12,2026-09-13,2026-09-26,Chadsey Condon
10,AGGRAVATED ASSAULT,0,1,1,,Increasing,2,4,2,100.0,2026-08-30,2026-09-12,2026-09-13,2026-09-26,Chadsey Condon
10,DAMAGE TO PROPERTY,0,3,3,,Increasing,0,3,3,,2026-08-31,2026-09-13,2026-09-14,2026-09-27,Chalfonte
10,ASSAULT,3,2,-1,-33.33,Decreasing,3,2,-1,-33.33,2026-08-31,2026-09-13,2026-09-14,2026-09-27,Chalfonte
10,BURGLARY,1,2,1,100.0,Increasing,1,2,1,100.0,2026-08-31,2026-09-13,2026-09-14,2026-09-27,Chalfonte
10,OBSTRUCTING JUDICIARY,0,2,2,,Increasing,0,2,2,,2026-08-31,2026-09-13,2026-09-14,2026-09-27,Chalfonte
10,FRAUD,3,1,-2,-66.67,Decreasing,3,1,-2,-66.67,2026-08-31,2026-09-13,2026-09-14,2026-09-27,Chalfonte
10,LARCENY,1,1,0,0.0,No Change,1,1,0,0.0,2026-08-31,2026-09-13,2026-09-14,2026-09-27,Chalfonte
10,STOLEN VEHICLE,0,1,1,,Increasing,0,1,1,,2026-08-31,2026-09-13,2026-09-14,2026-09-27,Chalfonte
10,WEAPONS OFFENSES,3,1,-2,-66.67,Decreasing,3,1,-2,-66.67,2026-08-31,2026-09-13,2026-09-14,2026-09-27,Chalfonte
10,AGGRAVATED ASSAULT,2,0,-2,-100.0,Decreasing,2,0,-2,-100.0,2026-08-31,2026-09-13,2026-09-14,2026-09-27,Chalfonte
10,FAMILY OFFENSE,1,0,-1,-100.0,Decreasing,1,0,-1,-100.0,2026-08-31,2026-09-13,2026-09-14,2026-09-27,Chalfonte
10,OBSTRUCTING THE POLICE,1,0,-1,-100.0,Decreasing,1,0,-1,-100.0,2026-08-31,2026-09-13,2026-09-14,2026-09-27,Chalfonte
10,RUNAWAY,1,0,-1,-100.0,Decreasing,1,0,-1,-100.0,2026-08-31,2026-09-13,2026-09-14,2026-09-27,Chalfonte
05,ASSAULT,2,3,1,50.0,Increasing,2,3,1,50.0,2026-08-30,2026-09-12,2026-09-13,2026-09-26,Chandler Park
05,WEAPONS OFFENSES,0,2,2,,Increasing,0,2,2,,2026-08-30,2026-09-12,2026-09-13,2026-09-26,Chandler Park
05,AGGRAVATED ASSAULT,0,1,1,,Increasing,0,1,1,,2026-08-30,2026-09-12,2026-09-13,2026-09-26,Chandler Park
05,FAMILY OFFENSE,0,1,1,,Increasing,0,1,1,,2026-08-30,2026-09-12,2026-09-13,2026-09-26,Chandler Park
05,LARCENY,0,1,1,,Increasing,0,1,1,,2026-08-30,2026-09-12,2026-09-13,2026-09-26,Chandler Park
05,OBSTRUCTING THE POLICE,0,1,1,,Increasing,0,1,1,,2026-08-30,2026-09-12,2026-09-13,2026-09-26,Chandler Park
05,ROBBERY,0,1,1,,Increasing,0,1,1,,2026-08-30,2026-09-12,2026-09-13,2026-09-26,Chandler Park
05,STOLEN VEHICLE,1,1,0,0.0,No Change,1,1,0,0.0,2026-08-30,2026-09-12,2026-09-13,2026-09-26,Chandler Park
05,FRAUD,1,0,-1,-100.0,Decreasing,1,0,-1,-100.0,2026-08-30,2026-09-12,2026-09-13,2026-09-26,Chandler Park
05,STOLEN PROPERTY,1,0,-1,-100.0,Decreasing,1,0,-1,-100.0,2026-08-30,2026-09-12,2026-09-13,2026-09-26,Chandler Park
05,ASSAULT,2,2,0,0.0,No Change,2,2,0,0.0,2026-08-25,2026-09-07,2026-09-08,2026-09-21,Chandler Park-Chalmers
05,LARCENY,1,1,0,0.0,No Change,1,1,0,0.0,2026-08-25,2026-09-07,2026-09-08,2026-09-21,Chandler Park-Chalmers
05,RUNAWAY,0,1,1,,Increasing,0,1,1,,2026-08-25,2026-09-07,2026-09-08,2026-09-21,Chandler Park-Chalmers
05,STOLEN VEHICLE,1,1,0,0.0,No Change,1,1,0,0.0,2026-08-25,2026-09-07,2026-09-08,2026-09-21,Chandler Park-Chalmers
05,DAMAGE TO PROPERTY,1,0,-1,-100.0,Decreasing,1,0,-1,-100.0,2026-08-25,2026-09-07,2026-09-08,2026-09-21,Chandler Park-Chalmers
05,ROBBERY,1,0,-1,-100.0,Decreasing,1,0,-1,-100.0,2026-08-25,2026-09-07,2026-09-08,2026-09-21,Chandler Park-Chalmers
02,OBSTRUCTING JUDICIARY,1,0,-1,-100.0,Decreasing,4,1,-3,-75.0,2026-08-31,2026-09-13,2026-09-14,2026-09-27,Claytown
02,STOLEN VEHICLE,1,0,-1,-100.0,Decreasing,2,1,-1,-50.0,2026-08-31,2026-09-13,2026-09-14,2026-09-27,Claytown
04,ASSAULT,11,4,-7,-63.64,Decreasing,11,4,-7,-63.64,2026-08-31,2026-09-13,2026-09-14,2026-09-27,Claytown
04,LARCENY,9,4,-5,-55.56,Decreasing,9,4,-5,-55.56,2026-08-31,2026-09-13,2026-09-14,2026-09-27,Claytown
04,AGGRAVATED ASSAULT,1,3,2,200.0,Increasing,1,3,2,200.0,2026-08-31,2026-09-13,2026-09-14,2026-09-27,Claytown
04,DAMAGE TO PROPERTY,6,3,-3,-50.0,Decreasing,6,3,-3,-50.0,2026-08-31,2026-09-13,2026-09-14,2026-09-27,Claytown
04,BURGLARY,2,2,0,0.0,No Change,2,2,0,0.0,2026-08-31,2026-09-13,2026-09-14,2026-09-27,Claytown
04,FRAUD,3,2,-1,-33.33,Decreasing,3,2,-1,-33.33,2026-08-31,2026-09-13,2026-09-14,2026-09-27,Claytown
04,OBSTRUCTING THE POLICE,0,2,2,,Increasing,0,2,2,,2026-08-31,2026-09-13,2026-09-14,2026-09-27,Claytown
04,DANGEROUS DRUGS,3,1,-2,-66.67,Decreasing,3,1,-2,-66.67,2026-08-31,2026-09-13,2026-09-14,2026-09-27,Claytown
04,FAMILY OFFENSE,0,1,1,,Increasing,0,1,1,,2026-08-31,2026-09-13,2026-09-14,2026-09-27,Claytown
04,OBSTRUCTING JUDICIARY,3,1,-2,-66.67,Decreasing,4,1,-3,-75.0,2026-08-31,2026-09-13,2026-09-14,2026-09-27,Claytown
04,STOLEN VEHICLE,1,1,0,0.0,No Change,2,1,-1,-50.0,2026-08-31,2026-09-13,2026-09-14,2026-09-27,Claytown
04,EXTORTION,1,0,-1,-100.0,Decreasing,1,0,-1,-100.0,2026-08-31,2026-09-13,2026-09-14,2026-09-27,Claytown
04,FORGERY,1,0,-1,-100.0,Decreasing,1,0,-1,-100.0,2026-08-31,2026-09-13,2026-09-14,2026-09-27,Claytown
04,ROBBERY,1,0,-1,-100.0,Decreasing,1,0,-1,-100.0,2026-08-31,2026-09-13,2026-09-14,2026-09-27,Claytown
04,SEX OFFENSES,1,0,-1,-100.0,Decreasing,1,0,-1,-100.0,2026-08-31,2026-09-13,2026-09-14,2026-09-27,Claytown
08,ASSAULT,8,6,-2,-25.0,Decreasing,8,6,-2,-25.0,2026-08-30,2026-09-12,2026-09-13,2026-09-26,College Park
08,AGGRAVATED ASSAULT,2,3,1,50.0,Increasing,2,3,1,50.0,2026-08-30,2026-09-12,2026-09-13,2026-09-26,College Park
08,LARCENY,5,3,-2,-40.0,Decreasing,5,3,-2,-40.0,2026-08-30,2026-09-12,2026-09-13,2026-09-26,College Park
08,OBSTRUCTING JUDICIARY,0,2,2,,Increasing,0,2,2,,2026-08-30,2026-09-12,2026-09-13,2026-09-26,College Park
08,STOLEN VEHICLE,2,2,0,0.0,No Change,2,2,0,0.0,2026-08-30,2026-09-12,2026-09-13,2026-09-26,College Park
08,WEAPONS OFFENSES,2,2,0,0.0,No Change,2,2,0,0.0,2026-08-30,2026-09-12,2026-09-13,2026-09-26,College Park
08,DAMAGE TO PROPERTY,2,1,-1,-50.0,Decreasing,2,1,-1,-50.0,2026-08-30,2026-09-12,2026-09-13,2026-09-26,College Park
08,OBSTRUCTING THE POLICE,2,1,-1,-50.0,Decreasing,2,1,-1,-50.0,2026-08-30,2026-09-12,2026-09-13,2026-09-26,College Park
08,SEXUAL ASSAULT,0,1,1,,Increasing,0,1,1,,2026-08-30,2026-09-12,2026-09-13,2026-09-26,College Park
08,STOLEN PROPERTY,1,1,0,0.0,No Change,1,1,0,0.0,2026-08-30,2026-09-12,2026-09-13,2026-09-26,College Park
08,BURGLARY,2,0,-2,-100.0,Decreasing,2,0,-2,-100.0,2026-08-30,2026-09-12,2026-09-13,2026-09-26,College Park
11,ASSAULT,2,1,-1,-50.0,Decreasing,2,1,-1,-50.0,2026-08-27,2026-09-09,2026-09-10,2026-09-23,Conant Gardens
11,BURGLARY,1,0,-1,-100.0,Decreasing,1,0,-1,-100.0,2026-08-27,2026-09-09,2026-09-10,2026-09-23,Conant Gardens
11,LARCENY,1,0,-1,-100.0,Decreasing,1,0,-1,-100.0,2026-08-27,2026-09-09,2026-09-10,2026-09-23,Conant Gardens
11,WEAPONS OFFENSES,1,0,-1,-100.0,Decreasing,1,0,-1,-100.0,2026-08-27,2026-09-09,2026-09-10,2026-09-23,Conant Gardens
09,ASSAULT,2,4,2,100.0,Increasing,6,4,-2,-33.33,2026-08-26,2026-09-08,2026-09-09,2026-09-22,Conner Creek
09,STOLEN VEHICLE,0,3,3,,Increasing,0,3,3,,2026-08-26,2026-09-08,2026-09-09,2026-09-22,Conner Creek
09,AGGRAVATED ASSAULT,2,2,0,0.0,No Change,2,3,1,50.0,2026-08-26,2026-09-08,2026-09-09,2026-09-22,Conner Creek
09,DAMAGE TO PROPERTY,3,2,-1,-33.33,Decreasing,4,2,-2,-50.0,2026-08-26,2026-09-08,2026-09-09,2026-09-22,Conner Creek
09,FRAUD,0,2,2,,Increasing,0,2,2,,2026-08-26,2026-09-08,2026-09-09,2026-09-22,Conner Creek
09,WEAPONS OFFENSES,1,2,1,100.0,Increasing,1,2,1,100.0,2026-08-26,2026-09-08,2026-09-09,2026-09-22,Conner Creek
09,BURGLARY,0,1,1,,Increasing,0,1,1,,2026-08-26,2026-09-08,2026-09-09,2026-09-22,Conner Creek
09,DANGEROUS DRUGS,0,1,1,,Increasing,0,1,1,,2026-08-26,2026-09-08,2026-09-09,2026-09-22,Conner Creek
09,LARCENY,1,1,0,0.0,No Change,1,2,1,100.0,2026-08-26,2026-09-08,2026-09-09,2026-09-22,Conner Creek
09,FAMILY OFFENSE,1,0,-1,-100.0,Decreasing,1,0,-1,-100.0,2026-08-26,2026-09-08,2026-09-09,2026-09-22,Conner Creek
09,SEX OFFENSES,1,0,-1,-100.0,Decreasing,1,0,-1,-100.0,2026-08-26,2026-09-08,2026-09-09,2026-09-22,Conner Creek
09,STOLEN PROPERTY,1,0,-1,-100.0,Decreasing,2,0,-2,-100.0,2026-08-26,2026-09-08,2026-09-09,2026-09-22,Conner Creek
11,AGGRAVATED ASSAULT,0,1,1,,Increasing,2,3,1,50.0,2026-08-26,2026-09-08,2026-09-09,2026-09-22,Conner Creek
11,LARCENY,0,1,1,,Increasing,1,2,1,100.0,2026-08-26,2026-09-08,2026-09-09,2026-09-22,Conner Creek
11,ASSAULT,4,0,-4,-100.0,Decreasing,6,4,-2,-33.33,2026-08-26,2026-09-08,2026-09-09,2026-09-22,Conner Creek
11,DAMAGE TO PROPERTY,1,0,-1,-100.0,Decreasing,4,2,-2,-50.0,2026-08-26,2026-09-08,2026-09-09,2026-09-22,Conner Creek
11,STOLEN PROPERTY,1,0,-1,-100.0,Decreasing,2,0,-2,-100.0,2026-08-26,2026-09-08,2026-09-09,2026-09-22,Conner Creek
05,ASSAULT,2,2,0,0.0,No Change,2,2,0,0.0,2026-08-28,2026-09-10,2026-09-11,2026-09-24,Conner Creek Industrial
05,FRAUD,0,2,2,,Increasing,0,2,2,,2026-08-28,2026-09-10,2026-09-11,2026-09-24,Conner Creek Industrial
05,DAMAGE TO PROPERTY,1,1,0,0.0,No Change,1,1,0,0.0,2026-08-28,2026-09-10,2026-09-11,2026-09-24,Conner Creek Industrial
05,DANGEROUS DRUGS,0,1,1,,Increasing,0,1,1,,2026-08-28,2026-09-10,2026-09-11,2026-09-24,Conner Creek Industrial
05,FAMILY OFFENSE,0,1,1,,Increasing,0,1,1,,2026-08-28,2026-09-10,2026-09-11,2026-09-24,Conner Creek Industrial
05,FORGERY,0,1,1,,Increasing,0,1,1,,2026-08-28,2026-09-10,2026-09-11,2026-09-24,Conner Creek Industrial
05,LARCENY,0,1,1,,Increasing,0,1,1,,2026-08-28,2026-09-10,2026-09-11,2026-09-24,Conner Creek Industrial
05,OBSTRUCTING THE POLICE,0,1,1,,Increasing,0,1,1,,2026-08-28,2026-09-10,2026-09-11,2026-09-24,Conner Creek Industrial
05,WEAPONS OFFENSES,0,1,1,,Increasing,0,1,1,,2026-08-28,2026-09-10,2026-09-11,2026-09-24,Conner Creek Industrial
05,AGGRAVATED ASSAULT,1,0,-1,-100.0,Decreasing,1,0,-1,-100.0,2026-08-28,2026-09-10,2026-09-11,2026-09-24,Conner Creek Industrial
03,LARCENY,1,6,5,500.0,Increasing,1,6,5,500.0,2026-08-23,2026-09-05,2026-09-06,2026-09-19,Core City
03,ASSAULT,1,3,2,200.0,Increasing,1,3,2,200.0,2026-08-23,2026-09-05,2026-09-06,2026-09-19,Core City
03,BURGLARY,0,1,1,,Increasing,0,1,1,,2026-08-23,2026-09-05,2026-09-06,2026-09-19,Core City
03,WEAPONS OFFENSES,0,1,1,,Increasing,0,1,1,,2026-08-23,2026-09-05,2026-09-06,2026-09-19,Core City
03,DAMAGE TO PROPERTY,2,0,-2,-100.0,Decreasing,2,0,-2,-100.0,2026-08-23,2026-09-05,2026-09-06,2026-09-19,Core City
03,ROBBERY,1,0,-1,-100.0,Decreasing,1,0,-1,-100.0,2026-08-23,2026-09-05,2026-09-06,2026-09-19,Core City
03,RUNAWAY,1,0,-1,-100.0,Decreasing,1,0,-1,-100.0,2026-08-23,2026-09-05,2026-09-06,2026-09-19,Core City
03,ASSAULT,5,5,0,0.0,No Change,5,5,0,0.0,2026-08-28,2026-09-10,2026-09-11,2026-09-24,Corktown
03,LARCENY,5,5,0,0.0,No Change,5,5,0,0.0,2026-08-28,2026-09-10,2026-09-11,2026-09-24,Corktown
03,AGGRAVATED ASSAULT,4,1,-3,-75.0,Decreasing,4,1,-3,-75.0,2026-08-28,2026-09-10,2026-09-11,2026-09-24,Corktown
03,BURGLARY,0,1,1,,Increasing,0,1,1,,2026-08-28,2026-09-10,2026-09-11,2026-09-24,Corktown
03,INVASION OF PRIVACY -OTHER,0,1,1,,Increasing,0,1,1,,2026-08-28,2026-09-10,2026-09-11,2026-09-24,Corktown
03,STOLEN VEHICLE,2,1,-1,-50.0,Decreasing,2,1,-1,-50.0,2026-08-28,2026-09-10,2026-09-11,2026-09-24,Corktown
03,DAMAGE TO PROPERTY,3,0,-3,-100.0,Decreasing,3,0,-3,-100.0,2026-08-28,2026-09-10,2026-09-11,2026-09-24,Corktown
03,ROBBERY,1,0,-1,-100.0,Decreasing,1,0,-1,-100.0,2026-08-28,2026-09-10,2026-09-11,2026-09-24,Corktown
03,SEXUAL ASSAULT,1,0,-1,-100.0,Decreasing,1,0,-1,-100.0,2026-08-28,2026-09-10,2026-09-11,2026-09-24,Corktown
05,ASSAULT,10,13,3,30.0,Increasing,10,13,3,30.0,2026-08-31,2026-09-13,2026-09-14,2026-09-27,Cornerstone Village
05,AGGRAVATED ASSAULT,5,6,1,20.0,Increasing,5,6,1,20.0,2026-08-31,2026-09-13,2026-09-14,2026-09-27,Cornerstone Village
05,FRAUD,8,4,-4,-50.0,Decreasing,8,4,-4,-50.0,2026-08-31,2026-09-13,2026-09-14,2026-09-27,Cornerstone Village
05,LARCENY,6,4,-2,-33.33,Decreasing,6,4,-2,-33.33,2026-08-31,2026-09-13,2026-09-14,2026-09-27,Cornerstone Village
05,BURGLARY,0,3,3,,Increasing,0,3,3,,2026-08-31,2026-09-13,2026-09-14,2026-09-27,Cornerstone Village
05,DAMAGE TO PROPERTY,8,3,-5,-62.5,Decreasing,8,3,-5,-62.5,2026-08-31,2026-09-13,2026-09-14,2026-09-27,Cornerstone Village
05,FAMILY OFFENSE,2,2,0,0.0,No Change,2,2,0,0.0,2026-08-31,2026-09-13,2026-09-14,2026-09-27,Cornerstone Village
05,STOLEN VEHICLE,3,2,-1,-33.33,Decreasing,3,2,-1,-33.33,2026-08-31,2026-09-13,2026-09-14,2026-09-27,Cornerstone Village
05,ROBBERY,1,1,0,0.0,No Change,1,1,0,0.0,2026-08-31,2026-09-13,2026-09-14,2026-09-27,Cornerstone Village
05,SEXUAL ASSAULT,0,1,1,,Increasing,0,1,1,,2026-08-31,2026-09-13,2026-09-14,2026-09-27,Cornerstone Village
05,STOLEN PROPERTY,0,1,1,,Increasing,0,1,1,,2026-08-31,2026-09-13,2026-09-14,2026-09-27,Cornerstone Village
05,WEAPONS OFFENSES,1,1,0,0.0,No Change,1,1,0,0.0,2026-08-31,2026-09-13,2026-09-14,2026-09-27,Cornerstone Village
05,OBSTRUCTING THE POLICE,1,0,-1,-100.0,Decreasing,1,0,-1,-100.0,2026-08-31,2026-09-13,2026-09-14,2026-09-27,Cornerstone Village
05,OUIL,2,0,-2,-100.0,Decreasing,2,0,-2,-100.0,2026-08-31,2026-09-13,2026-09-14,2026-09-27,Cornerstone Village
05,RUNAWAY,1,0,-1,-100.0,Decreasing,1,0,-1,-100.0,2026-08-31,2026-09-13,2026-09-14,2026-09-27,Cornerstone Village
08,LARCENY,8,6,-2,-25.0,Decreasing,8,6,-2,-25.0,2026-08-29,2026-09-11,2026-09-12,2026-09-25,Crary/St Marys
08,DAMAGE TO PROPERTY,4,5,1,25.0,Increasing,4,5,1,25.0,2026-08-29,2026-09-11,2026-09-12,2026-09-25,Crary/St Marys
08,AGGRAVATED ASSAULT,2,3,1,50.0,Increasing,2,3,1,50.0,2026-08-29,2026-09-11,2026-09-12,2026-09-25,Crary/St Marys
08,ASSAULT,4,3,-1,-25.0,Decreasing,4,3,-1,-25.0,2026-08-29,2026-09-11,2026-09-12,2026-09-25,Crary/St Marys
08,WEAPONS OFFENSES,4,3,-1,-25.0,Decreasing,4,3,-1,-25.0,2026-08-29,2026-09-11,2026-09-12,2026-09-25,Crary/St Marys
08,STOLEN VEHICLE,8,2,-6,-75.0,Decreasing,8,2,-6,-75.0,2026-08-29,2026-09-11,2026-09-12,2026-09-25,Crary/St Marys
08,BURGLARY,0,1,1,,Increasing,0,1,1,,2026-08-29,2026-09-11,2026-09-12,2026-09-25,Crary/St Marys
08,SEXUAL ASSAULT,0,1,1,,Increasing,0,1,1,,2026-08-29,2026-09-11,2026-09-12,2026-09-25,Crary/St Marys
08,STOLEN PROPERTY,1,1,0,0.0,No Change,1,1,0,0.0,2026-08-29,2026-09-11,2026-09-12,2026-09-25,Crary/St Marys
08,HEALTH AND SAFETY,1,0,-1,-100.0,Decreasing,1,0,-1,-100.0,2026-08-29,2026-09-11,2026-09-12,2026-09-25,Crary/St Marys
08,ROBBERY,1,0,-1,-100.0,Decreasing,1,0,-1,-100.0,2026-08-29,2026-09-11,2026-09-12,2026-09-25,Crary/St Marys
03,STOLEN VEHICLE,0,3,3,,Increasing,0,3,3,,2026-08-30,2026-09-12,2026-09-13,2026-09-26,Cultural Center
03,ASSAULT,4,2,-2,-50.0,Decreasing,4,2,-2,-50.0,2026-08-30,2026-09-12,2026-09-13,2026-09-26,Cultural Center
03,BURGLARY,2,1,-1,-50.0,Decreasing,2,1,-1,-50.0,2026-08-30,2026-09-12,2026-09-13,2026-09-26,Cultural Center
03,DAMAGE TO PROPERTY,2,1,-1,-50.0,Decreasing,2,1,-1,-50.0,2026-08-30,2026-09-12,2026-09-13,2026-09-26,Cultural Center
03,ROBBERY,0,1,1,,Increasing,0,1,1,,2026-08-30,2026-09-12,2026-09-13,2026-09-26,Cultural Center
03,WEAPONS OFFENSES,0,1,1,,Increasing,0,1,1,,2026-08-30,2026-09-12,2026-09-13,2026-09-26,Cultural Center
03,AGGRAVATED ASSAULT,2,0,-2,-100.0,Decreasing,2,0,-2,-100.0,2026-08-30,2026-09-12,2026-09-13,2026-09-26,Cultural Center
03,FAMILY OFFENSE,1,0,-1,-100.0,Decreasing,1,0,-1,-100.0,2026-08-30,2026-09-12,2026-09-13,2026-09-26,Cultural Center
03,FRAUD,1,0,-1,-100.0,Decreasing,1,0,-1,-100.0,2026-08-30,2026-09-12,2026-09-13,2026-09-26,Cultural Center
03,LARCENY,1,0,-1,-100.0,Decreasing,1,0,-1,-100.0,2026-08-30,2026-09-12,2026-09-13,2026-09-26,Cultural Center
03,OBSTRUCTING JUDICIARY,1,0,-1,-100.0,Decreasing,1,0,-1,-100.0,2026-08-30,2026-09-12,2026-09-13,2026-09-26,Cultural Center
11,ASSAULT,3,2,-1,-33.33,Decreasing,3,2,-1,-33.33,2026-08-28,2026-09-10,2026-09-11,2026-09-24,Davison
11,OBSTRUCTING THE POLICE,2,2,0,0.0,No Change,2,2,0,0.0,2026-08-28,2026-09-10,2026-09-11,2026-09-24,Davison
11,OUIL,0,2,2,,Increasing,0,2,2,,2026-08-28,2026-09-10,2026-09-11,2026-09-24,Davison
11,ARSON,1,1,0,0.0,No Change,1,1,0,0.0,2026-08-28,2026-09-10,2026-09-11,2026-09-24,Davison
11,BURGLARY,0,1,1,,Increasing,0,1,1,,2026-08-28,2026-09-10,2026-09-11,2026-09-24,Davison
11,DAMAGE TO PROPERTY,3,1,-2,-66.67,Decreasing,3,1,-2,-66.67,2026-08-28,2026-09-10,2026-09-11,2026-09-24,Davison
11,FRAUD,0,1,1,,Increasing,0,1,1,,2026-08-28,2026-09-10,2026-09-11,2026-09-24,Davison
11,LARCENY,1,1,0,0.0,No Change,1,1,0,0.0,2026-08-28,2026-09-10,2026-09-11,2026-09-24,Davison
11,ROBBERY,0,1,1,,Increasing,0,1,1,,2026-08-28,2026-09-10,2026-09-11,2026-09-24,Davison
11,STOLEN PROPERTY,0,1,1,,Increasing,0,1,1,,2026-08-28,2026-09-10,2026-09-11,2026-09-24,Davison
11,WEAPONS OFFENSES,1,1,0,0.0,No Change,1,1,0,0.0,2026-08-28,2026-09-10,2026-09-11,2026-09-24,Davison
11,AGGRAVATED ASSAULT,1,0,-1,-100.0,Decreasing,1,0,-1,-100.0,2026-08-28,2026-09-10,2026-09-11,2026-09-24,Davison
11,OBSTRUCTING JUDICIARY,1,0,-1,-100.0,Decreasing,1,0,-1,-100.0,2026-08-28,2026-09-10,2026-09-11,2026-09-24,Davison
11,STOLEN VEHICLE,1,0,-1,-100.0,Decreasing,1,0,-1,-100.0,2026-08-28,2026-09-10,2026-09-11,2026-09-24,Davison
10,AGGRAVATED ASSAULT,3,2,-1,-33.33,Decreasing,3,2,-1,-33.33,2026-08-27,2026-09-09,2026-09-10,2026-09-23,Davison-Schoolcraft
10,ASSAULT,2,1,-1,-50.0,Decreasing,2,1,-1,-50.0,2026-08-27,2026-09-09,2026-09-10,2026-09-23,Davison-Schoolcraft
10,LARCENY,3,1,-2,-66.67,Decreasing,3,1,-2,-66.67,2026-08-27,2026-09-09,2026-09-10,2026-09-23,Davison-Schoolcraft
10,OBSTRUCTING THE POLICE,0,1,1,,Increasing,0,1,1,,2026-08-27,2026-09-09,2026-09-10,2026-09-23,Davison-Schoolcraft
10,SEXUAL ASSAULT,0,1,1,,Increasing,0,1,1,,2026-08-27,2026-09-09,2026-09-10,2026-09-23,Davison-Schoolcraft
10,STOLEN VEHICLE,1,1,0,0.0,No Change,1,1,0,0.0,2026-08-27,2026-09-09,2026-09-10,2026-09-23,Davison-Schoolcraft
10,DAMAGE TO PROPERTY,2,0,-2,-100.0,Decreasing,2,0,-2,-100.0,2026-08-27,2026-09-09,2026-09-10,2026-09-23,Davison-Schoolcraft
10,FRAUD,3,0,-3,-100.0,Decreasing,3,0,-3,-100.0,2026-08-27,2026-09-09,2026-09-10,2026-09-23,Davison-Schoolcraft
04,OBSTRUCTING JUDICIARY,0,2,2,,Increasing,0,2,2,,2026-08-29,2026-09-11,2026-09-12,2026-09-25,Delray
04,AGGRAVATED ASSAULT,0,1,1,,Increasing,0,1,1,,2026-08-29,2026-09-11,2026-09-12,2026-09-25,Delray
04,ARSON,0,1,1,,Increasing,0,1,1,,2026-08-29,2026-09-11,2026-09-12,2026-09-25,Delray
04,DAMAGE TO PROPERTY,0,1,1,,Increasing,0,1,1,,2026-08-29,2026-09-11,2026-09-12,2026-09-25,Delray
04,OBSTRUCTING THE POLICE,0,1,1,,Increasing,0,1,1,,2026-08-29,2026-09-11,2026-09-12,2026-09-25,Delray
04,ASSAULT,1,0,-1,-100.0,Decreasing,1,0,-1,-100.0,2026-08-29,2026-09-11,2026-09-12,2026-09-25,Delray
04,BURGLARY,1,0,-1,-100.0,Decreasing,1,0,-1,-100.0,2026-08-29,2026-09-11,2026-09-12,2026-09-25,Delray
04,FRAUD,1,0,-1,-100.0,Decreasing,1,0,-1,-100.0,2026-08-29,2026-09-11,2026-09-12,2026-09-25,Delray
04,LARCENY,1,0,-1,-100.0,Decreasing,1,0,-1,-100.0,2026-08-29,2026-09-11,2026-09-12,2026-09-25,Delray
04,STOLEN VEHICLE,2,0,-2,-100.0,Decreasing,2,0,-2,-100.0,2026-08-29,2026-09-11,2026-09-12,2026-09-25,Delray
04,WEAPONS OFFENSES,2,0,-2,-100.0,Decreasing,2,0,-2,-100.0,2026-08-29,2026-09-11,2026-09-12,2026-09-25,Delray
09,AGGRAVATED ASSAULT,3,4,1,33.33,Increasing,3,4,1,33.33,2026-08-30,2026-09-12,2026-09-13,2026-09-26,Denby
09,ARSON,0,3,3,,Increasing,0,3,3,,2026-08-30,2026-09-12,2026-09-13,2026-09-26,Denby
09,ASSAULT,3,2,-1,-33.33,Decreasing,3,2,-1,-33.33,2026-08-30,2026-09-12,2026-09-13,2026-09-26,Denby
09,FRAUD,0,2,2,,Increasing,0,2,2,,2026-08-30,2026-09-12,2026-09-13,2026-09-26,Denby
09,LARCENY,1,2,1,100.0,Increasing,1,2,1,100.0,2026-08-30,2026-09-12,2026-09-13,2026-09-26,Denby
09,STOLEN VEHICLE,2,2,0,0.0,No Change,2,2,0,0.0,2026-08-30,2026-09-12,2026-09-13,2026-09-26,Denby
09,DAMAGE TO PROPERTY,2,1,-1,-50.0,Decreasing,2,1,-1,-50.0,2026-08-30,2026-09-12,2026-09-13,2026-09-26,Denby
09,OBSTRUCTING THE POLICE,0,1,1,,Increasing,0,1,1,,2026-08-30,2026-09-12,2026-09-13,2026-09-26,Denby
09,SEX OFFENSES,0,1,1,,Increasing,0,1,1,,2026-08-30,2026-09-12,2026-09-13,2026-09-26,Denby
09,SEXUAL ASSAULT,0,1,1,,Increasing,0,1,1,,2026-08-30,2026-09-12,2026-09-13,2026-09-26,Denby
09,STOLEN PROPERTY,0,1,1,,Increasing,0,1,1,,2026-08-30,2026-09-12,2026-09-13,2026-09-26,Denby
09,BURGLARY,3,0,-3,-100.0,Decreasing,3,0,-3,-100.0,2026-08-30,2026-09-12,2026-09-13,2026-09-26,Denby
09,WEAPONS OFFENSES,2,0,-2,-100.0,Decreasing,2,0,-2,-100.0,2026-08-30,2026-09-12,2026-09-13,2026-09-26,Denby
12,STOLEN VEHICLE,0,1,1,,Increasing,0,1,1,,2026-08-27,2026-09-09,2026-09-10,2026-09-23,Detroit Golf
12,WEAPONS OFFENSES,0,1,1,,Increasing,0,1,1,,2026-08-27,2026-09-09,2026-09-10,2026-09-23,Detroit Golf
12,BURGLARY,1,0,-1,-100.0,Decreasing,1,0,-1,-100.0,2026-08-27,2026-09-09,2026-09-10,2026-09-23,Detroit Golf
12,LARCENY,1,0,-1,-100.0,Decreasing,1,0,-1,-100.0,2026-08-27,2026-09-09,2026-09-10,2026-09-23,Detroit Golf
10,AGGRAVATED ASSAULT,1,1,0,0.0,No Change,1,1,0,0.0,2026-08-26,2026-09-08,2026-09-09,2026-09-22,Dexter-Fenkell
10,ASSAULT,1,1,0,0.0,No Change,1,1,0,0.0,2026-08-26,2026-09-08,2026-09-09,2026-09-22,Dexter-Fenkell
10,DAMAGE TO PROPERTY,1,1,0,0.0,No Change,1,1,0,0.0,2026-08-26,2026-09-08,2026-09-09,2026-09-22,Dexter-Fenkell
10,WEAPONS OFFENSES,0,1,1,,Increasing,0,1,1,,2026-08-26,2026-09-08,2026-09-09,2026-09-22,Dexter-Fenkell
10,FRAUD,3,0,-3,-100.0,Decreasing,3,0,-3,-100.0,2026-08-26,2026-09-08,2026-09-09,2026-09-22,Dexter-Fenkell
10,LARCENY,2,0,-2,-100.0,Decreasing,2,0,-2,-100.0,2026-08-26,2026-09-08,2026-09-09,2026-09-22,Dexter-Fenkell
10,AGGRAVATED ASSAULT,9,14,5,55.56,Increasing,9,14,5,55.56,2026-08-30,2026-09-12,2026-09-13,2026-09-26,Dexter-Linwood
10,DAMAGE TO PROPERTY,8,13,5,62.5,Increasing,8,13,5,62.5,2026-08-30,2026-09-12,2026-09-13,2026-09-26,Dexter-Linwood
10,ASSAULT,14,12,-2,-14.29,Decreasing,14,12,-2,-14.29,2026-08-30,2026-09-12,2026-09-13,2026-09-26,Dexter-Linwood
10,LARCENY,10,9,-1,-10.0,Decreasing,10,9,-1,-10.0,2026-08-30,2026-09-12,2026-09-13,2026-09-26,Dexter-Linwood
10,BURGLARY,5,6,1,20.0,Increasing,5,6,1,20.0,2026-08-30,2026-09-12,2026-09-13,2026-09-26,Dexter-Linwood
10,FRAUD,8,6,-2,-25.0,Decreasing,8,6,-2,-25.0,2026-08-30,2026-09-12,2026-09-13,2026-09-26,Dexter-Linwood
10,STOLEN VEHICLE,1,3,2,200.0,Increasing,1,3,2,200.0,2026-08-30,2026-09-12,2026-09-13,2026-09-26,Dexter-Linwood
10,STOLEN PROPERTY,1,2,1,100.0,Increasing,1,2,1,100.0,2026-08-30,2026-09-12,2026-09-13,2026-09-26,Dexter-Linwood
10,DANGEROUS DRUGS,0,1,1,,Increasing,0,1,1,,2026-08-30,2026-09-12,2026-09-13,2026-09-26,Dexter-Linwood
10,EXTORTION,0,1,1,,Increasing,0,1,1,,2026-08-30,2026-09-12,2026-09-13,2026-09-26,Dexter-Linwood
10,INVASION OF PRIVACY -OTHER,0,1,1,,Increasing,0,1,1,,2026-08-30,2026-09-12,2026-09-13,2026-09-26,Dexter-Linwood
10,OBSTRUCTING THE POLICE,6,1,-5,-83.33,Decreasing,6,1,-5,-83.33,2026-08-30,2026-09-12,2026-09-13,2026-09-26,Dexter-Linwood
10,ROBBERY,0,1,1,,Increasing,0,1,1,,2026-08-30,2026-09-12,2026-09-13,2026-09-26,Dexter-Linwood
10,RUNAWAY,2,1,-1,-50.0,Decreasing,2,1,-1,-50.0,2026-08-30,2026-09-12,2026-09-13,2026-09-26,Dexter-Linwood
10,WEAPONS OFFENSES,2,1,-1,-50.0,Decreasing,2,1,-1,-50.0,2026-08-30,2026-09-12,2026-09-13,2026-09-26,Dexter-Linwood
10,FAMILY OFFENSE,3,0,-3,-100.0,Decreasing,3,0,-3,-100.0,2026-08-30,2026-09-12,2026-09-13,2026-09-26,Dexter-Linwood
10,HEALTH AND SAFETY,2,0,-2,-100.0,Decreasing,2,0,-2,-100.0,2026-08-30,2026-09-12,2026-09-13,2026-09-26,Dexter-Linwood
10,OUIL,2,0,-2,-100.0,Decreasing,2,0,-2,-100.0,2026-08-30,2026-09-12,2026-09-13,2026-09-26,Dexter-Linwood
03,OUIL,0,2,2,,Increasing,0,2,2,,2026-06-07,2026-06-20,2026-06-21,2026-07-04,Douglass
03,INVASION OF PRIVACY -OTHER,1,0,-1,-100.0,Decreasing,1,0,-1,-100.0,2026-06-07,2026-06-20,2026-06-21,2026-07-04,Douglass
03,LARCENY,1,0,-1,-100.0,Decreasing,1,0,-1,-100.0,2026-06-07,2026-06-20,2026-06-21,2026-07-04,Douglass
03,ASSAULT,26,33,7,26.92,Increasing,26,33,7,26.92,2026-08-30,2026-09-12,2026-09-13,2026-09-26,Downtown
03,LARCENY,30,24,-6,-20.0,Decreasing,30,25,-5,-16.67,2026-08-30,2026-09-12,2026-09-13,2026-09-26,Downtown
03,FRAUD,16,17,1,6.25,Increasing,16,17,1,6.25,2026-08-30,2026-09-12,2026-09-13,2026-09-26,Downtown
03,AGGRAVATED ASSAULT,7,10,3,42.86,Increasing,7,10,3,42.86,2026-08-30,2026-09-12,2026-09-13,2026-09-26,Downtown
03,DAMAGE TO PROPERTY,8,6,-2,-25.0,Decreasing,8,6,-2,-25.0,2026-08-30,2026-09-12,2026-09-13,2026-09-26,Downtown
03,STOLEN VEHICLE,3,6,3,100.0,Increasing,3,6,3,100.0,2026-08-30,2026-09-12,2026-09-13,2026-09-26,Downtown
03,INVASION OF PRIVACY -OTHER,2,5,3,150.0,Increasing,2,5,3,150.0,2026-08-30,2026-09-12,2026-09-13,2026-09-26,Downtown
03,OUIL,0,4,4,,Increasing,0,4,4,,2026-08-30,2026-09-12,2026-09-13,2026-09-26,Downtown
03,DISORDERLY CONDUCT,3,3,0,0.0,No Change,3,3,0,0.0,2026-08-30,2026-09-12,2026-09-13,2026-09-26,Downtown
03,OBSTRUCTING THE POLICE,4,3,-1,-25.0,Decreasing,4,3,-1,-25.0,2026-08-30,2026-09-12,2026-09-13,2026-09-26,Downtown
03,LIQUOR,0,2,2,,Increasing,0,2,2,,2026-08-30,2026-09-12,2026-09-13,2026-09-26,Downtown
03,EXTORTION,1,1,0,0.0,No Change,1,1,0,0.0,2026-08-30,2026-09-12,2026-09-13,2026-09-26,Downtown
03,HEALTH AND SAFETY,0,1,1,,Increasing,0,1,1,,2026-08-30,2026-09-12,2026-09-13,2026-09-26,Downtown
03,HOMICIDE,0,1,1,,Increasing,0,1,1,,2026-08-30,2026-09-12,2026-09-13,2026-09-26,Downtown
03,OBSTRUCTING JUDICIARY,0,1,1,,Increasing,0,1,1,,2026-08-30,2026-09-12,2026-09-13,2026-09-26,Downtown
03,ROBBERY,2,1,-1,-50.0,Decreasing,2,1,-1,-50.0,2026-08-30,2026-09-12,2026-09-13,2026-09-26,Downtown
03,SEXUAL ASSAULT,0,1,1,,Increasing,0,1,1,,2026-08-30,2026-09-12,2026-09-13,2026-09-26,Downtown
03,BURGLARY,2,0,-2,-100.0,Decreasing,2,0,-2,-100.0,2026-08-30,2026-09-12,2026-09-13,2026-09-26,Downtown
03,DANGEROUS DRUGS,3,0,-3,-100.0,Decreasing,3,0,-3,-100.0,2026-08-30,2026-09-12,2026-09-13,2026-09-26,Downtown
03,KIDNAPPING,1,0,-1,-100.0,Decreasing,1,0,-1,-100.0,2026-08-30,2026-09-12,2026-09-13,2026-09-26,Downtown
03,SEX OFFENSES,1,0,-1,-100.0,Decreasing,1,0,-1,-100.0,2026-08-30,2026-09-12,2026-09-13,2026-09-26,Downtown
03,STOLEN PROPERTY,1,0,-1,-100.0,Decreasing,1,0,-1,-100.0,2026-08-30,2026-09-12,2026-09-13,2026-09-26,Downtown
03,WEAPONS OFFENSES,4,0,-4,-100.0,Decreasing,4,0,-4,-100.0,2026-08-30,2026-09-12,2026-09-13,2026-09-26,Downtown
07,LARCENY,0,1,1,,Increasing,30,25,-5,-16.67,2026-08-30,2026-09-12,2026-09-13,2026-09-26,Downtown
05,LARCENY,0,1,1,,Increasing,0,1,1,,2026-08-31,2026-09-13,2026-09-14,2026-09-27,East Canfield
05,RUNAWAY,0,1,1,,Increasing,0,1,1,,2026-08-31,2026-09-13,2026-09-14,2026-09-27,East Canfield
05,ASSAULT,2,5,3,150.0,Increasing,2,5,3,150.0,2026-08-30,2026-09-12,2026-09-13,2026-09-26,East English Village
05,BURGLARY,5,3,-2,-40.0,Decreasing,5,3,-2,-40.0,2026-08-30,2026-09-12,2026-09-13,2026-09-26,East English Village
05,AGGRAVATED ASSAULT,3,2,-1,-33.33,Decreasing,3,2,-1,-33.33,2026-08-30,2026-09-12,2026-09-13,2026-09-26,East English Village
05,ROBBERY,2,2,0,0.0,No Change,2,2,0,0.0,2026-08-30,2026-09-12,2026-09-13,2026-09-26,East English Village
05,DAMAGE TO PROPERTY,1,1,0,0.0,No Change,1,1,0,0.0,2026-08-30,2026-09-12,2026-09-13,2026-09-26,East English Village
05,DANGEROUS DRUGS,0,1,1,,Increasing,0,1,1,,2026-08-30,2026-09-12,2026-09-13,2026-09-26,East English Village
05,FRAUD,2,1,-1,-50.0,Decreasing,2,1,-1,-50.0,2026-08-30,2026-09-12,2026-09-13,2026-09-26,East English Village
05,WEAPONS OFFENSES,0,1,1,,Increasing,0,1,1,,2026-08-30,2026-09-12,2026-09-13,2026-09-26,East English Village
05,LARCENY,2,0,-2,-100.0,Decreasing,2,0,-2,-100.0,2026-08-30,2026-09-12,2026-09-13,2026-09-26,East English Village
05,STOLEN PROPERTY,1,0,-1,-100.0,Decreasing,1,0,-1,-100.0,2026-08-30,2026-09-12,2026-09-13,2026-09-26,East English Village
05,STOLEN VEHICLE,2,0,-2,-100.0,Decreasing,2,0,-2,-100.0,2026-08-30,2026-09-12,2026-09-13,2026-09-26,East English Village
05,DAMAGE TO PROPERTY,1,2,1,100.0,Increasing,1,2,1,100.0,2026-08-30,2026-09-12,2026-09-13,2026-09-26,East Village
05,OBSTRUCTING THE POLICE,0,2,2,,Increasing,0,2,2,,2026-08-30,2026-09-12,2026-09-13,2026-09-26,East Village
05,STOLEN VEHICLE,3,2,-1,-33.33,Decreasing,5,2,-3,-60.0,2026-08-30,2026-09-12,2026-09-13,2026-09-26,East Village
05,ASSAULT,2,1,-1,-50.0,Decreasing,3,1,-2,-66.67,2026-08-30,2026-09-12,2026-09-13,2026-09-26,East Village
05,FRAUD,0,1,1,,Increasing,4,2,-2,-50.0,2026-08-30,2026-09-12,2026-09-13,2026-09-26,East Village
05,AGGRAVATED ASSAULT,1,0,-1,-100.0,Decreasing,3,0,-3,-100.0,2026-08-30,2026-09-12,2026-09-13,2026-09-26,East Village
05,BURGLARY,1,0,-1,-100.0,Decreasing,1,0,-1,-100.0,2026-08-30,2026-09-12,2026-09-13,2026-09-26,East Village
05,FAMILY OFFENSE,1,0,-1,-100.0,Decreasing,1,0,-1,-100.0,2026-08-30,2026-09-12,2026-09-13,2026-09-26,East Village
05,HEALTH AND SAFETY,1,0,-1,-100.0,Decreasing,1,0,-1,-100.0,2026-08-30,2026-09-12,2026-09-13,2026-09-26,East Village
05,LARCENY,1,0,-1,-100.0,Decreasing,1,1,0,0.0,2026-08-30,2026-09-12,2026-09-13,2026-09-26,East Village
07,DANGEROUS DRUGS,1,1,0,0.0,No Change,1,1,0,0.0,2026-08-30,2026-09-12,2026-09-13,2026-09-26,East Village
07,FRAUD,4,1,-3,-75.0,Decreasing,4,2,-2,-50.0,2026-08-30,2026-09-12,2026-09-13,2026-09-26,East Village
07,LARCENY,0,1,1,,Increasing,1,1,0,0.0,2026-08-30,2026-09-12,2026-09-13,2026-09-26,East Village
07,AGGRAVATED ASSAULT,2,0,-2,-100.0,Decreasing,3,0,-3,-100.0,2026-08-30,2026-09-12,2026-09-13,2026-09-26,East Village
07,ASSAULT,1,0,-1,-100.0,Decreasing,3,1,-2,-66.67,2026-08-30,2026-09-12,2026-09-13,2026-09-26,East Village
07,STOLEN VEHICLE,2,0,-2,-100.0,Decreasing,5,2,-3,-60.0,2026-08-30,2026-09-12,2026-09-13,2026-09-26,East Village
07,WEAPONS OFFENSES,1,0,-1,-100.0,Decreasing,1,0,-1,-100.0,2026-08-30,2026-09-12,2026-09-13,2026-09-26,East Village
07,LARCENY,3,2,-1,-33.33,Decreasing,3,2,-1,-33.33,2026-08-31,2026-09-13,2026-09-14,2026-09-27,Eastern Market
07,AGGRAVATED ASSAULT,0,1,1,,Increasing,0,1,1,,2026-08-31,2026-09-13,2026-09-14,2026-09-27,Eastern Market
07,HEALTH AND SAFETY,0,1,1,,Increasing,0,1,1,,2026-08-31,2026-09-13,2026-09-14,2026-09-27,Eastern Market
07,ROBBERY,0,1,1,,Increasing,0,1,1,,2026-08-31,2026-09-13,2026-09-14,2026-09-27,Eastern Market
07,ASSAULT,1,0,-1,-100.0,Decreasing,1,0,-1,-100.0,2026-08-31,2026-09-13,2026-09-14,2026-09-27,Eastern Market
07,DAMAGE TO PROPERTY,5,0,-5,-100.0,Decreasing,5,0,-5,-100.0,2026-08-31,2026-09-13,2026-09-14,2026-09-27,Eastern Market
09,ASSAULT,4,4,0,0.0,No Change,4,4,0,0.0,2026-08-30,2026-09-12,2026-09-13,2026-09-26,Eden Gardens
09,AGGRAVATED ASSAULT,3,3,0,0.0,No Change,3,3,0,0.0,2026-08-30,2026-09-12,2026-09-13,2026-09-26,Eden Gardens
09,BURGLARY,0,2,2,,Increasing,0,2,2,,2026-08-30,2026-09-12,2026-09-13,2026-09-26,Eden Gardens
09,LARCENY,0,2,2,,Increasing,0,2,2,,2026-08-30,2026-09-12,2026-09-13,2026-09-26,Eden Gardens
09,STOLEN VEHICLE,2,2,0,0.0,No Change,2,2,0,0.0,2026-08-30,2026-09-12,2026-09-13,2026-09-26,Eden Gardens
09,WEAPONS OFFENSES,2,2,0,0.0,No Change,2,2,0,0.0,2026-08-30,2026-09-12,2026-09-13,2026-09-26,Eden Gardens
09,DAMAGE TO PROPERTY,4,1,-3,-75.0,Decreasing,4,1,-3,-75.0,2026-08-30,2026-09-12,2026-09-13,2026-09-26,Eden Gardens
09,OBSTRUCTING THE POLICE,1,1,0,0.0,No Change,1,1,0,0.0,2026-08-30,2026-09-12,2026-09-13,2026-09-26,Eden Gardens
09,STOLEN PROPERTY,1,1,0,0.0,No Change,1,1,0,0.0,2026-08-30,2026-09-12,2026-09-13,2026-09-26,Eden Gardens
09,FRAUD,1,0,-1,-100.0,Decreasing,1,0,-1,-100.0,2026-08-30,2026-09-12,2026-09-13,2026-09-26,Eden Gardens
09,HOMICIDE,1,0,-1,-100.0,Decreasing,1,0,-1,-100.0,2026-08-30,2026-09-12,2026-09-13,2026-09-26,Eden Gardens
09,OBSTRUCTING JUDICIARY,1,0,-1,-100.0,Decreasing,1,0,-1,-100.0,2026-08-30,2026-09-12,2026-09-13,2026-09-26,Eden Gardens
09,OUIL,2,0,-2,-100.0,Decreasing,2,0,-2,-100.0,2026-08-30,2026-09-12,2026-09-13,2026-09-26,Eden Gardens
09,SEX OFFENSES,1,0,-1,-100.0,Decreasing,1,0,-1,-100.0,2026-08-30,2026-09-12,2026-09-13,2026-09-26,Eden Gardens
03,ASSAULT,4,7,3,75.0,Increasing,4,7,3,75.0,2026-08-27,2026-09-09,2026-09-10,2026-09-23,Elijah McCoy
03,DAMAGE TO PROPERTY,1,2,1,100.0,Increasing,1,2,1,100.0,2026-08-27,2026-09-09,2026-09-10,2026-09-23,Elijah McCoy
03,LARCENY,3,2,-1,-33.33,Decreasing,3,2,-1,-33.33,2026-08-27,2026-09-09,2026-09-10,2026-09-23,Elijah McCoy
03,OUIL,0,2,2,,Increasing,0,2,2,,2026-08-27,2026-09-09,2026-09-10,2026-09-23,Elijah McCoy
03,AGGRAVATED ASSAULT,1,1,0,0.0,No Change,1,1,0,0.0,2026-08-27,2026-09-09,2026-09-10,2026-09-23,Elijah McCoy
03,BURGLARY,1,1,0,0.0,No Change,1,1,0,0.0,2026-08-27,2026-09-09,2026-09-10,2026-09-23,Elijah McCoy
03,FRAUD,1,1,0,0.0,No Change,1,1,0,0.0,2026-08-27,2026-09-09,2026-09-10,2026-09-23,Elijah McCoy
03,OBSTRUCTING JUDICIARY,0,1,1,,Increasing,0,1,1,,2026-08-27,2026-09-09,2026-09-10,2026-09-23,Elijah McCoy
03,STOLEN PROPERTY,0,1,1,,Increasing,0,1,1,,2026-08-27,2026-09-09,2026-09-10,2026-09-23,Elijah McCoy
06,DAMAGE TO PROPERTY,3,3,0,0.0,No Change,3,3,0,0.0,2026-08-30,2026-09-12,2026-09-13,2026-09-26,Eliza Howell
06,ASSAULT,2,1,-1,-50.0,Decreasing,2,1,-1,-50.0,2026-08-30,2026-09-12,2026-09-13,2026-09-26,Eliza Howell
06,BURGLARY,1,0,-1,-100.0,Decreasing,1,0,-1,-100.0,2026-08-30,2026-09-12,2026-09-13,2026-09-26,Eliza Howell
06,LARCENY,1,0,-1,-100.0,Decreasing,1,0,-1,-100.0,2026-08-30,2026-09-12,2026-09-13,2026-09-26,Eliza Howell
06,STOLEN VEHICLE,1,0,-1,-100.0,Decreasing,1,0,-1,-100.0,2026-08-30,2026-09-12,2026-09-13,2026-09-26,Eliza Howell
07,ASSAULT,12,7,-5,-41.67,Decreasing,12,7,-5,-41.67,2026-08-30,2026-09-12,2026-09-13,2026-09-26,Elmwood Park
07,DAMAGE TO PROPERTY,4,4,0,0.0,No Change,4,4,0,0.0,2026-08-30,2026-09-12,2026-09-13,2026-09-26,Elmwood Park
07,LARCENY,8,4,-4,-50.0,Decreasing,8,4,-4,-50.0,2026-08-30,2026-09-12,2026-09-13,2026-09-26,Elmwood Park
07,STOLEN VEHICLE,2,4,2,100.0,Increasing,2,4,2,100.0,2026-08-30,2026-09-12,2026-09-13,2026-09-26,Elmwood Park
07,BURGLARY,0,2,2,,Increasing,0,2,2,,2026-08-30,2026-09-12,2026-09-13,2026-09-26,Elmwood Park
07,FRAUD,3,2,-1,-33.33,Decreasing,3,2,-1,-33.33,2026-08-30,2026-09-12,2026-09-13,2026-09-26,Elmwood Park
07,WEAPONS OFFENSES,0,2,2,,Increasing,0,2,2,,2026-08-30,2026-09-12,2026-09-13,2026-09-26,Elmwood Park
07,AGGRAVATED ASSAULT,4,1,-3,-75.0,Decreasing,4,1,-3,-75.0,2026-08-30,2026-09-12,2026-09-13,2026-09-26,Elmwood Park
07,KIDNAPPING,0,1,1,,Increasing,0,1,1,,2026-08-30,2026-09-12,2026-09-13,2026-09-26,Elmwood Park
07,OBSTRUCTING THE POLICE,0,1,1,,Increasing,0,1,1,,2026-08-30,2026-09-12,2026-09-13,2026-09-26,Elmwood Park
07,ROBBERY,0,1,1,,Increasing,0,1,1,,2026-08-30,2026-09-12,2026-09-13,2026-09-26,Elmwood Park
07,DANGEROUS DRUGS,2,0,-2,-100.0,Decreasing,2,0,-2,-100.0,2026-08-30,2026-09-12,2026-09-13,2026-09-26,Elmwood Park
07,OUIL,2,0,-2,-100.0,Decreasing,2,0,-2,-100.0,2026-08-30,2026-09-12,2026-09-13,2026-09-26,Elmwood Park
08,ASSAULT,5,6,1,20.0,Increasing,5,6,1,20.0,2026-08-30,2026-09-12,2026-09-13,2026-09-26,Evergreen Lahser 7/8
08,STOLEN VEHICLE,5,6,1,20.0,Increasing,5,6,1,20.0,2026-08-30,2026-09-12,2026-09-13,2026-09-26,Evergreen Lahser 7/8
08,LARCENY,4,3,-1,-25.0,Decreasing,4,3,-1,-25.0,2026-08-30,2026-09-12,2026-09-13,2026-09-26,Evergreen Lahser 7/8
08,WEAPONS OFFENSES,2,2,0,0.0,No Change,2,2,0,0.0,2026-08-30,2026-09-12,2026-09-13,2026-09-26,Evergreen Lahser 7/8
08,AGGRAVATED ASSAULT,1,1,0,0.0,No Change,1,1,0,0.0,2026-08-30,2026-09-12,2026-09-13,2026-09-26,Evergreen Lahser 7/8
08,DAMAGE TO PROPERTY,4,1,-3,-75.0,Decreasing,4,1,-3,-75.0,2026-08-30,2026-09-12,2026-09-13,2026-09-26,Evergreen Lahser 7/8
08,FAMILY OFFENSE,0,1,1,,Increasing,0,1,1,,2026-08-30,2026-09-12,2026-09-13,2026-09-26,Evergreen Lahser 7/8
08,FRAUD,0,1,1,,Increasing,0,1,1,,2026-08-30,2026-09-12,2026-09-13,2026-09-26,Evergreen Lahser 7/8
08,SEX OFFENSES,0,1,1,,Increasing,0,1,1,,2026-08-30,2026-09-12,2026-09-13,2026-09-26,Evergreen Lahser 7/8
08,ARSON,1,0,-1,-100.0,Decreasing,1,0,-1,-100.0,2026-08-30,2026-09-12,2026-09-13,2026-09-26,Evergreen Lahser 7/8
08,BURGLARY,2,0,-2,-100.0,Decreasing,2,0,-2,-100.0,2026-08-30,2026-09-12,2026-09-13,2026-09-26,Evergreen Lahser 7/8
08,OBSTRUCTING THE POLICE,2,0,-2,-100.0,Decreasing,2,0,-2,-100.0,2026-08-30,2026-09-12,2026-09-13,2026-09-26,Evergreen Lahser 7/8
08,ROBBERY,1,0,-1,-100.0,Decreasing,1,0,-1,-100.0,2026-08-30,2026-09-12,2026-09-13,2026-09-26,Evergreen Lahser 7/8
08,STOLEN VEHICLE,3,6,3,100.0,Increasing,3,6,3,100.0,2026-08-28,2026-09-10,2026-09-11,2026-09-24,Evergreen-Outer Drive
08,ASSAULT,9,5,-4,-44.44,Decreasing,9,5,-4,-44.44,2026-08-28,2026-09-10,2026-09-11,2026-09-24,Evergreen-Outer Drive
08,AGGRAVATED ASSAULT,3,4,1,33.33,Increasing,3,4,1,33.33,2026-08-28,2026-09-10,2026-09-11,2026-09-24,Evergreen-Outer Drive
08,LARCENY,8,4,-4,-50.0,Decreasing,8,4,-4,-50.0,2026-08-28,2026-09-10,2026-09-11,2026-09-24,Evergreen-Outer Drive
08,DAMAGE TO PROPERTY,1,2,1,100.0,Increasing,1,2,1,100.0,2026-08-28,2026-09-10,2026-09-11,2026-09-24,Evergreen-Outer Drive
08,FRAUD,4,1,-3,-75.0,Decreasing,4,1,-3,-75.0,2026-08-28,2026-09-10,2026-09-11,2026-09-24,Evergreen-Outer Drive
08,STOLEN PROPERTY,0,1,1,,Increasing,0,1,1,,2026-08-28,2026-09-10,2026-09-11,2026-09-24,Evergreen-Outer Drive
08,WEAPONS OFFENSES,0,1,1,,Increasing,0,1,1,,2026-08-28,2026-09-10,2026-09-11,2026-09-24,Evergreen-Outer Drive
08,BURGLARY,3,0,-3,-100.0,Decreasing,3,0,-3,-100.0,2026-08-28,2026-09-10,2026-09-11,2026-09-24,Evergreen-Outer Drive
08,DISORDERLY CONDUCT,1,0,-1,-100.0,Decreasing,1,0,-1,-100.0,2026-08-28,2026-09-10,2026-09-11,2026-09-24,Evergreen-Outer Drive
08,OBSTRUCTING JUDICIARY,1,0,-1,-100.0,Decreasing,1,0,-1,-100.0,2026-08-28,2026-09-10,2026-09-11,2026-09-24,Evergreen-Outer Drive
08,OBSTRUCTING THE POLICE,1,0,-1,-100.0,Decreasing,1,0,-1,-100.0,2026-08-28,2026-09-10,2026-09-11,2026-09-24,Evergreen-Outer Drive
08,SEXUAL ASSAULT,1,0,-1,-100.0,Decreasing,1,0,-1,-100.0,2026-08-28,2026-09-10,2026-09-11,2026-09-24,Evergreen-Outer Drive
06,AGGRAVATED ASSAULT,0,2,2,,Increasing,0,2,2,,2026-08-25,2026-09-07,2026-09-08,2026-09-21,Far West Detroit
06,ASSAULT,2,1,-1,-50.0,Decreasing,2,1,-1,-50.0,2026-08-25,2026-09-07,2026-09-08,2026-09-21,Far West Detroit
06,OBSTRUCTING THE POLICE,0,1,1,,Increasing,0,1,1,,2026-08-25,2026-09-07,2026-09-08,2026-09-21,Far West Detroit
06,BURGLARY,1,0,-1,-100.0,Decreasing,1,0,-1,-100.0,2026-08-25,2026-09-07,2026-09-08,2026-09-21,Far West Detroit
06,FRAUD,1,0,-1,-100.0,Decreasing,1,0,-1,-100.0,2026-08-25,2026-09-07,2026-09-08,2026-09-21,Far West Detroit
06,STOLEN PROPERTY,1,0,-1,-100.0,Decreasing,1,0,-1,-100.0,2026-08-25,2026-09-07,2026-09-08,2026-09-21,Far West Detroit
06,WEAPONS OFFENSES,1,0,-1,-100.0,Decreasing,1,0,-1,-100.0,2026-08-25,2026-09-07,2026-09-08,2026-09-21,Far West Detroit
11,AGGRAVATED ASSAULT,7,7,0,0.0,No Change,7,7,0,0.0,2026-08-31,2026-09-13,2026-09-14,2026-09-27,Farwell
11,ASSAULT,15,7,-8,-53.33,Decreasing,15,7,-8,-53.33,2026-08-31,2026-09-13,2026-09-14,2026-09-27,Farwell
11,LARCENY,3,7,4,133.33,Increasing,3,7,4,133.33,2026-08-31,2026-09-13,2026-09-14,2026-09-27,Farwell
11,DAMAGE TO PROPERTY,2,4,2,100.0,Increasing,2,4,2,100.0,2026-08-31,2026-09-13,2026-09-14,2026-09-27,Farwell
11,BURGLARY,2,2,0,0.0,No Change,2,2,0,0.0,2026-08-31,2026-09-13,2026-09-14,2026-09-27,Farwell
11,FRAUD,2,1,-1,-50.0,Decreasing,2,1,-1,-50.0,2026-08-31,2026-09-13,2026-09-14,2026-09-27,Farwell
11,OBSTRUCTING JUDICIARY,0,1,1,,Increasing,0,1,1,,2026-08-31,2026-09-13,2026-09-14,2026-09-27,Farwell
11,STOLEN VEHICLE,2,1,-1,-50.0,Decreasing,2,1,-1,-50.0,2026-08-31,2026-09-13,2026-09-14,2026-09-27,Farwell
11,DANGEROUS DRUGS,1,0,-1,-100.0,Decreasing,1,0,-1,-100.0,2026-08-31,2026-09-13,2026-09-14,2026-09-27,Farwell
11,EXTORTION,1,0,-1,-100.0,Decreasing,1,0,-1,-100.0,2026-08-31,2026-09-13,2026-09-14,2026-09-27,Farwell
11,HEALTH AND SAFETY,1,0,-1,-100.0,Decreasing,1,0,-1,-100.0,2026-08-31,2026-09-13,2026-09-14,2026-09-27,Farwell
11,OBSTRUCTING THE POLICE,1,0,-1,-100.0,Decreasing,1,0,-1,-100.0,2026-08-31,2026-09-13,2026-09-14,2026-09-27,Farwell
11,RUNAWAY,1,0,-1,-100.0,Decreasing,1,0,-1,-100.0,2026-08-31,2026-09-13,2026-09-14,2026-09-27,Farwell
11,STOLEN PROPERTY,1,0,-1,-100.0,Decreasing,1,0,-1,-100.0,2026-08-31,2026-09-13,2026-09-14,2026-09-27,Farwell
02,ASSAULT,1,3,2,200.0,Increasing,1,3,2,200.0,2026-08-26,2026-09-08,2026-09-09,2026-09-22,Fiskhorn
02,DAMAGE TO PROPERTY,0,3,3,,Increasing,0,3,3,,2026-08-26,2026-09-08,2026-09-09,2026-09-22,Fiskhorn
02,BURGLARY,1,1,0,0.0,No Change,1,1,0,0.0,2026-08-26,2026-09-08,2026-09-09,2026-09-22,Fiskhorn
02,FAMILY OFFENSE,0,1,1,,Increasing,0,1,1,,2026-08-26,2026-09-08,2026-09-09,2026-09-22,Fiskhorn
02,FRAUD,0,1,1,,Increasing,0,1,1,,2026-08-26,2026-09-08,2026-09-09,2026-09-22,Fiskhorn
02,INVASION OF PRIVACY -OTHER,0,1,1,,Increasing,0,1,1,,2026-08-26,2026-09-08,2026-09-09,2026-09-22,Fiskhorn
02,LARCENY,1,1,0,0.0,No Change,1,1,0,0.0,2026-08-26,2026-09-08,2026-09-09,2026-09-22,Fiskhorn
02,OBSTRUCTING THE POLICE,0,1,1,,Increasing,0,1,1,,2026-08-26,2026-09-08,2026-09-09,2026-09-22,Fiskhorn
02,STOLEN VEHICLE,0,1,1,,Increasing,0,1,1,,2026-08-26,2026-09-08,2026-09-09,2026-09-22,Fiskhorn
02,AGGRAVATED ASSAULT,1,0,-1,-100.0,Decreasing,1,0,-1,-100.0,2026-08-26,2026-09-08,2026-09-09,2026-09-22,Fiskhorn
02,STOLEN PROPERTY,1,0,-1,-100.0,Decreasing,1,0,-1,-100.0,2026-08-26,2026-09-08,2026-09-09,2026-09-22,Fiskhorn
02,WEAPONS OFFENSES,1,0,-1,-100.0,Decreasing,1,0,-1,-100.0,2026-08-26,2026-09-08,2026-09-09,2026-09-22,Fiskhorn
08,ASSAULT,0,1,1,,Increasing,7,11,4,57.14,2026-08-30,2026-09-12,2026-09-13,2026-09-26,Fitzgerald/Marygrove
10,FRAUD,0,1,1,,Increasing,3,1,-2,-66.67,2026-08-30,2026-09-12,2026-09-13,2026-09-26,Fitzgerald/Marygrove
10,RUNAWAY,0,1,1,,Increasing,0,2,2,,2026-08-30,2026-09-12,2026-09-13,2026-09-26,Fitzgerald/Marygrove
10,STOLEN PROPERTY,0,1,1,,Increasing,1,1,0,0.0,2026-08-30,2026-09-12,2026-09-13,2026-09-26,Fitzgerald/Marygrove
10,ASSAULT,2,0,-2,-100.0,Decreasing,7,11,4,57.14,2026-08-30,2026-09-12,2026-09-13,2026-09-26,Fitzgerald/Marygrove
10,DAMAGE TO PROPERTY,1,0,-1,-100.0,Decreasing,7,5,-2,-28.57,2026-08-30,2026-09-12,2026-09-13,2026-09-26,Fitzgerald/Marygrove
10,SEX OFFENSES,2,0,-2,-100.0,Decreasing,2,0,-2,-100.0,2026-08-30,2026-09-12,2026-09-13,2026-09-26,Fitzgerald/Marygrove
10,STOLEN VEHICLE,1,0,-1,-100.0,Decreasing,4,4,0,0.0,2026-08-30,2026-09-12,2026-09-13,2026-09-26,Fitzgerald/Marygrove
10,WEAPONS OFFENSES,1,0,-1,-100.0,Decreasing,1,0,-1,-100.0,2026-08-30,2026-09-12,2026-09-13,2026-09-26,Fitzgerald/Marygrove
12,ASSAULT,5,10,5,100.0,Increasing,7,11,4,57.14,2026-08-30,2026-09-12,2026-09-13,2026-09-26,Fitzgerald/Marygrove
12,DAMAGE TO PROPERTY,6,5,-1,-16.67,Decreasing,7,5,-2,-28.57,2026-08-30,2026-09-12,2026-09-13,2026-09-26,Fitzgerald/Marygrove
12,STOLEN VEHICLE,3,4,1,33.33,Increasing,4,4,0,0.0,2026-08-30,2026-09-12,2026-09-13,2026-09-26,Fitzgerald/Marygrove
12,AGGRAVATED ASSAULT,3,2,-1,-33.33,Decreasing,3,2,-1,-33.33,2026-08-30,2026-09-12,2026-09-13,2026-09-26,Fitzgerald/Marygrove
12,LARCENY,4,2,-2,-50.0,Decreasing,4,2,-2,-50.0,2026-08-30,2026-09-12,2026-09-13,2026-09-26,Fitzgerald/Marygrove
12,ARSON,0,1,1,,Increasing,0,1,1,,2026-08-30,2026-09-12,2026-09-13,2026-09-26,Fitzgerald/Marygrove
12,BURGLARY,2,1,-1,-50.0,Decreasing,2,1,-1,-50.0,2026-08-30,2026-09-12,2026-09-13,2026-09-26,Fitzgerald/Marygrove
12,KIDNAPPING,0,1,1,,Increasing,0,1,1,,2026-08-30,2026-09-12,2026-09-13,2026-09-26,Fitzgerald/Marygrove
12,OBSTRUCTING JUDICIARY,0,1,1,,Increasing,0,1,1,,2026-08-30,2026-09-12,2026-09-13,2026-09-26,Fitzgerald/Marygrove
12,OBSTRUCTING THE POLICE,1,1,0,0.0,No Change,1,1,0,0.0,2026-08-30,2026-09-12,2026-09-13,2026-09-26,Fitzgerald/Marygrove
12,ROBBERY,0,1,1,,Increasing,0,1,1,,2026-08-30,2026-09-12,2026-09-13,2026-09-26,Fitzgerald/Marygrove
12,RUNAWAY,0,1,1,,Increasing,0,2,2,,2026-08-30,2026-09-12,2026-09-13,2026-09-26,Fitzgerald/Marygrove
12,FRAUD,3,0,-3,-100.0,Decreasing,3,1,-2,-66.67,2026-08-30,2026-09-12,2026-09-13,2026-09-26,Fitzgerald/Marygrove
12,STOLEN PROPERTY,1,0,-1,-100.0,Decreasing,1,1,0,0.0,2026-08-30,2026-09-12,2026-09-13,2026-09-26,Fitzgerald/Marygrove
08,ASSAULT,3,4,1,33.33,Increasing,3,4,1,33.33,2026-08-30,2026-09-12,2026-09-13,2026-09-26,Five Points
08,FRAUD,0,4,4,,Increasing,0,4,4,,2026-08-30,2026-09-12,2026-09-13,2026-09-26,Five Points
08,AGGRAVATED ASSAULT,3,3,0,0.0,No Change,3,3,0,0.0,2026-08-30,2026-09-12,2026-09-13,2026-09-26,Five Points
08,BURGLARY,2,1,-1,-50.0,Decreasing,2,1,-1,-50.0,2026-08-30,2026-09-12,2026-09-13,2026-09-26,Five Points
08,LARCENY,2,1,-1,-50.0,Decreasing,2,1,-1,-50.0,2026-08-30,2026-09-12,2026-09-13,2026-09-26,Five Points
08,OBSTRUCTING THE POLICE,0,1,1,,Increasing,0,1,1,,2026-08-30,2026-09-12,2026-09-13,2026-09-26,Five Points
08,STOLEN VEHICLE,1,1,0,0.0,No Change,1,1,0,0.0,2026-08-30,2026-09-12,2026-09-13,2026-09-26,Five Points
08,ARSON,1,0,-1,-100.0,Decreasing,1,0,-1,-100.0,2026-08-30,2026-09-12,2026-09-13,2026-09-26,Five Points
08,DAMAGE TO PROPERTY,3,0,-3,-100.0,Decreasing,3,0,-3,-100.0,2026-08-30,2026-09-12,2026-09-13,2026-09-26,Five Points
08,FAMILY OFFENSE,1,0,-1,-100.0,Decreasing,1,0,-1,-100.0,2026-08-30,2026-09-12,2026-09-13,2026-09-26,Five Points
08,OBSTRUCTING JUDICIARY,2,0,-2,-100.0,Decreasing,2,0,-2,-100.0,2026-08-30,2026-09-12,2026-09-13,2026-09-26,Five Points
08,WEAPONS OFFENSES,1,0,-1,-100.0,Decreasing,1,0,-1,-100.0,2026-08-30,2026-09-12,2026-09-13,2026-09-26,Five Points
07,BURGLARY,1,2,1,100.0,Increasing,1,2,1,100.0,2026-08-25,2026-09-07,2026-09-08,2026-09-21,Forest Park
07,LARCENY,3,2,-1,-33.33,Decreasing,3,2,-1,-33.33,2026-08-25,2026-09-07,2026-09-08,2026-09-21,Forest Park
07,ASSAULT,1,1,0,0.0,No Change,1,1,0,0.0,2026-08-25,2026-09-07,2026-09-08,2026-09-21,Forest Park
07,DAMAGE TO PROPERTY,1,1,0,0.0,No Change,1,1,0,0.0,2026-08-25,2026-09-07,2026-09-08,2026-09-21,Forest Park
07,FRAUD,1,1,0,0.0,No Change,1,1,0,0.0,2026-08-25,2026-09-07,2026-09-08,2026-09-21,Forest Park
07,OBSTRUCTING THE POLICE,0,1,1,,Increasing,0,1,1,,2026-08-25,2026-09-07,2026-09-08,2026-09-21,Forest Park
07,AGGRAVATED ASSAULT,2,0,-2,-100.0,Decreasing,2,0,-2,-100.0,2026-08-25,2026-09-07,2026-09-08,2026-09-21,Forest Park
07,OBSTRUCTING JUDICIARY,1,0,-1,-100.0,Decreasing,1,0,-1,-100.0,2026-08-25,2026-09-07,2026-09-08,2026-09-21,Forest Park
07,ROBBERY,1,0,-1,-100.0,Decreasing,1,0,-1,-100.0,2026-08-25,2026-09-07,2026-09-08,2026-09-21,Forest Park
05,ASSAULT,4,4,0,0.0,No Change,4,4,0,0.0,2026-08-30,2026-09-12,2026-09-13,2026-09-26,Fox Creek
05,DAMAGE TO PROPERTY,6,3,-3,-50.0,Decreasing,6,3,-3,-50.0,2026-08-30,2026-09-12,2026-09-13,2026-09-26,Fox Creek
05,FRAUD,5,3,-2,-40.0,Decreasing,5,3,-2,-40.0,2026-08-30,2026-09-12,2026-09-13,2026-09-26,Fox Creek
05,INVASION OF PRIVACY -OTHER,0,2,2,,Increasing,0,2,2,,2026-08-30,2026-09-12,2026-09-13,2026-09-26,Fox Creek
05,LARCENY,2,2,0,0.0,No Change,2,2,0,0.0,2026-08-30,2026-09-12,2026-09-13,2026-09-26,Fox Creek
05,RUNAWAY,1,2,1,100.0,Increasing,1,2,1,100.0,2026-08-30,2026-09-12,2026-09-13,2026-09-26,Fox Creek
05,WEAPONS OFFENSES,0,2,2,,Increasing,0,2,2,,2026-08-30,2026-09-12,2026-09-13,2026-09-26,Fox Creek
05,AGGRAVATED ASSAULT,2,1,-1,-50.0,Decreasing,2,1,-1,-50.0,2026-08-30,2026-09-12,2026-09-13,2026-09-26,Fox Creek
05,BURGLARY,1,1,0,0.0,No Change,1,1,0,0.0,2026-08-30,2026-09-12,2026-09-13,2026-09-26,Fox Creek
05,SEX OFFENSES,0,1,1,,Increasing,0,1,1,,2026-08-30,2026-09-12,2026-09-13,2026-09-26,Fox Creek
05,STOLEN PROPERTY,0,1,1,,Increasing,0,1,1,,2026-08-30,2026-09-12,2026-09-13,2026-09-26,Fox Creek
05,ARSON,2,0,-2,-100.0,Decreasing,2,0,-2,-100.0,2026-08-30,2026-09-12,2026-09-13,2026-09-26,Fox Creek
05,OUIL,2,0,-2,-100.0,Decreasing,2,0,-2,-100.0,2026-08-30,2026-09-12,2026-09-13,2026-09-26,Fox Creek
05,ROBBERY,1,0,-1,-100.0,Decreasing,1,0,-1,-100.0,2026-08-30,2026-09-12,2026-09-13,2026-09-26,Fox Creek
05,STOLEN VEHICLE,1,0,-1,-100.0,Decreasing,1,0,-1,-100.0,2026-08-30,2026-09-12,2026-09-13,2026-09-26,Fox Creek
09,ASSAULT,7,7,0,0.0,No Change,7,7,0,0.0,2026-08-30,2026-09-12,2026-09-13,2026-09-26,Franklin
09,DAMAGE TO PROPERTY,4,3,-1,-25.0,Decreasing,4,3,-1,-25.0,2026-08-30,2026-09-12,2026-09-13,2026-09-26,Franklin
09,AGGRAVATED ASSAULT,5,2,-3,-60.0,Decreasing,5,2,-3,-60.0,2026-08-30,2026-09-12,2026-09-13,2026-09-26,Franklin
09,BURGLARY,3,2,-1,-33.33,Decreasing,3,2,-1,-33.33,2026-08-30,2026-09-12,2026-09-13,2026-09-26,Franklin
09,ARSON,0,1,1,,Increasing,0,1,1,,2026-08-30,2026-09-12,2026-09-13,2026-09-26,Franklin
09,DANGEROUS DRUGS,0,1,1,,Increasing,0,1,1,,2026-08-30,2026-09-12,2026-09-13,2026-09-26,Franklin
09,WEAPONS OFFENSES,0,1,1,,Increasing,0,1,1,,2026-08-30,2026-09-12,2026-09-13,2026-09-26,Franklin
09,FRAUD,1,0,-1,-100.0,Decreasing,1,0,-1,-100.0,2026-08-30,2026-09-12,2026-09-13,2026-09-26,Franklin
09,LARCENY,5,0,-5,-100.0,Decreasing,5,0,-5,-100.0,2026-08-30,2026-09-12,2026-09-13,2026-09-26,Franklin
09,OBSTRUCTING JUDICIARY,1,0,-1,-100.0,Decreasing,1,0,-1,-100.0,2026-08-30,2026-09-12,2026-09-13,2026-09-26,Franklin
06,ASSAULT,12,16,4,33.33,Increasing,12,16,4,33.33,2026-08-30,2026-09-12,2026-09-13,2026-09-26,Franklin Park
06,BURGLARY,3,6,3,100.0,Increasing,3,6,3,100.0,2026-08-30,2026-09-12,2026-09-13,2026-09-26,Franklin Park
06,WEAPONS OFFENSES,3,6,3,100.0,Increasing,3,6,3,100.0,2026-08-30,2026-09-12,2026-09-13,2026-09-26,Franklin Park
06,DAMAGE TO PROPERTY,8,4,-4,-50.0,Decreasing,8,4,-4,-50.0,2026-08-30,2026-09-12,2026-09-13,2026-09-26,Franklin Park
06,LARCENY,10,3,-7,-70.0,Decreasing,10,3,-7,-70.0,2026-08-30,2026-09-12,2026-09-13,2026-09-26,Franklin Park
06,OBSTRUCTING JUDICIARY,2,3,1,50.0,Increasing,2,3,1,50.0,2026-08-30,2026-09-12,2026-09-13,2026-09-26,Franklin Park
06,AGGRAVATED ASSAULT,12,2,-10,-83.33,Decreasing,12,2,-10,-83.33,2026-08-30,2026-09-12,2026-09-13,2026-09-26,Franklin Park
06,ARSON,0,2,2,,Increasing,0,2,2,,2026-08-30,2026-09-12,2026-09-13,2026-09-26,Franklin Park
06,FRAUD,6,2,-4,-66.67,Decreasing,6,2,-4,-66.67,2026-08-30,2026-09-12,2026-09-13,2026-09-26,Franklin Park
06,OBSTRUCTING THE POLICE,3,2,-1,-33.33,Decreasing,3,2,-1,-33.33,2026-08-30,2026-09-12,2026-09-13,2026-09-26,Franklin Park
06,OUIL,0,2,2,,Increasing,0,2,2,,2026-08-30,2026-09-12,2026-09-13,2026-09-26,Franklin Park
06,RUNAWAY,0,2,2,,Increasing,0,2,2,,2026-08-30,2026-09-12,2026-09-13,2026-09-26,Franklin Park
06,STOLEN PROPERTY,3,2,-1,-33.33,Decreasing,3,2,-1,-33.33,2026-08-30,2026-09-12,2026-09-13,2026-09-26,Franklin Park
06,STOLEN VEHICLE,3,2,-1,-33.33,Decreasing,3,2,-1,-33.33,2026-08-30,2026-09-12,2026-09-13,2026-09-26,Franklin Park
06,FAMILY OFFENSE,1,1,0,0.0,No Change,1,1,0,0.0,2026-08-30,2026-09-12,2026-09-13,2026-09-26,Franklin Park
06,ROBBERY,4,1,-3,-75.0,Decreasing,4,1,-3,-75.0,2026-08-30,2026-09-12,2026-09-13,2026-09-26,Franklin Park
06,DANGEROUS DRUGS,1,0,-1,-100.0,Decreasing,1,0,-1,-100.0,2026-08-30,2026-09-12,2026-09-13,2026-09-26,Franklin Park
06,SEXUAL ASSAULT,1,0,-1,-100.0,Decreasing,1,0,-1,-100.0,2026-08-30,2026-09-12,2026-09-13,2026-09-26,Franklin Park
12,FRAUD,0,2,2,,Increasing,0,2,2,,2026-08-27,2026-09-09,2026-09-10,2026-09-23,Garden Homes
12,OUIL,0,2,2,,Increasing,0,2,2,,2026-08-27,2026-09-09,2026-09-10,2026-09-23,Garden Homes
12,AGGRAVATED ASSAULT,0,1,1,,Increasing,0,1,1,,2026-08-27,2026-09-09,2026-09-10,2026-09-23,Garden Homes
12,LARCENY,0,1,1,,Increasing,0,1,1,,2026-08-27,2026-09-09,2026-09-10,2026-09-23,Garden Homes
12,RUNAWAY,0,1,1,,Increasing,0,1,1,,2026-08-27,2026-09-09,2026-09-10,2026-09-23,Garden Homes
12,SEX OFFENSES,0,1,1,,Increasing,0,1,1,,2026-08-27,2026-09-09,2026-09-10,2026-09-23,Garden Homes
12,ASSAULT,3,0,-3,-100.0,Decreasing,3,0,-3,-100.0,2026-08-27,2026-09-09,2026-09-10,2026-09-23,Garden Homes
06,ASSAULT,0,2,2,,Increasing,0,2,2,,2026-08-28,2026-09-10,2026-09-11,2026-09-24,Garden View
06,AGGRAVATED ASSAULT,1,1,0,0.0,No Change,1,1,0,0.0,2026-08-28,2026-09-10,2026-09-11,2026-09-24,Garden View
06,DAMAGE TO PROPERTY,0,1,1,,Increasing,0,1,1,,2026-08-28,2026-09-10,2026-09-11,2026-09-24,Garden View
06,LARCENY,0,1,1,,Increasing,0,1,1,,2026-08-28,2026-09-10,2026-09-11,2026-09-24,Garden View
06,STOLEN VEHICLE,0,1,1,,Increasing,0,1,1,,2026-08-28,2026-09-10,2026-09-11,2026-09-24,Garden View
03,AGGRAVATED ASSAULT,0,1,1,,Increasing,0,1,1,,2026-08-25,2026-09-07,2026-09-08,2026-09-21,Gateway Community
03,DAMAGE TO PROPERTY,1,1,0,0.0,No Change,3,1,-2,-66.67,2026-08-25,2026-09-07,2026-09-08,2026-09-21,Gateway Community
03,FAMILY OFFENSE,0,1,1,,Increasing,0,1,1,,2026-08-25,2026-09-07,2026-09-08,2026-09-21,Gateway Community
03,LARCENY,1,1,0,0.0,No Change,3,1,-2,-66.67,2026-08-25,2026-09-07,2026-09-08,2026-09-21,Gateway Community
10,ASSAULT,2,2,0,0.0,No Change,2,2,0,0.0,2026-08-25,2026-09-07,2026-09-08,2026-09-21,Gateway Community
10,BURGLARY,0,1,1,,Increasing,0,1,1,,2026-08-25,2026-09-07,2026-09-08,2026-09-21,Gateway Community
10,DAMAGE TO PROPERTY,2,0,-2,-100.0,Decreasing,3,1,-2,-66.67,2026-08-25,2026-09-07,2026-09-08,2026-09-21,Gateway Community
10,LARCENY,2,0,-2,-100.0,Decreasing,3,1,-2,-66.67,2026-08-25,2026-09-07,2026-09-08,2026-09-21,Gateway Community
07,ASSAULT,4,2,-2,-50.0,Decreasing,4,2,-2,-50.0,2026-08-27,2026-09-09,2026-09-10,2026-09-23,Gold Coast
07,LARCENY,4,1,-3,-75.0,Decreasing,4,1,-3,-75.0,2026-08-27,2026-09-09,2026-09-10,2026-09-23,Gold Coast
07,STOLEN VEHICLE,0,1,1,,Increasing,0,1,1,,2026-08-27,2026-09-09,2026-09-10,2026-09-23,Gold Coast
07,AGGRAVATED ASSAULT,2,0,-2,-100.0,Decreasing,2,0,-2,-100.0,2026-08-27,2026-09-09,2026-09-10,2026-09-23,Gold Coast
07,BURGLARY,1,0,-1,-100.0,Decreasing,1,0,-1,-100.0,2026-08-27,2026-09-09,2026-09-10,2026-09-23,Gold Coast
07,WEAPONS OFFENSES,2,0,-2,-100.0,Decreasing,2,0,-2,-100.0,2026-08-27,2026-09-09,2026-09-10,2026-09-23,Gold Coast
02,FRAUD,2,3,1,50.0,Increasing,2,3,1,50.0,2026-08-27,2026-09-09,2026-09-10,2026-09-23,Grand River-I96
02,ASSAULT,3,2,-1,-33.33,Decreasing,3,2,-1,-33.33,2026-08-27,2026-09-09,2026-09-10,2026-09-23,Grand River-I96
02,LARCENY,2,2,0,0.0,No Change,2,2,0,0.0,2026-08-27,2026-09-09,2026-09-10,2026-09-23,Grand River-I96
02,AGGRAVATED ASSAULT,4,1,-3,-75.0,Decreasing,4,1,-3,-75.0,2026-08-27,2026-09-09,2026-09-10,2026-09-23,Grand River-I96
02,STOLEN VEHICLE,0,1,1,,Increasing,0,1,1,,2026-08-27,2026-09-09,2026-09-10,2026-09-23,Grand River-I96
02,BURGLARY,1,0,-1,-100.0,Decreasing,1,0,-1,-100.0,2026-08-27,2026-09-09,2026-09-10,2026-09-23,Grand River-I96
02,DAMAGE TO PROPERTY,2,0,-2,-100.0,Decreasing,2,0,-2,-100.0,2026-08-27,2026-09-09,2026-09-10,2026-09-23,Grand River-I96
02,DANGEROUS DRUGS,1,0,-1,-100.0,Decreasing,1,0,-1,-100.0,2026-08-27,2026-09-09,2026-09-10,2026-09-23,Grand River-I96
02,DISORDERLY CONDUCT,1,0,-1,-100.0,Decreasing,1,0,-1,-100.0,2026-08-27,2026-09-09,2026-09-10,2026-09-23,Grand River-I96
02,MISCELLANEOUS,1,0,-1,-100.0,Decreasing,1,0,-1,-100.0,2026-08-27,2026-09-09,2026-09-10,2026-09-23,Grand River-I96
02,OBSTRUCTING JUDICIARY,1,0,-1,-100.0,Decreasing,1,0,-1,-100.0,2026-08-27,2026-09-09,2026-09-10,2026-09-23,Grand River-I96
02,OBSTRUCTING THE POLICE,1,0,-1,-100.0,Decreasing,1,0,-1,-100.0,2026-08-27,2026-09-09,2026-09-10,2026-09-23,Grand River-I96
02,SEX OFFENSES,2,0,-2,-100.0,Decreasing,2,0,-2,-100.0,2026-08-27,2026-09-09,2026-09-10,2026-09-23,Grand River-I96
02,STOLEN PROPERTY,2,0,-2,-100.0,Decreasing,2,0,-2,-100.0,2026-08-27,2026-09-09,2026-09-10,2026-09-23,Grand River-I96
02,WEAPONS OFFENSES,3,0,-3,-100.0,Decreasing,3,0,-3,-100.0,2026-08-27,2026-09-09,2026-09-10,2026-09-23,Grand River-I96
08,WEAPONS OFFENSES,0,2,2,,Increasing,0,2,2,,2026-08-27,2026-09-09,2026-09-10,2026-09-23,Grand River-St Marys
08,AGGRAVATED ASSAULT,0,1,1,,Increasing,0,1,1,,2026-08-27,2026-09-09,2026-09-10,2026-09-23,Grand River-St Marys
08,ASSAULT,3,1,-2,-66.67,Decreasing,3,1,-2,-66.67,2026-08-27,2026-09-09,2026-09-10,2026-09-23,Grand River-St Marys
08,BURGLARY,0,1,1,,Increasing,0,1,1,,2026-08-27,2026-09-09,2026-09-10,2026-09-23,Grand River-St Marys
08,DAMAGE TO PROPERTY,0,1,1,,Increasing,0,1,1,,2026-08-27,2026-09-09,2026-09-10,2026-09-23,Grand River-St Marys
08,LARCENY,3,1,-2,-66.67,Decreasing,3,1,-2,-66.67,2026-08-27,2026-09-09,2026-09-10,2026-09-23,Grand River-St Marys
08,OBSTRUCTING JUDICIARY,0,1,1,,Increasing,0,1,1,,2026-08-27,2026-09-09,2026-09-10,2026-09-23,Grand River-St Marys
08,RUNAWAY,0,1,1,,Increasing,0,1,1,,2026-08-27,2026-09-09,2026-09-10,2026-09-23,Grand River-St Marys
08,FRAUD,2,0,-2,-100.0,Decreasing,2,0,-2,-100.0,2026-08-27,2026-09-09,2026-09-10,2026-09-23,Grand River-St Marys
06,OBSTRUCTING THE POLICE,0,1,1,,Increasing,0,1,1,,2026-08-23,2026-09-05,2026-09-06,2026-09-19,Grandmont
06,SEXUAL ASSAULT,0,1,1,,Increasing,0,1,1,,2026-08-23,2026-09-05,2026-09-06,2026-09-19,Grandmont
08,ARSON,0,1,1,,Increasing,0,1,1,,2026-08-23,2026-09-05,2026-09-06,2026-09-19,Grandmont
08,ASSAULT,0,1,1,,Increasing,0,1,1,,2026-08-23,2026-09-05,2026-09-06,2026-09-19,Grandmont
08,FAMILY OFFENSE,0,1,1,,Increasing,0,1,1,,2026-08-23,2026-09-05,2026-09-06,2026-09-19,Grandmont
08,FRAUD,1,1,0,0.0,No Change,1,1,0,0.0,2026-08-23,2026-09-05,2026-09-06,2026-09-19,Grandmont
08,STOLEN VEHICLE,0,1,1,,Increasing,0,1,1,,2026-08-23,2026-09-05,2026-09-06,2026-09-19,Grandmont
08,LARCENY,2,0,-2,-100.0,Decreasing,2,0,-2,-100.0,2026-08-23,2026-09-05,2026-09-06,2026-09-19,Grandmont
08,LARCENY,0,2,2,,Increasing,0,2,2,,2026-08-29,2026-09-11,2026-09-12,2026-09-25,Grandmont #1
08,ASSAULT,0,1,1,,Increasing,0,1,1,,2026-08-29,2026-09-11,2026-09-12,2026-09-25,Grandmont #1
08,AGGRAVATED ASSAULT,1,0,-1,-100.0,Decreasing,1,0,-1,-100.0,2026-08-29,2026-09-11,2026-09-12,2026-09-25,Grandmont #1
08,ARSON,1,0,-1,-100.0,Decreasing,1,0,-1,-100.0,2026-08-29,2026-09-11,2026-09-12,2026-09-25,Grandmont #1
08,FRAUD,1,0,-1,-100.0,Decreasing,1,0,-1,-100.0,2026-08-29,2026-09-11,2026-09-12,2026-09-25,Grandmont #1
08,WEAPONS OFFENSES,1,0,-1,-100.0,Decreasing,1,0,-1,-100.0,2026-08-29,2026-09-11,2026-09-12,2026-09-25,Grandmont #1
11,BURGLARY,3,3,0,0.0,No Change,3,3,0,0.0,2026-08-28,2026-09-10,2026-09-11,2026-09-24,Grant
11,AGGRAVATED ASSAULT,2,2,0,0.0,No Change,2,2,0,0.0,2026-08-28,2026-09-10,2026-09-11,2026-09-24,Grant
11,DAMAGE TO PROPERTY,2,2,0,0.0,No Change,2,2,0,0.0,2026-08-28,2026-09-10,2026-09-11,2026-09-24,Grant
11,ASSAULT,3,1,-2,-66.67,Decreasing,3,1,-2,-66.67,2026-08-28,2026-09-10,2026-09-11,2026-09-24,Grant
11,LARCENY,3,1,-2,-66.67,Decreasing,3,1,-2,-66.67,2026-08-28,2026-09-10,2026-09-11,2026-09-24,Grant
11,SEXUAL ASSAULT,0,1,1,,Increasing,0,1,1,,2026-08-28,2026-09-10,2026-09-11,2026-09-24,Grant
11,STOLEN VEHICLE,0,1,1,,Increasing,0,1,1,,2026-08-28,2026-09-10,2026-09-11,2026-09-24,Grant
11,WEAPONS OFFENSES,0,1,1,,Increasing,0,1,1,,2026-08-28,2026-09-10,2026-09-11,2026-09-24,Grant
11,DANGEROUS DRUGS,1,0,-1,-100.0,Decreasing,1,0,-1,-100.0,2026-08-28,2026-09-10,2026-09-11,2026-09-24,Grant
11,FRAUD,1,0,-1,-100.0,Decreasing,1,0,-1,-100.0,2026-08-28,2026-09-10,2026-09-11,2026-09-24,Grant
11,STOLEN PROPERTY,1,0,-1,-100.0,Decreasing,1,0,-1,-100.0,2026-08-28,2026-09-10,2026-09-11,2026-09-24,Grant
07,FRAUD,0,2,2,,Increasing,0,2,2,,2026-08-28,2026-09-10,2026-09-11,2026-09-24,Gratiot Town/Kettering
07,STOLEN VEHICLE,1,2,1,100.0,Increasing,1,2,1,100.0,2026-08-28,2026-09-10,2026-09-11,2026-09-24,Gratiot Town/Kettering
07,AGGRAVATED ASSAULT,1,1,0,0.0,No Change,1,1,0,0.0,2026-08-28,2026-09-10,2026-09-11,2026-09-24,Gratiot Town/Kettering
07,ARSON,0,1,1,,Increasing,0,1,1,,2026-08-28,2026-09-10,2026-09-11,2026-09-24,Gratiot Town/Kettering
07,ASSAULT,5,1,-4,-80.0,Decreasing,5,1,-4,-80.0,2026-08-28,2026-09-10,2026-09-11,2026-09-24,Gratiot Town/Kettering
07,KIDNAPPING,0,1,1,,Increasing,0,1,1,,2026-08-28,2026-09-10,2026-09-11,2026-09-24,Gratiot Town/Kettering
07,ROBBERY,1,1,0,0.0,No Change,1,1,0,0.0,2026-08-28,2026-09-10,2026-09-11,2026-09-24,Gratiot Town/Kettering
07,STOLEN PROPERTY,0,1,1,,Increasing,0,1,1,,2026-08-28,2026-09-10,2026-09-11,2026-09-24,Gratiot Town/Kettering
07,BURGLARY,3,0,-3,-100.0,Decreasing,3,0,-3,-100.0,2026-08-28,2026-09-10,2026-09-11,2026-09-24,Gratiot Town/Kettering
07,DAMAGE TO PROPERTY,2,0,-2,-100.0,Decreasing,2,0,-2,-100.0,2026-08-28,2026-09-10,2026-09-11,2026-09-24,Gratiot Town/Kettering
07,OBSTRUCTING THE POLICE,1,0,-1,-100.0,Decreasing,1,0,-1,-100.0,2026-08-28,2026-09-10,2026-09-11,2026-09-24,Gratiot Town/Kettering
07,WEAPONS OFFENSES,1,0,-1,-100.0,Decreasing,1,0,-1,-100.0,2026-08-28,2026-09-10,2026-09-11,2026-09-24,Gratiot Town/Kettering
07,ASSAULT,4,3,-1,-25.0,Decreasing,4,3,-1,-25.0,2026-08-30,2026-09-12,2026-09-13,2026-09-26,Gratiot Woods
07,FAMILY OFFENSE,1,1,0,0.0,No Change,1,1,0,0.0,2026-08-30,2026-09-12,2026-09-13,2026-09-26,Gratiot Woods
07,FORGERY,0,1,1,,Increasing,0,1,1,,2026-08-30,2026-09-12,2026-09-13,2026-09-26,Gratiot Woods
07,OBSTRUCTING THE POLICE,0,1,1,,Increasing,0,1,1,,2026-08-30,2026-09-12,2026-09-13,2026-09-26,Gratiot Woods
07,STOLEN VEHICLE,0,1,1,,Increasing,0,1,1,,2026-08-30,2026-09-12,2026-09-13,2026-09-26,Gratiot Woods
07,AGGRAVATED ASSAULT,1,0,-1,-100.0,Decreasing,1,0,-1,-100.0,2026-08-30,2026-09-12,2026-09-13,2026-09-26,Gratiot Woods
07,BURGLARY,1,0,-1,-100.0,Decreasing,1,0,-1,-100.0,2026-08-30,2026-09-12,2026-09-13,2026-09-26,Gratiot Woods
07,DAMAGE TO PROPERTY,1,0,-1,-100.0,Decreasing,1,0,-1,-100.0,2026-08-30,2026-09-12,2026-09-13,2026-09-26,Gratiot Woods
07,LARCENY,1,0,-1,-100.0,Decreasing,1,0,-1,-100.0,2026-08-30,2026-09-12,2026-09-13,2026-09-26,Gratiot Woods
09,STOLEN VEHICLE,1,3,2,200.0,Increasing,1,3,2,200.0,2026-08-30,2026-09-12,2026-09-13,2026-09-26,Gratiot-Findlay
09,AGGRAVATED ASSAULT,2,2,0,0.0,No Change,2,2,0,0.0,2026-08-30,2026-09-12,2026-09-13,2026-09-26,Gratiot-Findlay
09,ASSAULT,2,2,0,0.0,No Change,2,2,0,0.0,2026-08-30,2026-09-12,2026-09-13,2026-09-26,Gratiot-Findlay
09,LARCENY,1,2,1,100.0,Increasing,1,2,1,100.0,2026-08-30,2026-09-12,2026-09-13,2026-09-26,Gratiot-Findlay
09,FAMILY OFFENSE,0,1,1,,Increasing,0,1,1,,2026-08-30,2026-09-12,2026-09-13,2026-09-26,Gratiot-Findlay
09,FRAUD,0,1,1,,Increasing,0,1,1,,2026-08-30,2026-09-12,2026-09-13,2026-09-26,Gratiot-Findlay
09,OBSTRUCTING JUDICIARY,0,1,1,,Increasing,0,1,1,,2026-08-30,2026-09-12,2026-09-13,2026-09-26,Gratiot-Findlay
09,RUNAWAY,1,1,0,0.0,No Change,1,1,0,0.0,2026-08-30,2026-09-12,2026-09-13,2026-09-26,Gratiot-Findlay
09,SEX OFFENSES,0,1,1,,Increasing,0,1,1,,2026-08-30,2026-09-12,2026-09-13,2026-09-26,Gratiot-Findlay
09,WEAPONS OFFENSES,0,1,1,,Increasing,0,1,1,,2026-08-30,2026-09-12,2026-09-13,2026-09-26,Gratiot-Findlay
09,BURGLARY,3,0,-3,-100.0,Decreasing,3,0,-3,-100.0,2026-08-30,2026-09-12,2026-09-13,2026-09-26,Gratiot-Findlay
09,HOMICIDE,1,0,-1,-100.0,Decreasing,1,0,-1,-100.0,2026-08-30,2026-09-12,2026-09-13,2026-09-26,Gratiot-Findlay
09,SEXUAL ASSAULT,1,0,-1,-100.0,Decreasing,1,0,-1,-100.0,2026-08-30,2026-09-12,2026-09-13,2026-09-26,Gratiot-Findlay
07,AGGRAVATED ASSAULT,0,3,3,,Increasing,0,3,3,,2026-08-30,2026-09-12,2026-09-13,2026-09-26,Gratiot-Grand
07,DAMAGE TO PROPERTY,1,3,2,200.0,Increasing,1,3,2,200.0,2026-08-30,2026-09-12,2026-09-13,2026-09-26,Gratiot-Grand
07,LARCENY,2,3,1,50.0,Increasing,2,3,1,50.0,2026-08-30,2026-09-12,2026-09-13,2026-09-26,Gratiot-Grand
07,ASSAULT,0,2,2,,Increasing,0,2,2,,2026-08-30,2026-09-12,2026-09-13,2026-09-26,Gratiot-Grand
07,ARSON,0,1,1,,Increasing,0,1,1,,2026-08-30,2026-09-12,2026-09-13,2026-09-26,Gratiot-Grand
07,BURGLARY,1,1,0,0.0,No Change,1,1,0,0.0,2026-08-30,2026-09-12,2026-09-13,2026-09-26,Gratiot-Grand
07,ROBBERY,1,1,0,0.0,No Change,1,1,0,0.0,2026-08-30,2026-09-12,2026-09-13,2026-09-26,Gratiot-Grand
07,WEAPONS OFFENSES,0,1,1,,Increasing,0,1,1,,2026-08-30,2026-09-12,2026-09-13,2026-09-26,Gratiot-Grand
07,FRAUD,1,0,-1,-100.0,Decreasing,1,0,-1,-100.0,2026-08-30,2026-09-12,2026-09-13,2026-09-26,Gratiot-Grand
07,STOLEN PROPERTY,1,0,-1,-100.0,Decreasing,1,0,-1,-100.0,2026-08-30,2026-09-12,2026-09-13,2026-09-26,Gratiot-Grand
03,LARCENY,4,5,1,25.0,Increasing,4,5,1,25.0,2026-08-28,2026-09-10,2026-09-11,2026-09-24,Greektown
03,DAMAGE TO PROPERTY,2,3,1,50.0,Increasing,2,3,1,50.0,2026-08-28,2026-09-10,2026-09-11,2026-09-24,Greektown
03,ASSAULT,3,2,-1,-33.33,Decreasing,3,2,-1,-33.33,2026-08-28,2026-09-10,2026-09-11,2026-09-24,Greektown
03,INVASION OF PRIVACY -OTHER,1,2,1,100.0,Increasing,1,2,1,100.0,2026-08-28,2026-09-10,2026-09-11,2026-09-24,Greektown
03,OBSTRUCTING THE POLICE,0,1,1,,Increasing,0,1,1,,2026-08-28,2026-09-10,2026-09-11,2026-09-24,Greektown
03,STOLEN VEHICLE,1,1,0,0.0,No Change,1,1,0,0.0,2026-08-28,2026-09-10,2026-09-11,2026-09-24,Greektown
03,FRAUD,2,0,-2,-100.0,Decreasing,2,0,-2,-100.0,2026-08-28,2026-09-10,2026-09-11,2026-09-24,Greektown
03,MISCELLANEOUS,1,0,-1,-100.0,Decreasing,1,0,-1,-100.0,2026-08-28,2026-09-10,2026-09-11,2026-09-24,Greektown
12,LARCENY,2,4,2,100.0,Increasing,2,4,2,100.0,2026-08-28,2026-09-10,2026-09-11,2026-09-24,Green Acres
12,AGGRAVATED ASSAULT,0,2,2,,Increasing,0,2,2,,2026-08-28,2026-09-10,2026-09-11,2026-09-24,Green Acres
12,DAMAGE TO PROPERTY,2,1,-1,-50.0,Decreasing,2,1,-1,-50.0,2026-08-28,2026-09-10,2026-09-11,2026-09-24,Green Acres
12,FRAUD,1,1,0,0.0,No Change,1,1,0,0.0,2026-08-28,2026-09-10,2026-09-11,2026-09-24,Green Acres
12,ASSAULT,1,0,-1,-100.0,Decreasing,1,0,-1,-100.0,2026-08-28,2026-09-10,2026-09-11,2026-09-24,Green Acres
12,BURGLARY,1,0,-1,-100.0,Decreasing,1,0,-1,-100.0,2026-08-28,2026-09-10,2026-09-11,2026-09-24,Green Acres
12,FAMILY OFFENSE,1,0,-1,-100.0,Decreasing,1,0,-1,-100.0,2026-08-28,2026-09-10,2026-09-11,2026-09-24,Green Acres
12,STOLEN VEHICLE,1,0,-1,-100.0,Decreasing,1,0,-1,-100.0,2026-08-28,2026-09-10,2026-09-11,2026-09-24,Green Acres
08,AGGRAVATED ASSAULT,4,7,3,75.0,Increasing,4,7,3,75.0,2026-08-30,2026-09-12,2026-09-13,2026-09-26,Greenfield
08,ASSAULT,2,7,5,250.0,Increasing,3,7,4,133.33,2026-08-30,2026-09-12,2026-09-13,2026-09-26,Greenfield
08,DAMAGE TO PROPERTY,5,7,2,40.0,Increasing,5,7,2,40.0,2026-08-30,2026-09-12,2026-09-13,2026-09-26,Greenfield
08,BURGLARY,3,6,3,100.0,Increasing,3,6,3,100.0,2026-08-30,2026-09-12,2026-09-13,2026-09-26,Greenfield
08,STOLEN VEHICLE,6,5,-1,-16.67,Decreasing,6,5,-1,-16.67,2026-08-30,2026-09-12,2026-09-13,2026-09-26,Greenfield
08,FRAUD,2,3,1,50.0,Increasing,2,3,1,50.0,2026-08-30,2026-09-12,2026-09-13,2026-09-26,Greenfield
08,FAMILY OFFENSE,1,1,0,0.0,No Change,1,1,0,0.0,2026-08-30,2026-09-12,2026-09-13,2026-09-26,Greenfield
08,LARCENY,4,1,-3,-75.0,Decreasing,4,1,-3,-75.0,2026-08-30,2026-09-12,2026-09-13,2026-09-26,Greenfield
08,ROBBERY,0,1,1,,Increasing,0,1,1,,2026-08-30,2026-09-12,2026-09-13,2026-09-26,Greenfield
08,WEAPONS OFFENSES,4,1,-3,-75.0,Decreasing,4,1,-3,-75.0,2026-08-30,2026-09-12,2026-09-13,2026-09-26,Greenfield
08,DANGEROUS DRUGS,1,0,-1,-100.0,Decreasing,1,0,-1,-100.0,2026-08-30,2026-09-12,2026-09-13,2026-09-26,Greenfield
08,OBSTRUCTING JUDICIARY,1,0,-1,-100.0,Decreasing,1,0,-1,-100.0,2026-08-30,2026-09-12,2026-09-13,2026-09-26,Greenfield
08,OBSTRUCTING THE POLICE,1,0,-1,-100.0,Decreasing,1,0,-1,-100.0,2026-08-30,2026-09-12,2026-09-13,2026-09-26,Greenfield
08,RUNAWAY,1,0,-1,-100.0,Decreasing,1,0,-1,-100.0,2026-08-30,2026-09-12,2026-09-13,2026-09-26,Greenfield
12,ASSAULT,1,0,-1,-100.0,Decreasing,3,7,4,133.33,2026-08-30,2026-09-12,2026-09-13,2026-09-26,Greenfield
11,FRAUD,0,2,2,,Increasing,0,2,2,,2026-08-30,2026-09-12,2026-09-13,2026-09-26,Greenfield Park
11,ASSAULT,0,1,1,,Increasing,0,1,1,,2026-08-30,2026-09-12,2026-09-13,2026-09-26,Greenfield Park
11,BURGLARY,1,0,-1,-100.0,Decreasing,1,0,-1,-100.0,2026-08-30,2026-09-12,2026-09-13,2026-09-26,Greenfield Park
11,DAMAGE TO PROPERTY,1,0,-1,-100.0,Decreasing,1,0,-1,-100.0,2026-08-30,2026-09-12,2026-09-13,2026-09-26,Greenfield Park
11,FAMILY OFFENSE,1,0,-1,-100.0,Decreasing,1,0,-1,-100.0,2026-08-30,2026-09-12,2026-09-13,2026-09-26,Greenfield Park
11,RUNAWAY,1,0,-1,-100.0,Decreasing,1,0,-1,-100.0,2026-08-30,2026-09-12,2026-09-13,2026-09-26,Greenfield Park
11,WEAPONS OFFENSES,1,0,-1,-100.0,Decreasing,1,0,-1,-100.0,2026-08-30,2026-09-12,2026-09-13,2026-09-26,Greenfield Park
02,OUIL,2,0,-2,-100.0,Decreasing,4,0,-4,-100.0,2026-08-30,2026-09-12,2026-09-13,2026-09-26,Greenfield-Grand River
08,DAMAGE TO PROPERTY,0,5,5,,Increasing,0,5,5,,2026-08-30,2026-09-12,2026-09-13,2026-09-26,Greenfield-Grand River
08,ASSAULT,4,3,-1,-25.0,Decreasing,4,3,-1,-25.0,2026-08-30,2026-09-12,2026-09-13,2026-09-26,Greenfield-Grand River
08,STOLEN VEHICLE,0,2,2,,Increasing,0,2,2,,2026-08-30,2026-09-12,2026-09-13,2026-09-26,Greenfield-Grand River
08,BURGLARY,0,1,1,,Increasing,0,1,1,,2026-08-30,2026-09-12,2026-09-13,2026-09-26,Greenfield-Grand River
08,LARCENY,4,1,-3,-75.0,Decreasing,4,1,-3,-75.0,2026-08-30,2026-09-12,2026-09-13,2026-09-26,Greenfield-Grand River
08,OBSTRUCTING THE POLICE,0,1,1,,Increasing,0,1,1,,2026-08-30,2026-09-12,2026-09-13,2026-09-26,Greenfield-Grand River
08,WEAPONS OFFENSES,0,1,1,,Increasing,0,1,1,,2026-08-30,2026-09-12,2026-09-13,2026-09-26,Greenfield-Grand River
08,OUIL,2,0,-2,-100.0,Decreasing,4,0,-4,-100.0,2026-08-30,2026-09-12,2026-09-13,2026-09-26,Greenfield-Grand River
08,RUNAWAY,2,0,-2,-100.0,Decreasing,2,0,-2,-100.0,2026-08-30,2026-09-12,2026-09-13,2026-09-26,Greenfield-Grand River
12,STOLEN VEHICLE,2,3,1,50.0,Increasing,2,3,1,50.0,2026-08-26,2026-09-08,2026-09-09,2026-09-22,Greenwich
12,AGGRAVATED ASSAULT,1,1,0,0.0,No Change,1,1,0,0.0,2026-08-26,2026-09-08,2026-09-09,2026-09-22,Greenwich
12,ASSAULT,0,1,1,,Increasing,0,1,1,,2026-08-26,2026-09-08,2026-09-09,2026-09-22,Greenwich
12,DAMAGE TO PROPERTY,0,1,1,,Increasing,0,1,1,,2026-08-26,2026-09-08,2026-09-09,2026-09-22,Greenwich
12,BURGLARY,1,0,-1,-100.0,Decreasing,1,0,-1,-100.0,2026-08-26,2026-09-08,2026-09-09,2026-09-22,Greenwich
12,KIDNAPPING,1,0,-1,-100.0,Decreasing,1,0,-1,-100.0,2026-08-26,2026-09-08,2026-09-09,2026-09-22,Greenwich
12,LARCENY,1,0,-1,-100.0,Decreasing,1,0,-1,-100.0,2026-08-26,2026-09-08,2026-09-09,2026-09-22,Greenwich
12,DAMAGE TO PROPERTY,3,3,0,0.0,No Change,3,3,0,0.0,2026-08-30,2026-09-12,2026-09-13,2026-09-26,Grixdale Farms
12,AGGRAVATED ASSAULT,1,2,1,100.0,Increasing,1,2,1,100.0,2026-08-30,2026-09-12,2026-09-13,2026-09-26,Grixdale Farms
12,LARCENY,0,2,2,,Increasing,0,2,2,,2026-08-30,2026-09-12,2026-09-13,2026-09-26,Grixdale Farms
12,STOLEN VEHICLE,0,2,2,,Increasing,0,2,2,,2026-08-30,2026-09-12,2026-09-13,2026-09-26,Grixdale Farms
12,FRAUD,0,1,1,,Increasing,0,1,1,,2026-08-30,2026-09-12,2026-09-13,2026-09-26,Grixdale Farms
12,ASSAULT,1,0,-1,-100.0,Decreasing,1,0,-1,-100.0,2026-08-30,2026-09-12,2026-09-13,2026-09-26,Grixdale Farms
12,BURGLARY,2,0,-2,-100.0,Decreasing,2,0,-2,-100.0,2026-08-30,2026-09-12,2026-09-13,2026-09-26,Grixdale Farms
02,AGGRAVATED ASSAULT,1,1,0,0.0,No Change,1,1,0,0.0,2026-08-22,2026-09-04,2026-09-05,2026-09-18,Happy Homes
02,WEAPONS OFFENSES,0,1,1,,Increasing,0,1,1,,2026-08-22,2026-09-04,2026-09-05,2026-09-18,Happy Homes
02,ASSAULT,1,0,-1,-100.0,Decreasing,1,0,-1,-100.0,2026-08-22,2026-09-04,2026-09-05,2026-09-18,Happy Homes
02,DAMAGE TO PROPERTY,1,0,-1,-100.0,Decreasing,1,0,-1,-100.0,2026-08-22,2026-09-04,2026-09-05,2026-09-18,Happy Homes
02,FORGERY,1,0,-1,-100.0,Decreasing,1,0,-1,-100.0,2026-08-22,2026-09-04,2026-09-05,2026-09-18,Happy Homes
02,ASSAULT,1,3,2,200.0,Increasing,2,4,2,100.0,2026-08-30,2026-09-12,2026-09-13,2026-09-26,Harmony Village
02,WEAPONS OFFENSES,1,2,1,100.0,Increasing,1,2,1,100.0,2026-08-30,2026-09-12,2026-09-13,2026-09-26,Harmony Village
02,BURGLARY,1,1,0,0.0,No Change,2,1,-1,-50.0,2026-08-30,2026-09-12,2026-09-13,2026-09-26,Harmony Village
02,DAMAGE TO PROPERTY,0,1,1,,Increasing,0,1,1,,2026-08-30,2026-09-12,2026-09-13,2026-09-26,Harmony Village
02,FAMILY OFFENSE,1,0,-1,-100.0,Decreasing,2,0,-2,-100.0,2026-08-30,2026-09-12,2026-09-13,2026-09-26,Harmony Village
02,FRAUD,2,0,-2,-100.0,Decreasing,3,1,-2,-66.67,2026-08-30,2026-09-12,2026-09-13,2026-09-26,Harmony Village
02,INVASION OF PRIVACY -OTHER,1,0,-1,-100.0,Decreasing,1,0,-1,-100.0,2026-08-30,2026-09-12,2026-09-13,2026-09-26,Harmony Village
02,LARCENY,1,0,-1,-100.0,Decreasing,1,1,0,0.0,2026-08-30,2026-09-12,2026-09-13,2026-09-26,Harmony Village
02,OBSTRUCTING THE POLICE,1,0,-1,-100.0,Decreasing,1,0,-1,-100.0,2026-08-30,2026-09-12,2026-09-13,2026-09-26,Harmony Village
02,STOLEN PROPERTY,1,0,-1,-100.0,Decreasing,1,0,-1,-100.0,2026-08-30,2026-09-12,2026-09-13,2026-09-26,Harmony Village
02,STOLEN VEHICLE,2,0,-2,-100.0,Decreasing,3,1,-2,-66.67,2026-08-30,2026-09-12,2026-09-13,2026-09-26,Harmony Village
12,AGGRAVATED ASSAULT,0,1,1,,Increasing,0,1,1,,2026-08-30,2026-09-12,2026-09-13,2026-09-26,Harmony Village
12,ASSAULT,1,1,0,0.0,No Change,2,4,2,100.0,2026-08-30,2026-09-12,2026-09-13,2026-09-26,Harmony Village
12,DANGEROUS DRUGS,0,1,1,,Increasing,0,1,1,,2026-08-30,2026-09-12,2026-09-13,2026-09-26,Harmony Village
12,FRAUD,1,1,0,0.0,No Change,3,1,-2,-66.67,2026-08-30,2026-09-12,2026-09-13,2026-09-26,Harmony Village
12,LARCENY,0,1,1,,Increasing,1,1,0,0.0,2026-08-30,2026-09-12,2026-09-13,2026-09-26,Harmony Village
12,STOLEN VEHICLE,1,1,0,0.0,No Change,3,1,-2,-66.67,2026-08-30,2026-09-12,2026-09-13,2026-09-26,Harmony Village
12,BURGLARY,1,0,-1,-100.0,Decreasing,2,1,-1,-50.0,2026-08-30,2026-09-12,2026-09-13,2026-09-26,Harmony Village
12,FAMILY OFFENSE,1,0,-1,-100.0,Decreasing,2,0,-2,-100.0,2026-08-30,2026-09-12,2026-09-13,2026-09-26,Harmony Village
11,ASSAULT,3,1,-2,-66.67,Decreasing,3,1,-2,-66.67,2026-08-29,2026-09-11,2026-09-12,2026-09-25,Hawthorne Park
11,FRAUD,0,1,1,,Increasing,0,1,1,,2026-08-29,2026-09-11,2026-09-12,2026-09-25,Hawthorne Park
11,SEX OFFENSES,0,1,1,,Increasing,0,1,1,,2026-08-29,2026-09-11,2026-09-12,2026-09-25,Hawthorne Park
11,STOLEN VEHICLE,0,1,1,,Increasing,0,1,1,,2026-08-29,2026-09-11,2026-09-12,2026-09-25,Hawthorne Park
11,AGGRAVATED ASSAULT,2,0,-2,-100.0,Decreasing,2,0,-2,-100.0,2026-08-29,2026-09-11,2026-09-12,2026-09-25,Hawthorne Park
11,ARSON,1,0,-1,-100.0,Decreasing,1,0,-1,-100.0,2026-08-29,2026-09-11,2026-09-12,2026-09-25,Hawthorne Park
11,BURGLARY,1,0,-1,-100.0,Decreasing,1,0,-1,-100.0,2026-08-29,2026-09-11,2026-09-12,2026-09-25,Hawthorne Park
11,DAMAGE TO PROPERTY,2,0,-2,-100.0,Decreasing,2,0,-2,-100.0,2026-08-29,2026-09-11,2026-09-12,2026-09-25,Hawthorne Park
11,LARCENY,1,0,-1,-100.0,Decreasing,1,0,-1,-100.0,2026-08-29,2026-09-11,2026-09-12,2026-09-25,Hawthorne Park
11,OBSTRUCTING THE POLICE,1,0,-1,-100.0,Decreasing,1,0,-1,-100.0,2026-08-29,2026-09-11,2026-09-12,2026-09-25,Hawthorne Park
11,WEAPONS OFFENSES,1,0,-1,-100.0,Decreasing,1,0,-1,-100.0,2026-08-29,2026-09-11,2026-09-12,2026-09-25,Hawthorne Park
10,ASSAULT,0,1,1,,Increasing,0,1,1,,2026-08-15,2026-08-28,2026-08-29,2026-09-11,Historic Atkinson
08,AGGRAVATED ASSAULT,5,6,1,20.0,Increasing,5,6,1,20.0,2026-08-27,2026-09-09,2026-09-10,2026-09-23,Holcomb Community
08,LARCENY,1,6,5,500.0,Increasing,1,6,5,500.0,2026-08-27,2026-09-09,2026-09-10,2026-09-23,Holcomb Community
08,DAMAGE TO PROPERTY,5,3,-2,-40.0,Decreasing,5,3,-2,-40.0,2026-08-27,2026-09-09,2026-09-10,2026-09-23,Holcomb Community
08,FRAUD,4,3,-1,-25.0,Decreasing,4,3,-1,-25.0,2026-08-27,2026-09-09,2026-09-10,2026-09-23,Holcomb Community
08,ASSAULT,11,2,-9,-81.82,Decreasing,11,2,-9,-81.82,2026-08-27,2026-09-09,2026-09-10,2026-09-23,Holcomb Community
08,BURGLARY,4,2,-2,-50.0,Decreasing,4,2,-2,-50.0,2026-08-27,2026-09-09,2026-09-10,2026-09-23,Holcomb Community
08,WEAPONS OFFENSES,3,2,-1,-33.33,Decreasing,3,2,-1,-33.33,2026-08-27,2026-09-09,2026-09-10,2026-09-23,Holcomb Community
08,FORGERY,0,1,1,,Increasing,0,1,1,,2026-08-27,2026-09-09,2026-09-10,2026-09-23,Holcomb Community
08,KIDNAPPING,0,1,1,,Increasing,0,1,1,,2026-08-27,2026-09-09,2026-09-10,2026-09-23,Holcomb Community
08,SEX OFFENSES,0,1,1,,Increasing,0,1,1,,2026-08-27,2026-09-09,2026-09-10,2026-09-23,Holcomb Community
08,STOLEN PROPERTY,0,1,1,,Increasing,0,1,1,,2026-08-27,2026-09-09,2026-09-10,2026-09-23,Holcomb Community
08,STOLEN VEHICLE,2,1,-1,-50.0,Decreasing,2,1,-1,-50.0,2026-08-27,2026-09-09,2026-09-10,2026-09-23,Holcomb Community
08,HOMICIDE,1,0,-1,-100.0,Decreasing,1,0,-1,-100.0,2026-08-27,2026-09-09,2026-09-10,2026-09-23,Holcomb Community
04,ASSAULT,0,2,2,,Increasing,0,2,2,,2026-08-30,2026-09-12,2026-09-13,2026-09-26,Hubbard Farms
04,STOLEN VEHICLE,0,2,2,,Increasing,0,2,2,,2026-08-30,2026-09-12,2026-09-13,2026-09-26,Hubbard Farms
04,DANGEROUS DRUGS,0,1,1,,Increasing,0,1,1,,2026-08-30,2026-09-12,2026-09-13,2026-09-26,Hubbard Farms
04,LARCENY,1,1,0,0.0,No Change,1,1,0,0.0,2026-08-30,2026-09-12,2026-09-13,2026-09-26,Hubbard Farms
04,DAMAGE TO PROPERTY,1,0,-1,-100.0,Decreasing,1,0,-1,-100.0,2026-08-30,2026-09-12,2026-09-13,2026-09-26,Hubbard Farms
04,FRAUD,2,0,-2,-100.0,Decreasing,2,0,-2,-100.0,2026-08-30,2026-09-12,2026-09-13,2026-09-26,Hubbard Farms
03,DAMAGE TO PROPERTY,0,1,1,,Increasing,0,1,1,,2026-08-26,2026-09-08,2026-09-09,2026-09-22,Hubbard Richard
04,LARCENY,0,5,5,,Increasing,0,5,5,,2026-08-26,2026-09-08,2026-09-09,2026-09-22,Hubbard Richard
04,ASSAULT,1,1,0,0.0,No Change,1,1,0,0.0,2026-08-26,2026-09-08,2026-09-09,2026-09-22,Hubbard Richard
02,ASSAULT,5,3,-2,-40.0,Decreasing,5,3,-2,-40.0,2026-08-30,2026-09-12,2026-09-13,2026-09-26,Hubbell-Lyndon
02,DAMAGE TO PROPERTY,1,2,1,100.0,Increasing,1,2,1,100.0,2026-08-30,2026-09-12,2026-09-13,2026-09-26,Hubbell-Lyndon
02,LARCENY,2,2,0,0.0,No Change,2,2,0,0.0,2026-08-30,2026-09-12,2026-09-13,2026-09-26,Hubbell-Lyndon
02,AGGRAVATED ASSAULT,1,1,0,0.0,No Change,1,1,0,0.0,2026-08-30,2026-09-12,2026-09-13,2026-09-26,Hubbell-Lyndon
02,FORGERY,0,1,1,,Increasing,0,1,1,,2026-08-30,2026-09-12,2026-09-13,2026-09-26,Hubbell-Lyndon
02,RUNAWAY,2,1,-1,-50.0,Decreasing,2,1,-1,-50.0,2026-08-30,2026-09-12,2026-09-13,2026-09-26,Hubbell-Lyndon
02,STOLEN VEHICLE,1,1,0,0.0,No Change,1,1,0,0.0,2026-08-30,2026-09-12,2026-09-13,2026-09-26,Hubbell-Lyndon
02,WEAPONS OFFENSES,2,1,-1,-50.0,Decreasing,2,2,0,0.0,2026-08-30,2026-09-12,2026-09-13,2026-09-26,Hubbell-Lyndon
02,OBSTRUCTING THE POLICE,1,0,-1,-100.0,Decreasing,1,0,-1,-100.0,2026-08-30,2026-09-12,2026-09-13,2026-09-26,Hubbell-Lyndon
02,STOLEN PROPERTY,1,0,-1,-100.0,Decreasing,1,1,0,0.0,2026-08-30,2026-09-12,2026-09-13,2026-09-26,Hubbell-Lyndon
08,STOLEN PROPERTY,0,1,1,,Increasing,1,1,0,0.0,2026-08-30,2026-09-12,2026-09-13,2026-09-26,Hubbell-Lyndon
08,WEAPONS OFFENSES,0,1,1,,Increasing,2,2,0,0.0,2026-08-30,2026-09-12,2026-09-13,2026-09-26,Hubbell-Lyndon
02,ASSAULT,4,3,-1,-25.0,Decreasing,4,3,-1,-25.0,2026-08-27,2026-09-09,2026-09-10,2026-09-23,Hubbell-Puritan
02,LARCENY,2,3,1,50.0,Increasing,2,3,1,50.0,2026-08-27,2026-09-09,2026-09-10,2026-09-23,Hubbell-Puritan
02,STOLEN VEHICLE,0,3,3,,Increasing,0,3,3,,2026-08-27,2026-09-09,2026-09-10,2026-09-23,Hubbell-Puritan
02,AGGRAVATED ASSAULT,5,2,-3,-60.0,Decreasing,5,2,-3,-60.0,2026-08-27,2026-09-09,2026-09-10,2026-09-23,Hubbell-Puritan
02,FAMILY OFFENSE,1,1,0,0.0,No Change,1,1,0,0.0,2026-08-27,2026-09-09,2026-09-10,2026-09-23,Hubbell-Puritan
02,DAMAGE TO PROPERTY,1,0,-1,-100.0,Decreasing,1,0,-1,-100.0,2026-08-27,2026-09-09,2026-09-10,2026-09-23,Hubbell-Puritan
02,STOLEN PROPERTY,1,0,-1,-100.0,Decreasing,1,0,-1,-100.0,2026-08-27,2026-09-09,2026-09-10,2026-09-23,Hubbell-Puritan
02,WEAPONS OFFENSES,2,0,-2,-100.0,Decreasing,2,0,-2,-100.0,2026-08-27,2026-09-09,2026-09-10,2026-09-23,Hubbell-Puritan
07,LARCENY,0,4,4,,Increasing,0,4,4,,2026-08-26,2026-09-08,2026-09-09,2026-09-22,Indian Village
07,OBSTRUCTING THE POLICE,0,1,1,,Increasing,0,1,1,,2026-08-26,2026-09-08,2026-09-09,2026-09-22,Indian Village
07,ASSAULT,5,5,0,0.0,No Change,5,5,0,0.0,2026-08-29,2026-09-11,2026-09-12,2026-09-25,Islandview
07,DAMAGE TO PROPERTY,2,5,3,150.0,Increasing,2,5,3,150.0,2026-08-29,2026-09-11,2026-09-12,2026-09-25,Islandview
07,LARCENY,6,5,-1,-16.67,Decreasing,6,5,-1,-16.67,2026-08-29,2026-09-11,2026-09-12,2026-09-25,Islandview
07,AGGRAVATED ASSAULT,0,2,2,,Increasing,0,2,2,,2026-08-29,2026-09-11,2026-09-12,2026-09-25,Islandview
07,BURGLARY,2,2,0,0.0,No Change,2,2,0,0.0,2026-08-29,2026-09-11,2026-09-12,2026-09-25,Islandview
07,RUNAWAY,0,2,2,,Increasing,0,2,2,,2026-08-29,2026-09-11,2026-09-12,2026-09-25,Islandview
07,OBSTRUCTING THE POLICE,1,1,0,0.0,No Change,1,1,0,0.0,2026-08-29,2026-09-11,2026-09-12,2026-09-25,Islandview
07,STOLEN PROPERTY,0,1,1,,Increasing,0,1,1,,2026-08-29,2026-09-11,2026-09-12,2026-09-25,Islandview
07,FAMILY OFFENSE,1,0,-1,-100.0,Decreasing,1,0,-1,-100.0,2026-08-29,2026-09-11,2026-09-12,2026-09-25,Islandview
07,FRAUD,1,0,-1,-100.0,Decreasing,1,0,-1,-100.0,2026-08-29,2026-09-11,2026-09-12,2026-09-25,Islandview
07,ROBBERY,1,0,-1,-100.0,Decreasing,1,0,-1,-100.0,2026-08-29,2026-09-11,2026-09-12,2026-09-25,Islandview
10,AGGRAVATED ASSAULT,2,1,-1,-50.0,Decreasing,2,1,-1,-50.0,2026-08-30,2026-09-12,2026-09-13,2026-09-26,Jamison
10,ASSAULT,3,1,-2,-66.67,Decreasing,3,1,-2,-66.67,2026-08-30,2026-09-12,2026-09-13,2026-09-26,Jamison
10,WEAPONS OFFENSES,0,1,1,,Increasing,0,1,1,,2026-08-30,2026-09-12,2026-09-13,2026-09-26,Jamison
10,LARCENY,1,0,-1,-100.0,Decreasing,1,0,-1,-100.0,2026-08-30,2026-09-12,2026-09-13,2026-09-26,Jamison
05,ASSAULT,4,8,4,100.0,Increasing,4,8,4,100.0,2026-08-27,2026-09-09,2026-09-10,2026-09-23,Jefferson Chalmers
05,DAMAGE TO PROPERTY,3,3,0,0.0,No Change,3,3,0,0.0,2026-08-27,2026-09-09,2026-09-10,2026-09-23,Jefferson Chalmers
05,BURGLARY,1,2,1,100.0,Increasing,1,2,1,100.0,2026-08-27,2026-09-09,2026-09-10,2026-09-23,Jefferson Chalmers
05,FRAUD,0,2,2,,Increasing,0,2,2,,2026-08-27,2026-09-09,2026-09-10,2026-09-23,Jefferson Chalmers
05,LARCENY,3,2,-1,-33.33,Decreasing,3,2,-1,-33.33,2026-08-27,2026-09-09,2026-09-10,2026-09-23,Jefferson Chalmers
05,AGGRAVATED ASSAULT,1,1,0,0.0,No Change,1,1,0,0.0,2026-08-27,2026-09-09,2026-09-10,2026-09-23,Jefferson Chalmers
05,OBSTRUCTING JUDICIARY,2,1,-1,-50.0,Decreasing,2,1,-1,-50.0,2026-08-27,2026-09-09,2026-09-10,2026-09-23,Jefferson Chalmers
05,OBSTRUCTING THE POLICE,2,1,-1,-50.0,Decreasing,2,1,-1,-50.0,2026-08-27,2026-09-09,2026-09-10,2026-09-23,Jefferson Chalmers
05,STOLEN PROPERTY,1,1,0,0.0,No Change,1,1,0,0.0,2026-08-27,2026-09-09,2026-09-10,2026-09-23,Jefferson Chalmers
05,STOLEN VEHICLE,5,1,-4,-80.0,Decreasing,5,1,-4,-80.0,2026-08-27,2026-09-09,2026-09-10,2026-09-23,Jefferson Chalmers
05,WEAPONS OFFENSES,1,1,0,0.0,No Change,1,1,0,0.0,2026-08-27,2026-09-09,2026-09-10,2026-09-23,Jefferson Chalmers
03,FRAUD,0,2,2,,Increasing,0,2,2,,2026-08-26,2026-09-08,2026-09-09,2026-09-22,Jeffries
03,BURGLARY,1,1,0,0.0,No Change,1,1,0,0.0,2026-08-26,2026-09-08,2026-09-09,2026-09-22,Jeffries
03,DAMAGE TO PROPERTY,3,1,-2,-66.67,Decreasing,3,1,-2,-66.67,2026-08-26,2026-09-08,2026-09-09,2026-09-22,Jeffries
03,FAMILY OFFENSE,0,1,1,,Increasing,0,1,1,,2026-08-26,2026-09-08,2026-09-09,2026-09-22,Jeffries
03,SEX OFFENSES,0,1,1,,Increasing,0,1,1,,2026-08-26,2026-09-08,2026-09-09,2026-09-22,Jeffries
03,ASSAULT,1,0,-1,-100.0,Decreasing,1,0,-1,-100.0,2026-08-26,2026-09-08,2026-09-09,2026-09-22,Jeffries
03,STOLEN VEHICLE,1,0,-1,-100.0,Decreasing,1,0,-1,-100.0,2026-08-26,2026-09-08,2026-09-09,2026-09-22,Jeffries
07,DAMAGE TO PROPERTY,0,2,2,,Increasing,0,2,2,,2026-07-28,2026-08-10,2026-08-11,2026-08-24,Joseph Berry Sub
07,LARCENY,0,1,1,,Increasing,0,1,1,,2026-07-28,2026-08-10,2026-08-11,2026-08-24,Joseph Berry Sub
06,ASSAULT,12,8,-4,-33.33,Decreasing,12,8,-4,-33.33,2026-08-30,2026-09-12,2026-09-13,2026-09-26,Joy Community
06,AGGRAVATED ASSAULT,4,7,3,75.0,Increasing,4,7,3,75.0,2026-08-30,2026-09-12,2026-09-13,2026-09-26,Joy Community
06,LARCENY,8,5,-3,-37.5,Decreasing,8,5,-3,-37.5,2026-08-30,2026-09-12,2026-09-13,2026-09-26,Joy Community
06,DAMAGE TO PROPERTY,3,4,1,33.33,Increasing,3,4,1,33.33,2026-08-30,2026-09-12,2026-09-13,2026-09-26,Joy Community
06,OBSTRUCTING JUDICIARY,1,3,2,200.0,Increasing,1,3,2,200.0,2026-08-30,2026-09-12,2026-09-13,2026-09-26,Joy Community
06,ARSON,1,1,0,0.0,No Change,1,1,0,0.0,2026-08-30,2026-09-12,2026-09-13,2026-09-26,Joy Community
06,BURGLARY,1,1,0,0.0,No Change,1,1,0,0.0,2026-08-30,2026-09-12,2026-09-13,2026-09-26,Joy Community
06,OBSTRUCTING THE POLICE,1,1,0,0.0,No Change,1,1,0,0.0,2026-08-30,2026-09-12,2026-09-13,2026-09-26,Joy Community
06,ROBBERY,1,1,0,0.0,No Change,1,1,0,0.0,2026-08-30,2026-09-12,2026-09-13,2026-09-26,Joy Community
06,WEAPONS OFFENSES,0,1,1,,Increasing,0,1,1,,2026-08-30,2026-09-12,2026-09-13,2026-09-26,Joy Community
06,DANGEROUS DRUGS,6,0,-6,-100.0,Decreasing,6,0,-6,-100.0,2026-08-30,2026-09-12,2026-09-13,2026-09-26,Joy Community
06,FAMILY OFFENSE,1,0,-1,-100.0,Decreasing,1,0,-1,-100.0,2026-08-30,2026-09-12,2026-09-13,2026-09-26,Joy Community
06,FORGERY,1,0,-1,-100.0,Decreasing,1,0,-1,-100.0,2026-08-30,2026-09-12,2026-09-13,2026-09-26,Joy Community
06,FRAUD,2,0,-2,-100.0,Decreasing,2,0,-2,-100.0,2026-08-30,2026-09-12,2026-09-13,2026-09-26,Joy Community
06,KIDNAPPING,1,0,-1,-100.0,Decreasing,1,0,-1,-100.0,2026-08-30,2026-09-12,2026-09-13,2026-09-26,Joy Community
06,SEX OFFENSES,1,0,-1,-100.0,Decreasing,1,0,-1,-100.0,2026-08-30,2026-09-12,2026-09-13,2026-09-26,Joy Community
06,STOLEN VEHICLE,1,0,-1,-100.0,Decreasing,1,0,-1,-100.0,2026-08-30,2026-09-12,2026-09-13,2026-09-26,Joy Community
02,ASSAULT,1,4,3,300.0,Increasing,1,4,3,300.0,2026-08-26,2026-09-08,2026-09-09,2026-09-22,Joy-Schaefer
02,BURGLARY,0,1,1,,Increasing,0,1,1,,2026-08-26,2026-09-08,2026-09-09,2026-09-22,Joy-Schaefer
02,DAMAGE TO PROPERTY,2,1,-1,-50.0,Decreasing,2,1,-1,-50.0,2026-08-26,2026-09-08,2026-09-09,2026-09-22,Joy-Schaefer
02,AGGRAVATED ASSAULT,1,0,-1,-100.0,Decreasing,1,0,-1,-100.0,2026-08-26,2026-09-08,2026-09-09,2026-09-22,Joy-Schaefer
11,ASSAULT,8,6,-2,-25.0,Decreasing,8,6,-2,-25.0,2026-08-30,2026-09-12,2026-09-13,2026-09-26,Krainz Woods
11,AGGRAVATED ASSAULT,1,4,3,300.0,Increasing,1,4,3,300.0,2026-08-30,2026-09-12,2026-09-13,2026-09-26,Krainz Woods
11,BURGLARY,3,3,0,0.0,No Change,3,3,0,0.0,2026-08-30,2026-09-12,2026-09-13,2026-09-26,Krainz Woods
11,DAMAGE TO PROPERTY,1,2,1,100.0,Increasing,1,2,1,100.0,2026-08-30,2026-09-12,2026-09-13,2026-09-26,Krainz Woods
11,FRAUD,0,1,1,,Increasing,0,1,1,,2026-08-30,2026-09-12,2026-09-13,2026-09-26,Krainz Woods
11,RUNAWAY,0,1,1,,Increasing,0,1,1,,2026-08-30,2026-09-12,2026-09-13,2026-09-26,Krainz Woods
11,LARCENY,2,0,-2,-100.0,Decreasing,2,0,-2,-100.0,2026-08-30,2026-09-12,2026-09-13,2026-09-26,Krainz Woods
09,ASSAULT,1,3,2,200.0,Increasing,1,3,2,200.0,2026-08-30,2026-09-12,2026-09-13,2026-09-26,LaSalle College Park
09,FRAUD,0,2,2,,Increasing,0,2,2,,2026-08-30,2026-09-12,2026-09-13,2026-09-26,LaSalle College Park
09,DAMAGE TO PROPERTY,0,1,1,,Increasing,0,1,1,,2026-08-30,2026-09-12,2026-09-13,2026-09-26,LaSalle College Park
09,STOLEN VEHICLE,0,1,1,,Increasing,0,1,1,,2026-08-30,2026-09-12,2026-09-13,2026-09-26,LaSalle College Park
09,WEAPONS OFFENSES,0,1,1,,Increasing,0,1,1,,2026-08-30,2026-09-12,2026-09-13,2026-09-26,LaSalle College Park
09,AGGRAVATED ASSAULT,1,0,-1,-100.0,Decreasing,1,0,-1,-100.0,2026-08-30,2026-09-12,2026-09-13,2026-09-26,LaSalle College Park
09,DANGEROUS DRUGS,1,0,-1,-100.0,Decreasing,1,0,-1,-100.0,2026-08-30,2026-09-12,2026-09-13,2026-09-26,LaSalle College Park
09,LARCENY,1,0,-1,-100.0,Decreasing,1,0,-1,-100.0,2026-08-30,2026-09-12,2026-09-13,2026-09-26,LaSalle College Park
09,RUNAWAY,1,0,-1,-100.0,Decreasing,1,0,-1,-100.0,2026-08-30,2026-09-12,2026-09-13,2026-09-26,LaSalle College Park
09,SEX OFFENSES,1,0,-1,-100.0,Decreasing,1,0,-1,-100.0,2026-08-30,2026-09-12,2026-09-13,2026-09-26,LaSalle College Park
10,ASSAULT,3,1,-2,-66.67,Decreasing,3,1,-2,-66.67,2026-08-28,2026-09-10,2026-09-11,2026-09-24,LaSalle Gardens
10,BURGLARY,0,1,1,,Increasing,0,1,1,,2026-08-28,2026-09-10,2026-09-11,2026-09-24,LaSalle Gardens
10,DAMAGE TO PROPERTY,0,1,1,,Increasing,0,1,1,,2026-08-28,2026-09-10,2026-09-11,2026-09-24,LaSalle Gardens
10,FRAUD,0,1,1,,Increasing,0,1,1,,2026-08-28,2026-09-10,2026-09-11,2026-09-24,LaSalle Gardens
10,LARCENY,2,1,-1,-50.0,Decreasing,2,1,-1,-50.0,2026-08-28,2026-09-10,2026-09-11,2026-09-24,LaSalle Gardens
10,STOLEN VEHICLE,0,1,1,,Increasing,0,1,1,,2026-08-28,2026-09-10,2026-09-11,2026-09-24,LaSalle Gardens
10,AGGRAVATED ASSAULT,1,0,-1,-100.0,Decreasing,1,0,-1,-100.0,2026-08-28,2026-09-10,2026-09-11,2026-09-24,LaSalle Gardens
07,LARCENY,3,8,5,166.67,Increasing,3,8,5,166.67,2026-08-29,2026-09-11,2026-09-12,2026-09-25,Lafayette Park
07,DAMAGE TO PROPERTY,4,4,0,0.0,No Change,4,4,0,0.0,2026-08-29,2026-09-11,2026-09-12,2026-09-25,Lafayette Park
07,ASSAULT,4,3,-1,-25.0,Decreasing,4,3,-1,-25.0,2026-08-29,2026-09-11,2026-09-12,2026-09-25,Lafayette Park
07,STOLEN VEHICLE,1,3,2,200.0,Increasing,1,3,2,200.0,2026-08-29,2026-09-11,2026-09-12,2026-09-25,Lafayette Park
07,BURGLARY,3,2,-1,-33.33,Decreasing,3,2,-1,-33.33,2026-08-29,2026-09-11,2026-09-12,2026-09-25,Lafayette Park
07,AGGRAVATED ASSAULT,1,1,0,0.0,No Change,1,1,0,0.0,2026-08-29,2026-09-11,2026-09-12,2026-09-25,Lafayette Park
07,FAMILY OFFENSE,0,1,1,,Increasing,0,1,1,,2026-08-29,2026-09-11,2026-09-12,2026-09-25,Lafayette Park
07,DISORDERLY CONDUCT,1,0,-1,-100.0,Decreasing,1,0,-1,-100.0,2026-08-29,2026-09-11,2026-09-12,2026-09-25,Lafayette Park
07,MISCELLANEOUS,1,0,-1,-100.0,Decreasing,1,0,-1,-100.0,2026-08-29,2026-09-11,2026-09-12,2026-09-25,Lafayette Park
02,ASSAULT,2,4,2,100.0,Increasing,2,4,2,100.0,2026-08-28,2026-09-10,2026-09-11,2026-09-24,Littlefield Community
02,DAMAGE TO PROPERTY,0,3,3,,Increasing,0,3,3,,2026-08-28,2026-09-10,2026-09-11,2026-09-24,Littlefield Community
02,AGGRAVATED ASSAULT,2,1,-1,-50.0,Decreasing,2,1,-1,-50.0,2026-08-28,2026-09-10,2026-09-11,2026-09-24,Littlefield Community
02,FRAUD,1,1,0,0.0,No Change,1,1,0,0.0,2026-08-28,2026-09-10,2026-09-11,2026-09-24,Littlefield Community
02,LARCENY,0,1,1,,Increasing,0,1,1,,2026-08-28,2026-09-10,2026-09-11,2026-09-24,Littlefield Community
02,FAMILY OFFENSE,1,0,-1,-100.0,Decreasing,1,0,-1,-100.0,2026-08-28,2026-09-10,2026-09-11,2026-09-24,Littlefield Community
02,WEAPONS OFFENSES,1,0,-1,-100.0,Decreasing,1,0,-1,-100.0,2026-08-28,2026-09-10,2026-09-11,2026-09-24,Littlefield Community
09,ASSAULT,5,9,4,80.0,Increasing,5,9,4,80.0,2026-08-30,2026-09-12,2026-09-13,2026-09-26,Mapleridge
09,SEX OFFENSES,0,9,9,,Increasing,0,9,9,,2026-08-30,2026-09-12,2026-09-13,2026-09-26,Mapleridge
09,DAMAGE TO PROPERTY,1,7,6,600.0,Increasing,1,7,6,600.0,2026-08-30,2026-09-12,2026-09-13,2026-09-26,Mapleridge
09,BURGLARY,5,6,1,20.0,Increasing,5,6,1,20.0,2026-08-30,2026-09-12,2026-09-13,2026-09-26,Mapleridge
09,AGGRAVATED ASSAULT,1,5,4,400.0,Increasing,1,5,4,400.0,2026-08-30,2026-09-12,2026-09-13,2026-09-26,Mapleridge
09,LARCENY,2,4,2,100.0,Increasing,2,4,2,100.0,2026-08-30,2026-09-12,2026-09-13,2026-09-26,Mapleridge
09,ROBBERY,0,3,3,,Increasing,0,3,3,,2026-08-30,2026-09-12,2026-09-13,2026-09-26,Mapleridge
09,STOLEN VEHICLE,3,3,0,0.0,No Change,3,3,0,0.0,2026-08-30,2026-09-12,2026-09-13,2026-09-26,Mapleridge
09,OBSTRUCTING THE POLICE,2,2,0,0.0,No Change,2,2,0,0.0,2026-08-30,2026-09-12,2026-09-13,2026-09-26,Mapleridge
09,DANGEROUS DRUGS,0,1,1,,Increasing,0,1,1,,2026-08-30,2026-09-12,2026-09-13,2026-09-26,Mapleridge
09,RUNAWAY,0,1,1,,Increasing,0,1,1,,2026-08-30,2026-09-12,2026-09-13,2026-09-26,Mapleridge
09,SEXUAL ASSAULT,0,1,1,,Increasing,0,1,1,,2026-08-30,2026-09-12,2026-09-13,2026-09-26,Mapleridge
09,WEAPONS OFFENSES,4,1,-3,-75.0,Decreasing,4,1,-3,-75.0,2026-08-30,2026-09-12,2026-09-13,2026-09-26,Mapleridge
09,FRAUD,3,0,-3,-100.0,Decreasing,3,0,-3,-100.0,2026-08-30,2026-09-12,2026-09-13,2026-09-26,Mapleridge
09,OBSTRUCTING JUDICIARY,1,0,-1,-100.0,Decreasing,1,0,-1,-100.0,2026-08-30,2026-09-12,2026-09-13,2026-09-26,Mapleridge
09,STOLEN PROPERTY,1,0,-1,-100.0,Decreasing,1,0,-1,-100.0,2026-08-30,2026-09-12,2026-09-13,2026-09-26,Mapleridge
05,ASSAULT,1,2,1,100.0,Increasing,1,2,1,100.0,2026-08-17,2026-08-30,2026-08-31,2026-09-13,Marina District
05,AGGRAVATED ASSAULT,1,1,0,0.0,No Change,1,1,0,0.0,2026-08-17,2026-08-30,2026-08-31,2026-09-13,Marina District
05,STOLEN VEHICLE,1,1,0,0.0,No Change,1,1,0,0.0,2026-08-17,2026-08-30,2026-08-31,2026-09-13,Marina District
05,DAMAGE TO PROPERTY,2,0,-2,-100.0,Decreasing,2,0,-2,-100.0,2026-08-17,2026-08-30,2026-08-31,2026-09-13,Marina District
05,FRAUD,1,0,-1,-100.0,Decreasing,1,0,-1,-100.0,2026-08-17,2026-08-30,2026-08-31,2026-09-13,Marina District
05,LARCENY,1,0,-1,-100.0,Decreasing,1,0,-1,-100.0,2026-08-17,2026-08-30,2026-08-31,2026-09-13,Marina District
12,DAMAGE TO PROPERTY,0,3,3,,Increasing,0,3,3,,2026-08-29,2026-09-11,2026-09-12,2026-09-25,Martin Park
12,LARCENY,2,3,1,50.0,Increasing,2,3,1,50.0,2026-08-29,2026-09-11,2026-09-12,2026-09-25,Martin Park
12,ASSAULT,2,2,0,0.0,No Change,2,2,0,0.0,2026-08-29,2026-09-11,2026-09-12,2026-09-25,Martin Park
12,RUNAWAY,0,2,2,,Increasing,0,2,2,,2026-08-29,2026-09-11,2026-09-12,2026-09-25,Martin Park
12,STOLEN VEHICLE,3,2,-1,-33.33,Decreasing,3,2,-1,-33.33,2026-08-29,2026-09-11,2026-09-12,2026-09-25,Martin Park
12,WEAPONS OFFENSES,0,2,2,,Increasing,0,2,2,,2026-08-29,2026-09-11,2026-09-12,2026-09-25,Martin Park
12,BURGLARY,2,1,-1,-50.0,Decreasing,2,1,-1,-50.0,2026-08-29,2026-09-11,2026-09-12,2026-09-25,Martin Park
12,FRAUD,1,0,-1,-100.0,Decreasing,1,0,-1,-100.0,2026-08-29,2026-09-11,2026-09-12,2026-09-25,Martin Park
12,ROBBERY,1,0,-1,-100.0,Decreasing,1,0,-1,-100.0,2026-08-29,2026-09-11,2026-09-12,2026-09-25,Martin Park
07,DAMAGE TO PROPERTY,2,3,1,50.0,Increasing,2,3,1,50.0,2026-08-31,2026-09-13,2026-09-14,2026-09-27,McDougall-Hunt
07,ASSAULT,2,2,0,0.0,No Change,2,2,0,0.0,2026-08-31,2026-09-13,2026-09-14,2026-09-27,McDougall-Hunt
07,LARCENY,0,2,2,,Increasing,0,2,2,,2026-08-31,2026-09-13,2026-09-14,2026-09-27,McDougall-Hunt
07,FRAUD,2,1,-1,-50.0,Decreasing,2,1,-1,-50.0,2026-08-31,2026-09-13,2026-09-14,2026-09-27,McDougall-Hunt
07,OBSTRUCTING THE POLICE,0,1,1,,Increasing,0,1,1,,2026-08-31,2026-09-13,2026-09-14,2026-09-27,McDougall-Hunt
07,ARSON,1,0,-1,-100.0,Decreasing,1,0,-1,-100.0,2026-08-31,2026-09-13,2026-09-14,2026-09-27,McDougall-Hunt
07,OUIL,2,0,-2,-100.0,Decreasing,2,0,-2,-100.0,2026-08-31,2026-09-13,2026-09-14,2026-09-27,McDougall-Hunt
07,STOLEN PROPERTY,2,0,-2,-100.0,Decreasing,2,0,-2,-100.0,2026-08-31,2026-09-13,2026-09-14,2026-09-27,McDougall-Hunt
07,STOLEN VEHICLE,1,0,-1,-100.0,Decreasing,1,0,-1,-100.0,2026-08-31,2026-09-13,2026-09-14,2026-09-27,McDougall-Hunt
07,WEAPONS OFFENSES,3,0,-3,-100.0,Decreasing,3,0,-3,-100.0,2026-08-31,2026-09-13,2026-09-14,2026-09-27,McDougall-Hunt
12,ASSAULT,7,1,-6,-85.71,Decreasing,7,1,-6,-85.71,2026-08-30,2026-09-12,2026-09-13,2026-09-26,McDowell
12,FAMILY OFFENSE,0,1,1,,Increasing,0,1,1,,2026-08-30,2026-09-12,2026-09-13,2026-09-26,McDowell
12,FRAUD,1,1,0,0.0,No Change,1,1,0,0.0,2026-08-30,2026-09-12,2026-09-13,2026-09-26,McDowell
12,AGGRAVATED ASSAULT,1,0,-1,-100.0,Decreasing,1,0,-1,-100.0,2026-08-30,2026-09-12,2026-09-13,2026-09-26,McDowell
12,BURGLARY,1,0,-1,-100.0,Decreasing,1,0,-1,-100.0,2026-08-30,2026-09-12,2026-09-13,2026-09-26,McDowell
12,DAMAGE TO PROPERTY,5,0,-5,-100.0,Decreasing,5,0,-5,-100.0,2026-08-30,2026-09-12,2026-09-13,2026-09-26,McDowell
12,LARCENY,1,0,-1,-100.0,Decreasing,1,0,-1,-100.0,2026-08-30,2026-09-12,2026-09-13,2026-09-26,McDowell
12,OBSTRUCTING THE POLICE,1,0,-1,-100.0,Decreasing,1,0,-1,-100.0,2026-08-30,2026-09-12,2026-09-13,2026-09-26,McDowell
08,AGGRAVATED ASSAULT,1,1,0,0.0,No Change,1,1,0,0.0,2026-08-29,2026-09-11,2026-09-12,2026-09-25,McNichols Evergreen
08,BURGLARY,1,1,0,0.0,No Change,1,1,0,0.0,2026-08-29,2026-09-11,2026-09-12,2026-09-25,McNichols Evergreen
08,STOLEN VEHICLE,0,1,1,,Increasing,0,1,1,,2026-08-29,2026-09-11,2026-09-12,2026-09-25,McNichols Evergreen
08,ASSAULT,2,0,-2,-100.0,Decreasing,2,0,-2,-100.0,2026-08-29,2026-09-11,2026-09-12,2026-09-25,McNichols Evergreen
08,DAMAGE TO PROPERTY,1,0,-1,-100.0,Decreasing,1,0,-1,-100.0,2026-08-29,2026-09-11,2026-09-12,2026-09-25,McNichols Evergreen
08,FAMILY OFFENSE,1,0,-1,-100.0,Decreasing,1,0,-1,-100.0,2026-08-29,2026-09-11,2026-09-12,2026-09-25,McNichols Evergreen
08,FRAUD,1,0,-1,-100.0,Decreasing,1,0,-1,-100.0,2026-08-29,2026-09-11,2026-09-12,2026-09-25,McNichols Evergreen
08,LARCENY,1,0,-1,-100.0,Decreasing,1,0,-1,-100.0,2026-08-29,2026-09-11,2026-09-12,2026-09-25,McNichols Evergreen
03,ASSAULT,1,3,2,200.0,Increasing,1,3,2,200.0,2026-08-17,2026-08-30,2026-08-31,2026-09-13,Medbury Park
03,LARCENY,0,1,1,,Increasing,0,1,1,,2026-08-17,2026-08-30,2026-08-31,2026-09-13,Medbury Park
03,STOLEN VEHICLE,0,1,1,,Increasing,0,1,1,,2026-08-17,2026-08-30,2026-08-31,2026-09-13,Medbury Park
03,WEAPONS OFFENSES,0,1,1,,Increasing,0,1,1,,2026-08-17,2026-08-30,2026-08-31,2026-09-13,Medbury Park
03,FAMILY OFFENSE,1,0,-1,-100.0,Decreasing,1,0,-1,-100.0,2026-08-17,2026-08-30,2026-08-31,2026-09-13,Medbury Park
03,OBSTRUCTING THE POLICE,1,0,-1,-100.0,Decreasing,1,0,-1,-100.0,2026-08-17,2026-08-30,2026-08-31,2026-09-13,Medbury Park
03,LARCENY,3,3,0,0.0,No Change,3,3,0,0.0,2026-08-29,2026-09-11,2026-09-12,2026-09-25,Medical Center
03,AGGRAVATED ASSAULT,0,2,2,,Increasing,0,2,2,,2026-08-29,2026-09-11,2026-09-12,2026-09-25,Medical Center
03,ASSAULT,3,2,-1,-33.33,Decreasing,3,2,-1,-33.33,2026-08-29,2026-09-11,2026-09-12,2026-09-25,Medical Center
03,DAMAGE TO PROPERTY,0,2,2,,Increasing,0,2,2,,2026-08-29,2026-09-11,2026-09-12,2026-09-25,Medical Center
03,OUIL,0,2,2,,Increasing,0,2,2,,2026-08-29,2026-09-11,2026-09-12,2026-09-25,Medical Center
03,WEAPONS OFFENSES,0,2,2,,Increasing,0,2,2,,2026-08-29,2026-09-11,2026-09-12,2026-09-25,Medical Center
03,BURGLARY,0,1,1,,Increasing,0,1,1,,2026-08-29,2026-09-11,2026-09-12,2026-09-25,Medical Center
03,FAMILY OFFENSE,0,1,1,,Increasing,0,1,1,,2026-08-29,2026-09-11,2026-09-12,2026-09-25,Medical Center
03,FRAUD,5,1,-4,-80.0,Decreasing,5,1,-4,-80.0,2026-08-29,2026-09-11,2026-09-12,2026-09-25,Medical Center
03,INVASION OF PRIVACY -OTHER,0,1,1,,Increasing,0,1,1,,2026-08-29,2026-09-11,2026-09-12,2026-09-25,Medical Center
03,SEX OFFENSES,0,1,1,,Increasing,0,1,1,,2026-08-29,2026-09-11,2026-09-12,2026-09-25,Medical Center
03,STOLEN VEHICLE,1,0,-1,-100.0,Decreasing,1,0,-1,-100.0,2026-08-29,2026-09-11,2026-09-12,2026-09-25,Medical Center
08,FAMILY OFFENSE,0,1,1,,Increasing,0,1,1,,2026-06-28,2026-07-11,2026-07-12,2026-07-25,Melvern Hill
08,WEAPONS OFFENSES,1,0,-1,-100.0,Decreasing,1,0,-1,-100.0,2026-06-28,2026-07-11,2026-07-12,2026-07-25,Melvern Hill
04,AGGRAVATED ASSAULT,0,2,2,,Increasing,0,2,2,,2026-08-29,2026-09-11,2026-09-12,2026-09-25,Mexicantown
04,ASSAULT,2,2,0,0.0,No Change,2,2,0,0.0,2026-08-29,2026-09-11,2026-09-12,2026-09-25,Mexicantown
04,BURGLARY,0,2,2,,Increasing,0,2,2,,2026-08-29,2026-09-11,2026-09-12,2026-09-25,Mexicantown
04,DAMAGE TO PROPERTY,0,1,1,,Increasing,0,1,1,,2026-08-29,2026-09-11,2026-09-12,2026-09-25,Mexicantown
04,SEXUAL ASSAULT,0,1,1,,Increasing,0,1,1,,2026-08-29,2026-09-11,2026-09-12,2026-09-25,Mexicantown
04,FRAUD,1,0,-1,-100.0,Decreasing,1,0,-1,-100.0,2026-08-29,2026-09-11,2026-09-12,2026-09-25,Mexicantown
04,LARCENY,2,0,-2,-100.0,Decreasing,2,0,-2,-100.0,2026-08-29,2026-09-11,2026-09-12,2026-09-25,Mexicantown
04,DAMAGE TO PROPERTY,1,3,2,200.0,Increasing,1,3,2,200.0,2026-08-22,2026-09-04,2026-09-05,2026-09-18,Michigan-Martin
04,ASSAULT,2,1,-1,-50.0,Decreasing,2,1,-1,-50.0,2026-08-22,2026-09-04,2026-09-05,2026-09-18,Michigan-Martin
04,LARCENY,1,1,0,0.0,No Change,1,1,0,0.0,2026-08-22,2026-09-04,2026-09-05,2026-09-18,Michigan-Martin
04,ROBBERY,1,0,-1,-100.0,Decreasing,1,0,-1,-100.0,2026-08-22,2026-09-04,2026-09-05,2026-09-18,Michigan-Martin
03,LARCENY,20,18,-2,-10.0,Decreasing,20,18,-2,-10.0,2026-08-30,2026-09-12,2026-09-13,2026-09-26,Midtown
03,ASSAULT,9,13,4,44.44,Increasing,9,13,4,44.44,2026-08-30,2026-09-12,2026-09-13,2026-09-26,Midtown
03,DAMAGE TO PROPERTY,11,7,-4,-36.36,Decreasing,11,7,-4,-36.36,2026-08-30,2026-09-12,2026-09-13,2026-09-26,Midtown
03,FRAUD,10,6,-4,-40.0,Decreasing,10,6,-4,-40.0,2026-08-30,2026-09-12,2026-09-13,2026-09-26,Midtown
03,STOLEN VEHICLE,3,4,1,33.33,Increasing,3,4,1,33.33,2026-08-30,2026-09-12,2026-09-13,2026-09-26,Midtown
03,AGGRAVATED ASSAULT,4,2,-2,-50.0,Decreasing,4,2,-2,-50.0,2026-08-30,2026-09-12,2026-09-13,2026-09-26,Midtown
03,BURGLARY,1,1,0,0.0,No Change,1,1,0,0.0,2026-08-30,2026-09-12,2026-09-13,2026-09-26,Midtown
03,INVASION OF PRIVACY -OTHER,5,1,-4,-80.0,Decreasing,5,1,-4,-80.0,2026-08-30,2026-09-12,2026-09-13,2026-09-26,Midtown
03,OBSTRUCTING JUDICIARY,0,1,1,,Increasing,0,1,1,,2026-08-30,2026-09-12,2026-09-13,2026-09-26,Midtown
03,DISORDERLY CONDUCT,2,0,-2,-100.0,Decreasing,2,0,-2,-100.0,2026-08-30,2026-09-12,2026-09-13,2026-09-26,Midtown
03,LIQUOR,1,0,-1,-100.0,Decreasing,1,0,-1,-100.0,2026-08-30,2026-09-12,2026-09-13,2026-09-26,Midtown
03,OBSTRUCTING THE POLICE,2,0,-2,-100.0,Decreasing,2,0,-2,-100.0,2026-08-30,2026-09-12,2026-09-13,2026-09-26,Midtown
03,OUIL,2,0,-2,-100.0,Decreasing,2,0,-2,-100.0,2026-08-30,2026-09-12,2026-09-13,2026-09-26,Midtown
03,WEAPONS OFFENSES,1,0,-1,-100.0,Decreasing,1,0,-1,-100.0,2026-08-30,2026-09-12,2026-09-13,2026-09-26,Midtown
02,ASSAULT,2,6,4,200.0,Increasing,7,18,11,157.14,2026-08-30,2026-09-12,2026-09-13,2026-09-26,Midwest
02,BURGLARY,3,3,0,0.0,No Change,7,8,1,14.29,2026-08-30,2026-09-12,2026-09-13,2026-09-26,Midwest
02,LARCENY,7,3,-4,-57.14,Decreasing,17,6,-11,-64.71,2026-08-30,2026-09-12,2026-09-13,2026-09-26,Midwest
02,DAMAGE TO PROPERTY,2,1,-1,-50.0,Decreasing,6,6,0,0.0,2026-08-30,2026-09-12,2026-09-13,2026-09-26,Midwest
02,OBSTRUCTING THE POLICE,1,1,0,0.0,No Change,1,2,1,100.0,2026-08-30,2026-09-12,2026-09-13,2026-09-26,Midwest
02,RUNAWAY,1,1,0,0.0,No Change,1,2,1,100.0,2026-08-30,2026-09-12,2026-09-13,2026-09-26,Midwest
02,STOLEN VEHICLE,1,1,0,0.0,No Change,3,1,-2,-66.67,2026-08-30,2026-09-12,2026-09-13,2026-09-26,Midwest
02,AGGRAVATED ASSAULT,2,0,-2,-100.0,Decreasing,5,7,2,40.0,2026-08-30,2026-09-12,2026-09-13,2026-09-26,Midwest
02,FRAUD,1,0,-1,-100.0,Decreasing,2,1,-1,-50.0,2026-08-30,2026-09-12,2026-09-13,2026-09-26,Midwest
02,WEAPONS OFFENSES,1,0,-1,-100.0,Decreasing,2,0,-2,-100.0,2026-08-30,2026-09-12,2026-09-13,2026-09-26,Midwest
03,AGGRAVATED ASSAULT,0,1,1,,Increasing,5,7,2,40.0,2026-08-30,2026-09-12,2026-09-13,2026-09-26,Midwest
03,ASSAULT,1,1,0,0.0,No Change,7,18,11,157.14,2026-08-30,2026-09-12,2026-09-13,2026-09-26,Midwest
03,DAMAGE TO PROPERTY,0,1,1,,Increasing,6,6,0,0.0,2026-08-30,2026-09-12,2026-09-13,2026-09-26,Midwest
03,FRAUD,0,1,1,,Increasing,2,1,-1,-50.0,2026-08-30,2026-09-12,2026-09-13,2026-09-26,Midwest
03,OBSTRUCTING JUDICIARY,0,1,1,,Increasing,1,1,0,0.0,2026-08-30,2026-09-12,2026-09-13,2026-09-26,Midwest
03,OBSTRUCTING THE POLICE,0,1,1,,Increasing,1,2,1,100.0,2026-08-30,2026-09-12,2026-09-13,2026-09-26,Midwest
03,BURGLARY,1,0,-1,-100.0,Decreasing,7,8,1,14.29,2026-08-30,2026-09-12,2026-09-13,2026-09-26,Midwest
04,AGGRAVATED ASSAULT,1,0,-1,-100.0,Decreasing,5,7,2,40.0,2026-08-30,2026-09-12,2026-09-13,2026-09-26,Midwest
10,ASSAULT,4,11,7,175.0,Increasing,7,18,11,157.14,2026-08-30,2026-09-12,2026-09-13,2026-09-26,Midwest
10,AGGRAVATED ASSAULT,2,6,4,200.0,Increasing,5,7,2,40.0,2026-08-30,2026-09-12,2026-09-13,2026-09-26,Midwest
10,BURGLARY,3,5,2,66.67,Increasing,7,8,1,14.29,2026-08-30,2026-09-12,2026-09-13,2026-09-26,Midwest
10,DAMAGE TO PROPERTY,4,4,0,0.0,No Change,6,6,0,0.0,2026-08-30,2026-09-12,2026-09-13,2026-09-26,Midwest
10,LARCENY,10,3,-7,-70.0,Decreasing,17,6,-11,-64.71,2026-08-30,2026-09-12,2026-09-13,2026-09-26,Midwest
10,DISORDERLY CONDUCT,1,1,0,0.0,No Change,1,1,0,0.0,2026-08-30,2026-09-12,2026-09-13,2026-09-26,Midwest
10,RUNAWAY,0,1,1,,Increasing,1,2,1,100.0,2026-08-30,2026-09-12,2026-09-13,2026-09-26,Midwest
10,STOLEN PROPERTY,3,1,-2,-66.67,Decreasing,3,1,-2,-66.67,2026-08-30,2026-09-12,2026-09-13,2026-09-26,Midwest
10,FRAUD,1,0,-1,-100.0,Decreasing,2,1,-1,-50.0,2026-08-30,2026-09-12,2026-09-13,2026-09-26,Midwest
10,OBSTRUCTING JUDICIARY,1,0,-1,-100.0,Decreasing,1,1,0,0.0,2026-08-30,2026-09-12,2026-09-13,2026-09-26,Midwest
10,ROBBERY,2,0,-2,-100.0,Decreasing,2,0,-2,-100.0,2026-08-30,2026-09-12,2026-09-13,2026-09-26,Midwest
10,STOLEN VEHICLE,2,0,-2,-100.0,Decreasing,3,1,-2,-66.67,2026-08-30,2026-09-12,2026-09-13,2026-09-26,Midwest
10,WEAPONS OFFENSES,1,0,-1,-100.0,Decreasing,2,0,-2,-100.0,2026-08-30,2026-09-12,2026-09-13,2026-09-26,Midwest
08,STOLEN PROPERTY,0,2,2,,Increasing,0,2,2,,2026-08-29,2026-09-11,2026-09-12,2026-09-25,Miller Grove
08,ASSAULT,0,1,1,,Increasing,0,1,1,,2026-08-29,2026-09-11,2026-09-12,2026-09-25,Miller Grove
08,DAMAGE TO PROPERTY,0,1,1,,Increasing,0,1,1,,2026-08-29,2026-09-11,2026-09-12,2026-09-25,Miller Grove
08,STOLEN VEHICLE,0,1,1,,Increasing,0,1,1,,2026-08-29,2026-09-11,2026-09-12,2026-09-25,Miller Grove
08,FRAUD,1,0,-1,-100.0,Decreasing,1,0,-1,-100.0,2026-08-29,2026-09-11,2026-09-12,2026-09-25,Miller Grove
08,LARCENY,1,0,-1,-100.0,Decreasing,1,0,-1,-100.0,2026-08-29,2026-09-11,2026-09-12,2026-09-25,Miller Grove
08,WEAPONS OFFENSES,1,0,-1,-100.0,Decreasing,1,0,-1,-100.0,2026-08-29,2026-09-11,2026-09-12,2026-09-25,Miller Grove
03,LARCENY,1,3,2,200.0,Increasing,1,4,3,300.0,2026-08-27,2026-09-09,2026-09-10,2026-09-23,Milwaukee Junction
03,AGGRAVATED ASSAULT,0,1,1,,Increasing,0,1,1,,2026-08-27,2026-09-09,2026-09-10,2026-09-23,Milwaukee Junction
03,DAMAGE TO PROPERTY,0,1,1,,Increasing,0,1,1,,2026-08-27,2026-09-09,2026-09-10,2026-09-23,Milwaukee Junction
03,ROBBERY,0,1,1,,Increasing,0,1,1,,2026-08-27,2026-09-09,2026-09-10,2026-09-23,Milwaukee Junction
03,SEX OFFENSES,0,1,1,,Increasing,0,1,1,,2026-08-27,2026-09-09,2026-09-10,2026-09-23,Milwaukee Junction
03,STOLEN VEHICLE,0,1,1,,Increasing,0,1,1,,2026-08-27,2026-09-09,2026-09-10,2026-09-23,Milwaukee Junction
03,BURGLARY,1,0,-1,-100.0,Decreasing,1,0,-1,-100.0,2026-08-27,2026-09-09,2026-09-10,2026-09-23,Milwaukee Junction
07,LARCENY,0,1,1,,Increasing,1,4,3,300.0,2026-08-27,2026-09-09,2026-09-10,2026-09-23,Milwaukee Junction
08,AGGRAVATED ASSAULT,0,1,1,,Increasing,0,1,1,,2026-08-25,2026-09-07,2026-09-08,2026-09-21,Minock Park
08,FRAUD,0,1,1,,Increasing,0,1,1,,2026-08-25,2026-09-07,2026-09-08,2026-09-21,Minock Park
08,ASSAULT,1,0,-1,-100.0,Decreasing,1,0,-1,-100.0,2026-08-25,2026-09-07,2026-09-08,2026-09-21,Minock Park
09,FRAUD,1,3,2,200.0,Increasing,1,3,2,200.0,2026-08-29,2026-09-11,2026-09-12,2026-09-25,Mohican Regent
09,DAMAGE TO PROPERTY,2,2,0,0.0,No Change,2,2,0,0.0,2026-08-29,2026-09-11,2026-09-12,2026-09-25,Mohican Regent
09,AGGRAVATED ASSAULT,2,1,-1,-50.0,Decreasing,2,1,-1,-50.0,2026-08-29,2026-09-11,2026-09-12,2026-09-25,Mohican Regent
09,ASSAULT,3,1,-2,-66.67,Decreasing,3,1,-2,-66.67,2026-08-29,2026-09-11,2026-09-12,2026-09-25,Mohican Regent
09,BURGLARY,2,1,-1,-50.0,Decreasing,2,1,-1,-50.0,2026-08-29,2026-09-11,2026-09-12,2026-09-25,Mohican Regent
09,LARCENY,3,1,-2,-66.67,Decreasing,3,1,-2,-66.67,2026-08-29,2026-09-11,2026-09-12,2026-09-25,Mohican Regent
09,SEXUAL ASSAULT,0,1,1,,Increasing,0,1,1,,2026-08-29,2026-09-11,2026-09-12,2026-09-25,Mohican Regent
09,OUIL,2,0,-2,-100.0,Decreasing,2,0,-2,-100.0,2026-08-29,2026-09-11,2026-09-12,2026-09-25,Mohican Regent
09,ROBBERY,1,0,-1,-100.0,Decreasing,1,0,-1,-100.0,2026-08-29,2026-09-11,2026-09-12,2026-09-25,Mohican Regent
09,RUNAWAY,1,0,-1,-100.0,Decreasing,1,0,-1,-100.0,2026-08-29,2026-09-11,2026-09-12,2026-09-25,Mohican Regent
09,STOLEN PROPERTY,2,0,-2,-100.0,Decreasing,2,0,-2,-100.0,2026-08-29,2026-09-11,2026-09-12,2026-09-25,Mohican Regent
09,STOLEN VEHICLE,2,0,-2,-100.0,Decreasing,2,0,-2,-100.0,2026-08-29,2026-09-11,2026-09-12,2026-09-25,Mohican Regent
05,ASSAULT,5,7,2,40.0,Increasing,5,7,2,40.0,2026-08-29,2026-09-11,2026-09-12,2026-09-25,Morningside
05,BURGLARY,4,6,2,50.0,Increasing,4,6,2,50.0,2026-08-29,2026-09-11,2026-09-12,2026-09-25,Morningside
05,DAMAGE TO PROPERTY,6,6,0,0.0,No Change,6,6,0,0.0,2026-08-29,2026-09-11,2026-09-12,2026-09-25,Morningside
05,LARCENY,4,5,1,25.0,Increasing,4,5,1,25.0,2026-08-29,2026-09-11,2026-09-12,2026-09-25,Morningside
05,AGGRAVATED ASSAULT,2,3,1,50.0,Increasing,2,3,1,50.0,2026-08-29,2026-09-11,2026-09-12,2026-09-25,Morningside
05,FRAUD,0,2,2,,Increasing,0,2,2,,2026-08-29,2026-09-11,2026-09-12,2026-09-25,Morningside
05,STOLEN VEHICLE,2,2,0,0.0,No Change,2,2,0,0.0,2026-08-29,2026-09-11,2026-09-12,2026-09-25,Morningside
05,FAMILY OFFENSE,1,1,0,0.0,No Change,1,1,0,0.0,2026-08-29,2026-09-11,2026-09-12,2026-09-25,Morningside
05,SEXUAL ASSAULT,0,1,1,,Increasing,0,1,1,,2026-08-29,2026-09-11,2026-09-12,2026-09-25,Morningside
05,WEAPONS OFFENSES,1,1,0,0.0,No Change,1,1,0,0.0,2026-08-29,2026-09-11,2026-09-12,2026-09-25,Morningside
05,ARSON,1,0,-1,-100.0,Decreasing,1,0,-1,-100.0,2026-08-29,2026-09-11,2026-09-12,2026-09-25,Morningside
05,OBSTRUCTING JUDICIARY,4,0,-4,-100.0,Decreasing,4,0,-4,-100.0,2026-08-29,2026-09-11,2026-09-12,2026-09-25,Morningside
05,OBSTRUCTING THE POLICE,1,0,-1,-100.0,Decreasing,1,0,-1,-100.0,2026-08-29,2026-09-11,2026-09-12,2026-09-25,Morningside
05,RUNAWAY,1,0,-1,-100.0,Decreasing,1,0,-1,-100.0,2026-08-29,2026-09-11,2026-09-12,2026-09-25,Morningside
05,STOLEN PROPERTY,1,0,-1,-100.0,Decreasing,1,0,-1,-100.0,2026-08-29,2026-09-11,2026-09-12,2026-09-25,Morningside
09,ASSAULT,7,6,-1,-14.29,Decreasing,7,6,-1,-14.29,2026-08-30,2026-09-12,2026-09-13,2026-09-26,Moross-Morang
09,DAMAGE TO PROPERTY,6,4,-2,-33.33,Decreasing,6,4,-2,-33.33,2026-08-30,2026-09-12,2026-09-13,2026-09-26,Moross-Morang
09,BURGLARY,2,3,1,50.0,Increasing,2,3,1,50.0,2026-08-30,2026-09-12,2026-09-13,2026-09-26,Moross-Morang
09,LARCENY,4,3,-1,-25.0,Decreasing,4,3,-1,-25.0,2026-08-30,2026-09-12,2026-09-13,2026-09-26,Moross-Morang
09,STOLEN PROPERTY,1,3,2,200.0,Increasing,1,3,2,200.0,2026-08-30,2026-09-12,2026-09-13,2026-09-26,Moross-Morang
09,DANGEROUS DRUGS,0,2,2,,Increasing,0,2,2,,2026-08-30,2026-09-12,2026-09-13,2026-09-26,Moross-Morang
09,OBSTRUCTING JUDICIARY,3,2,-1,-33.33,Decreasing,3,2,-1,-33.33,2026-08-30,2026-09-12,2026-09-13,2026-09-26,Moross-Morang
09,AGGRAVATED ASSAULT,3,1,-2,-66.67,Decreasing,3,1,-2,-66.67,2026-08-30,2026-09-12,2026-09-13,2026-09-26,Moross-Morang
09,EXTORTION,0,1,1,,Increasing,0,1,1,,2026-08-30,2026-09-12,2026-09-13,2026-09-26,Moross-Morang
09,KIDNAPPING,0,1,1,,Increasing,0,1,1,,2026-08-30,2026-09-12,2026-09-13,2026-09-26,Moross-Morang
09,RUNAWAY,1,1,0,0.0,No Change,1,1,0,0.0,2026-08-30,2026-09-12,2026-09-13,2026-09-26,Moross-Morang
09,WEAPONS OFFENSES,3,1,-2,-66.67,Decreasing,3,1,-2,-66.67,2026-08-30,2026-09-12,2026-09-13,2026-09-26,Moross-Morang
09,FRAUD,1,0,-1,-100.0,Decreasing,1,0,-1,-100.0,2026-08-30,2026-09-12,2026-09-13,2026-09-26,Moross-Morang
09,OBSTRUCTING THE POLICE,2,0,-2,-100.0,Decreasing,2,0,-2,-100.0,2026-08-30,2026-09-12,2026-09-13,2026-09-26,Moross-Morang
09,SEXUAL ASSAULT,1,0,-1,-100.0,Decreasing,1,0,-1,-100.0,2026-08-30,2026-09-12,2026-09-13,2026-09-26,Moross-Morang
09,STOLEN VEHICLE,2,0,-2,-100.0,Decreasing,2,0,-2,-100.0,2026-08-30,2026-09-12,2026-09-13,2026-09-26,Moross-Morang
09,DAMAGE TO PROPERTY,3,5,2,66.67,Increasing,3,5,2,66.67,2026-08-29,2026-09-11,2026-09-12,2026-09-25,Mount Olivet
09,LARCENY,1,3,2,200.0,Increasing,1,3,2,200.0,2026-08-29,2026-09-11,2026-09-12,2026-09-25,Mount Olivet
09,AGGRAVATED ASSAULT,1,1,0,0.0,No Change,3,1,-2,-66.67,2026-08-29,2026-09-11,2026-09-12,2026-09-25,Mount Olivet
09,ASSAULT,0,1,1,,Increasing,1,1,0,0.0,2026-08-29,2026-09-11,2026-09-12,2026-09-25,Mount Olivet
09,OBSTRUCTING THE POLICE,0,1,1,,Increasing,1,1,0,0.0,2026-08-29,2026-09-11,2026-09-12,2026-09-25,Mount Olivet
09,STOLEN VEHICLE,0,1,1,,Increasing,0,1,1,,2026-08-29,2026-09-11,2026-09-12,2026-09-25,Mount Olivet
09,BURGLARY,1,0,-1,-100.0,Decreasing,1,0,-1,-100.0,2026-08-29,2026-09-11,2026-09-12,2026-09-25,Mount Olivet
09,FRAUD,1,0,-1,-100.0,Decreasing,7,1,-6,-85.71,2026-08-29,2026-09-11,2026-09-12,2026-09-25,Mount Olivet
11,FRAUD,6,1,-5,-83.33,Decreasing,7,1,-6,-85.71,2026-08-29,2026-09-11,2026-09-12,2026-09-25,Mount Olivet
11,AGGRAVATED ASSAULT,2,0,-2,-100.0,Decreasing,3,1,-2,-66.67,2026-08-29,2026-09-11,2026-09-12,2026-09-25,Mount Olivet
11,ASSAULT,1,0,-1,-100.0,Decreasing,1,1,0,0.0,2026-08-29,2026-09-11,2026-09-12,2026-09-25,Mount Olivet
11,FAMILY OFFENSE,1,0,-1,-100.0,Decreasing,1,0,-1,-100.0,2026-08-29,2026-09-11,2026-09-12,2026-09-25,Mount Olivet
11,OBSTRUCTING THE POLICE,1,0,-1,-100.0,Decreasing,1,1,0,0.0,2026-08-29,2026-09-11,2026-09-12,2026-09-25,Mount Olivet
11,ROBBERY,1,0,-1,-100.0,Decreasing,1,0,-1,-100.0,2026-08-29,2026-09-11,2026-09-12,2026-09-25,Mount Olivet
03,DAMAGE TO PROPERTY,0,4,4,,Increasing,0,4,4,,2026-08-30,2026-09-12,2026-09-13,2026-09-26,NW Goldberg
03,AGGRAVATED ASSAULT,1,1,0,0.0,No Change,1,1,0,0.0,2026-08-30,2026-09-12,2026-09-13,2026-09-26,NW Goldberg
03,ASSAULT,2,1,-1,-50.0,Decreasing,3,1,-2,-66.67,2026-08-30,2026-09-12,2026-09-13,2026-09-26,NW Goldberg
03,BURGLARY,2,1,-1,-50.0,Decreasing,2,1,-1,-50.0,2026-08-30,2026-09-12,2026-09-13,2026-09-26,NW Goldberg
03,DANGEROUS DRUGS,1,1,0,0.0,No Change,1,1,0,0.0,2026-08-30,2026-09-12,2026-09-13,2026-09-26,NW Goldberg
03,DISORDERLY CONDUCT,0,1,1,,Increasing,0,1,1,,2026-08-30,2026-09-12,2026-09-13,2026-09-26,NW Goldberg
03,FRAUD,3,1,-2,-66.67,Decreasing,3,1,-2,-66.67,2026-08-30,2026-09-12,2026-09-13,2026-09-26,NW Goldberg
03,HEALTH AND SAFETY,1,1,0,0.0,No Change,1,1,0,0.0,2026-08-30,2026-09-12,2026-09-13,2026-09-26,NW Goldberg
03,LARCENY,0,1,1,,Increasing,1,1,0,0.0,2026-08-30,2026-09-12,2026-09-13,2026-09-26,NW Goldberg
03,WEAPONS OFFENSES,0,1,1,,Increasing,0,1,1,,2026-08-30,2026-09-12,2026-09-13,2026-09-26,NW Goldberg
03,STOLEN VEHICLE,1,0,-1,-100.0,Decreasing,1,0,-1,-100.0,2026-08-30,2026-09-12,2026-09-13,2026-09-26,NW Goldberg
10,ASSAULT,1,0,-1,-100.0,Decreasing,3,1,-2,-66.67,2026-08-30,2026-09-12,2026-09-13,2026-09-26,NW Goldberg
10,LARCENY,1,0,-1,-100.0,Decreasing,1,1,0,0.0,2026-08-30,2026-09-12,2026-09-13,2026-09-26,NW Goldberg
10,LARCENY,2,5,3,150.0,Increasing,2,5,3,150.0,2026-08-30,2026-09-12,2026-09-13,2026-09-26,Nardin Park
10,ASSAULT,10,4,-6,-60.0,Decreasing,10,4,-6,-60.0,2026-08-30,2026-09-12,2026-09-13,2026-09-26,Nardin Park
10,DAMAGE TO PROPERTY,2,4,2,100.0,Increasing,2,4,2,100.0,2026-08-30,2026-09-12,2026-09-13,2026-09-26,Nardin Park
10,AGGRAVATED ASSAULT,3,3,0,0.0,No Change,3,3,0,0.0,2026-08-30,2026-09-12,2026-09-13,2026-09-26,Nardin Park
10,FRAUD,2,2,0,0.0,No Change,2,2,0,0.0,2026-08-30,2026-09-12,2026-09-13,2026-09-26,Nardin Park
10,OUIL,0,2,2,,Increasing,0,2,2,,2026-08-30,2026-09-12,2026-09-13,2026-09-26,Nardin Park
10,STOLEN VEHICLE,0,2,2,,Increasing,0,2,2,,2026-08-30,2026-09-12,2026-09-13,2026-09-26,Nardin Park
10,INVASION OF PRIVACY -OTHER,1,1,0,0.0,No Change,1,1,0,0.0,2026-08-30,2026-09-12,2026-09-13,2026-09-26,Nardin Park
10,STOLEN PROPERTY,1,1,0,0.0,No Change,1,1,0,0.0,2026-08-30,2026-09-12,2026-09-13,2026-09-26,Nardin Park
10,WEAPONS OFFENSES,0,1,1,,Increasing,0,1,1,,2026-08-30,2026-09-12,2026-09-13,2026-09-26,Nardin Park
10,BURGLARY,1,0,-1,-100.0,Decreasing,1,0,-1,-100.0,2026-08-30,2026-09-12,2026-09-13,2026-09-26,Nardin Park
10,DISORDERLY CONDUCT,1,0,-1,-100.0,Decreasing,1,0,-1,-100.0,2026-08-30,2026-09-12,2026-09-13,2026-09-26,Nardin Park
10,OBSTRUCTING JUDICIARY,1,0,-1,-100.0,Decreasing,1,0,-1,-100.0,2026-08-30,2026-09-12,2026-09-13,2026-09-26,Nardin Park
10,ROBBERY,1,0,-1,-100.0,Decreasing,1,0,-1,-100.0,2026-08-30,2026-09-12,2026-09-13,2026-09-26,Nardin Park
10,SEX OFFENSES,1,0,-1,-100.0,Decreasing,1,0,-1,-100.0,2026-08-30,2026-09-12,2026-09-13,2026-09-26,Nardin Park
10,SEXUAL ASSAULT,2,0,-2,-100.0,Decreasing,2,0,-2,-100.0,2026-08-30,2026-09-12,2026-09-13,2026-09-26,Nardin Park
03,ASSAULT,1,6,5,500.0,Increasing,1,6,5,500.0,2026-08-29,2026-09-11,2026-09-12,2026-09-25,New Center
03,FRAUD,0,3,3,,Increasing,0,3,3,,2026-08-29,2026-09-11,2026-09-12,2026-09-25,New Center
03,LARCENY,3,2,-1,-33.33,Decreasing,3,2,-1,-33.33,2026-08-29,2026-09-11,2026-09-12,2026-09-25,New Center
03,INVASION OF PRIVACY -OTHER,0,1,1,,Increasing,0,1,1,,2026-08-29,2026-09-11,2026-09-12,2026-09-25,New Center
03,STOLEN VEHICLE,4,1,-3,-75.0,Decreasing,4,1,-3,-75.0,2026-08-29,2026-09-11,2026-09-12,2026-09-25,New Center
03,DAMAGE TO PROPERTY,1,0,-1,-100.0,Decreasing,1,0,-1,-100.0,2026-08-29,2026-09-11,2026-09-12,2026-09-25,New Center
03,EXTORTION,2,0,-2,-100.0,Decreasing,2,0,-2,-100.0,2026-08-29,2026-09-11,2026-09-12,2026-09-25,New Center
03,OBSTRUCTING JUDICIARY,1,0,-1,-100.0,Decreasing,1,0,-1,-100.0,2026-08-29,2026-09-11,2026-09-12,2026-09-25,New Center
03,LARCENY,2,4,2,100.0,Increasing,2,4,2,100.0,2026-08-28,2026-09-10,2026-09-11,2026-09-24,New Center Commons
03,DAMAGE TO PROPERTY,2,3,1,50.0,Increasing,2,3,1,50.0,2026-08-28,2026-09-10,2026-09-11,2026-09-24,New Center Commons
03,STOLEN VEHICLE,0,3,3,,Increasing,0,3,3,,2026-08-28,2026-09-10,2026-09-11,2026-09-24,New Center Commons
03,FRAUD,0,2,2,,Increasing,0,2,2,,2026-08-28,2026-09-10,2026-09-11,2026-09-24,New Center Commons
03,AGGRAVATED ASSAULT,2,1,-1,-50.0,Decreasing,2,1,-1,-50.0,2026-08-28,2026-09-10,2026-09-11,2026-09-24,New Center Commons
03,ARSON,1,0,-1,-100.0,Decreasing,1,0,-1,-100.0,2026-08-28,2026-09-10,2026-09-11,2026-09-24,New Center Commons
03,ASSAULT,6,0,-6,-100.0,Decreasing,6,0,-6,-100.0,2026-08-28,2026-09-10,2026-09-11,2026-09-24,New Center Commons
03,BURGLARY,2,0,-2,-100.0,Decreasing,2,0,-2,-100.0,2026-08-28,2026-09-10,2026-09-11,2026-09-24,New Center Commons
03,LIQUOR,1,0,-1,-100.0,Decreasing,1,0,-1,-100.0,2026-08-28,2026-09-10,2026-09-11,2026-09-24,New Center Commons
03,OBSTRUCTING JUDICIARY,1,0,-1,-100.0,Decreasing,1,0,-1,-100.0,2026-08-28,2026-09-10,2026-09-11,2026-09-24,New Center Commons
11,ASSAULT,10,9,-1,-10.0,Decreasing,10,10,0,0.0,2026-08-30,2026-09-12,2026-09-13,2026-09-26,Nolan
11,AGGRAVATED ASSAULT,1,6,5,500.0,Increasing,1,6,5,500.0,2026-08-30,2026-09-12,2026-09-13,2026-09-26,Nolan
11,FRAUD,2,4,2,100.0,Increasing,2,4,2,100.0,2026-08-30,2026-09-12,2026-09-13,2026-09-26,Nolan
11,BURGLARY,3,2,-1,-33.33,Decreasing,3,2,-1,-33.33,2026-08-30,2026-09-12,2026-09-13,2026-09-26,Nolan
11,DAMAGE TO PROPERTY,4,2,-2,-50.0,Decreasing,4,2,-2,-50.0,2026-08-30,2026-09-12,2026-09-13,2026-09-26,Nolan
11,DANGEROUS DRUGS,0,2,2,,Increasing,0,2,2,,2026-08-30,2026-09-12,2026-09-13,2026-09-26,Nolan
11,LARCENY,10,2,-8,-80.0,Decreasing,10,2,-8,-80.0,2026-08-30,2026-09-12,2026-09-13,2026-09-26,Nolan
11,ARSON,0,1,1,,Increasing,0,1,1,,2026-08-30,2026-09-12,2026-09-13,2026-09-26,Nolan
11,ROBBERY,2,1,-1,-50.0,Decreasing,2,1,-1,-50.0,2026-08-30,2026-09-12,2026-09-13,2026-09-26,Nolan
11,WEAPONS OFFENSES,3,1,-2,-66.67,Decreasing,3,1,-2,-66.67,2026-08-30,2026-09-12,2026-09-13,2026-09-26,Nolan
11,OUIL,2,0,-2,-100.0,Decreasing,2,0,-2,-100.0,2026-08-30,2026-09-12,2026-09-13,2026-09-26,Nolan
11,STOLEN PROPERTY,2,0,-2,-100.0,Decreasing,2,0,-2,-100.0,2026-08-30,2026-09-12,2026-09-13,2026-09-26,Nolan
11,STOLEN VEHICLE,1,0,-1,-100.0,Decreasing,1,0,-1,-100.0,2026-08-30,2026-09-12,2026-09-13,2026-09-26,Nolan
12,ASSAULT,0,1,1,,Increasing,10,10,0,0.0,2026-08-30,2026-09-12,2026-09-13,2026-09-26,Nolan
11,AGGRAVATED ASSAULT,0,2,2,,Increasing,0,2,2,,2026-08-23,2026-09-05,2026-09-06,2026-09-19,North Campau
11,BURGLARY,0,1,1,,Increasing,0,1,1,,2026-08-23,2026-09-05,2026-09-06,2026-09-19,North Campau
11,DANGEROUS DRUGS,0,1,1,,Increasing,0,1,1,,2026-08-23,2026-09-05,2026-09-06,2026-09-19,North Campau
11,FRAUD,2,1,-1,-50.0,Decreasing,2,1,-1,-50.0,2026-08-23,2026-09-05,2026-09-06,2026-09-19,North Campau
11,INVASION OF PRIVACY -OTHER,0,1,1,,Increasing,0,1,1,,2026-08-23,2026-09-05,2026-09-06,2026-09-19,North Campau
11,LARCENY,2,1,-1,-50.0,Decreasing,2,1,-1,-50.0,2026-08-23,2026-09-05,2026-09-06,2026-09-19,North Campau
11,WEAPONS OFFENSES,0,1,1,,Increasing,0,1,1,,2026-08-23,2026-09-05,2026-09-06,2026-09-19,North Campau
11,ASSAULT,1,0,-1,-100.0,Decreasing,1,0,-1,-100.0,2026-08-23,2026-09-05,2026-09-06,2026-09-19,North Campau
11,DAMAGE TO PROPERTY,1,0,-1,-100.0,Decreasing,1,0,-1,-100.0,2026-08-23,2026-09-05,2026-09-06,2026-09-19,North Campau
03,LARCENY,9,3,-6,-66.67,Decreasing,9,3,-6,-66.67,2026-08-29,2026-09-11,2026-09-12,2026-09-25,North Corktown
03,AGGRAVATED ASSAULT,1,1,0,0.0,No Change,1,1,0,0.0,2026-08-29,2026-09-11,2026-09-12,2026-09-25,North Corktown
03,ASSAULT,0,1,1,,Increasing,0,1,1,,2026-08-29,2026-09-11,2026-09-12,2026-09-25,North Corktown
03,DAMAGE TO PROPERTY,3,1,-2,-66.67,Decreasing,3,1,-2,-66.67,2026-08-29,2026-09-11,2026-09-12,2026-09-25,North Corktown
03,INVASION OF PRIVACY -OTHER,0,1,1,,Increasing,0,1,1,,2026-08-29,2026-09-11,2026-09-12,2026-09-25,North Corktown
03,MISCELLANEOUS,0,1,1,,Increasing,0,1,1,,2026-08-29,2026-09-11,2026-09-12,2026-09-25,North Corktown
03,STOLEN VEHICLE,0,1,1,,Increasing,0,1,1,,2026-08-29,2026-09-11,2026-09-12,2026-09-25,North Corktown
03,BURGLARY,2,0,-2,-100.0,Decreasing,2,0,-2,-100.0,2026-08-29,2026-09-11,2026-09-12,2026-09-25,North Corktown
03,FRAUD,2,0,-2,-100.0,Decreasing,2,0,-2,-100.0,2026-08-29,2026-09-11,2026-09-12,2026-09-25,North Corktown
03,WEAPONS OFFENSES,1,0,-1,-100.0,Decreasing,1,0,-1,-100.0,2026-08-29,2026-09-11,2026-09-12,2026-09-25,North Corktown
03,DAMAGE TO PROPERTY,2,9,7,350.0,Increasing,2,9,7,350.0,2026-08-30,2026-09-12,2026-09-13,2026-09-26,North End
03,LARCENY,5,7,2,40.0,Increasing,5,7,2,40.0,2026-08-30,2026-09-12,2026-09-13,2026-09-26,North End
03,ASSAULT,4,5,1,25.0,Increasing,4,5,1,25.0,2026-08-30,2026-09-12,2026-09-13,2026-09-26,North End
03,FRAUD,0,3,3,,Increasing,0,3,3,,2026-08-30,2026-09-12,2026-09-13,2026-09-26,North End
03,STOLEN VEHICLE,1,2,1,100.0,Increasing,1,2,1,100.0,2026-08-30,2026-09-12,2026-09-13,2026-09-26,North End
03,BURGLARY,0,1,1,,Increasing,0,1,1,,2026-08-30,2026-09-12,2026-09-13,2026-09-26,North End
03,AGGRAVATED ASSAULT,1,0,-1,-100.0,Decreasing,1,0,-1,-100.0,2026-08-30,2026-09-12,2026-09-13,2026-09-26,North End
03,ARSON,1,0,-1,-100.0,Decreasing,1,0,-1,-100.0,2026-08-30,2026-09-12,2026-09-13,2026-09-26,North End
03,LIQUOR,1,0,-1,-100.0,Decreasing,1,0,-1,-100.0,2026-08-30,2026-09-12,2026-09-13,2026-09-26,North End
03,OBSTRUCTING THE POLICE,1,0,-1,-100.0,Decreasing,1,0,-1,-100.0,2026-08-30,2026-09-12,2026-09-13,2026-09-26,North End
08,LARCENY,1,2,1,100.0,Increasing,1,2,1,100.0,2026-08-27,2026-09-09,2026-09-10,2026-09-23,North Rosedale Park
08,AGGRAVATED ASSAULT,0,1,1,,Increasing,0,1,1,,2026-08-27,2026-09-09,2026-09-10,2026-09-23,North Rosedale Park
08,ASSAULT,3,1,-2,-66.67,Decreasing,3,1,-2,-66.67,2026-08-27,2026-09-09,2026-09-10,2026-09-23,North Rosedale Park
08,DAMAGE TO PROPERTY,1,1,0,0.0,No Change,1,1,0,0.0,2026-08-27,2026-09-09,2026-09-10,2026-09-23,North Rosedale Park
08,SEX OFFENSES,0,1,1,,Increasing,0,1,1,,2026-08-27,2026-09-09,2026-09-10,2026-09-23,North Rosedale Park
08,STOLEN VEHICLE,4,1,-3,-75.0,Decreasing,4,1,-3,-75.0,2026-08-27,2026-09-09,2026-09-10,2026-09-23,North Rosedale Park
08,BURGLARY,1,0,-1,-100.0,Decreasing,1,0,-1,-100.0,2026-08-27,2026-09-09,2026-09-10,2026-09-23,North Rosedale Park
08,FRAUD,3,0,-3,-100.0,Decreasing,3,0,-3,-100.0,2026-08-27,2026-09-09,2026-09-10,2026-09-23,North Rosedale Park
08,ROBBERY,1,0,-1,-100.0,Decreasing,1,0,-1,-100.0,2026-08-27,2026-09-09,2026-09-10,2026-09-23,North Rosedale Park
08,STOLEN PROPERTY,2,0,-2,-100.0,Decreasing,2,0,-2,-100.0,2026-08-27,2026-09-09,2026-09-10,2026-09-23,North Rosedale Park
08,WEAPONS OFFENSES,1,0,-1,-100.0,Decreasing,1,0,-1,-100.0,2026-08-27,2026-09-09,2026-09-10,2026-09-23,North Rosedale Park
11,LARCENY,3,5,2,66.67,Increasing,3,5,2,66.67,2026-08-27,2026-09-09,2026-09-10,2026-09-23,Northeast Central District
11,ASSAULT,5,4,-1,-20.0,Decreasing,5,4,-1,-20.0,2026-08-27,2026-09-09,2026-09-10,2026-09-23,Northeast Central District
11,DAMAGE TO PROPERTY,1,2,1,100.0,Increasing,1,2,1,100.0,2026-08-27,2026-09-09,2026-09-10,2026-09-23,Northeast Central District
11,FRAUD,1,2,1,100.0,Increasing,1,2,1,100.0,2026-08-27,2026-09-09,2026-09-10,2026-09-23,Northeast Central District
11,STOLEN VEHICLE,1,2,1,100.0,Increasing,1,2,1,100.0,2026-08-27,2026-09-09,2026-09-10,2026-09-23,Northeast Central District
11,AGGRAVATED ASSAULT,1,1,0,0.0,No Change,1,1,0,0.0,2026-08-27,2026-09-09,2026-09-10,2026-09-23,Northeast Central District
11,BURGLARY,0,1,1,,Increasing,0,1,1,,2026-08-27,2026-09-09,2026-09-10,2026-09-23,Northeast Central District
11,OBSTRUCTING THE POLICE,0,1,1,,Increasing,0,1,1,,2026-08-27,2026-09-09,2026-09-10,2026-09-23,Northeast Central District
11,ROBBERY,1,0,-1,-100.0,Decreasing,1,0,-1,-100.0,2026-08-27,2026-09-09,2026-09-10,2026-09-23,Northeast Central District
02,LARCENY,2,3,1,50.0,Increasing,2,3,1,50.0,2026-08-28,2026-09-10,2026-09-11,2026-09-24,Northwest Community
02,ASSAULT,1,2,1,100.0,Increasing,1,2,1,100.0,2026-08-28,2026-09-10,2026-09-11,2026-09-24,Northwest Community
02,BURGLARY,2,2,0,0.0,No Change,2,2,0,0.0,2026-08-28,2026-09-10,2026-09-11,2026-09-24,Northwest Community
02,FRAUD,1,2,1,100.0,Increasing,1,2,1,100.0,2026-08-28,2026-09-10,2026-09-11,2026-09-24,Northwest Community
02,DAMAGE TO PROPERTY,2,1,-1,-50.0,Decreasing,2,1,-1,-50.0,2026-08-28,2026-09-10,2026-09-11,2026-09-24,Northwest Community
02,STOLEN PROPERTY,0,1,1,,Increasing,0,1,1,,2026-08-28,2026-09-10,2026-09-11,2026-09-24,Northwest Community
02,DANGEROUS DRUGS,1,0,-1,-100.0,Decreasing,1,0,-1,-100.0,2026-08-28,2026-09-10,2026-09-11,2026-09-24,Northwest Community
02,STOLEN VEHICLE,1,0,-1,-100.0,Decreasing,1,0,-1,-100.0,2026-08-28,2026-09-10,2026-09-11,2026-09-24,Northwest Community
02,WEAPONS OFFENSES,1,0,-1,-100.0,Decreasing,1,0,-1,-100.0,2026-08-28,2026-09-10,2026-09-11,2026-09-24,Northwest Community
09,AGGRAVATED ASSAULT,1,0,-1,-100.0,Decreasing,6,2,-4,-66.67,2026-08-29,2026-09-11,2026-09-12,2026-09-25,Nortown
09,ASSAULT,1,0,-1,-100.0,Decreasing,9,3,-6,-66.67,2026-08-29,2026-09-11,2026-09-12,2026-09-25,Nortown
09,FRAUD,1,0,-1,-100.0,Decreasing,1,0,-1,-100.0,2026-08-29,2026-09-11,2026-09-12,2026-09-25,Nortown
09,OBSTRUCTING THE POLICE,1,0,-1,-100.0,Decreasing,3,0,-3,-100.0,2026-08-29,2026-09-11,2026-09-12,2026-09-25,Nortown
11,DAMAGE TO PROPERTY,1,6,5,500.0,Increasing,1,6,5,500.0,2026-08-29,2026-09-11,2026-09-12,2026-09-25,Nortown
11,ASSAULT,8,3,-5,-62.5,Decreasing,9,3,-6,-66.67,2026-08-29,2026-09-11,2026-09-12,2026-09-25,Nortown
11,AGGRAVATED ASSAULT,5,2,-3,-60.0,Decreasing,6,2,-4,-66.67,2026-08-29,2026-09-11,2026-09-12,2026-09-25,Nortown
11,BURGLARY,4,2,-2,-50.0,Decreasing,4,2,-2,-50.0,2026-08-29,2026-09-11,2026-09-12,2026-09-25,Nortown
11,LARCENY,7,1,-6,-85.71,Decreasing,7,1,-6,-85.71,2026-08-29,2026-09-11,2026-09-12,2026-09-25,Nortown
11,DANGEROUS DRUGS,2,0,-2,-100.0,Decreasing,2,0,-2,-100.0,2026-08-29,2026-09-11,2026-09-12,2026-09-25,Nortown
11,OBSTRUCTING THE POLICE,2,0,-2,-100.0,Decreasing,3,0,-3,-100.0,2026-08-29,2026-09-11,2026-09-12,2026-09-25,Nortown
11,STOLEN VEHICLE,1,0,-1,-100.0,Decreasing,1,0,-1,-100.0,2026-08-29,2026-09-11,2026-09-12,2026-09-25,Nortown
08,LARCENY,1,8,7,700.0,Increasing,1,8,7,700.0,2026-08-29,2026-09-11,2026-09-12,2026-09-25,O'Hair Park
08,ASSAULT,8,7,-1,-12.5,Decreasing,8,7,-1,-12.5,2026-08-29,2026-09-11,2026-09-12,2026-09-25,O'Hair Park
08,AGGRAVATED ASSAULT,6,4,-2,-33.33,Decreasing,6,4,-2,-33.33,2026-08-29,2026-09-11,2026-09-12,2026-09-25,O'Hair Park
08,SEXUAL ASSAULT,0,2,2,,Increasing,0,2,2,,2026-08-29,2026-09-11,2026-09-12,2026-09-25,O'Hair Park
08,DAMAGE TO PROPERTY,4,1,-3,-75.0,Decreasing,4,1,-3,-75.0,2026-08-29,2026-09-11,2026-09-12,2026-09-25,O'Hair Park
08,FRAUD,0,1,1,,Increasing,0,1,1,,2026-08-29,2026-09-11,2026-09-12,2026-09-25,O'Hair Park
08,STOLEN VEHICLE,5,1,-4,-80.0,Decreasing,5,1,-4,-80.0,2026-08-29,2026-09-11,2026-09-12,2026-09-25,O'Hair Park
08,BURGLARY,1,0,-1,-100.0,Decreasing,1,0,-1,-100.0,2026-08-29,2026-09-11,2026-09-12,2026-09-25,O'Hair Park
08,OBSTRUCTING THE POLICE,2,0,-2,-100.0,Decreasing,2,0,-2,-100.0,2026-08-29,2026-09-11,2026-09-12,2026-09-25,O'Hair Park
08,RUNAWAY,2,0,-2,-100.0,Decreasing,2,0,-2,-100.0,2026-08-29,2026-09-11,2026-09-12,2026-09-25,O'Hair Park
08,WEAPONS OFFENSES,2,0,-2,-100.0,Decreasing,2,0,-2,-100.0,2026-08-29,2026-09-11,2026-09-12,2026-09-25,O'Hair Park
08,ASSAULT,1,4,3,300.0,Increasing,1,4,3,300.0,2026-08-25,2026-09-07,2026-09-08,2026-09-21,Oak Grove District 1
08,BURGLARY,0,1,1,,Increasing,0,1,1,,2026-08-25,2026-09-07,2026-09-08,2026-09-21,Oak Grove District 1
08,DAMAGE TO PROPERTY,1,1,0,0.0,No Change,1,1,0,0.0,2026-08-25,2026-09-07,2026-09-08,2026-09-21,Oak Grove District 1
08,FRAUD,1,1,0,0.0,No Change,1,1,0,0.0,2026-08-25,2026-09-07,2026-09-08,2026-09-21,Oak Grove District 1
08,LARCENY,1,1,0,0.0,No Change,1,1,0,0.0,2026-08-25,2026-09-07,2026-09-08,2026-09-21,Oak Grove District 1
08,OBSTRUCTING JUDICIARY,0,1,1,,Increasing,0,1,1,,2026-08-25,2026-09-07,2026-09-08,2026-09-21,Oak Grove District 1
08,AGGRAVATED ASSAULT,2,0,-2,-100.0,Decreasing,2,0,-2,-100.0,2026-08-25,2026-09-07,2026-09-08,2026-09-21,Oak Grove District 1
12,STOLEN VEHICLE,3,2,-1,-33.33,Decreasing,3,2,-1,-33.33,2026-08-18,2026-08-31,2026-09-01,2026-09-14,Oak Grove District 2
12,ASSAULT,0,1,1,,Increasing,0,1,1,,2026-08-18,2026-08-31,2026-09-01,2026-09-14,Oak Grove District 2
12,BURGLARY,1,1,0,0.0,No Change,1,1,0,0.0,2026-08-18,2026-08-31,2026-09-01,2026-09-14,Oak Grove District 2
12,DAMAGE TO PROPERTY,1,1,0,0.0,No Change,1,1,0,0.0,2026-08-18,2026-08-31,2026-09-01,2026-09-14,Oak Grove District 2
12,LARCENY,2,1,-1,-50.0,Decreasing,2,1,-1,-50.0,2026-08-18,2026-08-31,2026-09-01,2026-09-14,Oak Grove District 2
12,AGGRAVATED ASSAULT,2,0,-2,-100.0,Decreasing,2,0,-2,-100.0,2026-08-18,2026-08-31,2026-09-01,2026-09-14,Oak Grove District 2
12,FRAUD,1,0,-1,-100.0,Decreasing,1,0,-1,-100.0,2026-08-18,2026-08-31,2026-09-01,2026-09-14,Oak Grove District 2
12,OBSTRUCTING JUDICIARY,1,0,-1,-100.0,Decreasing,1,0,-1,-100.0,2026-08-18,2026-08-31,2026-09-01,2026-09-14,Oak Grove District 2
12,ROBBERY,1,0,-1,-100.0,Decreasing,1,0,-1,-100.0,2026-08-18,2026-08-31,2026-09-01,2026-09-14,Oak Grove District 2
02,OBSTRUCTING THE POLICE,0,1,1,,Increasing,0,4,4,,2026-08-30,2026-09-12,2026-09-13,2026-09-26,Oakman Blvd Community
02,AGGRAVATED ASSAULT,1,0,-1,-100.0,Decreasing,6,2,-4,-66.67,2026-08-30,2026-09-12,2026-09-13,2026-09-26,Oakman Blvd Community
02,WEAPONS OFFENSES,1,0,-1,-100.0,Decreasing,3,3,0,0.0,2026-08-30,2026-09-12,2026-09-13,2026-09-26,Oakman Blvd Community
10,ASSAULT,16,6,-10,-62.5,Decreasing,16,6,-10,-62.5,2026-08-30,2026-09-12,2026-09-13,2026-09-26,Oakman Blvd Community
10,FRAUD,2,6,4,200.0,Increasing,2,6,4,200.0,2026-08-30,2026-09-12,2026-09-13,2026-09-26,Oakman Blvd Community
10,STOLEN VEHICLE,1,6,5,500.0,Increasing,1,6,5,500.0,2026-08-30,2026-09-12,2026-09-13,2026-09-26,Oakman Blvd Community
10,DAMAGE TO PROPERTY,6,5,-1,-16.67,Decreasing,6,5,-1,-16.67,2026-08-30,2026-09-12,2026-09-13,2026-09-26,Oakman Blvd Community
10,LARCENY,3,5,2,66.67,Increasing,3,5,2,66.67,2026-08-30,2026-09-12,2026-09-13,2026-09-26,Oakman Blvd Community
10,OBSTRUCTING THE POLICE,0,3,3,,Increasing,0,4,4,,2026-08-30,2026-09-12,2026-09-13,2026-09-26,Oakman Blvd Community
10,ROBBERY,0,3,3,,Increasing,0,3,3,,2026-08-30,2026-09-12,2026-09-13,2026-09-26,Oakman Blvd Community
10,WEAPONS OFFENSES,2,3,1,50.0,Increasing,3,3,0,0.0,2026-08-30,2026-09-12,2026-09-13,2026-09-26,Oakman Blvd Community
10,AGGRAVATED ASSAULT,5,2,-3,-60.0,Decreasing,6,2,-4,-66.67,2026-08-30,2026-09-12,2026-09-13,2026-09-26,Oakman Blvd Community
10,ARSON,0,1,1,,Increasing,0,1,1,,2026-08-30,2026-09-12,2026-09-13,2026-09-26,Oakman Blvd Community
10,FAMILY OFFENSE,0,1,1,,Increasing,0,1,1,,2026-08-30,2026-09-12,2026-09-13,2026-09-26,Oakman Blvd Community
10,FORGERY,0,1,1,,Increasing,0,1,1,,2026-08-30,2026-09-12,2026-09-13,2026-09-26,Oakman Blvd Community
10,OBSTRUCTING JUDICIARY,1,1,0,0.0,No Change,1,1,0,0.0,2026-08-30,2026-09-12,2026-09-13,2026-09-26,Oakman Blvd Community
10,RUNAWAY,0,1,1,,Increasing,0,1,1,,2026-08-30,2026-09-12,2026-09-13,2026-09-26,Oakman Blvd Community
10,BURGLARY,5,0,-5,-100.0,Decreasing,5,0,-5,-100.0,2026-08-30,2026-09-12,2026-09-13,2026-09-26,Oakman Blvd Community
10,STOLEN PROPERTY,1,0,-1,-100.0,Decreasing,1,0,-1,-100.0,2026-08-30,2026-09-12,2026-09-13,2026-09-26,Oakman Blvd Community
04,DAMAGE TO PROPERTY,0,1,1,,Increasing,0,1,1,,2026-08-06,2026-08-19,2026-08-20,2026-09-02,Oakwood Heights
08,BURGLARY,0,1,1,,Increasing,0,1,1,,2026-08-24,2026-09-06,2026-09-07,2026-09-20,Old Redford
08,DAMAGE TO PROPERTY,1,1,0,0.0,No Change,1,1,0,0.0,2026-08-24,2026-09-06,2026-09-07,2026-09-20,Old Redford
08,FRAUD,1,1,0,0.0,No Change,1,1,0,0.0,2026-08-24,2026-09-06,2026-09-07,2026-09-20,Old Redford
08,LARCENY,1,0,-1,-100.0,Decreasing,1,0,-1,-100.0,2026-08-24,2026-09-06,2026-09-07,2026-09-20,Old Redford
08,STOLEN VEHICLE,1,0,-1,-100.0,Decreasing,1,0,-1,-100.0,2026-08-24,2026-09-06,2026-09-07,2026-09-20,Old Redford
09,ASSAULT,13,8,-5,-38.46,Decreasing,13,8,-5,-38.46,2026-08-31,2026-09-13,2026-09-14,2026-09-27,Outer Drive-Hayes
09,LARCENY,6,4,-2,-33.33,Decreasing,6,4,-2,-33.33,2026-08-31,2026-09-13,2026-09-14,2026-09-27,Outer Drive-Hayes
09,STOLEN VEHICLE,3,4,1,33.33,Increasing,3,4,1,33.33,2026-08-31,2026-09-13,2026-09-14,2026-09-27,Outer Drive-Hayes
09,WEAPONS OFFENSES,2,4,2,100.0,Increasing,2,4,2,100.0,2026-08-31,2026-09-13,2026-09-14,2026-09-27,Outer Drive-Hayes
09,AGGRAVATED ASSAULT,5,3,-2,-40.0,Decreasing,5,3,-2,-40.0,2026-08-31,2026-09-13,2026-09-14,2026-09-27,Outer Drive-Hayes
09,DAMAGE TO PROPERTY,8,3,-5,-62.5,Decreasing,8,3,-5,-62.5,2026-08-31,2026-09-13,2026-09-14,2026-09-27,Outer Drive-Hayes
09,STOLEN PROPERTY,1,3,2,200.0,Increasing,1,3,2,200.0,2026-08-31,2026-09-13,2026-09-14,2026-09-27,Outer Drive-Hayes
09,BURGLARY,2,2,0,0.0,No Change,2,2,0,0.0,2026-08-31,2026-09-13,2026-09-14,2026-09-27,Outer Drive-Hayes
09,OBSTRUCTING JUDICIARY,1,2,1,100.0,Increasing,1,2,1,100.0,2026-08-31,2026-09-13,2026-09-14,2026-09-27,Outer Drive-Hayes
09,OUIL,0,2,2,,Increasing,0,2,2,,2026-08-31,2026-09-13,2026-09-14,2026-09-27,Outer Drive-Hayes
09,EXTORTION,0,1,1,,Increasing,0,1,1,,2026-08-31,2026-09-13,2026-09-14,2026-09-27,Outer Drive-Hayes
09,FRAUD,6,1,-5,-83.33,Decreasing,6,1,-5,-83.33,2026-08-31,2026-09-13,2026-09-14,2026-09-27,Outer Drive-Hayes
09,OBSTRUCTING THE POLICE,2,1,-1,-50.0,Decreasing,2,1,-1,-50.0,2026-08-31,2026-09-13,2026-09-14,2026-09-27,Outer Drive-Hayes
09,RUNAWAY,1,1,0,0.0,No Change,1,1,0,0.0,2026-08-31,2026-09-13,2026-09-14,2026-09-27,Outer Drive-Hayes
09,SEX OFFENSES,0,1,1,,Increasing,0,1,1,,2026-08-31,2026-09-13,2026-09-14,2026-09-27,Outer Drive-Hayes
09,ARSON,1,0,-1,-100.0,Decreasing,1,0,-1,-100.0,2026-08-31,2026-09-13,2026-09-14,2026-09-27,Outer Drive-Hayes
09,DANGEROUS DRUGS,1,0,-1,-100.0,Decreasing,1,0,-1,-100.0,2026-08-31,2026-09-13,2026-09-14,2026-09-27,Outer Drive-Hayes
09,FAMILY OFFENSE,1,0,-1,-100.0,Decreasing,1,0,-1,-100.0,2026-08-31,2026-09-13,2026-09-14,2026-09-27,Outer Drive-Hayes
09,HEALTH AND SAFETY,1,0,-1,-100.0,Decreasing,1,0,-1,-100.0,2026-08-31,2026-09-13,2026-09-14,2026-09-27,Outer Drive-Hayes
09,INVASION OF PRIVACY -OTHER,1,0,-1,-100.0,Decreasing,1,0,-1,-100.0,2026-08-31,2026-09-13,2026-09-14,2026-09-27,Outer Drive-Hayes
09,ROBBERY,1,0,-1,-100.0,Decreasing,1,0,-1,-100.0,2026-08-31,2026-09-13,2026-09-14,2026-09-27,Outer Drive-Hayes
12,ASSAULT,4,7,3,75.0,Increasing,4,7,3,75.0,2026-08-26,2026-09-08,2026-09-09,2026-09-22,Palmer Park
12,AGGRAVATED ASSAULT,4,3,-1,-25.0,Decreasing,4,3,-1,-25.0,2026-08-26,2026-09-08,2026-09-09,2026-09-22,Palmer Park
12,LARCENY,4,3,-1,-25.0,Decreasing,4,3,-1,-25.0,2026-08-26,2026-09-08,2026-09-09,2026-09-22,Palmer Park
12,BURGLARY,0,1,1,,Increasing,0,1,1,,2026-08-26,2026-09-08,2026-09-09,2026-09-22,Palmer Park
12,DAMAGE TO PROPERTY,0,1,1,,Increasing,0,1,1,,2026-08-26,2026-09-08,2026-09-09,2026-09-22,Palmer Park
12,DANGEROUS DRUGS,0,1,1,,Increasing,0,1,1,,2026-08-26,2026-09-08,2026-09-09,2026-09-22,Palmer Park
12,FRAUD,1,1,0,0.0,No Change,1,1,0,0.0,2026-08-26,2026-09-08,2026-09-09,2026-09-22,Palmer Park
12,WEAPONS OFFENSES,0,1,1,,Increasing,0,1,1,,2026-08-26,2026-09-08,2026-09-09,2026-09-22,Palmer Park
12,STOLEN VEHICLE,1,0,-1,-100.0,Decreasing,1,0,-1,-100.0,2026-08-26,2026-09-08,2026-09-09,2026-09-22,Palmer Park
12,DAMAGE TO PROPERTY,0,3,3,,Increasing,0,3,3,,2026-08-21,2026-09-03,2026-09-04,2026-09-17,Palmer Woods
12,LARCENY,1,1,0,0.0,No Change,1,1,0,0.0,2026-08-21,2026-09-03,2026-09-04,2026-09-17,Palmer Woods
12,OBSTRUCTING THE POLICE,1,0,-1,-100.0,Decreasing,1,0,-1,-100.0,2026-08-21,2026-09-03,2026-09-04,2026-09-17,Palmer Woods
12,WEAPONS OFFENSES,1,0,-1,-100.0,Decreasing,1,0,-1,-100.0,2026-08-21,2026-09-03,2026-09-04,2026-09-17,Palmer Woods
02,ASSAULT,2,1,-1,-50.0,Decreasing,2,1,-1,-50.0,2026-08-30,2026-09-12,2026-09-13,2026-09-26,Paveway
02,DAMAGE TO PROPERTY,2,0,-2,-100.0,Decreasing,2,0,-2,-100.0,2026-08-30,2026-09-12,2026-09-13,2026-09-26,Paveway
02,LARCENY,3,0,-3,-100.0,Decreasing,3,0,-3,-100.0,2026-08-30,2026-09-12,2026-09-13,2026-09-26,Paveway
02,OBSTRUCTING JUDICIARY,1,0,-1,-100.0,Decreasing,1,0,-1,-100.0,2026-08-30,2026-09-12,2026-09-13,2026-09-26,Paveway
12,DAMAGE TO PROPERTY,1,2,1,100.0,Increasing,1,2,1,100.0,2026-08-21,2026-09-03,2026-09-04,2026-09-17,Pembroke
12,STOLEN VEHICLE,0,2,2,,Increasing,0,2,2,,2026-08-21,2026-09-03,2026-09-04,2026-09-17,Pembroke
12,AGGRAVATED ASSAULT,1,1,0,0.0,No Change,1,1,0,0.0,2026-08-21,2026-09-03,2026-09-04,2026-09-17,Pembroke
12,ASSAULT,1,1,0,0.0,No Change,1,1,0,0.0,2026-08-21,2026-09-03,2026-09-04,2026-09-17,Pembroke
12,DANGEROUS DRUGS,0,1,1,,Increasing,0,1,1,,2026-08-21,2026-09-03,2026-09-04,2026-09-17,Pembroke
12,FRAUD,0,1,1,,Increasing,0,1,1,,2026-08-21,2026-09-03,2026-09-04,2026-09-17,Pembroke
12,WEAPONS OFFENSES,0,1,1,,Increasing,0,1,1,,2026-08-21,2026-09-03,2026-09-04,2026-09-17,Pembroke
12,BURGLARY,1,0,-1,-100.0,Decreasing,1,0,-1,-100.0,2026-08-21,2026-09-03,2026-09-04,2026-09-17,Pembroke
12,LARCENY,1,0,-1,-100.0,Decreasing,1,0,-1,-100.0,2026-08-21,2026-09-03,2026-09-04,2026-09-17,Pembroke
12,RUNAWAY,1,0,-1,-100.0,Decreasing,1,0,-1,-100.0,2026-08-21,2026-09-03,2026-09-04,2026-09-17,Pembroke
12,ASSAULT,1,2,1,100.0,Increasing,1,2,1,100.0,2026-08-28,2026-09-10,2026-09-11,2026-09-24,Penrose
12,AGGRAVATED ASSAULT,0,1,1,,Increasing,0,1,1,,2026-08-28,2026-09-10,2026-09-11,2026-09-24,Penrose
12,BURGLARY,1,1,0,0.0,No Change,1,1,0,0.0,2026-08-28,2026-09-10,2026-09-11,2026-09-24,Penrose
12,DAMAGE TO PROPERTY,1,1,0,0.0,No Change,1,1,0,0.0,2026-08-28,2026-09-10,2026-09-11,2026-09-24,Penrose
11,AGGRAVATED ASSAULT,2,1,-1,-50.0,Decreasing,2,1,-1,-50.0,2026-08-30,2026-09-12,2026-09-13,2026-09-26,Pershing
11,OBSTRUCTING THE POLICE,0,1,1,,Increasing,0,1,1,,2026-08-30,2026-09-12,2026-09-13,2026-09-26,Pershing
11,ASSAULT,2,0,-2,-100.0,Decreasing,2,0,-2,-100.0,2026-08-30,2026-09-12,2026-09-13,2026-09-26,Pershing
11,DAMAGE TO PROPERTY,1,0,-1,-100.0,Decreasing,1,0,-1,-100.0,2026-08-30,2026-09-12,2026-09-13,2026-09-26,Pershing
11,FRAUD,1,0,-1,-100.0,Decreasing,1,0,-1,-100.0,2026-08-30,2026-09-12,2026-09-13,2026-09-26,Pershing
11,HEALTH AND SAFETY,1,0,-1,-100.0,Decreasing,1,0,-1,-100.0,2026-08-30,2026-09-12,2026-09-13,2026-09-26,Pershing
11,ROBBERY,1,0,-1,-100.0,Decreasing,1,0,-1,-100.0,2026-08-30,2026-09-12,2026-09-13,2026-09-26,Pershing
11,STOLEN PROPERTY,1,0,-1,-100.0,Decreasing,1,0,-1,-100.0,2026-08-30,2026-09-12,2026-09-13,2026-09-26,Pershing
11,STOLEN VEHICLE,1,0,-1,-100.0,Decreasing,1,0,-1,-100.0,2026-08-30,2026-09-12,2026-09-13,2026-09-26,Pershing
10,ASSAULT,3,5,2,66.67,Increasing,3,5,2,66.67,2026-08-30,2026-09-12,2026-09-13,2026-09-26,Petoskey-Otsego
10,DAMAGE TO PROPERTY,2,3,1,50.0,Increasing,2,3,1,50.0,2026-08-30,2026-09-12,2026-09-13,2026-09-26,Petoskey-Otsego
10,AGGRAVATED ASSAULT,2,2,0,0.0,No Change,2,2,0,0.0,2026-08-30,2026-09-12,2026-09-13,2026-09-26,Petoskey-Otsego
10,BURGLARY,0,2,2,,Increasing,0,2,2,,2026-08-30,2026-09-12,2026-09-13,2026-09-26,Petoskey-Otsego
10,LARCENY,0,2,2,,Increasing,0,2,2,,2026-08-30,2026-09-12,2026-09-13,2026-09-26,Petoskey-Otsego
10,FAMILY OFFENSE,0,1,1,,Increasing,0,1,1,,2026-08-30,2026-09-12,2026-09-13,2026-09-26,Petoskey-Otsego
10,STOLEN PROPERTY,0,1,1,,Increasing,0,1,1,,2026-08-30,2026-09-12,2026-09-13,2026-09-26,Petoskey-Otsego
10,STOLEN VEHICLE,2,1,-1,-50.0,Decreasing,2,1,-1,-50.0,2026-08-30,2026-09-12,2026-09-13,2026-09-26,Petoskey-Otsego
10,FRAUD,1,0,-1,-100.0,Decreasing,1,0,-1,-100.0,2026-08-30,2026-09-12,2026-09-13,2026-09-26,Petoskey-Otsego
10,HEALTH AND SAFETY,1,0,-1,-100.0,Decreasing,1,0,-1,-100.0,2026-08-30,2026-09-12,2026-09-13,2026-09-26,Petoskey-Otsego
10,SEXUAL ASSAULT,1,0,-1,-100.0,Decreasing,1,0,-1,-100.0,2026-08-30,2026-09-12,2026-09-13,2026-09-26,Petoskey-Otsego
03,DAMAGE TO PROPERTY,1,2,1,100.0,Increasing,1,2,1,100.0,2026-08-25,2026-09-07,2026-09-08,2026-09-21,Piety Hill
03,LARCENY,2,2,0,0.0,No Change,2,3,1,50.0,2026-08-25,2026-09-07,2026-09-08,2026-09-21,Piety Hill
03,AGGRAVATED ASSAULT,0,1,1,,Increasing,1,1,0,0.0,2026-08-25,2026-09-07,2026-09-08,2026-09-21,Piety Hill
03,ASSAULT,1,0,-1,-100.0,Decreasing,1,0,-1,-100.0,2026-08-25,2026-09-07,2026-09-08,2026-09-21,Piety Hill
03,BURGLARY,1,0,-1,-100.0,Decreasing,1,0,-1,-100.0,2026-08-25,2026-09-07,2026-09-08,2026-09-21,Piety Hill
03,STOLEN VEHICLE,1,0,-1,-100.0,Decreasing,1,0,-1,-100.0,2026-08-25,2026-09-07,2026-09-08,2026-09-21,Piety Hill
10,FRAUD,0,2,2,,Increasing,0,2,2,,2026-08-25,2026-09-07,2026-09-08,2026-09-21,Piety Hill
10,INVASION OF PRIVACY -OTHER,0,1,1,,Increasing,0,1,1,,2026-08-25,2026-09-07,2026-09-08,2026-09-21,Piety Hill
10,LARCENY,0,1,1,,Increasing,2,3,1,50.0,2026-08-25,2026-09-07,2026-09-08,2026-09-21,Piety Hill
10,AGGRAVATED ASSAULT,1,0,-1,-100.0,Decreasing,1,1,0,0.0,2026-08-25,2026-09-07,2026-09-08,2026-09-21,Piety Hill
10,BURGLARY,0,2,2,,Increasing,0,3,3,,2026-08-30,2026-09-12,2026-09-13,2026-09-26,Pilgrim Village
10,DAMAGE TO PROPERTY,0,2,2,,Increasing,1,3,2,200.0,2026-08-30,2026-09-12,2026-09-13,2026-09-26,Pilgrim Village
10,AGGRAVATED ASSAULT,0,1,1,,Increasing,0,1,1,,2026-08-30,2026-09-12,2026-09-13,2026-09-26,Pilgrim Village
10,DISORDERLY CONDUCT,0,1,1,,Increasing,0,1,1,,2026-08-30,2026-09-12,2026-09-13,2026-09-26,Pilgrim Village
10,OBSTRUCTING THE POLICE,0,1,1,,Increasing,0,1,1,,2026-08-30,2026-09-12,2026-09-13,2026-09-26,Pilgrim Village
10,STOLEN VEHICLE,0,1,1,,Increasing,0,1,1,,2026-08-30,2026-09-12,2026-09-13,2026-09-26,Pilgrim Village
10,ASSAULT,1,0,-1,-100.0,Decreasing,4,1,-3,-75.0,2026-08-30,2026-09-12,2026-09-13,2026-09-26,Pilgrim Village
12,FRAUD,0,3,3,,Increasing,0,3,3,,2026-08-30,2026-09-12,2026-09-13,2026-09-26,Pilgrim Village
12,ASSAULT,3,1,-2,-66.67,Decreasing,4,1,-3,-75.0,2026-08-30,2026-09-12,2026-09-13,2026-09-26,Pilgrim Village
12,BURGLARY,0,1,1,,Increasing,0,3,3,,2026-08-30,2026-09-12,2026-09-13,2026-09-26,Pilgrim Village
12,DAMAGE TO PROPERTY,1,1,0,0.0,No Change,1,3,2,200.0,2026-08-30,2026-09-12,2026-09-13,2026-09-26,Pilgrim Village
12,FAMILY OFFENSE,0,1,1,,Increasing,0,1,1,,2026-08-30,2026-09-12,2026-09-13,2026-09-26,Pilgrim Village
12,LARCENY,1,1,0,0.0,No Change,1,1,0,0.0,2026-08-30,2026-09-12,2026-09-13,2026-09-26,Pilgrim Village
07,STOLEN VEHICLE,1,2,1,100.0,Increasing,1,2,1,100.0,2026-08-27,2026-09-09,2026-09-10,2026-09-23,Pingree Park
07,DAMAGE TO PROPERTY,1,1,0,0.0,No Change,1,1,0,0.0,2026-08-27,2026-09-09,2026-09-10,2026-09-23,Pingree Park
07,AGGRAVATED ASSAULT,1,0,-1,-100.0,Decreasing,1,0,-1,-100.0,2026-08-27,2026-09-09,2026-09-10,2026-09-23,Pingree Park
07,ASSAULT,2,0,-2,-100.0,Decreasing,2,0,-2,-100.0,2026-08-27,2026-09-09,2026-09-10,2026-09-23,Pingree Park
07,BURGLARY,1,0,-1,-100.0,Decreasing,1,0,-1,-100.0,2026-08-27,2026-09-09,2026-09-10,2026-09-23,Pingree Park
07,DISORDERLY CONDUCT,1,0,-1,-100.0,Decreasing,1,0,-1,-100.0,2026-08-27,2026-09-09,2026-09-10,2026-09-23,Pingree Park
02,ASSAULT,7,4,-3,-42.86,Decreasing,7,5,-2,-28.57,2026-08-29,2026-09-11,2026-09-12,2026-09-25,Plymouth-Hubbell
02,LARCENY,4,4,0,0.0,No Change,4,4,0,0.0,2026-08-29,2026-09-11,2026-09-12,2026-09-25,Plymouth-Hubbell
02,AGGRAVATED ASSAULT,1,3,2,200.0,Increasing,1,3,2,200.0,2026-08-29,2026-09-11,2026-09-12,2026-09-25,Plymouth-Hubbell
02,DAMAGE TO PROPERTY,3,3,0,0.0,No Change,3,3,0,0.0,2026-08-29,2026-09-11,2026-09-12,2026-09-25,Plymouth-Hubbell
02,SEXUAL ASSAULT,0,3,3,,Increasing,0,3,3,,2026-08-29,2026-09-11,2026-09-12,2026-09-25,Plymouth-Hubbell
02,STOLEN VEHICLE,1,3,2,200.0,Increasing,1,3,2,200.0,2026-08-29,2026-09-11,2026-09-12,2026-09-25,Plymouth-Hubbell
02,BURGLARY,2,2,0,0.0,No Change,2,2,0,0.0,2026-08-29,2026-09-11,2026-09-12,2026-09-25,Plymouth-Hubbell
02,FRAUD,1,2,1,100.0,Increasing,1,2,1,100.0,2026-08-29,2026-09-11,2026-09-12,2026-09-25,Plymouth-Hubbell
02,INVASION OF PRIVACY -OTHER,0,1,1,,Increasing,0,1,1,,2026-08-29,2026-09-11,2026-09-12,2026-09-25,Plymouth-Hubbell
02,OBSTRUCTING JUDICIARY,1,0,-1,-100.0,Decreasing,1,0,-1,-100.0,2026-08-29,2026-09-11,2026-09-12,2026-09-25,Plymouth-Hubbell
02,STOLEN PROPERTY,1,0,-1,-100.0,Decreasing,1,0,-1,-100.0,2026-08-29,2026-09-11,2026-09-12,2026-09-25,Plymouth-Hubbell
02,WEAPONS OFFENSES,2,0,-2,-100.0,Decreasing,2,0,-2,-100.0,2026-08-29,2026-09-11,2026-09-12,2026-09-25,Plymouth-Hubbell
06,ASSAULT,0,1,1,,Increasing,7,5,-2,-28.57,2026-08-29,2026-09-11,2026-09-12,2026-09-25,Plymouth-Hubbell
06,ASSAULT,2,3,1,50.0,Increasing,2,3,1,50.0,2026-08-25,2026-09-07,2026-09-08,2026-09-21,Plymouth-I96
06,LARCENY,0,2,2,,Increasing,0,2,2,,2026-08-25,2026-09-07,2026-09-08,2026-09-21,Plymouth-I96
06,OUIL,0,2,2,,Increasing,0,2,2,,2026-08-25,2026-09-07,2026-09-08,2026-09-21,Plymouth-I96
06,AGGRAVATED ASSAULT,0,1,1,,Increasing,0,1,1,,2026-08-25,2026-09-07,2026-09-08,2026-09-21,Plymouth-I96
06,DAMAGE TO PROPERTY,0,1,1,,Increasing,0,1,1,,2026-08-25,2026-09-07,2026-09-08,2026-09-21,Plymouth-I96
06,FRAUD,0,1,1,,Increasing,0,1,1,,2026-08-25,2026-09-07,2026-09-08,2026-09-21,Plymouth-I96
06,STOLEN PROPERTY,2,1,-1,-50.0,Decreasing,2,1,-1,-50.0,2026-08-25,2026-09-07,2026-09-08,2026-09-21,Plymouth-I96
06,STOLEN VEHICLE,1,0,-1,-100.0,Decreasing,1,0,-1,-100.0,2026-08-25,2026-09-07,2026-09-08,2026-09-21,Plymouth-I96
06,WEAPONS OFFENSES,2,0,-2,-100.0,Decreasing,2,0,-2,-100.0,2026-08-25,2026-09-07,2026-09-08,2026-09-21,Plymouth-I96
07,AGGRAVATED ASSAULT,1,2,1,100.0,Increasing,1,2,1,100.0,2026-08-30,2026-09-12,2026-09-13,2026-09-26,Poletown East
07,ASSAULT,0,2,2,,Increasing,0,2,2,,2026-08-30,2026-09-12,2026-09-13,2026-09-26,Poletown East
07,FRAUD,0,1,1,,Increasing,0,1,1,,2026-08-30,2026-09-12,2026-09-13,2026-09-26,Poletown East
07,INVASION OF PRIVACY -OTHER,0,1,1,,Increasing,0,1,1,,2026-08-30,2026-09-12,2026-09-13,2026-09-26,Poletown East
07,LARCENY,1,1,0,0.0,No Change,1,1,0,0.0,2026-08-30,2026-09-12,2026-09-13,2026-09-26,Poletown East
07,STOLEN VEHICLE,0,1,1,,Increasing,0,1,1,,2026-08-30,2026-09-12,2026-09-13,2026-09-26,Poletown East
07,DAMAGE TO PROPERTY,1,0,-1,-100.0,Decreasing,1,0,-1,-100.0,2026-08-30,2026-09-12,2026-09-13,2026-09-26,Poletown East
07,DANGEROUS DRUGS,1,0,-1,-100.0,Decreasing,1,0,-1,-100.0,2026-08-30,2026-09-12,2026-09-13,2026-09-26,Poletown East
07,WEAPONS OFFENSES,1,0,-1,-100.0,Decreasing,1,0,-1,-100.0,2026-08-30,2026-09-12,2026-09-13,2026-09-26,Poletown East
02,ASSAULT,3,4,1,33.33,Increasing,3,4,1,33.33,2026-08-29,2026-09-11,2026-09-12,2026-09-25,Pride Area Community
02,AGGRAVATED ASSAULT,2,2,0,0.0,No Change,2,2,0,0.0,2026-08-29,2026-09-11,2026-09-12,2026-09-25,Pride Area Community
02,DAMAGE TO PROPERTY,1,2,1,100.0,Increasing,1,2,1,100.0,2026-08-29,2026-09-11,2026-09-12,2026-09-25,Pride Area Community
02,STOLEN VEHICLE,0,2,2,,Increasing,0,2,2,,2026-08-29,2026-09-11,2026-09-12,2026-09-25,Pride Area Community
02,BURGLARY,1,1,0,0.0,No Change,1,1,0,0.0,2026-08-29,2026-09-11,2026-09-12,2026-09-25,Pride Area Community
02,LARCENY,0,1,1,,Increasing,0,1,1,,2026-08-29,2026-09-11,2026-09-12,2026-09-25,Pride Area Community
02,SEX OFFENSES,0,1,1,,Increasing,0,1,1,,2026-08-29,2026-09-11,2026-09-12,2026-09-25,Pride Area Community
02,WEAPONS OFFENSES,2,1,-1,-50.0,Decreasing,2,1,-1,-50.0,2026-08-29,2026-09-11,2026-09-12,2026-09-25,Pride Area Community
02,FRAUD,3,0,-3,-100.0,Decreasing,3,0,-3,-100.0,2026-08-29,2026-09-11,2026-09-12,2026-09-25,Pride Area Community
02,OBSTRUCTING THE POLICE,1,0,-1,-100.0,Decreasing,1,0,-1,-100.0,2026-08-29,2026-09-11,2026-09-12,2026-09-25,Pride Area Community
09,LARCENY,2,6,4,200.0,Increasing,2,6,4,200.0,2026-08-30,2026-09-12,2026-09-13,2026-09-26,Pulaski
09,ASSAULT,6,3,-3,-50.0,Decreasing,6,3,-3,-50.0,2026-08-30,2026-09-12,2026-09-13,2026-09-26,Pulaski
09,AGGRAVATED ASSAULT,1,2,1,100.0,Increasing,1,2,1,100.0,2026-08-30,2026-09-12,2026-09-13,2026-09-26,Pulaski
09,BURGLARY,3,2,-1,-33.33,Decreasing,3,2,-1,-33.33,2026-08-30,2026-09-12,2026-09-13,2026-09-26,Pulaski
09,DAMAGE TO PROPERTY,3,2,-1,-33.33,Decreasing,3,2,-1,-33.33,2026-08-30,2026-09-12,2026-09-13,2026-09-26,Pulaski
09,STOLEN VEHICLE,3,2,-1,-33.33,Decreasing,3,2,-1,-33.33,2026-08-30,2026-09-12,2026-09-13,2026-09-26,Pulaski
09,WEAPONS OFFENSES,2,2,0,0.0,No Change,2,2,0,0.0,2026-08-30,2026-09-12,2026-09-13,2026-09-26,Pulaski
09,DANGEROUS DRUGS,0,1,1,,Increasing,0,1,1,,2026-08-30,2026-09-12,2026-09-13,2026-09-26,Pulaski
09,ROBBERY,0,1,1,,Increasing,0,1,1,,2026-08-30,2026-09-12,2026-09-13,2026-09-26,Pulaski
09,FRAUD,3,0,-3,-100.0,Decreasing,3,0,-3,-100.0,2026-08-30,2026-09-12,2026-09-13,2026-09-26,Pulaski
09,OBSTRUCTING THE POLICE,1,0,-1,-100.0,Decreasing,1,0,-1,-100.0,2026-08-30,2026-09-12,2026-09-13,2026-09-26,Pulaski
09,STOLEN PROPERTY,1,0,-1,-100.0,Decreasing,1,0,-1,-100.0,2026-08-30,2026-09-12,2026-09-13,2026-09-26,Pulaski
05,DANGEROUS DRUGS,0,1,1,,Increasing,0,1,1,,2026-08-29,2026-09-11,2026-09-12,2026-09-25,Ravendale
09,ASSAULT,0,2,2,,Increasing,0,2,2,,2026-08-29,2026-09-11,2026-09-12,2026-09-25,Ravendale
09,BURGLARY,0,2,2,,Increasing,0,2,2,,2026-08-29,2026-09-11,2026-09-12,2026-09-25,Ravendale
09,FRAUD,0,2,2,,Increasing,0,2,2,,2026-08-29,2026-09-11,2026-09-12,2026-09-25,Ravendale
09,AGGRAVATED ASSAULT,0,1,1,,Increasing,0,1,1,,2026-08-29,2026-09-11,2026-09-12,2026-09-25,Ravendale
09,LARCENY,0,1,1,,Increasing,0,1,1,,2026-08-29,2026-09-11,2026-09-12,2026-09-25,Ravendale
09,SEX OFFENSES,0,1,1,,Increasing,0,1,1,,2026-08-29,2026-09-11,2026-09-12,2026-09-25,Ravendale
09,DAMAGE TO PROPERTY,1,0,-1,-100.0,Decreasing,1,0,-1,-100.0,2026-08-29,2026-09-11,2026-09-12,2026-09-25,Ravendale
09,LARCENY,4,8,4,100.0,Increasing,4,8,4,100.0,2026-08-30,2026-09-12,2026-09-13,2026-09-26,Regent Park
09,ASSAULT,17,6,-11,-64.71,Decreasing,17,6,-11,-64.71,2026-08-30,2026-09-12,2026-09-13,2026-09-26,Regent Park
09,DAMAGE TO PROPERTY,9,6,-3,-33.33,Decreasing,9,6,-3,-33.33,2026-08-30,2026-09-12,2026-09-13,2026-09-26,Regent Park
09,AGGRAVATED ASSAULT,4,4,0,0.0,No Change,4,4,0,0.0,2026-08-30,2026-09-12,2026-09-13,2026-09-26,Regent Park
09,BURGLARY,2,4,2,100.0,Increasing,2,4,2,100.0,2026-08-30,2026-09-12,2026-09-13,2026-09-26,Regent Park
09,FRAUD,5,4,-1,-20.0,Decreasing,5,4,-1,-20.0,2026-08-30,2026-09-12,2026-09-13,2026-09-26,Regent Park
09,OBSTRUCTING THE POLICE,1,2,1,100.0,Increasing,1,2,1,100.0,2026-08-30,2026-09-12,2026-09-13,2026-09-26,Regent Park
09,ROBBERY,3,2,-1,-33.33,Decreasing,3,2,-1,-33.33,2026-08-30,2026-09-12,2026-09-13,2026-09-26,Regent Park
09,STOLEN VEHICLE,5,2,-3,-60.0,Decreasing,5,2,-3,-60.0,2026-08-30,2026-09-12,2026-09-13,2026-09-26,Regent Park
09,INVASION OF PRIVACY -OTHER,0,1,1,,Increasing,0,1,1,,2026-08-30,2026-09-12,2026-09-13,2026-09-26,Regent Park
09,OBSTRUCTING JUDICIARY,0,1,1,,Increasing,0,1,1,,2026-08-30,2026-09-12,2026-09-13,2026-09-26,Regent Park
09,RUNAWAY,0,1,1,,Increasing,0,1,1,,2026-08-30,2026-09-12,2026-09-13,2026-09-26,Regent Park
09,KIDNAPPING,1,0,-1,-100.0,Decreasing,1,0,-1,-100.0,2026-08-30,2026-09-12,2026-09-13,2026-09-26,Regent Park
09,SEX OFFENSES,1,0,-1,-100.0,Decreasing,1,0,-1,-100.0,2026-08-30,2026-09-12,2026-09-13,2026-09-26,Regent Park
09,WEAPONS OFFENSES,6,0,-6,-100.0,Decreasing,6,0,-6,-100.0,2026-08-30,2026-09-12,2026-09-13,2026-09-26,Regent Park
05,BURGLARY,1,3,2,200.0,Increasing,1,3,2,200.0,2026-08-26,2026-09-08,2026-09-09,2026-09-22,Riverbend
05,FRAUD,5,3,-2,-40.0,Decreasing,5,3,-2,-40.0,2026-08-26,2026-09-08,2026-09-09,2026-09-22,Riverbend
05,LARCENY,2,3,1,50.0,Increasing,2,3,1,50.0,2026-08-26,2026-09-08,2026-09-09,2026-09-22,Riverbend
05,DAMAGE TO PROPERTY,1,2,1,100.0,Increasing,1,2,1,100.0,2026-08-26,2026-09-08,2026-09-09,2026-09-22,Riverbend
05,AGGRAVATED ASSAULT,3,1,-2,-66.67,Decreasing,3,1,-2,-66.67,2026-08-26,2026-09-08,2026-09-09,2026-09-22,Riverbend
05,ASSAULT,5,1,-4,-80.0,Decreasing,5,1,-4,-80.0,2026-08-26,2026-09-08,2026-09-09,2026-09-22,Riverbend
05,FORGERY,0,1,1,,Increasing,0,1,1,,2026-08-26,2026-09-08,2026-09-09,2026-09-22,Riverbend
05,OBSTRUCTING THE POLICE,0,1,1,,Increasing,0,1,1,,2026-08-26,2026-09-08,2026-09-09,2026-09-22,Riverbend
05,STOLEN VEHICLE,2,1,-1,-50.0,Decreasing,2,1,-1,-50.0,2026-08-26,2026-09-08,2026-09-09,2026-09-22,Riverbend
05,ARSON,1,0,-1,-100.0,Decreasing,1,0,-1,-100.0,2026-08-26,2026-09-08,2026-09-09,2026-09-22,Riverbend
05,LIQUOR,1,0,-1,-100.0,Decreasing,1,0,-1,-100.0,2026-08-26,2026-09-08,2026-09-09,2026-09-22,Riverbend
05,ROBBERY,1,0,-1,-100.0,Decreasing,1,0,-1,-100.0,2026-08-26,2026-09-08,2026-09-09,2026-09-22,Riverbend
08,AGGRAVATED ASSAULT,0,4,4,,Increasing,0,4,4,,2026-08-27,2026-09-09,2026-09-10,2026-09-23,Riverdale
08,ASSAULT,4,3,-1,-25.0,Decreasing,4,3,-1,-25.0,2026-08-27,2026-09-09,2026-09-10,2026-09-23,Riverdale
08,DANGEROUS DRUGS,0,2,2,,Increasing,0,2,2,,2026-08-27,2026-09-09,2026-09-10,2026-09-23,Riverdale
08,BURGLARY,1,1,0,0.0,No Change,1,1,0,0.0,2026-08-27,2026-09-09,2026-09-10,2026-09-23,Riverdale
08,DAMAGE TO PROPERTY,1,1,0,0.0,No Change,1,1,0,0.0,2026-08-27,2026-09-09,2026-09-10,2026-09-23,Riverdale
08,HOMICIDE,0,1,1,,Increasing,0,1,1,,2026-08-27,2026-09-09,2026-09-10,2026-09-23,Riverdale
08,LARCENY,1,1,0,0.0,No Change,1,1,0,0.0,2026-08-27,2026-09-09,2026-09-10,2026-09-23,Riverdale
08,SEX OFFENSES,0,1,1,,Increasing,0,1,1,,2026-08-27,2026-09-09,2026-09-10,2026-09-23,Riverdale
08,SOLICITATION,0,1,1,,Increasing,0,1,1,,2026-08-27,2026-09-09,2026-09-10,2026-09-23,Riverdale
08,STOLEN PROPERTY,0,1,1,,Increasing,0,1,1,,2026-08-27,2026-09-09,2026-09-10,2026-09-23,Riverdale
08,FRAUD,2,0,-2,-100.0,Decreasing,2,0,-2,-100.0,2026-08-27,2026-09-09,2026-09-10,2026-09-23,Riverdale
08,STOLEN VEHICLE,3,0,-3,-100.0,Decreasing,3,0,-3,-100.0,2026-08-27,2026-09-09,2026-09-10,2026-09-23,Riverdale
08,WEAPONS OFFENSES,1,0,-1,-100.0,Decreasing,1,0,-1,-100.0,2026-08-27,2026-09-09,2026-09-10,2026-09-23,Riverdale
07,LARCENY,7,7,0,0.0,No Change,7,7,0,0.0,2026-08-29,2026-09-11,2026-09-12,2026-09-25,Rivertown
07,ASSAULT,3,6,3,100.0,Increasing,3,6,3,100.0,2026-08-29,2026-09-11,2026-09-12,2026-09-25,Rivertown
07,FRAUD,1,4,3,300.0,Increasing,1,4,3,300.0,2026-08-29,2026-09-11,2026-09-12,2026-09-25,Rivertown
07,BURGLARY,2,2,0,0.0,No Change,2,2,0,0.0,2026-08-29,2026-09-11,2026-09-12,2026-09-25,Rivertown
07,DAMAGE TO PROPERTY,5,2,-3,-60.0,Decreasing,5,2,-3,-60.0,2026-08-29,2026-09-11,2026-09-12,2026-09-25,Rivertown
07,AGGRAVATED ASSAULT,1,1,0,0.0,No Change,1,1,0,0.0,2026-08-29,2026-09-11,2026-09-12,2026-09-25,Rivertown
07,OBSTRUCTING THE POLICE,0,1,1,,Increasing,0,1,1,,2026-08-29,2026-09-11,2026-09-12,2026-09-25,Rivertown
07,ROBBERY,0,1,1,,Increasing,0,1,1,,2026-08-29,2026-09-11,2026-09-12,2026-09-25,Rivertown
07,STOLEN VEHICLE,0,1,1,,Increasing,0,1,1,,2026-08-29,2026-09-11,2026-09-12,2026-09-25,Rivertown
07,WEAPONS OFFENSES,0,1,1,,Increasing,0,1,1,,2026-08-29,2026-09-11,2026-09-12,2026-09-25,Rivertown
07,INVASION OF PRIVACY -OTHER,1,0,-1,-100.0,Decreasing,1,0,-1,-100.0,2026-08-29,2026-09-11,2026-09-12,2026-09-25,Rivertown
07,OBSTRUCTING JUDICIARY,1,0,-1,-100.0,Decreasing,1,0,-1,-100.0,2026-08-29,2026-09-11,2026-09-12,2026-09-25,Rivertown
08,ASSAULT,5,2,-3,-60.0,Decreasing,5,2,-3,-60.0,2026-08-28,2026-09-10,2026-09-11,2026-09-24,Rosedale Park
08,DAMAGE TO PROPERTY,7,2,-5,-71.43,Decreasing,7,2,-5,-71.43,2026-08-28,2026-09-10,2026-09-11,2026-09-24,Rosedale Park
08,FRAUD,2,2,0,0.0,No Change,2,2,0,0.0,2026-08-28,2026-09-10,2026-09-11,2026-09-24,Rosedale Park
08,STOLEN VEHICLE,0,2,2,,Increasing,0,2,2,,2026-08-28,2026-09-10,2026-09-11,2026-09-24,Rosedale Park
08,LARCENY,3,1,-2,-66.67,Decreasing,3,1,-2,-66.67,2026-08-28,2026-09-10,2026-09-11,2026-09-24,Rosedale Park
08,WEAPONS OFFENSES,0,1,1,,Increasing,0,1,1,,2026-08-28,2026-09-10,2026-09-11,2026-09-24,Rosedale Park
08,AGGRAVATED ASSAULT,1,0,-1,-100.0,Decreasing,1,0,-1,-100.0,2026-08-28,2026-09-10,2026-09-11,2026-09-24,Rosedale Park
08,BURGLARY,2,0,-2,-100.0,Decreasing,2,0,-2,-100.0,2026-08-28,2026-09-10,2026-09-11,2026-09-24,Rosedale Park
08,INVASION OF PRIVACY -OTHER,1,0,-1,-100.0,Decreasing,1,0,-1,-100.0,2026-08-28,2026-09-10,2026-09-11,2026-09-24,Rosedale Park
06,AGGRAVATED ASSAULT,0,1,1,,Increasing,0,1,1,,2026-08-30,2026-09-12,2026-09-13,2026-09-26,Rouge Park
06,DAMAGE TO PROPERTY,0,1,1,,Increasing,0,1,1,,2026-08-30,2026-09-12,2026-09-13,2026-09-26,Rouge Park
06,WEAPONS OFFENSES,0,1,1,,Increasing,0,1,1,,2026-08-30,2026-09-12,2026-09-13,2026-09-26,Rouge Park
06,LARCENY,1,0,-1,-100.0,Decreasing,1,0,-1,-100.0,2026-08-30,2026-09-12,2026-09-13,2026-09-26,Rouge Park
03,LARCENY,0,1,1,,Increasing,0,1,1,,2026-08-30,2026-09-12,2026-09-13,2026-09-26,Russell Industrial
03,DAMAGE TO PROPERTY,1,0,-1,-100.0,Decreasing,1,0,-1,-100.0,2026-08-30,2026-09-12,2026-09-13,2026-09-26,Russell Industrial
03,FRAUD,1,0,-1,-100.0,Decreasing,1,0,-1,-100.0,2026-08-30,2026-09-12,2026-09-13,2026-09-26,Russell Industrial
10,ASSAULT,1,3,2,200.0,Increasing,1,3,2,200.0,2026-08-31,2026-09-13,2026-09-14,2026-09-27,Russell Woods
10,LARCENY,2,3,1,50.0,Increasing,2,3,1,50.0,2026-08-31,2026-09-13,2026-09-14,2026-09-27,Russell Woods
10,FRAUD,1,2,1,100.0,Increasing,1,2,1,100.0,2026-08-31,2026-09-13,2026-09-14,2026-09-27,Russell Woods
10,WEAPONS OFFENSES,1,2,1,100.0,Increasing,1,2,1,100.0,2026-08-31,2026-09-13,2026-09-14,2026-09-27,Russell Woods
10,AGGRAVATED ASSAULT,2,1,-1,-50.0,Decreasing,2,1,-1,-50.0,2026-08-31,2026-09-13,2026-09-14,2026-09-27,Russell Woods
10,DAMAGE TO PROPERTY,4,1,-3,-75.0,Decreasing,4,1,-3,-75.0,2026-08-31,2026-09-13,2026-09-14,2026-09-27,Russell Woods
10,EXTORTION,0,1,1,,Increasing,0,1,1,,2026-08-31,2026-09-13,2026-09-14,2026-09-27,Russell Woods
10,FAMILY OFFENSE,0,1,1,,Increasing,0,1,1,,2026-08-31,2026-09-13,2026-09-14,2026-09-27,Russell Woods
10,KIDNAPPING,0,1,1,,Increasing,0,1,1,,2026-08-31,2026-09-13,2026-09-14,2026-09-27,Russell Woods
10,OBSTRUCTING THE POLICE,2,1,-1,-50.0,Decreasing,2,1,-1,-50.0,2026-08-31,2026-09-13,2026-09-14,2026-09-27,Russell Woods
10,ROBBERY,0,1,1,,Increasing,0,1,1,,2026-08-31,2026-09-13,2026-09-14,2026-09-27,Russell Woods
10,STOLEN PROPERTY,1,0,-1,-100.0,Decreasing,1,0,-1,-100.0,2026-08-31,2026-09-13,2026-09-14,2026-09-27,Russell Woods
10,STOLEN VEHICLE,1,0,-1,-100.0,Decreasing,1,0,-1,-100.0,2026-08-31,2026-09-13,2026-09-14,2026-09-27,Russell Woods
12,DAMAGE TO PROPERTY,0,2,2,,Increasing,0,2,2,,2026-08-27,2026-09-09,2026-09-10,2026-09-23,San Bernardo
12,AGGRAVATED ASSAULT,1,1,0,0.0,No Change,1,1,0,0.0,2026-08-27,2026-09-09,2026-09-10,2026-09-23,San Bernardo
12,LARCENY,1,1,0,0.0,No Change,1,1,0,0.0,2026-08-27,2026-09-09,2026-09-10,2026-09-23,San Bernardo
12,BURGLARY,1,0,-1,-100.0,Decreasing,1,0,-1,-100.0,2026-08-27,2026-09-09,2026-09-10,2026-09-23,San Bernardo
12,FRAUD,1,0,-1,-100.0,Decreasing,1,0,-1,-100.0,2026-08-27,2026-09-09,2026-09-10,2026-09-23,San Bernardo
12,ROBBERY,1,0,-1,-100.0,Decreasing,1,0,-1,-100.0,2026-08-27,2026-09-09,2026-09-10,2026-09-23,San Bernardo
12,SEXUAL ASSAULT,1,0,-1,-100.0,Decreasing,1,0,-1,-100.0,2026-08-27,2026-09-09,2026-09-10,2026-09-23,San Bernardo
12,ASSAULT,8,11,3,37.5,Increasing,8,11,3,37.5,2026-08-29,2026-09-11,2026-09-12,2026-09-25,Schaefer 7/8 Lodge
12,AGGRAVATED ASSAULT,2,4,2,100.0,Increasing,2,4,2,100.0,2026-08-29,2026-09-11,2026-09-12,2026-09-25,Schaefer 7/8 Lodge
12,BURGLARY,5,2,-3,-60.0,Decreasing,5,2,-3,-60.0,2026-08-29,2026-09-11,2026-09-12,2026-09-25,Schaefer 7/8 Lodge
12,DAMAGE TO PROPERTY,3,2,-1,-33.33,Decreasing,3,2,-1,-33.33,2026-08-29,2026-09-11,2026-09-12,2026-09-25,Schaefer 7/8 Lodge
12,LARCENY,1,2,1,100.0,Increasing,1,2,1,100.0,2026-08-29,2026-09-11,2026-09-12,2026-09-25,Schaefer 7/8 Lodge
12,STOLEN PROPERTY,0,2,2,,Increasing,0,2,2,,2026-08-29,2026-09-11,2026-09-12,2026-09-25,Schaefer 7/8 Lodge
12,STOLEN VEHICLE,2,2,0,0.0,No Change,2,2,0,0.0,2026-08-29,2026-09-11,2026-09-12,2026-09-25,Schaefer 7/8 Lodge
12,DANGEROUS DRUGS,0,1,1,,Increasing,0,1,1,,2026-08-29,2026-09-11,2026-09-12,2026-09-25,Schaefer 7/8 Lodge
02,ASSAULT,3,2,-1,-33.33,Decreasing,6,6,0,0.0,2026-08-30,2026-09-12,2026-09-13,2026-09-26,Schoolcraft Southfield
02,AGGRAVATED ASSAULT,4,1,-3,-75.0,Decreasing,5,2,-3,-60.0,2026-08-30,2026-09-12,2026-09-13,2026-09-26,Schoolcraft Southfield
02,STOLEN VEHICLE,3,1,-2,-66.67,Decreasing,6,1,-5,-83.33,2026-08-30,2026-09-12,2026-09-13,2026-09-26,Schoolcraft Southfield
02,WEAPONS OFFENSES,3,1,-2,-66.67,Decreasing,3,2,-1,-33.33,2026-08-30,2026-09-12,2026-09-13,2026-09-26,Schoolcraft Southfield
02,BURGLARY,1,0,-1,-100.0,Decreasing,2,1,-1,-50.0,2026-08-30,2026-09-12,2026-09-13,2026-09-26,Schoolcraft Southfield
02,DAMAGE TO PROPERTY,1,0,-1,-100.0,Decreasing,3,2,-1,-33.33,2026-08-30,2026-09-12,2026-09-13,2026-09-26,Schoolcraft Southfield
02,LARCENY,3,0,-3,-100.0,Decreasing,7,0,-7,-100.0,2026-08-30,2026-09-12,2026-09-13,2026-09-26,Schoolcraft Southfield
02,STOLEN PROPERTY,1,0,-1,-100.0,Decreasing,1,0,-1,-100.0,2026-08-30,2026-09-12,2026-09-13,2026-09-26,Schoolcraft Southfield
06,ASSAULT,2,4,2,100.0,Increasing,6,6,0,0.0,2026-08-30,2026-09-12,2026-09-13,2026-09-26,Schoolcraft Southfield
06,FRAUD,1,3,2,200.0,Increasing,1,3,2,200.0,2026-08-30,2026-09-12,2026-09-13,2026-09-26,Schoolcraft Southfield
06,DAMAGE TO PROPERTY,2,2,0,0.0,No Change,3,2,-1,-33.33,2026-08-30,2026-09-12,2026-09-13,2026-09-26,Schoolcraft Southfield
06,RUNAWAY,2,2,0,0.0,No Change,2,2,0,0.0,2026-08-30,2026-09-12,2026-09-13,2026-09-26,Schoolcraft Southfield
06,AGGRAVATED ASSAULT,1,1,0,0.0,No Change,5,2,-3,-60.0,2026-08-30,2026-09-12,2026-09-13,2026-09-26,Schoolcraft Southfield
06,BURGLARY,1,1,0,0.0,No Change,2,1,-1,-50.0,2026-08-30,2026-09-12,2026-09-13,2026-09-26,Schoolcraft Southfield
06,WEAPONS OFFENSES,0,1,1,,Increasing,3,2,-1,-33.33,2026-08-30,2026-09-12,2026-09-13,2026-09-26,Schoolcraft Southfield
06,LARCENY,3,0,-3,-100.0,Decreasing,7,0,-7,-100.0,2026-08-30,2026-09-12,2026-09-13,2026-09-26,Schoolcraft Southfield
06,OBSTRUCTING JUDICIARY,1,0,-1,-100.0,Decreasing,1,0,-1,-100.0,2026-08-30,2026-09-12,2026-09-13,2026-09-26,Schoolcraft Southfield
06,OUIL,2,0,-2,-100.0,Decreasing,2,0,-2,-100.0,2026-08-30,2026-09-12,2026-09-13,2026-09-26,Schoolcraft Southfield
06,STOLEN VEHICLE,3,0,-3,-100.0,Decreasing,6,1,-5,-83.33,2026-08-30,2026-09-12,2026-09-13,2026-09-26,Schoolcraft Southfield
08,ASSAULT,1,0,-1,-100.0,Decreasing,6,6,0,0.0,2026-08-30,2026-09-12,2026-09-13,2026-09-26,Schoolcraft Southfield
08,LARCENY,1,0,-1,-100.0,Decreasing,7,0,-7,-100.0,2026-08-30,2026-09-12,2026-09-13,2026-09-26,Schoolcraft Southfield
12,ASSAULT,6,10,4,66.67,Increasing,6,10,4,66.67,2026-08-30,2026-09-12,2026-09-13,2026-09-26,Schulze
12,FRAUD,10,8,-2,-20.0,Decreasing,10,8,-2,-20.0,2026-08-30,2026-09-12,2026-09-13,2026-09-26,Schulze
12,STOLEN VEHICLE,1,7,6,600.0,Increasing,1,7,6,600.0,2026-08-30,2026-09-12,2026-09-13,2026-09-26,Schulze
12,LARCENY,2,5,3,150.0,Increasing,2,5,3,150.0,2026-08-30,2026-09-12,2026-09-13,2026-09-26,Schulze
12,BURGLARY,1,4,3,300.0,Increasing,1,4,3,300.0,2026-08-30,2026-09-12,2026-09-13,2026-09-26,Schulze
12,DAMAGE TO PROPERTY,2,4,2,100.0,Increasing,2,4,2,100.0,2026-08-30,2026-09-12,2026-09-13,2026-09-26,Schulze
12,ROBBERY,2,2,0,0.0,No Change,2,2,0,0.0,2026-08-30,2026-09-12,2026-09-13,2026-09-26,Schulze
12,WEAPONS OFFENSES,0,2,2,,Increasing,0,2,2,,2026-08-30,2026-09-12,2026-09-13,2026-09-26,Schulze
12,AGGRAVATED ASSAULT,0,1,1,,Increasing,0,1,1,,2026-08-30,2026-09-12,2026-09-13,2026-09-26,Schulze
12,ARSON,0,1,1,,Increasing,0,1,1,,2026-08-30,2026-09-12,2026-09-13,2026-09-26,Schulze
12,DANGEROUS DRUGS,0,1,1,,Increasing,0,1,1,,2026-08-30,2026-09-12,2026-09-13,2026-09-26,Schulze
12,DISORDERLY CONDUCT,1,1,0,0.0,No Change,1,1,0,0.0,2026-08-30,2026-09-12,2026-09-13,2026-09-26,Schulze
12,OBSTRUCTING JUDICIARY,0,1,1,,Increasing,0,1,1,,2026-08-30,2026-09-12,2026-09-13,2026-09-26,Schulze
12,SEXUAL ASSAULT,0,1,1,,Increasing,0,1,1,,2026-08-30,2026-09-12,2026-09-13,2026-09-26,Schulze
12,HEALTH AND SAFETY,1,0,-1,-100.0,Decreasing,1,0,-1,-100.0,2026-08-30,2026-09-12,2026-09-13,2026-09-26,Schulze
12,OUIL,2,0,-2,-100.0,Decreasing,2,0,-2,-100.0,2026-08-30,2026-09-12,2026-09-13,2026-09-26,Schulze
12,ASSAULT,2,1,-1,-50.0,Decreasing,2,1,-1,-50.0,2026-08-30,2026-09-12,2026-09-13,2026-09-26,Seven Mile Lodge
12,BURGLARY,0,1,1,,Increasing,0,1,1,,2026-08-30,2026-09-12,2026-09-13,2026-09-26,Seven Mile Lodge
12,DAMAGE TO PROPERTY,1,1,0,0.0,No Change,1,1,0,0.0,2026-08-30,2026-09-12,2026-09-13,2026-09-26,Seven Mile Lodge
12,FRAUD,1,1,0,0.0,No Change,1,1,0,0.0,2026-08-30,2026-09-12,2026-09-13,2026-09-26,Seven Mile Lodge
12,LARCENY,2,1,-1,-50.0,Decreasing,2,1,-1,-50.0,2026-08-30,2026-09-12,2026-09-13,2026-09-26,Seven Mile Lodge
12,STOLEN VEHICLE,1,1,0,0.0,No Change,1,1,0,0.0,2026-08-30,2026-09-12,2026-09-13,2026-09-26,Seven Mile Lodge
08,ASSAULT,2,2,0,0.0,No Change,2,2,0,0.0,2026-08-30,2026-09-12,2026-09-13,2026-09-26,Seven Mile-Rouge
08,BURGLARY,0,2,2,,Increasing,0,2,2,,2026-08-30,2026-09-12,2026-09-13,2026-09-26,Seven Mile-Rouge
08,AGGRAVATED ASSAULT,1,1,0,0.0,No Change,1,1,0,0.0,2026-08-30,2026-09-12,2026-09-13,2026-09-26,Seven Mile-Rouge
08,DAMAGE TO PROPERTY,2,1,-1,-50.0,Decreasing,2,1,-1,-50.0,2026-08-30,2026-09-12,2026-09-13,2026-09-26,Seven Mile-Rouge
08,SEXUAL ASSAULT,0,1,1,,Increasing,0,1,1,,2026-08-30,2026-09-12,2026-09-13,2026-09-26,Seven Mile-Rouge
08,LARCENY,4,0,-4,-100.0,Decreasing,4,0,-4,-100.0,2026-08-30,2026-09-12,2026-09-13,2026-09-26,Seven Mile-Rouge
08,OBSTRUCTING THE POLICE,1,0,-1,-100.0,Decreasing,1,0,-1,-100.0,2026-08-30,2026-09-12,2026-09-13,2026-09-26,Seven Mile-Rouge
08,STOLEN VEHICLE,1,0,-1,-100.0,Decreasing,1,0,-1,-100.0,2026-08-30,2026-09-12,2026-09-13,2026-09-26,Seven Mile-Rouge
08,WEAPONS OFFENSES,1,0,-1,-100.0,Decreasing,1,0,-1,-100.0,2026-08-30,2026-09-12,2026-09-13,2026-09-26,Seven Mile-Rouge
11,ASSAULT,0,4,4,,Increasing,0,4,4,,2026-08-30,2026-09-12,2026-09-13,2026-09-26,Sherwood
11,BURGLARY,1,2,1,100.0,Increasing,1,2,1,100.0,2026-08-30,2026-09-12,2026-09-13,2026-09-26,Sherwood
11,AGGRAVATED ASSAULT,1,1,0,0.0,No Change,1,1,0,0.0,2026-08-30,2026-09-12,2026-09-13,2026-09-26,Sherwood
11,DAMAGE TO PROPERTY,1,1,0,0.0,No Change,1,1,0,0.0,2026-08-30,2026-09-12,2026-09-13,2026-09-26,Sherwood
11,FRAUD,0,1,1,,Increasing,0,1,1,,2026-08-30,2026-09-12,2026-09-13,2026-09-26,Sherwood
11,LARCENY,1,0,-1,-100.0,Decreasing,1,0,-1,-100.0,2026-08-30,2026-09-12,2026-09-13,2026-09-26,Sherwood
11,STOLEN VEHICLE,1,0,-1,-100.0,Decreasing,1,0,-1,-100.0,2026-08-30,2026-09-12,2026-09-13,2026-09-26,Sherwood
12,ASSAULT,0,1,1,,Increasing,0,1,1,,2026-08-24,2026-09-06,2026-09-07,2026-09-20,Sherwood Forest
12,LARCENY,1,1,0,0.0,No Change,1,1,0,0.0,2026-08-24,2026-09-06,2026-09-07,2026-09-20,Sherwood Forest
12,FRAUD,1,0,-1,-100.0,Decreasing,1,0,-1,-100.0,2026-08-24,2026-09-06,2026-09-07,2026-09-20,Sherwood Forest
12,STOLEN VEHICLE,1,0,-1,-100.0,Decreasing,1,0,-1,-100.0,2026-08-24,2026-09-06,2026-09-07,2026-09-20,Sherwood Forest
00,DAMAGE TO PROPERTY,0,1,1,,Increasing,0,2,2,,2026-08-22,2026-09-04,2026-09-05,2026-09-18,South of Six
08,ASSAULT,1,1,0,0.0,No Change,1,1,0,0.0,2026-08-22,2026-09-04,2026-09-05,2026-09-18,South of Six
08,BURGLARY,0,1,1,,Increasing,0,1,1,,2026-08-22,2026-09-04,2026-09-05,2026-09-18,South of Six
08,DAMAGE TO PROPERTY,0,1,1,,Increasing,0,2,2,,2026-08-22,2026-09-04,2026-09-05,2026-09-18,South of Six
08,HOMICIDE,0,1,1,,Increasing,0,1,1,,2026-08-22,2026-09-04,2026-09-05,2026-09-18,South of Six
08,JUSTIFIABLE HOMICIDE,0,1,1,,Increasing,0,1,1,,2026-08-22,2026-09-04,2026-09-05,2026-09-18,South of Six
08,MISCELLANEOUS,0,1,1,,Increasing,0,1,1,,2026-08-22,2026-09-04,2026-09-05,2026-09-18,South of Six
08,STOLEN VEHICLE,0,1,1,,Increasing,0,1,1,,2026-08-22,2026-09-04,2026-09-05,2026-09-18,South of Six
08,FAMILY OFFENSE,1,0,-1,-100.0,Decreasing,1,0,-1,-100.0,2026-08-22,2026-09-04,2026-09-05,2026-09-18,South of Six
08,ROBBERY,1,0,-1,-100.0,Decreasing,1,0,-1,-100.0,2026-08-22,2026-09-04,2026-09-05,2026-09-18,South of Six
08,RUNAWAY,1,0,-1,-100.0,Decreasing,1,0,-1,-100.0,2026-08-22,2026-09-04,2026-09-05,2026-09-18,South of Six
06,AGGRAVATED ASSAULT,2,1,-1,-50.0,Decreasing,2,1,-1,-50.0,2026-08-20,2026-09-02,2026-09-03,2026-09-16,Southfield Plymouth
06,ASSAULT,1,1,0,0.0,No Change,1,1,0,0.0,2026-08-20,2026-09-02,2026-09-03,2026-09-16,Southfield Plymouth
06,BURGLARY,0,1,1,,Increasing,0,1,1,,2026-08-20,2026-09-02,2026-09-03,2026-09-16,Southfield Plymouth
06,DAMAGE TO PROPERTY,0,1,1,,Increasing,0,1,1,,2026-08-20,2026-09-02,2026-09-03,2026-09-16,Southfield Plymouth
06,FAMILY OFFENSE,0,1,1,,Increasing,0,1,1,,2026-08-20,2026-09-02,2026-09-03,2026-09-16,Southfield Plymouth
06,RUNAWAY,0,1,1,,Increasing,0,1,1,,2026-08-20,2026-09-02,2026-09-03,2026-09-16,Southfield Plymouth
06,FRAUD,1,0,-1,-100.0,Decreasing,1,0,-1,-100.0,2026-08-20,2026-09-02,2026-09-03,2026-09-16,Southfield Plymouth
04,LARCENY,3,9,6,200.0,Increasing,3,9,6,200.0,2026-08-30,2026-09-12,2026-09-13,2026-09-26,Springwells
04,ASSAULT,5,6,1,20.0,Increasing,5,6,1,20.0,2026-08-30,2026-09-12,2026-09-13,2026-09-26,Springwells
04,AGGRAVATED ASSAULT,1,2,1,100.0,Increasing,1,2,1,100.0,2026-08-30,2026-09-12,2026-09-13,2026-09-26,Springwells
04,BURGLARY,0,2,2,,Increasing,0,2,2,,2026-08-30,2026-09-12,2026-09-13,2026-09-26,Springwells
04,DAMAGE TO PROPERTY,2,2,0,0.0,No Change,2,2,0,0.0,2026-08-30,2026-09-12,2026-09-13,2026-09-26,Springwells
04,FRAUD,3,1,-2,-66.67,Decreasing,3,1,-2,-66.67,2026-08-30,2026-09-12,2026-09-13,2026-09-26,Springwells
04,INVASION OF PRIVACY -OTHER,0,1,1,,Increasing,0,1,1,,2026-08-30,2026-09-12,2026-09-13,2026-09-26,Springwells
04,OBSTRUCTING JUDICIARY,0,1,1,,Increasing,0,1,1,,2026-08-30,2026-09-12,2026-09-13,2026-09-26,Springwells
04,DANGEROUS DRUGS,1,0,-1,-100.0,Decreasing,1,0,-1,-100.0,2026-08-30,2026-09-12,2026-09-13,2026-09-26,Springwells
04,RUNAWAY,2,0,-2,-100.0,Decreasing,2,0,-2,-100.0,2026-08-30,2026-09-12,2026-09-13,2026-09-26,Springwells
04,STOLEN PROPERTY,1,0,-1,-100.0,Decreasing,1,0,-1,-100.0,2026-08-30,2026-09-12,2026-09-13,2026-09-26,Springwells
04,STOLEN VEHICLE,1,0,-1,-100.0,Decreasing,1,0,-1,-100.0,2026-08-30,2026-09-12,2026-09-13,2026-09-26,Springwells
12,AGGRAVATED ASSAULT,0,2,2,,Increasing,0,2,2,,2026-08-30,2026-09-12,2026-09-13,2026-09-26,State Fair
12,OUIL,0,2,2,,Increasing,0,2,2,,2026-08-30,2026-09-12,2026-09-13,2026-09-26,State Fair
12,BURGLARY,0,1,1,,Increasing,0,1,1,,2026-08-30,2026-09-12,2026-09-13,2026-09-26,State Fair
12,ASSAULT,1,0,-1,-100.0,Decreasing,1,0,-1,-100.0,2026-08-30,2026-09-12,2026-09-13,2026-09-26,State Fair
12,FRAUD,2,0,-2,-100.0,Decreasing,2,0,-2,-100.0,2026-08-30,2026-09-12,2026-09-13,2026-09-26,State Fair
12,INVASION OF PRIVACY -OTHER,1,0,-1,-100.0,Decreasing,1,0,-1,-100.0,2026-08-30,2026-09-12,2026-09-13,2026-09-26,State Fair
12,KIDNAPPING,1,0,-1,-100.0,Decreasing,1,0,-1,-100.0,2026-08-30,2026-09-12,2026-09-13,2026-09-26,State Fair
12,LARCENY,2,0,-2,-100.0,Decreasing,2,0,-2,-100.0,2026-08-30,2026-09-12,2026-09-13,2026-09-26,State Fair
12,SEXUAL ASSAULT,1,0,-1,-100.0,Decreasing,1,0,-1,-100.0,2026-08-30,2026-09-12,2026-09-13,2026-09-26,State Fair
12,WEAPONS OFFENSES,1,0,-1,-100.0,Decreasing,1,0,-1,-100.0,2026-08-30,2026-09-12,2026-09-13,2026-09-26,State Fair
03,BURGLARY,2,1,-1,-50.0,Decreasing,2,1,-1,-50.0,2026-08-21,2026-09-03,2026-09-04,2026-09-17,Tech Town
03,FRAUD,0,1,1,,Increasing,0,1,1,,2026-08-21,2026-09-03,2026-09-04,2026-09-17,Tech Town
03,LARCENY,0,1,1,,Increasing,0,1,1,,2026-08-21,2026-09-03,2026-09-04,2026-09-17,Tech Town
00,ASSAULT,0,1,1,,Increasing,2,4,2,100.0,2026-08-29,2026-09-11,2026-09-12,2026-09-25,The Eye
08,ASSAULT,2,3,1,50.0,Increasing,2,4,2,100.0,2026-08-29,2026-09-11,2026-09-12,2026-09-25,The Eye
08,AGGRAVATED ASSAULT,2,2,0,0.0,No Change,2,2,0,0.0,2026-08-29,2026-09-11,2026-09-12,2026-09-25,The Eye
08,BURGLARY,1,2,1,100.0,Increasing,1,2,1,100.0,2026-08-29,2026-09-11,2026-09-12,2026-09-25,The Eye
08,DAMAGE TO PROPERTY,2,1,-1,-50.0,Decreasing,2,1,-1,-50.0,2026-08-29,2026-09-11,2026-09-12,2026-09-25,The Eye
08,LARCENY,0,1,1,,Increasing,0,1,1,,2026-08-29,2026-09-11,2026-09-12,2026-09-25,The Eye
08,STOLEN VEHICLE,0,1,1,,Increasing,0,1,1,,2026-08-29,2026-09-11,2026-09-12,2026-09-25,The Eye
08,FRAUD,1,0,-1,-100.0,Decreasing,1,0,-1,-100.0,2026-08-29,2026-09-11,2026-09-12,2026-09-25,The Eye
08,SEX OFFENSES,1,0,-1,-100.0,Decreasing,1,0,-1,-100.0,2026-08-29,2026-09-11,2026-09-12,2026-09-25,The Eye
12,BURGLARY,0,1,1,,Increasing,0,1,1,,2026-08-18,2026-08-31,2026-09-01,2026-09-14,Tri-Point
12,LARCENY,0,1,1,,Increasing,0,1,1,,2026-08-18,2026-08-31,2026-09-01,2026-09-14,Tri-Point
12,WEAPONS OFFENSES,0,1,1,,Increasing,0,1,1,,2026-08-18,2026-08-31,2026-09-01,2026-09-14,Tri-Point
12,ASSAULT,1,0,-1,-100.0,Decreasing,1,0,-1,-100.0,2026-08-18,2026-08-31,2026-09-01,2026-09-14,Tri-Point
12,DAMAGE TO PROPERTY,1,0,-1,-100.0,Decreasing,1,0,-1,-100.0,2026-08-18,2026-08-31,2026-09-01,2026-09-14,Tri-Point
12,STOLEN VEHICLE,1,0,-1,-100.0,Decreasing,1,0,-1,-100.0,2026-08-18,2026-08-31,2026-09-01,2026-09-14,Tri-Point
12,DAMAGE TO PROPERTY,2,4,2,100.0,Increasing,2,4,2,100.0,2026-08-30,2026-09-12,2026-09-13,2026-09-26,University District
12,LARCENY,3,4,1,33.33,Increasing,3,4,1,33.33,2026-08-30,2026-09-12,2026-09-13,2026-09-26,University District
12,SEX OFFENSES,1,0,-1,-100.0,Decreasing,1,0,-1,-100.0,2026-08-30,2026-09-12,2026-09-13,2026-09-26,University District
12,STOLEN VEHICLE,1,0,-1,-100.0,Decreasing,1,0,-1,-100.0,2026-08-30,2026-09-12,2026-09-13,2026-09-26,University District
03,RUNAWAY,0,1,1,,Increasing,0,1,1,,2026-08-13,2026-08-26,2026-08-27,2026-09-09,Virginia Park
03,ASSAULT,1,0,-1,-100.0,Decreasing,1,0,-1,-100.0,2026-08-13,2026-08-26,2026-08-27,2026-09-09,Virginia Park
03,LARCENY,1,0,-1,-100.0,Decreasing,1,0,-1,-100.0,2026-08-13,2026-08-26,2026-08-27,2026-09-09,Virginia Park
10,LARCENY,1,6,5,500.0,Increasing,1,6,5,500.0,2026-08-30,2026-09-12,2026-09-13,2026-09-26,Virginia Park Community
10,ASSAULT,3,4,1,33.33,Increasing,3,4,1,33.33,2026-08-30,2026-09-12,2026-09-13,2026-09-26,Virginia Park Community
10,AGGRAVATED ASSAULT,4,3,-1,-25.0,Decreasing,4,3,-1,-25.0,2026-08-30,2026-09-12,2026-09-13,2026-09-26,Virginia Park Community
10,BURGLARY,2,2,0,0.0,No Change,2,2,0,0.0,2026-08-30,2026-09-12,2026-09-13,2026-09-26,Virginia Park Community
10,STOLEN VEHICLE,4,2,-2,-50.0,Decreasing,4,2,-2,-50.0,2026-08-30,2026-09-12,2026-09-13,2026-09-26,Virginia Park Community
10,FAMILY OFFENSE,0,1,1,,Increasing,0,1,1,,2026-08-30,2026-09-12,2026-09-13,2026-09-26,Virginia Park Community
10,FRAUD,1,1,0,0.0,No Change,1,1,0,0.0,2026-08-30,2026-09-12,2026-09-13,2026-09-26,Virginia Park Community
10,OBSTRUCTING THE POLICE,0,1,1,,Increasing,0,1,1,,2026-08-30,2026-09-12,2026-09-13,2026-09-26,Virginia Park Community
10,DAMAGE TO PROPERTY,3,0,-3,-100.0,Decreasing,3,0,-3,-100.0,2026-08-30,2026-09-12,2026-09-13,2026-09-26,Virginia Park Community
10,DANGEROUS DRUGS,1,0,-1,-100.0,Decreasing,1,0,-1,-100.0,2026-08-30,2026-09-12,2026-09-13,2026-09-26,Virginia Park Community
10,OBSTRUCTING JUDICIARY,1,0,-1,-100.0,Decreasing,1,0,-1,-100.0,2026-08-30,2026-09-12,2026-09-13,2026-09-26,Virginia Park Community
10,OUIL,2,0,-2,-100.0,Decreasing,2,0,-2,-100.0,2026-08-30,2026-09-12,2026-09-13,2026-09-26,Virginia Park Community
10,SEXUAL ASSAULT,1,0,-1,-100.0,Decreasing,1,0,-1,-100.0,2026-08-30,2026-09-12,2026-09-13,2026-09-26,Virginia Park Community
10,STOLEN PROPERTY,1,0,-1,-100.0,Decreasing,1,0,-1,-100.0,2026-08-30,2026-09-12,2026-09-13,2026-09-26,Virginia Park Community
10,WEAPONS OFFENSES,1,0,-1,-100.0,Decreasing,1,0,-1,-100.0,2026-08-30,2026-09-12,2026-09-13,2026-09-26,Virginia Park Community
09,ASSAULT,7,13,6,85.71,Increasing,7,13,6,85.71,2026-08-28,2026-09-10,2026-09-11,2026-09-24,Von Steuben
09,AGGRAVATED ASSAULT,4,4,0,0.0,No Change,4,4,0,0.0,2026-08-28,2026-09-10,2026-09-11,2026-09-24,Von Steuben
09,DAMAGE TO PROPERTY,1,2,1,100.0,Increasing,1,2,1,100.0,2026-08-28,2026-09-10,2026-09-11,2026-09-24,Von Steuben
09,FRAUD,2,2,0,0.0,No Change,2,2,0,0.0,2026-08-28,2026-09-10,2026-09-11,2026-09-24,Von Steuben
09,STOLEN PROPERTY,1,2,1,100.0,Increasing,1,2,1,100.0,2026-08-28,2026-09-10,2026-09-11,2026-09-24,Von Steuben
09,WEAPONS OFFENSES,1,2,1,100.0,Increasing,1,2,1,100.0,2026-08-28,2026-09-10,2026-09-11,2026-09-24,Von Steuben
09,FAMILY OFFENSE,0,1,1,,Increasing,0,1,1,,2026-08-28,2026-09-10,2026-09-11,2026-09-24,Von Steuben
09,LARCENY,2,1,-1,-50.0,Decreasing,2,1,-1,-50.0,2026-08-28,2026-09-10,2026-09-11,2026-09-24,Von Steuben
09,OBSTRUCTING THE POLICE,0,1,1,,Increasing,0,1,1,,2026-08-28,2026-09-10,2026-09-11,2026-09-24,Von Steuben
09,ROBBERY,0,1,1,,Increasing,0,1,1,,2026-08-28,2026-09-10,2026-09-11,2026-09-24,Von Steuben
09,STOLEN VEHICLE,3,1,-2,-66.67,Decreasing,3,1,-2,-66.67,2026-08-28,2026-09-10,2026-09-11,2026-09-24,Von Steuben
09,ARSON,1,0,-1,-100.0,Decreasing,1,0,-1,-100.0,2026-08-28,2026-09-10,2026-09-11,2026-09-24,Von Steuben
09,BURGLARY,3,0,-3,-100.0,Decreasing,3,0,-3,-100.0,2026-08-28,2026-09-10,2026-09-11,2026-09-24,Von Steuben
09,RUNAWAY,1,0,-1,-100.0,Decreasing,1,0,-1,-100.0,2026-08-28,2026-09-10,2026-09-11,2026-09-24,Von Steuben
09,ASSAULT,4,2,-2,-50.0,Decreasing,4,2,-2,-50.0,2026-08-27,2026-09-09,2026-09-10,2026-09-23,Wade
09,BURGLARY,1,2,1,100.0,Increasing,1,2,1,100.0,2026-08-27,2026-09-09,2026-09-10,2026-09-23,Wade
09,FRAUD,0,2,2,,Increasing,0,2,2,,2026-08-27,2026-09-09,2026-09-10,2026-09-23,Wade
09,LARCENY,0,2,2,,Increasing,0,2,2,,2026-08-27,2026-09-09,2026-09-10,2026-09-23,Wade
09,DAMAGE TO PROPERTY,0,1,1,,Increasing,0,1,1,,2026-08-27,2026-09-09,2026-09-10,2026-09-23,Wade
09,ROBBERY,1,1,0,0.0,No Change,1,1,0,0.0,2026-08-27,2026-09-09,2026-09-10,2026-09-23,Wade
09,SEXUAL ASSAULT,0,1,1,,Increasing,0,1,1,,2026-08-27,2026-09-09,2026-09-10,2026-09-23,Wade
09,STOLEN PROPERTY,0,1,1,,Increasing,0,1,1,,2026-08-27,2026-09-09,2026-09-10,2026-09-23,Wade
09,STOLEN VEHICLE,0,1,1,,Increasing,0,1,1,,2026-08-27,2026-09-09,2026-09-10,2026-09-23,Wade
09,AGGRAVATED ASSAULT,1,0,-1,-100.0,Decreasing,1,0,-1,-100.0,2026-08-27,2026-09-09,2026-09-10,2026-09-23,Wade
09,FAMILY OFFENSE,1,0,-1,-100.0,Decreasing,1,0,-1,-100.0,2026-08-27,2026-09-09,2026-09-10,2026-09-23,Wade
09,OUIL,2,0,-2,-100.0,Decreasing,2,0,-2,-100.0,2026-08-27,2026-09-09,2026-09-10,2026-09-23,Wade
06,ASSAULT,10,12,2,20.0,Increasing,10,12,2,20.0,2026-08-28,2026-09-10,2026-09-11,2026-09-24,Warren Ave Community
06,LARCENY,4,8,4,100.0,Increasing,4,8,4,100.0,2026-08-28,2026-09-10,2026-09-11,2026-09-24,Warren Ave Community
06,DAMAGE TO PROPERTY,5,7,2,40.0,Increasing,5,7,2,40.0,2026-08-28,2026-09-10,2026-09-11,2026-09-24,Warren Ave Community
06,AGGRAVATED ASSAULT,4,4,0,0.0,No Change,4,4,0,0.0,2026-08-28,2026-09-10,2026-09-11,2026-09-24,Warren Ave Community
06,BURGLARY,4,3,-1,-25.0,Decreasing,4,3,-1,-25.0,2026-08-28,2026-09-10,2026-09-11,2026-09-24,Warren Ave Community
06,DANGEROUS DRUGS,0,3,3,,Increasing,0,3,3,,2026-08-28,2026-09-10,2026-09-11,2026-09-24,Warren Ave Community
06,STOLEN VEHICLE,0,2,2,,Increasing,0,2,2,,2026-08-28,2026-09-10,2026-09-11,2026-09-24,Warren Ave Community
06,FRAUD,2,1,-1,-50.0,Decreasing,2,1,-1,-50.0,2026-08-28,2026-09-10,2026-09-11,2026-09-24,Warren Ave Community
06,ROBBERY,0,1,1,,Increasing,0,1,1,,2026-08-28,2026-09-10,2026-09-11,2026-09-24,Warren Ave Community
06,RUNAWAY,0,1,1,,Increasing,0,1,1,,2026-08-28,2026-09-10,2026-09-11,2026-09-24,Warren Ave Community
06,KIDNAPPING,1,0,-1,-100.0,Decreasing,1,0,-1,-100.0,2026-08-28,2026-09-10,2026-09-11,2026-09-24,Warren Ave Community
06,OBSTRUCTING THE POLICE,1,0,-1,-100.0,Decreasing,1,0,-1,-100.0,2026-08-28,2026-09-10,2026-09-11,2026-09-24,Warren Ave Community
06,SEX OFFENSES,1,0,-1,-100.0,Decreasing,1,0,-1,-100.0,2026-08-28,2026-09-10,2026-09-11,2026-09-24,Warren Ave Community
06,STOLEN PROPERTY,1,0,-1,-100.0,Decreasing,1,0,-1,-100.0,2026-08-28,2026-09-10,2026-09-11,2026-09-24,Warren Ave Community
06,ASSAULT,17,13,-4,-23.53,Decreasing,17,13,-4,-23.53,2026-08-31,2026-09-13,2026-09-14,2026-09-27,Warrendale
06,BURGLARY,5,9,4,80.0,Increasing,5,9,4,80.0,2026-08-31,2026-09-13,2026-09-14,2026-09-27,Warrendale
06,LARCENY,11,7,-4,-36.36,Decreasing,11,7,-4,-36.36,2026-08-31,2026-09-13,2026-09-14,2026-09-27,Warrendale
06,AGGRAVATED ASSAULT,10,5,-5,-50.0,Decreasing,10,5,-5,-50.0,2026-08-31,2026-09-13,2026-09-14,2026-09-27,Warrendale
06,WEAPONS OFFENSES,7,5,-2,-28.57,Decreasing,7,5,-2,-28.57,2026-08-31,2026-09-13,2026-09-14,2026-09-27,Warrendale
06,DAMAGE TO PROPERTY,15,4,-11,-73.33,Decreasing,15,4,-11,-73.33,2026-08-31,2026-09-13,2026-09-14,2026-09-27,Warrendale
06,FRAUD,8,4,-4,-50.0,Decreasing,8,4,-4,-50.0,2026-08-31,2026-09-13,2026-09-14,2026-09-27,Warrendale
06,OBSTRUCTING JUDICIARY,2,4,2,100.0,Increasing,2,4,2,100.0,2026-08-31,2026-09-13,2026-09-14,2026-09-27,Warrendale
06,STOLEN VEHICLE,5,2,-3,-60.0,Decreasing,5,2,-3,-60.0,2026-08-31,2026-09-13,2026-09-14,2026-09-27,Warrendale
06,DANGEROUS DRUGS,1,1,0,0.0,No Change,1,1,0,0.0,2026-08-31,2026-09-13,2026-09-14,2026-09-27,Warrendale
06,INVASION OF PRIVACY -OTHER,0,1,1,,Increasing,0,1,1,,2026-08-31,2026-09-13,2026-09-14,2026-09-27,Warrendale
06,STOLEN PROPERTY,1,1,0,0.0,No Change,1,1,0,0.0,2026-08-31,2026-09-13,2026-09-14,2026-09-27,Warrendale
06,ARSON,1,0,-1,-100.0,Decreasing,1,0,-1,-100.0,2026-08-31,2026-09-13,2026-09-14,2026-09-27,Warrendale
06,FAMILY OFFENSE,2,0,-2,-100.0,Decreasing,2,0,-2,-100.0,2026-08-31,2026-09-13,2026-09-14,2026-09-27,Warrendale
06,HOMICIDE,1,0,-1,-100.0,Decreasing,1,0,-1,-100.0,2026-08-31,2026-09-13,2026-09-14,2026-09-27,Warrendale
06,OBSTRUCTING THE POLICE,2,0,-2,-100.0,Decreasing,2,0,-2,-100.0,2026-08-31,2026-09-13,2026-09-14,2026-09-27,Warrendale
06,ROBBERY,2,0,-2,-100.0,Decreasing,2,0,-2,-100.0,2026-08-31,2026-09-13,2026-09-14,2026-09-27,Warrendale
06,RUNAWAY,2,0,-2,-100.0,Decreasing,2,0,-2,-100.0,2026-08-31,2026-09-13,2026-09-14,2026-09-27,Warrendale
06,SEX OFFENSES,6,0,-6,-100.0,Decreasing,6,0,-6,-100.0,2026-08-31,2026-09-13,2026-09-14,2026-09-27,Warrendale
06,SOLICITATION,6,0,-6,-100.0,Decreasing,6,0,-6,-100.0,2026-08-31,2026-09-13,2026-09-14,2026-09-27,Warrendale
05,ASSAULT,0,1,1,,Increasing,0,1,1,,2026-06-21,2026-07-04,2026-07-05,2026-07-18,Waterworks Park
03,ASSAULT,3,5,2,66.67,Increasing,3,5,2,66.67,2026-08-30,2026-09-12,2026-09-13,2026-09-26,Wayne State
03,LARCENY,5,4,-1,-20.0,Decreasing,5,4,-1,-20.0,2026-08-30,2026-09-12,2026-09-13,2026-09-26,Wayne State
03,FRAUD,2,3,1,50.0,Increasing,2,3,1,50.0,2026-08-30,2026-09-12,2026-09-13,2026-09-26,Wayne State
03,DAMAGE TO PROPERTY,3,2,-1,-33.33,Decreasing,3,2,-1,-33.33,2026-08-30,2026-09-12,2026-09-13,2026-09-26,Wayne State
03,INVASION OF PRIVACY -OTHER,0,2,2,,Increasing,0,2,2,,2026-08-30,2026-09-12,2026-09-13,2026-09-26,Wayne State
03,BURGLARY,0,1,1,,Increasing,0,1,1,,2026-08-30,2026-09-12,2026-09-13,2026-09-26,Wayne State
03,DANGEROUS DRUGS,0,1,1,,Increasing,0,1,1,,2026-08-30,2026-09-12,2026-09-13,2026-09-26,Wayne State
03,OBSTRUCTING JUDICIARY,0,1,1,,Increasing,0,1,1,,2026-08-30,2026-09-12,2026-09-13,2026-09-26,Wayne State
03,OBSTRUCTING THE POLICE,0,1,1,,Increasing,0,1,1,,2026-08-30,2026-09-12,2026-09-13,2026-09-26,Wayne State
03,STOLEN VEHICLE,0,1,1,,Increasing,0,1,1,,2026-08-30,2026-09-12,2026-09-13,2026-09-26,Wayne State
03,HEALTH AND SAFETY,1,0,-1,-100.0,Decreasing,1,0,-1,-100.0,2026-08-30,2026-09-12,2026-09-13,2026-09-26,Wayne State
03,LIQUOR,1,0,-1,-100.0,Decreasing,1,0,-1,-100.0,2026-08-30,2026-09-12,2026-09-13,2026-09-26,Wayne State
03,SEXUAL ASSAULT,1,0,-1,-100.0,Decreasing,1,0,-1,-100.0,2026-08-30,2026-09-12,2026-09-13,2026-09-26,Wayne State
02,FRAUD,4,9,5,125.0,Increasing,4,9,5,125.0,2026-08-30,2026-09-12,2026-09-13,2026-09-26,We Care Community
02,AGGRAVATED ASSAULT,1,2,1,100.0,Increasing,1,2,1,100.0,2026-08-30,2026-09-12,2026-09-13,2026-09-26,We Care Community
02,DAMAGE TO PROPERTY,0,1,1,,Increasing,0,1,1,,2026-08-30,2026-09-12,2026-09-13,2026-09-26,We Care Community
02,FAMILY OFFENSE,0,1,1,,Increasing,0,1,1,,2026-08-30,2026-09-12,2026-09-13,2026-09-26,We Care Community
02,INVASION OF PRIVACY -OTHER,0,1,1,,Increasing,0,1,1,,2026-08-30,2026-09-12,2026-09-13,2026-09-26,We Care Community
02,LARCENY,2,1,-1,-50.0,Decreasing,2,1,-1,-50.0,2026-08-30,2026-09-12,2026-09-13,2026-09-26,We Care Community
02,STOLEN PROPERTY,0,1,1,,Increasing,0,1,1,,2026-08-30,2026-09-12,2026-09-13,2026-09-26,We Care Community
02,STOLEN VEHICLE,0,1,1,,Increasing,0,1,1,,2026-08-30,2026-09-12,2026-09-13,2026-09-26,We Care Community
02,WEAPONS OFFENSES,0,1,1,,Increasing,0,1,1,,2026-08-30,2026-09-12,2026-09-13,2026-09-26,We Care Community
02,ASSAULT,5,0,-5,-100.0,Decreasing,5,0,-5,-100.0,2026-08-30,2026-09-12,2026-09-13,2026-09-26,We Care Community
02,HOMICIDE,1,0,-1,-100.0,Decreasing,1,0,-1,-100.0,2026-08-30,2026-09-12,2026-09-13,2026-09-26,We Care Community
02,OBSTRUCTING JUDICIARY,1,0,-1,-100.0,Decreasing,1,0,-1,-100.0,2026-08-30,2026-09-12,2026-09-13,2026-09-26,We Care Community
02,RUNAWAY,1,0,-1,-100.0,Decreasing,1,0,-1,-100.0,2026-08-30,2026-09-12,2026-09-13,2026-09-26,We Care Community
06,ASSAULT,3,4,1,33.33,Increasing,3,4,1,33.33,2026-08-30,2026-09-12,2026-09-13,2026-09-26,Weatherby
06,AGGRAVATED ASSAULT,1,1,0,0.0,No Change,1,1,0,0.0,2026-08-30,2026-09-12,2026-09-13,2026-09-26,Weatherby
06,LARCENY,0,1,1,,Increasing,0,1,1,,2026-08-30,2026-09-12,2026-09-13,2026-09-26,Weatherby
06,BURGLARY,1,0,-1,-100.0,Decreasing,1,0,-1,-100.0,2026-08-30,2026-09-12,2026-09-13,2026-09-26,Weatherby
06,DANGEROUS DRUGS,1,0,-1,-100.0,Decreasing,1,0,-1,-100.0,2026-08-30,2026-09-12,2026-09-13,2026-09-26,Weatherby
06,FRAUD,3,0,-3,-100.0,Decreasing,3,0,-3,-100.0,2026-08-30,2026-09-12,2026-09-13,2026-09-26,Weatherby
06,STOLEN VEHICLE,1,0,-1,-100.0,Decreasing,1,0,-1,-100.0,2026-08-30,2026-09-12,2026-09-13,2026-09-26,Weatherby
05,AGGRAVATED ASSAULT,2,3,1,50.0,Increasing,2,3,1,50.0,2026-08-29,2026-09-11,2026-09-12,2026-09-25,West End
05,DAMAGE TO PROPERTY,3,3,0,0.0,No Change,4,4,0,0.0,2026-08-29,2026-09-11,2026-09-12,2026-09-25,West End
05,ARSON,0,1,1,,Increasing,0,1,1,,2026-08-29,2026-09-11,2026-09-12,2026-09-25,West End
05,ASSAULT,1,1,0,0.0,No Change,2,2,0,0.0,2026-08-29,2026-09-11,2026-09-12,2026-09-25,West End
05,LARCENY,1,1,0,0.0,No Change,1,2,1,100.0,2026-08-29,2026-09-11,2026-09-12,2026-09-25,West End
05,KIDNAPPING,1,0,-1,-100.0,Decreasing,1,0,-1,-100.0,2026-08-29,2026-09-11,2026-09-12,2026-09-25,West End
05,OBSTRUCTING JUDICIARY,1,0,-1,-100.0,Decreasing,1,0,-1,-100.0,2026-08-29,2026-09-11,2026-09-12,2026-09-25,West End
05,OBSTRUCTING THE POLICE,1,0,-1,-100.0,Decreasing,1,0,-1,-100.0,2026-08-29,2026-09-11,2026-09-12,2026-09-25,West End
05,SEXUAL ASSAULT,2,0,-2,-100.0,Decreasing,2,0,-2,-100.0,2026-08-29,2026-09-11,2026-09-12,2026-09-25,West End
05,STOLEN VEHICLE,1,0,-1,-100.0,Decreasing,1,0,-1,-100.0,2026-08-29,2026-09-11,2026-09-12,2026-09-25,West End
05,WEAPONS OFFENSES,1,0,-1,-100.0,Decreasing,1,1,0,0.0,2026-08-29,2026-09-11,2026-09-12,2026-09-25,West End
07,ASSAULT,1,1,0,0.0,No Change,2,2,0,0.0,2026-08-29,2026-09-11,2026-09-12,2026-09-25,West End
07,DAMAGE TO PROPERTY,1,1,0,0.0,No Change,4,4,0,0.0,2026-08-29,2026-09-11,2026-09-12,2026-09-25,West End
07,LARCENY,0,1,1,,Increasing,1,2,1,100.0,2026-08-29,2026-09-11,2026-09-12,2026-09-25,West End
07,WEAPONS OFFENSES,0,1,1,,Increasing,1,1,0,0.0,2026-08-29,2026-09-11,2026-09-12,2026-09-25,West End
07,BURGLARY,1,0,-1,-100.0,Decreasing,1,0,-1,-100.0,2026-08-29,2026-09-11,2026-09-12,2026-09-25,West End
07,FRAUD,1,0,-1,-100.0,Decreasing,1,0,-1,-100.0,2026-08-29,2026-09-11,2026-09-12,2026-09-25,West End
06,DAMAGE TO PROPERTY,0,2,2,,Increasing,0,2,2,,2026-08-31,2026-09-13,2026-09-14,2026-09-27,West Outer Drive
06,AGGRAVATED ASSAULT,1,1,0,0.0,No Change,1,1,0,0.0,2026-08-31,2026-09-13,2026-09-14,2026-09-27,West Outer Drive
06,STOLEN VEHICLE,1,0,-1,-100.0,Decreasing,1,0,-1,-100.0,2026-08-31,2026-09-13,2026-09-14,2026-09-27,West Outer Drive
03,ASSAULT,1,0,-1,-100.0,Decreasing,2,0,-2,-100.0,2026-08-23,2026-09-05,2026-09-06,2026-09-19,West Side Industrial
04,FRAUD,0,1,1,,Increasing,0,1,1,,2026-08-23,2026-09-05,2026-09-06,2026-09-19,West Side Industrial
04,STOLEN PROPERTY,0,1,1,,Increasing,0,1,1,,2026-08-23,2026-09-05,2026-09-06,2026-09-19,West Side Industrial
04,STOLEN VEHICLE,1,1,0,0.0,No Change,1,1,0,0.0,2026-08-23,2026-09-05,2026-09-06,2026-09-19,West Side Industrial
04,AGGRAVATED ASSAULT,2,0,-2,-100.0,Decreasing,2,0,-2,-100.0,2026-08-23,2026-09-05,2026-09-06,2026-09-19,West Side Industrial
04,ASSAULT,1,0,-1,-100.0,Decreasing,2,0,-2,-100.0,2026-08-23,2026-09-05,2026-09-06,2026-09-19,West Side Industrial
04,LARCENY,2,0,-2,-100.0,Decreasing,2,0,-2,-100.0,2026-08-23,2026-09-05,2026-09-06,2026-09-19,West Side Industrial
07,LARCENY,1,3,2,200.0,Increasing,1,3,2,200.0,2026-08-29,2026-09-11,2026-09-12,2026-09-25,West Village
07,DAMAGE TO PROPERTY,4,2,-2,-50.0,Decreasing,4,2,-2,-50.0,2026-08-29,2026-09-11,2026-09-12,2026-09-25,West Village
07,AGGRAVATED ASSAULT,0,1,1,,Increasing,0,1,1,,2026-08-29,2026-09-11,2026-09-12,2026-09-25,West Village
07,STOLEN VEHICLE,1,0,-1,-100.0,Decreasing,1,0,-1,-100.0,2026-08-29,2026-09-11,2026-09-12,2026-09-25,West Village
08,ASSAULT,0,3,3,,Increasing,0,3,3,,2026-08-27,2026-09-09,2026-09-10,2026-09-23,Westwood Park
08,DAMAGE TO PROPERTY,0,2,2,,Increasing,0,2,2,,2026-08-27,2026-09-09,2026-09-10,2026-09-23,Westwood Park
08,AGGRAVATED ASSAULT,0,1,1,,Increasing,0,1,1,,2026-08-27,2026-09-09,2026-09-10,2026-09-23,Westwood Park
08,WEAPONS OFFENSES,0,1,1,,Increasing,0,1,1,,2026-08-27,2026-09-09,2026-09-10,2026-09-23,Westwood Park
08,STOLEN PROPERTY,1,0,-1,-100.0,Decreasing,1,0,-1,-100.0,2026-08-27,2026-09-09,2026-09-10,2026-09-23,Westwood Park
08,STOLEN VEHICLE,2,0,-2,-100.0,Decreasing,2,0,-2,-100.0,2026-08-27,2026-09-09,2026-09-10,2026-09-23,Westwood Park
10,DAMAGE TO PROPERTY,0,4,4,,Increasing,0,4,4,,2026-08-27,2026-09-09,2026-09-10,2026-09-23,Wildemere Park
10,ASSAULT,2,2,0,0.0,No Change,2,2,0,0.0,2026-08-27,2026-09-09,2026-09-10,2026-09-23,Wildemere Park
10,AGGRAVATED ASSAULT,1,1,0,0.0,No Change,1,1,0,0.0,2026-08-27,2026-09-09,2026-09-10,2026-09-23,Wildemere Park
10,DANGEROUS DRUGS,0,1,1,,Increasing,0,1,1,,2026-08-27,2026-09-09,2026-09-10,2026-09-23,Wildemere Park
10,BURGLARY,4,0,-4,-100.0,Decreasing,4,0,-4,-100.0,2026-08-27,2026-09-09,2026-09-10,2026-09-23,Wildemere Park
10,LARCENY,2,0,-2,-100.0,Decreasing,2,0,-2,-100.0,2026-08-27,2026-09-09,2026-09-10,2026-09-23,Wildemere Park
02,ASSAULT,1,0,-1,-100.0,Decreasing,5,5,0,0.0,2026-08-31,2026-09-13,2026-09-14,2026-09-27,Winship
12,ASSAULT,4,5,1,25.0,Increasing,5,5,0,0.0,2026-08-31,2026-09-13,2026-09-14,2026-09-27,Winship
12,STOLEN VEHICLE,0,4,4,,Increasing,0,4,4,,2026-08-31,2026-09-13,2026-09-14,2026-09-27,Winship
12,FRAUD,1,3,2,200.0,Increasing,1,3,2,200.0,2026-08-31,2026-09-13,2026-09-14,2026-09-27,Winship
12,LARCENY,6,3,-3,-50.0,Decreasing,6,3,-3,-50.0,2026-08-31,2026-09-13,2026-09-14,2026-09-27,Winship
12,DAMAGE TO PROPERTY,2,2,0,0.0,No Change,2,2,0,0.0,2026-08-31,2026-09-13,2026-09-14,2026-09-27,Winship
12,AGGRAVATED ASSAULT,1,1,0,0.0,No Change,1,1,0,0.0,2026-08-31,2026-09-13,2026-09-14,2026-09-27,Winship
12,ARSON,0,1,1,,Increasing,0,1,1,,2026-08-31,2026-09-13,2026-09-14,2026-09-27,Winship
12,BURGLARY,4,1,-3,-75.0,Decreasing,4,1,-3,-75.0,2026-08-31,2026-09-13,2026-09-14,2026-09-27,Winship
12,STOLEN PROPERTY,0,1,1,,Increasing,0,1,1,,2026-08-31,2026-09-13,2026-09-14,2026-09-27,Winship
12,DANGEROUS DRUGS,1,0,-1,-100.0,Decreasing,1,0,-1,-100.0,2026-08-31,2026-09-13,2026-09-14,2026-09-27,Winship
12,HEALTH AND SAFETY,1,0,-1,-100.0,Decreasing,1,0,-1,-100.0,2026-08-31,2026-09-13,2026-09-14,2026-09-27,Winship
12,ROBBERY,2,0,-2,-100.0,Decreasing,2,0,-2,-100.0,2026-08-31,2026-09-13,2026-09-14,2026-09-27,Winship
12,WEAPONS OFFENSES,1,0,-1,-100.0,Decreasing,1,0,-1,-100.0,2026-08-31,2026-09-13,2026-09-14,2026-09-27,Winship
03,AGGRAVATED ASSAULT,2,2,0,0.0,No Change,2,2,0,0.0,2026-08-31,2026-09-13,2026-09-14,2026-09-27,Woodbridge
03,LARCENY,4,2,-2,-50.0,Decreasing,4,2,-2,-50.0,2026-08-31,2026-09-13,2026-09-14,2026-09-27,Woodbridge
03,OUIL,0,2,2,,Increasing,0,2,2,,2026-08-31,2026-09-13,2026-09-14,2026-09-27,Woodbridge
03,DAMAGE TO PROPERTY,0,1,1,,Increasing,0,1,1,,2026-08-31,2026-09-13,2026-09-14,2026-09-27,Woodbridge
03,FRAUD,1,1,0,0.0,No Change,1,1,0,0.0,2026-08-31,2026-09-13,2026-09-14,2026-09-27,Woodbridge
03,ASSAULT,2,0,-2,-100.0,Decreasing,2,0,-2,-100.0,2026-08-31,2026-09-13,2026-09-14,2026-09-27,Woodbridge
03,DANGEROUS DRUGS,1,0,-1,-100.0,Decreasing,1,0,-1,-100.0,2026-08-31,2026-09-13,2026-09-14,2026-09-27,Woodbridge
03,LIQUOR,1,0,-1,-100.0,Decreasing,1,0,-1,-100.0,2026-08-31,2026-09-13,2026-09-14,2026-09-27,Woodbridge
09,AGGRAVATED ASSAULT,3,5,2,66.67,Increasing,3,5,2,66.67,2026-08-30,2026-09-12,2026-09-13,2026-09-26,Yorkshire Woods
09,ASSAULT,7,5,-2,-28.57,Decreasing,7,5,-2,-28.57,2026-08-30,2026-09-12,2026-09-13,2026-09-26,Yorkshire Woods
09,DAMAGE TO PROPERTY,2,3,1,50.0,Increasing,2,3,1,50.0,2026-08-30,2026-09-12,2026-09-13,2026-09-26,Yorkshire Woods
09,LARCENY,0,2,2,,Increasing,0,2,2,,2026-08-30,2026-09-12,2026-09-13,2026-09-26,Yorkshire Woods
09,STOLEN PROPERTY,1,2,1,100.0,Increasing,1,2,1,100.0,2026-08-30,2026-09-12,2026-09-13,2026-09-26,Yorkshire Woods
09,STOLEN VEHICLE,2,2,0,0.0,No Change,2,2,0,0.0,2026-08-30,2026-09-12,2026-09-13,2026-09-26,Yorkshire Woods
09,BURGLARY,0,1,1,,Increasing,0,1,1,,2026-08-30,2026-09-12,2026-09-13,2026-09-26,Yorkshire Woods
09,FRAUD,1,1,0,0.0,No Change,1,1,0,0.0,2026-08-30,2026-09-12,2026-09-13,2026-09-26,Yorkshire Woods
09,OBSTRUCTING THE POLICE,0,1,1,,Increasing,0,1,1,,2026-08-30,2026-09-12,2026-09-13,2026-09-26,Yorkshire Woods
09,SEX OFFENSES,0,1,1,,Increasing,0,1,1,,2026-08-30,2026-09-12,2026-09-13,2026-09-26,Yorkshire Woods
09,OBSTRUCTING JUDICIARY,1,0,-1,-100.0,Decreasing,1,0,-1,-100.0,2026-08-30,2026-09-12,2026-09-13,2026-09-26,Yorkshire Woods
