precinct_norm,offense_category,previous_14d,current_14d,change_14d,pct_change_14d,recent_movement,city_previous_14d,city_current_14d,city_change_14d,city_pct_change_14d,previous_14d_start,previous_14d_end,current_14d_start,current_14d_end,pct_change_vs_previous,trend_class,city_gap_14d,priority_score,priority_signal,neighborhood_scope
05,DAMAGE TO PROPERTY,23,35,12,52.17,Increasing,415,348,-67,-16.14,2026-09-10,2026-09-23,2026-09-24,2026-10-07,-11.708860759493671,Consistently Improving,68.31,74.8,High Priority,ALL
03,OBSTRUCTING THE POLICE,6,13,7,116.67,Increasing,65,64,-1,-1.54,2026-09-10,2026-09-23,2026-09-24,2026-10-07,22.77777777777778,Consistently Worsening,118.21000000000001,71.3,Emerging Concern,ALL
04,ASSAULT,31,40,9,29.03,Increasing,691,645,-46,-6.66,2026-09-10,2026-09-23,2026-09-24,2026-10-07,-6.122448979591836,Improving,35.69,59.1,Emerging Concern,ALL
02,BURGLARY,14,20,6,42.86,Increasing,196,185,-11,-5.61,2026-09-10,2026-09-23,2026-09-24,2026-10-07,2.107728337236534,Worsening,48.47,55.0,Emerging Concern,ALL
03,INVASION OF PRIVACY -OTHER,12,17,5,41.67,Increasing,26,32,6,23.08,2026-09-10,2026-09-23,2026-09-24,2026-10-07,613.7931034482758,Worsening,18.590000000000003,52.0,Emerging Concern,ALL
11,AGGRAVATED ASSAULT,30,36,6,20.0,Increasing,299,276,-23,-7.69,2026-09-10,2026-09-23,2026-09-24,2026-10-07,12.0,Consistently Worsening,27.69,49.2,Emerging Concern,ALL
10,DANGEROUS DRUGS,2,8,6,300.0,Increasing,38,33,-5,-13.16,2026-09-10,2026-09-23,2026-09-24,2026-10-07,14.0625,Consistently Worsening,313.16,64.7,Watch,ALL
10,INVASION OF PRIVACY -OTHER,2,5,3,150.0,Increasing,26,32,6,23.08,2026-09-10,2026-09-23,2026-09-24,2026-10-07,600.0,Consistently Worsening,126.92,62.2,Watch,ALL
08,ROBBERY,2,8,6,300.0,Increasing,51,35,-16,-31.37,2026-09-10,2026-09-23,2026-09-24,2026-10-07,-10.679611650485437,Consistently Improving,331.37,61.9,Watch,ALL
12,OBSTRUCTING THE POLICE,1,6,5,500.0,Increasing,65,64,-1,-1.54,2026-09-10,2026-09-23,2026-09-24,2026-10-07,8.108108108108109,Consistently Worsening,501.54,59.6,Watch,ALL
06,OBSTRUCTING THE POLICE,3,7,4,133.33,Increasing,65,64,-1,-1.54,2026-09-10,2026-09-23,2026-09-24,2026-10-07,-1.2738853503184713,Stable,134.87,56.2,Watch,ALL
03,DANGEROUS DRUGS,2,5,3,150.0,Increasing,38,33,-5,-13.16,2026-09-10,2026-09-23,2026-09-24,2026-10-07,15.873015873015873,Consistently Worsening,163.16,55.4,Watch,ALL
09,FAMILY OFFENSE,2,5,3,150.0,Increasing,31,28,-3,-9.68,2026-09-10,2026-09-23,2026-09-24,2026-10-07,-11.458333333333334,Improving,159.68,52.2,Watch,ALL
06,WEAPONS OFFENSES,10,14,4,40.0,Increasing,112,99,-13,-11.61,2026-09-10,2026-09-23,2026-09-24,2026-10-07,-3.1468531468531467,Consistently Improving,51.61,47.6,Watch,ALL
09,RUNAWAY,3,5,2,66.67,Increasing,40,42,2,5.0,2026-09-10,2026-09-23,2026-09-24,2026-10-07,12.931034482758621,Consistently Worsening,61.67,45.6,Watch,ALL
08,ASSAULT,73,79,6,8.22,Increasing,691,645,-46,-6.66,2026-09-10,2026-09-23,2026-09-24,2026-10-07,-1.625487646293888,Stable,14.88,44.8,Watch,ALL
10,OBSTRUCTING THE POLICE,5,7,2,40.0,Increasing,65,64,-1,-1.54,2026-09-10,2026-09-23,2026-09-24,2026-10-07,32.63157894736842,Consistently Worsening,41.54,43.2,Watch,ALL
07,AGGRAVATED ASSAULT,14,18,4,28.57,Increasing,299,276,-23,-7.69,2026-09-10,2026-09-23,2026-09-24,2026-10-07,-5.775075987841945,Improving,36.26,42.5,Watch,ALL
12,LARCENY,46,49,3,6.52,Increasing,517,378,-139,-26.89,2026-09-10,2026-09-23,2026-09-24,2026-10-07,-4.743833017077799,Improving,33.41,40.0,Watch,ALL
02,WEAPONS OFFENSES,11,14,3,27.27,Increasing,112,99,-13,-11.61,2026-09-10,2026-09-23,2026-09-24,2026-10-07,3.7542662116040955,Worsening,38.879999999999995,40.0,Watch,ALL
06,FRAUD,12,14,2,16.67,Increasing,259,165,-94,-36.29,2026-09-10,2026-09-23,2026-09-24,2026-10-07,2.544529262086514,Worsening,52.96,38.5,Watch,ALL
02,ASSAULT,59,63,4,6.78,Increasing,691,645,-46,-6.66,2026-09-10,2026-09-23,2026-09-24,2026-10-07,1.3148283418553688,Stable,13.440000000000001,38.1,Watch,ALL
12,RUNAWAY,6,8,2,33.33,Increasing,40,42,2,5.0,2026-09-10,2026-09-23,2026-09-24,2026-10-07,22.093023255813954,Consistently Worsening,28.33,36.5,Watch,ALL
09,LARCENY,38,40,2,5.26,Increasing,517,378,-139,-26.89,2026-09-10,2026-09-23,2026-09-24,2026-10-07,-15.36723163841808,Improving,32.15,35.8,Watch,ALL
04,BURGLARY,6,8,2,33.33,Increasing,196,185,-11,-5.61,2026-09-10,2026-09-23,2026-09-24,2026-10-07,-7.2368421052631575,Consistently Improving,38.94,35.2,Watch,ALL
11,DAMAGE TO PROPERTY,31,33,2,6.45,Increasing,415,348,-67,-16.14,2026-09-10,2026-09-23,2026-09-24,2026-10-07,-6.441717791411043,Consistently Improving,22.59,32.1,Watch,ALL
12,BURGLARY,17,19,2,11.76,Increasing,196,185,-11,-5.61,2026-09-10,2026-09-23,2026-09-24,2026-10-07,-7.6923076923076925,Consistently Improving,17.37,28.8,Watch,ALL
11,BURGLARY,19,20,1,5.26,Increasing,196,185,-11,-5.61,2026-09-10,2026-09-23,2026-09-24,2026-10-07,25.53191489361702,Worsening,10.870000000000001,28.4,Watch,ALL
08,FAMILY OFFENSE,4,5,1,25.0,Increasing,31,28,-3,-9.68,2026-09-10,2026-09-23,2026-09-24,2026-10-07,0.9523809523809523,Stable,34.68,27.8,Watch,ALL
11,WEAPONS OFFENSES,6,7,1,16.67,Increasing,112,99,-13,-11.61,2026-09-10,2026-09-23,2026-09-24,2026-10-07,2.3076923076923075,Worsening,28.28,26.0,Watch,ALL
10,AGGRAVATED ASSAULT,32,33,1,3.12,Increasing,299,276,-23,-7.69,2026-09-10,2026-09-23,2026-09-24,2026-10-07,-1.6129032258064515,Stable,10.81,25.4,Watch,ALL
07,BURGLARY,9,10,1,11.11,Increasing,196,185,-11,-5.61,2026-09-10,2026-09-23,2026-09-24,2026-10-07,13.333333333333334,Worsening,16.72,25.4,Watch,ALL
12,WEAPONS OFFENSES,7,8,1,14.29,Increasing,112,99,-13,-11.61,2026-09-10,2026-09-23,2026-09-24,2026-10-07,-12.55813953488372,Consistently Improving,25.9,25.0,Watch,ALL
02,AGGRAVATED ASSAULT,25,26,1,4.0,Increasing,299,276,-23,-7.69,2026-09-10,2026-09-23,2026-09-24,2026-10-07,-8.52359208523592,Improving,11.690000000000001,24.6,Watch,ALL
06,BURGLARY,20,21,1,5.0,Increasing,196,185,-11,-5.61,2026-09-10,2026-09-23,2026-09-24,2026-10-07,-3.233256351039261,Improving,10.61,23.4,Watch,ALL
03,DISORDERLY CONDUCT,5,6,1,20.0,Increasing,7,13,6,85.71,2026-09-10,2026-09-23,2026-09-24,2026-10-07,13.25301204819277,Consistently Worsening,-65.71,19.7,Watch,ALL
09,ASSAULT,85,72,-13,-15.29,Decreasing,691,645,-46,-6.66,2026-09-10,2026-09-23,2026-09-24,2026-10-07,-7.4119827053736875,Improving,-8.629999999999999,23.2,Recent Improvement,ALL
10,ASSAULT,63,49,-14,-22.22,Decreasing,691,645,-46,-6.66,2026-09-10,2026-09-23,2026-09-24,2026-10-07,9.456264775413711,Consistently Worsening,-15.559999999999999,23.0,Recent Improvement,ALL
06,ASSAULT,74,64,-10,-13.51,Decreasing,691,645,-46,-6.66,2026-09-10,2026-09-23,2026-09-24,2026-10-07,1.8995929443690638,Stable,-6.85,22.9,Recent Improvement,ALL
09,SEX OFFENSES,14,9,-5,-35.71,Decreasing,25,22,-3,-12.0,2026-09-10,2026-09-23,2026-09-24,2026-10-07,68.0,Consistently Worsening,-23.71,22.4,Recent Improvement,ALL
03,DAMAGE TO PROPERTY,64,41,-23,-35.94,Decreasing,415,348,-67,-16.14,2026-09-10,2026-09-23,2026-09-24,2026-10-07,-5.814977973568282,Improving,-19.799999999999997,20.2,Recent Improvement,ALL
09,DAMAGE TO PROPERTY,46,39,-7,-15.22,Decreasing,415,348,-67,-16.14,2026-09-10,2026-09-23,2026-09-24,2026-10-07,-6.843718079673136,Consistently Improving,0.9199999999999999,20.2,Recent Improvement,ALL
10,DAMAGE TO PROPERTY,45,38,-7,-15.56,Decreasing,415,348,-67,-16.14,2026-09-10,2026-09-23,2026-09-24,2026-10-07,-6.020942408376963,Consistently Improving,0.5800000000000001,20.0,Recent Improvement,ALL
06,DAMAGE TO PROPERTY,38,33,-5,-13.16,Decreasing,415,348,-67,-16.14,2026-09-10,2026-09-23,2026-09-24,2026-10-07,-4.320987654320987,Improving,2.9800000000000004,20.0,Recent Improvement,ALL
05,ASSAULT,50,34,-16,-32.0,Decreasing,691,645,-46,-6.66,2026-09-10,2026-09-23,2026-09-24,2026-10-07,0.8898776418242491,Stable,-25.34,19.4,Recent Improvement,ALL
08,LARCENY,57,31,-26,-45.61,Decreasing,517,378,-139,-26.89,2026-09-10,2026-09-23,2026-09-24,2026-10-07,3.1380753138075312,Worsening,-18.72,19.4,Recent Improvement,ALL
07,ASSAULT,40,34,-6,-15.0,Decreasing,691,645,-46,-6.66,2026-09-10,2026-09-23,2026-09-24,2026-10-07,0.26737967914438504,Stable,-8.34,19.3,Recent Improvement,ALL
03,FRAUD,43,28,-15,-34.88,Decreasing,259,165,-94,-36.29,2026-09-10,2026-09-23,2026-09-24,2026-10-07,2.9216467463479416,Worsening,1.4099999999999966,19.2,Recent Improvement,ALL
12,DAMAGE TO PROPERTY,44,32,-12,-27.27,Decreasing,415,348,-67,-16.14,2026-09-10,2026-09-23,2026-09-24,2026-10-07,-9.050772626931566,Consistently Improving,-11.129999999999999,18.9,Recent Improvement,ALL
07,LARCENY,54,29,-25,-46.3,Decreasing,517,378,-139,-26.89,2026-09-10,2026-09-23,2026-09-24,2026-10-07,2.5670945157526255,Worsening,-19.409999999999997,18.9,Recent Improvement,ALL
08,DAMAGE TO PROPERTY,42,31,-11,-26.19,Decreasing,415,348,-67,-16.14,2026-09-10,2026-09-23,2026-09-24,2026-10-07,-3.4957627118644066,Consistently Improving,-10.05,18.7,Recent Improvement,ALL
06,LARCENY,37,24,-13,-35.14,Decreasing,517,378,-139,-26.89,2026-09-10,2026-09-23,2026-09-24,2026-10-07,5.807365439093484,Consistently Worsening,-8.25,18.6,Recent Improvement,ALL
02,STOLEN VEHICLE,27,20,-7,-25.93,Decreasing,244,164,-80,-32.79,2026-09-10,2026-09-23,2026-09-24,2026-10-07,-14.485981308411215,Consistently Improving,6.859999999999999,18.5,Recent Improvement,ALL
03,AGGRAVATED ASSAULT,23,18,-5,-21.74,Decreasing,299,276,-23,-7.69,2026-09-10,2026-09-23,2026-09-24,2026-10-07,12.910798122065728,Consistently Worsening,-14.049999999999997,18.5,Recent Improvement,ALL
02,DAMAGE TO PROPERTY,35,26,-9,-25.71,Decreasing,415,348,-67,-16.14,2026-09-10,2026-09-23,2026-09-24,2026-10-07,-5.72851805728518,Consistently Improving,-9.57,17.8,Recent Improvement,ALL
10,LARCENY,42,23,-19,-45.24,Decreasing,517,378,-139,-26.89,2026-09-10,2026-09-23,2026-09-24,2026-10-07,1.1221945137157108,Stable,-18.35,17.4,Recent Improvement,ALL
08,AGGRAVATED ASSAULT,44,22,-22,-50.0,Decreasing,299,276,-23,-7.69,2026-09-10,2026-09-23,2026-09-24,2026-10-07,2.248677248677249,Worsening,-42.31,17.4,Recent Improvement,ALL
08,STOLEN VEHICLE,43,21,-22,-51.16,Decreasing,244,164,-80,-32.79,2026-09-10,2026-09-23,2026-09-24,2026-10-07,2.962962962962963,Worsening,-18.369999999999997,17.3,Recent Improvement,ALL
07,DAMAGE TO PROPERTY,28,22,-6,-21.43,Decreasing,415,348,-67,-16.14,2026-09-10,2026-09-23,2026-09-24,2026-10-07,-10.260586319218241,Consistently Improving,-5.289999999999999,16.9,Recent Improvement,ALL
02,LARCENY,46,21,-25,-54.35,Decreasing,517,378,-139,-26.89,2026-09-10,2026-09-23,2026-09-24,2026-10-07,-1.402524544179523,Stable,-27.46,16.7,Recent Improvement,ALL
04,LARCENY,38,21,-17,-44.74,Decreasing,517,378,-139,-26.89,2026-09-10,2026-09-23,2026-09-24,2026-10-07,-4.149377593360996,Consistently Improving,-17.85,16.7,Recent Improvement,ALL
12,FRAUD,29,19,-10,-34.48,Decreasing,259,165,-94,-36.29,2026-09-10,2026-09-23,2026-09-24,2026-10-07,-17.62962962962963,Consistently Improving,1.8100000000000023,16.7,Recent Improvement,ALL
08,FRAUD,22,15,-7,-31.82,Decreasing,259,165,-94,-36.29,2026-09-10,2026-09-23,2026-09-24,2026-10-07,-3.565640194489465,Consistently Improving,4.469999999999999,16.3,Recent Improvement,ALL
09,FRAUD,24,16,-8,-33.33,Decreasing,259,165,-94,-36.29,2026-09-10,2026-09-23,2026-09-24,2026-10-07,-18.388429752066116,Consistently Improving,2.960000000000001,16.2,Recent Improvement,ALL
10,BURGLARY,23,15,-8,-34.78,Decreasing,196,185,-11,-5.61,2026-09-10,2026-09-23,2026-09-24,2026-10-07,6.235011990407674,Worsening,-29.17,16.2,Recent Improvement,ALL
07,FRAUD,17,12,-5,-29.41,Decreasing,259,165,-94,-36.29,2026-09-10,2026-09-23,2026-09-24,2026-10-07,-27.411167512690355,Consistently Improving,6.879999999999999,15.9,Recent Improvement,ALL
08,WEAPONS OFFENSES,20,15,-5,-25.0,Decreasing,112,99,-13,-11.61,2026-09-10,2026-09-23,2026-09-24,2026-10-07,2.2222222222222223,Worsening,-13.39,15.4,Recent Improvement,ALL
03,STOLEN VEHICLE,35,15,-20,-57.14,Decreasing,244,164,-80,-32.79,2026-09-10,2026-09-23,2026-09-24,2026-10-07,-22.410865874363328,Consistently Improving,-24.35,15.0,Recent Improvement,ALL
08,BURGLARY,28,13,-15,-53.57,Decreasing,196,185,-11,-5.61,2026-09-10,2026-09-23,2026-09-24,2026-10-07,-6.211180124223603,Consistently Improving,-47.96,14.3,Recent Improvement,ALL
05,FRAUD,22,12,-10,-45.45,Decreasing,259,165,-94,-36.29,2026-09-10,2026-09-23,2026-09-24,2026-10-07,-9.240246406570842,Improving,-9.160000000000004,13.9,Recent Improvement,ALL
05,LARCENY,23,12,-11,-47.83,Decreasing,517,378,-139,-26.89,2026-09-10,2026-09-23,2026-09-24,2026-10-07,-22.519685039370078,Improving,-20.939999999999998,13.9,Recent Improvement,ALL
10,STOLEN VEHICLE,18,10,-8,-44.44,Decreasing,244,164,-80,-32.79,2026-09-10,2026-09-23,2026-09-24,2026-10-07,-16.927083333333332,Consistently Improving,-11.649999999999999,13.0,Recent Improvement,ALL
10,FRAUD,27,8,-19,-70.37,Decreasing,259,165,-94,-36.29,2026-09-10,2026-09-23,2026-09-24,2026-10-07,3.515625,Consistently Worsening,-34.080000000000005,12.6,Recent Improvement,ALL
09,OBSTRUCTING THE POLICE,14,6,-8,-57.14,Decreasing,65,64,-1,-1.54,2026-09-10,2026-09-23,2026-09-24,2026-10-07,-1.015228426395939,Stable,-55.6,10.5,Recent Improvement,ALL
11,FRAUD,24,6,-18,-75.0,Decreasing,259,165,-94,-36.29,2026-09-10,2026-09-23,2026-09-24,2026-10-07,-19.921104536489153,Consistently Improving,-38.71,10.5,Recent Improvement,ALL
09,STOLEN PROPERTY,16,5,-11,-68.75,Decreasing,57,30,-27,-47.37,2026-09-10,2026-09-23,2026-09-24,2026-10-07,-29.75206611570248,Consistently Improving,-21.380000000000003,9.7,Recent Improvement,ALL
05,OBSTRUCTING JUDICIARY,2,4,2,100.0,Increasing,40,38,-2,-5.0,2026-09-10,2026-09-23,2026-09-24,2026-10-07,42.5,Worsening,105.0,57.2,Monitor,ALL
10,SEXUAL ASSAULT,1,4,3,300.0,Increasing,26,15,-11,-42.31,2026-09-10,2026-09-23,2026-09-24,2026-10-07,18.181818181818183,Worsening,342.31,54.8,Monitor,ALL
06,INVASION OF PRIVACY -OTHER,1,2,1,100.0,Increasing,26,32,6,23.08,2026-09-10,2026-09-23,2026-09-24,2026-10-07,225.0,Consistently Worsening,76.92,53.4,Monitor,ALL
11,FAMILY OFFENSE,1,3,2,200.0,Increasing,31,28,-3,-9.68,2026-09-10,2026-09-23,2026-09-24,2026-10-07,27.45098039215686,Worsening,209.68,53.0,Monitor,ALL
11,RUNAWAY,2,4,2,100.0,Increasing,40,42,2,5.0,2026-09-10,2026-09-23,2026-09-24,2026-10-07,19.607843137254903,Consistently Worsening,95.0,52.6,Monitor,ALL
04,ROBBERY,1,4,3,300.0,Increasing,51,35,-16,-31.37,2026-09-10,2026-09-23,2026-09-24,2026-10-07,1.8867924528301887,Stable,331.37,51.6,Monitor,ALL
02,ARSON,1,3,2,200.0,Increasing,20,14,-6,-30.0,2026-09-10,2026-09-23,2026-09-24,2026-10-07,-19.444444444444443,Consistently Improving,230.0,47.5,Monitor,ALL
03,SEXUAL ASSAULT,2,3,1,50.0,Increasing,26,15,-11,-42.31,2026-09-10,2026-09-23,2026-09-24,2026-10-07,55.26315789473684,Worsening,92.31,45.0,Monitor,ALL
10,ARSON,1,2,1,100.0,Increasing,20,14,-6,-30.0,2026-09-10,2026-09-23,2026-09-24,2026-10-07,2.7777777777777777,Worsening,130.0,44.0,Monitor,ALL
04,RUNAWAY,1,2,1,100.0,Increasing,40,42,2,5.0,2026-09-10,2026-09-23,2026-09-24,2026-10-07,-12.121212121212121,Consistently Improving,95.0,43.4,Monitor,ALL
10,SEX OFFENSES,1,2,1,100.0,Increasing,25,22,-3,-12.0,2026-09-10,2026-09-23,2026-09-24,2026-10-07,-24.0,Consistently Improving,112.0,43.4,Monitor,ALL
12,FAMILY OFFENSE,2,3,1,50.0,Increasing,31,28,-3,-9.68,2026-09-10,2026-09-23,2026-09-24,2026-10-07,24.0,Worsening,59.68,39.8,Monitor,ALL
03,LIQUOR,1,2,1,100.0,Increasing,1,2,1,100.0,2026-09-10,2026-09-23,2026-09-24,2026-10-07,37.5,Consistently Worsening,0.0,35.9,Monitor,ALL
12,STOLEN PROPERTY,2,3,1,50.0,Increasing,57,30,-27,-47.37,2026-09-10,2026-09-23,2026-09-24,2026-10-07,-32.93413173652694,Improving,97.37,35.0,Monitor,ALL
03,LARCENY,108,101,-7,-6.48,Decreasing,517,378,-139,-26.89,2026-09-10,2026-09-23,2026-09-24,2026-10-07,2.1232522009321597,Consistently Worsening,20.41,31.5,Monitor,ALL
08,OBSTRUCTING JUDICIARY,3,4,1,33.33,Increasing,40,38,-2,-5.0,2026-09-10,2026-09-23,2026-09-24,2026-10-07,9.649122807017545,Consistently Worsening,38.33,31.3,Monitor,ALL
08,INVASION OF PRIVACY -OTHER,0,3,3,,Increasing,26,32,6,23.08,2026-09-10,2026-09-23,2026-09-24,2026-10-07,342.85714285714283,Consistently Worsening,,31.0,Monitor,ALL
03,ASSAULT,86,85,-1,-1.16,Decreasing,691,645,-46,-6.66,2026-09-10,2026-09-23,2026-09-24,2026-10-07,14.59050240880936,Consistently Worsening,5.5,28.6,Monitor,ALL
12,STOLEN VEHICLE,31,30,-1,-3.23,Decreasing,244,164,-80,-32.79,2026-09-10,2026-09-23,2026-09-24,2026-10-07,-8.493589743589743,Consistently Improving,29.56,27.4,Monitor,ALL
11,LARCENY,28,27,-1,-3.57,Decreasing,517,378,-139,-26.89,2026-09-10,2026-09-23,2026-09-24,2026-10-07,11.67247386759582,Worsening,23.32,27.3,Monitor,ALL
06,KIDNAPPING,1,1,0,0.0,No Change,7,4,-3,-42.86,2026-09-10,2026-09-23,2026-09-24,2026-10-07,83.33333333333333,Consistently Worsening,42.86,26.6,Monitor,ALL
03,HEALTH AND SAFETY,3,3,0,0.0,No Change,10,7,-3,-30.0,2026-09-10,2026-09-23,2026-09-24,2026-10-07,280.0,Worsening,30.0,26.5,Monitor,ALL
05,RUNAWAY,3,4,1,33.33,Increasing,40,42,2,5.0,2026-09-10,2026-09-23,2026-09-24,2026-10-07,-25.78616352201258,Consistently Improving,28.33,26.4,Monitor,ALL
02,FRAUD,29,26,-3,-10.34,Decreasing,259,165,-94,-36.29,2026-09-10,2026-09-23,2026-09-24,2026-10-07,-14.910858995137763,Improving,25.95,25.6,Monitor,ALL
11,ASSAULT,62,61,-1,-1.61,Decreasing,691,645,-46,-6.66,2026-09-10,2026-09-23,2026-09-24,2026-10-07,6.654835847382431,Consistently Worsening,5.05,25.2,Monitor,ALL
03,RUNAWAY,0,2,2,,Increasing,40,42,2,5.0,2026-09-10,2026-09-23,2026-09-24,2026-10-07,81.81818181818181,Worsening,,24.9,Monitor,ALL
09,HEALTH AND SAFETY,0,2,2,,Increasing,10,7,-3,-30.0,2026-09-10,2026-09-23,2026-09-24,2026-10-07,560.0,Consistently Worsening,,24.9,Monitor,ALL
10,DISORDERLY CONDUCT,0,2,2,,Increasing,7,13,6,85.71,2026-09-10,2026-09-23,2026-09-24,2026-10-07,210.0,Worsening,,24.9,Monitor,ALL
12,KIDNAPPING,0,2,2,,Increasing,7,4,-3,-42.86,2026-09-10,2026-09-23,2026-09-24,2026-10-07,157.14285714285714,Worsening,,24.9,Monitor,ALL
12,ASSAULT,67,64,-3,-4.48,Decreasing,691,645,-46,-6.66,2026-09-10,2026-09-23,2026-09-24,2026-10-07,6.5359477124183005,Worsening,2.1799999999999997,24.5,Monitor,ALL
08,SEXUAL ASSAULT,4,4,0,0.0,No Change,26,15,-11,-42.31,2026-09-10,2026-09-23,2026-09-24,2026-10-07,15.555555555555555,Worsening,42.31,24.5,Monitor,ALL
12,OUIL,4,4,0,0.0,No Change,28,16,-12,-42.86,2026-09-10,2026-09-23,2026-09-24,2026-10-07,9.375,Consistently Worsening,42.86,23.4,Monitor,ALL
09,WEAPONS OFFENSES,19,19,0,0.0,No Change,112,99,-13,-11.61,2026-09-10,2026-09-23,2026-09-24,2026-10-07,16.389548693586697,Worsening,11.61,23.0,Monitor,ALL
09,STOLEN VEHICLE,28,24,-4,-14.29,Decreasing,244,164,-80,-32.79,2026-09-10,2026-09-23,2026-09-24,2026-10-07,-26.273458445040216,Consistently Improving,18.5,22.9,Monitor,ALL
03,OBSTRUCTING JUDICIARY,6,6,0,0.0,No Change,40,38,-2,-5.0,2026-09-10,2026-09-23,2026-09-24,2026-10-07,52.72727272727273,Worsening,5.0,22.0,Monitor,ALL
05,STOLEN PROPERTY,3,3,0,0.0,No Change,57,30,-27,-47.37,2026-09-10,2026-09-23,2026-09-24,2026-10-07,-35.483870967741936,Consistently Improving,47.37,21.7,Monitor,ALL
06,AGGRAVATED ASSAULT,34,34,0,0.0,No Change,299,276,-23,-7.69,2026-09-10,2026-09-23,2026-09-24,2026-10-07,-6.528662420382165,Improving,7.69,21.5,Monitor,ALL
02,DANGEROUS DRUGS,0,3,3,,Increasing,38,33,-5,-13.16,2026-09-10,2026-09-23,2026-09-24,2026-10-07,-52.80898876404494,Improving,,21.0,Monitor,ALL
07,DANGEROUS DRUGS,0,3,3,,Increasing,38,33,-5,-13.16,2026-09-10,2026-09-23,2026-09-24,2026-10-07,-21.91780821917808,Improving,,21.0,Monitor,ALL
04,DAMAGE TO PROPERTY,18,18,0,0.0,No Change,415,348,-67,-16.14,2026-09-10,2026-09-23,2026-09-24,2026-10-07,-1.6216216216216217,Stable,16.14,20.8,Monitor,ALL
04,FRAUD,10,9,-1,-10.0,Decreasing,259,165,-94,-36.29,2026-09-10,2026-09-23,2026-09-24,2026-10-07,-26.158038147138964,Consistently Improving,26.29,20.3,Monitor,ALL
09,AGGRAVATED ASSAULT,44,40,-4,-9.09,Decreasing,299,276,-23,-7.69,2026-09-10,2026-09-23,2026-09-24,2026-10-07,-3.372093023255814,Consistently Improving,-1.3999999999999995,20.1,Monitor,ALL
09,BURGLARY,27,27,0,0.0,No Change,196,185,-11,-5.61,2026-09-10,2026-09-23,2026-09-24,2026-10-07,-16.74565560821485,Improving,5.61,19.7,Monitor,ALL
04,OBSTRUCTING JUDICIARY,6,4,-2,-33.33,Decreasing,40,38,-2,-5.0,2026-09-10,2026-09-23,2026-09-24,2026-10-07,50.0,Worsening,-28.33,18.7,Monitor,ALL
05,BURGLARY,18,18,0,0.0,No Change,196,185,-11,-5.61,2026-09-10,2026-09-23,2026-09-24,2026-10-07,4.562737642585551,Worsening,5.61,18.5,Monitor,ALL
02,HOMICIDE,0,1,1,,Increasing,3,2,-1,-33.33,2026-09-10,2026-09-23,2026-09-24,2026-10-07,72.72727272727273,Worsening,,18.2,Monitor,ALL
02,OBSTRUCTING JUDICIARY,0,1,1,,Increasing,40,38,-2,-5.0,2026-09-10,2026-09-23,2026-09-24,2026-10-07,68.75,Worsening,,18.2,Monitor,ALL
04,SEXUAL ASSAULT,0,1,1,,Increasing,26,15,-11,-42.31,2026-09-10,2026-09-23,2026-09-24,2026-10-07,58.8235294117647,Worsening,,18.2,Monitor,ALL
03,ROBBERY,4,4,0,0.0,No Change,51,35,-16,-31.37,2026-09-10,2026-09-23,2026-09-24,2026-10-07,-24.444444444444443,Improving,31.37,18.1,Monitor,ALL
12,AGGRAVATED ASSAULT,23,22,-1,-4.35,Decreasing,299,276,-23,-7.69,2026-09-10,2026-09-23,2026-09-24,2026-10-07,-8.429752066115702,Improving,3.3400000000000007,18.0,Monitor,ALL
03,STOLEN PROPERTY,1,1,0,0.0,No Change,57,30,-27,-47.37,2026-09-10,2026-09-23,2026-09-24,2026-10-07,-32.142857142857146,Improving,47.37,18.0,Monitor,ALL
04,STOLEN PROPERTY,1,1,0,0.0,No Change,57,30,-27,-47.37,2026-09-10,2026-09-23,2026-09-24,2026-10-07,-53.26086956521739,Consistently Improving,47.37,18.0,Monitor,ALL
06,STOLEN VEHICLE,12,10,-2,-16.67,Decreasing,244,164,-80,-32.79,2026-09-10,2026-09-23,2026-09-24,2026-10-07,-12.42603550295858,Consistently Improving,16.119999999999997,17.8,Monitor,ALL
02,INVASION OF PRIVACY -OTHER,4,3,-1,-25.0,Decreasing,26,32,6,23.08,2026-09-10,2026-09-23,2026-09-24,2026-10-07,357.14285714285717,Consistently Worsening,-48.08,17.5,Monitor,ALL
03,BURGLARY,15,14,-1,-6.67,Decreasing,196,185,-11,-5.61,2026-09-10,2026-09-23,2026-09-24,2026-10-07,13.805970149253731,Worsening,-1.0599999999999996,17.4,Monitor,ALL
04,AGGRAVATED ASSAULT,13,13,0,0.0,No Change,299,276,-23,-7.69,2026-09-10,2026-09-23,2026-09-24,2026-10-07,-1.3986013986013985,Stable,7.69,16.6,Monitor,ALL
09,OBSTRUCTING JUDICIARY,6,4,-2,-33.33,Decreasing,40,38,-2,-5.0,2026-09-10,2026-09-23,2026-09-24,2026-10-07,39.189189189189186,Worsening,-28.33,16.5,Monitor,ALL
06,ARSON,3,3,0,0.0,No Change,20,14,-6,-30.0,2026-09-10,2026-09-23,2026-09-24,2026-10-07,-2.3255813953488373,Improving,30.0,16.5,Monitor,ALL
10,OBSTRUCTING JUDICIARY,3,3,0,0.0,No Change,40,38,-2,-5.0,2026-09-10,2026-09-23,2026-09-24,2026-10-07,36.36363636363637,Consistently Worsening,5.0,16.3,Monitor,ALL
03,MISCELLANEOUS,0,1,1,,Increasing,1,3,2,200.0,2026-09-10,2026-09-23,2026-09-24,2026-10-07,37.5,Worsening,,15.7,Monitor,ALL
05,WEAPONS OFFENSES,8,8,0,0.0,No Change,112,99,-13,-11.61,2026-09-10,2026-09-23,2026-09-24,2026-10-07,-19.35483870967742,Consistently Improving,11.61,15.4,Monitor,ALL
07,STOLEN VEHICLE,15,11,-4,-26.67,Decreasing,244,164,-80,-32.79,2026-09-10,2026-09-23,2026-09-24,2026-10-07,-24.64788732394366,Consistently Improving,6.119999999999997,15.3,Monitor,ALL
03,WEAPONS OFFENSES,7,7,0,0.0,No Change,112,99,-13,-11.61,2026-09-10,2026-09-23,2026-09-24,2026-10-07,2.684563758389262,Consistently Worsening,11.61,15.3,Monitor,ALL
11,OBSTRUCTING THE POLICE,6,6,0,0.0,No Change,65,64,-1,-1.54,2026-09-10,2026-09-23,2026-09-24,2026-10-07,21.367521367521366,Consistently Worsening,1.54,15.3,Monitor,ALL
03,OUIL,12,8,-4,-33.33,Decreasing,28,16,-12,-42.86,2026-09-10,2026-09-23,2026-09-24,2026-10-07,1.7241379310344827,Stable,9.530000000000001,15.1,Monitor,ALL
02,SEX OFFENSES,0,2,2,,Increasing,25,22,-3,-12.0,2026-09-10,2026-09-23,2026-09-24,2026-10-07,-30.0,Improving,,14.9,Monitor,ALL
05,OUIL,0,2,2,,Increasing,28,16,-12,-42.86,2026-09-10,2026-09-23,2026-09-24,2026-10-07,-10.0,Improving,,14.9,Monitor,ALL
05,SEX OFFENSES,0,2,2,,Increasing,25,22,-3,-12.0,2026-09-10,2026-09-23,2026-09-24,2026-10-07,-38.70967741935484,Improving,,14.9,Monitor,ALL
06,DANGEROUS DRUGS,6,2,-4,-66.67,Decreasing,38,33,-5,-13.16,2026-09-10,2026-09-23,2026-09-24,2026-10-07,44.680851063829785,Worsening,-53.510000000000005,14.9,Monitor,ALL
11,DISORDERLY CONDUCT,0,2,2,,Increasing,7,13,6,85.71,2026-09-10,2026-09-23,2026-09-24,2026-10-07,-40.90909090909091,Improving,,14.9,Monitor,ALL
11,STOLEN VEHICLE,12,9,-3,-25.0,Decreasing,244,164,-80,-32.79,2026-09-10,2026-09-23,2026-09-24,2026-10-07,-23.642172523961662,Consistently Improving,7.789999999999999,14.8,Monitor,ALL
06,RUNAWAY,9,9,0,0.0,No Change,40,42,2,5.0,2026-09-10,2026-09-23,2026-09-24,2026-10-07,11.11111111111111,Consistently Worsening,-5.0,14.7,Monitor,ALL
05,AGGRAVATED ASSAULT,17,14,-3,-17.65,Decreasing,299,276,-23,-7.69,2026-09-10,2026-09-23,2026-09-24,2026-10-07,-14.16490486257928,Improving,-9.959999999999997,14.6,Monitor,ALL
05,STOLEN VEHICLE,14,10,-4,-28.57,Decreasing,244,164,-80,-32.79,2026-09-10,2026-09-23,2026-09-24,2026-10-07,-26.724137931034484,Consistently Improving,4.219999999999999,14.2,Monitor,ALL
02,STOLEN PROPERTY,4,3,-1,-25.0,Decreasing,57,30,-27,-47.37,2026-09-10,2026-09-23,2026-09-24,2026-10-07,-30.14354066985646,Improving,22.369999999999997,14.2,Monitor,ALL
07,STOLEN PROPERTY,4,3,-1,-25.0,Decreasing,57,30,-27,-47.37,2026-09-10,2026-09-23,2026-09-24,2026-10-07,-32.87671232876713,Consistently Improving,22.369999999999997,14.2,Monitor,ALL
12,OBSTRUCTING JUDICIARY,4,4,0,0.0,No Change,40,38,-2,-5.0,2026-09-10,2026-09-23,2026-09-24,2026-10-07,19.444444444444443,Worsening,5.0,14.1,Monitor,ALL
06,SEX OFFENSES,0,1,1,,Increasing,25,22,-3,-12.0,2026-09-10,2026-09-23,2026-09-24,2026-10-07,29.26829268292683,Worsening,,14.1,Monitor,ALL
06,OBSTRUCTING JUDICIARY,9,6,-3,-33.33,Decreasing,40,38,-2,-5.0,2026-09-10,2026-09-23,2026-09-24,2026-10-07,16.853932584269664,Consistently Worsening,-28.33,13.9,Monitor,ALL
05,INVASION OF PRIVACY -OTHER,2,1,-1,-50.0,Decreasing,26,32,6,23.08,2026-09-10,2026-09-23,2026-09-24,2026-10-07,170.0,Worsening,-73.08,13.7,Monitor,ALL
10,HEALTH AND SAFETY,2,1,-1,-50.0,Decreasing,10,7,-3,-30.0,2026-09-10,2026-09-23,2026-09-24,2026-10-07,600.0,Consistently Worsening,-20.0,13.7,Monitor,ALL
11,INVASION OF PRIVACY -OTHER,2,1,-1,-50.0,Decreasing,26,32,6,23.08,2026-09-10,2026-09-23,2026-09-24,2026-10-07,400.0,Worsening,-73.08,13.7,Monitor,ALL
06,ROBBERY,6,3,-3,-50.0,Decreasing,51,35,-16,-31.37,2026-09-10,2026-09-23,2026-09-24,2026-10-07,27.692307692307693,Worsening,-18.63,13.0,Monitor,ALL
09,SEXUAL ASSAULT,4,3,-1,-25.0,Decreasing,26,15,-11,-42.31,2026-09-10,2026-09-23,2026-09-24,2026-10-07,-8.333333333333334,Consistently Improving,17.310000000000002,12.7,Monitor,ALL
04,ARSON,1,1,0,0.0,No Change,20,14,-6,-30.0,2026-09-10,2026-09-23,2026-09-24,2026-10-07,-40.0,Consistently Improving,30.0,12.7,Monitor,ALL
05,ARSON,1,1,0,0.0,No Change,20,14,-6,-30.0,2026-09-10,2026-09-23,2026-09-24,2026-10-07,-33.333333333333336,Improving,30.0,12.7,Monitor,ALL
05,FAMILY OFFENSE,4,4,0,0.0,No Change,31,28,-3,-9.68,2026-09-10,2026-09-23,2026-09-24,2026-10-07,3.6363636363636362,Consistently Worsening,9.68,12.3,Monitor,ALL
06,OUIL,4,2,-2,-50.0,Decreasing,28,16,-12,-42.86,2026-09-10,2026-09-23,2026-09-24,2026-10-07,26.666666666666668,Consistently Worsening,-7.140000000000001,11.3,Monitor,ALL
04,DANGEROUS DRUGS,7,2,-5,-71.43,Decreasing,38,33,-5,-13.16,2026-09-10,2026-09-23,2026-09-24,2026-10-07,26.08695652173913,Consistently Worsening,-58.27000000000001,11.2,Monitor,ALL
09,ROBBERY,10,6,-4,-40.0,Decreasing,51,35,-16,-31.37,2026-09-10,2026-09-23,2026-09-24,2026-10-07,0.8849557522123894,Stable,-8.629999999999999,10.7,Monitor,ALL
08,STOLEN PROPERTY,9,5,-4,-44.44,Decreasing,57,30,-27,-47.37,2026-09-10,2026-09-23,2026-09-24,2026-10-07,-14.018691588785046,Consistently Improving,2.9299999999999997,10.6,Monitor,ALL
02,OBSTRUCTING THE POLICE,9,6,-3,-33.33,Decreasing,65,64,-1,-1.54,2026-09-10,2026-09-23,2026-09-24,2026-10-07,-5.161290322580645,Improving,-31.79,10.5,Monitor,ALL
08,SEX OFFENSES,4,3,-1,-25.0,Decreasing,25,22,-3,-12.0,2026-09-10,2026-09-23,2026-09-24,2026-10-07,14.893617021276595,Consistently Worsening,-13.0,10.5,Monitor,ALL
05,DISORDERLY CONDUCT,0,1,1,,Increasing,7,13,6,85.71,2026-09-10,2026-09-23,2026-09-24,2026-10-07,11.11111111111111,Worsening,,10.5,Monitor,ALL
06,FAMILY OFFENSE,3,3,0,0.0,No Change,31,28,-3,-9.68,2026-09-10,2026-09-23,2026-09-24,2026-10-07,-8.536585365853659,Improving,9.68,10.4,Monitor,ALL
00,ASSAULT,1,0,-1,-100.0,Decreasing,691,645,-46,-6.66,2026-09-10,2026-09-23,2026-09-24,2026-10-07,400.0,Worsening,-93.34,10.0,Monitor,ALL
00,DAMAGE TO PROPERTY,1,0,-1,-100.0,Decreasing,415,348,-67,-16.14,2026-09-10,2026-09-23,2026-09-24,2026-10-07,300.0,Worsening,-83.86,10.0,Monitor,ALL
03,EXTORTION,1,0,-1,-100.0,Decreasing,5,1,-4,-80.0,2026-09-10,2026-09-23,2026-09-24,2026-10-07,266.6666666666667,Worsening,-20.0,10.0,Monitor,ALL
04,INVASION OF PRIVACY -OTHER,1,0,-1,-100.0,Decreasing,26,32,6,23.08,2026-09-10,2026-09-23,2026-09-24,2026-10-07,800.0,Worsening,-123.08,10.0,Monitor,ALL
06,HOMICIDE,1,0,-1,-100.0,Decreasing,3,2,-1,-33.33,2026-09-10,2026-09-23,2026-09-24,2026-10-07,66.66666666666667,Worsening,-66.67,10.0,Monitor,ALL
07,INVASION OF PRIVACY -OTHER,1,0,-1,-100.0,Decreasing,26,32,6,23.08,2026-09-10,2026-09-23,2026-09-24,2026-10-07,471.42857142857144,Consistently Worsening,-123.08,10.0,Monitor,ALL
07,KIDNAPPING,2,0,-2,-100.0,Decreasing,7,4,-3,-42.86,2026-09-10,2026-09-23,2026-09-24,2026-10-07,50.0,Worsening,-57.14,10.0,Monitor,ALL
09,EXTORTION,2,0,-2,-100.0,Decreasing,5,1,-4,-80.0,2026-09-10,2026-09-23,2026-09-24,2026-10-07,100.0,Consistently Worsening,-20.0,10.0,Monitor,ALL
09,INVASION OF PRIVACY -OTHER,1,0,-1,-100.0,Decreasing,26,32,6,23.08,2026-09-10,2026-09-23,2026-09-24,2026-10-07,280.0,Worsening,-123.08,10.0,Monitor,ALL
06,STOLEN PROPERTY,5,3,-2,-40.0,Decreasing,57,30,-27,-47.37,2026-09-10,2026-09-23,2026-09-24,2026-10-07,-19.337016574585636,Consistently Improving,7.369999999999997,9.7,Monitor,ALL
03,FAMILY OFFENSE,3,1,-2,-66.67,Decreasing,31,28,-3,-9.68,2026-09-10,2026-09-23,2026-09-24,2026-10-07,29.545454545454547,Worsening,-56.99,9.7,Monitor,ALL
03,SEX OFFENSES,2,2,0,0.0,No Change,25,22,-3,-12.0,2026-09-10,2026-09-23,2026-09-24,2026-10-07,-9.75609756097561,Improving,12.0,9.5,Monitor,ALL
11,HEALTH AND SAFETY,2,1,-1,-50.0,Decreasing,10,7,-3,-30.0,2026-09-10,2026-09-23,2026-09-24,2026-10-07,28.571428571428573,Worsening,-20.0,9.5,Monitor,ALL
05,DANGEROUS DRUGS,3,1,-2,-66.67,Decreasing,38,33,-5,-13.16,2026-09-10,2026-09-23,2026-09-24,2026-10-07,27.027027027027028,Consistently Worsening,-53.510000000000005,9.2,Monitor,ALL
08,OBSTRUCTING THE POLICE,7,3,-4,-57.14,Decreasing,65,64,-1,-1.54,2026-09-10,2026-09-23,2026-09-24,2026-10-07,8.053691275167786,Worsening,-55.6,9.1,Monitor,ALL
04,STOLEN VEHICLE,9,4,-5,-55.56,Decreasing,244,164,-80,-32.79,2026-09-10,2026-09-23,2026-09-24,2026-10-07,-24.444444444444443,Consistently Improving,-22.770000000000003,8.7,Monitor,ALL
05,OBSTRUCTING THE POLICE,5,4,-1,-20.0,Decreasing,65,64,-1,-1.54,2026-09-10,2026-09-23,2026-09-24,2026-10-07,0.0,Stable,-18.46,8.7,Monitor,ALL
09,DANGEROUS DRUGS,5,4,-1,-20.0,Decreasing,38,33,-5,-13.16,2026-09-10,2026-09-23,2026-09-24,2026-10-07,-15.862068965517242,Improving,-6.84,8.7,Monitor,ALL
10,RUNAWAY,4,4,0,0.0,No Change,40,42,2,5.0,2026-09-10,2026-09-23,2026-09-24,2026-10-07,-21.62162162162162,Improving,-5.0,8.7,Monitor,ALL
10,WEAPONS OFFENSES,14,4,-10,-71.43,Decreasing,112,99,-13,-11.61,2026-09-10,2026-09-23,2026-09-24,2026-10-07,-2.2222222222222223,Improving,-59.82000000000001,8.7,Monitor,ALL
07,ARSON,2,1,-1,-50.0,Decreasing,20,14,-6,-30.0,2026-09-10,2026-09-23,2026-09-24,2026-10-07,23.80952380952381,Worsening,-20.0,8.5,Monitor,ALL
12,ROBBERY,6,2,-4,-66.67,Decreasing,51,35,-16,-31.37,2026-09-10,2026-09-23,2026-09-24,2026-10-07,11.25,Consistently Worsening,-35.3,8.2,Monitor,ALL
02,DISORDERLY CONDUCT,0,1,1,,Increasing,7,13,6,85.71,2026-09-10,2026-09-23,2026-09-24,2026-10-07,-64.86486486486487,Improving,,8.2,Monitor,ALL
02,ROBBERY,0,1,1,,Increasing,51,35,-16,-31.37,2026-09-10,2026-09-23,2026-09-24,2026-10-07,-14.285714285714286,Improving,,8.2,Monitor,ALL
03,FORGERY,0,1,1,,Increasing,4,2,-2,-50.0,2026-09-10,2026-09-23,2026-09-24,2026-10-07,-6.666666666666667,Consistently Improving,,8.2,Monitor,ALL
04,EXTORTION,0,1,1,,Increasing,5,1,-4,-80.0,2026-09-10,2026-09-23,2026-09-24,2026-10-07,0.0,Stable,,8.2,Monitor,ALL
05,FORGERY,0,1,1,,Increasing,4,2,-2,-50.0,2026-09-10,2026-09-23,2026-09-24,2026-10-07,0.0,Stable,,8.2,Monitor,ALL
07,MISCELLANEOUS,0,1,1,,Increasing,1,3,2,200.0,2026-09-10,2026-09-23,2026-09-24,2026-10-07,-33.333333333333336,Improving,,8.2,Monitor,ALL
07,OBSTRUCTING JUDICIARY,0,1,1,,Increasing,40,38,-2,-5.0,2026-09-10,2026-09-23,2026-09-24,2026-10-07,-35.714285714285715,Improving,,8.2,Monitor,ALL
09,HOMICIDE,0,1,1,,Increasing,3,2,-1,-33.33,2026-09-10,2026-09-23,2026-09-24,2026-10-07,-68.96551724137932,Consistently Improving,,8.2,Monitor,ALL
10,MISCELLANEOUS,0,1,1,,Increasing,1,3,2,200.0,2026-09-10,2026-09-23,2026-09-24,2026-10-07,-20.0,Improving,,8.2,Monitor,ALL
11,KIDNAPPING,0,1,1,,Increasing,7,4,-3,-42.86,2026-09-10,2026-09-23,2026-09-24,2026-10-07,-6.666666666666667,Improving,,8.2,Monitor,ALL
04,OBSTRUCTING THE POLICE,3,3,0,0.0,No Change,65,64,-1,-1.54,2026-09-10,2026-09-23,2026-09-24,2026-10-07,-15.555555555555555,Improving,1.54,8.0,Monitor,ALL
07,WEAPONS OFFENSES,7,3,-4,-57.14,Decreasing,112,99,-13,-11.61,2026-09-10,2026-09-23,2026-09-24,2026-10-07,2.6315789473684212,Worsening,-45.53,8.0,Monitor,ALL
11,DANGEROUS DRUGS,6,3,-3,-50.0,Decreasing,38,33,-5,-13.16,2026-09-10,2026-09-23,2026-09-24,2026-10-07,2.0408163265306123,Worsening,-36.84,7.9,Monitor,ALL
07,OBSTRUCTING THE POLICE,6,3,-3,-50.0,Decreasing,65,64,-1,-1.54,2026-09-10,2026-09-23,2026-09-24,2026-10-07,-15.116279069767442,Improving,-48.46,7.5,Monitor,ALL
07,ROBBERY,6,3,-3,-50.0,Decreasing,51,35,-16,-31.37,2026-09-10,2026-09-23,2026-09-24,2026-10-07,-22.22222222222222,Consistently Improving,-18.63,7.5,Monitor,ALL
10,FAMILY OFFENSE,4,3,-1,-25.0,Decreasing,31,28,-3,-9.68,2026-09-10,2026-09-23,2026-09-24,2026-10-07,-20.73170731707317,Improving,-15.32,7.5,Monitor,ALL
10,ROBBERY,5,3,-2,-40.0,Decreasing,51,35,-16,-31.37,2026-09-10,2026-09-23,2026-09-24,2026-10-07,0.0,Stable,-8.629999999999999,7.5,Monitor,ALL
02,RUNAWAY,6,1,-5,-83.33,Decreasing,40,42,2,5.0,2026-09-10,2026-09-23,2026-09-24,2026-10-07,18.46153846153846,Consistently Worsening,-88.33,7.4,Monitor,ALL
11,SEX OFFENSES,1,1,0,0.0,No Change,25,22,-3,-12.0,2026-09-10,2026-09-23,2026-09-24,2026-10-07,-26.19047619047619,Improving,12.0,7.3,Monitor,ALL
07,RUNAWAY,2,2,0,0.0,No Change,40,42,2,5.0,2026-09-10,2026-09-23,2026-09-24,2026-10-07,4.761904761904762,Consistently Worsening,-5.0,6.9,Monitor,ALL
08,RUNAWAY,4,1,-3,-75.0,Decreasing,40,42,2,5.0,2026-09-10,2026-09-23,2026-09-24,2026-10-07,15.0,Consistently Worsening,-80.0,6.7,Monitor,ALL
12,ARSON,3,1,-2,-66.67,Decreasing,20,14,-6,-30.0,2026-09-10,2026-09-23,2026-09-24,2026-10-07,12.5,Consistently Worsening,-36.67,6.2,Monitor,ALL
11,STOLEN PROPERTY,5,2,-3,-60.0,Decreasing,57,30,-27,-47.37,2026-09-10,2026-09-23,2026-09-24,2026-10-07,-14.17910447761194,Consistently Improving,-12.630000000000003,5.9,Monitor,ALL
12,DANGEROUS DRUGS,5,1,-4,-80.0,Decreasing,38,33,-5,-13.16,2026-09-10,2026-09-23,2026-09-24,2026-10-07,10.869565217391305,Consistently Worsening,-66.84,5.9,Monitor,ALL
11,ARSON,3,1,-2,-66.67,Decreasing,20,14,-6,-30.0,2026-09-10,2026-09-23,2026-09-24,2026-10-07,9.375,Worsening,-36.67,5.6,Monitor,ALL
10,KIDNAPPING,1,0,-1,-100.0,Decreasing,7,4,-3,-42.86,2026-09-10,2026-09-23,2026-09-24,2026-10-07,26.666666666666668,Consistently Worsening,-57.14,5.3,Monitor,ALL
11,OBSTRUCTING JUDICIARY,1,1,0,0.0,No Change,40,38,-2,-5.0,2026-09-10,2026-09-23,2026-09-24,2026-10-07,-33.333333333333336,Improving,5.0,5.2,Monitor,ALL
08,DISORDERLY CONDUCT,1,1,0,0.0,No Change,7,13,6,85.71,2026-09-10,2026-09-23,2026-09-24,2026-10-07,6.25,Worsening,-85.71,5.0,Monitor,ALL
11,ROBBERY,3,0,-3,-100.0,Decreasing,51,35,-16,-31.37,2026-09-10,2026-09-23,2026-09-24,2026-10-07,21.875,Worsening,-68.63,4.4,Monitor,ALL
02,FAMILY OFFENSE,3,1,-2,-66.67,Decreasing,31,28,-3,-9.68,2026-09-10,2026-09-23,2026-09-24,2026-10-07,-7.865168539325842,Improving,-56.99,3.7,Monitor,ALL
05,ROBBERY,8,1,-7,-87.5,Decreasing,51,35,-16,-31.37,2026-09-10,2026-09-23,2026-09-24,2026-10-07,-12.307692307692308,Improving,-56.129999999999995,3.7,Monitor,ALL
08,DANGEROUS DRUGS,2,1,-1,-50.0,Decreasing,38,33,-5,-13.16,2026-09-10,2026-09-23,2026-09-24,2026-10-07,-20.512820512820515,Consistently Improving,-36.84,3.7,Monitor,ALL
09,ARSON,4,1,-3,-75.0,Decreasing,20,14,-6,-30.0,2026-09-10,2026-09-23,2026-09-24,2026-10-07,-31.746031746031747,Improving,-45.0,3.7,Monitor,ALL
10,STOLEN PROPERTY,7,1,-6,-85.71,Decreasing,57,30,-27,-47.37,2026-09-10,2026-09-23,2026-09-24,2026-10-07,-3.3333333333333335,Improving,-38.339999999999996,3.7,Monitor,ALL
09,OUIL,2,0,-2,-100.0,Decreasing,28,16,-12,-42.86,2026-09-10,2026-09-23,2026-09-24,2026-10-07,16.0,Consistently Worsening,-57.14,3.2,Monitor,ALL
11,SEXUAL ASSAULT,1,0,-1,-100.0,Decreasing,26,15,-11,-42.31,2026-09-10,2026-09-23,2026-09-24,2026-10-07,12.121212121212121,Worsening,-57.69,2.4,Monitor,ALL
02,FORGERY,1,0,-1,-100.0,Decreasing,4,2,-2,-50.0,2026-09-10,2026-09-23,2026-09-24,2026-10-07,-44.44444444444444,Improving,-50.0,0.0,Monitor,ALL
02,SEXUAL ASSAULT,3,0,-3,-100.0,Decreasing,26,15,-11,-42.31,2026-09-10,2026-09-23,2026-09-24,2026-10-07,-20.408163265306122,Consistently Improving,-57.69,0.0,Monitor,ALL
03,HOMICIDE,1,0,-1,-100.0,Decreasing,3,2,-1,-33.33,2026-09-10,2026-09-23,2026-09-24,2026-10-07,-16.666666666666668,Consistently Improving,-66.67,0.0,Monitor,ALL
04,FAMILY OFFENSE,3,0,-3,-100.0,Decreasing,31,28,-3,-9.68,2026-09-10,2026-09-23,2026-09-24,2026-10-07,-42.857142857142854,Improving,-90.32,0.0,Monitor,ALL
04,HEALTH AND SAFETY,1,0,-1,-100.0,Decreasing,10,7,-3,-30.0,2026-09-10,2026-09-23,2026-09-24,2026-10-07,-33.333333333333336,Improving,-70.0,0.0,Monitor,ALL
04,MISCELLANEOUS,1,0,-1,-100.0,Decreasing,1,3,2,200.0,2026-09-10,2026-09-23,2026-09-24,2026-10-07,-42.857142857142854,Improving,-300.0,0.0,Monitor,ALL
04,SEX OFFENSES,1,0,-1,-100.0,Decreasing,25,22,-3,-12.0,2026-09-10,2026-09-23,2026-09-24,2026-10-07,-68.0,Improving,-88.0,0.0,Monitor,ALL
04,WEAPONS OFFENSES,3,0,-3,-100.0,Decreasing,112,99,-13,-11.61,2026-09-10,2026-09-23,2026-09-24,2026-10-07,-19.130434782608695,Improving,-88.39,0.0,Monitor,ALL
05,HEALTH AND SAFETY,1,0,-1,-100.0,Decreasing,10,7,-3,-30.0,2026-09-10,2026-09-23,2026-09-24,2026-10-07,,Worsening,-70.0,0.0,Monitor,ALL
05,KIDNAPPING,1,0,-1,-100.0,Decreasing,7,4,-3,-42.86,2026-09-10,2026-09-23,2026-09-24,2026-10-07,-18.181818181818183,Improving,-57.14,0.0,Monitor,ALL
05,SEXUAL ASSAULT,2,0,-2,-100.0,Decreasing,26,15,-11,-42.31,2026-09-10,2026-09-23,2026-09-24,2026-10-07,-10.256410256410257,Improving,-57.69,0.0,Monitor,ALL
06,SEXUAL ASSAULT,4,0,-4,-100.0,Decreasing,26,15,-11,-42.31,2026-09-10,2026-09-23,2026-09-24,2026-10-07,-22.448979591836736,Improving,-57.69,0.0,Monitor,ALL
07,FAMILY OFFENSE,2,0,-2,-100.0,Decreasing,31,28,-3,-9.68,2026-09-10,2026-09-23,2026-09-24,2026-10-07,-20.930232558139537,Improving,-90.32,0.0,Monitor,ALL
07,FORGERY,1,0,-1,-100.0,Decreasing,4,2,-2,-50.0,2026-09-10,2026-09-23,2026-09-24,2026-10-07,-36.36363636363637,Improving,-50.0,0.0,Monitor,ALL
07,HEALTH AND SAFETY,1,0,-1,-100.0,Decreasing,10,7,-3,-30.0,2026-09-10,2026-09-23,2026-09-24,2026-10-07,,Worsening,-70.0,0.0,Monitor,ALL
07,SEXUAL ASSAULT,1,0,-1,-100.0,Decreasing,26,15,-11,-42.31,2026-09-10,2026-09-23,2026-09-24,2026-10-07,-34.48275862068966,Improving,-57.69,0.0,Monitor,ALL
08,ARSON,1,0,-1,-100.0,Decreasing,20,14,-6,-30.0,2026-09-10,2026-09-23,2026-09-24,2026-10-07,-6.666666666666667,Improving,-70.0,0.0,Monitor,ALL
08,FORGERY,1,0,-1,-100.0,Decreasing,4,2,-2,-50.0,2026-09-10,2026-09-23,2026-09-24,2026-10-07,-50.0,Improving,-50.0,0.0,Monitor,ALL
08,HOMICIDE,1,0,-1,-100.0,Decreasing,3,2,-1,-33.33,2026-09-10,2026-09-23,2026-09-24,2026-10-07,-59.25925925925926,Improving,-66.67,0.0,Monitor,ALL
08,KIDNAPPING,1,0,-1,-100.0,Decreasing,7,4,-3,-42.86,2026-09-10,2026-09-23,2026-09-24,2026-10-07,0.0,Stable,-57.14,0.0,Monitor,ALL
08,SOLICITATION,1,0,-1,-100.0,Decreasing,1,0,-1,-100.0,2026-09-10,2026-09-23,2026-09-24,2026-10-07,,Worsening,0.0,0.0,Monitor,ALL
09,KIDNAPPING,1,0,-1,-100.0,Decreasing,7,4,-3,-42.86,2026-09-10,2026-09-23,2026-09-24,2026-10-07,-4.3478260869565215,Improving,-57.14,0.0,Monitor,ALL
10,EXTORTION,2,0,-2,-100.0,Decreasing,5,1,-4,-80.0,2026-09-10,2026-09-23,2026-09-24,2026-10-07,-22.22222222222222,Improving,-20.0,0.0,Monitor,ALL
10,FORGERY,1,0,-1,-100.0,Decreasing,4,2,-2,-50.0,2026-09-10,2026-09-23,2026-09-24,2026-10-07,0.0,Stable,-50.0,0.0,Monitor,ALL
10,OUIL,4,0,-4,-100.0,Decreasing,28,16,-12,-42.86,2026-09-10,2026-09-23,2026-09-24,2026-10-07,-7.142857142857143,Improving,-57.14,0.0,Monitor,ALL
11,OUIL,2,0,-2,-100.0,Decreasing,28,16,-12,-42.86,2026-09-10,2026-09-23,2026-09-24,2026-10-07,-34.883720930232556,Improving,-57.14,0.0,Monitor,ALL
12,DISORDERLY CONDUCT,1,0,-1,-100.0,Decreasing,7,13,6,85.71,2026-09-10,2026-09-23,2026-09-24,2026-10-07,-46.666666666666664,Consistently Improving,-185.70999999999998,0.0,Monitor,ALL
12,SEX OFFENSES,2,0,-2,-100.0,Decreasing,25,22,-3,-12.0,2026-09-10,2026-09-23,2026-09-24,2026-10-07,-45.535714285714285,Consistently Improving,-88.0,0.0,Monitor,ALL
12,SEXUAL ASSAULT,4,0,-4,-100.0,Decreasing,26,15,-11,-42.31,2026-09-10,2026-09-23,2026-09-24,2026-10-07,-12.5,Consistently Improving,-57.69,0.0,Monitor,ALL
07,LARCENY,1,2,1,100.0,Increasing,3,4,1,33.33,2026-09-09,2026-09-22,2026-09-23,2026-10-06,6.896551724137931,Worsening,66.67,71.2,Monitor,Airport Sub
07,ASSAULT,1,2,1,100.0,Increasing,5,4,-1,-20.0,2026-09-09,2026-09-22,2026-09-23,2026-10-06,-45.45454545454545,Improving,120.0,69.8,Monitor,Airport Sub
07,STOLEN PROPERTY,1,2,1,100.0,Increasing,3,2,-1,-33.33,2026-09-09,2026-09-22,2026-09-23,2026-10-06,-41.1764705882353,Consistently Improving,133.32999999999998,69.8,Monitor,Airport Sub
07,WEAPONS OFFENSES,1,2,1,100.0,Increasing,1,4,3,300.0,2026-09-09,2026-09-22,2026-09-23,2026-10-06,-25.0,Improving,-200.0,54.8,Monitor,Airport Sub
07,FRAUD,0,2,2,,Increasing,1,3,2,200.0,2026-09-09,2026-09-22,2026-09-23,2026-10-06,-28.0,Improving,,53.8,Monitor,Airport Sub
11,WEAPONS OFFENSES,0,2,2,,Increasing,1,4,3,300.0,2026-09-09,2026-09-22,2026-09-23,2026-10-06,0.0,Stable,,53.8,Monitor,Airport Sub
07,DAMAGE TO PROPERTY,2,3,1,50.0,Increasing,3,5,2,66.67,2026-09-09,2026-09-22,2026-09-23,2026-10-06,-22.5,Improving,-16.67,50.0,Monitor,Airport Sub
05,BURGLARY,0,1,1,,Increasing,1,1,0,0.0,2026-09-09,2026-09-22,2026-09-23,2026-10-06,600.0,Worsening,,39.5,Monitor,Airport Sub
09,LARCENY,0,1,1,,Increasing,3,4,1,33.33,2026-09-09,2026-09-22,2026-09-23,2026-10-06,29.41176470588235,Consistently Worsening,,35.4,Monitor,Airport Sub
05,LARCENY,0,1,1,,Increasing,3,4,1,33.33,2026-09-09,2026-09-22,2026-09-23,2026-10-06,25.0,Worsening,,34.5,Monitor,Airport Sub
05,DAMAGE TO PROPERTY,0,1,1,,Increasing,3,5,2,66.67,2026-09-09,2026-09-22,2026-09-23,2026-10-06,-50.0,Improving,,29.5,Monitor,Airport Sub
09,OBSTRUCTING THE POLICE,0,1,1,,Increasing,0,1,1,,2026-09-09,2026-09-22,2026-09-23,2026-10-06,-16.666666666666668,Improving,,29.5,Monitor,Airport Sub
11,DISORDERLY CONDUCT,0,1,1,,Increasing,0,1,1,,2026-09-09,2026-09-22,2026-09-23,2026-10-06,0.0,Stable,,29.5,Monitor,Airport Sub
11,ASSAULT,4,2,-2,-50.0,Decreasing,5,4,-1,-20.0,2026-09-09,2026-09-22,2026-09-23,2026-10-06,25.0,Worsening,-30.0,24.8,Monitor,Airport Sub
11,DAMAGE TO PROPERTY,1,1,0,0.0,No Change,3,5,2,66.67,2026-09-09,2026-09-22,2026-09-23,2026-10-06,5.2631578947368425,Worsening,-66.67,13.6,Monitor,Airport Sub
05,FRAUD,1,1,0,0.0,No Change,1,3,2,200.0,2026-09-09,2026-09-22,2026-09-23,2026-10-06,-50.0,Consistently Improving,-200.0,12.5,Monitor,Airport Sub
07,ARSON,1,0,-1,-100.0,Decreasing,1,0,-1,-100.0,2026-09-09,2026-09-22,2026-09-23,2026-10-06,133.33333333333334,Consistently Worsening,0.0,10.0,Monitor,Airport Sub
11,LARCENY,2,0,-2,-100.0,Decreasing,3,4,1,33.33,2026-09-09,2026-09-22,2026-09-23,2026-10-06,55.0,Worsening,-133.32999999999998,10.0,Monitor,Airport Sub
11,AGGRAVATED ASSAULT,3,0,-3,-100.0,Decreasing,4,0,-4,-100.0,2026-09-09,2026-09-22,2026-09-23,2026-10-06,5.0,Consistently Worsening,0.0,1.0,Monitor,Airport Sub
07,AGGRAVATED ASSAULT,1,0,-1,-100.0,Decreasing,4,0,-4,-100.0,2026-09-09,2026-09-22,2026-09-23,2026-10-06,-31.57894736842105,Improving,0.0,0.0,Monitor,Airport Sub
07,BURGLARY,1,0,-1,-100.0,Decreasing,1,1,0,0.0,2026-09-09,2026-09-22,2026-09-23,2026-10-06,-22.727272727272727,Improving,-100.0,0.0,Monitor,Airport Sub
07,STOLEN VEHICLE,3,0,-3,-100.0,Decreasing,4,0,-4,-100.0,2026-09-09,2026-09-22,2026-09-23,2026-10-06,-10.0,Consistently Improving,0.0,0.0,Monitor,Airport Sub
09,STOLEN PROPERTY,1,0,-1,-100.0,Decreasing,3,2,-1,-33.33,2026-09-09,2026-09-22,2026-09-23,2026-10-06,,Worsening,-66.67,0.0,Monitor,Airport Sub
11,DANGEROUS DRUGS,1,0,-1,-100.0,Decreasing,1,0,-1,-100.0,2026-09-09,2026-09-22,2026-09-23,2026-10-06,,Worsening,0.0,0.0,Monitor,Airport Sub
11,RUNAWAY,1,0,-1,-100.0,Decreasing,1,0,-1,-100.0,2026-09-09,2026-09-22,2026-09-23,2026-10-06,,Worsening,0.0,0.0,Monitor,Airport Sub
11,STOLEN PROPERTY,1,0,-1,-100.0,Decreasing,3,2,-1,-33.33,2026-09-09,2026-09-22,2026-09-23,2026-10-06,-50.0,Improving,-66.67,0.0,Monitor,Airport Sub
11,STOLEN VEHICLE,1,0,-1,-100.0,Decreasing,4,0,-4,-100.0,2026-09-09,2026-09-22,2026-09-23,2026-10-06,-5.882352941176471,Consistently Improving,0.0,0.0,Monitor,Airport Sub
03,FRAUD,0,1,1,,Increasing,0,1,1,,2026-09-05,2026-09-18,2026-09-19,2026-10-02,-50.0,Improving,,57.0,Monitor,Arden Park
03,STOLEN VEHICLE,0,1,1,,Increasing,0,1,1,,2026-09-05,2026-09-18,2026-09-19,2026-10-02,-66.66666666666667,Improving,,57.0,Monitor,Arden Park
02,ASSAULT,1,2,1,100.0,Increasing,1,2,1,100.0,2026-09-09,2026-09-22,2026-09-23,2026-10-06,38.46153846153846,Worsening,0.0,82.7,Monitor,Aviation Sub
02,BURGLARY,0,1,1,,Increasing,0,1,1,,2026-09-09,2026-09-22,2026-09-23,2026-10-06,27.272727272727273,Worsening,,53.2,Monitor,Aviation Sub
02,AGGRAVATED ASSAULT,2,2,0,0.0,No Change,2,2,0,0.0,2026-09-09,2026-09-22,2026-09-23,2026-10-06,110.0,Worsening,0.0,35.0,Monitor,Aviation Sub
02,FRAUD,3,0,-3,-100.0,Decreasing,3,0,-3,-100.0,2026-09-09,2026-09-22,2026-09-23,2026-10-06,90.0,Worsening,0.0,10.0,Monitor,Aviation Sub
02,DAMAGE TO PROPERTY,4,0,-4,-100.0,Decreasing,4,0,-4,-100.0,2026-09-09,2026-09-22,2026-09-23,2026-10-06,40.0,Worsening,0.0,8.0,Monitor,Aviation Sub
02,STOLEN VEHICLE,3,0,-3,-100.0,Decreasing,3,0,-3,-100.0,2026-09-09,2026-09-22,2026-09-23,2026-10-06,14.285714285714286,Worsening,0.0,2.9,Monitor,Aviation Sub
02,LARCENY,1,0,-1,-100.0,Decreasing,1,0,-1,-100.0,2026-09-09,2026-09-22,2026-09-23,2026-10-06,0.0,Stable,0.0,0.0,Monitor,Aviation Sub
02,RUNAWAY,2,0,-2,-100.0,Decreasing,2,0,-2,-100.0,2026-09-09,2026-09-22,2026-09-23,2026-10-06,,Worsening,0.0,0.0,Monitor,Aviation Sub
12,ASSAULT,2,6,4,200.0,Increasing,2,6,4,200.0,2026-09-09,2026-09-22,2026-09-23,2026-10-06,2.0689655172413794,Worsening,0.0,75.4,Watch,Bagley
12,STOLEN VEHICLE,2,5,3,150.0,Increasing,2,5,3,150.0,2026-09-09,2026-09-22,2026-09-23,2026-10-06,-27.586206896551722,Consistently Improving,0.0,65.5,Watch,Bagley
12,OBSTRUCTING JUDICIARY,1,2,1,100.0,Increasing,1,2,1,100.0,2026-09-09,2026-09-22,2026-09-23,2026-10-06,150.0,Worsening,0.0,51.6,Monitor,Bagley
12,WEAPONS OFFENSES,1,2,1,100.0,Increasing,1,2,1,100.0,2026-09-09,2026-09-22,2026-09-23,2026-10-06,33.333333333333336,Worsening,0.0,48.3,Monitor,Bagley
12,BURGLARY,0,3,3,,Increasing,0,3,3,,2026-09-09,2026-09-22,2026-09-23,2026-10-06,-41.53846153846154,Improving,,46.3,Monitor,Bagley
12,LARCENY,3,4,1,33.33,Increasing,3,4,1,33.33,2026-09-09,2026-09-22,2026-09-23,2026-10-06,-23.026315789473685,Improving,0.0,34.8,Monitor,Bagley
12,AGGRAVATED ASSAULT,0,1,1,,Increasing,0,1,1,,2026-09-09,2026-09-22,2026-09-23,2026-10-06,-3.125,Improving,,18.4,Monitor,Bagley
12,DAMAGE TO PROPERTY,3,2,-1,-33.33,Decreasing,3,2,-1,-33.33,2026-09-09,2026-09-22,2026-09-23,2026-10-06,-22.131147540983605,Improving,0.0,14.1,Monitor,Bagley
12,RUNAWAY,2,2,0,0.0,No Change,2,2,0,0.0,2026-09-09,2026-09-22,2026-09-23,2026-10-06,-29.62962962962963,Improving,0.0,14.1,Monitor,Bagley
12,OBSTRUCTING THE POLICE,1,1,0,0.0,No Change,1,1,0,0.0,2026-09-09,2026-09-22,2026-09-23,2026-10-06,-16.666666666666668,Improving,0.0,8.9,Monitor,Bagley
12,SEXUAL ASSAULT,2,0,-2,-100.0,Decreasing,2,0,-2,-100.0,2026-09-09,2026-09-22,2026-09-23,2026-10-06,33.333333333333336,Worsening,0.0,6.7,Monitor,Bagley
12,FRAUD,1,0,-1,-100.0,Decreasing,1,0,-1,-100.0,2026-09-09,2026-09-22,2026-09-23,2026-10-06,0.0,Stable,0.0,0.0,Monitor,Bagley
12,ROBBERY,1,0,-1,-100.0,Decreasing,1,0,-1,-100.0,2026-09-09,2026-09-22,2026-09-23,2026-10-06,-26.666666666666668,Improving,0.0,0.0,Monitor,Bagley
02,AGGRAVATED ASSAULT,2,3,1,50.0,Increasing,2,3,1,50.0,2026-09-09,2026-09-22,2026-09-23,2026-10-06,-19.81981981981982,Improving,0.0,53.9,Monitor,Barton-McFarland
02,BURGLARY,3,4,1,33.33,Increasing,3,4,1,33.33,2026-09-09,2026-09-22,2026-09-23,2026-10-06,-29.885057471264368,Improving,0.0,52.9,Monitor,Barton-McFarland
02,STOLEN VEHICLE,3,4,1,33.33,Increasing,3,4,1,33.33,2026-09-09,2026-09-22,2026-09-23,2026-10-06,-13.636363636363637,Consistently Improving,0.0,52.9,Monitor,Barton-McFarland
02,STOLEN PROPERTY,0,1,1,,Increasing,0,1,1,,2026-09-09,2026-09-22,2026-09-23,2026-10-06,-43.75,Consistently Improving,,39.0,Monitor,Barton-McFarland
02,ASSAULT,11,11,0,0.0,No Change,11,11,0,0.0,2026-09-09,2026-09-22,2026-09-23,2026-10-06,18.385650224215247,Worsening,0.0,28.7,Monitor,Barton-McFarland
02,DAMAGE TO PROPERTY,6,6,0,0.0,No Change,6,6,0,0.0,2026-09-09,2026-09-22,2026-09-23,2026-10-06,5.839416058394161,Consistently Worsening,0.0,20.7,Monitor,Barton-McFarland
02,FRAUD,3,2,-1,-33.33,Decreasing,3,2,-1,-33.33,2026-09-09,2026-09-22,2026-09-23,2026-10-06,30.18867924528302,Worsening,0.0,17.1,Monitor,Barton-McFarland
02,LARCENY,10,3,-7,-70.0,Decreasing,10,3,-7,-70.0,2026-09-09,2026-09-22,2026-09-23,2026-10-06,1.8867924528301887,Stable,0.0,14.3,Monitor,Barton-McFarland
02,WEAPONS OFFENSES,4,2,-2,-50.0,Decreasing,4,2,-2,-50.0,2026-09-09,2026-09-22,2026-09-23,2026-10-06,-34.04255319148936,Consistently Improving,0.0,11.1,Monitor,Barton-McFarland
02,OBSTRUCTING THE POLICE,3,0,-3,-100.0,Decreasing,3,0,-3,-100.0,2026-09-09,2026-09-22,2026-09-23,2026-10-06,-26.08695652173913,Improving,0.0,0.0,Monitor,Barton-McFarland
07,DAMAGE TO PROPERTY,0,1,1,,Increasing,0,1,1,,2026-07-02,2026-07-15,2026-07-16,2026-07-29,,Worsening,,57.0,Monitor,Belle Isle
02,STOLEN VEHICLE,1,3,2,200.0,Increasing,1,3,2,200.0,2026-09-09,2026-09-22,2026-09-23,2026-10-06,0.0,Stable,0.0,75.0,Monitor,Belmont
02,BURGLARY,0,2,2,,Increasing,0,2,2,,2026-09-09,2026-09-22,2026-09-23,2026-10-06,28.571428571428573,Worsening,,59.5,Monitor,Belmont
02,ASSAULT,2,3,1,50.0,Increasing,2,3,1,50.0,2026-09-09,2026-09-22,2026-09-23,2026-10-06,-6.122448979591836,Consistently Improving,0.0,50.0,Monitor,Belmont
02,LARCENY,2,2,0,0.0,No Change,2,2,0,0.0,2026-09-09,2026-09-22,2026-09-23,2026-10-06,-16.666666666666668,Improving,0.0,19.8,Monitor,Belmont
02,FRAUD,1,1,0,0.0,No Change,1,1,0,0.0,2026-09-09,2026-09-22,2026-09-23,2026-10-06,0.0,Stable,0.0,12.5,Monitor,Belmont
02,OBSTRUCTING THE POLICE,1,0,-1,-100.0,Decreasing,1,0,-1,-100.0,2026-09-09,2026-09-22,2026-09-23,2026-10-06,33.333333333333336,Consistently Worsening,0.0,6.7,Monitor,Belmont
02,DAMAGE TO PROPERTY,1,0,-1,-100.0,Decreasing,1,0,-1,-100.0,2026-09-09,2026-09-22,2026-09-23,2026-10-06,-18.181818181818183,Consistently Improving,0.0,0.0,Monitor,Belmont
08,BURGLARY,1,4,3,300.0,Increasing,1,4,3,300.0,2026-09-07,2026-09-20,2026-09-21,2026-10-04,-38.46153846153846,Consistently Improving,0.0,75.0,Monitor,Berg-Lahser
08,AGGRAVATED ASSAULT,1,2,1,100.0,Increasing,1,2,1,100.0,2026-09-07,2026-09-20,2026-09-21,2026-10-04,-34.375,Improving,0.0,47.1,Monitor,Berg-Lahser
08,ASSAULT,3,4,1,33.33,Increasing,3,4,1,33.33,2026-09-07,2026-09-20,2026-09-21,2026-10-04,14.285714285714286,Consistently Worsening,0.0,44.5,Monitor,Berg-Lahser
08,LARCENY,0,1,1,,Increasing,0,1,1,,2026-09-07,2026-09-20,2026-09-21,2026-10-04,20.0,Consistently Worsening,,26.8,Monitor,Berg-Lahser
08,FRAUD,0,1,1,,Increasing,0,1,1,,2026-09-07,2026-09-20,2026-09-21,2026-10-04,-58.8235294117647,Improving,,22.8,Monitor,Berg-Lahser
08,ROBBERY,0,1,1,,Increasing,0,1,1,,2026-09-07,2026-09-20,2026-09-21,2026-10-04,-20.0,Improving,,22.8,Monitor,Berg-Lahser
08,STOLEN VEHICLE,0,1,1,,Increasing,0,1,1,,2026-09-07,2026-09-20,2026-09-21,2026-10-04,-3.8461538461538463,Consistently Improving,,22.8,Monitor,Berg-Lahser
08,WEAPONS OFFENSES,0,1,1,,Increasing,0,1,1,,2026-09-07,2026-09-20,2026-09-21,2026-10-04,-37.5,Improving,,22.8,Monitor,Berg-Lahser
08,DAMAGE TO PROPERTY,3,1,-2,-66.67,Decreasing,3,1,-2,-66.67,2026-09-07,2026-09-20,2026-09-21,2026-10-04,100.0,Worsening,0.0,20.8,Monitor,Berg-Lahser
08,DISORDERLY CONDUCT,1,0,-1,-100.0,Decreasing,1,0,-1,-100.0,2026-09-07,2026-09-20,2026-09-21,2026-10-04,,Worsening,0.0,0.0,Monitor,Berg-Lahser
08,RUNAWAY,1,0,-1,-100.0,Decreasing,1,0,-1,-100.0,2026-09-07,2026-09-20,2026-09-21,2026-10-04,-20.0,Improving,0.0,0.0,Monitor,Berg-Lahser
02,DAMAGE TO PROPERTY,5,7,2,40.0,Increasing,8,9,1,12.5,2026-09-09,2026-09-22,2026-09-23,2026-10-06,-14.285714285714286,Consistently Improving,27.5,68.8,Watch,Bethune Community
02,ASSAULT,10,9,-1,-10.0,Decreasing,14,11,-3,-21.43,2026-09-09,2026-09-22,2026-09-23,2026-10-06,-4.615384615384615,Improving,11.43,28.4,Monitor,Bethune Community
12,RUNAWAY,0,1,1,,Increasing,1,1,0,0.0,2026-09-09,2026-09-22,2026-09-23,2026-10-06,14.285714285714286,Consistently Worsening,,27.4,Monitor,Bethune Community
12,FRAUD,0,1,1,,Increasing,7,5,-2,-28.57,2026-09-09,2026-09-22,2026-09-23,2026-10-06,-14.285714285714286,Consistently Improving,,24.5,Monitor,Bethune Community
12,OBSTRUCTING THE POLICE,0,1,1,,Increasing,2,3,1,50.0,2026-09-09,2026-09-22,2026-09-23,2026-10-06,-12.5,Improving,,24.5,Monitor,Bethune Community
12,WEAPONS OFFENSES,0,1,1,,Increasing,2,3,1,50.0,2026-09-09,2026-09-22,2026-09-23,2026-10-06,-65.51724137931035,Improving,,24.5,Monitor,Bethune Community
02,STOLEN VEHICLE,4,3,-1,-25.0,Decreasing,9,5,-4,-44.44,2026-09-09,2026-09-22,2026-09-23,2026-10-06,9.75609756097561,Worsening,19.439999999999998,22.8,Monitor,Bethune Community
02,AGGRAVATED ASSAULT,5,3,-2,-40.0,Decreasing,8,4,-4,-50.0,2026-09-09,2026-09-22,2026-09-23,2026-10-06,-1.1627906976744187,Stable,10.0,18.1,Monitor,Bethune Community
02,FRAUD,7,4,-3,-42.86,Decreasing,7,5,-2,-28.57,2026-09-09,2026-09-22,2026-09-23,2026-10-06,-34.24657534246575,Improving,-14.29,17.5,Monitor,Bethune Community
02,LARCENY,6,4,-2,-33.33,Decreasing,9,6,-3,-33.33,2026-09-09,2026-09-22,2026-09-23,2026-10-06,-2.5974025974025974,Consistently Improving,0.0,17.5,Monitor,Bethune Community
02,BURGLARY,2,1,-1,-50.0,Decreasing,4,1,-3,-75.0,2026-09-09,2026-09-22,2026-09-23,2026-10-06,2.4390243902439024,Worsening,25.0,15.5,Monitor,Bethune Community
12,DAMAGE TO PROPERTY,3,2,-1,-33.33,Decreasing,8,9,1,12.5,2026-09-09,2026-09-22,2026-09-23,2026-10-06,7.352941176470588,Consistently Worsening,-45.83,13.4,Monitor,Bethune Community
02,OBSTRUCTING THE POLICE,2,2,0,0.0,No Change,2,3,1,50.0,2026-09-09,2026-09-22,2026-09-23,2026-10-06,4.166666666666667,Consistently Worsening,-50.0,12.8,Monitor,Bethune Community
02,WEAPONS OFFENSES,2,2,0,0.0,No Change,2,3,1,50.0,2026-09-09,2026-09-22,2026-09-23,2026-10-06,-31.48148148148148,Improving,-50.0,11.9,Monitor,Bethune Community
12,ASSAULT,4,2,-2,-50.0,Decreasing,14,11,-3,-21.43,2026-09-09,2026-09-22,2026-09-23,2026-10-06,-10.416666666666666,Improving,-28.57,11.9,Monitor,Bethune Community
12,LARCENY,3,2,-1,-33.33,Decreasing,9,6,-3,-33.33,2026-09-09,2026-09-22,2026-09-23,2026-10-06,-8.641975308641975,Improving,0.0,11.9,Monitor,Bethune Community
12,STOLEN VEHICLE,5,2,-3,-60.0,Decreasing,9,5,-4,-44.44,2026-09-09,2026-09-22,2026-09-23,2026-10-06,-20.58823529411765,Improving,-15.560000000000002,11.9,Monitor,Bethune Community
12,OBSTRUCTING JUDICIARY,1,0,-1,-100.0,Decreasing,1,0,-1,-100.0,2026-09-09,2026-09-22,2026-09-23,2026-10-06,250.0,Worsening,0.0,10.0,Monitor,Bethune Community
12,ROBBERY,1,0,-1,-100.0,Decreasing,1,0,-1,-100.0,2026-09-09,2026-09-22,2026-09-23,2026-10-06,233.33333333333334,Consistently Worsening,0.0,10.0,Monitor,Bethune Community
12,SEXUAL ASSAULT,1,0,-1,-100.0,Decreasing,1,0,-1,-100.0,2026-09-09,2026-09-22,2026-09-23,2026-10-06,50.0,Worsening,0.0,10.0,Monitor,Bethune Community
12,AGGRAVATED ASSAULT,3,1,-2,-66.67,Decreasing,8,4,-4,-50.0,2026-09-09,2026-09-22,2026-09-23,2026-10-06,2.5,Consistently Worsening,-16.67,8.0,Monitor,Bethune Community
02,INVASION OF PRIVACY -OTHER,1,1,0,0.0,No Change,1,1,0,0.0,2026-09-09,2026-09-22,2026-09-23,2026-10-06,,Worsening,0.0,7.5,Monitor,Bethune Community
02,ARSON,1,0,-1,-100.0,Decreasing,1,0,-1,-100.0,2026-09-09,2026-09-22,2026-09-23,2026-10-06,25.0,Consistently Worsening,0.0,5.0,Monitor,Bethune Community
12,BURGLARY,2,0,-2,-100.0,Decreasing,4,1,-3,-75.0,2026-09-09,2026-09-22,2026-09-23,2026-10-06,5.2631578947368425,Consistently Worsening,-25.0,1.1,Monitor,Bethune Community
02,RUNAWAY,1,0,-1,-100.0,Decreasing,1,1,0,0.0,2026-09-09,2026-09-22,2026-09-23,2026-10-06,0.0,Stable,-100.0,0.0,Monitor,Bethune Community
02,STOLEN PROPERTY,1,0,-1,-100.0,Decreasing,1,0,-1,-100.0,2026-09-09,2026-09-22,2026-09-23,2026-10-06,-72.5,Improving,0.0,0.0,Monitor,Bethune Community
12,ASSAULT,0,1,1,,Increasing,0,1,1,,2026-09-03,2026-09-16,2026-09-17,2026-09-30,-51.851851851851855,Improving,,57.0,Monitor,Blackstone Park
12,FRAUD,0,1,1,,Increasing,0,1,1,,2026-09-03,2026-09-16,2026-09-17,2026-09-30,-36.36363636363637,Consistently Improving,,57.0,Monitor,Blackstone Park
12,LARCENY,0,1,1,,Increasing,0,1,1,,2026-09-03,2026-09-16,2026-09-17,2026-09-30,-14.285714285714286,Consistently Improving,,57.0,Monitor,Blackstone Park
12,STOLEN VEHICLE,0,1,1,,Increasing,0,1,1,,2026-09-03,2026-09-16,2026-09-17,2026-09-30,-25.0,Consistently Improving,,57.0,Monitor,Blackstone Park
12,AGGRAVATED ASSAULT,1,0,-1,-100.0,Decreasing,1,0,-1,-100.0,2026-09-03,2026-09-16,2026-09-17,2026-09-30,-33.333333333333336,Consistently Improving,0.0,0.0,Monitor,Blackstone Park
12,DAMAGE TO PROPERTY,2,0,-2,-100.0,Decreasing,2,0,-2,-100.0,2026-09-03,2026-09-16,2026-09-17,2026-09-30,-6.25,Consistently Improving,0.0,0.0,Monitor,Blackstone Park
10,AGGRAVATED ASSAULT,0,2,2,,Increasing,0,2,2,,2026-09-01,2026-09-14,2026-09-15,2026-09-28,150.0,Worsening,,69.0,Monitor,Boston Edison
10,STOLEN VEHICLE,0,1,1,,Increasing,0,1,1,,2026-09-01,2026-09-14,2026-09-15,2026-09-28,-10.0,Improving,,32.8,Monitor,Boston Edison
10,LARCENY,4,2,-2,-50.0,Decreasing,4,2,-2,-50.0,2026-09-01,2026-09-14,2026-09-15,2026-09-28,-28.125,Improving,0.0,25.0,Monitor,Boston Edison
10,ASSAULT,2,0,-2,-100.0,Decreasing,2,0,-2,-100.0,2026-09-01,2026-09-14,2026-09-15,2026-09-28,27.272727272727273,Worsening,0.0,5.5,Monitor,Boston Edison
10,FRAUD,1,0,-1,-100.0,Decreasing,1,0,-1,-100.0,2026-09-01,2026-09-14,2026-09-15,2026-09-28,-22.22222222222222,Consistently Improving,0.0,0.0,Monitor,Boston Edison
10,WEAPONS OFFENSES,1,0,-1,-100.0,Decreasing,1,0,-1,-100.0,2026-09-01,2026-09-14,2026-09-15,2026-09-28,-50.0,Improving,0.0,0.0,Monitor,Boston Edison
04,DAMAGE TO PROPERTY,0,3,3,,Increasing,0,3,3,,2026-09-08,2026-09-21,2026-09-22,2026-10-05,-28.88888888888889,Consistently Improving,,61.0,Monitor,Boynton
04,ASSAULT,3,3,0,0.0,No Change,3,3,0,0.0,2026-09-08,2026-09-21,2026-09-22,2026-10-05,16.27906976744186,Worsening,0.0,28.3,Monitor,Boynton
04,OBSTRUCTING JUDICIARY,1,1,0,0.0,No Change,1,1,0,0.0,2026-09-08,2026-09-21,2026-09-22,2026-10-05,133.33333333333334,Consistently Worsening,0.0,22.5,Monitor,Boynton
04,LARCENY,5,2,-3,-60.0,Decreasing,5,2,-3,-60.0,2026-09-08,2026-09-21,2026-09-22,2026-10-05,-32.20338983050848,Consistently Improving,0.0,19.8,Monitor,Boynton
04,AGGRAVATED ASSAULT,1,1,0,0.0,No Change,1,1,0,0.0,2026-09-08,2026-09-21,2026-09-22,2026-10-05,-20.37037037037037,Improving,0.0,12.5,Monitor,Boynton
04,FRAUD,1,1,0,0.0,No Change,1,1,0,0.0,2026-09-08,2026-09-21,2026-09-22,2026-10-05,-13.953488372093023,Consistently Improving,0.0,12.5,Monitor,Boynton
04,FAMILY OFFENSE,1,0,-1,-100.0,Decreasing,1,0,-1,-100.0,2026-09-08,2026-09-21,2026-09-22,2026-10-05,50.0,Worsening,0.0,10.0,Monitor,Boynton
04,OBSTRUCTING THE POLICE,2,0,-2,-100.0,Decreasing,2,0,-2,-100.0,2026-09-08,2026-09-21,2026-09-22,2026-10-05,8.333333333333334,Consistently Worsening,0.0,1.7,Monitor,Boynton
04,BURGLARY,1,0,-1,-100.0,Decreasing,1,0,-1,-100.0,2026-09-08,2026-09-21,2026-09-22,2026-10-05,-33.333333333333336,Improving,0.0,0.0,Monitor,Boynton
04,STOLEN VEHICLE,1,0,-1,-100.0,Decreasing,1,0,-1,-100.0,2026-09-08,2026-09-21,2026-09-22,2026-10-05,-26.923076923076923,Improving,0.0,0.0,Monitor,Boynton
03,ASSAULT,0,1,1,,Increasing,0,1,1,,2026-08-30,2026-09-12,2026-09-13,2026-09-26,100.0,Worsening,,67.0,Monitor,Brewster Homes
03,RUNAWAY,0,1,1,,Increasing,0,1,1,,2026-08-30,2026-09-12,2026-09-13,2026-09-26,0.0,Stable,,57.0,Monitor,Brewster Homes
08,AGGRAVATED ASSAULT,1,6,5,500.0,Increasing,2,11,9,450.0,2026-09-09,2026-09-22,2026-09-23,2026-10-06,12.0,Worsening,50.0,89.5,Watch,Brightmoor
08,DAMAGE TO PROPERTY,2,5,3,150.0,Increasing,6,7,1,16.67,2026-09-09,2026-09-22,2026-09-23,2026-10-06,29.545454545454547,Worsening,133.32999999999998,79.3,Watch,Brightmoor
06,AGGRAVATED ASSAULT,1,5,4,400.0,Increasing,2,11,9,450.0,2026-09-09,2026-09-22,2026-09-23,2026-10-06,5.882352941176471,Consistently Worsening,-50.0,65.6,Watch,Brightmoor
06,ASSAULT,6,8,2,33.33,Increasing,14,11,-3,-21.43,2026-09-09,2026-09-22,2026-09-23,2026-10-06,14.64968152866242,Consistently Worsening,54.76,61.6,Watch,Brightmoor
06,BURGLARY,1,3,2,200.0,Increasing,4,3,-1,-25.0,2026-09-09,2026-09-22,2026-09-23,2026-10-06,-31.11111111111111,Consistently Improving,225.0,62.8,Monitor,Brightmoor
06,KIDNAPPING,0,1,1,,Increasing,0,1,1,,2026-09-09,2026-09-22,2026-09-23,2026-10-06,200.0,Worsening,,25.9,Monitor,Brightmoor
08,ROBBERY,0,1,1,,Increasing,0,1,1,,2026-09-09,2026-09-22,2026-09-23,2026-10-06,40.0,Worsening,,23.9,Monitor,Brightmoor
06,FRAUD,1,1,0,0.0,No Change,3,1,-2,-66.67,2026-09-09,2026-09-22,2026-09-23,2026-10-06,-16.666666666666668,Consistently Improving,66.67,22.9,Monitor,Brightmoor
08,OBSTRUCTING THE POLICE,2,1,-1,-50.0,Decreasing,3,1,-2,-66.67,2026-09-09,2026-09-22,2026-09-23,2026-10-06,71.42857142857143,Worsening,16.67,22.9,Monitor,Brightmoor
08,ASSAULT,8,3,-5,-62.5,Decreasing,14,11,-3,-21.43,2026-09-09,2026-09-22,2026-09-23,2026-10-06,34.61538461538461,Worsening,-41.07,22.7,Monitor,Brightmoor
08,LARCENY,3,2,-1,-33.33,Decreasing,7,3,-4,-57.14,2026-09-09,2026-09-22,2026-09-23,2026-10-06,-22.22222222222222,Improving,23.810000000000002,19.6,Monitor,Brightmoor
06,OBSTRUCTING JUDICIARY,0,1,1,,Increasing,0,1,1,,2026-09-09,2026-09-22,2026-09-23,2026-10-06,12.5,Worsening,,18.4,Monitor,Brightmoor
06,LARCENY,4,1,-3,-75.0,Decreasing,7,3,-4,-57.14,2026-09-09,2026-09-22,2026-09-23,2026-10-06,24.59016393442623,Worsening,-17.86,12.8,Monitor,Brightmoor
06,DAMAGE TO PROPERTY,4,2,-2,-50.0,Decreasing,6,7,1,16.67,2026-09-09,2026-09-22,2026-09-23,2026-10-06,-9.278350515463918,Improving,-66.67,12.5,Monitor,Brightmoor
06,RUNAWAY,2,0,-2,-100.0,Decreasing,3,0,-3,-100.0,2026-09-09,2026-09-22,2026-09-23,2026-10-06,250.0,Worsening,0.0,10.0,Monitor,Brightmoor
08,WEAPONS OFFENSES,1,0,-1,-100.0,Decreasing,1,0,-1,-100.0,2026-09-09,2026-09-22,2026-09-23,2026-10-06,46.15384615384615,Worsening,0.0,9.2,Monitor,Brightmoor
08,BURGLARY,3,0,-3,-100.0,Decreasing,4,3,-1,-25.0,2026-09-09,2026-09-22,2026-09-23,2026-10-06,42.10526315789474,Worsening,-75.0,8.4,Monitor,Brightmoor
06,STOLEN VEHICLE,4,0,-4,-100.0,Decreasing,10,0,-10,-100.0,2026-09-09,2026-09-22,2026-09-23,2026-10-06,24.390243902439025,Worsening,0.0,4.9,Monitor,Brightmoor
08,RUNAWAY,1,0,-1,-100.0,Decreasing,3,0,-3,-100.0,2026-09-09,2026-09-22,2026-09-23,2026-10-06,16.666666666666668,Consistently Worsening,0.0,3.3,Monitor,Brightmoor
06,OBSTRUCTING THE POLICE,1,0,-1,-100.0,Decreasing,3,1,-2,-66.67,2026-09-09,2026-09-22,2026-09-23,2026-10-06,14.285714285714286,Consistently Worsening,-33.33,2.9,Monitor,Brightmoor
08,STOLEN PROPERTY,1,0,-1,-100.0,Decreasing,3,0,-3,-100.0,2026-09-09,2026-09-22,2026-09-23,2026-10-06,8.333333333333334,Worsening,0.0,1.7,Monitor,Brightmoor
08,FRAUD,2,0,-2,-100.0,Decreasing,3,1,-2,-66.67,2026-09-09,2026-09-22,2026-09-23,2026-10-06,5.882352941176471,Worsening,-33.33,1.2,Monitor,Brightmoor
06,STOLEN PROPERTY,2,0,-2,-100.0,Decreasing,3,0,-3,-100.0,2026-09-09,2026-09-22,2026-09-23,2026-10-06,-11.538461538461538,Consistently Improving,0.0,0.0,Monitor,Brightmoor
08,STOLEN VEHICLE,6,0,-6,-100.0,Decreasing,10,0,-10,-100.0,2026-09-09,2026-09-22,2026-09-23,2026-10-06,-2.3255813953488373,Improving,0.0,0.0,Monitor,Brightmoor
03,ASSAULT,1,2,1,100.0,Increasing,1,2,1,100.0,2026-09-08,2026-09-21,2026-09-22,2026-10-05,166.66666666666666,Worsening,0.0,74.1,Monitor,Brush Park
03,OBSTRUCTING THE POLICE,1,2,1,100.0,Increasing,1,2,1,100.0,2026-09-08,2026-09-21,2026-09-22,2026-10-05,100.0,Consistently Worsening,0.0,74.1,Monitor,Brush Park
03,BURGLARY,1,2,1,100.0,Increasing,1,2,1,100.0,2026-09-08,2026-09-21,2026-09-22,2026-10-05,-8.333333333333334,Consistently Improving,0.0,64.1,Monitor,Brush Park
03,DISORDERLY CONDUCT,0,1,1,,Increasing,0,1,1,,2026-09-08,2026-09-21,2026-09-22,2026-10-05,0.0,Stable,,40.9,Monitor,Brush Park
03,FRAUD,0,1,1,,Increasing,0,1,1,,2026-09-08,2026-09-21,2026-09-22,2026-10-05,-25.0,Consistently Improving,,40.9,Monitor,Brush Park
03,INVASION OF PRIVACY -OTHER,0,1,1,,Increasing,0,1,1,,2026-09-08,2026-09-21,2026-09-22,2026-10-05,,Worsening,,40.9,Monitor,Brush Park
03,LARCENY,10,6,-4,-40.0,Decreasing,10,6,-4,-40.0,2026-09-08,2026-09-21,2026-09-22,2026-10-05,25.806451612903224,Worsening,0.0,30.2,Monitor,Brush Park
03,STOLEN VEHICLE,4,1,-3,-75.0,Decreasing,4,1,-3,-75.0,2026-09-08,2026-09-21,2026-09-22,2026-10-05,27.77777777777778,Worsening,0.0,14.5,Monitor,Brush Park
03,DAMAGE TO PROPERTY,8,1,-7,-87.5,Decreasing,8,1,-7,-87.5,2026-09-08,2026-09-21,2026-09-22,2026-10-05,6.451612903225806,Worsening,0.0,10.2,Monitor,Brush Park
03,OUIL,2,0,-2,-100.0,Decreasing,2,0,-2,-100.0,2026-09-08,2026-09-21,2026-09-22,2026-10-05,-50.0,Improving,0.0,0.0,Monitor,Brush Park
11,ASSAULT,0,5,5,,Increasing,0,5,5,,2026-09-08,2026-09-21,2026-09-22,2026-10-05,16.3265306122449,Consistently Worsening,,68.3,Watch,Buffalo Charles
11,BURGLARY,0,1,1,,Increasing,0,1,1,,2026-09-08,2026-09-21,2026-09-22,2026-10-05,100.0,Worsening,,27.7,Monitor,Buffalo Charles
11,AGGRAVATED ASSAULT,0,1,1,,Increasing,0,1,1,,2026-09-08,2026-09-21,2026-09-22,2026-10-05,-38.46153846153846,Improving,,17.7,Monitor,Buffalo Charles
11,LARCENY,1,1,0,0.0,No Change,1,1,0,0.0,2026-09-08,2026-09-21,2026-09-22,2026-10-05,-14.0,Improving,0.0,9.7,Monitor,Buffalo Charles
11,DAMAGE TO PROPERTY,2,0,-2,-100.0,Decreasing,2,0,-2,-100.0,2026-09-08,2026-09-21,2026-09-22,2026-10-05,15.151515151515152,Worsening,0.0,3.0,Monitor,Buffalo Charles
11,STOLEN VEHICLE,1,0,-1,-100.0,Decreasing,1,0,-1,-100.0,2026-09-08,2026-09-21,2026-09-22,2026-10-05,-12.5,Consistently Improving,0.0,0.0,Monitor,Buffalo Charles
11,AGGRAVATED ASSAULT,0,2,2,,Increasing,0,2,2,,2026-09-08,2026-09-21,2026-09-22,2026-10-05,0.0,Stable,,53.8,Monitor,Butler
11,OBSTRUCTING THE POLICE,0,1,1,,Increasing,0,1,1,,2026-09-08,2026-09-21,2026-09-22,2026-10-05,50.0,Worsening,,39.5,Monitor,Butler
11,BURGLARY,0,1,1,,Increasing,0,1,1,,2026-09-08,2026-09-21,2026-09-22,2026-10-05,30.0,Worsening,,35.5,Monitor,Butler
11,RUNAWAY,0,1,1,,Increasing,0,1,1,,2026-09-08,2026-09-21,2026-09-22,2026-10-05,,Worsening,,29.5,Monitor,Butler
11,ASSAULT,4,3,-1,-25.0,Decreasing,4,3,-1,-25.0,2026-09-08,2026-09-21,2026-09-22,2026-10-05,-3.4482758620689653,Improving,0.0,25.0,Monitor,Butler
11,LARCENY,4,2,-2,-50.0,Decreasing,4,2,-2,-50.0,2026-09-08,2026-09-21,2026-09-22,2026-10-05,13.793103448275861,Consistently Worsening,0.0,22.6,Monitor,Butler
11,DAMAGE TO PROPERTY,1,1,0,0.0,No Change,1,1,0,0.0,2026-09-08,2026-09-21,2026-09-22,2026-10-05,-46.875,Improving,0.0,12.5,Monitor,Butler
11,ARSON,1,0,-1,-100.0,Decreasing,1,0,-1,-100.0,2026-09-08,2026-09-21,2026-09-22,2026-10-05,,Worsening,0.0,0.0,Monitor,Butler
11,FRAUD,1,0,-1,-100.0,Decreasing,1,0,-1,-100.0,2026-09-08,2026-09-21,2026-09-22,2026-10-05,-55.172413793103445,Improving,0.0,0.0,Monitor,Butler
11,SEXUAL ASSAULT,1,0,-1,-100.0,Decreasing,1,0,-1,-100.0,2026-09-08,2026-09-21,2026-09-22,2026-10-05,0.0,Stable,0.0,0.0,Monitor,Butler
11,STOLEN VEHICLE,1,0,-1,-100.0,Decreasing,1,0,-1,-100.0,2026-09-08,2026-09-21,2026-09-22,2026-10-05,-6.25,Consistently Improving,0.0,0.0,Monitor,Butler
02,WEAPONS OFFENSES,0,1,1,,Increasing,0,1,1,,2026-09-08,2026-09-21,2026-09-22,2026-10-05,33.333333333333336,Worsening,,54.4,Monitor,Cadillac Community
02,AGGRAVATED ASSAULT,0,1,1,,Increasing,0,1,1,,2026-09-08,2026-09-21,2026-09-22,2026-10-05,-50.0,Improving,,47.8,Monitor,Cadillac Community
02,STOLEN PROPERTY,0,1,1,,Increasing,0,1,1,,2026-09-08,2026-09-21,2026-09-22,2026-10-05,-50.0,Improving,,47.8,Monitor,Cadillac Community
02,DAMAGE TO PROPERTY,2,2,0,0.0,No Change,2,2,0,0.0,2026-09-08,2026-09-21,2026-09-22,2026-10-05,100.0,Worsening,0.0,35.0,Monitor,Cadillac Community
02,LARCENY,1,1,0,0.0,No Change,1,1,0,0.0,2026-09-08,2026-09-21,2026-09-22,2026-10-05,111.11111111111111,Worsening,0.0,25.8,Monitor,Cadillac Community
02,FRAUD,2,2,0,0.0,No Change,2,2,0,0.0,2026-09-08,2026-09-21,2026-09-22,2026-10-05,0.0,Stable,0.0,25.0,Monitor,Cadillac Community
02,ASSAULT,2,1,-1,-50.0,Decreasing,2,1,-1,-50.0,2026-09-08,2026-09-21,2026-09-22,2026-10-05,26.31578947368421,Consistently Worsening,0.0,21.0,Monitor,Cadillac Community
11,BURGLARY,2,3,1,50.0,Increasing,2,3,1,50.0,2026-09-09,2026-09-22,2026-09-23,2026-10-06,66.66666666666667,Worsening,0.0,75.0,Monitor,Cadillac Heights
11,ARSON,0,1,1,,Increasing,0,1,1,,2026-09-09,2026-09-22,2026-09-23,2026-10-06,-50.0,Consistently Improving,,44.5,Monitor,Cadillac Heights
11,FRAUD,0,1,1,,Increasing,0,1,1,,2026-09-09,2026-09-22,2026-09-23,2026-10-06,-35.714285714285715,Consistently Improving,,44.5,Monitor,Cadillac Heights
11,STOLEN PROPERTY,0,1,1,,Increasing,0,1,1,,2026-09-09,2026-09-22,2026-09-23,2026-10-06,-18.181818181818183,Improving,,44.5,Monitor,Cadillac Heights
11,ASSAULT,5,2,-3,-60.0,Decreasing,5,2,-3,-60.0,2026-09-09,2026-09-22,2026-09-23,2026-10-06,5.357142857142857,Consistently Worsening,0.0,20.9,Monitor,Cadillac Heights
11,DAMAGE TO PROPERTY,2,1,-1,-50.0,Decreasing,2,1,-1,-50.0,2026-09-09,2026-09-22,2026-09-23,2026-10-06,0.0,Stable,0.0,12.5,Monitor,Cadillac Heights
11,LARCENY,2,1,-1,-50.0,Decreasing,2,1,-1,-50.0,2026-09-09,2026-09-22,2026-09-23,2026-10-06,-11.538461538461538,Improving,0.0,12.5,Monitor,Cadillac Heights
11,DANGEROUS DRUGS,1,0,-1,-100.0,Decreasing,1,0,-1,-100.0,2026-09-09,2026-09-22,2026-09-23,2026-10-06,228.57142857142858,Worsening,0.0,10.0,Monitor,Cadillac Heights
11,FAMILY OFFENSE,1,0,-1,-100.0,Decreasing,1,0,-1,-100.0,2026-09-09,2026-09-22,2026-09-23,2026-10-06,100.0,Worsening,0.0,10.0,Monitor,Cadillac Heights
11,ROBBERY,1,0,-1,-100.0,Decreasing,1,0,-1,-100.0,2026-09-09,2026-09-22,2026-09-23,2026-10-06,200.0,Worsening,0.0,10.0,Monitor,Cadillac Heights
11,AGGRAVATED ASSAULT,3,0,-3,-100.0,Decreasing,3,0,-3,-100.0,2026-09-09,2026-09-22,2026-09-23,2026-10-06,17.24137931034483,Worsening,0.0,3.4,Monitor,Cadillac Heights
11,STOLEN VEHICLE,1,0,-1,-100.0,Decreasing,1,0,-1,-100.0,2026-09-09,2026-09-22,2026-09-23,2026-10-06,-28.571428571428573,Consistently Improving,0.0,0.0,Monitor,Cadillac Heights
11,AGGRAVATED ASSAULT,0,2,2,,Increasing,0,2,2,,2026-09-08,2026-09-21,2026-09-22,2026-10-05,333.3333333333333,Worsening,,69.0,Monitor,Campau/Banglatown
11,BURGLARY,0,1,1,,Increasing,0,1,1,,2026-09-08,2026-09-21,2026-09-22,2026-10-05,300.0,Worsening,,42.8,Monitor,Campau/Banglatown
11,DAMAGE TO PROPERTY,2,2,0,0.0,No Change,2,2,0,0.0,2026-09-08,2026-09-21,2026-09-22,2026-10-05,225.0,Worsening,0.0,35.0,Monitor,Campau/Banglatown
11,LARCENY,2,2,0,0.0,No Change,2,2,0,0.0,2026-09-08,2026-09-21,2026-09-22,2026-10-05,56.25,Worsening,0.0,35.0,Monitor,Campau/Banglatown
11,ASSAULT,1,1,0,0.0,No Change,1,1,0,0.0,2026-09-08,2026-09-21,2026-09-22,2026-10-05,55.55555555555556,Worsening,0.0,25.8,Monitor,Campau/Banglatown
11,WEAPONS OFFENSES,2,0,-2,-100.0,Decreasing,2,0,-2,-100.0,2026-09-08,2026-09-21,2026-09-22,2026-10-05,100.0,Worsening,0.0,10.0,Monitor,Campau/Banglatown
11,INVASION OF PRIVACY -OTHER,1,0,-1,-100.0,Decreasing,1,0,-1,-100.0,2026-09-08,2026-09-21,2026-09-22,2026-10-05,,Worsening,0.0,0.0,Monitor,Campau/Banglatown
11,STOLEN VEHICLE,3,0,-3,-100.0,Decreasing,3,0,-3,-100.0,2026-09-08,2026-09-21,2026-09-22,2026-10-05,0.0,Stable,0.0,0.0,Monitor,Campau/Banglatown
04,WEAPONS OFFENSES,0,2,2,,Increasing,0,2,2,,2026-08-14,2026-08-27,2026-08-28,2026-09-10,0.0,Stable,,59.0,Monitor,Carbon Works
04,LARCENY,0,1,1,,Increasing,0,1,1,,2026-08-14,2026-08-27,2026-08-28,2026-09-10,-25.0,Improving,,32.8,Monitor,Carbon Works
04,FRAUD,1,0,-1,-100.0,Decreasing,1,0,-1,-100.0,2026-08-14,2026-08-27,2026-08-28,2026-09-10,300.0,Worsening,0.0,10.0,Monitor,Carbon Works
04,STOLEN PROPERTY,2,0,-2,-100.0,Decreasing,2,0,-2,-100.0,2026-08-14,2026-08-27,2026-08-28,2026-09-10,100.0,Worsening,0.0,10.0,Monitor,Carbon Works
04,BURGLARY,1,0,-1,-100.0,Decreasing,1,0,-1,-100.0,2026-08-14,2026-08-27,2026-08-28,2026-09-10,-66.66666666666667,Improving,0.0,0.0,Monitor,Carbon Works
04,DAMAGE TO PROPERTY,1,0,-1,-100.0,Decreasing,1,0,-1,-100.0,2026-08-14,2026-08-27,2026-08-28,2026-09-10,-33.333333333333336,Improving,0.0,0.0,Monitor,Carbon Works
06,LARCENY,0,2,2,,Increasing,0,2,2,,2026-09-09,2026-09-22,2026-09-23,2026-10-06,25.0,Consistently Worsening,,58.8,Monitor,Castle Rouge
06,ASSAULT,4,3,-1,-25.0,Decreasing,4,3,-1,-25.0,2026-09-09,2026-09-22,2026-09-23,2026-10-06,53.125,Consistently Worsening,0.0,35.0,Monitor,Castle Rouge
06,BURGLARY,1,1,0,0.0,No Change,1,1,0,0.0,2026-09-09,2026-09-22,2026-09-23,2026-10-06,500.0,Worsening,0.0,22.5,Monitor,Castle Rouge
06,STOLEN VEHICLE,3,1,-2,-66.67,Decreasing,3,1,-2,-66.67,2026-09-09,2026-09-22,2026-09-23,2026-10-06,-58.8235294117647,Consistently Improving,0.0,12.5,Monitor,Castle Rouge
06,FAMILY OFFENSE,1,0,-1,-100.0,Decreasing,1,0,-1,-100.0,2026-09-09,2026-09-22,2026-09-23,2026-10-06,100.0,Worsening,0.0,10.0,Monitor,Castle Rouge
06,DAMAGE TO PROPERTY,2,0,-2,-100.0,Decreasing,2,0,-2,-100.0,2026-09-09,2026-09-22,2026-09-23,2026-10-06,14.285714285714286,Worsening,0.0,2.9,Monitor,Castle Rouge
04,OBSTRUCTING JUDICIARY,0,1,1,,Increasing,0,1,1,,2026-09-10,2026-09-23,2026-09-24,2026-10-07,0.0,Stable,,39.9,Monitor,Central Southwest
04,OBSTRUCTING THE POLICE,0,1,1,,Increasing,0,1,1,,2026-09-10,2026-09-23,2026-09-24,2026-10-07,0.0,Stable,,39.9,Monitor,Central Southwest
04,ASSAULT,8,8,0,0.0,No Change,8,8,0,0.0,2026-09-10,2026-09-23,2026-09-24,2026-10-07,3.7735849056603774,Consistently Worsening,0.0,25.8,Monitor,Central Southwest
04,LARCENY,8,5,-3,-37.5,Decreasing,8,5,-3,-37.5,2026-09-10,2026-09-23,2026-09-24,2026-10-07,13.26530612244898,Worsening,0.0,23.0,Monitor,Central Southwest
04,FRAUD,7,4,-3,-42.86,Decreasing,7,4,-3,-42.86,2026-09-10,2026-09-23,2026-09-24,2026-10-07,-36.92307692307692,Improving,0.0,18.3,Monitor,Central Southwest
04,DAMAGE TO PROPERTY,4,3,-1,-25.0,Decreasing,4,3,-1,-25.0,2026-09-10,2026-09-23,2026-09-24,2026-10-07,6.25,Worsening,0.0,17.0,Monitor,Central Southwest
04,AGGRAVATED ASSAULT,6,2,-4,-66.67,Decreasing,6,2,-4,-66.67,2026-09-10,2026-09-23,2026-09-24,2026-10-07,-7.8125,Improving,0.0,12.5,Monitor,Central Southwest
04,STOLEN VEHICLE,4,2,-2,-50.0,Decreasing,4,2,-2,-50.0,2026-09-10,2026-09-23,2026-09-24,2026-10-07,-1.5873015873015872,Stable,0.0,12.5,Monitor,Central Southwest
04,ROBBERY,1,1,0,0.0,No Change,1,1,0,0.0,2026-09-10,2026-09-23,2026-09-24,2026-10-07,-30.0,Consistently Improving,0.0,7.9,Monitor,Central Southwest
04,WEAPONS OFFENSES,2,0,-2,-100.0,Decreasing,2,0,-2,-100.0,2026-09-10,2026-09-23,2026-09-24,2026-10-07,5.555555555555555,Consistently Worsening,0.0,1.1,Monitor,Central Southwest
04,DANGEROUS DRUGS,4,0,-4,-100.0,Decreasing,4,0,-4,-100.0,2026-09-10,2026-09-23,2026-09-24,2026-10-07,-7.142857142857143,Improving,0.0,0.0,Monitor,Central Southwest
04,FAMILY OFFENSE,1,0,-1,-100.0,Decreasing,1,0,-1,-100.0,2026-09-10,2026-09-23,2026-09-24,2026-10-07,-50.0,Improving,0.0,0.0,Monitor,Central Southwest
04,HEALTH AND SAFETY,1,0,-1,-100.0,Decreasing,1,0,-1,-100.0,2026-09-10,2026-09-23,2026-09-24,2026-10-07,,Worsening,0.0,0.0,Monitor,Central Southwest
04,BURGLARY,1,2,1,100.0,Increasing,2,3,1,50.0,2026-09-07,2026-09-20,2026-09-21,2026-10-04,-36.8421052631579,Improving,50.0,84.8,Monitor,Chadsey Condon
10,DAMAGE TO PROPERTY,0,1,1,,Increasing,6,6,0,0.0,2026-09-07,2026-09-20,2026-09-21,2026-10-04,150.0,Worsening,,54.5,Monitor,Chadsey Condon
03,FRAUD,0,1,1,,Increasing,0,1,1,,2026-09-07,2026-09-20,2026-09-21,2026-10-04,0.0,Stable,,44.5,Monitor,Chadsey Condon
04,MISCELLANEOUS,0,1,1,,Increasing,0,1,1,,2026-09-07,2026-09-20,2026-09-21,2026-10-04,0.0,Stable,,44.5,Monitor,Chadsey Condon
04,RUNAWAY,0,1,1,,Increasing,0,1,1,,2026-09-07,2026-09-20,2026-09-21,2026-10-04,0.0,Stable,,44.5,Monitor,Chadsey Condon
10,AGGRAVATED ASSAULT,0,1,1,,Increasing,3,3,0,0.0,2026-09-07,2026-09-20,2026-09-21,2026-10-04,-50.0,Improving,,44.5,Monitor,Chadsey Condon
03,ASSAULT,2,2,0,0.0,No Change,5,3,-2,-40.0,2026-09-07,2026-09-20,2026-09-21,2026-10-04,137.5,Worsening,40.0,41.8,Monitor,Chadsey Condon
03,DAMAGE TO PROPERTY,4,3,-1,-25.0,Decreasing,6,6,0,0.0,2026-09-07,2026-09-20,2026-09-21,2026-10-04,114.28571428571429,Worsening,-25.0,35.0,Monitor,Chadsey Condon
03,LARCENY,1,1,0,0.0,No Change,4,3,-1,-25.0,2026-09-07,2026-09-20,2026-09-21,2026-10-04,70.58823529411765,Consistently Worsening,25.0,30.0,Monitor,Chadsey Condon
04,DAMAGE TO PROPERTY,2,2,0,0.0,No Change,6,6,0,0.0,2026-09-07,2026-09-20,2026-09-21,2026-10-04,26.08695652173913,Consistently Worsening,0.0,25.0,Monitor,Chadsey Condon
04,LARCENY,3,2,-1,-33.33,Decreasing,4,3,-1,-25.0,2026-09-07,2026-09-20,2026-09-21,2026-10-04,19.23076923076923,Worsening,-8.329999999999998,23.7,Monitor,Chadsey Condon
03,BURGLARY,1,1,0,0.0,No Change,2,3,1,50.0,2026-09-07,2026-09-20,2026-09-21,2026-10-04,42.857142857142854,Worsening,-50.0,21.1,Monitor,Chadsey Condon
03,AGGRAVATED ASSAULT,1,1,0,0.0,No Change,3,3,0,0.0,2026-09-07,2026-09-20,2026-09-21,2026-10-04,11.764705882352942,Consistently Worsening,0.0,14.9,Monitor,Chadsey Condon
04,AGGRAVATED ASSAULT,2,1,-1,-50.0,Decreasing,3,3,0,0.0,2026-09-07,2026-09-20,2026-09-21,2026-10-04,-23.529411764705884,Consistently Improving,-50.0,12.5,Monitor,Chadsey Condon
04,ASSAULT,3,1,-2,-66.67,Decreasing,5,3,-2,-40.0,2026-09-07,2026-09-20,2026-09-21,2026-10-04,-17.5,Consistently Improving,-26.67,12.5,Monitor,Chadsey Condon
03,STOLEN VEHICLE,2,0,-2,-100.0,Decreasing,4,0,-4,-100.0,2026-09-07,2026-09-20,2026-09-21,2026-10-04,100.0,Worsening,0.0,10.0,Monitor,Chadsey Condon
04,WEAPONS OFFENSES,1,0,-1,-100.0,Decreasing,1,0,-1,-100.0,2026-09-07,2026-09-20,2026-09-21,2026-10-04,140.0,Worsening,0.0,10.0,Monitor,Chadsey Condon
03,SEXUAL ASSAULT,1,0,-1,-100.0,Decreasing,1,0,-1,-100.0,2026-09-07,2026-09-20,2026-09-21,2026-10-04,,Worsening,0.0,0.0,Monitor,Chadsey Condon
04,STOLEN VEHICLE,2,0,-2,-100.0,Decreasing,4,0,-4,-100.0,2026-09-07,2026-09-20,2026-09-21,2026-10-04,-27.272727272727273,Consistently Improving,0.0,0.0,Monitor,Chadsey Condon
10,DAMAGE TO PROPERTY,1,6,5,500.0,Increasing,1,6,5,500.0,2026-09-03,2026-09-16,2026-09-17,2026-09-30,25.806451612903224,Consistently Worsening,0.0,80.2,Watch,Chalfonte
10,OBSTRUCTING JUDICIARY,0,2,2,,Increasing,0,2,2,,2026-09-03,2026-09-16,2026-09-17,2026-09-30,,Worsening,,30.1,Monitor,Chalfonte
10,FRAUD,2,2,0,0.0,No Change,2,2,0,0.0,2026-09-03,2026-09-16,2026-09-17,2026-09-30,245.45454545454547,Worsening,0.0,24.1,Monitor,Chalfonte
10,LARCENY,0,1,1,,Increasing,0,1,1,,2026-09-03,2026-09-16,2026-09-17,2026-09-30,20.833333333333332,Worsening,,21.1,Monitor,Chalfonte
10,BURGLARY,2,2,0,0.0,No Change,2,2,0,0.0,2026-09-03,2026-09-16,2026-09-17,2026-09-30,31.25,Worsening,0.0,20.4,Monitor,Chalfonte
10,AGGRAVATED ASSAULT,2,1,-1,-50.0,Decreasing,2,1,-1,-50.0,2026-09-03,2026-09-16,2026-09-17,2026-09-30,57.89473684210526,Worsening,0.0,18.9,Monitor,Chalfonte
10,ASSAULT,4,3,-1,-25.0,Decreasing,4,3,-1,-25.0,2026-09-03,2026-09-16,2026-09-17,2026-09-30,-9.333333333333334,Improving,0.0,17.8,Monitor,Chalfonte
10,STOLEN VEHICLE,0,1,1,,Increasing,0,1,1,,2026-09-03,2026-09-16,2026-09-17,2026-09-30,-33.333333333333336,Improving,,16.9,Monitor,Chalfonte
10,WEAPONS OFFENSES,3,1,-2,-66.67,Decreasing,3,1,-2,-66.67,2026-09-03,2026-09-16,2026-09-17,2026-09-30,-41.1764705882353,Improving,0.0,8.9,Monitor,Chalfonte
10,FAMILY OFFENSE,1,0,-1,-100.0,Decreasing,1,0,-1,-100.0,2026-09-03,2026-09-16,2026-09-17,2026-09-30,0.0,Stable,0.0,0.0,Monitor,Chalfonte
10,OBSTRUCTING THE POLICE,1,0,-1,-100.0,Decreasing,1,0,-1,-100.0,2026-09-03,2026-09-16,2026-09-17,2026-09-30,-25.0,Improving,0.0,0.0,Monitor,Chalfonte
05,ASSAULT,5,6,1,20.0,Increasing,5,6,1,20.0,2026-09-08,2026-09-21,2026-09-22,2026-10-05,-26.027397260273972,Improving,0.0,39.0,Watch,Chandler Park
05,WEAPONS OFFENSES,1,3,2,200.0,Increasing,1,3,2,200.0,2026-09-08,2026-09-21,2026-09-22,2026-10-05,-5.0,Improving,0.0,57.8,Monitor,Chandler Park
05,DAMAGE TO PROPERTY,0,3,3,,Increasing,0,3,3,,2026-09-08,2026-09-21,2026-09-22,2026-10-05,3.3333333333333335,Worsening,,54.5,Monitor,Chandler Park
05,BURGLARY,0,1,1,,Increasing,0,1,1,,2026-09-08,2026-09-21,2026-09-22,2026-10-05,100.0,Worsening,,30.9,Monitor,Chandler Park
05,DANGEROUS DRUGS,0,1,1,,Increasing,0,1,1,,2026-09-08,2026-09-21,2026-09-22,2026-10-05,-66.66666666666667,Improving,,20.9,Monitor,Chandler Park
05,DISORDERLY CONDUCT,0,1,1,,Increasing,0,1,1,,2026-09-08,2026-09-21,2026-09-22,2026-10-05,,Worsening,,20.9,Monitor,Chandler Park
05,FAMILY OFFENSE,0,1,1,,Increasing,0,1,1,,2026-09-08,2026-09-21,2026-09-22,2026-10-05,-60.0,Improving,,20.9,Monitor,Chandler Park
05,OBSTRUCTING JUDICIARY,0,1,1,,Increasing,0,1,1,,2026-09-08,2026-09-21,2026-09-22,2026-10-05,,Worsening,,20.9,Monitor,Chandler Park
05,OBSTRUCTING THE POLICE,0,1,1,,Increasing,0,1,1,,2026-09-08,2026-09-21,2026-09-22,2026-10-05,-13.333333333333334,Improving,,20.9,Monitor,Chandler Park
05,SEX OFFENSES,0,1,1,,Increasing,0,1,1,,2026-09-08,2026-09-21,2026-09-22,2026-10-05,,Worsening,,20.9,Monitor,Chandler Park
05,ROBBERY,1,0,-1,-100.0,Decreasing,1,0,-1,-100.0,2026-09-08,2026-09-21,2026-09-22,2026-10-05,50.0,Worsening,0.0,10.0,Monitor,Chandler Park
05,LARCENY,1,1,0,0.0,No Change,1,1,0,0.0,2026-09-08,2026-09-21,2026-09-22,2026-10-05,0.0,Stable,0.0,8.9,Monitor,Chandler Park
05,FRAUD,2,0,-2,-100.0,Decreasing,2,0,-2,-100.0,2026-09-08,2026-09-21,2026-09-22,2026-10-05,9.090909090909092,Worsening,0.0,1.8,Monitor,Chandler Park
05,AGGRAVATED ASSAULT,1,0,-1,-100.0,Decreasing,1,0,-1,-100.0,2026-09-08,2026-09-21,2026-09-22,2026-10-05,-57.5,Improving,0.0,0.0,Monitor,Chandler Park
05,STOLEN VEHICLE,2,0,-2,-100.0,Decreasing,2,0,-2,-100.0,2026-09-08,2026-09-21,2026-09-22,2026-10-05,-66.66666666666667,Consistently Improving,0.0,0.0,Monitor,Chandler Park
05,AGGRAVATED ASSAULT,0,2,2,,Increasing,0,2,2,,2026-09-06,2026-09-19,2026-09-20,2026-10-03,70.0,Worsening,,69.0,Monitor,Chandler Park-Chalmers
05,ASSAULT,1,2,1,100.0,Increasing,1,2,1,100.0,2026-09-06,2026-09-19,2026-09-20,2026-10-03,-25.714285714285715,Improving,0.0,60.0,Monitor,Chandler Park-Chalmers
05,DAMAGE TO PROPERTY,0,1,1,,Increasing,0,1,1,,2026-09-06,2026-09-19,2026-09-20,2026-10-03,57.142857142857146,Worsening,,42.8,Monitor,Chandler Park-Chalmers
05,OBSTRUCTING JUDICIARY,0,1,1,,Increasing,0,1,1,,2026-09-06,2026-09-19,2026-09-20,2026-10-03,100.0,Worsening,,42.8,Monitor,Chandler Park-Chalmers
05,LARCENY,1,0,-1,-100.0,Decreasing,1,0,-1,-100.0,2026-09-06,2026-09-19,2026-09-20,2026-10-03,8.333333333333334,Consistently Worsening,0.0,1.7,Monitor,Chandler Park-Chalmers
05,RUNAWAY,1,0,-1,-100.0,Decreasing,1,0,-1,-100.0,2026-09-06,2026-09-19,2026-09-20,2026-10-03,0.0,Stable,0.0,0.0,Monitor,Chandler Park-Chalmers
05,STOLEN VEHICLE,2,0,-2,-100.0,Decreasing,2,0,-2,-100.0,2026-09-06,2026-09-19,2026-09-20,2026-10-03,-22.22222222222222,Consistently Improving,0.0,0.0,Monitor,Chandler Park-Chalmers
04,ASSAULT,7,14,7,100.0,Increasing,7,14,7,100.0,2026-09-08,2026-09-21,2026-09-22,2026-10-05,-17.51412429378531,Improving,0.0,75.0,Watch,Claytown
04,DAMAGE TO PROPERTY,6,7,1,16.67,Increasing,6,7,1,16.67,2026-09-08,2026-09-21,2026-09-22,2026-10-05,16.0,Worsening,0.0,30.0,Watch,Claytown
04,STOLEN VEHICLE,1,2,1,100.0,Increasing,2,2,0,0.0,2026-09-08,2026-09-21,2026-09-22,2026-10-05,-28.8135593220339,Improving,100.0,49.4,Monitor,Claytown
04,FRAUD,0,4,4,,Increasing,0,4,4,,2026-09-08,2026-09-21,2026-09-22,2026-10-05,-25.274725274725274,Consistently Improving,,40.0,Monitor,Claytown
04,AGGRAVATED ASSAULT,1,2,1,100.0,Increasing,1,3,2,200.0,2026-09-08,2026-09-21,2026-09-22,2026-10-05,7.547169811320755,Worsening,-100.0,35.9,Monitor,Claytown
04,OBSTRUCTING THE POLICE,0,3,3,,Increasing,0,3,3,,2026-09-08,2026-09-21,2026-09-22,2026-10-05,-13.636363636363637,Improving,,31.7,Monitor,Claytown
04,ROBBERY,0,2,2,,Increasing,0,2,2,,2026-09-08,2026-09-21,2026-09-22,2026-10-05,-21.05263157894737,Improving,,22.7,Monitor,Claytown
02,AGGRAVATED ASSAULT,0,1,1,,Increasing,1,3,2,200.0,2026-09-08,2026-09-21,2026-09-22,2026-10-05,100.0,Consistently Worsening,,22.7,Monitor,Claytown
04,EXTORTION,0,1,1,,Increasing,0,1,1,,2026-09-08,2026-09-21,2026-09-22,2026-10-05,166.66666666666666,Worsening,,22.7,Monitor,Claytown
04,BURGLARY,3,3,0,0.0,No Change,3,3,0,0.0,2026-09-08,2026-09-21,2026-09-22,2026-10-05,22.857142857142858,Worsening,0.0,17.4,Monitor,Claytown
04,DANGEROUS DRUGS,2,1,-1,-50.0,Decreasing,2,1,-1,-50.0,2026-09-08,2026-09-21,2026-09-22,2026-10-05,82.3529411764706,Consistently Worsening,0.0,16.4,Monitor,Claytown
04,LARCENY,8,3,-5,-62.5,Decreasing,8,3,-5,-62.5,2026-09-08,2026-09-21,2026-09-22,2026-10-05,-4.464285714285714,Consistently Improving,0.0,12.8,Monitor,Claytown
04,STOLEN PROPERTY,0,1,1,,Increasing,0,1,1,,2026-09-08,2026-09-21,2026-09-22,2026-10-05,-33.333333333333336,Consistently Improving,,12.7,Monitor,Claytown
02,OBSTRUCTING JUDICIARY,1,0,-1,-100.0,Decreasing,4,0,-4,-100.0,2026-09-08,2026-09-21,2026-09-22,2026-10-05,,Worsening,0.0,0.0,Monitor,Claytown
02,STOLEN VEHICLE,1,0,-1,-100.0,Decreasing,2,2,0,0.0,2026-09-08,2026-09-21,2026-09-22,2026-10-05,,Worsening,-100.0,0.0,Monitor,Claytown
04,FAMILY OFFENSE,1,0,-1,-100.0,Decreasing,1,0,-1,-100.0,2026-09-08,2026-09-21,2026-09-22,2026-10-05,-58.333333333333336,Improving,0.0,0.0,Monitor,Claytown
04,OBSTRUCTING JUDICIARY,3,0,-3,-100.0,Decreasing,4,0,-4,-100.0,2026-09-08,2026-09-21,2026-09-22,2026-10-05,-5.0,Improving,0.0,0.0,Monitor,Claytown
04,SEX OFFENSES,1,0,-1,-100.0,Decreasing,1,0,-1,-100.0,2026-09-08,2026-09-21,2026-09-22,2026-10-05,-80.0,Improving,0.0,0.0,Monitor,Claytown
08,DAMAGE TO PROPERTY,1,4,3,300.0,Increasing,1,4,3,300.0,2026-09-08,2026-09-21,2026-09-22,2026-10-05,-2.6666666666666665,Consistently Improving,0.0,69.3,Monitor,College Park
08,OBSTRUCTING JUDICIARY,0,2,2,,Increasing,0,2,2,,2026-09-08,2026-09-21,2026-09-22,2026-10-05,50.0,Consistently Worsening,,47.2,Monitor,College Park
08,STOLEN VEHICLE,3,4,1,33.33,Increasing,3,4,1,33.33,2026-09-08,2026-09-21,2026-09-22,2026-10-05,7.142857142857143,Worsening,0.0,37.4,Monitor,College Park
08,ASSAULT,7,7,0,0.0,No Change,7,7,0,0.0,2026-09-08,2026-09-21,2026-09-22,2026-10-05,12.76595744680851,Worsening,0.0,27.6,Monitor,College Park
08,ROBBERY,0,1,1,,Increasing,0,1,1,,2026-09-08,2026-09-21,2026-09-22,2026-10-05,12.5,Worsening,,22.8,Monitor,College Park
08,BURGLARY,0,1,1,,Increasing,0,1,1,,2026-09-08,2026-09-21,2026-09-22,2026-10-05,8.571428571428571,Worsening,,22.0,Monitor,College Park
02,LARCENY,0,1,1,,Increasing,5,2,-3,-60.0,2026-09-08,2026-09-21,2026-09-22,2026-10-05,,Worsening,,20.3,Monitor,College Park
08,SEXUAL ASSAULT,1,0,-1,-100.0,Decreasing,1,0,-1,-100.0,2026-09-08,2026-09-21,2026-09-22,2026-10-05,700.0,Worsening,0.0,10.0,Monitor,College Park
08,LARCENY,5,1,-4,-80.0,Decreasing,5,2,-3,-60.0,2026-09-08,2026-09-21,2026-09-22,2026-10-05,1.36986301369863,Stable,-20.0,8.6,Monitor,College Park
08,AGGRAVATED ASSAULT,2,1,-1,-50.0,Decreasing,2,1,-1,-50.0,2026-09-08,2026-09-21,2026-09-22,2026-10-05,-16.417910447761194,Improving,0.0,8.3,Monitor,College Park
08,WEAPONS OFFENSES,3,1,-2,-66.67,Decreasing,3,1,-2,-66.67,2026-09-08,2026-09-21,2026-09-22,2026-10-05,-35.416666666666664,Improving,0.0,8.3,Monitor,College Park
08,OBSTRUCTING THE POLICE,1,0,-1,-100.0,Decreasing,1,0,-1,-100.0,2026-09-08,2026-09-21,2026-09-22,2026-10-05,30.76923076923077,Worsening,0.0,6.2,Monitor,College Park
08,STOLEN PROPERTY,2,0,-2,-100.0,Decreasing,2,0,-2,-100.0,2026-09-08,2026-09-21,2026-09-22,2026-10-05,0.0,Stable,0.0,0.0,Monitor,College Park
11,ASSAULT,2,3,1,50.0,Increasing,2,3,1,50.0,2026-09-05,2026-09-18,2026-09-19,2026-10-02,9.67741935483871,Consistently Worsening,0.0,66.9,Monitor,Conant Gardens
11,AGGRAVATED ASSAULT,0,1,1,,Increasing,0,1,1,,2026-09-05,2026-09-18,2026-09-19,2026-10-02,112.5,Consistently Worsening,,54.5,Monitor,Conant Gardens
11,WEAPONS OFFENSES,0,1,1,,Increasing,0,1,1,,2026-09-05,2026-09-18,2026-09-19,2026-10-02,150.0,Worsening,,54.5,Monitor,Conant Gardens
11,HEALTH AND SAFETY,0,1,1,,Increasing,0,1,1,,2026-09-05,2026-09-18,2026-09-19,2026-10-02,,Worsening,,44.5,Monitor,Conant Gardens
11,LARCENY,0,1,1,,Increasing,0,1,1,,2026-09-05,2026-09-18,2026-09-19,2026-10-02,-12.5,Improving,,44.5,Monitor,Conant Gardens
11,LARCENY,1,2,1,100.0,Increasing,2,3,1,50.0,2026-09-08,2026-09-21,2026-09-22,2026-10-05,0.0,Stable,50.0,75.0,Monitor,Conner Creek
09,DANGEROUS DRUGS,0,2,2,,Increasing,0,2,2,,2026-09-08,2026-09-21,2026-09-22,2026-10-05,0.0,Stable,,59.0,Monitor,Conner Creek
11,STOLEN VEHICLE,0,1,1,,Increasing,3,1,-2,-66.67,2026-09-08,2026-09-21,2026-09-22,2026-10-05,-50.0,Improving,,32.8,Monitor,Conner Creek
09,ASSAULT,3,2,-1,-33.33,Decreasing,5,3,-2,-40.0,2026-09-08,2026-09-21,2026-09-22,2026-10-05,-21.12676056338028,Consistently Improving,6.670000000000002,27.0,Monitor,Conner Creek
09,AGGRAVATED ASSAULT,2,1,-1,-50.0,Decreasing,3,1,-2,-66.67,2026-09-08,2026-09-21,2026-09-22,2026-10-05,17.647058823529413,Worsening,16.67,24.3,Monitor,Conner Creek
09,DAMAGE TO PROPERTY,2,1,-1,-50.0,Decreasing,2,1,-1,-50.0,2026-09-08,2026-09-21,2026-09-22,2026-10-05,0.0,Stable,0.0,15.8,Monitor,Conner Creek
09,LARCENY,1,1,0,0.0,No Change,2,3,1,50.0,2026-09-08,2026-09-21,2026-09-22,2026-10-05,-20.0,Consistently Improving,-50.0,15.8,Monitor,Conner Creek
11,ASSAULT,2,1,-1,-50.0,Decreasing,5,3,-2,-40.0,2026-09-08,2026-09-21,2026-09-22,2026-10-05,-17.391304347826086,Improving,-10.0,15.8,Monitor,Conner Creek
11,AGGRAVATED ASSAULT,1,0,-1,-100.0,Decreasing,3,1,-2,-66.67,2026-09-08,2026-09-21,2026-09-22,2026-10-05,22.22222222222222,Consistently Worsening,-33.33,4.4,Monitor,Conner Creek
09,WEAPONS OFFENSES,2,0,-2,-100.0,Decreasing,2,0,-2,-100.0,2026-09-08,2026-09-21,2026-09-22,2026-10-05,20.0,Worsening,0.0,4.0,Monitor,Conner Creek
09,BURGLARY,1,0,-1,-100.0,Decreasing,1,0,-1,-100.0,2026-09-08,2026-09-21,2026-09-22,2026-10-05,6.896551724137931,Consistently Worsening,0.0,1.4,Monitor,Conner Creek
09,FRAUD,2,0,-2,-100.0,Decreasing,2,0,-2,-100.0,2026-09-08,2026-09-21,2026-09-22,2026-10-05,-18.181818181818183,Improving,0.0,0.0,Monitor,Conner Creek
09,STOLEN VEHICLE,3,0,-3,-100.0,Decreasing,3,1,-2,-66.67,2026-09-08,2026-09-21,2026-09-22,2026-10-05,-4.0,Consistently Improving,-33.33,0.0,Monitor,Conner Creek
05,FRAUD,0,3,3,,Increasing,0,3,3,,2026-09-04,2026-09-17,2026-09-18,2026-10-01,-15.789473684210526,Consistently Improving,,61.0,Monitor,Conner Creek Industrial
05,LARCENY,0,2,2,,Increasing,0,2,2,,2026-09-04,2026-09-17,2026-09-18,2026-10-01,-30.303030303030305,Improving,,43.8,Monitor,Conner Creek Industrial
05,FORGERY,0,1,1,,Increasing,0,1,1,,2026-09-04,2026-09-17,2026-09-18,2026-10-01,0.0,Stable,,24.5,Monitor,Conner Creek Industrial
05,DAMAGE TO PROPERTY,3,2,-1,-33.33,Decreasing,3,2,-1,-33.33,2026-09-04,2026-09-17,2026-09-18,2026-10-01,-22.580645161290324,Consistently Improving,0.0,19.8,Monitor,Conner Creek Industrial
05,ASSAULT,3,1,-2,-66.67,Decreasing,3,1,-2,-66.67,2026-09-04,2026-09-17,2026-09-18,2026-10-01,33.333333333333336,Consistently Worsening,0.0,19.2,Monitor,Conner Creek Industrial
05,AGGRAVATED ASSAULT,1,1,0,0.0,No Change,1,1,0,0.0,2026-09-04,2026-09-17,2026-09-18,2026-10-01,9.090909090909092,Consistently Worsening,0.0,14.3,Monitor,Conner Creek Industrial
05,FAMILY OFFENSE,1,0,-1,-100.0,Decreasing,1,0,-1,-100.0,2026-09-04,2026-09-17,2026-09-18,2026-10-01,50.0,Consistently Worsening,0.0,10.0,Monitor,Conner Creek Industrial
05,DANGEROUS DRUGS,1,0,-1,-100.0,Decreasing,1,0,-1,-100.0,2026-09-04,2026-09-17,2026-09-18,2026-10-01,0.0,Stable,0.0,0.0,Monitor,Conner Creek Industrial
05,OBSTRUCTING THE POLICE,1,0,-1,-100.0,Decreasing,1,0,-1,-100.0,2026-09-04,2026-09-17,2026-09-18,2026-10-01,0.0,Stable,0.0,0.0,Monitor,Conner Creek Industrial
05,WEAPONS OFFENSES,1,0,-1,-100.0,Decreasing,1,0,-1,-100.0,2026-09-04,2026-09-17,2026-09-18,2026-10-01,0.0,Stable,0.0,0.0,Monitor,Conner Creek Industrial
03,LARCENY,2,6,4,200.0,Increasing,2,6,4,200.0,2026-08-23,2026-09-05,2026-09-06,2026-09-19,22.22222222222222,Consistently Worsening,0.0,79.4,Watch,Core City
03,ASSAULT,1,3,2,200.0,Increasing,1,3,2,200.0,2026-08-23,2026-09-05,2026-09-06,2026-09-19,9.523809523809524,Worsening,0.0,54.7,Monitor,Core City
03,BURGLARY,0,1,1,,Increasing,0,1,1,,2026-08-23,2026-09-05,2026-09-06,2026-09-19,500.0,Worsening,,28.4,Monitor,Core City
03,WEAPONS OFFENSES,0,1,1,,Increasing,0,1,1,,2026-08-23,2026-09-05,2026-09-06,2026-09-19,0.0,Stable,,18.4,Monitor,Core City
03,DAMAGE TO PROPERTY,3,0,-3,-100.0,Decreasing,3,0,-3,-100.0,2026-08-23,2026-09-05,2026-09-06,2026-09-19,3.7037037037037037,Worsening,0.0,0.7,Monitor,Core City
03,RUNAWAY,2,0,-2,-100.0,Decreasing,2,0,-2,-100.0,2026-08-23,2026-09-05,2026-09-06,2026-09-19,,Worsening,0.0,0.0,Monitor,Core City
03,LARCENY,5,10,5,100.0,Increasing,5,10,5,100.0,2026-09-09,2026-09-22,2026-09-23,2026-10-06,34.40860215053763,Worsening,0.0,81.9,Emerging Concern,Corktown
03,SEXUAL ASSAULT,0,1,1,,Increasing,0,1,1,,2026-09-09,2026-09-22,2026-09-23,2026-10-06,200.0,Consistently Worsening,,25.2,Monitor,Corktown
03,BURGLARY,1,1,0,0.0,No Change,1,1,0,0.0,2026-09-09,2026-09-22,2026-09-23,2026-10-06,160.0,Worsening,0.0,17.2,Monitor,Corktown
03,DAMAGE TO PROPERTY,0,1,1,,Increasing,0,1,1,,2026-09-09,2026-09-22,2026-09-23,2026-10-06,-1.9230769230769231,Stable,,15.2,Monitor,Corktown
03,HEALTH AND SAFETY,0,1,1,,Increasing,0,1,1,,2026-09-09,2026-09-22,2026-09-23,2026-10-06,,Worsening,,15.2,Monitor,Corktown
03,INVASION OF PRIVACY -OTHER,0,1,1,,Increasing,0,1,1,,2026-09-09,2026-09-22,2026-09-23,2026-10-06,,Worsening,,15.2,Monitor,Corktown
03,ASSAULT,5,1,-4,-80.0,Decreasing,5,1,-4,-80.0,2026-09-09,2026-09-22,2026-09-23,2026-10-06,34.285714285714285,Consistently Worsening,0.0,14.1,Monitor,Corktown
03,AGGRAVATED ASSAULT,3,0,-3,-100.0,Decreasing,3,0,-3,-100.0,2026-09-09,2026-09-22,2026-09-23,2026-10-06,100.0,Worsening,0.0,10.0,Monitor,Corktown
03,STOLEN VEHICLE,1,1,0,0.0,No Change,1,1,0,0.0,2026-09-09,2026-09-22,2026-09-23,2026-10-06,-8.333333333333334,Consistently Improving,0.0,7.2,Monitor,Corktown
05,DAMAGE TO PROPERTY,2,6,4,200.0,Increasing,2,6,4,200.0,2026-09-10,2026-09-23,2026-09-24,2026-10-07,-28.125,Improving,0.0,71.1,Watch,Cornerstone Village
05,ASSAULT,15,9,-6,-40.0,Decreasing,15,9,-6,-40.0,2026-09-10,2026-09-23,2026-09-24,2026-10-07,7.222222222222222,Worsening,0.0,26.4,Recent Improvement,Cornerstone Village
05,STOLEN VEHICLE,1,4,3,300.0,Increasing,1,4,3,300.0,2026-09-10,2026-09-23,2026-09-24,2026-10-07,-30.088495575221238,Consistently Improving,0.0,60.0,Monitor,Cornerstone Village
05,FAMILY OFFENSE,1,2,1,100.0,Increasing,1,2,1,100.0,2026-09-10,2026-09-23,2026-09-24,2026-10-07,100.0,Consistently Worsening,0.0,49.4,Monitor,Cornerstone Village
05,WEAPONS OFFENSES,1,2,1,100.0,Increasing,1,2,1,100.0,2026-09-10,2026-09-23,2026-09-24,2026-10-07,-21.875,Consistently Improving,0.0,39.4,Monitor,Cornerstone Village
05,BURGLARY,2,3,1,50.0,Increasing,2,3,1,50.0,2026-09-10,2026-09-23,2026-09-24,2026-10-07,-23.728813559322035,Improving,0.0,32.6,Monitor,Cornerstone Village
05,RUNAWAY,0,1,1,,Increasing,0,1,1,,2026-09-10,2026-09-23,2026-09-24,2026-10-07,14.285714285714286,Consistently Worsening,,19.9,Monitor,Cornerstone Village
05,LARCENY,7,4,-3,-42.86,Decreasing,7,4,-3,-42.86,2026-09-10,2026-09-23,2026-09-24,2026-10-07,-21.98581560283688,Improving,0.0,17.5,Monitor,Cornerstone Village
05,FRAUD,4,3,-1,-25.0,Decreasing,4,3,-1,-25.0,2026-09-10,2026-09-23,2026-09-24,2026-10-07,-10.204081632653061,Improving,0.0,15.1,Monitor,Cornerstone Village
05,AGGRAVATED ASSAULT,7,1,-6,-85.71,Decreasing,7,1,-6,-85.71,2026-09-10,2026-09-23,2026-09-24,2026-10-07,-17.894736842105264,Improving,0.0,7.5,Monitor,Cornerstone Village
05,STOLEN PROPERTY,1,1,0,0.0,No Change,1,1,0,0.0,2026-09-10,2026-09-23,2026-09-24,2026-10-07,0.0,Stable,0.0,7.5,Monitor,Cornerstone Village
05,ROBBERY,2,0,-2,-100.0,Decreasing,2,0,-2,-100.0,2026-09-10,2026-09-23,2026-09-24,2026-10-07,9.090909090909092,Worsening,0.0,1.8,Monitor,Cornerstone Village
08,ASSAULT,4,5,1,25.0,Increasing,4,5,1,25.0,2026-09-08,2026-09-21,2026-09-22,2026-10-05,-0.78125,Stable,0.0,40.0,Watch,Crary/St Marys
08,AGGRAVATED ASSAULT,2,4,2,100.0,Increasing,2,4,2,100.0,2026-09-08,2026-09-21,2026-09-22,2026-10-05,27.659574468085108,Worsening,0.0,68.0,Monitor,Crary/St Marys
08,BURGLARY,0,3,3,,Increasing,0,3,3,,2026-09-08,2026-09-21,2026-09-22,2026-10-05,23.68421052631579,Worsening,,60.1,Monitor,Crary/St Marys
08,FAMILY OFFENSE,1,2,1,100.0,Increasing,1,2,1,100.0,2026-09-08,2026-09-21,2026-09-22,2026-10-05,25.0,Worsening,0.0,50.3,Monitor,Crary/St Marys
08,LARCENY,6,4,-2,-33.33,Decreasing,6,4,-2,-33.33,2026-09-08,2026-09-21,2026-09-22,2026-10-05,22.535211267605632,Worsening,0.0,27.0,Monitor,Crary/St Marys
08,WEAPONS OFFENSES,3,2,-1,-33.33,Decreasing,3,2,-1,-33.33,2026-09-08,2026-09-21,2026-09-22,2026-10-05,63.1578947368421,Worsening,0.0,25.3,Monitor,Crary/St Marys
08,OBSTRUCTING JUDICIARY,0,1,1,,Increasing,0,1,1,,2026-09-08,2026-09-21,2026-09-22,2026-10-05,12.5,Worsening,,24.2,Monitor,Crary/St Marys
08,OBSTRUCTING THE POLICE,0,1,1,,Increasing,0,1,1,,2026-09-08,2026-09-21,2026-09-22,2026-10-05,8.333333333333334,Consistently Worsening,,23.3,Monitor,Crary/St Marys
08,SEXUAL ASSAULT,0,1,1,,Increasing,0,1,1,,2026-09-08,2026-09-21,2026-09-22,2026-10-05,-66.66666666666667,Consistently Improving,,21.7,Monitor,Crary/St Marys
08,STOLEN VEHICLE,6,1,-5,-83.33,Decreasing,6,1,-5,-83.33,2026-09-08,2026-09-21,2026-09-22,2026-10-05,77.27272727272727,Worsening,0.0,19.7,Monitor,Crary/St Marys
08,DAMAGE TO PROPERTY,6,1,-5,-83.33,Decreasing,6,1,-5,-83.33,2026-09-08,2026-09-21,2026-09-22,2026-10-05,4.477611940298507,Worsening,0.0,10.6,Monitor,Crary/St Marys
08,ROBBERY,1,0,-1,-100.0,Decreasing,1,0,-1,-100.0,2026-09-08,2026-09-21,2026-09-22,2026-10-05,100.0,Worsening,0.0,10.0,Monitor,Crary/St Marys
08,STOLEN PROPERTY,2,0,-2,-100.0,Decreasing,2,0,-2,-100.0,2026-09-08,2026-09-21,2026-09-22,2026-10-05,-53.84615384615385,Improving,0.0,0.0,Monitor,Crary/St Marys
03,ASSAULT,2,6,4,200.0,Increasing,2,6,4,200.0,2026-09-09,2026-09-22,2026-09-23,2026-10-06,-11.428571428571429,Improving,0.0,75.0,Watch,Cultural Center
03,INVASION OF PRIVACY -OTHER,0,1,1,,Increasing,0,1,1,,2026-09-09,2026-09-22,2026-09-23,2026-10-06,33.333333333333336,Consistently Worsening,,25.1,Monitor,Cultural Center
03,AGGRAVATED ASSAULT,1,1,0,0.0,No Change,1,1,0,0.0,2026-09-09,2026-09-22,2026-09-23,2026-10-06,100.0,Worsening,0.0,18.9,Monitor,Cultural Center
03,OBSTRUCTING THE POLICE,0,1,1,,Increasing,0,1,1,,2026-09-09,2026-09-22,2026-09-23,2026-10-06,-87.5,Improving,,18.4,Monitor,Cultural Center
03,BURGLARY,3,0,-3,-100.0,Decreasing,3,0,-3,-100.0,2026-09-09,2026-09-22,2026-09-23,2026-10-06,71.42857142857143,Worsening,0.0,10.0,Monitor,Cultural Center
03,LARCENY,1,1,0,0.0,No Change,1,1,0,0.0,2026-09-09,2026-09-22,2026-09-23,2026-10-06,0.0,Stable,0.0,8.9,Monitor,Cultural Center
03,STOLEN VEHICLE,2,1,-1,-50.0,Decreasing,2,1,-1,-50.0,2026-09-09,2026-09-22,2026-09-23,2026-10-06,-50.0,Consistently Improving,0.0,8.9,Monitor,Cultural Center
03,DAMAGE TO PROPERTY,2,0,-2,-100.0,Decreasing,2,0,-2,-100.0,2026-09-09,2026-09-22,2026-09-23,2026-10-06,32.0,Consistently Worsening,0.0,6.4,Monitor,Cultural Center
03,FAMILY OFFENSE,1,0,-1,-100.0,Decreasing,1,0,-1,-100.0,2026-09-09,2026-09-22,2026-09-23,2026-10-06,0.0,Stable,0.0,0.0,Monitor,Cultural Center
03,FRAUD,1,0,-1,-100.0,Decreasing,1,0,-1,-100.0,2026-09-09,2026-09-22,2026-09-23,2026-10-06,-57.142857142857146,Improving,0.0,0.0,Monitor,Cultural Center
03,ROBBERY,1,0,-1,-100.0,Decreasing,1,0,-1,-100.0,2026-09-09,2026-09-22,2026-09-23,2026-10-06,0.0,Stable,0.0,0.0,Monitor,Cultural Center
03,WEAPONS OFFENSES,1,0,-1,-100.0,Decreasing,1,0,-1,-100.0,2026-09-09,2026-09-22,2026-09-23,2026-10-06,0.0,Stable,0.0,0.0,Monitor,Cultural Center
11,AGGRAVATED ASSAULT,0,2,2,,Increasing,0,2,2,,2026-09-08,2026-09-21,2026-09-22,2026-10-05,38.095238095238095,Worsening,,58.7,Monitor,Davison
11,BURGLARY,1,2,1,100.0,Increasing,1,2,1,100.0,2026-09-08,2026-09-21,2026-09-22,2026-10-05,33.333333333333336,Worsening,0.0,58.7,Monitor,Davison
11,ASSAULT,3,4,1,33.33,Increasing,3,4,1,33.33,2026-09-08,2026-09-21,2026-09-22,2026-10-05,-8.695652173913043,Improving,0.0,46.7,Monitor,Davison
11,RUNAWAY,0,1,1,,Increasing,0,1,1,,2026-09-08,2026-09-21,2026-09-22,2026-10-05,100.0,Consistently Worsening,,37.8,Monitor,Davison
11,FRAUD,0,1,1,,Increasing,0,1,1,,2026-09-08,2026-09-21,2026-09-22,2026-10-05,0.0,Stable,,27.8,Monitor,Davison
11,INVASION OF PRIVACY -OTHER,0,1,1,,Increasing,0,1,1,,2026-09-08,2026-09-21,2026-09-22,2026-10-05,,Worsening,,27.8,Monitor,Davison
11,STOLEN PROPERTY,0,1,1,,Increasing,0,1,1,,2026-09-08,2026-09-21,2026-09-22,2026-10-05,-50.0,Improving,,27.8,Monitor,Davison
11,WEAPONS OFFENSES,0,1,1,,Increasing,0,1,1,,2026-09-08,2026-09-21,2026-09-22,2026-10-05,-50.0,Improving,,27.8,Monitor,Davison
11,LARCENY,2,1,-1,-50.0,Decreasing,2,1,-1,-50.0,2026-09-08,2026-09-21,2026-09-22,2026-10-05,29.032258064516128,Consistently Worsening,0.0,16.6,Monitor,Davison
11,OBSTRUCTING THE POLICE,4,1,-3,-75.0,Decreasing,4,1,-3,-75.0,2026-09-08,2026-09-21,2026-09-22,2026-10-05,14.814814814814815,Consistently Worsening,0.0,13.7,Monitor,Davison
11,DAMAGE TO PROPERTY,4,1,-3,-75.0,Decreasing,4,1,-3,-75.0,2026-09-08,2026-09-21,2026-09-22,2026-10-05,-29.78723404255319,Consistently Improving,0.0,10.8,Monitor,Davison
11,ROBBERY,1,0,-1,-100.0,Decreasing,1,0,-1,-100.0,2026-09-08,2026-09-21,2026-09-22,2026-10-05,100.0,Worsening,0.0,10.0,Monitor,Davison
11,ARSON,1,0,-1,-100.0,Decreasing,1,0,-1,-100.0,2026-09-08,2026-09-21,2026-09-22,2026-10-05,,Worsening,0.0,0.0,Monitor,Davison
11,OUIL,2,0,-2,-100.0,Decreasing,2,0,-2,-100.0,2026-09-08,2026-09-21,2026-09-22,2026-10-05,-50.0,Improving,0.0,0.0,Monitor,Davison
10,ARSON,0,1,1,,Increasing,0,1,1,,2026-09-08,2026-09-21,2026-09-22,2026-10-05,100.0,Worsening,,57.8,Monitor,Davison-Schoolcraft
10,LARCENY,0,1,1,,Increasing,0,1,1,,2026-09-08,2026-09-21,2026-09-22,2026-10-05,2.9411764705882355,Consistently Worsening,,48.4,Monitor,Davison-Schoolcraft
10,FAMILY OFFENSE,0,1,1,,Increasing,0,1,1,,2026-09-08,2026-09-21,2026-09-22,2026-10-05,-50.0,Improving,,47.8,Monitor,Davison-Schoolcraft
10,ASSAULT,2,2,0,0.0,No Change,2,2,0,0.0,2026-09-08,2026-09-21,2026-09-22,2026-10-05,-12.244897959183673,Improving,0.0,25.0,Monitor,Davison-Schoolcraft
10,AGGRAVATED ASSAULT,1,1,0,0.0,No Change,1,1,0,0.0,2026-09-08,2026-09-21,2026-09-22,2026-10-05,31.57894736842105,Worsening,0.0,22.1,Monitor,Davison-Schoolcraft
10,DAMAGE TO PROPERTY,1,1,0,0.0,No Change,1,1,0,0.0,2026-09-08,2026-09-21,2026-09-22,2026-10-05,13.636363636363637,Worsening,0.0,18.5,Monitor,Davison-Schoolcraft
10,FRAUD,3,0,-3,-100.0,Decreasing,3,0,-3,-100.0,2026-09-08,2026-09-21,2026-09-22,2026-10-05,77.77777777777777,Worsening,0.0,10.0,Monitor,Davison-Schoolcraft
10,OBSTRUCTING THE POLICE,1,0,-1,-100.0,Decreasing,1,0,-1,-100.0,2026-09-08,2026-09-21,2026-09-22,2026-10-05,50.0,Consistently Worsening,0.0,10.0,Monitor,Davison-Schoolcraft
10,SEXUAL ASSAULT,1,0,-1,-100.0,Decreasing,1,0,-1,-100.0,2026-09-08,2026-09-21,2026-09-22,2026-10-05,50.0,Consistently Worsening,0.0,10.0,Monitor,Davison-Schoolcraft
10,STOLEN VEHICLE,1,0,-1,-100.0,Decreasing,1,0,-1,-100.0,2026-09-08,2026-09-21,2026-09-22,2026-10-05,0.0,Stable,0.0,0.0,Monitor,Davison-Schoolcraft
04,OBSTRUCTING JUDICIARY,0,2,2,,Increasing,0,2,2,,2026-09-04,2026-09-17,2026-09-18,2026-10-01,,Worsening,,59.0,Monitor,Delray
04,AGGRAVATED ASSAULT,0,1,1,,Increasing,0,1,1,,2026-09-04,2026-09-17,2026-09-18,2026-10-01,60.0,Worsening,,42.8,Monitor,Delray
04,DANGEROUS DRUGS,0,1,1,,Increasing,0,1,1,,2026-09-04,2026-09-17,2026-09-18,2026-10-01,400.0,Worsening,,42.8,Monitor,Delray
04,OBSTRUCTING THE POLICE,0,1,1,,Increasing,0,1,1,,2026-09-04,2026-09-17,2026-09-18,2026-10-01,-60.0,Improving,,32.8,Monitor,Delray
04,WEAPONS OFFENSES,1,0,-1,-100.0,Decreasing,1,0,-1,-100.0,2026-09-04,2026-09-17,2026-09-18,2026-10-01,166.66666666666666,Consistently Worsening,0.0,10.0,Monitor,Delray
04,ARSON,1,0,-1,-100.0,Decreasing,1,0,-1,-100.0,2026-09-04,2026-09-17,2026-09-18,2026-10-01,-66.66666666666667,Consistently Improving,0.0,0.0,Monitor,Delray
04,DAMAGE TO PROPERTY,1,0,-1,-100.0,Decreasing,1,0,-1,-100.0,2026-09-04,2026-09-17,2026-09-18,2026-10-01,-11.764705882352942,Improving,0.0,0.0,Monitor,Delray
09,ASSAULT,1,3,2,200.0,Increasing,1,3,2,200.0,2026-09-09,2026-09-22,2026-09-23,2026-10-06,-4.477611940298507,Improving,0.0,65.0,Monitor,Denby
09,LARCENY,1,3,2,200.0,Increasing,1,3,2,200.0,2026-09-09,2026-09-22,2026-09-23,2026-10-06,-23.68421052631579,Improving,0.0,65.0,Monitor,Denby
09,DAMAGE TO PROPERTY,0,3,3,,Increasing,0,3,3,,2026-09-09,2026-09-22,2026-09-23,2026-10-06,-4.166666666666667,Improving,,61.0,Monitor,Denby
09,STOLEN VEHICLE,1,2,1,100.0,Increasing,1,2,1,100.0,2026-09-09,2026-09-22,2026-09-23,2026-10-06,-24.390243902439025,Consistently Improving,0.0,49.8,Monitor,Denby
09,AGGRAVATED ASSAULT,3,3,0,0.0,No Change,3,3,0,0.0,2026-09-09,2026-09-22,2026-09-23,2026-10-06,60.714285714285715,Worsening,0.0,35.0,Monitor,Denby
09,OBSTRUCTING THE POLICE,0,1,1,,Increasing,0,1,1,,2026-09-09,2026-09-22,2026-09-23,2026-10-06,25.0,Consistently Worsening,,29.5,Monitor,Denby
09,WEAPONS OFFENSES,2,1,-1,-50.0,Decreasing,2,1,-1,-50.0,2026-09-09,2026-09-22,2026-09-23,2026-10-06,50.0,Worsening,0.0,22.5,Monitor,Denby
09,STOLEN PROPERTY,1,1,0,0.0,No Change,1,1,0,0.0,2026-09-09,2026-09-22,2026-09-23,2026-10-06,-21.428571428571427,Consistently Improving,0.0,12.5,Monitor,Denby
09,SEX OFFENSES,1,0,-1,-100.0,Decreasing,1,0,-1,-100.0,2026-09-09,2026-09-22,2026-09-23,2026-10-06,200.0,Worsening,0.0,10.0,Monitor,Denby
09,SEXUAL ASSAULT,1,0,-1,-100.0,Decreasing,1,0,-1,-100.0,2026-09-09,2026-09-22,2026-09-23,2026-10-06,66.66666666666667,Consistently Worsening,0.0,10.0,Monitor,Denby
09,ARSON,3,0,-3,-100.0,Decreasing,3,0,-3,-100.0,2026-09-09,2026-09-22,2026-09-23,2026-10-06,0.0,Stable,0.0,0.0,Monitor,Denby
09,BURGLARY,1,0,-1,-100.0,Decreasing,1,0,-1,-100.0,2026-09-09,2026-09-22,2026-09-23,2026-10-06,-44.44444444444444,Improving,0.0,0.0,Monitor,Denby
09,FRAUD,2,0,-2,-100.0,Decreasing,2,0,-2,-100.0,2026-09-09,2026-09-22,2026-09-23,2026-10-06,-34.78260869565217,Improving,0.0,0.0,Monitor,Denby
12,LARCENY,0,2,2,,Increasing,0,2,2,,2026-09-07,2026-09-20,2026-09-21,2026-10-04,-18.181818181818183,Improving,,59.0,Monitor,Detroit Golf
12,ASSAULT,0,1,1,,Increasing,0,1,1,,2026-09-07,2026-09-20,2026-09-21,2026-10-04,66.66666666666667,Worsening,,42.8,Monitor,Detroit Golf
12,WEAPONS OFFENSES,0,1,1,,Increasing,0,1,1,,2026-09-07,2026-09-20,2026-09-21,2026-10-04,,Worsening,,32.8,Monitor,Detroit Golf
12,STOLEN VEHICLE,1,0,-1,-100.0,Decreasing,1,0,-1,-100.0,2026-09-07,2026-09-20,2026-09-21,2026-10-04,66.66666666666667,Worsening,0.0,10.0,Monitor,Detroit Golf
10,ASSAULT,1,2,1,100.0,Increasing,1,2,1,100.0,2026-09-07,2026-09-20,2026-09-21,2026-10-04,0.0,Stable,0.0,75.0,Monitor,Dexter-Fenkell
10,LARCENY,0,1,1,,Increasing,0,1,1,,2026-09-07,2026-09-20,2026-09-21,2026-10-04,40.0,Consistently Worsening,,55.8,Monitor,Dexter-Fenkell
10,AGGRAVATED ASSAULT,0,1,1,,Increasing,0,1,1,,2026-09-07,2026-09-20,2026-09-21,2026-10-04,-37.5,Consistently Improving,,47.8,Monitor,Dexter-Fenkell
10,STOLEN VEHICLE,0,1,1,,Increasing,0,1,1,,2026-09-07,2026-09-20,2026-09-21,2026-10-04,-14.285714285714286,Consistently Improving,,47.8,Monitor,Dexter-Fenkell
10,WEAPONS OFFENSES,0,1,1,,Increasing,0,1,1,,2026-09-07,2026-09-20,2026-09-21,2026-10-04,-80.0,Improving,,47.8,Monitor,Dexter-Fenkell
10,DAMAGE TO PROPERTY,1,1,0,0.0,No Change,1,1,0,0.0,2026-09-07,2026-09-20,2026-09-21,2026-10-04,-26.923076923076923,Improving,0.0,15.8,Monitor,Dexter-Fenkell
10,FRAUD,1,1,0,0.0,No Change,1,1,0,0.0,2026-09-07,2026-09-20,2026-09-21,2026-10-04,-18.181818181818183,Improving,0.0,15.8,Monitor,Dexter-Fenkell
10,DAMAGE TO PROPERTY,14,9,-5,-35.71,Decreasing,14,9,-5,-35.71,2026-09-10,2026-09-23,2026-09-24,2026-10-07,9.6,Worsening,0.0,24.4,Recent Improvement,Dexter-Linwood
10,DANGEROUS DRUGS,0,4,4,,Increasing,0,4,4,,2026-09-10,2026-09-23,2026-09-24,2026-10-07,8.333333333333334,Consistently Worsening,,55.4,Monitor,Dexter-Linwood
10,INVASION OF PRIVACY -OTHER,1,2,1,100.0,Increasing,1,2,1,100.0,2026-09-10,2026-09-23,2026-09-24,2026-10-07,800.0,Consistently Worsening,0.0,48.2,Monitor,Dexter-Linwood
10,OBSTRUCTING THE POLICE,1,2,1,100.0,Increasing,1,2,1,100.0,2026-09-10,2026-09-23,2026-09-24,2026-10-07,127.77777777777777,Consistently Worsening,0.0,48.2,Monitor,Dexter-Linwood
10,RUNAWAY,2,3,1,50.0,Increasing,2,3,1,50.0,2026-09-10,2026-09-23,2026-09-24,2026-10-07,60.0,Consistently Worsening,0.0,41.0,Monitor,Dexter-Linwood
10,ASSAULT,16,12,-4,-25.0,Decreasing,16,12,-4,-25.0,2026-09-10,2026-09-23,2026-09-24,2026-10-07,10.887096774193548,Worsening,0.0,27.2,Monitor,Dexter-Linwood
10,AGGRAVATED ASSAULT,10,8,-2,-20.0,Decreasing,10,8,-2,-20.0,2026-09-10,2026-09-23,2026-09-24,2026-10-07,8.527131782945736,Consistently Worsening,0.0,23.1,Monitor,Dexter-Linwood
10,LARCENY,10,7,-3,-30.0,Decreasing,10,7,-3,-30.0,2026-09-10,2026-09-23,2026-09-24,2026-10-07,7.8431372549019605,Consistently Worsening,0.0,21.8,Monitor,Dexter-Linwood
10,ARSON,0,1,1,,Increasing,0,1,1,,2026-09-10,2026-09-23,2026-09-24,2026-10-07,16.666666666666668,Consistently Worsening,,19.6,Monitor,Dexter-Linwood
10,OBSTRUCTING JUDICIARY,0,1,1,,Increasing,0,1,1,,2026-09-10,2026-09-23,2026-09-24,2026-10-07,11.11111111111111,Consistently Worsening,,18.5,Monitor,Dexter-Linwood
10,FAMILY OFFENSE,0,1,1,,Increasing,0,1,1,,2026-09-10,2026-09-23,2026-09-24,2026-10-07,-10.0,Improving,,16.3,Monitor,Dexter-Linwood
10,SEX OFFENSES,0,1,1,,Increasing,0,1,1,,2026-09-10,2026-09-23,2026-09-24,2026-10-07,-36.36363636363637,Consistently Improving,,16.3,Monitor,Dexter-Linwood
10,BURGLARY,7,2,-5,-71.43,Decreasing,7,2,-5,-71.43,2026-09-10,2026-09-23,2026-09-24,2026-10-07,13.829787234042554,Worsening,0.0,13.5,Monitor,Dexter-Linwood
10,STOLEN VEHICLE,3,2,-1,-33.33,Decreasing,3,2,-1,-33.33,2026-09-10,2026-09-23,2026-09-24,2026-10-07,-17.46031746031746,Consistently Improving,0.0,10.7,Monitor,Dexter-Linwood
10,WEAPONS OFFENSES,1,0,-1,-100.0,Decreasing,1,0,-1,-100.0,2026-09-10,2026-09-23,2026-09-24,2026-10-07,23.529411764705884,Consistently Worsening,0.0,4.7,Monitor,Dexter-Linwood
10,STOLEN PROPERTY,2,0,-2,-100.0,Decreasing,2,0,-2,-100.0,2026-09-10,2026-09-23,2026-09-24,2026-10-07,11.764705882352942,Worsening,0.0,2.4,Monitor,Dexter-Linwood
10,FRAUD,7,0,-7,-100.0,Decreasing,7,0,-7,-100.0,2026-09-10,2026-09-23,2026-09-24,2026-10-07,1.5151515151515151,Stable,0.0,0.3,Monitor,Dexter-Linwood
10,EXTORTION,1,0,-1,-100.0,Decreasing,1,0,-1,-100.0,2026-09-10,2026-09-23,2026-09-24,2026-10-07,-75.0,Improving,0.0,0.0,Monitor,Dexter-Linwood
10,HEALTH AND SAFETY,1,0,-1,-100.0,Decreasing,1,0,-1,-100.0,2026-09-10,2026-09-23,2026-09-24,2026-10-07,,Worsening,0.0,0.0,Monitor,Dexter-Linwood
10,ROBBERY,1,0,-1,-100.0,Decreasing,1,0,-1,-100.0,2026-09-10,2026-09-23,2026-09-24,2026-10-07,-37.03703703703704,Improving,0.0,0.0,Monitor,Dexter-Linwood
03,OUIL,0,2,2,,Increasing,0,2,2,,2026-06-07,2026-06-20,2026-06-21,2026-07-04,,Worsening,,59.0,Monitor,Douglass
03,INVASION OF PRIVACY -OTHER,1,0,-1,-100.0,Decreasing,1,0,-1,-100.0,2026-06-07,2026-06-20,2026-06-21,2026-07-04,,Worsening,0.0,0.0,Monitor,Douglass
03,LARCENY,1,0,-1,-100.0,Decreasing,1,0,-1,-100.0,2026-06-07,2026-06-20,2026-06-21,2026-07-04,-50.0,Improving,0.0,0.0,Monitor,Douglass
03,AGGRAVATED ASSAULT,4,12,8,200.0,Increasing,4,12,8,200.0,2026-09-09,2026-09-22,2026-09-23,2026-10-06,-9.375,Improving,0.0,67.9,Watch,Downtown
03,DAMAGE TO PROPERTY,6,12,6,100.0,Increasing,6,12,6,100.0,2026-09-09,2026-09-22,2026-09-23,2026-10-06,-24.253731343283583,Improving,0.0,60.4,Watch,Downtown
03,OBSTRUCTING THE POLICE,2,6,4,200.0,Increasing,2,6,4,200.0,2026-09-09,2026-09-22,2026-09-23,2026-10-06,33.333333333333336,Consistently Worsening,0.0,55.2,Watch,Downtown
03,ASSAULT,34,35,1,2.94,Increasing,34,35,1,2.94,2026-09-09,2026-09-22,2026-09-23,2026-10-06,19.523809523809526,Consistently Worsening,0.0,33.2,Watch,Downtown
03,FRAUD,22,10,-12,-54.55,Decreasing,22,10,-12,-54.55,2026-09-09,2026-09-22,2026-09-23,2026-10-06,11.740890688259109,Consistently Worsening,0.0,19.1,Recent Improvement,Downtown
03,DISORDERLY CONDUCT,2,4,2,100.0,Increasing,2,4,2,100.0,2026-09-09,2026-09-22,2026-09-23,2026-10-06,35.13513513513514,Consistently Worsening,0.0,45.8,Monitor,Downtown
03,WEAPONS OFFENSES,1,2,1,100.0,Increasing,1,2,1,100.0,2026-09-09,2026-09-22,2026-09-23,2026-10-06,1.6129032258064515,Stable,0.0,31.7,Monitor,Downtown
03,HEALTH AND SAFETY,0,2,2,,Increasing,0,2,2,,2026-09-09,2026-09-22,2026-09-23,2026-10-06,500.0,Worsening,,29.2,Monitor,Downtown
03,SEXUAL ASSAULT,0,2,2,,Increasing,0,2,2,,2026-09-09,2026-09-22,2026-09-23,2026-10-06,76.92307692307692,Worsening,,29.2,Monitor,Downtown
03,LARCENY,25,22,-3,-12.0,Decreasing,26,22,-4,-15.38,2026-09-09,2026-09-22,2026-09-23,2026-10-06,-9.038461538461538,Consistently Improving,3.380000000000001,22.9,Monitor,Downtown
03,INVASION OF PRIVACY -OTHER,5,3,-2,-40.0,Decreasing,5,3,-2,-40.0,2026-09-09,2026-09-22,2026-09-23,2026-10-06,438.46153846153845,Consistently Worsening,0.0,19.7,Monitor,Downtown
03,LIQUOR,0,2,2,,Increasing,0,2,2,,2026-09-09,2026-09-22,2026-09-23,2026-10-06,-33.333333333333336,Improving,,19.2,Monitor,Downtown
03,BURGLARY,1,1,0,0.0,No Change,1,1,0,0.0,2026-09-09,2026-09-22,2026-09-23,2026-10-06,58.333333333333336,Worsening,0.0,14.8,Monitor,Downtown
03,OBSTRUCTING JUDICIARY,1,1,0,0.0,No Change,1,1,0,0.0,2026-09-09,2026-09-22,2026-09-23,2026-10-06,122.22222222222223,Worsening,0.0,14.8,Monitor,Downtown
03,DANGEROUS DRUGS,0,1,1,,Increasing,0,1,1,,2026-09-09,2026-09-22,2026-09-23,2026-10-06,14.285714285714286,Consistently Worsening,,13.4,Monitor,Downtown
03,STOLEN VEHICLE,6,4,-2,-33.33,Decreasing,6,4,-2,-33.33,2026-09-09,2026-09-22,2026-09-23,2026-10-06,-31.543624161073826,Improving,0.0,11.2,Monitor,Downtown
03,OUIL,4,2,-2,-50.0,Decreasing,4,2,-2,-50.0,2026-09-09,2026-09-22,2026-09-23,2026-10-06,16.666666666666668,Consistently Worsening,0.0,11.0,Monitor,Downtown
03,STOLEN PROPERTY,0,1,1,,Increasing,0,1,1,,2026-09-09,2026-09-22,2026-09-23,2026-10-06,-6.666666666666667,Consistently Improving,,10.6,Monitor,Downtown
03,EXTORTION,1,0,-1,-100.0,Decreasing,1,0,-1,-100.0,2026-09-09,2026-09-22,2026-09-23,2026-10-06,250.0,Consistently Worsening,0.0,10.0,Monitor,Downtown
03,HOMICIDE,1,0,-1,-100.0,Decreasing,1,0,-1,-100.0,2026-09-09,2026-09-22,2026-09-23,2026-10-06,200.0,Worsening,0.0,10.0,Monitor,Downtown
03,ROBBERY,2,1,-1,-50.0,Decreasing,2,1,-1,-50.0,2026-09-09,2026-09-22,2026-09-23,2026-10-06,-30.90909090909091,Improving,0.0,4.8,Monitor,Downtown
07,LARCENY,1,0,-1,-100.0,Decreasing,26,22,-4,-15.38,2026-09-09,2026-09-22,2026-09-23,2026-10-06,0.0,Stable,-84.62,0.0,Monitor,Downtown
05,FAMILY OFFENSE,0,1,1,,Increasing,0,1,1,,2026-09-04,2026-09-17,2026-09-18,2026-10-01,0.0,Stable,,57.0,Monitor,East Canfield
05,LARCENY,0,1,1,,Increasing,0,1,1,,2026-09-04,2026-09-17,2026-09-18,2026-10-01,-14.285714285714286,Improving,,57.0,Monitor,East Canfield
05,RUNAWAY,0,1,1,,Increasing,0,1,1,,2026-09-04,2026-09-17,2026-09-18,2026-10-01,,Worsening,,57.0,Monitor,East Canfield
05,ASSAULT,2,4,2,100.0,Increasing,2,4,2,100.0,2026-09-05,2026-09-18,2026-09-19,2026-10-02,13.235294117647058,Consistently Worsening,0.0,77.6,Monitor,East English Village
05,AGGRAVATED ASSAULT,1,2,1,100.0,Increasing,1,2,1,100.0,2026-09-05,2026-09-18,2026-09-19,2026-10-02,-24.137931034482758,Consistently Improving,0.0,52.1,Monitor,East English Village
05,DAMAGE TO PROPERTY,1,2,1,100.0,Increasing,1,2,1,100.0,2026-09-05,2026-09-18,2026-09-19,2026-10-02,-7.142857142857143,Improving,0.0,52.1,Monitor,East English Village
05,DANGEROUS DRUGS,0,1,1,,Increasing,0,1,1,,2026-09-05,2026-09-18,2026-09-19,2026-10-02,300.0,Worsening,,37.8,Monitor,East English Village
05,RUNAWAY,0,1,1,,Increasing,0,1,1,,2026-09-05,2026-09-18,2026-09-19,2026-10-02,-70.0,Improving,,27.8,Monitor,East English Village
05,BURGLARY,8,2,-6,-75.0,Decreasing,8,2,-6,-75.0,2026-09-05,2026-09-18,2026-09-19,2026-10-02,0.0,Stable,0.0,17.1,Monitor,East English Village
05,LARCENY,2,2,0,0.0,No Change,2,2,0,0.0,2026-09-05,2026-09-18,2026-09-19,2026-10-02,-40.298507462686565,Improving,0.0,17.1,Monitor,East English Village
05,ROBBERY,3,1,-2,-66.67,Decreasing,3,1,-2,-66.67,2026-09-05,2026-09-18,2026-09-19,2026-10-02,28.571428571428573,Consistently Worsening,0.0,16.5,Monitor,East English Village
05,STOLEN PROPERTY,1,1,0,0.0,No Change,1,1,0,0.0,2026-09-05,2026-09-18,2026-09-19,2026-10-02,-33.333333333333336,Consistently Improving,0.0,10.8,Monitor,East English Village
05,FRAUD,2,0,-2,-100.0,Decreasing,2,0,-2,-100.0,2026-09-05,2026-09-18,2026-09-19,2026-10-02,-24.0,Consistently Improving,0.0,0.0,Monitor,East English Village
05,STOLEN VEHICLE,1,0,-1,-100.0,Decreasing,1,0,-1,-100.0,2026-09-05,2026-09-18,2026-09-19,2026-10-02,-8.88888888888889,Consistently Improving,0.0,0.0,Monitor,East English Village
05,WEAPONS OFFENSES,1,0,-1,-100.0,Decreasing,1,0,-1,-100.0,2026-09-05,2026-09-18,2026-09-19,2026-10-02,-31.25,Consistently Improving,0.0,0.0,Monitor,East English Village
05,BURGLARY,0,4,4,,Increasing,0,4,4,,2026-09-08,2026-09-21,2026-09-22,2026-10-05,35.294117647058826,Consistently Worsening,,70.1,Monitor,East Village
05,ASSAULT,1,2,1,100.0,Increasing,1,3,2,200.0,2026-09-08,2026-09-21,2026-09-22,2026-10-05,-22.580645161290324,Improving,-100.0,44.6,Monitor,East Village
05,DAMAGE TO PROPERTY,2,3,1,50.0,Increasing,2,3,1,50.0,2026-09-08,2026-09-21,2026-09-22,2026-10-05,-28.571428571428573,Consistently Improving,0.0,39.0,Monitor,East Village
07,ASSAULT,0,1,1,,Increasing,1,3,2,200.0,2026-09-08,2026-09-21,2026-09-22,2026-10-05,-14.285714285714286,Consistently Improving,,20.3,Monitor,East Village
07,DANGEROUS DRUGS,0,1,1,,Increasing,0,1,1,,2026-09-08,2026-09-21,2026-09-22,2026-10-05,0.0,Stable,,20.3,Monitor,East Village
05,OBSTRUCTING THE POLICE,1,1,0,0.0,No Change,1,1,0,0.0,2026-09-08,2026-09-21,2026-09-22,2026-10-05,25.0,Consistently Worsening,0.0,15.8,Monitor,East Village
07,FRAUD,2,1,-1,-50.0,Decreasing,3,1,-2,-66.67,2026-09-08,2026-09-21,2026-09-22,2026-10-05,-15.789473684210526,Improving,16.67,15.8,Monitor,East Village
05,STOLEN VEHICLE,3,0,-3,-100.0,Decreasing,3,0,-3,-100.0,2026-09-08,2026-09-21,2026-09-22,2026-10-05,42.857142857142854,Worsening,0.0,8.6,Monitor,East Village
05,FRAUD,1,0,-1,-100.0,Decreasing,3,1,-2,-66.67,2026-09-08,2026-09-21,2026-09-22,2026-10-05,14.285714285714286,Consistently Worsening,-33.33,2.9,Monitor,East Village
07,LARCENY,1,0,-1,-100.0,Decreasing,2,0,-2,-100.0,2026-09-08,2026-09-21,2026-09-22,2026-10-05,13.88888888888889,Worsening,0.0,2.8,Monitor,East Village
05,FAMILY OFFENSE,1,0,-1,-100.0,Decreasing,1,0,-1,-100.0,2026-09-08,2026-09-21,2026-09-22,2026-10-05,-66.66666666666667,Improving,0.0,0.0,Monitor,East Village
05,HEALTH AND SAFETY,1,0,-1,-100.0,Decreasing,1,0,-1,-100.0,2026-09-08,2026-09-21,2026-09-22,2026-10-05,,Worsening,0.0,0.0,Monitor,East Village
05,LARCENY,1,0,-1,-100.0,Decreasing,2,0,-2,-100.0,2026-09-08,2026-09-21,2026-09-22,2026-10-05,-21.875,Consistently Improving,0.0,0.0,Monitor,East Village
07,AGGRAVATED ASSAULT,1,0,-1,-100.0,Decreasing,1,0,-1,-100.0,2026-09-08,2026-09-21,2026-09-22,2026-10-05,-28.571428571428573,Consistently Improving,0.0,0.0,Monitor,East Village
07,AGGRAVATED ASSAULT,0,1,1,,Increasing,0,1,1,,2026-08-31,2026-09-13,2026-09-14,2026-09-27,12.5,Worsening,,50.3,Monitor,Eastern Market
07,HEALTH AND SAFETY,0,1,1,,Increasing,0,1,1,,2026-08-31,2026-09-13,2026-09-14,2026-09-27,,Worsening,,47.8,Monitor,Eastern Market
07,ROBBERY,0,1,1,,Increasing,0,1,1,,2026-08-31,2026-09-13,2026-09-14,2026-09-27,-66.66666666666667,Improving,,47.8,Monitor,Eastern Market
07,LARCENY,3,2,-1,-33.33,Decreasing,3,2,-1,-33.33,2026-08-31,2026-09-13,2026-09-14,2026-09-27,-48.31460674157304,Improving,0.0,25.0,Monitor,Eastern Market
07,DAMAGE TO PROPERTY,7,0,-7,-100.0,Decreasing,7,0,-7,-100.0,2026-08-31,2026-09-13,2026-09-14,2026-09-27,4.3478260869565215,Worsening,0.0,0.9,Monitor,Eastern Market
07,ASSAULT,2,0,-2,-100.0,Decreasing,2,0,-2,-100.0,2026-08-31,2026-09-13,2026-09-14,2026-09-27,-21.73913043478261,Consistently Improving,0.0,0.0,Monitor,Eastern Market
09,DAMAGE TO PROPERTY,2,4,2,100.0,Increasing,2,4,2,100.0,2026-09-08,2026-09-21,2026-09-22,2026-10-05,4.761904761904762,Worsening,0.0,76.0,Monitor,Eden Gardens
09,BURGLARY,1,2,1,100.0,Increasing,1,2,1,100.0,2026-09-08,2026-09-21,2026-09-22,2026-10-05,-12.5,Consistently Improving,0.0,52.1,Monitor,Eden Gardens
09,ASSAULT,4,4,0,0.0,No Change,4,4,0,0.0,2026-09-08,2026-09-21,2026-09-22,2026-10-05,7.8125,Consistently Worsening,0.0,26.6,Monitor,Eden Gardens
09,STOLEN PROPERTY,2,1,-1,-50.0,Decreasing,2,1,-1,-50.0,2026-09-08,2026-09-21,2026-09-22,2026-10-05,85.71428571428571,Worsening,0.0,20.8,Monitor,Eden Gardens
09,STOLEN VEHICLE,3,1,-2,-66.67,Decreasing,3,1,-2,-66.67,2026-09-08,2026-09-21,2026-09-22,2026-10-05,20.0,Worsening,0.0,14.8,Monitor,Eden Gardens
09,LARCENY,1,1,0,0.0,No Change,1,1,0,0.0,2026-09-08,2026-09-21,2026-09-22,2026-10-05,-24.390243902439025,Improving,0.0,10.8,Monitor,Eden Gardens
09,WEAPONS OFFENSES,2,1,-1,-50.0,Decreasing,2,1,-1,-50.0,2026-09-08,2026-09-21,2026-09-22,2026-10-05,-23.80952380952381,Improving,0.0,10.8,Monitor,Eden Gardens
09,AGGRAVATED ASSAULT,4,0,-4,-100.0,Decreasing,4,0,-4,-100.0,2026-09-08,2026-09-21,2026-09-22,2026-10-05,-9.523809523809524,Improving,0.0,0.0,Monitor,Eden Gardens
09,FRAUD,1,0,-1,-100.0,Decreasing,1,0,-1,-100.0,2026-09-08,2026-09-21,2026-09-22,2026-10-05,-50.0,Improving,0.0,0.0,Monitor,Eden Gardens
09,OBSTRUCTING THE POLICE,2,0,-2,-100.0,Decreasing,2,0,-2,-100.0,2026-09-08,2026-09-21,2026-09-22,2026-10-05,0.0,Stable,0.0,0.0,Monitor,Eden Gardens
03,LARCENY,2,3,1,50.0,Increasing,2,3,1,50.0,2026-09-09,2026-09-22,2026-09-23,2026-10-06,1.5151515151515151,Stable,0.0,65.3,Monitor,Elijah McCoy
03,DAMAGE TO PROPERTY,2,3,1,50.0,Increasing,2,3,1,50.0,2026-09-09,2026-09-22,2026-09-23,2026-10-06,-21.73913043478261,Improving,0.0,65.0,Monitor,Elijah McCoy
03,AGGRAVATED ASSAULT,0,1,1,,Increasing,0,1,1,,2026-09-09,2026-09-22,2026-09-23,2026-10-06,-5.555555555555555,Improving,,44.5,Monitor,Elijah McCoy
10,STOLEN VEHICLE,0,1,1,,Increasing,0,1,1,,2026-09-09,2026-09-22,2026-09-23,2026-10-06,0.0,Stable,,44.5,Monitor,Elijah McCoy
03,BURGLARY,1,0,-1,-100.0,Decreasing,1,0,-1,-100.0,2026-09-09,2026-09-22,2026-09-23,2026-10-06,66.66666666666667,Worsening,0.0,10.0,Monitor,Elijah McCoy
03,OBSTRUCTING JUDICIARY,1,0,-1,-100.0,Decreasing,1,0,-1,-100.0,2026-09-09,2026-09-22,2026-09-23,2026-10-06,200.0,Worsening,0.0,10.0,Monitor,Elijah McCoy
03,STOLEN PROPERTY,1,0,-1,-100.0,Decreasing,1,0,-1,-100.0,2026-09-09,2026-09-22,2026-09-23,2026-10-06,100.0,Consistently Worsening,0.0,10.0,Monitor,Elijah McCoy
03,FRAUD,1,0,-1,-100.0,Decreasing,1,0,-1,-100.0,2026-09-09,2026-09-22,2026-09-23,2026-10-06,30.0,Consistently Worsening,0.0,6.0,Monitor,Elijah McCoy
03,ASSAULT,7,0,-7,-100.0,Decreasing,7,0,-7,-100.0,2026-09-09,2026-09-22,2026-09-23,2026-10-06,18.75,Consistently Worsening,0.0,3.8,Monitor,Elijah McCoy
03,OUIL,2,0,-2,-100.0,Decreasing,2,0,-2,-100.0,2026-09-09,2026-09-22,2026-09-23,2026-10-06,0.0,Stable,0.0,0.0,Monitor,Elijah McCoy
06,ASSAULT,1,2,1,100.0,Increasing,1,2,1,100.0,2026-09-05,2026-09-18,2026-09-19,2026-10-02,45.23809523809524,Worsening,0.0,78.9,Monitor,Eliza Howell
06,LARCENY,1,2,1,100.0,Increasing,1,2,1,100.0,2026-09-05,2026-09-18,2026-09-19,2026-10-02,-15.789473684210526,Improving,0.0,69.8,Monitor,Eliza Howell
06,FRAUD,0,1,1,,Increasing,0,1,1,,2026-09-05,2026-09-18,2026-09-19,2026-10-02,71.42857142857143,Worsening,,54.5,Monitor,Eliza Howell
06,OBSTRUCTING THE POLICE,0,1,1,,Increasing,0,1,1,,2026-09-05,2026-09-18,2026-09-19,2026-10-02,0.0,Stable,,44.5,Monitor,Eliza Howell
06,DAMAGE TO PROPERTY,3,3,0,0.0,No Change,3,3,0,0.0,2026-09-05,2026-09-18,2026-09-19,2026-10-02,66.66666666666667,Consistently Worsening,0.0,35.0,Monitor,Eliza Howell
06,STOLEN VEHICLE,2,0,-2,-100.0,Decreasing,2,0,-2,-100.0,2026-09-05,2026-09-18,2026-09-19,2026-10-02,23.076923076923077,Consistently Worsening,0.0,4.6,Monitor,Eliza Howell
07,ASSAULT,11,12,1,9.09,Increasing,11,12,1,9.09,2026-09-08,2026-09-21,2026-09-22,2026-10-05,0.6060606060606061,Stable,0.0,41.9,Watch,Elmwood Park
07,BURGLARY,0,2,2,,Increasing,0,2,2,,2026-09-08,2026-09-21,2026-09-22,2026-10-05,-38.70967741935484,Improving,,44.7,Monitor,Elmwood Park
07,AGGRAVATED ASSAULT,3,4,1,33.33,Increasing,3,4,1,33.33,2026-09-08,2026-09-21,2026-09-22,2026-10-05,-5.2631578947368425,Improving,0.0,37.4,Monitor,Elmwood Park
07,MISCELLANEOUS,0,1,1,,Increasing,0,1,1,,2026-09-08,2026-09-21,2026-09-22,2026-10-05,,Worsening,,23.8,Monitor,Elmwood Park
07,LARCENY,6,4,-2,-33.33,Decreasing,6,4,-2,-33.33,2026-09-08,2026-09-21,2026-09-22,2026-10-05,7.407407407407407,Consistently Worsening,0.0,17.2,Monitor,Elmwood Park
07,DANGEROUS DRUGS,2,1,-1,-50.0,Decreasing,2,1,-1,-50.0,2026-09-08,2026-09-21,2026-09-22,2026-10-05,50.0,Consistently Worsening,0.0,16.8,Monitor,Elmwood Park
07,DAMAGE TO PROPERTY,5,3,-2,-40.0,Decreasing,5,3,-2,-40.0,2026-09-08,2026-09-21,2026-09-22,2026-10-05,-29.565217391304348,Improving,0.0,13.5,Monitor,Elmwood Park
07,STOLEN VEHICLE,3,3,0,0.0,No Change,3,3,0,0.0,2026-09-08,2026-09-21,2026-09-22,2026-10-05,-20.0,Consistently Improving,0.0,13.5,Monitor,Elmwood Park
07,FRAUD,4,1,-3,-75.0,Decreasing,4,1,-3,-75.0,2026-09-08,2026-09-21,2026-09-22,2026-10-05,-20.37037037037037,Improving,0.0,6.8,Monitor,Elmwood Park
07,WEAPONS OFFENSES,2,0,-2,-100.0,Decreasing,2,0,-2,-100.0,2026-09-08,2026-09-21,2026-09-22,2026-10-05,27.272727272727273,Consistently Worsening,0.0,5.5,Monitor,Elmwood Park
07,KIDNAPPING,1,0,-1,-100.0,Decreasing,1,0,-1,-100.0,2026-09-08,2026-09-21,2026-09-22,2026-10-05,,Worsening,0.0,0.0,Monitor,Elmwood Park
07,OBSTRUCTING THE POLICE,1,0,-1,-100.0,Decreasing,1,0,-1,-100.0,2026-09-08,2026-09-21,2026-09-22,2026-10-05,-15.384615384615385,Improving,0.0,0.0,Monitor,Elmwood Park
07,ROBBERY,1,0,-1,-100.0,Decreasing,1,0,-1,-100.0,2026-09-08,2026-09-21,2026-09-22,2026-10-05,-54.54545454545455,Consistently Improving,0.0,0.0,Monitor,Elmwood Park
08,ASSAULT,4,7,3,75.0,Increasing,4,7,3,75.0,2026-09-08,2026-09-21,2026-09-22,2026-10-05,-15.044247787610619,Improving,0.0,70.0,Watch,Evergreen Lahser 7/8
08,WEAPONS OFFENSES,1,2,1,100.0,Increasing,1,2,1,100.0,2026-09-08,2026-09-21,2026-09-22,2026-10-05,-8.0,Improving,0.0,43.2,Monitor,Evergreen Lahser 7/8
08,DAMAGE TO PROPERTY,0,2,2,,Increasing,0,2,2,,2026-09-08,2026-09-21,2026-09-22,2026-10-05,-17.333333333333332,Improving,,37.2,Monitor,Evergreen Lahser 7/8
08,SEX OFFENSES,0,1,1,,Increasing,0,1,1,,2026-09-08,2026-09-21,2026-09-22,2026-10-05,33.333333333333336,Worsening,,27.0,Monitor,Evergreen Lahser 7/8
08,FAMILY OFFENSE,0,1,1,,Increasing,0,1,1,,2026-09-08,2026-09-21,2026-09-22,2026-10-05,20.0,Worsening,,24.3,Monitor,Evergreen Lahser 7/8
08,STOLEN VEHICLE,5,5,0,0.0,No Change,5,5,0,0.0,2026-09-08,2026-09-21,2026-09-22,2026-10-05,-4.918032786885246,Consistently Improving,0.0,21.5,Monitor,Evergreen Lahser 7/8
08,LARCENY,5,4,-1,-20.0,Decreasing,5,4,-1,-20.0,2026-09-08,2026-09-21,2026-09-22,2026-10-05,7.8125,Consistently Worsening,0.0,20.9,Monitor,Evergreen Lahser 7/8
08,INVASION OF PRIVACY -OTHER,0,1,1,,Increasing,0,1,1,,2026-09-08,2026-09-21,2026-09-22,2026-10-05,,Worsening,,20.3,Monitor,Evergreen Lahser 7/8
08,FRAUD,1,1,0,0.0,No Change,1,1,0,0.0,2026-09-08,2026-09-21,2026-09-22,2026-10-05,-13.88888888888889,Improving,0.0,8.3,Monitor,Evergreen Lahser 7/8
08,AGGRAVATED ASSAULT,2,0,-2,-100.0,Decreasing,2,0,-2,-100.0,2026-09-08,2026-09-21,2026-09-22,2026-10-05,12.5,Consistently Worsening,0.0,2.5,Monitor,Evergreen Lahser 7/8
08,BURGLARY,1,0,-1,-100.0,Decreasing,1,0,-1,-100.0,2026-09-08,2026-09-21,2026-09-22,2026-10-05,6.666666666666667,Worsening,0.0,1.3,Monitor,Evergreen Lahser 7/8
08,OBSTRUCTING THE POLICE,2,0,-2,-100.0,Decreasing,2,0,-2,-100.0,2026-09-08,2026-09-21,2026-09-22,2026-10-05,-28.571428571428573,Improving,0.0,0.0,Monitor,Evergreen Lahser 7/8
08,ROBBERY,1,0,-1,-100.0,Decreasing,1,0,-1,-100.0,2026-09-08,2026-09-21,2026-09-22,2026-10-05,-16.666666666666668,Consistently Improving,0.0,0.0,Monitor,Evergreen Lahser 7/8
08,WEAPONS OFFENSES,1,2,1,100.0,Increasing,1,2,1,100.0,2026-09-09,2026-09-22,2026-09-23,2026-10-06,80.0,Worsening,0.0,77.1,Monitor,Evergreen-Outer Drive
08,FRAUD,1,2,1,100.0,Increasing,1,2,1,100.0,2026-09-09,2026-09-22,2026-09-23,2026-10-06,14.634146341463415,Worsening,0.0,70.0,Monitor,Evergreen-Outer Drive
08,STOLEN PROPERTY,1,2,1,100.0,Increasing,1,2,1,100.0,2026-09-09,2026-09-22,2026-09-23,2026-10-06,8.333333333333334,Worsening,0.0,68.7,Monitor,Evergreen-Outer Drive
08,BURGLARY,0,1,1,,Increasing,0,1,1,,2026-09-09,2026-09-22,2026-09-23,2026-10-06,3.4482758620689653,Worsening,,43.5,Monitor,Evergreen-Outer Drive
08,ASSAULT,7,4,-3,-42.86,Decreasing,7,4,-3,-42.86,2026-09-09,2026-09-22,2026-09-23,2026-10-06,-8.333333333333334,Improving,0.0,25.0,Monitor,Evergreen-Outer Drive
08,STOLEN VEHICLE,7,1,-6,-85.71,Decreasing,7,1,-6,-85.71,2026-09-09,2026-09-22,2026-09-23,2026-10-06,42.22222222222222,Worsening,0.0,19.2,Monitor,Evergreen-Outer Drive
08,AGGRAVATED ASSAULT,3,2,-1,-33.33,Decreasing,3,2,-1,-33.33,2026-09-09,2026-09-22,2026-09-23,2026-10-06,1.7241379310344827,Stable,0.0,17.4,Monitor,Evergreen-Outer Drive
08,DAMAGE TO PROPERTY,2,2,0,0.0,No Change,2,2,0,0.0,2026-09-09,2026-09-22,2026-09-23,2026-10-06,-2.898550724637681,Improving,0.0,17.1,Monitor,Evergreen-Outer Drive
08,LARCENY,4,1,-3,-75.0,Decreasing,4,1,-3,-75.0,2026-09-09,2026-09-22,2026-09-23,2026-10-06,20.338983050847457,Worsening,0.0,14.8,Monitor,Evergreen-Outer Drive
08,ROBBERY,1,1,0,0.0,No Change,1,1,0,0.0,2026-09-09,2026-09-22,2026-09-23,2026-10-06,16.666666666666668,Worsening,0.0,14.1,Monitor,Evergreen-Outer Drive
06,ASSAULT,1,2,1,100.0,Increasing,1,2,1,100.0,2026-09-08,2026-09-21,2026-09-22,2026-10-05,-24.0,Consistently Improving,0.0,60.0,Monitor,Far West Detroit
06,OBSTRUCTING JUDICIARY,0,2,2,,Increasing,0,2,2,,2026-09-08,2026-09-21,2026-09-22,2026-10-05,-89.1891891891892,Improving,,59.0,Monitor,Far West Detroit
06,BURGLARY,0,1,1,,Increasing,0,1,1,,2026-09-08,2026-09-21,2026-09-22,2026-10-05,142.85714285714286,Worsening,,42.8,Monitor,Far West Detroit
06,DAMAGE TO PROPERTY,0,1,1,,Increasing,0,1,1,,2026-09-08,2026-09-21,2026-09-22,2026-10-05,31.818181818181817,Consistently Worsening,,39.1,Monitor,Far West Detroit
06,AGGRAVATED ASSAULT,2,0,-2,-100.0,Decreasing,2,0,-2,-100.0,2026-09-08,2026-09-21,2026-09-22,2026-10-05,-42.857142857142854,Consistently Improving,0.0,0.0,Monitor,Far West Detroit
06,OBSTRUCTING THE POLICE,1,0,-1,-100.0,Decreasing,1,0,-1,-100.0,2026-09-08,2026-09-21,2026-09-22,2026-10-05,0.0,Stable,0.0,0.0,Monitor,Far West Detroit
11,DAMAGE TO PROPERTY,3,8,5,166.67,Increasing,3,8,5,166.67,2026-09-09,2026-09-22,2026-09-23,2026-10-06,-12.0,Consistently Improving,0.0,71.4,Watch,Farwell
11,LARCENY,5,8,3,60.0,Increasing,5,8,3,60.0,2026-09-09,2026-09-22,2026-09-23,2026-10-06,27.63157894736842,Worsening,0.0,56.9,Watch,Farwell
11,AGGRAVATED ASSAULT,5,7,2,40.0,Increasing,5,7,2,40.0,2026-09-09,2026-09-22,2026-09-23,2026-10-06,30.555555555555557,Consistently Worsening,0.0,46.4,Watch,Farwell
11,BURGLARY,1,3,2,200.0,Increasing,1,3,2,200.0,2026-09-09,2026-09-22,2026-09-23,2026-10-06,12.195121951219512,Consistently Worsening,0.0,48.0,Monitor,Farwell
11,FAMILY OFFENSE,0,3,3,,Increasing,0,3,3,,2026-09-09,2026-09-22,2026-09-23,2026-10-06,25.0,Consistently Worsening,,42.5,Monitor,Farwell
11,ASSAULT,12,12,0,0.0,No Change,12,12,0,0.0,2026-09-09,2026-09-22,2026-09-23,2026-10-06,4.0,Consistently Worsening,0.0,25.8,Monitor,Farwell
11,DISORDERLY CONDUCT,0,1,1,,Increasing,0,1,1,,2026-09-09,2026-09-22,2026-09-23,2026-10-06,200.0,Consistently Worsening,,24.8,Monitor,Farwell
11,OBSTRUCTING JUDICIARY,0,1,1,,Increasing,0,1,1,,2026-09-09,2026-09-22,2026-09-23,2026-10-06,50.0,Worsening,,24.8,Monitor,Farwell
11,OBSTRUCTING THE POLICE,1,1,0,0.0,No Change,1,1,0,0.0,2026-09-09,2026-09-22,2026-09-23,2026-10-06,108.33333333333333,Consistently Worsening,0.0,16.8,Monitor,Farwell
11,DANGEROUS DRUGS,1,0,-1,-100.0,Decreasing,1,0,-1,-100.0,2026-09-09,2026-09-22,2026-09-23,2026-10-06,250.0,Worsening,0.0,10.0,Monitor,Farwell
11,STOLEN PROPERTY,1,0,-1,-100.0,Decreasing,1,0,-1,-100.0,2026-09-09,2026-09-22,2026-09-23,2026-10-06,133.33333333333334,Worsening,0.0,10.0,Monitor,Farwell
11,STOLEN VEHICLE,1,1,0,0.0,No Change,1,1,0,0.0,2026-09-09,2026-09-22,2026-09-23,2026-10-06,-38.46153846153846,Consistently Improving,0.0,6.8,Monitor,Farwell
11,FRAUD,3,0,-3,-100.0,Decreasing,3,0,-3,-100.0,2026-09-09,2026-09-22,2026-09-23,2026-10-06,7.6923076923076925,Worsening,0.0,1.5,Monitor,Farwell
11,HEALTH AND SAFETY,1,0,-1,-100.0,Decreasing,1,0,-1,-100.0,2026-09-09,2026-09-22,2026-09-23,2026-10-06,,Worsening,0.0,0.0,Monitor,Farwell
02,STOLEN VEHICLE,0,2,2,,Increasing,0,2,2,,2026-09-04,2026-09-17,2026-09-18,2026-10-01,-34.78260869565217,Improving,,53.8,Monitor,Fiskhorn
02,FAMILY OFFENSE,0,1,1,,Increasing,0,1,1,,2026-09-04,2026-09-17,2026-09-18,2026-10-01,100.0,Worsening,,39.5,Monitor,Fiskhorn
02,OBSTRUCTING JUDICIARY,0,1,1,,Increasing,0,1,1,,2026-09-04,2026-09-17,2026-09-18,2026-10-01,200.0,Consistently Worsening,,39.5,Monitor,Fiskhorn
02,ARSON,0,1,1,,Increasing,0,1,1,,2026-09-04,2026-09-17,2026-09-18,2026-10-01,0.0,Stable,,29.5,Monitor,Fiskhorn
02,DANGEROUS DRUGS,0,1,1,,Increasing,0,1,1,,2026-09-04,2026-09-17,2026-09-18,2026-10-01,0.0,Stable,,29.5,Monitor,Fiskhorn
02,OBSTRUCTING THE POLICE,0,1,1,,Increasing,0,1,1,,2026-09-04,2026-09-17,2026-09-18,2026-10-01,0.0,Stable,,29.5,Monitor,Fiskhorn
02,ASSAULT,4,3,-1,-25.0,Decreasing,4,3,-1,-25.0,2026-09-04,2026-09-17,2026-09-18,2026-10-01,1.8518518518518519,Stable,0.0,25.4,Monitor,Fiskhorn
02,DAMAGE TO PROPERTY,2,1,-1,-50.0,Decreasing,2,1,-1,-50.0,2026-09-04,2026-09-17,2026-09-18,2026-10-01,42.857142857142854,Consistently Worsening,0.0,21.1,Monitor,Fiskhorn
02,BURGLARY,1,1,0,0.0,No Change,1,1,0,0.0,2026-09-04,2026-09-17,2026-09-18,2026-10-01,16.666666666666668,Worsening,0.0,15.8,Monitor,Fiskhorn
02,FRAUD,1,1,0,0.0,No Change,1,1,0,0.0,2026-09-04,2026-09-17,2026-09-18,2026-10-01,-12.5,Improving,0.0,12.5,Monitor,Fiskhorn
02,INVASION OF PRIVACY -OTHER,1,0,-1,-100.0,Decreasing,1,0,-1,-100.0,2026-09-04,2026-09-17,2026-09-18,2026-10-01,100.0,Worsening,0.0,10.0,Monitor,Fiskhorn
02,WEAPONS OFFENSES,1,0,-1,-100.0,Decreasing,1,0,-1,-100.0,2026-09-04,2026-09-17,2026-09-18,2026-10-01,200.0,Worsening,0.0,10.0,Monitor,Fiskhorn
02,LARCENY,1,0,-1,-100.0,Decreasing,1,0,-1,-100.0,2026-09-04,2026-09-17,2026-09-18,2026-10-01,21.73913043478261,Consistently Worsening,0.0,4.3,Monitor,Fiskhorn
02,STOLEN PROPERTY,1,0,-1,-100.0,Decreasing,1,0,-1,-100.0,2026-09-04,2026-09-17,2026-09-18,2026-10-01,-80.0,Improving,0.0,0.0,Monitor,Fiskhorn
12,LARCENY,2,7,5,250.0,Increasing,2,7,5,250.0,2026-09-08,2026-09-21,2026-09-22,2026-10-05,-5.555555555555555,Improving,0.0,75.0,Watch,Fitzgerald/Marygrove
12,DAMAGE TO PROPERTY,5,7,2,40.0,Increasing,5,7,2,40.0,2026-09-08,2026-09-21,2026-09-22,2026-10-05,5.932203389830509,Consistently Worsening,0.0,46.2,Watch,Fitzgerald/Marygrove
12,RUNAWAY,1,1,0,0.0,No Change,2,1,-1,-50.0,2026-09-08,2026-09-21,2026-09-22,2026-10-05,425.0,Worsening,50.0,33.3,Monitor,Fitzgerald/Marygrove
12,AGGRAVATED ASSAULT,3,4,1,33.33,Increasing,3,4,1,33.33,2026-09-08,2026-09-21,2026-09-22,2026-10-05,2.5974025974025974,Consistently Worsening,0.0,32.5,Monitor,Fitzgerald/Marygrove
10,ASSAULT,0,1,1,,Increasing,8,7,-1,-12.5,2026-09-08,2026-09-21,2026-09-22,2026-10-05,80.0,Consistently Worsening,,26.3,Monitor,Fitzgerald/Marygrove
10,STOLEN PROPERTY,0,1,1,,Increasing,0,2,2,,2026-09-08,2026-09-21,2026-09-22,2026-10-05,50.0,Worsening,,26.3,Monitor,Fitzgerald/Marygrove
12,ASSAULT,8,5,-3,-37.5,Decreasing,8,7,-1,-12.5,2026-09-08,2026-09-21,2026-09-22,2026-10-05,10.126582278481013,Worsening,-25.0,23.6,Monitor,Fitzgerald/Marygrove
12,STOLEN PROPERTY,0,1,1,,Increasing,0,2,2,,2026-09-08,2026-09-21,2026-09-22,2026-10-05,5.882352941176471,Consistently Worsening,,17.5,Monitor,Fitzgerald/Marygrove
08,ASSAULT,0,1,1,,Increasing,8,7,-1,-12.5,2026-09-08,2026-09-21,2026-09-22,2026-10-05,,Worsening,,16.3,Monitor,Fitzgerald/Marygrove
12,KIDNAPPING,0,1,1,,Increasing,0,1,1,,2026-09-08,2026-09-21,2026-09-22,2026-10-05,,Worsening,,16.3,Monitor,Fitzgerald/Marygrove
12,STOLEN VEHICLE,4,2,-2,-50.0,Decreasing,4,2,-2,-50.0,2026-09-08,2026-09-21,2026-09-22,2026-10-05,9.836065573770492,Worsening,0.0,15.2,Monitor,Fitzgerald/Marygrove
12,OBSTRUCTING THE POLICE,1,0,-1,-100.0,Decreasing,1,0,-1,-100.0,2026-09-08,2026-09-21,2026-09-22,2026-10-05,80.0,Worsening,0.0,10.0,Monitor,Fitzgerald/Marygrove
12,BURGLARY,1,1,0,0.0,No Change,1,1,0,0.0,2026-09-08,2026-09-21,2026-09-22,2026-10-05,-29.508196721311474,Improving,0.0,8.3,Monitor,Fitzgerald/Marygrove
12,ARSON,1,0,-1,-100.0,Decreasing,1,0,-1,-100.0,2026-09-08,2026-09-21,2026-09-22,2026-10-05,33.333333333333336,Worsening,0.0,6.7,Monitor,Fitzgerald/Marygrove
10,FRAUD,1,0,-1,-100.0,Decreasing,3,0,-3,-100.0,2026-09-08,2026-09-21,2026-09-22,2026-10-05,28.571428571428573,Worsening,0.0,5.7,Monitor,Fitzgerald/Marygrove
10,RUNAWAY,1,0,-1,-100.0,Decreasing,2,1,-1,-50.0,2026-09-08,2026-09-21,2026-09-22,2026-10-05,0.0,Stable,-50.0,0.0,Monitor,Fitzgerald/Marygrove
10,SEX OFFENSES,2,0,-2,-100.0,Decreasing,2,0,-2,-100.0,2026-09-08,2026-09-21,2026-09-22,2026-10-05,,Worsening,0.0,0.0,Monitor,Fitzgerald/Marygrove
12,FRAUD,2,0,-2,-100.0,Decreasing,3,0,-3,-100.0,2026-09-08,2026-09-21,2026-09-22,2026-10-05,-32.69230769230769,Consistently Improving,0.0,0.0,Monitor,Fitzgerald/Marygrove
12,OBSTRUCTING JUDICIARY,1,0,-1,-100.0,Decreasing,1,0,-1,-100.0,2026-09-08,2026-09-21,2026-09-22,2026-10-05,-70.58823529411765,Improving,0.0,0.0,Monitor,Fitzgerald/Marygrove
12,ROBBERY,1,0,-1,-100.0,Decreasing,1,0,-1,-100.0,2026-09-08,2026-09-21,2026-09-22,2026-10-05,-38.46153846153846,Improving,0.0,0.0,Monitor,Fitzgerald/Marygrove
08,STOLEN VEHICLE,1,2,1,100.0,Increasing,1,2,1,100.0,2026-09-09,2026-09-22,2026-09-23,2026-10-06,-23.529411764705884,Improving,0.0,69.8,Monitor,Five Points
08,WEAPONS OFFENSES,0,1,1,,Increasing,0,1,1,,2026-09-09,2026-09-22,2026-09-23,2026-10-06,600.0,Worsening,,54.5,Monitor,Five Points
08,DANGEROUS DRUGS,0,1,1,,Increasing,0,1,1,,2026-09-09,2026-09-22,2026-09-23,2026-10-06,-66.66666666666667,Improving,,44.5,Monitor,Five Points
08,OBSTRUCTING THE POLICE,0,1,1,,Increasing,0,1,1,,2026-09-09,2026-09-22,2026-09-23,2026-10-06,-20.0,Improving,,44.5,Monitor,Five Points
08,ASSAULT,4,3,-1,-25.0,Decreasing,4,3,-1,-25.0,2026-09-09,2026-09-22,2026-09-23,2026-10-06,3.6363636363636362,Worsening,0.0,25.7,Monitor,Five Points
08,AGGRAVATED ASSAULT,4,1,-3,-75.0,Decreasing,4,1,-3,-75.0,2026-09-09,2026-09-22,2026-09-23,2026-10-06,19.23076923076923,Worsening,0.0,16.3,Monitor,Five Points
08,LARCENY,1,1,0,0.0,No Change,1,1,0,0.0,2026-09-09,2026-09-22,2026-09-23,2026-10-06,-8.695652173913043,Consistently Improving,0.0,12.5,Monitor,Five Points
08,OBSTRUCTING JUDICIARY,1,0,-1,-100.0,Decreasing,1,0,-1,-100.0,2026-09-09,2026-09-22,2026-09-23,2026-10-06,250.0,Consistently Worsening,0.0,10.0,Monitor,Five Points
08,ROBBERY,1,0,-1,-100.0,Decreasing,1,0,-1,-100.0,2026-09-09,2026-09-22,2026-09-23,2026-10-06,33.333333333333336,Worsening,0.0,6.7,Monitor,Five Points
08,BURGLARY,1,0,-1,-100.0,Decreasing,1,0,-1,-100.0,2026-09-09,2026-09-22,2026-09-23,2026-10-06,-16.666666666666668,Improving,0.0,0.0,Monitor,Five Points
08,FRAUD,4,0,-4,-100.0,Decreasing,4,0,-4,-100.0,2026-09-09,2026-09-22,2026-09-23,2026-10-06,-35.294117647058826,Improving,0.0,0.0,Monitor,Five Points
07,DAMAGE TO PROPERTY,1,2,1,100.0,Increasing,1,2,1,100.0,2026-09-07,2026-09-20,2026-09-21,2026-10-04,4.3478260869565215,Worsening,0.0,75.9,Monitor,Forest Park
07,OBSTRUCTING JUDICIARY,0,1,1,,Increasing,0,1,1,,2026-09-07,2026-09-20,2026-09-21,2026-10-04,50.0,Consistently Worsening,,57.8,Monitor,Forest Park
07,ASSAULT,1,1,0,0.0,No Change,1,1,0,0.0,2026-09-07,2026-09-20,2026-09-21,2026-10-04,18.51851851851852,Worsening,0.0,19.5,Monitor,Forest Park
07,LARCENY,2,1,-1,-50.0,Decreasing,2,1,-1,-50.0,2026-09-07,2026-09-20,2026-09-21,2026-10-04,10.714285714285714,Worsening,0.0,17.9,Monitor,Forest Park
07,ROBBERY,1,1,0,0.0,No Change,1,1,0,0.0,2026-09-07,2026-09-20,2026-09-21,2026-10-04,0.0,Stable,0.0,15.8,Monitor,Forest Park
07,BURGLARY,2,0,-2,-100.0,Decreasing,2,0,-2,-100.0,2026-09-07,2026-09-20,2026-09-21,2026-10-04,200.0,Worsening,0.0,10.0,Monitor,Forest Park
07,FRAUD,1,0,-1,-100.0,Decreasing,1,0,-1,-100.0,2026-09-07,2026-09-20,2026-09-21,2026-10-04,22.22222222222222,Worsening,0.0,4.4,Monitor,Forest Park
07,OBSTRUCTING THE POLICE,1,0,-1,-100.0,Decreasing,1,0,-1,-100.0,2026-09-07,2026-09-20,2026-09-21,2026-10-04,-50.0,Improving,0.0,0.0,Monitor,Forest Park
05,AGGRAVATED ASSAULT,1,3,2,200.0,Increasing,1,3,2,200.0,2026-09-10,2026-09-23,2026-09-24,2026-10-07,-34.0,Improving,0.0,75.0,Monitor,Fox Creek
05,ASSAULT,5,2,-3,-60.0,Decreasing,5,2,-3,-60.0,2026-09-10,2026-09-23,2026-09-24,2026-10-07,51.282051282051285,Worsening,0.0,29.8,Monitor,Fox Creek
05,OBSTRUCTING THE POLICE,0,1,1,,Increasing,0,1,1,,2026-09-10,2026-09-23,2026-09-24,2026-10-07,-53.333333333333336,Improving,,29.5,Monitor,Fox Creek
05,SEX OFFENSES,0,1,1,,Increasing,0,1,1,,2026-09-10,2026-09-23,2026-09-24,2026-10-07,-33.333333333333336,Improving,,29.5,Monitor,Fox Creek
05,STOLEN VEHICLE,0,1,1,,Increasing,0,1,1,,2026-09-10,2026-09-23,2026-09-24,2026-10-07,-10.0,Improving,,29.5,Monitor,Fox Creek
05,DAMAGE TO PROPERTY,4,2,-2,-50.0,Decreasing,4,2,-2,-50.0,2026-09-10,2026-09-23,2026-09-24,2026-10-07,4.878048780487805,Consistently Worsening,0.0,20.8,Monitor,Fox Creek
05,RUNAWAY,2,1,-1,-50.0,Decreasing,2,1,-1,-50.0,2026-09-10,2026-09-23,2026-09-24,2026-10-07,7.407407407407407,Consistently Worsening,0.0,14.0,Monitor,Fox Creek
05,BURGLARY,1,1,0,0.0,No Change,1,1,0,0.0,2026-09-10,2026-09-23,2026-09-24,2026-10-07,-21.05263157894737,Consistently Improving,0.0,12.5,Monitor,Fox Creek
05,ROBBERY,1,1,0,0.0,No Change,1,1,0,0.0,2026-09-10,2026-09-23,2026-09-24,2026-10-07,-12.5,Improving,0.0,12.5,Monitor,Fox Creek
05,ARSON,1,0,-1,-100.0,Decreasing,1,0,-1,-100.0,2026-09-10,2026-09-23,2026-09-24,2026-10-07,100.0,Consistently Worsening,0.0,10.0,Monitor,Fox Creek
05,INVASION OF PRIVACY -OTHER,2,0,-2,-100.0,Decreasing,2,0,-2,-100.0,2026-09-10,2026-09-23,2026-09-24,2026-10-07,250.0,Consistently Worsening,0.0,10.0,Monitor,Fox Creek
05,LARCENY,2,0,-2,-100.0,Decreasing,2,0,-2,-100.0,2026-09-10,2026-09-23,2026-09-24,2026-10-07,8.0,Worsening,0.0,1.6,Monitor,Fox Creek
05,FRAUD,5,0,-5,-100.0,Decreasing,5,0,-5,-100.0,2026-09-10,2026-09-23,2026-09-24,2026-10-07,0.0,Stable,0.0,0.0,Monitor,Fox Creek
05,STOLEN PROPERTY,1,0,-1,-100.0,Decreasing,1,0,-1,-100.0,2026-09-10,2026-09-23,2026-09-24,2026-10-07,-44.44444444444444,Consistently Improving,0.0,0.0,Monitor,Fox Creek
05,WEAPONS OFFENSES,2,0,-2,-100.0,Decreasing,2,0,-2,-100.0,2026-09-10,2026-09-23,2026-09-24,2026-10-07,-9.090909090909092,Consistently Improving,0.0,0.0,Monitor,Fox Creek
09,ASSAULT,10,5,-5,-50.0,Decreasing,10,5,-5,-50.0,2026-09-08,2026-09-21,2026-09-22,2026-10-05,-8.536585365853659,Improving,0.0,25.0,Recent Improvement,Franklin
09,WEAPONS OFFENSES,1,2,1,100.0,Increasing,1,2,1,100.0,2026-09-08,2026-09-21,2026-09-22,2026-10-05,57.142857142857146,Worsening,0.0,75.3,Monitor,Franklin
09,LARCENY,2,3,1,50.0,Increasing,2,3,1,50.0,2026-09-08,2026-09-21,2026-09-22,2026-10-05,39.39393939393939,Worsening,0.0,67.2,Monitor,Franklin
09,ARSON,0,1,1,,Increasing,0,1,1,,2026-09-08,2026-09-21,2026-09-22,2026-10-05,-25.0,Improving,,41.7,Monitor,Franklin
09,DANGEROUS DRUGS,0,1,1,,Increasing,0,1,1,,2026-09-08,2026-09-21,2026-09-22,2026-10-05,-31.25,Improving,,41.7,Monitor,Franklin
09,FAMILY OFFENSE,0,1,1,,Increasing,0,1,1,,2026-09-08,2026-09-21,2026-09-22,2026-10-05,-25.0,Improving,,41.7,Monitor,Franklin
09,OBSTRUCTING THE POLICE,0,1,1,,Increasing,0,1,1,,2026-09-08,2026-09-21,2026-09-22,2026-10-05,-21.428571428571427,Improving,,41.7,Monitor,Franklin
09,BURGLARY,3,3,0,0.0,No Change,3,3,0,0.0,2026-09-08,2026-09-21,2026-09-22,2026-10-05,-5.405405405405405,Improving,0.0,19.3,Monitor,Franklin
09,DAMAGE TO PROPERTY,3,1,-2,-66.67,Decreasing,3,1,-2,-66.67,2026-09-08,2026-09-21,2026-09-22,2026-10-05,9.615384615384615,Worsening,0.0,11.6,Monitor,Franklin
09,AGGRAVATED ASSAULT,3,1,-2,-66.67,Decreasing,3,1,-2,-66.67,2026-09-08,2026-09-21,2026-09-22,2026-10-05,-7.6923076923076925,Improving,0.0,9.7,Monitor,Franklin
09,OBSTRUCTING JUDICIARY,1,0,-1,-100.0,Decreasing,1,0,-1,-100.0,2026-09-08,2026-09-21,2026-09-22,2026-10-05,16.666666666666668,Consistently Worsening,0.0,3.3,Monitor,Franklin
06,FRAUD,1,6,5,500.0,Increasing,1,6,5,500.0,2026-09-09,2026-09-22,2026-09-23,2026-10-06,-12.62135922330097,Consistently Improving,0.0,67.2,Watch,Franklin Park
06,AGGRAVATED ASSAULT,4,6,2,50.0,Increasing,4,6,2,50.0,2026-09-09,2026-09-22,2026-09-23,2026-10-06,0.819672131147541,Stable,0.0,39.3,Watch,Franklin Park
06,STOLEN VEHICLE,0,4,4,,Increasing,0,4,4,,2026-09-09,2026-09-22,2026-09-23,2026-10-06,-2.127659574468085,Improving,,46.2,Monitor,Franklin Park
06,OBSTRUCTING THE POLICE,1,2,1,100.0,Increasing,1,2,1,100.0,2026-09-09,2026-09-22,2026-09-23,2026-10-06,57.69230769230769,Worsening,0.0,45.7,Monitor,Franklin Park
06,STOLEN PROPERTY,1,2,1,100.0,Increasing,1,2,1,100.0,2026-09-09,2026-09-22,2026-09-23,2026-10-06,-2.9411764705882355,Improving,0.0,35.7,Monitor,Franklin Park
06,DANGEROUS DRUGS,0,2,2,,Increasing,0,2,2,,2026-09-09,2026-09-22,2026-09-23,2026-10-06,12.5,Worsening,,28.2,Monitor,Franklin Park
06,ASSAULT,16,16,0,0.0,No Change,16,16,0,0.0,2026-09-09,2026-09-22,2026-09-23,2026-10-06,1.4234875444839858,Stable,0.0,25.3,Monitor,Franklin Park
06,OBSTRUCTING JUDICIARY,2,2,0,0.0,No Change,2,2,0,0.0,2026-09-09,2026-09-22,2026-09-23,2026-10-06,78.57142857142857,Worsening,0.0,19.7,Monitor,Franklin Park
06,OUIL,2,2,0,0.0,No Change,2,2,0,0.0,2026-09-09,2026-09-22,2026-09-23,2026-10-06,40.0,Consistently Worsening,0.0,17.7,Monitor,Franklin Park
06,LARCENY,6,5,-1,-16.67,Decreasing,6,5,-1,-16.67,2026-09-09,2026-09-22,2026-09-23,2026-10-06,8.88888888888889,Consistently Worsening,0.0,17.6,Monitor,Franklin Park
06,DAMAGE TO PROPERTY,9,6,-3,-33.33,Decreasing,9,6,-3,-33.33,2026-09-09,2026-09-22,2026-09-23,2026-10-06,-9.558823529411764,Improving,0.0,17.2,Monitor,Franklin Park
06,ARSON,1,1,0,0.0,No Change,1,1,0,0.0,2026-09-09,2026-09-22,2026-09-23,2026-10-06,233.33333333333334,Worsening,0.0,16.1,Monitor,Franklin Park
06,FAMILY OFFENSE,1,1,0,0.0,No Change,1,1,0,0.0,2026-09-09,2026-09-22,2026-09-23,2026-10-06,111.11111111111111,Worsening,0.0,16.1,Monitor,Franklin Park
06,ROBBERY,2,1,-1,-50.0,Decreasing,2,1,-1,-50.0,2026-09-09,2026-09-22,2026-09-23,2026-10-06,78.57142857142857,Consistently Worsening,0.0,16.1,Monitor,Franklin Park
06,WEAPONS OFFENSES,5,3,-2,-40.0,Decreasing,5,3,-2,-40.0,2026-09-09,2026-09-22,2026-09-23,2026-10-06,12.962962962962964,Worsening,0.0,14.8,Monitor,Franklin Park
06,RUNAWAY,2,2,0,0.0,No Change,2,2,0,0.0,2026-09-09,2026-09-22,2026-09-23,2026-10-06,23.076923076923077,Consistently Worsening,0.0,14.3,Monitor,Franklin Park
06,SEXUAL ASSAULT,2,0,-2,-100.0,Decreasing,2,0,-2,-100.0,2026-09-09,2026-09-22,2026-09-23,2026-10-06,114.28571428571429,Worsening,0.0,10.0,Monitor,Franklin Park
06,BURGLARY,6,1,-5,-83.33,Decreasing,6,1,-5,-83.33,2026-09-09,2026-09-22,2026-09-23,2026-10-06,-2.7027027027027026,Improving,0.0,6.1,Monitor,Franklin Park
12,ASSAULT,0,3,3,,Increasing,0,3,3,,2026-09-09,2026-09-22,2026-09-23,2026-10-06,-10.0,Consistently Improving,,61.0,Monitor,Garden Homes
12,DAMAGE TO PROPERTY,0,1,1,,Increasing,0,1,1,,2026-09-09,2026-09-22,2026-09-23,2026-10-06,-33.333333333333336,Improving,,24.5,Monitor,Garden Homes
12,LARCENY,0,1,1,,Increasing,0,1,1,,2026-09-09,2026-09-22,2026-09-23,2026-10-06,-36.36363636363637,Consistently Improving,,24.5,Monitor,Garden Homes
12,OBSTRUCTING THE POLICE,0,1,1,,Increasing,0,1,1,,2026-09-09,2026-09-22,2026-09-23,2026-10-06,,Worsening,,24.5,Monitor,Garden Homes
12,STOLEN PROPERTY,0,1,1,,Increasing,0,1,1,,2026-09-09,2026-09-22,2026-09-23,2026-10-06,-50.0,Improving,,24.5,Monitor,Garden Homes
12,RUNAWAY,1,0,-1,-100.0,Decreasing,1,0,-1,-100.0,2026-09-09,2026-09-22,2026-09-23,2026-10-06,33.333333333333336,Consistently Worsening,0.0,6.7,Monitor,Garden Homes
12,AGGRAVATED ASSAULT,1,0,-1,-100.0,Decreasing,1,0,-1,-100.0,2026-09-09,2026-09-22,2026-09-23,2026-10-06,-33.333333333333336,Consistently Improving,0.0,0.0,Monitor,Garden Homes
12,FRAUD,2,0,-2,-100.0,Decreasing,2,0,-2,-100.0,2026-09-09,2026-09-22,2026-09-23,2026-10-06,-16.666666666666668,Consistently Improving,0.0,0.0,Monitor,Garden Homes
12,OUIL,2,0,-2,-100.0,Decreasing,2,0,-2,-100.0,2026-09-09,2026-09-22,2026-09-23,2026-10-06,0.0,Stable,0.0,0.0,Monitor,Garden Homes
12,SEX OFFENSES,1,0,-1,-100.0,Decreasing,1,0,-1,-100.0,2026-09-09,2026-09-22,2026-09-23,2026-10-06,,Worsening,0.0,0.0,Monitor,Garden Homes
06,ASSAULT,1,6,5,500.0,Increasing,1,6,5,500.0,2026-09-09,2026-09-22,2026-09-23,2026-10-06,-21.875,Improving,0.0,75.0,Watch,Garden View
06,LARCENY,1,2,1,100.0,Increasing,1,2,1,100.0,2026-09-09,2026-09-22,2026-09-23,2026-10-06,13.333333333333334,Worsening,0.0,42.8,Monitor,Garden View
06,DAMAGE TO PROPERTY,0,3,3,,Increasing,0,3,3,,2026-09-09,2026-09-22,2026-09-23,2026-10-06,-28.571428571428573,Improving,,41.8,Monitor,Garden View
06,BURGLARY,0,1,1,,Increasing,0,1,1,,2026-09-09,2026-09-22,2026-09-23,2026-10-06,-25.0,Improving,,16.9,Monitor,Garden View
06,AGGRAVATED ASSAULT,2,1,-1,-50.0,Decreasing,2,1,-1,-50.0,2026-09-09,2026-09-22,2026-09-23,2026-10-06,-25.0,Improving,0.0,8.9,Monitor,Garden View
06,STOLEN VEHICLE,1,0,-1,-100.0,Decreasing,1,0,-1,-100.0,2026-09-09,2026-09-22,2026-09-23,2026-10-06,0.0,Stable,0.0,0.0,Monitor,Garden View
03,STOLEN VEHICLE,0,1,1,,Increasing,0,1,1,,2026-09-09,2026-09-22,2026-09-23,2026-10-06,-50.0,Improving,,57.0,Monitor,Gateway Community
10,DAMAGE TO PROPERTY,0,1,1,,Increasing,1,1,0,0.0,2026-09-09,2026-09-22,2026-09-23,2026-10-06,-13.333333333333334,Consistently Improving,,57.0,Monitor,Gateway Community
10,ROBBERY,0,1,1,,Increasing,0,1,1,,2026-09-09,2026-09-22,2026-09-23,2026-10-06,,Worsening,,57.0,Monitor,Gateway Community
10,SEXUAL ASSAULT,0,1,1,,Increasing,0,1,1,,2026-09-09,2026-09-22,2026-09-23,2026-10-06,,Worsening,,57.0,Monitor,Gateway Community
10,ASSAULT,1,1,0,0.0,No Change,2,1,-1,-50.0,2026-09-09,2026-09-22,2026-09-23,2026-10-06,3.5714285714285716,Consistently Worsening,50.0,40.7,Monitor,Gateway Community
03,LARCENY,1,1,0,0.0,No Change,1,1,0,0.0,2026-09-09,2026-09-22,2026-09-23,2026-10-06,7.6923076923076925,Consistently Worsening,0.0,26.5,Monitor,Gateway Community
03,AGGRAVATED ASSAULT,1,0,-1,-100.0,Decreasing,1,0,-1,-100.0,2026-09-09,2026-09-22,2026-09-23,2026-10-06,150.0,Worsening,0.0,10.0,Monitor,Gateway Community
03,FAMILY OFFENSE,1,0,-1,-100.0,Decreasing,1,0,-1,-100.0,2026-09-09,2026-09-22,2026-09-23,2026-10-06,100.0,Consistently Worsening,0.0,10.0,Monitor,Gateway Community
03,DAMAGE TO PROPERTY,1,0,-1,-100.0,Decreasing,1,1,0,0.0,2026-09-09,2026-09-22,2026-09-23,2026-10-06,33.333333333333336,Consistently Worsening,-100.0,6.7,Monitor,Gateway Community
03,ASSAULT,1,0,-1,-100.0,Decreasing,2,1,-1,-50.0,2026-09-09,2026-09-22,2026-09-23,2026-10-06,15.789473684210526,Consistently Worsening,-50.0,3.2,Monitor,Gateway Community
07,DAMAGE TO PROPERTY,0,2,2,,Increasing,0,2,2,,2026-09-03,2026-09-16,2026-09-17,2026-09-30,-8.823529411764707,Consistently Improving,,59.0,Monitor,Gold Coast
07,FRAUD,0,1,1,,Increasing,0,1,1,,2026-09-03,2026-09-16,2026-09-17,2026-09-30,114.28571428571429,Worsening,,42.8,Monitor,Gold Coast
07,ASSAULT,5,1,-4,-80.0,Decreasing,5,1,-4,-80.0,2026-09-03,2026-09-16,2026-09-17,2026-09-30,-17.307692307692307,Improving,0.0,15.8,Monitor,Gold Coast
07,AGGRAVATED ASSAULT,1,0,-1,-100.0,Decreasing,1,0,-1,-100.0,2026-09-03,2026-09-16,2026-09-17,2026-09-30,40.0,Worsening,0.0,8.0,Monitor,Gold Coast
07,BURGLARY,1,0,-1,-100.0,Decreasing,1,0,-1,-100.0,2026-09-03,2026-09-16,2026-09-17,2026-09-30,14.285714285714286,Consistently Worsening,0.0,2.9,Monitor,Gold Coast
07,LARCENY,2,0,-2,-100.0,Decreasing,2,0,-2,-100.0,2026-09-03,2026-09-16,2026-09-17,2026-09-30,-4.545454545454546,Improving,0.0,0.0,Monitor,Gold Coast
07,STOLEN VEHICLE,1,0,-1,-100.0,Decreasing,1,0,-1,-100.0,2026-09-03,2026-09-16,2026-09-17,2026-09-30,0.0,Stable,0.0,0.0,Monitor,Gold Coast
02,ASSAULT,2,5,3,150.0,Increasing,2,5,3,150.0,2026-09-08,2026-09-21,2026-09-22,2026-10-05,-7.766990291262136,Improving,0.0,75.0,Watch,Grand River-I96
02,LARCENY,2,5,3,150.0,Increasing,2,5,3,150.0,2026-09-08,2026-09-21,2026-09-22,2026-10-05,-10.76923076923077,Improving,0.0,75.0,Watch,Grand River-I96
02,AGGRAVATED ASSAULT,1,2,1,100.0,Increasing,1,2,1,100.0,2026-09-08,2026-09-21,2026-09-22,2026-10-05,-23.076923076923077,Consistently Improving,0.0,45.3,Monitor,Grand River-I96
02,DANGEROUS DRUGS,0,1,1,,Increasing,0,1,1,,2026-09-08,2026-09-21,2026-09-22,2026-10-05,-61.53846153846154,Improving,,21.7,Monitor,Grand River-I96
02,ROBBERY,0,1,1,,Increasing,0,1,1,,2026-09-08,2026-09-21,2026-09-22,2026-10-05,-22.22222222222222,Improving,,21.7,Monitor,Grand River-I96
02,SEX OFFENSES,1,0,-1,-100.0,Decreasing,1,0,-1,-100.0,2026-09-08,2026-09-21,2026-09-22,2026-10-05,25.0,Worsening,0.0,5.0,Monitor,Grand River-I96
02,FRAUD,3,0,-3,-100.0,Decreasing,3,0,-3,-100.0,2026-09-08,2026-09-21,2026-09-22,2026-10-05,-34.48275862068966,Improving,0.0,0.0,Monitor,Grand River-I96
02,MISCELLANEOUS,1,0,-1,-100.0,Decreasing,1,0,-1,-100.0,2026-09-08,2026-09-21,2026-09-22,2026-10-05,,Worsening,0.0,0.0,Monitor,Grand River-I96
02,OBSTRUCTING THE POLICE,1,0,-1,-100.0,Decreasing,1,0,-1,-100.0,2026-09-08,2026-09-21,2026-09-22,2026-10-05,-50.0,Improving,0.0,0.0,Monitor,Grand River-I96
02,STOLEN PROPERTY,1,0,-1,-100.0,Decreasing,1,0,-1,-100.0,2026-09-08,2026-09-21,2026-09-22,2026-10-05,-20.833333333333332,Improving,0.0,0.0,Monitor,Grand River-I96
02,STOLEN VEHICLE,1,0,-1,-100.0,Decreasing,1,0,-1,-100.0,2026-09-08,2026-09-21,2026-09-22,2026-10-05,-44.827586206896555,Consistently Improving,0.0,0.0,Monitor,Grand River-I96
02,WEAPONS OFFENSES,2,0,-2,-100.0,Decreasing,2,0,-2,-100.0,2026-09-08,2026-09-21,2026-09-22,2026-10-05,-15.384615384615385,Consistently Improving,0.0,0.0,Monitor,Grand River-I96
08,LARCENY,0,2,2,,Increasing,0,2,2,,2026-09-07,2026-09-20,2026-09-21,2026-10-04,-2.5641025641025643,Improving,,59.0,Monitor,Grand River-St Marys
08,AGGRAVATED ASSAULT,1,1,0,0.0,No Change,1,1,0,0.0,2026-09-07,2026-09-20,2026-09-21,2026-10-04,-12.903225806451612,Consistently Improving,0.0,15.8,Monitor,Grand River-St Marys
08,ASSAULT,1,1,0,0.0,No Change,1,1,0,0.0,2026-09-07,2026-09-20,2026-09-21,2026-10-04,-13.20754716981132,Improving,0.0,15.8,Monitor,Grand River-St Marys
08,DAMAGE TO PROPERTY,2,1,-1,-50.0,Decreasing,2,1,-1,-50.0,2026-09-07,2026-09-20,2026-09-21,2026-10-04,-26.666666666666668,Improving,0.0,15.8,Monitor,Grand River-St Marys
08,WEAPONS OFFENSES,2,1,-1,-50.0,Decreasing,2,1,-1,-50.0,2026-09-07,2026-09-20,2026-09-21,2026-10-04,-25.0,Improving,0.0,15.8,Monitor,Grand River-St Marys
08,RUNAWAY,1,0,-1,-100.0,Decreasing,1,0,-1,-100.0,2026-09-07,2026-09-20,2026-09-21,2026-10-04,50.0,Consistently Worsening,0.0,10.0,Monitor,Grand River-St Marys
08,BURGLARY,1,0,-1,-100.0,Decreasing,1,0,-1,-100.0,2026-09-07,2026-09-20,2026-09-21,2026-10-04,-43.75,Improving,0.0,0.0,Monitor,Grand River-St Marys
08,OBSTRUCTING JUDICIARY,1,0,-1,-100.0,Decreasing,1,0,-1,-100.0,2026-09-07,2026-09-20,2026-09-21,2026-10-04,-57.142857142857146,Improving,0.0,0.0,Monitor,Grand River-St Marys
08,STOLEN VEHICLE,1,2,1,100.0,Increasing,1,2,1,100.0,2026-09-09,2026-09-22,2026-09-23,2026-10-06,53.84615384615385,Worsening,0.0,70.0,Monitor,Grandmont
08,ASSAULT,0,2,2,,Increasing,0,2,2,,2026-09-09,2026-09-22,2026-09-23,2026-10-06,-12.5,Improving,,59.0,Monitor,Grandmont
08,WEAPONS OFFENSES,0,1,1,,Increasing,0,1,1,,2026-09-09,2026-09-22,2026-09-23,2026-10-06,14.285714285714286,Consistently Worsening,,35.6,Monitor,Grandmont
08,DAMAGE TO PROPERTY,0,1,1,,Increasing,0,1,1,,2026-09-09,2026-09-22,2026-09-23,2026-10-06,-13.636363636363637,Consistently Improving,,32.8,Monitor,Grandmont
08,FRAUD,0,1,1,,Increasing,0,1,1,,2026-09-09,2026-09-22,2026-09-23,2026-10-06,-12.5,Consistently Improving,,32.8,Monitor,Grandmont
08,STOLEN PROPERTY,0,1,1,,Increasing,0,1,1,,2026-09-09,2026-09-22,2026-09-23,2026-10-06,-75.0,Consistently Improving,,32.8,Monitor,Grandmont
08,FAMILY OFFENSE,1,0,-1,-100.0,Decreasing,1,0,-1,-100.0,2026-09-09,2026-09-22,2026-09-23,2026-10-06,100.0,Worsening,0.0,10.0,Monitor,Grandmont
06,SEXUAL ASSAULT,1,0,-1,-100.0,Decreasing,1,0,-1,-100.0,2026-09-09,2026-09-22,2026-09-23,2026-10-06,,Worsening,0.0,0.0,Monitor,Grandmont
08,ARSON,1,0,-1,-100.0,Decreasing,1,0,-1,-100.0,2026-09-09,2026-09-22,2026-09-23,2026-10-06,-33.333333333333336,Improving,0.0,0.0,Monitor,Grandmont
08,ASSAULT,0,1,1,,Increasing,0,1,1,,2026-09-09,2026-09-22,2026-09-23,2026-10-06,7.142857142857143,Consistently Worsening,,58.4,Monitor,Grandmont #1
08,FAMILY OFFENSE,0,1,1,,Increasing,0,1,1,,2026-09-09,2026-09-22,2026-09-23,2026-10-06,,Worsening,,57.0,Monitor,Grandmont #1
08,WEAPONS OFFENSES,1,1,0,0.0,No Change,1,1,0,0.0,2026-09-09,2026-09-22,2026-09-23,2026-10-06,60.0,Consistently Worsening,0.0,35.0,Monitor,Grandmont #1
08,LARCENY,2,1,-1,-50.0,Decreasing,2,1,-1,-50.0,2026-09-09,2026-09-22,2026-09-23,2026-10-06,-28.571428571428573,Improving,0.0,25.0,Monitor,Grandmont #1
11,AGGRAVATED ASSAULT,1,3,2,200.0,Increasing,1,3,2,200.0,2026-09-10,2026-09-23,2026-09-24,2026-10-07,19.23076923076923,Consistently Worsening,0.0,78.8,Monitor,Grant
11,DAMAGE TO PROPERTY,2,3,1,50.0,Increasing,2,3,1,50.0,2026-09-10,2026-09-23,2026-09-24,2026-10-07,-19.444444444444443,Consistently Improving,0.0,50.0,Monitor,Grant
11,BURGLARY,3,2,-1,-33.33,Decreasing,3,2,-1,-33.33,2026-09-10,2026-09-23,2026-09-24,2026-10-07,-4.166666666666667,Improving,0.0,19.8,Monitor,Grant
11,LARCENY,2,1,-1,-50.0,Decreasing,2,1,-1,-50.0,2026-09-10,2026-09-23,2026-09-24,2026-10-07,10.0,Consistently Worsening,0.0,14.5,Monitor,Grant
11,ASSAULT,1,1,0,0.0,No Change,1,1,0,0.0,2026-09-10,2026-09-23,2026-09-24,2026-10-07,0.0,Stable,0.0,12.5,Monitor,Grant
11,STOLEN VEHICLE,1,1,0,0.0,No Change,1,1,0,0.0,2026-09-10,2026-09-23,2026-09-24,2026-10-07,0.0,Stable,0.0,12.5,Monitor,Grant
11,WEAPONS OFFENSES,1,0,-1,-100.0,Decreasing,1,0,-1,-100.0,2026-09-10,2026-09-23,2026-09-24,2026-10-07,50.0,Worsening,0.0,10.0,Monitor,Grant
11,DANGEROUS DRUGS,1,0,-1,-100.0,Decreasing,1,0,-1,-100.0,2026-09-10,2026-09-23,2026-09-24,2026-10-07,-40.0,Improving,0.0,0.0,Monitor,Grant
11,FRAUD,1,0,-1,-100.0,Decreasing,1,0,-1,-100.0,2026-09-10,2026-09-23,2026-09-24,2026-10-07,-57.142857142857146,Improving,0.0,0.0,Monitor,Grant
11,SEXUAL ASSAULT,1,0,-1,-100.0,Decreasing,1,0,-1,-100.0,2026-09-10,2026-09-23,2026-09-24,2026-10-07,0.0,Stable,0.0,0.0,Monitor,Grant
07,AGGRAVATED ASSAULT,1,2,1,100.0,Increasing,1,2,1,100.0,2026-09-06,2026-09-19,2026-09-20,2026-10-03,16.666666666666668,Worsening,0.0,63.3,Monitor,Gratiot Town/Kettering
07,LARCENY,0,2,2,,Increasing,0,2,2,,2026-09-06,2026-09-19,2026-09-20,2026-10-03,0.0,Stable,,59.0,Monitor,Gratiot Town/Kettering
07,STOLEN PROPERTY,0,2,2,,Increasing,0,2,2,,2026-09-06,2026-09-19,2026-09-20,2026-10-03,-38.46153846153846,Improving,,59.0,Monitor,Gratiot Town/Kettering
07,ROBBERY,0,1,1,,Increasing,0,1,1,,2026-09-06,2026-09-19,2026-09-20,2026-10-03,50.0,Worsening,,42.8,Monitor,Gratiot Town/Kettering
07,ARSON,0,1,1,,Increasing,0,1,1,,2026-09-06,2026-09-19,2026-09-20,2026-10-03,-75.0,Consistently Improving,,32.8,Monitor,Gratiot Town/Kettering
07,BURGLARY,0,1,1,,Increasing,0,1,1,,2026-09-06,2026-09-19,2026-09-20,2026-10-03,-15.789473684210526,Improving,,32.8,Monitor,Gratiot Town/Kettering
07,WEAPONS OFFENSES,1,1,0,0.0,No Change,1,1,0,0.0,2026-09-06,2026-09-19,2026-09-20,2026-10-03,42.857142857142854,Worsening,0.0,24.3,Monitor,Gratiot Town/Kettering
07,ASSAULT,4,1,-3,-75.0,Decreasing,4,1,-3,-75.0,2026-09-06,2026-09-19,2026-09-20,2026-10-03,18.75,Worsening,0.0,19.5,Monitor,Gratiot Town/Kettering
07,DAMAGE TO PROPERTY,2,1,-1,-50.0,Decreasing,2,1,-1,-50.0,2026-09-06,2026-09-19,2026-09-20,2026-10-03,-16.666666666666668,Consistently Improving,0.0,15.8,Monitor,Gratiot Town/Kettering
07,FRAUD,1,1,0,0.0,No Change,1,1,0,0.0,2026-09-06,2026-09-19,2026-09-20,2026-10-03,-50.0,Improving,0.0,15.8,Monitor,Gratiot Town/Kettering
07,STOLEN VEHICLE,2,1,-1,-50.0,Decreasing,2,1,-1,-50.0,2026-09-06,2026-09-19,2026-09-20,2026-10-03,-13.333333333333334,Consistently Improving,0.0,15.8,Monitor,Gratiot Town/Kettering
07,OBSTRUCTING THE POLICE,1,0,-1,-100.0,Decreasing,1,0,-1,-100.0,2026-09-06,2026-09-19,2026-09-20,2026-10-03,20.0,Worsening,0.0,4.0,Monitor,Gratiot Town/Kettering
07,KIDNAPPING,1,0,-1,-100.0,Decreasing,1,0,-1,-100.0,2026-09-06,2026-09-19,2026-09-20,2026-10-03,0.0,Stable,0.0,0.0,Monitor,Gratiot Town/Kettering
07,ASSAULT,2,4,2,100.0,Increasing,2,4,2,100.0,2026-09-08,2026-09-21,2026-09-22,2026-10-05,7.6923076923076925,Consistently Worsening,0.0,76.5,Monitor,Gratiot Woods
07,BURGLARY,0,1,1,,Increasing,0,1,1,,2026-09-08,2026-09-21,2026-09-22,2026-10-05,20.0,Worsening,,31.8,Monitor,Gratiot Woods
07,LARCENY,0,1,1,,Increasing,0,1,1,,2026-09-08,2026-09-21,2026-09-22,2026-10-05,12.5,Worsening,,30.3,Monitor,Gratiot Woods
07,AGGRAVATED ASSAULT,0,1,1,,Increasing,0,1,1,,2026-09-08,2026-09-21,2026-09-22,2026-10-05,-23.80952380952381,Improving,,27.8,Monitor,Gratiot Woods
07,DAMAGE TO PROPERTY,0,1,1,,Increasing,0,1,1,,2026-09-08,2026-09-21,2026-09-22,2026-10-05,-32.0,Improving,,27.8,Monitor,Gratiot Woods
07,FAMILY OFFENSE,0,1,1,,Increasing,0,1,1,,2026-09-08,2026-09-21,2026-09-22,2026-10-05,-50.0,Improving,,27.8,Monitor,Gratiot Woods
07,FRAUD,0,1,1,,Increasing,0,1,1,,2026-09-08,2026-09-21,2026-09-22,2026-10-05,0.0,Stable,,27.8,Monitor,Gratiot Woods
07,STOLEN VEHICLE,1,1,0,0.0,No Change,1,1,0,0.0,2026-09-08,2026-09-21,2026-09-22,2026-10-05,-16.666666666666668,Consistently Improving,0.0,10.8,Monitor,Gratiot Woods
07,FORGERY,1,0,-1,-100.0,Decreasing,1,0,-1,-100.0,2026-09-08,2026-09-21,2026-09-22,2026-10-05,,Worsening,0.0,0.0,Monitor,Gratiot Woods
07,OBSTRUCTING THE POLICE,1,0,-1,-100.0,Decreasing,1,0,-1,-100.0,2026-09-08,2026-09-21,2026-09-22,2026-10-05,-33.333333333333336,Improving,0.0,0.0,Monitor,Gratiot Woods
09,ASSAULT,1,2,1,100.0,Increasing,1,2,1,100.0,2026-09-09,2026-09-22,2026-09-23,2026-10-06,-19.35483870967742,Improving,0.0,69.8,Monitor,Gratiot-Findlay
09,LARCENY,2,3,1,50.0,Increasing,2,3,1,50.0,2026-09-09,2026-09-22,2026-09-23,2026-10-06,-20.0,Improving,0.0,65.0,Monitor,Gratiot-Findlay
09,HOMICIDE,0,1,1,,Increasing,0,1,1,,2026-09-09,2026-09-22,2026-09-23,2026-10-06,100.0,Consistently Worsening,,54.5,Monitor,Gratiot-Findlay
09,OBSTRUCTING JUDICIARY,0,1,1,,Increasing,0,1,1,,2026-09-09,2026-09-22,2026-09-23,2026-10-06,20.0,Worsening,,48.5,Monitor,Gratiot-Findlay
09,DAMAGE TO PROPERTY,0,1,1,,Increasing,0,1,1,,2026-09-09,2026-09-22,2026-09-23,2026-10-06,-35.8974358974359,Improving,,44.5,Monitor,Gratiot-Findlay
09,RUNAWAY,0,1,1,,Increasing,0,1,1,,2026-09-09,2026-09-22,2026-09-23,2026-10-06,,Worsening,,44.5,Monitor,Gratiot-Findlay
09,AGGRAVATED ASSAULT,2,2,0,0.0,No Change,2,2,0,0.0,2026-09-09,2026-09-22,2026-09-23,2026-10-06,33.333333333333336,Worsening,0.0,26.5,Monitor,Gratiot-Findlay
09,FRAUD,1,1,0,0.0,No Change,1,1,0,0.0,2026-09-09,2026-09-22,2026-09-23,2026-10-06,-4.545454545454546,Improving,0.0,12.5,Monitor,Gratiot-Findlay
09,STOLEN VEHICLE,3,1,-2,-66.67,Decreasing,3,1,-2,-66.67,2026-09-09,2026-09-22,2026-09-23,2026-10-06,0.0,Stable,0.0,12.5,Monitor,Gratiot-Findlay
09,WEAPONS OFFENSES,1,1,0,0.0,No Change,1,1,0,0.0,2026-09-09,2026-09-22,2026-09-23,2026-10-06,-15.789473684210526,Improving,0.0,12.5,Monitor,Gratiot-Findlay
09,SEX OFFENSES,1,0,-1,-100.0,Decreasing,1,0,-1,-100.0,2026-09-09,2026-09-22,2026-09-23,2026-10-06,50.0,Worsening,0.0,10.0,Monitor,Gratiot-Findlay
09,FAMILY OFFENSE,1,0,-1,-100.0,Decreasing,1,0,-1,-100.0,2026-09-09,2026-09-22,2026-09-23,2026-10-06,-50.0,Improving,0.0,0.0,Monitor,Gratiot-Findlay
09,SEXUAL ASSAULT,1,0,-1,-100.0,Decreasing,1,0,-1,-100.0,2026-09-09,2026-09-22,2026-09-23,2026-10-06,,Worsening,0.0,0.0,Monitor,Gratiot-Findlay
07,LARCENY,3,5,2,66.67,Increasing,3,5,2,66.67,2026-09-07,2026-09-20,2026-09-21,2026-10-04,67.74193548387096,Worsening,0.0,78.3,Watch,Gratiot-Grand
07,AGGRAVATED ASSAULT,1,3,2,200.0,Increasing,1,3,2,200.0,2026-09-07,2026-09-20,2026-09-21,2026-10-04,116.66666666666667,Worsening,0.0,79.3,Monitor,Gratiot-Grand
07,BURGLARY,1,2,1,100.0,Increasing,1,2,1,100.0,2026-09-07,2026-09-20,2026-09-21,2026-10-04,75.0,Worsening,0.0,60.3,Monitor,Gratiot-Grand
07,ARSON,0,1,1,,Increasing,0,1,1,,2026-09-07,2026-09-20,2026-09-21,2026-10-04,200.0,Worsening,,36.7,Monitor,Gratiot-Grand
07,OBSTRUCTING THE POLICE,0,1,1,,Increasing,0,1,1,,2026-09-07,2026-09-20,2026-09-21,2026-10-04,-33.333333333333336,Improving,,26.7,Monitor,Gratiot-Grand
07,STOLEN VEHICLE,0,1,1,,Increasing,0,1,1,,2026-09-07,2026-09-20,2026-09-21,2026-10-04,-23.529411764705884,Improving,,26.7,Monitor,Gratiot-Grand
07,WEAPONS OFFENSES,0,1,1,,Increasing,0,1,1,,2026-09-07,2026-09-20,2026-09-21,2026-10-04,0.0,Stable,,26.7,Monitor,Gratiot-Grand
07,ROBBERY,1,1,0,0.0,No Change,1,1,0,0.0,2026-09-07,2026-09-20,2026-09-21,2026-10-04,166.66666666666666,Worsening,0.0,19.7,Monitor,Gratiot-Grand
07,DAMAGE TO PROPERTY,3,2,-1,-33.33,Decreasing,3,2,-1,-33.33,2026-09-07,2026-09-20,2026-09-21,2026-10-04,-29.72972972972973,Improving,0.0,15.3,Monitor,Gratiot-Grand
07,ASSAULT,2,1,-1,-50.0,Decreasing,2,1,-1,-50.0,2026-09-07,2026-09-20,2026-09-21,2026-10-04,-6.0,Consistently Improving,0.0,9.7,Monitor,Gratiot-Grand
07,FRAUD,1,0,-1,-100.0,Decreasing,1,0,-1,-100.0,2026-09-07,2026-09-20,2026-09-21,2026-10-04,-47.36842105263158,Improving,0.0,0.0,Monitor,Gratiot-Grand
03,LARCENY,5,6,1,20.0,Increasing,5,6,1,20.0,2026-09-05,2026-09-18,2026-09-19,2026-10-02,4.819277108433735,Worsening,0.0,45.0,Watch,Greektown
03,ASSAULT,2,4,2,100.0,Increasing,2,4,2,100.0,2026-09-05,2026-09-18,2026-09-19,2026-10-02,12.0,Worsening,0.0,73.1,Monitor,Greektown
03,FRAUD,1,3,2,200.0,Increasing,1,3,2,200.0,2026-09-05,2026-09-18,2026-09-19,2026-10-02,-15.384615384615385,Improving,0.0,67.8,Monitor,Greektown
03,OBSTRUCTING THE POLICE,0,2,2,,Increasing,0,2,2,,2026-09-05,2026-09-18,2026-09-19,2026-10-02,0.0,Stable,,48.1,Monitor,Greektown
03,BURGLARY,0,1,1,,Increasing,0,1,1,,2026-09-05,2026-09-18,2026-09-19,2026-10-02,100.0,Consistently Worsening,,35.9,Monitor,Greektown
03,ROBBERY,0,1,1,,Increasing,0,1,1,,2026-09-05,2026-09-18,2026-09-19,2026-10-02,100.0,Worsening,,35.9,Monitor,Greektown
03,DISORDERLY CONDUCT,0,1,1,,Increasing,0,1,1,,2026-09-05,2026-09-18,2026-09-19,2026-10-02,-22.22222222222222,Improving,,25.9,Monitor,Greektown
03,DAMAGE TO PROPERTY,5,1,-4,-80.0,Decreasing,5,1,-4,-80.0,2026-09-05,2026-09-18,2026-09-19,2026-10-02,-62.0,Improving,0.0,8.9,Monitor,Greektown
03,INVASION OF PRIVACY -OTHER,2,1,-1,-50.0,Decreasing,2,1,-1,-50.0,2026-09-05,2026-09-18,2026-09-19,2026-10-02,,Worsening,0.0,8.9,Monitor,Greektown
03,STOLEN VEHICLE,1,1,0,0.0,No Change,1,1,0,0.0,2026-09-05,2026-09-18,2026-09-19,2026-10-02,-12.5,Consistently Improving,0.0,8.9,Monitor,Greektown
03,MISCELLANEOUS,1,0,-1,-100.0,Decreasing,1,0,-1,-100.0,2026-09-05,2026-09-18,2026-09-19,2026-10-02,,Worsening,0.0,0.0,Monitor,Greektown
12,LARCENY,2,4,2,100.0,Increasing,2,4,2,100.0,2026-08-29,2026-09-11,2026-09-12,2026-09-25,70.0,Worsening,0.0,85.0,Monitor,Green Acres
12,AGGRAVATED ASSAULT,0,2,2,,Increasing,0,2,2,,2026-08-29,2026-09-11,2026-09-12,2026-09-25,75.0,Worsening,,61.1,Monitor,Green Acres
12,STOLEN VEHICLE,1,1,0,0.0,No Change,1,1,0,0.0,2026-08-29,2026-09-11,2026-09-12,2026-09-25,14.285714285714286,Worsening,0.0,13.6,Monitor,Green Acres
12,DAMAGE TO PROPERTY,3,1,-2,-66.67,Decreasing,3,1,-2,-66.67,2026-08-29,2026-09-11,2026-09-12,2026-09-25,8.333333333333334,Consistently Worsening,0.0,12.4,Monitor,Green Acres
12,FRAUD,1,1,0,0.0,No Change,1,1,0,0.0,2026-08-29,2026-09-11,2026-09-12,2026-09-25,0.0,Stable,0.0,10.8,Monitor,Green Acres
12,BURGLARY,1,0,-1,-100.0,Decreasing,1,0,-1,-100.0,2026-08-29,2026-09-11,2026-09-12,2026-09-25,100.0,Consistently Worsening,0.0,10.0,Monitor,Green Acres
12,ASSAULT,1,0,-1,-100.0,Decreasing,1,0,-1,-100.0,2026-08-29,2026-09-11,2026-09-12,2026-09-25,21.428571428571427,Worsening,0.0,4.3,Monitor,Green Acres
12,FAMILY OFFENSE,1,0,-1,-100.0,Decreasing,1,0,-1,-100.0,2026-08-29,2026-09-11,2026-09-12,2026-09-25,,Worsening,0.0,0.0,Monitor,Green Acres
08,LARCENY,2,6,4,200.0,Increasing,2,6,4,200.0,2026-09-09,2026-09-22,2026-09-23,2026-10-06,13.095238095238095,Consistently Worsening,0.0,76.0,Watch,Greenfield
08,ASSAULT,6,7,1,16.67,Increasing,7,7,0,0.0,2026-09-09,2026-09-22,2026-09-23,2026-10-06,4.72972972972973,Consistently Worsening,16.67,41.8,Watch,Greenfield
08,FRAUD,3,4,1,33.33,Increasing,3,4,1,33.33,2026-09-09,2026-09-22,2026-09-23,2026-10-06,-47.61904761904762,Improving,0.0,33.5,Monitor,Greenfield
08,OBSTRUCTING JUDICIARY,0,1,1,,Increasing,0,1,1,,2026-09-09,2026-09-22,2026-09-23,2026-10-06,88.88888888888889,Worsening,,27.8,Monitor,Greenfield
08,ROBBERY,0,1,1,,Increasing,0,1,1,,2026-09-09,2026-09-22,2026-09-23,2026-10-06,57.142857142857146,Worsening,,27.8,Monitor,Greenfield
08,AGGRAVATED ASSAULT,5,4,-1,-20.0,Decreasing,5,4,-1,-20.0,2026-09-09,2026-09-22,2026-09-23,2026-10-06,10.0,Worsening,0.0,21.3,Monitor,Greenfield
08,DAMAGE TO PROPERTY,7,4,-3,-42.86,Decreasing,7,4,-3,-42.86,2026-09-09,2026-09-22,2026-09-23,2026-10-06,-15.384615384615385,Improving,0.0,19.3,Monitor,Greenfield
08,STOLEN VEHICLE,5,2,-3,-60.0,Decreasing,5,2,-3,-60.0,2026-09-09,2026-09-22,2026-09-23,2026-10-06,-19.35483870967742,Improving,0.0,13.2,Monitor,Greenfield
08,BURGLARY,6,1,-5,-83.33,Decreasing,6,1,-5,-83.33,2026-09-09,2026-09-22,2026-09-23,2026-10-06,9.803921568627452,Consistently Worsening,0.0,10.3,Monitor,Greenfield
08,FAMILY OFFENSE,1,0,-1,-100.0,Decreasing,1,0,-1,-100.0,2026-09-09,2026-09-22,2026-09-23,2026-10-06,-16.666666666666668,Consistently Improving,0.0,0.0,Monitor,Greenfield
08,OBSTRUCTING THE POLICE,1,0,-1,-100.0,Decreasing,1,0,-1,-100.0,2026-09-09,2026-09-22,2026-09-23,2026-10-06,-40.90909090909091,Improving,0.0,0.0,Monitor,Greenfield
08,STOLEN PROPERTY,1,0,-1,-100.0,Decreasing,1,0,-1,-100.0,2026-09-09,2026-09-22,2026-09-23,2026-10-06,-51.282051282051285,Improving,0.0,0.0,Monitor,Greenfield
08,WEAPONS OFFENSES,3,0,-3,-100.0,Decreasing,3,0,-3,-100.0,2026-09-09,2026-09-22,2026-09-23,2026-10-06,-32.432432432432435,Consistently Improving,0.0,0.0,Monitor,Greenfield
12,ASSAULT,1,0,-1,-100.0,Decreasing,7,7,0,0.0,2026-09-09,2026-09-22,2026-09-23,2026-10-06,0.0,Stable,-100.0,0.0,Monitor,Greenfield
11,BURGLARY,0,1,1,,Increasing,0,1,1,,2026-09-06,2026-09-19,2026-09-20,2026-10-03,0.0,Stable,,57.0,Monitor,Greenfield Park
11,LARCENY,0,1,1,,Increasing,0,1,1,,2026-09-06,2026-09-19,2026-09-20,2026-10-03,-42.857142857142854,Consistently Improving,,57.0,Monitor,Greenfield Park
11,SEX OFFENSES,0,1,1,,Increasing,0,1,1,,2026-09-06,2026-09-19,2026-09-20,2026-10-03,-53.84615384615385,Improving,,57.0,Monitor,Greenfield Park
11,FRAUD,2,1,-1,-50.0,Decreasing,2,1,-1,-50.0,2026-09-06,2026-09-19,2026-09-20,2026-10-03,37.5,Consistently Worsening,0.0,32.5,Monitor,Greenfield Park
11,WEAPONS OFFENSES,1,0,-1,-100.0,Decreasing,1,0,-1,-100.0,2026-09-06,2026-09-19,2026-09-20,2026-10-03,40.0,Worsening,0.0,8.0,Monitor,Greenfield Park
11,ASSAULT,1,0,-1,-100.0,Decreasing,1,0,-1,-100.0,2026-09-06,2026-09-19,2026-09-20,2026-10-03,-53.84615384615385,Consistently Improving,0.0,0.0,Monitor,Greenfield Park
11,FAMILY OFFENSE,1,0,-1,-100.0,Decreasing,1,0,-1,-100.0,2026-09-06,2026-09-19,2026-09-20,2026-10-03,0.0,Stable,0.0,0.0,Monitor,Greenfield Park
08,ASSAULT,5,6,1,20.0,Increasing,5,6,1,20.0,2026-09-06,2026-09-19,2026-09-20,2026-10-03,-4.25531914893617,Improving,0.0,44.0,Watch,Greenfield-Grand River
08,LARCENY,1,3,2,200.0,Increasing,1,3,2,200.0,2026-09-06,2026-09-19,2026-09-20,2026-10-03,78.57142857142857,Worsening,0.0,77.8,Monitor,Greenfield-Grand River
08,STOLEN VEHICLE,1,2,1,100.0,Increasing,1,2,1,100.0,2026-09-06,2026-09-19,2026-09-20,2026-10-03,20.0,Worsening,0.0,53.1,Monitor,Greenfield-Grand River
08,FRAUD,0,1,1,,Increasing,0,1,1,,2026-09-06,2026-09-19,2026-09-20,2026-10-03,-4.166666666666667,Improving,,25.9,Monitor,Greenfield-Grand River
08,OBSTRUCTING THE POLICE,1,0,-1,-100.0,Decreasing,1,0,-1,-100.0,2026-09-06,2026-09-19,2026-09-20,2026-10-03,66.66666666666667,Consistently Worsening,0.0,10.0,Monitor,Greenfield-Grand River
08,WEAPONS OFFENSES,1,0,-1,-100.0,Decreasing,1,0,-1,-100.0,2026-09-06,2026-09-19,2026-09-20,2026-10-03,90.9090909090909,Worsening,0.0,10.0,Monitor,Greenfield-Grand River
08,RUNAWAY,2,0,-2,-100.0,Decreasing,2,0,-2,-100.0,2026-09-06,2026-09-19,2026-09-20,2026-10-03,25.0,Worsening,0.0,5.0,Monitor,Greenfield-Grand River
08,BURGLARY,2,0,-2,-100.0,Decreasing,2,0,-2,-100.0,2026-09-06,2026-09-19,2026-09-20,2026-10-03,-56.0,Improving,0.0,0.0,Monitor,Greenfield-Grand River
08,DAMAGE TO PROPERTY,5,0,-5,-100.0,Decreasing,5,0,-5,-100.0,2026-09-06,2026-09-19,2026-09-20,2026-10-03,-40.54054054054054,Consistently Improving,0.0,0.0,Monitor,Greenfield-Grand River
12,ASSAULT,0,5,5,,Increasing,0,5,5,,2026-09-07,2026-09-20,2026-09-21,2026-10-04,-12.5,Improving,,65.0,Watch,Greenwich
12,STOLEN VEHICLE,2,2,0,0.0,No Change,2,2,0,0.0,2026-09-07,2026-09-20,2026-09-21,2026-10-04,50.0,Worsening,0.0,25.3,Monitor,Greenwich
12,LARCENY,0,1,1,,Increasing,0,1,1,,2026-09-07,2026-09-20,2026-09-21,2026-10-04,13.333333333333334,Consistently Worsening,,20.3,Monitor,Greenwich
12,AGGRAVATED ASSAULT,1,0,-1,-100.0,Decreasing,1,0,-1,-100.0,2026-09-07,2026-09-20,2026-09-21,2026-10-04,22.22222222222222,Worsening,0.0,4.4,Monitor,Greenwich
12,DAMAGE TO PROPERTY,1,0,-1,-100.0,Decreasing,1,0,-1,-100.0,2026-09-07,2026-09-20,2026-09-21,2026-10-04,-25.0,Consistently Improving,0.0,0.0,Monitor,Greenwich
12,LARCENY,1,2,1,100.0,Increasing,1,2,1,100.0,2026-09-09,2026-09-22,2026-09-23,2026-10-06,-53.65853658536585,Improving,0.0,60.0,Monitor,Grixdale Farms
12,AGGRAVATED ASSAULT,0,2,2,,Increasing,0,2,2,,2026-09-09,2026-09-22,2026-09-23,2026-10-06,-13.636363636363637,Improving,,59.0,Monitor,Grixdale Farms
12,DAMAGE TO PROPERTY,2,2,0,0.0,No Change,2,2,0,0.0,2026-09-09,2026-09-22,2026-09-23,2026-10-06,-46.15384615384615,Consistently Improving,0.0,25.0,Monitor,Grixdale Farms
12,ASSAULT,1,1,0,0.0,No Change,1,1,0,0.0,2026-09-09,2026-09-22,2026-09-23,2026-10-06,0.0,Stable,0.0,15.8,Monitor,Grixdale Farms
12,STOLEN VEHICLE,1,1,0,0.0,No Change,1,1,0,0.0,2026-09-09,2026-09-22,2026-09-23,2026-10-06,-22.22222222222222,Consistently Improving,0.0,15.8,Monitor,Grixdale Farms
12,BURGLARY,2,0,-2,-100.0,Decreasing,2,0,-2,-100.0,2026-09-09,2026-09-22,2026-09-23,2026-10-06,-6.666666666666667,Consistently Improving,0.0,0.0,Monitor,Grixdale Farms
12,FRAUD,1,0,-1,-100.0,Decreasing,1,0,-1,-100.0,2026-09-09,2026-09-22,2026-09-23,2026-10-06,-38.46153846153846,Improving,0.0,0.0,Monitor,Grixdale Farms
02,AGGRAVATED ASSAULT,0,1,1,,Increasing,0,1,1,,2026-09-02,2026-09-15,2026-09-16,2026-09-29,60.0,Worsening,,67.0,Monitor,Happy Homes
02,BURGLARY,0,1,1,,Increasing,0,1,1,,2026-09-02,2026-09-15,2026-09-16,2026-09-29,33.333333333333336,Worsening,,63.7,Monitor,Happy Homes
02,WEAPONS OFFENSES,1,1,0,0.0,No Change,1,1,0,0.0,2026-09-02,2026-09-15,2026-09-16,2026-09-29,0.0,Stable,0.0,25.0,Monitor,Happy Homes
02,DAMAGE TO PROPERTY,1,0,-1,-100.0,Decreasing,1,0,-1,-100.0,2026-09-02,2026-09-15,2026-09-16,2026-09-29,-27.272727272727273,Improving,0.0,0.0,Monitor,Happy Homes
12,ASSAULT,1,3,2,200.0,Increasing,2,5,3,150.0,2026-09-10,2026-09-23,2026-09-24,2026-10-07,11.428571428571429,Worsening,50.0,73.8,Monitor,Harmony Village
02,WEAPONS OFFENSES,0,4,4,,Increasing,0,4,4,,2026-09-10,2026-09-23,2026-09-24,2026-10-07,-7.6923076923076925,Consistently Improving,,63.0,Monitor,Harmony Village
12,LARCENY,1,2,1,100.0,Increasing,2,2,0,0.0,2026-09-10,2026-09-23,2026-09-24,2026-10-07,-39.682539682539684,Improving,100.0,59.6,Monitor,Harmony Village
02,INVASION OF PRIVACY -OTHER,0,2,2,,Increasing,0,2,2,,2026-09-10,2026-09-23,2026-09-24,2026-10-07,200.0,Consistently Worsening,,46.1,Monitor,Harmony Village
02,ASSAULT,1,2,1,100.0,Increasing,2,5,3,150.0,2026-09-10,2026-09-23,2026-09-24,2026-10-07,-16.0,Improving,-50.0,44.6,Monitor,Harmony Village
02,AGGRAVATED ASSAULT,0,2,2,,Increasing,1,3,2,200.0,2026-09-10,2026-09-23,2026-09-24,2026-10-07,-46.42857142857143,Improving,,36.1,Monitor,Harmony Village
12,FAMILY OFFENSE,0,1,1,,Increasing,0,1,1,,2026-09-10,2026-09-23,2026-09-24,2026-10-07,100.0,Worsening,,30.3,Monitor,Harmony Village
02,STOLEN VEHICLE,1,1,0,0.0,No Change,2,1,-1,-50.0,2026-09-10,2026-09-23,2026-09-24,2026-10-07,0.0,Stable,50.0,25.8,Monitor,Harmony Village
02,DISORDERLY CONDUCT,0,1,1,,Increasing,0,1,1,,2026-09-10,2026-09-23,2026-09-24,2026-10-07,-66.66666666666667,Improving,,20.3,Monitor,Harmony Village
12,RUNAWAY,0,1,1,,Increasing,0,1,1,,2026-09-10,2026-09-23,2026-09-24,2026-10-07,-66.66666666666667,Improving,,20.3,Monitor,Harmony Village
02,DAMAGE TO PROPERTY,1,1,0,0.0,No Change,1,1,0,0.0,2026-09-10,2026-09-23,2026-09-24,2026-10-07,-43.90243902439025,Improving,0.0,10.8,Monitor,Harmony Village
12,AGGRAVATED ASSAULT,1,1,0,0.0,No Change,1,3,2,200.0,2026-09-10,2026-09-23,2026-09-24,2026-10-07,-38.095238095238095,Improving,-200.0,10.8,Monitor,Harmony Village
12,FRAUD,1,1,0,0.0,No Change,1,1,0,0.0,2026-09-10,2026-09-23,2026-09-24,2026-10-07,-20.0,Improving,0.0,10.8,Monitor,Harmony Village
12,DANGEROUS DRUGS,1,0,-1,-100.0,Decreasing,1,0,-1,-100.0,2026-09-10,2026-09-23,2026-09-24,2026-10-07,200.0,Worsening,0.0,10.0,Monitor,Harmony Village
02,BURGLARY,1,0,-1,-100.0,Decreasing,1,0,-1,-100.0,2026-09-10,2026-09-23,2026-09-24,2026-10-07,-44.44444444444444,Improving,0.0,0.0,Monitor,Harmony Village
02,LARCENY,1,0,-1,-100.0,Decreasing,2,2,0,0.0,2026-09-10,2026-09-23,2026-09-24,2026-10-07,-45.16129032258065,Improving,-100.0,0.0,Monitor,Harmony Village
12,STOLEN VEHICLE,1,0,-1,-100.0,Decreasing,2,1,-1,-50.0,2026-09-10,2026-09-23,2026-09-24,2026-10-07,-40.0,Improving,-50.0,0.0,Monitor,Harmony Village
11,OBSTRUCTING THE POLICE,0,1,1,,Increasing,0,1,1,,2026-09-08,2026-09-21,2026-09-22,2026-10-05,0.0,Stable,,57.0,Monitor,Hawthorne Park
11,ASSAULT,2,1,-1,-50.0,Decreasing,2,1,-1,-50.0,2026-09-08,2026-09-21,2026-09-22,2026-10-05,-10.526315789473685,Improving,0.0,25.0,Monitor,Hawthorne Park
11,AGGRAVATED ASSAULT,1,0,-1,-100.0,Decreasing,1,0,-1,-100.0,2026-09-08,2026-09-21,2026-09-22,2026-10-05,64.70588235294117,Worsening,0.0,10.0,Monitor,Hawthorne Park
11,DAMAGE TO PROPERTY,1,0,-1,-100.0,Decreasing,1,0,-1,-100.0,2026-09-08,2026-09-21,2026-09-22,2026-10-05,81.81818181818181,Worsening,0.0,10.0,Monitor,Hawthorne Park
11,FRAUD,1,0,-1,-100.0,Decreasing,1,0,-1,-100.0,2026-09-08,2026-09-21,2026-09-22,2026-10-05,250.0,Worsening,0.0,10.0,Monitor,Hawthorne Park
11,SEX OFFENSES,1,0,-1,-100.0,Decreasing,1,0,-1,-100.0,2026-09-08,2026-09-21,2026-09-22,2026-10-05,,Worsening,0.0,0.0,Monitor,Hawthorne Park
11,STOLEN VEHICLE,1,0,-1,-100.0,Decreasing,1,0,-1,-100.0,2026-09-08,2026-09-21,2026-09-22,2026-10-05,-20.0,Consistently Improving,0.0,0.0,Monitor,Hawthorne Park
11,WEAPONS OFFENSES,1,0,-1,-100.0,Decreasing,1,0,-1,-100.0,2026-09-08,2026-09-21,2026-09-22,2026-10-05,0.0,Stable,0.0,0.0,Monitor,Hawthorne Park
10,ASSAULT,0,1,1,,Increasing,0,1,1,,2026-08-15,2026-08-28,2026-08-29,2026-09-11,60.0,Consistently Worsening,,67.0,Monitor,Historic Atkinson
08,FRAUD,1,4,3,300.0,Increasing,1,4,3,300.0,2026-09-08,2026-09-21,2026-09-22,2026-10-05,79.66101694915254,Worsening,0.0,82.5,Monitor,Holcomb Community
08,DAMAGE TO PROPERTY,2,4,2,100.0,Increasing,2,4,2,100.0,2026-09-08,2026-09-21,2026-09-22,2026-10-05,-12.987012987012987,Improving,0.0,62.5,Monitor,Holcomb Community
08,SEXUAL ASSAULT,1,2,1,100.0,Increasing,1,2,1,100.0,2026-09-08,2026-09-21,2026-09-22,2026-10-05,-70.0,Improving,0.0,45.3,Monitor,Holcomb Community
08,AGGRAVATED ASSAULT,3,4,1,33.33,Increasing,3,4,1,33.33,2026-09-08,2026-09-21,2026-09-22,2026-10-05,13.235294117647058,Worsening,0.0,41.8,Monitor,Holcomb Community
08,BURGLARY,3,4,1,33.33,Increasing,3,4,1,33.33,2026-09-08,2026-09-21,2026-09-22,2026-10-05,-7.317073170731708,Improving,0.0,39.1,Monitor,Holcomb Community
08,INVASION OF PRIVACY -OTHER,0,1,1,,Increasing,0,1,1,,2026-09-08,2026-09-21,2026-09-22,2026-10-05,1300.0,Worsening,,31.7,Monitor,Holcomb Community
08,ASSAULT,5,5,0,0.0,No Change,5,5,0,0.0,2026-09-08,2026-09-21,2026-09-22,2026-10-05,-3.7593984962406015,Improving,0.0,25.0,Monitor,Holcomb Community
08,DISORDERLY CONDUCT,0,1,1,,Increasing,0,1,1,,2026-09-08,2026-09-21,2026-09-22,2026-10-05,,Worsening,,21.7,Monitor,Holcomb Community
08,KIDNAPPING,0,1,1,,Increasing,0,1,1,,2026-09-08,2026-09-21,2026-09-22,2026-10-05,-50.0,Improving,,21.7,Monitor,Holcomb Community
08,ROBBERY,0,1,1,,Increasing,0,1,1,,2026-09-08,2026-09-21,2026-09-22,2026-10-05,-44.44444444444444,Consistently Improving,,21.7,Monitor,Holcomb Community
08,RUNAWAY,0,1,1,,Increasing,0,1,1,,2026-09-08,2026-09-21,2026-09-22,2026-10-05,-50.0,Improving,,21.7,Monitor,Holcomb Community
08,WEAPONS OFFENSES,2,2,0,0.0,No Change,2,2,0,0.0,2026-09-08,2026-09-21,2026-09-22,2026-10-05,-13.88888888888889,Improving,0.0,15.3,Monitor,Holcomb Community
08,SEX OFFENSES,1,0,-1,-100.0,Decreasing,1,0,-1,-100.0,2026-09-08,2026-09-21,2026-09-22,2026-10-05,200.0,Worsening,0.0,10.0,Monitor,Holcomb Community
08,STOLEN PROPERTY,1,0,-1,-100.0,Decreasing,1,0,-1,-100.0,2026-09-08,2026-09-21,2026-09-22,2026-10-05,11.764705882352942,Worsening,0.0,2.4,Monitor,Holcomb Community
08,FORGERY,1,0,-1,-100.0,Decreasing,1,0,-1,-100.0,2026-09-08,2026-09-21,2026-09-22,2026-10-05,-66.66666666666667,Improving,0.0,0.0,Monitor,Holcomb Community
08,LARCENY,6,0,-6,-100.0,Decreasing,6,0,-6,-100.0,2026-09-08,2026-09-21,2026-09-22,2026-10-05,-24.390243902439025,Improving,0.0,0.0,Monitor,Holcomb Community
08,STOLEN VEHICLE,1,0,-1,-100.0,Decreasing,1,0,-1,-100.0,2026-09-08,2026-09-21,2026-09-22,2026-10-05,-27.027027027027028,Consistently Improving,0.0,0.0,Monitor,Holcomb Community
04,ASSAULT,1,5,4,400.0,Increasing,1,5,4,400.0,2026-09-08,2026-09-21,2026-09-22,2026-10-05,3.8461538461538463,Worsening,0.0,75.8,Watch,Hubbard Farms
04,DANGEROUS DRUGS,1,0,-1,-100.0,Decreasing,1,0,-1,-100.0,2026-09-08,2026-09-21,2026-09-22,2026-10-05,100.0,Worsening,0.0,10.0,Monitor,Hubbard Farms
04,STOLEN VEHICLE,2,0,-2,-100.0,Decreasing,2,0,-2,-100.0,2026-09-08,2026-09-21,2026-09-22,2026-10-05,83.33333333333333,Worsening,0.0,10.0,Monitor,Hubbard Farms
04,DAMAGE TO PROPERTY,1,0,-1,-100.0,Decreasing,1,0,-1,-100.0,2026-09-08,2026-09-21,2026-09-22,2026-10-05,-33.333333333333336,Improving,0.0,0.0,Monitor,Hubbard Farms
04,LARCENY,2,0,-2,-100.0,Decreasing,2,0,-2,-100.0,2026-09-08,2026-09-21,2026-09-22,2026-10-05,-10.0,Improving,0.0,0.0,Monitor,Hubbard Farms
04,ASSAULT,0,2,2,,Increasing,0,2,2,,2026-09-08,2026-09-21,2026-09-22,2026-10-05,33.333333333333336,Consistently Worsening,,65.7,Monitor,Hubbard Richard
04,LARCENY,5,1,-4,-80.0,Decreasing,5,1,-4,-80.0,2026-09-08,2026-09-21,2026-09-22,2026-10-05,85.71428571428571,Worsening,0.0,25.8,Monitor,Hubbard Richard
03,DAMAGE TO PROPERTY,1,0,-1,-100.0,Decreasing,1,0,-1,-100.0,2026-09-08,2026-09-21,2026-09-22,2026-10-05,-33.333333333333336,Improving,0.0,0.0,Monitor,Hubbard Richard
02,ASSAULT,2,6,4,200.0,Increasing,2,6,4,200.0,2026-09-09,2026-09-22,2026-09-23,2026-10-06,15.217391304347826,Worsening,0.0,78.0,Watch,Hubbell-Lyndon
02,AGGRAVATED ASSAULT,1,4,3,300.0,Increasing,1,4,3,300.0,2026-09-09,2026-09-22,2026-09-23,2026-10-06,-18.96551724137931,Consistently Improving,0.0,63.2,Monitor,Hubbell-Lyndon
02,DAMAGE TO PROPERTY,1,3,2,200.0,Increasing,1,3,2,200.0,2026-09-09,2026-09-22,2026-09-23,2026-10-06,-16.129032258064516,Consistently Improving,0.0,52.8,Monitor,Hubbell-Lyndon
02,STOLEN VEHICLE,0,2,2,,Increasing,0,2,2,,2026-09-09,2026-09-22,2026-09-23,2026-10-06,-12.0,Consistently Improving,,33.1,Monitor,Hubbell-Lyndon
02,WEAPONS OFFENSES,1,1,0,0.0,No Change,2,1,-1,-50.0,2026-09-09,2026-09-22,2026-09-23,2026-10-06,11.11111111111111,Consistently Worsening,50.0,26.1,Monitor,Hubbell-Lyndon
02,OBSTRUCTING THE POLICE,0,1,1,,Increasing,0,1,1,,2026-09-09,2026-09-22,2026-09-23,2026-10-06,9.090909090909092,Consistently Worsening,,20.2,Monitor,Hubbell-Lyndon
02,ARSON,0,1,1,,Increasing,0,1,1,,2026-09-09,2026-09-22,2026-09-23,2026-10-06,-50.0,Consistently Improving,,18.4,Monitor,Hubbell-Lyndon
02,HOMICIDE,0,1,1,,Increasing,0,1,1,,2026-09-09,2026-09-22,2026-09-23,2026-10-06,,Worsening,,18.4,Monitor,Hubbell-Lyndon
02,LARCENY,3,2,-1,-33.33,Decreasing,3,2,-1,-33.33,2026-09-09,2026-09-22,2026-09-23,2026-10-06,17.94871794871795,Worsening,0.0,17.7,Monitor,Hubbell-Lyndon
02,RUNAWAY,1,0,-1,-100.0,Decreasing,1,0,-1,-100.0,2026-09-09,2026-09-22,2026-09-23,2026-10-06,160.0,Consistently Worsening,0.0,10.0,Monitor,Hubbell-Lyndon
02,FORGERY,1,0,-1,-100.0,Decreasing,1,0,-1,-100.0,2026-09-09,2026-09-22,2026-09-23,2026-10-06,,Worsening,0.0,0.0,Monitor,Hubbell-Lyndon
08,STOLEN PROPERTY,1,0,-1,-100.0,Decreasing,1,0,-1,-100.0,2026-09-09,2026-09-22,2026-09-23,2026-10-06,,Worsening,0.0,0.0,Monitor,Hubbell-Lyndon
08,WEAPONS OFFENSES,1,0,-1,-100.0,Decreasing,2,1,-1,-50.0,2026-09-09,2026-09-22,2026-09-23,2026-10-06,,Worsening,-50.0,0.0,Monitor,Hubbell-Lyndon
02,STOLEN VEHICLE,0,3,3,,Increasing,0,3,3,,2026-09-07,2026-09-20,2026-09-21,2026-10-04,8.0,Worsening,,62.6,Monitor,Hubbell-Puritan
02,WEAPONS OFFENSES,0,1,1,,Increasing,0,1,1,,2026-09-07,2026-09-20,2026-09-21,2026-10-04,114.28571428571429,Worsening,,34.5,Monitor,Hubbell-Puritan
02,FAMILY OFFENSE,0,1,1,,Increasing,0,1,1,,2026-09-07,2026-09-20,2026-09-21,2026-10-04,25.0,Worsening,,29.5,Monitor,Hubbell-Puritan
02,DAMAGE TO PROPERTY,0,1,1,,Increasing,0,1,1,,2026-09-07,2026-09-20,2026-09-21,2026-10-04,-3.5714285714285716,Improving,,24.5,Monitor,Hubbell-Puritan
02,RUNAWAY,0,1,1,,Increasing,0,1,1,,2026-09-07,2026-09-20,2026-09-21,2026-10-04,,Worsening,,24.5,Monitor,Hubbell-Puritan
02,LARCENY,3,1,-2,-66.67,Decreasing,3,1,-2,-66.67,2026-09-07,2026-09-20,2026-09-21,2026-10-04,72.72727272727273,Worsening,0.0,22.5,Monitor,Hubbell-Puritan
02,ASSAULT,3,2,-1,-33.33,Decreasing,3,2,-1,-33.33,2026-09-07,2026-09-20,2026-09-21,2026-10-04,3.1746031746031744,Consistently Worsening,0.0,20.4,Monitor,Hubbell-Puritan
02,AGGRAVATED ASSAULT,2,1,-1,-50.0,Decreasing,2,1,-1,-50.0,2026-09-07,2026-09-20,2026-09-21,2026-10-04,24.0,Worsening,0.0,17.3,Monitor,Hubbell-Puritan
07,BURGLARY,0,1,1,,Increasing,0,1,1,,2026-09-07,2026-09-20,2026-09-21,2026-10-04,-50.0,Consistently Improving,,47.8,Monitor,Indian Village
07,LARCENY,2,2,0,0.0,No Change,2,2,0,0.0,2026-09-07,2026-09-20,2026-09-21,2026-10-04,-48.148148148148145,Consistently Improving,0.0,25.0,Monitor,Indian Village
07,ASSAULT,1,0,-1,-100.0,Decreasing,1,0,-1,-100.0,2026-09-07,2026-09-20,2026-09-21,2026-10-04,-50.0,Improving,0.0,0.0,Monitor,Indian Village
07,OBSTRUCTING THE POLICE,1,0,-1,-100.0,Decreasing,1,0,-1,-100.0,2026-09-07,2026-09-20,2026-09-21,2026-10-04,,Worsening,0.0,0.0,Monitor,Indian Village
07,RUNAWAY,1,2,1,100.0,Increasing,1,2,1,100.0,2026-09-08,2026-09-21,2026-09-22,2026-10-05,-31.25,Consistently Improving,0.0,52.1,Monitor,Islandview
07,FRAUD,0,2,2,,Increasing,0,2,2,,2026-09-08,2026-09-21,2026-09-22,2026-10-05,-22.857142857142858,Improving,,51.1,Monitor,Islandview
07,STOLEN VEHICLE,0,2,2,,Increasing,0,2,2,,2026-09-08,2026-09-21,2026-09-22,2026-10-05,-20.454545454545453,Consistently Improving,,51.1,Monitor,Islandview
07,ROBBERY,0,1,1,,Increasing,0,1,1,,2026-09-08,2026-09-21,2026-09-22,2026-10-05,-25.0,Improving,,27.8,Monitor,Islandview
07,ASSAULT,7,3,-4,-57.14,Decreasing,7,3,-4,-57.14,2026-09-08,2026-09-21,2026-09-22,2026-10-05,29.310344827586206,Worsening,0.0,27.4,Monitor,Islandview
07,LARCENY,7,4,-3,-42.86,Decreasing,7,4,-3,-42.86,2026-09-08,2026-09-21,2026-09-22,2026-10-05,0.9803921568627451,Stable,0.0,25.2,Monitor,Islandview
07,DAMAGE TO PROPERTY,3,2,-1,-33.33,Decreasing,3,2,-1,-33.33,2026-09-08,2026-09-21,2026-09-22,2026-10-05,12.727272727272727,Worsening,0.0,19.6,Monitor,Islandview
07,BURGLARY,2,2,0,0.0,No Change,2,2,0,0.0,2026-09-08,2026-09-21,2026-09-22,2026-10-05,-38.46153846153846,Improving,0.0,17.1,Monitor,Islandview
07,OBSTRUCTING THE POLICE,1,1,0,0.0,No Change,1,1,0,0.0,2026-09-08,2026-09-21,2026-09-22,2026-10-05,-44.44444444444444,Improving,0.0,10.8,Monitor,Islandview
07,AGGRAVATED ASSAULT,2,0,-2,-100.0,Decreasing,2,0,-2,-100.0,2026-09-08,2026-09-21,2026-09-22,2026-10-05,-13.333333333333334,Improving,0.0,0.0,Monitor,Islandview
07,STOLEN PROPERTY,1,0,-1,-100.0,Decreasing,1,0,-1,-100.0,2026-09-08,2026-09-21,2026-09-22,2026-10-05,0.0,Stable,0.0,0.0,Monitor,Islandview
10,ASSAULT,0,2,2,,Increasing,0,2,2,,2026-09-08,2026-09-21,2026-09-22,2026-10-05,20.58823529411765,Consistently Worsening,,63.1,Monitor,Jamison
10,AGGRAVATED ASSAULT,0,1,1,,Increasing,0,1,1,,2026-09-08,2026-09-21,2026-09-22,2026-10-05,66.66666666666667,Worsening,,42.8,Monitor,Jamison
10,WEAPONS OFFENSES,1,0,-1,-100.0,Decreasing,1,0,-1,-100.0,2026-09-08,2026-09-21,2026-09-22,2026-10-05,50.0,Worsening,0.0,10.0,Monitor,Jamison
10,LARCENY,1,0,-1,-100.0,Decreasing,1,0,-1,-100.0,2026-09-08,2026-09-21,2026-09-22,2026-10-05,22.22222222222222,Worsening,0.0,4.4,Monitor,Jamison
05,AGGRAVATED ASSAULT,1,3,2,200.0,Increasing,1,3,2,200.0,2026-09-10,2026-09-23,2026-09-24,2026-10-07,-2.4390243902439024,Improving,0.0,75.0,Monitor,Jefferson Chalmers
05,WEAPONS OFFENSES,1,2,1,100.0,Increasing,1,2,1,100.0,2026-09-10,2026-09-23,2026-09-24,2026-10-07,100.0,Worsening,0.0,64.8,Monitor,Jefferson Chalmers
05,BURGLARY,2,3,1,50.0,Increasing,2,3,1,50.0,2026-09-10,2026-09-23,2026-09-24,2026-10-07,39.130434782608695,Worsening,0.0,57.8,Monitor,Jefferson Chalmers
05,ASSAULT,8,3,-5,-62.5,Decreasing,8,3,-5,-62.5,2026-09-10,2026-09-23,2026-09-24,2026-10-07,1.2048192771084338,Stable,0.0,25.2,Monitor,Jefferson Chalmers
05,OBSTRUCTING THE POLICE,1,1,0,0.0,No Change,1,1,0,0.0,2026-09-10,2026-09-23,2026-09-24,2026-10-07,122.22222222222223,Worsening,0.0,22.5,Monitor,Jefferson Chalmers
05,DAMAGE TO PROPERTY,3,2,-1,-33.33,Decreasing,3,2,-1,-33.33,2026-09-10,2026-09-23,2026-09-24,2026-10-07,0.0,Stable,0.0,19.8,Monitor,Jefferson Chalmers
05,LARCENY,2,2,0,0.0,No Change,2,2,0,0.0,2026-09-10,2026-09-23,2026-09-24,2026-10-07,-19.11764705882353,Improving,0.0,19.8,Monitor,Jefferson Chalmers
05,STOLEN PROPERTY,1,1,0,0.0,No Change,1,1,0,0.0,2026-09-10,2026-09-23,2026-09-24,2026-10-07,-41.666666666666664,Consistently Improving,0.0,12.5,Monitor,Jefferson Chalmers
05,OBSTRUCTING JUDICIARY,1,0,-1,-100.0,Decreasing,1,0,-1,-100.0,2026-09-10,2026-09-23,2026-09-24,2026-10-07,300.0,Consistently Worsening,0.0,10.0,Monitor,Jefferson Chalmers
05,FRAUD,2,0,-2,-100.0,Decreasing,2,0,-2,-100.0,2026-09-10,2026-09-23,2026-09-24,2026-10-07,-4.878048780487805,Improving,0.0,0.0,Monitor,Jefferson Chalmers
05,STOLEN VEHICLE,1,0,-1,-100.0,Decreasing,1,0,-1,-100.0,2026-09-10,2026-09-23,2026-09-24,2026-10-07,-37.77777777777778,Consistently Improving,0.0,0.0,Monitor,Jefferson Chalmers
03,LARCENY,0,2,2,,Increasing,0,2,2,,2026-09-06,2026-09-19,2026-09-20,2026-10-03,-14.814814814814815,Improving,,59.0,Monitor,Jeffries
03,FRAUD,1,1,0,0.0,No Change,1,1,0,0.0,2026-09-06,2026-09-19,2026-09-20,2026-10-03,33.333333333333336,Worsening,0.0,22.4,Monitor,Jeffries
03,DAMAGE TO PROPERTY,1,1,0,0.0,No Change,1,1,0,0.0,2026-09-06,2026-09-19,2026-09-20,2026-10-03,26.666666666666668,Worsening,0.0,21.1,Monitor,Jeffries
03,ASSAULT,1,1,0,0.0,No Change,1,1,0,0.0,2026-09-06,2026-09-19,2026-09-20,2026-10-03,-15.625,Improving,0.0,15.8,Monitor,Jeffries
03,FAMILY OFFENSE,1,0,-1,-100.0,Decreasing,1,0,-1,-100.0,2026-09-06,2026-09-19,2026-09-20,2026-10-03,150.0,Consistently Worsening,0.0,10.0,Monitor,Jeffries
03,SEX OFFENSES,1,0,-1,-100.0,Decreasing,1,0,-1,-100.0,2026-09-06,2026-09-19,2026-09-20,2026-10-03,33.333333333333336,Consistently Worsening,0.0,6.7,Monitor,Jeffries
03,BURGLARY,1,0,-1,-100.0,Decreasing,1,0,-1,-100.0,2026-09-06,2026-09-19,2026-09-20,2026-10-03,-45.45454545454545,Improving,0.0,0.0,Monitor,Jeffries
07,LARCENY,0,1,1,,Increasing,0,1,1,,2026-09-05,2026-09-18,2026-09-19,2026-10-02,100.0,Worsening,,67.0,Monitor,Joseph Berry Sub
06,BURGLARY,1,4,3,300.0,Increasing,1,4,3,300.0,2026-09-10,2026-09-23,2026-09-24,2026-10-07,100.0,Worsening,0.0,77.5,Monitor,Joy Community
06,WEAPONS OFFENSES,1,3,2,200.0,Increasing,1,3,2,200.0,2026-09-10,2026-09-23,2026-09-24,2026-10-07,15.625,Worsening,0.0,58.2,Monitor,Joy Community
06,ASSAULT,9,9,0,0.0,No Change,9,9,0,0.0,2026-09-10,2026-09-23,2026-09-24,2026-10-07,14.56953642384106,Consistently Worsening,0.0,27.9,Monitor,Joy Community
06,OBSTRUCTING THE POLICE,0,1,1,,Increasing,0,1,1,,2026-09-10,2026-09-23,2026-09-24,2026-10-07,13.333333333333334,Consistently Worsening,,22.2,Monitor,Joy Community
06,AGGRAVATED ASSAULT,8,2,-6,-75.0,Decreasing,8,2,-6,-75.0,2026-09-10,2026-09-23,2026-09-24,2026-10-07,57.4468085106383,Worsening,0.0,21.9,Monitor,Joy Community
06,FRAUD,0,1,1,,Increasing,0,1,1,,2026-09-10,2026-09-23,2026-09-24,2026-10-07,2.3255813953488373,Consistently Worsening,,20.0,Monitor,Joy Community
06,SEX OFFENSES,0,1,1,,Increasing,0,1,1,,2026-09-10,2026-09-23,2026-09-24,2026-10-07,0.0,Stable,,19.5,Monitor,Joy Community
06,LARCENY,4,1,-3,-75.0,Decreasing,4,1,-3,-75.0,2026-09-10,2026-09-23,2026-09-24,2026-10-07,60.0,Worsening,0.0,17.5,Monitor,Joy Community
06,OBSTRUCTING JUDICIARY,3,1,-2,-66.67,Decreasing,3,1,-2,-66.67,2026-09-10,2026-09-23,2026-09-24,2026-10-07,333.3333333333333,Consistently Worsening,0.0,17.5,Monitor,Joy Community
06,ROBBERY,1,1,0,0.0,No Change,1,1,0,0.0,2026-09-10,2026-09-23,2026-09-24,2026-10-07,120.0,Worsening,0.0,17.5,Monitor,Joy Community
06,DAMAGE TO PROPERTY,4,2,-2,-50.0,Decreasing,4,2,-2,-50.0,2026-09-10,2026-09-23,2026-09-24,2026-10-07,-2.3529411764705883,Improving,0.0,11.9,Monitor,Joy Community
06,DANGEROUS DRUGS,2,0,-2,-100.0,Decreasing,2,0,-2,-100.0,2026-09-10,2026-09-23,2026-09-24,2026-10-07,100.0,Worsening,0.0,10.0,Monitor,Joy Community
06,KIDNAPPING,1,0,-1,-100.0,Decreasing,1,0,-1,-100.0,2026-09-10,2026-09-23,2026-09-24,2026-10-07,100.0,Consistently Worsening,0.0,10.0,Monitor,Joy Community
06,ARSON,1,0,-1,-100.0,Decreasing,1,0,-1,-100.0,2026-09-10,2026-09-23,2026-09-24,2026-10-07,16.666666666666668,Consistently Worsening,0.0,3.3,Monitor,Joy Community
02,ASSAULT,3,2,-1,-33.33,Decreasing,3,2,-1,-33.33,2026-09-06,2026-09-19,2026-09-20,2026-10-03,17.391304347826086,Worsening,0.0,28.5,Monitor,Joy-Schaefer
02,BURGLARY,1,0,-1,-100.0,Decreasing,1,0,-1,-100.0,2026-09-06,2026-09-19,2026-09-20,2026-10-03,25.0,Worsening,0.0,5.0,Monitor,Joy-Schaefer
02,DAMAGE TO PROPERTY,3,0,-3,-100.0,Decreasing,3,0,-3,-100.0,2026-09-06,2026-09-19,2026-09-20,2026-10-03,0.0,Stable,0.0,0.0,Monitor,Joy-Schaefer
11,DAMAGE TO PROPERTY,2,3,1,50.0,Increasing,2,3,1,50.0,2026-09-09,2026-09-22,2026-09-23,2026-10-06,9.090909090909092,Worsening,0.0,66.8,Monitor,Krainz Woods
11,BURGLARY,4,2,-2,-50.0,Decreasing,4,2,-2,-50.0,2026-09-09,2026-09-22,2026-09-23,2026-10-06,110.0,Worsening,0.0,29.8,Monitor,Krainz Woods
11,AGGRAVATED ASSAULT,4,2,-2,-50.0,Decreasing,4,2,-2,-50.0,2026-09-09,2026-09-22,2026-09-23,2026-10-06,0.0,Stable,0.0,19.8,Monitor,Krainz Woods
11,ASSAULT,11,1,-10,-90.91,Decreasing,11,1,-10,-90.91,2026-09-09,2026-09-22,2026-09-23,2026-10-06,15.384615384615385,Consistently Worsening,0.0,15.6,Monitor,Krainz Woods
11,FRAUD,1,0,-1,-100.0,Decreasing,1,0,-1,-100.0,2026-09-09,2026-09-22,2026-09-23,2026-10-06,77.77777777777777,Worsening,0.0,10.0,Monitor,Krainz Woods
11,RUNAWAY,1,0,-1,-100.0,Decreasing,1,0,-1,-100.0,2026-09-09,2026-09-22,2026-09-23,2026-10-06,33.333333333333336,Consistently Worsening,0.0,6.7,Monitor,Krainz Woods
09,ASSAULT,1,4,3,300.0,Increasing,1,4,3,300.0,2026-09-09,2026-09-22,2026-09-23,2026-10-06,-23.80952380952381,Improving,0.0,75.0,Monitor,LaSalle College Park
09,AGGRAVATED ASSAULT,1,2,1,100.0,Increasing,1,2,1,100.0,2026-09-09,2026-09-22,2026-09-23,2026-10-06,40.0,Worsening,0.0,55.1,Monitor,LaSalle College Park
09,DAMAGE TO PROPERTY,1,2,1,100.0,Increasing,1,2,1,100.0,2026-09-09,2026-09-22,2026-09-23,2026-10-06,-10.344827586206897,Consistently Improving,0.0,47.1,Monitor,LaSalle College Park
09,LARCENY,0,1,1,,Increasing,0,1,1,,2026-09-09,2026-09-22,2026-09-23,2026-10-06,-33.333333333333336,Improving,,22.8,Monitor,LaSalle College Park
09,STOLEN VEHICLE,1,1,0,0.0,No Change,1,1,0,0.0,2026-09-09,2026-09-22,2026-09-23,2026-10-06,-47.61904761904762,Consistently Improving,0.0,10.8,Monitor,LaSalle College Park
09,FRAUD,2,0,-2,-100.0,Decreasing,2,0,-2,-100.0,2026-09-09,2026-09-22,2026-09-23,2026-10-06,20.0,Worsening,0.0,4.0,Monitor,LaSalle College Park
09,WEAPONS OFFENSES,1,0,-1,-100.0,Decreasing,1,0,-1,-100.0,2026-09-09,2026-09-22,2026-09-23,2026-10-06,20.0,Worsening,0.0,4.0,Monitor,LaSalle College Park
10,DAMAGE TO PROPERTY,1,2,1,100.0,Increasing,1,2,1,100.0,2026-09-06,2026-09-19,2026-09-20,2026-10-03,66.66666666666667,Worsening,0.0,85.0,Monitor,LaSalle Gardens
10,BURGLARY,0,1,1,,Increasing,0,1,1,,2026-09-06,2026-09-19,2026-09-20,2026-10-03,0.0,Stable,,47.8,Monitor,LaSalle Gardens
10,MISCELLANEOUS,0,1,1,,Increasing,0,1,1,,2026-09-06,2026-09-19,2026-09-20,2026-10-03,,Worsening,,47.8,Monitor,LaSalle Gardens
10,ASSAULT,1,0,-1,-100.0,Decreasing,1,0,-1,-100.0,2026-09-06,2026-09-19,2026-09-20,2026-10-03,61.111111111111114,Worsening,0.0,10.0,Monitor,LaSalle Gardens
10,FRAUD,1,0,-1,-100.0,Decreasing,1,0,-1,-100.0,2026-09-06,2026-09-19,2026-09-20,2026-10-03,-28.571428571428573,Improving,0.0,0.0,Monitor,LaSalle Gardens
10,LARCENY,1,0,-1,-100.0,Decreasing,1,0,-1,-100.0,2026-09-06,2026-09-19,2026-09-20,2026-10-03,-13.043478260869565,Improving,0.0,0.0,Monitor,LaSalle Gardens
10,STOLEN VEHICLE,1,0,-1,-100.0,Decreasing,1,0,-1,-100.0,2026-09-06,2026-09-19,2026-09-20,2026-10-03,-22.22222222222222,Consistently Improving,0.0,0.0,Monitor,LaSalle Gardens
07,AGGRAVATED ASSAULT,1,3,2,200.0,Increasing,1,3,2,200.0,2026-09-09,2026-09-22,2026-09-23,2026-10-06,15.789473684210526,Worsening,0.0,69.8,Monitor,Lafayette Park
07,FRAUD,0,2,2,,Increasing,0,2,2,,2026-09-09,2026-09-22,2026-09-23,2026-10-06,-48.97959183673469,Consistently Improving,,47.2,Monitor,Lafayette Park
03,LARCENY,0,1,1,,Increasing,8,8,0,0.0,2026-09-09,2026-09-22,2026-09-23,2026-10-06,125.0,Worsening,,35.3,Monitor,Lafayette Park
07,DANGEROUS DRUGS,0,1,1,,Increasing,0,1,1,,2026-09-09,2026-09-22,2026-09-23,2026-10-06,200.0,Worsening,,35.3,Monitor,Lafayette Park
07,LARCENY,8,7,-1,-12.5,Decreasing,8,8,0,0.0,2026-09-09,2026-09-22,2026-09-23,2026-10-06,31.944444444444443,Worsening,-12.5,31.4,Monitor,Lafayette Park
07,DAMAGE TO PROPERTY,3,3,0,0.0,No Change,3,3,0,0.0,2026-09-09,2026-09-22,2026-09-23,2026-10-06,-16.39344262295082,Consistently Improving,0.0,16.7,Monitor,Lafayette Park
07,ASSAULT,3,1,-2,-66.67,Decreasing,3,1,-2,-66.67,2026-09-09,2026-09-22,2026-09-23,2026-10-06,27.906976744186046,Worsening,0.0,13.9,Monitor,Lafayette Park
07,BURGLARY,2,0,-2,-100.0,Decreasing,2,0,-2,-100.0,2026-09-09,2026-09-22,2026-09-23,2026-10-06,180.0,Worsening,0.0,10.0,Monitor,Lafayette Park
07,STOLEN VEHICLE,3,1,-2,-66.67,Decreasing,3,1,-2,-66.67,2026-09-09,2026-09-22,2026-09-23,2026-10-06,-46.15384615384615,Consistently Improving,0.0,8.3,Monitor,Lafayette Park
07,FAMILY OFFENSE,1,0,-1,-100.0,Decreasing,1,0,-1,-100.0,2026-09-09,2026-09-22,2026-09-23,2026-10-06,-66.66666666666667,Improving,0.0,0.0,Monitor,Lafayette Park
02,ASSAULT,2,4,2,100.0,Increasing,2,4,2,100.0,2026-09-08,2026-09-21,2026-09-22,2026-10-05,15.384615384615385,Consistently Worsening,0.0,78.1,Monitor,Littlefield Community
02,AGGRAVATED ASSAULT,0,2,2,,Increasing,0,2,2,,2026-09-08,2026-09-21,2026-09-22,2026-10-05,69.23076923076923,Worsening,,61.1,Monitor,Littlefield Community
02,STOLEN VEHICLE,0,2,2,,Increasing,0,2,2,,2026-09-08,2026-09-21,2026-09-22,2026-10-05,55.55555555555556,Worsening,,61.1,Monitor,Littlefield Community
02,DAMAGE TO PROPERTY,3,1,-2,-66.67,Decreasing,3,1,-2,-66.67,2026-09-08,2026-09-21,2026-09-22,2026-10-05,12.5,Consistently Worsening,0.0,13.3,Monitor,Littlefield Community
02,FRAUD,1,0,-1,-100.0,Decreasing,1,0,-1,-100.0,2026-09-08,2026-09-21,2026-09-22,2026-10-05,133.33333333333334,Worsening,0.0,10.0,Monitor,Littlefield Community
02,LARCENY,2,0,-2,-100.0,Decreasing,2,0,-2,-100.0,2026-09-08,2026-09-21,2026-09-22,2026-10-05,40.0,Consistently Worsening,0.0,8.0,Monitor,Littlefield Community
09,ASSAULT,8,11,3,37.5,Increasing,8,11,3,37.5,2026-09-08,2026-09-21,2026-09-22,2026-10-05,-16.3265306122449,Improving,0.0,62.5,Watch,Mapleridge
09,STOLEN VEHICLE,2,3,1,50.0,Increasing,2,3,1,50.0,2026-09-08,2026-09-21,2026-09-22,2026-10-05,-27.419354838709676,Improving,0.0,33.9,Monitor,Mapleridge
09,SEX OFFENSES,9,7,-2,-22.22,Decreasing,9,7,-2,-22.22,2026-09-08,2026-09-21,2026-09-22,2026-10-05,94.0,Consistently Worsening,0.0,30.9,Monitor,Mapleridge
09,LARCENY,4,4,0,0.0,No Change,4,4,0,0.0,2026-09-08,2026-09-21,2026-09-22,2026-10-05,36.206896551724135,Worsening,0.0,23.4,Monitor,Mapleridge
09,DANGEROUS DRUGS,0,1,1,,Increasing,0,1,1,,2026-09-08,2026-09-21,2026-09-22,2026-10-05,17.391304347826086,Worsening,,22.5,Monitor,Mapleridge
09,FAMILY OFFENSE,0,1,1,,Increasing,0,1,1,,2026-09-08,2026-09-21,2026-09-22,2026-10-05,-20.0,Improving,,19.0,Monitor,Mapleridge
09,SEXUAL ASSAULT,0,1,1,,Increasing,0,1,1,,2026-09-08,2026-09-21,2026-09-22,2026-10-05,0.0,Stable,,19.0,Monitor,Mapleridge
09,DAMAGE TO PROPERTY,6,5,-1,-16.67,Decreasing,6,5,-1,-16.67,2026-09-08,2026-09-21,2026-09-22,2026-10-05,-1.2195121951219512,Stable,0.0,18.0,Monitor,Mapleridge
09,WEAPONS OFFENSES,2,1,-1,-50.0,Decreasing,2,1,-1,-50.0,2026-09-08,2026-09-21,2026-09-22,2026-10-05,53.65853658536585,Worsening,0.0,17.0,Monitor,Mapleridge
09,AGGRAVATED ASSAULT,4,3,-1,-25.0,Decreasing,4,3,-1,-25.0,2026-09-08,2026-09-21,2026-09-22,2026-10-05,-6.172839506172839,Consistently Improving,0.0,13.9,Monitor,Mapleridge
09,BURGLARY,5,3,-2,-40.0,Decreasing,5,3,-2,-40.0,2026-09-08,2026-09-21,2026-09-22,2026-10-05,-31.147540983606557,Improving,0.0,13.9,Monitor,Mapleridge
09,OBSTRUCTING THE POLICE,3,0,-3,-100.0,Decreasing,3,0,-3,-100.0,2026-09-08,2026-09-21,2026-09-22,2026-10-05,70.58823529411765,Worsening,0.0,10.0,Monitor,Mapleridge
09,ROBBERY,3,1,-2,-66.67,Decreasing,3,1,-2,-66.67,2026-09-08,2026-09-21,2026-09-22,2026-10-05,-15.384615384615385,Consistently Improving,0.0,7.0,Monitor,Mapleridge
09,FRAUD,1,0,-1,-100.0,Decreasing,1,0,-1,-100.0,2026-09-08,2026-09-21,2026-09-22,2026-10-05,-19.148936170212767,Consistently Improving,0.0,0.0,Monitor,Mapleridge
09,RUNAWAY,1,0,-1,-100.0,Decreasing,1,0,-1,-100.0,2026-09-08,2026-09-21,2026-09-22,2026-10-05,-41.666666666666664,Improving,0.0,0.0,Monitor,Mapleridge
05,ASSAULT,2,2,0,0.0,No Change,2,2,0,0.0,2026-08-17,2026-08-30,2026-08-31,2026-09-13,275.0,Consistently Worsening,0.0,35.0,Monitor,Marina District
05,AGGRAVATED ASSAULT,2,1,-1,-50.0,Decreasing,2,1,-1,-50.0,2026-08-17,2026-08-30,2026-08-31,2026-09-13,400.0,Worsening,0.0,25.8,Monitor,Marina District
05,STOLEN VEHICLE,2,1,-1,-50.0,Decreasing,2,1,-1,-50.0,2026-08-17,2026-08-30,2026-08-31,2026-09-13,-44.44444444444444,Improving,0.0,15.8,Monitor,Marina District
05,DAMAGE TO PROPERTY,3,0,-3,-100.0,Decreasing,3,0,-3,-100.0,2026-08-17,2026-08-30,2026-08-31,2026-09-13,-30.76923076923077,Improving,0.0,0.0,Monitor,Marina District
12,ASSAULT,1,4,3,300.0,Increasing,1,4,3,300.0,2026-09-08,2026-09-21,2026-09-22,2026-10-05,41.02564102564103,Worsening,0.0,83.2,Monitor,Martin Park
12,BURGLARY,0,2,2,,Increasing,0,2,2,,2026-09-08,2026-09-21,2026-09-22,2026-10-05,53.84615384615385,Worsening,,51.1,Monitor,Martin Park
12,WEAPONS OFFENSES,1,2,1,100.0,Increasing,1,2,1,100.0,2026-09-08,2026-09-21,2026-09-22,2026-10-05,-38.46153846153846,Improving,0.0,47.1,Monitor,Martin Park
12,FRAUD,0,1,1,,Increasing,0,1,1,,2026-09-08,2026-09-21,2026-09-22,2026-10-05,-31.818181818181817,Consistently Improving,,22.8,Monitor,Martin Park
12,RUNAWAY,1,1,0,0.0,No Change,1,1,0,0.0,2026-09-08,2026-09-21,2026-09-22,2026-10-05,16.666666666666668,Consistently Worsening,0.0,14.1,Monitor,Martin Park
12,STOLEN VEHICLE,1,1,0,0.0,No Change,1,1,0,0.0,2026-09-08,2026-09-21,2026-09-22,2026-10-05,14.285714285714286,Worsening,0.0,13.6,Monitor,Martin Park
12,DAMAGE TO PROPERTY,2,1,-1,-50.0,Decreasing,2,1,-1,-50.0,2026-09-08,2026-09-21,2026-09-22,2026-10-05,12.0,Worsening,0.0,13.2,Monitor,Martin Park
12,LARCENY,3,1,-2,-66.67,Decreasing,3,1,-2,-66.67,2026-09-08,2026-09-21,2026-09-22,2026-10-05,-2.3255813953488373,Improving,0.0,10.8,Monitor,Martin Park
12,ROBBERY,1,0,-1,-100.0,Decreasing,1,0,-1,-100.0,2026-09-08,2026-09-21,2026-09-22,2026-10-05,-57.142857142857146,Improving,0.0,0.0,Monitor,Martin Park
07,ASSAULT,2,3,1,50.0,Increasing,2,3,1,50.0,2026-09-08,2026-09-21,2026-09-22,2026-10-05,8.88888888888889,Consistently Worsening,0.0,66.8,Monitor,McDougall-Hunt
07,OBSTRUCTING THE POLICE,0,1,1,,Increasing,0,1,1,,2026-09-08,2026-09-21,2026-09-22,2026-10-05,50.0,Consistently Worsening,,54.5,Monitor,McDougall-Hunt
07,AGGRAVATED ASSAULT,0,1,1,,Increasing,0,1,1,,2026-09-08,2026-09-21,2026-09-22,2026-10-05,35.714285714285715,Worsening,,51.6,Monitor,McDougall-Hunt
07,BURGLARY,0,1,1,,Increasing,0,1,1,,2026-09-08,2026-09-21,2026-09-22,2026-10-05,-10.0,Consistently Improving,,44.5,Monitor,McDougall-Hunt
07,RUNAWAY,0,1,1,,Increasing,0,1,1,,2026-09-08,2026-09-21,2026-09-22,2026-10-05,-66.66666666666667,Improving,,44.5,Monitor,McDougall-Hunt
07,DAMAGE TO PROPERTY,2,2,0,0.0,No Change,2,2,0,0.0,2026-09-08,2026-09-21,2026-09-22,2026-10-05,17.857142857142858,Consistently Worsening,0.0,23.4,Monitor,McDougall-Hunt
07,FRAUD,2,1,-1,-50.0,Decreasing,2,1,-1,-50.0,2026-09-08,2026-09-21,2026-09-22,2026-10-05,-50.0,Consistently Improving,0.0,12.5,Monitor,McDougall-Hunt
07,WEAPONS OFFENSES,3,0,-3,-100.0,Decreasing,3,0,-3,-100.0,2026-09-08,2026-09-21,2026-09-22,2026-10-05,44.44444444444444,Worsening,0.0,8.9,Monitor,McDougall-Hunt
07,LARCENY,2,0,-2,-100.0,Decreasing,2,0,-2,-100.0,2026-09-08,2026-09-21,2026-09-22,2026-10-05,-2.9411764705882355,Improving,0.0,0.0,Monitor,McDougall-Hunt
07,OUIL,2,0,-2,-100.0,Decreasing,2,0,-2,-100.0,2026-09-08,2026-09-21,2026-09-22,2026-10-05,-50.0,Improving,0.0,0.0,Monitor,McDougall-Hunt
07,STOLEN PROPERTY,1,0,-1,-100.0,Decreasing,1,0,-1,-100.0,2026-09-08,2026-09-21,2026-09-22,2026-10-05,-16.666666666666668,Improving,0.0,0.0,Monitor,McDougall-Hunt
07,STOLEN VEHICLE,1,0,-1,-100.0,Decreasing,1,0,-1,-100.0,2026-09-08,2026-09-21,2026-09-22,2026-10-05,-6.666666666666667,Consistently Improving,0.0,0.0,Monitor,McDougall-Hunt
12,LARCENY,0,1,1,,Increasing,0,1,1,,2026-09-05,2026-09-18,2026-09-19,2026-10-02,0.0,Stable,,47.8,Monitor,McDowell
12,DAMAGE TO PROPERTY,1,1,0,0.0,No Change,1,1,0,0.0,2026-09-05,2026-09-18,2026-09-19,2026-10-02,73.6842105263158,Worsening,0.0,25.8,Monitor,McDowell
12,ASSAULT,4,2,-2,-50.0,Decreasing,4,2,-2,-50.0,2026-09-05,2026-09-18,2026-09-19,2026-10-02,-30.555555555555557,Improving,0.0,25.0,Monitor,McDowell
12,AGGRAVATED ASSAULT,1,1,0,0.0,No Change,1,1,0,0.0,2026-09-05,2026-09-18,2026-09-19,2026-10-02,-13.043478260869565,Improving,0.0,15.8,Monitor,McDowell
12,FRAUD,1,1,0,0.0,No Change,1,1,0,0.0,2026-09-05,2026-09-18,2026-09-19,2026-10-02,-18.181818181818183,Consistently Improving,0.0,15.8,Monitor,McDowell
12,FAMILY OFFENSE,1,0,-1,-100.0,Decreasing,1,0,-1,-100.0,2026-09-05,2026-09-18,2026-09-19,2026-10-02,150.0,Consistently Worsening,0.0,10.0,Monitor,McDowell
12,BURGLARY,1,0,-1,-100.0,Decreasing,1,0,-1,-100.0,2026-09-05,2026-09-18,2026-09-19,2026-10-02,-54.54545454545455,Improving,0.0,0.0,Monitor,McDowell
08,STOLEN VEHICLE,0,1,1,,Increasing,0,1,1,,2026-09-03,2026-09-16,2026-09-17,2026-09-30,125.0,Worsening,,67.0,Monitor,McNichols Evergreen
08,DAMAGE TO PROPERTY,0,1,1,,Increasing,0,1,1,,2026-09-03,2026-09-16,2026-09-17,2026-09-30,28.571428571428573,Worsening,,62.7,Monitor,McNichols Evergreen
08,AGGRAVATED ASSAULT,0,1,1,,Increasing,0,1,1,,2026-09-03,2026-09-16,2026-09-17,2026-09-30,-10.0,Consistently Improving,,57.0,Monitor,McNichols Evergreen
08,ASSAULT,1,0,-1,-100.0,Decreasing,1,0,-1,-100.0,2026-09-03,2026-09-16,2026-09-17,2026-09-30,-16.666666666666668,Improving,0.0,0.0,Monitor,McNichols Evergreen
08,BURGLARY,2,0,-2,-100.0,Decreasing,2,0,-2,-100.0,2026-09-03,2026-09-16,2026-09-17,2026-09-30,-16.666666666666668,Consistently Improving,0.0,0.0,Monitor,McNichols Evergreen
08,FAMILY OFFENSE,1,0,-1,-100.0,Decreasing,1,0,-1,-100.0,2026-09-03,2026-09-16,2026-09-17,2026-09-30,,Worsening,0.0,0.0,Monitor,McNichols Evergreen
08,FRAUD,1,0,-1,-100.0,Decreasing,1,0,-1,-100.0,2026-09-03,2026-09-16,2026-09-17,2026-09-30,0.0,Stable,0.0,0.0,Monitor,McNichols Evergreen
08,LARCENY,1,0,-1,-100.0,Decreasing,1,0,-1,-100.0,2026-09-03,2026-09-16,2026-09-17,2026-09-30,0.0,Stable,0.0,0.0,Monitor,McNichols Evergreen
03,LARCENY,1,2,1,100.0,Increasing,1,2,1,100.0,2026-09-07,2026-09-20,2026-09-21,2026-10-04,0.0,Stable,0.0,75.0,Monitor,Medbury Park
03,DAMAGE TO PROPERTY,0,1,1,,Increasing,0,1,1,,2026-09-07,2026-09-20,2026-09-21,2026-10-04,100.0,Consistently Worsening,,57.8,Monitor,Medbury Park
03,WEAPONS OFFENSES,0,1,1,,Increasing,0,1,1,,2026-09-07,2026-09-20,2026-09-21,2026-10-04,100.0,Consistently Worsening,,57.8,Monitor,Medbury Park
03,BURGLARY,0,1,1,,Increasing,0,1,1,,2026-09-07,2026-09-20,2026-09-21,2026-10-04,,Worsening,,47.8,Monitor,Medbury Park
03,OBSTRUCTING JUDICIARY,0,1,1,,Increasing,0,1,1,,2026-09-07,2026-09-20,2026-09-21,2026-10-04,,Worsening,,47.8,Monitor,Medbury Park
03,OBSTRUCTING THE POLICE,0,1,1,,Increasing,0,1,1,,2026-09-07,2026-09-20,2026-09-21,2026-10-04,,Worsening,,47.8,Monitor,Medbury Park
03,ASSAULT,1,0,-1,-100.0,Decreasing,1,0,-1,-100.0,2026-09-07,2026-09-20,2026-09-21,2026-10-04,700.0,Worsening,0.0,10.0,Monitor,Medbury Park
03,STOLEN VEHICLE,1,0,-1,-100.0,Decreasing,1,0,-1,-100.0,2026-09-07,2026-09-20,2026-09-21,2026-10-04,0.0,Stable,0.0,0.0,Monitor,Medbury Park
03,ASSAULT,2,8,6,300.0,Increasing,2,8,6,300.0,2026-09-08,2026-09-21,2026-09-22,2026-10-05,-18.58407079646018,Improving,0.0,75.0,Watch,Medical Center
03,INVASION OF PRIVACY -OTHER,1,5,4,400.0,Increasing,1,5,4,400.0,2026-09-08,2026-09-21,2026-09-22,2026-10-05,1500.0,Worsening,0.0,70.4,Watch,Medical Center
03,LARCENY,3,5,2,66.67,Increasing,3,5,2,66.67,2026-09-08,2026-09-21,2026-09-22,2026-10-05,22.727272727272727,Worsening,0.0,48.3,Watch,Medical Center
03,FRAUD,1,3,2,200.0,Increasing,1,3,2,200.0,2026-09-08,2026-09-21,2026-09-22,2026-10-05,41.509433962264154,Consistently Worsening,0.0,54.1,Monitor,Medical Center
03,DAMAGE TO PROPERTY,0,4,4,,Increasing,0,4,4,,2026-09-08,2026-09-21,2026-09-22,2026-10-05,7.6923076923076925,Consistently Worsening,,47.9,Monitor,Medical Center
03,DANGEROUS DRUGS,0,1,1,,Increasing,0,1,1,,2026-09-08,2026-09-21,2026-09-22,2026-10-05,100.0,Worsening,,24.9,Monitor,Medical Center
03,OUIL,2,2,0,0.0,No Change,2,2,0,0.0,2026-09-08,2026-09-21,2026-09-22,2026-10-05,100.0,Worsening,0.0,22.5,Monitor,Medical Center
03,SEX OFFENSES,0,1,1,,Increasing,0,1,1,,2026-09-08,2026-09-21,2026-09-22,2026-10-05,-66.66666666666667,Improving,,14.9,Monitor,Medical Center
03,AGGRAVATED ASSAULT,1,1,0,0.0,No Change,1,1,0,0.0,2026-09-08,2026-09-21,2026-09-22,2026-10-05,8.333333333333334,Consistently Worsening,0.0,9.6,Monitor,Medical Center
03,FAMILY OFFENSE,1,0,-1,-100.0,Decreasing,1,0,-1,-100.0,2026-09-08,2026-09-21,2026-09-22,2026-10-05,40.0,Consistently Worsening,0.0,8.0,Monitor,Medical Center
03,WEAPONS OFFENSES,3,1,-2,-66.67,Decreasing,3,1,-2,-66.67,2026-09-08,2026-09-21,2026-09-22,2026-10-05,0.0,Stable,0.0,7.9,Monitor,Medical Center
03,BURGLARY,1,0,-1,-100.0,Decreasing,1,0,-1,-100.0,2026-09-08,2026-09-21,2026-09-22,2026-10-05,33.333333333333336,Worsening,0.0,6.7,Monitor,Medical Center
08,FAMILY OFFENSE,0,1,1,,Increasing,0,1,1,,2026-06-28,2026-07-11,2026-07-12,2026-07-25,,Worsening,,57.0,Monitor,Melvern Hill
04,AGGRAVATED ASSAULT,0,3,3,,Increasing,0,3,3,,2026-09-06,2026-09-19,2026-09-20,2026-10-03,333.3333333333333,Worsening,,71.0,Monitor,Mexicantown
04,ASSAULT,1,2,1,100.0,Increasing,1,2,1,100.0,2026-09-06,2026-09-19,2026-09-20,2026-10-03,73.6842105263158,Consistently Worsening,0.0,59.8,Monitor,Mexicantown
04,BURGLARY,0,2,2,,Increasing,0,2,2,,2026-09-06,2026-09-19,2026-09-20,2026-10-03,33.333333333333336,Worsening,,50.5,Monitor,Mexicantown
04,LARCENY,2,2,0,0.0,No Change,2,2,0,0.0,2026-09-06,2026-09-19,2026-09-20,2026-10-03,30.0,Worsening,0.0,25.8,Monitor,Mexicantown
04,DAMAGE TO PROPERTY,0,1,1,,Increasing,0,1,1,,2026-09-06,2026-09-19,2026-09-20,2026-10-03,0.0,Stable,,24.5,Monitor,Mexicantown
04,ROBBERY,0,1,1,,Increasing,0,1,1,,2026-09-06,2026-09-19,2026-09-20,2026-10-03,,Worsening,,24.5,Monitor,Mexicantown
04,SEXUAL ASSAULT,0,1,1,,Increasing,0,1,1,,2026-09-06,2026-09-19,2026-09-20,2026-10-03,,Worsening,,24.5,Monitor,Mexicantown
04,FRAUD,1,0,-1,-100.0,Decreasing,1,0,-1,-100.0,2026-09-06,2026-09-19,2026-09-20,2026-10-03,200.0,Worsening,0.0,10.0,Monitor,Mexicantown
04,AGGRAVATED ASSAULT,0,1,1,,Increasing,0,1,1,,2026-09-05,2026-09-18,2026-09-19,2026-10-02,300.0,Worsening,,67.0,Monitor,Michigan-Martin
04,ARSON,0,1,1,,Increasing,0,1,1,,2026-09-05,2026-09-18,2026-09-19,2026-10-02,0.0,Stable,,57.0,Monitor,Michigan-Martin
04,DAMAGE TO PROPERTY,3,1,-2,-66.67,Decreasing,3,1,-2,-66.67,2026-09-05,2026-09-18,2026-09-19,2026-10-02,125.0,Worsening,0.0,35.0,Monitor,Michigan-Martin
04,LARCENY,1,1,0,0.0,No Change,1,1,0,0.0,2026-09-05,2026-09-18,2026-09-19,2026-10-02,14.285714285714286,Worsening,0.0,27.9,Monitor,Michigan-Martin
04,ASSAULT,1,0,-1,-100.0,Decreasing,1,0,-1,-100.0,2026-09-05,2026-09-18,2026-09-19,2026-10-02,16.666666666666668,Worsening,0.0,3.3,Monitor,Michigan-Martin
03,ASSAULT,12,16,4,33.33,Increasing,12,16,4,33.33,2026-09-09,2026-09-22,2026-09-23,2026-10-06,6.642066420664206,Worsening,0.0,60.3,Watch,Midtown
03,LARCENY,19,23,4,21.05,Increasing,19,23,4,21.05,2026-09-09,2026-09-22,2026-09-23,2026-10-06,-10.989010989010989,Improving,0.0,59.2,Watch,Midtown
03,DAMAGE TO PROPERTY,12,5,-7,-58.33,Decreasing,12,5,-7,-58.33,2026-09-09,2026-09-22,2026-09-23,2026-10-06,-16.595744680851062,Improving,0.0,14.1,Recent Improvement,Midtown
03,AGGRAVATED ASSAULT,1,3,2,200.0,Increasing,1,3,2,200.0,2026-09-09,2026-09-22,2026-09-23,2026-10-06,27.272727272727273,Worsening,0.0,51.4,Monitor,Midtown
03,DANGEROUS DRUGS,0,2,2,,Increasing,0,2,2,,2026-09-09,2026-09-22,2026-09-23,2026-10-06,30.0,Worsening,,33.6,Monitor,Midtown
03,ROBBERY,0,2,2,,Increasing,0,2,2,,2026-09-09,2026-09-22,2026-09-23,2026-10-06,-48.275862068965516,Improving,,27.6,Monitor,Midtown
03,HEALTH AND SAFETY,0,1,1,,Increasing,0,1,1,,2026-09-09,2026-09-22,2026-09-23,2026-10-06,200.0,Consistently Worsening,,25.0,Monitor,Midtown
03,OBSTRUCTING THE POLICE,0,1,1,,Increasing,0,1,1,,2026-09-09,2026-09-22,2026-09-23,2026-10-06,52.0,Consistently Worsening,,25.0,Monitor,Midtown
03,INVASION OF PRIVACY -OTHER,2,2,0,0.0,No Change,2,2,0,0.0,2026-09-09,2026-09-22,2026-09-23,2026-10-06,666.6666666666666,Worsening,0.0,18.6,Monitor,Midtown
03,FRAUD,8,3,-5,-62.5,Decreasing,8,3,-5,-62.5,2026-09-09,2026-09-22,2026-09-23,2026-10-06,24.107142857142858,Worsening,0.0,15.7,Monitor,Midtown
03,DISORDERLY CONDUCT,0,1,1,,Increasing,0,1,1,,2026-09-09,2026-09-22,2026-09-23,2026-10-06,0.0,Stable,,15.0,Monitor,Midtown
03,LIQUOR,1,0,-1,-100.0,Decreasing,1,0,-1,-100.0,2026-09-09,2026-09-22,2026-09-23,2026-10-06,100.0,Consistently Worsening,0.0,10.0,Monitor,Midtown
03,OBSTRUCTING JUDICIARY,1,1,0,0.0,No Change,1,1,0,0.0,2026-09-09,2026-09-22,2026-09-23,2026-10-06,-12.5,Improving,0.0,5.5,Monitor,Midtown
03,STOLEN VEHICLE,6,1,-5,-83.33,Decreasing,6,1,-5,-83.33,2026-09-09,2026-09-22,2026-09-23,2026-10-06,-7.608695652173913,Consistently Improving,0.0,5.5,Monitor,Midtown
03,BURGLARY,1,0,-1,-100.0,Decreasing,1,0,-1,-100.0,2026-09-09,2026-09-22,2026-09-23,2026-10-06,-30.88235294117647,Improving,0.0,0.0,Monitor,Midtown
03,OUIL,2,0,-2,-100.0,Decreasing,2,0,-2,-100.0,2026-09-09,2026-09-22,2026-09-23,2026-10-06,-9.090909090909092,Improving,0.0,0.0,Monitor,Midtown
02,ASSAULT,3,7,4,133.33,Increasing,12,12,0,0.0,2026-09-08,2026-09-21,2026-09-22,2026-10-05,2.5974025974025974,Worsening,133.33,90.5,Watch,Midwest
02,LARCENY,2,4,2,100.0,Increasing,7,9,2,28.57,2026-09-08,2026-09-21,2026-09-22,2026-10-05,38.297872340425535,Consistently Worsening,71.43,77.0,Monitor,Midwest
02,BURGLARY,1,3,2,200.0,Increasing,7,7,0,0.0,2026-09-08,2026-09-21,2026-09-22,2026-10-05,95.45454545454545,Worsening,200.0,76.7,Monitor,Midwest
10,DANGEROUS DRUGS,0,4,4,,Increasing,0,5,5,,2026-09-08,2026-09-21,2026-09-22,2026-10-05,155.55555555555554,Consistently Worsening,,67.3,Monitor,Midwest
10,AGGRAVATED ASSAULT,3,4,1,33.33,Increasing,6,5,-1,-16.67,2026-09-08,2026-09-21,2026-09-22,2026-10-05,26.829268292682926,Consistently Worsening,50.0,53.9,Monitor,Midwest
10,ASSAULT,8,5,-3,-37.5,Decreasing,12,12,0,0.0,2026-09-08,2026-09-21,2026-09-22,2026-10-05,54.43037974683544,Worsening,-37.5,31.5,Monitor,Midwest
02,DANGEROUS DRUGS,0,1,1,,Increasing,0,5,5,,2026-09-08,2026-09-21,2026-09-22,2026-10-05,66.66666666666667,Worsening,,27.8,Monitor,Midwest
10,LARCENY,5,5,0,0.0,No Change,7,9,2,28.57,2026-09-08,2026-09-21,2026-09-22,2026-10-05,27.868852459016395,Worsening,-28.57,27.1,Monitor,Midwest
02,DAMAGE TO PROPERTY,1,1,0,0.0,No Change,8,4,-4,-50.0,2026-09-08,2026-09-21,2026-09-22,2026-10-05,-10.416666666666666,Improving,50.0,23.3,Monitor,Midwest
02,OBSTRUCTING THE POLICE,0,1,1,,Increasing,1,2,1,100.0,2026-09-08,2026-09-21,2026-09-22,2026-10-05,12.5,Consistently Worsening,,20.3,Monitor,Midwest
10,BURGLARY,5,4,-1,-20.0,Decreasing,7,7,0,0.0,2026-09-08,2026-09-21,2026-09-22,2026-10-05,-8.19672131147541,Improving,-20.0,19.3,Monitor,Midwest
10,DAMAGE TO PROPERTY,6,3,-3,-50.0,Decreasing,8,4,-4,-50.0,2026-09-08,2026-09-21,2026-09-22,2026-10-05,12.698412698412698,Consistently Worsening,0.0,19.2,Monitor,Midwest
02,STOLEN VEHICLE,0,1,1,,Increasing,2,1,-1,-50.0,2026-09-08,2026-09-21,2026-09-22,2026-10-05,-34.375,Improving,,17.8,Monitor,Midwest
03,FRAUD,0,1,1,,Increasing,1,1,0,0.0,2026-09-08,2026-09-21,2026-09-22,2026-10-05,-83.33333333333333,Improving,,17.8,Monitor,Midwest
10,DISORDERLY CONDUCT,0,1,1,,Increasing,0,1,1,,2026-09-08,2026-09-21,2026-09-22,2026-10-05,,Worsening,,17.8,Monitor,Midwest
10,OBSTRUCTING THE POLICE,0,1,1,,Increasing,1,2,1,100.0,2026-09-08,2026-09-21,2026-09-22,2026-10-05,-33.333333333333336,Improving,,17.8,Monitor,Midwest
10,RUNAWAY,0,1,1,,Increasing,1,1,0,0.0,2026-09-08,2026-09-21,2026-09-22,2026-10-05,0.0,Stable,,17.8,Monitor,Midwest
10,STOLEN PROPERTY,3,1,-2,-66.67,Decreasing,3,1,-2,-66.67,2026-09-08,2026-09-21,2026-09-22,2026-10-05,22.22222222222222,Consistently Worsening,0.0,12.8,Monitor,Midwest
02,RUNAWAY,1,0,-1,-100.0,Decreasing,1,1,0,0.0,2026-09-08,2026-09-21,2026-09-22,2026-10-05,150.0,Worsening,-100.0,10.0,Monitor,Midwest
03,AGGRAVATED ASSAULT,1,0,-1,-100.0,Decreasing,6,5,-1,-16.67,2026-09-08,2026-09-21,2026-09-22,2026-10-05,100.0,Worsening,-83.33,10.0,Monitor,Midwest
03,OBSTRUCTING THE POLICE,1,0,-1,-100.0,Decreasing,1,2,1,100.0,2026-09-08,2026-09-21,2026-09-22,2026-10-05,200.0,Consistently Worsening,-200.0,10.0,Monitor,Midwest
03,ASSAULT,1,0,-1,-100.0,Decreasing,12,12,0,0.0,2026-09-08,2026-09-21,2026-09-22,2026-10-05,43.75,Consistently Worsening,-100.0,8.8,Monitor,Midwest
02,AGGRAVATED ASSAULT,2,1,-1,-50.0,Decreasing,6,5,-1,-16.67,2026-09-08,2026-09-21,2026-09-22,2026-10-05,-21.875,Improving,-33.33,8.3,Monitor,Midwest
10,ROBBERY,1,0,-1,-100.0,Decreasing,1,0,-1,-100.0,2026-09-08,2026-09-21,2026-09-22,2026-10-05,40.0,Worsening,0.0,8.0,Monitor,Midwest
02,FRAUD,1,0,-1,-100.0,Decreasing,1,1,0,0.0,2026-09-08,2026-09-21,2026-09-22,2026-10-05,-12.5,Consistently Improving,-100.0,0.0,Monitor,Midwest
03,BURGLARY,1,0,-1,-100.0,Decreasing,7,7,0,0.0,2026-09-08,2026-09-21,2026-09-22,2026-10-05,-16.666666666666668,Improving,-100.0,0.0,Monitor,Midwest
03,DAMAGE TO PROPERTY,1,0,-1,-100.0,Decreasing,8,4,-4,-50.0,2026-09-08,2026-09-21,2026-09-22,2026-10-05,0.0,Stable,-50.0,0.0,Monitor,Midwest
03,OBSTRUCTING JUDICIARY,1,0,-1,-100.0,Decreasing,1,0,-1,-100.0,2026-09-08,2026-09-21,2026-09-22,2026-10-05,0.0,Stable,0.0,0.0,Monitor,Midwest
10,STOLEN VEHICLE,2,0,-2,-100.0,Decreasing,2,1,-1,-50.0,2026-09-08,2026-09-21,2026-09-22,2026-10-05,-39.473684210526315,Consistently Improving,-50.0,0.0,Monitor,Midwest
10,WEAPONS OFFENSES,1,0,-1,-100.0,Decreasing,1,0,-1,-100.0,2026-09-08,2026-09-21,2026-09-22,2026-10-05,-30.0,Improving,0.0,0.0,Monitor,Midwest
08,STOLEN PROPERTY,0,2,2,,Increasing,0,2,2,,2026-09-08,2026-09-21,2026-09-22,2026-10-05,100.0,Worsening,,69.0,Monitor,Miller Grove
08,ASSAULT,1,2,1,100.0,Increasing,1,2,1,100.0,2026-09-08,2026-09-21,2026-09-22,2026-10-05,-17.857142857142858,Consistently Improving,0.0,60.0,Monitor,Miller Grove
08,LARCENY,0,1,1,,Increasing,0,1,1,,2026-09-08,2026-09-21,2026-09-22,2026-10-05,0.0,Stable,,32.8,Monitor,Miller Grove
08,ROBBERY,0,1,1,,Increasing,0,1,1,,2026-09-08,2026-09-21,2026-09-22,2026-10-05,0.0,Stable,,32.8,Monitor,Miller Grove
08,DAMAGE TO PROPERTY,1,1,0,0.0,No Change,1,1,0,0.0,2026-09-08,2026-09-21,2026-09-22,2026-10-05,56.25,Worsening,0.0,25.8,Monitor,Miller Grove
08,STOLEN VEHICLE,1,1,0,0.0,No Change,1,1,0,0.0,2026-09-08,2026-09-21,2026-09-22,2026-10-05,-50.0,Consistently Improving,0.0,15.8,Monitor,Miller Grove
08,FRAUD,1,0,-1,-100.0,Decreasing,1,0,-1,-100.0,2026-09-08,2026-09-21,2026-09-22,2026-10-05,-7.142857142857143,Improving,0.0,0.0,Monitor,Miller Grove
03,STOLEN VEHICLE,0,2,2,,Increasing,0,2,2,,2026-09-08,2026-09-21,2026-09-22,2026-10-05,-22.22222222222222,Consistently Improving,,59.0,Monitor,Milwaukee Junction
03,ASSAULT,0,1,1,,Increasing,0,1,1,,2026-09-08,2026-09-21,2026-09-22,2026-10-05,41.666666666666664,Worsening,,41.1,Monitor,Milwaukee Junction
03,LARCENY,2,2,0,0.0,No Change,3,2,-1,-33.33,2026-09-08,2026-09-21,2026-09-22,2026-10-05,18.51851851851852,Consistently Worsening,33.33,38.7,Monitor,Milwaukee Junction
03,OBSTRUCTING THE POLICE,0,1,1,,Increasing,0,1,1,,2026-09-08,2026-09-21,2026-09-22,2026-10-05,0.0,Stable,,32.8,Monitor,Milwaukee Junction
03,ROBBERY,0,1,1,,Increasing,0,1,1,,2026-09-08,2026-09-21,2026-09-22,2026-10-05,,Worsening,,32.8,Monitor,Milwaukee Junction
03,DAMAGE TO PROPERTY,1,1,0,0.0,No Change,1,1,0,0.0,2026-09-08,2026-09-21,2026-09-22,2026-10-05,58.333333333333336,Worsening,0.0,25.8,Monitor,Milwaukee Junction
03,AGGRAVATED ASSAULT,1,1,0,0.0,No Change,1,1,0,0.0,2026-09-08,2026-09-21,2026-09-22,2026-10-05,-28.571428571428573,Improving,0.0,15.8,Monitor,Milwaukee Junction
03,SEX OFFENSES,1,0,-1,-100.0,Decreasing,1,0,-1,-100.0,2026-09-08,2026-09-21,2026-09-22,2026-10-05,,Worsening,0.0,0.0,Monitor,Milwaukee Junction
07,LARCENY,1,0,-1,-100.0,Decreasing,3,2,-1,-33.33,2026-09-08,2026-09-21,2026-09-22,2026-10-05,-50.0,Improving,-66.67,0.0,Monitor,Milwaukee Junction
08,STOLEN VEHICLE,0,1,1,,Increasing,0,1,1,,2026-09-07,2026-09-20,2026-09-21,2026-10-04,60.0,Worsening,,67.0,Monitor,Minock Park
08,ASSAULT,0,1,1,,Increasing,0,1,1,,2026-09-07,2026-09-20,2026-09-21,2026-10-04,20.0,Worsening,,61.0,Monitor,Minock Park
08,DAMAGE TO PROPERTY,0,1,1,,Increasing,0,1,1,,2026-09-07,2026-09-20,2026-09-21,2026-10-04,10.0,Consistently Worsening,,59.0,Monitor,Minock Park
08,FRAUD,0,1,1,,Increasing,0,1,1,,2026-09-07,2026-09-20,2026-09-21,2026-10-04,-45.45454545454545,Improving,,57.0,Monitor,Minock Park
08,AGGRAVATED ASSAULT,1,0,-1,-100.0,Decreasing,1,0,-1,-100.0,2026-09-07,2026-09-20,2026-09-21,2026-10-04,0.0,Stable,0.0,0.0,Monitor,Minock Park
09,LARCENY,1,5,4,400.0,Increasing,1,5,4,400.0,2026-09-08,2026-09-21,2026-09-22,2026-10-05,-12.820512820512821,Improving,0.0,75.0,Watch,Mohican Regent
09,ASSAULT,2,3,1,50.0,Increasing,2,3,1,50.0,2026-09-08,2026-09-21,2026-09-22,2026-10-05,0.0,Stable,0.0,36.8,Monitor,Mohican Regent
09,BURGLARY,0,2,2,,Increasing,0,2,2,,2026-09-08,2026-09-21,2026-09-22,2026-10-05,4.3478260869565215,Worsening,,35.2,Monitor,Mohican Regent
09,OBSTRUCTING THE POLICE,0,1,1,,Increasing,0,1,1,,2026-09-08,2026-09-21,2026-09-22,2026-10-05,100.0,Consistently Worsening,,29.2,Monitor,Mohican Regent
09,WEAPONS OFFENSES,0,1,1,,Increasing,0,1,1,,2026-09-08,2026-09-21,2026-09-22,2026-10-05,46.15384615384615,Worsening,,28.4,Monitor,Mohican Regent
09,FRAUD,3,3,0,0.0,No Change,3,3,0,0.0,2026-09-08,2026-09-21,2026-09-22,2026-10-05,0.0,Stable,0.0,19.3,Monitor,Mohican Regent
09,SEXUAL ASSAULT,0,1,1,,Increasing,0,1,1,,2026-09-08,2026-09-21,2026-09-22,2026-10-05,-50.0,Improving,,19.2,Monitor,Mohican Regent
09,DAMAGE TO PROPERTY,2,1,-1,-50.0,Decreasing,2,1,-1,-50.0,2026-09-08,2026-09-21,2026-09-22,2026-10-05,28.125,Worsening,0.0,15.3,Monitor,Mohican Regent
09,ROBBERY,1,0,-1,-100.0,Decreasing,1,0,-1,-100.0,2026-09-08,2026-09-21,2026-09-22,2026-10-05,100.0,Worsening,0.0,10.0,Monitor,Mohican Regent
09,AGGRAVATED ASSAULT,1,0,-1,-100.0,Decreasing,1,0,-1,-100.0,2026-09-08,2026-09-21,2026-09-22,2026-10-05,10.344827586206897,Consistently Worsening,0.0,2.1,Monitor,Mohican Regent
09,STOLEN PROPERTY,2,0,-2,-100.0,Decreasing,2,0,-2,-100.0,2026-09-08,2026-09-21,2026-09-22,2026-10-05,0.0,Stable,0.0,0.0,Monitor,Mohican Regent
05,DAMAGE TO PROPERTY,5,9,4,80.0,Increasing,5,9,4,80.0,2026-09-09,2026-09-22,2026-09-23,2026-10-06,-10.94890510948905,Improving,0.0,71.0,Watch,Morningside
05,ASSAULT,6,9,3,50.0,Increasing,6,9,3,50.0,2026-09-09,2026-09-22,2026-09-23,2026-10-06,-10.9375,Improving,0.0,57.5,Watch,Morningside
05,FRAUD,1,3,2,200.0,Increasing,1,3,2,200.0,2026-09-09,2026-09-22,2026-09-23,2026-10-06,-19.318181818181817,Improving,0.0,50.1,Monitor,Morningside
05,STOLEN VEHICLE,2,3,1,50.0,Increasing,2,3,1,50.0,2026-09-09,2026-09-22,2026-09-23,2026-10-06,-24.210526315789473,Consistently Improving,0.0,32.6,Monitor,Morningside
05,OUIL,0,2,2,,Increasing,0,2,2,,2026-09-09,2026-09-22,2026-09-23,2026-10-06,-20.0,Improving,,30.9,Monitor,Morningside
05,BURGLARY,6,3,-3,-50.0,Decreasing,6,3,-3,-50.0,2026-09-09,2026-09-22,2026-09-23,2026-10-06,0.0,Stable,0.0,15.1,Monitor,Morningside
05,AGGRAVATED ASSAULT,3,2,-1,-33.33,Decreasing,3,2,-1,-33.33,2026-09-09,2026-09-22,2026-09-23,2026-10-06,-15.730337078651685,Consistently Improving,0.0,11.9,Monitor,Morningside
05,FAMILY OFFENSE,2,0,-2,-100.0,Decreasing,2,0,-2,-100.0,2026-09-09,2026-09-22,2026-09-23,2026-10-06,83.33333333333333,Consistently Worsening,0.0,10.0,Monitor,Morningside
05,LARCENY,4,1,-3,-75.0,Decreasing,4,1,-3,-75.0,2026-09-09,2026-09-22,2026-09-23,2026-10-06,-8.695652173913043,Improving,0.0,7.5,Monitor,Morningside
05,OBSTRUCTING JUDICIARY,1,1,0,0.0,No Change,1,1,0,0.0,2026-09-09,2026-09-22,2026-09-23,2026-10-06,-25.0,Improving,0.0,7.5,Monitor,Morningside
05,SEXUAL ASSAULT,1,0,-1,-100.0,Decreasing,1,0,-1,-100.0,2026-09-09,2026-09-22,2026-09-23,2026-10-06,-42.857142857142854,Improving,0.0,0.0,Monitor,Morningside
05,WEAPONS OFFENSES,1,0,-1,-100.0,Decreasing,1,0,-1,-100.0,2026-09-09,2026-09-22,2026-09-23,2026-10-06,-34.285714285714285,Consistently Improving,0.0,0.0,Monitor,Morningside
09,ASSAULT,5,9,4,80.0,Increasing,5,9,4,80.0,2026-09-09,2026-09-22,2026-09-23,2026-10-06,-8.108108108108109,Improving,0.0,65.0,Watch,Moross-Morang
09,AGGRAVATED ASSAULT,0,5,5,,Increasing,0,5,5,,2026-09-09,2026-09-22,2026-09-23,2026-10-06,5.714285714285714,Consistently Worsening,,60.6,Watch,Moross-Morang
09,DAMAGE TO PROPERTY,3,5,2,66.67,Increasing,3,5,2,66.67,2026-09-09,2026-09-22,2026-09-23,2026-10-06,-18.085106382978722,Consistently Improving,0.0,44.8,Watch,Moross-Morang
09,STOLEN VEHICLE,0,3,3,,Increasing,0,3,3,,2026-09-09,2026-09-22,2026-09-23,2026-10-06,-41.333333333333336,Consistently Improving,,39.1,Monitor,Moross-Morang
09,BURGLARY,1,2,1,100.0,Increasing,1,2,1,100.0,2026-09-09,2026-09-22,2026-09-23,2026-10-06,-40.84507042253521,Improving,0.0,37.9,Monitor,Moross-Morang
09,OBSTRUCTING JUDICIARY,0,2,2,,Increasing,0,2,2,,2026-09-09,2026-09-22,2026-09-23,2026-10-06,266.6666666666667,Worsening,,37.9,Monitor,Moross-Morang
09,FRAUD,0,1,1,,Increasing,0,1,1,,2026-09-09,2026-09-22,2026-09-23,2026-10-06,-48.648648648648646,Improving,,15.5,Monitor,Moross-Morang
09,DANGEROUS DRUGS,2,1,-1,-50.0,Decreasing,2,1,-1,-50.0,2026-09-09,2026-09-22,2026-09-23,2026-10-06,33.333333333333336,Consistently Worsening,0.0,14.2,Monitor,Moross-Morang
09,KIDNAPPING,1,0,-1,-100.0,Decreasing,1,0,-1,-100.0,2026-09-09,2026-09-22,2026-09-23,2026-10-06,150.0,Consistently Worsening,0.0,10.0,Monitor,Moross-Morang
09,LARCENY,5,1,-4,-80.0,Decreasing,5,1,-4,-80.0,2026-09-09,2026-09-22,2026-09-23,2026-10-06,-21.428571428571427,Improving,0.0,7.5,Monitor,Moross-Morang
09,WEAPONS OFFENSES,2,1,-1,-50.0,Decreasing,2,1,-1,-50.0,2026-09-09,2026-09-22,2026-09-23,2026-10-06,-5.714285714285714,Improving,0.0,7.5,Monitor,Moross-Morang
09,EXTORTION,1,0,-1,-100.0,Decreasing,1,0,-1,-100.0,2026-09-09,2026-09-22,2026-09-23,2026-10-06,,Worsening,0.0,0.0,Monitor,Moross-Morang
09,OBSTRUCTING THE POLICE,1,0,-1,-100.0,Decreasing,1,0,-1,-100.0,2026-09-09,2026-09-22,2026-09-23,2026-10-06,-5.555555555555555,Improving,0.0,0.0,Monitor,Moross-Morang
09,RUNAWAY,1,0,-1,-100.0,Decreasing,1,0,-1,-100.0,2026-09-09,2026-09-22,2026-09-23,2026-10-06,-54.83870967741935,Improving,0.0,0.0,Monitor,Moross-Morang
09,SEXUAL ASSAULT,1,0,-1,-100.0,Decreasing,1,0,-1,-100.0,2026-09-09,2026-09-22,2026-09-23,2026-10-06,0.0,Stable,0.0,0.0,Monitor,Moross-Morang
09,STOLEN PROPERTY,3,0,-3,-100.0,Decreasing,3,0,-3,-100.0,2026-09-09,2026-09-22,2026-09-23,2026-10-06,-61.36363636363637,Consistently Improving,0.0,0.0,Monitor,Moross-Morang
09,BURGLARY,0,3,3,,Increasing,0,3,3,,2026-09-08,2026-09-21,2026-09-22,2026-10-05,-56.25,Improving,,61.0,Monitor,Mount Olivet
11,LARCENY,0,3,3,,Increasing,2,4,2,100.0,2026-09-08,2026-09-21,2026-09-22,2026-10-05,-40.0,Consistently Improving,,61.0,Monitor,Mount Olivet
11,AGGRAVATED ASSAULT,0,2,2,,Increasing,0,3,3,,2026-09-08,2026-09-21,2026-09-22,2026-10-05,90.0,Consistently Worsening,,53.8,Monitor,Mount Olivet
09,ASSAULT,1,2,1,100.0,Increasing,1,2,1,100.0,2026-09-08,2026-09-21,2026-09-22,2026-10-05,-16.216216216216218,Improving,0.0,49.8,Monitor,Mount Olivet
09,STOLEN VEHICLE,1,2,1,100.0,Increasing,1,2,1,100.0,2026-09-08,2026-09-21,2026-09-22,2026-10-05,-5.555555555555555,Improving,0.0,49.8,Monitor,Mount Olivet
11,OBSTRUCTING THE POLICE,1,1,0,0.0,No Change,2,1,-1,-50.0,2026-09-08,2026-09-21,2026-09-22,2026-10-05,200.0,Worsening,50.0,37.5,Monitor,Mount Olivet
09,AGGRAVATED ASSAULT,0,1,1,,Increasing,0,3,3,,2026-09-08,2026-09-21,2026-09-22,2026-10-05,-11.11111111111111,Consistently Improving,,24.5,Monitor,Mount Olivet
09,HEALTH AND SAFETY,0,1,1,,Increasing,0,1,1,,2026-09-08,2026-09-21,2026-09-22,2026-10-05,,Worsening,,24.5,Monitor,Mount Olivet
11,DANGEROUS DRUGS,0,1,1,,Increasing,0,1,1,,2026-09-08,2026-09-21,2026-09-22,2026-10-05,-44.44444444444444,Improving,,24.5,Monitor,Mount Olivet
11,KIDNAPPING,0,1,1,,Increasing,0,1,1,,2026-09-08,2026-09-21,2026-09-22,2026-10-05,,Worsening,,24.5,Monitor,Mount Olivet
09,LARCENY,2,1,-1,-50.0,Decreasing,2,4,2,100.0,2026-09-08,2026-09-21,2026-09-22,2026-10-05,-10.526315789473685,Improving,-150.0,12.5,Monitor,Mount Olivet
09,DAMAGE TO PROPERTY,6,0,-6,-100.0,Decreasing,6,0,-6,-100.0,2026-09-08,2026-09-21,2026-09-22,2026-10-05,89.47368421052632,Worsening,0.0,10.0,Monitor,Mount Olivet
11,FRAUD,3,0,-3,-100.0,Decreasing,3,0,-3,-100.0,2026-09-08,2026-09-21,2026-09-22,2026-10-05,181.8181818181818,Worsening,0.0,10.0,Monitor,Mount Olivet
11,ROBBERY,1,0,-1,-100.0,Decreasing,1,0,-1,-100.0,2026-09-08,2026-09-21,2026-09-22,2026-10-05,50.0,Consistently Worsening,0.0,10.0,Monitor,Mount Olivet
09,OBSTRUCTING THE POLICE,1,0,-1,-100.0,Decreasing,2,1,-1,-50.0,2026-09-08,2026-09-21,2026-09-22,2026-10-05,-85.71428571428571,Improving,-50.0,0.0,Monitor,Mount Olivet
11,FAMILY OFFENSE,1,0,-1,-100.0,Decreasing,1,0,-1,-100.0,2026-09-08,2026-09-21,2026-09-22,2026-10-05,,Worsening,0.0,0.0,Monitor,Mount Olivet
03,DAMAGE TO PROPERTY,0,5,5,,Increasing,0,5,5,,2026-09-09,2026-09-22,2026-09-23,2026-10-06,150.0,Worsening,,75.0,Watch,NW Goldberg
03,LARCENY,1,3,2,200.0,Increasing,1,3,2,200.0,2026-09-09,2026-09-22,2026-09-23,2026-10-06,25.925925925925927,Consistently Worsening,0.0,56.5,Monitor,NW Goldberg
03,AGGRAVATED ASSAULT,0,3,3,,Increasing,0,3,3,,2026-09-09,2026-09-22,2026-09-23,2026-10-06,84.61538461538461,Worsening,,53.3,Monitor,NW Goldberg
03,BURGLARY,1,3,2,200.0,Increasing,1,3,2,200.0,2026-09-09,2026-09-22,2026-09-23,2026-10-06,-18.75,Improving,0.0,51.3,Monitor,NW Goldberg
03,SEX OFFENSES,0,1,1,,Increasing,0,1,1,,2026-09-09,2026-09-22,2026-09-23,2026-10-06,100.0,Worsening,,27.7,Monitor,NW Goldberg
03,ASSAULT,1,1,0,0.0,No Change,2,1,-1,-50.0,2026-09-09,2026-09-22,2026-09-23,2026-10-06,-9.090909090909092,Improving,50.0,24.7,Monitor,NW Goldberg
03,STOLEN VEHICLE,0,1,1,,Increasing,0,1,1,,2026-09-09,2026-09-22,2026-09-23,2026-10-06,-12.5,Consistently Improving,,17.7,Monitor,NW Goldberg
03,WEAPONS OFFENSES,0,1,1,,Increasing,0,1,1,,2026-09-09,2026-09-22,2026-09-23,2026-10-06,-25.0,Consistently Improving,,17.7,Monitor,NW Goldberg
03,HEALTH AND SAFETY,1,0,-1,-100.0,Decreasing,1,0,-1,-100.0,2026-09-09,2026-09-22,2026-09-23,2026-10-06,300.0,Consistently Worsening,0.0,10.0,Monitor,NW Goldberg
03,DANGEROUS DRUGS,1,1,0,0.0,No Change,1,1,0,0.0,2026-09-09,2026-09-22,2026-09-23,2026-10-06,-12.5,Improving,0.0,9.7,Monitor,NW Goldberg
03,FRAUD,1,1,0,0.0,No Change,1,1,0,0.0,2026-09-09,2026-09-22,2026-09-23,2026-10-06,-34.883720930232556,Consistently Improving,0.0,9.7,Monitor,NW Goldberg
03,DISORDERLY CONDUCT,2,0,-2,-100.0,Decreasing,2,0,-2,-100.0,2026-09-09,2026-09-22,2026-09-23,2026-10-06,,Worsening,0.0,0.0,Monitor,NW Goldberg
10,ASSAULT,1,0,-1,-100.0,Decreasing,2,1,-1,-50.0,2026-09-09,2026-09-22,2026-09-23,2026-10-06,-50.0,Consistently Improving,-50.0,0.0,Monitor,NW Goldberg
10,STOLEN VEHICLE,1,2,1,100.0,Increasing,1,2,1,100.0,2026-09-10,2026-09-23,2026-09-24,2026-10-07,-32.35294117647059,Consistently Improving,0.0,52.1,Monitor,Nardin Park
10,INVASION OF PRIVACY -OTHER,0,2,2,,Increasing,0,2,2,,2026-09-10,2026-09-23,2026-09-24,2026-10-07,,Worsening,,51.1,Monitor,Nardin Park
10,BURGLARY,0,1,1,,Increasing,0,1,1,,2026-09-10,2026-09-23,2026-09-24,2026-10-07,40.0,Consistently Worsening,,35.8,Monitor,Nardin Park
10,SEXUAL ASSAULT,0,1,1,,Increasing,0,1,1,,2026-09-10,2026-09-23,2026-09-24,2026-10-07,0.0,Stable,,27.8,Monitor,Nardin Park
10,ASSAULT,6,4,-2,-33.33,Decreasing,6,4,-2,-33.33,2026-09-10,2026-09-23,2026-09-24,2026-10-07,8.148148148148149,Consistently Worsening,0.0,26.6,Monitor,Nardin Park
10,AGGRAVATED ASSAULT,3,3,0,0.0,No Change,3,3,0,0.0,2026-09-10,2026-09-23,2026-09-24,2026-10-07,-10.9375,Improving,0.0,21.5,Monitor,Nardin Park
10,WEAPONS OFFENSES,1,1,0,0.0,No Change,1,1,0,0.0,2026-09-10,2026-09-23,2026-09-24,2026-10-07,63.1578947368421,Consistently Worsening,0.0,20.8,Monitor,Nardin Park
10,DAMAGE TO PROPERTY,3,1,-2,-66.67,Decreasing,3,1,-2,-66.67,2026-09-10,2026-09-23,2026-09-24,2026-10-07,-24.285714285714285,Improving,0.0,10.8,Monitor,Nardin Park
10,LARCENY,5,1,-4,-80.0,Decreasing,5,1,-4,-80.0,2026-09-10,2026-09-23,2026-09-24,2026-10-07,-20.58823529411765,Improving,0.0,10.8,Monitor,Nardin Park
10,FRAUD,4,0,-4,-100.0,Decreasing,4,0,-4,-100.0,2026-09-10,2026-09-23,2026-09-24,2026-10-07,30.952380952380953,Worsening,0.0,6.2,Monitor,Nardin Park
10,STOLEN PROPERTY,2,0,-2,-100.0,Decreasing,2,0,-2,-100.0,2026-09-10,2026-09-23,2026-09-24,2026-10-07,21.428571428571427,Consistently Worsening,0.0,4.3,Monitor,Nardin Park
10,OUIL,2,0,-2,-100.0,Decreasing,2,0,-2,-100.0,2026-09-10,2026-09-23,2026-09-24,2026-10-07,0.0,Stable,0.0,0.0,Monitor,Nardin Park
10,SEX OFFENSES,1,0,-1,-100.0,Decreasing,1,0,-1,-100.0,2026-09-10,2026-09-23,2026-09-24,2026-10-07,-20.0,Improving,0.0,0.0,Monitor,Nardin Park
03,BURGLARY,0,1,1,,Increasing,0,1,1,,2026-09-09,2026-09-22,2026-09-23,2026-10-06,-50.0,Improving,,42.8,Monitor,New Center
03,WEAPONS OFFENSES,0,1,1,,Increasing,0,1,1,,2026-09-09,2026-09-22,2026-09-23,2026-10-06,-66.66666666666667,Improving,,42.8,Monitor,New Center
03,LARCENY,5,4,-1,-20.0,Decreasing,5,4,-1,-20.0,2026-09-09,2026-09-22,2026-09-23,2026-10-06,0.0,Stable,0.0,25.0,Monitor,New Center
03,ASSAULT,6,1,-5,-83.33,Decreasing,6,1,-5,-83.33,2026-09-09,2026-09-22,2026-09-23,2026-10-06,45.45454545454545,Worsening,0.0,19.9,Monitor,New Center
03,FRAUD,2,1,-1,-50.0,Decreasing,2,1,-1,-50.0,2026-09-09,2026-09-22,2026-09-23,2026-10-06,-26.829268292682926,Improving,0.0,10.8,Monitor,New Center
03,OBSTRUCTING JUDICIARY,1,0,-1,-100.0,Decreasing,1,0,-1,-100.0,2026-09-09,2026-09-22,2026-09-23,2026-10-06,300.0,Worsening,0.0,10.0,Monitor,New Center
03,DAMAGE TO PROPERTY,1,0,-1,-100.0,Decreasing,1,0,-1,-100.0,2026-09-09,2026-09-22,2026-09-23,2026-10-06,15.0,Worsening,0.0,3.0,Monitor,New Center
03,STOLEN VEHICLE,4,0,-4,-100.0,Decreasing,4,0,-4,-100.0,2026-09-09,2026-09-22,2026-09-23,2026-10-06,6.666666666666667,Worsening,0.0,1.3,Monitor,New Center
03,INVASION OF PRIVACY -OTHER,1,0,-1,-100.0,Decreasing,1,0,-1,-100.0,2026-09-09,2026-09-22,2026-09-23,2026-10-06,,Worsening,0.0,0.0,Monitor,New Center
03,DAMAGE TO PROPERTY,1,5,4,400.0,Increasing,1,5,4,400.0,2026-09-06,2026-09-19,2026-09-20,2026-10-03,30.952380952380953,Consistently Worsening,0.0,81.2,Watch,New Center Commons
03,OBSTRUCTING JUDICIARY,1,2,1,100.0,Increasing,1,2,1,100.0,2026-09-06,2026-09-19,2026-09-20,2026-10-03,700.0,Consistently Worsening,0.0,52.8,Monitor,New Center Commons
03,LARCENY,3,3,0,0.0,No Change,3,3,0,0.0,2026-09-06,2026-09-19,2026-09-20,2026-10-03,7.6923076923076925,Consistently Worsening,0.0,20.9,Monitor,New Center Commons
03,STOLEN VEHICLE,2,2,0,0.0,No Change,2,2,0,0.0,2026-09-06,2026-09-19,2026-09-20,2026-10-03,5.2631578947368425,Worsening,0.0,16.4,Monitor,New Center Commons
03,ASSAULT,3,1,-2,-66.67,Decreasing,3,1,-2,-66.67,2026-09-06,2026-09-19,2026-09-20,2026-10-03,5.47945205479452,Consistently Worsening,0.0,10.8,Monitor,New Center Commons
03,AGGRAVATED ASSAULT,2,1,-1,-50.0,Decreasing,2,1,-1,-50.0,2026-09-06,2026-09-19,2026-09-20,2026-10-03,-24.0,Improving,0.0,9.7,Monitor,New Center Commons
03,BURGLARY,2,1,-1,-50.0,Decreasing,2,1,-1,-50.0,2026-09-06,2026-09-19,2026-09-20,2026-10-03,-27.272727272727273,Consistently Improving,0.0,9.7,Monitor,New Center Commons
03,FRAUD,3,0,-3,-100.0,Decreasing,3,0,-3,-100.0,2026-09-06,2026-09-19,2026-09-20,2026-10-03,20.0,Worsening,0.0,4.0,Monitor,New Center Commons
03,LIQUOR,1,0,-1,-100.0,Decreasing,1,0,-1,-100.0,2026-09-06,2026-09-19,2026-09-20,2026-10-03,,Worsening,0.0,0.0,Monitor,New Center Commons
11,ASSAULT,6,11,5,83.33,Increasing,7,11,4,57.14,2026-09-10,2026-09-23,2026-09-24,2026-10-07,-1.7857142857142858,Stable,26.189999999999998,79.5,Emerging Concern,Nolan
11,AGGRAVATED ASSAULT,5,7,2,40.0,Increasing,5,7,2,40.0,2026-09-10,2026-09-23,2026-09-24,2026-10-07,6.185567010309279,Consistently Worsening,0.0,42.2,Watch,Nolan
11,WEAPONS OFFENSES,1,3,2,200.0,Increasing,1,3,2,200.0,2026-09-10,2026-09-23,2026-09-24,2026-10-07,39.130434782608695,Worsening,0.0,53.8,Monitor,Nolan
11,LARCENY,1,2,1,100.0,Increasing,1,2,1,100.0,2026-09-10,2026-09-23,2026-09-24,2026-10-07,25.925925925925927,Worsening,0.0,42.2,Monitor,Nolan
11,STOLEN PROPERTY,0,2,2,,Increasing,0,2,2,,2026-09-10,2026-09-23,2026-09-24,2026-10-07,23.529411764705884,Worsening,,31.8,Monitor,Nolan
11,DANGEROUS DRUGS,0,2,2,,Increasing,0,2,2,,2026-09-10,2026-09-23,2026-09-24,2026-10-07,-16.666666666666668,Improving,,27.1,Monitor,Nolan
11,OBSTRUCTING JUDICIARY,0,1,1,,Increasing,0,1,1,,2026-09-10,2026-09-23,2026-09-24,2026-10-07,100.0,Consistently Worsening,,25.0,Monitor,Nolan
11,DAMAGE TO PROPERTY,4,2,-2,-50.0,Decreasing,4,2,-2,-50.0,2026-09-10,2026-09-23,2026-09-24,2026-10-07,10.81081081081081,Worsening,0.0,13.2,Monitor,Nolan
11,ARSON,1,0,-1,-100.0,Decreasing,1,0,-1,-100.0,2026-09-10,2026-09-23,2026-09-24,2026-10-07,150.0,Worsening,0.0,10.0,Monitor,Nolan
12,ASSAULT,1,0,-1,-100.0,Decreasing,7,11,4,57.14,2026-09-10,2026-09-23,2026-09-24,2026-10-07,300.0,Worsening,-157.14,10.0,Monitor,Nolan
11,FRAUD,6,1,-5,-83.33,Decreasing,6,1,-5,-83.33,2026-09-10,2026-09-23,2026-09-24,2026-10-07,-34.73053892215569,Consistently Improving,0.0,7.0,Monitor,Nolan
11,STOLEN VEHICLE,1,1,0,0.0,No Change,1,1,0,0.0,2026-09-10,2026-09-23,2026-09-24,2026-10-07,-55.0,Consistently Improving,0.0,7.0,Monitor,Nolan
11,ROBBERY,1,0,-1,-100.0,Decreasing,1,0,-1,-100.0,2026-09-10,2026-09-23,2026-09-24,2026-10-07,27.272727272727273,Worsening,0.0,5.5,Monitor,Nolan
11,BURGLARY,2,0,-2,-100.0,Decreasing,2,0,-2,-100.0,2026-09-10,2026-09-23,2026-09-24,2026-10-07,3.0303030303030303,Worsening,0.0,0.6,Monitor,Nolan
11,ASSAULT,0,3,3,,Increasing,0,3,3,,2026-09-06,2026-09-19,2026-09-20,2026-10-03,7.6923076923076925,Worsening,,62.5,Monitor,North Campau
11,WEAPONS OFFENSES,1,1,0,0.0,No Change,1,1,0,0.0,2026-09-06,2026-09-19,2026-09-20,2026-10-03,500.0,Worsening,0.0,22.5,Monitor,North Campau
11,AGGRAVATED ASSAULT,2,1,-1,-50.0,Decreasing,2,1,-1,-50.0,2026-09-06,2026-09-19,2026-09-20,2026-10-03,-42.857142857142854,Consistently Improving,0.0,12.5,Monitor,North Campau
11,LARCENY,1,1,0,0.0,No Change,1,1,0,0.0,2026-09-06,2026-09-19,2026-09-20,2026-10-03,-6.666666666666667,Improving,0.0,12.5,Monitor,North Campau
11,BURGLARY,1,0,-1,-100.0,Decreasing,1,0,-1,-100.0,2026-09-06,2026-09-19,2026-09-20,2026-10-03,100.0,Worsening,0.0,10.0,Monitor,North Campau
11,DANGEROUS DRUGS,1,0,-1,-100.0,Decreasing,1,0,-1,-100.0,2026-09-06,2026-09-19,2026-09-20,2026-10-03,100.0,Worsening,0.0,10.0,Monitor,North Campau
11,FRAUD,1,0,-1,-100.0,Decreasing,1,0,-1,-100.0,2026-09-06,2026-09-19,2026-09-20,2026-10-03,-35.714285714285715,Improving,0.0,0.0,Monitor,North Campau
11,INVASION OF PRIVACY -OTHER,1,0,-1,-100.0,Decreasing,1,0,-1,-100.0,2026-09-06,2026-09-19,2026-09-20,2026-10-03,,Worsening,0.0,0.0,Monitor,North Campau
03,ASSAULT,1,2,1,100.0,Increasing,1,2,1,100.0,2026-09-08,2026-09-21,2026-09-22,2026-10-05,44.44444444444444,Worsening,0.0,83.9,Monitor,North Corktown
03,FAMILY OFFENSE,0,1,1,,Increasing,0,1,1,,2026-09-08,2026-09-21,2026-09-22,2026-10-05,,Worsening,,47.8,Monitor,North Corktown
03,MISCELLANEOUS,0,1,1,,Increasing,0,1,1,,2026-09-08,2026-09-21,2026-09-22,2026-10-05,,Worsening,,47.8,Monitor,North Corktown
03,STOLEN VEHICLE,0,1,1,,Increasing,0,1,1,,2026-09-08,2026-09-21,2026-09-22,2026-10-05,0.0,Stable,,47.8,Monitor,North Corktown
03,LARCENY,6,2,-4,-66.67,Decreasing,6,2,-4,-66.67,2026-09-08,2026-09-21,2026-09-22,2026-10-05,8.88888888888889,Consistently Worsening,0.0,26.8,Monitor,North Corktown
03,AGGRAVATED ASSAULT,2,0,-2,-100.0,Decreasing,2,0,-2,-100.0,2026-09-08,2026-09-21,2026-09-22,2026-10-05,166.66666666666666,Consistently Worsening,0.0,10.0,Monitor,North Corktown
03,DAMAGE TO PROPERTY,2,0,-2,-100.0,Decreasing,2,0,-2,-100.0,2026-09-08,2026-09-21,2026-09-22,2026-10-05,-19.23076923076923,Improving,0.0,0.0,Monitor,North Corktown
03,INVASION OF PRIVACY -OTHER,1,0,-1,-100.0,Decreasing,1,0,-1,-100.0,2026-09-08,2026-09-21,2026-09-22,2026-10-05,,Worsening,0.0,0.0,Monitor,North Corktown
03,WEAPONS OFFENSES,1,0,-1,-100.0,Decreasing,1,0,-1,-100.0,2026-09-08,2026-09-21,2026-09-22,2026-10-05,,Worsening,0.0,0.0,Monitor,North Corktown
03,LARCENY,5,6,1,20.0,Increasing,5,6,1,20.0,2026-09-09,2026-09-22,2026-09-23,2026-10-06,-16.666666666666668,Improving,0.0,44.0,Watch,North End
03,FRAUD,1,2,1,100.0,Increasing,1,2,1,100.0,2026-09-09,2026-09-22,2026-09-23,2026-10-06,-25.714285714285715,Consistently Improving,0.0,49.1,Monitor,North End
03,OUIL,0,2,2,,Increasing,0,2,2,,2026-09-09,2026-09-22,2026-09-23,2026-10-06,,Worsening,,48.1,Monitor,North End
03,DAMAGE TO PROPERTY,7,3,-4,-57.14,Decreasing,7,3,-4,-57.14,2026-09-09,2026-09-22,2026-09-23,2026-10-06,40.38461538461539,Worsening,0.0,25.9,Monitor,North End
03,BURGLARY,0,1,1,,Increasing,0,1,1,,2026-09-09,2026-09-22,2026-09-23,2026-10-06,-9.67741935483871,Improving,,25.9,Monitor,North End
03,ASSAULT,4,2,-2,-50.0,Decreasing,4,2,-2,-50.0,2026-09-09,2026-09-22,2026-09-23,2026-10-06,3.225806451612903,Worsening,0.0,14.8,Monitor,North End
03,ARSON,1,0,-1,-100.0,Decreasing,1,0,-1,-100.0,2026-09-09,2026-09-22,2026-09-23,2026-10-06,50.0,Worsening,0.0,10.0,Monitor,North End
03,LIQUOR,1,0,-1,-100.0,Decreasing,1,0,-1,-100.0,2026-09-09,2026-09-22,2026-09-23,2026-10-06,,Worsening,0.0,0.0,Monitor,North End
03,STOLEN VEHICLE,2,0,-2,-100.0,Decreasing,2,0,-2,-100.0,2026-09-09,2026-09-22,2026-09-23,2026-10-06,0.0,Stable,0.0,0.0,Monitor,North End
08,DAMAGE TO PROPERTY,0,2,2,,Increasing,0,2,2,,2026-09-08,2026-09-21,2026-09-22,2026-10-05,-21.428571428571427,Consistently Improving,,59.0,Monitor,North Rosedale Park
08,STOLEN VEHICLE,0,1,1,,Increasing,0,1,1,,2026-09-08,2026-09-21,2026-09-22,2026-10-05,13.636363636363637,Worsening,,35.5,Monitor,North Rosedale Park
08,LARCENY,2,1,-1,-50.0,Decreasing,2,1,-1,-50.0,2026-09-08,2026-09-21,2026-09-22,2026-10-05,-2.6315789473684212,Consistently Improving,0.0,15.8,Monitor,North Rosedale Park
08,SEX OFFENSES,1,1,0,0.0,No Change,1,1,0,0.0,2026-09-08,2026-09-21,2026-09-22,2026-10-05,,Worsening,0.0,15.8,Monitor,North Rosedale Park
08,WEAPONS OFFENSES,1,1,0,0.0,No Change,1,1,0,0.0,2026-09-08,2026-09-21,2026-09-22,2026-10-05,-12.5,Consistently Improving,0.0,15.8,Monitor,North Rosedale Park
08,STOLEN PROPERTY,1,0,-1,-100.0,Decreasing,1,0,-1,-100.0,2026-09-08,2026-09-21,2026-09-22,2026-10-05,50.0,Consistently Worsening,0.0,10.0,Monitor,North Rosedale Park
08,ASSAULT,2,0,-2,-100.0,Decreasing,2,0,-2,-100.0,2026-09-08,2026-09-21,2026-09-22,2026-10-05,12.121212121212121,Worsening,0.0,2.4,Monitor,North Rosedale Park
08,AGGRAVATED ASSAULT,1,0,-1,-100.0,Decreasing,1,0,-1,-100.0,2026-09-08,2026-09-21,2026-09-22,2026-10-05,-38.888888888888886,Improving,0.0,0.0,Monitor,North Rosedale Park
08,FRAUD,1,0,-1,-100.0,Decreasing,1,0,-1,-100.0,2026-09-08,2026-09-21,2026-09-22,2026-10-05,-70.0,Improving,0.0,0.0,Monitor,North Rosedale Park
11,ASSAULT,2,7,5,250.0,Increasing,2,7,5,250.0,2026-09-08,2026-09-21,2026-09-22,2026-10-05,53.65853658536585,Worsening,0.0,85.0,Watch,Northeast Central District
11,FRAUD,1,2,1,100.0,Increasing,1,2,1,100.0,2026-09-08,2026-09-21,2026-09-22,2026-10-05,19.047619047619047,Consistently Worsening,0.0,43.0,Monitor,Northeast Central District
11,RUNAWAY,0,2,2,,Increasing,0,2,2,,2026-09-08,2026-09-21,2026-09-22,2026-10-05,150.0,Worsening,,39.2,Monitor,Northeast Central District
11,OBSTRUCTING THE POLICE,0,1,1,,Increasing,0,1,1,,2026-09-08,2026-09-21,2026-09-22,2026-10-05,100.0,Worsening,,26.3,Monitor,Northeast Central District
11,LARCENY,4,1,-3,-75.0,Decreasing,4,1,-3,-75.0,2026-09-08,2026-09-21,2026-09-22,2026-10-05,87.5,Worsening,0.0,18.3,Monitor,Northeast Central District
11,AGGRAVATED ASSAULT,1,0,-1,-100.0,Decreasing,1,0,-1,-100.0,2026-09-08,2026-09-21,2026-09-22,2026-10-05,73.33333333333333,Worsening,0.0,10.0,Monitor,Northeast Central District
11,DAMAGE TO PROPERTY,2,1,-1,-50.0,Decreasing,2,1,-1,-50.0,2026-09-08,2026-09-21,2026-09-22,2026-10-05,-13.333333333333334,Consistently Improving,0.0,8.3,Monitor,Northeast Central District
11,BURGLARY,1,0,-1,-100.0,Decreasing,1,0,-1,-100.0,2026-09-08,2026-09-21,2026-09-22,2026-10-05,-23.076923076923077,Consistently Improving,0.0,0.0,Monitor,Northeast Central District
11,STOLEN VEHICLE,2,0,-2,-100.0,Decreasing,2,0,-2,-100.0,2026-09-08,2026-09-21,2026-09-22,2026-10-05,0.0,Stable,0.0,0.0,Monitor,Northeast Central District
02,BURGLARY,2,3,1,50.0,Increasing,2,3,1,50.0,2026-09-10,2026-09-23,2026-09-24,2026-10-07,80.0,Worsening,0.0,75.0,Monitor,Northwest Community
02,ARSON,0,1,1,,Increasing,0,1,1,,2026-09-10,2026-09-23,2026-09-24,2026-10-07,100.0,Worsening,,54.5,Monitor,Northwest Community
02,WEAPONS OFFENSES,0,1,1,,Increasing,0,1,1,,2026-09-10,2026-09-23,2026-09-24,2026-10-07,-10.0,Consistently Improving,,44.5,Monitor,Northwest Community
02,DAMAGE TO PROPERTY,1,1,0,0.0,No Change,1,1,0,0.0,2026-09-10,2026-09-23,2026-09-24,2026-10-07,133.33333333333334,Worsening,0.0,22.5,Monitor,Northwest Community
02,ASSAULT,2,1,-1,-50.0,Decreasing,2,1,-1,-50.0,2026-09-10,2026-09-23,2026-09-24,2026-10-07,7.142857142857143,Consistently Worsening,0.0,13.9,Monitor,Northwest Community
02,FRAUD,1,1,0,0.0,No Change,1,1,0,0.0,2026-09-10,2026-09-23,2026-09-24,2026-10-07,-33.333333333333336,Improving,0.0,12.5,Monitor,Northwest Community
02,STOLEN VEHICLE,1,0,-1,-100.0,Decreasing,1,0,-1,-100.0,2026-09-10,2026-09-23,2026-09-24,2026-10-07,40.0,Worsening,0.0,8.0,Monitor,Northwest Community
02,LARCENY,3,0,-3,-100.0,Decreasing,3,0,-3,-100.0,2026-09-10,2026-09-23,2026-09-24,2026-10-07,28.571428571428573,Worsening,0.0,5.7,Monitor,Northwest Community
02,STOLEN PROPERTY,1,0,-1,-100.0,Decreasing,1,0,-1,-100.0,2026-09-10,2026-09-23,2026-09-24,2026-10-07,0.0,Stable,0.0,0.0,Monitor,Northwest Community
11,ASSAULT,4,8,4,100.0,Increasing,6,8,2,33.33,2026-09-08,2026-09-21,2026-09-22,2026-10-05,33.333333333333336,Consistently Worsening,66.67,96.7,Watch,Nortown
11,DAMAGE TO PROPERTY,4,8,4,100.0,Increasing,4,8,4,100.0,2026-09-08,2026-09-21,2026-09-22,2026-10-05,0.0,Stable,0.0,75.0,Watch,Nortown
11,STOLEN VEHICLE,0,4,4,,Increasing,0,4,4,,2026-09-08,2026-09-21,2026-09-22,2026-10-05,31.57894736842105,Worsening,,62.6,Monitor,Nortown
11,FRAUD,1,2,1,100.0,Increasing,2,2,0,0.0,2026-09-08,2026-09-21,2026-09-22,2026-10-05,-43.75,Consistently Improving,100.0,55.0,Monitor,Nortown
11,BURGLARY,2,3,1,50.0,Increasing,2,3,1,50.0,2026-09-08,2026-09-21,2026-09-22,2026-10-05,15.625,Consistently Worsening,0.0,36.4,Monitor,Nortown
11,AGGRAVATED ASSAULT,6,1,-5,-83.33,Decreasing,7,1,-6,-85.71,2026-09-08,2026-09-21,2026-09-22,2026-10-05,15.09433962264151,Consistently Worsening,2.3799999999999955,11.6,Monitor,Nortown
11,DANGEROUS DRUGS,1,0,-1,-100.0,Decreasing,1,0,-1,-100.0,2026-09-08,2026-09-21,2026-09-22,2026-10-05,100.0,Worsening,0.0,10.0,Monitor,Nortown
11,OBSTRUCTING THE POLICE,1,0,-1,-100.0,Decreasing,2,0,-2,-100.0,2026-09-08,2026-09-21,2026-09-22,2026-10-05,100.0,Worsening,0.0,10.0,Monitor,Nortown
11,LARCENY,1,1,0,0.0,No Change,1,1,0,0.0,2026-09-08,2026-09-21,2026-09-22,2026-10-05,-15.09433962264151,Consistently Improving,0.0,7.9,Monitor,Nortown
09,AGGRAVATED ASSAULT,1,0,-1,-100.0,Decreasing,7,1,-6,-85.71,2026-09-08,2026-09-21,2026-09-22,2026-10-05,,Worsening,-14.290000000000006,0.0,Monitor,Nortown
09,ASSAULT,2,0,-2,-100.0,Decreasing,6,8,2,33.33,2026-09-08,2026-09-21,2026-09-22,2026-10-05,-33.333333333333336,Improving,-133.32999999999998,0.0,Monitor,Nortown
09,FRAUD,1,0,-1,-100.0,Decreasing,2,2,0,0.0,2026-09-08,2026-09-21,2026-09-22,2026-10-05,,Worsening,-100.0,0.0,Monitor,Nortown
09,OBSTRUCTING THE POLICE,1,0,-1,-100.0,Decreasing,2,0,-2,-100.0,2026-09-08,2026-09-21,2026-09-22,2026-10-05,,Worsening,0.0,0.0,Monitor,Nortown
08,ASSAULT,6,12,6,100.0,Increasing,6,12,6,100.0,2026-09-09,2026-09-22,2026-09-23,2026-10-06,-10.377358490566039,Improving,0.0,75.0,Watch,O'Hair Park
08,DAMAGE TO PROPERTY,1,2,1,100.0,Increasing,1,2,1,100.0,2026-09-09,2026-09-22,2026-09-23,2026-10-06,-10.909090909090908,Consistently Improving,0.0,35.7,Monitor,O'Hair Park
08,STOLEN VEHICLE,1,2,1,100.0,Increasing,1,2,1,100.0,2026-09-09,2026-09-22,2026-09-23,2026-10-06,-6.25,Improving,0.0,35.7,Monitor,O'Hair Park
08,SEXUAL ASSAULT,0,2,2,,Increasing,0,2,2,,2026-09-09,2026-09-22,2026-09-23,2026-10-06,100.0,Worsening,,34.7,Monitor,O'Hair Park
08,LARCENY,7,3,-4,-57.14,Decreasing,7,3,-4,-57.14,2026-09-09,2026-09-22,2026-09-23,2026-10-06,-12.5,Improving,0.0,13.5,Monitor,O'Hair Park
08,AGGRAVATED ASSAULT,4,2,-2,-50.0,Decreasing,4,2,-2,-50.0,2026-09-09,2026-09-22,2026-09-23,2026-10-06,-14.0,Improving,0.0,10.7,Monitor,O'Hair Park
08,FRAUD,1,0,-1,-100.0,Decreasing,1,0,-1,-100.0,2026-09-09,2026-09-22,2026-09-23,2026-10-06,-41.02564102564103,Consistently Improving,0.0,0.0,Monitor,O'Hair Park
08,RUNAWAY,1,0,-1,-100.0,Decreasing,1,0,-1,-100.0,2026-09-09,2026-09-22,2026-09-23,2026-10-06,0.0,Stable,0.0,0.0,Monitor,O'Hair Park
08,ASSAULT,3,7,4,133.33,Increasing,3,7,4,133.33,2026-09-07,2026-09-20,2026-09-21,2026-10-04,42.857142857142854,Worsening,0.0,83.6,Watch,Oak Grove District 1
08,DAMAGE TO PROPERTY,1,2,1,100.0,Increasing,1,2,1,100.0,2026-09-07,2026-09-20,2026-09-21,2026-10-04,5.555555555555555,Worsening,0.0,41.8,Monitor,Oak Grove District 1
08,FAMILY OFFENSE,0,1,1,,Increasing,0,1,1,,2026-09-07,2026-09-20,2026-09-21,2026-10-04,0.0,Stable,,17.8,Monitor,Oak Grove District 1
08,BURGLARY,1,1,0,0.0,No Change,1,1,0,0.0,2026-09-07,2026-09-20,2026-09-21,2026-10-04,12.5,Consistently Worsening,0.0,10.8,Monitor,Oak Grove District 1
08,FRAUD,1,1,0,0.0,No Change,1,1,0,0.0,2026-09-07,2026-09-20,2026-09-21,2026-10-04,-33.333333333333336,Improving,0.0,8.3,Monitor,Oak Grove District 1
08,OBSTRUCTING JUDICIARY,1,0,-1,-100.0,Decreasing,1,0,-1,-100.0,2026-09-07,2026-09-20,2026-09-21,2026-10-04,12.5,Worsening,0.0,2.5,Monitor,Oak Grove District 1
08,LARCENY,2,0,-2,-100.0,Decreasing,2,0,-2,-100.0,2026-09-07,2026-09-20,2026-09-21,2026-10-04,-26.08695652173913,Improving,0.0,0.0,Monitor,Oak Grove District 1
12,ASSAULT,0,1,1,,Increasing,0,1,1,,2026-09-07,2026-09-20,2026-09-21,2026-10-04,-3.4482758620689653,Improving,,57.0,Monitor,Oak Grove District 2
12,LARCENY,1,1,0,0.0,No Change,1,1,0,0.0,2026-09-07,2026-09-20,2026-09-21,2026-10-04,53.84615384615385,Worsening,0.0,35.0,Monitor,Oak Grove District 2
12,STOLEN VEHICLE,1,1,0,0.0,No Change,1,1,0,0.0,2026-09-07,2026-09-20,2026-09-21,2026-10-04,166.66666666666666,Worsening,0.0,35.0,Monitor,Oak Grove District 2
12,BURGLARY,1,0,-1,-100.0,Decreasing,1,0,-1,-100.0,2026-09-07,2026-09-20,2026-09-21,2026-10-04,16.666666666666668,Worsening,0.0,3.3,Monitor,Oak Grove District 2
12,DAMAGE TO PROPERTY,1,0,-1,-100.0,Decreasing,1,0,-1,-100.0,2026-09-07,2026-09-20,2026-09-21,2026-10-04,11.764705882352942,Worsening,0.0,2.4,Monitor,Oak Grove District 2
10,AGGRAVATED ASSAULT,2,4,2,100.0,Increasing,2,4,2,100.0,2026-09-10,2026-09-23,2026-09-24,2026-10-07,-20.634920634920636,Improving,0.0,67.5,Monitor,Oakman Blvd Community
10,OBSTRUCTING THE POLICE,1,2,1,100.0,Increasing,1,3,2,200.0,2026-09-10,2026-09-23,2026-09-24,2026-10-07,13.043478260869565,Consistently Worsening,-100.0,49.5,Monitor,Oakman Blvd Community
10,BURGLARY,1,2,1,100.0,Increasing,1,3,2,200.0,2026-09-10,2026-09-23,2026-09-24,2026-10-07,-19.54022988505747,Improving,-100.0,46.9,Monitor,Oakman Blvd Community
10,INVASION OF PRIVACY -OTHER,0,1,1,,Increasing,0,1,1,,2026-09-10,2026-09-23,2026-09-24,2026-10-07,250.0,Consistently Worsening,,34.5,Monitor,Oakman Blvd Community
10,ASSAULT,11,9,-2,-18.18,Decreasing,11,9,-2,-18.18,2026-09-10,2026-09-23,2026-09-24,2026-10-07,0.4032258064516129,Stable,0.0,25.1,Monitor,Oakman Blvd Community
02,BURGLARY,0,1,1,,Increasing,1,3,2,200.0,2026-09-10,2026-09-23,2026-09-24,2026-10-07,-50.0,Improving,,24.5,Monitor,Oakman Blvd Community
02,OBSTRUCTING THE POLICE,0,1,1,,Increasing,1,3,2,200.0,2026-09-10,2026-09-23,2026-09-24,2026-10-07,,Worsening,,24.5,Monitor,Oakman Blvd Community
10,HEALTH AND SAFETY,0,1,1,,Increasing,0,1,1,,2026-09-10,2026-09-23,2026-09-24,2026-10-07,,Worsening,,24.5,Monitor,Oakman Blvd Community
10,SEXUAL ASSAULT,0,1,1,,Increasing,0,1,1,,2026-09-10,2026-09-23,2026-09-24,2026-10-07,-40.0,Consistently Improving,,24.5,Monitor,Oakman Blvd Community
10,DAMAGE TO PROPERTY,8,5,-3,-37.5,Decreasing,8,5,-3,-37.5,2026-09-10,2026-09-23,2026-09-24,2026-10-07,-30.0,Improving,0.0,19.5,Monitor,Oakman Blvd Community
10,FRAUD,6,3,-3,-50.0,Decreasing,6,3,-3,-50.0,2026-09-10,2026-09-23,2026-09-24,2026-10-07,-9.615384615384615,Improving,0.0,15.1,Monitor,Oakman Blvd Community
10,LARCENY,6,3,-3,-50.0,Decreasing,6,3,-3,-50.0,2026-09-10,2026-09-23,2026-09-24,2026-10-07,-14.705882352941176,Improving,0.0,15.1,Monitor,Oakman Blvd Community
10,OBSTRUCTING JUDICIARY,1,1,0,0.0,No Change,1,1,0,0.0,2026-09-10,2026-09-23,2026-09-24,2026-10-07,12.5,Consistently Worsening,0.0,10.0,Monitor,Oakman Blvd Community
10,STOLEN VEHICLE,6,1,-5,-83.33,Decreasing,6,1,-5,-83.33,2026-09-10,2026-09-23,2026-09-24,2026-10-07,-4.918032786885246,Consistently Improving,0.0,7.5,Monitor,Oakman Blvd Community
10,WEAPONS OFFENSES,4,1,-3,-75.0,Decreasing,4,1,-3,-75.0,2026-09-10,2026-09-23,2026-09-24,2026-10-07,-11.764705882352942,Improving,0.0,7.5,Monitor,Oakman Blvd Community
10,ARSON,1,0,-1,-100.0,Decreasing,1,0,-1,-100.0,2026-09-10,2026-09-23,2026-09-24,2026-10-07,28.571428571428573,Worsening,0.0,5.7,Monitor,Oakman Blvd Community
10,ROBBERY,3,0,-3,-100.0,Decreasing,3,0,-3,-100.0,2026-09-10,2026-09-23,2026-09-24,2026-10-07,4.761904761904762,Consistently Worsening,0.0,1.0,Monitor,Oakman Blvd Community
10,FAMILY OFFENSE,1,0,-1,-100.0,Decreasing,1,0,-1,-100.0,2026-09-10,2026-09-23,2026-09-24,2026-10-07,-28.571428571428573,Improving,0.0,0.0,Monitor,Oakman Blvd Community
10,FORGERY,1,0,-1,-100.0,Decreasing,1,0,-1,-100.0,2026-09-10,2026-09-23,2026-09-24,2026-10-07,0.0,Stable,0.0,0.0,Monitor,Oakman Blvd Community
10,RUNAWAY,1,0,-1,-100.0,Decreasing,1,0,-1,-100.0,2026-09-10,2026-09-23,2026-09-24,2026-10-07,-61.53846153846154,Improving,0.0,0.0,Monitor,Oakman Blvd Community
04,DAMAGE TO PROPERTY,0,1,1,,Increasing,0,1,1,,2026-08-06,2026-08-19,2026-08-20,2026-09-02,150.0,Worsening,,67.0,Monitor,Oakwood Heights
08,DAMAGE TO PROPERTY,0,3,3,,Increasing,0,3,3,,2026-09-06,2026-09-19,2026-09-20,2026-10-03,40.0,Worsening,,69.0,Monitor,Old Redford
08,BURGLARY,0,2,2,,Increasing,0,2,2,,2026-09-06,2026-09-19,2026-09-20,2026-10-03,-33.333333333333336,Improving,,43.8,Monitor,Old Redford
08,ASSAULT,0,1,1,,Increasing,0,1,1,,2026-09-06,2026-09-19,2026-09-20,2026-10-03,-11.11111111111111,Consistently Improving,,24.5,Monitor,Old Redford
08,OBSTRUCTING JUDICIARY,0,1,1,,Increasing,0,1,1,,2026-09-06,2026-09-19,2026-09-20,2026-10-03,,Worsening,,24.5,Monitor,Old Redford
08,FRAUD,1,0,-1,-100.0,Decreasing,1,0,-1,-100.0,2026-09-06,2026-09-19,2026-09-20,2026-10-03,600.0,Worsening,0.0,10.0,Monitor,Old Redford
09,BURGLARY,2,7,5,250.0,Increasing,2,7,5,250.0,2026-09-10,2026-09-23,2026-09-24,2026-10-07,2.5641025641025643,Worsening,0.0,70.8,Watch,Outer Drive-Hayes
09,AGGRAVATED ASSAULT,3,7,4,133.33,Increasing,3,7,4,133.33,2026-09-10,2026-09-23,2026-09-24,2026-10-07,-14.516129032258064,Improving,0.0,64.3,Watch,Outer Drive-Hayes
09,STOLEN VEHICLE,3,6,3,100.0,Increasing,3,6,3,100.0,2026-09-10,2026-09-23,2026-09-24,2026-10-07,-8.13953488372093,Consistently Improving,0.0,57.0,Watch,Outer Drive-Hayes
09,DAMAGE TO PROPERTY,4,7,3,75.0,Increasing,4,7,3,75.0,2026-09-10,2026-09-23,2026-09-24,2026-10-07,-6.976744186046512,Consistently Improving,0.0,53.3,Watch,Outer Drive-Hayes
09,ASSAULT,9,12,3,33.33,Increasing,9,12,3,33.33,2026-09-10,2026-09-23,2026-09-24,2026-10-07,-11.711711711711711,Improving,0.0,49.7,Watch,Outer Drive-Hayes
09,FRAUD,2,4,2,100.0,Increasing,2,4,2,100.0,2026-09-10,2026-09-23,2026-09-24,2026-10-07,14.893617021276595,Worsening,0.0,50.7,Monitor,Outer Drive-Hayes
09,OBSTRUCTING THE POLICE,1,2,1,100.0,Increasing,1,2,1,100.0,2026-09-10,2026-09-23,2026-09-24,2026-10-07,-8.108108108108109,Improving,0.0,36.7,Monitor,Outer Drive-Hayes
09,WEAPONS OFFENSES,3,4,1,33.33,Increasing,3,4,1,33.33,2026-09-10,2026-09-23,2026-09-24,2026-10-07,23.333333333333332,Worsening,0.0,33.0,Monitor,Outer Drive-Hayes
09,LARCENY,3,4,1,33.33,Increasing,3,4,1,33.33,2026-09-10,2026-09-23,2026-09-24,2026-10-07,-22.31404958677686,Improving,0.0,28.4,Monitor,Outer Drive-Hayes
09,SEXUAL ASSAULT,0,1,1,,Increasing,0,1,1,,2026-09-10,2026-09-23,2026-09-24,2026-10-07,50.0,Worsening,,24.8,Monitor,Outer Drive-Hayes
09,STOLEN PROPERTY,2,1,-1,-50.0,Decreasing,2,1,-1,-50.0,2026-09-10,2026-09-23,2026-09-24,2026-10-07,20.0,Worsening,0.0,10.8,Monitor,Outer Drive-Hayes
09,OBSTRUCTING JUDICIARY,2,0,-2,-100.0,Decreasing,2,0,-2,-100.0,2026-09-10,2026-09-23,2026-09-24,2026-10-07,50.0,Worsening,0.0,10.0,Monitor,Outer Drive-Hayes
09,OUIL,2,0,-2,-100.0,Decreasing,2,0,-2,-100.0,2026-09-10,2026-09-23,2026-09-24,2026-10-07,300.0,Worsening,0.0,10.0,Monitor,Outer Drive-Hayes
09,SEX OFFENSES,1,0,-1,-100.0,Decreasing,1,0,-1,-100.0,2026-09-10,2026-09-23,2026-09-24,2026-10-07,109.0909090909091,Consistently Worsening,0.0,10.0,Monitor,Outer Drive-Hayes
09,DANGEROUS DRUGS,1,0,-1,-100.0,Decreasing,1,0,-1,-100.0,2026-09-10,2026-09-23,2026-09-24,2026-10-07,-28.571428571428573,Improving,0.0,0.0,Monitor,Outer Drive-Hayes
09,EXTORTION,1,0,-1,-100.0,Decreasing,1,0,-1,-100.0,2026-09-10,2026-09-23,2026-09-24,2026-10-07,0.0,Stable,0.0,0.0,Monitor,Outer Drive-Hayes
09,ROBBERY,1,0,-1,-100.0,Decreasing,1,0,-1,-100.0,2026-09-10,2026-09-23,2026-09-24,2026-10-07,-7.142857142857143,Improving,0.0,0.0,Monitor,Outer Drive-Hayes
09,RUNAWAY,1,0,-1,-100.0,Decreasing,1,0,-1,-100.0,2026-09-10,2026-09-23,2026-09-24,2026-10-07,0.0,Stable,0.0,0.0,Monitor,Outer Drive-Hayes
12,FAMILY OFFENSE,0,2,2,,Increasing,0,2,2,,2026-09-09,2026-09-22,2026-09-23,2026-10-06,,Worsening,,48.1,Monitor,Palmer Park
12,ASSAULT,7,6,-1,-14.29,Decreasing,7,6,-1,-14.29,2026-09-09,2026-09-22,2026-09-23,2026-10-06,75.0,Worsening,0.0,35.0,Monitor,Palmer Park
12,AGGRAVATED ASSAULT,3,1,-2,-66.67,Decreasing,3,1,-2,-66.67,2026-09-09,2026-09-22,2026-09-23,2026-10-06,61.111111111111114,Worsening,0.0,18.9,Monitor,Palmer Park
12,LARCENY,3,1,-2,-66.67,Decreasing,3,1,-2,-66.67,2026-09-09,2026-09-22,2026-09-23,2026-10-06,68.0,Worsening,0.0,18.9,Monitor,Palmer Park
12,WEAPONS OFFENSES,1,1,0,0.0,No Change,1,1,0,0.0,2026-09-09,2026-09-22,2026-09-23,2026-10-06,100.0,Worsening,0.0,18.9,Monitor,Palmer Park
12,DANGEROUS DRUGS,1,0,-1,-100.0,Decreasing,1,0,-1,-100.0,2026-09-09,2026-09-22,2026-09-23,2026-10-06,200.0,Consistently Worsening,0.0,10.0,Monitor,Palmer Park
12,DAMAGE TO PROPERTY,1,1,0,0.0,No Change,1,1,0,0.0,2026-09-09,2026-09-22,2026-09-23,2026-10-06,-34.61538461538461,Consistently Improving,0.0,8.9,Monitor,Palmer Park
12,BURGLARY,1,0,-1,-100.0,Decreasing,1,0,-1,-100.0,2026-09-09,2026-09-22,2026-09-23,2026-10-06,7.6923076923076925,Worsening,0.0,1.5,Monitor,Palmer Park
12,FRAUD,1,0,-1,-100.0,Decreasing,1,0,-1,-100.0,2026-09-09,2026-09-22,2026-09-23,2026-10-06,-14.285714285714286,Consistently Improving,0.0,0.0,Monitor,Palmer Park
12,DANGEROUS DRUGS,0,1,1,,Increasing,0,1,1,,2026-09-04,2026-09-17,2026-09-18,2026-10-01,,Worsening,,57.0,Monitor,Palmer Woods
12,DAMAGE TO PROPERTY,3,0,-3,-100.0,Decreasing,3,0,-3,-100.0,2026-09-04,2026-09-17,2026-09-18,2026-10-01,100.0,Worsening,0.0,10.0,Monitor,Palmer Woods
12,LARCENY,1,0,-1,-100.0,Decreasing,1,0,-1,-100.0,2026-09-04,2026-09-17,2026-09-18,2026-10-01,0.0,Stable,0.0,0.0,Monitor,Palmer Woods
02,BURGLARY,0,2,2,,Increasing,0,2,2,,2026-09-08,2026-09-21,2026-09-22,2026-10-05,150.0,Worsening,,69.0,Monitor,Paveway
02,ASSAULT,0,1,1,,Increasing,0,1,1,,2026-09-08,2026-09-21,2026-09-22,2026-10-05,-27.272727272727273,Consistently Improving,,32.8,Monitor,Paveway
02,DAMAGE TO PROPERTY,0,1,1,,Increasing,0,1,1,,2026-09-08,2026-09-21,2026-09-22,2026-10-05,-9.090909090909092,Consistently Improving,,32.8,Monitor,Paveway
02,FAMILY OFFENSE,0,1,1,,Increasing,0,1,1,,2026-09-08,2026-09-21,2026-09-22,2026-10-05,0.0,Stable,,32.8,Monitor,Paveway
02,LARCENY,1,0,-1,-100.0,Decreasing,1,0,-1,-100.0,2026-09-08,2026-09-21,2026-09-22,2026-10-05,0.0,Stable,0.0,0.0,Monitor,Paveway
12,BURGLARY,0,2,2,,Increasing,0,2,2,,2026-09-05,2026-09-18,2026-09-19,2026-10-02,14.285714285714286,Consistently Worsening,,61.9,Monitor,Pembroke
12,FRAUD,1,2,1,100.0,Increasing,1,2,1,100.0,2026-09-05,2026-09-18,2026-09-19,2026-10-02,-35.294117647058826,Consistently Improving,0.0,60.0,Monitor,Pembroke
12,AGGRAVATED ASSAULT,1,1,0,0.0,No Change,1,1,0,0.0,2026-09-05,2026-09-18,2026-09-19,2026-10-02,-52.94117647058823,Improving,0.0,15.8,Monitor,Pembroke
12,ASSAULT,1,1,0,0.0,No Change,1,1,0,0.0,2026-09-05,2026-09-18,2026-09-19,2026-10-02,-34.48275862068966,Improving,0.0,15.8,Monitor,Pembroke
12,DAMAGE TO PROPERTY,2,0,-2,-100.0,Decreasing,2,0,-2,-100.0,2026-09-05,2026-09-18,2026-09-19,2026-10-02,66.66666666666667,Consistently Worsening,0.0,10.0,Monitor,Pembroke
12,DANGEROUS DRUGS,1,0,-1,-100.0,Decreasing,1,0,-1,-100.0,2026-09-05,2026-09-18,2026-09-19,2026-10-02,-50.0,Improving,0.0,0.0,Monitor,Pembroke
12,STOLEN VEHICLE,2,0,-2,-100.0,Decreasing,2,0,-2,-100.0,2026-09-05,2026-09-18,2026-09-19,2026-10-02,-16.666666666666668,Consistently Improving,0.0,0.0,Monitor,Pembroke
12,WEAPONS OFFENSES,1,0,-1,-100.0,Decreasing,1,0,-1,-100.0,2026-09-05,2026-09-18,2026-09-19,2026-10-02,-16.666666666666668,Improving,0.0,0.0,Monitor,Pembroke
12,ASSAULT,1,3,2,200.0,Increasing,1,3,2,200.0,2026-09-02,2026-09-15,2026-09-16,2026-09-29,35.714285714285715,Worsening,0.0,82.1,Monitor,Penrose
12,AGGRAVATED ASSAULT,0,1,1,,Increasing,0,1,1,,2026-09-02,2026-09-15,2026-09-16,2026-09-29,-33.333333333333336,Consistently Improving,,29.5,Monitor,Penrose
12,DAMAGE TO PROPERTY,1,1,0,0.0,No Change,1,1,0,0.0,2026-09-02,2026-09-15,2026-09-16,2026-09-29,30.0,Worsening,0.0,18.5,Monitor,Penrose
12,BURGLARY,3,0,-3,-100.0,Decreasing,3,0,-3,-100.0,2026-09-02,2026-09-15,2026-09-16,2026-09-29,100.0,Worsening,0.0,10.0,Monitor,Penrose
11,AGGRAVATED ASSAULT,1,3,2,200.0,Increasing,1,3,2,200.0,2026-09-09,2026-09-22,2026-09-23,2026-10-06,22.22222222222222,Worsening,0.0,79.4,Monitor,Pershing
11,DAMAGE TO PROPERTY,1,2,1,100.0,Increasing,1,2,1,100.0,2026-09-09,2026-09-22,2026-09-23,2026-10-06,-33.333333333333336,Consistently Improving,0.0,54.8,Monitor,Pershing
11,OBSTRUCTING THE POLICE,0,1,1,,Increasing,0,1,1,,2026-09-09,2026-09-22,2026-09-23,2026-10-06,-16.666666666666668,Improving,,29.5,Monitor,Pershing
11,ASSAULT,1,0,-1,-100.0,Decreasing,1,0,-1,-100.0,2026-09-09,2026-09-22,2026-09-23,2026-10-06,-3.7037037037037037,Consistently Improving,0.0,0.0,Monitor,Pershing
11,HEALTH AND SAFETY,1,0,-1,-100.0,Decreasing,1,0,-1,-100.0,2026-09-09,2026-09-22,2026-09-23,2026-10-06,,Worsening,0.0,0.0,Monitor,Pershing
11,STOLEN PROPERTY,1,0,-1,-100.0,Decreasing,1,0,-1,-100.0,2026-09-09,2026-09-22,2026-09-23,2026-10-06,-40.0,Consistently Improving,0.0,0.0,Monitor,Pershing
10,AGGRAVATED ASSAULT,1,4,3,300.0,Increasing,1,4,3,300.0,2026-09-09,2026-09-22,2026-09-23,2026-10-06,0.0,Stable,0.0,75.0,Monitor,Petoskey-Otsego
10,SEXUAL ASSAULT,0,1,1,,Increasing,0,1,1,,2026-09-09,2026-09-22,2026-09-23,2026-10-06,0.0,Stable,,22.8,Monitor,Petoskey-Otsego
10,ASSAULT,4,3,-1,-25.0,Decreasing,4,3,-1,-25.0,2026-09-09,2026-09-22,2026-09-23,2026-10-06,-12.857142857142858,Improving,0.0,21.5,Monitor,Petoskey-Otsego
10,DAMAGE TO PROPERTY,2,2,0,0.0,No Change,2,2,0,0.0,2026-09-09,2026-09-22,2026-09-23,2026-10-06,7.6923076923076925,Worsening,0.0,18.6,Monitor,Petoskey-Otsego
10,BURGLARY,2,0,-2,-100.0,Decreasing,2,0,-2,-100.0,2026-09-09,2026-09-22,2026-09-23,2026-10-06,93.33333333333333,Worsening,0.0,10.0,Monitor,Petoskey-Otsego
10,LARCENY,2,0,-2,-100.0,Decreasing,2,0,-2,-100.0,2026-09-09,2026-09-22,2026-09-23,2026-10-06,52.0,Worsening,0.0,10.0,Monitor,Petoskey-Otsego
10,STOLEN PROPERTY,1,0,-1,-100.0,Decreasing,1,0,-1,-100.0,2026-09-09,2026-09-22,2026-09-23,2026-10-06,100.0,Worsening,0.0,10.0,Monitor,Petoskey-Otsego
10,FAMILY OFFENSE,1,0,-1,-100.0,Decreasing,1,0,-1,-100.0,2026-09-09,2026-09-22,2026-09-23,2026-10-06,-40.0,Improving,0.0,0.0,Monitor,Petoskey-Otsego
10,FRAUD,1,0,-1,-100.0,Decreasing,1,0,-1,-100.0,2026-09-09,2026-09-22,2026-09-23,2026-10-06,-34.48275862068966,Improving,0.0,0.0,Monitor,Petoskey-Otsego
10,HEALTH AND SAFETY,1,0,-1,-100.0,Decreasing,1,0,-1,-100.0,2026-09-09,2026-09-22,2026-09-23,2026-10-06,,Worsening,0.0,0.0,Monitor,Petoskey-Otsego
10,STOLEN VEHICLE,1,0,-1,-100.0,Decreasing,1,0,-1,-100.0,2026-09-09,2026-09-22,2026-09-23,2026-10-06,-29.41176470588235,Consistently Improving,0.0,0.0,Monitor,Petoskey-Otsego
03,BURGLARY,0,1,1,,Increasing,0,1,1,,2026-09-09,2026-09-22,2026-09-23,2026-10-06,100.0,Consistently Worsening,,67.0,Monitor,Piety Hill
03,RUNAWAY,0,1,1,,Increasing,0,1,1,,2026-09-09,2026-09-22,2026-09-23,2026-10-06,,Worsening,,57.0,Monitor,Piety Hill
03,WEAPONS OFFENSES,0,1,1,,Increasing,0,1,1,,2026-09-09,2026-09-22,2026-09-23,2026-10-06,0.0,Stable,,57.0,Monitor,Piety Hill
10,ROBBERY,0,1,1,,Increasing,0,1,1,,2026-09-09,2026-09-22,2026-09-23,2026-10-06,,Worsening,,57.0,Monitor,Piety Hill
03,LARCENY,2,1,-1,-50.0,Decreasing,3,1,-2,-66.67,2026-09-09,2026-09-22,2026-09-23,2026-10-06,57.142857142857146,Worsening,16.67,40.0,Monitor,Piety Hill
03,DAMAGE TO PROPERTY,2,1,-1,-50.0,Decreasing,2,1,-1,-50.0,2026-09-09,2026-09-22,2026-09-23,2026-10-06,47.36842105263158,Consistently Worsening,0.0,34.5,Monitor,Piety Hill
10,FRAUD,2,0,-2,-100.0,Decreasing,2,0,-2,-100.0,2026-09-09,2026-09-22,2026-09-23,2026-10-06,300.0,Worsening,0.0,10.0,Monitor,Piety Hill
03,AGGRAVATED ASSAULT,1,0,-1,-100.0,Decreasing,1,0,-1,-100.0,2026-09-09,2026-09-22,2026-09-23,2026-10-06,0.0,Stable,0.0,0.0,Monitor,Piety Hill
10,INVASION OF PRIVACY -OTHER,1,0,-1,-100.0,Decreasing,1,0,-1,-100.0,2026-09-09,2026-09-22,2026-09-23,2026-10-06,,Worsening,0.0,0.0,Monitor,Piety Hill
10,LARCENY,1,0,-1,-100.0,Decreasing,3,1,-2,-66.67,2026-09-09,2026-09-22,2026-09-23,2026-10-06,-40.0,Improving,-33.33,0.0,Monitor,Piety Hill
10,BURGLARY,1,2,1,100.0,Increasing,2,2,0,0.0,2026-09-07,2026-09-20,2026-09-21,2026-10-04,175.0,Consistently Worsening,100.0,85.0,Monitor,Pilgrim Village
10,STOLEN VEHICLE,0,2,2,,Increasing,0,3,3,,2026-09-07,2026-09-20,2026-09-21,2026-10-04,20.0,Worsening,,63.0,Monitor,Pilgrim Village
12,AGGRAVATED ASSAULT,0,2,2,,Increasing,1,3,2,200.0,2026-09-07,2026-09-20,2026-09-21,2026-10-04,16.0,Consistently Worsening,,62.2,Monitor,Pilgrim Village
12,FRAUD,1,2,1,100.0,Increasing,1,2,1,100.0,2026-09-07,2026-09-20,2026-09-21,2026-10-04,-35.0,Consistently Improving,0.0,60.0,Monitor,Pilgrim Village
12,LARCENY,1,2,1,100.0,Increasing,1,3,2,200.0,2026-09-07,2026-09-20,2026-09-21,2026-10-04,-39.53488372093023,Improving,-100.0,60.0,Monitor,Pilgrim Village
10,OBSTRUCTING THE POLICE,0,1,1,,Increasing,0,1,1,,2026-09-07,2026-09-20,2026-09-21,2026-10-04,200.0,Worsening,,42.8,Monitor,Pilgrim Village
12,ASSAULT,3,2,-1,-33.33,Decreasing,3,2,-1,-33.33,2026-09-07,2026-09-20,2026-09-21,2026-10-04,51.515151515151516,Worsening,0.0,35.0,Monitor,Pilgrim Village
10,DISORDERLY CONDUCT,0,1,1,,Increasing,0,1,1,,2026-09-07,2026-09-20,2026-09-21,2026-10-04,,Worsening,,32.8,Monitor,Pilgrim Village
10,LARCENY,0,1,1,,Increasing,1,3,2,200.0,2026-09-07,2026-09-20,2026-09-21,2026-10-04,-33.333333333333336,Consistently Improving,,32.8,Monitor,Pilgrim Village
10,ROBBERY,0,1,1,,Increasing,0,1,1,,2026-09-07,2026-09-20,2026-09-21,2026-10-04,0.0,Stable,,32.8,Monitor,Pilgrim Village
12,FAMILY OFFENSE,0,1,1,,Increasing,0,1,1,,2026-09-07,2026-09-20,2026-09-21,2026-10-04,,Worsening,,32.8,Monitor,Pilgrim Village
12,KIDNAPPING,0,1,1,,Increasing,0,1,1,,2026-09-07,2026-09-20,2026-09-21,2026-10-04,,Worsening,,32.8,Monitor,Pilgrim Village
12,RUNAWAY,0,1,1,,Increasing,0,1,1,,2026-09-07,2026-09-20,2026-09-21,2026-10-04,,Worsening,,32.8,Monitor,Pilgrim Village
12,STOLEN VEHICLE,0,1,1,,Increasing,0,3,3,,2026-09-07,2026-09-20,2026-09-21,2026-10-04,-23.529411764705884,Improving,,32.8,Monitor,Pilgrim Village
10,DAMAGE TO PROPERTY,1,1,0,0.0,No Change,3,2,-1,-33.33,2026-09-07,2026-09-20,2026-09-21,2026-10-04,-35.714285714285715,Improving,33.33,25.8,Monitor,Pilgrim Village
10,AGGRAVATED ASSAULT,1,1,0,0.0,No Change,1,3,2,200.0,2026-09-07,2026-09-20,2026-09-21,2026-10-04,-7.6923076923076925,Improving,-200.0,15.8,Monitor,Pilgrim Village
12,DAMAGE TO PROPERTY,2,1,-1,-50.0,Decreasing,3,2,-1,-33.33,2026-09-07,2026-09-20,2026-09-21,2026-10-04,-12.5,Improving,-16.67,15.8,Monitor,Pilgrim Village
12,BURGLARY,1,0,-1,-100.0,Decreasing,2,2,0,0.0,2026-09-07,2026-09-20,2026-09-21,2026-10-04,-12.0,Improving,-100.0,0.0,Monitor,Pilgrim Village
07,DAMAGE TO PROPERTY,1,2,1,100.0,Increasing,1,2,1,100.0,2026-09-09,2026-09-22,2026-09-23,2026-10-06,-12.5,Improving,0.0,75.0,Monitor,Pingree Park
07,LARCENY,0,1,1,,Increasing,0,1,1,,2026-09-09,2026-09-22,2026-09-23,2026-10-06,111.11111111111111,Worsening,,57.8,Monitor,Pingree Park
07,AGGRAVATED ASSAULT,0,1,1,,Increasing,0,1,1,,2026-09-09,2026-09-22,2026-09-23,2026-10-06,-73.6842105263158,Improving,,47.8,Monitor,Pingree Park
07,STOLEN VEHICLE,1,1,0,0.0,No Change,1,1,0,0.0,2026-09-09,2026-09-22,2026-09-23,2026-10-06,71.42857142857143,Worsening,0.0,25.8,Monitor,Pingree Park
07,ASSAULT,1,1,0,0.0,No Change,1,1,0,0.0,2026-09-09,2026-09-22,2026-09-23,2026-10-06,-12.5,Consistently Improving,0.0,15.8,Monitor,Pingree Park
02,FRAUD,1,3,2,200.0,Increasing,1,3,2,200.0,2026-09-08,2026-09-21,2026-09-22,2026-10-05,0.0,Stable,0.0,71.5,Monitor,Plymouth-Hubbell
02,STOLEN PROPERTY,0,1,1,,Increasing,0,1,1,,2026-09-08,2026-09-21,2026-09-22,2026-10-05,30.76923076923077,Consistently Worsening,,33.9,Monitor,Plymouth-Hubbell
02,OBSTRUCTING THE POLICE,0,1,1,,Increasing,0,1,1,,2026-09-08,2026-09-21,2026-09-22,2026-10-05,16.666666666666668,Consistently Worsening,,31.1,Monitor,Plymouth-Hubbell
02,ASSAULT,4,4,0,0.0,No Change,5,4,-1,-20.0,2026-09-08,2026-09-21,2026-09-22,2026-10-05,-23.008849557522122,Improving,20.0,31.0,Monitor,Plymouth-Hubbell
02,WEAPONS OFFENSES,1,1,0,0.0,No Change,1,1,0,0.0,2026-09-08,2026-09-21,2026-09-22,2026-10-05,31.25,Worsening,0.0,17.0,Monitor,Plymouth-Hubbell
02,AGGRAVATED ASSAULT,3,1,-2,-66.67,Decreasing,3,1,-2,-66.67,2026-09-08,2026-09-21,2026-09-22,2026-10-05,-12.76595744680851,Consistently Improving,0.0,10.8,Monitor,Plymouth-Hubbell
02,LARCENY,6,1,-5,-83.33,Decreasing,6,1,-5,-83.33,2026-09-08,2026-09-21,2026-09-22,2026-10-05,-18.840579710144926,Consistently Improving,0.0,10.8,Monitor,Plymouth-Hubbell
02,SEXUAL ASSAULT,3,0,-3,-100.0,Decreasing,4,0,-4,-100.0,2026-09-08,2026-09-21,2026-09-22,2026-10-05,250.0,Worsening,0.0,10.0,Monitor,Plymouth-Hubbell
06,ASSAULT,1,0,-1,-100.0,Decreasing,5,4,-1,-20.0,2026-09-08,2026-09-21,2026-09-22,2026-10-05,100.0,Worsening,-80.0,10.0,Monitor,Plymouth-Hubbell
02,BURGLARY,2,0,-2,-100.0,Decreasing,2,0,-2,-100.0,2026-09-08,2026-09-21,2026-09-22,2026-10-05,-16.666666666666668,Improving,0.0,0.0,Monitor,Plymouth-Hubbell
02,DAMAGE TO PROPERTY,3,0,-3,-100.0,Decreasing,3,0,-3,-100.0,2026-09-08,2026-09-21,2026-09-22,2026-10-05,-21.818181818181817,Consistently Improving,0.0,0.0,Monitor,Plymouth-Hubbell
02,INVASION OF PRIVACY -OTHER,1,0,-1,-100.0,Decreasing,1,0,-1,-100.0,2026-09-08,2026-09-21,2026-09-22,2026-10-05,,Worsening,0.0,0.0,Monitor,Plymouth-Hubbell
02,STOLEN VEHICLE,4,0,-4,-100.0,Decreasing,4,0,-4,-100.0,2026-09-08,2026-09-21,2026-09-22,2026-10-05,-20.454545454545453,Improving,0.0,0.0,Monitor,Plymouth-Hubbell
06,SEXUAL ASSAULT,1,0,-1,-100.0,Decreasing,4,0,-4,-100.0,2026-09-08,2026-09-21,2026-09-22,2026-10-05,,Worsening,0.0,0.0,Monitor,Plymouth-Hubbell
06,AGGRAVATED ASSAULT,1,4,3,300.0,Increasing,1,4,3,300.0,2026-09-10,2026-09-23,2026-09-24,2026-10-07,-10.0,Consistently Improving,0.0,75.0,Monitor,Plymouth-I96
06,WEAPONS OFFENSES,0,2,2,,Increasing,0,2,2,,2026-09-10,2026-09-23,2026-09-24,2026-10-07,17.647058823529413,Worsening,,44.6,Monitor,Plymouth-I96
06,BURGLARY,0,1,1,,Increasing,0,1,1,,2026-09-10,2026-09-23,2026-09-24,2026-10-07,-10.0,Improving,,22.8,Monitor,Plymouth-I96
06,INVASION OF PRIVACY -OTHER,0,1,1,,Increasing,0,1,1,,2026-09-10,2026-09-23,2026-09-24,2026-10-07,,Worsening,,22.8,Monitor,Plymouth-I96
06,ASSAULT,3,0,-3,-100.0,Decreasing,3,0,-3,-100.0,2026-09-10,2026-09-23,2026-09-24,2026-10-07,14.285714285714286,Worsening,0.0,2.9,Monitor,Plymouth-I96
06,DAMAGE TO PROPERTY,1,0,-1,-100.0,Decreasing,1,0,-1,-100.0,2026-09-10,2026-09-23,2026-09-24,2026-10-07,-39.130434782608695,Consistently Improving,0.0,0.0,Monitor,Plymouth-I96
06,FRAUD,1,0,-1,-100.0,Decreasing,1,0,-1,-100.0,2026-09-10,2026-09-23,2026-09-24,2026-10-07,-25.0,Consistently Improving,0.0,0.0,Monitor,Plymouth-I96
06,LARCENY,2,0,-2,-100.0,Decreasing,2,0,-2,-100.0,2026-09-10,2026-09-23,2026-09-24,2026-10-07,-20.0,Improving,0.0,0.0,Monitor,Plymouth-I96
07,ASSAULT,1,2,1,100.0,Increasing,1,2,1,100.0,2026-09-09,2026-09-22,2026-09-23,2026-10-06,12.5,Worsening,0.0,77.5,Monitor,Poletown East
07,FRAUD,0,1,1,,Increasing,0,1,1,,2026-09-09,2026-09-22,2026-09-23,2026-10-06,100.0,Worsening,,57.8,Monitor,Poletown East
07,BURGLARY,0,1,1,,Increasing,0,1,1,,2026-09-09,2026-09-22,2026-09-23,2026-10-06,-20.0,Consistently Improving,,47.8,Monitor,Poletown East
07,INVASION OF PRIVACY -OTHER,0,1,1,,Increasing,0,1,1,,2026-09-09,2026-09-22,2026-09-23,2026-10-06,,Worsening,,47.8,Monitor,Poletown East
07,ROBBERY,0,1,1,,Increasing,0,1,1,,2026-09-09,2026-09-22,2026-09-23,2026-10-06,0.0,Stable,,47.8,Monitor,Poletown East
07,STOLEN VEHICLE,0,1,1,,Increasing,0,1,1,,2026-09-09,2026-09-22,2026-09-23,2026-10-06,-45.45454545454545,Consistently Improving,,47.8,Monitor,Poletown East
07,AGGRAVATED ASSAULT,1,1,0,0.0,No Change,1,1,0,0.0,2026-09-09,2026-09-22,2026-09-23,2026-10-06,0.0,Stable,0.0,15.8,Monitor,Poletown East
07,SEXUAL ASSAULT,1,0,-1,-100.0,Decreasing,1,0,-1,-100.0,2026-09-09,2026-09-22,2026-09-23,2026-10-06,200.0,Worsening,0.0,10.0,Monitor,Poletown East
07,LARCENY,1,0,-1,-100.0,Decreasing,1,0,-1,-100.0,2026-09-09,2026-09-22,2026-09-23,2026-10-06,0.0,Stable,0.0,0.0,Monitor,Poletown East
02,STOLEN VEHICLE,0,3,3,,Increasing,0,3,3,,2026-09-09,2026-09-22,2026-09-23,2026-10-06,-13.333333333333334,Improving,,61.0,Monitor,Pride Area Community
02,BURGLARY,0,2,2,,Increasing,0,2,2,,2026-09-09,2026-09-22,2026-09-23,2026-10-06,-13.636363636363637,Improving,,43.8,Monitor,Pride Area Community
02,SEX OFFENSES,0,2,2,,Increasing,0,2,2,,2026-09-09,2026-09-22,2026-09-23,2026-10-06,-50.0,Improving,,43.8,Monitor,Pride Area Community
02,ASSAULT,3,3,0,0.0,No Change,3,3,0,0.0,2026-09-09,2026-09-22,2026-09-23,2026-10-06,21.951219512195124,Worsening,0.0,29.4,Monitor,Pride Area Community
02,AGGRAVATED ASSAULT,2,2,0,0.0,No Change,2,2,0,0.0,2026-09-09,2026-09-22,2026-09-23,2026-10-06,-11.428571428571429,Improving,0.0,19.8,Monitor,Pride Area Community
02,FRAUD,1,1,0,0.0,No Change,1,1,0,0.0,2026-09-09,2026-09-22,2026-09-23,2026-10-06,7.142857142857143,Worsening,0.0,13.9,Monitor,Pride Area Community
02,LARCENY,1,1,0,0.0,No Change,1,1,0,0.0,2026-09-09,2026-09-22,2026-09-23,2026-10-06,-5.882352941176471,Consistently Improving,0.0,12.5,Monitor,Pride Area Community
02,OBSTRUCTING THE POLICE,1,1,0,0.0,No Change,1,1,0,0.0,2026-09-09,2026-09-22,2026-09-23,2026-10-06,0.0,Stable,0.0,12.5,Monitor,Pride Area Community
02,DAMAGE TO PROPERTY,2,0,-2,-100.0,Decreasing,2,0,-2,-100.0,2026-09-09,2026-09-22,2026-09-23,2026-10-06,-19.35483870967742,Consistently Improving,0.0,0.0,Monitor,Pride Area Community
02,WEAPONS OFFENSES,1,0,-1,-100.0,Decreasing,1,0,-1,-100.0,2026-09-09,2026-09-22,2026-09-23,2026-10-06,-15.0,Improving,0.0,0.0,Monitor,Pride Area Community
09,AGGRAVATED ASSAULT,2,5,3,150.0,Increasing,2,5,3,150.0,2026-09-09,2026-09-22,2026-09-23,2026-10-06,-25.0,Improving,0.0,75.0,Watch,Pulaski
09,DAMAGE TO PROPERTY,1,4,3,300.0,Increasing,1,4,3,300.0,2026-09-09,2026-09-22,2026-09-23,2026-10-06,-7.462686567164179,Consistently Improving,0.0,72.5,Monitor,Pulaski
09,FRAUD,0,2,2,,Increasing,0,2,2,,2026-09-09,2026-09-22,2026-09-23,2026-10-06,-18.181818181818183,Consistently Improving,,39.3,Monitor,Pulaski
09,HEALTH AND SAFETY,0,1,1,,Increasing,0,1,1,,2026-09-09,2026-09-22,2026-09-23,2026-10-06,250.0,Consistently Worsening,,31.7,Monitor,Pulaski
09,SEX OFFENSES,0,1,1,,Increasing,0,1,1,,2026-09-09,2026-09-22,2026-09-23,2026-10-06,50.0,Consistently Worsening,,31.7,Monitor,Pulaski
09,ASSAULT,5,2,-3,-60.0,Decreasing,5,2,-3,-60.0,2026-09-09,2026-09-22,2026-09-23,2026-10-06,-12.5,Improving,0.0,15.3,Monitor,Pulaski
09,BURGLARY,2,2,0,0.0,No Change,2,2,0,0.0,2026-09-09,2026-09-22,2026-09-23,2026-10-06,-24.324324324324323,Improving,0.0,15.3,Monitor,Pulaski
09,LARCENY,6,2,-4,-66.67,Decreasing,6,2,-4,-66.67,2026-09-09,2026-09-22,2026-09-23,2026-10-06,-22.058823529411764,Improving,0.0,15.3,Monitor,Pulaski
09,WEAPONS OFFENSES,2,0,-2,-100.0,Decreasing,2,0,-2,-100.0,2026-09-09,2026-09-22,2026-09-23,2026-10-06,91.66666666666667,Worsening,0.0,10.0,Monitor,Pulaski
09,STOLEN VEHICLE,2,1,-1,-50.0,Decreasing,2,1,-1,-50.0,2026-09-09,2026-09-22,2026-09-23,2026-10-06,-28.26086956521739,Consistently Improving,0.0,9.7,Monitor,Pulaski
09,DANGEROUS DRUGS,1,0,-1,-100.0,Decreasing,1,0,-1,-100.0,2026-09-09,2026-09-22,2026-09-23,2026-10-06,40.0,Worsening,0.0,8.0,Monitor,Pulaski
09,OBSTRUCTING THE POLICE,1,0,-1,-100.0,Decreasing,1,0,-1,-100.0,2026-09-09,2026-09-22,2026-09-23,2026-10-06,0.0,Stable,0.0,0.0,Monitor,Pulaski
09,ROBBERY,1,0,-1,-100.0,Decreasing,1,0,-1,-100.0,2026-09-09,2026-09-22,2026-09-23,2026-10-06,-9.090909090909092,Improving,0.0,0.0,Monitor,Pulaski
09,BURGLARY,0,2,2,,Increasing,0,2,2,,2026-09-02,2026-09-15,2026-09-16,2026-09-29,-62.5,Improving,,59.0,Monitor,Ravendale
09,SEX OFFENSES,0,1,1,,Increasing,0,1,1,,2026-09-02,2026-09-15,2026-09-16,2026-09-29,37.5,Worsening,,40.3,Monitor,Ravendale
09,AGGRAVATED ASSAULT,0,1,1,,Increasing,0,1,1,,2026-09-02,2026-09-15,2026-09-16,2026-09-29,20.0,Worsening,,36.8,Monitor,Ravendale
05,DANGEROUS DRUGS,0,1,1,,Increasing,0,1,1,,2026-09-02,2026-09-15,2026-09-16,2026-09-29,,Worsening,,32.8,Monitor,Ravendale
09,OBSTRUCTING JUDICIARY,0,1,1,,Increasing,0,1,1,,2026-09-02,2026-09-15,2026-09-16,2026-09-29,,Worsening,,32.8,Monitor,Ravendale
09,ASSAULT,2,1,-1,-50.0,Decreasing,2,1,-1,-50.0,2026-09-02,2026-09-15,2026-09-16,2026-09-29,55.55555555555556,Worsening,0.0,25.8,Monitor,Ravendale
09,FRAUD,1,1,0,0.0,No Change,1,1,0,0.0,2026-09-02,2026-09-15,2026-09-16,2026-09-29,,Worsening,0.0,15.8,Monitor,Ravendale
09,LARCENY,1,0,-1,-100.0,Decreasing,1,0,-1,-100.0,2026-09-02,2026-09-15,2026-09-16,2026-09-29,-44.44444444444444,Improving,0.0,0.0,Monitor,Ravendale
09,ASSAULT,5,12,7,140.0,Increasing,5,12,7,140.0,2026-09-09,2026-09-22,2026-09-23,2026-10-06,6.217616580310881,Consistently Worsening,0.0,76.2,Emerging Concern,Regent Park
09,RUNAWAY,0,3,3,,Increasing,0,3,3,,2026-09-09,2026-09-22,2026-09-23,2026-10-06,0.0,Stable,,32.4,Monitor,Regent Park
09,FAMILY OFFENSE,0,2,2,,Increasing,0,2,2,,2026-09-09,2026-09-22,2026-09-23,2026-10-06,33.333333333333336,Consistently Worsening,,29.9,Monitor,Regent Park
09,BURGLARY,3,4,1,33.33,Increasing,3,4,1,33.33,2026-09-09,2026-09-22,2026-09-23,2026-10-06,-6.8493150684931505,Consistently Improving,0.0,26.6,Monitor,Regent Park
09,LARCENY,6,6,0,0.0,No Change,6,6,0,0.0,2026-09-09,2026-09-22,2026-09-23,2026-10-06,-9.821428571428571,Improving,0.0,19.0,Monitor,Regent Park
09,ROBBERY,3,1,-2,-66.67,Decreasing,3,1,-2,-66.67,2026-09-09,2026-09-22,2026-09-23,2026-10-06,53.84615384615385,Worsening,0.0,16.8,Monitor,Regent Park
09,AGGRAVATED ASSAULT,7,4,-3,-42.86,Decreasing,7,4,-3,-42.86,2026-09-09,2026-09-22,2026-09-23,2026-10-06,-17.117117117117118,Improving,0.0,15.7,Monitor,Regent Park
09,DAMAGE TO PROPERTY,8,3,-5,-62.5,Decreasing,8,3,-5,-62.5,2026-09-09,2026-09-22,2026-09-23,2026-10-06,-12.195121951219512,Improving,0.0,13.5,Monitor,Regent Park
09,FRAUD,5,3,-2,-40.0,Decreasing,5,3,-2,-40.0,2026-09-09,2026-09-22,2026-09-23,2026-10-06,-29.87012987012987,Improving,0.0,13.5,Monitor,Regent Park
09,STOLEN PROPERTY,0,1,1,,Increasing,0,1,1,,2026-09-09,2026-09-22,2026-09-23,2026-10-06,-31.25,Consistently Improving,,13.0,Monitor,Regent Park
09,WEAPONS OFFENSES,2,1,-1,-50.0,Decreasing,2,1,-1,-50.0,2026-09-09,2026-09-22,2026-09-23,2026-10-06,25.53191489361702,Worsening,0.0,11.9,Monitor,Regent Park
09,STOLEN VEHICLE,3,2,-1,-33.33,Decreasing,3,2,-1,-33.33,2026-09-09,2026-09-22,2026-09-23,2026-10-06,-42.857142857142854,Improving,0.0,10.7,Monitor,Regent Park
09,KIDNAPPING,1,0,-1,-100.0,Decreasing,1,0,-1,-100.0,2026-09-09,2026-09-22,2026-09-23,2026-10-06,300.0,Worsening,0.0,10.0,Monitor,Regent Park
09,OBSTRUCTING JUDICIARY,1,0,-1,-100.0,Decreasing,1,0,-1,-100.0,2026-09-09,2026-09-22,2026-09-23,2026-10-06,75.0,Worsening,0.0,10.0,Monitor,Regent Park
09,OBSTRUCTING THE POLICE,1,1,0,0.0,No Change,1,1,0,0.0,2026-09-09,2026-09-22,2026-09-23,2026-10-06,-8.0,Improving,0.0,6.8,Monitor,Regent Park
09,SEX OFFENSES,1,0,-1,-100.0,Decreasing,1,0,-1,-100.0,2026-09-09,2026-09-22,2026-09-23,2026-10-06,8.333333333333334,Consistently Worsening,0.0,1.7,Monitor,Regent Park
09,INVASION OF PRIVACY -OTHER,1,0,-1,-100.0,Decreasing,1,0,-1,-100.0,2026-09-09,2026-09-22,2026-09-23,2026-10-06,,Worsening,0.0,0.0,Monitor,Regent Park
05,FRAUD,2,4,2,100.0,Increasing,2,4,2,100.0,2026-09-08,2026-09-21,2026-09-22,2026-10-05,59.523809523809526,Consistently Worsening,0.0,85.0,Monitor,Riverbend
05,DAMAGE TO PROPERTY,1,2,1,100.0,Increasing,1,2,1,100.0,2026-09-08,2026-09-21,2026-09-22,2026-10-05,-15.09433962264151,Improving,0.0,52.1,Monitor,Riverbend
05,WEAPONS OFFENSES,0,1,1,,Increasing,0,1,1,,2026-09-08,2026-09-21,2026-09-22,2026-10-05,-33.333333333333336,Improving,,27.8,Monitor,Riverbend
05,LARCENY,2,2,0,0.0,No Change,2,2,0,0.0,2026-09-08,2026-09-21,2026-09-22,2026-10-05,-46.0,Improving,0.0,17.1,Monitor,Riverbend
05,ASSAULT,1,1,0,0.0,No Change,1,1,0,0.0,2026-09-08,2026-09-21,2026-09-22,2026-10-05,-4.054054054054054,Consistently Improving,0.0,10.8,Monitor,Riverbend
05,STOLEN VEHICLE,1,1,0,0.0,No Change,1,1,0,0.0,2026-09-08,2026-09-21,2026-09-22,2026-10-05,-29.166666666666668,Consistently Improving,0.0,10.8,Monitor,Riverbend
05,AGGRAVATED ASSAULT,1,0,-1,-100.0,Decreasing,1,0,-1,-100.0,2026-09-08,2026-09-21,2026-09-22,2026-10-05,34.48275862068966,Consistently Worsening,0.0,6.9,Monitor,Riverbend
05,OBSTRUCTING THE POLICE,1,0,-1,-100.0,Decreasing,1,0,-1,-100.0,2026-09-08,2026-09-21,2026-09-22,2026-10-05,25.0,Worsening,0.0,5.0,Monitor,Riverbend
05,BURGLARY,3,0,-3,-100.0,Decreasing,3,0,-3,-100.0,2026-09-08,2026-09-21,2026-09-22,2026-10-05,-4.166666666666667,Improving,0.0,0.0,Monitor,Riverbend
05,FORGERY,1,0,-1,-100.0,Decreasing,1,0,-1,-100.0,2026-09-08,2026-09-21,2026-09-22,2026-10-05,,Worsening,0.0,0.0,Monitor,Riverbend
08,WEAPONS OFFENSES,0,1,1,,Increasing,0,1,1,,2026-09-09,2026-09-22,2026-09-23,2026-10-06,200.0,Worsening,,67.0,Monitor,Riverdale
08,STOLEN PROPERTY,0,1,1,,Increasing,0,1,1,,2026-09-09,2026-09-22,2026-09-23,2026-10-06,-42.857142857142854,Consistently Improving,,57.0,Monitor,Riverdale
08,ASSAULT,4,1,-3,-75.0,Decreasing,4,1,-3,-75.0,2026-09-09,2026-09-22,2026-09-23,2026-10-06,-2.7777777777777777,Consistently Improving,0.0,25.0,Monitor,Riverdale
08,SEX OFFENSES,1,1,0,0.0,No Change,1,1,0,0.0,2026-09-09,2026-09-22,2026-09-23,2026-10-06,,Worsening,0.0,25.0,Monitor,Riverdale
08,BURGLARY,1,0,-1,-100.0,Decreasing,1,0,-1,-100.0,2026-09-09,2026-09-22,2026-09-23,2026-10-06,60.0,Worsening,0.0,10.0,Monitor,Riverdale
08,LARCENY,1,0,-1,-100.0,Decreasing,1,0,-1,-100.0,2026-09-09,2026-09-22,2026-09-23,2026-10-06,18.75,Worsening,0.0,3.8,Monitor,Riverdale
08,AGGRAVATED ASSAULT,4,0,-4,-100.0,Decreasing,4,0,-4,-100.0,2026-09-09,2026-09-22,2026-09-23,2026-10-06,17.647058823529413,Worsening,0.0,3.5,Monitor,Riverdale
08,DAMAGE TO PROPERTY,1,0,-1,-100.0,Decreasing,1,0,-1,-100.0,2026-09-09,2026-09-22,2026-09-23,2026-10-06,-12.5,Consistently Improving,0.0,0.0,Monitor,Riverdale
08,DANGEROUS DRUGS,2,0,-2,-100.0,Decreasing,2,0,-2,-100.0,2026-09-09,2026-09-22,2026-09-23,2026-10-06,,Worsening,0.0,0.0,Monitor,Riverdale
08,HOMICIDE,1,0,-1,-100.0,Decreasing,1,0,-1,-100.0,2026-09-09,2026-09-22,2026-09-23,2026-10-06,,Worsening,0.0,0.0,Monitor,Riverdale
08,SOLICITATION,1,0,-1,-100.0,Decreasing,1,0,-1,-100.0,2026-09-09,2026-09-22,2026-09-23,2026-10-06,,Worsening,0.0,0.0,Monitor,Riverdale
07,BURGLARY,1,3,2,200.0,Increasing,1,3,2,200.0,2026-09-09,2026-09-22,2026-09-23,2026-10-06,144.44444444444446,Consistently Worsening,0.0,79.3,Monitor,Rivertown
07,AGGRAVATED ASSAULT,1,2,1,100.0,Increasing,1,2,1,100.0,2026-09-09,2026-09-22,2026-09-23,2026-10-06,7.142857142857143,Consistently Worsening,0.0,51.8,Monitor,Rivertown
07,ROBBERY,0,1,1,,Increasing,0,1,1,,2026-09-09,2026-09-22,2026-09-23,2026-10-06,200.0,Worsening,,36.7,Monitor,Rivertown
07,LARCENY,5,5,0,0.0,No Change,5,5,0,0.0,2026-09-09,2026-09-22,2026-09-23,2026-10-06,22.22222222222222,Worsening,0.0,29.4,Monitor,Rivertown
07,ASSAULT,5,4,-1,-20.0,Decreasing,5,4,-1,-20.0,2026-09-09,2026-09-22,2026-09-23,2026-10-06,32.55813953488372,Worsening,0.0,29.0,Monitor,Rivertown
07,FRAUD,4,2,-2,-50.0,Decreasing,4,2,-2,-50.0,2026-09-09,2026-09-22,2026-09-23,2026-10-06,-16.363636363636363,Consistently Improving,0.0,15.3,Monitor,Rivertown
07,DAMAGE TO PROPERTY,2,1,-1,-50.0,Decreasing,2,1,-1,-50.0,2026-09-09,2026-09-22,2026-09-23,2026-10-06,16.666666666666668,Consistently Worsening,0.0,13.0,Monitor,Rivertown
07,OBSTRUCTING THE POLICE,1,0,-1,-100.0,Decreasing,1,0,-1,-100.0,2026-09-09,2026-09-22,2026-09-23,2026-10-06,100.0,Worsening,0.0,10.0,Monitor,Rivertown
07,WEAPONS OFFENSES,1,0,-1,-100.0,Decreasing,1,0,-1,-100.0,2026-09-09,2026-09-22,2026-09-23,2026-10-06,71.42857142857143,Worsening,0.0,10.0,Monitor,Rivertown
07,STOLEN VEHICLE,1,1,0,0.0,No Change,1,1,0,0.0,2026-09-09,2026-09-22,2026-09-23,2026-10-06,-36.111111111111114,Consistently Improving,0.0,9.7,Monitor,Rivertown
08,LARCENY,2,3,1,50.0,Increasing,2,3,1,50.0,2026-09-07,2026-09-20,2026-09-21,2026-10-04,10.81081081081081,Worsening,0.0,67.2,Monitor,Rosedale Park
08,FRAUD,2,2,0,0.0,No Change,2,2,0,0.0,2026-09-07,2026-09-20,2026-09-21,2026-10-04,83.33333333333333,Worsening,0.0,29.8,Monitor,Rosedale Park
08,ASSAULT,2,2,0,0.0,No Change,2,2,0,0.0,2026-09-07,2026-09-20,2026-09-21,2026-10-04,-28.88888888888889,Improving,0.0,19.8,Monitor,Rosedale Park
08,STOLEN VEHICLE,1,1,0,0.0,No Change,1,1,0,0.0,2026-09-07,2026-09-20,2026-09-21,2026-10-04,4.0,Worsening,0.0,13.3,Monitor,Rosedale Park
08,INVASION OF PRIVACY -OTHER,1,0,-1,-100.0,Decreasing,1,0,-1,-100.0,2026-09-07,2026-09-20,2026-09-21,2026-10-04,100.0,Consistently Worsening,0.0,10.0,Monitor,Rosedale Park
08,BURGLARY,2,0,-2,-100.0,Decreasing,2,0,-2,-100.0,2026-09-07,2026-09-20,2026-09-21,2026-10-04,-5.882352941176471,Consistently Improving,0.0,0.0,Monitor,Rosedale Park
08,DAMAGE TO PROPERTY,6,0,-6,-100.0,Decreasing,6,0,-6,-100.0,2026-09-07,2026-09-20,2026-09-21,2026-10-04,0.0,Stable,0.0,0.0,Monitor,Rosedale Park
08,WEAPONS OFFENSES,1,0,-1,-100.0,Decreasing,1,0,-1,-100.0,2026-09-07,2026-09-20,2026-09-21,2026-10-04,-63.63636363636363,Improving,0.0,0.0,Monitor,Rosedale Park
06,AGGRAVATED ASSAULT,0,2,2,,Increasing,0,2,2,,2026-08-30,2026-09-12,2026-09-13,2026-09-26,-12.5,Improving,,59.0,Monitor,Rouge Park
06,WEAPONS OFFENSES,0,1,1,,Increasing,0,1,1,,2026-08-30,2026-09-12,2026-09-13,2026-09-26,60.0,Worsening,,42.8,Monitor,Rouge Park
06,DAMAGE TO PROPERTY,0,1,1,,Increasing,0,1,1,,2026-08-30,2026-09-12,2026-09-13,2026-09-26,33.333333333333336,Worsening,,39.4,Monitor,Rouge Park
06,FRAUD,0,1,1,,Increasing,0,1,1,,2026-08-30,2026-09-12,2026-09-13,2026-09-26,-50.0,Improving,,32.8,Monitor,Rouge Park
06,LARCENY,1,0,-1,-100.0,Decreasing,1,0,-1,-100.0,2026-08-30,2026-09-12,2026-09-13,2026-09-26,-69.23076923076923,Improving,0.0,0.0,Monitor,Rouge Park
03,LARCENY,0,1,1,,Increasing,0,1,1,,2026-08-30,2026-09-12,2026-09-13,2026-09-26,112.5,Worsening,,67.0,Monitor,Russell Industrial
03,DAMAGE TO PROPERTY,1,0,-1,-100.0,Decreasing,1,0,-1,-100.0,2026-08-30,2026-09-12,2026-09-13,2026-09-26,100.0,Consistently Worsening,0.0,10.0,Monitor,Russell Industrial
03,FRAUD,1,0,-1,-100.0,Decreasing,1,0,-1,-100.0,2026-08-30,2026-09-12,2026-09-13,2026-09-26,,Worsening,0.0,0.0,Monitor,Russell Industrial
10,ASSAULT,2,4,2,100.0,Increasing,2,4,2,100.0,2026-09-07,2026-09-20,2026-09-21,2026-10-04,0.0,Stable,0.0,75.0,Monitor,Russell Woods
10,LARCENY,1,3,2,200.0,Increasing,1,3,2,200.0,2026-09-07,2026-09-20,2026-09-21,2026-10-04,-2.6315789473684212,Consistently Improving,0.0,71.5,Monitor,Russell Woods
10,AGGRAVATED ASSAULT,0,2,2,,Increasing,0,2,2,,2026-09-07,2026-09-20,2026-09-21,2026-10-04,-6.25,Improving,,51.1,Monitor,Russell Woods
10,FRAUD,0,2,2,,Increasing,0,2,2,,2026-09-07,2026-09-20,2026-09-21,2026-10-04,-26.923076923076923,Consistently Improving,,51.1,Monitor,Russell Woods
10,OBSTRUCTING THE POLICE,0,1,1,,Increasing,0,1,1,,2026-09-07,2026-09-20,2026-09-21,2026-10-04,175.0,Worsening,,37.8,Monitor,Russell Woods
10,ROBBERY,0,1,1,,Increasing,0,1,1,,2026-09-07,2026-09-20,2026-09-21,2026-10-04,33.333333333333336,Worsening,,34.4,Monitor,Russell Woods
10,EXTORTION,0,1,1,,Increasing,0,1,1,,2026-09-07,2026-09-20,2026-09-21,2026-10-04,,Worsening,,27.8,Monitor,Russell Woods
10,FAMILY OFFENSE,0,1,1,,Increasing,0,1,1,,2026-09-07,2026-09-20,2026-09-21,2026-10-04,0.0,Stable,,27.8,Monitor,Russell Woods
10,DAMAGE TO PROPERTY,2,2,0,0.0,No Change,2,2,0,0.0,2026-09-07,2026-09-20,2026-09-21,2026-10-04,-28.88888888888889,Improving,0.0,17.1,Monitor,Russell Woods
10,WEAPONS OFFENSES,1,1,0,0.0,No Change,1,1,0,0.0,2026-09-07,2026-09-20,2026-09-21,2026-10-04,-15.384615384615385,Improving,0.0,10.8,Monitor,Russell Woods
10,KIDNAPPING,1,0,-1,-100.0,Decreasing,1,0,-1,-100.0,2026-09-07,2026-09-20,2026-09-21,2026-10-04,400.0,Worsening,0.0,10.0,Monitor,Russell Woods
12,BURGLARY,0,4,4,,Increasing,0,4,4,,2026-09-09,2026-09-22,2026-09-23,2026-10-06,0.0,Stable,,63.0,Monitor,San Bernardo
12,LARCENY,1,2,1,100.0,Increasing,1,2,1,100.0,2026-09-09,2026-09-22,2026-09-23,2026-10-06,100.0,Worsening,0.0,54.6,Monitor,San Bernardo
12,STOLEN VEHICLE,0,2,2,,Increasing,0,2,2,,2026-09-09,2026-09-22,2026-09-23,2026-10-06,-30.0,Consistently Improving,,36.1,Monitor,San Bernardo
12,ASSAULT,0,1,1,,Increasing,0,1,1,,2026-09-09,2026-09-22,2026-09-23,2026-10-06,18.75,Worsening,,24.0,Monitor,San Bernardo
12,DAMAGE TO PROPERTY,1,1,0,0.0,No Change,1,1,0,0.0,2026-09-09,2026-09-22,2026-09-23,2026-10-06,0.0,Stable,0.0,10.8,Monitor,San Bernardo
12,AGGRAVATED ASSAULT,1,0,-1,-100.0,Decreasing,1,0,-1,-100.0,2026-09-09,2026-09-22,2026-09-23,2026-10-06,-52.94117647058823,Improving,0.0,0.0,Monitor,San Bernardo
12,DAMAGE TO PROPERTY,1,5,4,400.0,Increasing,1,5,4,400.0,2026-09-08,2026-09-21,2026-09-22,2026-10-05,-9.615384615384615,Consistently Improving,0.0,71.5,Watch,Schaefer 7/8 Lodge
12,ASSAULT,13,7,-6,-46.15,Decreasing,13,7,-6,-46.15,2026-09-08,2026-09-21,2026-09-22,2026-10-05,43.58974358974359,Worsening,0.0,33.7,Recent Improvement,Schaefer 7/8 Lodge
12,STOLEN VEHICLE,1,4,3,300.0,Increasing,1,4,3,300.0,2026-09-08,2026-09-21,2026-09-22,2026-10-05,-12.5,Consistently Improving,0.0,61.8,Monitor,Schaefer 7/8 Lodge
12,OBSTRUCTING THE POLICE,0,1,1,,Increasing,0,1,1,,2026-09-08,2026-09-21,2026-09-22,2026-10-05,66.66666666666667,Worsening,,27.8,Monitor,Schaefer 7/8 Lodge
12,RUNAWAY,0,1,1,,Increasing,0,1,1,,2026-09-08,2026-09-21,2026-09-22,2026-10-05,66.66666666666667,Consistently Worsening,,27.8,Monitor,Schaefer 7/8 Lodge
12,LARCENY,3,2,-1,-33.33,Decreasing,3,2,-1,-33.33,2026-09-08,2026-09-21,2026-09-22,2026-10-05,64.28571428571429,Worsening,0.0,23.2,Monitor,Schaefer 7/8 Lodge
12,ROBBERY,0,1,1,,Increasing,0,1,1,,2026-09-08,2026-09-21,2026-09-22,2026-10-05,25.0,Consistently Worsening,,22.8,Monitor,Schaefer 7/8 Lodge
12,BURGLARY,2,2,0,0.0,No Change,2,2,0,0.0,2026-09-08,2026-09-21,2026-09-22,2026-10-05,26.923076923076923,Worsening,0.0,18.6,Monitor,Schaefer 7/8 Lodge
12,ARSON,0,1,1,,Increasing,0,1,1,,2026-09-08,2026-09-21,2026-09-22,2026-10-05,0.0,Stable,,17.8,Monitor,Schaefer 7/8 Lodge
12,WEAPONS OFFENSES,0,1,1,,Increasing,0,1,1,,2026-09-08,2026-09-21,2026-09-22,2026-10-05,-30.76923076923077,Improving,,17.8,Monitor,Schaefer 7/8 Lodge
12,AGGRAVATED ASSAULT,4,3,-1,-25.0,Decreasing,4,3,-1,-25.0,2026-09-08,2026-09-21,2026-09-22,2026-10-05,4.761904761904762,Worsening,0.0,17.6,Monitor,Schaefer 7/8 Lodge
12,STOLEN PROPERTY,1,1,0,0.0,No Change,1,1,0,0.0,2026-09-08,2026-09-21,2026-09-22,2026-10-05,-50.0,Improving,0.0,8.3,Monitor,Schaefer 7/8 Lodge
12,DANGEROUS DRUGS,1,0,-1,-100.0,Decreasing,1,0,-1,-100.0,2026-09-08,2026-09-21,2026-09-22,2026-10-05,-33.333333333333336,Improving,0.0,0.0,Monitor,Schaefer 7/8 Lodge
06,ARSON,0,1,1,,Increasing,0,1,1,,2026-09-08,2026-09-21,2026-09-22,2026-10-05,50.0,Consistently Worsening,,57.8,Monitor,Schoolcraft Southfield
02,BURGLARY,0,1,1,,Increasing,2,1,-1,-50.0,2026-09-08,2026-09-21,2026-09-22,2026-10-05,-14.285714285714286,Improving,,47.8,Monitor,Schoolcraft Southfield
06,FAMILY OFFENSE,0,1,1,,Increasing,0,1,1,,2026-09-08,2026-09-21,2026-09-22,2026-10-05,-60.0,Improving,,47.8,Monitor,Schoolcraft Southfield
06,OBSTRUCTING THE POLICE,0,1,1,,Increasing,0,1,1,,2026-09-08,2026-09-21,2026-09-22,2026-10-05,-46.15384615384615,Improving,,47.8,Monitor,Schoolcraft Southfield
06,AGGRAVATED ASSAULT,1,1,0,0.0,No Change,5,1,-4,-80.0,2026-09-08,2026-09-21,2026-09-22,2026-10-05,-20.0,Improving,80.0,30.8,Monitor,Schoolcraft Southfield
02,ASSAULT,3,2,-1,-33.33,Decreasing,8,4,-4,-50.0,2026-09-08,2026-09-21,2026-09-22,2026-10-05,-16.3265306122449,Improving,16.67,30.0,Monitor,Schoolcraft Southfield
06,WEAPONS OFFENSES,1,1,0,0.0,No Change,3,2,-1,-33.33,2026-09-08,2026-09-21,2026-09-22,2026-10-05,20.0,Consistently Worsening,33.33,29.8,Monitor,Schoolcraft Southfield
02,DAMAGE TO PROPERTY,1,1,0,0.0,No Change,4,3,-1,-25.0,2026-09-08,2026-09-21,2026-09-22,2026-10-05,16.666666666666668,Worsening,25.0,26.6,Monitor,Schoolcraft Southfield
02,WEAPONS OFFENSES,2,1,-1,-50.0,Decreasing,3,2,-1,-33.33,2026-09-08,2026-09-21,2026-09-22,2026-10-05,88.88888888888889,Consistently Worsening,-16.67,25.8,Monitor,Schoolcraft Southfield
06,ASSAULT,4,2,-2,-50.0,Decreasing,8,4,-4,-50.0,2026-09-08,2026-09-21,2026-09-22,2026-10-05,-1.408450704225352,Stable,0.0,25.0,Monitor,Schoolcraft Southfield
06,DAMAGE TO PROPERTY,3,2,-1,-33.33,Decreasing,4,3,-1,-25.0,2026-09-08,2026-09-21,2026-09-22,2026-10-05,-18.867924528301888,Improving,-8.329999999999998,25.0,Monitor,Schoolcraft Southfield
06,STOLEN VEHICLE,2,1,-1,-50.0,Decreasing,5,2,-3,-60.0,2026-09-08,2026-09-21,2026-09-22,2026-10-05,12.0,Worsening,10.0,21.2,Monitor,Schoolcraft Southfield
02,STOLEN VEHICLE,3,1,-2,-66.67,Decreasing,5,2,-3,-60.0,2026-09-08,2026-09-21,2026-09-22,2026-10-05,-17.647058823529413,Improving,-6.670000000000002,15.8,Monitor,Schoolcraft Southfield
06,FRAUD,2,1,-1,-50.0,Decreasing,2,1,-1,-50.0,2026-09-08,2026-09-21,2026-09-22,2026-10-05,-30.76923076923077,Improving,0.0,15.8,Monitor,Schoolcraft Southfield
06,RUNAWAY,2,0,-2,-100.0,Decreasing,2,0,-2,-100.0,2026-09-08,2026-09-21,2026-09-22,2026-10-05,350.0,Worsening,0.0,10.0,Monitor,Schoolcraft Southfield
08,ASSAULT,1,0,-1,-100.0,Decreasing,8,4,-4,-50.0,2026-09-08,2026-09-21,2026-09-22,2026-10-05,500.0,Worsening,-50.0,10.0,Monitor,Schoolcraft Southfield
02,STOLEN PROPERTY,1,0,-1,-100.0,Decreasing,1,0,-1,-100.0,2026-09-08,2026-09-21,2026-09-22,2026-10-05,42.857142857142854,Consistently Worsening,0.0,8.6,Monitor,Schoolcraft Southfield
02,AGGRAVATED ASSAULT,4,0,-4,-100.0,Decreasing,5,1,-4,-80.0,2026-09-08,2026-09-21,2026-09-22,2026-10-05,-27.272727272727273,Consistently Improving,-20.0,0.0,Monitor,Schoolcraft Southfield
06,BURGLARY,2,0,-2,-100.0,Decreasing,2,1,-1,-50.0,2026-09-08,2026-09-21,2026-09-22,2026-10-05,-31.03448275862069,Improving,-50.0,0.0,Monitor,Schoolcraft Southfield
06,LARCENY,2,0,-2,-100.0,Decreasing,3,0,-3,-100.0,2026-09-08,2026-09-21,2026-09-22,2026-10-05,-36.170212765957444,Improving,0.0,0.0,Monitor,Schoolcraft Southfield
06,OUIL,2,0,-2,-100.0,Decreasing,2,0,-2,-100.0,2026-09-08,2026-09-21,2026-09-22,2026-10-05,,Worsening,0.0,0.0,Monitor,Schoolcraft Southfield
08,LARCENY,1,0,-1,-100.0,Decreasing,3,0,-3,-100.0,2026-09-08,2026-09-21,2026-09-22,2026-10-05,,Worsening,0.0,0.0,Monitor,Schoolcraft Southfield
12,LARCENY,2,8,6,300.0,Increasing,2,8,6,300.0,2026-09-08,2026-09-21,2026-09-22,2026-10-05,-10.280373831775702,Improving,0.0,73.9,Watch,Schulze
12,DAMAGE TO PROPERTY,3,5,2,66.67,Increasing,3,5,2,66.67,2026-09-08,2026-09-21,2026-09-22,2026-10-05,-29.12621359223301,Consistently Improving,0.0,42.8,Watch,Schulze
12,STOLEN VEHICLE,4,5,1,25.0,Increasing,4,5,1,25.0,2026-09-08,2026-09-21,2026-09-22,2026-10-05,4.285714285714286,Worsening,0.0,30.3,Watch,Schulze
12,BURGLARY,1,4,3,300.0,Increasing,1,4,3,300.0,2026-09-08,2026-09-21,2026-09-22,2026-10-05,-4.761904761904762,Improving,0.0,52.5,Monitor,Schulze
12,OBSTRUCTING JUDICIARY,0,3,3,,Increasing,0,3,3,,2026-09-08,2026-09-21,2026-09-22,2026-10-05,0.0,Stable,,36.1,Monitor,Schulze
12,FRAUD,12,9,-3,-25.0,Decreasing,12,9,-3,-25.0,2026-09-08,2026-09-21,2026-09-22,2026-10-05,2.097902097902098,Worsening,0.0,25.4,Monitor,Schulze
12,ASSAULT,11,4,-7,-63.64,Decreasing,11,4,-7,-63.64,2026-09-08,2026-09-21,2026-09-22,2026-10-05,-12.244897959183673,Improving,0.0,17.5,Monitor,Schulze
12,ROBBERY,3,1,-2,-66.67,Decreasing,3,1,-2,-66.67,2026-09-08,2026-09-21,2026-09-22,2026-10-05,100.0,Worsening,0.0,17.5,Monitor,Schulze
12,ARSON,0,1,1,,Increasing,0,1,1,,2026-09-08,2026-09-21,2026-09-22,2026-10-05,-25.0,Improving,,14.5,Monitor,Schulze
12,RUNAWAY,0,1,1,,Increasing,0,1,1,,2026-09-08,2026-09-21,2026-09-22,2026-10-05,-50.0,Consistently Improving,,14.5,Monitor,Schulze
12,DANGEROUS DRUGS,1,0,-1,-100.0,Decreasing,1,0,-1,-100.0,2026-09-08,2026-09-21,2026-09-22,2026-10-05,40.0,Consistently Worsening,0.0,8.0,Monitor,Schulze
12,AGGRAVATED ASSAULT,1,1,0,0.0,No Change,1,1,0,0.0,2026-09-08,2026-09-21,2026-09-22,2026-10-05,-38.46153846153846,Improving,0.0,7.5,Monitor,Schulze
12,WEAPONS OFFENSES,1,1,0,0.0,No Change,1,1,0,0.0,2026-09-08,2026-09-21,2026-09-22,2026-10-05,-33.333333333333336,Consistently Improving,0.0,7.5,Monitor,Schulze
12,DISORDERLY CONDUCT,2,0,-2,-100.0,Decreasing,2,0,-2,-100.0,2026-09-08,2026-09-21,2026-09-22,2026-10-05,0.0,Stable,0.0,0.0,Monitor,Schulze
12,SEXUAL ASSAULT,1,0,-1,-100.0,Decreasing,1,0,-1,-100.0,2026-09-08,2026-09-21,2026-09-22,2026-10-05,-33.333333333333336,Consistently Improving,0.0,0.0,Monitor,Schulze
12,STOLEN VEHICLE,1,2,1,100.0,Increasing,1,2,1,100.0,2026-09-08,2026-09-21,2026-09-22,2026-10-05,133.33333333333334,Worsening,0.0,79.8,Monitor,Seven Mile Lodge
12,ASSAULT,2,3,1,50.0,Increasing,2,3,1,50.0,2026-09-08,2026-09-21,2026-09-22,2026-10-05,200.0,Worsening,0.0,75.0,Monitor,Seven Mile Lodge
12,AGGRAVATED ASSAULT,0,1,1,,Increasing,0,1,1,,2026-09-08,2026-09-21,2026-09-22,2026-10-05,-50.0,Consistently Improving,,44.5,Monitor,Seven Mile Lodge
12,FRAUD,0,1,1,,Increasing,0,1,1,,2026-09-08,2026-09-21,2026-09-22,2026-10-05,-33.333333333333336,Improving,,44.5,Monitor,Seven Mile Lodge
12,LARCENY,0,1,1,,Increasing,0,1,1,,2026-09-08,2026-09-21,2026-09-22,2026-10-05,0.0,Stable,,44.5,Monitor,Seven Mile Lodge
12,DAMAGE TO PROPERTY,1,0,-1,-100.0,Decreasing,1,0,-1,-100.0,2026-09-08,2026-09-21,2026-09-22,2026-10-05,166.66666666666666,Worsening,0.0,10.0,Monitor,Seven Mile Lodge
12,BURGLARY,1,0,-1,-100.0,Decreasing,1,0,-1,-100.0,2026-09-08,2026-09-21,2026-09-22,2026-10-05,,Worsening,0.0,0.0,Monitor,Seven Mile Lodge
08,BURGLARY,0,2,2,,Increasing,0,2,2,,2026-09-03,2026-09-16,2026-09-17,2026-09-30,-50.0,Improving,,53.8,Monitor,Seven Mile-Rouge
08,ASSAULT,2,3,1,50.0,Increasing,2,3,1,50.0,2026-09-03,2026-09-16,2026-09-17,2026-09-30,-32.142857142857146,Improving,0.0,50.0,Monitor,Seven Mile-Rouge
08,SEXUAL ASSAULT,0,1,1,,Increasing,0,1,1,,2026-09-03,2026-09-16,2026-09-17,2026-09-30,50.0,Worsening,,39.5,Monitor,Seven Mile-Rouge
08,AGGRAVATED ASSAULT,1,1,0,0.0,No Change,1,1,0,0.0,2026-09-03,2026-09-16,2026-09-17,2026-09-30,-17.391304347826086,Improving,0.0,12.5,Monitor,Seven Mile-Rouge
08,WEAPONS OFFENSES,1,0,-1,-100.0,Decreasing,1,0,-1,-100.0,2026-09-03,2026-09-16,2026-09-17,2026-09-30,75.0,Worsening,0.0,10.0,Monitor,Seven Mile-Rouge
08,DAMAGE TO PROPERTY,2,0,-2,-100.0,Decreasing,2,0,-2,-100.0,2026-09-03,2026-09-16,2026-09-17,2026-09-30,18.181818181818183,Worsening,0.0,3.6,Monitor,Seven Mile-Rouge
08,LARCENY,4,0,-4,-100.0,Decreasing,4,0,-4,-100.0,2026-09-03,2026-09-16,2026-09-17,2026-09-30,13.043478260869565,Consistently Worsening,0.0,2.6,Monitor,Seven Mile-Rouge
08,OBSTRUCTING THE POLICE,1,0,-1,-100.0,Decreasing,1,0,-1,-100.0,2026-09-03,2026-09-16,2026-09-17,2026-09-30,0.0,Stable,0.0,0.0,Monitor,Seven Mile-Rouge
11,AGGRAVATED ASSAULT,1,2,1,100.0,Increasing,1,2,1,100.0,2026-09-09,2026-09-22,2026-09-23,2026-10-06,-69.6969696969697,Improving,0.0,60.0,Monitor,Sherwood
11,LARCENY,0,2,2,,Increasing,0,2,2,,2026-09-09,2026-09-22,2026-09-23,2026-10-06,4.166666666666667,Consistently Worsening,,59.8,Monitor,Sherwood
11,STOLEN VEHICLE,0,1,1,,Increasing,0,1,1,,2026-09-09,2026-09-22,2026-09-23,2026-10-06,12.5,Worsening,,35.3,Monitor,Sherwood
11,BURGLARY,3,2,-1,-33.33,Decreasing,3,2,-1,-33.33,2026-09-09,2026-09-22,2026-09-23,2026-10-06,50.0,Worsening,0.0,35.0,Monitor,Sherwood
11,ASSAULT,3,2,-1,-33.33,Decreasing,3,2,-1,-33.33,2026-09-09,2026-09-22,2026-09-23,2026-10-06,-24.324324324324323,Improving,0.0,25.0,Monitor,Sherwood
11,DAMAGE TO PROPERTY,1,1,0,0.0,No Change,1,1,0,0.0,2026-09-09,2026-09-22,2026-09-23,2026-10-06,-4.545454545454546,Consistently Improving,0.0,15.8,Monitor,Sherwood
11,FRAUD,1,1,0,0.0,No Change,1,1,0,0.0,2026-09-09,2026-09-22,2026-09-23,2026-10-06,-11.11111111111111,Consistently Improving,0.0,15.8,Monitor,Sherwood
12,OUIL,0,2,2,,Increasing,0,2,2,,2026-09-08,2026-09-21,2026-09-22,2026-10-05,0.0,Stable,,59.0,Monitor,Sherwood Forest
12,BURGLARY,0,1,1,,Increasing,0,1,1,,2026-09-08,2026-09-21,2026-09-22,2026-10-05,0.0,Stable,,32.8,Monitor,Sherwood Forest
12,DAMAGE TO PROPERTY,0,1,1,,Increasing,0,1,1,,2026-09-08,2026-09-21,2026-09-22,2026-10-05,-42.857142857142854,Consistently Improving,,32.8,Monitor,Sherwood Forest
12,ASSAULT,1,1,0,0.0,No Change,1,1,0,0.0,2026-09-08,2026-09-21,2026-09-22,2026-10-05,120.0,Worsening,0.0,25.8,Monitor,Sherwood Forest
12,LARCENY,1,1,0,0.0,No Change,1,1,0,0.0,2026-09-08,2026-09-21,2026-09-22,2026-10-05,5.2631578947368425,Consistently Worsening,0.0,16.8,Monitor,Sherwood Forest
08,ROBBERY,0,1,1,,Increasing,0,1,1,,2026-09-08,2026-09-21,2026-09-22,2026-10-05,50.0,Consistently Worsening,,67.0,Monitor,South of Six
08,STOLEN PROPERTY,0,1,1,,Increasing,0,1,1,,2026-09-08,2026-09-21,2026-09-22,2026-10-05,50.0,Consistently Worsening,,67.0,Monitor,South of Six
08,LARCENY,0,1,1,,Increasing,0,1,1,,2026-09-08,2026-09-21,2026-09-22,2026-10-05,-25.0,Consistently Improving,,57.0,Monitor,South of Six
08,BURGLARY,1,1,0,0.0,No Change,1,1,0,0.0,2026-09-08,2026-09-21,2026-09-22,2026-10-05,400.0,Worsening,0.0,35.0,Monitor,South of Six
08,DAMAGE TO PROPERTY,1,0,-1,-100.0,Decreasing,2,0,-2,-100.0,2026-09-08,2026-09-21,2026-09-22,2026-10-05,42.857142857142854,Worsening,0.0,8.6,Monitor,South of Six
00,DAMAGE TO PROPERTY,1,0,-1,-100.0,Decreasing,2,0,-2,-100.0,2026-09-08,2026-09-21,2026-09-22,2026-10-05,,Worsening,0.0,0.0,Monitor,South of Six
08,ASSAULT,1,0,-1,-100.0,Decreasing,1,0,-1,-100.0,2026-09-08,2026-09-21,2026-09-22,2026-10-05,-38.095238095238095,Consistently Improving,0.0,0.0,Monitor,South of Six
08,MISCELLANEOUS,1,0,-1,-100.0,Decreasing,1,0,-1,-100.0,2026-09-08,2026-09-21,2026-09-22,2026-10-05,,Worsening,0.0,0.0,Monitor,South of Six
08,STOLEN VEHICLE,1,0,-1,-100.0,Decreasing,1,0,-1,-100.0,2026-09-08,2026-09-21,2026-09-22,2026-10-05,-55.55555555555556,Improving,0.0,0.0,Monitor,South of Six
06,RUNAWAY,1,5,4,400.0,Increasing,1,5,4,400.0,2026-09-06,2026-09-19,2026-09-20,2026-10-03,,Worsening,0.0,75.0,Watch,Southfield Plymouth
06,DAMAGE TO PROPERTY,1,1,0,0.0,No Change,1,1,0,0.0,2026-09-06,2026-09-19,2026-09-20,2026-10-03,116.66666666666667,Worsening,0.0,19.7,Monitor,Southfield Plymouth
06,AGGRAVATED ASSAULT,1,0,-1,-100.0,Decreasing,1,0,-1,-100.0,2026-09-06,2026-09-19,2026-09-20,2026-10-03,66.66666666666667,Consistently Worsening,0.0,10.0,Monitor,Southfield Plymouth
06,FAMILY OFFENSE,1,0,-1,-100.0,Decreasing,1,0,-1,-100.0,2026-09-06,2026-09-19,2026-09-20,2026-10-03,200.0,Worsening,0.0,10.0,Monitor,Southfield Plymouth
06,ASSAULT,1,0,-1,-100.0,Decreasing,1,0,-1,-100.0,2026-09-06,2026-09-19,2026-09-20,2026-10-03,-36.36363636363637,Improving,0.0,0.0,Monitor,Southfield Plymouth
06,BURGLARY,1,0,-1,-100.0,Decreasing,1,0,-1,-100.0,2026-09-06,2026-09-19,2026-09-20,2026-10-03,-22.22222222222222,Improving,0.0,0.0,Monitor,Southfield Plymouth
04,LARCENY,10,5,-5,-50.0,Decreasing,10,5,-5,-50.0,2026-09-08,2026-09-21,2026-09-22,2026-10-05,-13.68421052631579,Consistently Improving,0.0,23.0,Recent Improvement,Springwells
04,AGGRAVATED ASSAULT,2,3,1,50.0,Increasing,2,3,1,50.0,2026-09-08,2026-09-21,2026-09-22,2026-10-05,-13.235294117647058,Improving,0.0,57.8,Monitor,Springwells
04,DAMAGE TO PROPERTY,2,3,1,50.0,Increasing,2,3,1,50.0,2026-09-08,2026-09-21,2026-09-22,2026-10-05,-20.454545454545453,Consistently Improving,0.0,57.8,Monitor,Springwells
04,ASSAULT,8,6,-2,-25.0,Decreasing,8,6,-2,-25.0,2026-09-08,2026-09-21,2026-09-22,2026-10-05,-21.022727272727273,Improving,0.0,25.0,Monitor,Springwells
04,OBSTRUCTING JUDICIARY,1,1,0,0.0,No Change,1,1,0,0.0,2026-09-08,2026-09-21,2026-09-22,2026-10-05,166.66666666666666,Worsening,0.0,18.9,Monitor,Springwells
04,RUNAWAY,1,1,0,0.0,No Change,1,1,0,0.0,2026-09-08,2026-09-21,2026-09-22,2026-10-05,50.0,Worsening,0.0,18.9,Monitor,Springwells
04,BURGLARY,2,1,-1,-50.0,Decreasing,2,1,-1,-50.0,2026-09-08,2026-09-21,2026-09-22,2026-10-05,-7.6923076923076925,Consistently Improving,0.0,8.9,Monitor,Springwells
04,FRAUD,2,0,-2,-100.0,Decreasing,2,0,-2,-100.0,2026-09-08,2026-09-21,2026-09-22,2026-10-05,-36.8421052631579,Consistently Improving,0.0,0.0,Monitor,Springwells
04,INVASION OF PRIVACY -OTHER,1,0,-1,-100.0,Decreasing,1,0,-1,-100.0,2026-09-08,2026-09-21,2026-09-22,2026-10-05,,Worsening,0.0,0.0,Monitor,Springwells
12,BURGLARY,0,1,1,,Increasing,0,1,1,,2026-09-08,2026-09-21,2026-09-22,2026-10-05,100.0,Worsening,,67.0,Monitor,State Fair
12,LARCENY,0,1,1,,Increasing,0,1,1,,2026-09-08,2026-09-21,2026-09-22,2026-10-05,41.1764705882353,Worsening,,65.2,Monitor,State Fair
12,AGGRAVATED ASSAULT,1,1,0,0.0,No Change,1,1,0,0.0,2026-09-08,2026-09-21,2026-09-22,2026-10-05,33.333333333333336,Worsening,0.0,31.7,Monitor,State Fair
12,WEAPONS OFFENSES,1,0,-1,-100.0,Decreasing,1,0,-1,-100.0,2026-09-08,2026-09-21,2026-09-22,2026-10-05,50.0,Worsening,0.0,10.0,Monitor,State Fair
12,OUIL,2,0,-2,-100.0,Decreasing,2,0,-2,-100.0,2026-09-08,2026-09-21,2026-09-22,2026-10-05,0.0,Stable,0.0,0.0,Monitor,State Fair
03,LARCENY,0,1,1,,Increasing,0,1,1,,2026-08-21,2026-09-03,2026-09-04,2026-09-17,50.0,Worsening,,67.0,Monitor,Tech Town
03,FRAUD,0,1,1,,Increasing,0,1,1,,2026-08-21,2026-09-03,2026-09-04,2026-09-17,-42.857142857142854,Improving,,57.0,Monitor,Tech Town
03,BURGLARY,4,1,-3,-75.0,Decreasing,4,1,-3,-75.0,2026-08-21,2026-09-03,2026-09-04,2026-09-17,600.0,Worsening,0.0,35.0,Monitor,Tech Town
00,ASSAULT,0,1,1,,Increasing,2,3,1,50.0,2026-09-04,2026-09-17,2026-09-18,2026-10-01,,Worsening,,47.8,Monitor,The Eye
08,ASSAULT,2,2,0,0.0,No Change,2,3,1,50.0,2026-09-04,2026-09-17,2026-09-18,2026-10-01,7.142857142857143,Worsening,-50.0,26.4,Monitor,The Eye
08,LARCENY,2,1,-1,-50.0,Decreasing,2,1,-1,-50.0,2026-09-04,2026-09-17,2026-09-18,2026-10-01,47.05882352941177,Worsening,0.0,25.2,Monitor,The Eye
08,STOLEN VEHICLE,1,1,0,0.0,No Change,1,1,0,0.0,2026-09-04,2026-09-17,2026-09-18,2026-10-01,-42.10526315789474,Improving,0.0,15.8,Monitor,The Eye
08,BURGLARY,3,0,-3,-100.0,Decreasing,3,0,-3,-100.0,2026-09-04,2026-09-17,2026-09-18,2026-10-01,36.36363636363637,Worsening,0.0,7.3,Monitor,The Eye
08,AGGRAVATED ASSAULT,3,0,-3,-100.0,Decreasing,3,0,-3,-100.0,2026-09-04,2026-09-17,2026-09-18,2026-10-01,0.0,Stable,0.0,0.0,Monitor,The Eye
08,DAMAGE TO PROPERTY,2,0,-2,-100.0,Decreasing,2,0,-2,-100.0,2026-09-04,2026-09-17,2026-09-18,2026-10-01,-24.0,Improving,0.0,0.0,Monitor,The Eye
08,FRAUD,1,0,-1,-100.0,Decreasing,1,0,-1,-100.0,2026-09-04,2026-09-17,2026-09-18,2026-10-01,-23.529411764705884,Improving,0.0,0.0,Monitor,The Eye
08,SEX OFFENSES,1,0,-1,-100.0,Decreasing,1,0,-1,-100.0,2026-09-04,2026-09-17,2026-09-18,2026-10-01,-44.44444444444444,Improving,0.0,0.0,Monitor,The Eye
12,ASSAULT,0,1,1,,Increasing,0,1,1,,2026-09-01,2026-09-14,2026-09-15,2026-09-28,50.0,Consistently Worsening,,67.0,Monitor,Tri-Point
12,AGGRAVATED ASSAULT,0,1,1,,Increasing,0,1,1,,2026-09-01,2026-09-14,2026-09-15,2026-09-28,0.0,Stable,,57.0,Monitor,Tri-Point
12,OBSTRUCTING THE POLICE,0,1,1,,Increasing,0,1,1,,2026-09-01,2026-09-14,2026-09-15,2026-09-28,,Worsening,,57.0,Monitor,Tri-Point
12,LARCENY,1,1,0,0.0,No Change,1,1,0,0.0,2026-09-01,2026-09-14,2026-09-15,2026-09-28,-42.857142857142854,Improving,0.0,25.0,Monitor,Tri-Point
12,WEAPONS OFFENSES,1,0,-1,-100.0,Decreasing,1,0,-1,-100.0,2026-09-01,2026-09-14,2026-09-15,2026-09-28,800.0,Worsening,0.0,10.0,Monitor,Tri-Point
12,BURGLARY,2,0,-2,-100.0,Decreasing,2,0,-2,-100.0,2026-09-01,2026-09-14,2026-09-15,2026-09-28,0.0,Stable,0.0,0.0,Monitor,Tri-Point
12,LARCENY,4,8,4,100.0,Increasing,4,8,4,100.0,2026-09-08,2026-09-21,2026-09-22,2026-10-05,23.4375,Consistently Worsening,0.0,79.7,Watch,University District
12,DAMAGE TO PROPERTY,2,4,2,100.0,Increasing,2,4,2,100.0,2026-09-08,2026-09-21,2026-09-22,2026-10-05,-13.953488372093023,Consistently Improving,0.0,53.3,Monitor,University District
12,STOLEN VEHICLE,0,2,2,,Increasing,0,2,2,,2026-09-08,2026-09-21,2026-09-22,2026-10-05,33.333333333333336,Worsening,,38.2,Monitor,University District
12,FRAUD,0,1,1,,Increasing,0,1,1,,2026-09-08,2026-09-21,2026-09-22,2026-10-05,-50.0,Improving,,17.4,Monitor,University District
12,SEX OFFENSES,1,0,-1,-100.0,Decreasing,1,0,-1,-100.0,2026-09-08,2026-09-21,2026-09-22,2026-10-05,100.0,Consistently Worsening,0.0,10.0,Monitor,University District
03,RUNAWAY,0,1,1,,Increasing,0,1,1,,2026-08-13,2026-08-26,2026-08-27,2026-09-09,100.0,Worsening,,67.0,Monitor,Virginia Park
03,LARCENY,1,0,-1,-100.0,Decreasing,1,0,-1,-100.0,2026-08-13,2026-08-26,2026-08-27,2026-09-09,600.0,Consistently Worsening,0.0,10.0,Monitor,Virginia Park
03,ASSAULT,1,0,-1,-100.0,Decreasing,1,0,-1,-100.0,2026-08-13,2026-08-26,2026-08-27,2026-09-09,25.0,Consistently Worsening,0.0,5.0,Monitor,Virginia Park
10,DAMAGE TO PROPERTY,2,8,6,300.0,Increasing,2,8,6,300.0,2026-09-08,2026-09-21,2026-09-22,2026-10-05,20.338983050847457,Worsening,0.0,79.1,Watch,Virginia Park Community
10,BURGLARY,1,5,4,400.0,Increasing,1,5,4,400.0,2026-09-08,2026-09-21,2026-09-22,2026-10-05,32.0,Worsening,0.0,66.8,Watch,Virginia Park Community
10,ASSAULT,3,5,2,66.67,Increasing,3,5,2,66.67,2026-09-08,2026-09-21,2026-09-22,2026-10-05,49.46236559139785,Worsening,0.0,53.6,Watch,Virginia Park Community
10,AGGRAVATED ASSAULT,3,5,2,66.67,Increasing,3,5,2,66.67,2026-09-08,2026-09-21,2026-09-22,2026-10-05,-3.6363636363636362,Improving,0.0,43.7,Watch,Virginia Park Community
10,LARCENY,6,3,-3,-50.0,Decreasing,6,3,-3,-50.0,2026-09-08,2026-09-21,2026-09-22,2026-10-05,2.912621359223301,Consistently Worsening,0.0,16.4,Monitor,Virginia Park Community
10,SEX OFFENSES,0,1,1,,Increasing,0,1,1,,2026-09-08,2026-09-21,2026-09-22,2026-10-05,-20.0,Improving,,14.9,Monitor,Virginia Park Community
10,OBSTRUCTING THE POLICE,1,0,-1,-100.0,Decreasing,1,0,-1,-100.0,2026-09-08,2026-09-21,2026-09-22,2026-10-05,133.33333333333334,Worsening,0.0,10.0,Monitor,Virginia Park Community
10,FAMILY OFFENSE,1,1,0,0.0,No Change,1,1,0,0.0,2026-09-08,2026-09-21,2026-09-22,2026-10-05,-12.5,Improving,0.0,7.9,Monitor,Virginia Park Community
10,FRAUD,1,1,0,0.0,No Change,1,1,0,0.0,2026-09-08,2026-09-21,2026-09-22,2026-10-05,-28.125,Consistently Improving,0.0,7.9,Monitor,Virginia Park Community
10,OBSTRUCTING JUDICIARY,1,0,-1,-100.0,Decreasing,1,0,-1,-100.0,2026-09-08,2026-09-21,2026-09-22,2026-10-05,25.0,Consistently Worsening,0.0,5.0,Monitor,Virginia Park Community
10,STOLEN VEHICLE,2,0,-2,-100.0,Decreasing,2,0,-2,-100.0,2026-09-08,2026-09-21,2026-09-22,2026-10-05,21.05263157894737,Worsening,0.0,4.2,Monitor,Virginia Park Community
10,DANGEROUS DRUGS,1,0,-1,-100.0,Decreasing,1,0,-1,-100.0,2026-09-08,2026-09-21,2026-09-22,2026-10-05,-28.571428571428573,Improving,0.0,0.0,Monitor,Virginia Park Community
10,OUIL,2,0,-2,-100.0,Decreasing,2,0,-2,-100.0,2026-09-08,2026-09-21,2026-09-22,2026-10-05,0.0,Stable,0.0,0.0,Monitor,Virginia Park Community
10,WEAPONS OFFENSES,1,0,-1,-100.0,Decreasing,1,0,-1,-100.0,2026-09-08,2026-09-21,2026-09-22,2026-10-05,0.0,Stable,0.0,0.0,Monitor,Virginia Park Community
09,WEAPONS OFFENSES,2,5,3,150.0,Increasing,2,5,3,150.0,2026-09-09,2026-09-22,2026-09-23,2026-10-06,7.407407407407407,Consistently Worsening,0.0,76.5,Watch,Von Steuben
09,DAMAGE TO PROPERTY,2,4,2,100.0,Increasing,2,4,2,100.0,2026-09-09,2026-09-22,2026-09-23,2026-10-06,-28.78787878787879,Improving,0.0,62.5,Monitor,Von Steuben
09,LARCENY,1,2,1,100.0,Increasing,1,2,1,100.0,2026-09-09,2026-09-22,2026-09-23,2026-10-06,-35.08771929824562,Improving,0.0,45.3,Monitor,Von Steuben
09,STOLEN VEHICLE,1,2,1,100.0,Increasing,1,2,1,100.0,2026-09-09,2026-09-22,2026-09-23,2026-10-06,-18.181818181818183,Consistently Improving,0.0,45.3,Monitor,Von Steuben
09,BURGLARY,0,2,2,,Increasing,0,2,2,,2026-09-09,2026-09-22,2026-09-23,2026-10-06,7.317073170731708,Consistently Worsening,,40.8,Monitor,Von Steuben
09,FRAUD,0,2,2,,Increasing,0,2,2,,2026-09-09,2026-09-22,2026-09-23,2026-10-06,4.545454545454546,Worsening,,40.2,Monitor,Von Steuben
09,OBSTRUCTING JUDICIARY,0,1,1,,Increasing,0,1,1,,2026-09-09,2026-09-22,2026-09-23,2026-10-06,366.6666666666667,Worsening,,31.7,Monitor,Von Steuben
09,RUNAWAY,0,1,1,,Increasing,0,1,1,,2026-09-09,2026-09-22,2026-09-23,2026-10-06,166.66666666666666,Worsening,,31.7,Monitor,Von Steuben
09,ASSAULT,12,3,-9,-75.0,Decreasing,12,3,-9,-75.0,2026-09-09,2026-09-22,2026-09-23,2026-10-06,3.508771929824561,Consistently Worsening,0.0,20.0,Monitor,Von Steuben
09,AGGRAVATED ASSAULT,5,2,-3,-60.0,Decreasing,5,2,-3,-60.0,2026-09-09,2026-09-22,2026-09-23,2026-10-06,-32.30769230769231,Consistently Improving,0.0,15.3,Monitor,Von Steuben
09,OBSTRUCTING THE POLICE,1,0,-1,-100.0,Decreasing,1,0,-1,-100.0,2026-09-09,2026-09-22,2026-09-23,2026-10-06,100.0,Worsening,0.0,10.0,Monitor,Von Steuben
09,ROBBERY,1,1,0,0.0,No Change,1,1,0,0.0,2026-09-09,2026-09-22,2026-09-23,2026-10-06,-42.857142857142854,Improving,0.0,9.7,Monitor,Von Steuben
09,FAMILY OFFENSE,1,0,-1,-100.0,Decreasing,1,0,-1,-100.0,2026-09-09,2026-09-22,2026-09-23,2026-10-06,-33.333333333333336,Improving,0.0,0.0,Monitor,Von Steuben
09,STOLEN PROPERTY,2,0,-2,-100.0,Decreasing,2,0,-2,-100.0,2026-09-09,2026-09-22,2026-09-23,2026-10-06,-43.47826086956522,Improving,0.0,0.0,Monitor,Von Steuben
09,LARCENY,1,2,1,100.0,Increasing,1,2,1,100.0,2026-09-07,2026-09-20,2026-09-21,2026-10-04,-37.5,Improving,0.0,67.1,Monitor,Wade
09,FAMILY OFFENSE,0,1,1,,Increasing,0,1,1,,2026-09-07,2026-09-20,2026-09-21,2026-10-04,80.0,Consistently Worsening,,52.8,Monitor,Wade
09,AGGRAVATED ASSAULT,0,1,1,,Increasing,0,1,1,,2026-09-07,2026-09-20,2026-09-21,2026-10-04,-25.641025641025642,Improving,,42.8,Monitor,Wade
09,ARSON,0,1,1,,Increasing,0,1,1,,2026-09-07,2026-09-20,2026-09-21,2026-10-04,-50.0,Improving,,42.8,Monitor,Wade
09,OBSTRUCTING JUDICIARY,0,1,1,,Increasing,0,1,1,,2026-09-07,2026-09-20,2026-09-21,2026-10-04,-66.66666666666667,Improving,,42.8,Monitor,Wade
09,WEAPONS OFFENSES,0,1,1,,Increasing,0,1,1,,2026-09-07,2026-09-20,2026-09-21,2026-10-04,-10.526315789473685,Improving,,42.8,Monitor,Wade
09,ASSAULT,4,4,0,0.0,No Change,4,4,0,0.0,2026-09-07,2026-09-20,2026-09-21,2026-10-04,-5.797101449275362,Improving,0.0,25.0,Monitor,Wade
09,DAMAGE TO PROPERTY,1,1,0,0.0,No Change,1,1,0,0.0,2026-09-07,2026-09-20,2026-09-21,2026-10-04,-13.513513513513514,Consistently Improving,0.0,10.8,Monitor,Wade
09,FRAUD,1,1,0,0.0,No Change,1,1,0,0.0,2026-09-07,2026-09-20,2026-09-21,2026-10-04,-33.333333333333336,Consistently Improving,0.0,10.8,Monitor,Wade
09,STOLEN PROPERTY,1,1,0,0.0,No Change,1,1,0,0.0,2026-09-07,2026-09-20,2026-09-21,2026-10-04,-42.857142857142854,Improving,0.0,10.8,Monitor,Wade
09,ROBBERY,1,0,-1,-100.0,Decreasing,1,0,-1,-100.0,2026-09-07,2026-09-20,2026-09-21,2026-10-04,100.0,Worsening,0.0,10.0,Monitor,Wade
09,STOLEN VEHICLE,1,0,-1,-100.0,Decreasing,1,0,-1,-100.0,2026-09-07,2026-09-20,2026-09-21,2026-10-04,35.0,Worsening,0.0,7.0,Monitor,Wade
09,BURGLARY,2,0,-2,-100.0,Decreasing,2,0,-2,-100.0,2026-09-07,2026-09-20,2026-09-21,2026-10-04,-12.0,Improving,0.0,0.0,Monitor,Wade
09,OUIL,2,0,-2,-100.0,Decreasing,2,0,-2,-100.0,2026-09-07,2026-09-20,2026-09-21,2026-10-04,,Worsening,0.0,0.0,Monitor,Wade
09,SEXUAL ASSAULT,1,0,-1,-100.0,Decreasing,1,0,-1,-100.0,2026-09-07,2026-09-20,2026-09-21,2026-10-04,0.0,Stable,0.0,0.0,Monitor,Wade
06,AGGRAVATED ASSAULT,4,5,1,25.0,Increasing,4,5,1,25.0,2026-09-09,2026-09-22,2026-09-23,2026-10-06,-15.873015873015873,Improving,0.0,56.5,Watch,Warren Ave Community
06,INVASION OF PRIVACY -OTHER,0,1,1,,Increasing,0,1,1,,2026-09-09,2026-09-22,2026-09-23,2026-10-06,200.0,Consistently Worsening,,50.3,Monitor,Warren Ave Community
06,ARSON,0,1,1,,Increasing,0,1,1,,2026-09-09,2026-09-22,2026-09-23,2026-10-06,0.0,Stable,,40.3,Monitor,Warren Ave Community
06,OBSTRUCTING THE POLICE,0,1,1,,Increasing,0,1,1,,2026-09-09,2026-09-22,2026-09-23,2026-10-06,0.0,Stable,,40.3,Monitor,Warren Ave Community
06,STOLEN PROPERTY,0,1,1,,Increasing,0,1,1,,2026-09-09,2026-09-22,2026-09-23,2026-10-06,-35.294117647058826,Consistently Improving,,40.3,Monitor,Warren Ave Community
06,ASSAULT,11,7,-4,-36.36,Decreasing,11,7,-4,-36.36,2026-09-09,2026-09-22,2026-09-23,2026-10-06,3.6496350364963503,Worsening,0.0,25.7,Monitor,Warren Ave Community
06,LARCENY,9,3,-6,-66.67,Decreasing,9,3,-6,-66.67,2026-09-09,2026-09-22,2026-09-23,2026-10-06,14.117647058823529,Worsening,0.0,19.5,Monitor,Warren Ave Community
06,RUNAWAY,1,1,0,0.0,No Change,1,1,0,0.0,2026-09-09,2026-09-22,2026-09-23,2026-10-06,200.0,Worsening,0.0,18.3,Monitor,Warren Ave Community
06,DAMAGE TO PROPERTY,7,3,-4,-57.14,Decreasing,7,3,-4,-57.14,2026-09-09,2026-09-22,2026-09-23,2026-10-06,7.142857142857143,Worsening,0.0,18.1,Monitor,Warren Ave Community
06,ROBBERY,1,1,0,0.0,No Change,1,1,0,0.0,2026-09-09,2026-09-22,2026-09-23,2026-10-06,42.857142857142854,Worsening,0.0,16.9,Monitor,Warren Ave Community
06,FRAUD,1,1,0,0.0,No Change,1,1,0,0.0,2026-09-09,2026-09-22,2026-09-23,2026-10-06,15.384615384615385,Worsening,0.0,11.4,Monitor,Warren Ave Community
06,BURGLARY,4,0,-4,-100.0,Decreasing,4,0,-4,-100.0,2026-09-09,2026-09-22,2026-09-23,2026-10-06,50.0,Consistently Worsening,0.0,10.0,Monitor,Warren Ave Community
06,DANGEROUS DRUGS,3,0,-3,-100.0,Decreasing,3,0,-3,-100.0,2026-09-09,2026-09-22,2026-09-23,2026-10-06,183.33333333333334,Worsening,0.0,10.0,Monitor,Warren Ave Community
06,SEX OFFENSES,1,0,-1,-100.0,Decreasing,1,0,-1,-100.0,2026-09-09,2026-09-22,2026-09-23,2026-10-06,20.0,Worsening,0.0,4.0,Monitor,Warren Ave Community
06,KIDNAPPING,1,0,-1,-100.0,Decreasing,1,0,-1,-100.0,2026-09-09,2026-09-22,2026-09-23,2026-10-06,,Worsening,0.0,0.0,Monitor,Warren Ave Community
06,STOLEN VEHICLE,2,0,-2,-100.0,Decreasing,2,0,-2,-100.0,2026-09-09,2026-09-22,2026-09-23,2026-10-06,-11.864406779661017,Improving,0.0,0.0,Monitor,Warren Ave Community
06,STOLEN VEHICLE,2,5,3,150.0,Increasing,2,5,3,150.0,2026-09-10,2026-09-23,2026-09-24,2026-10-07,-25.35211267605634,Consistently Improving,0.0,69.5,Watch,Warrendale
06,DAMAGE TO PROPERTY,4,7,3,75.0,Increasing,4,7,3,75.0,2026-09-10,2026-09-23,2026-09-24,2026-10-07,-15.0,Improving,0.0,67.6,Watch,Warrendale
06,ASSAULT,15,9,-6,-40.0,Decreasing,15,9,-6,-40.0,2026-09-10,2026-09-23,2026-09-24,2026-10-07,-7.957559681697613,Consistently Improving,0.0,25.0,Recent Improvement,Warrendale
06,FRAUD,3,4,1,33.33,Increasing,3,4,1,33.33,2026-09-10,2026-09-23,2026-09-24,2026-10-07,34.523809523809526,Worsening,0.0,41.0,Monitor,Warrendale
06,ARSON,0,1,1,,Increasing,0,1,1,,2026-09-10,2026-09-23,2026-09-24,2026-10-07,20.0,Consistently Worsening,,23.5,Monitor,Warrendale
06,AGGRAVATED ASSAULT,6,6,0,0.0,No Change,6,6,0,0.0,2026-09-10,2026-09-23,2026-09-24,2026-10-07,-29.11392405063291,Consistently Improving,0.0,21.1,Monitor,Warrendale
06,BURGLARY,7,6,-1,-14.29,Decreasing,7,6,-1,-14.29,2026-09-10,2026-09-23,2026-09-24,2026-10-07,-21.52777777777778,Improving,0.0,21.1,Monitor,Warrendale
06,LARCENY,9,6,-3,-33.33,Decreasing,9,6,-3,-33.33,2026-09-10,2026-09-23,2026-09-24,2026-10-07,-2.247191011235955,Consistently Improving,0.0,21.1,Monitor,Warrendale
06,FAMILY OFFENSE,0,1,1,,Increasing,0,1,1,,2026-09-10,2026-09-23,2026-09-24,2026-10-07,-28.571428571428573,Improving,,19.5,Monitor,Warrendale
06,WEAPONS OFFENSES,3,3,0,0.0,No Change,3,3,0,0.0,2026-09-10,2026-09-23,2026-09-24,2026-10-07,-16.949152542372882,Consistently Improving,0.0,15.1,Monitor,Warrendale
06,HOMICIDE,1,0,-1,-100.0,Decreasing,1,0,-1,-100.0,2026-09-10,2026-09-23,2026-09-24,2026-10-07,50.0,Worsening,0.0,10.0,Monitor,Warrendale
06,INVASION OF PRIVACY -OTHER,1,0,-1,-100.0,Decreasing,1,0,-1,-100.0,2026-09-10,2026-09-23,2026-09-24,2026-10-07,1200.0,Worsening,0.0,10.0,Monitor,Warrendale
06,OBSTRUCTING JUDICIARY,4,0,-4,-100.0,Decreasing,4,0,-4,-100.0,2026-09-10,2026-09-23,2026-09-24,2026-10-07,262.5,Worsening,0.0,10.0,Monitor,Warrendale
06,RUNAWAY,1,1,0,0.0,No Change,1,1,0,0.0,2026-09-10,2026-09-23,2026-09-24,2026-10-07,-35.294117647058826,Improving,0.0,7.5,Monitor,Warrendale
06,ROBBERY,2,0,-2,-100.0,Decreasing,2,0,-2,-100.0,2026-09-10,2026-09-23,2026-09-24,2026-10-07,33.333333333333336,Worsening,0.0,6.7,Monitor,Warrendale
06,DANGEROUS DRUGS,1,0,-1,-100.0,Decreasing,1,0,-1,-100.0,2026-09-10,2026-09-23,2026-09-24,2026-10-07,16.666666666666668,Worsening,0.0,3.3,Monitor,Warrendale
06,STOLEN PROPERTY,2,0,-2,-100.0,Decreasing,2,0,-2,-100.0,2026-09-10,2026-09-23,2026-09-24,2026-10-07,-27.77777777777778,Consistently Improving,0.0,0.0,Monitor,Warrendale
05,ASSAULT,0,1,1,,Increasing,0,1,1,,2026-06-21,2026-07-04,2026-07-05,2026-07-18,,Worsening,,57.0,Monitor,Waterworks Park
03,INVASION OF PRIVACY -OTHER,1,4,3,300.0,Increasing,1,4,3,300.0,2026-09-09,2026-09-22,2026-09-23,2026-10-06,1300.0,Worsening,0.0,85.0,Monitor,Wayne State
03,LARCENY,5,3,-2,-40.0,Decreasing,5,3,-2,-40.0,2026-09-09,2026-09-22,2026-09-23,2026-10-06,45.45454545454545,Consistently Worsening,0.0,30.6,Monitor,Wayne State
03,ASSAULT,4,3,-1,-25.0,Decreasing,4,3,-1,-25.0,2026-09-09,2026-09-22,2026-09-23,2026-10-06,8.695652173913043,Consistently Worsening,0.0,23.3,Monitor,Wayne State
03,AGGRAVATED ASSAULT,0,1,1,,Increasing,0,1,1,,2026-09-09,2026-09-22,2026-09-23,2026-10-06,-16.666666666666668,Consistently Improving,,22.8,Monitor,Wayne State
03,WEAPONS OFFENSES,0,1,1,,Increasing,0,1,1,,2026-09-09,2026-09-22,2026-09-23,2026-10-06,-62.5,Improving,,22.8,Monitor,Wayne State
03,OBSTRUCTING THE POLICE,1,1,0,0.0,No Change,1,1,0,0.0,2026-09-09,2026-09-22,2026-09-23,2026-10-06,37.5,Worsening,0.0,18.3,Monitor,Wayne State
03,STOLEN VEHICLE,1,1,0,0.0,No Change,1,1,0,0.0,2026-09-09,2026-09-22,2026-09-23,2026-10-06,33.333333333333336,Worsening,0.0,17.4,Monitor,Wayne State
03,DAMAGE TO PROPERTY,2,2,0,0.0,No Change,2,2,0,0.0,2026-09-09,2026-09-22,2026-09-23,2026-10-06,-29.508196721311474,Improving,0.0,17.1,Monitor,Wayne State
03,OBSTRUCTING JUDICIARY,1,1,0,0.0,No Change,1,1,0,0.0,2026-09-09,2026-09-22,2026-09-23,2026-10-06,-60.0,Improving,0.0,10.8,Monitor,Wayne State
03,DANGEROUS DRUGS,1,0,-1,-100.0,Decreasing,1,0,-1,-100.0,2026-09-09,2026-09-22,2026-09-23,2026-10-06,150.0,Worsening,0.0,10.0,Monitor,Wayne State
03,BURGLARY,1,0,-1,-100.0,Decreasing,1,0,-1,-100.0,2026-09-09,2026-09-22,2026-09-23,2026-10-06,-8.333333333333334,Improving,0.0,0.0,Monitor,Wayne State
03,FRAUD,4,0,-4,-100.0,Decreasing,4,0,-4,-100.0,2026-09-09,2026-09-22,2026-09-23,2026-10-06,-8.571428571428571,Improving,0.0,0.0,Monitor,Wayne State
03,LIQUOR,1,0,-1,-100.0,Decreasing,1,0,-1,-100.0,2026-09-09,2026-09-22,2026-09-23,2026-10-06,,Worsening,0.0,0.0,Monitor,Wayne State
02,FRAUD,6,15,9,150.0,Increasing,6,15,9,150.0,2026-09-09,2026-09-22,2026-09-23,2026-10-06,9.836065573770492,Consistently Worsening,0.0,77.0,Emerging Concern,We Care Community
02,ASSAULT,1,2,1,100.0,Increasing,1,2,1,100.0,2026-09-09,2026-09-22,2026-09-23,2026-10-06,9.375,Consistently Worsening,0.0,35.1,Monitor,We Care Community
02,DAMAGE TO PROPERTY,1,2,1,100.0,Increasing,1,2,1,100.0,2026-09-09,2026-09-22,2026-09-23,2026-10-06,-27.659574468085108,Improving,0.0,33.2,Monitor,We Care Community
02,AGGRAVATED ASSAULT,2,3,1,50.0,Increasing,2,3,1,50.0,2026-09-09,2026-09-22,2026-09-23,2026-10-06,34.61538461538461,Worsening,0.0,32.8,Monitor,We Care Community
02,BURGLARY,0,1,1,,Increasing,0,1,1,,2026-09-09,2026-09-22,2026-09-23,2026-10-06,87.5,Consistently Worsening,,21.6,Monitor,We Care Community
02,WEAPONS OFFENSES,1,0,-1,-100.0,Decreasing,1,0,-1,-100.0,2026-09-09,2026-09-22,2026-09-23,2026-10-06,171.42857142857142,Worsening,0.0,10.0,Monitor,We Care Community
02,FAMILY OFFENSE,1,0,-1,-100.0,Decreasing,1,0,-1,-100.0,2026-09-09,2026-09-22,2026-09-23,2026-10-06,40.0,Consistently Worsening,0.0,8.0,Monitor,We Care Community
02,STOLEN VEHICLE,1,1,0,0.0,No Change,1,1,0,0.0,2026-09-09,2026-09-22,2026-09-23,2026-10-06,-38.888888888888886,Consistently Improving,0.0,6.2,Monitor,We Care Community
02,INVASION OF PRIVACY -OTHER,1,0,-1,-100.0,Decreasing,1,0,-1,-100.0,2026-09-09,2026-09-22,2026-09-23,2026-10-06,,Worsening,0.0,0.0,Monitor,We Care Community
02,LARCENY,3,0,-3,-100.0,Decreasing,3,0,-3,-100.0,2026-09-09,2026-09-22,2026-09-23,2026-10-06,-20.512820512820515,Improving,0.0,0.0,Monitor,We Care Community
02,RUNAWAY,1,0,-1,-100.0,Decreasing,1,0,-1,-100.0,2026-09-09,2026-09-22,2026-09-23,2026-10-06,-33.333333333333336,Improving,0.0,0.0,Monitor,We Care Community
02,STOLEN PROPERTY,1,0,-1,-100.0,Decreasing,1,0,-1,-100.0,2026-09-09,2026-09-22,2026-09-23,2026-10-06,-25.0,Improving,0.0,0.0,Monitor,We Care Community
06,DAMAGE TO PROPERTY,0,5,5,,Increasing,0,5,5,,2026-09-09,2026-09-22,2026-09-23,2026-10-06,68.18181818181819,Worsening,,75.0,Watch,Weatherby
06,AGGRAVATED ASSAULT,1,3,2,200.0,Increasing,1,3,2,200.0,2026-09-09,2026-09-22,2026-09-23,2026-10-06,0.0,Stable,0.0,51.3,Monitor,Weatherby
06,LARCENY,1,3,2,200.0,Increasing,1,3,2,200.0,2026-09-09,2026-09-22,2026-09-23,2026-10-06,-14.285714285714286,Improving,0.0,51.3,Monitor,Weatherby
06,BURGLARY,0,2,2,,Increasing,0,2,2,,2026-09-09,2026-09-22,2026-09-23,2026-10-06,27.272727272727273,Consistently Worsening,,36.8,Monitor,Weatherby
06,ASSAULT,3,3,0,0.0,No Change,3,3,0,0.0,2026-09-09,2026-09-22,2026-09-23,2026-10-06,2.0833333333333335,Consistently Worsening,0.0,19.8,Monitor,Weatherby
06,WEAPONS OFFENSES,0,1,1,,Increasing,0,1,1,,2026-09-09,2026-09-22,2026-09-23,2026-10-06,-15.384615384615385,Consistently Improving,,17.7,Monitor,Weatherby
06,FRAUD,2,0,-2,-100.0,Decreasing,2,0,-2,-100.0,2026-09-09,2026-09-22,2026-09-23,2026-10-06,15.384615384615385,Consistently Worsening,0.0,3.1,Monitor,Weatherby
06,SEXUAL ASSAULT,1,0,-1,-100.0,Decreasing,1,0,-1,-100.0,2026-09-09,2026-09-22,2026-09-23,2026-10-06,0.0,Stable,0.0,0.0,Monitor,Weatherby
05,DAMAGE TO PROPERTY,1,4,3,300.0,Increasing,2,4,2,100.0,2026-09-06,2026-09-19,2026-09-20,2026-10-03,40.0,Worsening,200.0,98.0,Monitor,West End
05,STOLEN VEHICLE,0,2,2,,Increasing,0,2,2,,2026-09-06,2026-09-19,2026-09-20,2026-10-03,-15.789473684210526,Consistently Improving,,41.1,Monitor,West End
07,LARCENY,0,2,2,,Increasing,3,2,-1,-33.33,2026-09-06,2026-09-19,2026-09-20,2026-10-03,-13.333333333333334,Improving,,41.1,Monitor,West End
07,ASSAULT,1,1,0,0.0,No Change,2,1,-1,-50.0,2026-09-06,2026-09-19,2026-09-20,2026-10-03,42.857142857142854,Worsening,50.0,34.3,Monitor,West End
05,INVASION OF PRIVACY -OTHER,0,1,1,,Increasing,0,1,1,,2026-09-06,2026-09-19,2026-09-20,2026-10-03,100.0,Worsening,,32.8,Monitor,West End
05,OBSTRUCTING JUDICIARY,0,1,1,,Increasing,0,1,1,,2026-09-06,2026-09-19,2026-09-20,2026-10-03,500.0,Worsening,,32.8,Monitor,West End
05,ARSON,0,1,1,,Increasing,0,1,1,,2026-09-06,2026-09-19,2026-09-20,2026-10-03,-20.0,Improving,,22.8,Monitor,West End
05,AGGRAVATED ASSAULT,3,1,-2,-66.67,Decreasing,3,1,-2,-66.67,2026-09-06,2026-09-19,2026-09-20,2026-10-03,-2.857142857142857,Improving,0.0,10.8,Monitor,West End
05,SEXUAL ASSAULT,2,0,-2,-100.0,Decreasing,2,0,-2,-100.0,2026-09-06,2026-09-19,2026-09-20,2026-10-03,400.0,Worsening,0.0,10.0,Monitor,West End
07,DAMAGE TO PROPERTY,1,0,-1,-100.0,Decreasing,2,4,2,100.0,2026-09-06,2026-09-19,2026-09-20,2026-10-03,62.5,Worsening,-200.0,10.0,Monitor,West End
07,WEAPONS OFFENSES,1,0,-1,-100.0,Decreasing,1,0,-1,-100.0,2026-09-06,2026-09-19,2026-09-20,2026-10-03,40.0,Worsening,0.0,8.0,Monitor,West End
05,ASSAULT,1,0,-1,-100.0,Decreasing,2,1,-1,-50.0,2026-09-06,2026-09-19,2026-09-20,2026-10-03,30.232558139534884,Worsening,-50.0,6.0,Monitor,West End
05,KIDNAPPING,1,0,-1,-100.0,Decreasing,1,0,-1,-100.0,2026-09-06,2026-09-19,2026-09-20,2026-10-03,,Worsening,0.0,0.0,Monitor,West End
05,LARCENY,3,0,-3,-100.0,Decreasing,3,2,-1,-33.33,2026-09-06,2026-09-19,2026-09-20,2026-10-03,-55.88235294117647,Improving,-66.67,0.0,Monitor,West End
05,OBSTRUCTING THE POLICE,1,0,-1,-100.0,Decreasing,1,0,-1,-100.0,2026-09-06,2026-09-19,2026-09-20,2026-10-03,-16.666666666666668,Consistently Improving,0.0,0.0,Monitor,West End
06,AGGRAVATED ASSAULT,1,3,2,200.0,Increasing,1,3,2,200.0,2026-09-04,2026-09-17,2026-09-18,2026-10-01,200.0,Worsening,0.0,85.0,Monitor,West Outer Drive
06,DAMAGE TO PROPERTY,1,2,1,100.0,Increasing,1,2,1,100.0,2026-09-04,2026-09-17,2026-09-18,2026-10-01,-16.666666666666668,Improving,0.0,54.8,Monitor,West Outer Drive
06,BURGLARY,0,1,1,,Increasing,0,1,1,,2026-09-04,2026-09-17,2026-09-18,2026-10-01,-75.0,Consistently Improving,,29.5,Monitor,West Outer Drive
06,OBSTRUCTING THE POLICE,0,1,1,,Increasing,0,1,1,,2026-09-04,2026-09-17,2026-09-18,2026-10-01,-33.333333333333336,Improving,,29.5,Monitor,West Outer Drive
06,STOLEN VEHICLE,1,0,-1,-100.0,Decreasing,1,0,-1,-100.0,2026-09-04,2026-09-17,2026-09-18,2026-10-01,325.0,Worsening,0.0,10.0,Monitor,West Outer Drive
03,LARCENY,0,3,3,,Increasing,0,4,4,,2026-09-08,2026-09-21,2026-09-22,2026-10-05,17.647058823529413,Worsening,,64.5,Monitor,West Side Industrial
03,ASSAULT,0,2,2,,Increasing,0,3,3,,2026-09-08,2026-09-21,2026-09-22,2026-10-05,90.0,Consistently Worsening,,53.8,Monitor,West Side Industrial
04,BURGLARY,0,2,2,,Increasing,0,2,2,,2026-09-08,2026-09-21,2026-09-22,2026-10-05,,Worsening,,43.8,Monitor,West Side Industrial
04,AGGRAVATED ASSAULT,0,1,1,,Increasing,0,1,1,,2026-09-08,2026-09-21,2026-09-22,2026-10-05,60.0,Consistently Worsening,,34.5,Monitor,West Side Industrial
04,ASSAULT,0,1,1,,Increasing,0,3,3,,2026-09-08,2026-09-21,2026-09-22,2026-10-05,83.33333333333333,Worsening,,34.5,Monitor,West Side Industrial
04,LARCENY,0,1,1,,Increasing,0,4,4,,2026-09-08,2026-09-21,2026-09-22,2026-10-05,9.090909090909092,Worsening,,26.3,Monitor,West Side Industrial
03,FORGERY,0,1,1,,Increasing,0,1,1,,2026-09-08,2026-09-21,2026-09-22,2026-10-05,,Worsening,,24.5,Monitor,West Side Industrial
04,STOLEN PROPERTY,1,0,-1,-100.0,Decreasing,1,0,-1,-100.0,2026-09-08,2026-09-21,2026-09-22,2026-10-05,200.0,Worsening,0.0,10.0,Monitor,West Side Industrial
03,HEALTH AND SAFETY,1,0,-1,-100.0,Decreasing,1,0,-1,-100.0,2026-09-08,2026-09-21,2026-09-22,2026-10-05,,Worsening,0.0,0.0,Monitor,West Side Industrial
04,FRAUD,1,0,-1,-100.0,Decreasing,1,0,-1,-100.0,2026-09-08,2026-09-21,2026-09-22,2026-10-05,-44.44444444444444,Improving,0.0,0.0,Monitor,West Side Industrial
07,AGGRAVATED ASSAULT,0,1,1,,Increasing,0,1,1,,2026-09-07,2026-09-20,2026-09-21,2026-10-04,-50.0,Improving,,47.8,Monitor,West Village
07,FRAUD,0,1,1,,Increasing,0,1,1,,2026-09-07,2026-09-20,2026-09-21,2026-10-04,-28.571428571428573,Improving,,47.8,Monitor,West Village
07,LARCENY,3,2,-1,-33.33,Decreasing,3,2,-1,-33.33,2026-09-07,2026-09-20,2026-09-21,2026-10-04,35.714285714285715,Worsening,0.0,32.1,Monitor,West Village
07,DAMAGE TO PROPERTY,3,0,-3,-100.0,Decreasing,3,0,-3,-100.0,2026-09-07,2026-09-20,2026-09-21,2026-10-04,-19.047619047619047,Consistently Improving,0.0,0.0,Monitor,West Village
08,DAMAGE TO PROPERTY,0,2,2,,Increasing,0,2,2,,2026-09-05,2026-09-18,2026-09-19,2026-10-02,25.0,Consistently Worsening,,64.0,Monitor,Westwood Park
08,AGGRAVATED ASSAULT,0,1,1,,Increasing,0,1,1,,2026-09-05,2026-09-18,2026-09-19,2026-10-02,100.0,Worsening,,42.8,Monitor,Westwood Park
08,FRAUD,0,1,1,,Increasing,0,1,1,,2026-09-05,2026-09-18,2026-09-19,2026-10-02,-71.42857142857143,Improving,,32.8,Monitor,Westwood Park
08,INVASION OF PRIVACY -OTHER,0,1,1,,Increasing,0,1,1,,2026-09-05,2026-09-18,2026-09-19,2026-10-02,,Worsening,,32.8,Monitor,Westwood Park
08,LARCENY,0,1,1,,Increasing,0,1,1,,2026-09-05,2026-09-18,2026-09-19,2026-10-02,-20.0,Improving,,32.8,Monitor,Westwood Park
08,ASSAULT,2,1,-1,-50.0,Decreasing,2,1,-1,-50.0,2026-09-05,2026-09-18,2026-09-19,2026-10-02,64.28571428571429,Worsening,0.0,25.8,Monitor,Westwood Park
08,WEAPONS OFFENSES,1,0,-1,-100.0,Decreasing,1,0,-1,-100.0,2026-09-05,2026-09-18,2026-09-19,2026-10-02,100.0,Consistently Worsening,0.0,10.0,Monitor,Westwood Park
08,STOLEN VEHICLE,1,0,-1,-100.0,Decreasing,1,0,-1,-100.0,2026-09-05,2026-09-18,2026-09-19,2026-10-02,-25.0,Improving,0.0,0.0,Monitor,Westwood Park
10,DAMAGE TO PROPERTY,0,4,4,,Increasing,0,4,4,,2026-08-27,2026-09-09,2026-09-10,2026-09-23,0.0,Stable,,63.0,Monitor,Wildemere Park
10,DANGEROUS DRUGS,0,1,1,,Increasing,0,1,1,,2026-08-27,2026-09-09,2026-09-10,2026-09-23,,Worsening,,20.3,Monitor,Wildemere Park
10,ASSAULT,4,2,-2,-50.0,Decreasing,4,2,-2,-50.0,2026-08-27,2026-09-09,2026-09-10,2026-09-23,-20.689655172413794,Improving,0.0,17.1,Monitor,Wildemere Park
10,AGGRAVATED ASSAULT,1,1,0,0.0,No Change,1,1,0,0.0,2026-08-27,2026-09-09,2026-09-10,2026-09-23,22.22222222222222,Worsening,0.0,15.2,Monitor,Wildemere Park
10,BURGLARY,7,0,-7,-100.0,Decreasing,7,0,-7,-100.0,2026-08-27,2026-09-09,2026-09-10,2026-09-23,37.5,Worsening,0.0,7.5,Monitor,Wildemere Park
10,LARCENY,3,0,-3,-100.0,Decreasing,3,0,-3,-100.0,2026-08-27,2026-09-09,2026-09-10,2026-09-23,-20.0,Improving,0.0,0.0,Monitor,Wildemere Park
12,ASSAULT,4,10,6,150.0,Increasing,4,10,6,150.0,2026-09-08,2026-09-21,2026-09-22,2026-10-05,17.307692307692307,Worsening,0.0,78.5,Emerging Concern,Winship
12,FRAUD,2,3,1,50.0,Increasing,2,3,1,50.0,2026-09-08,2026-09-21,2026-09-22,2026-10-05,30.952380952380953,Worsening,0.0,35.6,Monitor,Winship
12,OUIL,0,2,2,,Increasing,0,2,2,,2026-09-08,2026-09-21,2026-09-22,2026-10-05,300.0,Worsening,,35.5,Monitor,Winship
12,STOLEN PROPERTY,0,1,1,,Increasing,0,1,1,,2026-09-08,2026-09-21,2026-09-22,2026-10-05,83.33333333333333,Worsening,,24.2,Monitor,Winship
12,LARCENY,4,4,0,0.0,No Change,4,4,0,0.0,2026-09-08,2026-09-21,2026-09-22,2026-10-05,7.246376811594203,Worsening,0.0,18.2,Monitor,Winship
12,DAMAGE TO PROPERTY,3,3,0,0.0,No Change,3,3,0,0.0,2026-09-08,2026-09-21,2026-09-22,2026-10-05,-6.557377049180328,Consistently Improving,0.0,14.5,Monitor,Winship
12,OBSTRUCTING THE POLICE,0,1,1,,Increasing,0,1,1,,2026-09-08,2026-09-21,2026-09-22,2026-10-05,-8.333333333333334,Improving,,14.2,Monitor,Winship
12,STOLEN VEHICLE,2,2,0,0.0,No Change,2,2,0,0.0,2026-09-08,2026-09-21,2026-09-22,2026-10-05,7.142857142857143,Worsening,0.0,12.9,Monitor,Winship
12,BURGLARY,4,1,-3,-75.0,Decreasing,4,1,-3,-75.0,2026-09-08,2026-09-21,2026-09-22,2026-10-05,18.181818181818183,Worsening,0.0,10.9,Monitor,Winship
12,AGGRAVATED ASSAULT,1,1,0,0.0,No Change,1,1,0,0.0,2026-09-08,2026-09-21,2026-09-22,2026-10-05,-9.090909090909092,Improving,0.0,7.2,Monitor,Winship
12,ROBBERY,1,0,-1,-100.0,Decreasing,1,0,-1,-100.0,2026-09-08,2026-09-21,2026-09-22,2026-10-05,14.285714285714286,Consistently Worsening,0.0,2.9,Monitor,Winship
12,ARSON,1,0,-1,-100.0,Decreasing,1,0,-1,-100.0,2026-09-08,2026-09-21,2026-09-22,2026-10-05,-50.0,Improving,0.0,0.0,Monitor,Winship
12,DANGEROUS DRUGS,1,0,-1,-100.0,Decreasing,1,0,-1,-100.0,2026-09-08,2026-09-21,2026-09-22,2026-10-05,-33.333333333333336,Improving,0.0,0.0,Monitor,Winship
03,LARCENY,2,4,2,100.0,Increasing,2,4,2,100.0,2026-09-09,2026-09-22,2026-09-23,2026-10-06,6.976744186046512,Worsening,0.0,76.4,Monitor,Woodbridge
03,OUIL,0,2,2,,Increasing,0,2,2,,2026-09-09,2026-09-22,2026-09-23,2026-10-06,200.0,Worsening,,61.1,Monitor,Woodbridge
03,STOLEN VEHICLE,0,2,2,,Increasing,0,2,2,,2026-09-09,2026-09-22,2026-09-23,2026-10-06,-19.047619047619047,Improving,,51.1,Monitor,Woodbridge
03,ASSAULT,0,1,1,,Increasing,0,1,1,,2026-09-09,2026-09-22,2026-09-23,2026-10-06,-9.090909090909092,Consistently Improving,,27.8,Monitor,Woodbridge
03,SEXUAL ASSAULT,0,1,1,,Increasing,0,1,1,,2026-09-09,2026-09-22,2026-09-23,2026-10-06,0.0,Stable,,27.8,Monitor,Woodbridge
03,FRAUD,1,1,0,0.0,No Change,1,1,0,0.0,2026-09-09,2026-09-22,2026-09-23,2026-10-06,-55.0,Improving,0.0,10.8,Monitor,Woodbridge
03,AGGRAVATED ASSAULT,3,0,-3,-100.0,Decreasing,3,0,-3,-100.0,2026-09-09,2026-09-22,2026-09-23,2026-10-06,214.28571428571428,Worsening,0.0,10.0,Monitor,Woodbridge
03,DAMAGE TO PROPERTY,1,0,-1,-100.0,Decreasing,1,0,-1,-100.0,2026-09-09,2026-09-22,2026-09-23,2026-10-06,-19.23076923076923,Consistently Improving,0.0,0.0,Monitor,Woodbridge
03,LIQUOR,1,0,-1,-100.0,Decreasing,1,0,-1,-100.0,2026-09-09,2026-09-22,2026-09-23,2026-10-06,,Worsening,0.0,0.0,Monitor,Woodbridge
09,ROBBERY,0,3,3,,Increasing,0,3,3,,2026-09-08,2026-09-21,2026-09-22,2026-10-05,33.333333333333336,Worsening,,67.7,Monitor,Yorkshire Woods
09,DAMAGE TO PROPERTY,2,3,1,50.0,Increasing,2,3,1,50.0,2026-09-08,2026-09-21,2026-09-22,2026-10-05,-7.6923076923076925,Consistently Improving,0.0,45.0,Monitor,Yorkshire Woods
09,AGGRAVATED ASSAULT,5,3,-2,-40.0,Decreasing,5,3,-2,-40.0,2026-09-08,2026-09-21,2026-09-22,2026-10-05,64.1025641025641,Worsening,0.0,35.0,Monitor,Yorkshire Woods
09,SEX OFFENSES,0,1,1,,Increasing,0,1,1,,2026-09-08,2026-09-21,2026-09-22,2026-10-05,25.0,Consistently Worsening,,29.5,Monitor,Yorkshire Woods
09,ASSAULT,6,3,-3,-50.0,Decreasing,6,3,-3,-50.0,2026-09-08,2026-09-21,2026-09-22,2026-10-05,4.761904761904762,Worsening,0.0,26.0,Monitor,Yorkshire Woods
09,LARCENY,2,2,0,0.0,No Change,2,2,0,0.0,2026-09-08,2026-09-21,2026-09-22,2026-10-05,-23.636363636363637,Improving,0.0,19.8,Monitor,Yorkshire Woods
09,BURGLARY,1,1,0,0.0,No Change,1,1,0,0.0,2026-09-08,2026-09-21,2026-09-22,2026-10-05,-15.384615384615385,Improving,0.0,12.5,Monitor,Yorkshire Woods
09,FRAUD,2,1,-1,-50.0,Decreasing,2,1,-1,-50.0,2026-09-08,2026-09-21,2026-09-22,2026-10-05,-34.375,Consistently Improving,0.0,12.5,Monitor,Yorkshire Woods
09,STOLEN VEHICLE,3,1,-2,-66.67,Decreasing,3,1,-2,-66.67,2026-09-08,2026-09-21,2026-09-22,2026-10-05,-33.333333333333336,Consistently Improving,0.0,12.5,Monitor,Yorkshire Woods
09,OBSTRUCTING THE POLICE,1,0,-1,-100.0,Decreasing,1,0,-1,-100.0,2026-09-08,2026-09-21,2026-09-22,2026-10-05,8.333333333333334,Consistently Worsening,0.0,1.7,Monitor,Yorkshire Woods
09,STOLEN PROPERTY,2,0,-2,-100.0,Decreasing,2,0,-2,-100.0,2026-09-08,2026-09-21,2026-09-22,2026-10-05,-58.53658536585366,Improving,0.0,0.0,Monitor,Yorkshire Woods
