period,precinct_norm,selection_type,selection_name,weekday,time_block,incident_count
YTD,ALL,All,All,Friday,00:00-05:59,2243
YTD,ALL,All,All,Friday,06:00-11:59,2343
YTD,ALL,All,All,Friday,12:00-17:59,3922
YTD,ALL,All,All,Friday,18:00-23:59,3789
YTD,ALL,All,All,Monday,00:00-05:59,2303
YTD,ALL,All,All,Monday,06:00-11:59,2343
YTD,ALL,All,All,Monday,12:00-17:59,3735
YTD,ALL,All,All,Monday,18:00-23:59,3660
YTD,ALL,All,All,Saturday,00:00-05:59,2913
YTD,ALL,All,All,Saturday,06:00-11:59,2094
YTD,ALL,All,All,Saturday,12:00-17:59,3397
YTD,ALL,All,All,Saturday,18:00-23:59,3907
YTD,ALL,All,All,Sunday,00:00-05:59,3352
YTD,ALL,All,All,Sunday,06:00-11:59,1902
YTD,ALL,All,All,Sunday,12:00-17:59,3222
YTD,ALL,All,All,Sunday,18:00-23:59,3918
YTD,ALL,All,All,Thursday,00:00-05:59,2097
YTD,ALL,All,All,Thursday,06:00-11:59,2248
YTD,ALL,All,All,Thursday,12:00-17:59,3607
YTD,ALL,All,All,Thursday,18:00-23:59,3517
YTD,ALL,All,All,Tuesday,00:00-05:59,2052
YTD,ALL,All,All,Tuesday,06:00-11:59,2317
YTD,ALL,All,All,Tuesday,12:00-17:59,3900
YTD,ALL,All,All,Tuesday,18:00-23:59,3343
YTD,ALL,All,All,Wednesday,00:00-05:59,2221
YTD,ALL,All,All,Wednesday,06:00-11:59,2317
YTD,ALL,All,All,Wednesday,12:00-17:59,3919
YTD,ALL,All,All,Wednesday,18:00-23:59,3528
YTD,ALL,Crime Type,AGGRAVATED ASSAULT,Friday,00:00-05:59,225
YTD,ALL,Crime Type,AGGRAVATED ASSAULT,Friday,06:00-11:59,146
YTD,ALL,Crime Type,AGGRAVATED ASSAULT,Friday,12:00-17:59,295
YTD,ALL,Crime Type,AGGRAVATED ASSAULT,Friday,18:00-23:59,367
YTD,ALL,Crime Type,AGGRAVATED ASSAULT,Monday,00:00-05:59,265
YTD,ALL,Crime Type,AGGRAVATED ASSAULT,Monday,06:00-11:59,153
YTD,ALL,Crime Type,AGGRAVATED ASSAULT,Monday,12:00-17:59,294
YTD,ALL,Crime Type,AGGRAVATED ASSAULT,Monday,18:00-23:59,414
YTD,ALL,Crime Type,AGGRAVATED ASSAULT,Saturday,00:00-05:59,333
YTD,ALL,Crime Type,AGGRAVATED ASSAULT,Saturday,06:00-11:59,197
YTD,ALL,Crime Type,AGGRAVATED ASSAULT,Saturday,12:00-17:59,287
YTD,ALL,Crime Type,AGGRAVATED ASSAULT,Saturday,18:00-23:59,378
YTD,ALL,Crime Type,AGGRAVATED ASSAULT,Sunday,00:00-05:59,386
YTD,ALL,Crime Type,AGGRAVATED ASSAULT,Sunday,06:00-11:59,194
YTD,ALL,Crime Type,AGGRAVATED ASSAULT,Sunday,12:00-17:59,308
YTD,ALL,Crime Type,AGGRAVATED ASSAULT,Sunday,18:00-23:59,393
YTD,ALL,Crime Type,AGGRAVATED ASSAULT,Thursday,00:00-05:59,218
YTD,ALL,Crime Type,AGGRAVATED ASSAULT,Thursday,06:00-11:59,188
YTD,ALL,Crime Type,AGGRAVATED ASSAULT,Thursday,12:00-17:59,253
YTD,ALL,Crime Type,AGGRAVATED ASSAULT,Thursday,18:00-23:59,324
YTD,ALL,Crime Type,AGGRAVATED ASSAULT,Tuesday,00:00-05:59,222
YTD,ALL,Crime Type,AGGRAVATED ASSAULT,Tuesday,06:00-11:59,179
YTD,ALL,Crime Type,AGGRAVATED ASSAULT,Tuesday,12:00-17:59,325
YTD,ALL,Crime Type,AGGRAVATED ASSAULT,Tuesday,18:00-23:59,332
YTD,ALL,Crime Type,AGGRAVATED ASSAULT,Wednesday,00:00-05:59,274
YTD,ALL,Crime Type,AGGRAVATED ASSAULT,Wednesday,06:00-11:59,171
YTD,ALL,Crime Type,AGGRAVATED ASSAULT,Wednesday,12:00-17:59,282
YTD,ALL,Crime Type,AGGRAVATED ASSAULT,Wednesday,18:00-23:59,322
YTD,ALL,Crime Type,ARSON,Friday,00:00-05:59,32
YTD,ALL,Crime Type,ARSON,Friday,06:00-11:59,9
YTD,ALL,Crime Type,ARSON,Friday,12:00-17:59,5
YTD,ALL,Crime Type,ARSON,Friday,18:00-23:59,12
YTD,ALL,Crime Type,ARSON,Monday,00:00-05:59,32
YTD,ALL,Crime Type,ARSON,Monday,06:00-11:59,10
YTD,ALL,Crime Type,ARSON,Monday,12:00-17:59,17
YTD,ALL,Crime Type,ARSON,Monday,18:00-23:59,16
YTD,ALL,Crime Type,ARSON,Saturday,00:00-05:59,31
YTD,ALL,Crime Type,ARSON,Saturday,06:00-11:59,11
YTD,ALL,Crime Type,ARSON,Saturday,12:00-17:59,15
YTD,ALL,Crime Type,ARSON,Saturday,18:00-23:59,11
YTD,ALL,Crime Type,ARSON,Sunday,00:00-05:59,36
YTD,ALL,Crime Type,ARSON,Sunday,06:00-11:59,11
YTD,ALL,Crime Type,ARSON,Sunday,12:00-17:59,14
YTD,ALL,Crime Type,ARSON,Sunday,18:00-23:59,13
YTD,ALL,Crime Type,ARSON,Thursday,00:00-05:59,23
YTD,ALL,Crime Type,ARSON,Thursday,06:00-11:59,12
YTD,ALL,Crime Type,ARSON,Thursday,12:00-17:59,14
YTD,ALL,Crime Type,ARSON,Thursday,18:00-23:59,13
YTD,ALL,Crime Type,ARSON,Tuesday,00:00-05:59,28
YTD,ALL,Crime Type,ARSON,Tuesday,06:00-11:59,10
YTD,ALL,Crime Type,ARSON,Tuesday,12:00-17:59,13
YTD,ALL,Crime Type,ARSON,Tuesday,18:00-23:59,20
YTD,ALL,Crime Type,ARSON,Wednesday,00:00-05:59,33
YTD,ALL,Crime Type,ARSON,Wednesday,06:00-11:59,16
YTD,ALL,Crime Type,ARSON,Wednesday,12:00-17:59,10
YTD,ALL,Crime Type,ARSON,Wednesday,18:00-23:59,16
YTD,ALL,Crime Type,ASSAULT,Friday,00:00-05:59,451
YTD,ALL,Crime Type,ASSAULT,Friday,06:00-11:59,489
YTD,ALL,Crime Type,ASSAULT,Friday,12:00-17:59,748
YTD,ALL,Crime Type,ASSAULT,Friday,18:00-23:59,698
YTD,ALL,Crime Type,ASSAULT,Monday,00:00-05:59,463
YTD,ALL,Crime Type,ASSAULT,Monday,06:00-11:59,498
YTD,ALL,Crime Type,ASSAULT,Monday,12:00-17:59,713
YTD,ALL,Crime Type,ASSAULT,Monday,18:00-23:59,753
YTD,ALL,Crime Type,ASSAULT,Saturday,00:00-05:59,696
YTD,ALL,Crime Type,ASSAULT,Saturday,06:00-11:59,532
YTD,ALL,Crime Type,ASSAULT,Saturday,12:00-17:59,715
YTD,ALL,Crime Type,ASSAULT,Saturday,18:00-23:59,787
YTD,ALL,Crime Type,ASSAULT,Sunday,00:00-05:59,746
YTD,ALL,Crime Type,ASSAULT,Sunday,06:00-11:59,454
YTD,ALL,Crime Type,ASSAULT,Sunday,12:00-17:59,743
YTD,ALL,Crime Type,ASSAULT,Sunday,18:00-23:59,761
YTD,ALL,Crime Type,ASSAULT,Thursday,00:00-05:59,393
YTD,ALL,Crime Type,ASSAULT,Thursday,06:00-11:59,480
YTD,ALL,Crime Type,ASSAULT,Thursday,12:00-17:59,698
YTD,ALL,Crime Type,ASSAULT,Thursday,18:00-23:59,682
YTD,ALL,Crime Type,ASSAULT,Tuesday,00:00-05:59,420
YTD,ALL,Crime Type,ASSAULT,Tuesday,06:00-11:59,501
YTD,ALL,Crime Type,ASSAULT,Tuesday,12:00-17:59,757
YTD,ALL,Crime Type,ASSAULT,Tuesday,18:00-23:59,668
YTD,ALL,Crime Type,ASSAULT,Wednesday,00:00-05:59,463
YTD,ALL,Crime Type,ASSAULT,Wednesday,06:00-11:59,490
YTD,ALL,Crime Type,ASSAULT,Wednesday,12:00-17:59,770
YTD,ALL,Crime Type,ASSAULT,Wednesday,18:00-23:59,692
YTD,ALL,Crime Type,BURGLARY,Friday,00:00-05:59,138
YTD,ALL,Crime Type,BURGLARY,Friday,06:00-11:59,164
YTD,ALL,Crime Type,BURGLARY,Friday,12:00-17:59,271
YTD,ALL,Crime Type,BURGLARY,Friday,18:00-23:59,165
YTD,ALL,Crime Type,BURGLARY,Monday,00:00-05:59,163
YTD,ALL,Crime Type,BURGLARY,Monday,06:00-11:59,199
YTD,ALL,Crime Type,BURGLARY,Monday,12:00-17:59,276
YTD,ALL,Crime Type,BURGLARY,Monday,18:00-23:59,175
YTD,ALL,Crime Type,BURGLARY,Saturday,00:00-05:59,157
YTD,ALL,Crime Type,BURGLARY,Saturday,06:00-11:59,144
YTD,ALL,Crime Type,BURGLARY,Saturday,12:00-17:59,252
YTD,ALL,Crime Type,BURGLARY,Saturday,18:00-23:59,153
YTD,ALL,Crime Type,BURGLARY,Sunday,00:00-05:59,149
YTD,ALL,Crime Type,BURGLARY,Sunday,06:00-11:59,127
YTD,ALL,Crime Type,BURGLARY,Sunday,12:00-17:59,238
YTD,ALL,Crime Type,BURGLARY,Sunday,18:00-23:59,156
YTD,ALL,Crime Type,BURGLARY,Thursday,00:00-05:59,151
YTD,ALL,Crime Type,BURGLARY,Thursday,06:00-11:59,150
YTD,ALL,Crime Type,BURGLARY,Thursday,12:00-17:59,270
YTD,ALL,Crime Type,BURGLARY,Thursday,18:00-23:59,182
YTD,ALL,Crime Type,BURGLARY,Tuesday,00:00-05:59,154
YTD,ALL,Crime Type,BURGLARY,Tuesday,06:00-11:59,196
YTD,ALL,Crime Type,BURGLARY,Tuesday,12:00-17:59,271
YTD,ALL,Crime Type,BURGLARY,Tuesday,18:00-23:59,173
YTD,ALL,Crime Type,BURGLARY,Wednesday,00:00-05:59,155
YTD,ALL,Crime Type,BURGLARY,Wednesday,06:00-11:59,169
YTD,ALL,Crime Type,BURGLARY,Wednesday,12:00-17:59,254
YTD,ALL,Crime Type,BURGLARY,Wednesday,18:00-23:59,168
YTD,ALL,Crime Type,DAMAGE TO PROPERTY,Friday,00:00-05:59,347
YTD,ALL,Crime Type,DAMAGE TO PROPERTY,Friday,06:00-11:59,318
YTD,ALL,Crime Type,DAMAGE TO PROPERTY,Friday,12:00-17:59,386
YTD,ALL,Crime Type,DAMAGE TO PROPERTY,Friday,18:00-23:59,440
YTD,ALL,Crime Type,DAMAGE TO PROPERTY,Monday,00:00-05:59,350
YTD,ALL,Crime Type,DAMAGE TO PROPERTY,Monday,06:00-11:59,320
YTD,ALL,Crime Type,DAMAGE TO PROPERTY,Monday,12:00-17:59,435
YTD,ALL,Crime Type,DAMAGE TO PROPERTY,Monday,18:00-23:59,514
YTD,ALL,Crime Type,DAMAGE TO PROPERTY,Saturday,00:00-05:59,455
YTD,ALL,Crime Type,DAMAGE TO PROPERTY,Saturday,06:00-11:59,296
YTD,ALL,Crime Type,DAMAGE TO PROPERTY,Saturday,12:00-17:59,433
YTD,ALL,Crime Type,DAMAGE TO PROPERTY,Saturday,18:00-23:59,495
YTD,ALL,Crime Type,DAMAGE TO PROPERTY,Sunday,00:00-05:59,536
YTD,ALL,Crime Type,DAMAGE TO PROPERTY,Sunday,06:00-11:59,264
YTD,ALL,Crime Type,DAMAGE TO PROPERTY,Sunday,12:00-17:59,383
YTD,ALL,Crime Type,DAMAGE TO PROPERTY,Sunday,18:00-23:59,527
YTD,ALL,Crime Type,DAMAGE TO PROPERTY,Thursday,00:00-05:59,308
YTD,ALL,Crime Type,DAMAGE TO PROPERTY,Thursday,06:00-11:59,268
YTD,ALL,Crime Type,DAMAGE TO PROPERTY,Thursday,12:00-17:59,378
YTD,ALL,Crime Type,DAMAGE TO PROPERTY,Thursday,18:00-23:59,440
YTD,ALL,Crime Type,DAMAGE TO PROPERTY,Tuesday,00:00-05:59,311
YTD,ALL,Crime Type,DAMAGE TO PROPERTY,Tuesday,06:00-11:59,308
YTD,ALL,Crime Type,DAMAGE TO PROPERTY,Tuesday,12:00-17:59,439
YTD,ALL,Crime Type,DAMAGE TO PROPERTY,Tuesday,18:00-23:59,435
YTD,ALL,Crime Type,DAMAGE TO PROPERTY,Wednesday,00:00-05:59,346
YTD,ALL,Crime Type,DAMAGE TO PROPERTY,Wednesday,06:00-11:59,325
YTD,ALL,Crime Type,DAMAGE TO PROPERTY,Wednesday,12:00-17:59,406
YTD,ALL,Crime Type,DAMAGE TO PROPERTY,Wednesday,18:00-23:59,463
YTD,ALL,Crime Type,DANGEROUS DRUGS,Friday,00:00-05:59,18
YTD,ALL,Crime Type,DANGEROUS DRUGS,Friday,06:00-11:59,14
YTD,ALL,Crime Type,DANGEROUS DRUGS,Friday,12:00-17:59,45
YTD,ALL,Crime Type,DANGEROUS DRUGS,Friday,18:00-23:59,49
YTD,ALL,Crime Type,DANGEROUS DRUGS,Monday,00:00-05:59,19
YTD,ALL,Crime Type,DANGEROUS DRUGS,Monday,06:00-11:59,12
YTD,ALL,Crime Type,DANGEROUS DRUGS,Monday,12:00-17:59,46
YTD,ALL,Crime Type,DANGEROUS DRUGS,Monday,18:00-23:59,35
YTD,ALL,Crime Type,DANGEROUS DRUGS,Saturday,00:00-05:59,23
YTD,ALL,Crime Type,DANGEROUS DRUGS,Saturday,06:00-11:59,16
YTD,ALL,Crime Type,DANGEROUS DRUGS,Saturday,12:00-17:59,26
YTD,ALL,Crime Type,DANGEROUS DRUGS,Saturday,18:00-23:59,44
YTD,ALL,Crime Type,DANGEROUS DRUGS,Sunday,00:00-05:59,16
YTD,ALL,Crime Type,DANGEROUS DRUGS,Sunday,06:00-11:59,12
YTD,ALL,Crime Type,DANGEROUS DRUGS,Sunday,12:00-17:59,17
YTD,ALL,Crime Type,DANGEROUS DRUGS,Sunday,18:00-23:59,42
YTD,ALL,Crime Type,DANGEROUS DRUGS,Thursday,00:00-05:59,21
YTD,ALL,Crime Type,DANGEROUS DRUGS,Thursday,06:00-11:59,27
YTD,ALL,Crime Type,DANGEROUS DRUGS,Thursday,12:00-17:59,96
YTD,ALL,Crime Type,DANGEROUS DRUGS,Thursday,18:00-23:59,56
YTD,ALL,Crime Type,DANGEROUS DRUGS,Tuesday,00:00-05:59,27
YTD,ALL,Crime Type,DANGEROUS DRUGS,Tuesday,06:00-11:59,23
YTD,ALL,Crime Type,DANGEROUS DRUGS,Tuesday,12:00-17:59,115
YTD,ALL,Crime Type,DANGEROUS DRUGS,Tuesday,18:00-23:59,28
YTD,ALL,Crime Type,DANGEROUS DRUGS,Wednesday,00:00-05:59,24
YTD,ALL,Crime Type,DANGEROUS DRUGS,Wednesday,06:00-11:59,12
YTD,ALL,Crime Type,DANGEROUS DRUGS,Wednesday,12:00-17:59,123
YTD,ALL,Crime Type,DANGEROUS DRUGS,Wednesday,18:00-23:59,44
YTD,ALL,Crime Type,DISORDERLY CONDUCT,Friday,00:00-05:59,15
YTD,ALL,Crime Type,DISORDERLY CONDUCT,Friday,06:00-11:59,4
YTD,ALL,Crime Type,DISORDERLY CONDUCT,Friday,12:00-17:59,8
YTD,ALL,Crime Type,DISORDERLY CONDUCT,Friday,18:00-23:59,12
YTD,ALL,Crime Type,DISORDERLY CONDUCT,Monday,00:00-05:59,7
YTD,ALL,Crime Type,DISORDERLY CONDUCT,Monday,06:00-11:59,6
YTD,ALL,Crime Type,DISORDERLY CONDUCT,Monday,12:00-17:59,13
YTD,ALL,Crime Type,DISORDERLY CONDUCT,Monday,18:00-23:59,12
YTD,ALL,Crime Type,DISORDERLY CONDUCT,Saturday,00:00-05:59,20
YTD,ALL,Crime Type,DISORDERLY CONDUCT,Saturday,06:00-11:59,6
YTD,ALL,Crime Type,DISORDERLY CONDUCT,Saturday,12:00-17:59,9
YTD,ALL,Crime Type,DISORDERLY CONDUCT,Saturday,18:00-23:59,12
YTD,ALL,Crime Type,DISORDERLY CONDUCT,Sunday,00:00-05:59,32
YTD,ALL,Crime Type,DISORDERLY CONDUCT,Sunday,06:00-11:59,4
YTD,ALL,Crime Type,DISORDERLY CONDUCT,Sunday,12:00-17:59,10
YTD,ALL,Crime Type,DISORDERLY CONDUCT,Sunday,18:00-23:59,20
YTD,ALL,Crime Type,DISORDERLY CONDUCT,Thursday,00:00-05:59,8
YTD,ALL,Crime Type,DISORDERLY CONDUCT,Thursday,06:00-11:59,5
YTD,ALL,Crime Type,DISORDERLY CONDUCT,Thursday,12:00-17:59,9
YTD,ALL,Crime Type,DISORDERLY CONDUCT,Thursday,18:00-23:59,10
YTD,ALL,Crime Type,DISORDERLY CONDUCT,Tuesday,00:00-05:59,6
YTD,ALL,Crime Type,DISORDERLY CONDUCT,Tuesday,06:00-11:59,5
YTD,ALL,Crime Type,DISORDERLY CONDUCT,Tuesday,12:00-17:59,8
YTD,ALL,Crime Type,DISORDERLY CONDUCT,Tuesday,18:00-23:59,17
YTD,ALL,Crime Type,DISORDERLY CONDUCT,Wednesday,00:00-05:59,14
YTD,ALL,Crime Type,DISORDERLY CONDUCT,Wednesday,06:00-11:59,10
YTD,ALL,Crime Type,DISORDERLY CONDUCT,Wednesday,12:00-17:59,13
YTD,ALL,Crime Type,DISORDERLY CONDUCT,Wednesday,18:00-23:59,11
YTD,ALL,Crime Type,EXTORTION,Friday,00:00-05:59,2
YTD,ALL,Crime Type,EXTORTION,Friday,06:00-11:59,2
YTD,ALL,Crime Type,EXTORTION,Friday,12:00-17:59,5
YTD,ALL,Crime Type,EXTORTION,Friday,18:00-23:59,3
YTD,ALL,Crime Type,EXTORTION,Monday,06:00-11:59,4
YTD,ALL,Crime Type,EXTORTION,Monday,12:00-17:59,4
YTD,ALL,Crime Type,EXTORTION,Monday,18:00-23:59,6
YTD,ALL,Crime Type,EXTORTION,Saturday,00:00-05:59,3
YTD,ALL,Crime Type,EXTORTION,Saturday,06:00-11:59,2
YTD,ALL,Crime Type,EXTORTION,Saturday,12:00-17:59,3
YTD,ALL,Crime Type,EXTORTION,Saturday,18:00-23:59,3
YTD,ALL,Crime Type,EXTORTION,Sunday,00:00-05:59,3
YTD,ALL,Crime Type,EXTORTION,Sunday,06:00-11:59,4
YTD,ALL,Crime Type,EXTORTION,Sunday,12:00-17:59,5
YTD,ALL,Crime Type,EXTORTION,Sunday,18:00-23:59,5
YTD,ALL,Crime Type,EXTORTION,Thursday,00:00-05:59,1
YTD,ALL,Crime Type,EXTORTION,Thursday,06:00-11:59,1
YTD,ALL,Crime Type,EXTORTION,Thursday,12:00-17:59,5
YTD,ALL,Crime Type,EXTORTION,Thursday,18:00-23:59,4
YTD,ALL,Crime Type,EXTORTION,Tuesday,00:00-05:59,2
YTD,ALL,Crime Type,EXTORTION,Tuesday,06:00-11:59,3
YTD,ALL,Crime Type,EXTORTION,Tuesday,12:00-17:59,6
YTD,ALL,Crime Type,EXTORTION,Tuesday,18:00-23:59,9
YTD,ALL,Crime Type,EXTORTION,Wednesday,00:00-05:59,2
YTD,ALL,Crime Type,EXTORTION,Wednesday,06:00-11:59,3
YTD,ALL,Crime Type,EXTORTION,Wednesday,12:00-17:59,9
YTD,ALL,Crime Type,EXTORTION,Wednesday,18:00-23:59,6
YTD,ALL,Crime Type,FAMILY OFFENSE,Friday,00:00-05:59,19
YTD,ALL,Crime Type,FAMILY OFFENSE,Friday,06:00-11:59,33
YTD,ALL,Crime Type,FAMILY OFFENSE,Friday,12:00-17:59,55
YTD,ALL,Crime Type,FAMILY OFFENSE,Friday,18:00-23:59,38
YTD,ALL,Crime Type,FAMILY OFFENSE,Monday,00:00-05:59,20
YTD,ALL,Crime Type,FAMILY OFFENSE,Monday,06:00-11:59,35
YTD,ALL,Crime Type,FAMILY OFFENSE,Monday,12:00-17:59,62
YTD,ALL,Crime Type,FAMILY OFFENSE,Monday,18:00-23:59,35
YTD,ALL,Crime Type,FAMILY OFFENSE,Saturday,00:00-05:59,17
YTD,ALL,Crime Type,FAMILY OFFENSE,Saturday,06:00-11:59,34
YTD,ALL,Crime Type,FAMILY OFFENSE,Saturday,12:00-17:59,36
YTD,ALL,Crime Type,FAMILY OFFENSE,Saturday,18:00-23:59,39
YTD,ALL,Crime Type,FAMILY OFFENSE,Sunday,00:00-05:59,22
YTD,ALL,Crime Type,FAMILY OFFENSE,Sunday,06:00-11:59,22
YTD,ALL,Crime Type,FAMILY OFFENSE,Sunday,12:00-17:59,40
YTD,ALL,Crime Type,FAMILY OFFENSE,Sunday,18:00-23:59,32
YTD,ALL,Crime Type,FAMILY OFFENSE,Thursday,00:00-05:59,10
YTD,ALL,Crime Type,FAMILY OFFENSE,Thursday,06:00-11:59,27
YTD,ALL,Crime Type,FAMILY OFFENSE,Thursday,12:00-17:59,58
YTD,ALL,Crime Type,FAMILY OFFENSE,Thursday,18:00-23:59,41
YTD,ALL,Crime Type,FAMILY OFFENSE,Tuesday,00:00-05:59,21
YTD,ALL,Crime Type,FAMILY OFFENSE,Tuesday,06:00-11:59,25
YTD,ALL,Crime Type,FAMILY OFFENSE,Tuesday,12:00-17:59,43
YTD,ALL,Crime Type,FAMILY OFFENSE,Tuesday,18:00-23:59,30
YTD,ALL,Crime Type,FAMILY OFFENSE,Wednesday,00:00-05:59,12
YTD,ALL,Crime Type,FAMILY OFFENSE,Wednesday,06:00-11:59,27
YTD,ALL,Crime Type,FAMILY OFFENSE,Wednesday,12:00-17:59,48
YTD,ALL,Crime Type,FAMILY OFFENSE,Wednesday,18:00-23:59,36
YTD,ALL,Crime Type,FORGERY,Friday,00:00-05:59,2
YTD,ALL,Crime Type,FORGERY,Friday,06:00-11:59,1
YTD,ALL,Crime Type,FORGERY,Friday,12:00-17:59,15
YTD,ALL,Crime Type,FORGERY,Friday,18:00-23:59,5
YTD,ALL,Crime Type,FORGERY,Monday,00:00-05:59,3
YTD,ALL,Crime Type,FORGERY,Monday,06:00-11:59,5
YTD,ALL,Crime Type,FORGERY,Monday,12:00-17:59,14
YTD,ALL,Crime Type,FORGERY,Monday,18:00-23:59,5
YTD,ALL,Crime Type,FORGERY,Saturday,00:00-05:59,1
YTD,ALL,Crime Type,FORGERY,Saturday,06:00-11:59,3
YTD,ALL,Crime Type,FORGERY,Saturday,12:00-17:59,8
YTD,ALL,Crime Type,FORGERY,Saturday,18:00-23:59,6
YTD,ALL,Crime Type,FORGERY,Sunday,00:00-05:59,2
YTD,ALL,Crime Type,FORGERY,Sunday,06:00-11:59,4
YTD,ALL,Crime Type,FORGERY,Sunday,12:00-17:59,3
YTD,ALL,Crime Type,FORGERY,Sunday,18:00-23:59,9
YTD,ALL,Crime Type,FORGERY,Thursday,00:00-05:59,3
YTD,ALL,Crime Type,FORGERY,Thursday,06:00-11:59,9
YTD,ALL,Crime Type,FORGERY,Thursday,12:00-17:59,11
YTD,ALL,Crime Type,FORGERY,Thursday,18:00-23:59,5
YTD,ALL,Crime Type,FORGERY,Tuesday,00:00-05:59,1
YTD,ALL,Crime Type,FORGERY,Tuesday,06:00-11:59,5
YTD,ALL,Crime Type,FORGERY,Tuesday,12:00-17:59,10
YTD,ALL,Crime Type,FORGERY,Wednesday,00:00-05:59,1
YTD,ALL,Crime Type,FORGERY,Wednesday,06:00-11:59,4
YTD,ALL,Crime Type,FORGERY,Wednesday,12:00-17:59,8
YTD,ALL,Crime Type,FORGERY,Wednesday,18:00-23:59,8
YTD,ALL,Crime Type,FRAUD,Friday,00:00-05:59,123
YTD,ALL,Crime Type,FRAUD,Friday,06:00-11:59,306
YTD,ALL,Crime Type,FRAUD,Friday,12:00-17:59,574
YTD,ALL,Crime Type,FRAUD,Friday,18:00-23:59,212
YTD,ALL,Crime Type,FRAUD,Monday,00:00-05:59,131
YTD,ALL,Crime Type,FRAUD,Monday,06:00-11:59,266
YTD,ALL,Crime Type,FRAUD,Monday,12:00-17:59,505
YTD,ALL,Crime Type,FRAUD,Monday,18:00-23:59,180
YTD,ALL,Crime Type,FRAUD,Saturday,00:00-05:59,120
YTD,ALL,Crime Type,FRAUD,Saturday,06:00-11:59,193
YTD,ALL,Crime Type,FRAUD,Saturday,12:00-17:59,412
YTD,ALL,Crime Type,FRAUD,Saturday,18:00-23:59,197
YTD,ALL,Crime Type,FRAUD,Sunday,00:00-05:59,94
YTD,ALL,Crime Type,FRAUD,Sunday,06:00-11:59,200
YTD,ALL,Crime Type,FRAUD,Sunday,12:00-17:59,371
YTD,ALL,Crime Type,FRAUD,Sunday,18:00-23:59,198
YTD,ALL,Crime Type,FRAUD,Thursday,00:00-05:59,143
YTD,ALL,Crime Type,FRAUD,Thursday,06:00-11:59,283
YTD,ALL,Crime Type,FRAUD,Thursday,12:00-17:59,457
YTD,ALL,Crime Type,FRAUD,Thursday,18:00-23:59,199
YTD,ALL,Crime Type,FRAUD,Tuesday,00:00-05:59,121
YTD,ALL,Crime Type,FRAUD,Tuesday,06:00-11:59,267
YTD,ALL,Crime Type,FRAUD,Tuesday,12:00-17:59,515
YTD,ALL,Crime Type,FRAUD,Tuesday,18:00-23:59,206
YTD,ALL,Crime Type,FRAUD,Wednesday,00:00-05:59,119
YTD,ALL,Crime Type,FRAUD,Wednesday,06:00-11:59,269
YTD,ALL,Crime Type,FRAUD,Wednesday,12:00-17:59,587
YTD,ALL,Crime Type,FRAUD,Wednesday,18:00-23:59,200
YTD,ALL,Crime Type,GAMBLING,Thursday,12:00-17:59,1
YTD,ALL,Crime Type,HEALTH AND SAFETY,Friday,00:00-05:59,1
YTD,ALL,Crime Type,HEALTH AND SAFETY,Friday,06:00-11:59,1
YTD,ALL,Crime Type,HEALTH AND SAFETY,Friday,12:00-17:59,2
YTD,ALL,Crime Type,HEALTH AND SAFETY,Friday,18:00-23:59,11
YTD,ALL,Crime Type,HEALTH AND SAFETY,Monday,00:00-05:59,1
YTD,ALL,Crime Type,HEALTH AND SAFETY,Monday,12:00-17:59,1
YTD,ALL,Crime Type,HEALTH AND SAFETY,Monday,18:00-23:59,1
YTD,ALL,Crime Type,HEALTH AND SAFETY,Saturday,00:00-05:59,5
YTD,ALL,Crime Type,HEALTH AND SAFETY,Saturday,18:00-23:59,2
YTD,ALL,Crime Type,HEALTH AND SAFETY,Sunday,00:00-05:59,9
YTD,ALL,Crime Type,HEALTH AND SAFETY,Sunday,12:00-17:59,3
YTD,ALL,Crime Type,HEALTH AND SAFETY,Sunday,18:00-23:59,7
YTD,ALL,Crime Type,HEALTH AND SAFETY,Thursday,00:00-05:59,1
YTD,ALL,Crime Type,HEALTH AND SAFETY,Thursday,06:00-11:59,1
YTD,ALL,Crime Type,HEALTH AND SAFETY,Thursday,12:00-17:59,5
YTD,ALL,Crime Type,HEALTH AND SAFETY,Thursday,18:00-23:59,5
YTD,ALL,Crime Type,HEALTH AND SAFETY,Tuesday,00:00-05:59,1
YTD,ALL,Crime Type,HEALTH AND SAFETY,Tuesday,06:00-11:59,2
YTD,ALL,Crime Type,HEALTH AND SAFETY,Tuesday,12:00-17:59,12
YTD,ALL,Crime Type,HEALTH AND SAFETY,Tuesday,18:00-23:59,1
YTD,ALL,Crime Type,HEALTH AND SAFETY,Wednesday,06:00-11:59,1
YTD,ALL,Crime Type,HEALTH AND SAFETY,Wednesday,12:00-17:59,21
YTD,ALL,Crime Type,HOMICIDE,Friday,00:00-05:59,5
YTD,ALL,Crime Type,HOMICIDE,Friday,06:00-11:59,5
YTD,ALL,Crime Type,HOMICIDE,Friday,12:00-17:59,13
YTD,ALL,Crime Type,HOMICIDE,Friday,18:00-23:59,12
YTD,ALL,Crime Type,HOMICIDE,Monday,00:00-05:59,10
YTD,ALL,Crime Type,HOMICIDE,Monday,06:00-11:59,6
YTD,ALL,Crime Type,HOMICIDE,Monday,12:00-17:59,9
YTD,ALL,Crime Type,HOMICIDE,Monday,18:00-23:59,10
YTD,ALL,Crime Type,HOMICIDE,Saturday,00:00-05:59,14
YTD,ALL,Crime Type,HOMICIDE,Saturday,06:00-11:59,4
YTD,ALL,Crime Type,HOMICIDE,Saturday,12:00-17:59,5
YTD,ALL,Crime Type,HOMICIDE,Saturday,18:00-23:59,6
YTD,ALL,Crime Type,HOMICIDE,Sunday,00:00-05:59,10
YTD,ALL,Crime Type,HOMICIDE,Sunday,06:00-11:59,3
YTD,ALL,Crime Type,HOMICIDE,Sunday,12:00-17:59,7
YTD,ALL,Crime Type,HOMICIDE,Sunday,18:00-23:59,9
YTD,ALL,Crime Type,HOMICIDE,Thursday,00:00-05:59,2
YTD,ALL,Crime Type,HOMICIDE,Thursday,06:00-11:59,3
YTD,ALL,Crime Type,HOMICIDE,Thursday,12:00-17:59,5
YTD,ALL,Crime Type,HOMICIDE,Thursday,18:00-23:59,9
YTD,ALL,Crime Type,HOMICIDE,Tuesday,00:00-05:59,5
YTD,ALL,Crime Type,HOMICIDE,Tuesday,06:00-11:59,2
YTD,ALL,Crime Type,HOMICIDE,Tuesday,12:00-17:59,7
YTD,ALL,Crime Type,HOMICIDE,Tuesday,18:00-23:59,12
YTD,ALL,Crime Type,HOMICIDE,Wednesday,00:00-05:59,7
YTD,ALL,Crime Type,HOMICIDE,Wednesday,06:00-11:59,2
YTD,ALL,Crime Type,HOMICIDE,Wednesday,12:00-17:59,4
YTD,ALL,Crime Type,HOMICIDE,Wednesday,18:00-23:59,10
YTD,ALL,Crime Type,INVASION OF PRIVACY -OTHER,Friday,00:00-05:59,4
YTD,ALL,Crime Type,INVASION OF PRIVACY -OTHER,Friday,06:00-11:59,7
YTD,ALL,Crime Type,INVASION OF PRIVACY -OTHER,Friday,12:00-17:59,7
YTD,ALL,Crime Type,INVASION OF PRIVACY -OTHER,Friday,18:00-23:59,12
YTD,ALL,Crime Type,INVASION OF PRIVACY -OTHER,Monday,00:00-05:59,3
YTD,ALL,Crime Type,INVASION OF PRIVACY -OTHER,Monday,06:00-11:59,9
YTD,ALL,Crime Type,INVASION OF PRIVACY -OTHER,Monday,12:00-17:59,11
YTD,ALL,Crime Type,INVASION OF PRIVACY -OTHER,Monday,18:00-23:59,9
YTD,ALL,Crime Type,INVASION OF PRIVACY -OTHER,Saturday,00:00-05:59,6
YTD,ALL,Crime Type,INVASION OF PRIVACY -OTHER,Saturday,06:00-11:59,5
YTD,ALL,Crime Type,INVASION OF PRIVACY -OTHER,Saturday,12:00-17:59,10
YTD,ALL,Crime Type,INVASION OF PRIVACY -OTHER,Saturday,18:00-23:59,11
YTD,ALL,Crime Type,INVASION OF PRIVACY -OTHER,Sunday,00:00-05:59,8
YTD,ALL,Crime Type,INVASION OF PRIVACY -OTHER,Sunday,06:00-11:59,7
YTD,ALL,Crime Type,INVASION OF PRIVACY -OTHER,Sunday,12:00-17:59,7
YTD,ALL,Crime Type,INVASION OF PRIVACY -OTHER,Sunday,18:00-23:59,8
YTD,ALL,Crime Type,INVASION OF PRIVACY -OTHER,Thursday,00:00-05:59,2
YTD,ALL,Crime Type,INVASION OF PRIVACY -OTHER,Thursday,06:00-11:59,8
YTD,ALL,Crime Type,INVASION OF PRIVACY -OTHER,Thursday,12:00-17:59,9
YTD,ALL,Crime Type,INVASION OF PRIVACY -OTHER,Thursday,18:00-23:59,4
YTD,ALL,Crime Type,INVASION OF PRIVACY -OTHER,Tuesday,00:00-05:59,5
YTD,ALL,Crime Type,INVASION OF PRIVACY -OTHER,Tuesday,06:00-11:59,12
YTD,ALL,Crime Type,INVASION OF PRIVACY -OTHER,Tuesday,12:00-17:59,10
YTD,ALL,Crime Type,INVASION OF PRIVACY -OTHER,Tuesday,18:00-23:59,7
YTD,ALL,Crime Type,INVASION OF PRIVACY -OTHER,Wednesday,00:00-05:59,6
YTD,ALL,Crime Type,INVASION OF PRIVACY -OTHER,Wednesday,06:00-11:59,6
YTD,ALL,Crime Type,INVASION OF PRIVACY -OTHER,Wednesday,12:00-17:59,11
YTD,ALL,Crime Type,INVASION OF PRIVACY -OTHER,Wednesday,18:00-23:59,11
YTD,ALL,Crime Type,JUSTIFIABLE HOMICIDE,Friday,18:00-23:59,2
YTD,ALL,Crime Type,JUSTIFIABLE HOMICIDE,Monday,00:00-05:59,2
YTD,ALL,Crime Type,JUSTIFIABLE HOMICIDE,Monday,06:00-11:59,1
YTD,ALL,Crime Type,JUSTIFIABLE HOMICIDE,Monday,18:00-23:59,2
YTD,ALL,Crime Type,JUSTIFIABLE HOMICIDE,Saturday,00:00-05:59,1
YTD,ALL,Crime Type,JUSTIFIABLE HOMICIDE,Sunday,00:00-05:59,1
YTD,ALL,Crime Type,JUSTIFIABLE HOMICIDE,Sunday,18:00-23:59,2
YTD,ALL,Crime Type,JUSTIFIABLE HOMICIDE,Thursday,00:00-05:59,1
YTD,ALL,Crime Type,JUSTIFIABLE HOMICIDE,Thursday,06:00-11:59,1
YTD,ALL,Crime Type,JUSTIFIABLE HOMICIDE,Thursday,18:00-23:59,1
YTD,ALL,Crime Type,JUSTIFIABLE HOMICIDE,Tuesday,18:00-23:59,1
YTD,ALL,Crime Type,JUSTIFIABLE HOMICIDE,Wednesday,00:00-05:59,2
YTD,ALL,Crime Type,JUSTIFIABLE HOMICIDE,Wednesday,18:00-23:59,1
YTD,ALL,Crime Type,KIDNAPPING,Friday,00:00-05:59,4
YTD,ALL,Crime Type,KIDNAPPING,Friday,06:00-11:59,7
YTD,ALL,Crime Type,KIDNAPPING,Friday,12:00-17:59,12
YTD,ALL,Crime Type,KIDNAPPING,Friday,18:00-23:59,9
YTD,ALL,Crime Type,KIDNAPPING,Monday,00:00-05:59,5
YTD,ALL,Crime Type,KIDNAPPING,Monday,06:00-11:59,7
YTD,ALL,Crime Type,KIDNAPPING,Monday,12:00-17:59,9
YTD,ALL,Crime Type,KIDNAPPING,Monday,18:00-23:59,8
YTD,ALL,Crime Type,KIDNAPPING,Saturday,00:00-05:59,2
YTD,ALL,Crime Type,KIDNAPPING,Saturday,06:00-11:59,6
YTD,ALL,Crime Type,KIDNAPPING,Saturday,12:00-17:59,7
YTD,ALL,Crime Type,KIDNAPPING,Saturday,18:00-23:59,10
YTD,ALL,Crime Type,KIDNAPPING,Sunday,00:00-05:59,6
YTD,ALL,Crime Type,KIDNAPPING,Sunday,06:00-11:59,5
YTD,ALL,Crime Type,KIDNAPPING,Sunday,12:00-17:59,4
YTD,ALL,Crime Type,KIDNAPPING,Sunday,18:00-23:59,7
YTD,ALL,Crime Type,KIDNAPPING,Thursday,00:00-05:59,3
YTD,ALL,Crime Type,KIDNAPPING,Thursday,06:00-11:59,6
YTD,ALL,Crime Type,KIDNAPPING,Thursday,12:00-17:59,10
YTD,ALL,Crime Type,KIDNAPPING,Thursday,18:00-23:59,7
YTD,ALL,Crime Type,KIDNAPPING,Tuesday,00:00-05:59,6
YTD,ALL,Crime Type,KIDNAPPING,Tuesday,06:00-11:59,2
YTD,ALL,Crime Type,KIDNAPPING,Tuesday,12:00-17:59,4
YTD,ALL,Crime Type,KIDNAPPING,Tuesday,18:00-23:59,11
YTD,ALL,Crime Type,KIDNAPPING,Wednesday,00:00-05:59,5
YTD,ALL,Crime Type,KIDNAPPING,Wednesday,06:00-11:59,5
YTD,ALL,Crime Type,KIDNAPPING,Wednesday,12:00-17:59,10
YTD,ALL,Crime Type,KIDNAPPING,Wednesday,18:00-23:59,8
YTD,ALL,Crime Type,LARCENY,Friday,00:00-05:59,228
YTD,ALL,Crime Type,LARCENY,Friday,06:00-11:59,400
YTD,ALL,Crime Type,LARCENY,Friday,12:00-17:59,735
YTD,ALL,Crime Type,LARCENY,Friday,18:00-23:59,489
YTD,ALL,Crime Type,LARCENY,Monday,00:00-05:59,267
YTD,ALL,Crime Type,LARCENY,Monday,06:00-11:59,418
YTD,ALL,Crime Type,LARCENY,Monday,12:00-17:59,640
YTD,ALL,Crime Type,LARCENY,Monday,18:00-23:59,475
YTD,ALL,Crime Type,LARCENY,Saturday,00:00-05:59,352
YTD,ALL,Crime Type,LARCENY,Saturday,06:00-11:59,310
YTD,ALL,Crime Type,LARCENY,Saturday,12:00-17:59,585
YTD,ALL,Crime Type,LARCENY,Saturday,18:00-23:59,610
YTD,ALL,Crime Type,LARCENY,Sunday,00:00-05:59,523
YTD,ALL,Crime Type,LARCENY,Sunday,06:00-11:59,285
YTD,ALL,Crime Type,LARCENY,Sunday,12:00-17:59,497
YTD,ALL,Crime Type,LARCENY,Sunday,18:00-23:59,628
YTD,ALL,Crime Type,LARCENY,Thursday,00:00-05:59,222
YTD,ALL,Crime Type,LARCENY,Thursday,06:00-11:59,390
YTD,ALL,Crime Type,LARCENY,Thursday,12:00-17:59,576
YTD,ALL,Crime Type,LARCENY,Thursday,18:00-23:59,457
YTD,ALL,Crime Type,LARCENY,Tuesday,00:00-05:59,201
YTD,ALL,Crime Type,LARCENY,Tuesday,06:00-11:59,358
YTD,ALL,Crime Type,LARCENY,Tuesday,12:00-17:59,606
YTD,ALL,Crime Type,LARCENY,Tuesday,18:00-23:59,457
YTD,ALL,Crime Type,LARCENY,Wednesday,00:00-05:59,223
YTD,ALL,Crime Type,LARCENY,Wednesday,06:00-11:59,374
YTD,ALL,Crime Type,LARCENY,Wednesday,12:00-17:59,582
YTD,ALL,Crime Type,LARCENY,Wednesday,18:00-23:59,491
YTD,ALL,Crime Type,LIQUOR,Friday,18:00-23:59,7
YTD,ALL,Crime Type,LIQUOR,Monday,12:00-17:59,1
YTD,ALL,Crime Type,LIQUOR,Monday,18:00-23:59,1
YTD,ALL,Crime Type,LIQUOR,Saturday,00:00-05:59,10
YTD,ALL,Crime Type,LIQUOR,Saturday,06:00-11:59,1
YTD,ALL,Crime Type,LIQUOR,Saturday,18:00-23:59,6
YTD,ALL,Crime Type,LIQUOR,Sunday,00:00-05:59,4
YTD,ALL,Crime Type,LIQUOR,Sunday,18:00-23:59,3
YTD,ALL,Crime Type,LIQUOR,Tuesday,00:00-05:59,1
YTD,ALL,Crime Type,LIQUOR,Tuesday,06:00-11:59,1
YTD,ALL,Crime Type,LIQUOR,Tuesday,12:00-17:59,1
YTD,ALL,Crime Type,LIQUOR,Tuesday,18:00-23:59,3
YTD,ALL,Crime Type,MISCELLANEOUS,Friday,00:00-05:59,1
YTD,ALL,Crime Type,MISCELLANEOUS,Friday,06:00-11:59,1
YTD,ALL,Crime Type,MISCELLANEOUS,Friday,12:00-17:59,6
YTD,ALL,Crime Type,MISCELLANEOUS,Friday,18:00-23:59,2
YTD,ALL,Crime Type,MISCELLANEOUS,Monday,00:00-05:59,3
YTD,ALL,Crime Type,MISCELLANEOUS,Monday,06:00-11:59,2
YTD,ALL,Crime Type,MISCELLANEOUS,Monday,12:00-17:59,7
YTD,ALL,Crime Type,MISCELLANEOUS,Monday,18:00-23:59,2
YTD,ALL,Crime Type,MISCELLANEOUS,Saturday,00:00-05:59,2
YTD,ALL,Crime Type,MISCELLANEOUS,Saturday,12:00-17:59,4
YTD,ALL,Crime Type,MISCELLANEOUS,Saturday,18:00-23:59,5
YTD,ALL,Crime Type,MISCELLANEOUS,Sunday,00:00-05:59,2
YTD,ALL,Crime Type,MISCELLANEOUS,Sunday,12:00-17:59,5
YTD,ALL,Crime Type,MISCELLANEOUS,Sunday,18:00-23:59,2
YTD,ALL,Crime Type,MISCELLANEOUS,Thursday,06:00-11:59,5
YTD,ALL,Crime Type,MISCELLANEOUS,Thursday,12:00-17:59,8
YTD,ALL,Crime Type,MISCELLANEOUS,Thursday,18:00-23:59,7
YTD,ALL,Crime Type,MISCELLANEOUS,Tuesday,00:00-05:59,1
YTD,ALL,Crime Type,MISCELLANEOUS,Tuesday,06:00-11:59,1
YTD,ALL,Crime Type,MISCELLANEOUS,Tuesday,12:00-17:59,6
YTD,ALL,Crime Type,MISCELLANEOUS,Tuesday,18:00-23:59,3
YTD,ALL,Crime Type,MISCELLANEOUS,Wednesday,00:00-05:59,3
YTD,ALL,Crime Type,MISCELLANEOUS,Wednesday,06:00-11:59,5
YTD,ALL,Crime Type,MISCELLANEOUS,Wednesday,12:00-17:59,8
YTD,ALL,Crime Type,MISCELLANEOUS,Wednesday,18:00-23:59,2
YTD,ALL,Crime Type,OBSTRUCTING JUDICIARY,Friday,00:00-05:59,27
YTD,ALL,Crime Type,OBSTRUCTING JUDICIARY,Friday,06:00-11:59,33
YTD,ALL,Crime Type,OBSTRUCTING JUDICIARY,Friday,12:00-17:59,56
YTD,ALL,Crime Type,OBSTRUCTING JUDICIARY,Friday,18:00-23:59,53
YTD,ALL,Crime Type,OBSTRUCTING JUDICIARY,Monday,00:00-05:59,18
YTD,ALL,Crime Type,OBSTRUCTING JUDICIARY,Monday,06:00-11:59,26
YTD,ALL,Crime Type,OBSTRUCTING JUDICIARY,Monday,12:00-17:59,48
YTD,ALL,Crime Type,OBSTRUCTING JUDICIARY,Monday,18:00-23:59,40
YTD,ALL,Crime Type,OBSTRUCTING JUDICIARY,Saturday,00:00-05:59,15
YTD,ALL,Crime Type,OBSTRUCTING JUDICIARY,Saturday,06:00-11:59,24
YTD,ALL,Crime Type,OBSTRUCTING JUDICIARY,Saturday,12:00-17:59,35
YTD,ALL,Crime Type,OBSTRUCTING JUDICIARY,Saturday,18:00-23:59,38
YTD,ALL,Crime Type,OBSTRUCTING JUDICIARY,Sunday,00:00-05:59,21
YTD,ALL,Crime Type,OBSTRUCTING JUDICIARY,Sunday,06:00-11:59,28
YTD,ALL,Crime Type,OBSTRUCTING JUDICIARY,Sunday,12:00-17:59,40
YTD,ALL,Crime Type,OBSTRUCTING JUDICIARY,Sunday,18:00-23:59,47
YTD,ALL,Crime Type,OBSTRUCTING JUDICIARY,Thursday,00:00-05:59,17
YTD,ALL,Crime Type,OBSTRUCTING JUDICIARY,Thursday,06:00-11:59,31
YTD,ALL,Crime Type,OBSTRUCTING JUDICIARY,Thursday,12:00-17:59,53
YTD,ALL,Crime Type,OBSTRUCTING JUDICIARY,Thursday,18:00-23:59,49
YTD,ALL,Crime Type,OBSTRUCTING JUDICIARY,Tuesday,00:00-05:59,17
YTD,ALL,Crime Type,OBSTRUCTING JUDICIARY,Tuesday,06:00-11:59,31
YTD,ALL,Crime Type,OBSTRUCTING JUDICIARY,Tuesday,12:00-17:59,48
YTD,ALL,Crime Type,OBSTRUCTING JUDICIARY,Tuesday,18:00-23:59,33
YTD,ALL,Crime Type,OBSTRUCTING JUDICIARY,Wednesday,00:00-05:59,14
YTD,ALL,Crime Type,OBSTRUCTING JUDICIARY,Wednesday,06:00-11:59,28
YTD,ALL,Crime Type,OBSTRUCTING JUDICIARY,Wednesday,12:00-17:59,60
YTD,ALL,Crime Type,OBSTRUCTING JUDICIARY,Wednesday,18:00-23:59,40
YTD,ALL,Crime Type,OBSTRUCTING THE POLICE,Friday,00:00-05:59,60
YTD,ALL,Crime Type,OBSTRUCTING THE POLICE,Friday,06:00-11:59,30
YTD,ALL,Crime Type,OBSTRUCTING THE POLICE,Friday,12:00-17:59,55
YTD,ALL,Crime Type,OBSTRUCTING THE POLICE,Friday,18:00-23:59,119
YTD,ALL,Crime Type,OBSTRUCTING THE POLICE,Monday,00:00-05:59,68
YTD,ALL,Crime Type,OBSTRUCTING THE POLICE,Monday,06:00-11:59,22
YTD,ALL,Crime Type,OBSTRUCTING THE POLICE,Monday,12:00-17:59,56
YTD,ALL,Crime Type,OBSTRUCTING THE POLICE,Monday,18:00-23:59,93
YTD,ALL,Crime Type,OBSTRUCTING THE POLICE,Saturday,00:00-05:59,93
YTD,ALL,Crime Type,OBSTRUCTING THE POLICE,Saturday,06:00-11:59,24
YTD,ALL,Crime Type,OBSTRUCTING THE POLICE,Saturday,12:00-17:59,55
YTD,ALL,Crime Type,OBSTRUCTING THE POLICE,Saturday,18:00-23:59,125
YTD,ALL,Crime Type,OBSTRUCTING THE POLICE,Sunday,00:00-05:59,103
YTD,ALL,Crime Type,OBSTRUCTING THE POLICE,Sunday,06:00-11:59,17
YTD,ALL,Crime Type,OBSTRUCTING THE POLICE,Sunday,12:00-17:59,43
YTD,ALL,Crime Type,OBSTRUCTING THE POLICE,Sunday,18:00-23:59,122
YTD,ALL,Crime Type,OBSTRUCTING THE POLICE,Thursday,00:00-05:59,52
YTD,ALL,Crime Type,OBSTRUCTING THE POLICE,Thursday,06:00-11:59,19
YTD,ALL,Crime Type,OBSTRUCTING THE POLICE,Thursday,12:00-17:59,80
YTD,ALL,Crime Type,OBSTRUCTING THE POLICE,Thursday,18:00-23:59,112
YTD,ALL,Crime Type,OBSTRUCTING THE POLICE,Tuesday,00:00-05:59,60
YTD,ALL,Crime Type,OBSTRUCTING THE POLICE,Tuesday,06:00-11:59,26
YTD,ALL,Crime Type,OBSTRUCTING THE POLICE,Tuesday,12:00-17:59,72
YTD,ALL,Crime Type,OBSTRUCTING THE POLICE,Tuesday,18:00-23:59,60
YTD,ALL,Crime Type,OBSTRUCTING THE POLICE,Wednesday,00:00-05:59,59
YTD,ALL,Crime Type,OBSTRUCTING THE POLICE,Wednesday,06:00-11:59,33
YTD,ALL,Crime Type,OBSTRUCTING THE POLICE,Wednesday,12:00-17:59,61
YTD,ALL,Crime Type,OBSTRUCTING THE POLICE,Wednesday,18:00-23:59,90
YTD,ALL,Crime Type,OTHER,Friday,00:00-05:59,9
YTD,ALL,Crime Type,OTHER,Friday,06:00-11:59,8
YTD,ALL,Crime Type,OTHER,Friday,12:00-17:59,22
YTD,ALL,Crime Type,OTHER,Friday,18:00-23:59,11
YTD,ALL,Crime Type,OTHER,Monday,00:00-05:59,13
YTD,ALL,Crime Type,OTHER,Monday,06:00-11:59,11
YTD,ALL,Crime Type,OTHER,Monday,12:00-17:59,12
YTD,ALL,Crime Type,OTHER,Monday,18:00-23:59,9
YTD,ALL,Crime Type,OTHER,Saturday,00:00-05:59,11
YTD,ALL,Crime Type,OTHER,Saturday,06:00-11:59,7
YTD,ALL,Crime Type,OTHER,Saturday,12:00-17:59,22
YTD,ALL,Crime Type,OTHER,Saturday,18:00-23:59,20
YTD,ALL,Crime Type,OTHER,Sunday,00:00-05:59,8
YTD,ALL,Crime Type,OTHER,Sunday,06:00-11:59,3
YTD,ALL,Crime Type,OTHER,Sunday,12:00-17:59,17
YTD,ALL,Crime Type,OTHER,Sunday,18:00-23:59,15
YTD,ALL,Crime Type,OTHER,Thursday,00:00-05:59,6
YTD,ALL,Crime Type,OTHER,Thursday,06:00-11:59,11
YTD,ALL,Crime Type,OTHER,Thursday,12:00-17:59,18
YTD,ALL,Crime Type,OTHER,Thursday,18:00-23:59,14
YTD,ALL,Crime Type,OTHER,Tuesday,00:00-05:59,15
YTD,ALL,Crime Type,OTHER,Tuesday,06:00-11:59,5
YTD,ALL,Crime Type,OTHER,Tuesday,12:00-17:59,20
YTD,ALL,Crime Type,OTHER,Tuesday,18:00-23:59,11
YTD,ALL,Crime Type,OTHER,Wednesday,00:00-05:59,9
YTD,ALL,Crime Type,OTHER,Wednesday,06:00-11:59,9
YTD,ALL,Crime Type,OTHER,Wednesday,12:00-17:59,18
YTD,ALL,Crime Type,OTHER,Wednesday,18:00-23:59,19
YTD,ALL,Crime Type,OUIL,Friday,00:00-05:59,28
YTD,ALL,Crime Type,OUIL,Friday,06:00-11:59,16
YTD,ALL,Crime Type,OUIL,Friday,12:00-17:59,18
YTD,ALL,Crime Type,OUIL,Friday,18:00-23:59,22
YTD,ALL,Crime Type,OUIL,Monday,00:00-05:59,22
YTD,ALL,Crime Type,OUIL,Monday,06:00-11:59,22
YTD,ALL,Crime Type,OUIL,Monday,12:00-17:59,18
YTD,ALL,Crime Type,OUIL,Monday,18:00-23:59,44
YTD,ALL,Crime Type,OUIL,Saturday,00:00-05:59,26
YTD,ALL,Crime Type,OUIL,Saturday,06:00-11:59,16
YTD,ALL,Crime Type,OUIL,Saturday,12:00-17:59,22
YTD,ALL,Crime Type,OUIL,Saturday,18:00-23:59,56
YTD,ALL,Crime Type,OUIL,Sunday,00:00-05:59,28
YTD,ALL,Crime Type,OUIL,Sunday,06:00-11:59,6
YTD,ALL,Crime Type,OUIL,Sunday,12:00-17:59,24
YTD,ALL,Crime Type,OUIL,Sunday,18:00-23:59,30
YTD,ALL,Crime Type,OUIL,Thursday,00:00-05:59,18
YTD,ALL,Crime Type,OUIL,Thursday,06:00-11:59,12
YTD,ALL,Crime Type,OUIL,Thursday,12:00-17:59,20
YTD,ALL,Crime Type,OUIL,Thursday,18:00-23:59,34
YTD,ALL,Crime Type,OUIL,Tuesday,00:00-05:59,14
YTD,ALL,Crime Type,OUIL,Tuesday,06:00-11:59,4
YTD,ALL,Crime Type,OUIL,Tuesday,12:00-17:59,24
YTD,ALL,Crime Type,OUIL,Tuesday,18:00-23:59,48
YTD,ALL,Crime Type,OUIL,Wednesday,00:00-05:59,12
YTD,ALL,Crime Type,OUIL,Wednesday,06:00-11:59,16
YTD,ALL,Crime Type,OUIL,Wednesday,12:00-17:59,24
YTD,ALL,Crime Type,OUIL,Wednesday,18:00-23:59,36
YTD,ALL,Crime Type,ROBBERY,Friday,00:00-05:59,34
YTD,ALL,Crime Type,ROBBERY,Friday,06:00-11:59,21
YTD,ALL,Crime Type,ROBBERY,Friday,12:00-17:59,42
YTD,ALL,Crime Type,ROBBERY,Friday,18:00-23:59,40
YTD,ALL,Crime Type,ROBBERY,Monday,00:00-05:59,44
YTD,ALL,Crime Type,ROBBERY,Monday,06:00-11:59,21
YTD,ALL,Crime Type,ROBBERY,Monday,12:00-17:59,46
YTD,ALL,Crime Type,ROBBERY,Monday,18:00-23:59,60
YTD,ALL,Crime Type,ROBBERY,Saturday,00:00-05:59,52
YTD,ALL,Crime Type,ROBBERY,Saturday,06:00-11:59,21
YTD,ALL,Crime Type,ROBBERY,Saturday,12:00-17:59,28
YTD,ALL,Crime Type,ROBBERY,Saturday,18:00-23:59,67
YTD,ALL,Crime Type,ROBBERY,Sunday,00:00-05:59,72
YTD,ALL,Crime Type,ROBBERY,Sunday,06:00-11:59,25
YTD,ALL,Crime Type,ROBBERY,Sunday,12:00-17:59,46
YTD,ALL,Crime Type,ROBBERY,Sunday,18:00-23:59,68
YTD,ALL,Crime Type,ROBBERY,Thursday,00:00-05:59,31
YTD,ALL,Crime Type,ROBBERY,Thursday,06:00-11:59,29
YTD,ALL,Crime Type,ROBBERY,Thursday,12:00-17:59,32
YTD,ALL,Crime Type,ROBBERY,Thursday,18:00-23:59,31
YTD,ALL,Crime Type,ROBBERY,Tuesday,00:00-05:59,42
YTD,ALL,Crime Type,ROBBERY,Tuesday,06:00-11:59,27
YTD,ALL,Crime Type,ROBBERY,Tuesday,12:00-17:59,43
YTD,ALL,Crime Type,ROBBERY,Tuesday,18:00-23:59,53
YTD,ALL,Crime Type,ROBBERY,Wednesday,00:00-05:59,30
YTD,ALL,Crime Type,ROBBERY,Wednesday,06:00-11:59,23
YTD,ALL,Crime Type,ROBBERY,Wednesday,12:00-17:59,40
YTD,ALL,Crime Type,ROBBERY,Wednesday,18:00-23:59,59
YTD,ALL,Crime Type,RUNAWAY,Friday,00:00-05:59,22
YTD,ALL,Crime Type,RUNAWAY,Friday,06:00-11:59,25
YTD,ALL,Crime Type,RUNAWAY,Friday,12:00-17:59,52
YTD,ALL,Crime Type,RUNAWAY,Friday,18:00-23:59,48
YTD,ALL,Crime Type,RUNAWAY,Monday,00:00-05:59,18
YTD,ALL,Crime Type,RUNAWAY,Monday,06:00-11:59,26
YTD,ALL,Crime Type,RUNAWAY,Monday,12:00-17:59,66
YTD,ALL,Crime Type,RUNAWAY,Monday,18:00-23:59,52
YTD,ALL,Crime Type,RUNAWAY,Saturday,00:00-05:59,22
YTD,ALL,Crime Type,RUNAWAY,Saturday,06:00-11:59,21
YTD,ALL,Crime Type,RUNAWAY,Saturday,12:00-17:59,43
YTD,ALL,Crime Type,RUNAWAY,Saturday,18:00-23:59,55
YTD,ALL,Crime Type,RUNAWAY,Sunday,00:00-05:59,26
YTD,ALL,Crime Type,RUNAWAY,Sunday,06:00-11:59,22
YTD,ALL,Crime Type,RUNAWAY,Sunday,12:00-17:59,56
YTD,ALL,Crime Type,RUNAWAY,Sunday,18:00-23:59,51
YTD,ALL,Crime Type,RUNAWAY,Thursday,00:00-05:59,21
YTD,ALL,Crime Type,RUNAWAY,Thursday,06:00-11:59,29
YTD,ALL,Crime Type,RUNAWAY,Thursday,12:00-17:59,44
YTD,ALL,Crime Type,RUNAWAY,Thursday,18:00-23:59,57
YTD,ALL,Crime Type,RUNAWAY,Tuesday,00:00-05:59,12
YTD,ALL,Crime Type,RUNAWAY,Tuesday,06:00-11:59,26
YTD,ALL,Crime Type,RUNAWAY,Tuesday,12:00-17:59,57
YTD,ALL,Crime Type,RUNAWAY,Tuesday,18:00-23:59,49
YTD,ALL,Crime Type,RUNAWAY,Wednesday,00:00-05:59,16
YTD,ALL,Crime Type,RUNAWAY,Wednesday,06:00-11:59,32
YTD,ALL,Crime Type,RUNAWAY,Wednesday,12:00-17:59,45
YTD,ALL,Crime Type,RUNAWAY,Wednesday,18:00-23:59,63
YTD,ALL,Crime Type,SEX OFFENSES,Friday,00:00-05:59,25
YTD,ALL,Crime Type,SEX OFFENSES,Friday,06:00-11:59,24
YTD,ALL,Crime Type,SEX OFFENSES,Friday,12:00-17:59,35
YTD,ALL,Crime Type,SEX OFFENSES,Friday,18:00-23:59,169
YTD,ALL,Crime Type,SEX OFFENSES,Monday,00:00-05:59,14
YTD,ALL,Crime Type,SEX OFFENSES,Monday,06:00-11:59,20
YTD,ALL,Crime Type,SEX OFFENSES,Monday,12:00-17:59,34
YTD,ALL,Crime Type,SEX OFFENSES,Monday,18:00-23:59,24
YTD,ALL,Crime Type,SEX OFFENSES,Saturday,00:00-05:59,16
YTD,ALL,Crime Type,SEX OFFENSES,Saturday,06:00-11:59,13
YTD,ALL,Crime Type,SEX OFFENSES,Saturday,12:00-17:59,18
YTD,ALL,Crime Type,SEX OFFENSES,Saturday,18:00-23:59,19
YTD,ALL,Crime Type,SEX OFFENSES,Sunday,00:00-05:59,14
YTD,ALL,Crime Type,SEX OFFENSES,Sunday,06:00-11:59,11
YTD,ALL,Crime Type,SEX OFFENSES,Sunday,12:00-17:59,22
YTD,ALL,Crime Type,SEX OFFENSES,Sunday,18:00-23:59,24
YTD,ALL,Crime Type,SEX OFFENSES,Thursday,00:00-05:59,21
YTD,ALL,Crime Type,SEX OFFENSES,Thursday,06:00-11:59,19
YTD,ALL,Crime Type,SEX OFFENSES,Thursday,12:00-17:59,41
YTD,ALL,Crime Type,SEX OFFENSES,Thursday,18:00-23:59,71
YTD,ALL,Crime Type,SEX OFFENSES,Tuesday,00:00-05:59,16
YTD,ALL,Crime Type,SEX OFFENSES,Tuesday,06:00-11:59,12
YTD,ALL,Crime Type,SEX OFFENSES,Tuesday,12:00-17:59,36
YTD,ALL,Crime Type,SEX OFFENSES,Tuesday,18:00-23:59,28
YTD,ALL,Crime Type,SEX OFFENSES,Wednesday,00:00-05:59,14
YTD,ALL,Crime Type,SEX OFFENSES,Wednesday,06:00-11:59,15
YTD,ALL,Crime Type,SEX OFFENSES,Wednesday,12:00-17:59,46
YTD,ALL,Crime Type,SEX OFFENSES,Wednesday,18:00-23:59,21
YTD,ALL,Crime Type,SEXUAL ASSAULT,Friday,00:00-05:59,25
YTD,ALL,Crime Type,SEXUAL ASSAULT,Friday,06:00-11:59,14
YTD,ALL,Crime Type,SEXUAL ASSAULT,Friday,12:00-17:59,24
YTD,ALL,Crime Type,SEXUAL ASSAULT,Friday,18:00-23:59,21
YTD,ALL,Crime Type,SEXUAL ASSAULT,Monday,00:00-05:59,24
YTD,ALL,Crime Type,SEXUAL ASSAULT,Monday,06:00-11:59,18
YTD,ALL,Crime Type,SEXUAL ASSAULT,Monday,12:00-17:59,18
YTD,ALL,Crime Type,SEXUAL ASSAULT,Monday,18:00-23:59,17
YTD,ALL,Crime Type,SEXUAL ASSAULT,Saturday,00:00-05:59,23
YTD,ALL,Crime Type,SEXUAL ASSAULT,Saturday,06:00-11:59,22
YTD,ALL,Crime Type,SEXUAL ASSAULT,Saturday,12:00-17:59,17
YTD,ALL,Crime Type,SEXUAL ASSAULT,Saturday,18:00-23:59,24
YTD,ALL,Crime Type,SEXUAL ASSAULT,Sunday,00:00-05:59,32
YTD,ALL,Crime Type,SEXUAL ASSAULT,Sunday,06:00-11:59,14
YTD,ALL,Crime Type,SEXUAL ASSAULT,Sunday,12:00-17:59,16
YTD,ALL,Crime Type,SEXUAL ASSAULT,Sunday,18:00-23:59,24
YTD,ALL,Crime Type,SEXUAL ASSAULT,Thursday,00:00-05:59,37
YTD,ALL,Crime Type,SEXUAL ASSAULT,Thursday,06:00-11:59,16
YTD,ALL,Crime Type,SEXUAL ASSAULT,Thursday,12:00-17:59,13
YTD,ALL,Crime Type,SEXUAL ASSAULT,Thursday,18:00-23:59,24
YTD,ALL,Crime Type,SEXUAL ASSAULT,Tuesday,00:00-05:59,31
YTD,ALL,Crime Type,SEXUAL ASSAULT,Tuesday,06:00-11:59,11
YTD,ALL,Crime Type,SEXUAL ASSAULT,Tuesday,12:00-17:59,17
YTD,ALL,Crime Type,SEXUAL ASSAULT,Tuesday,18:00-23:59,20
YTD,ALL,Crime Type,SEXUAL ASSAULT,Wednesday,00:00-05:59,17
YTD,ALL,Crime Type,SEXUAL ASSAULT,Wednesday,06:00-11:59,17
YTD,ALL,Crime Type,SEXUAL ASSAULT,Wednesday,12:00-17:59,20
YTD,ALL,Crime Type,SEXUAL ASSAULT,Wednesday,18:00-23:59,12
YTD,ALL,Crime Type,SOLICITATION,Friday,00:00-05:59,2
YTD,ALL,Crime Type,SOLICITATION,Friday,18:00-23:59,12
YTD,ALL,Crime Type,SOLICITATION,Monday,18:00-23:59,1
YTD,ALL,Crime Type,SOLICITATION,Thursday,12:00-17:59,7
YTD,ALL,Crime Type,SOLICITATION,Tuesday,12:00-17:59,4
YTD,ALL,Crime Type,STOLEN PROPERTY,Friday,00:00-05:59,40
YTD,ALL,Crime Type,STOLEN PROPERTY,Friday,06:00-11:59,104
YTD,ALL,Crime Type,STOLEN PROPERTY,Friday,12:00-17:59,126
YTD,ALL,Crime Type,STOLEN PROPERTY,Friday,18:00-23:59,72
YTD,ALL,Crime Type,STOLEN PROPERTY,Monday,00:00-05:59,40
YTD,ALL,Crime Type,STOLEN PROPERTY,Monday,06:00-11:59,78
YTD,ALL,Crime Type,STOLEN PROPERTY,Monday,12:00-17:59,114
YTD,ALL,Crime Type,STOLEN PROPERTY,Monday,18:00-23:59,66
YTD,ALL,Crime Type,STOLEN PROPERTY,Saturday,00:00-05:59,42
YTD,ALL,Crime Type,STOLEN PROPERTY,Saturday,06:00-11:59,61
YTD,ALL,Crime Type,STOLEN PROPERTY,Saturday,12:00-17:59,80
YTD,ALL,Crime Type,STOLEN PROPERTY,Saturday,18:00-23:59,92
YTD,ALL,Crime Type,STOLEN PROPERTY,Sunday,00:00-05:59,50
YTD,ALL,Crime Type,STOLEN PROPERTY,Sunday,06:00-11:59,53
YTD,ALL,Crime Type,STOLEN PROPERTY,Sunday,12:00-17:59,75
YTD,ALL,Crime Type,STOLEN PROPERTY,Sunday,18:00-23:59,69
YTD,ALL,Crime Type,STOLEN PROPERTY,Thursday,00:00-05:59,53
YTD,ALL,Crime Type,STOLEN PROPERTY,Thursday,06:00-11:59,74
YTD,ALL,Crime Type,STOLEN PROPERTY,Thursday,12:00-17:59,123
YTD,ALL,Crime Type,STOLEN PROPERTY,Thursday,18:00-23:59,80
YTD,ALL,Crime Type,STOLEN PROPERTY,Tuesday,00:00-05:59,42
YTD,ALL,Crime Type,STOLEN PROPERTY,Tuesday,06:00-11:59,99
YTD,ALL,Crime Type,STOLEN PROPERTY,Tuesday,12:00-17:59,135
YTD,ALL,Crime Type,STOLEN PROPERTY,Tuesday,18:00-23:59,65
YTD,ALL,Crime Type,STOLEN PROPERTY,Wednesday,00:00-05:59,39
YTD,ALL,Crime Type,STOLEN PROPERTY,Wednesday,06:00-11:59,86
YTD,ALL,Crime Type,STOLEN PROPERTY,Wednesday,12:00-17:59,132
YTD,ALL,Crime Type,STOLEN PROPERTY,Wednesday,18:00-23:59,97
YTD,ALL,Crime Type,STOLEN VEHICLE,Friday,00:00-05:59,241
YTD,ALL,Crime Type,STOLEN VEHICLE,Friday,06:00-11:59,140
YTD,ALL,Crime Type,STOLEN VEHICLE,Friday,12:00-17:59,215
YTD,ALL,Crime Type,STOLEN VEHICLE,Friday,18:00-23:59,456
YTD,ALL,Crime Type,STOLEN VEHICLE,Monday,00:00-05:59,206
YTD,ALL,Crime Type,STOLEN VEHICLE,Monday,06:00-11:59,124
YTD,ALL,Crime Type,STOLEN VEHICLE,Monday,12:00-17:59,180
YTD,ALL,Crime Type,STOLEN VEHICLE,Monday,18:00-23:59,439
YTD,ALL,Crime Type,STOLEN VEHICLE,Saturday,00:00-05:59,224
YTD,ALL,Crime Type,STOLEN VEHICLE,Saturday,06:00-11:59,105
YTD,ALL,Crime Type,STOLEN VEHICLE,Saturday,12:00-17:59,211
YTD,ALL,Crime Type,STOLEN VEHICLE,Saturday,18:00-23:59,405
YTD,ALL,Crime Type,STOLEN VEHICLE,Sunday,00:00-05:59,278
YTD,ALL,Crime Type,STOLEN VEHICLE,Sunday,06:00-11:59,108
YTD,ALL,Crime Type,STOLEN VEHICLE,Sunday,12:00-17:59,173
YTD,ALL,Crime Type,STOLEN VEHICLE,Sunday,18:00-23:59,427
YTD,ALL,Crime Type,STOLEN VEHICLE,Thursday,00:00-05:59,247
YTD,ALL,Crime Type,STOLEN VEHICLE,Thursday,06:00-11:59,112
YTD,ALL,Crime Type,STOLEN VEHICLE,Thursday,12:00-17:59,185
YTD,ALL,Crime Type,STOLEN VEHICLE,Thursday,18:00-23:59,386
YTD,ALL,Crime Type,STOLEN VEHICLE,Tuesday,00:00-05:59,210
YTD,ALL,Crime Type,STOLEN VEHICLE,Tuesday,06:00-11:59,146
YTD,ALL,Crime Type,STOLEN VEHICLE,Tuesday,12:00-17:59,187
YTD,ALL,Crime Type,STOLEN VEHICLE,Tuesday,18:00-23:59,415
YTD,ALL,Crime Type,STOLEN VEHICLE,Wednesday,00:00-05:59,242
YTD,ALL,Crime Type,STOLEN VEHICLE,Wednesday,06:00-11:59,127
YTD,ALL,Crime Type,STOLEN VEHICLE,Wednesday,12:00-17:59,193
YTD,ALL,Crime Type,STOLEN VEHICLE,Wednesday,18:00-23:59,394
YTD,ALL,Crime Type,WEAPONS OFFENSES,Friday,00:00-05:59,115
YTD,ALL,Crime Type,WEAPONS OFFENSES,Friday,06:00-11:59,21
YTD,ALL,Crime Type,WEAPONS OFFENSES,Friday,12:00-17:59,95
YTD,ALL,Crime Type,WEAPONS OFFENSES,Friday,18:00-23:59,221
YTD,ALL,Crime Type,WEAPONS OFFENSES,Monday,00:00-05:59,92
YTD,ALL,Crime Type,WEAPONS OFFENSES,Monday,06:00-11:59,24
YTD,ALL,Crime Type,WEAPONS OFFENSES,Monday,12:00-17:59,86
YTD,ALL,Crime Type,WEAPONS OFFENSES,Monday,18:00-23:59,162
YTD,ALL,Crime Type,WEAPONS OFFENSES,Saturday,00:00-05:59,141
YTD,ALL,Crime Type,WEAPONS OFFENSES,Saturday,06:00-11:59,20
YTD,ALL,Crime Type,WEAPONS OFFENSES,Saturday,12:00-17:59,59
YTD,ALL,Crime Type,WEAPONS OFFENSES,Saturday,18:00-23:59,231
YTD,ALL,Crime Type,WEAPONS OFFENSES,Sunday,00:00-05:59,135
YTD,ALL,Crime Type,WEAPONS OFFENSES,Sunday,06:00-11:59,19
YTD,ALL,Crime Type,WEAPONS OFFENSES,Sunday,12:00-17:59,55
YTD,ALL,Crime Type,WEAPONS OFFENSES,Sunday,18:00-23:59,219
YTD,ALL,Crime Type,WEAPONS OFFENSES,Thursday,00:00-05:59,84
YTD,ALL,Crime Type,WEAPONS OFFENSES,Thursday,06:00-11:59,32
YTD,ALL,Crime Type,WEAPONS OFFENSES,Thursday,12:00-17:59,128
YTD,ALL,Crime Type,WEAPONS OFFENSES,Thursday,18:00-23:59,213
YTD,ALL,Crime Type,WEAPONS OFFENSES,Tuesday,00:00-05:59,60
YTD,ALL,Crime Type,WEAPONS OFFENSES,Tuesday,06:00-11:59,30
YTD,ALL,Crime Type,WEAPONS OFFENSES,Tuesday,12:00-17:59,109
YTD,ALL,Crime Type,WEAPONS OFFENSES,Tuesday,18:00-23:59,148
YTD,ALL,Crime Type,WEAPONS OFFENSES,Wednesday,00:00-05:59,80
YTD,ALL,Crime Type,WEAPONS OFFENSES,Wednesday,06:00-11:59,42
YTD,ALL,Crime Type,WEAPONS OFFENSES,Wednesday,12:00-17:59,134
YTD,ALL,Crime Type,WEAPONS OFFENSES,Wednesday,18:00-23:59,208
YTD,ALL,Category Focus,Gun-Related,Friday,00:00-05:59,99
YTD,ALL,Category Focus,Gun-Related,Friday,06:00-11:59,19
YTD,ALL,Category Focus,Gun-Related,Friday,12:00-17:59,75
YTD,ALL,Category Focus,Gun-Related,Friday,18:00-23:59,189
YTD,ALL,Category Focus,Gun-Related,Monday,00:00-05:59,79
YTD,ALL,Category Focus,Gun-Related,Monday,06:00-11:59,20
YTD,ALL,Category Focus,Gun-Related,Monday,12:00-17:59,73
YTD,ALL,Category Focus,Gun-Related,Monday,18:00-23:59,139
YTD,ALL,Category Focus,Gun-Related,Saturday,00:00-05:59,119
YTD,ALL,Category Focus,Gun-Related,Saturday,06:00-11:59,14
YTD,ALL,Category Focus,Gun-Related,Saturday,12:00-17:59,44
YTD,ALL,Category Focus,Gun-Related,Saturday,18:00-23:59,193
YTD,ALL,Category Focus,Gun-Related,Sunday,00:00-05:59,119
YTD,ALL,Category Focus,Gun-Related,Sunday,06:00-11:59,15
YTD,ALL,Category Focus,Gun-Related,Sunday,12:00-17:59,46
YTD,ALL,Category Focus,Gun-Related,Sunday,18:00-23:59,192
YTD,ALL,Category Focus,Gun-Related,Thursday,00:00-05:59,72
YTD,ALL,Category Focus,Gun-Related,Thursday,06:00-11:59,27
YTD,ALL,Category Focus,Gun-Related,Thursday,12:00-17:59,108
YTD,ALL,Category Focus,Gun-Related,Thursday,18:00-23:59,183
YTD,ALL,Category Focus,Gun-Related,Tuesday,00:00-05:59,48
YTD,ALL,Category Focus,Gun-Related,Tuesday,06:00-11:59,26
YTD,ALL,Category Focus,Gun-Related,Tuesday,12:00-17:59,88
YTD,ALL,Category Focus,Gun-Related,Tuesday,18:00-23:59,131
YTD,ALL,Category Focus,Gun-Related,Wednesday,00:00-05:59,68
YTD,ALL,Category Focus,Gun-Related,Wednesday,06:00-11:59,38
YTD,ALL,Category Focus,Gun-Related,Wednesday,12:00-17:59,114
YTD,ALL,Category Focus,Gun-Related,Wednesday,18:00-23:59,183
YTD,ALL,Category Focus,Property Crime,Friday,00:00-05:59,994
YTD,ALL,Category Focus,Property Crime,Friday,06:00-11:59,1126
YTD,ALL,Category Focus,Property Crime,Friday,12:00-17:59,1733
YTD,ALL,Category Focus,Property Crime,Friday,18:00-23:59,1622
YTD,ALL,Category Focus,Property Crime,Monday,00:00-05:59,1026
YTD,ALL,Category Focus,Property Crime,Monday,06:00-11:59,1139
YTD,ALL,Category Focus,Property Crime,Monday,12:00-17:59,1645
YTD,ALL,Category Focus,Property Crime,Monday,18:00-23:59,1669
YTD,ALL,Category Focus,Property Crime,Saturday,00:00-05:59,1230
YTD,ALL,Category Focus,Property Crime,Saturday,06:00-11:59,916
YTD,ALL,Category Focus,Property Crime,Saturday,12:00-17:59,1561
YTD,ALL,Category Focus,Property Crime,Saturday,18:00-23:59,1755
YTD,ALL,Category Focus,Property Crime,Sunday,00:00-05:59,1536
YTD,ALL,Category Focus,Property Crime,Sunday,06:00-11:59,837
YTD,ALL,Category Focus,Property Crime,Sunday,12:00-17:59,1366
YTD,ALL,Category Focus,Property Crime,Sunday,18:00-23:59,1807
YTD,ALL,Category Focus,Property Crime,Thursday,00:00-05:59,981
YTD,ALL,Category Focus,Property Crime,Thursday,06:00-11:59,994
YTD,ALL,Category Focus,Property Crime,Thursday,12:00-17:59,1532
YTD,ALL,Category Focus,Property Crime,Thursday,18:00-23:59,1545
YTD,ALL,Category Focus,Property Crime,Tuesday,00:00-05:59,918
YTD,ALL,Category Focus,Property Crime,Tuesday,06:00-11:59,1107
YTD,ALL,Category Focus,Property Crime,Tuesday,12:00-17:59,1638
YTD,ALL,Category Focus,Property Crime,Tuesday,18:00-23:59,1545
YTD,ALL,Category Focus,Property Crime,Wednesday,00:00-05:59,1005
YTD,ALL,Category Focus,Property Crime,Wednesday,06:00-11:59,1081
YTD,ALL,Category Focus,Property Crime,Wednesday,12:00-17:59,1567
YTD,ALL,Category Focus,Property Crime,Wednesday,18:00-23:59,1613
YTD,ALL,Category Focus,Larceny,Friday,00:00-05:59,228
YTD,ALL,Category Focus,Larceny,Friday,06:00-11:59,400
YTD,ALL,Category Focus,Larceny,Friday,12:00-17:59,735
YTD,ALL,Category Focus,Larceny,Friday,18:00-23:59,489
YTD,ALL,Category Focus,Larceny,Monday,00:00-05:59,267
YTD,ALL,Category Focus,Larceny,Monday,06:00-11:59,418
YTD,ALL,Category Focus,Larceny,Monday,12:00-17:59,640
YTD,ALL,Category Focus,Larceny,Monday,18:00-23:59,475
YTD,ALL,Category Focus,Larceny,Saturday,00:00-05:59,352
YTD,ALL,Category Focus,Larceny,Saturday,06:00-11:59,310
YTD,ALL,Category Focus,Larceny,Saturday,12:00-17:59,585
YTD,ALL,Category Focus,Larceny,Saturday,18:00-23:59,610
YTD,ALL,Category Focus,Larceny,Sunday,00:00-05:59,523
YTD,ALL,Category Focus,Larceny,Sunday,06:00-11:59,285
YTD,ALL,Category Focus,Larceny,Sunday,12:00-17:59,497
YTD,ALL,Category Focus,Larceny,Sunday,18:00-23:59,628
YTD,ALL,Category Focus,Larceny,Thursday,00:00-05:59,222
YTD,ALL,Category Focus,Larceny,Thursday,06:00-11:59,390
YTD,ALL,Category Focus,Larceny,Thursday,12:00-17:59,576
YTD,ALL,Category Focus,Larceny,Thursday,18:00-23:59,457
YTD,ALL,Category Focus,Larceny,Tuesday,00:00-05:59,201
YTD,ALL,Category Focus,Larceny,Tuesday,06:00-11:59,358
YTD,ALL,Category Focus,Larceny,Tuesday,12:00-17:59,606
YTD,ALL,Category Focus,Larceny,Tuesday,18:00-23:59,457
YTD,ALL,Category Focus,Larceny,Wednesday,00:00-05:59,223
YTD,ALL,Category Focus,Larceny,Wednesday,06:00-11:59,374
YTD,ALL,Category Focus,Larceny,Wednesday,12:00-17:59,582
YTD,ALL,Category Focus,Larceny,Wednesday,18:00-23:59,491
YTD,00,All,All,Friday,12:00-17:59,1
YTD,00,All,All,Monday,12:00-17:59,3
YTD,00,All,All,Saturday,06:00-11:59,1
YTD,00,All,All,Saturday,12:00-17:59,1
YTD,00,All,All,Tuesday,12:00-17:59,1
YTD,00,All,All,Wednesday,00:00-05:59,1
YTD,00,All,All,Wednesday,12:00-17:59,1
YTD,00,Crime Type,ASSAULT,Saturday,06:00-11:59,1
YTD,00,Crime Type,DAMAGE TO PROPERTY,Saturday,12:00-17:59,1
YTD,00,Crime Type,FRAUD,Tuesday,12:00-17:59,1
YTD,00,Crime Type,FRAUD,Wednesday,12:00-17:59,1
YTD,00,Crime Type,LARCENY,Monday,12:00-17:59,1
YTD,00,Crime Type,OBSTRUCTING JUDICIARY,Friday,12:00-17:59,1
YTD,00,Crime Type,OBSTRUCTING THE POLICE,Monday,12:00-17:59,1
YTD,00,Crime Type,STOLEN VEHICLE,Monday,12:00-17:59,1
YTD,00,Crime Type,STOLEN VEHICLE,Wednesday,00:00-05:59,1
YTD,00,Category Focus,Property Crime,Monday,12:00-17:59,2
YTD,00,Category Focus,Property Crime,Saturday,12:00-17:59,1
YTD,00,Category Focus,Property Crime,Wednesday,00:00-05:59,1
YTD,00,Category Focus,Larceny,Monday,12:00-17:59,1
YTD,02,All,All,Friday,00:00-05:59,191
YTD,02,All,All,Friday,06:00-11:59,228
YTD,02,All,All,Friday,12:00-17:59,391
YTD,02,All,All,Friday,18:00-23:59,343
YTD,02,All,All,Monday,00:00-05:59,255
YTD,02,All,All,Monday,06:00-11:59,252
YTD,02,All,All,Monday,12:00-17:59,349
YTD,02,All,All,Monday,18:00-23:59,334
YTD,02,All,All,Saturday,00:00-05:59,323
YTD,02,All,All,Saturday,06:00-11:59,227
YTD,02,All,All,Saturday,12:00-17:59,292
YTD,02,All,All,Saturday,18:00-23:59,365
YTD,02,All,All,Sunday,00:00-05:59,278
YTD,02,All,All,Sunday,06:00-11:59,205
YTD,02,All,All,Sunday,12:00-17:59,316
YTD,02,All,All,Sunday,18:00-23:59,336
YTD,02,All,All,Thursday,00:00-05:59,199
YTD,02,All,All,Thursday,06:00-11:59,224
YTD,02,All,All,Thursday,12:00-17:59,307
YTD,02,All,All,Thursday,18:00-23:59,328
YTD,02,All,All,Tuesday,00:00-05:59,213
YTD,02,All,All,Tuesday,06:00-11:59,223
YTD,02,All,All,Tuesday,12:00-17:59,363
YTD,02,All,All,Tuesday,18:00-23:59,300
YTD,02,All,All,Wednesday,00:00-05:59,209
YTD,02,All,All,Wednesday,06:00-11:59,227
YTD,02,All,All,Wednesday,12:00-17:59,351
YTD,02,All,All,Wednesday,18:00-23:59,332
YTD,02,Crime Type,AGGRAVATED ASSAULT,Friday,00:00-05:59,15
YTD,02,Crime Type,AGGRAVATED ASSAULT,Friday,06:00-11:59,17
YTD,02,Crime Type,AGGRAVATED ASSAULT,Friday,12:00-17:59,41
YTD,02,Crime Type,AGGRAVATED ASSAULT,Friday,18:00-23:59,31
YTD,02,Crime Type,AGGRAVATED ASSAULT,Monday,00:00-05:59,30
YTD,02,Crime Type,AGGRAVATED ASSAULT,Monday,06:00-11:59,17
YTD,02,Crime Type,AGGRAVATED ASSAULT,Monday,12:00-17:59,35
YTD,02,Crime Type,AGGRAVATED ASSAULT,Monday,18:00-23:59,39
YTD,02,Crime Type,AGGRAVATED ASSAULT,Saturday,00:00-05:59,39
YTD,02,Crime Type,AGGRAVATED ASSAULT,Saturday,06:00-11:59,24
YTD,02,Crime Type,AGGRAVATED ASSAULT,Saturday,12:00-17:59,37
YTD,02,Crime Type,AGGRAVATED ASSAULT,Saturday,18:00-23:59,37
YTD,02,Crime Type,AGGRAVATED ASSAULT,Sunday,00:00-05:59,43
YTD,02,Crime Type,AGGRAVATED ASSAULT,Sunday,06:00-11:59,21
YTD,02,Crime Type,AGGRAVATED ASSAULT,Sunday,12:00-17:59,33
YTD,02,Crime Type,AGGRAVATED ASSAULT,Sunday,18:00-23:59,34
YTD,02,Crime Type,AGGRAVATED ASSAULT,Thursday,00:00-05:59,13
YTD,02,Crime Type,AGGRAVATED ASSAULT,Thursday,06:00-11:59,19
YTD,02,Crime Type,AGGRAVATED ASSAULT,Thursday,12:00-17:59,30
YTD,02,Crime Type,AGGRAVATED ASSAULT,Thursday,18:00-23:59,29
YTD,02,Crime Type,AGGRAVATED ASSAULT,Tuesday,00:00-05:59,18
YTD,02,Crime Type,AGGRAVATED ASSAULT,Tuesday,06:00-11:59,25
YTD,02,Crime Type,AGGRAVATED ASSAULT,Tuesday,12:00-17:59,35
YTD,02,Crime Type,AGGRAVATED ASSAULT,Tuesday,18:00-23:59,31
YTD,02,Crime Type,AGGRAVATED ASSAULT,Wednesday,00:00-05:59,23
YTD,02,Crime Type,AGGRAVATED ASSAULT,Wednesday,06:00-11:59,13
YTD,02,Crime Type,AGGRAVATED ASSAULT,Wednesday,12:00-17:59,36
YTD,02,Crime Type,AGGRAVATED ASSAULT,Wednesday,18:00-23:59,40
YTD,02,Crime Type,ARSON,Friday,00:00-05:59,2
YTD,02,Crime Type,ARSON,Friday,06:00-11:59,1
YTD,02,Crime Type,ARSON,Friday,18:00-23:59,1
YTD,02,Crime Type,ARSON,Monday,00:00-05:59,4
YTD,02,Crime Type,ARSON,Monday,12:00-17:59,3
YTD,02,Crime Type,ARSON,Monday,18:00-23:59,1
YTD,02,Crime Type,ARSON,Saturday,00:00-05:59,3
YTD,02,Crime Type,ARSON,Saturday,06:00-11:59,1
YTD,02,Crime Type,ARSON,Saturday,12:00-17:59,2
YTD,02,Crime Type,ARSON,Saturday,18:00-23:59,1
YTD,02,Crime Type,ARSON,Sunday,00:00-05:59,2
YTD,02,Crime Type,ARSON,Sunday,06:00-11:59,2
YTD,02,Crime Type,ARSON,Sunday,12:00-17:59,2
YTD,02,Crime Type,ARSON,Sunday,18:00-23:59,2
YTD,02,Crime Type,ARSON,Thursday,00:00-05:59,4
YTD,02,Crime Type,ARSON,Thursday,06:00-11:59,2
YTD,02,Crime Type,ARSON,Tuesday,00:00-05:59,1
YTD,02,Crime Type,ARSON,Tuesday,06:00-11:59,1
YTD,02,Crime Type,ARSON,Tuesday,12:00-17:59,3
YTD,02,Crime Type,ARSON,Tuesday,18:00-23:59,1
YTD,02,Crime Type,ARSON,Wednesday,00:00-05:59,4
YTD,02,Crime Type,ARSON,Wednesday,06:00-11:59,1
YTD,02,Crime Type,ARSON,Wednesday,18:00-23:59,2
YTD,02,Crime Type,ASSAULT,Friday,00:00-05:59,44
YTD,02,Crime Type,ASSAULT,Friday,06:00-11:59,43
YTD,02,Crime Type,ASSAULT,Friday,12:00-17:59,82
YTD,02,Crime Type,ASSAULT,Friday,18:00-23:59,66
YTD,02,Crime Type,ASSAULT,Monday,00:00-05:59,48
YTD,02,Crime Type,ASSAULT,Monday,06:00-11:59,56
YTD,02,Crime Type,ASSAULT,Monday,12:00-17:59,68
YTD,02,Crime Type,ASSAULT,Monday,18:00-23:59,69
YTD,02,Crime Type,ASSAULT,Saturday,00:00-05:59,91
YTD,02,Crime Type,ASSAULT,Saturday,06:00-11:59,60
YTD,02,Crime Type,ASSAULT,Saturday,12:00-17:59,65
YTD,02,Crime Type,ASSAULT,Saturday,18:00-23:59,74
YTD,02,Crime Type,ASSAULT,Sunday,00:00-05:59,63
YTD,02,Crime Type,ASSAULT,Sunday,06:00-11:59,51
YTD,02,Crime Type,ASSAULT,Sunday,12:00-17:59,82
YTD,02,Crime Type,ASSAULT,Sunday,18:00-23:59,66
YTD,02,Crime Type,ASSAULT,Thursday,00:00-05:59,41
YTD,02,Crime Type,ASSAULT,Thursday,06:00-11:59,48
YTD,02,Crime Type,ASSAULT,Thursday,12:00-17:59,63
YTD,02,Crime Type,ASSAULT,Thursday,18:00-23:59,72
YTD,02,Crime Type,ASSAULT,Tuesday,00:00-05:59,47
YTD,02,Crime Type,ASSAULT,Tuesday,06:00-11:59,52
YTD,02,Crime Type,ASSAULT,Tuesday,12:00-17:59,71
YTD,02,Crime Type,ASSAULT,Tuesday,18:00-23:59,63
YTD,02,Crime Type,ASSAULT,Wednesday,00:00-05:59,56
YTD,02,Crime Type,ASSAULT,Wednesday,06:00-11:59,59
YTD,02,Crime Type,ASSAULT,Wednesday,12:00-17:59,73
YTD,02,Crime Type,ASSAULT,Wednesday,18:00-23:59,65
YTD,02,Crime Type,BURGLARY,Friday,00:00-05:59,9
YTD,02,Crime Type,BURGLARY,Friday,06:00-11:59,18
YTD,02,Crime Type,BURGLARY,Friday,12:00-17:59,22
YTD,02,Crime Type,BURGLARY,Friday,18:00-23:59,14
YTD,02,Crime Type,BURGLARY,Monday,00:00-05:59,22
YTD,02,Crime Type,BURGLARY,Monday,06:00-11:59,22
YTD,02,Crime Type,BURGLARY,Monday,12:00-17:59,23
YTD,02,Crime Type,BURGLARY,Monday,18:00-23:59,19
YTD,02,Crime Type,BURGLARY,Saturday,00:00-05:59,19
YTD,02,Crime Type,BURGLARY,Saturday,06:00-11:59,21
YTD,02,Crime Type,BURGLARY,Saturday,12:00-17:59,21
YTD,02,Crime Type,BURGLARY,Saturday,18:00-23:59,17
YTD,02,Crime Type,BURGLARY,Sunday,00:00-05:59,13
YTD,02,Crime Type,BURGLARY,Sunday,06:00-11:59,12
YTD,02,Crime Type,BURGLARY,Sunday,12:00-17:59,23
YTD,02,Crime Type,BURGLARY,Sunday,18:00-23:59,14
YTD,02,Crime Type,BURGLARY,Thursday,00:00-05:59,15
YTD,02,Crime Type,BURGLARY,Thursday,06:00-11:59,19
YTD,02,Crime Type,BURGLARY,Thursday,12:00-17:59,25
YTD,02,Crime Type,BURGLARY,Thursday,18:00-23:59,21
YTD,02,Crime Type,BURGLARY,Tuesday,00:00-05:59,17
YTD,02,Crime Type,BURGLARY,Tuesday,06:00-11:59,29
YTD,02,Crime Type,BURGLARY,Tuesday,12:00-17:59,30
YTD,02,Crime Type,BURGLARY,Tuesday,18:00-23:59,15
YTD,02,Crime Type,BURGLARY,Wednesday,00:00-05:59,17
YTD,02,Crime Type,BURGLARY,Wednesday,06:00-11:59,27
YTD,02,Crime Type,BURGLARY,Wednesday,12:00-17:59,24
YTD,02,Crime Type,BURGLARY,Wednesday,18:00-23:59,10
YTD,02,Crime Type,DAMAGE TO PROPERTY,Friday,00:00-05:59,28
YTD,02,Crime Type,DAMAGE TO PROPERTY,Friday,06:00-11:59,27
YTD,02,Crime Type,DAMAGE TO PROPERTY,Friday,12:00-17:59,44
YTD,02,Crime Type,DAMAGE TO PROPERTY,Friday,18:00-23:59,28
YTD,02,Crime Type,DAMAGE TO PROPERTY,Monday,00:00-05:59,43
YTD,02,Crime Type,DAMAGE TO PROPERTY,Monday,06:00-11:59,41
YTD,02,Crime Type,DAMAGE TO PROPERTY,Monday,12:00-17:59,44
YTD,02,Crime Type,DAMAGE TO PROPERTY,Monday,18:00-23:59,45
YTD,02,Crime Type,DAMAGE TO PROPERTY,Saturday,00:00-05:59,45
YTD,02,Crime Type,DAMAGE TO PROPERTY,Saturday,06:00-11:59,31
YTD,02,Crime Type,DAMAGE TO PROPERTY,Saturday,12:00-17:59,34
YTD,02,Crime Type,DAMAGE TO PROPERTY,Saturday,18:00-23:59,47
YTD,02,Crime Type,DAMAGE TO PROPERTY,Sunday,00:00-05:59,38
YTD,02,Crime Type,DAMAGE TO PROPERTY,Sunday,06:00-11:59,39
YTD,02,Crime Type,DAMAGE TO PROPERTY,Sunday,12:00-17:59,34
YTD,02,Crime Type,DAMAGE TO PROPERTY,Sunday,18:00-23:59,46
YTD,02,Crime Type,DAMAGE TO PROPERTY,Thursday,00:00-05:59,27
YTD,02,Crime Type,DAMAGE TO PROPERTY,Thursday,06:00-11:59,18
YTD,02,Crime Type,DAMAGE TO PROPERTY,Thursday,12:00-17:59,26
YTD,02,Crime Type,DAMAGE TO PROPERTY,Thursday,18:00-23:59,21
YTD,02,Crime Type,DAMAGE TO PROPERTY,Tuesday,00:00-05:59,30
YTD,02,Crime Type,DAMAGE TO PROPERTY,Tuesday,06:00-11:59,22
YTD,02,Crime Type,DAMAGE TO PROPERTY,Tuesday,12:00-17:59,44
YTD,02,Crime Type,DAMAGE TO PROPERTY,Tuesday,18:00-23:59,32
YTD,02,Crime Type,DAMAGE TO PROPERTY,Wednesday,00:00-05:59,31
YTD,02,Crime Type,DAMAGE TO PROPERTY,Wednesday,06:00-11:59,35
YTD,02,Crime Type,DAMAGE TO PROPERTY,Wednesday,12:00-17:59,33
YTD,02,Crime Type,DAMAGE TO PROPERTY,Wednesday,18:00-23:59,35
YTD,02,Crime Type,DANGEROUS DRUGS,Friday,12:00-17:59,6
YTD,02,Crime Type,DANGEROUS DRUGS,Friday,18:00-23:59,7
YTD,02,Crime Type,DANGEROUS DRUGS,Monday,00:00-05:59,2
YTD,02,Crime Type,DANGEROUS DRUGS,Monday,12:00-17:59,6
YTD,02,Crime Type,DANGEROUS DRUGS,Monday,18:00-23:59,6
YTD,02,Crime Type,DANGEROUS DRUGS,Saturday,00:00-05:59,1
YTD,02,Crime Type,DANGEROUS DRUGS,Saturday,12:00-17:59,4
YTD,02,Crime Type,DANGEROUS DRUGS,Saturday,18:00-23:59,6
YTD,02,Crime Type,DANGEROUS DRUGS,Sunday,00:00-05:59,1
YTD,02,Crime Type,DANGEROUS DRUGS,Sunday,06:00-11:59,3
YTD,02,Crime Type,DANGEROUS DRUGS,Sunday,12:00-17:59,2
YTD,02,Crime Type,DANGEROUS DRUGS,Sunday,18:00-23:59,7
YTD,02,Crime Type,DANGEROUS DRUGS,Thursday,06:00-11:59,2
YTD,02,Crime Type,DANGEROUS DRUGS,Thursday,12:00-17:59,7
YTD,02,Crime Type,DANGEROUS DRUGS,Thursday,18:00-23:59,5
YTD,02,Crime Type,DANGEROUS DRUGS,Tuesday,00:00-05:59,2
YTD,02,Crime Type,DANGEROUS DRUGS,Tuesday,06:00-11:59,3
YTD,02,Crime Type,DANGEROUS DRUGS,Tuesday,12:00-17:59,11
YTD,02,Crime Type,DANGEROUS DRUGS,Tuesday,18:00-23:59,5
YTD,02,Crime Type,DANGEROUS DRUGS,Wednesday,00:00-05:59,1
YTD,02,Crime Type,DANGEROUS DRUGS,Wednesday,06:00-11:59,1
YTD,02,Crime Type,DANGEROUS DRUGS,Wednesday,12:00-17:59,11
YTD,02,Crime Type,DANGEROUS DRUGS,Wednesday,18:00-23:59,7
YTD,02,Crime Type,DISORDERLY CONDUCT,Friday,00:00-05:59,5
YTD,02,Crime Type,DISORDERLY CONDUCT,Friday,06:00-11:59,1
YTD,02,Crime Type,DISORDERLY CONDUCT,Friday,12:00-17:59,2
YTD,02,Crime Type,DISORDERLY CONDUCT,Friday,18:00-23:59,2
YTD,02,Crime Type,DISORDERLY CONDUCT,Monday,12:00-17:59,2
YTD,02,Crime Type,DISORDERLY CONDUCT,Monday,18:00-23:59,1
YTD,02,Crime Type,DISORDERLY CONDUCT,Saturday,00:00-05:59,2
YTD,02,Crime Type,DISORDERLY CONDUCT,Saturday,12:00-17:59,1
YTD,02,Crime Type,DISORDERLY CONDUCT,Saturday,18:00-23:59,1
YTD,02,Crime Type,DISORDERLY CONDUCT,Sunday,00:00-05:59,2
YTD,02,Crime Type,DISORDERLY CONDUCT,Sunday,12:00-17:59,1
YTD,02,Crime Type,DISORDERLY CONDUCT,Sunday,18:00-23:59,3
YTD,02,Crime Type,DISORDERLY CONDUCT,Thursday,00:00-05:59,1
YTD,02,Crime Type,DISORDERLY CONDUCT,Thursday,12:00-17:59,2
YTD,02,Crime Type,DISORDERLY CONDUCT,Thursday,18:00-23:59,4
YTD,02,Crime Type,DISORDERLY CONDUCT,Tuesday,12:00-17:59,1
YTD,02,Crime Type,DISORDERLY CONDUCT,Tuesday,18:00-23:59,5
YTD,02,Crime Type,DISORDERLY CONDUCT,Wednesday,00:00-05:59,1
YTD,02,Crime Type,DISORDERLY CONDUCT,Wednesday,06:00-11:59,2
YTD,02,Crime Type,DISORDERLY CONDUCT,Wednesday,12:00-17:59,2
YTD,02,Crime Type,DISORDERLY CONDUCT,Wednesday,18:00-23:59,1
YTD,02,Crime Type,EXTORTION,Friday,12:00-17:59,1
YTD,02,Crime Type,EXTORTION,Sunday,00:00-05:59,1
YTD,02,Crime Type,EXTORTION,Sunday,06:00-11:59,2
YTD,02,Crime Type,EXTORTION,Thursday,18:00-23:59,2
YTD,02,Crime Type,EXTORTION,Wednesday,12:00-17:59,2
YTD,02,Crime Type,FAMILY OFFENSE,Friday,00:00-05:59,2
YTD,02,Crime Type,FAMILY OFFENSE,Friday,06:00-11:59,3
YTD,02,Crime Type,FAMILY OFFENSE,Friday,12:00-17:59,8
YTD,02,Crime Type,FAMILY OFFENSE,Friday,18:00-23:59,8
YTD,02,Crime Type,FAMILY OFFENSE,Monday,00:00-05:59,4
YTD,02,Crime Type,FAMILY OFFENSE,Monday,06:00-11:59,5
YTD,02,Crime Type,FAMILY OFFENSE,Monday,12:00-17:59,10
YTD,02,Crime Type,FAMILY OFFENSE,Monday,18:00-23:59,5
YTD,02,Crime Type,FAMILY OFFENSE,Saturday,00:00-05:59,2
YTD,02,Crime Type,FAMILY OFFENSE,Saturday,06:00-11:59,1
YTD,02,Crime Type,FAMILY OFFENSE,Saturday,12:00-17:59,4
YTD,02,Crime Type,FAMILY OFFENSE,Saturday,18:00-23:59,4
YTD,02,Crime Type,FAMILY OFFENSE,Sunday,00:00-05:59,1
YTD,02,Crime Type,FAMILY OFFENSE,Sunday,06:00-11:59,2
YTD,02,Crime Type,FAMILY OFFENSE,Sunday,12:00-17:59,4
YTD,02,Crime Type,FAMILY OFFENSE,Sunday,18:00-23:59,2
YTD,02,Crime Type,FAMILY OFFENSE,Thursday,06:00-11:59,4
YTD,02,Crime Type,FAMILY OFFENSE,Thursday,12:00-17:59,5
YTD,02,Crime Type,FAMILY OFFENSE,Thursday,18:00-23:59,3
YTD,02,Crime Type,FAMILY OFFENSE,Tuesday,00:00-05:59,4
YTD,02,Crime Type,FAMILY OFFENSE,Tuesday,06:00-11:59,2
YTD,02,Crime Type,FAMILY OFFENSE,Tuesday,12:00-17:59,4
YTD,02,Crime Type,FAMILY OFFENSE,Tuesday,18:00-23:59,4
YTD,02,Crime Type,FAMILY OFFENSE,Wednesday,00:00-05:59,2
YTD,02,Crime Type,FAMILY OFFENSE,Wednesday,06:00-11:59,4
YTD,02,Crime Type,FAMILY OFFENSE,Wednesday,12:00-17:59,5
YTD,02,Crime Type,FAMILY OFFENSE,Wednesday,18:00-23:59,2
YTD,02,Crime Type,FORGERY,Friday,12:00-17:59,1
YTD,02,Crime Type,FORGERY,Friday,18:00-23:59,2
YTD,02,Crime Type,FORGERY,Monday,00:00-05:59,1
YTD,02,Crime Type,FORGERY,Monday,06:00-11:59,1
YTD,02,Crime Type,FORGERY,Saturday,06:00-11:59,1
YTD,02,Crime Type,FORGERY,Saturday,18:00-23:59,1
YTD,02,Crime Type,FORGERY,Sunday,18:00-23:59,2
YTD,02,Crime Type,FORGERY,Thursday,00:00-05:59,1
YTD,02,Crime Type,FORGERY,Thursday,06:00-11:59,2
YTD,02,Crime Type,FORGERY,Thursday,12:00-17:59,1
YTD,02,Crime Type,FORGERY,Tuesday,00:00-05:59,1
YTD,02,Crime Type,FORGERY,Tuesday,06:00-11:59,2
YTD,02,Crime Type,FORGERY,Wednesday,06:00-11:59,1
YTD,02,Crime Type,FORGERY,Wednesday,18:00-23:59,3
YTD,02,Crime Type,FRAUD,Friday,00:00-05:59,15
YTD,02,Crime Type,FRAUD,Friday,06:00-11:59,35
YTD,02,Crime Type,FRAUD,Friday,12:00-17:59,45
YTD,02,Crime Type,FRAUD,Friday,18:00-23:59,21
YTD,02,Crime Type,FRAUD,Monday,00:00-05:59,18
YTD,02,Crime Type,FRAUD,Monday,06:00-11:59,27
YTD,02,Crime Type,FRAUD,Monday,12:00-17:59,47
YTD,02,Crime Type,FRAUD,Monday,18:00-23:59,20
YTD,02,Crime Type,FRAUD,Saturday,00:00-05:59,14
YTD,02,Crime Type,FRAUD,Saturday,06:00-11:59,30
YTD,02,Crime Type,FRAUD,Saturday,12:00-17:59,39
YTD,02,Crime Type,FRAUD,Saturday,18:00-23:59,19
YTD,02,Crime Type,FRAUD,Sunday,00:00-05:59,9
YTD,02,Crime Type,FRAUD,Sunday,06:00-11:59,22
YTD,02,Crime Type,FRAUD,Sunday,12:00-17:59,39
YTD,02,Crime Type,FRAUD,Sunday,18:00-23:59,19
YTD,02,Crime Type,FRAUD,Thursday,00:00-05:59,13
YTD,02,Crime Type,FRAUD,Thursday,06:00-11:59,37
YTD,02,Crime Type,FRAUD,Thursday,12:00-17:59,47
YTD,02,Crime Type,FRAUD,Thursday,18:00-23:59,25
YTD,02,Crime Type,FRAUD,Tuesday,00:00-05:59,16
YTD,02,Crime Type,FRAUD,Tuesday,06:00-11:59,26
YTD,02,Crime Type,FRAUD,Tuesday,12:00-17:59,42
YTD,02,Crime Type,FRAUD,Tuesday,18:00-23:59,24
YTD,02,Crime Type,FRAUD,Wednesday,00:00-05:59,18
YTD,02,Crime Type,FRAUD,Wednesday,06:00-11:59,26
YTD,02,Crime Type,FRAUD,Wednesday,12:00-17:59,46
YTD,02,Crime Type,FRAUD,Wednesday,18:00-23:59,20
YTD,02,Crime Type,HEALTH AND SAFETY,Friday,00:00-05:59,1
YTD,02,Crime Type,HEALTH AND SAFETY,Sunday,18:00-23:59,1
YTD,02,Crime Type,HEALTH AND SAFETY,Thursday,18:00-23:59,1
YTD,02,Crime Type,HEALTH AND SAFETY,Tuesday,12:00-17:59,1
YTD,02,Crime Type,HEALTH AND SAFETY,Wednesday,12:00-17:59,3
YTD,02,Crime Type,HOMICIDE,Friday,00:00-05:59,1
YTD,02,Crime Type,HOMICIDE,Friday,12:00-17:59,1
YTD,02,Crime Type,HOMICIDE,Monday,00:00-05:59,2
YTD,02,Crime Type,HOMICIDE,Monday,06:00-11:59,2
YTD,02,Crime Type,HOMICIDE,Monday,12:00-17:59,1
YTD,02,Crime Type,HOMICIDE,Monday,18:00-23:59,1
YTD,02,Crime Type,HOMICIDE,Sunday,12:00-17:59,1
YTD,02,Crime Type,HOMICIDE,Sunday,18:00-23:59,1
YTD,02,Crime Type,HOMICIDE,Thursday,18:00-23:59,1
YTD,02,Crime Type,HOMICIDE,Tuesday,00:00-05:59,1
YTD,02,Crime Type,HOMICIDE,Wednesday,00:00-05:59,1
YTD,02,Crime Type,HOMICIDE,Wednesday,12:00-17:59,1
YTD,02,Crime Type,HOMICIDE,Wednesday,18:00-23:59,1
YTD,02,Crime Type,INVASION OF PRIVACY -OTHER,Friday,00:00-05:59,1
YTD,02,Crime Type,INVASION OF PRIVACY -OTHER,Friday,06:00-11:59,2
YTD,02,Crime Type,INVASION OF PRIVACY -OTHER,Friday,12:00-17:59,1
YTD,02,Crime Type,INVASION OF PRIVACY -OTHER,Friday,18:00-23:59,1
YTD,02,Crime Type,INVASION OF PRIVACY -OTHER,Monday,12:00-17:59,1
YTD,02,Crime Type,INVASION OF PRIVACY -OTHER,Saturday,00:00-05:59,1
YTD,02,Crime Type,INVASION OF PRIVACY -OTHER,Sunday,06:00-11:59,1
YTD,02,Crime Type,INVASION OF PRIVACY -OTHER,Thursday,06:00-11:59,1
YTD,02,Crime Type,INVASION OF PRIVACY -OTHER,Thursday,12:00-17:59,2
YTD,02,Crime Type,INVASION OF PRIVACY -OTHER,Tuesday,18:00-23:59,1
YTD,02,Crime Type,INVASION OF PRIVACY -OTHER,Wednesday,06:00-11:59,1
YTD,02,Crime Type,INVASION OF PRIVACY -OTHER,Wednesday,12:00-17:59,1
YTD,02,Crime Type,INVASION OF PRIVACY -OTHER,Wednesday,18:00-23:59,2
YTD,02,Crime Type,JUSTIFIABLE HOMICIDE,Thursday,18:00-23:59,1
YTD,02,Crime Type,KIDNAPPING,Friday,06:00-11:59,1
YTD,02,Crime Type,KIDNAPPING,Monday,00:00-05:59,1
YTD,02,Crime Type,KIDNAPPING,Monday,06:00-11:59,2
YTD,02,Crime Type,KIDNAPPING,Monday,12:00-17:59,2
YTD,02,Crime Type,KIDNAPPING,Saturday,18:00-23:59,2
YTD,02,Crime Type,KIDNAPPING,Sunday,18:00-23:59,1
YTD,02,Crime Type,KIDNAPPING,Thursday,18:00-23:59,1
YTD,02,Crime Type,KIDNAPPING,Tuesday,00:00-05:59,1
YTD,02,Crime Type,KIDNAPPING,Tuesday,18:00-23:59,1
YTD,02,Crime Type,KIDNAPPING,Wednesday,18:00-23:59,1
YTD,02,Crime Type,LARCENY,Friday,00:00-05:59,14
YTD,02,Crime Type,LARCENY,Friday,06:00-11:59,37
YTD,02,Crime Type,LARCENY,Friday,12:00-17:59,51
YTD,02,Crime Type,LARCENY,Friday,18:00-23:59,34
YTD,02,Crime Type,LARCENY,Monday,00:00-05:59,24
YTD,02,Crime Type,LARCENY,Monday,06:00-11:59,36
YTD,02,Crime Type,LARCENY,Monday,12:00-17:59,45
YTD,02,Crime Type,LARCENY,Monday,18:00-23:59,33
YTD,02,Crime Type,LARCENY,Saturday,00:00-05:59,32
YTD,02,Crime Type,LARCENY,Saturday,06:00-11:59,26
YTD,02,Crime Type,LARCENY,Saturday,12:00-17:59,35
YTD,02,Crime Type,LARCENY,Saturday,18:00-23:59,43
YTD,02,Crime Type,LARCENY,Sunday,00:00-05:59,37
YTD,02,Crime Type,LARCENY,Sunday,06:00-11:59,22
YTD,02,Crime Type,LARCENY,Sunday,12:00-17:59,42
YTD,02,Crime Type,LARCENY,Sunday,18:00-23:59,42
YTD,02,Crime Type,LARCENY,Thursday,00:00-05:59,15
YTD,02,Crime Type,LARCENY,Thursday,06:00-11:59,29
YTD,02,Crime Type,LARCENY,Thursday,12:00-17:59,42
YTD,02,Crime Type,LARCENY,Thursday,18:00-23:59,41
YTD,02,Crime Type,LARCENY,Tuesday,00:00-05:59,18
YTD,02,Crime Type,LARCENY,Tuesday,06:00-11:59,33
YTD,02,Crime Type,LARCENY,Tuesday,12:00-17:59,54
YTD,02,Crime Type,LARCENY,Tuesday,18:00-23:59,36
YTD,02,Crime Type,LARCENY,Wednesday,00:00-05:59,12
YTD,02,Crime Type,LARCENY,Wednesday,06:00-11:59,29
YTD,02,Crime Type,LARCENY,Wednesday,12:00-17:59,42
YTD,02,Crime Type,LARCENY,Wednesday,18:00-23:59,32
YTD,02,Crime Type,LIQUOR,Saturday,00:00-05:59,1
YTD,02,Crime Type,LIQUOR,Saturday,18:00-23:59,1
YTD,02,Crime Type,MISCELLANEOUS,Friday,12:00-17:59,1
YTD,02,Crime Type,MISCELLANEOUS,Monday,12:00-17:59,3
YTD,02,Crime Type,MISCELLANEOUS,Saturday,12:00-17:59,1
YTD,02,Crime Type,MISCELLANEOUS,Tuesday,06:00-11:59,1
YTD,02,Crime Type,MISCELLANEOUS,Wednesday,12:00-17:59,1
YTD,02,Crime Type,OBSTRUCTING JUDICIARY,Friday,00:00-05:59,1
YTD,02,Crime Type,OBSTRUCTING JUDICIARY,Friday,06:00-11:59,1
YTD,02,Crime Type,OBSTRUCTING JUDICIARY,Friday,12:00-17:59,9
YTD,02,Crime Type,OBSTRUCTING JUDICIARY,Friday,18:00-23:59,2
YTD,02,Crime Type,OBSTRUCTING JUDICIARY,Monday,00:00-05:59,1
YTD,02,Crime Type,OBSTRUCTING JUDICIARY,Monday,06:00-11:59,2
YTD,02,Crime Type,OBSTRUCTING JUDICIARY,Monday,12:00-17:59,5
YTD,02,Crime Type,OBSTRUCTING JUDICIARY,Monday,18:00-23:59,1
YTD,02,Crime Type,OBSTRUCTING JUDICIARY,Saturday,00:00-05:59,1
YTD,02,Crime Type,OBSTRUCTING JUDICIARY,Saturday,06:00-11:59,5
YTD,02,Crime Type,OBSTRUCTING JUDICIARY,Saturday,12:00-17:59,2
YTD,02,Crime Type,OBSTRUCTING JUDICIARY,Saturday,18:00-23:59,8
YTD,02,Crime Type,OBSTRUCTING JUDICIARY,Sunday,00:00-05:59,1
YTD,02,Crime Type,OBSTRUCTING JUDICIARY,Sunday,06:00-11:59,4
YTD,02,Crime Type,OBSTRUCTING JUDICIARY,Sunday,18:00-23:59,2
YTD,02,Crime Type,OBSTRUCTING JUDICIARY,Thursday,00:00-05:59,1
YTD,02,Crime Type,OBSTRUCTING JUDICIARY,Thursday,06:00-11:59,2
YTD,02,Crime Type,OBSTRUCTING JUDICIARY,Thursday,12:00-17:59,2
YTD,02,Crime Type,OBSTRUCTING JUDICIARY,Thursday,18:00-23:59,5
YTD,02,Crime Type,OBSTRUCTING JUDICIARY,Tuesday,00:00-05:59,2
YTD,02,Crime Type,OBSTRUCTING JUDICIARY,Tuesday,06:00-11:59,3
YTD,02,Crime Type,OBSTRUCTING JUDICIARY,Tuesday,12:00-17:59,4
YTD,02,Crime Type,OBSTRUCTING JUDICIARY,Tuesday,18:00-23:59,1
YTD,02,Crime Type,OBSTRUCTING JUDICIARY,Wednesday,06:00-11:59,1
YTD,02,Crime Type,OBSTRUCTING JUDICIARY,Wednesday,12:00-17:59,1
YTD,02,Crime Type,OBSTRUCTING JUDICIARY,Wednesday,18:00-23:59,4
YTD,02,Crime Type,OBSTRUCTING THE POLICE,Friday,00:00-05:59,7
YTD,02,Crime Type,OBSTRUCTING THE POLICE,Friday,06:00-11:59,3
YTD,02,Crime Type,OBSTRUCTING THE POLICE,Friday,12:00-17:59,3
YTD,02,Crime Type,OBSTRUCTING THE POLICE,Friday,18:00-23:59,11
YTD,02,Crime Type,OBSTRUCTING THE POLICE,Monday,00:00-05:59,6
YTD,02,Crime Type,OBSTRUCTING THE POLICE,Monday,06:00-11:59,5
YTD,02,Crime Type,OBSTRUCTING THE POLICE,Monday,12:00-17:59,5
YTD,02,Crime Type,OBSTRUCTING THE POLICE,Monday,18:00-23:59,16
YTD,02,Crime Type,OBSTRUCTING THE POLICE,Saturday,00:00-05:59,15
YTD,02,Crime Type,OBSTRUCTING THE POLICE,Saturday,06:00-11:59,2
YTD,02,Crime Type,OBSTRUCTING THE POLICE,Saturday,12:00-17:59,7
YTD,02,Crime Type,OBSTRUCTING THE POLICE,Saturday,18:00-23:59,7
YTD,02,Crime Type,OBSTRUCTING THE POLICE,Sunday,00:00-05:59,8
YTD,02,Crime Type,OBSTRUCTING THE POLICE,Sunday,12:00-17:59,5
YTD,02,Crime Type,OBSTRUCTING THE POLICE,Sunday,18:00-23:59,16
YTD,02,Crime Type,OBSTRUCTING THE POLICE,Thursday,00:00-05:59,6
YTD,02,Crime Type,OBSTRUCTING THE POLICE,Thursday,06:00-11:59,2
YTD,02,Crime Type,OBSTRUCTING THE POLICE,Thursday,12:00-17:59,11
YTD,02,Crime Type,OBSTRUCTING THE POLICE,Thursday,18:00-23:59,15
YTD,02,Crime Type,OBSTRUCTING THE POLICE,Tuesday,00:00-05:59,5
YTD,02,Crime Type,OBSTRUCTING THE POLICE,Tuesday,06:00-11:59,2
YTD,02,Crime Type,OBSTRUCTING THE POLICE,Tuesday,12:00-17:59,8
YTD,02,Crime Type,OBSTRUCTING THE POLICE,Tuesday,18:00-23:59,9
YTD,02,Crime Type,OBSTRUCTING THE POLICE,Wednesday,00:00-05:59,2
YTD,02,Crime Type,OBSTRUCTING THE POLICE,Wednesday,06:00-11:59,3
YTD,02,Crime Type,OBSTRUCTING THE POLICE,Wednesday,12:00-17:59,6
YTD,02,Crime Type,OBSTRUCTING THE POLICE,Wednesday,18:00-23:59,8
YTD,02,Crime Type,OTHER,Friday,00:00-05:59,1
YTD,02,Crime Type,OTHER,Friday,12:00-17:59,3
YTD,02,Crime Type,OTHER,Friday,18:00-23:59,1
YTD,02,Crime Type,OTHER,Monday,00:00-05:59,1
YTD,02,Crime Type,OTHER,Monday,06:00-11:59,1
YTD,02,Crime Type,OTHER,Saturday,00:00-05:59,2
YTD,02,Crime Type,OTHER,Saturday,06:00-11:59,1
YTD,02,Crime Type,OTHER,Saturday,12:00-17:59,2
YTD,02,Crime Type,OTHER,Saturday,18:00-23:59,7
YTD,02,Crime Type,OTHER,Sunday,06:00-11:59,1
YTD,02,Crime Type,OTHER,Sunday,12:00-17:59,1
YTD,02,Crime Type,OTHER,Sunday,18:00-23:59,1
YTD,02,Crime Type,OTHER,Thursday,06:00-11:59,1
YTD,02,Crime Type,OTHER,Thursday,12:00-17:59,2
YTD,02,Crime Type,OTHER,Tuesday,06:00-11:59,1
YTD,02,Crime Type,OTHER,Tuesday,12:00-17:59,2
YTD,02,Crime Type,OTHER,Tuesday,18:00-23:59,1
YTD,02,Crime Type,OTHER,Wednesday,00:00-05:59,2
YTD,02,Crime Type,OTHER,Wednesday,06:00-11:59,2
YTD,02,Crime Type,OTHER,Wednesday,12:00-17:59,2
YTD,02,Crime Type,OTHER,Wednesday,18:00-23:59,4
YTD,02,Crime Type,OUIL,Friday,06:00-11:59,2
YTD,02,Crime Type,OUIL,Monday,00:00-05:59,2
YTD,02,Crime Type,OUIL,Monday,18:00-23:59,4
YTD,02,Crime Type,OUIL,Saturday,18:00-23:59,4
YTD,02,Crime Type,OUIL,Thursday,00:00-05:59,2
YTD,02,Crime Type,OUIL,Thursday,18:00-23:59,2
YTD,02,Crime Type,OUIL,Tuesday,00:00-05:59,2
YTD,02,Crime Type,OUIL,Tuesday,18:00-23:59,4
YTD,02,Crime Type,OUIL,Wednesday,12:00-17:59,2
YTD,02,Crime Type,OUIL,Wednesday,18:00-23:59,2
YTD,02,Crime Type,ROBBERY,Friday,00:00-05:59,3
YTD,02,Crime Type,ROBBERY,Friday,06:00-11:59,1
YTD,02,Crime Type,ROBBERY,Friday,12:00-17:59,10
YTD,02,Crime Type,ROBBERY,Friday,18:00-23:59,2
YTD,02,Crime Type,ROBBERY,Monday,00:00-05:59,3
YTD,02,Crime Type,ROBBERY,Monday,06:00-11:59,1
YTD,02,Crime Type,ROBBERY,Monday,12:00-17:59,5
YTD,02,Crime Type,ROBBERY,Monday,18:00-23:59,3
YTD,02,Crime Type,ROBBERY,Saturday,00:00-05:59,6
YTD,02,Crime Type,ROBBERY,Saturday,06:00-11:59,2
YTD,02,Crime Type,ROBBERY,Saturday,12:00-17:59,3
YTD,02,Crime Type,ROBBERY,Saturday,18:00-23:59,3
YTD,02,Crime Type,ROBBERY,Sunday,00:00-05:59,3
YTD,02,Crime Type,ROBBERY,Sunday,06:00-11:59,3
YTD,02,Crime Type,ROBBERY,Sunday,12:00-17:59,7
YTD,02,Crime Type,ROBBERY,Sunday,18:00-23:59,3
YTD,02,Crime Type,ROBBERY,Thursday,00:00-05:59,3
YTD,02,Crime Type,ROBBERY,Thursday,12:00-17:59,5
YTD,02,Crime Type,ROBBERY,Thursday,18:00-23:59,6
YTD,02,Crime Type,ROBBERY,Tuesday,00:00-05:59,5
YTD,02,Crime Type,ROBBERY,Tuesday,06:00-11:59,2
YTD,02,Crime Type,ROBBERY,Tuesday,12:00-17:59,2
YTD,02,Crime Type,ROBBERY,Tuesday,18:00-23:59,4
YTD,02,Crime Type,ROBBERY,Wednesday,00:00-05:59,2
YTD,02,Crime Type,ROBBERY,Wednesday,06:00-11:59,1
YTD,02,Crime Type,ROBBERY,Wednesday,12:00-17:59,4
YTD,02,Crime Type,ROBBERY,Wednesday,18:00-23:59,10
YTD,02,Crime Type,RUNAWAY,Friday,00:00-05:59,1
YTD,02,Crime Type,RUNAWAY,Friday,06:00-11:59,1
YTD,02,Crime Type,RUNAWAY,Friday,12:00-17:59,5
YTD,02,Crime Type,RUNAWAY,Friday,18:00-23:59,5
YTD,02,Crime Type,RUNAWAY,Monday,00:00-05:59,1
YTD,02,Crime Type,RUNAWAY,Monday,06:00-11:59,2
YTD,02,Crime Type,RUNAWAY,Monday,12:00-17:59,5
YTD,02,Crime Type,RUNAWAY,Monday,18:00-23:59,4
YTD,02,Crime Type,RUNAWAY,Saturday,06:00-11:59,1
YTD,02,Crime Type,RUNAWAY,Saturday,12:00-17:59,3
YTD,02,Crime Type,RUNAWAY,Saturday,18:00-23:59,5
YTD,02,Crime Type,RUNAWAY,Sunday,00:00-05:59,1
YTD,02,Crime Type,RUNAWAY,Sunday,06:00-11:59,2
YTD,02,Crime Type,RUNAWAY,Sunday,12:00-17:59,9
YTD,02,Crime Type,RUNAWAY,Sunday,18:00-23:59,1
YTD,02,Crime Type,RUNAWAY,Thursday,00:00-05:59,4
YTD,02,Crime Type,RUNAWAY,Thursday,06:00-11:59,2
YTD,02,Crime Type,RUNAWAY,Thursday,12:00-17:59,2
YTD,02,Crime Type,RUNAWAY,Thursday,18:00-23:59,5
YTD,02,Crime Type,RUNAWAY,Tuesday,12:00-17:59,8
YTD,02,Crime Type,RUNAWAY,Tuesday,18:00-23:59,6
YTD,02,Crime Type,RUNAWAY,Wednesday,00:00-05:59,1
YTD,02,Crime Type,RUNAWAY,Wednesday,12:00-17:59,2
YTD,02,Crime Type,RUNAWAY,Wednesday,18:00-23:59,5
YTD,02,Crime Type,SEX OFFENSES,Friday,00:00-05:59,4
YTD,02,Crime Type,SEX OFFENSES,Friday,06:00-11:59,3
YTD,02,Crime Type,SEX OFFENSES,Friday,12:00-17:59,8
YTD,02,Crime Type,SEX OFFENSES,Friday,18:00-23:59,27
YTD,02,Crime Type,SEX OFFENSES,Monday,00:00-05:59,3
YTD,02,Crime Type,SEX OFFENSES,Monday,12:00-17:59,4
YTD,02,Crime Type,SEX OFFENSES,Monday,18:00-23:59,2
YTD,02,Crime Type,SEX OFFENSES,Saturday,00:00-05:59,5
YTD,02,Crime Type,SEX OFFENSES,Saturday,06:00-11:59,4
YTD,02,Crime Type,SEX OFFENSES,Saturday,12:00-17:59,2
YTD,02,Crime Type,SEX OFFENSES,Saturday,18:00-23:59,2
YTD,02,Crime Type,SEX OFFENSES,Sunday,00:00-05:59,1
YTD,02,Crime Type,SEX OFFENSES,Sunday,06:00-11:59,2
YTD,02,Crime Type,SEX OFFENSES,Sunday,12:00-17:59,1
YTD,02,Crime Type,SEX OFFENSES,Thursday,00:00-05:59,1
YTD,02,Crime Type,SEX OFFENSES,Thursday,06:00-11:59,5
YTD,02,Crime Type,SEX OFFENSES,Thursday,12:00-17:59,3
YTD,02,Crime Type,SEX OFFENSES,Thursday,18:00-23:59,1
YTD,02,Crime Type,SEX OFFENSES,Tuesday,00:00-05:59,3
YTD,02,Crime Type,SEX OFFENSES,Tuesday,06:00-11:59,1
YTD,02,Crime Type,SEX OFFENSES,Tuesday,12:00-17:59,5
YTD,02,Crime Type,SEX OFFENSES,Tuesday,18:00-23:59,1
YTD,02,Crime Type,SEX OFFENSES,Wednesday,00:00-05:59,2
YTD,02,Crime Type,SEX OFFENSES,Wednesday,12:00-17:59,1
YTD,02,Crime Type,SEXUAL ASSAULT,Friday,00:00-05:59,4
YTD,02,Crime Type,SEXUAL ASSAULT,Friday,06:00-11:59,2
YTD,02,Crime Type,SEXUAL ASSAULT,Friday,12:00-17:59,2
YTD,02,Crime Type,SEXUAL ASSAULT,Friday,18:00-23:59,3
YTD,02,Crime Type,SEXUAL ASSAULT,Monday,00:00-05:59,2
YTD,02,Crime Type,SEXUAL ASSAULT,Monday,06:00-11:59,3
YTD,02,Crime Type,SEXUAL ASSAULT,Monday,12:00-17:59,1
YTD,02,Crime Type,SEXUAL ASSAULT,Saturday,00:00-05:59,3
YTD,02,Crime Type,SEXUAL ASSAULT,Saturday,06:00-11:59,1
YTD,02,Crime Type,SEXUAL ASSAULT,Saturday,12:00-17:59,2
YTD,02,Crime Type,SEXUAL ASSAULT,Saturday,18:00-23:59,3
YTD,02,Crime Type,SEXUAL ASSAULT,Sunday,00:00-05:59,5
YTD,02,Crime Type,SEXUAL ASSAULT,Sunday,12:00-17:59,1
YTD,02,Crime Type,SEXUAL ASSAULT,Sunday,18:00-23:59,1
YTD,02,Crime Type,SEXUAL ASSAULT,Thursday,00:00-05:59,5
YTD,02,Crime Type,SEXUAL ASSAULT,Thursday,06:00-11:59,3
YTD,02,Crime Type,SEXUAL ASSAULT,Thursday,12:00-17:59,1
YTD,02,Crime Type,SEXUAL ASSAULT,Thursday,18:00-23:59,1
YTD,02,Crime Type,SEXUAL ASSAULT,Tuesday,00:00-05:59,5
YTD,02,Crime Type,SEXUAL ASSAULT,Tuesday,18:00-23:59,2
YTD,02,Crime Type,SEXUAL ASSAULT,Wednesday,00:00-05:59,3
YTD,02,Crime Type,SEXUAL ASSAULT,Wednesday,06:00-11:59,1
YTD,02,Crime Type,SEXUAL ASSAULT,Wednesday,12:00-17:59,3
YTD,02,Crime Type,SEXUAL ASSAULT,Wednesday,18:00-23:59,1
YTD,02,Crime Type,SOLICITATION,Tuesday,12:00-17:59,4
YTD,02,Crime Type,STOLEN PROPERTY,Friday,00:00-05:59,4
YTD,02,Crime Type,STOLEN PROPERTY,Friday,06:00-11:59,12
YTD,02,Crime Type,STOLEN PROPERTY,Friday,12:00-17:59,10
YTD,02,Crime Type,STOLEN PROPERTY,Friday,18:00-23:59,14
YTD,02,Crime Type,STOLEN PROPERTY,Monday,00:00-05:59,5
YTD,02,Crime Type,STOLEN PROPERTY,Monday,06:00-11:59,15
YTD,02,Crime Type,STOLEN PROPERTY,Monday,12:00-17:59,11
YTD,02,Crime Type,STOLEN PROPERTY,Monday,18:00-23:59,14
YTD,02,Crime Type,STOLEN PROPERTY,Saturday,00:00-05:59,6
YTD,02,Crime Type,STOLEN PROPERTY,Saturday,06:00-11:59,4
YTD,02,Crime Type,STOLEN PROPERTY,Saturday,12:00-17:59,11
YTD,02,Crime Type,STOLEN PROPERTY,Saturday,18:00-23:59,9
YTD,02,Crime Type,STOLEN PROPERTY,Sunday,00:00-05:59,8
YTD,02,Crime Type,STOLEN PROPERTY,Sunday,06:00-11:59,6
YTD,02,Crime Type,STOLEN PROPERTY,Sunday,12:00-17:59,9
YTD,02,Crime Type,STOLEN PROPERTY,Sunday,18:00-23:59,8
YTD,02,Crime Type,STOLEN PROPERTY,Thursday,00:00-05:59,6
YTD,02,Crime Type,STOLEN PROPERTY,Thursday,06:00-11:59,9
YTD,02,Crime Type,STOLEN PROPERTY,Thursday,12:00-17:59,9
YTD,02,Crime Type,STOLEN PROPERTY,Thursday,18:00-23:59,11
YTD,02,Crime Type,STOLEN PROPERTY,Tuesday,00:00-05:59,7
YTD,02,Crime Type,STOLEN PROPERTY,Tuesday,06:00-11:59,7
YTD,02,Crime Type,STOLEN PROPERTY,Tuesday,12:00-17:59,9
YTD,02,Crime Type,STOLEN PROPERTY,Tuesday,18:00-23:59,10
YTD,02,Crime Type,STOLEN PROPERTY,Wednesday,00:00-05:59,5
YTD,02,Crime Type,STOLEN PROPERTY,Wednesday,06:00-11:59,3
YTD,02,Crime Type,STOLEN PROPERTY,Wednesday,12:00-17:59,21
YTD,02,Crime Type,STOLEN PROPERTY,Wednesday,18:00-23:59,11
YTD,02,Crime Type,STOLEN VEHICLE,Friday,00:00-05:59,13
YTD,02,Crime Type,STOLEN VEHICLE,Friday,06:00-11:59,15
YTD,02,Crime Type,STOLEN VEHICLE,Friday,12:00-17:59,26
YTD,02,Crime Type,STOLEN VEHICLE,Friday,18:00-23:59,37
YTD,02,Crime Type,STOLEN VEHICLE,Monday,00:00-05:59,19
YTD,02,Crime Type,STOLEN VEHICLE,Monday,06:00-11:59,13
YTD,02,Crime Type,STOLEN VEHICLE,Monday,12:00-17:59,16
YTD,02,Crime Type,STOLEN VEHICLE,Monday,18:00-23:59,32
YTD,02,Crime Type,STOLEN VEHICLE,Saturday,00:00-05:59,13
YTD,02,Crime Type,STOLEN VEHICLE,Saturday,06:00-11:59,11
YTD,02,Crime Type,STOLEN VEHICLE,Saturday,12:00-17:59,14
YTD,02,Crime Type,STOLEN VEHICLE,Saturday,18:00-23:59,25
YTD,02,Crime Type,STOLEN VEHICLE,Sunday,00:00-05:59,24
YTD,02,Crime Type,STOLEN VEHICLE,Sunday,06:00-11:59,8
YTD,02,Crime Type,STOLEN VEHICLE,Sunday,12:00-17:59,17
YTD,02,Crime Type,STOLEN VEHICLE,Sunday,18:00-23:59,28
YTD,02,Crime Type,STOLEN VEHICLE,Thursday,00:00-05:59,28
YTD,02,Crime Type,STOLEN VEHICLE,Thursday,06:00-11:59,16
YTD,02,Crime Type,STOLEN VEHICLE,Thursday,12:00-17:59,15
YTD,02,Crime Type,STOLEN VEHICLE,Thursday,18:00-23:59,31
YTD,02,Crime Type,STOLEN VEHICLE,Tuesday,00:00-05:59,17
YTD,02,Crime Type,STOLEN VEHICLE,Tuesday,06:00-11:59,6
YTD,02,Crime Type,STOLEN VEHICLE,Tuesday,12:00-17:59,19
YTD,02,Crime Type,STOLEN VEHICLE,Tuesday,18:00-23:59,35
YTD,02,Crime Type,STOLEN VEHICLE,Wednesday,00:00-05:59,20
YTD,02,Crime Type,STOLEN VEHICLE,Wednesday,06:00-11:59,8
YTD,02,Crime Type,STOLEN VEHICLE,Wednesday,12:00-17:59,13
YTD,02,Crime Type,STOLEN VEHICLE,Wednesday,18:00-23:59,34
YTD,02,Crime Type,WEAPONS OFFENSES,Friday,00:00-05:59,16
YTD,02,Crime Type,WEAPONS OFFENSES,Friday,06:00-11:59,3
YTD,02,Crime Type,WEAPONS OFFENSES,Friday,12:00-17:59,9
YTD,02,Crime Type,WEAPONS OFFENSES,Friday,18:00-23:59,26
YTD,02,Crime Type,WEAPONS OFFENSES,Monday,00:00-05:59,13
YTD,02,Crime Type,WEAPONS OFFENSES,Monday,06:00-11:59,1
YTD,02,Crime Type,WEAPONS OFFENSES,Monday,12:00-17:59,7
YTD,02,Crime Type,WEAPONS OFFENSES,Monday,18:00-23:59,19
YTD,02,Crime Type,WEAPONS OFFENSES,Saturday,00:00-05:59,22
YTD,02,Crime Type,WEAPONS OFFENSES,Saturday,06:00-11:59,1
YTD,02,Crime Type,WEAPONS OFFENSES,Saturday,12:00-17:59,3
YTD,02,Crime Type,WEAPONS OFFENSES,Saturday,18:00-23:59,39
YTD,02,Crime Type,WEAPONS OFFENSES,Sunday,00:00-05:59,17
YTD,02,Crime Type,WEAPONS OFFENSES,Sunday,06:00-11:59,2
YTD,02,Crime Type,WEAPONS OFFENSES,Sunday,12:00-17:59,3
YTD,02,Crime Type,WEAPONS OFFENSES,Sunday,18:00-23:59,36
YTD,02,Crime Type,WEAPONS OFFENSES,Thursday,00:00-05:59,13
YTD,02,Crime Type,WEAPONS OFFENSES,Thursday,06:00-11:59,3
YTD,02,Crime Type,WEAPONS OFFENSES,Thursday,12:00-17:59,7
YTD,02,Crime Type,WEAPONS OFFENSES,Thursday,18:00-23:59,24
YTD,02,Crime Type,WEAPONS OFFENSES,Tuesday,00:00-05:59,11
YTD,02,Crime Type,WEAPONS OFFENSES,Tuesday,06:00-11:59,5
YTD,02,Crime Type,WEAPONS OFFENSES,Tuesday,12:00-17:59,6
YTD,02,Crime Type,WEAPONS OFFENSES,Tuesday,18:00-23:59,9
YTD,02,Crime Type,WEAPONS OFFENSES,Wednesday,00:00-05:59,6
YTD,02,Crime Type,WEAPONS OFFENSES,Wednesday,06:00-11:59,9
YTD,02,Crime Type,WEAPONS OFFENSES,Wednesday,12:00-17:59,16
YTD,02,Crime Type,WEAPONS OFFENSES,Wednesday,18:00-23:59,32
YTD,02,Category Focus,Gun-Related,Friday,00:00-05:59,16
YTD,02,Category Focus,Gun-Related,Friday,06:00-11:59,3
YTD,02,Category Focus,Gun-Related,Friday,12:00-17:59,6
YTD,02,Category Focus,Gun-Related,Friday,18:00-23:59,21
YTD,02,Category Focus,Gun-Related,Monday,00:00-05:59,11
YTD,02,Category Focus,Gun-Related,Monday,06:00-11:59,1
YTD,02,Category Focus,Gun-Related,Monday,12:00-17:59,7
YTD,02,Category Focus,Gun-Related,Monday,18:00-23:59,16
YTD,02,Category Focus,Gun-Related,Saturday,00:00-05:59,17
YTD,02,Category Focus,Gun-Related,Saturday,12:00-17:59,2
YTD,02,Category Focus,Gun-Related,Saturday,18:00-23:59,32
YTD,02,Category Focus,Gun-Related,Sunday,00:00-05:59,13
YTD,02,Category Focus,Gun-Related,Sunday,06:00-11:59,1
YTD,02,Category Focus,Gun-Related,Sunday,12:00-17:59,3
YTD,02,Category Focus,Gun-Related,Sunday,18:00-23:59,33
YTD,02,Category Focus,Gun-Related,Thursday,00:00-05:59,12
YTD,02,Category Focus,Gun-Related,Thursday,06:00-11:59,2
YTD,02,Category Focus,Gun-Related,Thursday,12:00-17:59,5
YTD,02,Category Focus,Gun-Related,Thursday,18:00-23:59,20
YTD,02,Category Focus,Gun-Related,Tuesday,00:00-05:59,9
YTD,02,Category Focus,Gun-Related,Tuesday,06:00-11:59,5
YTD,02,Category Focus,Gun-Related,Tuesday,12:00-17:59,6
YTD,02,Category Focus,Gun-Related,Tuesday,18:00-23:59,9
YTD,02,Category Focus,Gun-Related,Wednesday,00:00-05:59,6
YTD,02,Category Focus,Gun-Related,Wednesday,06:00-11:59,8
YTD,02,Category Focus,Gun-Related,Wednesday,12:00-17:59,14
YTD,02,Category Focus,Gun-Related,Wednesday,18:00-23:59,30
YTD,02,Category Focus,Property Crime,Friday,00:00-05:59,68
YTD,02,Category Focus,Property Crime,Friday,06:00-11:59,109
YTD,02,Category Focus,Property Crime,Friday,12:00-17:59,153
YTD,02,Category Focus,Property Crime,Friday,18:00-23:59,127
YTD,02,Category Focus,Property Crime,Monday,00:00-05:59,113
YTD,02,Category Focus,Property Crime,Monday,06:00-11:59,127
YTD,02,Category Focus,Property Crime,Monday,12:00-17:59,139
YTD,02,Category Focus,Property Crime,Monday,18:00-23:59,143
YTD,02,Category Focus,Property Crime,Saturday,00:00-05:59,115
YTD,02,Category Focus,Property Crime,Saturday,06:00-11:59,93
YTD,02,Category Focus,Property Crime,Saturday,12:00-17:59,115
YTD,02,Category Focus,Property Crime,Saturday,18:00-23:59,141
YTD,02,Category Focus,Property Crime,Sunday,00:00-05:59,120
YTD,02,Category Focus,Property Crime,Sunday,06:00-11:59,87
YTD,02,Category Focus,Property Crime,Sunday,12:00-17:59,125
YTD,02,Category Focus,Property Crime,Sunday,18:00-23:59,138
YTD,02,Category Focus,Property Crime,Thursday,00:00-05:59,91
YTD,02,Category Focus,Property Crime,Thursday,06:00-11:59,91
YTD,02,Category Focus,Property Crime,Thursday,12:00-17:59,117
YTD,02,Category Focus,Property Crime,Thursday,18:00-23:59,125
YTD,02,Category Focus,Property Crime,Tuesday,00:00-05:59,89
YTD,02,Category Focus,Property Crime,Tuesday,06:00-11:59,97
YTD,02,Category Focus,Property Crime,Tuesday,12:00-17:59,156
YTD,02,Category Focus,Property Crime,Tuesday,18:00-23:59,128
YTD,02,Category Focus,Property Crime,Wednesday,00:00-05:59,85
YTD,02,Category Focus,Property Crime,Wednesday,06:00-11:59,102
YTD,02,Category Focus,Property Crime,Wednesday,12:00-17:59,133
YTD,02,Category Focus,Property Crime,Wednesday,18:00-23:59,122
YTD,02,Category Focus,Larceny,Friday,00:00-05:59,14
YTD,02,Category Focus,Larceny,Friday,06:00-11:59,37
YTD,02,Category Focus,Larceny,Friday,12:00-17:59,51
YTD,02,Category Focus,Larceny,Friday,18:00-23:59,34
YTD,02,Category Focus,Larceny,Monday,00:00-05:59,24
YTD,02,Category Focus,Larceny,Monday,06:00-11:59,36
YTD,02,Category Focus,Larceny,Monday,12:00-17:59,45
YTD,02,Category Focus,Larceny,Monday,18:00-23:59,33
YTD,02,Category Focus,Larceny,Saturday,00:00-05:59,32
YTD,02,Category Focus,Larceny,Saturday,06:00-11:59,26
YTD,02,Category Focus,Larceny,Saturday,12:00-17:59,35
YTD,02,Category Focus,Larceny,Saturday,18:00-23:59,43
YTD,02,Category Focus,Larceny,Sunday,00:00-05:59,37
YTD,02,Category Focus,Larceny,Sunday,06:00-11:59,22
YTD,02,Category Focus,Larceny,Sunday,12:00-17:59,42
YTD,02,Category Focus,Larceny,Sunday,18:00-23:59,42
YTD,02,Category Focus,Larceny,Thursday,00:00-05:59,15
YTD,02,Category Focus,Larceny,Thursday,06:00-11:59,29
YTD,02,Category Focus,Larceny,Thursday,12:00-17:59,42
YTD,02,Category Focus,Larceny,Thursday,18:00-23:59,41
YTD,02,Category Focus,Larceny,Tuesday,00:00-05:59,18
YTD,02,Category Focus,Larceny,Tuesday,06:00-11:59,33
YTD,02,Category Focus,Larceny,Tuesday,12:00-17:59,54
YTD,02,Category Focus,Larceny,Tuesday,18:00-23:59,36
YTD,02,Category Focus,Larceny,Wednesday,00:00-05:59,12
YTD,02,Category Focus,Larceny,Wednesday,06:00-11:59,29
YTD,02,Category Focus,Larceny,Wednesday,12:00-17:59,42
YTD,02,Category Focus,Larceny,Wednesday,18:00-23:59,32
YTD,03,All,All,Friday,00:00-05:59,263
YTD,03,All,All,Friday,06:00-11:59,303
YTD,03,All,All,Friday,12:00-17:59,486
YTD,03,All,All,Friday,18:00-23:59,437
YTD,03,All,All,Monday,00:00-05:59,257
YTD,03,All,All,Monday,06:00-11:59,254
YTD,03,All,All,Monday,12:00-17:59,418
YTD,03,All,All,Monday,18:00-23:59,424
YTD,03,All,All,Saturday,00:00-05:59,437
YTD,03,All,All,Saturday,06:00-11:59,207
YTD,03,All,All,Saturday,12:00-17:59,408
YTD,03,All,All,Saturday,18:00-23:59,601
YTD,03,All,All,Sunday,00:00-05:59,469
YTD,03,All,All,Sunday,06:00-11:59,213
YTD,03,All,All,Sunday,12:00-17:59,385
YTD,03,All,All,Sunday,18:00-23:59,541
YTD,03,All,All,Thursday,00:00-05:59,212
YTD,03,All,All,Thursday,06:00-11:59,279
YTD,03,All,All,Thursday,12:00-17:59,372
YTD,03,All,All,Thursday,18:00-23:59,370
YTD,03,All,All,Tuesday,00:00-05:59,220
YTD,03,All,All,Tuesday,06:00-11:59,255
YTD,03,All,All,Tuesday,12:00-17:59,455
YTD,03,All,All,Tuesday,18:00-23:59,379
YTD,03,All,All,Wednesday,00:00-05:59,230
YTD,03,All,All,Wednesday,06:00-11:59,293
YTD,03,All,All,Wednesday,12:00-17:59,459
YTD,03,All,All,Wednesday,18:00-23:59,411
YTD,03,Crime Type,AGGRAVATED ASSAULT,Friday,00:00-05:59,22
YTD,03,Crime Type,AGGRAVATED ASSAULT,Friday,06:00-11:59,3
YTD,03,Crime Type,AGGRAVATED ASSAULT,Friday,12:00-17:59,24
YTD,03,Crime Type,AGGRAVATED ASSAULT,Friday,18:00-23:59,22
YTD,03,Crime Type,AGGRAVATED ASSAULT,Monday,00:00-05:59,14
YTD,03,Crime Type,AGGRAVATED ASSAULT,Monday,06:00-11:59,7
YTD,03,Crime Type,AGGRAVATED ASSAULT,Monday,12:00-17:59,18
YTD,03,Crime Type,AGGRAVATED ASSAULT,Monday,18:00-23:59,37
YTD,03,Crime Type,AGGRAVATED ASSAULT,Saturday,00:00-05:59,27
YTD,03,Crime Type,AGGRAVATED ASSAULT,Saturday,06:00-11:59,14
YTD,03,Crime Type,AGGRAVATED ASSAULT,Saturday,12:00-17:59,16
YTD,03,Crime Type,AGGRAVATED ASSAULT,Saturday,18:00-23:59,38
YTD,03,Crime Type,AGGRAVATED ASSAULT,Sunday,00:00-05:59,32
YTD,03,Crime Type,AGGRAVATED ASSAULT,Sunday,06:00-11:59,17
YTD,03,Crime Type,AGGRAVATED ASSAULT,Sunday,12:00-17:59,16
YTD,03,Crime Type,AGGRAVATED ASSAULT,Sunday,18:00-23:59,27
YTD,03,Crime Type,AGGRAVATED ASSAULT,Thursday,00:00-05:59,11
YTD,03,Crime Type,AGGRAVATED ASSAULT,Thursday,06:00-11:59,14
YTD,03,Crime Type,AGGRAVATED ASSAULT,Thursday,12:00-17:59,20
YTD,03,Crime Type,AGGRAVATED ASSAULT,Thursday,18:00-23:59,19
YTD,03,Crime Type,AGGRAVATED ASSAULT,Tuesday,00:00-05:59,12
YTD,03,Crime Type,AGGRAVATED ASSAULT,Tuesday,06:00-11:59,11
YTD,03,Crime Type,AGGRAVATED ASSAULT,Tuesday,12:00-17:59,20
YTD,03,Crime Type,AGGRAVATED ASSAULT,Tuesday,18:00-23:59,26
YTD,03,Crime Type,AGGRAVATED ASSAULT,Wednesday,00:00-05:59,18
YTD,03,Crime Type,AGGRAVATED ASSAULT,Wednesday,06:00-11:59,11
YTD,03,Crime Type,AGGRAVATED ASSAULT,Wednesday,12:00-17:59,19
YTD,03,Crime Type,AGGRAVATED ASSAULT,Wednesday,18:00-23:59,20
YTD,03,Crime Type,ARSON,Friday,00:00-05:59,2
YTD,03,Crime Type,ARSON,Friday,06:00-11:59,1
YTD,03,Crime Type,ARSON,Friday,18:00-23:59,1
YTD,03,Crime Type,ARSON,Monday,18:00-23:59,2
YTD,03,Crime Type,ARSON,Saturday,00:00-05:59,3
YTD,03,Crime Type,ARSON,Sunday,00:00-05:59,2
YTD,03,Crime Type,ARSON,Sunday,18:00-23:59,1
YTD,03,Crime Type,ARSON,Thursday,00:00-05:59,1
YTD,03,Crime Type,ARSON,Tuesday,00:00-05:59,2
YTD,03,Crime Type,ARSON,Tuesday,06:00-11:59,1
YTD,03,Crime Type,ARSON,Wednesday,12:00-17:59,1
YTD,03,Crime Type,ARSON,Wednesday,18:00-23:59,1
YTD,03,Crime Type,ASSAULT,Friday,00:00-05:59,55
YTD,03,Crime Type,ASSAULT,Friday,06:00-11:59,49
YTD,03,Crime Type,ASSAULT,Friday,12:00-17:59,55
YTD,03,Crime Type,ASSAULT,Friday,18:00-23:59,83
YTD,03,Crime Type,ASSAULT,Monday,00:00-05:59,61
YTD,03,Crime Type,ASSAULT,Monday,06:00-11:59,42
YTD,03,Crime Type,ASSAULT,Monday,12:00-17:59,76
YTD,03,Crime Type,ASSAULT,Monday,18:00-23:59,82
YTD,03,Crime Type,ASSAULT,Saturday,00:00-05:59,103
YTD,03,Crime Type,ASSAULT,Saturday,06:00-11:59,47
YTD,03,Crime Type,ASSAULT,Saturday,12:00-17:59,70
YTD,03,Crime Type,ASSAULT,Saturday,18:00-23:59,102
YTD,03,Crime Type,ASSAULT,Sunday,00:00-05:59,109
YTD,03,Crime Type,ASSAULT,Sunday,06:00-11:59,51
YTD,03,Crime Type,ASSAULT,Sunday,12:00-17:59,73
YTD,03,Crime Type,ASSAULT,Sunday,18:00-23:59,108
YTD,03,Crime Type,ASSAULT,Thursday,00:00-05:59,42
YTD,03,Crime Type,ASSAULT,Thursday,06:00-11:59,49
YTD,03,Crime Type,ASSAULT,Thursday,12:00-17:59,57
YTD,03,Crime Type,ASSAULT,Thursday,18:00-23:59,53
YTD,03,Crime Type,ASSAULT,Tuesday,00:00-05:59,47
YTD,03,Crime Type,ASSAULT,Tuesday,06:00-11:59,48
YTD,03,Crime Type,ASSAULT,Tuesday,12:00-17:59,86
YTD,03,Crime Type,ASSAULT,Tuesday,18:00-23:59,78
YTD,03,Crime Type,ASSAULT,Wednesday,00:00-05:59,43
YTD,03,Crime Type,ASSAULT,Wednesday,06:00-11:59,58
YTD,03,Crime Type,ASSAULT,Wednesday,12:00-17:59,81
YTD,03,Crime Type,ASSAULT,Wednesday,18:00-23:59,77
YTD,03,Crime Type,BURGLARY,Friday,00:00-05:59,12
YTD,03,Crime Type,BURGLARY,Friday,06:00-11:59,21
YTD,03,Crime Type,BURGLARY,Friday,12:00-17:59,16
YTD,03,Crime Type,BURGLARY,Friday,18:00-23:59,14
YTD,03,Crime Type,BURGLARY,Monday,00:00-05:59,17
YTD,03,Crime Type,BURGLARY,Monday,06:00-11:59,8
YTD,03,Crime Type,BURGLARY,Monday,12:00-17:59,16
YTD,03,Crime Type,BURGLARY,Monday,18:00-23:59,9
YTD,03,Crime Type,BURGLARY,Saturday,00:00-05:59,15
YTD,03,Crime Type,BURGLARY,Saturday,06:00-11:59,8
YTD,03,Crime Type,BURGLARY,Saturday,12:00-17:59,12
YTD,03,Crime Type,BURGLARY,Saturday,18:00-23:59,8
YTD,03,Crime Type,BURGLARY,Sunday,00:00-05:59,11
YTD,03,Crime Type,BURGLARY,Sunday,06:00-11:59,6
YTD,03,Crime Type,BURGLARY,Sunday,12:00-17:59,19
YTD,03,Crime Type,BURGLARY,Sunday,18:00-23:59,10
YTD,03,Crime Type,BURGLARY,Thursday,00:00-05:59,16
YTD,03,Crime Type,BURGLARY,Thursday,06:00-11:59,12
YTD,03,Crime Type,BURGLARY,Thursday,12:00-17:59,17
YTD,03,Crime Type,BURGLARY,Thursday,18:00-23:59,10
YTD,03,Crime Type,BURGLARY,Tuesday,00:00-05:59,13
YTD,03,Crime Type,BURGLARY,Tuesday,06:00-11:59,9
YTD,03,Crime Type,BURGLARY,Tuesday,12:00-17:59,18
YTD,03,Crime Type,BURGLARY,Tuesday,18:00-23:59,6
YTD,03,Crime Type,BURGLARY,Wednesday,00:00-05:59,8
YTD,03,Crime Type,BURGLARY,Wednesday,06:00-11:59,7
YTD,03,Crime Type,BURGLARY,Wednesday,12:00-17:59,22
YTD,03,Crime Type,BURGLARY,Wednesday,18:00-23:59,15
YTD,03,Crime Type,DAMAGE TO PROPERTY,Friday,00:00-05:59,48
YTD,03,Crime Type,DAMAGE TO PROPERTY,Friday,06:00-11:59,44
YTD,03,Crime Type,DAMAGE TO PROPERTY,Friday,12:00-17:59,65
YTD,03,Crime Type,DAMAGE TO PROPERTY,Friday,18:00-23:59,51
YTD,03,Crime Type,DAMAGE TO PROPERTY,Monday,00:00-05:59,29
YTD,03,Crime Type,DAMAGE TO PROPERTY,Monday,06:00-11:59,44
YTD,03,Crime Type,DAMAGE TO PROPERTY,Monday,12:00-17:59,54
YTD,03,Crime Type,DAMAGE TO PROPERTY,Monday,18:00-23:59,58
YTD,03,Crime Type,DAMAGE TO PROPERTY,Saturday,00:00-05:59,79
YTD,03,Crime Type,DAMAGE TO PROPERTY,Saturday,06:00-11:59,32
YTD,03,Crime Type,DAMAGE TO PROPERTY,Saturday,12:00-17:59,54
YTD,03,Crime Type,DAMAGE TO PROPERTY,Saturday,18:00-23:59,92
YTD,03,Crime Type,DAMAGE TO PROPERTY,Sunday,00:00-05:59,72
YTD,03,Crime Type,DAMAGE TO PROPERTY,Sunday,06:00-11:59,22
YTD,03,Crime Type,DAMAGE TO PROPERTY,Sunday,12:00-17:59,47
YTD,03,Crime Type,DAMAGE TO PROPERTY,Sunday,18:00-23:59,74
YTD,03,Crime Type,DAMAGE TO PROPERTY,Thursday,00:00-05:59,34
YTD,03,Crime Type,DAMAGE TO PROPERTY,Thursday,06:00-11:59,39
YTD,03,Crime Type,DAMAGE TO PROPERTY,Thursday,12:00-17:59,46
YTD,03,Crime Type,DAMAGE TO PROPERTY,Thursday,18:00-23:59,68
YTD,03,Crime Type,DAMAGE TO PROPERTY,Tuesday,00:00-05:59,32
YTD,03,Crime Type,DAMAGE TO PROPERTY,Tuesday,06:00-11:59,47
YTD,03,Crime Type,DAMAGE TO PROPERTY,Tuesday,12:00-17:59,67
YTD,03,Crime Type,DAMAGE TO PROPERTY,Tuesday,18:00-23:59,63
YTD,03,Crime Type,DAMAGE TO PROPERTY,Wednesday,00:00-05:59,34
YTD,03,Crime Type,DAMAGE TO PROPERTY,Wednesday,06:00-11:59,42
YTD,03,Crime Type,DAMAGE TO PROPERTY,Wednesday,12:00-17:59,43
YTD,03,Crime Type,DAMAGE TO PROPERTY,Wednesday,18:00-23:59,68
YTD,03,Crime Type,DANGEROUS DRUGS,Friday,00:00-05:59,1
YTD,03,Crime Type,DANGEROUS DRUGS,Friday,06:00-11:59,4
YTD,03,Crime Type,DANGEROUS DRUGS,Friday,12:00-17:59,5
YTD,03,Crime Type,DANGEROUS DRUGS,Monday,00:00-05:59,3
YTD,03,Crime Type,DANGEROUS DRUGS,Monday,06:00-11:59,3
YTD,03,Crime Type,DANGEROUS DRUGS,Monday,12:00-17:59,3
YTD,03,Crime Type,DANGEROUS DRUGS,Monday,18:00-23:59,4
YTD,03,Crime Type,DANGEROUS DRUGS,Saturday,00:00-05:59,2
YTD,03,Crime Type,DANGEROUS DRUGS,Saturday,12:00-17:59,2
YTD,03,Crime Type,DANGEROUS DRUGS,Saturday,18:00-23:59,2
YTD,03,Crime Type,DANGEROUS DRUGS,Sunday,00:00-05:59,1
YTD,03,Crime Type,DANGEROUS DRUGS,Sunday,06:00-11:59,3
YTD,03,Crime Type,DANGEROUS DRUGS,Sunday,12:00-17:59,1
YTD,03,Crime Type,DANGEROUS DRUGS,Sunday,18:00-23:59,3
YTD,03,Crime Type,DANGEROUS DRUGS,Thursday,00:00-05:59,2
YTD,03,Crime Type,DANGEROUS DRUGS,Thursday,06:00-11:59,7
YTD,03,Crime Type,DANGEROUS DRUGS,Thursday,12:00-17:59,4
YTD,03,Crime Type,DANGEROUS DRUGS,Thursday,18:00-23:59,4
YTD,03,Crime Type,DANGEROUS DRUGS,Tuesday,00:00-05:59,2
YTD,03,Crime Type,DANGEROUS DRUGS,Tuesday,06:00-11:59,1
YTD,03,Crime Type,DANGEROUS DRUGS,Tuesday,12:00-17:59,1
YTD,03,Crime Type,DANGEROUS DRUGS,Tuesday,18:00-23:59,5
YTD,03,Crime Type,DANGEROUS DRUGS,Wednesday,00:00-05:59,4
YTD,03,Crime Type,DANGEROUS DRUGS,Wednesday,06:00-11:59,2
YTD,03,Crime Type,DANGEROUS DRUGS,Wednesday,12:00-17:59,4
YTD,03,Crime Type,DANGEROUS DRUGS,Wednesday,18:00-23:59,4
YTD,03,Crime Type,DISORDERLY CONDUCT,Friday,00:00-05:59,6
YTD,03,Crime Type,DISORDERLY CONDUCT,Friday,06:00-11:59,1
YTD,03,Crime Type,DISORDERLY CONDUCT,Friday,12:00-17:59,4
YTD,03,Crime Type,DISORDERLY CONDUCT,Friday,18:00-23:59,6
YTD,03,Crime Type,DISORDERLY CONDUCT,Monday,00:00-05:59,1
YTD,03,Crime Type,DISORDERLY CONDUCT,Monday,12:00-17:59,4
YTD,03,Crime Type,DISORDERLY CONDUCT,Monday,18:00-23:59,3
YTD,03,Crime Type,DISORDERLY CONDUCT,Saturday,00:00-05:59,7
YTD,03,Crime Type,DISORDERLY CONDUCT,Saturday,06:00-11:59,2
YTD,03,Crime Type,DISORDERLY CONDUCT,Saturday,12:00-17:59,3
YTD,03,Crime Type,DISORDERLY CONDUCT,Saturday,18:00-23:59,10
YTD,03,Crime Type,DISORDERLY CONDUCT,Sunday,00:00-05:59,11
YTD,03,Crime Type,DISORDERLY CONDUCT,Sunday,06:00-11:59,4
YTD,03,Crime Type,DISORDERLY CONDUCT,Sunday,12:00-17:59,6
YTD,03,Crime Type,DISORDERLY CONDUCT,Sunday,18:00-23:59,8
YTD,03,Crime Type,DISORDERLY CONDUCT,Thursday,06:00-11:59,2
YTD,03,Crime Type,DISORDERLY CONDUCT,Thursday,12:00-17:59,2
YTD,03,Crime Type,DISORDERLY CONDUCT,Thursday,18:00-23:59,1
YTD,03,Crime Type,DISORDERLY CONDUCT,Tuesday,00:00-05:59,1
YTD,03,Crime Type,DISORDERLY CONDUCT,Tuesday,12:00-17:59,2
YTD,03,Crime Type,DISORDERLY CONDUCT,Tuesday,18:00-23:59,7
YTD,03,Crime Type,DISORDERLY CONDUCT,Wednesday,00:00-05:59,3
YTD,03,Crime Type,DISORDERLY CONDUCT,Wednesday,06:00-11:59,4
YTD,03,Crime Type,DISORDERLY CONDUCT,Wednesday,12:00-17:59,3
YTD,03,Crime Type,DISORDERLY CONDUCT,Wednesday,18:00-23:59,5
YTD,03,Crime Type,EXTORTION,Friday,12:00-17:59,1
YTD,03,Crime Type,EXTORTION,Saturday,12:00-17:59,1
YTD,03,Crime Type,EXTORTION,Sunday,12:00-17:59,1
YTD,03,Crime Type,EXTORTION,Thursday,00:00-05:59,1
YTD,03,Crime Type,EXTORTION,Tuesday,12:00-17:59,1
YTD,03,Crime Type,EXTORTION,Tuesday,18:00-23:59,1
YTD,03,Crime Type,EXTORTION,Wednesday,06:00-11:59,1
YTD,03,Crime Type,EXTORTION,Wednesday,18:00-23:59,1
YTD,03,Crime Type,FAMILY OFFENSE,Friday,00:00-05:59,1
YTD,03,Crime Type,FAMILY OFFENSE,Friday,06:00-11:59,2
YTD,03,Crime Type,FAMILY OFFENSE,Friday,12:00-17:59,3
YTD,03,Crime Type,FAMILY OFFENSE,Friday,18:00-23:59,6
YTD,03,Crime Type,FAMILY OFFENSE,Monday,06:00-11:59,4
YTD,03,Crime Type,FAMILY OFFENSE,Monday,12:00-17:59,4
YTD,03,Crime Type,FAMILY OFFENSE,Monday,18:00-23:59,3
YTD,03,Crime Type,FAMILY OFFENSE,Saturday,00:00-05:59,1
YTD,03,Crime Type,FAMILY OFFENSE,Saturday,06:00-11:59,2
YTD,03,Crime Type,FAMILY OFFENSE,Saturday,12:00-17:59,1
YTD,03,Crime Type,FAMILY OFFENSE,Saturday,18:00-23:59,1
YTD,03,Crime Type,FAMILY OFFENSE,Sunday,12:00-17:59,3
YTD,03,Crime Type,FAMILY OFFENSE,Sunday,18:00-23:59,2
YTD,03,Crime Type,FAMILY OFFENSE,Thursday,00:00-05:59,2
YTD,03,Crime Type,FAMILY OFFENSE,Thursday,06:00-11:59,1
YTD,03,Crime Type,FAMILY OFFENSE,Thursday,12:00-17:59,4
YTD,03,Crime Type,FAMILY OFFENSE,Thursday,18:00-23:59,1
YTD,03,Crime Type,FAMILY OFFENSE,Tuesday,00:00-05:59,2
YTD,03,Crime Type,FAMILY OFFENSE,Tuesday,18:00-23:59,2
YTD,03,Crime Type,FAMILY OFFENSE,Wednesday,12:00-17:59,4
YTD,03,Crime Type,FAMILY OFFENSE,Wednesday,18:00-23:59,4
YTD,03,Crime Type,FORGERY,Friday,12:00-17:59,3
YTD,03,Crime Type,FORGERY,Monday,06:00-11:59,1
YTD,03,Crime Type,FORGERY,Monday,12:00-17:59,2
YTD,03,Crime Type,FORGERY,Monday,18:00-23:59,1
YTD,03,Crime Type,FORGERY,Saturday,12:00-17:59,1
YTD,03,Crime Type,FORGERY,Sunday,18:00-23:59,2
YTD,03,Crime Type,FORGERY,Thursday,06:00-11:59,1
YTD,03,Crime Type,FORGERY,Thursday,12:00-17:59,2
YTD,03,Crime Type,FORGERY,Thursday,18:00-23:59,1
YTD,03,Crime Type,FORGERY,Tuesday,06:00-11:59,1
YTD,03,Crime Type,FORGERY,Tuesday,12:00-17:59,1
YTD,03,Crime Type,FORGERY,Wednesday,12:00-17:59,1
YTD,03,Crime Type,FORGERY,Wednesday,18:00-23:59,1
YTD,03,Crime Type,FRAUD,Friday,00:00-05:59,15
YTD,03,Crime Type,FRAUD,Friday,06:00-11:59,46
YTD,03,Crime Type,FRAUD,Friday,12:00-17:59,81
YTD,03,Crime Type,FRAUD,Friday,18:00-23:59,31
YTD,03,Crime Type,FRAUD,Monday,00:00-05:59,16
YTD,03,Crime Type,FRAUD,Monday,06:00-11:59,31
YTD,03,Crime Type,FRAUD,Monday,12:00-17:59,66
YTD,03,Crime Type,FRAUD,Monday,18:00-23:59,24
YTD,03,Crime Type,FRAUD,Saturday,00:00-05:59,22
YTD,03,Crime Type,FRAUD,Saturday,06:00-11:59,24
YTD,03,Crime Type,FRAUD,Saturday,12:00-17:59,55
YTD,03,Crime Type,FRAUD,Saturday,18:00-23:59,25
YTD,03,Crime Type,FRAUD,Sunday,00:00-05:59,15
YTD,03,Crime Type,FRAUD,Sunday,06:00-11:59,21
YTD,03,Crime Type,FRAUD,Sunday,12:00-17:59,60
YTD,03,Crime Type,FRAUD,Sunday,18:00-23:59,34
YTD,03,Crime Type,FRAUD,Thursday,00:00-05:59,22
YTD,03,Crime Type,FRAUD,Thursday,06:00-11:59,44
YTD,03,Crime Type,FRAUD,Thursday,12:00-17:59,56
YTD,03,Crime Type,FRAUD,Thursday,18:00-23:59,27
YTD,03,Crime Type,FRAUD,Tuesday,00:00-05:59,13
YTD,03,Crime Type,FRAUD,Tuesday,06:00-11:59,28
YTD,03,Crime Type,FRAUD,Tuesday,12:00-17:59,74
YTD,03,Crime Type,FRAUD,Tuesday,18:00-23:59,18
YTD,03,Crime Type,FRAUD,Wednesday,00:00-05:59,20
YTD,03,Crime Type,FRAUD,Wednesday,06:00-11:59,29
YTD,03,Crime Type,FRAUD,Wednesday,12:00-17:59,100
YTD,03,Crime Type,FRAUD,Wednesday,18:00-23:59,20
YTD,03,Crime Type,HEALTH AND SAFETY,Friday,12:00-17:59,1
YTD,03,Crime Type,HEALTH AND SAFETY,Monday,00:00-05:59,1
YTD,03,Crime Type,HEALTH AND SAFETY,Saturday,00:00-05:59,1
YTD,03,Crime Type,HEALTH AND SAFETY,Sunday,00:00-05:59,1
YTD,03,Crime Type,HEALTH AND SAFETY,Thursday,06:00-11:59,1
YTD,03,Crime Type,HEALTH AND SAFETY,Thursday,18:00-23:59,1
YTD,03,Crime Type,HEALTH AND SAFETY,Tuesday,00:00-05:59,1
YTD,03,Crime Type,HEALTH AND SAFETY,Tuesday,06:00-11:59,1
YTD,03,Crime Type,HEALTH AND SAFETY,Tuesday,18:00-23:59,1
YTD,03,Crime Type,HEALTH AND SAFETY,Wednesday,06:00-11:59,1
YTD,03,Crime Type,HOMICIDE,Friday,12:00-17:59,1
YTD,03,Crime Type,HOMICIDE,Friday,18:00-23:59,1
YTD,03,Crime Type,HOMICIDE,Monday,00:00-05:59,2
YTD,03,Crime Type,HOMICIDE,Saturday,12:00-17:59,1
YTD,03,Crime Type,HOMICIDE,Sunday,00:00-05:59,1
YTD,03,Crime Type,HOMICIDE,Sunday,12:00-17:59,1
YTD,03,Crime Type,HOMICIDE,Tuesday,06:00-11:59,1
YTD,03,Crime Type,HOMICIDE,Tuesday,12:00-17:59,1
YTD,03,Crime Type,HOMICIDE,Wednesday,00:00-05:59,1
YTD,03,Crime Type,HOMICIDE,Wednesday,06:00-11:59,1
YTD,03,Crime Type,INVASION OF PRIVACY -OTHER,Friday,00:00-05:59,3
YTD,03,Crime Type,INVASION OF PRIVACY -OTHER,Friday,06:00-11:59,3
YTD,03,Crime Type,INVASION OF PRIVACY -OTHER,Friday,12:00-17:59,3
YTD,03,Crime Type,INVASION OF PRIVACY -OTHER,Friday,18:00-23:59,4
YTD,03,Crime Type,INVASION OF PRIVACY -OTHER,Monday,00:00-05:59,1
YTD,03,Crime Type,INVASION OF PRIVACY -OTHER,Monday,06:00-11:59,3
YTD,03,Crime Type,INVASION OF PRIVACY -OTHER,Monday,12:00-17:59,2
YTD,03,Crime Type,INVASION OF PRIVACY -OTHER,Monday,18:00-23:59,3
YTD,03,Crime Type,INVASION OF PRIVACY -OTHER,Saturday,00:00-05:59,1
YTD,03,Crime Type,INVASION OF PRIVACY -OTHER,Saturday,06:00-11:59,1
YTD,03,Crime Type,INVASION OF PRIVACY -OTHER,Saturday,12:00-17:59,4
YTD,03,Crime Type,INVASION OF PRIVACY -OTHER,Saturday,18:00-23:59,5
YTD,03,Crime Type,INVASION OF PRIVACY -OTHER,Sunday,00:00-05:59,5
YTD,03,Crime Type,INVASION OF PRIVACY -OTHER,Sunday,06:00-11:59,3
YTD,03,Crime Type,INVASION OF PRIVACY -OTHER,Sunday,12:00-17:59,1
YTD,03,Crime Type,INVASION OF PRIVACY -OTHER,Sunday,18:00-23:59,4
YTD,03,Crime Type,INVASION OF PRIVACY -OTHER,Thursday,00:00-05:59,1
YTD,03,Crime Type,INVASION OF PRIVACY -OTHER,Thursday,06:00-11:59,2
YTD,03,Crime Type,INVASION OF PRIVACY -OTHER,Thursday,12:00-17:59,1
YTD,03,Crime Type,INVASION OF PRIVACY -OTHER,Thursday,18:00-23:59,2
YTD,03,Crime Type,INVASION OF PRIVACY -OTHER,Tuesday,00:00-05:59,3
YTD,03,Crime Type,INVASION OF PRIVACY -OTHER,Tuesday,06:00-11:59,6
YTD,03,Crime Type,INVASION OF PRIVACY -OTHER,Tuesday,12:00-17:59,3
YTD,03,Crime Type,INVASION OF PRIVACY -OTHER,Tuesday,18:00-23:59,3
YTD,03,Crime Type,INVASION OF PRIVACY -OTHER,Wednesday,00:00-05:59,3
YTD,03,Crime Type,INVASION OF PRIVACY -OTHER,Wednesday,06:00-11:59,3
YTD,03,Crime Type,INVASION OF PRIVACY -OTHER,Wednesday,12:00-17:59,5
YTD,03,Crime Type,INVASION OF PRIVACY -OTHER,Wednesday,18:00-23:59,2
YTD,03,Crime Type,JUSTIFIABLE HOMICIDE,Wednesday,00:00-05:59,1
YTD,03,Crime Type,KIDNAPPING,Friday,00:00-05:59,1
YTD,03,Crime Type,KIDNAPPING,Monday,12:00-17:59,2
YTD,03,Crime Type,KIDNAPPING,Saturday,06:00-11:59,1
YTD,03,Crime Type,KIDNAPPING,Saturday,12:00-17:59,1
YTD,03,Crime Type,KIDNAPPING,Saturday,18:00-23:59,1
YTD,03,Crime Type,KIDNAPPING,Sunday,18:00-23:59,1
YTD,03,Crime Type,KIDNAPPING,Thursday,00:00-05:59,1
YTD,03,Crime Type,KIDNAPPING,Thursday,06:00-11:59,1
YTD,03,Crime Type,KIDNAPPING,Thursday,12:00-17:59,1
YTD,03,Crime Type,KIDNAPPING,Wednesday,06:00-11:59,1
YTD,03,Crime Type,LARCENY,Friday,00:00-05:59,43
YTD,03,Crime Type,LARCENY,Friday,06:00-11:59,83
YTD,03,Crime Type,LARCENY,Friday,12:00-17:59,146
YTD,03,Crime Type,LARCENY,Friday,18:00-23:59,112
YTD,03,Crime Type,LARCENY,Monday,00:00-05:59,57
YTD,03,Crime Type,LARCENY,Monday,06:00-11:59,65
YTD,03,Crime Type,LARCENY,Monday,12:00-17:59,116
YTD,03,Crime Type,LARCENY,Monday,18:00-23:59,99
YTD,03,Crime Type,LARCENY,Saturday,00:00-05:59,87
YTD,03,Crime Type,LARCENY,Saturday,06:00-11:59,44
YTD,03,Crime Type,LARCENY,Saturday,12:00-17:59,111
YTD,03,Crime Type,LARCENY,Saturday,18:00-23:59,165
YTD,03,Crime Type,LARCENY,Sunday,00:00-05:59,118
YTD,03,Crime Type,LARCENY,Sunday,06:00-11:59,49
YTD,03,Crime Type,LARCENY,Sunday,12:00-17:59,98
YTD,03,Crime Type,LARCENY,Sunday,18:00-23:59,146
YTD,03,Crime Type,LARCENY,Thursday,00:00-05:59,36
YTD,03,Crime Type,LARCENY,Thursday,06:00-11:59,66
YTD,03,Crime Type,LARCENY,Thursday,12:00-17:59,100
YTD,03,Crime Type,LARCENY,Thursday,18:00-23:59,89
YTD,03,Crime Type,LARCENY,Tuesday,00:00-05:59,43
YTD,03,Crime Type,LARCENY,Tuesday,06:00-11:59,60
YTD,03,Crime Type,LARCENY,Tuesday,12:00-17:59,102
YTD,03,Crime Type,LARCENY,Tuesday,18:00-23:59,93
YTD,03,Crime Type,LARCENY,Wednesday,00:00-05:59,46
YTD,03,Crime Type,LARCENY,Wednesday,06:00-11:59,76
YTD,03,Crime Type,LARCENY,Wednesday,12:00-17:59,101
YTD,03,Crime Type,LARCENY,Wednesday,18:00-23:59,107
YTD,03,Crime Type,LIQUOR,Saturday,00:00-05:59,5
YTD,03,Crime Type,LIQUOR,Saturday,18:00-23:59,1
YTD,03,Crime Type,LIQUOR,Sunday,18:00-23:59,1
YTD,03,Crime Type,LIQUOR,Tuesday,06:00-11:59,1
YTD,03,Crime Type,LIQUOR,Tuesday,12:00-17:59,1
YTD,03,Crime Type,LIQUOR,Tuesday,18:00-23:59,1
YTD,03,Crime Type,MISCELLANEOUS,Friday,06:00-11:59,1
YTD,03,Crime Type,MISCELLANEOUS,Friday,12:00-17:59,2
YTD,03,Crime Type,MISCELLANEOUS,Sunday,12:00-17:59,1
YTD,03,Crime Type,MISCELLANEOUS,Sunday,18:00-23:59,1
YTD,03,Crime Type,MISCELLANEOUS,Thursday,06:00-11:59,2
YTD,03,Crime Type,MISCELLANEOUS,Thursday,12:00-17:59,1
YTD,03,Crime Type,MISCELLANEOUS,Thursday,18:00-23:59,2
YTD,03,Crime Type,MISCELLANEOUS,Tuesday,18:00-23:59,2
YTD,03,Crime Type,MISCELLANEOUS,Wednesday,00:00-05:59,1
YTD,03,Crime Type,MISCELLANEOUS,Wednesday,06:00-11:59,3
YTD,03,Crime Type,MISCELLANEOUS,Wednesday,12:00-17:59,2
YTD,03,Crime Type,OBSTRUCTING JUDICIARY,Friday,00:00-05:59,1
YTD,03,Crime Type,OBSTRUCTING JUDICIARY,Friday,06:00-11:59,1
YTD,03,Crime Type,OBSTRUCTING JUDICIARY,Friday,12:00-17:59,3
YTD,03,Crime Type,OBSTRUCTING JUDICIARY,Friday,18:00-23:59,3
YTD,03,Crime Type,OBSTRUCTING JUDICIARY,Monday,00:00-05:59,1
YTD,03,Crime Type,OBSTRUCTING JUDICIARY,Monday,06:00-11:59,5
YTD,03,Crime Type,OBSTRUCTING JUDICIARY,Monday,12:00-17:59,6
YTD,03,Crime Type,OBSTRUCTING JUDICIARY,Monday,18:00-23:59,2
YTD,03,Crime Type,OBSTRUCTING JUDICIARY,Saturday,06:00-11:59,2
YTD,03,Crime Type,OBSTRUCTING JUDICIARY,Saturday,12:00-17:59,4
YTD,03,Crime Type,OBSTRUCTING JUDICIARY,Saturday,18:00-23:59,4
YTD,03,Crime Type,OBSTRUCTING JUDICIARY,Sunday,00:00-05:59,2
YTD,03,Crime Type,OBSTRUCTING JUDICIARY,Sunday,06:00-11:59,4
YTD,03,Crime Type,OBSTRUCTING JUDICIARY,Sunday,12:00-17:59,5
YTD,03,Crime Type,OBSTRUCTING JUDICIARY,Sunday,18:00-23:59,5
YTD,03,Crime Type,OBSTRUCTING JUDICIARY,Thursday,00:00-05:59,4
YTD,03,Crime Type,OBSTRUCTING JUDICIARY,Thursday,06:00-11:59,2
YTD,03,Crime Type,OBSTRUCTING JUDICIARY,Thursday,12:00-17:59,4
YTD,03,Crime Type,OBSTRUCTING JUDICIARY,Thursday,18:00-23:59,4
YTD,03,Crime Type,OBSTRUCTING JUDICIARY,Tuesday,00:00-05:59,1
YTD,03,Crime Type,OBSTRUCTING JUDICIARY,Tuesday,06:00-11:59,2
YTD,03,Crime Type,OBSTRUCTING JUDICIARY,Tuesday,12:00-17:59,2
YTD,03,Crime Type,OBSTRUCTING JUDICIARY,Wednesday,00:00-05:59,1
YTD,03,Crime Type,OBSTRUCTING JUDICIARY,Wednesday,12:00-17:59,3
YTD,03,Crime Type,OBSTRUCTING JUDICIARY,Wednesday,18:00-23:59,1
YTD,03,Crime Type,OBSTRUCTING THE POLICE,Friday,00:00-05:59,6
YTD,03,Crime Type,OBSTRUCTING THE POLICE,Friday,06:00-11:59,4
YTD,03,Crime Type,OBSTRUCTING THE POLICE,Friday,12:00-17:59,9
YTD,03,Crime Type,OBSTRUCTING THE POLICE,Friday,18:00-23:59,12
YTD,03,Crime Type,OBSTRUCTING THE POLICE,Monday,00:00-05:59,5
YTD,03,Crime Type,OBSTRUCTING THE POLICE,Monday,06:00-11:59,3
YTD,03,Crime Type,OBSTRUCTING THE POLICE,Monday,12:00-17:59,6
YTD,03,Crime Type,OBSTRUCTING THE POLICE,Monday,18:00-23:59,15
YTD,03,Crime Type,OBSTRUCTING THE POLICE,Saturday,00:00-05:59,10
YTD,03,Crime Type,OBSTRUCTING THE POLICE,Saturday,06:00-11:59,3
YTD,03,Crime Type,OBSTRUCTING THE POLICE,Saturday,12:00-17:59,10
YTD,03,Crime Type,OBSTRUCTING THE POLICE,Saturday,18:00-23:59,17
YTD,03,Crime Type,OBSTRUCTING THE POLICE,Sunday,00:00-05:59,19
YTD,03,Crime Type,OBSTRUCTING THE POLICE,Sunday,06:00-11:59,2
YTD,03,Crime Type,OBSTRUCTING THE POLICE,Sunday,12:00-17:59,5
YTD,03,Crime Type,OBSTRUCTING THE POLICE,Sunday,18:00-23:59,10
YTD,03,Crime Type,OBSTRUCTING THE POLICE,Thursday,00:00-05:59,6
YTD,03,Crime Type,OBSTRUCTING THE POLICE,Thursday,06:00-11:59,5
YTD,03,Crime Type,OBSTRUCTING THE POLICE,Thursday,12:00-17:59,6
YTD,03,Crime Type,OBSTRUCTING THE POLICE,Thursday,18:00-23:59,10
YTD,03,Crime Type,OBSTRUCTING THE POLICE,Tuesday,00:00-05:59,9
YTD,03,Crime Type,OBSTRUCTING THE POLICE,Tuesday,06:00-11:59,3
YTD,03,Crime Type,OBSTRUCTING THE POLICE,Tuesday,12:00-17:59,8
YTD,03,Crime Type,OBSTRUCTING THE POLICE,Tuesday,18:00-23:59,8
YTD,03,Crime Type,OBSTRUCTING THE POLICE,Wednesday,00:00-05:59,8
YTD,03,Crime Type,OBSTRUCTING THE POLICE,Wednesday,06:00-11:59,5
YTD,03,Crime Type,OBSTRUCTING THE POLICE,Wednesday,12:00-17:59,7
YTD,03,Crime Type,OBSTRUCTING THE POLICE,Wednesday,18:00-23:59,9
YTD,03,Crime Type,OTHER,Friday,00:00-05:59,3
YTD,03,Crime Type,OTHER,Friday,06:00-11:59,2
YTD,03,Crime Type,OTHER,Friday,12:00-17:59,4
YTD,03,Crime Type,OTHER,Friday,18:00-23:59,4
YTD,03,Crime Type,OTHER,Monday,00:00-05:59,10
YTD,03,Crime Type,OTHER,Monday,06:00-11:59,5
YTD,03,Crime Type,OTHER,Monday,12:00-17:59,2
YTD,03,Crime Type,OTHER,Monday,18:00-23:59,3
YTD,03,Crime Type,OTHER,Saturday,00:00-05:59,2
YTD,03,Crime Type,OTHER,Saturday,06:00-11:59,2
YTD,03,Crime Type,OTHER,Saturday,12:00-17:59,3
YTD,03,Crime Type,OTHER,Saturday,18:00-23:59,4
YTD,03,Crime Type,OTHER,Sunday,00:00-05:59,4
YTD,03,Crime Type,OTHER,Sunday,06:00-11:59,2
YTD,03,Crime Type,OTHER,Sunday,12:00-17:59,7
YTD,03,Crime Type,OTHER,Sunday,18:00-23:59,4
YTD,03,Crime Type,OTHER,Thursday,00:00-05:59,2
YTD,03,Crime Type,OTHER,Thursday,06:00-11:59,2
YTD,03,Crime Type,OTHER,Thursday,12:00-17:59,4
YTD,03,Crime Type,OTHER,Thursday,18:00-23:59,5
YTD,03,Crime Type,OTHER,Tuesday,00:00-05:59,9
YTD,03,Crime Type,OTHER,Tuesday,06:00-11:59,1
YTD,03,Crime Type,OTHER,Tuesday,12:00-17:59,5
YTD,03,Crime Type,OTHER,Tuesday,18:00-23:59,5
YTD,03,Crime Type,OTHER,Wednesday,00:00-05:59,5
YTD,03,Crime Type,OTHER,Wednesday,06:00-11:59,4
YTD,03,Crime Type,OTHER,Wednesday,12:00-17:59,7
YTD,03,Crime Type,OTHER,Wednesday,18:00-23:59,1
YTD,03,Crime Type,OUIL,Friday,00:00-05:59,4
YTD,03,Crime Type,OUIL,Friday,06:00-11:59,2
YTD,03,Crime Type,OUIL,Friday,12:00-17:59,4
YTD,03,Crime Type,OUIL,Friday,18:00-23:59,10
YTD,03,Crime Type,OUIL,Monday,00:00-05:59,6
YTD,03,Crime Type,OUIL,Monday,06:00-11:59,6
YTD,03,Crime Type,OUIL,Monday,18:00-23:59,6
YTD,03,Crime Type,OUIL,Saturday,00:00-05:59,6
YTD,03,Crime Type,OUIL,Saturday,06:00-11:59,4
YTD,03,Crime Type,OUIL,Saturday,12:00-17:59,8
YTD,03,Crime Type,OUIL,Saturday,18:00-23:59,14
YTD,03,Crime Type,OUIL,Sunday,00:00-05:59,10
YTD,03,Crime Type,OUIL,Sunday,12:00-17:59,4
YTD,03,Crime Type,OUIL,Sunday,18:00-23:59,6
YTD,03,Crime Type,OUIL,Thursday,00:00-05:59,2
YTD,03,Crime Type,OUIL,Thursday,06:00-11:59,6
YTD,03,Crime Type,OUIL,Thursday,12:00-17:59,4
YTD,03,Crime Type,OUIL,Thursday,18:00-23:59,8
YTD,03,Crime Type,OUIL,Tuesday,06:00-11:59,2
YTD,03,Crime Type,OUIL,Tuesday,12:00-17:59,10
YTD,03,Crime Type,OUIL,Tuesday,18:00-23:59,6
YTD,03,Crime Type,OUIL,Wednesday,00:00-05:59,4
YTD,03,Crime Type,OUIL,Wednesday,06:00-11:59,6
YTD,03,Crime Type,OUIL,Wednesday,12:00-17:59,4
YTD,03,Crime Type,OUIL,Wednesday,18:00-23:59,8
YTD,03,Crime Type,ROBBERY,Friday,00:00-05:59,3
YTD,03,Crime Type,ROBBERY,Friday,06:00-11:59,3
YTD,03,Crime Type,ROBBERY,Friday,12:00-17:59,4
YTD,03,Crime Type,ROBBERY,Friday,18:00-23:59,7
YTD,03,Crime Type,ROBBERY,Monday,00:00-05:59,8
YTD,03,Crime Type,ROBBERY,Monday,06:00-11:59,5
YTD,03,Crime Type,ROBBERY,Monday,12:00-17:59,3
YTD,03,Crime Type,ROBBERY,Monday,18:00-23:59,9
YTD,03,Crime Type,ROBBERY,Saturday,00:00-05:59,20
YTD,03,Crime Type,ROBBERY,Saturday,06:00-11:59,2
YTD,03,Crime Type,ROBBERY,Saturday,12:00-17:59,2
YTD,03,Crime Type,ROBBERY,Saturday,18:00-23:59,13
YTD,03,Crime Type,ROBBERY,Sunday,00:00-05:59,9
YTD,03,Crime Type,ROBBERY,Sunday,06:00-11:59,2
YTD,03,Crime Type,ROBBERY,Sunday,12:00-17:59,1
YTD,03,Crime Type,ROBBERY,Sunday,18:00-23:59,6
YTD,03,Crime Type,ROBBERY,Thursday,00:00-05:59,4
YTD,03,Crime Type,ROBBERY,Thursday,06:00-11:59,6
YTD,03,Crime Type,ROBBERY,Thursday,12:00-17:59,4
YTD,03,Crime Type,ROBBERY,Thursday,18:00-23:59,4
YTD,03,Crime Type,ROBBERY,Tuesday,00:00-05:59,9
YTD,03,Crime Type,ROBBERY,Tuesday,06:00-11:59,4
YTD,03,Crime Type,ROBBERY,Tuesday,12:00-17:59,3
YTD,03,Crime Type,ROBBERY,Tuesday,18:00-23:59,10
YTD,03,Crime Type,ROBBERY,Wednesday,00:00-05:59,3
YTD,03,Crime Type,ROBBERY,Wednesday,06:00-11:59,5
YTD,03,Crime Type,ROBBERY,Wednesday,12:00-17:59,8
YTD,03,Crime Type,ROBBERY,Wednesday,18:00-23:59,9
YTD,03,Crime Type,RUNAWAY,Friday,00:00-05:59,1
YTD,03,Crime Type,RUNAWAY,Friday,06:00-11:59,1
YTD,03,Crime Type,RUNAWAY,Friday,18:00-23:59,1
YTD,03,Crime Type,RUNAWAY,Monday,00:00-05:59,1
YTD,03,Crime Type,RUNAWAY,Monday,12:00-17:59,2
YTD,03,Crime Type,RUNAWAY,Monday,18:00-23:59,3
YTD,03,Crime Type,RUNAWAY,Saturday,06:00-11:59,1
YTD,03,Crime Type,RUNAWAY,Saturday,18:00-23:59,1
YTD,03,Crime Type,RUNAWAY,Thursday,00:00-05:59,1
YTD,03,Crime Type,RUNAWAY,Thursday,06:00-11:59,2
YTD,03,Crime Type,RUNAWAY,Thursday,12:00-17:59,3
YTD,03,Crime Type,RUNAWAY,Thursday,18:00-23:59,3
YTD,03,Crime Type,RUNAWAY,Tuesday,12:00-17:59,1
YTD,03,Crime Type,RUNAWAY,Tuesday,18:00-23:59,3
YTD,03,Crime Type,RUNAWAY,Wednesday,00:00-05:59,1
YTD,03,Crime Type,RUNAWAY,Wednesday,06:00-11:59,1
YTD,03,Crime Type,RUNAWAY,Wednesday,12:00-17:59,1
YTD,03,Crime Type,RUNAWAY,Wednesday,18:00-23:59,1
YTD,03,Crime Type,SEX OFFENSES,Friday,00:00-05:59,5
YTD,03,Crime Type,SEX OFFENSES,Friday,06:00-11:59,1
YTD,03,Crime Type,SEX OFFENSES,Friday,12:00-17:59,7
YTD,03,Crime Type,SEX OFFENSES,Friday,18:00-23:59,4
YTD,03,Crime Type,SEX OFFENSES,Monday,00:00-05:59,2
YTD,03,Crime Type,SEX OFFENSES,Monday,06:00-11:59,3
YTD,03,Crime Type,SEX OFFENSES,Monday,12:00-17:59,4
YTD,03,Crime Type,SEX OFFENSES,Monday,18:00-23:59,3
YTD,03,Crime Type,SEX OFFENSES,Saturday,00:00-05:59,4
YTD,03,Crime Type,SEX OFFENSES,Saturday,06:00-11:59,2
YTD,03,Crime Type,SEX OFFENSES,Saturday,12:00-17:59,3
YTD,03,Crime Type,SEX OFFENSES,Saturday,18:00-23:59,8
YTD,03,Crime Type,SEX OFFENSES,Sunday,00:00-05:59,3
YTD,03,Crime Type,SEX OFFENSES,Sunday,06:00-11:59,2
YTD,03,Crime Type,SEX OFFENSES,Sunday,12:00-17:59,3
YTD,03,Crime Type,SEX OFFENSES,Sunday,18:00-23:59,6
YTD,03,Crime Type,SEX OFFENSES,Thursday,00:00-05:59,1
YTD,03,Crime Type,SEX OFFENSES,Thursday,06:00-11:59,2
YTD,03,Crime Type,SEX OFFENSES,Thursday,12:00-17:59,4
YTD,03,Crime Type,SEX OFFENSES,Thursday,18:00-23:59,5
YTD,03,Crime Type,SEX OFFENSES,Tuesday,00:00-05:59,4
YTD,03,Crime Type,SEX OFFENSES,Tuesday,06:00-11:59,1
YTD,03,Crime Type,SEX OFFENSES,Tuesday,12:00-17:59,7
YTD,03,Crime Type,SEX OFFENSES,Tuesday,18:00-23:59,2
YTD,03,Crime Type,SEX OFFENSES,Wednesday,00:00-05:59,1
YTD,03,Crime Type,SEX OFFENSES,Wednesday,06:00-11:59,4
YTD,03,Crime Type,SEX OFFENSES,Wednesday,12:00-17:59,2
YTD,03,Crime Type,SEX OFFENSES,Wednesday,18:00-23:59,4
YTD,03,Crime Type,SEXUAL ASSAULT,Friday,00:00-05:59,4
YTD,03,Crime Type,SEXUAL ASSAULT,Friday,12:00-17:59,5
YTD,03,Crime Type,SEXUAL ASSAULT,Friday,18:00-23:59,3
YTD,03,Crime Type,SEXUAL ASSAULT,Monday,00:00-05:59,3
YTD,03,Crime Type,SEXUAL ASSAULT,Monday,06:00-11:59,1
YTD,03,Crime Type,SEXUAL ASSAULT,Monday,12:00-17:59,1
YTD,03,Crime Type,SEXUAL ASSAULT,Monday,18:00-23:59,3
YTD,03,Crime Type,SEXUAL ASSAULT,Saturday,00:00-05:59,3
YTD,03,Crime Type,SEXUAL ASSAULT,Saturday,06:00-11:59,2
YTD,03,Crime Type,SEXUAL ASSAULT,Saturday,12:00-17:59,2
YTD,03,Crime Type,SEXUAL ASSAULT,Sunday,00:00-05:59,2
YTD,03,Crime Type,SEXUAL ASSAULT,Sunday,06:00-11:59,2
YTD,03,Crime Type,SEXUAL ASSAULT,Sunday,18:00-23:59,2
YTD,03,Crime Type,SEXUAL ASSAULT,Thursday,00:00-05:59,4
YTD,03,Crime Type,SEXUAL ASSAULT,Thursday,18:00-23:59,1
YTD,03,Crime Type,SEXUAL ASSAULT,Tuesday,00:00-05:59,1
YTD,03,Crime Type,SEXUAL ASSAULT,Tuesday,06:00-11:59,3
YTD,03,Crime Type,SEXUAL ASSAULT,Tuesday,12:00-17:59,3
YTD,03,Crime Type,SEXUAL ASSAULT,Tuesday,18:00-23:59,3
YTD,03,Crime Type,SEXUAL ASSAULT,Wednesday,00:00-05:59,1
YTD,03,Crime Type,SEXUAL ASSAULT,Wednesday,06:00-11:59,1
YTD,03,Crime Type,SEXUAL ASSAULT,Wednesday,18:00-23:59,1
YTD,03,Crime Type,SOLICITATION,Thursday,12:00-17:59,1
YTD,03,Crime Type,STOLEN PROPERTY,Friday,00:00-05:59,3
YTD,03,Crime Type,STOLEN PROPERTY,Friday,06:00-11:59,6
YTD,03,Crime Type,STOLEN PROPERTY,Friday,12:00-17:59,3
YTD,03,Crime Type,STOLEN PROPERTY,Friday,18:00-23:59,4
YTD,03,Crime Type,STOLEN PROPERTY,Monday,06:00-11:59,1
YTD,03,Crime Type,STOLEN PROPERTY,Monday,12:00-17:59,6
YTD,03,Crime Type,STOLEN PROPERTY,Monday,18:00-23:59,2
YTD,03,Crime Type,STOLEN PROPERTY,Saturday,00:00-05:59,1
YTD,03,Crime Type,STOLEN PROPERTY,Saturday,06:00-11:59,3
YTD,03,Crime Type,STOLEN PROPERTY,Saturday,12:00-17:59,4
YTD,03,Crime Type,STOLEN PROPERTY,Saturday,18:00-23:59,8
YTD,03,Crime Type,STOLEN PROPERTY,Sunday,00:00-05:59,6
YTD,03,Crime Type,STOLEN PROPERTY,Sunday,06:00-11:59,5
YTD,03,Crime Type,STOLEN PROPERTY,Sunday,12:00-17:59,6
YTD,03,Crime Type,STOLEN PROPERTY,Sunday,18:00-23:59,3
YTD,03,Crime Type,STOLEN PROPERTY,Thursday,00:00-05:59,3
YTD,03,Crime Type,STOLEN PROPERTY,Thursday,06:00-11:59,1
YTD,03,Crime Type,STOLEN PROPERTY,Thursday,12:00-17:59,3
YTD,03,Crime Type,STOLEN PROPERTY,Thursday,18:00-23:59,5
YTD,03,Crime Type,STOLEN PROPERTY,Tuesday,00:00-05:59,2
YTD,03,Crime Type,STOLEN PROPERTY,Tuesday,06:00-11:59,3
YTD,03,Crime Type,STOLEN PROPERTY,Tuesday,12:00-17:59,7
YTD,03,Crime Type,STOLEN PROPERTY,Wednesday,00:00-05:59,2
YTD,03,Crime Type,STOLEN PROPERTY,Wednesday,06:00-11:59,3
YTD,03,Crime Type,STOLEN PROPERTY,Wednesday,12:00-17:59,7
YTD,03,Crime Type,STOLEN PROPERTY,Wednesday,18:00-23:59,3
YTD,03,Crime Type,STOLEN VEHICLE,Friday,00:00-05:59,19
YTD,03,Crime Type,STOLEN VEHICLE,Friday,06:00-11:59,22
YTD,03,Crime Type,STOLEN VEHICLE,Friday,12:00-17:59,28
YTD,03,Crime Type,STOLEN VEHICLE,Friday,18:00-23:59,50
YTD,03,Crime Type,STOLEN VEHICLE,Monday,00:00-05:59,11
YTD,03,Crime Type,STOLEN VEHICLE,Monday,06:00-11:59,11
YTD,03,Crime Type,STOLEN VEHICLE,Monday,12:00-17:59,20
YTD,03,Crime Type,STOLEN VEHICLE,Monday,18:00-23:59,38
YTD,03,Crime Type,STOLEN VEHICLE,Saturday,00:00-05:59,24
YTD,03,Crime Type,STOLEN VEHICLE,Saturday,06:00-11:59,10
YTD,03,Crime Type,STOLEN VEHICLE,Saturday,12:00-17:59,36
YTD,03,Crime Type,STOLEN VEHICLE,Saturday,18:00-23:59,68
YTD,03,Crime Type,STOLEN VEHICLE,Sunday,00:00-05:59,19
YTD,03,Crime Type,STOLEN VEHICLE,Sunday,06:00-11:59,17
YTD,03,Crime Type,STOLEN VEHICLE,Sunday,12:00-17:59,24
YTD,03,Crime Type,STOLEN VEHICLE,Sunday,18:00-23:59,62
YTD,03,Crime Type,STOLEN VEHICLE,Thursday,00:00-05:59,12
YTD,03,Crime Type,STOLEN VEHICLE,Thursday,06:00-11:59,9
YTD,03,Crime Type,STOLEN VEHICLE,Thursday,12:00-17:59,23
YTD,03,Crime Type,STOLEN VEHICLE,Thursday,18:00-23:59,41
YTD,03,Crime Type,STOLEN VEHICLE,Tuesday,00:00-05:59,8
YTD,03,Crime Type,STOLEN VEHICLE,Tuesday,06:00-11:59,20
YTD,03,Crime Type,STOLEN VEHICLE,Tuesday,12:00-17:59,23
YTD,03,Crime Type,STOLEN VEHICLE,Tuesday,18:00-23:59,31
YTD,03,Crime Type,STOLEN VEHICLE,Wednesday,00:00-05:59,19
YTD,03,Crime Type,STOLEN VEHICLE,Wednesday,06:00-11:59,22
YTD,03,Crime Type,STOLEN VEHICLE,Wednesday,12:00-17:59,23
YTD,03,Crime Type,STOLEN VEHICLE,Wednesday,18:00-23:59,45
YTD,03,Crime Type,WEAPONS OFFENSES,Friday,00:00-05:59,5
YTD,03,Crime Type,WEAPONS OFFENSES,Friday,06:00-11:59,3
YTD,03,Crime Type,WEAPONS OFFENSES,Friday,12:00-17:59,9
YTD,03,Crime Type,WEAPONS OFFENSES,Friday,18:00-23:59,8
YTD,03,Crime Type,WEAPONS OFFENSES,Monday,00:00-05:59,8
YTD,03,Crime Type,WEAPONS OFFENSES,Monday,06:00-11:59,6
YTD,03,Crime Type,WEAPONS OFFENSES,Monday,12:00-17:59,5
YTD,03,Crime Type,WEAPONS OFFENSES,Monday,18:00-23:59,15
YTD,03,Crime Type,WEAPONS OFFENSES,Saturday,00:00-05:59,14
YTD,03,Crime Type,WEAPONS OFFENSES,Saturday,06:00-11:59,1
YTD,03,Crime Type,WEAPONS OFFENSES,Saturday,12:00-17:59,4
YTD,03,Crime Type,WEAPONS OFFENSES,Saturday,18:00-23:59,14
YTD,03,Crime Type,WEAPONS OFFENSES,Sunday,00:00-05:59,17
YTD,03,Crime Type,WEAPONS OFFENSES,Sunday,06:00-11:59,1
YTD,03,Crime Type,WEAPONS OFFENSES,Sunday,12:00-17:59,3
YTD,03,Crime Type,WEAPONS OFFENSES,Sunday,18:00-23:59,15
YTD,03,Crime Type,WEAPONS OFFENSES,Thursday,00:00-05:59,4
YTD,03,Crime Type,WEAPONS OFFENSES,Thursday,06:00-11:59,3
YTD,03,Crime Type,WEAPONS OFFENSES,Thursday,12:00-17:59,5
YTD,03,Crime Type,WEAPONS OFFENSES,Thursday,18:00-23:59,6
YTD,03,Crime Type,WEAPONS OFFENSES,Tuesday,00:00-05:59,6
YTD,03,Crime Type,WEAPONS OFFENSES,Tuesday,06:00-11:59,1
YTD,03,Crime Type,WEAPONS OFFENSES,Tuesday,12:00-17:59,9
YTD,03,Crime Type,WEAPONS OFFENSES,Tuesday,18:00-23:59,5
YTD,03,Crime Type,WEAPONS OFFENSES,Wednesday,00:00-05:59,3
YTD,03,Crime Type,WEAPONS OFFENSES,Wednesday,06:00-11:59,3
YTD,03,Crime Type,WEAPONS OFFENSES,Wednesday,12:00-17:59,11
YTD,03,Crime Type,WEAPONS OFFENSES,Wednesday,18:00-23:59,4
YTD,03,Category Focus,Gun-Related,Friday,00:00-05:59,4
YTD,03,Category Focus,Gun-Related,Friday,06:00-11:59,3
YTD,03,Category Focus,Gun-Related,Friday,12:00-17:59,8
YTD,03,Category Focus,Gun-Related,Friday,18:00-23:59,7
YTD,03,Category Focus,Gun-Related,Monday,00:00-05:59,8
YTD,03,Category Focus,Gun-Related,Monday,06:00-11:59,5
YTD,03,Category Focus,Gun-Related,Monday,12:00-17:59,5
YTD,03,Category Focus,Gun-Related,Monday,18:00-23:59,14
YTD,03,Category Focus,Gun-Related,Saturday,00:00-05:59,14
YTD,03,Category Focus,Gun-Related,Saturday,06:00-11:59,1
YTD,03,Category Focus,Gun-Related,Saturday,12:00-17:59,3
YTD,03,Category Focus,Gun-Related,Saturday,18:00-23:59,13
YTD,03,Category Focus,Gun-Related,Sunday,00:00-05:59,15
YTD,03,Category Focus,Gun-Related,Sunday,06:00-11:59,1
YTD,03,Category Focus,Gun-Related,Sunday,12:00-17:59,3
YTD,03,Category Focus,Gun-Related,Sunday,18:00-23:59,14
YTD,03,Category Focus,Gun-Related,Thursday,00:00-05:59,4
YTD,03,Category Focus,Gun-Related,Thursday,06:00-11:59,3
YTD,03,Category Focus,Gun-Related,Thursday,12:00-17:59,5
YTD,03,Category Focus,Gun-Related,Thursday,18:00-23:59,4
YTD,03,Category Focus,Gun-Related,Tuesday,00:00-05:59,4
YTD,03,Category Focus,Gun-Related,Tuesday,06:00-11:59,1
YTD,03,Category Focus,Gun-Related,Tuesday,12:00-17:59,8
YTD,03,Category Focus,Gun-Related,Tuesday,18:00-23:59,5
YTD,03,Category Focus,Gun-Related,Wednesday,00:00-05:59,3
YTD,03,Category Focus,Gun-Related,Wednesday,06:00-11:59,3
YTD,03,Category Focus,Gun-Related,Wednesday,12:00-17:59,8
YTD,03,Category Focus,Gun-Related,Wednesday,18:00-23:59,3
YTD,03,Category Focus,Property Crime,Friday,00:00-05:59,125
YTD,03,Category Focus,Property Crime,Friday,06:00-11:59,176
YTD,03,Category Focus,Property Crime,Friday,12:00-17:59,258
YTD,03,Category Focus,Property Crime,Friday,18:00-23:59,231
YTD,03,Category Focus,Property Crime,Monday,00:00-05:59,114
YTD,03,Category Focus,Property Crime,Monday,06:00-11:59,129
YTD,03,Category Focus,Property Crime,Monday,12:00-17:59,212
YTD,03,Category Focus,Property Crime,Monday,18:00-23:59,206
YTD,03,Category Focus,Property Crime,Saturday,00:00-05:59,206
YTD,03,Category Focus,Property Crime,Saturday,06:00-11:59,97
YTD,03,Category Focus,Property Crime,Saturday,12:00-17:59,217
YTD,03,Category Focus,Property Crime,Saturday,18:00-23:59,341
YTD,03,Category Focus,Property Crime,Sunday,00:00-05:59,226
YTD,03,Category Focus,Property Crime,Sunday,06:00-11:59,99
YTD,03,Category Focus,Property Crime,Sunday,12:00-17:59,194
YTD,03,Category Focus,Property Crime,Sunday,18:00-23:59,295
YTD,03,Category Focus,Property Crime,Thursday,00:00-05:59,101
YTD,03,Category Focus,Property Crime,Thursday,06:00-11:59,127
YTD,03,Category Focus,Property Crime,Thursday,12:00-17:59,189
YTD,03,Category Focus,Property Crime,Thursday,18:00-23:59,213
YTD,03,Category Focus,Property Crime,Tuesday,00:00-05:59,98
YTD,03,Category Focus,Property Crime,Tuesday,06:00-11:59,139
YTD,03,Category Focus,Property Crime,Tuesday,12:00-17:59,217
YTD,03,Category Focus,Property Crime,Tuesday,18:00-23:59,193
YTD,03,Category Focus,Property Crime,Wednesday,00:00-05:59,109
YTD,03,Category Focus,Property Crime,Wednesday,06:00-11:59,150
YTD,03,Category Focus,Property Crime,Wednesday,12:00-17:59,196
YTD,03,Category Focus,Property Crime,Wednesday,18:00-23:59,238
YTD,03,Category Focus,Larceny,Friday,00:00-05:59,43
YTD,03,Category Focus,Larceny,Friday,06:00-11:59,83
YTD,03,Category Focus,Larceny,Friday,12:00-17:59,146
YTD,03,Category Focus,Larceny,Friday,18:00-23:59,112
YTD,03,Category Focus,Larceny,Monday,00:00-05:59,57
YTD,03,Category Focus,Larceny,Monday,06:00-11:59,65
YTD,03,Category Focus,Larceny,Monday,12:00-17:59,116
YTD,03,Category Focus,Larceny,Monday,18:00-23:59,99
YTD,03,Category Focus,Larceny,Saturday,00:00-05:59,87
YTD,03,Category Focus,Larceny,Saturday,06:00-11:59,44
YTD,03,Category Focus,Larceny,Saturday,12:00-17:59,111
YTD,03,Category Focus,Larceny,Saturday,18:00-23:59,165
YTD,03,Category Focus,Larceny,Sunday,00:00-05:59,118
YTD,03,Category Focus,Larceny,Sunday,06:00-11:59,49
YTD,03,Category Focus,Larceny,Sunday,12:00-17:59,98
YTD,03,Category Focus,Larceny,Sunday,18:00-23:59,146
YTD,03,Category Focus,Larceny,Thursday,00:00-05:59,36
YTD,03,Category Focus,Larceny,Thursday,06:00-11:59,66
YTD,03,Category Focus,Larceny,Thursday,12:00-17:59,100
YTD,03,Category Focus,Larceny,Thursday,18:00-23:59,89
YTD,03,Category Focus,Larceny,Tuesday,00:00-05:59,43
YTD,03,Category Focus,Larceny,Tuesday,06:00-11:59,60
YTD,03,Category Focus,Larceny,Tuesday,12:00-17:59,102
YTD,03,Category Focus,Larceny,Tuesday,18:00-23:59,93
YTD,03,Category Focus,Larceny,Wednesday,00:00-05:59,46
YTD,03,Category Focus,Larceny,Wednesday,06:00-11:59,76
YTD,03,Category Focus,Larceny,Wednesday,12:00-17:59,101
YTD,03,Category Focus,Larceny,Wednesday,18:00-23:59,107
YTD,04,All,All,Friday,00:00-05:59,109
YTD,04,All,All,Friday,06:00-11:59,123
YTD,04,All,All,Friday,12:00-17:59,210
YTD,04,All,All,Friday,18:00-23:59,197
YTD,04,All,All,Monday,00:00-05:59,141
YTD,04,All,All,Monday,06:00-11:59,133
YTD,04,All,All,Monday,12:00-17:59,183
YTD,04,All,All,Monday,18:00-23:59,203
YTD,04,All,All,Saturday,00:00-05:59,160
YTD,04,All,All,Saturday,06:00-11:59,89
YTD,04,All,All,Saturday,12:00-17:59,174
YTD,04,All,All,Saturday,18:00-23:59,202
YTD,04,All,All,Sunday,00:00-05:59,196
YTD,04,All,All,Sunday,06:00-11:59,98
YTD,04,All,All,Sunday,12:00-17:59,167
YTD,04,All,All,Sunday,18:00-23:59,185
YTD,04,All,All,Thursday,00:00-05:59,103
YTD,04,All,All,Thursday,06:00-11:59,79
YTD,04,All,All,Thursday,12:00-17:59,203
YTD,04,All,All,Thursday,18:00-23:59,193
YTD,04,All,All,Tuesday,00:00-05:59,84
YTD,04,All,All,Tuesday,06:00-11:59,131
YTD,04,All,All,Tuesday,12:00-17:59,223
YTD,04,All,All,Tuesday,18:00-23:59,161
YTD,04,All,All,Wednesday,00:00-05:59,107
YTD,04,All,All,Wednesday,06:00-11:59,89
YTD,04,All,All,Wednesday,12:00-17:59,203
YTD,04,All,All,Wednesday,18:00-23:59,167
YTD,04,Crime Type,AGGRAVATED ASSAULT,Friday,00:00-05:59,9
YTD,04,Crime Type,AGGRAVATED ASSAULT,Friday,06:00-11:59,11
YTD,04,Crime Type,AGGRAVATED ASSAULT,Friday,12:00-17:59,8
YTD,04,Crime Type,AGGRAVATED ASSAULT,Friday,18:00-23:59,17
YTD,04,Crime Type,AGGRAVATED ASSAULT,Monday,00:00-05:59,17
YTD,04,Crime Type,AGGRAVATED ASSAULT,Monday,06:00-11:59,7
YTD,04,Crime Type,AGGRAVATED ASSAULT,Monday,12:00-17:59,11
YTD,04,Crime Type,AGGRAVATED ASSAULT,Monday,18:00-23:59,19
YTD,04,Crime Type,AGGRAVATED ASSAULT,Saturday,00:00-05:59,18
YTD,04,Crime Type,AGGRAVATED ASSAULT,Saturday,06:00-11:59,3
YTD,04,Crime Type,AGGRAVATED ASSAULT,Saturday,12:00-17:59,9
YTD,04,Crime Type,AGGRAVATED ASSAULT,Saturday,18:00-23:59,24
YTD,04,Crime Type,AGGRAVATED ASSAULT,Sunday,00:00-05:59,25
YTD,04,Crime Type,AGGRAVATED ASSAULT,Sunday,06:00-11:59,9
YTD,04,Crime Type,AGGRAVATED ASSAULT,Sunday,12:00-17:59,13
YTD,04,Crime Type,AGGRAVATED ASSAULT,Sunday,18:00-23:59,15
YTD,04,Crime Type,AGGRAVATED ASSAULT,Thursday,00:00-05:59,13
YTD,04,Crime Type,AGGRAVATED ASSAULT,Thursday,06:00-11:59,6
YTD,04,Crime Type,AGGRAVATED ASSAULT,Thursday,12:00-17:59,13
YTD,04,Crime Type,AGGRAVATED ASSAULT,Thursday,18:00-23:59,18
YTD,04,Crime Type,AGGRAVATED ASSAULT,Tuesday,00:00-05:59,11
YTD,04,Crime Type,AGGRAVATED ASSAULT,Tuesday,06:00-11:59,6
YTD,04,Crime Type,AGGRAVATED ASSAULT,Tuesday,12:00-17:59,17
YTD,04,Crime Type,AGGRAVATED ASSAULT,Tuesday,18:00-23:59,12
YTD,04,Crime Type,AGGRAVATED ASSAULT,Wednesday,00:00-05:59,10
YTD,04,Crime Type,AGGRAVATED ASSAULT,Wednesday,06:00-11:59,11
YTD,04,Crime Type,AGGRAVATED ASSAULT,Wednesday,12:00-17:59,11
YTD,04,Crime Type,AGGRAVATED ASSAULT,Wednesday,18:00-23:59,12
YTD,04,Crime Type,ARSON,Friday,00:00-05:59,1
YTD,04,Crime Type,ARSON,Friday,06:00-11:59,2
YTD,04,Crime Type,ARSON,Friday,18:00-23:59,1
YTD,04,Crime Type,ARSON,Monday,00:00-05:59,3
YTD,04,Crime Type,ARSON,Monday,18:00-23:59,1
YTD,04,Crime Type,ARSON,Saturday,00:00-05:59,2
YTD,04,Crime Type,ARSON,Sunday,00:00-05:59,3
YTD,04,Crime Type,ARSON,Sunday,06:00-11:59,1
YTD,04,Crime Type,ARSON,Sunday,18:00-23:59,1
YTD,04,Crime Type,ARSON,Thursday,18:00-23:59,1
YTD,04,Crime Type,ARSON,Tuesday,00:00-05:59,1
YTD,04,Crime Type,ARSON,Tuesday,06:00-11:59,1
YTD,04,Crime Type,ARSON,Tuesday,12:00-17:59,1
YTD,04,Crime Type,ARSON,Tuesday,18:00-23:59,1
YTD,04,Crime Type,ARSON,Wednesday,00:00-05:59,1
YTD,04,Crime Type,ARSON,Wednesday,18:00-23:59,3
YTD,04,Crime Type,ASSAULT,Friday,00:00-05:59,23
YTD,04,Crime Type,ASSAULT,Friday,06:00-11:59,24
YTD,04,Crime Type,ASSAULT,Friday,12:00-17:59,33
YTD,04,Crime Type,ASSAULT,Friday,18:00-23:59,33
YTD,04,Crime Type,ASSAULT,Monday,00:00-05:59,31
YTD,04,Crime Type,ASSAULT,Monday,06:00-11:59,29
YTD,04,Crime Type,ASSAULT,Monday,12:00-17:59,34
YTD,04,Crime Type,ASSAULT,Monday,18:00-23:59,54
YTD,04,Crime Type,ASSAULT,Saturday,00:00-05:59,42
YTD,04,Crime Type,ASSAULT,Saturday,06:00-11:59,19
YTD,04,Crime Type,ASSAULT,Saturday,12:00-17:59,36
YTD,04,Crime Type,ASSAULT,Saturday,18:00-23:59,42
YTD,04,Crime Type,ASSAULT,Sunday,00:00-05:59,63
YTD,04,Crime Type,ASSAULT,Sunday,06:00-11:59,29
YTD,04,Crime Type,ASSAULT,Sunday,12:00-17:59,37
YTD,04,Crime Type,ASSAULT,Sunday,18:00-23:59,38
YTD,04,Crime Type,ASSAULT,Thursday,00:00-05:59,23
YTD,04,Crime Type,ASSAULT,Thursday,06:00-11:59,22
YTD,04,Crime Type,ASSAULT,Thursday,12:00-17:59,39
YTD,04,Crime Type,ASSAULT,Thursday,18:00-23:59,47
YTD,04,Crime Type,ASSAULT,Tuesday,00:00-05:59,16
YTD,04,Crime Type,ASSAULT,Tuesday,06:00-11:59,26
YTD,04,Crime Type,ASSAULT,Tuesday,12:00-17:59,49
YTD,04,Crime Type,ASSAULT,Tuesday,18:00-23:59,28
YTD,04,Crime Type,ASSAULT,Wednesday,00:00-05:59,24
YTD,04,Crime Type,ASSAULT,Wednesday,06:00-11:59,11
YTD,04,Crime Type,ASSAULT,Wednesday,12:00-17:59,39
YTD,04,Crime Type,ASSAULT,Wednesday,18:00-23:59,37
YTD,04,Crime Type,BURGLARY,Friday,00:00-05:59,3
YTD,04,Crime Type,BURGLARY,Friday,06:00-11:59,8
YTD,04,Crime Type,BURGLARY,Friday,12:00-17:59,12
YTD,04,Crime Type,BURGLARY,Friday,18:00-23:59,4
YTD,04,Crime Type,BURGLARY,Monday,00:00-05:59,10
YTD,04,Crime Type,BURGLARY,Monday,06:00-11:59,8
YTD,04,Crime Type,BURGLARY,Monday,12:00-17:59,10
YTD,04,Crime Type,BURGLARY,Monday,18:00-23:59,6
YTD,04,Crime Type,BURGLARY,Saturday,00:00-05:59,7
YTD,04,Crime Type,BURGLARY,Saturday,06:00-11:59,6
YTD,04,Crime Type,BURGLARY,Saturday,12:00-17:59,8
YTD,04,Crime Type,BURGLARY,Saturday,18:00-23:59,9
YTD,04,Crime Type,BURGLARY,Sunday,00:00-05:59,5
YTD,04,Crime Type,BURGLARY,Sunday,06:00-11:59,5
YTD,04,Crime Type,BURGLARY,Sunday,12:00-17:59,13
YTD,04,Crime Type,BURGLARY,Sunday,18:00-23:59,6
YTD,04,Crime Type,BURGLARY,Thursday,00:00-05:59,10
YTD,04,Crime Type,BURGLARY,Thursday,06:00-11:59,6
YTD,04,Crime Type,BURGLARY,Thursday,12:00-17:59,9
YTD,04,Crime Type,BURGLARY,Thursday,18:00-23:59,7
YTD,04,Crime Type,BURGLARY,Tuesday,00:00-05:59,2
YTD,04,Crime Type,BURGLARY,Tuesday,06:00-11:59,10
YTD,04,Crime Type,BURGLARY,Tuesday,12:00-17:59,6
YTD,04,Crime Type,BURGLARY,Tuesday,18:00-23:59,3
YTD,04,Crime Type,BURGLARY,Wednesday,00:00-05:59,12
YTD,04,Crime Type,BURGLARY,Wednesday,06:00-11:59,6
YTD,04,Crime Type,BURGLARY,Wednesday,12:00-17:59,8
YTD,04,Crime Type,BURGLARY,Wednesday,18:00-23:59,5
YTD,04,Crime Type,DAMAGE TO PROPERTY,Friday,00:00-05:59,13
YTD,04,Crime Type,DAMAGE TO PROPERTY,Friday,06:00-11:59,14
YTD,04,Crime Type,DAMAGE TO PROPERTY,Friday,12:00-17:59,18
YTD,04,Crime Type,DAMAGE TO PROPERTY,Friday,18:00-23:59,18
YTD,04,Crime Type,DAMAGE TO PROPERTY,Monday,00:00-05:59,15
YTD,04,Crime Type,DAMAGE TO PROPERTY,Monday,06:00-11:59,17
YTD,04,Crime Type,DAMAGE TO PROPERTY,Monday,12:00-17:59,22
YTD,04,Crime Type,DAMAGE TO PROPERTY,Monday,18:00-23:59,23
YTD,04,Crime Type,DAMAGE TO PROPERTY,Saturday,00:00-05:59,21
YTD,04,Crime Type,DAMAGE TO PROPERTY,Saturday,06:00-11:59,15
YTD,04,Crime Type,DAMAGE TO PROPERTY,Saturday,12:00-17:59,19
YTD,04,Crime Type,DAMAGE TO PROPERTY,Saturday,18:00-23:59,17
YTD,04,Crime Type,DAMAGE TO PROPERTY,Sunday,00:00-05:59,31
YTD,04,Crime Type,DAMAGE TO PROPERTY,Sunday,06:00-11:59,8
YTD,04,Crime Type,DAMAGE TO PROPERTY,Sunday,12:00-17:59,10
YTD,04,Crime Type,DAMAGE TO PROPERTY,Sunday,18:00-23:59,18
YTD,04,Crime Type,DAMAGE TO PROPERTY,Thursday,00:00-05:59,13
YTD,04,Crime Type,DAMAGE TO PROPERTY,Thursday,06:00-11:59,7
YTD,04,Crime Type,DAMAGE TO PROPERTY,Thursday,12:00-17:59,16
YTD,04,Crime Type,DAMAGE TO PROPERTY,Thursday,18:00-23:59,19
YTD,04,Crime Type,DAMAGE TO PROPERTY,Tuesday,00:00-05:59,12
YTD,04,Crime Type,DAMAGE TO PROPERTY,Tuesday,06:00-11:59,17
YTD,04,Crime Type,DAMAGE TO PROPERTY,Tuesday,12:00-17:59,18
YTD,04,Crime Type,DAMAGE TO PROPERTY,Tuesday,18:00-23:59,16
YTD,04,Crime Type,DAMAGE TO PROPERTY,Wednesday,00:00-05:59,11
YTD,04,Crime Type,DAMAGE TO PROPERTY,Wednesday,06:00-11:59,9
YTD,04,Crime Type,DAMAGE TO PROPERTY,Wednesday,12:00-17:59,16
YTD,04,Crime Type,DAMAGE TO PROPERTY,Wednesday,18:00-23:59,21
YTD,04,Crime Type,DANGEROUS DRUGS,Friday,00:00-05:59,11
YTD,04,Crime Type,DANGEROUS DRUGS,Friday,06:00-11:59,1
YTD,04,Crime Type,DANGEROUS DRUGS,Friday,12:00-17:59,5
YTD,04,Crime Type,DANGEROUS DRUGS,Friday,18:00-23:59,8
YTD,04,Crime Type,DANGEROUS DRUGS,Monday,00:00-05:59,3
YTD,04,Crime Type,DANGEROUS DRUGS,Monday,06:00-11:59,2
YTD,04,Crime Type,DANGEROUS DRUGS,Monday,12:00-17:59,3
YTD,04,Crime Type,DANGEROUS DRUGS,Monday,18:00-23:59,3
YTD,04,Crime Type,DANGEROUS DRUGS,Saturday,00:00-05:59,4
YTD,04,Crime Type,DANGEROUS DRUGS,Saturday,06:00-11:59,4
YTD,04,Crime Type,DANGEROUS DRUGS,Saturday,12:00-17:59,7
YTD,04,Crime Type,DANGEROUS DRUGS,Saturday,18:00-23:59,4
YTD,04,Crime Type,DANGEROUS DRUGS,Sunday,00:00-05:59,2
YTD,04,Crime Type,DANGEROUS DRUGS,Sunday,06:00-11:59,1
YTD,04,Crime Type,DANGEROUS DRUGS,Sunday,12:00-17:59,2
YTD,04,Crime Type,DANGEROUS DRUGS,Sunday,18:00-23:59,3
YTD,04,Crime Type,DANGEROUS DRUGS,Thursday,00:00-05:59,5
YTD,04,Crime Type,DANGEROUS DRUGS,Thursday,06:00-11:59,1
YTD,04,Crime Type,DANGEROUS DRUGS,Thursday,12:00-17:59,12
YTD,04,Crime Type,DANGEROUS DRUGS,Thursday,18:00-23:59,5
YTD,04,Crime Type,DANGEROUS DRUGS,Tuesday,00:00-05:59,4
YTD,04,Crime Type,DANGEROUS DRUGS,Tuesday,06:00-11:59,2
YTD,04,Crime Type,DANGEROUS DRUGS,Tuesday,12:00-17:59,16
YTD,04,Crime Type,DANGEROUS DRUGS,Tuesday,18:00-23:59,3
YTD,04,Crime Type,DANGEROUS DRUGS,Wednesday,00:00-05:59,3
YTD,04,Crime Type,DANGEROUS DRUGS,Wednesday,12:00-17:59,13
YTD,04,Crime Type,DANGEROUS DRUGS,Wednesday,18:00-23:59,4
YTD,04,Crime Type,DISORDERLY CONDUCT,Monday,00:00-05:59,2
YTD,04,Crime Type,DISORDERLY CONDUCT,Monday,18:00-23:59,1
YTD,04,Crime Type,DISORDERLY CONDUCT,Saturday,00:00-05:59,1
YTD,04,Crime Type,DISORDERLY CONDUCT,Sunday,00:00-05:59,1
YTD,04,Crime Type,DISORDERLY CONDUCT,Sunday,12:00-17:59,1
YTD,04,Crime Type,DISORDERLY CONDUCT,Sunday,18:00-23:59,2
YTD,04,Crime Type,DISORDERLY CONDUCT,Thursday,06:00-11:59,1
YTD,04,Crime Type,DISORDERLY CONDUCT,Thursday,12:00-17:59,1
YTD,04,Crime Type,DISORDERLY CONDUCT,Thursday,18:00-23:59,1
YTD,04,Crime Type,DISORDERLY CONDUCT,Tuesday,12:00-17:59,2
YTD,04,Crime Type,DISORDERLY CONDUCT,Wednesday,00:00-05:59,3
YTD,04,Crime Type,EXTORTION,Friday,18:00-23:59,1
YTD,04,Crime Type,EXTORTION,Monday,12:00-17:59,1
YTD,04,Crime Type,EXTORTION,Saturday,00:00-05:59,1
YTD,04,Crime Type,EXTORTION,Saturday,06:00-11:59,1
YTD,04,Crime Type,EXTORTION,Saturday,12:00-17:59,1
YTD,04,Crime Type,EXTORTION,Sunday,06:00-11:59,1
YTD,04,Crime Type,EXTORTION,Sunday,12:00-17:59,1
YTD,04,Crime Type,EXTORTION,Sunday,18:00-23:59,2
YTD,04,Crime Type,EXTORTION,Tuesday,12:00-17:59,1
YTD,04,Crime Type,EXTORTION,Tuesday,18:00-23:59,1
YTD,04,Crime Type,EXTORTION,Wednesday,00:00-05:59,1
YTD,04,Crime Type,EXTORTION,Wednesday,12:00-17:59,2
YTD,04,Crime Type,FAMILY OFFENSE,Friday,00:00-05:59,1
YTD,04,Crime Type,FAMILY OFFENSE,Friday,12:00-17:59,2
YTD,04,Crime Type,FAMILY OFFENSE,Friday,18:00-23:59,3
YTD,04,Crime Type,FAMILY OFFENSE,Monday,00:00-05:59,1
YTD,04,Crime Type,FAMILY OFFENSE,Monday,12:00-17:59,2
YTD,04,Crime Type,FAMILY OFFENSE,Monday,18:00-23:59,5
YTD,04,Crime Type,FAMILY OFFENSE,Saturday,18:00-23:59,5
YTD,04,Crime Type,FAMILY OFFENSE,Sunday,00:00-05:59,2
YTD,04,Crime Type,FAMILY OFFENSE,Sunday,06:00-11:59,1
YTD,04,Crime Type,FAMILY OFFENSE,Sunday,12:00-17:59,5
YTD,04,Crime Type,FAMILY OFFENSE,Sunday,18:00-23:59,2
YTD,04,Crime Type,FAMILY OFFENSE,Thursday,12:00-17:59,5
YTD,04,Crime Type,FAMILY OFFENSE,Thursday,18:00-23:59,2
YTD,04,Crime Type,FAMILY OFFENSE,Tuesday,00:00-05:59,3
YTD,04,Crime Type,FAMILY OFFENSE,Tuesday,12:00-17:59,2
YTD,04,Crime Type,FAMILY OFFENSE,Tuesday,18:00-23:59,1
YTD,04,Crime Type,FAMILY OFFENSE,Wednesday,00:00-05:59,1
YTD,04,Crime Type,FAMILY OFFENSE,Wednesday,06:00-11:59,3
YTD,04,Crime Type,FAMILY OFFENSE,Wednesday,12:00-17:59,3
YTD,04,Crime Type,FAMILY OFFENSE,Wednesday,18:00-23:59,1
YTD,04,Crime Type,FORGERY,Friday,12:00-17:59,1
YTD,04,Crime Type,FORGERY,Monday,06:00-11:59,1
YTD,04,Crime Type,FORGERY,Monday,12:00-17:59,2
YTD,04,Crime Type,FORGERY,Saturday,12:00-17:59,1
YTD,04,Crime Type,FORGERY,Sunday,06:00-11:59,1
YTD,04,Crime Type,FORGERY,Thursday,12:00-17:59,2
YTD,04,Crime Type,FORGERY,Tuesday,12:00-17:59,1
YTD,04,Crime Type,FORGERY,Wednesday,00:00-05:59,1
YTD,04,Crime Type,FORGERY,Wednesday,12:00-17:59,1
YTD,04,Crime Type,FORGERY,Wednesday,18:00-23:59,1
YTD,04,Crime Type,FRAUD,Friday,00:00-05:59,5
YTD,04,Crime Type,FRAUD,Friday,06:00-11:59,13
YTD,04,Crime Type,FRAUD,Friday,12:00-17:59,44
YTD,04,Crime Type,FRAUD,Friday,18:00-23:59,16
YTD,04,Crime Type,FRAUD,Monday,00:00-05:59,6
YTD,04,Crime Type,FRAUD,Monday,06:00-11:59,23
YTD,04,Crime Type,FRAUD,Monday,12:00-17:59,29
YTD,04,Crime Type,FRAUD,Monday,18:00-23:59,12
YTD,04,Crime Type,FRAUD,Saturday,00:00-05:59,5
YTD,04,Crime Type,FRAUD,Saturday,06:00-11:59,10
YTD,04,Crime Type,FRAUD,Saturday,12:00-17:59,26
YTD,04,Crime Type,FRAUD,Saturday,18:00-23:59,12
YTD,04,Crime Type,FRAUD,Sunday,00:00-05:59,8
YTD,04,Crime Type,FRAUD,Sunday,06:00-11:59,10
YTD,04,Crime Type,FRAUD,Sunday,12:00-17:59,23
YTD,04,Crime Type,FRAUD,Sunday,18:00-23:59,17
YTD,04,Crime Type,FRAUD,Thursday,00:00-05:59,1
YTD,04,Crime Type,FRAUD,Thursday,06:00-11:59,5
YTD,04,Crime Type,FRAUD,Thursday,12:00-17:59,38
YTD,04,Crime Type,FRAUD,Thursday,18:00-23:59,12
YTD,04,Crime Type,FRAUD,Tuesday,00:00-05:59,8
YTD,04,Crime Type,FRAUD,Tuesday,06:00-11:59,19
YTD,04,Crime Type,FRAUD,Tuesday,12:00-17:59,30
YTD,04,Crime Type,FRAUD,Tuesday,18:00-23:59,16
YTD,04,Crime Type,FRAUD,Wednesday,00:00-05:59,4
YTD,04,Crime Type,FRAUD,Wednesday,06:00-11:59,16
YTD,04,Crime Type,FRAUD,Wednesday,12:00-17:59,31
YTD,04,Crime Type,FRAUD,Wednesday,18:00-23:59,13
YTD,04,Crime Type,HEALTH AND SAFETY,Friday,12:00-17:59,1
YTD,04,Crime Type,HEALTH AND SAFETY,Thursday,12:00-17:59,1
YTD,04,Crime Type,HEALTH AND SAFETY,Tuesday,12:00-17:59,1
YTD,04,Crime Type,HEALTH AND SAFETY,Wednesday,12:00-17:59,1
YTD,04,Crime Type,HOMICIDE,Friday,00:00-05:59,1
YTD,04,Crime Type,HOMICIDE,Friday,06:00-11:59,1
YTD,04,Crime Type,HOMICIDE,Friday,12:00-17:59,1
YTD,04,Crime Type,HOMICIDE,Monday,12:00-17:59,2
YTD,04,Crime Type,HOMICIDE,Saturday,12:00-17:59,1
YTD,04,Crime Type,HOMICIDE,Sunday,06:00-11:59,2
YTD,04,Crime Type,INVASION OF PRIVACY -OTHER,Saturday,12:00-17:59,1
YTD,04,Crime Type,INVASION OF PRIVACY -OTHER,Sunday,00:00-05:59,1
YTD,04,Crime Type,INVASION OF PRIVACY -OTHER,Thursday,00:00-05:59,1
YTD,04,Crime Type,INVASION OF PRIVACY -OTHER,Wednesday,00:00-05:59,1
YTD,04,Crime Type,KIDNAPPING,Friday,00:00-05:59,2
YTD,04,Crime Type,KIDNAPPING,Friday,12:00-17:59,1
YTD,04,Crime Type,KIDNAPPING,Monday,06:00-11:59,1
YTD,04,Crime Type,KIDNAPPING,Monday,12:00-17:59,1
YTD,04,Crime Type,KIDNAPPING,Monday,18:00-23:59,2
YTD,04,Crime Type,KIDNAPPING,Saturday,12:00-17:59,1
YTD,04,Crime Type,KIDNAPPING,Saturday,18:00-23:59,1
YTD,04,Crime Type,KIDNAPPING,Sunday,00:00-05:59,1
YTD,04,Crime Type,KIDNAPPING,Sunday,06:00-11:59,1
YTD,04,Crime Type,KIDNAPPING,Sunday,18:00-23:59,1
YTD,04,Crime Type,KIDNAPPING,Thursday,12:00-17:59,1
YTD,04,Crime Type,KIDNAPPING,Thursday,18:00-23:59,2
YTD,04,Crime Type,KIDNAPPING,Tuesday,00:00-05:59,1
YTD,04,Crime Type,KIDNAPPING,Wednesday,06:00-11:59,1
YTD,04,Crime Type,KIDNAPPING,Wednesday,12:00-17:59,2
YTD,04,Crime Type,LARCENY,Friday,00:00-05:59,10
YTD,04,Crime Type,LARCENY,Friday,06:00-11:59,24
YTD,04,Crime Type,LARCENY,Friday,12:00-17:59,37
YTD,04,Crime Type,LARCENY,Friday,18:00-23:59,18
YTD,04,Crime Type,LARCENY,Monday,00:00-05:59,21
YTD,04,Crime Type,LARCENY,Monday,06:00-11:59,22
YTD,04,Crime Type,LARCENY,Monday,12:00-17:59,30
YTD,04,Crime Type,LARCENY,Monday,18:00-23:59,26
YTD,04,Crime Type,LARCENY,Saturday,00:00-05:59,15
YTD,04,Crime Type,LARCENY,Saturday,06:00-11:59,15
YTD,04,Crime Type,LARCENY,Saturday,12:00-17:59,29
YTD,04,Crime Type,LARCENY,Saturday,18:00-23:59,30
YTD,04,Crime Type,LARCENY,Sunday,00:00-05:59,19
YTD,04,Crime Type,LARCENY,Sunday,06:00-11:59,18
YTD,04,Crime Type,LARCENY,Sunday,12:00-17:59,27
YTD,04,Crime Type,LARCENY,Sunday,18:00-23:59,20
YTD,04,Crime Type,LARCENY,Thursday,00:00-05:59,12
YTD,04,Crime Type,LARCENY,Thursday,06:00-11:59,21
YTD,04,Crime Type,LARCENY,Thursday,12:00-17:59,21
YTD,04,Crime Type,LARCENY,Thursday,18:00-23:59,23
YTD,04,Crime Type,LARCENY,Tuesday,00:00-05:59,9
YTD,04,Crime Type,LARCENY,Tuesday,06:00-11:59,30
YTD,04,Crime Type,LARCENY,Tuesday,12:00-17:59,32
YTD,04,Crime Type,LARCENY,Tuesday,18:00-23:59,26
YTD,04,Crime Type,LARCENY,Wednesday,00:00-05:59,12
YTD,04,Crime Type,LARCENY,Wednesday,06:00-11:59,12
YTD,04,Crime Type,LARCENY,Wednesday,12:00-17:59,36
YTD,04,Crime Type,LARCENY,Wednesday,18:00-23:59,25
YTD,04,Crime Type,LIQUOR,Monday,12:00-17:59,1
YTD,04,Crime Type,LIQUOR,Monday,18:00-23:59,1
YTD,04,Crime Type,LIQUOR,Saturday,18:00-23:59,2
YTD,04,Crime Type,LIQUOR,Tuesday,18:00-23:59,2
YTD,04,Crime Type,MISCELLANEOUS,Friday,00:00-05:59,1
YTD,04,Crime Type,MISCELLANEOUS,Friday,12:00-17:59,2
YTD,04,Crime Type,MISCELLANEOUS,Monday,18:00-23:59,2
YTD,04,Crime Type,MISCELLANEOUS,Thursday,06:00-11:59,1
YTD,04,Crime Type,MISCELLANEOUS,Tuesday,12:00-17:59,1
YTD,04,Crime Type,OBSTRUCTING JUDICIARY,Friday,00:00-05:59,3
YTD,04,Crime Type,OBSTRUCTING JUDICIARY,Friday,06:00-11:59,1
YTD,04,Crime Type,OBSTRUCTING JUDICIARY,Friday,12:00-17:59,4
YTD,04,Crime Type,OBSTRUCTING JUDICIARY,Friday,18:00-23:59,3
YTD,04,Crime Type,OBSTRUCTING JUDICIARY,Monday,06:00-11:59,2
YTD,04,Crime Type,OBSTRUCTING JUDICIARY,Monday,12:00-17:59,5
YTD,04,Crime Type,OBSTRUCTING JUDICIARY,Saturday,00:00-05:59,2
YTD,04,Crime Type,OBSTRUCTING JUDICIARY,Saturday,12:00-17:59,4
YTD,04,Crime Type,OBSTRUCTING JUDICIARY,Saturday,18:00-23:59,3
YTD,04,Crime Type,OBSTRUCTING JUDICIARY,Sunday,00:00-05:59,2
YTD,04,Crime Type,OBSTRUCTING JUDICIARY,Sunday,12:00-17:59,1
YTD,04,Crime Type,OBSTRUCTING JUDICIARY,Sunday,18:00-23:59,1
YTD,04,Crime Type,OBSTRUCTING JUDICIARY,Thursday,06:00-11:59,1
YTD,04,Crime Type,OBSTRUCTING JUDICIARY,Thursday,12:00-17:59,7
YTD,04,Crime Type,OBSTRUCTING JUDICIARY,Thursday,18:00-23:59,4
YTD,04,Crime Type,OBSTRUCTING JUDICIARY,Tuesday,06:00-11:59,2
YTD,04,Crime Type,OBSTRUCTING JUDICIARY,Tuesday,12:00-17:59,6
YTD,04,Crime Type,OBSTRUCTING JUDICIARY,Wednesday,06:00-11:59,4
YTD,04,Crime Type,OBSTRUCTING JUDICIARY,Wednesday,12:00-17:59,6
YTD,04,Crime Type,OBSTRUCTING JUDICIARY,Wednesday,18:00-23:59,3
YTD,04,Crime Type,OBSTRUCTING THE POLICE,Friday,00:00-05:59,4
YTD,04,Crime Type,OBSTRUCTING THE POLICE,Friday,06:00-11:59,3
YTD,04,Crime Type,OBSTRUCTING THE POLICE,Friday,12:00-17:59,3
YTD,04,Crime Type,OBSTRUCTING THE POLICE,Friday,18:00-23:59,12
YTD,04,Crime Type,OBSTRUCTING THE POLICE,Monday,00:00-05:59,4
YTD,04,Crime Type,OBSTRUCTING THE POLICE,Monday,12:00-17:59,3
YTD,04,Crime Type,OBSTRUCTING THE POLICE,Monday,18:00-23:59,9
YTD,04,Crime Type,OBSTRUCTING THE POLICE,Saturday,00:00-05:59,10
YTD,04,Crime Type,OBSTRUCTING THE POLICE,Saturday,12:00-17:59,5
YTD,04,Crime Type,OBSTRUCTING THE POLICE,Saturday,18:00-23:59,9
YTD,04,Crime Type,OBSTRUCTING THE POLICE,Sunday,00:00-05:59,5
YTD,04,Crime Type,OBSTRUCTING THE POLICE,Sunday,12:00-17:59,5
YTD,04,Crime Type,OBSTRUCTING THE POLICE,Sunday,18:00-23:59,11
YTD,04,Crime Type,OBSTRUCTING THE POLICE,Thursday,00:00-05:59,1
YTD,04,Crime Type,OBSTRUCTING THE POLICE,Thursday,12:00-17:59,7
YTD,04,Crime Type,OBSTRUCTING THE POLICE,Thursday,18:00-23:59,7
YTD,04,Crime Type,OBSTRUCTING THE POLICE,Tuesday,00:00-05:59,1
YTD,04,Crime Type,OBSTRUCTING THE POLICE,Tuesday,06:00-11:59,2
YTD,04,Crime Type,OBSTRUCTING THE POLICE,Tuesday,12:00-17:59,4
YTD,04,Crime Type,OBSTRUCTING THE POLICE,Tuesday,18:00-23:59,1
YTD,04,Crime Type,OBSTRUCTING THE POLICE,Wednesday,00:00-05:59,4
YTD,04,Crime Type,OBSTRUCTING THE POLICE,Wednesday,12:00-17:59,4
YTD,04,Crime Type,OBSTRUCTING THE POLICE,Wednesday,18:00-23:59,2
YTD,04,Crime Type,OTHER,Friday,18:00-23:59,1
YTD,04,Crime Type,OTHER,Monday,00:00-05:59,1
YTD,04,Crime Type,OTHER,Monday,12:00-17:59,1
YTD,04,Crime Type,OTHER,Saturday,12:00-17:59,1
YTD,04,Crime Type,OTHER,Saturday,18:00-23:59,1
YTD,04,Crime Type,OTHER,Sunday,12:00-17:59,1
YTD,04,Crime Type,OTHER,Thursday,06:00-11:59,1
YTD,04,Crime Type,OTHER,Thursday,12:00-17:59,1
YTD,04,Crime Type,OTHER,Thursday,18:00-23:59,4
YTD,04,Crime Type,OTHER,Tuesday,06:00-11:59,1
YTD,04,Crime Type,OTHER,Tuesday,12:00-17:59,2
YTD,04,Crime Type,OTHER,Wednesday,18:00-23:59,5
YTD,04,Crime Type,OUIL,Friday,06:00-11:59,2
YTD,04,Crime Type,OUIL,Friday,18:00-23:59,2
YTD,04,Crime Type,OUIL,Saturday,00:00-05:59,2
YTD,04,Crime Type,OUIL,Saturday,12:00-17:59,4
YTD,04,Crime Type,OUIL,Saturday,18:00-23:59,6
YTD,04,Crime Type,OUIL,Sunday,12:00-17:59,2
YTD,04,Crime Type,OUIL,Tuesday,12:00-17:59,2
YTD,04,Crime Type,ROBBERY,Friday,00:00-05:59,2
YTD,04,Crime Type,ROBBERY,Friday,06:00-11:59,4
YTD,04,Crime Type,ROBBERY,Friday,12:00-17:59,1
YTD,04,Crime Type,ROBBERY,Friday,18:00-23:59,2
YTD,04,Crime Type,ROBBERY,Monday,00:00-05:59,4
YTD,04,Crime Type,ROBBERY,Monday,06:00-11:59,1
YTD,04,Crime Type,ROBBERY,Monday,12:00-17:59,7
YTD,04,Crime Type,ROBBERY,Monday,18:00-23:59,6
YTD,04,Crime Type,ROBBERY,Saturday,00:00-05:59,5
YTD,04,Crime Type,ROBBERY,Saturday,12:00-17:59,1
YTD,04,Crime Type,ROBBERY,Saturday,18:00-23:59,3
YTD,04,Crime Type,ROBBERY,Sunday,00:00-05:59,4
YTD,04,Crime Type,ROBBERY,Sunday,06:00-11:59,1
YTD,04,Crime Type,ROBBERY,Sunday,12:00-17:59,2
YTD,04,Crime Type,ROBBERY,Sunday,18:00-23:59,6
YTD,04,Crime Type,ROBBERY,Thursday,00:00-05:59,1
YTD,04,Crime Type,ROBBERY,Thursday,18:00-23:59,1
YTD,04,Crime Type,ROBBERY,Tuesday,00:00-05:59,3
YTD,04,Crime Type,ROBBERY,Tuesday,06:00-11:59,1
YTD,04,Crime Type,ROBBERY,Tuesday,12:00-17:59,1
YTD,04,Crime Type,ROBBERY,Tuesday,18:00-23:59,5
YTD,04,Crime Type,ROBBERY,Wednesday,00:00-05:59,2
YTD,04,Crime Type,ROBBERY,Wednesday,12:00-17:59,2
YTD,04,Crime Type,ROBBERY,Wednesday,18:00-23:59,3
YTD,04,Crime Type,RUNAWAY,Friday,00:00-05:59,1
YTD,04,Crime Type,RUNAWAY,Friday,12:00-17:59,3
YTD,04,Crime Type,RUNAWAY,Friday,18:00-23:59,2
YTD,04,Crime Type,RUNAWAY,Monday,06:00-11:59,4
YTD,04,Crime Type,RUNAWAY,Monday,12:00-17:59,2
YTD,04,Crime Type,RUNAWAY,Monday,18:00-23:59,1
YTD,04,Crime Type,RUNAWAY,Saturday,00:00-05:59,1
YTD,04,Crime Type,RUNAWAY,Saturday,06:00-11:59,1
YTD,04,Crime Type,RUNAWAY,Saturday,18:00-23:59,3
YTD,04,Crime Type,RUNAWAY,Sunday,00:00-05:59,2
YTD,04,Crime Type,RUNAWAY,Sunday,12:00-17:59,4
YTD,04,Crime Type,RUNAWAY,Sunday,18:00-23:59,2
YTD,04,Crime Type,RUNAWAY,Thursday,12:00-17:59,1
YTD,04,Crime Type,RUNAWAY,Thursday,18:00-23:59,1
YTD,04,Crime Type,RUNAWAY,Tuesday,06:00-11:59,1
YTD,04,Crime Type,RUNAWAY,Tuesday,12:00-17:59,6
YTD,04,Crime Type,RUNAWAY,Tuesday,18:00-23:59,1
YTD,04,Crime Type,RUNAWAY,Wednesday,06:00-11:59,1
YTD,04,Crime Type,RUNAWAY,Wednesday,18:00-23:59,2
YTD,04,Crime Type,SEX OFFENSES,Friday,12:00-17:59,6
YTD,04,Crime Type,SEX OFFENSES,Friday,18:00-23:59,14
YTD,04,Crime Type,SEX OFFENSES,Monday,06:00-11:59,1
YTD,04,Crime Type,SEX OFFENSES,Monday,12:00-17:59,4
YTD,04,Crime Type,SEX OFFENSES,Monday,18:00-23:59,1
YTD,04,Crime Type,SEX OFFENSES,Saturday,12:00-17:59,2
YTD,04,Crime Type,SEX OFFENSES,Sunday,06:00-11:59,1
YTD,04,Crime Type,SEX OFFENSES,Sunday,12:00-17:59,3
YTD,04,Crime Type,SEX OFFENSES,Sunday,18:00-23:59,1
YTD,04,Crime Type,SEX OFFENSES,Thursday,00:00-05:59,1
YTD,04,Crime Type,SEX OFFENSES,Thursday,12:00-17:59,4
YTD,04,Crime Type,SEX OFFENSES,Thursday,18:00-23:59,9
YTD,04,Crime Type,SEX OFFENSES,Tuesday,06:00-11:59,1
YTD,04,Crime Type,SEX OFFENSES,Tuesday,12:00-17:59,3
YTD,04,Crime Type,SEX OFFENSES,Tuesday,18:00-23:59,1
YTD,04,Crime Type,SEX OFFENSES,Wednesday,06:00-11:59,1
YTD,04,Crime Type,SEXUAL ASSAULT,Friday,06:00-11:59,1
YTD,04,Crime Type,SEXUAL ASSAULT,Friday,12:00-17:59,2
YTD,04,Crime Type,SEXUAL ASSAULT,Monday,00:00-05:59,2
YTD,04,Crime Type,SEXUAL ASSAULT,Monday,06:00-11:59,2
YTD,04,Crime Type,SEXUAL ASSAULT,Monday,12:00-17:59,1
YTD,04,Crime Type,SEXUAL ASSAULT,Saturday,00:00-05:59,1
YTD,04,Crime Type,SEXUAL ASSAULT,Saturday,06:00-11:59,4
YTD,04,Crime Type,SEXUAL ASSAULT,Saturday,18:00-23:59,1
YTD,04,Crime Type,SEXUAL ASSAULT,Sunday,00:00-05:59,1
YTD,04,Crime Type,SEXUAL ASSAULT,Sunday,12:00-17:59,1
YTD,04,Crime Type,SEXUAL ASSAULT,Sunday,18:00-23:59,1
YTD,04,Crime Type,SEXUAL ASSAULT,Thursday,12:00-17:59,1
YTD,04,Crime Type,SEXUAL ASSAULT,Thursday,18:00-23:59,1
YTD,04,Crime Type,SEXUAL ASSAULT,Tuesday,00:00-05:59,1
YTD,04,Crime Type,SEXUAL ASSAULT,Wednesday,00:00-05:59,2
YTD,04,Crime Type,SEXUAL ASSAULT,Wednesday,06:00-11:59,1
YTD,04,Crime Type,SEXUAL ASSAULT,Wednesday,12:00-17:59,1
YTD,04,Crime Type,STOLEN PROPERTY,Friday,00:00-05:59,2
YTD,04,Crime Type,STOLEN PROPERTY,Friday,06:00-11:59,3
YTD,04,Crime Type,STOLEN PROPERTY,Friday,12:00-17:59,10
YTD,04,Crime Type,STOLEN PROPERTY,Friday,18:00-23:59,4
YTD,04,Crime Type,STOLEN PROPERTY,Monday,00:00-05:59,1
YTD,04,Crime Type,STOLEN PROPERTY,Monday,06:00-11:59,2
YTD,04,Crime Type,STOLEN PROPERTY,Monday,12:00-17:59,4
YTD,04,Crime Type,STOLEN PROPERTY,Saturday,00:00-05:59,1
YTD,04,Crime Type,STOLEN PROPERTY,Saturday,06:00-11:59,3
YTD,04,Crime Type,STOLEN PROPERTY,Saturday,12:00-17:59,6
YTD,04,Crime Type,STOLEN PROPERTY,Saturday,18:00-23:59,4
YTD,04,Crime Type,STOLEN PROPERTY,Sunday,00:00-05:59,1
YTD,04,Crime Type,STOLEN PROPERTY,Sunday,06:00-11:59,5
YTD,04,Crime Type,STOLEN PROPERTY,Sunday,12:00-17:59,2
YTD,04,Crime Type,STOLEN PROPERTY,Sunday,18:00-23:59,1
YTD,04,Crime Type,STOLEN PROPERTY,Thursday,00:00-05:59,4
YTD,04,Crime Type,STOLEN PROPERTY,Thursday,06:00-11:59,1
YTD,04,Crime Type,STOLEN PROPERTY,Thursday,12:00-17:59,7
YTD,04,Crime Type,STOLEN PROPERTY,Thursday,18:00-23:59,4
YTD,04,Crime Type,STOLEN PROPERTY,Tuesday,00:00-05:59,4
YTD,04,Crime Type,STOLEN PROPERTY,Tuesday,06:00-11:59,5
YTD,04,Crime Type,STOLEN PROPERTY,Tuesday,12:00-17:59,10
YTD,04,Crime Type,STOLEN PROPERTY,Tuesday,18:00-23:59,1
YTD,04,Crime Type,STOLEN PROPERTY,Wednesday,00:00-05:59,2
YTD,04,Crime Type,STOLEN PROPERTY,Wednesday,06:00-11:59,7
YTD,04,Crime Type,STOLEN PROPERTY,Wednesday,12:00-17:59,12
YTD,04,Crime Type,STOLEN PROPERTY,Wednesday,18:00-23:59,5
YTD,04,Crime Type,STOLEN VEHICLE,Friday,00:00-05:59,10
YTD,04,Crime Type,STOLEN VEHICLE,Friday,06:00-11:59,10
YTD,04,Crime Type,STOLEN VEHICLE,Friday,12:00-17:59,9
YTD,04,Crime Type,STOLEN VEHICLE,Friday,18:00-23:59,25
YTD,04,Crime Type,STOLEN VEHICLE,Monday,00:00-05:59,15
YTD,04,Crime Type,STOLEN VEHICLE,Monday,06:00-11:59,10
YTD,04,Crime Type,STOLEN VEHICLE,Monday,12:00-17:59,6
YTD,04,Crime Type,STOLEN VEHICLE,Monday,18:00-23:59,21
YTD,04,Crime Type,STOLEN VEHICLE,Saturday,00:00-05:59,14
YTD,04,Crime Type,STOLEN VEHICLE,Saturday,06:00-11:59,7
YTD,04,Crime Type,STOLEN VEHICLE,Saturday,12:00-17:59,9
YTD,04,Crime Type,STOLEN VEHICLE,Saturday,18:00-23:59,18
YTD,04,Crime Type,STOLEN VEHICLE,Sunday,00:00-05:59,12
YTD,04,Crime Type,STOLEN VEHICLE,Sunday,06:00-11:59,4
YTD,04,Crime Type,STOLEN VEHICLE,Sunday,12:00-17:59,10
YTD,04,Crime Type,STOLEN VEHICLE,Sunday,18:00-23:59,28
YTD,04,Crime Type,STOLEN VEHICLE,Thursday,00:00-05:59,14
YTD,04,Crime Type,STOLEN VEHICLE,Thursday,06:00-11:59,4
YTD,04,Crime Type,STOLEN VEHICLE,Thursday,12:00-17:59,14
YTD,04,Crime Type,STOLEN VEHICLE,Thursday,18:00-23:59,16
YTD,04,Crime Type,STOLEN VEHICLE,Tuesday,00:00-05:59,7
YTD,04,Crime Type,STOLEN VEHICLE,Tuesday,06:00-11:59,7
YTD,04,Crime Type,STOLEN VEHICLE,Tuesday,12:00-17:59,7
YTD,04,Crime Type,STOLEN VEHICLE,Tuesday,18:00-23:59,34
YTD,04,Crime Type,STOLEN VEHICLE,Wednesday,00:00-05:59,6
YTD,04,Crime Type,STOLEN VEHICLE,Wednesday,06:00-11:59,5
YTD,04,Crime Type,STOLEN VEHICLE,Wednesday,12:00-17:59,10
YTD,04,Crime Type,STOLEN VEHICLE,Wednesday,18:00-23:59,11
YTD,04,Crime Type,WEAPONS OFFENSES,Friday,00:00-05:59,7
YTD,04,Crime Type,WEAPONS OFFENSES,Friday,06:00-11:59,1
YTD,04,Crime Type,WEAPONS OFFENSES,Friday,12:00-17:59,7
YTD,04,Crime Type,WEAPONS OFFENSES,Friday,18:00-23:59,13
YTD,04,Crime Type,WEAPONS OFFENSES,Monday,00:00-05:59,5
YTD,04,Crime Type,WEAPONS OFFENSES,Monday,06:00-11:59,1
YTD,04,Crime Type,WEAPONS OFFENSES,Monday,12:00-17:59,2
YTD,04,Crime Type,WEAPONS OFFENSES,Monday,18:00-23:59,10
YTD,04,Crime Type,WEAPONS OFFENSES,Saturday,00:00-05:59,8
YTD,04,Crime Type,WEAPONS OFFENSES,Saturday,06:00-11:59,1
YTD,04,Crime Type,WEAPONS OFFENSES,Saturday,12:00-17:59,3
YTD,04,Crime Type,WEAPONS OFFENSES,Saturday,18:00-23:59,8
YTD,04,Crime Type,WEAPONS OFFENSES,Sunday,00:00-05:59,8
YTD,04,Crime Type,WEAPONS OFFENSES,Sunday,12:00-17:59,4
YTD,04,Crime Type,WEAPONS OFFENSES,Sunday,18:00-23:59,9
YTD,04,Crime Type,WEAPONS OFFENSES,Thursday,00:00-05:59,4
YTD,04,Crime Type,WEAPONS OFFENSES,Thursday,06:00-11:59,2
YTD,04,Crime Type,WEAPONS OFFENSES,Thursday,12:00-17:59,3
YTD,04,Crime Type,WEAPONS OFFENSES,Thursday,18:00-23:59,9
YTD,04,Crime Type,WEAPONS OFFENSES,Tuesday,00:00-05:59,1
YTD,04,Crime Type,WEAPONS OFFENSES,Tuesday,12:00-17:59,5
YTD,04,Crime Type,WEAPONS OFFENSES,Tuesday,18:00-23:59,9
YTD,04,Crime Type,WEAPONS OFFENSES,Wednesday,00:00-05:59,7
YTD,04,Crime Type,WEAPONS OFFENSES,Wednesday,06:00-11:59,1
YTD,04,Crime Type,WEAPONS OFFENSES,Wednesday,12:00-17:59,5
YTD,04,Crime Type,WEAPONS OFFENSES,Wednesday,18:00-23:59,14
YTD,04,Category Focus,Gun-Related,Friday,00:00-05:59,5
YTD,04,Category Focus,Gun-Related,Friday,06:00-11:59,1
YTD,04,Category Focus,Gun-Related,Friday,12:00-17:59,6
YTD,04,Category Focus,Gun-Related,Friday,18:00-23:59,11
YTD,04,Category Focus,Gun-Related,Monday,00:00-05:59,3
YTD,04,Category Focus,Gun-Related,Monday,06:00-11:59,1
YTD,04,Category Focus,Gun-Related,Monday,12:00-17:59,2
YTD,04,Category Focus,Gun-Related,Monday,18:00-23:59,10
YTD,04,Category Focus,Gun-Related,Saturday,00:00-05:59,7
YTD,04,Category Focus,Gun-Related,Saturday,06:00-11:59,1
YTD,04,Category Focus,Gun-Related,Saturday,12:00-17:59,3
YTD,04,Category Focus,Gun-Related,Saturday,18:00-23:59,7
YTD,04,Category Focus,Gun-Related,Sunday,00:00-05:59,7
YTD,04,Category Focus,Gun-Related,Sunday,12:00-17:59,4
YTD,04,Category Focus,Gun-Related,Sunday,18:00-23:59,8
YTD,04,Category Focus,Gun-Related,Thursday,00:00-05:59,4
YTD,04,Category Focus,Gun-Related,Thursday,06:00-11:59,2
YTD,04,Category Focus,Gun-Related,Thursday,12:00-17:59,2
YTD,04,Category Focus,Gun-Related,Thursday,18:00-23:59,9
YTD,04,Category Focus,Gun-Related,Tuesday,00:00-05:59,1
YTD,04,Category Focus,Gun-Related,Tuesday,12:00-17:59,3
YTD,04,Category Focus,Gun-Related,Tuesday,18:00-23:59,9
YTD,04,Category Focus,Gun-Related,Wednesday,00:00-05:59,7
YTD,04,Category Focus,Gun-Related,Wednesday,06:00-11:59,1
YTD,04,Category Focus,Gun-Related,Wednesday,12:00-17:59,4
YTD,04,Category Focus,Gun-Related,Wednesday,18:00-23:59,14
YTD,04,Category Focus,Property Crime,Friday,00:00-05:59,38
YTD,04,Category Focus,Property Crime,Friday,06:00-11:59,59
YTD,04,Category Focus,Property Crime,Friday,12:00-17:59,86
YTD,04,Category Focus,Property Crime,Friday,18:00-23:59,69
YTD,04,Category Focus,Property Crime,Monday,00:00-05:59,62
YTD,04,Category Focus,Property Crime,Monday,06:00-11:59,59
YTD,04,Category Focus,Property Crime,Monday,12:00-17:59,72
YTD,04,Category Focus,Property Crime,Monday,18:00-23:59,76
YTD,04,Category Focus,Property Crime,Saturday,00:00-05:59,58
YTD,04,Category Focus,Property Crime,Saturday,06:00-11:59,46
YTD,04,Category Focus,Property Crime,Saturday,12:00-17:59,71
YTD,04,Category Focus,Property Crime,Saturday,18:00-23:59,78
YTD,04,Category Focus,Property Crime,Sunday,00:00-05:59,68
YTD,04,Category Focus,Property Crime,Sunday,06:00-11:59,40
YTD,04,Category Focus,Property Crime,Sunday,12:00-17:59,62
YTD,04,Category Focus,Property Crime,Sunday,18:00-23:59,73
YTD,04,Category Focus,Property Crime,Thursday,00:00-05:59,53
YTD,04,Category Focus,Property Crime,Thursday,06:00-11:59,39
YTD,04,Category Focus,Property Crime,Thursday,12:00-17:59,67
YTD,04,Category Focus,Property Crime,Thursday,18:00-23:59,69
YTD,04,Category Focus,Property Crime,Tuesday,00:00-05:59,34
YTD,04,Category Focus,Property Crime,Tuesday,06:00-11:59,69
YTD,04,Category Focus,Property Crime,Tuesday,12:00-17:59,73
YTD,04,Category Focus,Property Crime,Tuesday,18:00-23:59,80
YTD,04,Category Focus,Property Crime,Wednesday,00:00-05:59,43
YTD,04,Category Focus,Property Crime,Wednesday,06:00-11:59,39
YTD,04,Category Focus,Property Crime,Wednesday,12:00-17:59,82
YTD,04,Category Focus,Property Crime,Wednesday,18:00-23:59,67
YTD,04,Category Focus,Larceny,Friday,00:00-05:59,10
YTD,04,Category Focus,Larceny,Friday,06:00-11:59,24
YTD,04,Category Focus,Larceny,Friday,12:00-17:59,37
YTD,04,Category Focus,Larceny,Friday,18:00-23:59,18
YTD,04,Category Focus,Larceny,Monday,00:00-05:59,21
YTD,04,Category Focus,Larceny,Monday,06:00-11:59,22
YTD,04,Category Focus,Larceny,Monday,12:00-17:59,30
YTD,04,Category Focus,Larceny,Monday,18:00-23:59,26
YTD,04,Category Focus,Larceny,Saturday,00:00-05:59,15
YTD,04,Category Focus,Larceny,Saturday,06:00-11:59,15
YTD,04,Category Focus,Larceny,Saturday,12:00-17:59,29
YTD,04,Category Focus,Larceny,Saturday,18:00-23:59,30
YTD,04,Category Focus,Larceny,Sunday,00:00-05:59,19
YTD,04,Category Focus,Larceny,Sunday,06:00-11:59,18
YTD,04,Category Focus,Larceny,Sunday,12:00-17:59,27
YTD,04,Category Focus,Larceny,Sunday,18:00-23:59,20
YTD,04,Category Focus,Larceny,Thursday,00:00-05:59,12
YTD,04,Category Focus,Larceny,Thursday,06:00-11:59,21
YTD,04,Category Focus,Larceny,Thursday,12:00-17:59,21
YTD,04,Category Focus,Larceny,Thursday,18:00-23:59,23
YTD,04,Category Focus,Larceny,Tuesday,00:00-05:59,9
YTD,04,Category Focus,Larceny,Tuesday,06:00-11:59,30
YTD,04,Category Focus,Larceny,Tuesday,12:00-17:59,32
YTD,04,Category Focus,Larceny,Tuesday,18:00-23:59,26
YTD,04,Category Focus,Larceny,Wednesday,00:00-05:59,12
YTD,04,Category Focus,Larceny,Wednesday,06:00-11:59,12
YTD,04,Category Focus,Larceny,Wednesday,12:00-17:59,36
YTD,04,Category Focus,Larceny,Wednesday,18:00-23:59,25
YTD,05,All,All,Friday,00:00-05:59,174
YTD,05,All,All,Friday,06:00-11:59,176
YTD,05,All,All,Friday,12:00-17:59,313
YTD,05,All,All,Friday,18:00-23:59,266
YTD,05,All,All,Monday,00:00-05:59,143
YTD,05,All,All,Monday,06:00-11:59,181
YTD,05,All,All,Monday,12:00-17:59,244
YTD,05,All,All,Monday,18:00-23:59,243
YTD,05,All,All,Saturday,00:00-05:59,186
YTD,05,All,All,Saturday,06:00-11:59,158
YTD,05,All,All,Saturday,12:00-17:59,268
YTD,05,All,All,Saturday,18:00-23:59,273
YTD,05,All,All,Sunday,00:00-05:59,192
YTD,05,All,All,Sunday,06:00-11:59,157
YTD,05,All,All,Sunday,12:00-17:59,254
YTD,05,All,All,Sunday,18:00-23:59,279
YTD,05,All,All,Thursday,00:00-05:59,166
YTD,05,All,All,Thursday,06:00-11:59,168
YTD,05,All,All,Thursday,12:00-17:59,284
YTD,05,All,All,Thursday,18:00-23:59,270
YTD,05,All,All,Tuesday,00:00-05:59,134
YTD,05,All,All,Tuesday,06:00-11:59,174
YTD,05,All,All,Tuesday,12:00-17:59,282
YTD,05,All,All,Tuesday,18:00-23:59,221
YTD,05,All,All,Wednesday,00:00-05:59,173
YTD,05,All,All,Wednesday,06:00-11:59,198
YTD,05,All,All,Wednesday,12:00-17:59,312
YTD,05,All,All,Wednesday,18:00-23:59,300
YTD,05,Crime Type,AGGRAVATED ASSAULT,Friday,00:00-05:59,11
YTD,05,Crime Type,AGGRAVATED ASSAULT,Friday,06:00-11:59,7
YTD,05,Crime Type,AGGRAVATED ASSAULT,Friday,12:00-17:59,24
YTD,05,Crime Type,AGGRAVATED ASSAULT,Friday,18:00-23:59,26
YTD,05,Crime Type,AGGRAVATED ASSAULT,Monday,00:00-05:59,16
YTD,05,Crime Type,AGGRAVATED ASSAULT,Monday,06:00-11:59,13
YTD,05,Crime Type,AGGRAVATED ASSAULT,Monday,12:00-17:59,22
YTD,05,Crime Type,AGGRAVATED ASSAULT,Monday,18:00-23:59,19
YTD,05,Crime Type,AGGRAVATED ASSAULT,Saturday,00:00-05:59,20
YTD,05,Crime Type,AGGRAVATED ASSAULT,Saturday,06:00-11:59,14
YTD,05,Crime Type,AGGRAVATED ASSAULT,Saturday,12:00-17:59,21
YTD,05,Crime Type,AGGRAVATED ASSAULT,Saturday,18:00-23:59,31
YTD,05,Crime Type,AGGRAVATED ASSAULT,Sunday,00:00-05:59,17
YTD,05,Crime Type,AGGRAVATED ASSAULT,Sunday,06:00-11:59,15
YTD,05,Crime Type,AGGRAVATED ASSAULT,Sunday,12:00-17:59,30
YTD,05,Crime Type,AGGRAVATED ASSAULT,Sunday,18:00-23:59,35
YTD,05,Crime Type,AGGRAVATED ASSAULT,Thursday,00:00-05:59,16
YTD,05,Crime Type,AGGRAVATED ASSAULT,Thursday,06:00-11:59,11
YTD,05,Crime Type,AGGRAVATED ASSAULT,Thursday,12:00-17:59,13
YTD,05,Crime Type,AGGRAVATED ASSAULT,Thursday,18:00-23:59,34
YTD,05,Crime Type,AGGRAVATED ASSAULT,Tuesday,00:00-05:59,16
YTD,05,Crime Type,AGGRAVATED ASSAULT,Tuesday,06:00-11:59,14
YTD,05,Crime Type,AGGRAVATED ASSAULT,Tuesday,12:00-17:59,31
YTD,05,Crime Type,AGGRAVATED ASSAULT,Tuesday,18:00-23:59,24
YTD,05,Crime Type,AGGRAVATED ASSAULT,Wednesday,00:00-05:59,30
YTD,05,Crime Type,AGGRAVATED ASSAULT,Wednesday,06:00-11:59,14
YTD,05,Crime Type,AGGRAVATED ASSAULT,Wednesday,12:00-17:59,25
YTD,05,Crime Type,AGGRAVATED ASSAULT,Wednesday,18:00-23:59,35
YTD,05,Crime Type,ARSON,Friday,00:00-05:59,1
YTD,05,Crime Type,ARSON,Friday,18:00-23:59,1
YTD,05,Crime Type,ARSON,Monday,00:00-05:59,2
YTD,05,Crime Type,ARSON,Monday,06:00-11:59,1
YTD,05,Crime Type,ARSON,Monday,18:00-23:59,2
YTD,05,Crime Type,ARSON,Saturday,00:00-05:59,5
YTD,05,Crime Type,ARSON,Saturday,06:00-11:59,1
YTD,05,Crime Type,ARSON,Saturday,12:00-17:59,4
YTD,05,Crime Type,ARSON,Sunday,00:00-05:59,3
YTD,05,Crime Type,ARSON,Sunday,06:00-11:59,1
YTD,05,Crime Type,ARSON,Sunday,12:00-17:59,2
YTD,05,Crime Type,ARSON,Sunday,18:00-23:59,2
YTD,05,Crime Type,ARSON,Thursday,00:00-05:59,4
YTD,05,Crime Type,ARSON,Thursday,06:00-11:59,2
YTD,05,Crime Type,ARSON,Thursday,12:00-17:59,1
YTD,05,Crime Type,ARSON,Tuesday,00:00-05:59,2
YTD,05,Crime Type,ARSON,Tuesday,12:00-17:59,2
YTD,05,Crime Type,ARSON,Tuesday,18:00-23:59,1
YTD,05,Crime Type,ARSON,Wednesday,00:00-05:59,3
YTD,05,Crime Type,ARSON,Wednesday,06:00-11:59,1
YTD,05,Crime Type,ARSON,Wednesday,18:00-23:59,2
YTD,05,Crime Type,ASSAULT,Friday,00:00-05:59,38
YTD,05,Crime Type,ASSAULT,Friday,06:00-11:59,32
YTD,05,Crime Type,ASSAULT,Friday,12:00-17:59,73
YTD,05,Crime Type,ASSAULT,Friday,18:00-23:59,44
YTD,05,Crime Type,ASSAULT,Monday,00:00-05:59,19
YTD,05,Crime Type,ASSAULT,Monday,06:00-11:59,27
YTD,05,Crime Type,ASSAULT,Monday,12:00-17:59,49
YTD,05,Crime Type,ASSAULT,Monday,18:00-23:59,50
YTD,05,Crime Type,ASSAULT,Saturday,00:00-05:59,40
YTD,05,Crime Type,ASSAULT,Saturday,06:00-11:59,37
YTD,05,Crime Type,ASSAULT,Saturday,12:00-17:59,47
YTD,05,Crime Type,ASSAULT,Saturday,18:00-23:59,50
YTD,05,Crime Type,ASSAULT,Sunday,00:00-05:59,50
YTD,05,Crime Type,ASSAULT,Sunday,06:00-11:59,27
YTD,05,Crime Type,ASSAULT,Sunday,12:00-17:59,48
YTD,05,Crime Type,ASSAULT,Sunday,18:00-23:59,58
YTD,05,Crime Type,ASSAULT,Thursday,00:00-05:59,23
YTD,05,Crime Type,ASSAULT,Thursday,06:00-11:59,24
YTD,05,Crime Type,ASSAULT,Thursday,12:00-17:59,60
YTD,05,Crime Type,ASSAULT,Thursday,18:00-23:59,51
YTD,05,Crime Type,ASSAULT,Tuesday,00:00-05:59,26
YTD,05,Crime Type,ASSAULT,Tuesday,06:00-11:59,28
YTD,05,Crime Type,ASSAULT,Tuesday,12:00-17:59,48
YTD,05,Crime Type,ASSAULT,Tuesday,18:00-23:59,38
YTD,05,Crime Type,ASSAULT,Wednesday,00:00-05:59,36
YTD,05,Crime Type,ASSAULT,Wednesday,06:00-11:59,35
YTD,05,Crime Type,ASSAULT,Wednesday,12:00-17:59,66
YTD,05,Crime Type,ASSAULT,Wednesday,18:00-23:59,48
YTD,05,Crime Type,BURGLARY,Friday,00:00-05:59,14
YTD,05,Crime Type,BURGLARY,Friday,06:00-11:59,18
YTD,05,Crime Type,BURGLARY,Friday,12:00-17:59,18
YTD,05,Crime Type,BURGLARY,Friday,18:00-23:59,11
YTD,05,Crime Type,BURGLARY,Monday,00:00-05:59,9
YTD,05,Crime Type,BURGLARY,Monday,06:00-11:59,12
YTD,05,Crime Type,BURGLARY,Monday,12:00-17:59,18
YTD,05,Crime Type,BURGLARY,Monday,18:00-23:59,11
YTD,05,Crime Type,BURGLARY,Saturday,00:00-05:59,10
YTD,05,Crime Type,BURGLARY,Saturday,06:00-11:59,12
YTD,05,Crime Type,BURGLARY,Saturday,12:00-17:59,21
YTD,05,Crime Type,BURGLARY,Saturday,18:00-23:59,5
YTD,05,Crime Type,BURGLARY,Sunday,00:00-05:59,15
YTD,05,Crime Type,BURGLARY,Sunday,06:00-11:59,12
YTD,05,Crime Type,BURGLARY,Sunday,12:00-17:59,15
YTD,05,Crime Type,BURGLARY,Sunday,18:00-23:59,7
YTD,05,Crime Type,BURGLARY,Thursday,00:00-05:59,8
YTD,05,Crime Type,BURGLARY,Thursday,06:00-11:59,9
YTD,05,Crime Type,BURGLARY,Thursday,12:00-17:59,22
YTD,05,Crime Type,BURGLARY,Thursday,18:00-23:59,12
YTD,05,Crime Type,BURGLARY,Tuesday,00:00-05:59,13
YTD,05,Crime Type,BURGLARY,Tuesday,06:00-11:59,18
YTD,05,Crime Type,BURGLARY,Tuesday,12:00-17:59,21
YTD,05,Crime Type,BURGLARY,Tuesday,18:00-23:59,8
YTD,05,Crime Type,BURGLARY,Wednesday,00:00-05:59,8
YTD,05,Crime Type,BURGLARY,Wednesday,06:00-11:59,14
YTD,05,Crime Type,BURGLARY,Wednesday,12:00-17:59,14
YTD,05,Crime Type,BURGLARY,Wednesday,18:00-23:59,13
YTD,05,Crime Type,DAMAGE TO PROPERTY,Friday,00:00-05:59,18
YTD,05,Crime Type,DAMAGE TO PROPERTY,Friday,06:00-11:59,24
YTD,05,Crime Type,DAMAGE TO PROPERTY,Friday,12:00-17:59,31
YTD,05,Crime Type,DAMAGE TO PROPERTY,Friday,18:00-23:59,35
YTD,05,Crime Type,DAMAGE TO PROPERTY,Monday,00:00-05:59,23
YTD,05,Crime Type,DAMAGE TO PROPERTY,Monday,06:00-11:59,22
YTD,05,Crime Type,DAMAGE TO PROPERTY,Monday,12:00-17:59,25
YTD,05,Crime Type,DAMAGE TO PROPERTY,Monday,18:00-23:59,33
YTD,05,Crime Type,DAMAGE TO PROPERTY,Saturday,00:00-05:59,31
YTD,05,Crime Type,DAMAGE TO PROPERTY,Saturday,06:00-11:59,23
YTD,05,Crime Type,DAMAGE TO PROPERTY,Saturday,12:00-17:59,33
YTD,05,Crime Type,DAMAGE TO PROPERTY,Saturday,18:00-23:59,35
YTD,05,Crime Type,DAMAGE TO PROPERTY,Sunday,00:00-05:59,34
YTD,05,Crime Type,DAMAGE TO PROPERTY,Sunday,06:00-11:59,18
YTD,05,Crime Type,DAMAGE TO PROPERTY,Sunday,12:00-17:59,31
YTD,05,Crime Type,DAMAGE TO PROPERTY,Sunday,18:00-23:59,40
YTD,05,Crime Type,DAMAGE TO PROPERTY,Thursday,00:00-05:59,21
YTD,05,Crime Type,DAMAGE TO PROPERTY,Thursday,06:00-11:59,17
YTD,05,Crime Type,DAMAGE TO PROPERTY,Thursday,12:00-17:59,30
YTD,05,Crime Type,DAMAGE TO PROPERTY,Thursday,18:00-23:59,41
YTD,05,Crime Type,DAMAGE TO PROPERTY,Tuesday,00:00-05:59,32
YTD,05,Crime Type,DAMAGE TO PROPERTY,Tuesday,06:00-11:59,20
YTD,05,Crime Type,DAMAGE TO PROPERTY,Tuesday,12:00-17:59,33
YTD,05,Crime Type,DAMAGE TO PROPERTY,Tuesday,18:00-23:59,30
YTD,05,Crime Type,DAMAGE TO PROPERTY,Wednesday,00:00-05:59,25
YTD,05,Crime Type,DAMAGE TO PROPERTY,Wednesday,06:00-11:59,28
YTD,05,Crime Type,DAMAGE TO PROPERTY,Wednesday,12:00-17:59,34
YTD,05,Crime Type,DAMAGE TO PROPERTY,Wednesday,18:00-23:59,38
YTD,05,Crime Type,DANGEROUS DRUGS,Friday,00:00-05:59,1
YTD,05,Crime Type,DANGEROUS DRUGS,Friday,12:00-17:59,2
YTD,05,Crime Type,DANGEROUS DRUGS,Friday,18:00-23:59,3
YTD,05,Crime Type,DANGEROUS DRUGS,Monday,00:00-05:59,2
YTD,05,Crime Type,DANGEROUS DRUGS,Monday,06:00-11:59,1
YTD,05,Crime Type,DANGEROUS DRUGS,Monday,12:00-17:59,1
YTD,05,Crime Type,DANGEROUS DRUGS,Saturday,06:00-11:59,1
YTD,05,Crime Type,DANGEROUS DRUGS,Saturday,12:00-17:59,1
YTD,05,Crime Type,DANGEROUS DRUGS,Saturday,18:00-23:59,2
YTD,05,Crime Type,DANGEROUS DRUGS,Sunday,00:00-05:59,2
YTD,05,Crime Type,DANGEROUS DRUGS,Sunday,06:00-11:59,1
YTD,05,Crime Type,DANGEROUS DRUGS,Thursday,00:00-05:59,3
YTD,05,Crime Type,DANGEROUS DRUGS,Thursday,06:00-11:59,3
YTD,05,Crime Type,DANGEROUS DRUGS,Thursday,12:00-17:59,3
YTD,05,Crime Type,DANGEROUS DRUGS,Thursday,18:00-23:59,3
YTD,05,Crime Type,DANGEROUS DRUGS,Tuesday,00:00-05:59,2
YTD,05,Crime Type,DANGEROUS DRUGS,Tuesday,06:00-11:59,1
YTD,05,Crime Type,DANGEROUS DRUGS,Tuesday,12:00-17:59,5
YTD,05,Crime Type,DANGEROUS DRUGS,Tuesday,18:00-23:59,3
YTD,05,Crime Type,DANGEROUS DRUGS,Wednesday,00:00-05:59,1
YTD,05,Crime Type,DANGEROUS DRUGS,Wednesday,06:00-11:59,1
YTD,05,Crime Type,DANGEROUS DRUGS,Wednesday,12:00-17:59,8
YTD,05,Crime Type,DANGEROUS DRUGS,Wednesday,18:00-23:59,1
YTD,05,Crime Type,DISORDERLY CONDUCT,Friday,06:00-11:59,1
YTD,05,Crime Type,DISORDERLY CONDUCT,Monday,06:00-11:59,2
YTD,05,Crime Type,DISORDERLY CONDUCT,Monday,18:00-23:59,1
YTD,05,Crime Type,DISORDERLY CONDUCT,Saturday,00:00-05:59,1
YTD,05,Crime Type,DISORDERLY CONDUCT,Sunday,12:00-17:59,1
YTD,05,Crime Type,DISORDERLY CONDUCT,Sunday,18:00-23:59,1
YTD,05,Crime Type,DISORDERLY CONDUCT,Thursday,12:00-17:59,1
YTD,05,Crime Type,DISORDERLY CONDUCT,Tuesday,12:00-17:59,1
YTD,05,Crime Type,DISORDERLY CONDUCT,Wednesday,00:00-05:59,1
YTD,05,Crime Type,EXTORTION,Friday,00:00-05:59,1
YTD,05,Crime Type,EXTORTION,Monday,06:00-11:59,1
YTD,05,Crime Type,EXTORTION,Monday,18:00-23:59,1
YTD,05,Crime Type,EXTORTION,Sunday,12:00-17:59,1
YTD,05,Crime Type,EXTORTION,Thursday,06:00-11:59,1
YTD,05,Crime Type,EXTORTION,Wednesday,18:00-23:59,2
YTD,05,Crime Type,FAMILY OFFENSE,Friday,06:00-11:59,2
YTD,05,Crime Type,FAMILY OFFENSE,Friday,12:00-17:59,3
YTD,05,Crime Type,FAMILY OFFENSE,Friday,18:00-23:59,2
YTD,05,Crime Type,FAMILY OFFENSE,Monday,00:00-05:59,2
YTD,05,Crime Type,FAMILY OFFENSE,Monday,06:00-11:59,3
YTD,05,Crime Type,FAMILY OFFENSE,Monday,12:00-17:59,3
YTD,05,Crime Type,FAMILY OFFENSE,Monday,18:00-23:59,1
YTD,05,Crime Type,FAMILY OFFENSE,Saturday,00:00-05:59,2
YTD,05,Crime Type,FAMILY OFFENSE,Saturday,06:00-11:59,4
YTD,05,Crime Type,FAMILY OFFENSE,Saturday,12:00-17:59,6
YTD,05,Crime Type,FAMILY OFFENSE,Saturday,18:00-23:59,2
YTD,05,Crime Type,FAMILY OFFENSE,Sunday,00:00-05:59,3
YTD,05,Crime Type,FAMILY OFFENSE,Sunday,06:00-11:59,3
YTD,05,Crime Type,FAMILY OFFENSE,Sunday,12:00-17:59,1
YTD,05,Crime Type,FAMILY OFFENSE,Sunday,18:00-23:59,2
YTD,05,Crime Type,FAMILY OFFENSE,Thursday,00:00-05:59,1
YTD,05,Crime Type,FAMILY OFFENSE,Thursday,06:00-11:59,2
YTD,05,Crime Type,FAMILY OFFENSE,Thursday,12:00-17:59,3
YTD,05,Crime Type,FAMILY OFFENSE,Thursday,18:00-23:59,4
YTD,05,Crime Type,FAMILY OFFENSE,Tuesday,06:00-11:59,3
YTD,05,Crime Type,FAMILY OFFENSE,Tuesday,12:00-17:59,2
YTD,05,Crime Type,FAMILY OFFENSE,Tuesday,18:00-23:59,2
YTD,05,Crime Type,FAMILY OFFENSE,Wednesday,06:00-11:59,5
YTD,05,Crime Type,FAMILY OFFENSE,Wednesday,12:00-17:59,5
YTD,05,Crime Type,FAMILY OFFENSE,Wednesday,18:00-23:59,2
YTD,05,Crime Type,FORGERY,Friday,06:00-11:59,1
YTD,05,Crime Type,FORGERY,Friday,12:00-17:59,1
YTD,05,Crime Type,FORGERY,Thursday,06:00-11:59,1
YTD,05,Crime Type,FORGERY,Thursday,12:00-17:59,1
YTD,05,Crime Type,FORGERY,Tuesday,12:00-17:59,1
YTD,05,Crime Type,FRAUD,Friday,00:00-05:59,14
YTD,05,Crime Type,FRAUD,Friday,06:00-11:59,31
YTD,05,Crime Type,FRAUD,Friday,12:00-17:59,38
YTD,05,Crime Type,FRAUD,Friday,18:00-23:59,23
YTD,05,Crime Type,FRAUD,Monday,00:00-05:59,5
YTD,05,Crime Type,FRAUD,Monday,06:00-11:59,27
YTD,05,Crime Type,FRAUD,Monday,12:00-17:59,41
YTD,05,Crime Type,FRAUD,Monday,18:00-23:59,17
YTD,05,Crime Type,FRAUD,Saturday,00:00-05:59,10
YTD,05,Crime Type,FRAUD,Saturday,06:00-11:59,18
YTD,05,Crime Type,FRAUD,Saturday,12:00-17:59,42
YTD,05,Crime Type,FRAUD,Saturday,18:00-23:59,22
YTD,05,Crime Type,FRAUD,Sunday,00:00-05:59,7
YTD,05,Crime Type,FRAUD,Sunday,06:00-11:59,32
YTD,05,Crime Type,FRAUD,Sunday,12:00-17:59,32
YTD,05,Crime Type,FRAUD,Sunday,18:00-23:59,18
YTD,05,Crime Type,FRAUD,Thursday,00:00-05:59,13
YTD,05,Crime Type,FRAUD,Thursday,06:00-11:59,32
YTD,05,Crime Type,FRAUD,Thursday,12:00-17:59,43
YTD,05,Crime Type,FRAUD,Thursday,18:00-23:59,19
YTD,05,Crime Type,FRAUD,Tuesday,00:00-05:59,5
YTD,05,Crime Type,FRAUD,Tuesday,06:00-11:59,29
YTD,05,Crime Type,FRAUD,Tuesday,12:00-17:59,36
YTD,05,Crime Type,FRAUD,Tuesday,18:00-23:59,22
YTD,05,Crime Type,FRAUD,Wednesday,00:00-05:59,5
YTD,05,Crime Type,FRAUD,Wednesday,06:00-11:59,24
YTD,05,Crime Type,FRAUD,Wednesday,12:00-17:59,48
YTD,05,Crime Type,FRAUD,Wednesday,18:00-23:59,26
YTD,05,Crime Type,HEALTH AND SAFETY,Tuesday,12:00-17:59,2
YTD,05,Crime Type,HEALTH AND SAFETY,Wednesday,12:00-17:59,1
YTD,05,Crime Type,HOMICIDE,Friday,00:00-05:59,1
YTD,05,Crime Type,HOMICIDE,Friday,12:00-17:59,1
YTD,05,Crime Type,HOMICIDE,Friday,18:00-23:59,2
YTD,05,Crime Type,HOMICIDE,Monday,00:00-05:59,2
YTD,05,Crime Type,HOMICIDE,Monday,12:00-17:59,1
YTD,05,Crime Type,HOMICIDE,Saturday,18:00-23:59,1
YTD,05,Crime Type,HOMICIDE,Sunday,00:00-05:59,2
YTD,05,Crime Type,HOMICIDE,Sunday,12:00-17:59,1
YTD,05,Crime Type,HOMICIDE,Sunday,18:00-23:59,1
YTD,05,Crime Type,HOMICIDE,Thursday,06:00-11:59,2
YTD,05,Crime Type,INVASION OF PRIVACY -OTHER,Friday,12:00-17:59,1
YTD,05,Crime Type,INVASION OF PRIVACY -OTHER,Monday,00:00-05:59,1
YTD,05,Crime Type,INVASION OF PRIVACY -OTHER,Monday,12:00-17:59,1
YTD,05,Crime Type,INVASION OF PRIVACY -OTHER,Saturday,00:00-05:59,1
YTD,05,Crime Type,INVASION OF PRIVACY -OTHER,Sunday,12:00-17:59,1
YTD,05,Crime Type,INVASION OF PRIVACY -OTHER,Thursday,06:00-11:59,1
YTD,05,Crime Type,INVASION OF PRIVACY -OTHER,Thursday,12:00-17:59,1
YTD,05,Crime Type,INVASION OF PRIVACY -OTHER,Tuesday,06:00-11:59,1
YTD,05,Crime Type,INVASION OF PRIVACY -OTHER,Tuesday,12:00-17:59,1
YTD,05,Crime Type,INVASION OF PRIVACY -OTHER,Tuesday,18:00-23:59,1
YTD,05,Crime Type,INVASION OF PRIVACY -OTHER,Wednesday,12:00-17:59,1
YTD,05,Crime Type,INVASION OF PRIVACY -OTHER,Wednesday,18:00-23:59,1
YTD,05,Crime Type,JUSTIFIABLE HOMICIDE,Friday,18:00-23:59,1
YTD,05,Crime Type,JUSTIFIABLE HOMICIDE,Monday,00:00-05:59,1
YTD,05,Crime Type,JUSTIFIABLE HOMICIDE,Sunday,00:00-05:59,1
YTD,05,Crime Type,JUSTIFIABLE HOMICIDE,Thursday,06:00-11:59,1
YTD,05,Crime Type,KIDNAPPING,Friday,06:00-11:59,1
YTD,05,Crime Type,KIDNAPPING,Friday,18:00-23:59,2
YTD,05,Crime Type,KIDNAPPING,Monday,00:00-05:59,2
YTD,05,Crime Type,KIDNAPPING,Monday,06:00-11:59,2
YTD,05,Crime Type,KIDNAPPING,Saturday,00:00-05:59,1
YTD,05,Crime Type,KIDNAPPING,Saturday,18:00-23:59,2
YTD,05,Crime Type,KIDNAPPING,Sunday,12:00-17:59,1
YTD,05,Crime Type,KIDNAPPING,Thursday,12:00-17:59,1
YTD,05,Crime Type,KIDNAPPING,Thursday,18:00-23:59,1
YTD,05,Crime Type,KIDNAPPING,Tuesday,12:00-17:59,1
YTD,05,Crime Type,KIDNAPPING,Wednesday,12:00-17:59,1
YTD,05,Crime Type,KIDNAPPING,Wednesday,18:00-23:59,1
YTD,05,Crime Type,LARCENY,Friday,00:00-05:59,22
YTD,05,Crime Type,LARCENY,Friday,06:00-11:59,24
YTD,05,Crime Type,LARCENY,Friday,12:00-17:59,50
YTD,05,Crime Type,LARCENY,Friday,18:00-23:59,28
YTD,05,Crime Type,LARCENY,Monday,00:00-05:59,17
YTD,05,Crime Type,LARCENY,Monday,06:00-11:59,38
YTD,05,Crime Type,LARCENY,Monday,12:00-17:59,42
YTD,05,Crime Type,LARCENY,Monday,18:00-23:59,25
YTD,05,Crime Type,LARCENY,Saturday,00:00-05:59,18
YTD,05,Crime Type,LARCENY,Saturday,06:00-11:59,18
YTD,05,Crime Type,LARCENY,Saturday,12:00-17:59,44
YTD,05,Crime Type,LARCENY,Saturday,18:00-23:59,29
YTD,05,Crime Type,LARCENY,Sunday,00:00-05:59,17
YTD,05,Crime Type,LARCENY,Sunday,06:00-11:59,20
YTD,05,Crime Type,LARCENY,Sunday,12:00-17:59,33
YTD,05,Crime Type,LARCENY,Sunday,18:00-23:59,33
YTD,05,Crime Type,LARCENY,Thursday,00:00-05:59,16
YTD,05,Crime Type,LARCENY,Thursday,06:00-11:59,32
YTD,05,Crime Type,LARCENY,Thursday,12:00-17:59,45
YTD,05,Crime Type,LARCENY,Thursday,18:00-23:59,29
YTD,05,Crime Type,LARCENY,Tuesday,00:00-05:59,6
YTD,05,Crime Type,LARCENY,Tuesday,06:00-11:59,29
YTD,05,Crime Type,LARCENY,Tuesday,12:00-17:59,35
YTD,05,Crime Type,LARCENY,Tuesday,18:00-23:59,25
YTD,05,Crime Type,LARCENY,Wednesday,00:00-05:59,11
YTD,05,Crime Type,LARCENY,Wednesday,06:00-11:59,33
YTD,05,Crime Type,LARCENY,Wednesday,12:00-17:59,51
YTD,05,Crime Type,LARCENY,Wednesday,18:00-23:59,34
YTD,05,Crime Type,LIQUOR,Friday,18:00-23:59,1
YTD,05,Crime Type,LIQUOR,Saturday,00:00-05:59,1
YTD,05,Crime Type,MISCELLANEOUS,Monday,06:00-11:59,1
YTD,05,Crime Type,MISCELLANEOUS,Saturday,00:00-05:59,1
YTD,05,Crime Type,MISCELLANEOUS,Saturday,18:00-23:59,1
YTD,05,Crime Type,MISCELLANEOUS,Sunday,00:00-05:59,1
YTD,05,Crime Type,MISCELLANEOUS,Sunday,18:00-23:59,1
YTD,05,Crime Type,MISCELLANEOUS,Thursday,12:00-17:59,2
YTD,05,Crime Type,MISCELLANEOUS,Thursday,18:00-23:59,1
YTD,05,Crime Type,MISCELLANEOUS,Wednesday,00:00-05:59,1
YTD,05,Crime Type,MISCELLANEOUS,Wednesday,18:00-23:59,1
YTD,05,Crime Type,OBSTRUCTING JUDICIARY,Friday,06:00-11:59,5
YTD,05,Crime Type,OBSTRUCTING JUDICIARY,Friday,12:00-17:59,2
YTD,05,Crime Type,OBSTRUCTING JUDICIARY,Friday,18:00-23:59,6
YTD,05,Crime Type,OBSTRUCTING JUDICIARY,Monday,00:00-05:59,1
YTD,05,Crime Type,OBSTRUCTING JUDICIARY,Monday,06:00-11:59,2
YTD,05,Crime Type,OBSTRUCTING JUDICIARY,Monday,12:00-17:59,2
YTD,05,Crime Type,OBSTRUCTING JUDICIARY,Monday,18:00-23:59,2
YTD,05,Crime Type,OBSTRUCTING JUDICIARY,Saturday,00:00-05:59,1
YTD,05,Crime Type,OBSTRUCTING JUDICIARY,Saturday,12:00-17:59,2
YTD,05,Crime Type,OBSTRUCTING JUDICIARY,Saturday,18:00-23:59,2
YTD,05,Crime Type,OBSTRUCTING JUDICIARY,Sunday,06:00-11:59,4
YTD,05,Crime Type,OBSTRUCTING JUDICIARY,Sunday,12:00-17:59,1
YTD,05,Crime Type,OBSTRUCTING JUDICIARY,Sunday,18:00-23:59,3
YTD,05,Crime Type,OBSTRUCTING JUDICIARY,Thursday,06:00-11:59,1
YTD,05,Crime Type,OBSTRUCTING JUDICIARY,Thursday,18:00-23:59,4
YTD,05,Crime Type,OBSTRUCTING JUDICIARY,Tuesday,00:00-05:59,2
YTD,05,Crime Type,OBSTRUCTING JUDICIARY,Tuesday,06:00-11:59,1
YTD,05,Crime Type,OBSTRUCTING JUDICIARY,Tuesday,12:00-17:59,2
YTD,05,Crime Type,OBSTRUCTING JUDICIARY,Tuesday,18:00-23:59,1
YTD,05,Crime Type,OBSTRUCTING JUDICIARY,Wednesday,00:00-05:59,3
YTD,05,Crime Type,OBSTRUCTING JUDICIARY,Wednesday,06:00-11:59,2
YTD,05,Crime Type,OBSTRUCTING JUDICIARY,Wednesday,12:00-17:59,2
YTD,05,Crime Type,OBSTRUCTING JUDICIARY,Wednesday,18:00-23:59,5
YTD,05,Crime Type,OBSTRUCTING THE POLICE,Friday,00:00-05:59,6
YTD,05,Crime Type,OBSTRUCTING THE POLICE,Friday,06:00-11:59,5
YTD,05,Crime Type,OBSTRUCTING THE POLICE,Friday,12:00-17:59,5
YTD,05,Crime Type,OBSTRUCTING THE POLICE,Friday,18:00-23:59,11
YTD,05,Crime Type,OBSTRUCTING THE POLICE,Monday,00:00-05:59,2
YTD,05,Crime Type,OBSTRUCTING THE POLICE,Monday,06:00-11:59,2
YTD,05,Crime Type,OBSTRUCTING THE POLICE,Monday,12:00-17:59,1
YTD,05,Crime Type,OBSTRUCTING THE POLICE,Monday,18:00-23:59,3
YTD,05,Crime Type,OBSTRUCTING THE POLICE,Saturday,00:00-05:59,4
YTD,05,Crime Type,OBSTRUCTING THE POLICE,Saturday,06:00-11:59,2
YTD,05,Crime Type,OBSTRUCTING THE POLICE,Saturday,12:00-17:59,3
YTD,05,Crime Type,OBSTRUCTING THE POLICE,Saturday,18:00-23:59,10
YTD,05,Crime Type,OBSTRUCTING THE POLICE,Sunday,00:00-05:59,3
YTD,05,Crime Type,OBSTRUCTING THE POLICE,Sunday,06:00-11:59,1
YTD,05,Crime Type,OBSTRUCTING THE POLICE,Sunday,12:00-17:59,4
YTD,05,Crime Type,OBSTRUCTING THE POLICE,Sunday,18:00-23:59,7
YTD,05,Crime Type,OBSTRUCTING THE POLICE,Thursday,00:00-05:59,6
YTD,05,Crime Type,OBSTRUCTING THE POLICE,Thursday,06:00-11:59,1
YTD,05,Crime Type,OBSTRUCTING THE POLICE,Thursday,12:00-17:59,7
YTD,05,Crime Type,OBSTRUCTING THE POLICE,Thursday,18:00-23:59,4
YTD,05,Crime Type,OBSTRUCTING THE POLICE,Tuesday,00:00-05:59,3
YTD,05,Crime Type,OBSTRUCTING THE POLICE,Tuesday,06:00-11:59,4
YTD,05,Crime Type,OBSTRUCTING THE POLICE,Tuesday,12:00-17:59,8
YTD,05,Crime Type,OBSTRUCTING THE POLICE,Tuesday,18:00-23:59,3
YTD,05,Crime Type,OBSTRUCTING THE POLICE,Wednesday,00:00-05:59,9
YTD,05,Crime Type,OBSTRUCTING THE POLICE,Wednesday,06:00-11:59,3
YTD,05,Crime Type,OBSTRUCTING THE POLICE,Wednesday,12:00-17:59,7
YTD,05,Crime Type,OBSTRUCTING THE POLICE,Wednesday,18:00-23:59,11
YTD,05,Crime Type,OTHER,Friday,00:00-05:59,1
YTD,05,Crime Type,OTHER,Friday,12:00-17:59,3
YTD,05,Crime Type,OTHER,Friday,18:00-23:59,1
YTD,05,Crime Type,OTHER,Monday,06:00-11:59,1
YTD,05,Crime Type,OTHER,Monday,18:00-23:59,1
YTD,05,Crime Type,OTHER,Saturday,12:00-17:59,1
YTD,05,Crime Type,OTHER,Saturday,18:00-23:59,2
YTD,05,Crime Type,OTHER,Thursday,00:00-05:59,1
YTD,05,Crime Type,OTHER,Thursday,06:00-11:59,1
YTD,05,Crime Type,OTHER,Thursday,12:00-17:59,1
YTD,05,Crime Type,OTHER,Tuesday,00:00-05:59,2
YTD,05,Crime Type,OUIL,Friday,00:00-05:59,2
YTD,05,Crime Type,OUIL,Friday,12:00-17:59,2
YTD,05,Crime Type,OUIL,Friday,18:00-23:59,2
YTD,05,Crime Type,OUIL,Monday,00:00-05:59,6
YTD,05,Crime Type,OUIL,Monday,06:00-11:59,2
YTD,05,Crime Type,OUIL,Monday,18:00-23:59,4
YTD,05,Crime Type,OUIL,Saturday,00:00-05:59,2
YTD,05,Crime Type,OUIL,Saturday,06:00-11:59,2
YTD,05,Crime Type,OUIL,Saturday,12:00-17:59,2
YTD,05,Crime Type,OUIL,Sunday,00:00-05:59,2
YTD,05,Crime Type,OUIL,Sunday,12:00-17:59,2
YTD,05,Crime Type,OUIL,Sunday,18:00-23:59,4
YTD,05,Crime Type,OUIL,Thursday,00:00-05:59,2
YTD,05,Crime Type,OUIL,Thursday,18:00-23:59,2
YTD,05,Crime Type,OUIL,Tuesday,12:00-17:59,2
YTD,05,Crime Type,OUIL,Tuesday,18:00-23:59,4
YTD,05,Crime Type,OUIL,Wednesday,00:00-05:59,2
YTD,05,Crime Type,OUIL,Wednesday,06:00-11:59,2
YTD,05,Crime Type,OUIL,Wednesday,12:00-17:59,2
YTD,05,Crime Type,OUIL,Wednesday,18:00-23:59,2
YTD,05,Crime Type,ROBBERY,Friday,06:00-11:59,1
YTD,05,Crime Type,ROBBERY,Friday,12:00-17:59,2
YTD,05,Crime Type,ROBBERY,Friday,18:00-23:59,3
YTD,05,Crime Type,ROBBERY,Monday,00:00-05:59,2
YTD,05,Crime Type,ROBBERY,Monday,06:00-11:59,1
YTD,05,Crime Type,ROBBERY,Monday,12:00-17:59,3
YTD,05,Crime Type,ROBBERY,Monday,18:00-23:59,5
YTD,05,Crime Type,ROBBERY,Saturday,00:00-05:59,1
YTD,05,Crime Type,ROBBERY,Sunday,00:00-05:59,5
YTD,05,Crime Type,ROBBERY,Sunday,06:00-11:59,2
YTD,05,Crime Type,ROBBERY,Sunday,12:00-17:59,7
YTD,05,Crime Type,ROBBERY,Sunday,18:00-23:59,2
YTD,05,Crime Type,ROBBERY,Thursday,00:00-05:59,2
YTD,05,Crime Type,ROBBERY,Thursday,06:00-11:59,3
YTD,05,Crime Type,ROBBERY,Thursday,12:00-17:59,5
YTD,05,Crime Type,ROBBERY,Thursday,18:00-23:59,5
YTD,05,Crime Type,ROBBERY,Tuesday,00:00-05:59,1
YTD,05,Crime Type,ROBBERY,Tuesday,06:00-11:59,2
YTD,05,Crime Type,ROBBERY,Tuesday,12:00-17:59,8
YTD,05,Crime Type,ROBBERY,Tuesday,18:00-23:59,4
YTD,05,Crime Type,ROBBERY,Wednesday,00:00-05:59,4
YTD,05,Crime Type,ROBBERY,Wednesday,06:00-11:59,2
YTD,05,Crime Type,ROBBERY,Wednesday,12:00-17:59,3
YTD,05,Crime Type,ROBBERY,Wednesday,18:00-23:59,4
YTD,05,Crime Type,RUNAWAY,Friday,00:00-05:59,3
YTD,05,Crime Type,RUNAWAY,Friday,06:00-11:59,1
YTD,05,Crime Type,RUNAWAY,Friday,12:00-17:59,7
YTD,05,Crime Type,RUNAWAY,Friday,18:00-23:59,7
YTD,05,Crime Type,RUNAWAY,Monday,00:00-05:59,1
YTD,05,Crime Type,RUNAWAY,Monday,06:00-11:59,4
YTD,05,Crime Type,RUNAWAY,Monday,12:00-17:59,5
YTD,05,Crime Type,RUNAWAY,Monday,18:00-23:59,12
YTD,05,Crime Type,RUNAWAY,Saturday,00:00-05:59,7
YTD,05,Crime Type,RUNAWAY,Saturday,06:00-11:59,3
YTD,05,Crime Type,RUNAWAY,Saturday,12:00-17:59,10
YTD,05,Crime Type,RUNAWAY,Saturday,18:00-23:59,16
YTD,05,Crime Type,RUNAWAY,Sunday,00:00-05:59,4
YTD,05,Crime Type,RUNAWAY,Sunday,06:00-11:59,4
YTD,05,Crime Type,RUNAWAY,Sunday,12:00-17:59,10
YTD,05,Crime Type,RUNAWAY,Sunday,18:00-23:59,13
YTD,05,Crime Type,RUNAWAY,Thursday,00:00-05:59,4
YTD,05,Crime Type,RUNAWAY,Thursday,06:00-11:59,5
YTD,05,Crime Type,RUNAWAY,Thursday,12:00-17:59,7
YTD,05,Crime Type,RUNAWAY,Thursday,18:00-23:59,10
YTD,05,Crime Type,RUNAWAY,Tuesday,06:00-11:59,4
YTD,05,Crime Type,RUNAWAY,Tuesday,12:00-17:59,10
YTD,05,Crime Type,RUNAWAY,Tuesday,18:00-23:59,8
YTD,05,Crime Type,RUNAWAY,Wednesday,00:00-05:59,2
YTD,05,Crime Type,RUNAWAY,Wednesday,06:00-11:59,7
YTD,05,Crime Type,RUNAWAY,Wednesday,12:00-17:59,6
YTD,05,Crime Type,RUNAWAY,Wednesday,18:00-23:59,13
YTD,05,Crime Type,SEX OFFENSES,Friday,00:00-05:59,2
YTD,05,Crime Type,SEX OFFENSES,Friday,06:00-11:59,2
YTD,05,Crime Type,SEX OFFENSES,Friday,12:00-17:59,1
YTD,05,Crime Type,SEX OFFENSES,Friday,18:00-23:59,1
YTD,05,Crime Type,SEX OFFENSES,Monday,00:00-05:59,1
YTD,05,Crime Type,SEX OFFENSES,Monday,06:00-11:59,3
YTD,05,Crime Type,SEX OFFENSES,Monday,18:00-23:59,5
YTD,05,Crime Type,SEX OFFENSES,Saturday,00:00-05:59,1
YTD,05,Crime Type,SEX OFFENSES,Saturday,06:00-11:59,1
YTD,05,Crime Type,SEX OFFENSES,Saturday,12:00-17:59,1
YTD,05,Crime Type,SEX OFFENSES,Saturday,18:00-23:59,1
YTD,05,Crime Type,SEX OFFENSES,Sunday,06:00-11:59,1
YTD,05,Crime Type,SEX OFFENSES,Sunday,12:00-17:59,4
YTD,05,Crime Type,SEX OFFENSES,Sunday,18:00-23:59,3
YTD,05,Crime Type,SEX OFFENSES,Thursday,00:00-05:59,2
YTD,05,Crime Type,SEX OFFENSES,Thursday,12:00-17:59,2
YTD,05,Crime Type,SEX OFFENSES,Thursday,18:00-23:59,2
YTD,05,Crime Type,SEX OFFENSES,Tuesday,00:00-05:59,2
YTD,05,Crime Type,SEX OFFENSES,Tuesday,06:00-11:59,1
YTD,05,Crime Type,SEX OFFENSES,Tuesday,18:00-23:59,2
YTD,05,Crime Type,SEX OFFENSES,Wednesday,06:00-11:59,1
YTD,05,Crime Type,SEX OFFENSES,Wednesday,12:00-17:59,2
YTD,05,Crime Type,SEX OFFENSES,Wednesday,18:00-23:59,2
YTD,05,Crime Type,SEXUAL ASSAULT,Friday,00:00-05:59,2
YTD,05,Crime Type,SEXUAL ASSAULT,Friday,06:00-11:59,3
YTD,05,Crime Type,SEXUAL ASSAULT,Friday,12:00-17:59,4
YTD,05,Crime Type,SEXUAL ASSAULT,Friday,18:00-23:59,1
YTD,05,Crime Type,SEXUAL ASSAULT,Monday,00:00-05:59,2
YTD,05,Crime Type,SEXUAL ASSAULT,Monday,12:00-17:59,1
YTD,05,Crime Type,SEXUAL ASSAULT,Saturday,00:00-05:59,1
YTD,05,Crime Type,SEXUAL ASSAULT,Saturday,12:00-17:59,1
YTD,05,Crime Type,SEXUAL ASSAULT,Saturday,18:00-23:59,3
YTD,05,Crime Type,SEXUAL ASSAULT,Sunday,00:00-05:59,4
YTD,05,Crime Type,SEXUAL ASSAULT,Sunday,06:00-11:59,2
YTD,05,Crime Type,SEXUAL ASSAULT,Sunday,12:00-17:59,1
YTD,05,Crime Type,SEXUAL ASSAULT,Sunday,18:00-23:59,3
YTD,05,Crime Type,SEXUAL ASSAULT,Thursday,00:00-05:59,5
YTD,05,Crime Type,SEXUAL ASSAULT,Thursday,12:00-17:59,1
YTD,05,Crime Type,SEXUAL ASSAULT,Thursday,18:00-23:59,2
YTD,05,Crime Type,SEXUAL ASSAULT,Tuesday,00:00-05:59,2
YTD,05,Crime Type,SEXUAL ASSAULT,Tuesday,12:00-17:59,4
YTD,05,Crime Type,SEXUAL ASSAULT,Tuesday,18:00-23:59,3
YTD,05,Crime Type,SEXUAL ASSAULT,Wednesday,06:00-11:59,3
YTD,05,Crime Type,SEXUAL ASSAULT,Wednesday,18:00-23:59,1
YTD,05,Crime Type,SOLICITATION,Thursday,12:00-17:59,1
YTD,05,Crime Type,STOLEN PROPERTY,Friday,00:00-05:59,3
YTD,05,Crime Type,STOLEN PROPERTY,Friday,06:00-11:59,5
YTD,05,Crime Type,STOLEN PROPERTY,Friday,12:00-17:59,13
YTD,05,Crime Type,STOLEN PROPERTY,Friday,18:00-23:59,2
YTD,05,Crime Type,STOLEN PROPERTY,Monday,00:00-05:59,7
YTD,05,Crime Type,STOLEN PROPERTY,Monday,06:00-11:59,6
YTD,05,Crime Type,STOLEN PROPERTY,Monday,12:00-17:59,11
YTD,05,Crime Type,STOLEN PROPERTY,Monday,18:00-23:59,3
YTD,05,Crime Type,STOLEN PROPERTY,Saturday,00:00-05:59,1
YTD,05,Crime Type,STOLEN PROPERTY,Saturday,06:00-11:59,8
YTD,05,Crime Type,STOLEN PROPERTY,Saturday,12:00-17:59,6
YTD,05,Crime Type,STOLEN PROPERTY,Saturday,18:00-23:59,8
YTD,05,Crime Type,STOLEN PROPERTY,Sunday,00:00-05:59,3
YTD,05,Crime Type,STOLEN PROPERTY,Sunday,06:00-11:59,4
YTD,05,Crime Type,STOLEN PROPERTY,Sunday,12:00-17:59,8
YTD,05,Crime Type,STOLEN PROPERTY,Sunday,18:00-23:59,5
YTD,05,Crime Type,STOLEN PROPERTY,Thursday,00:00-05:59,6
YTD,05,Crime Type,STOLEN PROPERTY,Thursday,06:00-11:59,7
YTD,05,Crime Type,STOLEN PROPERTY,Thursday,12:00-17:59,12
YTD,05,Crime Type,STOLEN PROPERTY,Tuesday,06:00-11:59,7
YTD,05,Crime Type,STOLEN PROPERTY,Tuesday,12:00-17:59,3
YTD,05,Crime Type,STOLEN PROPERTY,Tuesday,18:00-23:59,5
YTD,05,Crime Type,STOLEN PROPERTY,Wednesday,00:00-05:59,3
YTD,05,Crime Type,STOLEN PROPERTY,Wednesday,06:00-11:59,8
YTD,05,Crime Type,STOLEN PROPERTY,Wednesday,12:00-17:59,6
YTD,05,Crime Type,STOLEN PROPERTY,Wednesday,18:00-23:59,10
YTD,05,Crime Type,STOLEN VEHICLE,Friday,00:00-05:59,25
YTD,05,Crime Type,STOLEN VEHICLE,Friday,06:00-11:59,12
YTD,05,Crime Type,STOLEN VEHICLE,Friday,12:00-17:59,23
YTD,05,Crime Type,STOLEN VEHICLE,Friday,18:00-23:59,35
YTD,05,Crime Type,STOLEN VEHICLE,Monday,00:00-05:59,17
YTD,05,Crime Type,STOLEN VEHICLE,Monday,06:00-11:59,9
YTD,05,Crime Type,STOLEN VEHICLE,Monday,12:00-17:59,10
YTD,05,Crime Type,STOLEN VEHICLE,Monday,18:00-23:59,42
YTD,05,Crime Type,STOLEN VEHICLE,Saturday,00:00-05:59,17
YTD,05,Crime Type,STOLEN VEHICLE,Saturday,06:00-11:59,12
YTD,05,Crime Type,STOLEN VEHICLE,Saturday,12:00-17:59,20
YTD,05,Crime Type,STOLEN VEHICLE,Saturday,18:00-23:59,35
YTD,05,Crime Type,STOLEN VEHICLE,Sunday,00:00-05:59,15
YTD,05,Crime Type,STOLEN VEHICLE,Sunday,06:00-11:59,9
YTD,05,Crime Type,STOLEN VEHICLE,Sunday,12:00-17:59,17
YTD,05,Crime Type,STOLEN VEHICLE,Sunday,18:00-23:59,31
YTD,05,Crime Type,STOLEN VEHICLE,Thursday,00:00-05:59,28
YTD,05,Crime Type,STOLEN VEHICLE,Thursday,06:00-11:59,8
YTD,05,Crime Type,STOLEN VEHICLE,Thursday,12:00-17:59,10
YTD,05,Crime Type,STOLEN VEHICLE,Thursday,18:00-23:59,32
YTD,05,Crime Type,STOLEN VEHICLE,Tuesday,00:00-05:59,16
YTD,05,Crime Type,STOLEN VEHICLE,Tuesday,06:00-11:59,10
YTD,05,Crime Type,STOLEN VEHICLE,Tuesday,12:00-17:59,17
YTD,05,Crime Type,STOLEN VEHICLE,Tuesday,18:00-23:59,29
YTD,05,Crime Type,STOLEN VEHICLE,Wednesday,00:00-05:59,20
YTD,05,Crime Type,STOLEN VEHICLE,Wednesday,06:00-11:59,13
YTD,05,Crime Type,STOLEN VEHICLE,Wednesday,12:00-17:59,22
YTD,05,Crime Type,STOLEN VEHICLE,Wednesday,18:00-23:59,31
YTD,05,Crime Type,WEAPONS OFFENSES,Friday,00:00-05:59,9
YTD,05,Crime Type,WEAPONS OFFENSES,Friday,06:00-11:59,1
YTD,05,Crime Type,WEAPONS OFFENSES,Friday,12:00-17:59,9
YTD,05,Crime Type,WEAPONS OFFENSES,Friday,18:00-23:59,18
YTD,05,Crime Type,WEAPONS OFFENSES,Monday,00:00-05:59,3
YTD,05,Crime Type,WEAPONS OFFENSES,Monday,06:00-11:59,1
YTD,05,Crime Type,WEAPONS OFFENSES,Monday,12:00-17:59,8
YTD,05,Crime Type,WEAPONS OFFENSES,Monday,18:00-23:59,6
YTD,05,Crime Type,WEAPONS OFFENSES,Saturday,00:00-05:59,10
YTD,05,Crime Type,WEAPONS OFFENSES,Saturday,06:00-11:59,2
YTD,05,Crime Type,WEAPONS OFFENSES,Saturday,12:00-17:59,3
YTD,05,Crime Type,WEAPONS OFFENSES,Saturday,18:00-23:59,16
YTD,05,Crime Type,WEAPONS OFFENSES,Sunday,00:00-05:59,4
YTD,05,Crime Type,WEAPONS OFFENSES,Sunday,06:00-11:59,1
YTD,05,Crime Type,WEAPONS OFFENSES,Sunday,12:00-17:59,3
YTD,05,Crime Type,WEAPONS OFFENSES,Sunday,18:00-23:59,10
YTD,05,Crime Type,WEAPONS OFFENSES,Thursday,00:00-05:59,5
YTD,05,Crime Type,WEAPONS OFFENSES,Thursday,06:00-11:59,4
YTD,05,Crime Type,WEAPONS OFFENSES,Thursday,12:00-17:59,12
YTD,05,Crime Type,WEAPONS OFFENSES,Thursday,18:00-23:59,14
YTD,05,Crime Type,WEAPONS OFFENSES,Tuesday,00:00-05:59,4
YTD,05,Crime Type,WEAPONS OFFENSES,Tuesday,06:00-11:59,2
YTD,05,Crime Type,WEAPONS OFFENSES,Tuesday,12:00-17:59,9
YTD,05,Crime Type,WEAPONS OFFENSES,Tuesday,18:00-23:59,8
YTD,05,Crime Type,WEAPONS OFFENSES,Wednesday,00:00-05:59,9
YTD,05,Crime Type,WEAPONS OFFENSES,Wednesday,06:00-11:59,2
YTD,05,Crime Type,WEAPONS OFFENSES,Wednesday,12:00-17:59,8
YTD,05,Crime Type,WEAPONS OFFENSES,Wednesday,18:00-23:59,17
YTD,05,Category Focus,Gun-Related,Friday,00:00-05:59,7
YTD,05,Category Focus,Gun-Related,Friday,12:00-17:59,9
YTD,05,Category Focus,Gun-Related,Friday,18:00-23:59,16
YTD,05,Category Focus,Gun-Related,Monday,00:00-05:59,2
YTD,05,Category Focus,Gun-Related,Monday,06:00-11:59,1
YTD,05,Category Focus,Gun-Related,Monday,12:00-17:59,6
YTD,05,Category Focus,Gun-Related,Monday,18:00-23:59,6
YTD,05,Category Focus,Gun-Related,Saturday,00:00-05:59,9
YTD,05,Category Focus,Gun-Related,Saturday,06:00-11:59,2
YTD,05,Category Focus,Gun-Related,Saturday,12:00-17:59,2
YTD,05,Category Focus,Gun-Related,Saturday,18:00-23:59,15
YTD,05,Category Focus,Gun-Related,Sunday,00:00-05:59,5
YTD,05,Category Focus,Gun-Related,Sunday,06:00-11:59,1
YTD,05,Category Focus,Gun-Related,Sunday,12:00-17:59,3
YTD,05,Category Focus,Gun-Related,Sunday,18:00-23:59,9
YTD,05,Category Focus,Gun-Related,Thursday,00:00-05:59,4
YTD,05,Category Focus,Gun-Related,Thursday,06:00-11:59,3
YTD,05,Category Focus,Gun-Related,Thursday,12:00-17:59,11
YTD,05,Category Focus,Gun-Related,Thursday,18:00-23:59,13
YTD,05,Category Focus,Gun-Related,Tuesday,00:00-05:59,4
YTD,05,Category Focus,Gun-Related,Tuesday,06:00-11:59,2
YTD,05,Category Focus,Gun-Related,Tuesday,12:00-17:59,7
YTD,05,Category Focus,Gun-Related,Tuesday,18:00-23:59,8
YTD,05,Category Focus,Gun-Related,Wednesday,00:00-05:59,7
YTD,05,Category Focus,Gun-Related,Wednesday,06:00-11:59,2
YTD,05,Category Focus,Gun-Related,Wednesday,12:00-17:59,8
YTD,05,Category Focus,Gun-Related,Wednesday,18:00-23:59,16
YTD,05,Category Focus,Property Crime,Friday,00:00-05:59,82
YTD,05,Category Focus,Property Crime,Friday,06:00-11:59,83
YTD,05,Category Focus,Property Crime,Friday,12:00-17:59,135
YTD,05,Category Focus,Property Crime,Friday,18:00-23:59,111
YTD,05,Category Focus,Property Crime,Monday,00:00-05:59,73
YTD,05,Category Focus,Property Crime,Monday,06:00-11:59,87
YTD,05,Category Focus,Property Crime,Monday,12:00-17:59,106
YTD,05,Category Focus,Property Crime,Monday,18:00-23:59,114
YTD,05,Category Focus,Property Crime,Saturday,00:00-05:59,77
YTD,05,Category Focus,Property Crime,Saturday,06:00-11:59,73
YTD,05,Category Focus,Property Crime,Saturday,12:00-17:59,124
YTD,05,Category Focus,Property Crime,Saturday,18:00-23:59,112
YTD,05,Category Focus,Property Crime,Sunday,00:00-05:59,84
YTD,05,Category Focus,Property Crime,Sunday,06:00-11:59,63
YTD,05,Category Focus,Property Crime,Sunday,12:00-17:59,104
YTD,05,Category Focus,Property Crime,Sunday,18:00-23:59,116
YTD,05,Category Focus,Property Crime,Thursday,00:00-05:59,79
YTD,05,Category Focus,Property Crime,Thursday,06:00-11:59,73
YTD,05,Category Focus,Property Crime,Thursday,12:00-17:59,119
YTD,05,Category Focus,Property Crime,Thursday,18:00-23:59,114
YTD,05,Category Focus,Property Crime,Tuesday,00:00-05:59,67
YTD,05,Category Focus,Property Crime,Tuesday,06:00-11:59,84
YTD,05,Category Focus,Property Crime,Tuesday,12:00-17:59,109
YTD,05,Category Focus,Property Crime,Tuesday,18:00-23:59,97
YTD,05,Category Focus,Property Crime,Wednesday,00:00-05:59,67
YTD,05,Category Focus,Property Crime,Wednesday,06:00-11:59,96
YTD,05,Category Focus,Property Crime,Wednesday,12:00-17:59,127
YTD,05,Category Focus,Property Crime,Wednesday,18:00-23:59,126
YTD,05,Category Focus,Larceny,Friday,00:00-05:59,22
YTD,05,Category Focus,Larceny,Friday,06:00-11:59,24
YTD,05,Category Focus,Larceny,Friday,12:00-17:59,50
YTD,05,Category Focus,Larceny,Friday,18:00-23:59,28
YTD,05,Category Focus,Larceny,Monday,00:00-05:59,17
YTD,05,Category Focus,Larceny,Monday,06:00-11:59,38
YTD,05,Category Focus,Larceny,Monday,12:00-17:59,42
YTD,05,Category Focus,Larceny,Monday,18:00-23:59,25
YTD,05,Category Focus,Larceny,Saturday,00:00-05:59,18
YTD,05,Category Focus,Larceny,Saturday,06:00-11:59,18
YTD,05,Category Focus,Larceny,Saturday,12:00-17:59,44
YTD,05,Category Focus,Larceny,Saturday,18:00-23:59,29
YTD,05,Category Focus,Larceny,Sunday,00:00-05:59,17
YTD,05,Category Focus,Larceny,Sunday,06:00-11:59,20
YTD,05,Category Focus,Larceny,Sunday,12:00-17:59,33
YTD,05,Category Focus,Larceny,Sunday,18:00-23:59,33
YTD,05,Category Focus,Larceny,Thursday,00:00-05:59,16
YTD,05,Category Focus,Larceny,Thursday,06:00-11:59,32
YTD,05,Category Focus,Larceny,Thursday,12:00-17:59,45
YTD,05,Category Focus,Larceny,Thursday,18:00-23:59,29
YTD,05,Category Focus,Larceny,Tuesday,00:00-05:59,6
YTD,05,Category Focus,Larceny,Tuesday,06:00-11:59,29
YTD,05,Category Focus,Larceny,Tuesday,12:00-17:59,35
YTD,05,Category Focus,Larceny,Tuesday,18:00-23:59,25
YTD,05,Category Focus,Larceny,Wednesday,00:00-05:59,11
YTD,05,Category Focus,Larceny,Wednesday,06:00-11:59,33
YTD,05,Category Focus,Larceny,Wednesday,12:00-17:59,51
YTD,05,Category Focus,Larceny,Wednesday,18:00-23:59,34
YTD,06,All,All,Friday,00:00-05:59,209
YTD,06,All,All,Friday,06:00-11:59,216
YTD,06,All,All,Friday,12:00-17:59,376
YTD,06,All,All,Friday,18:00-23:59,357
YTD,06,All,All,Monday,00:00-05:59,211
YTD,06,All,All,Monday,06:00-11:59,210
YTD,06,All,All,Monday,12:00-17:59,394
YTD,06,All,All,Monday,18:00-23:59,334
YTD,06,All,All,Saturday,00:00-05:59,209
YTD,06,All,All,Saturday,06:00-11:59,230
YTD,06,All,All,Saturday,12:00-17:59,359
YTD,06,All,All,Saturday,18:00-23:59,344
YTD,06,All,All,Sunday,00:00-05:59,281
YTD,06,All,All,Sunday,06:00-11:59,186
YTD,06,All,All,Sunday,12:00-17:59,313
YTD,06,All,All,Sunday,18:00-23:59,381
YTD,06,All,All,Thursday,00:00-05:59,184
YTD,06,All,All,Thursday,06:00-11:59,195
YTD,06,All,All,Thursday,12:00-17:59,350
YTD,06,All,All,Thursday,18:00-23:59,343
YTD,06,All,All,Tuesday,00:00-05:59,176
YTD,06,All,All,Tuesday,06:00-11:59,228
YTD,06,All,All,Tuesday,12:00-17:59,386
YTD,06,All,All,Tuesday,18:00-23:59,355
YTD,06,All,All,Wednesday,00:00-05:59,225
YTD,06,All,All,Wednesday,06:00-11:59,213
YTD,06,All,All,Wednesday,12:00-17:59,353
YTD,06,All,All,Wednesday,18:00-23:59,348
YTD,06,Crime Type,AGGRAVATED ASSAULT,Friday,00:00-05:59,24
YTD,06,Crime Type,AGGRAVATED ASSAULT,Friday,06:00-11:59,13
YTD,06,Crime Type,AGGRAVATED ASSAULT,Friday,12:00-17:59,28
YTD,06,Crime Type,AGGRAVATED ASSAULT,Friday,18:00-23:59,44
YTD,06,Crime Type,AGGRAVATED ASSAULT,Monday,00:00-05:59,27
YTD,06,Crime Type,AGGRAVATED ASSAULT,Monday,06:00-11:59,12
YTD,06,Crime Type,AGGRAVATED ASSAULT,Monday,12:00-17:59,43
YTD,06,Crime Type,AGGRAVATED ASSAULT,Monday,18:00-23:59,43
YTD,06,Crime Type,AGGRAVATED ASSAULT,Saturday,00:00-05:59,33
YTD,06,Crime Type,AGGRAVATED ASSAULT,Saturday,06:00-11:59,26
YTD,06,Crime Type,AGGRAVATED ASSAULT,Saturday,12:00-17:59,28
YTD,06,Crime Type,AGGRAVATED ASSAULT,Saturday,18:00-23:59,34
YTD,06,Crime Type,AGGRAVATED ASSAULT,Sunday,00:00-05:59,24
YTD,06,Crime Type,AGGRAVATED ASSAULT,Sunday,06:00-11:59,14
YTD,06,Crime Type,AGGRAVATED ASSAULT,Sunday,12:00-17:59,35
YTD,06,Crime Type,AGGRAVATED ASSAULT,Sunday,18:00-23:59,49
YTD,06,Crime Type,AGGRAVATED ASSAULT,Thursday,00:00-05:59,15
YTD,06,Crime Type,AGGRAVATED ASSAULT,Thursday,06:00-11:59,23
YTD,06,Crime Type,AGGRAVATED ASSAULT,Thursday,12:00-17:59,24
YTD,06,Crime Type,AGGRAVATED ASSAULT,Thursday,18:00-23:59,30
YTD,06,Crime Type,AGGRAVATED ASSAULT,Tuesday,00:00-05:59,23
YTD,06,Crime Type,AGGRAVATED ASSAULT,Tuesday,06:00-11:59,19
YTD,06,Crime Type,AGGRAVATED ASSAULT,Tuesday,12:00-17:59,38
YTD,06,Crime Type,AGGRAVATED ASSAULT,Tuesday,18:00-23:59,37
YTD,06,Crime Type,AGGRAVATED ASSAULT,Wednesday,00:00-05:59,28
YTD,06,Crime Type,AGGRAVATED ASSAULT,Wednesday,06:00-11:59,21
YTD,06,Crime Type,AGGRAVATED ASSAULT,Wednesday,12:00-17:59,27
YTD,06,Crime Type,AGGRAVATED ASSAULT,Wednesday,18:00-23:59,38
YTD,06,Crime Type,ARSON,Friday,00:00-05:59,5
YTD,06,Crime Type,ARSON,Friday,12:00-17:59,1
YTD,06,Crime Type,ARSON,Friday,18:00-23:59,2
YTD,06,Crime Type,ARSON,Monday,00:00-05:59,2
YTD,06,Crime Type,ARSON,Monday,06:00-11:59,1
YTD,06,Crime Type,ARSON,Monday,12:00-17:59,4
YTD,06,Crime Type,ARSON,Monday,18:00-23:59,1
YTD,06,Crime Type,ARSON,Saturday,00:00-05:59,2
YTD,06,Crime Type,ARSON,Saturday,06:00-11:59,1
YTD,06,Crime Type,ARSON,Saturday,12:00-17:59,2
YTD,06,Crime Type,ARSON,Sunday,00:00-05:59,1
YTD,06,Crime Type,ARSON,Sunday,06:00-11:59,3
YTD,06,Crime Type,ARSON,Sunday,12:00-17:59,2
YTD,06,Crime Type,ARSON,Thursday,00:00-05:59,4
YTD,06,Crime Type,ARSON,Thursday,06:00-11:59,1
YTD,06,Crime Type,ARSON,Thursday,12:00-17:59,4
YTD,06,Crime Type,ARSON,Thursday,18:00-23:59,1
YTD,06,Crime Type,ARSON,Tuesday,00:00-05:59,2
YTD,06,Crime Type,ARSON,Tuesday,12:00-17:59,2
YTD,06,Crime Type,ARSON,Tuesday,18:00-23:59,4
YTD,06,Crime Type,ARSON,Wednesday,00:00-05:59,4
YTD,06,Crime Type,ARSON,Wednesday,06:00-11:59,2
YTD,06,Crime Type,ARSON,Wednesday,12:00-17:59,1
YTD,06,Crime Type,ARSON,Wednesday,18:00-23:59,3
YTD,06,Crime Type,ASSAULT,Friday,00:00-05:59,51
YTD,06,Crime Type,ASSAULT,Friday,06:00-11:59,67
YTD,06,Crime Type,ASSAULT,Friday,12:00-17:59,80
YTD,06,Crime Type,ASSAULT,Friday,18:00-23:59,84
YTD,06,Crime Type,ASSAULT,Monday,00:00-05:59,46
YTD,06,Crime Type,ASSAULT,Monday,06:00-11:59,53
YTD,06,Crime Type,ASSAULT,Monday,12:00-17:59,88
YTD,06,Crime Type,ASSAULT,Monday,18:00-23:59,75
YTD,06,Crime Type,ASSAULT,Saturday,00:00-05:59,58
YTD,06,Crime Type,ASSAULT,Saturday,06:00-11:59,74
YTD,06,Crime Type,ASSAULT,Saturday,12:00-17:59,91
YTD,06,Crime Type,ASSAULT,Saturday,18:00-23:59,91
YTD,06,Crime Type,ASSAULT,Sunday,00:00-05:59,68
YTD,06,Crime Type,ASSAULT,Sunday,06:00-11:59,47
YTD,06,Crime Type,ASSAULT,Sunday,12:00-17:59,76
YTD,06,Crime Type,ASSAULT,Sunday,18:00-23:59,76
YTD,06,Crime Type,ASSAULT,Thursday,00:00-05:59,33
YTD,06,Crime Type,ASSAULT,Thursday,06:00-11:59,49
YTD,06,Crime Type,ASSAULT,Thursday,12:00-17:59,70
YTD,06,Crime Type,ASSAULT,Thursday,18:00-23:59,72
YTD,06,Crime Type,ASSAULT,Tuesday,00:00-05:59,43
YTD,06,Crime Type,ASSAULT,Tuesday,06:00-11:59,61
YTD,06,Crime Type,ASSAULT,Tuesday,12:00-17:59,78
YTD,06,Crime Type,ASSAULT,Tuesday,18:00-23:59,77
YTD,06,Crime Type,ASSAULT,Wednesday,00:00-05:59,62
YTD,06,Crime Type,ASSAULT,Wednesday,06:00-11:59,55
YTD,06,Crime Type,ASSAULT,Wednesday,12:00-17:59,87
YTD,06,Crime Type,ASSAULT,Wednesday,18:00-23:59,78
YTD,06,Crime Type,BURGLARY,Friday,00:00-05:59,15
YTD,06,Crime Type,BURGLARY,Friday,06:00-11:59,15
YTD,06,Crime Type,BURGLARY,Friday,12:00-17:59,33
YTD,06,Crime Type,BURGLARY,Friday,18:00-23:59,21
YTD,06,Crime Type,BURGLARY,Monday,00:00-05:59,19
YTD,06,Crime Type,BURGLARY,Monday,06:00-11:59,22
YTD,06,Crime Type,BURGLARY,Monday,12:00-17:59,33
YTD,06,Crime Type,BURGLARY,Monday,18:00-23:59,18
YTD,06,Crime Type,BURGLARY,Saturday,00:00-05:59,12
YTD,06,Crime Type,BURGLARY,Saturday,06:00-11:59,18
YTD,06,Crime Type,BURGLARY,Saturday,12:00-17:59,30
YTD,06,Crime Type,BURGLARY,Saturday,18:00-23:59,18
YTD,06,Crime Type,BURGLARY,Sunday,00:00-05:59,23
YTD,06,Crime Type,BURGLARY,Sunday,06:00-11:59,20
YTD,06,Crime Type,BURGLARY,Sunday,12:00-17:59,22
YTD,06,Crime Type,BURGLARY,Sunday,18:00-23:59,24
YTD,06,Crime Type,BURGLARY,Thursday,00:00-05:59,12
YTD,06,Crime Type,BURGLARY,Thursday,06:00-11:59,11
YTD,06,Crime Type,BURGLARY,Thursday,12:00-17:59,24
YTD,06,Crime Type,BURGLARY,Thursday,18:00-23:59,20
YTD,06,Crime Type,BURGLARY,Tuesday,00:00-05:59,6
YTD,06,Crime Type,BURGLARY,Tuesday,06:00-11:59,20
YTD,06,Crime Type,BURGLARY,Tuesday,12:00-17:59,32
YTD,06,Crime Type,BURGLARY,Tuesday,18:00-23:59,23
YTD,06,Crime Type,BURGLARY,Wednesday,00:00-05:59,17
YTD,06,Crime Type,BURGLARY,Wednesday,06:00-11:59,12
YTD,06,Crime Type,BURGLARY,Wednesday,12:00-17:59,27
YTD,06,Crime Type,BURGLARY,Wednesday,18:00-23:59,17
YTD,06,Crime Type,DAMAGE TO PROPERTY,Friday,00:00-05:59,27
YTD,06,Crime Type,DAMAGE TO PROPERTY,Friday,06:00-11:59,21
YTD,06,Crime Type,DAMAGE TO PROPERTY,Friday,12:00-17:59,42
YTD,06,Crime Type,DAMAGE TO PROPERTY,Friday,18:00-23:59,49
YTD,06,Crime Type,DAMAGE TO PROPERTY,Monday,00:00-05:59,28
YTD,06,Crime Type,DAMAGE TO PROPERTY,Monday,06:00-11:59,33
YTD,06,Crime Type,DAMAGE TO PROPERTY,Monday,12:00-17:59,47
YTD,06,Crime Type,DAMAGE TO PROPERTY,Monday,18:00-23:59,48
YTD,06,Crime Type,DAMAGE TO PROPERTY,Saturday,00:00-05:59,26
YTD,06,Crime Type,DAMAGE TO PROPERTY,Saturday,06:00-11:59,30
YTD,06,Crime Type,DAMAGE TO PROPERTY,Saturday,12:00-17:59,50
YTD,06,Crime Type,DAMAGE TO PROPERTY,Saturday,18:00-23:59,35
YTD,06,Crime Type,DAMAGE TO PROPERTY,Sunday,00:00-05:59,45
YTD,06,Crime Type,DAMAGE TO PROPERTY,Sunday,06:00-11:59,30
YTD,06,Crime Type,DAMAGE TO PROPERTY,Sunday,12:00-17:59,45
YTD,06,Crime Type,DAMAGE TO PROPERTY,Sunday,18:00-23:59,53
YTD,06,Crime Type,DAMAGE TO PROPERTY,Thursday,00:00-05:59,34
YTD,06,Crime Type,DAMAGE TO PROPERTY,Thursday,06:00-11:59,26
YTD,06,Crime Type,DAMAGE TO PROPERTY,Thursday,12:00-17:59,42
YTD,06,Crime Type,DAMAGE TO PROPERTY,Thursday,18:00-23:59,41
YTD,06,Crime Type,DAMAGE TO PROPERTY,Tuesday,00:00-05:59,27
YTD,06,Crime Type,DAMAGE TO PROPERTY,Tuesday,06:00-11:59,30
YTD,06,Crime Type,DAMAGE TO PROPERTY,Tuesday,12:00-17:59,41
YTD,06,Crime Type,DAMAGE TO PROPERTY,Tuesday,18:00-23:59,43
YTD,06,Crime Type,DAMAGE TO PROPERTY,Wednesday,00:00-05:59,36
YTD,06,Crime Type,DAMAGE TO PROPERTY,Wednesday,06:00-11:59,27
YTD,06,Crime Type,DAMAGE TO PROPERTY,Wednesday,12:00-17:59,40
YTD,06,Crime Type,DAMAGE TO PROPERTY,Wednesday,18:00-23:59,40
YTD,06,Crime Type,DANGEROUS DRUGS,Friday,06:00-11:59,2
YTD,06,Crime Type,DANGEROUS DRUGS,Friday,12:00-17:59,4
YTD,06,Crime Type,DANGEROUS DRUGS,Friday,18:00-23:59,1
YTD,06,Crime Type,DANGEROUS DRUGS,Monday,12:00-17:59,1
YTD,06,Crime Type,DANGEROUS DRUGS,Monday,18:00-23:59,5
YTD,06,Crime Type,DANGEROUS DRUGS,Saturday,06:00-11:59,2
YTD,06,Crime Type,DANGEROUS DRUGS,Saturday,12:00-17:59,1
YTD,06,Crime Type,DANGEROUS DRUGS,Saturday,18:00-23:59,5
YTD,06,Crime Type,DANGEROUS DRUGS,Sunday,06:00-11:59,1
YTD,06,Crime Type,DANGEROUS DRUGS,Sunday,18:00-23:59,4
YTD,06,Crime Type,DANGEROUS DRUGS,Thursday,00:00-05:59,1
YTD,06,Crime Type,DANGEROUS DRUGS,Thursday,12:00-17:59,10
YTD,06,Crime Type,DANGEROUS DRUGS,Thursday,18:00-23:59,6
YTD,06,Crime Type,DANGEROUS DRUGS,Tuesday,06:00-11:59,1
YTD,06,Crime Type,DANGEROUS DRUGS,Tuesday,12:00-17:59,3
YTD,06,Crime Type,DANGEROUS DRUGS,Tuesday,18:00-23:59,1
YTD,06,Crime Type,DANGEROUS DRUGS,Wednesday,12:00-17:59,7
YTD,06,Crime Type,DANGEROUS DRUGS,Wednesday,18:00-23:59,4
YTD,06,Crime Type,DISORDERLY CONDUCT,Friday,12:00-17:59,1
YTD,06,Crime Type,DISORDERLY CONDUCT,Monday,06:00-11:59,2
YTD,06,Crime Type,DISORDERLY CONDUCT,Saturday,00:00-05:59,3
YTD,06,Crime Type,DISORDERLY CONDUCT,Saturday,06:00-11:59,1
YTD,06,Crime Type,DISORDERLY CONDUCT,Sunday,00:00-05:59,5
YTD,06,Crime Type,DISORDERLY CONDUCT,Thursday,12:00-17:59,2
YTD,06,Crime Type,DISORDERLY CONDUCT,Wednesday,12:00-17:59,2
YTD,06,Crime Type,DISORDERLY CONDUCT,Wednesday,18:00-23:59,1
YTD,06,Crime Type,EXTORTION,Friday,12:00-17:59,1
YTD,06,Crime Type,EXTORTION,Friday,18:00-23:59,1
YTD,06,Crime Type,EXTORTION,Saturday,00:00-05:59,1
YTD,06,Crime Type,EXTORTION,Saturday,18:00-23:59,1
YTD,06,Crime Type,EXTORTION,Sunday,18:00-23:59,1
YTD,06,Crime Type,EXTORTION,Tuesday,00:00-05:59,1
YTD,06,Crime Type,EXTORTION,Tuesday,18:00-23:59,2
YTD,06,Crime Type,EXTORTION,Wednesday,00:00-05:59,1
YTD,06,Crime Type,EXTORTION,Wednesday,12:00-17:59,2
YTD,06,Crime Type,EXTORTION,Wednesday,18:00-23:59,1
YTD,06,Crime Type,FAMILY OFFENSE,Friday,00:00-05:59,3
YTD,06,Crime Type,FAMILY OFFENSE,Friday,06:00-11:59,4
YTD,06,Crime Type,FAMILY OFFENSE,Friday,12:00-17:59,6
YTD,06,Crime Type,FAMILY OFFENSE,Friday,18:00-23:59,2
YTD,06,Crime Type,FAMILY OFFENSE,Monday,00:00-05:59,1
YTD,06,Crime Type,FAMILY OFFENSE,Monday,06:00-11:59,1
YTD,06,Crime Type,FAMILY OFFENSE,Monday,12:00-17:59,4
YTD,06,Crime Type,FAMILY OFFENSE,Monday,18:00-23:59,4
YTD,06,Crime Type,FAMILY OFFENSE,Saturday,00:00-05:59,2
YTD,06,Crime Type,FAMILY OFFENSE,Saturday,06:00-11:59,3
YTD,06,Crime Type,FAMILY OFFENSE,Saturday,12:00-17:59,6
YTD,06,Crime Type,FAMILY OFFENSE,Saturday,18:00-23:59,2
YTD,06,Crime Type,FAMILY OFFENSE,Sunday,00:00-05:59,1
YTD,06,Crime Type,FAMILY OFFENSE,Sunday,06:00-11:59,4
YTD,06,Crime Type,FAMILY OFFENSE,Sunday,12:00-17:59,6
YTD,06,Crime Type,FAMILY OFFENSE,Sunday,18:00-23:59,5
YTD,06,Crime Type,FAMILY OFFENSE,Thursday,00:00-05:59,2
YTD,06,Crime Type,FAMILY OFFENSE,Thursday,06:00-11:59,2
YTD,06,Crime Type,FAMILY OFFENSE,Thursday,12:00-17:59,8
YTD,06,Crime Type,FAMILY OFFENSE,Thursday,18:00-23:59,6
YTD,06,Crime Type,FAMILY OFFENSE,Tuesday,00:00-05:59,3
YTD,06,Crime Type,FAMILY OFFENSE,Tuesday,06:00-11:59,2
YTD,06,Crime Type,FAMILY OFFENSE,Tuesday,12:00-17:59,3
YTD,06,Crime Type,FAMILY OFFENSE,Tuesday,18:00-23:59,6
YTD,06,Crime Type,FAMILY OFFENSE,Wednesday,06:00-11:59,3
YTD,06,Crime Type,FAMILY OFFENSE,Wednesday,12:00-17:59,5
YTD,06,Crime Type,FAMILY OFFENSE,Wednesday,18:00-23:59,7
YTD,06,Crime Type,FORGERY,Friday,12:00-17:59,2
YTD,06,Crime Type,FORGERY,Saturday,06:00-11:59,1
YTD,06,Crime Type,FORGERY,Saturday,12:00-17:59,1
YTD,06,Crime Type,FORGERY,Sunday,00:00-05:59,1
YTD,06,Crime Type,FORGERY,Sunday,18:00-23:59,1
YTD,06,Crime Type,FORGERY,Tuesday,06:00-11:59,1
YTD,06,Crime Type,FORGERY,Tuesday,12:00-17:59,2
YTD,06,Crime Type,FORGERY,Wednesday,06:00-11:59,2
YTD,06,Crime Type,FORGERY,Wednesday,12:00-17:59,1
YTD,06,Crime Type,FORGERY,Wednesday,18:00-23:59,2
YTD,06,Crime Type,FRAUD,Friday,00:00-05:59,6
YTD,06,Crime Type,FRAUD,Friday,06:00-11:59,15
YTD,06,Crime Type,FRAUD,Friday,12:00-17:59,38
YTD,06,Crime Type,FRAUD,Friday,18:00-23:59,13
YTD,06,Crime Type,FRAUD,Monday,00:00-05:59,10
YTD,06,Crime Type,FRAUD,Monday,06:00-11:59,11
YTD,06,Crime Type,FRAUD,Monday,12:00-17:59,43
YTD,06,Crime Type,FRAUD,Monday,18:00-23:59,14
YTD,06,Crime Type,FRAUD,Saturday,00:00-05:59,10
YTD,06,Crime Type,FRAUD,Saturday,06:00-11:59,10
YTD,06,Crime Type,FRAUD,Saturday,12:00-17:59,38
YTD,06,Crime Type,FRAUD,Saturday,18:00-23:59,10
YTD,06,Crime Type,FRAUD,Sunday,00:00-05:59,4
YTD,06,Crime Type,FRAUD,Sunday,06:00-11:59,10
YTD,06,Crime Type,FRAUD,Sunday,12:00-17:59,22
YTD,06,Crime Type,FRAUD,Sunday,18:00-23:59,13
YTD,06,Crime Type,FRAUD,Thursday,00:00-05:59,10
YTD,06,Crime Type,FRAUD,Thursday,06:00-11:59,22
YTD,06,Crime Type,FRAUD,Thursday,12:00-17:59,35
YTD,06,Crime Type,FRAUD,Thursday,18:00-23:59,15
YTD,06,Crime Type,FRAUD,Tuesday,00:00-05:59,10
YTD,06,Crime Type,FRAUD,Tuesday,06:00-11:59,17
YTD,06,Crime Type,FRAUD,Tuesday,12:00-17:59,45
YTD,06,Crime Type,FRAUD,Tuesday,18:00-23:59,18
YTD,06,Crime Type,FRAUD,Wednesday,00:00-05:59,5
YTD,06,Crime Type,FRAUD,Wednesday,06:00-11:59,18
YTD,06,Crime Type,FRAUD,Wednesday,12:00-17:59,34
YTD,06,Crime Type,FRAUD,Wednesday,18:00-23:59,15
YTD,06,Crime Type,HEALTH AND SAFETY,Friday,18:00-23:59,1
YTD,06,Crime Type,HEALTH AND SAFETY,Thursday,00:00-05:59,1
YTD,06,Crime Type,HEALTH AND SAFETY,Thursday,12:00-17:59,3
YTD,06,Crime Type,HEALTH AND SAFETY,Thursday,18:00-23:59,2
YTD,06,Crime Type,HEALTH AND SAFETY,Tuesday,12:00-17:59,3
YTD,06,Crime Type,HEALTH AND SAFETY,Wednesday,12:00-17:59,2
YTD,06,Crime Type,HOMICIDE,Friday,12:00-17:59,1
YTD,06,Crime Type,HOMICIDE,Friday,18:00-23:59,3
YTD,06,Crime Type,HOMICIDE,Sunday,18:00-23:59,1
YTD,06,Crime Type,HOMICIDE,Tuesday,00:00-05:59,2
YTD,06,Crime Type,HOMICIDE,Tuesday,12:00-17:59,1
YTD,06,Crime Type,HOMICIDE,Tuesday,18:00-23:59,1
YTD,06,Crime Type,INVASION OF PRIVACY -OTHER,Friday,06:00-11:59,1
YTD,06,Crime Type,INVASION OF PRIVACY -OTHER,Friday,12:00-17:59,1
YTD,06,Crime Type,INVASION OF PRIVACY -OTHER,Monday,06:00-11:59,1
YTD,06,Crime Type,INVASION OF PRIVACY -OTHER,Monday,12:00-17:59,1
YTD,06,Crime Type,INVASION OF PRIVACY -OTHER,Saturday,00:00-05:59,1
YTD,06,Crime Type,INVASION OF PRIVACY -OTHER,Saturday,06:00-11:59,2
YTD,06,Crime Type,INVASION OF PRIVACY -OTHER,Saturday,18:00-23:59,1
YTD,06,Crime Type,INVASION OF PRIVACY -OTHER,Thursday,12:00-17:59,1
YTD,06,Crime Type,INVASION OF PRIVACY -OTHER,Tuesday,06:00-11:59,2
YTD,06,Crime Type,INVASION OF PRIVACY -OTHER,Wednesday,00:00-05:59,1
YTD,06,Crime Type,KIDNAPPING,Friday,06:00-11:59,1
YTD,06,Crime Type,KIDNAPPING,Friday,12:00-17:59,2
YTD,06,Crime Type,KIDNAPPING,Monday,06:00-11:59,1
YTD,06,Crime Type,KIDNAPPING,Monday,12:00-17:59,3
YTD,06,Crime Type,KIDNAPPING,Saturday,12:00-17:59,3
YTD,06,Crime Type,KIDNAPPING,Sunday,06:00-11:59,1
YTD,06,Crime Type,KIDNAPPING,Sunday,18:00-23:59,2
YTD,06,Crime Type,KIDNAPPING,Thursday,12:00-17:59,3
YTD,06,Crime Type,KIDNAPPING,Tuesday,18:00-23:59,1
YTD,06,Crime Type,KIDNAPPING,Wednesday,00:00-05:59,1
YTD,06,Crime Type,KIDNAPPING,Wednesday,12:00-17:59,2
YTD,06,Crime Type,KIDNAPPING,Wednesday,18:00-23:59,2
YTD,06,Crime Type,LARCENY,Friday,00:00-05:59,18
YTD,06,Crime Type,LARCENY,Friday,06:00-11:59,28
YTD,06,Crime Type,LARCENY,Friday,12:00-17:59,57
YTD,06,Crime Type,LARCENY,Friday,18:00-23:59,31
YTD,06,Crime Type,LARCENY,Monday,00:00-05:59,20
YTD,06,Crime Type,LARCENY,Monday,06:00-11:59,29
YTD,06,Crime Type,LARCENY,Monday,12:00-17:59,54
YTD,06,Crime Type,LARCENY,Monday,18:00-23:59,36
YTD,06,Crime Type,LARCENY,Saturday,00:00-05:59,13
YTD,06,Crime Type,LARCENY,Saturday,06:00-11:59,31
YTD,06,Crime Type,LARCENY,Saturday,12:00-17:59,52
YTD,06,Crime Type,LARCENY,Saturday,18:00-23:59,31
YTD,06,Crime Type,LARCENY,Sunday,00:00-05:59,38
YTD,06,Crime Type,LARCENY,Sunday,06:00-11:59,25
YTD,06,Crime Type,LARCENY,Sunday,12:00-17:59,43
YTD,06,Crime Type,LARCENY,Sunday,18:00-23:59,30
YTD,06,Crime Type,LARCENY,Thursday,00:00-05:59,16
YTD,06,Crime Type,LARCENY,Thursday,06:00-11:59,30
YTD,06,Crime Type,LARCENY,Thursday,12:00-17:59,48
YTD,06,Crime Type,LARCENY,Thursday,18:00-23:59,38
YTD,06,Crime Type,LARCENY,Tuesday,00:00-05:59,11
YTD,06,Crime Type,LARCENY,Tuesday,06:00-11:59,27
YTD,06,Crime Type,LARCENY,Tuesday,12:00-17:59,50
YTD,06,Crime Type,LARCENY,Tuesday,18:00-23:59,47
YTD,06,Crime Type,LARCENY,Wednesday,00:00-05:59,21
YTD,06,Crime Type,LARCENY,Wednesday,06:00-11:59,37
YTD,06,Crime Type,LARCENY,Wednesday,12:00-17:59,41
YTD,06,Crime Type,LARCENY,Wednesday,18:00-23:59,37
YTD,06,Crime Type,MISCELLANEOUS,Monday,12:00-17:59,1
YTD,06,Crime Type,MISCELLANEOUS,Saturday,12:00-17:59,1
YTD,06,Crime Type,MISCELLANEOUS,Wednesday,00:00-05:59,1
YTD,06,Crime Type,OBSTRUCTING JUDICIARY,Friday,00:00-05:59,2
YTD,06,Crime Type,OBSTRUCTING JUDICIARY,Friday,06:00-11:59,5
YTD,06,Crime Type,OBSTRUCTING JUDICIARY,Friday,12:00-17:59,9
YTD,06,Crime Type,OBSTRUCTING JUDICIARY,Friday,18:00-23:59,8
YTD,06,Crime Type,OBSTRUCTING JUDICIARY,Monday,00:00-05:59,3
YTD,06,Crime Type,OBSTRUCTING JUDICIARY,Monday,12:00-17:59,3
YTD,06,Crime Type,OBSTRUCTING JUDICIARY,Monday,18:00-23:59,4
YTD,06,Crime Type,OBSTRUCTING JUDICIARY,Saturday,00:00-05:59,2
YTD,06,Crime Type,OBSTRUCTING JUDICIARY,Saturday,06:00-11:59,2
YTD,06,Crime Type,OBSTRUCTING JUDICIARY,Saturday,12:00-17:59,3
YTD,06,Crime Type,OBSTRUCTING JUDICIARY,Saturday,18:00-23:59,9
YTD,06,Crime Type,OBSTRUCTING JUDICIARY,Sunday,00:00-05:59,4
YTD,06,Crime Type,OBSTRUCTING JUDICIARY,Sunday,06:00-11:59,1
YTD,06,Crime Type,OBSTRUCTING JUDICIARY,Sunday,12:00-17:59,6
YTD,06,Crime Type,OBSTRUCTING JUDICIARY,Sunday,18:00-23:59,3
YTD,06,Crime Type,OBSTRUCTING JUDICIARY,Thursday,00:00-05:59,3
YTD,06,Crime Type,OBSTRUCTING JUDICIARY,Thursday,06:00-11:59,2
YTD,06,Crime Type,OBSTRUCTING JUDICIARY,Thursday,12:00-17:59,9
YTD,06,Crime Type,OBSTRUCTING JUDICIARY,Thursday,18:00-23:59,6
YTD,06,Crime Type,OBSTRUCTING JUDICIARY,Tuesday,00:00-05:59,2
YTD,06,Crime Type,OBSTRUCTING JUDICIARY,Tuesday,06:00-11:59,5
YTD,06,Crime Type,OBSTRUCTING JUDICIARY,Tuesday,12:00-17:59,8
YTD,06,Crime Type,OBSTRUCTING JUDICIARY,Tuesday,18:00-23:59,8
YTD,06,Crime Type,OBSTRUCTING JUDICIARY,Wednesday,00:00-05:59,1
YTD,06,Crime Type,OBSTRUCTING JUDICIARY,Wednesday,06:00-11:59,4
YTD,06,Crime Type,OBSTRUCTING JUDICIARY,Wednesday,12:00-17:59,5
YTD,06,Crime Type,OBSTRUCTING JUDICIARY,Wednesday,18:00-23:59,3
YTD,06,Crime Type,OBSTRUCTING THE POLICE,Friday,00:00-05:59,7
YTD,06,Crime Type,OBSTRUCTING THE POLICE,Friday,06:00-11:59,3
YTD,06,Crime Type,OBSTRUCTING THE POLICE,Friday,12:00-17:59,8
YTD,06,Crime Type,OBSTRUCTING THE POLICE,Friday,18:00-23:59,16
YTD,06,Crime Type,OBSTRUCTING THE POLICE,Monday,00:00-05:59,4
YTD,06,Crime Type,OBSTRUCTING THE POLICE,Monday,06:00-11:59,1
YTD,06,Crime Type,OBSTRUCTING THE POLICE,Monday,12:00-17:59,7
YTD,06,Crime Type,OBSTRUCTING THE POLICE,Monday,18:00-23:59,11
YTD,06,Crime Type,OBSTRUCTING THE POLICE,Saturday,00:00-05:59,4
YTD,06,Crime Type,OBSTRUCTING THE POLICE,Saturday,06:00-11:59,2
YTD,06,Crime Type,OBSTRUCTING THE POLICE,Saturday,12:00-17:59,2
YTD,06,Crime Type,OBSTRUCTING THE POLICE,Saturday,18:00-23:59,14
YTD,06,Crime Type,OBSTRUCTING THE POLICE,Sunday,00:00-05:59,8
YTD,06,Crime Type,OBSTRUCTING THE POLICE,Sunday,06:00-11:59,2
YTD,06,Crime Type,OBSTRUCTING THE POLICE,Sunday,12:00-17:59,9
YTD,06,Crime Type,OBSTRUCTING THE POLICE,Sunday,18:00-23:59,13
YTD,06,Crime Type,OBSTRUCTING THE POLICE,Thursday,00:00-05:59,3
YTD,06,Crime Type,OBSTRUCTING THE POLICE,Thursday,06:00-11:59,4
YTD,06,Crime Type,OBSTRUCTING THE POLICE,Thursday,12:00-17:59,13
YTD,06,Crime Type,OBSTRUCTING THE POLICE,Thursday,18:00-23:59,11
YTD,06,Crime Type,OBSTRUCTING THE POLICE,Tuesday,00:00-05:59,4
YTD,06,Crime Type,OBSTRUCTING THE POLICE,Tuesday,06:00-11:59,4
YTD,06,Crime Type,OBSTRUCTING THE POLICE,Tuesday,12:00-17:59,10
YTD,06,Crime Type,OBSTRUCTING THE POLICE,Tuesday,18:00-23:59,4
YTD,06,Crime Type,OBSTRUCTING THE POLICE,Wednesday,00:00-05:59,2
YTD,06,Crime Type,OBSTRUCTING THE POLICE,Wednesday,06:00-11:59,3
YTD,06,Crime Type,OBSTRUCTING THE POLICE,Wednesday,12:00-17:59,10
YTD,06,Crime Type,OBSTRUCTING THE POLICE,Wednesday,18:00-23:59,12
YTD,06,Crime Type,OTHER,Friday,06:00-11:59,4
YTD,06,Crime Type,OTHER,Monday,06:00-11:59,2
YTD,06,Crime Type,OTHER,Monday,12:00-17:59,1
YTD,06,Crime Type,OTHER,Saturday,00:00-05:59,1
YTD,06,Crime Type,OTHER,Saturday,06:00-11:59,1
YTD,06,Crime Type,OTHER,Saturday,12:00-17:59,7
YTD,06,Crime Type,OTHER,Sunday,00:00-05:59,1
YTD,06,Crime Type,OTHER,Sunday,12:00-17:59,1
YTD,06,Crime Type,OTHER,Sunday,18:00-23:59,2
YTD,06,Crime Type,OTHER,Thursday,06:00-11:59,2
YTD,06,Crime Type,OTHER,Thursday,12:00-17:59,1
YTD,06,Crime Type,OTHER,Tuesday,06:00-11:59,1
YTD,06,Crime Type,OTHER,Tuesday,18:00-23:59,1
YTD,06,Crime Type,OTHER,Wednesday,06:00-11:59,1
YTD,06,Crime Type,OTHER,Wednesday,12:00-17:59,2
YTD,06,Crime Type,OTHER,Wednesday,18:00-23:59,3
YTD,06,Crime Type,OUIL,Friday,00:00-05:59,6
YTD,06,Crime Type,OUIL,Friday,06:00-11:59,2
YTD,06,Crime Type,OUIL,Friday,12:00-17:59,2
YTD,06,Crime Type,OUIL,Monday,18:00-23:59,4
YTD,06,Crime Type,OUIL,Saturday,18:00-23:59,4
YTD,06,Crime Type,OUIL,Sunday,12:00-17:59,2
YTD,06,Crime Type,OUIL,Sunday,18:00-23:59,2
YTD,06,Crime Type,OUIL,Thursday,00:00-05:59,2
YTD,06,Crime Type,OUIL,Thursday,18:00-23:59,2
YTD,06,Crime Type,OUIL,Tuesday,00:00-05:59,4
YTD,06,Crime Type,OUIL,Tuesday,18:00-23:59,2
YTD,06,Crime Type,OUIL,Wednesday,00:00-05:59,2
YTD,06,Crime Type,OUIL,Wednesday,12:00-17:59,2
YTD,06,Crime Type,ROBBERY,Friday,00:00-05:59,1
YTD,06,Crime Type,ROBBERY,Friday,06:00-11:59,1
YTD,06,Crime Type,ROBBERY,Friday,18:00-23:59,2
YTD,06,Crime Type,ROBBERY,Monday,00:00-05:59,6
YTD,06,Crime Type,ROBBERY,Monday,12:00-17:59,5
YTD,06,Crime Type,ROBBERY,Monday,18:00-23:59,5
YTD,06,Crime Type,ROBBERY,Saturday,00:00-05:59,1
YTD,06,Crime Type,ROBBERY,Saturday,06:00-11:59,2
YTD,06,Crime Type,ROBBERY,Saturday,12:00-17:59,2
YTD,06,Crime Type,ROBBERY,Saturday,18:00-23:59,5
YTD,06,Crime Type,ROBBERY,Sunday,00:00-05:59,4
YTD,06,Crime Type,ROBBERY,Sunday,06:00-11:59,4
YTD,06,Crime Type,ROBBERY,Sunday,12:00-17:59,5
YTD,06,Crime Type,ROBBERY,Sunday,18:00-23:59,12
YTD,06,Crime Type,ROBBERY,Thursday,00:00-05:59,1
YTD,06,Crime Type,ROBBERY,Thursday,06:00-11:59,2
YTD,06,Crime Type,ROBBERY,Thursday,18:00-23:59,1
YTD,06,Crime Type,ROBBERY,Tuesday,00:00-05:59,4
YTD,06,Crime Type,ROBBERY,Tuesday,06:00-11:59,3
YTD,06,Crime Type,ROBBERY,Tuesday,12:00-17:59,5
YTD,06,Crime Type,ROBBERY,Tuesday,18:00-23:59,3
YTD,06,Crime Type,ROBBERY,Wednesday,00:00-05:59,2
YTD,06,Crime Type,ROBBERY,Wednesday,06:00-11:59,2
YTD,06,Crime Type,ROBBERY,Wednesday,12:00-17:59,5
YTD,06,Crime Type,ROBBERY,Wednesday,18:00-23:59,10
YTD,06,Crime Type,RUNAWAY,Friday,00:00-05:59,2
YTD,06,Crime Type,RUNAWAY,Friday,06:00-11:59,2
YTD,06,Crime Type,RUNAWAY,Friday,12:00-17:59,1
YTD,06,Crime Type,RUNAWAY,Friday,18:00-23:59,3
YTD,06,Crime Type,RUNAWAY,Monday,00:00-05:59,3
YTD,06,Crime Type,RUNAWAY,Monday,06:00-11:59,5
YTD,06,Crime Type,RUNAWAY,Monday,12:00-17:59,8
YTD,06,Crime Type,RUNAWAY,Monday,18:00-23:59,4
YTD,06,Crime Type,RUNAWAY,Saturday,00:00-05:59,2
YTD,06,Crime Type,RUNAWAY,Saturday,06:00-11:59,2
YTD,06,Crime Type,RUNAWAY,Saturday,12:00-17:59,7
YTD,06,Crime Type,RUNAWAY,Saturday,18:00-23:59,7
YTD,06,Crime Type,RUNAWAY,Sunday,00:00-05:59,4
YTD,06,Crime Type,RUNAWAY,Sunday,06:00-11:59,2
YTD,06,Crime Type,RUNAWAY,Sunday,12:00-17:59,6
YTD,06,Crime Type,RUNAWAY,Sunday,18:00-23:59,2
YTD,06,Crime Type,RUNAWAY,Thursday,06:00-11:59,3
YTD,06,Crime Type,RUNAWAY,Thursday,12:00-17:59,2
YTD,06,Crime Type,RUNAWAY,Thursday,18:00-23:59,8
YTD,06,Crime Type,RUNAWAY,Tuesday,00:00-05:59,2
YTD,06,Crime Type,RUNAWAY,Tuesday,06:00-11:59,3
YTD,06,Crime Type,RUNAWAY,Tuesday,12:00-17:59,6
YTD,06,Crime Type,RUNAWAY,Tuesday,18:00-23:59,6
YTD,06,Crime Type,RUNAWAY,Wednesday,00:00-05:59,1
YTD,06,Crime Type,RUNAWAY,Wednesday,06:00-11:59,5
YTD,06,Crime Type,RUNAWAY,Wednesday,12:00-17:59,5
YTD,06,Crime Type,RUNAWAY,Wednesday,18:00-23:59,9
YTD,06,Crime Type,SEX OFFENSES,Friday,00:00-05:59,1
YTD,06,Crime Type,SEX OFFENSES,Friday,06:00-11:59,3
YTD,06,Crime Type,SEX OFFENSES,Friday,12:00-17:59,2
YTD,06,Crime Type,SEX OFFENSES,Friday,18:00-23:59,3
YTD,06,Crime Type,SEX OFFENSES,Monday,00:00-05:59,1
YTD,06,Crime Type,SEX OFFENSES,Monday,06:00-11:59,1
YTD,06,Crime Type,SEX OFFENSES,Monday,12:00-17:59,3
YTD,06,Crime Type,SEX OFFENSES,Monday,18:00-23:59,3
YTD,06,Crime Type,SEX OFFENSES,Saturday,06:00-11:59,2
YTD,06,Crime Type,SEX OFFENSES,Saturday,12:00-17:59,1
YTD,06,Crime Type,SEX OFFENSES,Sunday,00:00-05:59,3
YTD,06,Crime Type,SEX OFFENSES,Sunday,12:00-17:59,4
YTD,06,Crime Type,SEX OFFENSES,Sunday,18:00-23:59,2
YTD,06,Crime Type,SEX OFFENSES,Thursday,00:00-05:59,1
YTD,06,Crime Type,SEX OFFENSES,Thursday,06:00-11:59,3
YTD,06,Crime Type,SEX OFFENSES,Thursday,12:00-17:59,2
YTD,06,Crime Type,SEX OFFENSES,Thursday,18:00-23:59,2
YTD,06,Crime Type,SEX OFFENSES,Tuesday,00:00-05:59,2
YTD,06,Crime Type,SEX OFFENSES,Tuesday,06:00-11:59,1
YTD,06,Crime Type,SEX OFFENSES,Tuesday,12:00-17:59,3
YTD,06,Crime Type,SEX OFFENSES,Tuesday,18:00-23:59,1
YTD,06,Crime Type,SEX OFFENSES,Wednesday,00:00-05:59,3
YTD,06,Crime Type,SEX OFFENSES,Wednesday,06:00-11:59,1
YTD,06,Crime Type,SEX OFFENSES,Wednesday,12:00-17:59,2
YTD,06,Crime Type,SEX OFFENSES,Wednesday,18:00-23:59,1
YTD,06,Crime Type,SEXUAL ASSAULT,Friday,00:00-05:59,1
YTD,06,Crime Type,SEXUAL ASSAULT,Friday,06:00-11:59,2
YTD,06,Crime Type,SEXUAL ASSAULT,Friday,12:00-17:59,2
YTD,06,Crime Type,SEXUAL ASSAULT,Friday,18:00-23:59,3
YTD,06,Crime Type,SEXUAL ASSAULT,Monday,00:00-05:59,2
YTD,06,Crime Type,SEXUAL ASSAULT,Monday,06:00-11:59,2
YTD,06,Crime Type,SEXUAL ASSAULT,Monday,12:00-17:59,2
YTD,06,Crime Type,SEXUAL ASSAULT,Monday,18:00-23:59,3
YTD,06,Crime Type,SEXUAL ASSAULT,Saturday,00:00-05:59,2
YTD,06,Crime Type,SEXUAL ASSAULT,Saturday,06:00-11:59,3
YTD,06,Crime Type,SEXUAL ASSAULT,Saturday,12:00-17:59,2
YTD,06,Crime Type,SEXUAL ASSAULT,Sunday,00:00-05:59,3
YTD,06,Crime Type,SEXUAL ASSAULT,Sunday,06:00-11:59,3
YTD,06,Crime Type,SEXUAL ASSAULT,Sunday,12:00-17:59,1
YTD,06,Crime Type,SEXUAL ASSAULT,Sunday,18:00-23:59,3
YTD,06,Crime Type,SEXUAL ASSAULT,Thursday,00:00-05:59,3
YTD,06,Crime Type,SEXUAL ASSAULT,Thursday,12:00-17:59,4
YTD,06,Crime Type,SEXUAL ASSAULT,Thursday,18:00-23:59,4
YTD,06,Crime Type,SEXUAL ASSAULT,Tuesday,00:00-05:59,2
YTD,06,Crime Type,SEXUAL ASSAULT,Tuesday,06:00-11:59,1
YTD,06,Crime Type,SEXUAL ASSAULT,Tuesday,12:00-17:59,2
YTD,06,Crime Type,SEXUAL ASSAULT,Tuesday,18:00-23:59,4
YTD,06,Crime Type,SEXUAL ASSAULT,Wednesday,00:00-05:59,4
YTD,06,Crime Type,SEXUAL ASSAULT,Wednesday,06:00-11:59,1
YTD,06,Crime Type,SEXUAL ASSAULT,Wednesday,12:00-17:59,4
YTD,06,Crime Type,SEXUAL ASSAULT,Wednesday,18:00-23:59,4
YTD,06,Crime Type,SOLICITATION,Monday,18:00-23:59,1
YTD,06,Crime Type,STOLEN PROPERTY,Friday,00:00-05:59,6
YTD,06,Crime Type,STOLEN PROPERTY,Friday,06:00-11:59,14
YTD,06,Crime Type,STOLEN PROPERTY,Friday,12:00-17:59,18
YTD,06,Crime Type,STOLEN PROPERTY,Friday,18:00-23:59,4
YTD,06,Crime Type,STOLEN PROPERTY,Monday,00:00-05:59,4
YTD,06,Crime Type,STOLEN PROPERTY,Monday,06:00-11:59,10
YTD,06,Crime Type,STOLEN PROPERTY,Monday,12:00-17:59,17
YTD,06,Crime Type,STOLEN PROPERTY,Monday,18:00-23:59,7
YTD,06,Crime Type,STOLEN PROPERTY,Saturday,06:00-11:59,6
YTD,06,Crime Type,STOLEN PROPERTY,Saturday,12:00-17:59,3
YTD,06,Crime Type,STOLEN PROPERTY,Saturday,18:00-23:59,13
YTD,06,Crime Type,STOLEN PROPERTY,Sunday,00:00-05:59,4
YTD,06,Crime Type,STOLEN PROPERTY,Sunday,06:00-11:59,8
YTD,06,Crime Type,STOLEN PROPERTY,Sunday,12:00-17:59,4
YTD,06,Crime Type,STOLEN PROPERTY,Sunday,18:00-23:59,8
YTD,06,Crime Type,STOLEN PROPERTY,Thursday,00:00-05:59,5
YTD,06,Crime Type,STOLEN PROPERTY,Thursday,06:00-11:59,8
YTD,06,Crime Type,STOLEN PROPERTY,Thursday,12:00-17:59,10
YTD,06,Crime Type,STOLEN PROPERTY,Thursday,18:00-23:59,13
YTD,06,Crime Type,STOLEN PROPERTY,Tuesday,00:00-05:59,4
YTD,06,Crime Type,STOLEN PROPERTY,Tuesday,06:00-11:59,7
YTD,06,Crime Type,STOLEN PROPERTY,Tuesday,12:00-17:59,19
YTD,06,Crime Type,STOLEN PROPERTY,Tuesday,18:00-23:59,7
YTD,06,Crime Type,STOLEN PROPERTY,Wednesday,00:00-05:59,3
YTD,06,Crime Type,STOLEN PROPERTY,Wednesday,06:00-11:59,5
YTD,06,Crime Type,STOLEN PROPERTY,Wednesday,12:00-17:59,13
YTD,06,Crime Type,STOLEN PROPERTY,Wednesday,18:00-23:59,8
YTD,06,Crime Type,STOLEN VEHICLE,Friday,00:00-05:59,19
YTD,06,Crime Type,STOLEN VEHICLE,Friday,06:00-11:59,10
YTD,06,Crime Type,STOLEN VEHICLE,Friday,12:00-17:59,22
YTD,06,Crime Type,STOLEN VEHICLE,Friday,18:00-23:59,45
YTD,06,Crime Type,STOLEN VEHICLE,Monday,00:00-05:59,27
YTD,06,Crime Type,STOLEN VEHICLE,Monday,06:00-11:59,20
YTD,06,Crime Type,STOLEN VEHICLE,Monday,12:00-17:59,15
YTD,06,Crime Type,STOLEN VEHICLE,Monday,18:00-23:59,33
YTD,06,Crime Type,STOLEN VEHICLE,Saturday,00:00-05:59,24
YTD,06,Crime Type,STOLEN VEHICLE,Saturday,06:00-11:59,8
YTD,06,Crime Type,STOLEN VEHICLE,Saturday,12:00-17:59,22
YTD,06,Crime Type,STOLEN VEHICLE,Saturday,18:00-23:59,31
YTD,06,Crime Type,STOLEN VEHICLE,Sunday,00:00-05:59,26
YTD,06,Crime Type,STOLEN VEHICLE,Sunday,06:00-11:59,8
YTD,06,Crime Type,STOLEN VEHICLE,Sunday,12:00-17:59,15
YTD,06,Crime Type,STOLEN VEHICLE,Sunday,18:00-23:59,48
YTD,06,Crime Type,STOLEN VEHICLE,Thursday,00:00-05:59,26
YTD,06,Crime Type,STOLEN VEHICLE,Thursday,06:00-11:59,5
YTD,06,Crime Type,STOLEN VEHICLE,Thursday,12:00-17:59,14
YTD,06,Crime Type,STOLEN VEHICLE,Thursday,18:00-23:59,44
YTD,06,Crime Type,STOLEN VEHICLE,Tuesday,00:00-05:59,22
YTD,06,Crime Type,STOLEN VEHICLE,Tuesday,06:00-11:59,15
YTD,06,Crime Type,STOLEN VEHICLE,Tuesday,12:00-17:59,19
YTD,06,Crime Type,STOLEN VEHICLE,Tuesday,18:00-23:59,44
YTD,06,Crime Type,STOLEN VEHICLE,Wednesday,00:00-05:59,22
YTD,06,Crime Type,STOLEN VEHICLE,Wednesday,06:00-11:59,10
YTD,06,Crime Type,STOLEN VEHICLE,Wednesday,12:00-17:59,14
YTD,06,Crime Type,STOLEN VEHICLE,Wednesday,18:00-23:59,33
YTD,06,Crime Type,WEAPONS OFFENSES,Friday,00:00-05:59,15
YTD,06,Crime Type,WEAPONS OFFENSES,Friday,06:00-11:59,3
YTD,06,Crime Type,WEAPONS OFFENSES,Friday,12:00-17:59,15
YTD,06,Crime Type,WEAPONS OFFENSES,Friday,18:00-23:59,21
YTD,06,Crime Type,WEAPONS OFFENSES,Monday,00:00-05:59,8
YTD,06,Crime Type,WEAPONS OFFENSES,Monday,06:00-11:59,3
YTD,06,Crime Type,WEAPONS OFFENSES,Monday,12:00-17:59,11
YTD,06,Crime Type,WEAPONS OFFENSES,Monday,18:00-23:59,15
YTD,06,Crime Type,WEAPONS OFFENSES,Saturday,00:00-05:59,12
YTD,06,Crime Type,WEAPONS OFFENSES,Saturday,06:00-11:59,3
YTD,06,Crime Type,WEAPONS OFFENSES,Saturday,12:00-17:59,7
YTD,06,Crime Type,WEAPONS OFFENSES,Saturday,18:00-23:59,33
YTD,06,Crime Type,WEAPONS OFFENSES,Sunday,00:00-05:59,14
YTD,06,Crime Type,WEAPONS OFFENSES,Sunday,06:00-11:59,3
YTD,06,Crime Type,WEAPONS OFFENSES,Sunday,12:00-17:59,9
YTD,06,Crime Type,WEAPONS OFFENSES,Sunday,18:00-23:59,27
YTD,06,Crime Type,WEAPONS OFFENSES,Thursday,00:00-05:59,12
YTD,06,Crime Type,WEAPONS OFFENSES,Thursday,06:00-11:59,2
YTD,06,Crime Type,WEAPONS OFFENSES,Thursday,12:00-17:59,21
YTD,06,Crime Type,WEAPONS OFFENSES,Thursday,18:00-23:59,21
YTD,06,Crime Type,WEAPONS OFFENSES,Tuesday,00:00-05:59,2
YTD,06,Crime Type,WEAPONS OFFENSES,Tuesday,06:00-11:59,8
YTD,06,Crime Type,WEAPONS OFFENSES,Tuesday,12:00-17:59,16
YTD,06,Crime Type,WEAPONS OFFENSES,Tuesday,18:00-23:59,15
YTD,06,Crime Type,WEAPONS OFFENSES,Wednesday,00:00-05:59,8
YTD,06,Crime Type,WEAPONS OFFENSES,Wednesday,06:00-11:59,4
YTD,06,Crime Type,WEAPONS OFFENSES,Wednesday,12:00-17:59,13
YTD,06,Crime Type,WEAPONS OFFENSES,Wednesday,18:00-23:59,20
YTD,06,Category Focus,Gun-Related,Friday,00:00-05:59,12
YTD,06,Category Focus,Gun-Related,Friday,06:00-11:59,3
YTD,06,Category Focus,Gun-Related,Friday,12:00-17:59,11
YTD,06,Category Focus,Gun-Related,Friday,18:00-23:59,19
YTD,06,Category Focus,Gun-Related,Monday,00:00-05:59,6
YTD,06,Category Focus,Gun-Related,Monday,06:00-11:59,3
YTD,06,Category Focus,Gun-Related,Monday,12:00-17:59,9
YTD,06,Category Focus,Gun-Related,Monday,18:00-23:59,13
YTD,06,Category Focus,Gun-Related,Saturday,00:00-05:59,12
YTD,06,Category Focus,Gun-Related,Saturday,06:00-11:59,3
YTD,06,Category Focus,Gun-Related,Saturday,12:00-17:59,5
YTD,06,Category Focus,Gun-Related,Saturday,18:00-23:59,25
YTD,06,Category Focus,Gun-Related,Sunday,00:00-05:59,11
YTD,06,Category Focus,Gun-Related,Sunday,06:00-11:59,3
YTD,06,Category Focus,Gun-Related,Sunday,12:00-17:59,6
YTD,06,Category Focus,Gun-Related,Sunday,18:00-23:59,24
YTD,06,Category Focus,Gun-Related,Thursday,00:00-05:59,11
YTD,06,Category Focus,Gun-Related,Thursday,06:00-11:59,2
YTD,06,Category Focus,Gun-Related,Thursday,12:00-17:59,17
YTD,06,Category Focus,Gun-Related,Thursday,18:00-23:59,16
YTD,06,Category Focus,Gun-Related,Tuesday,00:00-05:59,2
YTD,06,Category Focus,Gun-Related,Tuesday,06:00-11:59,7
YTD,06,Category Focus,Gun-Related,Tuesday,12:00-17:59,12
YTD,06,Category Focus,Gun-Related,Tuesday,18:00-23:59,13
YTD,06,Category Focus,Gun-Related,Wednesday,00:00-05:59,7
YTD,06,Category Focus,Gun-Related,Wednesday,06:00-11:59,3
YTD,06,Category Focus,Gun-Related,Wednesday,12:00-17:59,11
YTD,06,Category Focus,Gun-Related,Wednesday,18:00-23:59,17
YTD,06,Category Focus,Property Crime,Friday,00:00-05:59,85
YTD,06,Category Focus,Property Crime,Friday,06:00-11:59,88
YTD,06,Category Focus,Property Crime,Friday,12:00-17:59,172
YTD,06,Category Focus,Property Crime,Friday,18:00-23:59,150
YTD,06,Category Focus,Property Crime,Monday,00:00-05:59,98
YTD,06,Category Focus,Property Crime,Monday,06:00-11:59,114
YTD,06,Category Focus,Property Crime,Monday,12:00-17:59,166
YTD,06,Category Focus,Property Crime,Monday,18:00-23:59,142
YTD,06,Category Focus,Property Crime,Saturday,00:00-05:59,75
YTD,06,Category Focus,Property Crime,Saturday,06:00-11:59,93
YTD,06,Category Focus,Property Crime,Saturday,12:00-17:59,157
YTD,06,Category Focus,Property Crime,Saturday,18:00-23:59,128
YTD,06,Category Focus,Property Crime,Sunday,00:00-05:59,136
YTD,06,Category Focus,Property Crime,Sunday,06:00-11:59,91
YTD,06,Category Focus,Property Crime,Sunday,12:00-17:59,129
YTD,06,Category Focus,Property Crime,Sunday,18:00-23:59,163
YTD,06,Category Focus,Property Crime,Thursday,00:00-05:59,93
YTD,06,Category Focus,Property Crime,Thursday,06:00-11:59,80
YTD,06,Category Focus,Property Crime,Thursday,12:00-17:59,138
YTD,06,Category Focus,Property Crime,Thursday,18:00-23:59,156
YTD,06,Category Focus,Property Crime,Tuesday,00:00-05:59,70
YTD,06,Category Focus,Property Crime,Tuesday,06:00-11:59,99
YTD,06,Category Focus,Property Crime,Tuesday,12:00-17:59,161
YTD,06,Category Focus,Property Crime,Tuesday,18:00-23:59,164
YTD,06,Category Focus,Property Crime,Wednesday,00:00-05:59,99
YTD,06,Category Focus,Property Crime,Wednesday,06:00-11:59,91
YTD,06,Category Focus,Property Crime,Wednesday,12:00-17:59,135
YTD,06,Category Focus,Property Crime,Wednesday,18:00-23:59,135
YTD,06,Category Focus,Larceny,Friday,00:00-05:59,18
YTD,06,Category Focus,Larceny,Friday,06:00-11:59,28
YTD,06,Category Focus,Larceny,Friday,12:00-17:59,57
YTD,06,Category Focus,Larceny,Friday,18:00-23:59,31
YTD,06,Category Focus,Larceny,Monday,00:00-05:59,20
YTD,06,Category Focus,Larceny,Monday,06:00-11:59,29
YTD,06,Category Focus,Larceny,Monday,12:00-17:59,54
YTD,06,Category Focus,Larceny,Monday,18:00-23:59,36
YTD,06,Category Focus,Larceny,Saturday,00:00-05:59,13
YTD,06,Category Focus,Larceny,Saturday,06:00-11:59,31
YTD,06,Category Focus,Larceny,Saturday,12:00-17:59,52
YTD,06,Category Focus,Larceny,Saturday,18:00-23:59,31
YTD,06,Category Focus,Larceny,Sunday,00:00-05:59,38
YTD,06,Category Focus,Larceny,Sunday,06:00-11:59,25
YTD,06,Category Focus,Larceny,Sunday,12:00-17:59,43
YTD,06,Category Focus,Larceny,Sunday,18:00-23:59,30
YTD,06,Category Focus,Larceny,Thursday,00:00-05:59,16
YTD,06,Category Focus,Larceny,Thursday,06:00-11:59,30
YTD,06,Category Focus,Larceny,Thursday,12:00-17:59,48
YTD,06,Category Focus,Larceny,Thursday,18:00-23:59,38
YTD,06,Category Focus,Larceny,Tuesday,00:00-05:59,11
YTD,06,Category Focus,Larceny,Tuesday,06:00-11:59,27
YTD,06,Category Focus,Larceny,Tuesday,12:00-17:59,50
YTD,06,Category Focus,Larceny,Tuesday,18:00-23:59,47
YTD,06,Category Focus,Larceny,Wednesday,00:00-05:59,21
YTD,06,Category Focus,Larceny,Wednesday,06:00-11:59,37
YTD,06,Category Focus,Larceny,Wednesday,12:00-17:59,41
YTD,06,Category Focus,Larceny,Wednesday,18:00-23:59,37
YTD,07,All,All,Friday,00:00-05:59,139
YTD,07,All,All,Friday,06:00-11:59,135
YTD,07,All,All,Friday,12:00-17:59,226
YTD,07,All,All,Friday,18:00-23:59,254
YTD,07,All,All,Monday,00:00-05:59,146
YTD,07,All,All,Monday,06:00-11:59,163
YTD,07,All,All,Monday,12:00-17:59,264
YTD,07,All,All,Monday,18:00-23:59,228
YTD,07,All,All,Saturday,00:00-05:59,191
YTD,07,All,All,Saturday,06:00-11:59,129
YTD,07,All,All,Saturday,12:00-17:59,208
YTD,07,All,All,Saturday,18:00-23:59,261
YTD,07,All,All,Sunday,00:00-05:59,206
YTD,07,All,All,Sunday,06:00-11:59,122
YTD,07,All,All,Sunday,12:00-17:59,199
YTD,07,All,All,Sunday,18:00-23:59,293
YTD,07,All,All,Thursday,00:00-05:59,126
YTD,07,All,All,Thursday,06:00-11:59,145
YTD,07,All,All,Thursday,12:00-17:59,229
YTD,07,All,All,Thursday,18:00-23:59,220
YTD,07,All,All,Tuesday,00:00-05:59,129
YTD,07,All,All,Tuesday,06:00-11:59,141
YTD,07,All,All,Tuesday,12:00-17:59,261
YTD,07,All,All,Tuesday,18:00-23:59,231
YTD,07,All,All,Wednesday,00:00-05:59,117
YTD,07,All,All,Wednesday,06:00-11:59,125
YTD,07,All,All,Wednesday,12:00-17:59,240
YTD,07,All,All,Wednesday,18:00-23:59,255
YTD,07,Crime Type,AGGRAVATED ASSAULT,Friday,00:00-05:59,11
YTD,07,Crime Type,AGGRAVATED ASSAULT,Friday,06:00-11:59,3
YTD,07,Crime Type,AGGRAVATED ASSAULT,Friday,12:00-17:59,9
YTD,07,Crime Type,AGGRAVATED ASSAULT,Friday,18:00-23:59,25
YTD,07,Crime Type,AGGRAVATED ASSAULT,Monday,00:00-05:59,15
YTD,07,Crime Type,AGGRAVATED ASSAULT,Monday,06:00-11:59,8
YTD,07,Crime Type,AGGRAVATED ASSAULT,Monday,12:00-17:59,20
YTD,07,Crime Type,AGGRAVATED ASSAULT,Monday,18:00-23:59,17
YTD,07,Crime Type,AGGRAVATED ASSAULT,Saturday,00:00-05:59,15
YTD,07,Crime Type,AGGRAVATED ASSAULT,Saturday,06:00-11:59,12
YTD,07,Crime Type,AGGRAVATED ASSAULT,Saturday,12:00-17:59,8
YTD,07,Crime Type,AGGRAVATED ASSAULT,Saturday,18:00-23:59,14
YTD,07,Crime Type,AGGRAVATED ASSAULT,Sunday,00:00-05:59,23
YTD,07,Crime Type,AGGRAVATED ASSAULT,Sunday,06:00-11:59,20
YTD,07,Crime Type,AGGRAVATED ASSAULT,Sunday,12:00-17:59,16
YTD,07,Crime Type,AGGRAVATED ASSAULT,Sunday,18:00-23:59,20
YTD,07,Crime Type,AGGRAVATED ASSAULT,Thursday,00:00-05:59,11
YTD,07,Crime Type,AGGRAVATED ASSAULT,Thursday,06:00-11:59,6
YTD,07,Crime Type,AGGRAVATED ASSAULT,Thursday,12:00-17:59,12
YTD,07,Crime Type,AGGRAVATED ASSAULT,Thursday,18:00-23:59,15
YTD,07,Crime Type,AGGRAVATED ASSAULT,Tuesday,00:00-05:59,15
YTD,07,Crime Type,AGGRAVATED ASSAULT,Tuesday,06:00-11:59,8
YTD,07,Crime Type,AGGRAVATED ASSAULT,Tuesday,12:00-17:59,24
YTD,07,Crime Type,AGGRAVATED ASSAULT,Tuesday,18:00-23:59,18
YTD,07,Crime Type,AGGRAVATED ASSAULT,Wednesday,00:00-05:59,11
YTD,07,Crime Type,AGGRAVATED ASSAULT,Wednesday,06:00-11:59,8
YTD,07,Crime Type,AGGRAVATED ASSAULT,Wednesday,12:00-17:59,12
YTD,07,Crime Type,AGGRAVATED ASSAULT,Wednesday,18:00-23:59,19
YTD,07,Crime Type,ARSON,Friday,12:00-17:59,2
YTD,07,Crime Type,ARSON,Monday,00:00-05:59,3
YTD,07,Crime Type,ARSON,Monday,12:00-17:59,2
YTD,07,Crime Type,ARSON,Saturday,00:00-05:59,1
YTD,07,Crime Type,ARSON,Saturday,12:00-17:59,2
YTD,07,Crime Type,ARSON,Saturday,18:00-23:59,1
YTD,07,Crime Type,ARSON,Sunday,00:00-05:59,3
YTD,07,Crime Type,ARSON,Sunday,12:00-17:59,1
YTD,07,Crime Type,ARSON,Sunday,18:00-23:59,1
YTD,07,Crime Type,ARSON,Thursday,06:00-11:59,1
YTD,07,Crime Type,ARSON,Thursday,18:00-23:59,2
YTD,07,Crime Type,ARSON,Tuesday,00:00-05:59,2
YTD,07,Crime Type,ARSON,Wednesday,00:00-05:59,2
YTD,07,Crime Type,ARSON,Wednesday,06:00-11:59,1
YTD,07,Crime Type,ARSON,Wednesday,12:00-17:59,3
YTD,07,Crime Type,ASSAULT,Friday,00:00-05:59,28
YTD,07,Crime Type,ASSAULT,Friday,06:00-11:59,25
YTD,07,Crime Type,ASSAULT,Friday,12:00-17:59,33
YTD,07,Crime Type,ASSAULT,Friday,18:00-23:59,39
YTD,07,Crime Type,ASSAULT,Monday,00:00-05:59,26
YTD,07,Crime Type,ASSAULT,Monday,06:00-11:59,33
YTD,07,Crime Type,ASSAULT,Monday,12:00-17:59,40
YTD,07,Crime Type,ASSAULT,Monday,18:00-23:59,30
YTD,07,Crime Type,ASSAULT,Saturday,00:00-05:59,45
YTD,07,Crime Type,ASSAULT,Saturday,06:00-11:59,30
YTD,07,Crime Type,ASSAULT,Saturday,12:00-17:59,36
YTD,07,Crime Type,ASSAULT,Saturday,18:00-23:59,53
YTD,07,Crime Type,ASSAULT,Sunday,00:00-05:59,43
YTD,07,Crime Type,ASSAULT,Sunday,06:00-11:59,22
YTD,07,Crime Type,ASSAULT,Sunday,12:00-17:59,33
YTD,07,Crime Type,ASSAULT,Sunday,18:00-23:59,34
YTD,07,Crime Type,ASSAULT,Thursday,00:00-05:59,30
YTD,07,Crime Type,ASSAULT,Thursday,06:00-11:59,35
YTD,07,Crime Type,ASSAULT,Thursday,12:00-17:59,40
YTD,07,Crime Type,ASSAULT,Thursday,18:00-23:59,36
YTD,07,Crime Type,ASSAULT,Tuesday,00:00-05:59,23
YTD,07,Crime Type,ASSAULT,Tuesday,06:00-11:59,21
YTD,07,Crime Type,ASSAULT,Tuesday,12:00-17:59,41
YTD,07,Crime Type,ASSAULT,Tuesday,18:00-23:59,36
YTD,07,Crime Type,ASSAULT,Wednesday,00:00-05:59,21
YTD,07,Crime Type,ASSAULT,Wednesday,06:00-11:59,22
YTD,07,Crime Type,ASSAULT,Wednesday,12:00-17:59,50
YTD,07,Crime Type,ASSAULT,Wednesday,18:00-23:59,45
YTD,07,Crime Type,BURGLARY,Friday,00:00-05:59,10
YTD,07,Crime Type,BURGLARY,Friday,06:00-11:59,6
YTD,07,Crime Type,BURGLARY,Friday,12:00-17:59,12
YTD,07,Crime Type,BURGLARY,Friday,18:00-23:59,9
YTD,07,Crime Type,BURGLARY,Monday,00:00-05:59,15
YTD,07,Crime Type,BURGLARY,Monday,06:00-11:59,7
YTD,07,Crime Type,BURGLARY,Monday,12:00-17:59,14
YTD,07,Crime Type,BURGLARY,Monday,18:00-23:59,11
YTD,07,Crime Type,BURGLARY,Saturday,00:00-05:59,11
YTD,07,Crime Type,BURGLARY,Saturday,06:00-11:59,12
YTD,07,Crime Type,BURGLARY,Saturday,12:00-17:59,14
YTD,07,Crime Type,BURGLARY,Saturday,18:00-23:59,6
YTD,07,Crime Type,BURGLARY,Sunday,00:00-05:59,5
YTD,07,Crime Type,BURGLARY,Sunday,06:00-11:59,6
YTD,07,Crime Type,BURGLARY,Sunday,12:00-17:59,6
YTD,07,Crime Type,BURGLARY,Sunday,18:00-23:59,12
YTD,07,Crime Type,BURGLARY,Thursday,00:00-05:59,12
YTD,07,Crime Type,BURGLARY,Thursday,06:00-11:59,4
YTD,07,Crime Type,BURGLARY,Thursday,12:00-17:59,14
YTD,07,Crime Type,BURGLARY,Thursday,18:00-23:59,6
YTD,07,Crime Type,BURGLARY,Tuesday,00:00-05:59,3
YTD,07,Crime Type,BURGLARY,Tuesday,06:00-11:59,3
YTD,07,Crime Type,BURGLARY,Tuesday,12:00-17:59,7
YTD,07,Crime Type,BURGLARY,Tuesday,18:00-23:59,9
YTD,07,Crime Type,BURGLARY,Wednesday,00:00-05:59,6
YTD,07,Crime Type,BURGLARY,Wednesday,06:00-11:59,5
YTD,07,Crime Type,BURGLARY,Wednesday,12:00-17:59,13
YTD,07,Crime Type,BURGLARY,Wednesday,18:00-23:59,10
YTD,07,Crime Type,DAMAGE TO PROPERTY,Friday,00:00-05:59,24
YTD,07,Crime Type,DAMAGE TO PROPERTY,Friday,06:00-11:59,20
YTD,07,Crime Type,DAMAGE TO PROPERTY,Friday,12:00-17:59,11
YTD,07,Crime Type,DAMAGE TO PROPERTY,Friday,18:00-23:59,31
YTD,07,Crime Type,DAMAGE TO PROPERTY,Monday,00:00-05:59,20
YTD,07,Crime Type,DAMAGE TO PROPERTY,Monday,06:00-11:59,24
YTD,07,Crime Type,DAMAGE TO PROPERTY,Monday,12:00-17:59,31
YTD,07,Crime Type,DAMAGE TO PROPERTY,Monday,18:00-23:59,49
YTD,07,Crime Type,DAMAGE TO PROPERTY,Saturday,00:00-05:59,30
YTD,07,Crime Type,DAMAGE TO PROPERTY,Saturday,06:00-11:59,11
YTD,07,Crime Type,DAMAGE TO PROPERTY,Saturday,12:00-17:59,32
YTD,07,Crime Type,DAMAGE TO PROPERTY,Saturday,18:00-23:59,45
YTD,07,Crime Type,DAMAGE TO PROPERTY,Sunday,00:00-05:59,33
YTD,07,Crime Type,DAMAGE TO PROPERTY,Sunday,06:00-11:59,12
YTD,07,Crime Type,DAMAGE TO PROPERTY,Sunday,12:00-17:59,30
YTD,07,Crime Type,DAMAGE TO PROPERTY,Sunday,18:00-23:59,50
YTD,07,Crime Type,DAMAGE TO PROPERTY,Thursday,00:00-05:59,12
YTD,07,Crime Type,DAMAGE TO PROPERTY,Thursday,06:00-11:59,14
YTD,07,Crime Type,DAMAGE TO PROPERTY,Thursday,12:00-17:59,26
YTD,07,Crime Type,DAMAGE TO PROPERTY,Thursday,18:00-23:59,39
YTD,07,Crime Type,DAMAGE TO PROPERTY,Tuesday,00:00-05:59,18
YTD,07,Crime Type,DAMAGE TO PROPERTY,Tuesday,06:00-11:59,20
YTD,07,Crime Type,DAMAGE TO PROPERTY,Tuesday,12:00-17:59,40
YTD,07,Crime Type,DAMAGE TO PROPERTY,Tuesday,18:00-23:59,38
YTD,07,Crime Type,DAMAGE TO PROPERTY,Wednesday,00:00-05:59,26
YTD,07,Crime Type,DAMAGE TO PROPERTY,Wednesday,06:00-11:59,25
YTD,07,Crime Type,DAMAGE TO PROPERTY,Wednesday,12:00-17:59,31
YTD,07,Crime Type,DAMAGE TO PROPERTY,Wednesday,18:00-23:59,36
YTD,07,Crime Type,DANGEROUS DRUGS,Friday,12:00-17:59,4
YTD,07,Crime Type,DANGEROUS DRUGS,Friday,18:00-23:59,6
YTD,07,Crime Type,DANGEROUS DRUGS,Monday,00:00-05:59,2
YTD,07,Crime Type,DANGEROUS DRUGS,Monday,06:00-11:59,2
YTD,07,Crime Type,DANGEROUS DRUGS,Monday,12:00-17:59,5
YTD,07,Crime Type,DANGEROUS DRUGS,Monday,18:00-23:59,4
YTD,07,Crime Type,DANGEROUS DRUGS,Saturday,00:00-05:59,3
YTD,07,Crime Type,DANGEROUS DRUGS,Saturday,06:00-11:59,1
YTD,07,Crime Type,DANGEROUS DRUGS,Saturday,12:00-17:59,1
YTD,07,Crime Type,DANGEROUS DRUGS,Saturday,18:00-23:59,1
YTD,07,Crime Type,DANGEROUS DRUGS,Sunday,00:00-05:59,2
YTD,07,Crime Type,DANGEROUS DRUGS,Sunday,12:00-17:59,3
YTD,07,Crime Type,DANGEROUS DRUGS,Sunday,18:00-23:59,5
YTD,07,Crime Type,DANGEROUS DRUGS,Thursday,06:00-11:59,3
YTD,07,Crime Type,DANGEROUS DRUGS,Thursday,12:00-17:59,9
YTD,07,Crime Type,DANGEROUS DRUGS,Thursday,18:00-23:59,9
YTD,07,Crime Type,DANGEROUS DRUGS,Tuesday,00:00-05:59,3
YTD,07,Crime Type,DANGEROUS DRUGS,Tuesday,06:00-11:59,4
YTD,07,Crime Type,DANGEROUS DRUGS,Tuesday,12:00-17:59,9
YTD,07,Crime Type,DANGEROUS DRUGS,Tuesday,18:00-23:59,1
YTD,07,Crime Type,DANGEROUS DRUGS,Wednesday,00:00-05:59,1
YTD,07,Crime Type,DANGEROUS DRUGS,Wednesday,06:00-11:59,1
YTD,07,Crime Type,DANGEROUS DRUGS,Wednesday,12:00-17:59,7
YTD,07,Crime Type,DANGEROUS DRUGS,Wednesday,18:00-23:59,3
YTD,07,Crime Type,DISORDERLY CONDUCT,Friday,18:00-23:59,1
YTD,07,Crime Type,DISORDERLY CONDUCT,Monday,12:00-17:59,1
YTD,07,Crime Type,DISORDERLY CONDUCT,Monday,18:00-23:59,1
YTD,07,Crime Type,DISORDERLY CONDUCT,Saturday,00:00-05:59,1
YTD,07,Crime Type,DISORDERLY CONDUCT,Saturday,12:00-17:59,1
YTD,07,Crime Type,DISORDERLY CONDUCT,Sunday,00:00-05:59,4
YTD,07,Crime Type,DISORDERLY CONDUCT,Sunday,18:00-23:59,2
YTD,07,Crime Type,DISORDERLY CONDUCT,Thursday,06:00-11:59,1
YTD,07,Crime Type,DISORDERLY CONDUCT,Thursday,18:00-23:59,2
YTD,07,Crime Type,DISORDERLY CONDUCT,Tuesday,00:00-05:59,1
YTD,07,Crime Type,DISORDERLY CONDUCT,Tuesday,12:00-17:59,1
YTD,07,Crime Type,DISORDERLY CONDUCT,Tuesday,18:00-23:59,1
YTD,07,Crime Type,DISORDERLY CONDUCT,Wednesday,00:00-05:59,1
YTD,07,Crime Type,DISORDERLY CONDUCT,Wednesday,18:00-23:59,2
YTD,07,Crime Type,EXTORTION,Friday,00:00-05:59,1
YTD,07,Crime Type,EXTORTION,Friday,06:00-11:59,1
YTD,07,Crime Type,EXTORTION,Monday,06:00-11:59,1
YTD,07,Crime Type,EXTORTION,Sunday,00:00-05:59,1
YTD,07,Crime Type,EXTORTION,Tuesday,18:00-23:59,2
YTD,07,Crime Type,EXTORTION,Wednesday,06:00-11:59,1
YTD,07,Crime Type,EXTORTION,Wednesday,18:00-23:59,1
YTD,07,Crime Type,FAMILY OFFENSE,Friday,00:00-05:59,4
YTD,07,Crime Type,FAMILY OFFENSE,Friday,06:00-11:59,4
YTD,07,Crime Type,FAMILY OFFENSE,Friday,12:00-17:59,1
YTD,07,Crime Type,FAMILY OFFENSE,Friday,18:00-23:59,2
YTD,07,Crime Type,FAMILY OFFENSE,Monday,00:00-05:59,1
YTD,07,Crime Type,FAMILY OFFENSE,Monday,06:00-11:59,4
YTD,07,Crime Type,FAMILY OFFENSE,Monday,12:00-17:59,1
YTD,07,Crime Type,FAMILY OFFENSE,Monday,18:00-23:59,1
YTD,07,Crime Type,FAMILY OFFENSE,Saturday,06:00-11:59,2
YTD,07,Crime Type,FAMILY OFFENSE,Saturday,12:00-17:59,2
YTD,07,Crime Type,FAMILY OFFENSE,Saturday,18:00-23:59,4
YTD,07,Crime Type,FAMILY OFFENSE,Sunday,00:00-05:59,2
YTD,07,Crime Type,FAMILY OFFENSE,Sunday,06:00-11:59,3
YTD,07,Crime Type,FAMILY OFFENSE,Sunday,18:00-23:59,2
YTD,07,Crime Type,FAMILY OFFENSE,Thursday,06:00-11:59,3
YTD,07,Crime Type,FAMILY OFFENSE,Thursday,12:00-17:59,2
YTD,07,Crime Type,FAMILY OFFENSE,Thursday,18:00-23:59,4
YTD,07,Crime Type,FAMILY OFFENSE,Tuesday,00:00-05:59,1
YTD,07,Crime Type,FAMILY OFFENSE,Tuesday,06:00-11:59,1
YTD,07,Crime Type,FAMILY OFFENSE,Tuesday,12:00-17:59,2
YTD,07,Crime Type,FAMILY OFFENSE,Tuesday,18:00-23:59,1
YTD,07,Crime Type,FAMILY OFFENSE,Wednesday,06:00-11:59,2
YTD,07,Crime Type,FAMILY OFFENSE,Wednesday,12:00-17:59,3
YTD,07,Crime Type,FAMILY OFFENSE,Wednesday,18:00-23:59,1
YTD,07,Crime Type,FORGERY,Friday,00:00-05:59,1
YTD,07,Crime Type,FORGERY,Monday,00:00-05:59,1
YTD,07,Crime Type,FORGERY,Monday,12:00-17:59,1
YTD,07,Crime Type,FORGERY,Saturday,06:00-11:59,1
YTD,07,Crime Type,FORGERY,Saturday,18:00-23:59,3
YTD,07,Crime Type,FORGERY,Sunday,18:00-23:59,1
YTD,07,Crime Type,FORGERY,Thursday,06:00-11:59,1
YTD,07,Crime Type,FORGERY,Thursday,12:00-17:59,1
YTD,07,Crime Type,FORGERY,Thursday,18:00-23:59,1
YTD,07,Crime Type,FORGERY,Tuesday,06:00-11:59,1
YTD,07,Crime Type,FORGERY,Wednesday,06:00-11:59,1
YTD,07,Crime Type,FRAUD,Friday,00:00-05:59,8
YTD,07,Crime Type,FRAUD,Friday,06:00-11:59,16
YTD,07,Crime Type,FRAUD,Friday,12:00-17:59,37
YTD,07,Crime Type,FRAUD,Friday,18:00-23:59,15
YTD,07,Crime Type,FRAUD,Monday,00:00-05:59,7
YTD,07,Crime Type,FRAUD,Monday,06:00-11:59,22
YTD,07,Crime Type,FRAUD,Monday,12:00-17:59,35
YTD,07,Crime Type,FRAUD,Monday,18:00-23:59,11
YTD,07,Crime Type,FRAUD,Saturday,00:00-05:59,11
YTD,07,Crime Type,FRAUD,Saturday,06:00-11:59,13
YTD,07,Crime Type,FRAUD,Saturday,12:00-17:59,25
YTD,07,Crime Type,FRAUD,Saturday,18:00-23:59,15
YTD,07,Crime Type,FRAUD,Sunday,00:00-05:59,6
YTD,07,Crime Type,FRAUD,Sunday,06:00-11:59,10
YTD,07,Crime Type,FRAUD,Sunday,12:00-17:59,19
YTD,07,Crime Type,FRAUD,Sunday,18:00-23:59,20
YTD,07,Crime Type,FRAUD,Thursday,00:00-05:59,15
YTD,07,Crime Type,FRAUD,Thursday,06:00-11:59,12
YTD,07,Crime Type,FRAUD,Thursday,12:00-17:59,23
YTD,07,Crime Type,FRAUD,Thursday,18:00-23:59,9
YTD,07,Crime Type,FRAUD,Tuesday,00:00-05:59,10
YTD,07,Crime Type,FRAUD,Tuesday,06:00-11:59,20
YTD,07,Crime Type,FRAUD,Tuesday,12:00-17:59,28
YTD,07,Crime Type,FRAUD,Tuesday,18:00-23:59,18
YTD,07,Crime Type,FRAUD,Wednesday,00:00-05:59,8
YTD,07,Crime Type,FRAUD,Wednesday,06:00-11:59,18
YTD,07,Crime Type,FRAUD,Wednesday,12:00-17:59,27
YTD,07,Crime Type,FRAUD,Wednesday,18:00-23:59,18
YTD,07,Crime Type,HEALTH AND SAFETY,Sunday,00:00-05:59,2
YTD,07,Crime Type,HOMICIDE,Friday,06:00-11:59,1
YTD,07,Crime Type,HOMICIDE,Monday,06:00-11:59,1
YTD,07,Crime Type,HOMICIDE,Monday,12:00-17:59,1
YTD,07,Crime Type,HOMICIDE,Monday,18:00-23:59,1
YTD,07,Crime Type,HOMICIDE,Saturday,00:00-05:59,1
YTD,07,Crime Type,HOMICIDE,Tuesday,12:00-17:59,4
YTD,07,Crime Type,HOMICIDE,Tuesday,18:00-23:59,2
YTD,07,Crime Type,HOMICIDE,Wednesday,00:00-05:59,2
YTD,07,Crime Type,HOMICIDE,Wednesday,06:00-11:59,1
YTD,07,Crime Type,INVASION OF PRIVACY -OTHER,Friday,18:00-23:59,3
YTD,07,Crime Type,INVASION OF PRIVACY -OTHER,Monday,06:00-11:59,1
YTD,07,Crime Type,INVASION OF PRIVACY -OTHER,Monday,18:00-23:59,3
YTD,07,Crime Type,INVASION OF PRIVACY -OTHER,Saturday,18:00-23:59,1
YTD,07,Crime Type,INVASION OF PRIVACY -OTHER,Sunday,00:00-05:59,1
YTD,07,Crime Type,INVASION OF PRIVACY -OTHER,Sunday,06:00-11:59,2
YTD,07,Crime Type,INVASION OF PRIVACY -OTHER,Sunday,12:00-17:59,2
YTD,07,Crime Type,INVASION OF PRIVACY -OTHER,Thursday,06:00-11:59,1
YTD,07,Crime Type,INVASION OF PRIVACY -OTHER,Thursday,18:00-23:59,1
YTD,07,Crime Type,INVASION OF PRIVACY -OTHER,Tuesday,00:00-05:59,1
YTD,07,Crime Type,INVASION OF PRIVACY -OTHER,Wednesday,18:00-23:59,4
YTD,07,Crime Type,JUSTIFIABLE HOMICIDE,Saturday,00:00-05:59,1
YTD,07,Crime Type,JUSTIFIABLE HOMICIDE,Sunday,18:00-23:59,2
YTD,07,Crime Type,KIDNAPPING,Friday,18:00-23:59,1
YTD,07,Crime Type,KIDNAPPING,Monday,18:00-23:59,1
YTD,07,Crime Type,KIDNAPPING,Sunday,00:00-05:59,1
YTD,07,Crime Type,KIDNAPPING,Tuesday,00:00-05:59,1
YTD,07,Crime Type,KIDNAPPING,Wednesday,12:00-17:59,1
YTD,07,Crime Type,KIDNAPPING,Wednesday,18:00-23:59,1
YTD,07,Crime Type,LARCENY,Friday,00:00-05:59,21
YTD,07,Crime Type,LARCENY,Friday,06:00-11:59,38
YTD,07,Crime Type,LARCENY,Friday,12:00-17:59,66
YTD,07,Crime Type,LARCENY,Friday,18:00-23:59,51
YTD,07,Crime Type,LARCENY,Monday,00:00-05:59,20
YTD,07,Crime Type,LARCENY,Monday,06:00-11:59,37
YTD,07,Crime Type,LARCENY,Monday,12:00-17:59,65
YTD,07,Crime Type,LARCENY,Monday,18:00-23:59,38
YTD,07,Crime Type,LARCENY,Saturday,00:00-05:59,27
YTD,07,Crime Type,LARCENY,Saturday,06:00-11:59,27
YTD,07,Crime Type,LARCENY,Saturday,12:00-17:59,48
YTD,07,Crime Type,LARCENY,Saturday,18:00-23:59,59
YTD,07,Crime Type,LARCENY,Sunday,00:00-05:59,32
YTD,07,Crime Type,LARCENY,Sunday,06:00-11:59,25
YTD,07,Crime Type,LARCENY,Sunday,12:00-17:59,49
YTD,07,Crime Type,LARCENY,Sunday,18:00-23:59,75
YTD,07,Crime Type,LARCENY,Thursday,00:00-05:59,25
YTD,07,Crime Type,LARCENY,Thursday,06:00-11:59,39
YTD,07,Crime Type,LARCENY,Thursday,12:00-17:59,51
YTD,07,Crime Type,LARCENY,Thursday,18:00-23:59,35
YTD,07,Crime Type,LARCENY,Tuesday,00:00-05:59,14
YTD,07,Crime Type,LARCENY,Tuesday,06:00-11:59,32
YTD,07,Crime Type,LARCENY,Tuesday,12:00-17:59,65
YTD,07,Crime Type,LARCENY,Tuesday,18:00-23:59,34
YTD,07,Crime Type,LARCENY,Wednesday,00:00-05:59,9
YTD,07,Crime Type,LARCENY,Wednesday,06:00-11:59,19
YTD,07,Crime Type,LARCENY,Wednesday,12:00-17:59,50
YTD,07,Crime Type,LARCENY,Wednesday,18:00-23:59,47
YTD,07,Crime Type,LIQUOR,Saturday,06:00-11:59,1
YTD,07,Crime Type,MISCELLANEOUS,Friday,18:00-23:59,1
YTD,07,Crime Type,MISCELLANEOUS,Monday,12:00-17:59,1
YTD,07,Crime Type,MISCELLANEOUS,Saturday,12:00-17:59,2
YTD,07,Crime Type,MISCELLANEOUS,Saturday,18:00-23:59,1
YTD,07,Crime Type,MISCELLANEOUS,Thursday,06:00-11:59,1
YTD,07,Crime Type,MISCELLANEOUS,Tuesday,12:00-17:59,1
YTD,07,Crime Type,MISCELLANEOUS,Tuesday,18:00-23:59,1
YTD,07,Crime Type,MISCELLANEOUS,Wednesday,06:00-11:59,1
YTD,07,Crime Type,MISCELLANEOUS,Wednesday,12:00-17:59,1
YTD,07,Crime Type,OBSTRUCTING JUDICIARY,Friday,00:00-05:59,1
YTD,07,Crime Type,OBSTRUCTING JUDICIARY,Friday,06:00-11:59,4
YTD,07,Crime Type,OBSTRUCTING JUDICIARY,Friday,12:00-17:59,3
YTD,07,Crime Type,OBSTRUCTING JUDICIARY,Friday,18:00-23:59,6
YTD,07,Crime Type,OBSTRUCTING JUDICIARY,Monday,00:00-05:59,1
YTD,07,Crime Type,OBSTRUCTING JUDICIARY,Monday,12:00-17:59,1
YTD,07,Crime Type,OBSTRUCTING JUDICIARY,Monday,18:00-23:59,2
YTD,07,Crime Type,OBSTRUCTING JUDICIARY,Saturday,06:00-11:59,3
YTD,07,Crime Type,OBSTRUCTING JUDICIARY,Saturday,12:00-17:59,1
YTD,07,Crime Type,OBSTRUCTING JUDICIARY,Sunday,00:00-05:59,1
YTD,07,Crime Type,OBSTRUCTING JUDICIARY,Sunday,06:00-11:59,2
YTD,07,Crime Type,OBSTRUCTING JUDICIARY,Sunday,12:00-17:59,2
YTD,07,Crime Type,OBSTRUCTING JUDICIARY,Sunday,18:00-23:59,3
YTD,07,Crime Type,OBSTRUCTING JUDICIARY,Thursday,00:00-05:59,1
YTD,07,Crime Type,OBSTRUCTING JUDICIARY,Thursday,06:00-11:59,1
YTD,07,Crime Type,OBSTRUCTING JUDICIARY,Thursday,12:00-17:59,6
YTD,07,Crime Type,OBSTRUCTING JUDICIARY,Thursday,18:00-23:59,3
YTD,07,Crime Type,OBSTRUCTING JUDICIARY,Tuesday,00:00-05:59,1
YTD,07,Crime Type,OBSTRUCTING JUDICIARY,Tuesday,06:00-11:59,1
YTD,07,Crime Type,OBSTRUCTING JUDICIARY,Tuesday,12:00-17:59,5
YTD,07,Crime Type,OBSTRUCTING JUDICIARY,Tuesday,18:00-23:59,2
YTD,07,Crime Type,OBSTRUCTING JUDICIARY,Wednesday,00:00-05:59,1
YTD,07,Crime Type,OBSTRUCTING JUDICIARY,Wednesday,12:00-17:59,3
YTD,07,Crime Type,OBSTRUCTING JUDICIARY,Wednesday,18:00-23:59,2
YTD,07,Crime Type,OBSTRUCTING THE POLICE,Friday,06:00-11:59,4
YTD,07,Crime Type,OBSTRUCTING THE POLICE,Friday,12:00-17:59,1
YTD,07,Crime Type,OBSTRUCTING THE POLICE,Friday,18:00-23:59,6
YTD,07,Crime Type,OBSTRUCTING THE POLICE,Monday,00:00-05:59,10
YTD,07,Crime Type,OBSTRUCTING THE POLICE,Monday,06:00-11:59,1
YTD,07,Crime Type,OBSTRUCTING THE POLICE,Monday,12:00-17:59,7
YTD,07,Crime Type,OBSTRUCTING THE POLICE,Monday,18:00-23:59,7
YTD,07,Crime Type,OBSTRUCTING THE POLICE,Saturday,00:00-05:59,6
YTD,07,Crime Type,OBSTRUCTING THE POLICE,Saturday,06:00-11:59,1
YTD,07,Crime Type,OBSTRUCTING THE POLICE,Saturday,12:00-17:59,3
YTD,07,Crime Type,OBSTRUCTING THE POLICE,Saturday,18:00-23:59,6
YTD,07,Crime Type,OBSTRUCTING THE POLICE,Sunday,00:00-05:59,7
YTD,07,Crime Type,OBSTRUCTING THE POLICE,Sunday,06:00-11:59,3
YTD,07,Crime Type,OBSTRUCTING THE POLICE,Sunday,12:00-17:59,2
YTD,07,Crime Type,OBSTRUCTING THE POLICE,Sunday,18:00-23:59,8
YTD,07,Crime Type,OBSTRUCTING THE POLICE,Thursday,00:00-05:59,3
YTD,07,Crime Type,OBSTRUCTING THE POLICE,Thursday,12:00-17:59,3
YTD,07,Crime Type,OBSTRUCTING THE POLICE,Thursday,18:00-23:59,6
YTD,07,Crime Type,OBSTRUCTING THE POLICE,Tuesday,00:00-05:59,5
YTD,07,Crime Type,OBSTRUCTING THE POLICE,Tuesday,06:00-11:59,1
YTD,07,Crime Type,OBSTRUCTING THE POLICE,Tuesday,12:00-17:59,1
YTD,07,Crime Type,OBSTRUCTING THE POLICE,Tuesday,18:00-23:59,4
YTD,07,Crime Type,OBSTRUCTING THE POLICE,Wednesday,00:00-05:59,3
YTD,07,Crime Type,OBSTRUCTING THE POLICE,Wednesday,06:00-11:59,2
YTD,07,Crime Type,OBSTRUCTING THE POLICE,Wednesday,12:00-17:59,1
YTD,07,Crime Type,OBSTRUCTING THE POLICE,Wednesday,18:00-23:59,6
YTD,07,Crime Type,OTHER,Friday,12:00-17:59,1
YTD,07,Crime Type,OTHER,Monday,12:00-17:59,1
YTD,07,Crime Type,OTHER,Saturday,00:00-05:59,1
YTD,07,Crime Type,OTHER,Saturday,06:00-11:59,1
YTD,07,Crime Type,OTHER,Saturday,12:00-17:59,2
YTD,07,Crime Type,OTHER,Saturday,18:00-23:59,1
YTD,07,Crime Type,OTHER,Sunday,12:00-17:59,1
YTD,07,Crime Type,OTHER,Sunday,18:00-23:59,2
YTD,07,Crime Type,OTHER,Thursday,06:00-11:59,1
YTD,07,Crime Type,OTHER,Thursday,12:00-17:59,4
YTD,07,Crime Type,OTHER,Tuesday,12:00-17:59,5
YTD,07,Crime Type,OTHER,Tuesday,18:00-23:59,1
YTD,07,Crime Type,OTHER,Wednesday,06:00-11:59,1
YTD,07,Crime Type,OTHER,Wednesday,18:00-23:59,2
YTD,07,Crime Type,OUIL,Friday,12:00-17:59,2
YTD,07,Crime Type,OUIL,Monday,12:00-17:59,2
YTD,07,Crime Type,OUIL,Monday,18:00-23:59,2
YTD,07,Crime Type,OUIL,Saturday,00:00-05:59,6
YTD,07,Crime Type,OUIL,Saturday,06:00-11:59,2
YTD,07,Crime Type,OUIL,Saturday,18:00-23:59,2
YTD,07,Crime Type,OUIL,Sunday,12:00-17:59,2
YTD,07,Crime Type,OUIL,Thursday,00:00-05:59,2
YTD,07,Crime Type,OUIL,Thursday,06:00-11:59,4
YTD,07,Crime Type,OUIL,Thursday,18:00-23:59,2
YTD,07,Crime Type,OUIL,Tuesday,00:00-05:59,4
YTD,07,Crime Type,OUIL,Tuesday,12:00-17:59,4
YTD,07,Crime Type,OUIL,Tuesday,18:00-23:59,4
YTD,07,Crime Type,OUIL,Wednesday,06:00-11:59,4
YTD,07,Crime Type,OUIL,Wednesday,18:00-23:59,2
YTD,07,Crime Type,ROBBERY,Friday,00:00-05:59,6
YTD,07,Crime Type,ROBBERY,Friday,12:00-17:59,5
YTD,07,Crime Type,ROBBERY,Friday,18:00-23:59,3
YTD,07,Crime Type,ROBBERY,Monday,00:00-05:59,1
YTD,07,Crime Type,ROBBERY,Monday,06:00-11:59,1
YTD,07,Crime Type,ROBBERY,Monday,12:00-17:59,2
YTD,07,Crime Type,ROBBERY,Monday,18:00-23:59,1
YTD,07,Crime Type,ROBBERY,Saturday,12:00-17:59,1
YTD,07,Crime Type,ROBBERY,Saturday,18:00-23:59,2
YTD,07,Crime Type,ROBBERY,Sunday,00:00-05:59,8
YTD,07,Crime Type,ROBBERY,Sunday,06:00-11:59,1
YTD,07,Crime Type,ROBBERY,Sunday,12:00-17:59,3
YTD,07,Crime Type,ROBBERY,Sunday,18:00-23:59,6
YTD,07,Crime Type,ROBBERY,Thursday,00:00-05:59,1
YTD,07,Crime Type,ROBBERY,Thursday,12:00-17:59,1
YTD,07,Crime Type,ROBBERY,Thursday,18:00-23:59,2
YTD,07,Crime Type,ROBBERY,Tuesday,00:00-05:59,3
YTD,07,Crime Type,ROBBERY,Tuesday,06:00-11:59,3
YTD,07,Crime Type,ROBBERY,Tuesday,12:00-17:59,3
YTD,07,Crime Type,ROBBERY,Tuesday,18:00-23:59,5
YTD,07,Crime Type,ROBBERY,Wednesday,00:00-05:59,2
YTD,07,Crime Type,ROBBERY,Wednesday,06:00-11:59,1
YTD,07,Crime Type,ROBBERY,Wednesday,12:00-17:59,3
YTD,07,Crime Type,ROBBERY,Wednesday,18:00-23:59,2
YTD,07,Crime Type,RUNAWAY,Friday,12:00-17:59,7
YTD,07,Crime Type,RUNAWAY,Friday,18:00-23:59,3
YTD,07,Crime Type,RUNAWAY,Monday,00:00-05:59,1
YTD,07,Crime Type,RUNAWAY,Monday,12:00-17:59,3
YTD,07,Crime Type,RUNAWAY,Monday,18:00-23:59,2
YTD,07,Crime Type,RUNAWAY,Saturday,00:00-05:59,2
YTD,07,Crime Type,RUNAWAY,Saturday,06:00-11:59,1
YTD,07,Crime Type,RUNAWAY,Saturday,12:00-17:59,2
YTD,07,Crime Type,RUNAWAY,Saturday,18:00-23:59,3
YTD,07,Crime Type,RUNAWAY,Sunday,06:00-11:59,1
YTD,07,Crime Type,RUNAWAY,Sunday,12:00-17:59,2
YTD,07,Crime Type,RUNAWAY,Sunday,18:00-23:59,3
YTD,07,Crime Type,RUNAWAY,Thursday,06:00-11:59,2
YTD,07,Crime Type,RUNAWAY,Thursday,12:00-17:59,1
YTD,07,Crime Type,RUNAWAY,Tuesday,12:00-17:59,2
YTD,07,Crime Type,RUNAWAY,Tuesday,18:00-23:59,4
YTD,07,Crime Type,RUNAWAY,Wednesday,00:00-05:59,1
YTD,07,Crime Type,RUNAWAY,Wednesday,06:00-11:59,1
YTD,07,Crime Type,RUNAWAY,Wednesday,18:00-23:59,5
YTD,07,Crime Type,SEX OFFENSES,Friday,00:00-05:59,1
YTD,07,Crime Type,SEX OFFENSES,Friday,06:00-11:59,3
YTD,07,Crime Type,SEX OFFENSES,Friday,12:00-17:59,1
YTD,07,Crime Type,SEX OFFENSES,Monday,00:00-05:59,1
YTD,07,Crime Type,SEX OFFENSES,Monday,06:00-11:59,3
YTD,07,Crime Type,SEX OFFENSES,Monday,12:00-17:59,4
YTD,07,Crime Type,SEX OFFENSES,Saturday,00:00-05:59,2
YTD,07,Crime Type,SEX OFFENSES,Saturday,12:00-17:59,1
YTD,07,Crime Type,SEX OFFENSES,Saturday,18:00-23:59,4
YTD,07,Crime Type,SEX OFFENSES,Sunday,00:00-05:59,1
YTD,07,Crime Type,SEX OFFENSES,Sunday,06:00-11:59,1
YTD,07,Crime Type,SEX OFFENSES,Sunday,12:00-17:59,2
YTD,07,Crime Type,SEX OFFENSES,Sunday,18:00-23:59,1
YTD,07,Crime Type,SEX OFFENSES,Thursday,06:00-11:59,2
YTD,07,Crime Type,SEX OFFENSES,Thursday,12:00-17:59,2
YTD,07,Crime Type,SEX OFFENSES,Thursday,18:00-23:59,1
YTD,07,Crime Type,SEX OFFENSES,Tuesday,12:00-17:59,1
YTD,07,Crime Type,SEX OFFENSES,Tuesday,18:00-23:59,2
YTD,07,Crime Type,SEX OFFENSES,Wednesday,06:00-11:59,1
YTD,07,Crime Type,SEX OFFENSES,Wednesday,12:00-17:59,3
YTD,07,Crime Type,SEX OFFENSES,Wednesday,18:00-23:59,2
YTD,07,Crime Type,SEXUAL ASSAULT,Friday,00:00-05:59,3
YTD,07,Crime Type,SEXUAL ASSAULT,Friday,12:00-17:59,1
YTD,07,Crime Type,SEXUAL ASSAULT,Monday,00:00-05:59,2
YTD,07,Crime Type,SEXUAL ASSAULT,Monday,12:00-17:59,3
YTD,07,Crime Type,SEXUAL ASSAULT,Monday,18:00-23:59,1
YTD,07,Crime Type,SEXUAL ASSAULT,Saturday,00:00-05:59,2
YTD,07,Crime Type,SEXUAL ASSAULT,Saturday,06:00-11:59,1
YTD,07,Crime Type,SEXUAL ASSAULT,Saturday,12:00-17:59,2
YTD,07,Crime Type,SEXUAL ASSAULT,Saturday,18:00-23:59,1
YTD,07,Crime Type,SEXUAL ASSAULT,Sunday,06:00-11:59,1
YTD,07,Crime Type,SEXUAL ASSAULT,Sunday,18:00-23:59,3
YTD,07,Crime Type,SEXUAL ASSAULT,Thursday,00:00-05:59,2
YTD,07,Crime Type,SEXUAL ASSAULT,Thursday,06:00-11:59,2
YTD,07,Crime Type,SEXUAL ASSAULT,Thursday,12:00-17:59,2
YTD,07,Crime Type,SEXUAL ASSAULT,Thursday,18:00-23:59,1
YTD,07,Crime Type,SEXUAL ASSAULT,Tuesday,00:00-05:59,2
YTD,07,Crime Type,SEXUAL ASSAULT,Tuesday,06:00-11:59,1
YTD,07,Crime Type,SEXUAL ASSAULT,Tuesday,18:00-23:59,1
YTD,07,Crime Type,SEXUAL ASSAULT,Wednesday,00:00-05:59,1
YTD,07,Crime Type,SEXUAL ASSAULT,Wednesday,06:00-11:59,2
YTD,07,Crime Type,SEXUAL ASSAULT,Wednesday,12:00-17:59,2
YTD,07,Crime Type,STOLEN PROPERTY,Friday,00:00-05:59,1
YTD,07,Crime Type,STOLEN PROPERTY,Friday,06:00-11:59,3
YTD,07,Crime Type,STOLEN PROPERTY,Friday,12:00-17:59,5
YTD,07,Crime Type,STOLEN PROPERTY,Friday,18:00-23:59,4
YTD,07,Crime Type,STOLEN PROPERTY,Monday,00:00-05:59,1
YTD,07,Crime Type,STOLEN PROPERTY,Monday,06:00-11:59,4
YTD,07,Crime Type,STOLEN PROPERTY,Monday,12:00-17:59,5
YTD,07,Crime Type,STOLEN PROPERTY,Monday,18:00-23:59,5
YTD,07,Crime Type,STOLEN PROPERTY,Saturday,00:00-05:59,1
YTD,07,Crime Type,STOLEN PROPERTY,Saturday,06:00-11:59,1
YTD,07,Crime Type,STOLEN PROPERTY,Saturday,12:00-17:59,2
YTD,07,Crime Type,STOLEN PROPERTY,Saturday,18:00-23:59,1
YTD,07,Crime Type,STOLEN PROPERTY,Sunday,00:00-05:59,2
YTD,07,Crime Type,STOLEN PROPERTY,Sunday,06:00-11:59,2
YTD,07,Crime Type,STOLEN PROPERTY,Sunday,12:00-17:59,3
YTD,07,Crime Type,STOLEN PROPERTY,Sunday,18:00-23:59,5
YTD,07,Crime Type,STOLEN PROPERTY,Thursday,06:00-11:59,4
YTD,07,Crime Type,STOLEN PROPERTY,Thursday,12:00-17:59,6
YTD,07,Crime Type,STOLEN PROPERTY,Thursday,18:00-23:59,2
YTD,07,Crime Type,STOLEN PROPERTY,Tuesday,00:00-05:59,2
YTD,07,Crime Type,STOLEN PROPERTY,Tuesday,06:00-11:59,9
YTD,07,Crime Type,STOLEN PROPERTY,Tuesday,12:00-17:59,5
YTD,07,Crime Type,STOLEN PROPERTY,Tuesday,18:00-23:59,4
YTD,07,Crime Type,STOLEN PROPERTY,Wednesday,00:00-05:59,3
YTD,07,Crime Type,STOLEN PROPERTY,Wednesday,06:00-11:59,2
YTD,07,Crime Type,STOLEN PROPERTY,Wednesday,12:00-17:59,3
YTD,07,Crime Type,STOLEN PROPERTY,Wednesday,18:00-23:59,3
YTD,07,Crime Type,STOLEN VEHICLE,Friday,00:00-05:59,15
YTD,07,Crime Type,STOLEN VEHICLE,Friday,06:00-11:59,6
YTD,07,Crime Type,STOLEN VEHICLE,Friday,12:00-17:59,19
YTD,07,Crime Type,STOLEN VEHICLE,Friday,18:00-23:59,39
YTD,07,Crime Type,STOLEN VEHICLE,Monday,00:00-05:59,15
YTD,07,Crime Type,STOLEN VEHICLE,Monday,06:00-11:59,12
YTD,07,Crime Type,STOLEN VEHICLE,Monday,12:00-17:59,15
YTD,07,Crime Type,STOLEN VEHICLE,Monday,18:00-23:59,33
YTD,07,Crime Type,STOLEN VEHICLE,Saturday,00:00-05:59,20
YTD,07,Crime Type,STOLEN VEHICLE,Saturday,06:00-11:59,7
YTD,07,Crime Type,STOLEN VEHICLE,Saturday,12:00-17:59,19
YTD,07,Crime Type,STOLEN VEHICLE,Saturday,18:00-23:59,31
YTD,07,Crime Type,STOLEN VEHICLE,Sunday,00:00-05:59,22
YTD,07,Crime Type,STOLEN VEHICLE,Sunday,06:00-11:59,10
YTD,07,Crime Type,STOLEN VEHICLE,Sunday,12:00-17:59,19
YTD,07,Crime Type,STOLEN VEHICLE,Sunday,18:00-23:59,33
YTD,07,Crime Type,STOLEN VEHICLE,Thursday,00:00-05:59,10
YTD,07,Crime Type,STOLEN VEHICLE,Thursday,06:00-11:59,7
YTD,07,Crime Type,STOLEN VEHICLE,Thursday,12:00-17:59,17
YTD,07,Crime Type,STOLEN VEHICLE,Thursday,18:00-23:59,34
YTD,07,Crime Type,STOLEN VEHICLE,Tuesday,00:00-05:59,15
YTD,07,Crime Type,STOLEN VEHICLE,Tuesday,06:00-11:59,14
YTD,07,Crime Type,STOLEN VEHICLE,Tuesday,12:00-17:59,9
YTD,07,Crime Type,STOLEN VEHICLE,Tuesday,18:00-23:59,33
YTD,07,Crime Type,STOLEN VEHICLE,Wednesday,00:00-05:59,16
YTD,07,Crime Type,STOLEN VEHICLE,Wednesday,06:00-11:59,6
YTD,07,Crime Type,STOLEN VEHICLE,Wednesday,12:00-17:59,17
YTD,07,Crime Type,STOLEN VEHICLE,Wednesday,18:00-23:59,34
YTD,07,Crime Type,WEAPONS OFFENSES,Friday,00:00-05:59,4
YTD,07,Crime Type,WEAPONS OFFENSES,Friday,06:00-11:59,1
YTD,07,Crime Type,WEAPONS OFFENSES,Friday,12:00-17:59,6
YTD,07,Crime Type,WEAPONS OFFENSES,Friday,18:00-23:59,9
YTD,07,Crime Type,WEAPONS OFFENSES,Monday,00:00-05:59,4
YTD,07,Crime Type,WEAPONS OFFENSES,Monday,06:00-11:59,2
YTD,07,Crime Type,WEAPONS OFFENSES,Monday,12:00-17:59,4
YTD,07,Crime Type,WEAPONS OFFENSES,Monday,18:00-23:59,8
YTD,07,Crime Type,WEAPONS OFFENSES,Saturday,00:00-05:59,5
YTD,07,Crime Type,WEAPONS OFFENSES,Saturday,06:00-11:59,2
YTD,07,Crime Type,WEAPONS OFFENSES,Saturday,12:00-17:59,4
YTD,07,Crime Type,WEAPONS OFFENSES,Saturday,18:00-23:59,7
YTD,07,Crime Type,WEAPONS OFFENSES,Sunday,00:00-05:59,7
YTD,07,Crime Type,WEAPONS OFFENSES,Sunday,06:00-11:59,1
YTD,07,Crime Type,WEAPONS OFFENSES,Sunday,12:00-17:59,4
YTD,07,Crime Type,WEAPONS OFFENSES,Sunday,18:00-23:59,5
YTD,07,Crime Type,WEAPONS OFFENSES,Thursday,00:00-05:59,2
YTD,07,Crime Type,WEAPONS OFFENSES,Thursday,06:00-11:59,1
YTD,07,Crime Type,WEAPONS OFFENSES,Thursday,12:00-17:59,9
YTD,07,Crime Type,WEAPONS OFFENSES,Thursday,18:00-23:59,10
YTD,07,Crime Type,WEAPONS OFFENSES,Tuesday,00:00-05:59,5
YTD,07,Crime Type,WEAPONS OFFENSES,Tuesday,06:00-11:59,2
YTD,07,Crime Type,WEAPONS OFFENSES,Tuesday,12:00-17:59,4
YTD,07,Crime Type,WEAPONS OFFENSES,Tuesday,18:00-23:59,10
YTD,07,Crime Type,WEAPONS OFFENSES,Wednesday,00:00-05:59,3
YTD,07,Crime Type,WEAPONS OFFENSES,Wednesday,12:00-17:59,10
YTD,07,Crime Type,WEAPONS OFFENSES,Wednesday,18:00-23:59,10
YTD,07,Category Focus,Gun-Related,Friday,00:00-05:59,4
YTD,07,Category Focus,Gun-Related,Friday,06:00-11:59,1
YTD,07,Category Focus,Gun-Related,Friday,12:00-17:59,4
YTD,07,Category Focus,Gun-Related,Friday,18:00-23:59,6
YTD,07,Category Focus,Gun-Related,Monday,00:00-05:59,3
YTD,07,Category Focus,Gun-Related,Monday,06:00-11:59,1
YTD,07,Category Focus,Gun-Related,Monday,12:00-17:59,3
YTD,07,Category Focus,Gun-Related,Monday,18:00-23:59,7
YTD,07,Category Focus,Gun-Related,Saturday,00:00-05:59,5
YTD,07,Category Focus,Gun-Related,Saturday,06:00-11:59,1
YTD,07,Category Focus,Gun-Related,Saturday,12:00-17:59,4
YTD,07,Category Focus,Gun-Related,Saturday,18:00-23:59,7
YTD,07,Category Focus,Gun-Related,Sunday,00:00-05:59,7
YTD,07,Category Focus,Gun-Related,Sunday,06:00-11:59,1
YTD,07,Category Focus,Gun-Related,Sunday,12:00-17:59,3
YTD,07,Category Focus,Gun-Related,Sunday,18:00-23:59,5
YTD,07,Category Focus,Gun-Related,Thursday,00:00-05:59,1
YTD,07,Category Focus,Gun-Related,Thursday,06:00-11:59,1
YTD,07,Category Focus,Gun-Related,Thursday,12:00-17:59,8
YTD,07,Category Focus,Gun-Related,Thursday,18:00-23:59,9
YTD,07,Category Focus,Gun-Related,Tuesday,00:00-05:59,4
YTD,07,Category Focus,Gun-Related,Tuesday,06:00-11:59,2
YTD,07,Category Focus,Gun-Related,Tuesday,12:00-17:59,3
YTD,07,Category Focus,Gun-Related,Tuesday,18:00-23:59,7
YTD,07,Category Focus,Gun-Related,Wednesday,00:00-05:59,2
YTD,07,Category Focus,Gun-Related,Wednesday,12:00-17:59,9
YTD,07,Category Focus,Gun-Related,Wednesday,18:00-23:59,8
YTD,07,Category Focus,Property Crime,Friday,00:00-05:59,71
YTD,07,Category Focus,Property Crime,Friday,06:00-11:59,73
YTD,07,Category Focus,Property Crime,Friday,12:00-17:59,113
YTD,07,Category Focus,Property Crime,Friday,18:00-23:59,134
YTD,07,Category Focus,Property Crime,Monday,00:00-05:59,71
YTD,07,Category Focus,Property Crime,Monday,06:00-11:59,84
YTD,07,Category Focus,Property Crime,Monday,12:00-17:59,130
YTD,07,Category Focus,Property Crime,Monday,18:00-23:59,136
YTD,07,Category Focus,Property Crime,Saturday,00:00-05:59,89
YTD,07,Category Focus,Property Crime,Saturday,06:00-11:59,58
YTD,07,Category Focus,Property Crime,Saturday,12:00-17:59,115
YTD,07,Category Focus,Property Crime,Saturday,18:00-23:59,142
YTD,07,Category Focus,Property Crime,Sunday,00:00-05:59,94
YTD,07,Category Focus,Property Crime,Sunday,06:00-11:59,55
YTD,07,Category Focus,Property Crime,Sunday,12:00-17:59,107
YTD,07,Category Focus,Property Crime,Sunday,18:00-23:59,175
YTD,07,Category Focus,Property Crime,Thursday,00:00-05:59,59
YTD,07,Category Focus,Property Crime,Thursday,06:00-11:59,68
YTD,07,Category Focus,Property Crime,Thursday,12:00-17:59,114
YTD,07,Category Focus,Property Crime,Thursday,18:00-23:59,116
YTD,07,Category Focus,Property Crime,Tuesday,00:00-05:59,52
YTD,07,Category Focus,Property Crime,Tuesday,06:00-11:59,78
YTD,07,Category Focus,Property Crime,Tuesday,12:00-17:59,126
YTD,07,Category Focus,Property Crime,Tuesday,18:00-23:59,118
YTD,07,Category Focus,Property Crime,Wednesday,00:00-05:59,60
YTD,07,Category Focus,Property Crime,Wednesday,06:00-11:59,57
YTD,07,Category Focus,Property Crime,Wednesday,12:00-17:59,114
YTD,07,Category Focus,Property Crime,Wednesday,18:00-23:59,130
YTD,07,Category Focus,Larceny,Friday,00:00-05:59,21
YTD,07,Category Focus,Larceny,Friday,06:00-11:59,38
YTD,07,Category Focus,Larceny,Friday,12:00-17:59,66
YTD,07,Category Focus,Larceny,Friday,18:00-23:59,51
YTD,07,Category Focus,Larceny,Monday,00:00-05:59,20
YTD,07,Category Focus,Larceny,Monday,06:00-11:59,37
YTD,07,Category Focus,Larceny,Monday,12:00-17:59,65
YTD,07,Category Focus,Larceny,Monday,18:00-23:59,38
YTD,07,Category Focus,Larceny,Saturday,00:00-05:59,27
YTD,07,Category Focus,Larceny,Saturday,06:00-11:59,27
YTD,07,Category Focus,Larceny,Saturday,12:00-17:59,48
YTD,07,Category Focus,Larceny,Saturday,18:00-23:59,59
YTD,07,Category Focus,Larceny,Sunday,00:00-05:59,32
YTD,07,Category Focus,Larceny,Sunday,06:00-11:59,25
YTD,07,Category Focus,Larceny,Sunday,12:00-17:59,49
YTD,07,Category Focus,Larceny,Sunday,18:00-23:59,75
YTD,07,Category Focus,Larceny,Thursday,00:00-05:59,25
YTD,07,Category Focus,Larceny,Thursday,06:00-11:59,39
YTD,07,Category Focus,Larceny,Thursday,12:00-17:59,51
YTD,07,Category Focus,Larceny,Thursday,18:00-23:59,35
YTD,07,Category Focus,Larceny,Tuesday,00:00-05:59,14
YTD,07,Category Focus,Larceny,Tuesday,06:00-11:59,32
YTD,07,Category Focus,Larceny,Tuesday,12:00-17:59,65
YTD,07,Category Focus,Larceny,Tuesday,18:00-23:59,34
YTD,07,Category Focus,Larceny,Wednesday,00:00-05:59,9
YTD,07,Category Focus,Larceny,Wednesday,06:00-11:59,19
YTD,07,Category Focus,Larceny,Wednesday,12:00-17:59,50
YTD,07,Category Focus,Larceny,Wednesday,18:00-23:59,47
YTD,08,All,All,Friday,00:00-05:59,293
YTD,08,All,All,Friday,06:00-11:59,251
YTD,08,All,All,Friday,12:00-17:59,460
YTD,08,All,All,Friday,18:00-23:59,424
YTD,08,All,All,Monday,00:00-05:59,276
YTD,08,All,All,Monday,06:00-11:59,265
YTD,08,All,All,Monday,12:00-17:59,412
YTD,08,All,All,Monday,18:00-23:59,433
YTD,08,All,All,Saturday,00:00-05:59,301
YTD,08,All,All,Saturday,06:00-11:59,250
YTD,08,All,All,Saturday,12:00-17:59,369
YTD,08,All,All,Saturday,18:00-23:59,444
YTD,08,All,All,Sunday,00:00-05:59,415
YTD,08,All,All,Sunday,06:00-11:59,203
YTD,08,All,All,Sunday,12:00-17:59,400
YTD,08,All,All,Sunday,18:00-23:59,407
YTD,08,All,All,Thursday,00:00-05:59,265
YTD,08,All,All,Thursday,06:00-11:59,253
YTD,08,All,All,Thursday,12:00-17:59,411
YTD,08,All,All,Thursday,18:00-23:59,397
YTD,08,All,All,Tuesday,00:00-05:59,290
YTD,08,All,All,Tuesday,06:00-11:59,265
YTD,08,All,All,Tuesday,12:00-17:59,432
YTD,08,All,All,Tuesday,18:00-23:59,396
YTD,08,All,All,Wednesday,00:00-05:59,303
YTD,08,All,All,Wednesday,06:00-11:59,238
YTD,08,All,All,Wednesday,12:00-17:59,444
YTD,08,All,All,Wednesday,18:00-23:59,432
YTD,08,Crime Type,AGGRAVATED ASSAULT,Friday,00:00-05:59,32
YTD,08,Crime Type,AGGRAVATED ASSAULT,Friday,06:00-11:59,21
YTD,08,Crime Type,AGGRAVATED ASSAULT,Friday,12:00-17:59,34
YTD,08,Crime Type,AGGRAVATED ASSAULT,Friday,18:00-23:59,51
YTD,08,Crime Type,AGGRAVATED ASSAULT,Monday,00:00-05:59,37
YTD,08,Crime Type,AGGRAVATED ASSAULT,Monday,06:00-11:59,24
YTD,08,Crime Type,AGGRAVATED ASSAULT,Monday,12:00-17:59,40
YTD,08,Crime Type,AGGRAVATED ASSAULT,Monday,18:00-23:59,68
YTD,08,Crime Type,AGGRAVATED ASSAULT,Saturday,00:00-05:59,41
YTD,08,Crime Type,AGGRAVATED ASSAULT,Saturday,06:00-11:59,21
YTD,08,Crime Type,AGGRAVATED ASSAULT,Saturday,12:00-17:59,32
YTD,08,Crime Type,AGGRAVATED ASSAULT,Saturday,18:00-23:59,49
YTD,08,Crime Type,AGGRAVATED ASSAULT,Sunday,00:00-05:59,50
YTD,08,Crime Type,AGGRAVATED ASSAULT,Sunday,06:00-11:59,18
YTD,08,Crime Type,AGGRAVATED ASSAULT,Sunday,12:00-17:59,38
YTD,08,Crime Type,AGGRAVATED ASSAULT,Sunday,18:00-23:59,44
YTD,08,Crime Type,AGGRAVATED ASSAULT,Thursday,00:00-05:59,27
YTD,08,Crime Type,AGGRAVATED ASSAULT,Thursday,06:00-11:59,23
YTD,08,Crime Type,AGGRAVATED ASSAULT,Thursday,12:00-17:59,41
YTD,08,Crime Type,AGGRAVATED ASSAULT,Thursday,18:00-23:59,39
YTD,08,Crime Type,AGGRAVATED ASSAULT,Tuesday,00:00-05:59,26
YTD,08,Crime Type,AGGRAVATED ASSAULT,Tuesday,06:00-11:59,18
YTD,08,Crime Type,AGGRAVATED ASSAULT,Tuesday,12:00-17:59,41
YTD,08,Crime Type,AGGRAVATED ASSAULT,Tuesday,18:00-23:59,38
YTD,08,Crime Type,AGGRAVATED ASSAULT,Wednesday,00:00-05:59,36
YTD,08,Crime Type,AGGRAVATED ASSAULT,Wednesday,06:00-11:59,16
YTD,08,Crime Type,AGGRAVATED ASSAULT,Wednesday,12:00-17:59,34
YTD,08,Crime Type,AGGRAVATED ASSAULT,Wednesday,18:00-23:59,41
YTD,08,Crime Type,ARSON,Friday,00:00-05:59,8
YTD,08,Crime Type,ARSON,Friday,06:00-11:59,2
YTD,08,Crime Type,ARSON,Friday,18:00-23:59,1
YTD,08,Crime Type,ARSON,Monday,00:00-05:59,1
YTD,08,Crime Type,ARSON,Monday,06:00-11:59,1
YTD,08,Crime Type,ARSON,Monday,18:00-23:59,1
YTD,08,Crime Type,ARSON,Saturday,00:00-05:59,1
YTD,08,Crime Type,ARSON,Saturday,06:00-11:59,1
YTD,08,Crime Type,ARSON,Saturday,18:00-23:59,2
YTD,08,Crime Type,ARSON,Sunday,00:00-05:59,7
YTD,08,Crime Type,ARSON,Sunday,06:00-11:59,2
YTD,08,Crime Type,ARSON,Sunday,12:00-17:59,2
YTD,08,Crime Type,ARSON,Thursday,00:00-05:59,1
YTD,08,Crime Type,ARSON,Thursday,06:00-11:59,1
YTD,08,Crime Type,ARSON,Thursday,12:00-17:59,2
YTD,08,Crime Type,ARSON,Thursday,18:00-23:59,1
YTD,08,Crime Type,ARSON,Tuesday,00:00-05:59,5
YTD,08,Crime Type,ARSON,Tuesday,06:00-11:59,2
YTD,08,Crime Type,ARSON,Tuesday,12:00-17:59,2
YTD,08,Crime Type,ARSON,Tuesday,18:00-23:59,5
YTD,08,Crime Type,ARSON,Wednesday,00:00-05:59,4
YTD,08,Crime Type,ARSON,Wednesday,06:00-11:59,2
YTD,08,Crime Type,ARSON,Wednesday,12:00-17:59,1
YTD,08,Crime Type,ARSON,Wednesday,18:00-23:59,1
YTD,08,Crime Type,ASSAULT,Friday,00:00-05:59,53
YTD,08,Crime Type,ASSAULT,Friday,06:00-11:59,56
YTD,08,Crime Type,ASSAULT,Friday,12:00-17:59,98
YTD,08,Crime Type,ASSAULT,Friday,18:00-23:59,74
YTD,08,Crime Type,ASSAULT,Monday,00:00-05:59,52
YTD,08,Crime Type,ASSAULT,Monday,06:00-11:59,52
YTD,08,Crime Type,ASSAULT,Monday,12:00-17:59,87
YTD,08,Crime Type,ASSAULT,Monday,18:00-23:59,73
YTD,08,Crime Type,ASSAULT,Saturday,00:00-05:59,73
YTD,08,Crime Type,ASSAULT,Saturday,06:00-11:59,58
YTD,08,Crime Type,ASSAULT,Saturday,12:00-17:59,83
YTD,08,Crime Type,ASSAULT,Saturday,18:00-23:59,83
YTD,08,Crime Type,ASSAULT,Sunday,00:00-05:59,98
YTD,08,Crime Type,ASSAULT,Sunday,06:00-11:59,51
YTD,08,Crime Type,ASSAULT,Sunday,12:00-17:59,98
YTD,08,Crime Type,ASSAULT,Sunday,18:00-23:59,78
YTD,08,Crime Type,ASSAULT,Thursday,00:00-05:59,51
YTD,08,Crime Type,ASSAULT,Thursday,06:00-11:59,68
YTD,08,Crime Type,ASSAULT,Thursday,12:00-17:59,83
YTD,08,Crime Type,ASSAULT,Thursday,18:00-23:59,78
YTD,08,Crime Type,ASSAULT,Tuesday,00:00-05:59,62
YTD,08,Crime Type,ASSAULT,Tuesday,06:00-11:59,63
YTD,08,Crime Type,ASSAULT,Tuesday,12:00-17:59,87
YTD,08,Crime Type,ASSAULT,Tuesday,18:00-23:59,70
YTD,08,Crime Type,ASSAULT,Wednesday,00:00-05:59,57
YTD,08,Crime Type,ASSAULT,Wednesday,06:00-11:59,54
YTD,08,Crime Type,ASSAULT,Wednesday,12:00-17:59,88
YTD,08,Crime Type,ASSAULT,Wednesday,18:00-23:59,82
YTD,08,Crime Type,BURGLARY,Friday,00:00-05:59,15
YTD,08,Crime Type,BURGLARY,Friday,06:00-11:59,13
YTD,08,Crime Type,BURGLARY,Friday,12:00-17:59,30
YTD,08,Crime Type,BURGLARY,Friday,18:00-23:59,15
YTD,08,Crime Type,BURGLARY,Monday,00:00-05:59,19
YTD,08,Crime Type,BURGLARY,Monday,06:00-11:59,28
YTD,08,Crime Type,BURGLARY,Monday,12:00-17:59,29
YTD,08,Crime Type,BURGLARY,Monday,18:00-23:59,18
YTD,08,Crime Type,BURGLARY,Saturday,00:00-05:59,18
YTD,08,Crime Type,BURGLARY,Saturday,06:00-11:59,17
YTD,08,Crime Type,BURGLARY,Saturday,12:00-17:59,28
YTD,08,Crime Type,BURGLARY,Saturday,18:00-23:59,24
YTD,08,Crime Type,BURGLARY,Sunday,00:00-05:59,16
YTD,08,Crime Type,BURGLARY,Sunday,06:00-11:59,20
YTD,08,Crime Type,BURGLARY,Sunday,12:00-17:59,38
YTD,08,Crime Type,BURGLARY,Sunday,18:00-23:59,14
YTD,08,Crime Type,BURGLARY,Thursday,00:00-05:59,21
YTD,08,Crime Type,BURGLARY,Thursday,06:00-11:59,20
YTD,08,Crime Type,BURGLARY,Thursday,12:00-17:59,33
YTD,08,Crime Type,BURGLARY,Thursday,18:00-23:59,24
YTD,08,Crime Type,BURGLARY,Tuesday,00:00-05:59,27
YTD,08,Crime Type,BURGLARY,Tuesday,06:00-11:59,26
YTD,08,Crime Type,BURGLARY,Tuesday,12:00-17:59,32
YTD,08,Crime Type,BURGLARY,Tuesday,18:00-23:59,21
YTD,08,Crime Type,BURGLARY,Wednesday,00:00-05:59,23
YTD,08,Crime Type,BURGLARY,Wednesday,06:00-11:59,21
YTD,08,Crime Type,BURGLARY,Wednesday,12:00-17:59,41
YTD,08,Crime Type,BURGLARY,Wednesday,18:00-23:59,12
YTD,08,Crime Type,DAMAGE TO PROPERTY,Friday,00:00-05:59,56
YTD,08,Crime Type,DAMAGE TO PROPERTY,Friday,06:00-11:59,28
YTD,08,Crime Type,DAMAGE TO PROPERTY,Friday,12:00-17:59,41
YTD,08,Crime Type,DAMAGE TO PROPERTY,Friday,18:00-23:59,45
YTD,08,Crime Type,DAMAGE TO PROPERTY,Monday,00:00-05:59,45
YTD,08,Crime Type,DAMAGE TO PROPERTY,Monday,06:00-11:59,41
YTD,08,Crime Type,DAMAGE TO PROPERTY,Monday,12:00-17:59,47
YTD,08,Crime Type,DAMAGE TO PROPERTY,Monday,18:00-23:59,72
YTD,08,Crime Type,DAMAGE TO PROPERTY,Saturday,00:00-05:59,51
YTD,08,Crime Type,DAMAGE TO PROPERTY,Saturday,06:00-11:59,40
YTD,08,Crime Type,DAMAGE TO PROPERTY,Saturday,12:00-17:59,41
YTD,08,Crime Type,DAMAGE TO PROPERTY,Saturday,18:00-23:59,54
YTD,08,Crime Type,DAMAGE TO PROPERTY,Sunday,00:00-05:59,65
YTD,08,Crime Type,DAMAGE TO PROPERTY,Sunday,06:00-11:59,26
YTD,08,Crime Type,DAMAGE TO PROPERTY,Sunday,12:00-17:59,51
YTD,08,Crime Type,DAMAGE TO PROPERTY,Sunday,18:00-23:59,48
YTD,08,Crime Type,DAMAGE TO PROPERTY,Thursday,00:00-05:59,44
YTD,08,Crime Type,DAMAGE TO PROPERTY,Thursday,06:00-11:59,24
YTD,08,Crime Type,DAMAGE TO PROPERTY,Thursday,12:00-17:59,40
YTD,08,Crime Type,DAMAGE TO PROPERTY,Thursday,18:00-23:59,36
YTD,08,Crime Type,DAMAGE TO PROPERTY,Tuesday,00:00-05:59,44
YTD,08,Crime Type,DAMAGE TO PROPERTY,Tuesday,06:00-11:59,25
YTD,08,Crime Type,DAMAGE TO PROPERTY,Tuesday,12:00-17:59,41
YTD,08,Crime Type,DAMAGE TO PROPERTY,Tuesday,18:00-23:59,49
YTD,08,Crime Type,DAMAGE TO PROPERTY,Wednesday,00:00-05:59,44
YTD,08,Crime Type,DAMAGE TO PROPERTY,Wednesday,06:00-11:59,30
YTD,08,Crime Type,DAMAGE TO PROPERTY,Wednesday,12:00-17:59,47
YTD,08,Crime Type,DAMAGE TO PROPERTY,Wednesday,18:00-23:59,49
YTD,08,Crime Type,DANGEROUS DRUGS,Friday,06:00-11:59,1
YTD,08,Crime Type,DANGEROUS DRUGS,Friday,12:00-17:59,2
YTD,08,Crime Type,DANGEROUS DRUGS,Friday,18:00-23:59,1
YTD,08,Crime Type,DANGEROUS DRUGS,Monday,06:00-11:59,1
YTD,08,Crime Type,DANGEROUS DRUGS,Monday,12:00-17:59,4
YTD,08,Crime Type,DANGEROUS DRUGS,Saturday,12:00-17:59,2
YTD,08,Crime Type,DANGEROUS DRUGS,Saturday,18:00-23:59,1
YTD,08,Crime Type,DANGEROUS DRUGS,Sunday,12:00-17:59,2
YTD,08,Crime Type,DANGEROUS DRUGS,Thursday,00:00-05:59,1
YTD,08,Crime Type,DANGEROUS DRUGS,Thursday,06:00-11:59,1
YTD,08,Crime Type,DANGEROUS DRUGS,Thursday,12:00-17:59,4
YTD,08,Crime Type,DANGEROUS DRUGS,Thursday,18:00-23:59,3
YTD,08,Crime Type,DANGEROUS DRUGS,Tuesday,00:00-05:59,1
YTD,08,Crime Type,DANGEROUS DRUGS,Tuesday,06:00-11:59,2
YTD,08,Crime Type,DANGEROUS DRUGS,Tuesday,12:00-17:59,8
YTD,08,Crime Type,DANGEROUS DRUGS,Tuesday,18:00-23:59,2
YTD,08,Crime Type,DANGEROUS DRUGS,Wednesday,00:00-05:59,2
YTD,08,Crime Type,DANGEROUS DRUGS,Wednesday,12:00-17:59,11
YTD,08,Crime Type,DANGEROUS DRUGS,Wednesday,18:00-23:59,2
YTD,08,Crime Type,DISORDERLY CONDUCT,Friday,00:00-05:59,3
YTD,08,Crime Type,DISORDERLY CONDUCT,Friday,12:00-17:59,1
YTD,08,Crime Type,DISORDERLY CONDUCT,Monday,06:00-11:59,1
YTD,08,Crime Type,DISORDERLY CONDUCT,Monday,12:00-17:59,2
YTD,08,Crime Type,DISORDERLY CONDUCT,Monday,18:00-23:59,2
YTD,08,Crime Type,DISORDERLY CONDUCT,Sunday,00:00-05:59,5
YTD,08,Crime Type,DISORDERLY CONDUCT,Thursday,12:00-17:59,1
YTD,08,Crime Type,DISORDERLY CONDUCT,Tuesday,12:00-17:59,1
YTD,08,Crime Type,DISORDERLY CONDUCT,Wednesday,00:00-05:59,1
YTD,08,Crime Type,DISORDERLY CONDUCT,Wednesday,12:00-17:59,2
YTD,08,Crime Type,DISORDERLY CONDUCT,Wednesday,18:00-23:59,1
YTD,08,Crime Type,EXTORTION,Monday,06:00-11:59,1
YTD,08,Crime Type,EXTORTION,Monday,18:00-23:59,1
YTD,08,Crime Type,EXTORTION,Saturday,00:00-05:59,1
YTD,08,Crime Type,EXTORTION,Sunday,00:00-05:59,1
YTD,08,Crime Type,EXTORTION,Sunday,06:00-11:59,1
YTD,08,Crime Type,EXTORTION,Thursday,12:00-17:59,1
YTD,08,Crime Type,EXTORTION,Tuesday,00:00-05:59,1
YTD,08,Crime Type,EXTORTION,Tuesday,12:00-17:59,1
YTD,08,Crime Type,EXTORTION,Wednesday,12:00-17:59,3
YTD,08,Crime Type,EXTORTION,Wednesday,18:00-23:59,1
YTD,08,Crime Type,FAMILY OFFENSE,Friday,00:00-05:59,3
YTD,08,Crime Type,FAMILY OFFENSE,Friday,06:00-11:59,4
YTD,08,Crime Type,FAMILY OFFENSE,Friday,12:00-17:59,6
YTD,08,Crime Type,FAMILY OFFENSE,Friday,18:00-23:59,5
YTD,08,Crime Type,FAMILY OFFENSE,Monday,00:00-05:59,3
YTD,08,Crime Type,FAMILY OFFENSE,Monday,06:00-11:59,6
YTD,08,Crime Type,FAMILY OFFENSE,Monday,12:00-17:59,10
YTD,08,Crime Type,FAMILY OFFENSE,Monday,18:00-23:59,1
YTD,08,Crime Type,FAMILY OFFENSE,Saturday,00:00-05:59,1
YTD,08,Crime Type,FAMILY OFFENSE,Saturday,06:00-11:59,8
YTD,08,Crime Type,FAMILY OFFENSE,Saturday,12:00-17:59,5
YTD,08,Crime Type,FAMILY OFFENSE,Saturday,18:00-23:59,6
YTD,08,Crime Type,FAMILY OFFENSE,Sunday,00:00-05:59,6
YTD,08,Crime Type,FAMILY OFFENSE,Sunday,06:00-11:59,2
YTD,08,Crime Type,FAMILY OFFENSE,Sunday,12:00-17:59,5
YTD,08,Crime Type,FAMILY OFFENSE,Sunday,18:00-23:59,3
YTD,08,Crime Type,FAMILY OFFENSE,Thursday,00:00-05:59,2
YTD,08,Crime Type,FAMILY OFFENSE,Thursday,06:00-11:59,4
YTD,08,Crime Type,FAMILY OFFENSE,Thursday,12:00-17:59,7
YTD,08,Crime Type,FAMILY OFFENSE,Thursday,18:00-23:59,3
YTD,08,Crime Type,FAMILY OFFENSE,Tuesday,00:00-05:59,2
YTD,08,Crime Type,FAMILY OFFENSE,Tuesday,06:00-11:59,6
YTD,08,Crime Type,FAMILY OFFENSE,Tuesday,12:00-17:59,6
YTD,08,Crime Type,FAMILY OFFENSE,Wednesday,00:00-05:59,2
YTD,08,Crime Type,FAMILY OFFENSE,Wednesday,06:00-11:59,5
YTD,08,Crime Type,FAMILY OFFENSE,Wednesday,12:00-17:59,5
YTD,08,Crime Type,FAMILY OFFENSE,Wednesday,18:00-23:59,11
YTD,08,Crime Type,FORGERY,Friday,18:00-23:59,2
YTD,08,Crime Type,FORGERY,Monday,12:00-17:59,1
YTD,08,Crime Type,FORGERY,Monday,18:00-23:59,2
YTD,08,Crime Type,FORGERY,Saturday,00:00-05:59,1
YTD,08,Crime Type,FORGERY,Saturday,12:00-17:59,1
YTD,08,Crime Type,FORGERY,Saturday,18:00-23:59,1
YTD,08,Crime Type,FORGERY,Sunday,06:00-11:59,1
YTD,08,Crime Type,FORGERY,Thursday,00:00-05:59,2
YTD,08,Crime Type,FORGERY,Thursday,06:00-11:59,1
YTD,08,Crime Type,FORGERY,Thursday,12:00-17:59,1
YTD,08,Crime Type,FORGERY,Thursday,18:00-23:59,1
YTD,08,Crime Type,FORGERY,Tuesday,12:00-17:59,2
YTD,08,Crime Type,FORGERY,Wednesday,12:00-17:59,1
YTD,08,Crime Type,FORGERY,Wednesday,18:00-23:59,1
YTD,08,Crime Type,FRAUD,Friday,00:00-05:59,17
YTD,08,Crime Type,FRAUD,Friday,06:00-11:59,35
YTD,08,Crime Type,FRAUD,Friday,12:00-17:59,76
YTD,08,Crime Type,FRAUD,Friday,18:00-23:59,25
YTD,08,Crime Type,FRAUD,Monday,00:00-05:59,18
YTD,08,Crime Type,FRAUD,Monday,06:00-11:59,26
YTD,08,Crime Type,FRAUD,Monday,12:00-17:59,56
YTD,08,Crime Type,FRAUD,Monday,18:00-23:59,15
YTD,08,Crime Type,FRAUD,Saturday,00:00-05:59,13
YTD,08,Crime Type,FRAUD,Saturday,06:00-11:59,26
YTD,08,Crime Type,FRAUD,Saturday,12:00-17:59,48
YTD,08,Crime Type,FRAUD,Saturday,18:00-23:59,25
YTD,08,Crime Type,FRAUD,Sunday,00:00-05:59,7
YTD,08,Crime Type,FRAUD,Sunday,06:00-11:59,17
YTD,08,Crime Type,FRAUD,Sunday,12:00-17:59,39
YTD,08,Crime Type,FRAUD,Sunday,18:00-23:59,16
YTD,08,Crime Type,FRAUD,Thursday,00:00-05:59,15
YTD,08,Crime Type,FRAUD,Thursday,06:00-11:59,33
YTD,08,Crime Type,FRAUD,Thursday,12:00-17:59,46
YTD,08,Crime Type,FRAUD,Thursday,18:00-23:59,15
YTD,08,Crime Type,FRAUD,Tuesday,00:00-05:59,11
YTD,08,Crime Type,FRAUD,Tuesday,06:00-11:59,36
YTD,08,Crime Type,FRAUD,Tuesday,12:00-17:59,45
YTD,08,Crime Type,FRAUD,Tuesday,18:00-23:59,22
YTD,08,Crime Type,FRAUD,Wednesday,00:00-05:59,13
YTD,08,Crime Type,FRAUD,Wednesday,06:00-11:59,25
YTD,08,Crime Type,FRAUD,Wednesday,12:00-17:59,59
YTD,08,Crime Type,FRAUD,Wednesday,18:00-23:59,17
YTD,08,Crime Type,HEALTH AND SAFETY,Sunday,12:00-17:59,2
YTD,08,Crime Type,HEALTH AND SAFETY,Sunday,18:00-23:59,2
YTD,08,Crime Type,HEALTH AND SAFETY,Thursday,12:00-17:59,1
YTD,08,Crime Type,HEALTH AND SAFETY,Tuesday,12:00-17:59,2
YTD,08,Crime Type,HEALTH AND SAFETY,Wednesday,12:00-17:59,2
YTD,08,Crime Type,HOMICIDE,Friday,12:00-17:59,3
YTD,08,Crime Type,HOMICIDE,Friday,18:00-23:59,2
YTD,08,Crime Type,HOMICIDE,Monday,00:00-05:59,2
YTD,08,Crime Type,HOMICIDE,Monday,06:00-11:59,1
YTD,08,Crime Type,HOMICIDE,Monday,12:00-17:59,1
YTD,08,Crime Type,HOMICIDE,Saturday,00:00-05:59,3
YTD,08,Crime Type,HOMICIDE,Saturday,18:00-23:59,2
YTD,08,Crime Type,HOMICIDE,Sunday,00:00-05:59,4
YTD,08,Crime Type,HOMICIDE,Sunday,12:00-17:59,1
YTD,08,Crime Type,HOMICIDE,Thursday,12:00-17:59,1
YTD,08,Crime Type,HOMICIDE,Thursday,18:00-23:59,4
YTD,08,Crime Type,HOMICIDE,Tuesday,18:00-23:59,4
YTD,08,Crime Type,HOMICIDE,Wednesday,00:00-05:59,1
YTD,08,Crime Type,HOMICIDE,Wednesday,18:00-23:59,3
YTD,08,Crime Type,INVASION OF PRIVACY -OTHER,Monday,06:00-11:59,2
YTD,08,Crime Type,INVASION OF PRIVACY -OTHER,Monday,12:00-17:59,2
YTD,08,Crime Type,INVASION OF PRIVACY -OTHER,Saturday,12:00-17:59,1
YTD,08,Crime Type,INVASION OF PRIVACY -OTHER,Saturday,18:00-23:59,2
YTD,08,Crime Type,INVASION OF PRIVACY -OTHER,Thursday,06:00-11:59,1
YTD,08,Crime Type,INVASION OF PRIVACY -OTHER,Thursday,12:00-17:59,1
YTD,08,Crime Type,INVASION OF PRIVACY -OTHER,Tuesday,06:00-11:59,2
YTD,08,Crime Type,INVASION OF PRIVACY -OTHER,Wednesday,12:00-17:59,1
YTD,08,Crime Type,JUSTIFIABLE HOMICIDE,Monday,00:00-05:59,1
YTD,08,Crime Type,JUSTIFIABLE HOMICIDE,Wednesday,18:00-23:59,1
YTD,08,Crime Type,KIDNAPPING,Friday,12:00-17:59,1
YTD,08,Crime Type,KIDNAPPING,Friday,18:00-23:59,2
YTD,08,Crime Type,KIDNAPPING,Saturday,06:00-11:59,1
YTD,08,Crime Type,KIDNAPPING,Saturday,18:00-23:59,2
YTD,08,Crime Type,KIDNAPPING,Sunday,00:00-05:59,3
YTD,08,Crime Type,KIDNAPPING,Sunday,06:00-11:59,2
YTD,08,Crime Type,KIDNAPPING,Sunday,12:00-17:59,2
YTD,08,Crime Type,KIDNAPPING,Thursday,00:00-05:59,1
YTD,08,Crime Type,KIDNAPPING,Thursday,12:00-17:59,1
YTD,08,Crime Type,KIDNAPPING,Tuesday,12:00-17:59,1
YTD,08,Crime Type,KIDNAPPING,Tuesday,18:00-23:59,2
YTD,08,Crime Type,KIDNAPPING,Wednesday,18:00-23:59,2
YTD,08,Crime Type,LARCENY,Friday,00:00-05:59,27
YTD,08,Crime Type,LARCENY,Friday,06:00-11:59,34
YTD,08,Crime Type,LARCENY,Friday,12:00-17:59,82
YTD,08,Crime Type,LARCENY,Friday,18:00-23:59,45
YTD,08,Crime Type,LARCENY,Monday,00:00-05:59,28
YTD,08,Crime Type,LARCENY,Monday,06:00-11:59,41
YTD,08,Crime Type,LARCENY,Monday,12:00-17:59,54
YTD,08,Crime Type,LARCENY,Monday,18:00-23:59,52
YTD,08,Crime Type,LARCENY,Saturday,00:00-05:59,37
YTD,08,Crime Type,LARCENY,Saturday,06:00-11:59,32
YTD,08,Crime Type,LARCENY,Saturday,12:00-17:59,65
YTD,08,Crime Type,LARCENY,Saturday,18:00-23:59,69
YTD,08,Crime Type,LARCENY,Sunday,00:00-05:59,62
YTD,08,Crime Type,LARCENY,Sunday,06:00-11:59,26
YTD,08,Crime Type,LARCENY,Sunday,12:00-17:59,60
YTD,08,Crime Type,LARCENY,Sunday,18:00-23:59,56
YTD,08,Crime Type,LARCENY,Thursday,00:00-05:59,26
YTD,08,Crime Type,LARCENY,Thursday,06:00-11:59,35
YTD,08,Crime Type,LARCENY,Thursday,12:00-17:59,54
YTD,08,Crime Type,LARCENY,Thursday,18:00-23:59,40
YTD,08,Crime Type,LARCENY,Tuesday,00:00-05:59,29
YTD,08,Crime Type,LARCENY,Tuesday,06:00-11:59,32
YTD,08,Crime Type,LARCENY,Tuesday,12:00-17:59,67
YTD,08,Crime Type,LARCENY,Tuesday,18:00-23:59,52
YTD,08,Crime Type,LARCENY,Wednesday,00:00-05:59,22
YTD,08,Crime Type,LARCENY,Wednesday,06:00-11:59,27
YTD,08,Crime Type,LARCENY,Wednesday,12:00-17:59,64
YTD,08,Crime Type,LARCENY,Wednesday,18:00-23:59,59
YTD,08,Crime Type,LIQUOR,Friday,18:00-23:59,1
YTD,08,Crime Type,LIQUOR,Saturday,00:00-05:59,1
YTD,08,Crime Type,LIQUOR,Sunday,18:00-23:59,1
YTD,08,Crime Type,MISCELLANEOUS,Friday,18:00-23:59,1
YTD,08,Crime Type,MISCELLANEOUS,Monday,00:00-05:59,2
YTD,08,Crime Type,MISCELLANEOUS,Monday,12:00-17:59,1
YTD,08,Crime Type,MISCELLANEOUS,Saturday,00:00-05:59,1
YTD,08,Crime Type,MISCELLANEOUS,Saturday,18:00-23:59,1
YTD,08,Crime Type,MISCELLANEOUS,Sunday,00:00-05:59,1
YTD,08,Crime Type,MISCELLANEOUS,Thursday,12:00-17:59,1
YTD,08,Crime Type,MISCELLANEOUS,Thursday,18:00-23:59,1
YTD,08,Crime Type,MISCELLANEOUS,Tuesday,00:00-05:59,1
YTD,08,Crime Type,MISCELLANEOUS,Tuesday,12:00-17:59,1
YTD,08,Crime Type,MISCELLANEOUS,Wednesday,06:00-11:59,1
YTD,08,Crime Type,MISCELLANEOUS,Wednesday,12:00-17:59,2
YTD,08,Crime Type,MISCELLANEOUS,Wednesday,18:00-23:59,1
YTD,08,Crime Type,OBSTRUCTING JUDICIARY,Friday,00:00-05:59,2
YTD,08,Crime Type,OBSTRUCTING JUDICIARY,Friday,06:00-11:59,8
YTD,08,Crime Type,OBSTRUCTING JUDICIARY,Friday,12:00-17:59,8
YTD,08,Crime Type,OBSTRUCTING JUDICIARY,Friday,18:00-23:59,8
YTD,08,Crime Type,OBSTRUCTING JUDICIARY,Monday,00:00-05:59,7
YTD,08,Crime Type,OBSTRUCTING JUDICIARY,Monday,06:00-11:59,4
YTD,08,Crime Type,OBSTRUCTING JUDICIARY,Monday,12:00-17:59,11
YTD,08,Crime Type,OBSTRUCTING JUDICIARY,Monday,18:00-23:59,3
YTD,08,Crime Type,OBSTRUCTING JUDICIARY,Saturday,00:00-05:59,4
YTD,08,Crime Type,OBSTRUCTING JUDICIARY,Saturday,06:00-11:59,4
YTD,08,Crime Type,OBSTRUCTING JUDICIARY,Saturday,12:00-17:59,4
YTD,08,Crime Type,OBSTRUCTING JUDICIARY,Saturday,18:00-23:59,3
YTD,08,Crime Type,OBSTRUCTING JUDICIARY,Sunday,00:00-05:59,1
YTD,08,Crime Type,OBSTRUCTING JUDICIARY,Sunday,06:00-11:59,3
YTD,08,Crime Type,OBSTRUCTING JUDICIARY,Sunday,12:00-17:59,2
YTD,08,Crime Type,OBSTRUCTING JUDICIARY,Sunday,18:00-23:59,13
YTD,08,Crime Type,OBSTRUCTING JUDICIARY,Thursday,00:00-05:59,1
YTD,08,Crime Type,OBSTRUCTING JUDICIARY,Thursday,06:00-11:59,9
YTD,08,Crime Type,OBSTRUCTING JUDICIARY,Thursday,12:00-17:59,10
YTD,08,Crime Type,OBSTRUCTING JUDICIARY,Thursday,18:00-23:59,6
YTD,08,Crime Type,OBSTRUCTING JUDICIARY,Tuesday,00:00-05:59,3
YTD,08,Crime Type,OBSTRUCTING JUDICIARY,Tuesday,06:00-11:59,4
YTD,08,Crime Type,OBSTRUCTING JUDICIARY,Tuesday,12:00-17:59,7
YTD,08,Crime Type,OBSTRUCTING JUDICIARY,Tuesday,18:00-23:59,10
YTD,08,Crime Type,OBSTRUCTING JUDICIARY,Wednesday,00:00-05:59,3
YTD,08,Crime Type,OBSTRUCTING JUDICIARY,Wednesday,06:00-11:59,10
YTD,08,Crime Type,OBSTRUCTING JUDICIARY,Wednesday,12:00-17:59,11
YTD,08,Crime Type,OBSTRUCTING JUDICIARY,Wednesday,18:00-23:59,7
YTD,08,Crime Type,OBSTRUCTING THE POLICE,Friday,00:00-05:59,7
YTD,08,Crime Type,OBSTRUCTING THE POLICE,Friday,06:00-11:59,2
YTD,08,Crime Type,OBSTRUCTING THE POLICE,Friday,12:00-17:59,3
YTD,08,Crime Type,OBSTRUCTING THE POLICE,Friday,18:00-23:59,11
YTD,08,Crime Type,OBSTRUCTING THE POLICE,Monday,00:00-05:59,9
YTD,08,Crime Type,OBSTRUCTING THE POLICE,Monday,06:00-11:59,4
YTD,08,Crime Type,OBSTRUCTING THE POLICE,Monday,12:00-17:59,3
YTD,08,Crime Type,OBSTRUCTING THE POLICE,Monday,18:00-23:59,6
YTD,08,Crime Type,OBSTRUCTING THE POLICE,Saturday,00:00-05:59,1
YTD,08,Crime Type,OBSTRUCTING THE POLICE,Saturday,06:00-11:59,4
YTD,08,Crime Type,OBSTRUCTING THE POLICE,Saturday,12:00-17:59,8
YTD,08,Crime Type,OBSTRUCTING THE POLICE,Saturday,18:00-23:59,16
YTD,08,Crime Type,OBSTRUCTING THE POLICE,Sunday,00:00-05:59,10
YTD,08,Crime Type,OBSTRUCTING THE POLICE,Sunday,06:00-11:59,2
YTD,08,Crime Type,OBSTRUCTING THE POLICE,Sunday,18:00-23:59,11
YTD,08,Crime Type,OBSTRUCTING THE POLICE,Thursday,00:00-05:59,11
YTD,08,Crime Type,OBSTRUCTING THE POLICE,Thursday,06:00-11:59,2
YTD,08,Crime Type,OBSTRUCTING THE POLICE,Thursday,12:00-17:59,6
YTD,08,Crime Type,OBSTRUCTING THE POLICE,Thursday,18:00-23:59,15
YTD,08,Crime Type,OBSTRUCTING THE POLICE,Tuesday,00:00-05:59,11
YTD,08,Crime Type,OBSTRUCTING THE POLICE,Tuesday,06:00-11:59,1
YTD,08,Crime Type,OBSTRUCTING THE POLICE,Tuesday,12:00-17:59,6
YTD,08,Crime Type,OBSTRUCTING THE POLICE,Tuesday,18:00-23:59,12
YTD,08,Crime Type,OBSTRUCTING THE POLICE,Wednesday,00:00-05:59,9
YTD,08,Crime Type,OBSTRUCTING THE POLICE,Wednesday,06:00-11:59,3
YTD,08,Crime Type,OBSTRUCTING THE POLICE,Wednesday,12:00-17:59,5
YTD,08,Crime Type,OBSTRUCTING THE POLICE,Wednesday,18:00-23:59,10
YTD,08,Crime Type,OTHER,Friday,06:00-11:59,1
YTD,08,Crime Type,OTHER,Friday,12:00-17:59,4
YTD,08,Crime Type,OTHER,Monday,12:00-17:59,1
YTD,08,Crime Type,OTHER,Monday,18:00-23:59,1
YTD,08,Crime Type,OTHER,Saturday,00:00-05:59,1
YTD,08,Crime Type,OTHER,Saturday,12:00-17:59,1
YTD,08,Crime Type,OTHER,Saturday,18:00-23:59,1
YTD,08,Crime Type,OTHER,Sunday,00:00-05:59,2
YTD,08,Crime Type,OTHER,Sunday,12:00-17:59,3
YTD,08,Crime Type,OTHER,Sunday,18:00-23:59,3
YTD,08,Crime Type,OTHER,Thursday,18:00-23:59,2
YTD,08,Crime Type,OTHER,Tuesday,00:00-05:59,1
YTD,08,Crime Type,OTHER,Tuesday,12:00-17:59,1
YTD,08,Crime Type,OTHER,Wednesday,12:00-17:59,1
YTD,08,Crime Type,OTHER,Wednesday,18:00-23:59,1
YTD,08,Crime Type,OUIL,Friday,06:00-11:59,2
YTD,08,Crime Type,OUIL,Friday,12:00-17:59,2
YTD,08,Crime Type,OUIL,Friday,18:00-23:59,2
YTD,08,Crime Type,OUIL,Monday,06:00-11:59,2
YTD,08,Crime Type,OUIL,Monday,12:00-17:59,6
YTD,08,Crime Type,OUIL,Monday,18:00-23:59,2
YTD,08,Crime Type,OUIL,Sunday,12:00-17:59,2
YTD,08,Crime Type,OUIL,Sunday,18:00-23:59,2
YTD,08,Crime Type,OUIL,Thursday,00:00-05:59,2
YTD,08,Crime Type,OUIL,Thursday,12:00-17:59,2
YTD,08,Crime Type,OUIL,Thursday,18:00-23:59,6
YTD,08,Crime Type,OUIL,Tuesday,18:00-23:59,2
YTD,08,Crime Type,OUIL,Wednesday,00:00-05:59,2
YTD,08,Crime Type,OUIL,Wednesday,12:00-17:59,2
YTD,08,Crime Type,OUIL,Wednesday,18:00-23:59,4
YTD,08,Crime Type,ROBBERY,Friday,00:00-05:59,3
YTD,08,Crime Type,ROBBERY,Friday,06:00-11:59,2
YTD,08,Crime Type,ROBBERY,Friday,12:00-17:59,4
YTD,08,Crime Type,ROBBERY,Friday,18:00-23:59,3
YTD,08,Crime Type,ROBBERY,Monday,00:00-05:59,2
YTD,08,Crime Type,ROBBERY,Monday,06:00-11:59,3
YTD,08,Crime Type,ROBBERY,Monday,12:00-17:59,3
YTD,08,Crime Type,ROBBERY,Monday,18:00-23:59,7
YTD,08,Crime Type,ROBBERY,Saturday,00:00-05:59,4
YTD,08,Crime Type,ROBBERY,Saturday,06:00-11:59,3
YTD,08,Crime Type,ROBBERY,Saturday,12:00-17:59,5
YTD,08,Crime Type,ROBBERY,Saturday,18:00-23:59,11
YTD,08,Crime Type,ROBBERY,Sunday,00:00-05:59,9
YTD,08,Crime Type,ROBBERY,Sunday,06:00-11:59,3
YTD,08,Crime Type,ROBBERY,Sunday,12:00-17:59,6
YTD,08,Crime Type,ROBBERY,Sunday,18:00-23:59,7
YTD,08,Crime Type,ROBBERY,Thursday,00:00-05:59,5
YTD,08,Crime Type,ROBBERY,Thursday,06:00-11:59,3
YTD,08,Crime Type,ROBBERY,Thursday,12:00-17:59,3
YTD,08,Crime Type,ROBBERY,Thursday,18:00-23:59,4
YTD,08,Crime Type,ROBBERY,Tuesday,00:00-05:59,3
YTD,08,Crime Type,ROBBERY,Tuesday,06:00-11:59,3
YTD,08,Crime Type,ROBBERY,Tuesday,12:00-17:59,6
YTD,08,Crime Type,ROBBERY,Tuesday,18:00-23:59,5
YTD,08,Crime Type,ROBBERY,Wednesday,00:00-05:59,4
YTD,08,Crime Type,ROBBERY,Wednesday,06:00-11:59,4
YTD,08,Crime Type,ROBBERY,Wednesday,12:00-17:59,6
YTD,08,Crime Type,ROBBERY,Wednesday,18:00-23:59,6
YTD,08,Crime Type,RUNAWAY,Friday,00:00-05:59,5
YTD,08,Crime Type,RUNAWAY,Friday,06:00-11:59,3
YTD,08,Crime Type,RUNAWAY,Friday,12:00-17:59,8
YTD,08,Crime Type,RUNAWAY,Friday,18:00-23:59,7
YTD,08,Crime Type,RUNAWAY,Monday,00:00-05:59,4
YTD,08,Crime Type,RUNAWAY,Monday,06:00-11:59,4
YTD,08,Crime Type,RUNAWAY,Monday,12:00-17:59,8
YTD,08,Crime Type,RUNAWAY,Monday,18:00-23:59,4
YTD,08,Crime Type,RUNAWAY,Saturday,00:00-05:59,2
YTD,08,Crime Type,RUNAWAY,Saturday,06:00-11:59,4
YTD,08,Crime Type,RUNAWAY,Saturday,12:00-17:59,5
YTD,08,Crime Type,RUNAWAY,Saturday,18:00-23:59,5
YTD,08,Crime Type,RUNAWAY,Sunday,00:00-05:59,5
YTD,08,Crime Type,RUNAWAY,Sunday,06:00-11:59,5
YTD,08,Crime Type,RUNAWAY,Sunday,12:00-17:59,11
YTD,08,Crime Type,RUNAWAY,Sunday,18:00-23:59,3
YTD,08,Crime Type,RUNAWAY,Thursday,00:00-05:59,4
YTD,08,Crime Type,RUNAWAY,Thursday,06:00-11:59,3
YTD,08,Crime Type,RUNAWAY,Thursday,12:00-17:59,8
YTD,08,Crime Type,RUNAWAY,Thursday,18:00-23:59,14
YTD,08,Crime Type,RUNAWAY,Tuesday,00:00-05:59,6
YTD,08,Crime Type,RUNAWAY,Tuesday,06:00-11:59,7
YTD,08,Crime Type,RUNAWAY,Tuesday,12:00-17:59,3
YTD,08,Crime Type,RUNAWAY,Tuesday,18:00-23:59,8
YTD,08,Crime Type,RUNAWAY,Wednesday,00:00-05:59,4
YTD,08,Crime Type,RUNAWAY,Wednesday,06:00-11:59,6
YTD,08,Crime Type,RUNAWAY,Wednesday,12:00-17:59,7
YTD,08,Crime Type,RUNAWAY,Wednesday,18:00-23:59,6
YTD,08,Crime Type,SEX OFFENSES,Friday,00:00-05:59,3
YTD,08,Crime Type,SEX OFFENSES,Friday,06:00-11:59,2
YTD,08,Crime Type,SEX OFFENSES,Friday,12:00-17:59,2
YTD,08,Crime Type,SEX OFFENSES,Friday,18:00-23:59,5
YTD,08,Crime Type,SEX OFFENSES,Monday,00:00-05:59,1
YTD,08,Crime Type,SEX OFFENSES,Monday,12:00-17:59,2
YTD,08,Crime Type,SEX OFFENSES,Monday,18:00-23:59,2
YTD,08,Crime Type,SEX OFFENSES,Saturday,00:00-05:59,2
YTD,08,Crime Type,SEX OFFENSES,Saturday,06:00-11:59,1
YTD,08,Crime Type,SEX OFFENSES,Saturday,18:00-23:59,1
YTD,08,Crime Type,SEX OFFENSES,Sunday,00:00-05:59,1
YTD,08,Crime Type,SEX OFFENSES,Sunday,06:00-11:59,2
YTD,08,Crime Type,SEX OFFENSES,Sunday,18:00-23:59,2
YTD,08,Crime Type,SEX OFFENSES,Thursday,00:00-05:59,3
YTD,08,Crime Type,SEX OFFENSES,Thursday,06:00-11:59,2
YTD,08,Crime Type,SEX OFFENSES,Thursday,12:00-17:59,1
YTD,08,Crime Type,SEX OFFENSES,Thursday,18:00-23:59,4
YTD,08,Crime Type,SEX OFFENSES,Tuesday,00:00-05:59,2
YTD,08,Crime Type,SEX OFFENSES,Tuesday,12:00-17:59,4
YTD,08,Crime Type,SEX OFFENSES,Tuesday,18:00-23:59,5
YTD,08,Crime Type,SEX OFFENSES,Wednesday,00:00-05:59,1
YTD,08,Crime Type,SEX OFFENSES,Wednesday,06:00-11:59,2
YTD,08,Crime Type,SEX OFFENSES,Wednesday,12:00-17:59,2
YTD,08,Crime Type,SEX OFFENSES,Wednesday,18:00-23:59,4
YTD,08,Crime Type,SEXUAL ASSAULT,Friday,00:00-05:59,1
YTD,08,Crime Type,SEXUAL ASSAULT,Friday,06:00-11:59,3
YTD,08,Crime Type,SEXUAL ASSAULT,Friday,12:00-17:59,3
YTD,08,Crime Type,SEXUAL ASSAULT,Friday,18:00-23:59,1
YTD,08,Crime Type,SEXUAL ASSAULT,Monday,06:00-11:59,1
YTD,08,Crime Type,SEXUAL ASSAULT,Monday,12:00-17:59,3
YTD,08,Crime Type,SEXUAL ASSAULT,Monday,18:00-23:59,1
YTD,08,Crime Type,SEXUAL ASSAULT,Saturday,00:00-05:59,1
YTD,08,Crime Type,SEXUAL ASSAULT,Saturday,06:00-11:59,3
YTD,08,Crime Type,SEXUAL ASSAULT,Saturday,12:00-17:59,2
YTD,08,Crime Type,SEXUAL ASSAULT,Saturday,18:00-23:59,3
YTD,08,Crime Type,SEXUAL ASSAULT,Sunday,00:00-05:59,4
YTD,08,Crime Type,SEXUAL ASSAULT,Sunday,06:00-11:59,2
YTD,08,Crime Type,SEXUAL ASSAULT,Sunday,12:00-17:59,1
YTD,08,Crime Type,SEXUAL ASSAULT,Sunday,18:00-23:59,5
YTD,08,Crime Type,SEXUAL ASSAULT,Thursday,00:00-05:59,7
YTD,08,Crime Type,SEXUAL ASSAULT,Thursday,06:00-11:59,4
YTD,08,Crime Type,SEXUAL ASSAULT,Thursday,12:00-17:59,1
YTD,08,Crime Type,SEXUAL ASSAULT,Thursday,18:00-23:59,2
YTD,08,Crime Type,SEXUAL ASSAULT,Tuesday,00:00-05:59,2
YTD,08,Crime Type,SEXUAL ASSAULT,Tuesday,18:00-23:59,1
YTD,08,Crime Type,SEXUAL ASSAULT,Wednesday,12:00-17:59,2
YTD,08,Crime Type,SEXUAL ASSAULT,Wednesday,18:00-23:59,2
YTD,08,Crime Type,STOLEN PROPERTY,Friday,00:00-05:59,5
YTD,08,Crime Type,STOLEN PROPERTY,Friday,06:00-11:59,16
YTD,08,Crime Type,STOLEN PROPERTY,Friday,12:00-17:59,17
YTD,08,Crime Type,STOLEN PROPERTY,Friday,18:00-23:59,8
YTD,08,Crime Type,STOLEN PROPERTY,Monday,00:00-05:59,8
YTD,08,Crime Type,STOLEN PROPERTY,Monday,06:00-11:59,9
YTD,08,Crime Type,STOLEN PROPERTY,Monday,12:00-17:59,13
YTD,08,Crime Type,STOLEN PROPERTY,Monday,18:00-23:59,9
YTD,08,Crime Type,STOLEN PROPERTY,Saturday,00:00-05:59,4
YTD,08,Crime Type,STOLEN PROPERTY,Saturday,06:00-11:59,12
YTD,08,Crime Type,STOLEN PROPERTY,Saturday,12:00-17:59,10
YTD,08,Crime Type,STOLEN PROPERTY,Saturday,18:00-23:59,10
YTD,08,Crime Type,STOLEN PROPERTY,Sunday,00:00-05:59,10
YTD,08,Crime Type,STOLEN PROPERTY,Sunday,06:00-11:59,2
YTD,08,Crime Type,STOLEN PROPERTY,Sunday,12:00-17:59,10
YTD,08,Crime Type,STOLEN PROPERTY,Sunday,18:00-23:59,9
YTD,08,Crime Type,STOLEN PROPERTY,Thursday,00:00-05:59,7
YTD,08,Crime Type,STOLEN PROPERTY,Thursday,06:00-11:59,4
YTD,08,Crime Type,STOLEN PROPERTY,Thursday,12:00-17:59,13
YTD,08,Crime Type,STOLEN PROPERTY,Thursday,18:00-23:59,13
YTD,08,Crime Type,STOLEN PROPERTY,Tuesday,00:00-05:59,6
YTD,08,Crime Type,STOLEN PROPERTY,Tuesday,06:00-11:59,16
YTD,08,Crime Type,STOLEN PROPERTY,Tuesday,12:00-17:59,25
YTD,08,Crime Type,STOLEN PROPERTY,Tuesday,18:00-23:59,7
YTD,08,Crime Type,STOLEN PROPERTY,Wednesday,00:00-05:59,11
YTD,08,Crime Type,STOLEN PROPERTY,Wednesday,06:00-11:59,9
YTD,08,Crime Type,STOLEN PROPERTY,Wednesday,12:00-17:59,10
YTD,08,Crime Type,STOLEN PROPERTY,Wednesday,18:00-23:59,15
YTD,08,Crime Type,STOLEN VEHICLE,Friday,00:00-05:59,36
YTD,08,Crime Type,STOLEN VEHICLE,Friday,06:00-11:59,18
YTD,08,Crime Type,STOLEN VEHICLE,Friday,12:00-17:59,25
YTD,08,Crime Type,STOLEN VEHICLE,Friday,18:00-23:59,66
YTD,08,Crime Type,STOLEN VEHICLE,Monday,00:00-05:59,24
YTD,08,Crime Type,STOLEN VEHICLE,Monday,06:00-11:59,11
YTD,08,Crime Type,STOLEN VEHICLE,Monday,12:00-17:59,21
YTD,08,Crime Type,STOLEN VEHICLE,Monday,18:00-23:59,64
YTD,08,Crime Type,STOLEN VEHICLE,Saturday,00:00-05:59,26
YTD,08,Crime Type,STOLEN VEHICLE,Saturday,06:00-11:59,14
YTD,08,Crime Type,STOLEN VEHICLE,Saturday,12:00-17:59,21
YTD,08,Crime Type,STOLEN VEHICLE,Saturday,18:00-23:59,51
YTD,08,Crime Type,STOLEN VEHICLE,Sunday,00:00-05:59,38
YTD,08,Crime Type,STOLEN VEHICLE,Sunday,06:00-11:59,18
YTD,08,Crime Type,STOLEN VEHICLE,Sunday,12:00-17:59,20
YTD,08,Crime Type,STOLEN VEHICLE,Sunday,18:00-23:59,55
YTD,08,Crime Type,STOLEN VEHICLE,Thursday,00:00-05:59,25
YTD,08,Crime Type,STOLEN VEHICLE,Thursday,06:00-11:59,11
YTD,08,Crime Type,STOLEN VEHICLE,Thursday,12:00-17:59,26
YTD,08,Crime Type,STOLEN VEHICLE,Thursday,18:00-23:59,47
YTD,08,Crime Type,STOLEN VEHICLE,Tuesday,00:00-05:59,39
YTD,08,Crime Type,STOLEN VEHICLE,Tuesday,06:00-11:59,21
YTD,08,Crime Type,STOLEN VEHICLE,Tuesday,12:00-17:59,26
YTD,08,Crime Type,STOLEN VEHICLE,Tuesday,18:00-23:59,49
YTD,08,Crime Type,STOLEN VEHICLE,Wednesday,00:00-05:59,43
YTD,08,Crime Type,STOLEN VEHICLE,Wednesday,06:00-11:59,16
YTD,08,Crime Type,STOLEN VEHICLE,Wednesday,12:00-17:59,17
YTD,08,Crime Type,STOLEN VEHICLE,Wednesday,18:00-23:59,53
YTD,08,Crime Type,WEAPONS OFFENSES,Friday,00:00-05:59,17
YTD,08,Crime Type,WEAPONS OFFENSES,Friday,12:00-17:59,10
YTD,08,Crime Type,WEAPONS OFFENSES,Friday,18:00-23:59,43
YTD,08,Crime Type,WEAPONS OFFENSES,Monday,00:00-05:59,13
YTD,08,Crime Type,WEAPONS OFFENSES,Monday,06:00-11:59,2
YTD,08,Crime Type,WEAPONS OFFENSES,Monday,12:00-17:59,7
YTD,08,Crime Type,WEAPONS OFFENSES,Monday,18:00-23:59,29
YTD,08,Crime Type,WEAPONS OFFENSES,Saturday,00:00-05:59,14
YTD,08,Crime Type,WEAPONS OFFENSES,Saturday,06:00-11:59,1
YTD,08,Crime Type,WEAPONS OFFENSES,Saturday,12:00-17:59,7
YTD,08,Crime Type,WEAPONS OFFENSES,Saturday,18:00-23:59,22
YTD,08,Crime Type,WEAPONS OFFENSES,Sunday,00:00-05:59,10
YTD,08,Crime Type,WEAPONS OFFENSES,Sunday,12:00-17:59,7
YTD,08,Crime Type,WEAPONS OFFENSES,Sunday,18:00-23:59,35
YTD,08,Crime Type,WEAPONS OFFENSES,Thursday,00:00-05:59,9
YTD,08,Crime Type,WEAPONS OFFENSES,Thursday,06:00-11:59,4
YTD,08,Crime Type,WEAPONS OFFENSES,Thursday,12:00-17:59,23
YTD,08,Crime Type,WEAPONS OFFENSES,Thursday,18:00-23:59,39
YTD,08,Crime Type,WEAPONS OFFENSES,Tuesday,00:00-05:59,8
YTD,08,Crime Type,WEAPONS OFFENSES,Tuesday,06:00-11:59,1
YTD,08,Crime Type,WEAPONS OFFENSES,Tuesday,12:00-17:59,17
YTD,08,Crime Type,WEAPONS OFFENSES,Tuesday,18:00-23:59,32
YTD,08,Crime Type,WEAPONS OFFENSES,Wednesday,00:00-05:59,21
YTD,08,Crime Type,WEAPONS OFFENSES,Wednesday,06:00-11:59,7
YTD,08,Crime Type,WEAPONS OFFENSES,Wednesday,12:00-17:59,20
YTD,08,Crime Type,WEAPONS OFFENSES,Wednesday,18:00-23:59,40
YTD,08,Category Focus,Gun-Related,Friday,00:00-05:59,15
YTD,08,Category Focus,Gun-Related,Friday,12:00-17:59,7
YTD,08,Category Focus,Gun-Related,Friday,18:00-23:59,36
YTD,08,Category Focus,Gun-Related,Monday,00:00-05:59,11
YTD,08,Category Focus,Gun-Related,Monday,06:00-11:59,2
YTD,08,Category Focus,Gun-Related,Monday,12:00-17:59,6
YTD,08,Category Focus,Gun-Related,Monday,18:00-23:59,23
YTD,08,Category Focus,Gun-Related,Saturday,00:00-05:59,13
YTD,08,Category Focus,Gun-Related,Saturday,06:00-11:59,1
YTD,08,Category Focus,Gun-Related,Saturday,12:00-17:59,6
YTD,08,Category Focus,Gun-Related,Saturday,18:00-23:59,20
YTD,08,Category Focus,Gun-Related,Sunday,00:00-05:59,7
YTD,08,Category Focus,Gun-Related,Sunday,12:00-17:59,6
YTD,08,Category Focus,Gun-Related,Sunday,18:00-23:59,31
YTD,08,Category Focus,Gun-Related,Thursday,00:00-05:59,7
YTD,08,Category Focus,Gun-Related,Thursday,06:00-11:59,4
YTD,08,Category Focus,Gun-Related,Thursday,12:00-17:59,21
YTD,08,Category Focus,Gun-Related,Thursday,18:00-23:59,35
YTD,08,Category Focus,Gun-Related,Tuesday,00:00-05:59,5
YTD,08,Category Focus,Gun-Related,Tuesday,06:00-11:59,1
YTD,08,Category Focus,Gun-Related,Tuesday,12:00-17:59,13
YTD,08,Category Focus,Gun-Related,Tuesday,18:00-23:59,29
YTD,08,Category Focus,Gun-Related,Wednesday,00:00-05:59,14
YTD,08,Category Focus,Gun-Related,Wednesday,06:00-11:59,7
YTD,08,Category Focus,Gun-Related,Wednesday,12:00-17:59,17
YTD,08,Category Focus,Gun-Related,Wednesday,18:00-23:59,35
YTD,08,Category Focus,Property Crime,Friday,00:00-05:59,139
YTD,08,Category Focus,Property Crime,Friday,06:00-11:59,109
YTD,08,Category Focus,Property Crime,Friday,12:00-17:59,195
YTD,08,Category Focus,Property Crime,Friday,18:00-23:59,179
YTD,08,Category Focus,Property Crime,Monday,00:00-05:59,124
YTD,08,Category Focus,Property Crime,Monday,06:00-11:59,130
YTD,08,Category Focus,Property Crime,Monday,12:00-17:59,164
YTD,08,Category Focus,Property Crime,Monday,18:00-23:59,215
YTD,08,Category Focus,Property Crime,Saturday,00:00-05:59,136
YTD,08,Category Focus,Property Crime,Saturday,06:00-11:59,115
YTD,08,Category Focus,Property Crime,Saturday,12:00-17:59,165
YTD,08,Category Focus,Property Crime,Saturday,18:00-23:59,208
YTD,08,Category Focus,Property Crime,Sunday,00:00-05:59,191
YTD,08,Category Focus,Property Crime,Sunday,06:00-11:59,92
YTD,08,Category Focus,Property Crime,Sunday,12:00-17:59,179
YTD,08,Category Focus,Property Crime,Sunday,18:00-23:59,182
YTD,08,Category Focus,Property Crime,Thursday,00:00-05:59,123
YTD,08,Category Focus,Property Crime,Thursday,06:00-11:59,94
YTD,08,Category Focus,Property Crime,Thursday,12:00-17:59,166
YTD,08,Category Focus,Property Crime,Thursday,18:00-23:59,160
YTD,08,Category Focus,Property Crime,Tuesday,00:00-05:59,145
YTD,08,Category Focus,Property Crime,Tuesday,06:00-11:59,120
YTD,08,Category Focus,Property Crime,Tuesday,12:00-17:59,191
YTD,08,Category Focus,Property Crime,Tuesday,18:00-23:59,178
YTD,08,Category Focus,Property Crime,Wednesday,00:00-05:59,143
YTD,08,Category Focus,Property Crime,Wednesday,06:00-11:59,103
YTD,08,Category Focus,Property Crime,Wednesday,12:00-17:59,179
YTD,08,Category Focus,Property Crime,Wednesday,18:00-23:59,188
YTD,08,Category Focus,Larceny,Friday,00:00-05:59,27
YTD,08,Category Focus,Larceny,Friday,06:00-11:59,34
YTD,08,Category Focus,Larceny,Friday,12:00-17:59,82
YTD,08,Category Focus,Larceny,Friday,18:00-23:59,45
YTD,08,Category Focus,Larceny,Monday,00:00-05:59,28
YTD,08,Category Focus,Larceny,Monday,06:00-11:59,41
YTD,08,Category Focus,Larceny,Monday,12:00-17:59,54
YTD,08,Category Focus,Larceny,Monday,18:00-23:59,52
YTD,08,Category Focus,Larceny,Saturday,00:00-05:59,37
YTD,08,Category Focus,Larceny,Saturday,06:00-11:59,32
YTD,08,Category Focus,Larceny,Saturday,12:00-17:59,65
YTD,08,Category Focus,Larceny,Saturday,18:00-23:59,69
YTD,08,Category Focus,Larceny,Sunday,00:00-05:59,62
YTD,08,Category Focus,Larceny,Sunday,06:00-11:59,26
YTD,08,Category Focus,Larceny,Sunday,12:00-17:59,60
YTD,08,Category Focus,Larceny,Sunday,18:00-23:59,56
YTD,08,Category Focus,Larceny,Thursday,00:00-05:59,26
YTD,08,Category Focus,Larceny,Thursday,06:00-11:59,35
YTD,08,Category Focus,Larceny,Thursday,12:00-17:59,54
YTD,08,Category Focus,Larceny,Thursday,18:00-23:59,40
YTD,08,Category Focus,Larceny,Tuesday,00:00-05:59,29
YTD,08,Category Focus,Larceny,Tuesday,06:00-11:59,32
YTD,08,Category Focus,Larceny,Tuesday,12:00-17:59,67
YTD,08,Category Focus,Larceny,Tuesday,18:00-23:59,52
YTD,08,Category Focus,Larceny,Wednesday,00:00-05:59,22
YTD,08,Category Focus,Larceny,Wednesday,06:00-11:59,27
YTD,08,Category Focus,Larceny,Wednesday,12:00-17:59,64
YTD,08,Category Focus,Larceny,Wednesday,18:00-23:59,59
YTD,09,All,All,Friday,00:00-05:59,287
YTD,09,All,All,Friday,06:00-11:59,291
YTD,09,All,All,Friday,12:00-17:59,439
YTD,09,All,All,Friday,18:00-23:59,510
YTD,09,All,All,Monday,00:00-05:59,265
YTD,09,All,All,Monday,06:00-11:59,265
YTD,09,All,All,Monday,12:00-17:59,448
YTD,09,All,All,Monday,18:00-23:59,429
YTD,09,All,All,Saturday,00:00-05:59,358
YTD,09,All,All,Saturday,06:00-11:59,242
YTD,09,All,All,Saturday,12:00-17:59,360
YTD,09,All,All,Saturday,18:00-23:59,443
YTD,09,All,All,Sunday,00:00-05:59,408
YTD,09,All,All,Sunday,06:00-11:59,223
YTD,09,All,All,Sunday,12:00-17:59,387
YTD,09,All,All,Sunday,18:00-23:59,468
YTD,09,All,All,Thursday,00:00-05:59,296
YTD,09,All,All,Thursday,06:00-11:59,281
YTD,09,All,All,Thursday,12:00-17:59,477
YTD,09,All,All,Thursday,18:00-23:59,471
YTD,09,All,All,Tuesday,00:00-05:59,257
YTD,09,All,All,Tuesday,06:00-11:59,278
YTD,09,All,All,Tuesday,12:00-17:59,454
YTD,09,All,All,Tuesday,18:00-23:59,441
YTD,09,All,All,Wednesday,00:00-05:59,283
YTD,09,All,All,Wednesday,06:00-11:59,273
YTD,09,All,All,Wednesday,12:00-17:59,475
YTD,09,All,All,Wednesday,18:00-23:59,420
YTD,09,Crime Type,AGGRAVATED ASSAULT,Friday,00:00-05:59,30
YTD,09,Crime Type,AGGRAVATED ASSAULT,Friday,06:00-11:59,22
YTD,09,Crime Type,AGGRAVATED ASSAULT,Friday,12:00-17:59,37
YTD,09,Crime Type,AGGRAVATED ASSAULT,Friday,18:00-23:59,51
YTD,09,Crime Type,AGGRAVATED ASSAULT,Monday,00:00-05:59,32
YTD,09,Crime Type,AGGRAVATED ASSAULT,Monday,06:00-11:59,15
YTD,09,Crime Type,AGGRAVATED ASSAULT,Monday,12:00-17:59,28
YTD,09,Crime Type,AGGRAVATED ASSAULT,Monday,18:00-23:59,56
YTD,09,Crime Type,AGGRAVATED ASSAULT,Saturday,00:00-05:59,47
YTD,09,Crime Type,AGGRAVATED ASSAULT,Saturday,06:00-11:59,28
YTD,09,Crime Type,AGGRAVATED ASSAULT,Saturday,12:00-17:59,35
YTD,09,Crime Type,AGGRAVATED ASSAULT,Saturday,18:00-23:59,46
YTD,09,Crime Type,AGGRAVATED ASSAULT,Sunday,00:00-05:59,58
YTD,09,Crime Type,AGGRAVATED ASSAULT,Sunday,06:00-11:59,28
YTD,09,Crime Type,AGGRAVATED ASSAULT,Sunday,12:00-17:59,56
YTD,09,Crime Type,AGGRAVATED ASSAULT,Sunday,18:00-23:59,64
YTD,09,Crime Type,AGGRAVATED ASSAULT,Thursday,00:00-05:59,37
YTD,09,Crime Type,AGGRAVATED ASSAULT,Thursday,06:00-11:59,34
YTD,09,Crime Type,AGGRAVATED ASSAULT,Thursday,12:00-17:59,20
YTD,09,Crime Type,AGGRAVATED ASSAULT,Thursday,18:00-23:59,55
YTD,09,Crime Type,AGGRAVATED ASSAULT,Tuesday,00:00-05:59,35
YTD,09,Crime Type,AGGRAVATED ASSAULT,Tuesday,06:00-11:59,26
YTD,09,Crime Type,AGGRAVATED ASSAULT,Tuesday,12:00-17:59,33
YTD,09,Crime Type,AGGRAVATED ASSAULT,Tuesday,18:00-23:59,59
YTD,09,Crime Type,AGGRAVATED ASSAULT,Wednesday,00:00-05:59,37
YTD,09,Crime Type,AGGRAVATED ASSAULT,Wednesday,06:00-11:59,24
YTD,09,Crime Type,AGGRAVATED ASSAULT,Wednesday,12:00-17:59,33
YTD,09,Crime Type,AGGRAVATED ASSAULT,Wednesday,18:00-23:59,41
YTD,09,Crime Type,ARSON,Friday,00:00-05:59,2
YTD,09,Crime Type,ARSON,Friday,06:00-11:59,2
YTD,09,Crime Type,ARSON,Friday,12:00-17:59,1
YTD,09,Crime Type,ARSON,Friday,18:00-23:59,2
YTD,09,Crime Type,ARSON,Monday,00:00-05:59,7
YTD,09,Crime Type,ARSON,Monday,06:00-11:59,1
YTD,09,Crime Type,ARSON,Monday,12:00-17:59,3
YTD,09,Crime Type,ARSON,Monday,18:00-23:59,4
YTD,09,Crime Type,ARSON,Saturday,00:00-05:59,3
YTD,09,Crime Type,ARSON,Saturday,06:00-11:59,2
YTD,09,Crime Type,ARSON,Saturday,12:00-17:59,4
YTD,09,Crime Type,ARSON,Saturday,18:00-23:59,3
YTD,09,Crime Type,ARSON,Sunday,00:00-05:59,6
YTD,09,Crime Type,ARSON,Sunday,12:00-17:59,4
YTD,09,Crime Type,ARSON,Sunday,18:00-23:59,3
YTD,09,Crime Type,ARSON,Thursday,00:00-05:59,5
YTD,09,Crime Type,ARSON,Thursday,06:00-11:59,2
YTD,09,Crime Type,ARSON,Thursday,12:00-17:59,2
YTD,09,Crime Type,ARSON,Thursday,18:00-23:59,2
YTD,09,Crime Type,ARSON,Tuesday,00:00-05:59,3
YTD,09,Crime Type,ARSON,Tuesday,06:00-11:59,3
YTD,09,Crime Type,ARSON,Tuesday,18:00-23:59,2
YTD,09,Crime Type,ARSON,Wednesday,00:00-05:59,8
YTD,09,Crime Type,ARSON,Wednesday,06:00-11:59,2
YTD,09,Crime Type,ARSON,Wednesday,12:00-17:59,2
YTD,09,Crime Type,ARSON,Wednesday,18:00-23:59,1
YTD,09,Crime Type,ASSAULT,Friday,00:00-05:59,55
YTD,09,Crime Type,ASSAULT,Friday,06:00-11:59,59
YTD,09,Crime Type,ASSAULT,Friday,12:00-17:59,83
YTD,09,Crime Type,ASSAULT,Friday,18:00-23:59,81
YTD,09,Crime Type,ASSAULT,Monday,00:00-05:59,56
YTD,09,Crime Type,ASSAULT,Monday,06:00-11:59,59
YTD,09,Crime Type,ASSAULT,Monday,12:00-17:59,71
YTD,09,Crime Type,ASSAULT,Monday,18:00-23:59,95
YTD,09,Crime Type,ASSAULT,Saturday,00:00-05:59,76
YTD,09,Crime Type,ASSAULT,Saturday,06:00-11:59,59
YTD,09,Crime Type,ASSAULT,Saturday,12:00-17:59,79
YTD,09,Crime Type,ASSAULT,Saturday,18:00-23:59,90
YTD,09,Crime Type,ASSAULT,Sunday,00:00-05:59,86
YTD,09,Crime Type,ASSAULT,Sunday,06:00-11:59,49
YTD,09,Crime Type,ASSAULT,Sunday,12:00-17:59,108
YTD,09,Crime Type,ASSAULT,Sunday,18:00-23:59,90
YTD,09,Crime Type,ASSAULT,Thursday,00:00-05:59,55
YTD,09,Crime Type,ASSAULT,Thursday,06:00-11:59,62
YTD,09,Crime Type,ASSAULT,Thursday,12:00-17:59,94
YTD,09,Crime Type,ASSAULT,Thursday,18:00-23:59,80
YTD,09,Crime Type,ASSAULT,Tuesday,00:00-05:59,48
YTD,09,Crime Type,ASSAULT,Tuesday,06:00-11:59,60
YTD,09,Crime Type,ASSAULT,Tuesday,12:00-17:59,96
YTD,09,Crime Type,ASSAULT,Tuesday,18:00-23:59,93
YTD,09,Crime Type,ASSAULT,Wednesday,00:00-05:59,60
YTD,09,Crime Type,ASSAULT,Wednesday,06:00-11:59,58
YTD,09,Crime Type,ASSAULT,Wednesday,12:00-17:59,79
YTD,09,Crime Type,ASSAULT,Wednesday,18:00-23:59,80
YTD,09,Crime Type,BURGLARY,Friday,00:00-05:59,13
YTD,09,Crime Type,BURGLARY,Friday,06:00-11:59,28
YTD,09,Crime Type,BURGLARY,Friday,12:00-17:59,43
YTD,09,Crime Type,BURGLARY,Friday,18:00-23:59,21
YTD,09,Crime Type,BURGLARY,Monday,00:00-05:59,14
YTD,09,Crime Type,BURGLARY,Monday,06:00-11:59,37
YTD,09,Crime Type,BURGLARY,Monday,12:00-17:59,46
YTD,09,Crime Type,BURGLARY,Monday,18:00-23:59,20
YTD,09,Crime Type,BURGLARY,Saturday,00:00-05:59,27
YTD,09,Crime Type,BURGLARY,Saturday,06:00-11:59,14
YTD,09,Crime Type,BURGLARY,Saturday,12:00-17:59,31
YTD,09,Crime Type,BURGLARY,Saturday,18:00-23:59,23
YTD,09,Crime Type,BURGLARY,Sunday,00:00-05:59,21
YTD,09,Crime Type,BURGLARY,Sunday,06:00-11:59,20
YTD,09,Crime Type,BURGLARY,Sunday,12:00-17:59,35
YTD,09,Crime Type,BURGLARY,Sunday,18:00-23:59,30
YTD,09,Crime Type,BURGLARY,Thursday,00:00-05:59,17
YTD,09,Crime Type,BURGLARY,Thursday,06:00-11:59,31
YTD,09,Crime Type,BURGLARY,Thursday,12:00-17:59,54
YTD,09,Crime Type,BURGLARY,Thursday,18:00-23:59,34
YTD,09,Crime Type,BURGLARY,Tuesday,00:00-05:59,25
YTD,09,Crime Type,BURGLARY,Tuesday,06:00-11:59,32
YTD,09,Crime Type,BURGLARY,Tuesday,12:00-17:59,52
YTD,09,Crime Type,BURGLARY,Tuesday,18:00-23:59,35
YTD,09,Crime Type,BURGLARY,Wednesday,00:00-05:59,15
YTD,09,Crime Type,BURGLARY,Wednesday,06:00-11:59,30
YTD,09,Crime Type,BURGLARY,Wednesday,12:00-17:59,42
YTD,09,Crime Type,BURGLARY,Wednesday,18:00-23:59,39
YTD,09,Crime Type,DAMAGE TO PROPERTY,Friday,00:00-05:59,51
YTD,09,Crime Type,DAMAGE TO PROPERTY,Friday,06:00-11:59,42
YTD,09,Crime Type,DAMAGE TO PROPERTY,Friday,12:00-17:59,38
YTD,09,Crime Type,DAMAGE TO PROPERTY,Friday,18:00-23:59,57
YTD,09,Crime Type,DAMAGE TO PROPERTY,Monday,00:00-05:59,43
YTD,09,Crime Type,DAMAGE TO PROPERTY,Monday,06:00-11:59,34
YTD,09,Crime Type,DAMAGE TO PROPERTY,Monday,12:00-17:59,46
YTD,09,Crime Type,DAMAGE TO PROPERTY,Monday,18:00-23:59,53
YTD,09,Crime Type,DAMAGE TO PROPERTY,Saturday,00:00-05:59,57
YTD,09,Crime Type,DAMAGE TO PROPERTY,Saturday,06:00-11:59,33
YTD,09,Crime Type,DAMAGE TO PROPERTY,Saturday,12:00-17:59,39
YTD,09,Crime Type,DAMAGE TO PROPERTY,Saturday,18:00-23:59,44
YTD,09,Crime Type,DAMAGE TO PROPERTY,Sunday,00:00-05:59,53
YTD,09,Crime Type,DAMAGE TO PROPERTY,Sunday,06:00-11:59,31
YTD,09,Crime Type,DAMAGE TO PROPERTY,Sunday,12:00-17:59,31
YTD,09,Crime Type,DAMAGE TO PROPERTY,Sunday,18:00-23:59,61
YTD,09,Crime Type,DAMAGE TO PROPERTY,Thursday,00:00-05:59,39
YTD,09,Crime Type,DAMAGE TO PROPERTY,Thursday,06:00-11:59,29
YTD,09,Crime Type,DAMAGE TO PROPERTY,Thursday,12:00-17:59,56
YTD,09,Crime Type,DAMAGE TO PROPERTY,Thursday,18:00-23:59,47
YTD,09,Crime Type,DAMAGE TO PROPERTY,Tuesday,00:00-05:59,40
YTD,09,Crime Type,DAMAGE TO PROPERTY,Tuesday,06:00-11:59,33
YTD,09,Crime Type,DAMAGE TO PROPERTY,Tuesday,12:00-17:59,40
YTD,09,Crime Type,DAMAGE TO PROPERTY,Tuesday,18:00-23:59,46
YTD,09,Crime Type,DAMAGE TO PROPERTY,Wednesday,00:00-05:59,38
YTD,09,Crime Type,DAMAGE TO PROPERTY,Wednesday,06:00-11:59,40
YTD,09,Crime Type,DAMAGE TO PROPERTY,Wednesday,12:00-17:59,55
YTD,09,Crime Type,DAMAGE TO PROPERTY,Wednesday,18:00-23:59,60
YTD,09,Crime Type,DANGEROUS DRUGS,Friday,00:00-05:59,2
YTD,09,Crime Type,DANGEROUS DRUGS,Friday,06:00-11:59,3
YTD,09,Crime Type,DANGEROUS DRUGS,Friday,12:00-17:59,7
YTD,09,Crime Type,DANGEROUS DRUGS,Friday,18:00-23:59,4
YTD,09,Crime Type,DANGEROUS DRUGS,Monday,00:00-05:59,6
YTD,09,Crime Type,DANGEROUS DRUGS,Monday,06:00-11:59,1
YTD,09,Crime Type,DANGEROUS DRUGS,Monday,12:00-17:59,15
YTD,09,Crime Type,DANGEROUS DRUGS,Monday,18:00-23:59,7
YTD,09,Crime Type,DANGEROUS DRUGS,Saturday,00:00-05:59,4
YTD,09,Crime Type,DANGEROUS DRUGS,Saturday,06:00-11:59,5
YTD,09,Crime Type,DANGEROUS DRUGS,Saturday,12:00-17:59,3
YTD,09,Crime Type,DANGEROUS DRUGS,Saturday,18:00-23:59,7
YTD,09,Crime Type,DANGEROUS DRUGS,Sunday,00:00-05:59,3
YTD,09,Crime Type,DANGEROUS DRUGS,Sunday,06:00-11:59,2
YTD,09,Crime Type,DANGEROUS DRUGS,Sunday,12:00-17:59,4
YTD,09,Crime Type,DANGEROUS DRUGS,Sunday,18:00-23:59,7
YTD,09,Crime Type,DANGEROUS DRUGS,Thursday,00:00-05:59,1
YTD,09,Crime Type,DANGEROUS DRUGS,Thursday,06:00-11:59,4
YTD,09,Crime Type,DANGEROUS DRUGS,Thursday,12:00-17:59,24
YTD,09,Crime Type,DANGEROUS DRUGS,Thursday,18:00-23:59,5
YTD,09,Crime Type,DANGEROUS DRUGS,Tuesday,00:00-05:59,4
YTD,09,Crime Type,DANGEROUS DRUGS,Tuesday,06:00-11:59,5
YTD,09,Crime Type,DANGEROUS DRUGS,Tuesday,12:00-17:59,29
YTD,09,Crime Type,DANGEROUS DRUGS,Tuesday,18:00-23:59,3
YTD,09,Crime Type,DANGEROUS DRUGS,Wednesday,00:00-05:59,6
YTD,09,Crime Type,DANGEROUS DRUGS,Wednesday,06:00-11:59,2
YTD,09,Crime Type,DANGEROUS DRUGS,Wednesday,12:00-17:59,23
YTD,09,Crime Type,DANGEROUS DRUGS,Wednesday,18:00-23:59,7
YTD,09,Crime Type,DISORDERLY CONDUCT,Monday,00:00-05:59,1
YTD,09,Crime Type,DISORDERLY CONDUCT,Monday,06:00-11:59,1
YTD,09,Crime Type,DISORDERLY CONDUCT,Monday,18:00-23:59,1
YTD,09,Crime Type,DISORDERLY CONDUCT,Saturday,00:00-05:59,1
YTD,09,Crime Type,DISORDERLY CONDUCT,Saturday,12:00-17:59,1
YTD,09,Crime Type,DISORDERLY CONDUCT,Saturday,18:00-23:59,1
YTD,09,Crime Type,DISORDERLY CONDUCT,Sunday,00:00-05:59,1
YTD,09,Crime Type,DISORDERLY CONDUCT,Sunday,18:00-23:59,1
YTD,09,Crime Type,DISORDERLY CONDUCT,Thursday,00:00-05:59,3
YTD,09,Crime Type,DISORDERLY CONDUCT,Tuesday,06:00-11:59,1
YTD,09,Crime Type,DISORDERLY CONDUCT,Wednesday,00:00-05:59,1
YTD,09,Crime Type,EXTORTION,Monday,12:00-17:59,1
YTD,09,Crime Type,EXTORTION,Monday,18:00-23:59,1
YTD,09,Crime Type,EXTORTION,Saturday,12:00-17:59,1
YTD,09,Crime Type,EXTORTION,Thursday,12:00-17:59,3
YTD,09,Crime Type,EXTORTION,Tuesday,12:00-17:59,1
YTD,09,Crime Type,EXTORTION,Tuesday,18:00-23:59,1
YTD,09,Crime Type,FAMILY OFFENSE,Friday,00:00-05:59,1
YTD,09,Crime Type,FAMILY OFFENSE,Friday,06:00-11:59,5
YTD,09,Crime Type,FAMILY OFFENSE,Friday,12:00-17:59,10
YTD,09,Crime Type,FAMILY OFFENSE,Friday,18:00-23:59,5
YTD,09,Crime Type,FAMILY OFFENSE,Monday,00:00-05:59,3
YTD,09,Crime Type,FAMILY OFFENSE,Monday,06:00-11:59,3
YTD,09,Crime Type,FAMILY OFFENSE,Monday,12:00-17:59,7
YTD,09,Crime Type,FAMILY OFFENSE,Monday,18:00-23:59,3
YTD,09,Crime Type,FAMILY OFFENSE,Saturday,00:00-05:59,2
YTD,09,Crime Type,FAMILY OFFENSE,Saturday,06:00-11:59,5
YTD,09,Crime Type,FAMILY OFFENSE,Saturday,12:00-17:59,4
YTD,09,Crime Type,FAMILY OFFENSE,Saturday,18:00-23:59,3
YTD,09,Crime Type,FAMILY OFFENSE,Sunday,00:00-05:59,2
YTD,09,Crime Type,FAMILY OFFENSE,Sunday,06:00-11:59,2
YTD,09,Crime Type,FAMILY OFFENSE,Sunday,12:00-17:59,6
YTD,09,Crime Type,FAMILY OFFENSE,Sunday,18:00-23:59,5
YTD,09,Crime Type,FAMILY OFFENSE,Thursday,00:00-05:59,1
YTD,09,Crime Type,FAMILY OFFENSE,Thursday,06:00-11:59,3
YTD,09,Crime Type,FAMILY OFFENSE,Thursday,12:00-17:59,8
YTD,09,Crime Type,FAMILY OFFENSE,Thursday,18:00-23:59,5
YTD,09,Crime Type,FAMILY OFFENSE,Tuesday,00:00-05:59,2
YTD,09,Crime Type,FAMILY OFFENSE,Tuesday,06:00-11:59,6
YTD,09,Crime Type,FAMILY OFFENSE,Tuesday,12:00-17:59,9
YTD,09,Crime Type,FAMILY OFFENSE,Tuesday,18:00-23:59,5
YTD,09,Crime Type,FAMILY OFFENSE,Wednesday,00:00-05:59,3
YTD,09,Crime Type,FAMILY OFFENSE,Wednesday,06:00-11:59,1
YTD,09,Crime Type,FAMILY OFFENSE,Wednesday,12:00-17:59,9
YTD,09,Crime Type,FAMILY OFFENSE,Wednesday,18:00-23:59,2
YTD,09,Crime Type,FORGERY,Friday,12:00-17:59,1
YTD,09,Crime Type,FORGERY,Friday,18:00-23:59,1
YTD,09,Crime Type,FORGERY,Monday,06:00-11:59,1
YTD,09,Crime Type,FORGERY,Monday,12:00-17:59,4
YTD,09,Crime Type,FORGERY,Saturday,12:00-17:59,1
YTD,09,Crime Type,FORGERY,Sunday,12:00-17:59,2
YTD,09,Crime Type,FORGERY,Sunday,18:00-23:59,3
YTD,09,Crime Type,FORGERY,Thursday,06:00-11:59,1
YTD,09,Crime Type,FORGERY,Thursday,12:00-17:59,1
YTD,09,Crime Type,FRAUD,Friday,00:00-05:59,11
YTD,09,Crime Type,FRAUD,Friday,06:00-11:59,29
YTD,09,Crime Type,FRAUD,Friday,12:00-17:59,56
YTD,09,Crime Type,FRAUD,Friday,18:00-23:59,23
YTD,09,Crime Type,FRAUD,Monday,00:00-05:59,14
YTD,09,Crime Type,FRAUD,Monday,06:00-11:59,15
YTD,09,Crime Type,FRAUD,Monday,12:00-17:59,47
YTD,09,Crime Type,FRAUD,Monday,18:00-23:59,14
YTD,09,Crime Type,FRAUD,Saturday,00:00-05:59,3
YTD,09,Crime Type,FRAUD,Saturday,06:00-11:59,10
YTD,09,Crime Type,FRAUD,Saturday,12:00-17:59,28
YTD,09,Crime Type,FRAUD,Saturday,18:00-23:59,15
YTD,09,Crime Type,FRAUD,Sunday,00:00-05:59,9
YTD,09,Crime Type,FRAUD,Sunday,06:00-11:59,15
YTD,09,Crime Type,FRAUD,Sunday,12:00-17:59,22
YTD,09,Crime Type,FRAUD,Sunday,18:00-23:59,10
YTD,09,Crime Type,FRAUD,Thursday,00:00-05:59,15
YTD,09,Crime Type,FRAUD,Thursday,06:00-11:59,16
YTD,09,Crime Type,FRAUD,Thursday,12:00-17:59,44
YTD,09,Crime Type,FRAUD,Thursday,18:00-23:59,25
YTD,09,Crime Type,FRAUD,Tuesday,00:00-05:59,8
YTD,09,Crime Type,FRAUD,Tuesday,06:00-11:59,23
YTD,09,Crime Type,FRAUD,Tuesday,12:00-17:59,40
YTD,09,Crime Type,FRAUD,Tuesday,18:00-23:59,16
YTD,09,Crime Type,FRAUD,Wednesday,00:00-05:59,12
YTD,09,Crime Type,FRAUD,Wednesday,06:00-11:59,17
YTD,09,Crime Type,FRAUD,Wednesday,12:00-17:59,56
YTD,09,Crime Type,FRAUD,Wednesday,18:00-23:59,12
YTD,09,Crime Type,HEALTH AND SAFETY,Monday,12:00-17:59,1
YTD,09,Crime Type,HEALTH AND SAFETY,Saturday,18:00-23:59,1
YTD,09,Crime Type,HEALTH AND SAFETY,Tuesday,12:00-17:59,1
YTD,09,Crime Type,HEALTH AND SAFETY,Wednesday,12:00-17:59,4
YTD,09,Crime Type,HOMICIDE,Friday,06:00-11:59,1
YTD,09,Crime Type,HOMICIDE,Friday,12:00-17:59,2
YTD,09,Crime Type,HOMICIDE,Friday,18:00-23:59,1
YTD,09,Crime Type,HOMICIDE,Monday,00:00-05:59,1
YTD,09,Crime Type,HOMICIDE,Monday,06:00-11:59,1
YTD,09,Crime Type,HOMICIDE,Monday,12:00-17:59,2
YTD,09,Crime Type,HOMICIDE,Monday,18:00-23:59,1
YTD,09,Crime Type,HOMICIDE,Saturday,00:00-05:59,1
YTD,09,Crime Type,HOMICIDE,Saturday,06:00-11:59,1
YTD,09,Crime Type,HOMICIDE,Saturday,12:00-17:59,2
YTD,09,Crime Type,HOMICIDE,Saturday,18:00-23:59,1
YTD,09,Crime Type,HOMICIDE,Sunday,00:00-05:59,1
YTD,09,Crime Type,HOMICIDE,Sunday,06:00-11:59,1
YTD,09,Crime Type,HOMICIDE,Sunday,12:00-17:59,2
YTD,09,Crime Type,HOMICIDE,Thursday,00:00-05:59,1
YTD,09,Crime Type,HOMICIDE,Thursday,06:00-11:59,1
YTD,09,Crime Type,HOMICIDE,Thursday,12:00-17:59,2
YTD,09,Crime Type,HOMICIDE,Thursday,18:00-23:59,3
YTD,09,Crime Type,HOMICIDE,Tuesday,00:00-05:59,1
YTD,09,Crime Type,HOMICIDE,Tuesday,06:00-11:59,1
YTD,09,Crime Type,HOMICIDE,Tuesday,18:00-23:59,1
YTD,09,Crime Type,HOMICIDE,Wednesday,12:00-17:59,2
YTD,09,Crime Type,HOMICIDE,Wednesday,18:00-23:59,4
YTD,09,Crime Type,INVASION OF PRIVACY -OTHER,Monday,12:00-17:59,1
YTD,09,Crime Type,INVASION OF PRIVACY -OTHER,Saturday,12:00-17:59,1
YTD,09,Crime Type,INVASION OF PRIVACY -OTHER,Sunday,18:00-23:59,1
YTD,09,Crime Type,INVASION OF PRIVACY -OTHER,Thursday,06:00-11:59,1
YTD,09,Crime Type,INVASION OF PRIVACY -OTHER,Tuesday,06:00-11:59,1
YTD,09,Crime Type,INVASION OF PRIVACY -OTHER,Tuesday,12:00-17:59,1
YTD,09,Crime Type,JUSTIFIABLE HOMICIDE,Monday,18:00-23:59,1
YTD,09,Crime Type,JUSTIFIABLE HOMICIDE,Thursday,00:00-05:59,1
YTD,09,Crime Type,JUSTIFIABLE HOMICIDE,Tuesday,18:00-23:59,1
YTD,09,Crime Type,KIDNAPPING,Friday,00:00-05:59,1
YTD,09,Crime Type,KIDNAPPING,Friday,06:00-11:59,1
YTD,09,Crime Type,KIDNAPPING,Friday,12:00-17:59,5
YTD,09,Crime Type,KIDNAPPING,Friday,18:00-23:59,2
YTD,09,Crime Type,KIDNAPPING,Monday,06:00-11:59,1
YTD,09,Crime Type,KIDNAPPING,Monday,12:00-17:59,1
YTD,09,Crime Type,KIDNAPPING,Monday,18:00-23:59,1
YTD,09,Crime Type,KIDNAPPING,Saturday,00:00-05:59,1
YTD,09,Crime Type,KIDNAPPING,Saturday,06:00-11:59,1
YTD,09,Crime Type,KIDNAPPING,Saturday,12:00-17:59,1
YTD,09,Crime Type,KIDNAPPING,Saturday,18:00-23:59,1
YTD,09,Crime Type,KIDNAPPING,Sunday,06:00-11:59,1
YTD,09,Crime Type,KIDNAPPING,Sunday,18:00-23:59,1
YTD,09,Crime Type,KIDNAPPING,Thursday,06:00-11:59,1
YTD,09,Crime Type,KIDNAPPING,Tuesday,00:00-05:59,2
YTD,09,Crime Type,KIDNAPPING,Tuesday,18:00-23:59,3
YTD,09,Crime Type,KIDNAPPING,Wednesday,00:00-05:59,2
YTD,09,Crime Type,KIDNAPPING,Wednesday,06:00-11:59,2
YTD,09,Crime Type,LARCENY,Friday,00:00-05:59,20
YTD,09,Crime Type,LARCENY,Friday,06:00-11:59,31
YTD,09,Crime Type,LARCENY,Friday,12:00-17:59,73
YTD,09,Crime Type,LARCENY,Friday,18:00-23:59,46
YTD,09,Crime Type,LARCENY,Monday,00:00-05:59,12
YTD,09,Crime Type,LARCENY,Monday,06:00-11:59,40
YTD,09,Crime Type,LARCENY,Monday,12:00-17:59,71
YTD,09,Crime Type,LARCENY,Monday,18:00-23:59,39
YTD,09,Crime Type,LARCENY,Saturday,00:00-05:59,25
YTD,09,Crime Type,LARCENY,Saturday,06:00-11:59,34
YTD,09,Crime Type,LARCENY,Saturday,12:00-17:59,54
YTD,09,Crime Type,LARCENY,Saturday,18:00-23:59,51
YTD,09,Crime Type,LARCENY,Sunday,00:00-05:59,31
YTD,09,Crime Type,LARCENY,Sunday,06:00-11:59,25
YTD,09,Crime Type,LARCENY,Sunday,12:00-17:59,47
YTD,09,Crime Type,LARCENY,Sunday,18:00-23:59,58
YTD,09,Crime Type,LARCENY,Thursday,00:00-05:59,20
YTD,09,Crime Type,LARCENY,Thursday,06:00-11:59,35
YTD,09,Crime Type,LARCENY,Thursday,12:00-17:59,54
YTD,09,Crime Type,LARCENY,Thursday,18:00-23:59,46
YTD,09,Crime Type,LARCENY,Tuesday,00:00-05:59,21
YTD,09,Crime Type,LARCENY,Tuesday,06:00-11:59,30
YTD,09,Crime Type,LARCENY,Tuesday,12:00-17:59,61
YTD,09,Crime Type,LARCENY,Tuesday,18:00-23:59,35
YTD,09,Crime Type,LARCENY,Wednesday,00:00-05:59,26
YTD,09,Crime Type,LARCENY,Wednesday,06:00-11:59,37
YTD,09,Crime Type,LARCENY,Wednesday,12:00-17:59,61
YTD,09,Crime Type,LARCENY,Wednesday,18:00-23:59,41
YTD,09,Crime Type,MISCELLANEOUS,Saturday,18:00-23:59,1
YTD,09,Crime Type,MISCELLANEOUS,Thursday,06:00-11:59,1
YTD,09,Crime Type,MISCELLANEOUS,Thursday,12:00-17:59,2
YTD,09,Crime Type,MISCELLANEOUS,Thursday,18:00-23:59,1
YTD,09,Crime Type,MISCELLANEOUS,Wednesday,12:00-17:59,1
YTD,09,Crime Type,OBSTRUCTING JUDICIARY,Friday,00:00-05:59,6
YTD,09,Crime Type,OBSTRUCTING JUDICIARY,Friday,06:00-11:59,1
YTD,09,Crime Type,OBSTRUCTING JUDICIARY,Friday,12:00-17:59,3
YTD,09,Crime Type,OBSTRUCTING JUDICIARY,Friday,18:00-23:59,6
YTD,09,Crime Type,OBSTRUCTING JUDICIARY,Monday,00:00-05:59,1
YTD,09,Crime Type,OBSTRUCTING JUDICIARY,Monday,06:00-11:59,5
YTD,09,Crime Type,OBSTRUCTING JUDICIARY,Monday,12:00-17:59,5
YTD,09,Crime Type,OBSTRUCTING JUDICIARY,Monday,18:00-23:59,5
YTD,09,Crime Type,OBSTRUCTING JUDICIARY,Saturday,00:00-05:59,1
YTD,09,Crime Type,OBSTRUCTING JUDICIARY,Saturday,12:00-17:59,1
YTD,09,Crime Type,OBSTRUCTING JUDICIARY,Saturday,18:00-23:59,4
YTD,09,Crime Type,OBSTRUCTING JUDICIARY,Sunday,00:00-05:59,2
YTD,09,Crime Type,OBSTRUCTING JUDICIARY,Sunday,06:00-11:59,2
YTD,09,Crime Type,OBSTRUCTING JUDICIARY,Sunday,12:00-17:59,9
YTD,09,Crime Type,OBSTRUCTING JUDICIARY,Sunday,18:00-23:59,2
YTD,09,Crime Type,OBSTRUCTING JUDICIARY,Thursday,00:00-05:59,2
YTD,09,Crime Type,OBSTRUCTING JUDICIARY,Thursday,06:00-11:59,3
YTD,09,Crime Type,OBSTRUCTING JUDICIARY,Thursday,12:00-17:59,1
YTD,09,Crime Type,OBSTRUCTING JUDICIARY,Thursday,18:00-23:59,4
YTD,09,Crime Type,OBSTRUCTING JUDICIARY,Tuesday,00:00-05:59,1
YTD,09,Crime Type,OBSTRUCTING JUDICIARY,Tuesday,06:00-11:59,3
YTD,09,Crime Type,OBSTRUCTING JUDICIARY,Tuesday,12:00-17:59,4
YTD,09,Crime Type,OBSTRUCTING JUDICIARY,Tuesday,18:00-23:59,3
YTD,09,Crime Type,OBSTRUCTING JUDICIARY,Wednesday,00:00-05:59,1
YTD,09,Crime Type,OBSTRUCTING JUDICIARY,Wednesday,06:00-11:59,3
YTD,09,Crime Type,OBSTRUCTING JUDICIARY,Wednesday,12:00-17:59,9
YTD,09,Crime Type,OBSTRUCTING JUDICIARY,Wednesday,18:00-23:59,5
YTD,09,Crime Type,OBSTRUCTING THE POLICE,Friday,00:00-05:59,11
YTD,09,Crime Type,OBSTRUCTING THE POLICE,Friday,06:00-11:59,2
YTD,09,Crime Type,OBSTRUCTING THE POLICE,Friday,12:00-17:59,7
YTD,09,Crime Type,OBSTRUCTING THE POLICE,Friday,18:00-23:59,15
YTD,09,Crime Type,OBSTRUCTING THE POLICE,Monday,00:00-05:59,14
YTD,09,Crime Type,OBSTRUCTING THE POLICE,Monday,06:00-11:59,2
YTD,09,Crime Type,OBSTRUCTING THE POLICE,Monday,12:00-17:59,9
YTD,09,Crime Type,OBSTRUCTING THE POLICE,Monday,18:00-23:59,12
YTD,09,Crime Type,OBSTRUCTING THE POLICE,Saturday,00:00-05:59,21
YTD,09,Crime Type,OBSTRUCTING THE POLICE,Saturday,06:00-11:59,4
YTD,09,Crime Type,OBSTRUCTING THE POLICE,Saturday,12:00-17:59,5
YTD,09,Crime Type,OBSTRUCTING THE POLICE,Saturday,18:00-23:59,19
YTD,09,Crime Type,OBSTRUCTING THE POLICE,Sunday,00:00-05:59,22
YTD,09,Crime Type,OBSTRUCTING THE POLICE,Sunday,06:00-11:59,5
YTD,09,Crime Type,OBSTRUCTING THE POLICE,Sunday,12:00-17:59,2
YTD,09,Crime Type,OBSTRUCTING THE POLICE,Sunday,18:00-23:59,17
YTD,09,Crime Type,OBSTRUCTING THE POLICE,Thursday,00:00-05:59,10
YTD,09,Crime Type,OBSTRUCTING THE POLICE,Thursday,06:00-11:59,1
YTD,09,Crime Type,OBSTRUCTING THE POLICE,Thursday,12:00-17:59,6
YTD,09,Crime Type,OBSTRUCTING THE POLICE,Thursday,18:00-23:59,14
YTD,09,Crime Type,OBSTRUCTING THE POLICE,Tuesday,00:00-05:59,9
YTD,09,Crime Type,OBSTRUCTING THE POLICE,Tuesday,12:00-17:59,7
YTD,09,Crime Type,OBSTRUCTING THE POLICE,Tuesday,18:00-23:59,10
YTD,09,Crime Type,OBSTRUCTING THE POLICE,Wednesday,00:00-05:59,9
YTD,09,Crime Type,OBSTRUCTING THE POLICE,Wednesday,06:00-11:59,3
YTD,09,Crime Type,OBSTRUCTING THE POLICE,Wednesday,12:00-17:59,7
YTD,09,Crime Type,OBSTRUCTING THE POLICE,Wednesday,18:00-23:59,10
YTD,09,Crime Type,OTHER,Friday,00:00-05:59,1
YTD,09,Crime Type,OTHER,Friday,06:00-11:59,1
YTD,09,Crime Type,OTHER,Friday,12:00-17:59,1
YTD,09,Crime Type,OTHER,Monday,18:00-23:59,1
YTD,09,Crime Type,OTHER,Saturday,00:00-05:59,1
YTD,09,Crime Type,OTHER,Saturday,12:00-17:59,2
YTD,09,Crime Type,OTHER,Saturday,18:00-23:59,1
YTD,09,Crime Type,OTHER,Sunday,18:00-23:59,1
YTD,09,Crime Type,OTHER,Thursday,00:00-05:59,2
YTD,09,Crime Type,OTHER,Thursday,06:00-11:59,1
YTD,09,Crime Type,OTHER,Tuesday,12:00-17:59,1
YTD,09,Crime Type,OTHER,Wednesday,00:00-05:59,2
YTD,09,Crime Type,OTHER,Wednesday,12:00-17:59,1
YTD,09,Crime Type,OTHER,Wednesday,18:00-23:59,2
YTD,09,Crime Type,OUIL,Friday,00:00-05:59,2
YTD,09,Crime Type,OUIL,Friday,06:00-11:59,2
YTD,09,Crime Type,OUIL,Monday,00:00-05:59,2
YTD,09,Crime Type,OUIL,Monday,06:00-11:59,6
YTD,09,Crime Type,OUIL,Monday,12:00-17:59,4
YTD,09,Crime Type,OUIL,Monday,18:00-23:59,6
YTD,09,Crime Type,OUIL,Saturday,00:00-05:59,2
YTD,09,Crime Type,OUIL,Saturday,06:00-11:59,2
YTD,09,Crime Type,OUIL,Saturday,18:00-23:59,8
YTD,09,Crime Type,OUIL,Sunday,06:00-11:59,4
YTD,09,Crime Type,OUIL,Sunday,12:00-17:59,2
YTD,09,Crime Type,OUIL,Thursday,12:00-17:59,2
YTD,09,Crime Type,OUIL,Thursday,18:00-23:59,4
YTD,09,Crime Type,OUIL,Tuesday,12:00-17:59,2
YTD,09,Crime Type,OUIL,Wednesday,18:00-23:59,8
YTD,09,Crime Type,ROBBERY,Friday,00:00-05:59,8
YTD,09,Crime Type,ROBBERY,Friday,06:00-11:59,2
YTD,09,Crime Type,ROBBERY,Friday,12:00-17:59,6
YTD,09,Crime Type,ROBBERY,Friday,18:00-23:59,6
YTD,09,Crime Type,ROBBERY,Monday,00:00-05:59,8
YTD,09,Crime Type,ROBBERY,Monday,06:00-11:59,2
YTD,09,Crime Type,ROBBERY,Monday,12:00-17:59,8
YTD,09,Crime Type,ROBBERY,Monday,18:00-23:59,4
YTD,09,Crime Type,ROBBERY,Saturday,00:00-05:59,4
YTD,09,Crime Type,ROBBERY,Saturday,06:00-11:59,2
YTD,09,Crime Type,ROBBERY,Saturday,12:00-17:59,5
YTD,09,Crime Type,ROBBERY,Saturday,18:00-23:59,10
YTD,09,Crime Type,ROBBERY,Sunday,00:00-05:59,7
YTD,09,Crime Type,ROBBERY,Sunday,06:00-11:59,1
YTD,09,Crime Type,ROBBERY,Sunday,12:00-17:59,4
YTD,09,Crime Type,ROBBERY,Sunday,18:00-23:59,7
YTD,09,Crime Type,ROBBERY,Thursday,00:00-05:59,3
YTD,09,Crime Type,ROBBERY,Thursday,06:00-11:59,2
YTD,09,Crime Type,ROBBERY,Thursday,12:00-17:59,2
YTD,09,Crime Type,ROBBERY,Thursday,18:00-23:59,5
YTD,09,Crime Type,ROBBERY,Tuesday,00:00-05:59,7
YTD,09,Crime Type,ROBBERY,Tuesday,06:00-11:59,4
YTD,09,Crime Type,ROBBERY,Tuesday,12:00-17:59,4
YTD,09,Crime Type,ROBBERY,Tuesday,18:00-23:59,8
YTD,09,Crime Type,ROBBERY,Wednesday,00:00-05:59,2
YTD,09,Crime Type,ROBBERY,Wednesday,06:00-11:59,5
YTD,09,Crime Type,ROBBERY,Wednesday,12:00-17:59,4
YTD,09,Crime Type,ROBBERY,Wednesday,18:00-23:59,5
YTD,09,Crime Type,RUNAWAY,Friday,00:00-05:59,4
YTD,09,Crime Type,RUNAWAY,Friday,06:00-11:59,8
YTD,09,Crime Type,RUNAWAY,Friday,12:00-17:59,7
YTD,09,Crime Type,RUNAWAY,Friday,18:00-23:59,12
YTD,09,Crime Type,RUNAWAY,Monday,00:00-05:59,4
YTD,09,Crime Type,RUNAWAY,Monday,06:00-11:59,4
YTD,09,Crime Type,RUNAWAY,Monday,12:00-17:59,12
YTD,09,Crime Type,RUNAWAY,Monday,18:00-23:59,10
YTD,09,Crime Type,RUNAWAY,Saturday,00:00-05:59,2
YTD,09,Crime Type,RUNAWAY,Saturday,06:00-11:59,5
YTD,09,Crime Type,RUNAWAY,Saturday,12:00-17:59,3
YTD,09,Crime Type,RUNAWAY,Saturday,18:00-23:59,3
YTD,09,Crime Type,RUNAWAY,Sunday,00:00-05:59,3
YTD,09,Crime Type,RUNAWAY,Sunday,06:00-11:59,4
YTD,09,Crime Type,RUNAWAY,Sunday,12:00-17:59,6
YTD,09,Crime Type,RUNAWAY,Sunday,18:00-23:59,11
YTD,09,Crime Type,RUNAWAY,Thursday,00:00-05:59,3
YTD,09,Crime Type,RUNAWAY,Thursday,06:00-11:59,4
YTD,09,Crime Type,RUNAWAY,Thursday,12:00-17:59,8
YTD,09,Crime Type,RUNAWAY,Thursday,18:00-23:59,4
YTD,09,Crime Type,RUNAWAY,Tuesday,00:00-05:59,1
YTD,09,Crime Type,RUNAWAY,Tuesday,06:00-11:59,3
YTD,09,Crime Type,RUNAWAY,Tuesday,12:00-17:59,5
YTD,09,Crime Type,RUNAWAY,Tuesday,18:00-23:59,5
YTD,09,Crime Type,RUNAWAY,Wednesday,00:00-05:59,2
YTD,09,Crime Type,RUNAWAY,Wednesday,06:00-11:59,4
YTD,09,Crime Type,RUNAWAY,Wednesday,12:00-17:59,7
YTD,09,Crime Type,RUNAWAY,Wednesday,18:00-23:59,8
YTD,09,Crime Type,SEX OFFENSES,Friday,00:00-05:59,2
YTD,09,Crime Type,SEX OFFENSES,Friday,06:00-11:59,3
YTD,09,Crime Type,SEX OFFENSES,Friday,12:00-17:59,2
YTD,09,Crime Type,SEX OFFENSES,Friday,18:00-23:59,66
YTD,09,Crime Type,SEX OFFENSES,Monday,00:00-05:59,1
YTD,09,Crime Type,SEX OFFENSES,Monday,06:00-11:59,4
YTD,09,Crime Type,SEX OFFENSES,Monday,12:00-17:59,4
YTD,09,Crime Type,SEX OFFENSES,Monday,18:00-23:59,4
YTD,09,Crime Type,SEX OFFENSES,Saturday,06:00-11:59,1
YTD,09,Crime Type,SEX OFFENSES,Saturday,12:00-17:59,1
YTD,09,Crime Type,SEX OFFENSES,Saturday,18:00-23:59,1
YTD,09,Crime Type,SEX OFFENSES,Sunday,00:00-05:59,3
YTD,09,Crime Type,SEX OFFENSES,Sunday,12:00-17:59,1
YTD,09,Crime Type,SEX OFFENSES,Sunday,18:00-23:59,2
YTD,09,Crime Type,SEX OFFENSES,Thursday,00:00-05:59,1
YTD,09,Crime Type,SEX OFFENSES,Thursday,06:00-11:59,1
YTD,09,Crime Type,SEX OFFENSES,Thursday,12:00-17:59,11
YTD,09,Crime Type,SEX OFFENSES,Thursday,18:00-23:59,27
YTD,09,Crime Type,SEX OFFENSES,Tuesday,06:00-11:59,3
YTD,09,Crime Type,SEX OFFENSES,Tuesday,12:00-17:59,1
YTD,09,Crime Type,SEX OFFENSES,Tuesday,18:00-23:59,7
YTD,09,Crime Type,SEX OFFENSES,Wednesday,00:00-05:59,1
YTD,09,Crime Type,SEX OFFENSES,Wednesday,06:00-11:59,1
YTD,09,Crime Type,SEX OFFENSES,Wednesday,12:00-17:59,6
YTD,09,Crime Type,SEXUAL ASSAULT,Friday,06:00-11:59,2
YTD,09,Crime Type,SEXUAL ASSAULT,Friday,12:00-17:59,3
YTD,09,Crime Type,SEXUAL ASSAULT,Friday,18:00-23:59,4
YTD,09,Crime Type,SEXUAL ASSAULT,Monday,00:00-05:59,2
YTD,09,Crime Type,SEXUAL ASSAULT,Monday,12:00-17:59,2
YTD,09,Crime Type,SEXUAL ASSAULT,Monday,18:00-23:59,2
YTD,09,Crime Type,SEXUAL ASSAULT,Saturday,00:00-05:59,4
YTD,09,Crime Type,SEXUAL ASSAULT,Saturday,06:00-11:59,3
YTD,09,Crime Type,SEXUAL ASSAULT,Saturday,12:00-17:59,4
YTD,09,Crime Type,SEXUAL ASSAULT,Saturday,18:00-23:59,6
YTD,09,Crime Type,SEXUAL ASSAULT,Sunday,00:00-05:59,7
YTD,09,Crime Type,SEXUAL ASSAULT,Sunday,06:00-11:59,1
YTD,09,Crime Type,SEXUAL ASSAULT,Sunday,12:00-17:59,4
YTD,09,Crime Type,SEXUAL ASSAULT,Sunday,18:00-23:59,1
YTD,09,Crime Type,SEXUAL ASSAULT,Thursday,00:00-05:59,2
YTD,09,Crime Type,SEXUAL ASSAULT,Thursday,06:00-11:59,2
YTD,09,Crime Type,SEXUAL ASSAULT,Thursday,18:00-23:59,2
YTD,09,Crime Type,SEXUAL ASSAULT,Tuesday,00:00-05:59,5
YTD,09,Crime Type,SEXUAL ASSAULT,Tuesday,06:00-11:59,3
YTD,09,Crime Type,SEXUAL ASSAULT,Tuesday,12:00-17:59,3
YTD,09,Crime Type,SEXUAL ASSAULT,Tuesday,18:00-23:59,2
YTD,09,Crime Type,SEXUAL ASSAULT,Wednesday,00:00-05:59,2
YTD,09,Crime Type,SEXUAL ASSAULT,Wednesday,06:00-11:59,4
YTD,09,Crime Type,SEXUAL ASSAULT,Wednesday,12:00-17:59,2
YTD,09,Crime Type,SEXUAL ASSAULT,Wednesday,18:00-23:59,1
YTD,09,Crime Type,SOLICITATION,Friday,18:00-23:59,5
YTD,09,Crime Type,SOLICITATION,Thursday,12:00-17:59,5
YTD,09,Crime Type,STOLEN PROPERTY,Friday,00:00-05:59,3
YTD,09,Crime Type,STOLEN PROPERTY,Friday,06:00-11:59,23
YTD,09,Crime Type,STOLEN PROPERTY,Friday,12:00-17:59,22
YTD,09,Crime Type,STOLEN PROPERTY,Friday,18:00-23:59,14
YTD,09,Crime Type,STOLEN PROPERTY,Monday,00:00-05:59,5
YTD,09,Crime Type,STOLEN PROPERTY,Monday,06:00-11:59,18
YTD,09,Crime Type,STOLEN PROPERTY,Monday,12:00-17:59,22
YTD,09,Crime Type,STOLEN PROPERTY,Monday,18:00-23:59,7
YTD,09,Crime Type,STOLEN PROPERTY,Saturday,00:00-05:59,9
YTD,09,Crime Type,STOLEN PROPERTY,Saturday,06:00-11:59,15
YTD,09,Crime Type,STOLEN PROPERTY,Saturday,12:00-17:59,18
YTD,09,Crime Type,STOLEN PROPERTY,Saturday,18:00-23:59,18
YTD,09,Crime Type,STOLEN PROPERTY,Sunday,00:00-05:59,10
YTD,09,Crime Type,STOLEN PROPERTY,Sunday,06:00-11:59,11
YTD,09,Crime Type,STOLEN PROPERTY,Sunday,12:00-17:59,17
YTD,09,Crime Type,STOLEN PROPERTY,Sunday,18:00-23:59,13
YTD,09,Crime Type,STOLEN PROPERTY,Thursday,00:00-05:59,13
YTD,09,Crime Type,STOLEN PROPERTY,Thursday,06:00-11:59,20
YTD,09,Crime Type,STOLEN PROPERTY,Thursday,12:00-17:59,32
YTD,09,Crime Type,STOLEN PROPERTY,Thursday,18:00-23:59,19
YTD,09,Crime Type,STOLEN PROPERTY,Tuesday,00:00-05:59,6
YTD,09,Crime Type,STOLEN PROPERTY,Tuesday,06:00-11:59,19
YTD,09,Crime Type,STOLEN PROPERTY,Tuesday,12:00-17:59,23
YTD,09,Crime Type,STOLEN PROPERTY,Tuesday,18:00-23:59,18
YTD,09,Crime Type,STOLEN PROPERTY,Wednesday,00:00-05:59,7
YTD,09,Crime Type,STOLEN PROPERTY,Wednesday,06:00-11:59,19
YTD,09,Crime Type,STOLEN PROPERTY,Wednesday,12:00-17:59,25
YTD,09,Crime Type,STOLEN PROPERTY,Wednesday,18:00-23:59,18
YTD,09,Crime Type,STOLEN VEHICLE,Friday,00:00-05:59,41
YTD,09,Crime Type,STOLEN VEHICLE,Friday,06:00-11:59,20
YTD,09,Crime Type,STOLEN VEHICLE,Friday,12:00-17:59,22
YTD,09,Crime Type,STOLEN VEHICLE,Friday,18:00-23:59,48
YTD,09,Crime Type,STOLEN VEHICLE,Monday,00:00-05:59,23
YTD,09,Crime Type,STOLEN VEHICLE,Monday,06:00-11:59,10
YTD,09,Crime Type,STOLEN VEHICLE,Monday,12:00-17:59,22
YTD,09,Crime Type,STOLEN VEHICLE,Monday,18:00-23:59,56
YTD,09,Crime Type,STOLEN VEHICLE,Saturday,00:00-05:59,39
YTD,09,Crime Type,STOLEN VEHICLE,Saturday,06:00-11:59,14
YTD,09,Crime Type,STOLEN VEHICLE,Saturday,12:00-17:59,21
YTD,09,Crime Type,STOLEN VEHICLE,Saturday,18:00-23:59,46
YTD,09,Crime Type,STOLEN VEHICLE,Sunday,00:00-05:59,50
YTD,09,Crime Type,STOLEN VEHICLE,Sunday,06:00-11:59,17
YTD,09,Crime Type,STOLEN VEHICLE,Sunday,12:00-17:59,18
YTD,09,Crime Type,STOLEN VEHICLE,Sunday,18:00-23:59,51
YTD,09,Crime Type,STOLEN VEHICLE,Thursday,00:00-05:59,50
YTD,09,Crime Type,STOLEN VEHICLE,Thursday,06:00-11:59,20
YTD,09,Crime Type,STOLEN VEHICLE,Thursday,12:00-17:59,27
YTD,09,Crime Type,STOLEN VEHICLE,Thursday,18:00-23:59,55
YTD,09,Crime Type,STOLEN VEHICLE,Tuesday,00:00-05:59,28
YTD,09,Crime Type,STOLEN VEHICLE,Tuesday,06:00-11:59,17
YTD,09,Crime Type,STOLEN VEHICLE,Tuesday,12:00-17:59,23
YTD,09,Crime Type,STOLEN VEHICLE,Tuesday,18:00-23:59,57
YTD,09,Crime Type,STOLEN VEHICLE,Wednesday,00:00-05:59,39
YTD,09,Crime Type,STOLEN VEHICLE,Wednesday,06:00-11:59,14
YTD,09,Crime Type,STOLEN VEHICLE,Wednesday,12:00-17:59,25
YTD,09,Crime Type,STOLEN VEHICLE,Wednesday,18:00-23:59,51
YTD,09,Crime Type,WEAPONS OFFENSES,Friday,00:00-05:59,23
YTD,09,Crime Type,WEAPONS OFFENSES,Friday,06:00-11:59,4
YTD,09,Crime Type,WEAPONS OFFENSES,Friday,12:00-17:59,10
YTD,09,Crime Type,WEAPONS OFFENSES,Friday,18:00-23:59,40
YTD,09,Crime Type,WEAPONS OFFENSES,Monday,00:00-05:59,16
YTD,09,Crime Type,WEAPONS OFFENSES,Monday,06:00-11:59,5
YTD,09,Crime Type,WEAPONS OFFENSES,Monday,12:00-17:59,16
YTD,09,Crime Type,WEAPONS OFFENSES,Monday,18:00-23:59,26
YTD,09,Crime Type,WEAPONS OFFENSES,Saturday,00:00-05:59,28
YTD,09,Crime Type,WEAPONS OFFENSES,Saturday,06:00-11:59,4
YTD,09,Crime Type,WEAPONS OFFENSES,Saturday,12:00-17:59,16
YTD,09,Crime Type,WEAPONS OFFENSES,Saturday,18:00-23:59,40
YTD,09,Crime Type,WEAPONS OFFENSES,Sunday,00:00-05:59,33
YTD,09,Crime Type,WEAPONS OFFENSES,Sunday,06:00-11:59,4
YTD,09,Crime Type,WEAPONS OFFENSES,Sunday,12:00-17:59,7
YTD,09,Crime Type,WEAPONS OFFENSES,Sunday,18:00-23:59,29
YTD,09,Crime Type,WEAPONS OFFENSES,Thursday,00:00-05:59,15
YTD,09,Crime Type,WEAPONS OFFENSES,Thursday,06:00-11:59,6
YTD,09,Crime Type,WEAPONS OFFENSES,Thursday,12:00-17:59,19
YTD,09,Crime Type,WEAPONS OFFENSES,Thursday,18:00-23:59,34
YTD,09,Crime Type,WEAPONS OFFENSES,Tuesday,00:00-05:59,11
YTD,09,Crime Type,WEAPONS OFFENSES,Tuesday,06:00-11:59,5
YTD,09,Crime Type,WEAPONS OFFENSES,Tuesday,12:00-17:59,18
YTD,09,Crime Type,WEAPONS OFFENSES,Tuesday,18:00-23:59,31
YTD,09,Crime Type,WEAPONS OFFENSES,Wednesday,00:00-05:59,10
YTD,09,Crime Type,WEAPONS OFFENSES,Wednesday,06:00-11:59,7
YTD,09,Crime Type,WEAPONS OFFENSES,Wednesday,12:00-17:59,22
YTD,09,Crime Type,WEAPONS OFFENSES,Wednesday,18:00-23:59,25
YTD,09,Category Focus,Gun-Related,Friday,00:00-05:59,20
YTD,09,Category Focus,Gun-Related,Friday,06:00-11:59,4
YTD,09,Category Focus,Gun-Related,Friday,12:00-17:59,7
YTD,09,Category Focus,Gun-Related,Friday,18:00-23:59,36
YTD,09,Category Focus,Gun-Related,Monday,00:00-05:59,16
YTD,09,Category Focus,Gun-Related,Monday,06:00-11:59,3
YTD,09,Category Focus,Gun-Related,Monday,12:00-17:59,11
YTD,09,Category Focus,Gun-Related,Monday,18:00-23:59,22
YTD,09,Category Focus,Gun-Related,Saturday,00:00-05:59,21
YTD,09,Category Focus,Gun-Related,Saturday,06:00-11:59,3
YTD,09,Category Focus,Gun-Related,Saturday,12:00-17:59,10
YTD,09,Category Focus,Gun-Related,Saturday,18:00-23:59,34
YTD,09,Category Focus,Gun-Related,Sunday,00:00-05:59,31
YTD,09,Category Focus,Gun-Related,Sunday,06:00-11:59,4
YTD,09,Category Focus,Gun-Related,Sunday,12:00-17:59,5
YTD,09,Category Focus,Gun-Related,Sunday,18:00-23:59,23
YTD,09,Category Focus,Gun-Related,Thursday,00:00-05:59,9
YTD,09,Category Focus,Gun-Related,Thursday,06:00-11:59,4
YTD,09,Category Focus,Gun-Related,Thursday,12:00-17:59,14
YTD,09,Category Focus,Gun-Related,Thursday,18:00-23:59,27
YTD,09,Category Focus,Gun-Related,Tuesday,00:00-05:59,10
YTD,09,Category Focus,Gun-Related,Tuesday,06:00-11:59,3
YTD,09,Category Focus,Gun-Related,Tuesday,12:00-17:59,15
YTD,09,Category Focus,Gun-Related,Tuesday,18:00-23:59,25
YTD,09,Category Focus,Gun-Related,Wednesday,00:00-05:59,10
YTD,09,Category Focus,Gun-Related,Wednesday,06:00-11:59,6
YTD,09,Category Focus,Gun-Related,Wednesday,12:00-17:59,16
YTD,09,Category Focus,Gun-Related,Wednesday,18:00-23:59,21
YTD,09,Category Focus,Property Crime,Friday,00:00-05:59,128
YTD,09,Category Focus,Property Crime,Friday,06:00-11:59,144
YTD,09,Category Focus,Property Crime,Friday,12:00-17:59,198
YTD,09,Category Focus,Property Crime,Friday,18:00-23:59,186
YTD,09,Category Focus,Property Crime,Monday,00:00-05:59,97
YTD,09,Category Focus,Property Crime,Monday,06:00-11:59,139
YTD,09,Category Focus,Property Crime,Monday,12:00-17:59,207
YTD,09,Category Focus,Property Crime,Monday,18:00-23:59,175
YTD,09,Category Focus,Property Crime,Saturday,00:00-05:59,157
YTD,09,Category Focus,Property Crime,Saturday,06:00-11:59,110
YTD,09,Category Focus,Property Crime,Saturday,12:00-17:59,163
YTD,09,Category Focus,Property Crime,Saturday,18:00-23:59,182
YTD,09,Category Focus,Property Crime,Sunday,00:00-05:59,165
YTD,09,Category Focus,Property Crime,Sunday,06:00-11:59,104
YTD,09,Category Focus,Property Crime,Sunday,12:00-17:59,148
YTD,09,Category Focus,Property Crime,Sunday,18:00-23:59,213
YTD,09,Category Focus,Property Crime,Thursday,00:00-05:59,139
YTD,09,Category Focus,Property Crime,Thursday,06:00-11:59,135
YTD,09,Category Focus,Property Crime,Thursday,12:00-17:59,223
YTD,09,Category Focus,Property Crime,Thursday,18:00-23:59,201
YTD,09,Category Focus,Property Crime,Tuesday,00:00-05:59,120
YTD,09,Category Focus,Property Crime,Tuesday,06:00-11:59,131
YTD,09,Category Focus,Property Crime,Tuesday,12:00-17:59,199
YTD,09,Category Focus,Property Crime,Tuesday,18:00-23:59,191
YTD,09,Category Focus,Property Crime,Wednesday,00:00-05:59,125
YTD,09,Category Focus,Property Crime,Wednesday,06:00-11:59,140
YTD,09,Category Focus,Property Crime,Wednesday,12:00-17:59,208
YTD,09,Category Focus,Property Crime,Wednesday,18:00-23:59,209
YTD,09,Category Focus,Larceny,Friday,00:00-05:59,20
YTD,09,Category Focus,Larceny,Friday,06:00-11:59,31
YTD,09,Category Focus,Larceny,Friday,12:00-17:59,73
YTD,09,Category Focus,Larceny,Friday,18:00-23:59,46
YTD,09,Category Focus,Larceny,Monday,00:00-05:59,12
YTD,09,Category Focus,Larceny,Monday,06:00-11:59,40
YTD,09,Category Focus,Larceny,Monday,12:00-17:59,71
YTD,09,Category Focus,Larceny,Monday,18:00-23:59,39
YTD,09,Category Focus,Larceny,Saturday,00:00-05:59,25
YTD,09,Category Focus,Larceny,Saturday,06:00-11:59,34
YTD,09,Category Focus,Larceny,Saturday,12:00-17:59,54
YTD,09,Category Focus,Larceny,Saturday,18:00-23:59,51
YTD,09,Category Focus,Larceny,Sunday,00:00-05:59,31
YTD,09,Category Focus,Larceny,Sunday,06:00-11:59,25
YTD,09,Category Focus,Larceny,Sunday,12:00-17:59,47
YTD,09,Category Focus,Larceny,Sunday,18:00-23:59,58
YTD,09,Category Focus,Larceny,Thursday,00:00-05:59,20
YTD,09,Category Focus,Larceny,Thursday,06:00-11:59,35
YTD,09,Category Focus,Larceny,Thursday,12:00-17:59,54
YTD,09,Category Focus,Larceny,Thursday,18:00-23:59,46
YTD,09,Category Focus,Larceny,Tuesday,00:00-05:59,21
YTD,09,Category Focus,Larceny,Tuesday,06:00-11:59,30
YTD,09,Category Focus,Larceny,Tuesday,12:00-17:59,61
YTD,09,Category Focus,Larceny,Tuesday,18:00-23:59,35
YTD,09,Category Focus,Larceny,Wednesday,00:00-05:59,26
YTD,09,Category Focus,Larceny,Wednesday,06:00-11:59,37
YTD,09,Category Focus,Larceny,Wednesday,12:00-17:59,61
YTD,09,Category Focus,Larceny,Wednesday,18:00-23:59,41
YTD,0W,All,All,Wednesday,00:00-05:59,1
YTD,0W,Crime Type,FRAUD,Wednesday,00:00-05:59,1
YTD,10,All,All,Friday,00:00-05:59,185
YTD,10,All,All,Friday,06:00-11:59,214
YTD,10,All,All,Friday,12:00-17:59,370
YTD,10,All,All,Friday,18:00-23:59,342
YTD,10,All,All,Monday,00:00-05:59,187
YTD,10,All,All,Monday,06:00-11:59,214
YTD,10,All,All,Monday,12:00-17:59,346
YTD,10,All,All,Monday,18:00-23:59,328
YTD,10,All,All,Saturday,00:00-05:59,241
YTD,10,All,All,Saturday,06:00-11:59,202
YTD,10,All,All,Saturday,12:00-17:59,313
YTD,10,All,All,Saturday,18:00-23:59,317
YTD,10,All,All,Sunday,00:00-05:59,224
YTD,10,All,All,Sunday,06:00-11:59,180
YTD,10,All,All,Sunday,12:00-17:59,270
YTD,10,All,All,Sunday,18:00-23:59,353
YTD,10,All,All,Thursday,00:00-05:59,186
YTD,10,All,All,Thursday,06:00-11:59,212
YTD,10,All,All,Thursday,12:00-17:59,346
YTD,10,All,All,Thursday,18:00-23:59,320
YTD,10,All,All,Tuesday,00:00-05:59,172
YTD,10,All,All,Tuesday,06:00-11:59,229
YTD,10,All,All,Tuesday,12:00-17:59,382
YTD,10,All,All,Tuesday,18:00-23:59,299
YTD,10,All,All,Wednesday,00:00-05:59,183
YTD,10,All,All,Wednesday,06:00-11:59,206
YTD,10,All,All,Wednesday,12:00-17:59,347
YTD,10,All,All,Wednesday,18:00-23:59,308
YTD,10,Crime Type,AGGRAVATED ASSAULT,Friday,00:00-05:59,20
YTD,10,Crime Type,AGGRAVATED ASSAULT,Friday,06:00-11:59,12
YTD,10,Crime Type,AGGRAVATED ASSAULT,Friday,12:00-17:59,31
YTD,10,Crime Type,AGGRAVATED ASSAULT,Friday,18:00-23:59,39
YTD,10,Crime Type,AGGRAVATED ASSAULT,Monday,00:00-05:59,22
YTD,10,Crime Type,AGGRAVATED ASSAULT,Monday,06:00-11:59,21
YTD,10,Crime Type,AGGRAVATED ASSAULT,Monday,12:00-17:59,32
YTD,10,Crime Type,AGGRAVATED ASSAULT,Monday,18:00-23:59,34
YTD,10,Crime Type,AGGRAVATED ASSAULT,Saturday,00:00-05:59,33
YTD,10,Crime Type,AGGRAVATED ASSAULT,Saturday,06:00-11:59,17
YTD,10,Crime Type,AGGRAVATED ASSAULT,Saturday,12:00-17:59,29
YTD,10,Crime Type,AGGRAVATED ASSAULT,Saturday,18:00-23:59,39
YTD,10,Crime Type,AGGRAVATED ASSAULT,Sunday,00:00-05:59,23
YTD,10,Crime Type,AGGRAVATED ASSAULT,Sunday,06:00-11:59,17
YTD,10,Crime Type,AGGRAVATED ASSAULT,Sunday,12:00-17:59,30
YTD,10,Crime Type,AGGRAVATED ASSAULT,Sunday,18:00-23:59,40
YTD,10,Crime Type,AGGRAVATED ASSAULT,Thursday,00:00-05:59,25
YTD,10,Crime Type,AGGRAVATED ASSAULT,Thursday,06:00-11:59,16
YTD,10,Crime Type,AGGRAVATED ASSAULT,Thursday,12:00-17:59,21
YTD,10,Crime Type,AGGRAVATED ASSAULT,Thursday,18:00-23:59,33
YTD,10,Crime Type,AGGRAVATED ASSAULT,Tuesday,00:00-05:59,26
YTD,10,Crime Type,AGGRAVATED ASSAULT,Tuesday,06:00-11:59,22
YTD,10,Crime Type,AGGRAVATED ASSAULT,Tuesday,12:00-17:59,42
YTD,10,Crime Type,AGGRAVATED ASSAULT,Tuesday,18:00-23:59,36
YTD,10,Crime Type,AGGRAVATED ASSAULT,Wednesday,00:00-05:59,25
YTD,10,Crime Type,AGGRAVATED ASSAULT,Wednesday,06:00-11:59,20
YTD,10,Crime Type,AGGRAVATED ASSAULT,Wednesday,12:00-17:59,32
YTD,10,Crime Type,AGGRAVATED ASSAULT,Wednesday,18:00-23:59,36
YTD,10,Crime Type,ARSON,Friday,00:00-05:59,1
YTD,10,Crime Type,ARSON,Friday,18:00-23:59,1
YTD,10,Crime Type,ARSON,Monday,00:00-05:59,2
YTD,10,Crime Type,ARSON,Monday,06:00-11:59,2
YTD,10,Crime Type,ARSON,Monday,12:00-17:59,2
YTD,10,Crime Type,ARSON,Monday,18:00-23:59,3
YTD,10,Crime Type,ARSON,Saturday,00:00-05:59,3
YTD,10,Crime Type,ARSON,Saturday,06:00-11:59,2
YTD,10,Crime Type,ARSON,Saturday,12:00-17:59,1
YTD,10,Crime Type,ARSON,Saturday,18:00-23:59,2
YTD,10,Crime Type,ARSON,Sunday,06:00-11:59,1
YTD,10,Crime Type,ARSON,Sunday,18:00-23:59,2
YTD,10,Crime Type,ARSON,Thursday,00:00-05:59,2
YTD,10,Crime Type,ARSON,Thursday,06:00-11:59,1
YTD,10,Crime Type,ARSON,Thursday,12:00-17:59,2
YTD,10,Crime Type,ARSON,Thursday,18:00-23:59,2
YTD,10,Crime Type,ARSON,Tuesday,00:00-05:59,5
YTD,10,Crime Type,ARSON,Tuesday,06:00-11:59,2
YTD,10,Crime Type,ARSON,Tuesday,12:00-17:59,1
YTD,10,Crime Type,ARSON,Tuesday,18:00-23:59,4
YTD,10,Crime Type,ARSON,Wednesday,00:00-05:59,2
YTD,10,Crime Type,ARSON,Wednesday,06:00-11:59,3
YTD,10,Crime Type,ARSON,Wednesday,12:00-17:59,1
YTD,10,Crime Type,ARSON,Wednesday,18:00-23:59,2
YTD,10,Crime Type,ASSAULT,Friday,00:00-05:59,33
YTD,10,Crime Type,ASSAULT,Friday,06:00-11:59,44
YTD,10,Crime Type,ASSAULT,Friday,12:00-17:59,83
YTD,10,Crime Type,ASSAULT,Friday,18:00-23:59,74
YTD,10,Crime Type,ASSAULT,Monday,00:00-05:59,43
YTD,10,Crime Type,ASSAULT,Monday,06:00-11:59,51
YTD,10,Crime Type,ASSAULT,Monday,12:00-17:59,78
YTD,10,Crime Type,ASSAULT,Monday,18:00-23:59,64
YTD,10,Crime Type,ASSAULT,Saturday,00:00-05:59,65
YTD,10,Crime Type,ASSAULT,Saturday,06:00-11:59,50
YTD,10,Crime Type,ASSAULT,Saturday,12:00-17:59,75
YTD,10,Crime Type,ASSAULT,Saturday,18:00-23:59,58
YTD,10,Crime Type,ASSAULT,Sunday,00:00-05:59,47
YTD,10,Crime Type,ASSAULT,Sunday,06:00-11:59,37
YTD,10,Crime Type,ASSAULT,Sunday,12:00-17:59,67
YTD,10,Crime Type,ASSAULT,Sunday,18:00-23:59,64
YTD,10,Crime Type,ASSAULT,Thursday,00:00-05:59,36
YTD,10,Crime Type,ASSAULT,Thursday,06:00-11:59,42
YTD,10,Crime Type,ASSAULT,Thursday,12:00-17:59,73
YTD,10,Crime Type,ASSAULT,Thursday,18:00-23:59,64
YTD,10,Crime Type,ASSAULT,Tuesday,00:00-05:59,31
YTD,10,Crime Type,ASSAULT,Tuesday,06:00-11:59,50
YTD,10,Crime Type,ASSAULT,Tuesday,12:00-17:59,82
YTD,10,Crime Type,ASSAULT,Tuesday,18:00-23:59,76
YTD,10,Crime Type,ASSAULT,Wednesday,00:00-05:59,41
YTD,10,Crime Type,ASSAULT,Wednesday,06:00-11:59,44
YTD,10,Crime Type,ASSAULT,Wednesday,12:00-17:59,68
YTD,10,Crime Type,ASSAULT,Wednesday,18:00-23:59,66
YTD,10,Crime Type,BURGLARY,Friday,00:00-05:59,13
YTD,10,Crime Type,BURGLARY,Friday,06:00-11:59,15
YTD,10,Crime Type,BURGLARY,Friday,12:00-17:59,34
YTD,10,Crime Type,BURGLARY,Friday,18:00-23:59,24
YTD,10,Crime Type,BURGLARY,Monday,00:00-05:59,13
YTD,10,Crime Type,BURGLARY,Monday,06:00-11:59,27
YTD,10,Crime Type,BURGLARY,Monday,12:00-17:59,31
YTD,10,Crime Type,BURGLARY,Monday,18:00-23:59,29
YTD,10,Crime Type,BURGLARY,Saturday,00:00-05:59,13
YTD,10,Crime Type,BURGLARY,Saturday,06:00-11:59,13
YTD,10,Crime Type,BURGLARY,Saturday,12:00-17:59,28
YTD,10,Crime Type,BURGLARY,Saturday,18:00-23:59,13
YTD,10,Crime Type,BURGLARY,Sunday,00:00-05:59,15
YTD,10,Crime Type,BURGLARY,Sunday,06:00-11:59,12
YTD,10,Crime Type,BURGLARY,Sunday,12:00-17:59,30
YTD,10,Crime Type,BURGLARY,Sunday,18:00-23:59,14
YTD,10,Crime Type,BURGLARY,Thursday,00:00-05:59,17
YTD,10,Crime Type,BURGLARY,Thursday,06:00-11:59,14
YTD,10,Crime Type,BURGLARY,Thursday,12:00-17:59,31
YTD,10,Crime Type,BURGLARY,Thursday,18:00-23:59,17
YTD,10,Crime Type,BURGLARY,Tuesday,00:00-05:59,19
YTD,10,Crime Type,BURGLARY,Tuesday,06:00-11:59,15
YTD,10,Crime Type,BURGLARY,Tuesday,12:00-17:59,34
YTD,10,Crime Type,BURGLARY,Tuesday,18:00-23:59,18
YTD,10,Crime Type,BURGLARY,Wednesday,00:00-05:59,12
YTD,10,Crime Type,BURGLARY,Wednesday,06:00-11:59,12
YTD,10,Crime Type,BURGLARY,Wednesday,12:00-17:59,26
YTD,10,Crime Type,BURGLARY,Wednesday,18:00-23:59,16
YTD,10,Crime Type,DAMAGE TO PROPERTY,Friday,00:00-05:59,25
YTD,10,Crime Type,DAMAGE TO PROPERTY,Friday,06:00-11:59,35
YTD,10,Crime Type,DAMAGE TO PROPERTY,Friday,12:00-17:59,29
YTD,10,Crime Type,DAMAGE TO PROPERTY,Friday,18:00-23:59,48
YTD,10,Crime Type,DAMAGE TO PROPERTY,Monday,00:00-05:59,32
YTD,10,Crime Type,DAMAGE TO PROPERTY,Monday,06:00-11:59,21
YTD,10,Crime Type,DAMAGE TO PROPERTY,Monday,12:00-17:59,41
YTD,10,Crime Type,DAMAGE TO PROPERTY,Monday,18:00-23:59,43
YTD,10,Crime Type,DAMAGE TO PROPERTY,Saturday,00:00-05:59,31
YTD,10,Crime Type,DAMAGE TO PROPERTY,Saturday,06:00-11:59,30
YTD,10,Crime Type,DAMAGE TO PROPERTY,Saturday,12:00-17:59,43
YTD,10,Crime Type,DAMAGE TO PROPERTY,Saturday,18:00-23:59,41
YTD,10,Crime Type,DAMAGE TO PROPERTY,Sunday,00:00-05:59,41
YTD,10,Crime Type,DAMAGE TO PROPERTY,Sunday,06:00-11:59,30
YTD,10,Crime Type,DAMAGE TO PROPERTY,Sunday,12:00-17:59,37
YTD,10,Crime Type,DAMAGE TO PROPERTY,Sunday,18:00-23:59,49
YTD,10,Crime Type,DAMAGE TO PROPERTY,Thursday,00:00-05:59,27
YTD,10,Crime Type,DAMAGE TO PROPERTY,Thursday,06:00-11:59,30
YTD,10,Crime Type,DAMAGE TO PROPERTY,Thursday,12:00-17:59,33
YTD,10,Crime Type,DAMAGE TO PROPERTY,Thursday,18:00-23:59,37
YTD,10,Crime Type,DAMAGE TO PROPERTY,Tuesday,00:00-05:59,27
YTD,10,Crime Type,DAMAGE TO PROPERTY,Tuesday,06:00-11:59,36
YTD,10,Crime Type,DAMAGE TO PROPERTY,Tuesday,12:00-17:59,42
YTD,10,Crime Type,DAMAGE TO PROPERTY,Tuesday,18:00-23:59,39
YTD,10,Crime Type,DAMAGE TO PROPERTY,Wednesday,00:00-05:59,28
YTD,10,Crime Type,DAMAGE TO PROPERTY,Wednesday,06:00-11:59,23
YTD,10,Crime Type,DAMAGE TO PROPERTY,Wednesday,12:00-17:59,31
YTD,10,Crime Type,DAMAGE TO PROPERTY,Wednesday,18:00-23:59,41
YTD,10,Crime Type,DANGEROUS DRUGS,Friday,06:00-11:59,1
YTD,10,Crime Type,DANGEROUS DRUGS,Friday,12:00-17:59,1
YTD,10,Crime Type,DANGEROUS DRUGS,Friday,18:00-23:59,7
YTD,10,Crime Type,DANGEROUS DRUGS,Monday,06:00-11:59,1
YTD,10,Crime Type,DANGEROUS DRUGS,Monday,18:00-23:59,2
YTD,10,Crime Type,DANGEROUS DRUGS,Saturday,00:00-05:59,4
YTD,10,Crime Type,DANGEROUS DRUGS,Saturday,12:00-17:59,1
YTD,10,Crime Type,DANGEROUS DRUGS,Saturday,18:00-23:59,3
YTD,10,Crime Type,DANGEROUS DRUGS,Sunday,00:00-05:59,1
YTD,10,Crime Type,DANGEROUS DRUGS,Sunday,12:00-17:59,1
YTD,10,Crime Type,DANGEROUS DRUGS,Sunday,18:00-23:59,7
YTD,10,Crime Type,DANGEROUS DRUGS,Thursday,00:00-05:59,3
YTD,10,Crime Type,DANGEROUS DRUGS,Thursday,06:00-11:59,4
YTD,10,Crime Type,DANGEROUS DRUGS,Thursday,12:00-17:59,7
YTD,10,Crime Type,DANGEROUS DRUGS,Thursday,18:00-23:59,6
YTD,10,Crime Type,DANGEROUS DRUGS,Tuesday,00:00-05:59,1
YTD,10,Crime Type,DANGEROUS DRUGS,Tuesday,12:00-17:59,5
YTD,10,Crime Type,DANGEROUS DRUGS,Tuesday,18:00-23:59,2
YTD,10,Crime Type,DANGEROUS DRUGS,Wednesday,00:00-05:59,3
YTD,10,Crime Type,DANGEROUS DRUGS,Wednesday,06:00-11:59,3
YTD,10,Crime Type,DANGEROUS DRUGS,Wednesday,12:00-17:59,15
YTD,10,Crime Type,DANGEROUS DRUGS,Wednesday,18:00-23:59,5
YTD,10,Crime Type,DISORDERLY CONDUCT,Friday,18:00-23:59,1
YTD,10,Crime Type,DISORDERLY CONDUCT,Monday,12:00-17:59,2
YTD,10,Crime Type,DISORDERLY CONDUCT,Monday,18:00-23:59,1
YTD,10,Crime Type,DISORDERLY CONDUCT,Saturday,00:00-05:59,1
YTD,10,Crime Type,DISORDERLY CONDUCT,Saturday,12:00-17:59,2
YTD,10,Crime Type,DISORDERLY CONDUCT,Sunday,00:00-05:59,2
YTD,10,Crime Type,DISORDERLY CONDUCT,Sunday,18:00-23:59,1
YTD,10,Crime Type,DISORDERLY CONDUCT,Thursday,00:00-05:59,1
YTD,10,Crime Type,DISORDERLY CONDUCT,Thursday,06:00-11:59,1
YTD,10,Crime Type,DISORDERLY CONDUCT,Thursday,18:00-23:59,2
YTD,10,Crime Type,DISORDERLY CONDUCT,Tuesday,06:00-11:59,1
YTD,10,Crime Type,DISORDERLY CONDUCT,Tuesday,18:00-23:59,1
YTD,10,Crime Type,DISORDERLY CONDUCT,Wednesday,12:00-17:59,1
YTD,10,Crime Type,DISORDERLY CONDUCT,Wednesday,18:00-23:59,1
YTD,10,Crime Type,EXTORTION,Monday,18:00-23:59,2
YTD,10,Crime Type,EXTORTION,Saturday,06:00-11:59,1
YTD,10,Crime Type,EXTORTION,Sunday,18:00-23:59,1
YTD,10,Crime Type,EXTORTION,Thursday,18:00-23:59,1
YTD,10,Crime Type,EXTORTION,Tuesday,06:00-11:59,2
YTD,10,Crime Type,EXTORTION,Tuesday,12:00-17:59,1
YTD,10,Crime Type,EXTORTION,Tuesday,18:00-23:59,1
YTD,10,Crime Type,EXTORTION,Wednesday,06:00-11:59,1
YTD,10,Crime Type,FAMILY OFFENSE,Friday,06:00-11:59,5
YTD,10,Crime Type,FAMILY OFFENSE,Friday,12:00-17:59,6
YTD,10,Crime Type,FAMILY OFFENSE,Monday,00:00-05:59,3
YTD,10,Crime Type,FAMILY OFFENSE,Monday,06:00-11:59,3
YTD,10,Crime Type,FAMILY OFFENSE,Monday,12:00-17:59,9
YTD,10,Crime Type,FAMILY OFFENSE,Monday,18:00-23:59,5
YTD,10,Crime Type,FAMILY OFFENSE,Saturday,00:00-05:59,3
YTD,10,Crime Type,FAMILY OFFENSE,Saturday,06:00-11:59,5
YTD,10,Crime Type,FAMILY OFFENSE,Saturday,12:00-17:59,2
YTD,10,Crime Type,FAMILY OFFENSE,Saturday,18:00-23:59,7
YTD,10,Crime Type,FAMILY OFFENSE,Sunday,06:00-11:59,2
YTD,10,Crime Type,FAMILY OFFENSE,Sunday,12:00-17:59,4
YTD,10,Crime Type,FAMILY OFFENSE,Sunday,18:00-23:59,5
YTD,10,Crime Type,FAMILY OFFENSE,Thursday,06:00-11:59,3
YTD,10,Crime Type,FAMILY OFFENSE,Thursday,12:00-17:59,5
YTD,10,Crime Type,FAMILY OFFENSE,Thursday,18:00-23:59,8
YTD,10,Crime Type,FAMILY OFFENSE,Tuesday,00:00-05:59,2
YTD,10,Crime Type,FAMILY OFFENSE,Tuesday,06:00-11:59,3
YTD,10,Crime Type,FAMILY OFFENSE,Tuesday,12:00-17:59,9
YTD,10,Crime Type,FAMILY OFFENSE,Tuesday,18:00-23:59,5
YTD,10,Crime Type,FAMILY OFFENSE,Wednesday,00:00-05:59,4
YTD,10,Crime Type,FAMILY OFFENSE,Wednesday,06:00-11:59,3
YTD,10,Crime Type,FAMILY OFFENSE,Wednesday,12:00-17:59,4
YTD,10,Crime Type,FAMILY OFFENSE,Wednesday,18:00-23:59,2
YTD,10,Crime Type,FORGERY,Friday,12:00-17:59,2
YTD,10,Crime Type,FORGERY,Monday,12:00-17:59,2
YTD,10,Crime Type,FORGERY,Saturday,12:00-17:59,2
YTD,10,Crime Type,FORGERY,Saturday,18:00-23:59,1
YTD,10,Crime Type,FORGERY,Sunday,00:00-05:59,1
YTD,10,Crime Type,FORGERY,Sunday,06:00-11:59,2
YTD,10,Crime Type,FORGERY,Thursday,06:00-11:59,1
YTD,10,Crime Type,FORGERY,Thursday,12:00-17:59,1
YTD,10,Crime Type,FORGERY,Thursday,18:00-23:59,2
YTD,10,Crime Type,FORGERY,Tuesday,12:00-17:59,1
YTD,10,Crime Type,FORGERY,Wednesday,12:00-17:59,2
YTD,10,Crime Type,FRAUD,Friday,00:00-05:59,15
YTD,10,Crime Type,FRAUD,Friday,06:00-11:59,28
YTD,10,Crime Type,FRAUD,Friday,12:00-17:59,50
YTD,10,Crime Type,FRAUD,Friday,18:00-23:59,13
YTD,10,Crime Type,FRAUD,Monday,00:00-05:59,11
YTD,10,Crime Type,FRAUD,Monday,06:00-11:59,22
YTD,10,Crime Type,FRAUD,Monday,12:00-17:59,37
YTD,10,Crime Type,FRAUD,Monday,18:00-23:59,16
YTD,10,Crime Type,FRAUD,Saturday,00:00-05:59,10
YTD,10,Crime Type,FRAUD,Saturday,06:00-11:59,17
YTD,10,Crime Type,FRAUD,Saturday,12:00-17:59,41
YTD,10,Crime Type,FRAUD,Saturday,18:00-23:59,21
YTD,10,Crime Type,FRAUD,Sunday,00:00-05:59,7
YTD,10,Crime Type,FRAUD,Sunday,06:00-11:59,16
YTD,10,Crime Type,FRAUD,Sunday,12:00-17:59,28
YTD,10,Crime Type,FRAUD,Sunday,18:00-23:59,27
YTD,10,Crime Type,FRAUD,Thursday,00:00-05:59,10
YTD,10,Crime Type,FRAUD,Thursday,06:00-11:59,30
YTD,10,Crime Type,FRAUD,Thursday,12:00-17:59,35
YTD,10,Crime Type,FRAUD,Thursday,18:00-23:59,19
YTD,10,Crime Type,FRAUD,Tuesday,00:00-05:59,14
YTD,10,Crime Type,FRAUD,Tuesday,06:00-11:59,27
YTD,10,Crime Type,FRAUD,Tuesday,12:00-17:59,53
YTD,10,Crime Type,FRAUD,Tuesday,18:00-23:59,15
YTD,10,Crime Type,FRAUD,Wednesday,00:00-05:59,15
YTD,10,Crime Type,FRAUD,Wednesday,06:00-11:59,25
YTD,10,Crime Type,FRAUD,Wednesday,12:00-17:59,54
YTD,10,Crime Type,FRAUD,Wednesday,18:00-23:59,18
YTD,10,Crime Type,GAMBLING,Thursday,12:00-17:59,1
YTD,10,Crime Type,HEALTH AND SAFETY,Friday,18:00-23:59,8
YTD,10,Crime Type,HEALTH AND SAFETY,Saturday,18:00-23:59,1
YTD,10,Crime Type,HEALTH AND SAFETY,Sunday,00:00-05:59,2
YTD,10,Crime Type,HEALTH AND SAFETY,Sunday,12:00-17:59,1
YTD,10,Crime Type,HEALTH AND SAFETY,Sunday,18:00-23:59,4
YTD,10,Crime Type,HEALTH AND SAFETY,Thursday,18:00-23:59,1
YTD,10,Crime Type,HOMICIDE,Friday,00:00-05:59,2
YTD,10,Crime Type,HOMICIDE,Friday,06:00-11:59,1
YTD,10,Crime Type,HOMICIDE,Friday,12:00-17:59,2
YTD,10,Crime Type,HOMICIDE,Monday,06:00-11:59,1
YTD,10,Crime Type,HOMICIDE,Saturday,00:00-05:59,3
YTD,10,Crime Type,HOMICIDE,Saturday,06:00-11:59,2
YTD,10,Crime Type,HOMICIDE,Saturday,18:00-23:59,1
YTD,10,Crime Type,HOMICIDE,Tuesday,12:00-17:59,1
YTD,10,Crime Type,HOMICIDE,Wednesday,00:00-05:59,1
YTD,10,Crime Type,HOMICIDE,Wednesday,12:00-17:59,1
YTD,10,Crime Type,HOMICIDE,Wednesday,18:00-23:59,2
YTD,10,Crime Type,INVASION OF PRIVACY -OTHER,Friday,06:00-11:59,1
YTD,10,Crime Type,INVASION OF PRIVACY -OTHER,Friday,18:00-23:59,1
YTD,10,Crime Type,INVASION OF PRIVACY -OTHER,Monday,00:00-05:59,1
YTD,10,Crime Type,INVASION OF PRIVACY -OTHER,Monday,12:00-17:59,1
YTD,10,Crime Type,INVASION OF PRIVACY -OTHER,Monday,18:00-23:59,2
YTD,10,Crime Type,INVASION OF PRIVACY -OTHER,Saturday,00:00-05:59,1
YTD,10,Crime Type,INVASION OF PRIVACY -OTHER,Saturday,06:00-11:59,2
YTD,10,Crime Type,INVASION OF PRIVACY -OTHER,Saturday,12:00-17:59,1
YTD,10,Crime Type,INVASION OF PRIVACY -OTHER,Sunday,12:00-17:59,2
YTD,10,Crime Type,INVASION OF PRIVACY -OTHER,Sunday,18:00-23:59,1
YTD,10,Crime Type,INVASION OF PRIVACY -OTHER,Thursday,06:00-11:59,1
YTD,10,Crime Type,INVASION OF PRIVACY -OTHER,Thursday,12:00-17:59,1
YTD,10,Crime Type,INVASION OF PRIVACY -OTHER,Tuesday,12:00-17:59,2
YTD,10,Crime Type,INVASION OF PRIVACY -OTHER,Tuesday,18:00-23:59,1
YTD,10,Crime Type,INVASION OF PRIVACY -OTHER,Wednesday,06:00-11:59,1
YTD,10,Crime Type,INVASION OF PRIVACY -OTHER,Wednesday,12:00-17:59,2
YTD,10,Crime Type,INVASION OF PRIVACY -OTHER,Wednesday,18:00-23:59,1
YTD,10,Crime Type,JUSTIFIABLE HOMICIDE,Monday,06:00-11:59,1
YTD,10,Crime Type,KIDNAPPING,Friday,06:00-11:59,1
YTD,10,Crime Type,KIDNAPPING,Monday,00:00-05:59,1
YTD,10,Crime Type,KIDNAPPING,Monday,18:00-23:59,1
YTD,10,Crime Type,KIDNAPPING,Saturday,06:00-11:59,2
YTD,10,Crime Type,KIDNAPPING,Sunday,12:00-17:59,1
YTD,10,Crime Type,KIDNAPPING,Thursday,00:00-05:59,1
YTD,10,Crime Type,KIDNAPPING,Thursday,06:00-11:59,3
YTD,10,Crime Type,KIDNAPPING,Thursday,12:00-17:59,2
YTD,10,Crime Type,KIDNAPPING,Thursday,18:00-23:59,1
YTD,10,Crime Type,KIDNAPPING,Tuesday,06:00-11:59,2
YTD,10,Crime Type,KIDNAPPING,Tuesday,18:00-23:59,1
YTD,10,Crime Type,KIDNAPPING,Wednesday,00:00-05:59,1
YTD,10,Crime Type,KIDNAPPING,Wednesday,12:00-17:59,2
YTD,10,Crime Type,LARCENY,Friday,00:00-05:59,24
YTD,10,Crime Type,LARCENY,Friday,06:00-11:59,41
YTD,10,Crime Type,LARCENY,Friday,12:00-17:59,71
YTD,10,Crime Type,LARCENY,Friday,18:00-23:59,45
YTD,10,Crime Type,LARCENY,Monday,00:00-05:59,24
YTD,10,Crime Type,LARCENY,Monday,06:00-11:59,37
YTD,10,Crime Type,LARCENY,Monday,12:00-17:59,54
YTD,10,Crime Type,LARCENY,Monday,18:00-23:59,46
YTD,10,Crime Type,LARCENY,Saturday,00:00-05:59,29
YTD,10,Crime Type,LARCENY,Saturday,06:00-11:59,34
YTD,10,Crime Type,LARCENY,Saturday,12:00-17:59,53
YTD,10,Crime Type,LARCENY,Saturday,18:00-23:59,43
YTD,10,Crime Type,LARCENY,Sunday,00:00-05:59,23
YTD,10,Crime Type,LARCENY,Sunday,06:00-11:59,36
YTD,10,Crime Type,LARCENY,Sunday,12:00-17:59,28
YTD,10,Crime Type,LARCENY,Sunday,18:00-23:59,46
YTD,10,Crime Type,LARCENY,Thursday,00:00-05:59,17
YTD,10,Crime Type,LARCENY,Thursday,06:00-11:59,34
YTD,10,Crime Type,LARCENY,Thursday,12:00-17:59,64
YTD,10,Crime Type,LARCENY,Thursday,18:00-23:59,39
YTD,10,Crime Type,LARCENY,Tuesday,00:00-05:59,19
YTD,10,Crime Type,LARCENY,Tuesday,06:00-11:59,30
YTD,10,Crime Type,LARCENY,Tuesday,12:00-17:59,53
YTD,10,Crime Type,LARCENY,Tuesday,18:00-23:59,33
YTD,10,Crime Type,LARCENY,Wednesday,00:00-05:59,22
YTD,10,Crime Type,LARCENY,Wednesday,06:00-11:59,33
YTD,10,Crime Type,LARCENY,Wednesday,12:00-17:59,46
YTD,10,Crime Type,LARCENY,Wednesday,18:00-23:59,41
YTD,10,Crime Type,LIQUOR,Friday,18:00-23:59,2
YTD,10,Crime Type,LIQUOR,Saturday,18:00-23:59,1
YTD,10,Crime Type,MISCELLANEOUS,Monday,06:00-11:59,1
YTD,10,Crime Type,MISCELLANEOUS,Monday,12:00-17:59,1
YTD,10,Crime Type,MISCELLANEOUS,Sunday,12:00-17:59,2
YTD,10,Crime Type,MISCELLANEOUS,Tuesday,12:00-17:59,2
YTD,10,Crime Type,MISCELLANEOUS,Wednesday,12:00-17:59,1
YTD,10,Crime Type,OBSTRUCTING JUDICIARY,Friday,06:00-11:59,2
YTD,10,Crime Type,OBSTRUCTING JUDICIARY,Friday,12:00-17:59,4
YTD,10,Crime Type,OBSTRUCTING JUDICIARY,Friday,18:00-23:59,2
YTD,10,Crime Type,OBSTRUCTING JUDICIARY,Monday,06:00-11:59,4
YTD,10,Crime Type,OBSTRUCTING JUDICIARY,Monday,12:00-17:59,1
YTD,10,Crime Type,OBSTRUCTING JUDICIARY,Monday,18:00-23:59,7
YTD,10,Crime Type,OBSTRUCTING JUDICIARY,Saturday,00:00-05:59,2
YTD,10,Crime Type,OBSTRUCTING JUDICIARY,Saturday,06:00-11:59,3
YTD,10,Crime Type,OBSTRUCTING JUDICIARY,Saturday,12:00-17:59,4
YTD,10,Crime Type,OBSTRUCTING JUDICIARY,Saturday,18:00-23:59,2
YTD,10,Crime Type,OBSTRUCTING JUDICIARY,Sunday,00:00-05:59,2
YTD,10,Crime Type,OBSTRUCTING JUDICIARY,Sunday,06:00-11:59,4
YTD,10,Crime Type,OBSTRUCTING JUDICIARY,Sunday,18:00-23:59,8
YTD,10,Crime Type,OBSTRUCTING JUDICIARY,Thursday,06:00-11:59,3
YTD,10,Crime Type,OBSTRUCTING JUDICIARY,Thursday,12:00-17:59,6
YTD,10,Crime Type,OBSTRUCTING JUDICIARY,Thursday,18:00-23:59,4
YTD,10,Crime Type,OBSTRUCTING JUDICIARY,Tuesday,00:00-05:59,4
YTD,10,Crime Type,OBSTRUCTING JUDICIARY,Tuesday,06:00-11:59,4
YTD,10,Crime Type,OBSTRUCTING JUDICIARY,Tuesday,12:00-17:59,2
YTD,10,Crime Type,OBSTRUCTING JUDICIARY,Tuesday,18:00-23:59,3
YTD,10,Crime Type,OBSTRUCTING JUDICIARY,Wednesday,00:00-05:59,1
YTD,10,Crime Type,OBSTRUCTING JUDICIARY,Wednesday,06:00-11:59,3
YTD,10,Crime Type,OBSTRUCTING JUDICIARY,Wednesday,12:00-17:59,5
YTD,10,Crime Type,OBSTRUCTING JUDICIARY,Wednesday,18:00-23:59,5
YTD,10,Crime Type,OBSTRUCTING THE POLICE,Friday,00:00-05:59,2
YTD,10,Crime Type,OBSTRUCTING THE POLICE,Friday,06:00-11:59,1
YTD,10,Crime Type,OBSTRUCTING THE POLICE,Friday,12:00-17:59,8
YTD,10,Crime Type,OBSTRUCTING THE POLICE,Friday,18:00-23:59,7
YTD,10,Crime Type,OBSTRUCTING THE POLICE,Monday,00:00-05:59,2
YTD,10,Crime Type,OBSTRUCTING THE POLICE,Monday,06:00-11:59,1
YTD,10,Crime Type,OBSTRUCTING THE POLICE,Monday,12:00-17:59,3
YTD,10,Crime Type,OBSTRUCTING THE POLICE,Monday,18:00-23:59,5
YTD,10,Crime Type,OBSTRUCTING THE POLICE,Saturday,00:00-05:59,4
YTD,10,Crime Type,OBSTRUCTING THE POLICE,Saturday,06:00-11:59,2
YTD,10,Crime Type,OBSTRUCTING THE POLICE,Saturday,12:00-17:59,4
YTD,10,Crime Type,OBSTRUCTING THE POLICE,Saturday,18:00-23:59,10
YTD,10,Crime Type,OBSTRUCTING THE POLICE,Sunday,00:00-05:59,7
YTD,10,Crime Type,OBSTRUCTING THE POLICE,Sunday,12:00-17:59,2
YTD,10,Crime Type,OBSTRUCTING THE POLICE,Sunday,18:00-23:59,8
YTD,10,Crime Type,OBSTRUCTING THE POLICE,Thursday,00:00-05:59,3
YTD,10,Crime Type,OBSTRUCTING THE POLICE,Thursday,06:00-11:59,1
YTD,10,Crime Type,OBSTRUCTING THE POLICE,Thursday,12:00-17:59,7
YTD,10,Crime Type,OBSTRUCTING THE POLICE,Thursday,18:00-23:59,12
YTD,10,Crime Type,OBSTRUCTING THE POLICE,Tuesday,00:00-05:59,2
YTD,10,Crime Type,OBSTRUCTING THE POLICE,Tuesday,06:00-11:59,2
YTD,10,Crime Type,OBSTRUCTING THE POLICE,Tuesday,12:00-17:59,11
YTD,10,Crime Type,OBSTRUCTING THE POLICE,Tuesday,18:00-23:59,3
YTD,10,Crime Type,OBSTRUCTING THE POLICE,Wednesday,00:00-05:59,4
YTD,10,Crime Type,OBSTRUCTING THE POLICE,Wednesday,06:00-11:59,1
YTD,10,Crime Type,OBSTRUCTING THE POLICE,Wednesday,12:00-17:59,6
YTD,10,Crime Type,OBSTRUCTING THE POLICE,Wednesday,18:00-23:59,6
YTD,10,Crime Type,OTHER,Friday,00:00-05:59,2
YTD,10,Crime Type,OTHER,Friday,12:00-17:59,2
YTD,10,Crime Type,OTHER,Friday,18:00-23:59,1
YTD,10,Crime Type,OTHER,Monday,00:00-05:59,1
YTD,10,Crime Type,OTHER,Monday,12:00-17:59,1
YTD,10,Crime Type,OTHER,Monday,18:00-23:59,2
YTD,10,Crime Type,OTHER,Saturday,12:00-17:59,1
YTD,10,Crime Type,OTHER,Saturday,18:00-23:59,1
YTD,10,Crime Type,OTHER,Sunday,12:00-17:59,2
YTD,10,Crime Type,OTHER,Thursday,00:00-05:59,1
YTD,10,Crime Type,OTHER,Thursday,12:00-17:59,4
YTD,10,Crime Type,OTHER,Thursday,18:00-23:59,3
YTD,10,Crime Type,OTHER,Tuesday,06:00-11:59,1
YTD,10,Crime Type,OTHER,Tuesday,12:00-17:59,1
YTD,10,Crime Type,OTHER,Tuesday,18:00-23:59,1
YTD,10,Crime Type,OTHER,Wednesday,12:00-17:59,1
YTD,10,Crime Type,OUIL,Friday,00:00-05:59,4
YTD,10,Crime Type,OUIL,Friday,06:00-11:59,2
YTD,10,Crime Type,OUIL,Monday,00:00-05:59,4
YTD,10,Crime Type,OUIL,Monday,06:00-11:59,2
YTD,10,Crime Type,OUIL,Monday,12:00-17:59,2
YTD,10,Crime Type,OUIL,Monday,18:00-23:59,2
YTD,10,Crime Type,OUIL,Saturday,00:00-05:59,2
YTD,10,Crime Type,OUIL,Saturday,06:00-11:59,2
YTD,10,Crime Type,OUIL,Saturday,18:00-23:59,8
YTD,10,Crime Type,OUIL,Sunday,00:00-05:59,6
YTD,10,Crime Type,OUIL,Sunday,12:00-17:59,2
YTD,10,Crime Type,OUIL,Sunday,18:00-23:59,4
YTD,10,Crime Type,OUIL,Thursday,00:00-05:59,2
YTD,10,Crime Type,OUIL,Thursday,12:00-17:59,4
YTD,10,Crime Type,OUIL,Tuesday,12:00-17:59,2
YTD,10,Crime Type,OUIL,Tuesday,18:00-23:59,8
YTD,10,Crime Type,OUIL,Wednesday,12:00-17:59,2
YTD,10,Crime Type,OUIL,Wednesday,18:00-23:59,6
YTD,10,Crime Type,ROBBERY,Friday,00:00-05:59,6
YTD,10,Crime Type,ROBBERY,Friday,06:00-11:59,2
YTD,10,Crime Type,ROBBERY,Friday,12:00-17:59,5
YTD,10,Crime Type,ROBBERY,Friday,18:00-23:59,4
YTD,10,Crime Type,ROBBERY,Monday,00:00-05:59,4
YTD,10,Crime Type,ROBBERY,Monday,06:00-11:59,1
YTD,10,Crime Type,ROBBERY,Monday,12:00-17:59,6
YTD,10,Crime Type,ROBBERY,Monday,18:00-23:59,5
YTD,10,Crime Type,ROBBERY,Saturday,00:00-05:59,5
YTD,10,Crime Type,ROBBERY,Saturday,06:00-11:59,4
YTD,10,Crime Type,ROBBERY,Saturday,12:00-17:59,2
YTD,10,Crime Type,ROBBERY,Saturday,18:00-23:59,8
YTD,10,Crime Type,ROBBERY,Sunday,00:00-05:59,10
YTD,10,Crime Type,ROBBERY,Sunday,06:00-11:59,6
YTD,10,Crime Type,ROBBERY,Sunday,12:00-17:59,4
YTD,10,Crime Type,ROBBERY,Sunday,18:00-23:59,11
YTD,10,Crime Type,ROBBERY,Thursday,00:00-05:59,5
YTD,10,Crime Type,ROBBERY,Thursday,06:00-11:59,1
YTD,10,Crime Type,ROBBERY,Thursday,12:00-17:59,4
YTD,10,Crime Type,ROBBERY,Thursday,18:00-23:59,1
YTD,10,Crime Type,ROBBERY,Tuesday,00:00-05:59,2
YTD,10,Crime Type,ROBBERY,Tuesday,06:00-11:59,3
YTD,10,Crime Type,ROBBERY,Tuesday,12:00-17:59,4
YTD,10,Crime Type,ROBBERY,Tuesday,18:00-23:59,5
YTD,10,Crime Type,ROBBERY,Wednesday,00:00-05:59,3
YTD,10,Crime Type,ROBBERY,Wednesday,06:00-11:59,3
YTD,10,Crime Type,ROBBERY,Wednesday,18:00-23:59,5
YTD,10,Crime Type,RUNAWAY,Friday,00:00-05:59,3
YTD,10,Crime Type,RUNAWAY,Friday,06:00-11:59,2
YTD,10,Crime Type,RUNAWAY,Friday,12:00-17:59,4
YTD,10,Crime Type,RUNAWAY,Friday,18:00-23:59,5
YTD,10,Crime Type,RUNAWAY,Monday,12:00-17:59,8
YTD,10,Crime Type,RUNAWAY,Monday,18:00-23:59,2
YTD,10,Crime Type,RUNAWAY,Saturday,00:00-05:59,2
YTD,10,Crime Type,RUNAWAY,Saturday,12:00-17:59,3
YTD,10,Crime Type,RUNAWAY,Saturday,18:00-23:59,5
YTD,10,Crime Type,RUNAWAY,Sunday,00:00-05:59,2
YTD,10,Crime Type,RUNAWAY,Sunday,12:00-17:59,5
YTD,10,Crime Type,RUNAWAY,Sunday,18:00-23:59,3
YTD,10,Crime Type,RUNAWAY,Thursday,00:00-05:59,2
YTD,10,Crime Type,RUNAWAY,Thursday,06:00-11:59,5
YTD,10,Crime Type,RUNAWAY,Thursday,12:00-17:59,4
YTD,10,Crime Type,RUNAWAY,Thursday,18:00-23:59,3
YTD,10,Crime Type,RUNAWAY,Tuesday,00:00-05:59,2
YTD,10,Crime Type,RUNAWAY,Tuesday,06:00-11:59,2
YTD,10,Crime Type,RUNAWAY,Tuesday,12:00-17:59,6
YTD,10,Crime Type,RUNAWAY,Tuesday,18:00-23:59,3
YTD,10,Crime Type,RUNAWAY,Wednesday,00:00-05:59,1
YTD,10,Crime Type,RUNAWAY,Wednesday,06:00-11:59,2
YTD,10,Crime Type,RUNAWAY,Wednesday,12:00-17:59,7
YTD,10,Crime Type,RUNAWAY,Wednesday,18:00-23:59,5
YTD,10,Crime Type,SEX OFFENSES,Friday,00:00-05:59,3
YTD,10,Crime Type,SEX OFFENSES,Friday,06:00-11:59,5
YTD,10,Crime Type,SEX OFFENSES,Friday,12:00-17:59,3
YTD,10,Crime Type,SEX OFFENSES,Monday,00:00-05:59,2
YTD,10,Crime Type,SEX OFFENSES,Monday,06:00-11:59,1
YTD,10,Crime Type,SEX OFFENSES,Monday,12:00-17:59,1
YTD,10,Crime Type,SEX OFFENSES,Monday,18:00-23:59,2
YTD,10,Crime Type,SEX OFFENSES,Saturday,00:00-05:59,1
YTD,10,Crime Type,SEX OFFENSES,Saturday,06:00-11:59,1
YTD,10,Crime Type,SEX OFFENSES,Saturday,12:00-17:59,2
YTD,10,Crime Type,SEX OFFENSES,Sunday,06:00-11:59,2
YTD,10,Crime Type,SEX OFFENSES,Sunday,12:00-17:59,2
YTD,10,Crime Type,SEX OFFENSES,Sunday,18:00-23:59,5
YTD,10,Crime Type,SEX OFFENSES,Thursday,00:00-05:59,4
YTD,10,Crime Type,SEX OFFENSES,Thursday,06:00-11:59,1
YTD,10,Crime Type,SEX OFFENSES,Thursday,12:00-17:59,3
YTD,10,Crime Type,SEX OFFENSES,Thursday,18:00-23:59,4
YTD,10,Crime Type,SEX OFFENSES,Tuesday,00:00-05:59,1
YTD,10,Crime Type,SEX OFFENSES,Tuesday,06:00-11:59,2
YTD,10,Crime Type,SEX OFFENSES,Tuesday,12:00-17:59,1
YTD,10,Crime Type,SEX OFFENSES,Tuesday,18:00-23:59,4
YTD,10,Crime Type,SEX OFFENSES,Wednesday,00:00-05:59,2
YTD,10,Crime Type,SEX OFFENSES,Wednesday,06:00-11:59,2
YTD,10,Crime Type,SEX OFFENSES,Wednesday,12:00-17:59,3
YTD,10,Crime Type,SEX OFFENSES,Wednesday,18:00-23:59,1
YTD,10,Crime Type,SEXUAL ASSAULT,Friday,00:00-05:59,4
YTD,10,Crime Type,SEXUAL ASSAULT,Friday,06:00-11:59,1
YTD,10,Crime Type,SEXUAL ASSAULT,Friday,12:00-17:59,1
YTD,10,Crime Type,SEXUAL ASSAULT,Friday,18:00-23:59,1
YTD,10,Crime Type,SEXUAL ASSAULT,Monday,00:00-05:59,2
YTD,10,Crime Type,SEXUAL ASSAULT,Monday,06:00-11:59,3
YTD,10,Crime Type,SEXUAL ASSAULT,Monday,12:00-17:59,2
YTD,10,Crime Type,SEXUAL ASSAULT,Monday,18:00-23:59,2
YTD,10,Crime Type,SEXUAL ASSAULT,Saturday,00:00-05:59,5
YTD,10,Crime Type,SEXUAL ASSAULT,Saturday,06:00-11:59,1
YTD,10,Crime Type,SEXUAL ASSAULT,Saturday,12:00-17:59,1
YTD,10,Crime Type,SEXUAL ASSAULT,Saturday,18:00-23:59,3
YTD,10,Crime Type,SEXUAL ASSAULT,Sunday,00:00-05:59,2
YTD,10,Crime Type,SEXUAL ASSAULT,Sunday,06:00-11:59,2
YTD,10,Crime Type,SEXUAL ASSAULT,Sunday,12:00-17:59,2
YTD,10,Crime Type,SEXUAL ASSAULT,Sunday,18:00-23:59,1
YTD,10,Crime Type,SEXUAL ASSAULT,Thursday,00:00-05:59,2
YTD,10,Crime Type,SEXUAL ASSAULT,Thursday,06:00-11:59,2
YTD,10,Crime Type,SEXUAL ASSAULT,Thursday,12:00-17:59,2
YTD,10,Crime Type,SEXUAL ASSAULT,Thursday,18:00-23:59,3
YTD,10,Crime Type,SEXUAL ASSAULT,Tuesday,00:00-05:59,3
YTD,10,Crime Type,SEXUAL ASSAULT,Tuesday,06:00-11:59,2
YTD,10,Crime Type,SEXUAL ASSAULT,Tuesday,12:00-17:59,1
YTD,10,Crime Type,SEXUAL ASSAULT,Tuesday,18:00-23:59,1
YTD,10,Crime Type,SEXUAL ASSAULT,Wednesday,00:00-05:59,3
YTD,10,Crime Type,SEXUAL ASSAULT,Wednesday,06:00-11:59,3
YTD,10,Crime Type,SEXUAL ASSAULT,Wednesday,12:00-17:59,2
YTD,10,Crime Type,STOLEN PROPERTY,Friday,00:00-05:59,4
YTD,10,Crime Type,STOLEN PROPERTY,Friday,06:00-11:59,6
YTD,10,Crime Type,STOLEN PROPERTY,Friday,12:00-17:59,12
YTD,10,Crime Type,STOLEN PROPERTY,Friday,18:00-23:59,9
YTD,10,Crime Type,STOLEN PROPERTY,Monday,00:00-05:59,1
YTD,10,Crime Type,STOLEN PROPERTY,Monday,06:00-11:59,2
YTD,10,Crime Type,STOLEN PROPERTY,Monday,12:00-17:59,6
YTD,10,Crime Type,STOLEN PROPERTY,Monday,18:00-23:59,3
YTD,10,Crime Type,STOLEN PROPERTY,Saturday,00:00-05:59,6
YTD,10,Crime Type,STOLEN PROPERTY,Saturday,06:00-11:59,3
YTD,10,Crime Type,STOLEN PROPERTY,Saturday,12:00-17:59,7
YTD,10,Crime Type,STOLEN PROPERTY,Saturday,18:00-23:59,5
YTD,10,Crime Type,STOLEN PROPERTY,Sunday,00:00-05:59,1
YTD,10,Crime Type,STOLEN PROPERTY,Sunday,06:00-11:59,2
YTD,10,Crime Type,STOLEN PROPERTY,Sunday,12:00-17:59,4
YTD,10,Crime Type,STOLEN PROPERTY,Sunday,18:00-23:59,9
YTD,10,Crime Type,STOLEN PROPERTY,Thursday,00:00-05:59,2
YTD,10,Crime Type,STOLEN PROPERTY,Thursday,06:00-11:59,10
YTD,10,Crime Type,STOLEN PROPERTY,Thursday,12:00-17:59,11
YTD,10,Crime Type,STOLEN PROPERTY,Thursday,18:00-23:59,3
YTD,10,Crime Type,STOLEN PROPERTY,Tuesday,00:00-05:59,3
YTD,10,Crime Type,STOLEN PROPERTY,Tuesday,06:00-11:59,8
YTD,10,Crime Type,STOLEN PROPERTY,Tuesday,12:00-17:59,6
YTD,10,Crime Type,STOLEN PROPERTY,Tuesday,18:00-23:59,4
YTD,10,Crime Type,STOLEN PROPERTY,Wednesday,00:00-05:59,1
YTD,10,Crime Type,STOLEN PROPERTY,Wednesday,06:00-11:59,4
YTD,10,Crime Type,STOLEN PROPERTY,Wednesday,12:00-17:59,14
YTD,10,Crime Type,STOLEN PROPERTY,Wednesday,18:00-23:59,5
YTD,10,Crime Type,STOLEN VEHICLE,Friday,00:00-05:59,18
YTD,10,Crime Type,STOLEN VEHICLE,Friday,06:00-11:59,8
YTD,10,Crime Type,STOLEN VEHICLE,Friday,12:00-17:59,15
YTD,10,Crime Type,STOLEN VEHICLE,Friday,18:00-23:59,29
YTD,10,Crime Type,STOLEN VEHICLE,Monday,00:00-05:59,15
YTD,10,Crime Type,STOLEN VEHICLE,Monday,06:00-11:59,10
YTD,10,Crime Type,STOLEN VEHICLE,Monday,12:00-17:59,16
YTD,10,Crime Type,STOLEN VEHICLE,Monday,18:00-23:59,37
YTD,10,Crime Type,STOLEN VEHICLE,Saturday,00:00-05:59,11
YTD,10,Crime Type,STOLEN VEHICLE,Saturday,06:00-11:59,7
YTD,10,Crime Type,STOLEN VEHICLE,Saturday,12:00-17:59,8
YTD,10,Crime Type,STOLEN VEHICLE,Saturday,18:00-23:59,24
YTD,10,Crime Type,STOLEN VEHICLE,Sunday,00:00-05:59,23
YTD,10,Crime Type,STOLEN VEHICLE,Sunday,06:00-11:59,8
YTD,10,Crime Type,STOLEN VEHICLE,Sunday,12:00-17:59,9
YTD,10,Crime Type,STOLEN VEHICLE,Sunday,18:00-23:59,20
YTD,10,Crime Type,STOLEN VEHICLE,Thursday,00:00-05:59,19
YTD,10,Crime Type,STOLEN VEHICLE,Thursday,06:00-11:59,7
YTD,10,Crime Type,STOLEN VEHICLE,Thursday,12:00-17:59,12
YTD,10,Crime Type,STOLEN VEHICLE,Thursday,18:00-23:59,27
YTD,10,Crime Type,STOLEN VEHICLE,Tuesday,00:00-05:59,9
YTD,10,Crime Type,STOLEN VEHICLE,Tuesday,06:00-11:59,12
YTD,10,Crime Type,STOLEN VEHICLE,Tuesday,12:00-17:59,15
YTD,10,Crime Type,STOLEN VEHICLE,Tuesday,18:00-23:59,26
YTD,10,Crime Type,STOLEN VEHICLE,Wednesday,00:00-05:59,13
YTD,10,Crime Type,STOLEN VEHICLE,Wednesday,06:00-11:59,15
YTD,10,Crime Type,STOLEN VEHICLE,Wednesday,12:00-17:59,13
YTD,10,Crime Type,STOLEN VEHICLE,Wednesday,18:00-23:59,28
YTD,10,Crime Type,WEAPONS OFFENSES,Friday,00:00-05:59,6
YTD,10,Crime Type,WEAPONS OFFENSES,Friday,06:00-11:59,1
YTD,10,Crime Type,WEAPONS OFFENSES,Friday,12:00-17:59,7
YTD,10,Crime Type,WEAPONS OFFENSES,Friday,18:00-23:59,21
YTD,10,Crime Type,WEAPONS OFFENSES,Monday,00:00-05:59,4
YTD,10,Crime Type,WEAPONS OFFENSES,Monday,06:00-11:59,2
YTD,10,Crime Type,WEAPONS OFFENSES,Monday,12:00-17:59,10
YTD,10,Crime Type,WEAPONS OFFENSES,Monday,18:00-23:59,13
YTD,10,Crime Type,WEAPONS OFFENSES,Saturday,00:00-05:59,7
YTD,10,Crime Type,WEAPONS OFFENSES,Saturday,06:00-11:59,4
YTD,10,Crime Type,WEAPONS OFFENSES,Saturday,12:00-17:59,3
YTD,10,Crime Type,WEAPONS OFFENSES,Saturday,18:00-23:59,20
YTD,10,Crime Type,WEAPONS OFFENSES,Sunday,00:00-05:59,9
YTD,10,Crime Type,WEAPONS OFFENSES,Sunday,06:00-11:59,3
YTD,10,Crime Type,WEAPONS OFFENSES,Sunday,12:00-17:59,7
YTD,10,Crime Type,WEAPONS OFFENSES,Sunday,18:00-23:59,23
YTD,10,Crime Type,WEAPONS OFFENSES,Thursday,00:00-05:59,7
YTD,10,Crime Type,WEAPONS OFFENSES,Thursday,06:00-11:59,2
YTD,10,Crime Type,WEAPONS OFFENSES,Thursday,12:00-17:59,13
YTD,10,Crime Type,WEAPONS OFFENSES,Thursday,18:00-23:59,28
YTD,10,Crime Type,WEAPONS OFFENSES,Tuesday,00:00-05:59,2
YTD,10,Crime Type,WEAPONS OFFENSES,Tuesday,06:00-11:59,3
YTD,10,Crime Type,WEAPONS OFFENSES,Tuesday,12:00-17:59,5
YTD,10,Crime Type,WEAPONS OFFENSES,Tuesday,18:00-23:59,9
YTD,10,Crime Type,WEAPONS OFFENSES,Wednesday,00:00-05:59,1
YTD,10,Crime Type,WEAPONS OFFENSES,Wednesday,06:00-11:59,5
YTD,10,Crime Type,WEAPONS OFFENSES,Wednesday,12:00-17:59,8
YTD,10,Crime Type,WEAPONS OFFENSES,Wednesday,18:00-23:59,16
YTD,10,Category Focus,Gun-Related,Friday,00:00-05:59,6
YTD,10,Category Focus,Gun-Related,Friday,06:00-11:59,1
YTD,10,Category Focus,Gun-Related,Friday,12:00-17:59,5
YTD,10,Category Focus,Gun-Related,Friday,18:00-23:59,17
YTD,10,Category Focus,Gun-Related,Monday,00:00-05:59,3
YTD,10,Category Focus,Gun-Related,Monday,06:00-11:59,2
YTD,10,Category Focus,Gun-Related,Monday,12:00-17:59,10
YTD,10,Category Focus,Gun-Related,Monday,18:00-23:59,11
YTD,10,Category Focus,Gun-Related,Saturday,00:00-05:59,6
YTD,10,Category Focus,Gun-Related,Saturday,06:00-11:59,1
YTD,10,Category Focus,Gun-Related,Saturday,12:00-17:59,2
YTD,10,Category Focus,Gun-Related,Saturday,18:00-23:59,17
YTD,10,Category Focus,Gun-Related,Sunday,00:00-05:59,9
YTD,10,Category Focus,Gun-Related,Sunday,06:00-11:59,2
YTD,10,Category Focus,Gun-Related,Sunday,12:00-17:59,6
YTD,10,Category Focus,Gun-Related,Sunday,18:00-23:59,17
YTD,10,Category Focus,Gun-Related,Thursday,00:00-05:59,6
YTD,10,Category Focus,Gun-Related,Thursday,06:00-11:59,2
YTD,10,Category Focus,Gun-Related,Thursday,12:00-17:59,13
YTD,10,Category Focus,Gun-Related,Thursday,18:00-23:59,26
YTD,10,Category Focus,Gun-Related,Tuesday,00:00-05:59,2
YTD,10,Category Focus,Gun-Related,Tuesday,06:00-11:59,3
YTD,10,Category Focus,Gun-Related,Tuesday,12:00-17:59,4
YTD,10,Category Focus,Gun-Related,Tuesday,18:00-23:59,7
YTD,10,Category Focus,Gun-Related,Wednesday,00:00-05:59,1
YTD,10,Category Focus,Gun-Related,Wednesday,06:00-11:59,4
YTD,10,Category Focus,Gun-Related,Wednesday,12:00-17:59,7
YTD,10,Category Focus,Gun-Related,Wednesday,18:00-23:59,14
YTD,10,Category Focus,Property Crime,Friday,00:00-05:59,84
YTD,10,Category Focus,Property Crime,Friday,06:00-11:59,105
YTD,10,Category Focus,Property Crime,Friday,12:00-17:59,161
YTD,10,Category Focus,Property Crime,Friday,18:00-23:59,155
YTD,10,Category Focus,Property Crime,Monday,00:00-05:59,85
YTD,10,Category Focus,Property Crime,Monday,06:00-11:59,97
YTD,10,Category Focus,Property Crime,Monday,12:00-17:59,148
YTD,10,Category Focus,Property Crime,Monday,18:00-23:59,158
YTD,10,Category Focus,Property Crime,Saturday,00:00-05:59,90
YTD,10,Category Focus,Property Crime,Saturday,06:00-11:59,87
YTD,10,Category Focus,Property Crime,Saturday,12:00-17:59,139
YTD,10,Category Focus,Property Crime,Saturday,18:00-23:59,126
YTD,10,Category Focus,Property Crime,Sunday,00:00-05:59,103
YTD,10,Category Focus,Property Crime,Sunday,06:00-11:59,88
YTD,10,Category Focus,Property Crime,Sunday,12:00-17:59,108
YTD,10,Category Focus,Property Crime,Sunday,18:00-23:59,138
YTD,10,Category Focus,Property Crime,Thursday,00:00-05:59,82
YTD,10,Category Focus,Property Crime,Thursday,06:00-11:59,95
YTD,10,Category Focus,Property Crime,Thursday,12:00-17:59,151
YTD,10,Category Focus,Property Crime,Thursday,18:00-23:59,123
YTD,10,Category Focus,Property Crime,Tuesday,00:00-05:59,77
YTD,10,Category Focus,Property Crime,Tuesday,06:00-11:59,101
YTD,10,Category Focus,Property Crime,Tuesday,12:00-17:59,150
YTD,10,Category Focus,Property Crime,Tuesday,18:00-23:59,120
YTD,10,Category Focus,Property Crime,Wednesday,00:00-05:59,76
YTD,10,Category Focus,Property Crime,Wednesday,06:00-11:59,87
YTD,10,Category Focus,Property Crime,Wednesday,12:00-17:59,130
YTD,10,Category Focus,Property Crime,Wednesday,18:00-23:59,131
YTD,10,Category Focus,Larceny,Friday,00:00-05:59,24
YTD,10,Category Focus,Larceny,Friday,06:00-11:59,41
YTD,10,Category Focus,Larceny,Friday,12:00-17:59,71
YTD,10,Category Focus,Larceny,Friday,18:00-23:59,45
YTD,10,Category Focus,Larceny,Monday,00:00-05:59,24
YTD,10,Category Focus,Larceny,Monday,06:00-11:59,37
YTD,10,Category Focus,Larceny,Monday,12:00-17:59,54
YTD,10,Category Focus,Larceny,Monday,18:00-23:59,46
YTD,10,Category Focus,Larceny,Saturday,00:00-05:59,29
YTD,10,Category Focus,Larceny,Saturday,06:00-11:59,34
YTD,10,Category Focus,Larceny,Saturday,12:00-17:59,53
YTD,10,Category Focus,Larceny,Saturday,18:00-23:59,43
YTD,10,Category Focus,Larceny,Sunday,00:00-05:59,23
YTD,10,Category Focus,Larceny,Sunday,06:00-11:59,36
YTD,10,Category Focus,Larceny,Sunday,12:00-17:59,28
YTD,10,Category Focus,Larceny,Sunday,18:00-23:59,46
YTD,10,Category Focus,Larceny,Thursday,00:00-05:59,17
YTD,10,Category Focus,Larceny,Thursday,06:00-11:59,34
YTD,10,Category Focus,Larceny,Thursday,12:00-17:59,64
YTD,10,Category Focus,Larceny,Thursday,18:00-23:59,39
YTD,10,Category Focus,Larceny,Tuesday,00:00-05:59,19
YTD,10,Category Focus,Larceny,Tuesday,06:00-11:59,30
YTD,10,Category Focus,Larceny,Tuesday,12:00-17:59,53
YTD,10,Category Focus,Larceny,Tuesday,18:00-23:59,33
YTD,10,Category Focus,Larceny,Wednesday,00:00-05:59,22
YTD,10,Category Focus,Larceny,Wednesday,06:00-11:59,33
YTD,10,Category Focus,Larceny,Wednesday,12:00-17:59,46
YTD,10,Category Focus,Larceny,Wednesday,18:00-23:59,41
YTD,11,All,All,Friday,00:00-05:59,163
YTD,11,All,All,Friday,06:00-11:59,191
YTD,11,All,All,Friday,12:00-17:59,299
YTD,11,All,All,Friday,18:00-23:59,261
YTD,11,All,All,Monday,00:00-05:59,179
YTD,11,All,All,Monday,06:00-11:59,171
YTD,11,All,All,Monday,12:00-17:59,281
YTD,11,All,All,Monday,18:00-23:59,317
YTD,11,All,All,Saturday,00:00-05:59,189
YTD,11,All,All,Saturday,06:00-11:59,153
YTD,11,All,All,Saturday,12:00-17:59,281
YTD,11,All,All,Saturday,18:00-23:59,279
YTD,11,All,All,Sunday,00:00-05:59,278
YTD,11,All,All,Sunday,06:00-11:59,130
YTD,11,All,All,Sunday,12:00-17:59,232
YTD,11,All,All,Sunday,18:00-23:59,319
YTD,11,All,All,Thursday,00:00-05:59,168
YTD,11,All,All,Thursday,06:00-11:59,176
YTD,11,All,All,Thursday,12:00-17:59,266
YTD,11,All,All,Thursday,18:00-23:59,254
YTD,11,All,All,Tuesday,00:00-05:59,178
YTD,11,All,All,Tuesday,06:00-11:59,163
YTD,11,All,All,Tuesday,12:00-17:59,287
YTD,11,All,All,Tuesday,18:00-23:59,231
YTD,11,All,All,Wednesday,00:00-05:59,179
YTD,11,All,All,Wednesday,06:00-11:59,212
YTD,11,All,All,Wednesday,12:00-17:59,289
YTD,11,All,All,Wednesday,18:00-23:59,250
YTD,11,Crime Type,AGGRAVATED ASSAULT,Friday,00:00-05:59,19
YTD,11,Crime Type,AGGRAVATED ASSAULT,Friday,06:00-11:59,18
YTD,11,Crime Type,AGGRAVATED ASSAULT,Friday,12:00-17:59,34
YTD,11,Crime Type,AGGRAVATED ASSAULT,Friday,18:00-23:59,28
YTD,11,Crime Type,AGGRAVATED ASSAULT,Monday,00:00-05:59,27
YTD,11,Crime Type,AGGRAVATED ASSAULT,Monday,06:00-11:59,11
YTD,11,Crime Type,AGGRAVATED ASSAULT,Monday,12:00-17:59,16
YTD,11,Crime Type,AGGRAVATED ASSAULT,Monday,18:00-23:59,47
YTD,11,Crime Type,AGGRAVATED ASSAULT,Saturday,00:00-05:59,26
YTD,11,Crime Type,AGGRAVATED ASSAULT,Saturday,06:00-11:59,17
YTD,11,Crime Type,AGGRAVATED ASSAULT,Saturday,12:00-17:59,32
YTD,11,Crime Type,AGGRAVATED ASSAULT,Saturday,18:00-23:59,31
YTD,11,Crime Type,AGGRAVATED ASSAULT,Sunday,00:00-05:59,39
YTD,11,Crime Type,AGGRAVATED ASSAULT,Sunday,06:00-11:59,17
YTD,11,Crime Type,AGGRAVATED ASSAULT,Sunday,12:00-17:59,20
YTD,11,Crime Type,AGGRAVATED ASSAULT,Sunday,18:00-23:59,41
YTD,11,Crime Type,AGGRAVATED ASSAULT,Thursday,00:00-05:59,27
YTD,11,Crime Type,AGGRAVATED ASSAULT,Thursday,06:00-11:59,15
YTD,11,Crime Type,AGGRAVATED ASSAULT,Thursday,12:00-17:59,26
YTD,11,Crime Type,AGGRAVATED ASSAULT,Thursday,18:00-23:59,33
YTD,11,Crime Type,AGGRAVATED ASSAULT,Tuesday,00:00-05:59,22
YTD,11,Crime Type,AGGRAVATED ASSAULT,Tuesday,06:00-11:59,9
YTD,11,Crime Type,AGGRAVATED ASSAULT,Tuesday,12:00-17:59,19
YTD,11,Crime Type,AGGRAVATED ASSAULT,Tuesday,18:00-23:59,27
YTD,11,Crime Type,AGGRAVATED ASSAULT,Wednesday,00:00-05:59,29
YTD,11,Crime Type,AGGRAVATED ASSAULT,Wednesday,06:00-11:59,16
YTD,11,Crime Type,AGGRAVATED ASSAULT,Wednesday,12:00-17:59,24
YTD,11,Crime Type,AGGRAVATED ASSAULT,Wednesday,18:00-23:59,25
YTD,11,Crime Type,ARSON,Friday,00:00-05:59,5
YTD,11,Crime Type,ARSON,Friday,06:00-11:59,1
YTD,11,Crime Type,ARSON,Friday,18:00-23:59,1
YTD,11,Crime Type,ARSON,Monday,00:00-05:59,3
YTD,11,Crime Type,ARSON,Monday,06:00-11:59,4
YTD,11,Crime Type,ARSON,Monday,12:00-17:59,1
YTD,11,Crime Type,ARSON,Saturday,00:00-05:59,5
YTD,11,Crime Type,ARSON,Saturday,06:00-11:59,1
YTD,11,Crime Type,ARSON,Saturday,18:00-23:59,1
YTD,11,Crime Type,ARSON,Sunday,00:00-05:59,4
YTD,11,Crime Type,ARSON,Sunday,12:00-17:59,1
YTD,11,Crime Type,ARSON,Thursday,00:00-05:59,1
YTD,11,Crime Type,ARSON,Thursday,06:00-11:59,2
YTD,11,Crime Type,ARSON,Thursday,12:00-17:59,2
YTD,11,Crime Type,ARSON,Thursday,18:00-23:59,3
YTD,11,Crime Type,ARSON,Tuesday,00:00-05:59,3
YTD,11,Crime Type,ARSON,Tuesday,12:00-17:59,1
YTD,11,Crime Type,ARSON,Tuesday,18:00-23:59,2
YTD,11,Crime Type,ARSON,Wednesday,00:00-05:59,1
YTD,11,Crime Type,ARSON,Wednesday,06:00-11:59,1
YTD,11,Crime Type,ARSON,Wednesday,12:00-17:59,1
YTD,11,Crime Type,ARSON,Wednesday,18:00-23:59,1
YTD,11,Crime Type,ASSAULT,Friday,00:00-05:59,39
YTD,11,Crime Type,ASSAULT,Friday,06:00-11:59,49
YTD,11,Crime Type,ASSAULT,Friday,12:00-17:59,61
YTD,11,Crime Type,ASSAULT,Friday,18:00-23:59,55
YTD,11,Crime Type,ASSAULT,Monday,00:00-05:59,40
YTD,11,Crime Type,ASSAULT,Monday,06:00-11:59,28
YTD,11,Crime Type,ASSAULT,Monday,12:00-17:59,51
YTD,11,Crime Type,ASSAULT,Monday,18:00-23:59,69
YTD,11,Crime Type,ASSAULT,Saturday,00:00-05:59,46
YTD,11,Crime Type,ASSAULT,Saturday,06:00-11:59,46
YTD,11,Crime Type,ASSAULT,Saturday,12:00-17:59,67
YTD,11,Crime Type,ASSAULT,Saturday,18:00-23:59,76
YTD,11,Crime Type,ASSAULT,Sunday,00:00-05:59,65
YTD,11,Crime Type,ASSAULT,Sunday,06:00-11:59,36
YTD,11,Crime Type,ASSAULT,Sunday,12:00-17:59,63
YTD,11,Crime Type,ASSAULT,Sunday,18:00-23:59,82
YTD,11,Crime Type,ASSAULT,Thursday,00:00-05:59,34
YTD,11,Crime Type,ASSAULT,Thursday,06:00-11:59,32
YTD,11,Crime Type,ASSAULT,Thursday,12:00-17:59,53
YTD,11,Crime Type,ASSAULT,Thursday,18:00-23:59,63
YTD,11,Crime Type,ASSAULT,Tuesday,00:00-05:59,38
YTD,11,Crime Type,ASSAULT,Tuesday,06:00-11:59,39
YTD,11,Crime Type,ASSAULT,Tuesday,12:00-17:59,56
YTD,11,Crime Type,ASSAULT,Tuesday,18:00-23:59,47
YTD,11,Crime Type,ASSAULT,Wednesday,00:00-05:59,32
YTD,11,Crime Type,ASSAULT,Wednesday,06:00-11:59,35
YTD,11,Crime Type,ASSAULT,Wednesday,12:00-17:59,55
YTD,11,Crime Type,ASSAULT,Wednesday,18:00-23:59,49
YTD,11,Crime Type,BURGLARY,Friday,00:00-05:59,11
YTD,11,Crime Type,BURGLARY,Friday,06:00-11:59,9
YTD,11,Crime Type,BURGLARY,Friday,12:00-17:59,20
YTD,11,Crime Type,BURGLARY,Friday,18:00-23:59,13
YTD,11,Crime Type,BURGLARY,Monday,00:00-05:59,8
YTD,11,Crime Type,BURGLARY,Monday,06:00-11:59,13
YTD,11,Crime Type,BURGLARY,Monday,12:00-17:59,25
YTD,11,Crime Type,BURGLARY,Monday,18:00-23:59,15
YTD,11,Crime Type,BURGLARY,Saturday,00:00-05:59,8
YTD,11,Crime Type,BURGLARY,Saturday,06:00-11:59,7
YTD,11,Crime Type,BURGLARY,Saturday,12:00-17:59,23
YTD,11,Crime Type,BURGLARY,Saturday,18:00-23:59,7
YTD,11,Crime Type,BURGLARY,Sunday,00:00-05:59,10
YTD,11,Crime Type,BURGLARY,Sunday,06:00-11:59,2
YTD,11,Crime Type,BURGLARY,Sunday,12:00-17:59,15
YTD,11,Crime Type,BURGLARY,Sunday,18:00-23:59,10
YTD,11,Crime Type,BURGLARY,Thursday,00:00-05:59,9
YTD,11,Crime Type,BURGLARY,Thursday,06:00-11:59,10
YTD,11,Crime Type,BURGLARY,Thursday,12:00-17:59,24
YTD,11,Crime Type,BURGLARY,Thursday,18:00-23:59,12
YTD,11,Crime Type,BURGLARY,Tuesday,00:00-05:59,12
YTD,11,Crime Type,BURGLARY,Tuesday,06:00-11:59,13
YTD,11,Crime Type,BURGLARY,Tuesday,12:00-17:59,18
YTD,11,Crime Type,BURGLARY,Tuesday,18:00-23:59,15
YTD,11,Crime Type,BURGLARY,Wednesday,00:00-05:59,19
YTD,11,Crime Type,BURGLARY,Wednesday,06:00-11:59,15
YTD,11,Crime Type,BURGLARY,Wednesday,12:00-17:59,14
YTD,11,Crime Type,BURGLARY,Wednesday,18:00-23:59,11
YTD,11,Crime Type,DAMAGE TO PROPERTY,Friday,00:00-05:59,27
YTD,11,Crime Type,DAMAGE TO PROPERTY,Friday,06:00-11:59,29
YTD,11,Crime Type,DAMAGE TO PROPERTY,Friday,12:00-17:59,32
YTD,11,Crime Type,DAMAGE TO PROPERTY,Friday,18:00-23:59,30
YTD,11,Crime Type,DAMAGE TO PROPERTY,Monday,00:00-05:59,35
YTD,11,Crime Type,DAMAGE TO PROPERTY,Monday,06:00-11:59,24
YTD,11,Crime Type,DAMAGE TO PROPERTY,Monday,12:00-17:59,32
YTD,11,Crime Type,DAMAGE TO PROPERTY,Monday,18:00-23:59,36
YTD,11,Crime Type,DAMAGE TO PROPERTY,Saturday,00:00-05:59,29
YTD,11,Crime Type,DAMAGE TO PROPERTY,Saturday,06:00-11:59,24
YTD,11,Crime Type,DAMAGE TO PROPERTY,Saturday,12:00-17:59,39
YTD,11,Crime Type,DAMAGE TO PROPERTY,Saturday,18:00-23:59,34
YTD,11,Crime Type,DAMAGE TO PROPERTY,Sunday,00:00-05:59,47
YTD,11,Crime Type,DAMAGE TO PROPERTY,Sunday,06:00-11:59,22
YTD,11,Crime Type,DAMAGE TO PROPERTY,Sunday,12:00-17:59,28
YTD,11,Crime Type,DAMAGE TO PROPERTY,Sunday,18:00-23:59,33
YTD,11,Crime Type,DAMAGE TO PROPERTY,Thursday,00:00-05:59,26
YTD,11,Crime Type,DAMAGE TO PROPERTY,Thursday,06:00-11:59,28
YTD,11,Crime Type,DAMAGE TO PROPERTY,Thursday,12:00-17:59,28
YTD,11,Crime Type,DAMAGE TO PROPERTY,Thursday,18:00-23:59,39
YTD,11,Crime Type,DAMAGE TO PROPERTY,Tuesday,00:00-05:59,20
YTD,11,Crime Type,DAMAGE TO PROPERTY,Tuesday,06:00-11:59,26
YTD,11,Crime Type,DAMAGE TO PROPERTY,Tuesday,12:00-17:59,32
YTD,11,Crime Type,DAMAGE TO PROPERTY,Tuesday,18:00-23:59,33
YTD,11,Crime Type,DAMAGE TO PROPERTY,Wednesday,00:00-05:59,28
YTD,11,Crime Type,DAMAGE TO PROPERTY,Wednesday,06:00-11:59,31
YTD,11,Crime Type,DAMAGE TO PROPERTY,Wednesday,12:00-17:59,29
YTD,11,Crime Type,DAMAGE TO PROPERTY,Wednesday,18:00-23:59,35
YTD,11,Crime Type,DANGEROUS DRUGS,Friday,00:00-05:59,3
YTD,11,Crime Type,DANGEROUS DRUGS,Friday,06:00-11:59,2
YTD,11,Crime Type,DANGEROUS DRUGS,Friday,12:00-17:59,5
YTD,11,Crime Type,DANGEROUS DRUGS,Friday,18:00-23:59,8
YTD,11,Crime Type,DANGEROUS DRUGS,Monday,00:00-05:59,1
YTD,11,Crime Type,DANGEROUS DRUGS,Monday,12:00-17:59,6
YTD,11,Crime Type,DANGEROUS DRUGS,Monday,18:00-23:59,3
YTD,11,Crime Type,DANGEROUS DRUGS,Saturday,00:00-05:59,3
YTD,11,Crime Type,DANGEROUS DRUGS,Saturday,06:00-11:59,1
YTD,11,Crime Type,DANGEROUS DRUGS,Saturday,12:00-17:59,2
YTD,11,Crime Type,DANGEROUS DRUGS,Saturday,18:00-23:59,10
YTD,11,Crime Type,DANGEROUS DRUGS,Sunday,00:00-05:59,2
YTD,11,Crime Type,DANGEROUS DRUGS,Sunday,06:00-11:59,1
YTD,11,Crime Type,DANGEROUS DRUGS,Sunday,12:00-17:59,2
YTD,11,Crime Type,DANGEROUS DRUGS,Sunday,18:00-23:59,4
YTD,11,Crime Type,DANGEROUS DRUGS,Thursday,00:00-05:59,4
YTD,11,Crime Type,DANGEROUS DRUGS,Thursday,06:00-11:59,1
YTD,11,Crime Type,DANGEROUS DRUGS,Thursday,12:00-17:59,11
YTD,11,Crime Type,DANGEROUS DRUGS,Thursday,18:00-23:59,7
YTD,11,Crime Type,DANGEROUS DRUGS,Tuesday,00:00-05:59,8
YTD,11,Crime Type,DANGEROUS DRUGS,Tuesday,06:00-11:59,1
YTD,11,Crime Type,DANGEROUS DRUGS,Tuesday,12:00-17:59,20
YTD,11,Crime Type,DANGEROUS DRUGS,Tuesday,18:00-23:59,1
YTD,11,Crime Type,DANGEROUS DRUGS,Wednesday,00:00-05:59,2
YTD,11,Crime Type,DANGEROUS DRUGS,Wednesday,06:00-11:59,1
YTD,11,Crime Type,DANGEROUS DRUGS,Wednesday,12:00-17:59,17
YTD,11,Crime Type,DANGEROUS DRUGS,Wednesday,18:00-23:59,6
YTD,11,Crime Type,DISORDERLY CONDUCT,Friday,00:00-05:59,1
YTD,11,Crime Type,DISORDERLY CONDUCT,Friday,18:00-23:59,1
YTD,11,Crime Type,DISORDERLY CONDUCT,Monday,00:00-05:59,2
YTD,11,Crime Type,DISORDERLY CONDUCT,Monday,12:00-17:59,1
YTD,11,Crime Type,DISORDERLY CONDUCT,Monday,18:00-23:59,1
YTD,11,Crime Type,DISORDERLY CONDUCT,Saturday,00:00-05:59,2
YTD,11,Crime Type,DISORDERLY CONDUCT,Saturday,06:00-11:59,2
YTD,11,Crime Type,DISORDERLY CONDUCT,Saturday,12:00-17:59,1
YTD,11,Crime Type,DISORDERLY CONDUCT,Sunday,00:00-05:59,1
YTD,11,Crime Type,DISORDERLY CONDUCT,Sunday,12:00-17:59,1
YTD,11,Crime Type,DISORDERLY CONDUCT,Sunday,18:00-23:59,1
YTD,11,Crime Type,DISORDERLY CONDUCT,Thursday,00:00-05:59,1
YTD,11,Crime Type,DISORDERLY CONDUCT,Tuesday,00:00-05:59,1
YTD,11,Crime Type,DISORDERLY CONDUCT,Tuesday,18:00-23:59,1
YTD,11,Crime Type,DISORDERLY CONDUCT,Wednesday,00:00-05:59,3
YTD,11,Crime Type,DISORDERLY CONDUCT,Wednesday,06:00-11:59,2
YTD,11,Crime Type,DISORDERLY CONDUCT,Wednesday,12:00-17:59,3
YTD,11,Crime Type,EXTORTION,Friday,06:00-11:59,1
YTD,11,Crime Type,EXTORTION,Friday,12:00-17:59,1
YTD,11,Crime Type,EXTORTION,Friday,18:00-23:59,1
YTD,11,Crime Type,EXTORTION,Monday,06:00-11:59,1
YTD,11,Crime Type,EXTORTION,Saturday,18:00-23:59,1
YTD,11,Crime Type,EXTORTION,Sunday,12:00-17:59,1
YTD,11,Crime Type,EXTORTION,Sunday,18:00-23:59,1
YTD,11,Crime Type,EXTORTION,Thursday,12:00-17:59,1
YTD,11,Crime Type,EXTORTION,Thursday,18:00-23:59,1
YTD,11,Crime Type,EXTORTION,Tuesday,06:00-11:59,1
YTD,11,Crime Type,FAMILY OFFENSE,Friday,00:00-05:59,1
YTD,11,Crime Type,FAMILY OFFENSE,Friday,06:00-11:59,3
YTD,11,Crime Type,FAMILY OFFENSE,Friday,12:00-17:59,5
YTD,11,Crime Type,FAMILY OFFENSE,Friday,18:00-23:59,1
YTD,11,Crime Type,FAMILY OFFENSE,Monday,00:00-05:59,1
YTD,11,Crime Type,FAMILY OFFENSE,Monday,06:00-11:59,4
YTD,11,Crime Type,FAMILY OFFENSE,Monday,12:00-17:59,5
YTD,11,Crime Type,FAMILY OFFENSE,Monday,18:00-23:59,1
YTD,11,Crime Type,FAMILY OFFENSE,Saturday,00:00-05:59,3
YTD,11,Crime Type,FAMILY OFFENSE,Saturday,06:00-11:59,3
YTD,11,Crime Type,FAMILY OFFENSE,Saturday,12:00-17:59,4
YTD,11,Crime Type,FAMILY OFFENSE,Saturday,18:00-23:59,4
YTD,11,Crime Type,FAMILY OFFENSE,Sunday,00:00-05:59,2
YTD,11,Crime Type,FAMILY OFFENSE,Sunday,06:00-11:59,2
YTD,11,Crime Type,FAMILY OFFENSE,Sunday,12:00-17:59,5
YTD,11,Crime Type,FAMILY OFFENSE,Sunday,18:00-23:59,4
YTD,11,Crime Type,FAMILY OFFENSE,Thursday,00:00-05:59,1
YTD,11,Crime Type,FAMILY OFFENSE,Thursday,06:00-11:59,1
YTD,11,Crime Type,FAMILY OFFENSE,Thursday,12:00-17:59,4
YTD,11,Crime Type,FAMILY OFFENSE,Thursday,18:00-23:59,2
YTD,11,Crime Type,FAMILY OFFENSE,Tuesday,00:00-05:59,1
YTD,11,Crime Type,FAMILY OFFENSE,Tuesday,06:00-11:59,1
YTD,11,Crime Type,FAMILY OFFENSE,Tuesday,12:00-17:59,3
YTD,11,Crime Type,FAMILY OFFENSE,Tuesday,18:00-23:59,2
YTD,11,Crime Type,FAMILY OFFENSE,Wednesday,12:00-17:59,3
YTD,11,Crime Type,FAMILY OFFENSE,Wednesday,18:00-23:59,3
YTD,11,Crime Type,FORGERY,Friday,12:00-17:59,2
YTD,11,Crime Type,FORGERY,Monday,00:00-05:59,1
YTD,11,Crime Type,FORGERY,Monday,12:00-17:59,1
YTD,11,Crime Type,FORGERY,Monday,18:00-23:59,1
YTD,11,Crime Type,FORGERY,Thursday,06:00-11:59,1
YTD,11,Crime Type,FORGERY,Wednesday,12:00-17:59,1
YTD,11,Crime Type,FRAUD,Friday,00:00-05:59,9
YTD,11,Crime Type,FRAUD,Friday,06:00-11:59,25
YTD,11,Crime Type,FRAUD,Friday,12:00-17:59,50
YTD,11,Crime Type,FRAUD,Friday,18:00-23:59,19
YTD,11,Crime Type,FRAUD,Monday,00:00-05:59,12
YTD,11,Crime Type,FRAUD,Monday,06:00-11:59,30
YTD,11,Crime Type,FRAUD,Monday,12:00-17:59,48
YTD,11,Crime Type,FRAUD,Monday,18:00-23:59,16
YTD,11,Crime Type,FRAUD,Saturday,00:00-05:59,9
YTD,11,Crime Type,FRAUD,Saturday,06:00-11:59,17
YTD,11,Crime Type,FRAUD,Saturday,12:00-17:59,31
YTD,11,Crime Type,FRAUD,Saturday,18:00-23:59,15
YTD,11,Crime Type,FRAUD,Sunday,00:00-05:59,10
YTD,11,Crime Type,FRAUD,Sunday,06:00-11:59,19
YTD,11,Crime Type,FRAUD,Sunday,12:00-17:59,37
YTD,11,Crime Type,FRAUD,Sunday,18:00-23:59,16
YTD,11,Crime Type,FRAUD,Thursday,00:00-05:59,13
YTD,11,Crime Type,FRAUD,Thursday,06:00-11:59,21
YTD,11,Crime Type,FRAUD,Thursday,12:00-17:59,33
YTD,11,Crime Type,FRAUD,Thursday,18:00-23:59,14
YTD,11,Crime Type,FRAUD,Tuesday,00:00-05:59,12
YTD,11,Crime Type,FRAUD,Tuesday,06:00-11:59,25
YTD,11,Crime Type,FRAUD,Tuesday,12:00-17:59,48
YTD,11,Crime Type,FRAUD,Tuesday,18:00-23:59,17
YTD,11,Crime Type,FRAUD,Wednesday,00:00-05:59,12
YTD,11,Crime Type,FRAUD,Wednesday,06:00-11:59,37
YTD,11,Crime Type,FRAUD,Wednesday,12:00-17:59,45
YTD,11,Crime Type,FRAUD,Wednesday,18:00-23:59,21
YTD,11,Crime Type,HEALTH AND SAFETY,Friday,18:00-23:59,2
YTD,11,Crime Type,HEALTH AND SAFETY,Monday,18:00-23:59,1
YTD,11,Crime Type,HEALTH AND SAFETY,Sunday,00:00-05:59,4
YTD,11,Crime Type,HEALTH AND SAFETY,Tuesday,12:00-17:59,2
YTD,11,Crime Type,HEALTH AND SAFETY,Wednesday,12:00-17:59,6
YTD,11,Crime Type,HOMICIDE,Monday,18:00-23:59,4
YTD,11,Crime Type,HOMICIDE,Saturday,00:00-05:59,2
YTD,11,Crime Type,HOMICIDE,Saturday,06:00-11:59,1
YTD,11,Crime Type,HOMICIDE,Saturday,18:00-23:59,1
YTD,11,Crime Type,HOMICIDE,Sunday,00:00-05:59,2
YTD,11,Crime Type,HOMICIDE,Sunday,18:00-23:59,4
YTD,11,Crime Type,HOMICIDE,Thursday,12:00-17:59,1
YTD,11,Crime Type,HOMICIDE,Thursday,18:00-23:59,1
YTD,11,Crime Type,HOMICIDE,Tuesday,00:00-05:59,1
YTD,11,Crime Type,HOMICIDE,Tuesday,18:00-23:59,1
YTD,11,Crime Type,HOMICIDE,Wednesday,00:00-05:59,1
YTD,11,Crime Type,INVASION OF PRIVACY -OTHER,Friday,18:00-23:59,1
YTD,11,Crime Type,INVASION OF PRIVACY -OTHER,Monday,12:00-17:59,1
YTD,11,Crime Type,INVASION OF PRIVACY -OTHER,Monday,18:00-23:59,1
YTD,11,Crime Type,INVASION OF PRIVACY -OTHER,Saturday,12:00-17:59,1
YTD,11,Crime Type,INVASION OF PRIVACY -OTHER,Saturday,18:00-23:59,1
YTD,11,Crime Type,INVASION OF PRIVACY -OTHER,Sunday,18:00-23:59,1
YTD,11,Crime Type,INVASION OF PRIVACY -OTHER,Thursday,18:00-23:59,1
YTD,11,Crime Type,INVASION OF PRIVACY -OTHER,Tuesday,12:00-17:59,2
YTD,11,Crime Type,INVASION OF PRIVACY -OTHER,Tuesday,18:00-23:59,1
YTD,11,Crime Type,INVASION OF PRIVACY -OTHER,Wednesday,00:00-05:59,1
YTD,11,Crime Type,INVASION OF PRIVACY -OTHER,Wednesday,18:00-23:59,1
YTD,11,Crime Type,JUSTIFIABLE HOMICIDE,Wednesday,00:00-05:59,1
YTD,11,Crime Type,KIDNAPPING,Friday,06:00-11:59,2
YTD,11,Crime Type,KIDNAPPING,Friday,12:00-17:59,2
YTD,11,Crime Type,KIDNAPPING,Monday,00:00-05:59,1
YTD,11,Crime Type,KIDNAPPING,Monday,18:00-23:59,2
YTD,11,Crime Type,KIDNAPPING,Saturday,06:00-11:59,1
YTD,11,Crime Type,KIDNAPPING,Saturday,12:00-17:59,1
YTD,11,Crime Type,KIDNAPPING,Saturday,18:00-23:59,1
YTD,11,Crime Type,KIDNAPPING,Sunday,00:00-05:59,1
YTD,11,Crime Type,KIDNAPPING,Sunday,18:00-23:59,1
YTD,11,Crime Type,KIDNAPPING,Thursday,06:00-11:59,1
YTD,11,Crime Type,KIDNAPPING,Thursday,12:00-17:59,1
YTD,11,Crime Type,KIDNAPPING,Thursday,18:00-23:59,1
YTD,11,Crime Type,KIDNAPPING,Tuesday,00:00-05:59,1
YTD,11,Crime Type,KIDNAPPING,Tuesday,12:00-17:59,1
YTD,11,Crime Type,KIDNAPPING,Tuesday,18:00-23:59,1
YTD,11,Crime Type,KIDNAPPING,Wednesday,00:00-05:59,1
YTD,11,Crime Type,KIDNAPPING,Wednesday,18:00-23:59,1
YTD,11,Crime Type,LARCENY,Friday,00:00-05:59,8
YTD,11,Crime Type,LARCENY,Friday,06:00-11:59,20
YTD,11,Crime Type,LARCENY,Friday,12:00-17:59,40
YTD,11,Crime Type,LARCENY,Friday,18:00-23:59,31
YTD,11,Crime Type,LARCENY,Monday,00:00-05:59,14
YTD,11,Crime Type,LARCENY,Monday,06:00-11:59,31
YTD,11,Crime Type,LARCENY,Monday,12:00-17:59,40
YTD,11,Crime Type,LARCENY,Monday,18:00-23:59,33
YTD,11,Crime Type,LARCENY,Saturday,00:00-05:59,18
YTD,11,Crime Type,LARCENY,Saturday,06:00-11:59,15
YTD,11,Crime Type,LARCENY,Saturday,12:00-17:59,34
YTD,11,Crime Type,LARCENY,Saturday,18:00-23:59,28
YTD,11,Crime Type,LARCENY,Sunday,00:00-05:59,22
YTD,11,Crime Type,LARCENY,Sunday,06:00-11:59,14
YTD,11,Crime Type,LARCENY,Sunday,12:00-17:59,19
YTD,11,Crime Type,LARCENY,Sunday,18:00-23:59,42
YTD,11,Crime Type,LARCENY,Thursday,00:00-05:59,17
YTD,11,Crime Type,LARCENY,Thursday,06:00-11:59,34
YTD,11,Crime Type,LARCENY,Thursday,12:00-17:59,30
YTD,11,Crime Type,LARCENY,Thursday,18:00-23:59,25
YTD,11,Crime Type,LARCENY,Tuesday,00:00-05:59,15
YTD,11,Crime Type,LARCENY,Tuesday,06:00-11:59,24
YTD,11,Crime Type,LARCENY,Tuesday,12:00-17:59,35
YTD,11,Crime Type,LARCENY,Tuesday,18:00-23:59,32
YTD,11,Crime Type,LARCENY,Wednesday,00:00-05:59,17
YTD,11,Crime Type,LARCENY,Wednesday,06:00-11:59,33
YTD,11,Crime Type,LARCENY,Wednesday,12:00-17:59,32
YTD,11,Crime Type,LARCENY,Wednesday,18:00-23:59,31
YTD,11,Crime Type,LIQUOR,Saturday,00:00-05:59,1
YTD,11,Crime Type,LIQUOR,Sunday,00:00-05:59,1
YTD,11,Crime Type,MISCELLANEOUS,Monday,00:00-05:59,1
YTD,11,Crime Type,MISCELLANEOUS,Saturday,18:00-23:59,1
YTD,11,Crime Type,MISCELLANEOUS,Sunday,12:00-17:59,1
YTD,11,Crime Type,MISCELLANEOUS,Thursday,12:00-17:59,1
YTD,11,Crime Type,MISCELLANEOUS,Thursday,18:00-23:59,1
YTD,11,Crime Type,OBSTRUCTING JUDICIARY,Friday,00:00-05:59,9
YTD,11,Crime Type,OBSTRUCTING JUDICIARY,Friday,06:00-11:59,4
YTD,11,Crime Type,OBSTRUCTING JUDICIARY,Friday,12:00-17:59,3
YTD,11,Crime Type,OBSTRUCTING JUDICIARY,Friday,18:00-23:59,3
YTD,11,Crime Type,OBSTRUCTING JUDICIARY,Monday,00:00-05:59,1
YTD,11,Crime Type,OBSTRUCTING JUDICIARY,Monday,12:00-17:59,5
YTD,11,Crime Type,OBSTRUCTING JUDICIARY,Monday,18:00-23:59,7
YTD,11,Crime Type,OBSTRUCTING JUDICIARY,Saturday,00:00-05:59,1
YTD,11,Crime Type,OBSTRUCTING JUDICIARY,Saturday,06:00-11:59,2
YTD,11,Crime Type,OBSTRUCTING JUDICIARY,Saturday,12:00-17:59,1
YTD,11,Crime Type,OBSTRUCTING JUDICIARY,Saturday,18:00-23:59,1
YTD,11,Crime Type,OBSTRUCTING JUDICIARY,Sunday,00:00-05:59,5
YTD,11,Crime Type,OBSTRUCTING JUDICIARY,Sunday,06:00-11:59,3
YTD,11,Crime Type,OBSTRUCTING JUDICIARY,Sunday,12:00-17:59,5
YTD,11,Crime Type,OBSTRUCTING JUDICIARY,Sunday,18:00-23:59,5
YTD,11,Crime Type,OBSTRUCTING JUDICIARY,Thursday,00:00-05:59,3
YTD,11,Crime Type,OBSTRUCTING JUDICIARY,Thursday,06:00-11:59,3
YTD,11,Crime Type,OBSTRUCTING JUDICIARY,Thursday,12:00-17:59,4
YTD,11,Crime Type,OBSTRUCTING JUDICIARY,Thursday,18:00-23:59,3
YTD,11,Crime Type,OBSTRUCTING JUDICIARY,Tuesday,00:00-05:59,1
YTD,11,Crime Type,OBSTRUCTING JUDICIARY,Tuesday,06:00-11:59,1
YTD,11,Crime Type,OBSTRUCTING JUDICIARY,Tuesday,12:00-17:59,3
YTD,11,Crime Type,OBSTRUCTING JUDICIARY,Tuesday,18:00-23:59,1
YTD,11,Crime Type,OBSTRUCTING JUDICIARY,Wednesday,00:00-05:59,3
YTD,11,Crime Type,OBSTRUCTING JUDICIARY,Wednesday,12:00-17:59,3
YTD,11,Crime Type,OBSTRUCTING JUDICIARY,Wednesday,18:00-23:59,2
YTD,11,Crime Type,OBSTRUCTING THE POLICE,Friday,00:00-05:59,4
YTD,11,Crime Type,OBSTRUCTING THE POLICE,Friday,06:00-11:59,1
YTD,11,Crime Type,OBSTRUCTING THE POLICE,Friday,12:00-17:59,3
YTD,11,Crime Type,OBSTRUCTING THE POLICE,Friday,18:00-23:59,6
YTD,11,Crime Type,OBSTRUCTING THE POLICE,Monday,00:00-05:59,5
YTD,11,Crime Type,OBSTRUCTING THE POLICE,Monday,06:00-11:59,2
YTD,11,Crime Type,OBSTRUCTING THE POLICE,Monday,12:00-17:59,7
YTD,11,Crime Type,OBSTRUCTING THE POLICE,Monday,18:00-23:59,7
YTD,11,Crime Type,OBSTRUCTING THE POLICE,Saturday,00:00-05:59,8
YTD,11,Crime Type,OBSTRUCTING THE POLICE,Saturday,06:00-11:59,1
YTD,11,Crime Type,OBSTRUCTING THE POLICE,Saturday,12:00-17:59,2
YTD,11,Crime Type,OBSTRUCTING THE POLICE,Saturday,18:00-23:59,9
YTD,11,Crime Type,OBSTRUCTING THE POLICE,Sunday,00:00-05:59,8
YTD,11,Crime Type,OBSTRUCTING THE POLICE,Sunday,06:00-11:59,2
YTD,11,Crime Type,OBSTRUCTING THE POLICE,Sunday,12:00-17:59,7
YTD,11,Crime Type,OBSTRUCTING THE POLICE,Sunday,18:00-23:59,12
YTD,11,Crime Type,OBSTRUCTING THE POLICE,Thursday,00:00-05:59,2
YTD,11,Crime Type,OBSTRUCTING THE POLICE,Thursday,06:00-11:59,2
YTD,11,Crime Type,OBSTRUCTING THE POLICE,Thursday,12:00-17:59,8
YTD,11,Crime Type,OBSTRUCTING THE POLICE,Thursday,18:00-23:59,6
YTD,11,Crime Type,OBSTRUCTING THE POLICE,Tuesday,00:00-05:59,8
YTD,11,Crime Type,OBSTRUCTING THE POLICE,Tuesday,06:00-11:59,5
YTD,11,Crime Type,OBSTRUCTING THE POLICE,Tuesday,12:00-17:59,5
YTD,11,Crime Type,OBSTRUCTING THE POLICE,Tuesday,18:00-23:59,2
YTD,11,Crime Type,OBSTRUCTING THE POLICE,Wednesday,00:00-05:59,5
YTD,11,Crime Type,OBSTRUCTING THE POLICE,Wednesday,06:00-11:59,7
YTD,11,Crime Type,OBSTRUCTING THE POLICE,Wednesday,12:00-17:59,6
YTD,11,Crime Type,OBSTRUCTING THE POLICE,Wednesday,18:00-23:59,10
YTD,11,Crime Type,OTHER,Friday,00:00-05:59,1
YTD,11,Crime Type,OTHER,Friday,12:00-17:59,1
YTD,11,Crime Type,OTHER,Friday,18:00-23:59,1
YTD,11,Crime Type,OTHER,Monday,06:00-11:59,1
YTD,11,Crime Type,OTHER,Monday,12:00-17:59,3
YTD,11,Crime Type,OTHER,Saturday,00:00-05:59,1
YTD,11,Crime Type,OTHER,Saturday,06:00-11:59,1
YTD,11,Crime Type,OTHER,Sunday,00:00-05:59,1
YTD,11,Crime Type,OTHER,Sunday,12:00-17:59,1
YTD,11,Crime Type,OTHER,Sunday,18:00-23:59,1
YTD,11,Crime Type,OTHER,Thursday,06:00-11:59,2
YTD,11,Crime Type,OTHER,Tuesday,00:00-05:59,1
YTD,11,Crime Type,OTHER,Tuesday,12:00-17:59,2
YTD,11,Crime Type,OTHER,Tuesday,18:00-23:59,1
YTD,11,Crime Type,OTHER,Wednesday,12:00-17:59,2
YTD,11,Crime Type,OTHER,Wednesday,18:00-23:59,1
YTD,11,Crime Type,OUIL,Friday,00:00-05:59,4
YTD,11,Crime Type,OUIL,Friday,06:00-11:59,2
YTD,11,Crime Type,OUIL,Friday,12:00-17:59,4
YTD,11,Crime Type,OUIL,Friday,18:00-23:59,4
YTD,11,Crime Type,OUIL,Monday,06:00-11:59,4
YTD,11,Crime Type,OUIL,Monday,12:00-17:59,2
YTD,11,Crime Type,OUIL,Monday,18:00-23:59,12
YTD,11,Crime Type,OUIL,Saturday,00:00-05:59,2
YTD,11,Crime Type,OUIL,Saturday,06:00-11:59,4
YTD,11,Crime Type,OUIL,Saturday,12:00-17:59,6
YTD,11,Crime Type,OUIL,Saturday,18:00-23:59,4
YTD,11,Crime Type,OUIL,Sunday,00:00-05:59,8
YTD,11,Crime Type,OUIL,Sunday,12:00-17:59,2
YTD,11,Crime Type,OUIL,Sunday,18:00-23:59,4
YTD,11,Crime Type,OUIL,Thursday,00:00-05:59,4
YTD,11,Crime Type,OUIL,Thursday,06:00-11:59,2
YTD,11,Crime Type,OUIL,Thursday,12:00-17:59,6
YTD,11,Crime Type,OUIL,Thursday,18:00-23:59,4
YTD,11,Crime Type,OUIL,Tuesday,00:00-05:59,4
YTD,11,Crime Type,OUIL,Tuesday,18:00-23:59,8
YTD,11,Crime Type,OUIL,Wednesday,06:00-11:59,2
YTD,11,Crime Type,OUIL,Wednesday,12:00-17:59,4
YTD,11,Crime Type,OUIL,Wednesday,18:00-23:59,2
YTD,11,Crime Type,ROBBERY,Friday,00:00-05:59,1
YTD,11,Crime Type,ROBBERY,Friday,06:00-11:59,2
YTD,11,Crime Type,ROBBERY,Friday,12:00-17:59,2
YTD,11,Crime Type,ROBBERY,Friday,18:00-23:59,2
YTD,11,Crime Type,ROBBERY,Monday,00:00-05:59,5
YTD,11,Crime Type,ROBBERY,Monday,06:00-11:59,2
YTD,11,Crime Type,ROBBERY,Monday,12:00-17:59,3
YTD,11,Crime Type,ROBBERY,Monday,18:00-23:59,8
YTD,11,Crime Type,ROBBERY,Saturday,00:00-05:59,3
YTD,11,Crime Type,ROBBERY,Saturday,06:00-11:59,3
YTD,11,Crime Type,ROBBERY,Saturday,12:00-17:59,5
YTD,11,Crime Type,ROBBERY,Saturday,18:00-23:59,5
YTD,11,Crime Type,ROBBERY,Sunday,00:00-05:59,8
YTD,11,Crime Type,ROBBERY,Sunday,06:00-11:59,1
YTD,11,Crime Type,ROBBERY,Sunday,12:00-17:59,4
YTD,11,Crime Type,ROBBERY,Sunday,18:00-23:59,3
YTD,11,Crime Type,ROBBERY,Thursday,00:00-05:59,2
YTD,11,Crime Type,ROBBERY,Thursday,06:00-11:59,3
YTD,11,Crime Type,ROBBERY,Thursday,12:00-17:59,3
YTD,11,Crime Type,ROBBERY,Tuesday,00:00-05:59,5
YTD,11,Crime Type,ROBBERY,Tuesday,06:00-11:59,2
YTD,11,Crime Type,ROBBERY,Tuesday,12:00-17:59,2
YTD,11,Crime Type,ROBBERY,Tuesday,18:00-23:59,1
YTD,11,Crime Type,ROBBERY,Wednesday,00:00-05:59,3
YTD,11,Crime Type,ROBBERY,Wednesday,12:00-17:59,1
YTD,11,Crime Type,ROBBERY,Wednesday,18:00-23:59,2
YTD,11,Crime Type,RUNAWAY,Friday,00:00-05:59,2
YTD,11,Crime Type,RUNAWAY,Friday,06:00-11:59,2
YTD,11,Crime Type,RUNAWAY,Friday,12:00-17:59,4
YTD,11,Crime Type,RUNAWAY,Friday,18:00-23:59,1
YTD,11,Crime Type,RUNAWAY,Monday,00:00-05:59,1
YTD,11,Crime Type,RUNAWAY,Monday,06:00-11:59,1
YTD,11,Crime Type,RUNAWAY,Monday,12:00-17:59,3
YTD,11,Crime Type,RUNAWAY,Monday,18:00-23:59,4
YTD,11,Crime Type,RUNAWAY,Saturday,06:00-11:59,1
YTD,11,Crime Type,RUNAWAY,Saturday,12:00-17:59,3
YTD,11,Crime Type,RUNAWAY,Saturday,18:00-23:59,2
YTD,11,Crime Type,RUNAWAY,Sunday,00:00-05:59,2
YTD,11,Crime Type,RUNAWAY,Sunday,06:00-11:59,1
YTD,11,Crime Type,RUNAWAY,Sunday,12:00-17:59,1
YTD,11,Crime Type,RUNAWAY,Sunday,18:00-23:59,5
YTD,11,Crime Type,RUNAWAY,Thursday,00:00-05:59,1
YTD,11,Crime Type,RUNAWAY,Thursday,06:00-11:59,2
YTD,11,Crime Type,RUNAWAY,Thursday,12:00-17:59,2
YTD,11,Crime Type,RUNAWAY,Thursday,18:00-23:59,3
YTD,11,Crime Type,RUNAWAY,Tuesday,00:00-05:59,1
YTD,11,Crime Type,RUNAWAY,Tuesday,06:00-11:59,4
YTD,11,Crime Type,RUNAWAY,Tuesday,12:00-17:59,3
YTD,11,Crime Type,RUNAWAY,Tuesday,18:00-23:59,3
YTD,11,Crime Type,RUNAWAY,Wednesday,00:00-05:59,1
YTD,11,Crime Type,RUNAWAY,Wednesday,06:00-11:59,3
YTD,11,Crime Type,RUNAWAY,Wednesday,12:00-17:59,2
YTD,11,Crime Type,RUNAWAY,Wednesday,18:00-23:59,3
YTD,11,Crime Type,SEX OFFENSES,Friday,00:00-05:59,1
YTD,11,Crime Type,SEX OFFENSES,Friday,12:00-17:59,2
YTD,11,Crime Type,SEX OFFENSES,Friday,18:00-23:59,8
YTD,11,Crime Type,SEX OFFENSES,Monday,00:00-05:59,1
YTD,11,Crime Type,SEX OFFENSES,Monday,06:00-11:59,3
YTD,11,Crime Type,SEX OFFENSES,Monday,12:00-17:59,2
YTD,11,Crime Type,SEX OFFENSES,Monday,18:00-23:59,2
YTD,11,Crime Type,SEX OFFENSES,Saturday,06:00-11:59,1
YTD,11,Crime Type,SEX OFFENSES,Saturday,12:00-17:59,1
YTD,11,Crime Type,SEX OFFENSES,Sunday,00:00-05:59,2
YTD,11,Crime Type,SEX OFFENSES,Thursday,00:00-05:59,2
YTD,11,Crime Type,SEX OFFENSES,Thursday,06:00-11:59,2
YTD,11,Crime Type,SEX OFFENSES,Thursday,12:00-17:59,4
YTD,11,Crime Type,SEX OFFENSES,Tuesday,12:00-17:59,4
YTD,11,Crime Type,SEX OFFENSES,Tuesday,18:00-23:59,2
YTD,11,Crime Type,SEX OFFENSES,Wednesday,00:00-05:59,2
YTD,11,Crime Type,SEX OFFENSES,Wednesday,12:00-17:59,5
YTD,11,Crime Type,SEX OFFENSES,Wednesday,18:00-23:59,2
YTD,11,Crime Type,SEXUAL ASSAULT,Friday,00:00-05:59,4
YTD,11,Crime Type,SEXUAL ASSAULT,Friday,12:00-17:59,1
YTD,11,Crime Type,SEXUAL ASSAULT,Friday,18:00-23:59,2
YTD,11,Crime Type,SEXUAL ASSAULT,Monday,00:00-05:59,4
YTD,11,Crime Type,SEXUAL ASSAULT,Monday,06:00-11:59,1
YTD,11,Crime Type,SEXUAL ASSAULT,Monday,12:00-17:59,1
YTD,11,Crime Type,SEXUAL ASSAULT,Monday,18:00-23:59,5
YTD,11,Crime Type,SEXUAL ASSAULT,Saturday,06:00-11:59,2
YTD,11,Crime Type,SEXUAL ASSAULT,Saturday,18:00-23:59,1
YTD,11,Crime Type,SEXUAL ASSAULT,Sunday,00:00-05:59,2
YTD,11,Crime Type,SEXUAL ASSAULT,Sunday,06:00-11:59,1
YTD,11,Crime Type,SEXUAL ASSAULT,Sunday,12:00-17:59,1
YTD,11,Crime Type,SEXUAL ASSAULT,Sunday,18:00-23:59,1
YTD,11,Crime Type,SEXUAL ASSAULT,Thursday,00:00-05:59,3
YTD,11,Crime Type,SEXUAL ASSAULT,Thursday,06:00-11:59,1
YTD,11,Crime Type,SEXUAL ASSAULT,Thursday,12:00-17:59,1
YTD,11,Crime Type,SEXUAL ASSAULT,Thursday,18:00-23:59,2
YTD,11,Crime Type,SEXUAL ASSAULT,Tuesday,00:00-05:59,2
YTD,11,Crime Type,SEXUAL ASSAULT,Tuesday,06:00-11:59,1
YTD,11,Crime Type,SEXUAL ASSAULT,Tuesday,12:00-17:59,2
YTD,11,Crime Type,SEXUAL ASSAULT,Tuesday,18:00-23:59,1
YTD,11,Crime Type,SEXUAL ASSAULT,Wednesday,00:00-05:59,1
YTD,11,Crime Type,SEXUAL ASSAULT,Wednesday,12:00-17:59,2
YTD,11,Crime Type,STOLEN PROPERTY,Friday,00:00-05:59,3
YTD,11,Crime Type,STOLEN PROPERTY,Friday,06:00-11:59,11
YTD,11,Crime Type,STOLEN PROPERTY,Friday,12:00-17:59,9
YTD,11,Crime Type,STOLEN PROPERTY,Friday,18:00-23:59,3
YTD,11,Crime Type,STOLEN PROPERTY,Monday,00:00-05:59,3
YTD,11,Crime Type,STOLEN PROPERTY,Monday,06:00-11:59,7
YTD,11,Crime Type,STOLEN PROPERTY,Monday,12:00-17:59,12
YTD,11,Crime Type,STOLEN PROPERTY,Monday,18:00-23:59,8
YTD,11,Crime Type,STOLEN PROPERTY,Saturday,00:00-05:59,6
YTD,11,Crime Type,STOLEN PROPERTY,Saturday,06:00-11:59,1
YTD,11,Crime Type,STOLEN PROPERTY,Saturday,12:00-17:59,7
YTD,11,Crime Type,STOLEN PROPERTY,Saturday,18:00-23:59,9
YTD,11,Crime Type,STOLEN PROPERTY,Sunday,00:00-05:59,4
YTD,11,Crime Type,STOLEN PROPERTY,Sunday,06:00-11:59,4
YTD,11,Crime Type,STOLEN PROPERTY,Sunday,12:00-17:59,5
YTD,11,Crime Type,STOLEN PROPERTY,Sunday,18:00-23:59,5
YTD,11,Crime Type,STOLEN PROPERTY,Thursday,00:00-05:59,3
YTD,11,Crime Type,STOLEN PROPERTY,Thursday,06:00-11:59,3
YTD,11,Crime Type,STOLEN PROPERTY,Thursday,12:00-17:59,9
YTD,11,Crime Type,STOLEN PROPERTY,Thursday,18:00-23:59,1
YTD,11,Crime Type,STOLEN PROPERTY,Tuesday,00:00-05:59,3
YTD,11,Crime Type,STOLEN PROPERTY,Tuesday,06:00-11:59,3
YTD,11,Crime Type,STOLEN PROPERTY,Tuesday,12:00-17:59,12
YTD,11,Crime Type,STOLEN PROPERTY,Tuesday,18:00-23:59,3
YTD,11,Crime Type,STOLEN PROPERTY,Wednesday,00:00-05:59,2
YTD,11,Crime Type,STOLEN PROPERTY,Wednesday,06:00-11:59,19
YTD,11,Crime Type,STOLEN PROPERTY,Wednesday,12:00-17:59,13
YTD,11,Crime Type,STOLEN PROPERTY,Wednesday,18:00-23:59,6
YTD,11,Crime Type,STOLEN VEHICLE,Friday,00:00-05:59,8
YTD,11,Crime Type,STOLEN VEHICLE,Friday,06:00-11:59,9
YTD,11,Crime Type,STOLEN VEHICLE,Friday,12:00-17:59,10
YTD,11,Crime Type,STOLEN VEHICLE,Friday,18:00-23:59,31
YTD,11,Crime Type,STOLEN VEHICLE,Monday,00:00-05:59,8
YTD,11,Crime Type,STOLEN VEHICLE,Monday,06:00-11:59,3
YTD,11,Crime Type,STOLEN VEHICLE,Monday,12:00-17:59,10
YTD,11,Crime Type,STOLEN VEHICLE,Monday,18:00-23:59,24
YTD,11,Crime Type,STOLEN VEHICLE,Saturday,00:00-05:59,10
YTD,11,Crime Type,STOLEN VEHICLE,Saturday,06:00-11:59,2
YTD,11,Crime Type,STOLEN VEHICLE,Saturday,12:00-17:59,18
YTD,11,Crime Type,STOLEN VEHICLE,Saturday,18:00-23:59,24
YTD,11,Crime Type,STOLEN VEHICLE,Sunday,00:00-05:59,18
YTD,11,Crime Type,STOLEN VEHICLE,Sunday,06:00-11:59,4
YTD,11,Crime Type,STOLEN VEHICLE,Sunday,12:00-17:59,12
YTD,11,Crime Type,STOLEN VEHICLE,Sunday,18:00-23:59,29
YTD,11,Crime Type,STOLEN VEHICLE,Thursday,00:00-05:59,9
YTD,11,Crime Type,STOLEN VEHICLE,Thursday,06:00-11:59,8
YTD,11,Crime Type,STOLEN VEHICLE,Thursday,12:00-17:59,10
YTD,11,Crime Type,STOLEN VEHICLE,Thursday,18:00-23:59,26
YTD,11,Crime Type,STOLEN VEHICLE,Tuesday,00:00-05:59,15
YTD,11,Crime Type,STOLEN VEHICLE,Tuesday,06:00-11:59,8
YTD,11,Crime Type,STOLEN VEHICLE,Tuesday,12:00-17:59,9
YTD,11,Crime Type,STOLEN VEHICLE,Tuesday,18:00-23:59,19
YTD,11,Crime Type,STOLEN VEHICLE,Wednesday,00:00-05:59,13
YTD,11,Crime Type,STOLEN VEHICLE,Wednesday,06:00-11:59,7
YTD,11,Crime Type,STOLEN VEHICLE,Wednesday,12:00-17:59,12
YTD,11,Crime Type,STOLEN VEHICLE,Wednesday,18:00-23:59,21
YTD,11,Crime Type,WEAPONS OFFENSES,Friday,00:00-05:59,3
YTD,11,Crime Type,WEAPONS OFFENSES,Friday,06:00-11:59,1
YTD,11,Crime Type,WEAPONS OFFENSES,Friday,12:00-17:59,8
YTD,11,Crime Type,WEAPONS OFFENSES,Friday,18:00-23:59,9
YTD,11,Crime Type,WEAPONS OFFENSES,Monday,00:00-05:59,5
YTD,11,Crime Type,WEAPONS OFFENSES,Monday,06:00-11:59,1
YTD,11,Crime Type,WEAPONS OFFENSES,Monday,12:00-17:59,6
YTD,11,Crime Type,WEAPONS OFFENSES,Monday,18:00-23:59,10
YTD,11,Crime Type,WEAPONS OFFENSES,Saturday,00:00-05:59,6
YTD,11,Crime Type,WEAPONS OFFENSES,Saturday,12:00-17:59,3
YTD,11,Crime Type,WEAPONS OFFENSES,Saturday,18:00-23:59,13
YTD,11,Crime Type,WEAPONS OFFENSES,Sunday,00:00-05:59,10
YTD,11,Crime Type,WEAPONS OFFENSES,Sunday,06:00-11:59,1
YTD,11,Crime Type,WEAPONS OFFENSES,Sunday,12:00-17:59,1
YTD,11,Crime Type,WEAPONS OFFENSES,Sunday,18:00-23:59,14
YTD,11,Crime Type,WEAPONS OFFENSES,Thursday,00:00-05:59,6
YTD,11,Crime Type,WEAPONS OFFENSES,Thursday,06:00-11:59,2
YTD,11,Crime Type,WEAPONS OFFENSES,Thursday,12:00-17:59,4
YTD,11,Crime Type,WEAPONS OFFENSES,Thursday,18:00-23:59,6
YTD,11,Crime Type,WEAPONS OFFENSES,Tuesday,00:00-05:59,4
YTD,11,Crime Type,WEAPONS OFFENSES,Tuesday,12:00-17:59,8
YTD,11,Crime Type,WEAPONS OFFENSES,Tuesday,18:00-23:59,10
YTD,11,Crime Type,WEAPONS OFFENSES,Wednesday,00:00-05:59,2
YTD,11,Crime Type,WEAPONS OFFENSES,Wednesday,06:00-11:59,3
YTD,11,Crime Type,WEAPONS OFFENSES,Wednesday,12:00-17:59,9
YTD,11,Crime Type,WEAPONS OFFENSES,Wednesday,18:00-23:59,17
YTD,11,Category Focus,Gun-Related,Friday,00:00-05:59,1
YTD,11,Category Focus,Gun-Related,Friday,06:00-11:59,1
YTD,11,Category Focus,Gun-Related,Friday,12:00-17:59,7
YTD,11,Category Focus,Gun-Related,Friday,18:00-23:59,8
YTD,11,Category Focus,Gun-Related,Monday,00:00-05:59,5
YTD,11,Category Focus,Gun-Related,Monday,06:00-11:59,1
YTD,11,Category Focus,Gun-Related,Monday,12:00-17:59,5
YTD,11,Category Focus,Gun-Related,Monday,18:00-23:59,8
YTD,11,Category Focus,Gun-Related,Saturday,00:00-05:59,3
YTD,11,Category Focus,Gun-Related,Saturday,12:00-17:59,3
YTD,11,Category Focus,Gun-Related,Saturday,18:00-23:59,11
YTD,11,Category Focus,Gun-Related,Sunday,00:00-05:59,9
YTD,11,Category Focus,Gun-Related,Sunday,18:00-23:59,13
YTD,11,Category Focus,Gun-Related,Thursday,00:00-05:59,6
YTD,11,Category Focus,Gun-Related,Thursday,06:00-11:59,1
YTD,11,Category Focus,Gun-Related,Thursday,12:00-17:59,3
YTD,11,Category Focus,Gun-Related,Thursday,18:00-23:59,5
YTD,11,Category Focus,Gun-Related,Tuesday,00:00-05:59,2
YTD,11,Category Focus,Gun-Related,Tuesday,12:00-17:59,8
YTD,11,Category Focus,Gun-Related,Tuesday,18:00-23:59,9
YTD,11,Category Focus,Gun-Related,Wednesday,00:00-05:59,1
YTD,11,Category Focus,Gun-Related,Wednesday,06:00-11:59,3
YTD,11,Category Focus,Gun-Related,Wednesday,12:00-17:59,8
YTD,11,Category Focus,Gun-Related,Wednesday,18:00-23:59,15
YTD,11,Category Focus,Property Crime,Friday,00:00-05:59,57
YTD,11,Category Focus,Property Crime,Friday,06:00-11:59,78
YTD,11,Category Focus,Property Crime,Friday,12:00-17:59,111
YTD,11,Category Focus,Property Crime,Friday,18:00-23:59,108
YTD,11,Category Focus,Property Crime,Monday,00:00-05:59,68
YTD,11,Category Focus,Property Crime,Monday,06:00-11:59,78
YTD,11,Category Focus,Property Crime,Monday,12:00-17:59,119
YTD,11,Category Focus,Property Crime,Monday,18:00-23:59,116
YTD,11,Category Focus,Property Crime,Saturday,00:00-05:59,71
YTD,11,Category Focus,Property Crime,Saturday,06:00-11:59,49
YTD,11,Category Focus,Property Crime,Saturday,12:00-17:59,121
YTD,11,Category Focus,Property Crime,Saturday,18:00-23:59,102
YTD,11,Category Focus,Property Crime,Sunday,00:00-05:59,101
YTD,11,Category Focus,Property Crime,Sunday,06:00-11:59,46
YTD,11,Category Focus,Property Crime,Sunday,12:00-17:59,79
YTD,11,Category Focus,Property Crime,Sunday,18:00-23:59,119
YTD,11,Category Focus,Property Crime,Thursday,00:00-05:59,64
YTD,11,Category Focus,Property Crime,Thursday,06:00-11:59,83
YTD,11,Category Focus,Property Crime,Thursday,12:00-17:59,101
YTD,11,Category Focus,Property Crime,Thursday,18:00-23:59,103
YTD,11,Category Focus,Property Crime,Tuesday,00:00-05:59,65
YTD,11,Category Focus,Property Crime,Tuesday,06:00-11:59,74
YTD,11,Category Focus,Property Crime,Tuesday,12:00-17:59,106
YTD,11,Category Focus,Property Crime,Tuesday,18:00-23:59,102
YTD,11,Category Focus,Property Crime,Wednesday,00:00-05:59,79
YTD,11,Category Focus,Property Crime,Wednesday,06:00-11:59,105
YTD,11,Category Focus,Property Crime,Wednesday,12:00-17:59,100
YTD,11,Category Focus,Property Crime,Wednesday,18:00-23:59,104
YTD,11,Category Focus,Larceny,Friday,00:00-05:59,8
YTD,11,Category Focus,Larceny,Friday,06:00-11:59,20
YTD,11,Category Focus,Larceny,Friday,12:00-17:59,40
YTD,11,Category Focus,Larceny,Friday,18:00-23:59,31
YTD,11,Category Focus,Larceny,Monday,00:00-05:59,14
YTD,11,Category Focus,Larceny,Monday,06:00-11:59,31
YTD,11,Category Focus,Larceny,Monday,12:00-17:59,40
YTD,11,Category Focus,Larceny,Monday,18:00-23:59,33
YTD,11,Category Focus,Larceny,Saturday,00:00-05:59,18
YTD,11,Category Focus,Larceny,Saturday,06:00-11:59,15
YTD,11,Category Focus,Larceny,Saturday,12:00-17:59,34
YTD,11,Category Focus,Larceny,Saturday,18:00-23:59,28
YTD,11,Category Focus,Larceny,Sunday,00:00-05:59,22
YTD,11,Category Focus,Larceny,Sunday,06:00-11:59,14
YTD,11,Category Focus,Larceny,Sunday,12:00-17:59,19
YTD,11,Category Focus,Larceny,Sunday,18:00-23:59,42
YTD,11,Category Focus,Larceny,Thursday,00:00-05:59,17
YTD,11,Category Focus,Larceny,Thursday,06:00-11:59,34
YTD,11,Category Focus,Larceny,Thursday,12:00-17:59,30
YTD,11,Category Focus,Larceny,Thursday,18:00-23:59,25
YTD,11,Category Focus,Larceny,Tuesday,00:00-05:59,15
YTD,11,Category Focus,Larceny,Tuesday,06:00-11:59,24
YTD,11,Category Focus,Larceny,Tuesday,12:00-17:59,35
YTD,11,Category Focus,Larceny,Tuesday,18:00-23:59,32
YTD,11,Category Focus,Larceny,Wednesday,00:00-05:59,17
YTD,11,Category Focus,Larceny,Wednesday,06:00-11:59,33
YTD,11,Category Focus,Larceny,Wednesday,12:00-17:59,32
YTD,11,Category Focus,Larceny,Wednesday,18:00-23:59,31
YTD,12,All,All,Friday,00:00-05:59,230
YTD,12,All,All,Friday,06:00-11:59,215
YTD,12,All,All,Friday,12:00-17:59,351
YTD,12,All,All,Friday,18:00-23:59,398
YTD,12,All,All,Monday,00:00-05:59,243
YTD,12,All,All,Monday,06:00-11:59,235
YTD,12,All,All,Monday,12:00-17:59,393
YTD,12,All,All,Monday,18:00-23:59,387
YTD,12,All,All,Saturday,00:00-05:59,318
YTD,12,All,All,Saturday,06:00-11:59,206
YTD,12,All,All,Saturday,12:00-17:59,364
YTD,12,All,All,Saturday,18:00-23:59,377
YTD,12,All,All,Sunday,00:00-05:59,405
YTD,12,All,All,Sunday,06:00-11:59,185
YTD,12,All,All,Sunday,12:00-17:59,299
YTD,12,All,All,Sunday,18:00-23:59,356
YTD,12,All,All,Thursday,00:00-05:59,192
YTD,12,All,All,Thursday,06:00-11:59,236
YTD,12,All,All,Thursday,12:00-17:59,362
YTD,12,All,All,Thursday,18:00-23:59,351
YTD,12,All,All,Tuesday,00:00-05:59,199
YTD,12,All,All,Tuesday,06:00-11:59,230
YTD,12,All,All,Tuesday,12:00-17:59,374
YTD,12,All,All,Tuesday,18:00-23:59,329
YTD,12,All,All,Wednesday,00:00-05:59,210
YTD,12,All,All,Wednesday,06:00-11:59,243
YTD,12,All,All,Wednesday,12:00-17:59,445
YTD,12,All,All,Wednesday,18:00-23:59,305
YTD,12,Crime Type,AGGRAVATED ASSAULT,Friday,00:00-05:59,32
YTD,12,Crime Type,AGGRAVATED ASSAULT,Friday,06:00-11:59,19
YTD,12,Crime Type,AGGRAVATED ASSAULT,Friday,12:00-17:59,25
YTD,12,Crime Type,AGGRAVATED ASSAULT,Friday,18:00-23:59,33
YTD,12,Crime Type,AGGRAVATED ASSAULT,Monday,00:00-05:59,28
YTD,12,Crime Type,AGGRAVATED ASSAULT,Monday,06:00-11:59,18
YTD,12,Crime Type,AGGRAVATED ASSAULT,Monday,12:00-17:59,29
YTD,12,Crime Type,AGGRAVATED ASSAULT,Monday,18:00-23:59,35
YTD,12,Crime Type,AGGRAVATED ASSAULT,Saturday,00:00-05:59,34
YTD,12,Crime Type,AGGRAVATED ASSAULT,Saturday,06:00-11:59,21
YTD,12,Crime Type,AGGRAVATED ASSAULT,Saturday,12:00-17:59,40
YTD,12,Crime Type,AGGRAVATED ASSAULT,Saturday,18:00-23:59,35
YTD,12,Crime Type,AGGRAVATED ASSAULT,Sunday,00:00-05:59,52
YTD,12,Crime Type,AGGRAVATED ASSAULT,Sunday,06:00-11:59,18
YTD,12,Crime Type,AGGRAVATED ASSAULT,Sunday,12:00-17:59,21
YTD,12,Crime Type,AGGRAVATED ASSAULT,Sunday,18:00-23:59,24
YTD,12,Crime Type,AGGRAVATED ASSAULT,Thursday,00:00-05:59,23
YTD,12,Crime Type,AGGRAVATED ASSAULT,Thursday,06:00-11:59,21
YTD,12,Crime Type,AGGRAVATED ASSAULT,Thursday,12:00-17:59,33
YTD,12,Crime Type,AGGRAVATED ASSAULT,Thursday,18:00-23:59,19
YTD,12,Crime Type,AGGRAVATED ASSAULT,Tuesday,00:00-05:59,18
YTD,12,Crime Type,AGGRAVATED ASSAULT,Tuesday,06:00-11:59,21
YTD,12,Crime Type,AGGRAVATED ASSAULT,Tuesday,12:00-17:59,25
YTD,12,Crime Type,AGGRAVATED ASSAULT,Tuesday,18:00-23:59,24
YTD,12,Crime Type,AGGRAVATED ASSAULT,Wednesday,00:00-05:59,27
YTD,12,Crime Type,AGGRAVATED ASSAULT,Wednesday,06:00-11:59,17
YTD,12,Crime Type,AGGRAVATED ASSAULT,Wednesday,12:00-17:59,29
YTD,12,Crime Type,AGGRAVATED ASSAULT,Wednesday,18:00-23:59,15
YTD,12,Crime Type,ARSON,Friday,00:00-05:59,5
YTD,12,Crime Type,ARSON,Friday,12:00-17:59,1
YTD,12,Crime Type,ARSON,Friday,18:00-23:59,1
YTD,12,Crime Type,ARSON,Monday,00:00-05:59,5
YTD,12,Crime Type,ARSON,Monday,12:00-17:59,2
YTD,12,Crime Type,ARSON,Monday,18:00-23:59,1
YTD,12,Crime Type,ARSON,Saturday,00:00-05:59,3
YTD,12,Crime Type,ARSON,Saturday,06:00-11:59,2
YTD,12,Crime Type,ARSON,Saturday,18:00-23:59,1
YTD,12,Crime Type,ARSON,Sunday,00:00-05:59,5
YTD,12,Crime Type,ARSON,Sunday,06:00-11:59,1
YTD,12,Crime Type,ARSON,Sunday,18:00-23:59,1
YTD,12,Crime Type,ARSON,Thursday,00:00-05:59,1
YTD,12,Crime Type,ARSON,Thursday,12:00-17:59,1
YTD,12,Crime Type,ARSON,Thursday,18:00-23:59,1
YTD,12,Crime Type,ARSON,Tuesday,00:00-05:59,2
YTD,12,Crime Type,ARSON,Tuesday,12:00-17:59,1
YTD,12,Crime Type,ARSON,Wednesday,00:00-05:59,4
YTD,12,Crime Type,ARSON,Wednesday,06:00-11:59,3
YTD,12,Crime Type,ASSAULT,Friday,00:00-05:59,32
YTD,12,Crime Type,ASSAULT,Friday,06:00-11:59,41
YTD,12,Crime Type,ASSAULT,Friday,12:00-17:59,67
YTD,12,Crime Type,ASSAULT,Friday,18:00-23:59,65
YTD,12,Crime Type,ASSAULT,Monday,00:00-05:59,41
YTD,12,Crime Type,ASSAULT,Monday,06:00-11:59,68
YTD,12,Crime Type,ASSAULT,Monday,12:00-17:59,71
YTD,12,Crime Type,ASSAULT,Monday,18:00-23:59,92
YTD,12,Crime Type,ASSAULT,Saturday,00:00-05:59,57
YTD,12,Crime Type,ASSAULT,Saturday,06:00-11:59,51
YTD,12,Crime Type,ASSAULT,Saturday,12:00-17:59,66
YTD,12,Crime Type,ASSAULT,Saturday,18:00-23:59,68
YTD,12,Crime Type,ASSAULT,Sunday,00:00-05:59,54
YTD,12,Crime Type,ASSAULT,Sunday,06:00-11:59,54
YTD,12,Crime Type,ASSAULT,Sunday,12:00-17:59,58
YTD,12,Crime Type,ASSAULT,Sunday,18:00-23:59,67
YTD,12,Crime Type,ASSAULT,Thursday,00:00-05:59,25
YTD,12,Crime Type,ASSAULT,Thursday,06:00-11:59,49
YTD,12,Crime Type,ASSAULT,Thursday,12:00-17:59,66
YTD,12,Crime Type,ASSAULT,Thursday,18:00-23:59,66
YTD,12,Crime Type,ASSAULT,Tuesday,00:00-05:59,39
YTD,12,Crime Type,ASSAULT,Tuesday,06:00-11:59,53
YTD,12,Crime Type,ASSAULT,Tuesday,12:00-17:59,63
YTD,12,Crime Type,ASSAULT,Tuesday,18:00-23:59,62
YTD,12,Crime Type,ASSAULT,Wednesday,00:00-05:59,31
YTD,12,Crime Type,ASSAULT,Wednesday,06:00-11:59,59
YTD,12,Crime Type,ASSAULT,Wednesday,12:00-17:59,84
YTD,12,Crime Type,ASSAULT,Wednesday,18:00-23:59,65
YTD,12,Crime Type,BURGLARY,Friday,00:00-05:59,23
YTD,12,Crime Type,BURGLARY,Friday,06:00-11:59,13
YTD,12,Crime Type,BURGLARY,Friday,12:00-17:59,31
YTD,12,Crime Type,BURGLARY,Friday,18:00-23:59,19
YTD,12,Crime Type,BURGLARY,Monday,00:00-05:59,17
YTD,12,Crime Type,BURGLARY,Monday,06:00-11:59,15
YTD,12,Crime Type,BURGLARY,Monday,12:00-17:59,31
YTD,12,Crime Type,BURGLARY,Monday,18:00-23:59,19
YTD,12,Crime Type,BURGLARY,Saturday,00:00-05:59,17
YTD,12,Crime Type,BURGLARY,Saturday,06:00-11:59,16
YTD,12,Crime Type,BURGLARY,Saturday,12:00-17:59,36
YTD,12,Crime Type,BURGLARY,Saturday,18:00-23:59,23
YTD,12,Crime Type,BURGLARY,Sunday,00:00-05:59,15
YTD,12,Crime Type,BURGLARY,Sunday,06:00-11:59,12
YTD,12,Crime Type,BURGLARY,Sunday,12:00-17:59,22
YTD,12,Crime Type,BURGLARY,Sunday,18:00-23:59,15
YTD,12,Crime Type,BURGLARY,Thursday,00:00-05:59,14
YTD,12,Crime Type,BURGLARY,Thursday,06:00-11:59,14
YTD,12,Crime Type,BURGLARY,Thursday,12:00-17:59,17
YTD,12,Crime Type,BURGLARY,Thursday,18:00-23:59,19
YTD,12,Crime Type,BURGLARY,Tuesday,00:00-05:59,17
YTD,12,Crime Type,BURGLARY,Tuesday,06:00-11:59,21
YTD,12,Crime Type,BURGLARY,Tuesday,12:00-17:59,21
YTD,12,Crime Type,BURGLARY,Tuesday,18:00-23:59,20
YTD,12,Crime Type,BURGLARY,Wednesday,00:00-05:59,18
YTD,12,Crime Type,BURGLARY,Wednesday,06:00-11:59,20
YTD,12,Crime Type,BURGLARY,Wednesday,12:00-17:59,23
YTD,12,Crime Type,BURGLARY,Wednesday,18:00-23:59,20
YTD,12,Crime Type,DAMAGE TO PROPERTY,Friday,00:00-05:59,30
YTD,12,Crime Type,DAMAGE TO PROPERTY,Friday,06:00-11:59,34
YTD,12,Crime Type,DAMAGE TO PROPERTY,Friday,12:00-17:59,35
YTD,12,Crime Type,DAMAGE TO PROPERTY,Friday,18:00-23:59,48
YTD,12,Crime Type,DAMAGE TO PROPERTY,Monday,00:00-05:59,37
YTD,12,Crime Type,DAMAGE TO PROPERTY,Monday,06:00-11:59,19
YTD,12,Crime Type,DAMAGE TO PROPERTY,Monday,12:00-17:59,46
YTD,12,Crime Type,DAMAGE TO PROPERTY,Monday,18:00-23:59,54
YTD,12,Crime Type,DAMAGE TO PROPERTY,Saturday,00:00-05:59,55
YTD,12,Crime Type,DAMAGE TO PROPERTY,Saturday,06:00-11:59,27
YTD,12,Crime Type,DAMAGE TO PROPERTY,Saturday,12:00-17:59,48
YTD,12,Crime Type,DAMAGE TO PROPERTY,Saturday,18:00-23:59,51
YTD,12,Crime Type,DAMAGE TO PROPERTY,Sunday,00:00-05:59,77
YTD,12,Crime Type,DAMAGE TO PROPERTY,Sunday,06:00-11:59,26
YTD,12,Crime Type,DAMAGE TO PROPERTY,Sunday,12:00-17:59,39
YTD,12,Crime Type,DAMAGE TO PROPERTY,Sunday,18:00-23:59,55
YTD,12,Crime Type,DAMAGE TO PROPERTY,Thursday,00:00-05:59,31
YTD,12,Crime Type,DAMAGE TO PROPERTY,Thursday,06:00-11:59,36
YTD,12,Crime Type,DAMAGE TO PROPERTY,Thursday,12:00-17:59,35
YTD,12,Crime Type,DAMAGE TO PROPERTY,Thursday,18:00-23:59,52
YTD,12,Crime Type,DAMAGE TO PROPERTY,Tuesday,00:00-05:59,29
YTD,12,Crime Type,DAMAGE TO PROPERTY,Tuesday,06:00-11:59,32
YTD,12,Crime Type,DAMAGE TO PROPERTY,Tuesday,12:00-17:59,41
YTD,12,Crime Type,DAMAGE TO PROPERTY,Tuesday,18:00-23:59,46
YTD,12,Crime Type,DAMAGE TO PROPERTY,Wednesday,00:00-05:59,45
YTD,12,Crime Type,DAMAGE TO PROPERTY,Wednesday,06:00-11:59,35
YTD,12,Crime Type,DAMAGE TO PROPERTY,Wednesday,12:00-17:59,47
YTD,12,Crime Type,DAMAGE TO PROPERTY,Wednesday,18:00-23:59,40
YTD,12,Crime Type,DANGEROUS DRUGS,Friday,12:00-17:59,4
YTD,12,Crime Type,DANGEROUS DRUGS,Friday,18:00-23:59,4
YTD,12,Crime Type,DANGEROUS DRUGS,Monday,06:00-11:59,1
YTD,12,Crime Type,DANGEROUS DRUGS,Monday,12:00-17:59,2
YTD,12,Crime Type,DANGEROUS DRUGS,Monday,18:00-23:59,1
YTD,12,Crime Type,DANGEROUS DRUGS,Saturday,00:00-05:59,2
YTD,12,Crime Type,DANGEROUS DRUGS,Saturday,06:00-11:59,2
YTD,12,Crime Type,DANGEROUS DRUGS,Saturday,12:00-17:59,2
YTD,12,Crime Type,DANGEROUS DRUGS,Saturday,18:00-23:59,3
YTD,12,Crime Type,DANGEROUS DRUGS,Sunday,00:00-05:59,2
YTD,12,Crime Type,DANGEROUS DRUGS,Sunday,18:00-23:59,2
YTD,12,Crime Type,DANGEROUS DRUGS,Thursday,00:00-05:59,1
YTD,12,Crime Type,DANGEROUS DRUGS,Thursday,06:00-11:59,1
YTD,12,Crime Type,DANGEROUS DRUGS,Thursday,12:00-17:59,5
YTD,12,Crime Type,DANGEROUS DRUGS,Thursday,18:00-23:59,3
YTD,12,Crime Type,DANGEROUS DRUGS,Tuesday,06:00-11:59,3
YTD,12,Crime Type,DANGEROUS DRUGS,Tuesday,12:00-17:59,8
YTD,12,Crime Type,DANGEROUS DRUGS,Tuesday,18:00-23:59,2
YTD,12,Crime Type,DANGEROUS DRUGS,Wednesday,00:00-05:59,1
YTD,12,Crime Type,DANGEROUS DRUGS,Wednesday,06:00-11:59,1
YTD,12,Crime Type,DANGEROUS DRUGS,Wednesday,12:00-17:59,7
YTD,12,Crime Type,DANGEROUS DRUGS,Wednesday,18:00-23:59,1
YTD,12,Crime Type,DISORDERLY CONDUCT,Friday,06:00-11:59,1
YTD,12,Crime Type,DISORDERLY CONDUCT,Friday,18:00-23:59,1
YTD,12,Crime Type,DISORDERLY CONDUCT,Monday,00:00-05:59,1
YTD,12,Crime Type,DISORDERLY CONDUCT,Monday,12:00-17:59,1
YTD,12,Crime Type,DISORDERLY CONDUCT,Saturday,00:00-05:59,1
YTD,12,Crime Type,DISORDERLY CONDUCT,Saturday,06:00-11:59,1
YTD,12,Crime Type,DISORDERLY CONDUCT,Sunday,18:00-23:59,1
YTD,12,Crime Type,DISORDERLY CONDUCT,Thursday,00:00-05:59,2
YTD,12,Crime Type,DISORDERLY CONDUCT,Tuesday,00:00-05:59,3
YTD,12,Crime Type,DISORDERLY CONDUCT,Tuesday,06:00-11:59,3
YTD,12,Crime Type,DISORDERLY CONDUCT,Tuesday,18:00-23:59,2
YTD,12,Crime Type,DISORDERLY CONDUCT,Wednesday,06:00-11:59,2
YTD,12,Crime Type,EXTORTION,Friday,12:00-17:59,1
YTD,12,Crime Type,EXTORTION,Monday,12:00-17:59,2
YTD,12,Crime Type,EXTORTION,Monday,18:00-23:59,1
YTD,12,Crime Type,EXTORTION,Saturday,18:00-23:59,1
YTD,12,Crime Type,EXTORTION,Sunday,12:00-17:59,1
YTD,12,Crime Type,EXTORTION,Tuesday,12:00-17:59,1
YTD,12,Crime Type,EXTORTION,Tuesday,18:00-23:59,1
YTD,12,Crime Type,FAMILY OFFENSE,Friday,00:00-05:59,3
YTD,12,Crime Type,FAMILY OFFENSE,Friday,06:00-11:59,1
YTD,12,Crime Type,FAMILY OFFENSE,Friday,12:00-17:59,5
YTD,12,Crime Type,FAMILY OFFENSE,Friday,18:00-23:59,4
YTD,12,Crime Type,FAMILY OFFENSE,Monday,00:00-05:59,1
YTD,12,Crime Type,FAMILY OFFENSE,Monday,06:00-11:59,2
YTD,12,Crime Type,FAMILY OFFENSE,Monday,12:00-17:59,7
YTD,12,Crime Type,FAMILY OFFENSE,Monday,18:00-23:59,6
YTD,12,Crime Type,FAMILY OFFENSE,Saturday,00:00-05:59,1
YTD,12,Crime Type,FAMILY OFFENSE,Saturday,06:00-11:59,1
YTD,12,Crime Type,FAMILY OFFENSE,Saturday,12:00-17:59,2
YTD,12,Crime Type,FAMILY OFFENSE,Saturday,18:00-23:59,1
YTD,12,Crime Type,FAMILY OFFENSE,Sunday,00:00-05:59,3
YTD,12,Crime Type,FAMILY OFFENSE,Sunday,06:00-11:59,1
YTD,12,Crime Type,FAMILY OFFENSE,Sunday,12:00-17:59,1
YTD,12,Crime Type,FAMILY OFFENSE,Thursday,00:00-05:59,1
YTD,12,Crime Type,FAMILY OFFENSE,Thursday,06:00-11:59,4
YTD,12,Crime Type,FAMILY OFFENSE,Thursday,12:00-17:59,7
YTD,12,Crime Type,FAMILY OFFENSE,Thursday,18:00-23:59,3
YTD,12,Crime Type,FAMILY OFFENSE,Tuesday,00:00-05:59,1
YTD,12,Crime Type,FAMILY OFFENSE,Tuesday,06:00-11:59,1
YTD,12,Crime Type,FAMILY OFFENSE,Tuesday,12:00-17:59,3
YTD,12,Crime Type,FAMILY OFFENSE,Tuesday,18:00-23:59,2
YTD,12,Crime Type,FAMILY OFFENSE,Wednesday,06:00-11:59,1
YTD,12,Crime Type,FAMILY OFFENSE,Wednesday,12:00-17:59,2
YTD,12,Crime Type,FAMILY OFFENSE,Wednesday,18:00-23:59,1
YTD,12,Crime Type,FORGERY,Friday,00:00-05:59,1
YTD,12,Crime Type,FORGERY,Friday,12:00-17:59,2
YTD,12,Crime Type,FORGERY,Monday,06:00-11:59,1
YTD,12,Crime Type,FORGERY,Monday,12:00-17:59,1
YTD,12,Crime Type,FORGERY,Monday,18:00-23:59,1
YTD,12,Crime Type,FORGERY,Saturday,12:00-17:59,1
YTD,12,Crime Type,FORGERY,Sunday,12:00-17:59,1
YTD,12,Crime Type,FORGERY,Thursday,12:00-17:59,1
YTD,12,Crime Type,FORGERY,Tuesday,12:00-17:59,2
YTD,12,Crime Type,FORGERY,Wednesday,12:00-17:59,1
YTD,12,Crime Type,FRAUD,Friday,00:00-05:59,8
YTD,12,Crime Type,FRAUD,Friday,06:00-11:59,33
YTD,12,Crime Type,FRAUD,Friday,12:00-17:59,59
YTD,12,Crime Type,FRAUD,Friday,18:00-23:59,13
YTD,12,Crime Type,FRAUD,Monday,00:00-05:59,14
YTD,12,Crime Type,FRAUD,Monday,06:00-11:59,32
YTD,12,Crime Type,FRAUD,Monday,12:00-17:59,56
YTD,12,Crime Type,FRAUD,Monday,18:00-23:59,21
YTD,12,Crime Type,FRAUD,Saturday,00:00-05:59,13
YTD,12,Crime Type,FRAUD,Saturday,06:00-11:59,18
YTD,12,Crime Type,FRAUD,Saturday,12:00-17:59,39
YTD,12,Crime Type,FRAUD,Saturday,18:00-23:59,18
YTD,12,Crime Type,FRAUD,Sunday,00:00-05:59,12
YTD,12,Crime Type,FRAUD,Sunday,06:00-11:59,28
YTD,12,Crime Type,FRAUD,Sunday,12:00-17:59,50
YTD,12,Crime Type,FRAUD,Sunday,18:00-23:59,8
YTD,12,Crime Type,FRAUD,Thursday,00:00-05:59,16
YTD,12,Crime Type,FRAUD,Thursday,06:00-11:59,31
YTD,12,Crime Type,FRAUD,Thursday,12:00-17:59,57
YTD,12,Crime Type,FRAUD,Thursday,18:00-23:59,19
YTD,12,Crime Type,FRAUD,Tuesday,00:00-05:59,14
YTD,12,Crime Type,FRAUD,Tuesday,06:00-11:59,17
YTD,12,Crime Type,FRAUD,Tuesday,12:00-17:59,73
YTD,12,Crime Type,FRAUD,Tuesday,18:00-23:59,20
YTD,12,Crime Type,FRAUD,Wednesday,00:00-05:59,6
YTD,12,Crime Type,FRAUD,Wednesday,06:00-11:59,34
YTD,12,Crime Type,FRAUD,Wednesday,12:00-17:59,86
YTD,12,Crime Type,FRAUD,Wednesday,18:00-23:59,20
YTD,12,Crime Type,HEALTH AND SAFETY,Friday,06:00-11:59,1
YTD,12,Crime Type,HEALTH AND SAFETY,Saturday,00:00-05:59,4
YTD,12,Crime Type,HEALTH AND SAFETY,Tuesday,06:00-11:59,1
YTD,12,Crime Type,HEALTH AND SAFETY,Wednesday,12:00-17:59,2
YTD,12,Crime Type,HOMICIDE,Friday,06:00-11:59,1
YTD,12,Crime Type,HOMICIDE,Friday,12:00-17:59,1
YTD,12,Crime Type,HOMICIDE,Friday,18:00-23:59,3
YTD,12,Crime Type,HOMICIDE,Monday,00:00-05:59,1
YTD,12,Crime Type,HOMICIDE,Monday,12:00-17:59,1
YTD,12,Crime Type,HOMICIDE,Monday,18:00-23:59,3
YTD,12,Crime Type,HOMICIDE,Saturday,00:00-05:59,4
YTD,12,Crime Type,HOMICIDE,Saturday,12:00-17:59,1
YTD,12,Crime Type,HOMICIDE,Sunday,12:00-17:59,1
YTD,12,Crime Type,HOMICIDE,Sunday,18:00-23:59,2
YTD,12,Crime Type,HOMICIDE,Thursday,00:00-05:59,1
YTD,12,Crime Type,HOMICIDE,Thursday,12:00-17:59,1
YTD,12,Crime Type,HOMICIDE,Tuesday,18:00-23:59,3
YTD,12,Crime Type,INVASION OF PRIVACY -OTHER,Friday,12:00-17:59,1
YTD,12,Crime Type,INVASION OF PRIVACY -OTHER,Friday,18:00-23:59,2
YTD,12,Crime Type,INVASION OF PRIVACY -OTHER,Monday,06:00-11:59,2
YTD,12,Crime Type,INVASION OF PRIVACY -OTHER,Monday,12:00-17:59,1
YTD,12,Crime Type,INVASION OF PRIVACY -OTHER,Saturday,00:00-05:59,1
YTD,12,Crime Type,INVASION OF PRIVACY -OTHER,Saturday,12:00-17:59,1
YTD,12,Crime Type,INVASION OF PRIVACY -OTHER,Saturday,18:00-23:59,1
YTD,12,Crime Type,INVASION OF PRIVACY -OTHER,Sunday,00:00-05:59,1
YTD,12,Crime Type,INVASION OF PRIVACY -OTHER,Sunday,06:00-11:59,1
YTD,12,Crime Type,INVASION OF PRIVACY -OTHER,Sunday,12:00-17:59,1
YTD,12,Crime Type,INVASION OF PRIVACY -OTHER,Sunday,18:00-23:59,1
YTD,12,Crime Type,INVASION OF PRIVACY -OTHER,Thursday,12:00-17:59,2
YTD,12,Crime Type,INVASION OF PRIVACY -OTHER,Tuesday,00:00-05:59,1
YTD,12,Crime Type,INVASION OF PRIVACY -OTHER,Tuesday,12:00-17:59,1
YTD,12,Crime Type,INVASION OF PRIVACY -OTHER,Wednesday,06:00-11:59,1
YTD,12,Crime Type,INVASION OF PRIVACY -OTHER,Wednesday,12:00-17:59,1
YTD,12,Crime Type,JUSTIFIABLE HOMICIDE,Friday,18:00-23:59,1
YTD,12,Crime Type,JUSTIFIABLE HOMICIDE,Monday,18:00-23:59,1
YTD,12,Crime Type,KIDNAPPING,Friday,12:00-17:59,1
YTD,12,Crime Type,KIDNAPPING,Friday,18:00-23:59,2
YTD,12,Crime Type,KIDNAPPING,Monday,18:00-23:59,1
YTD,12,Crime Type,KIDNAPPING,Thursday,18:00-23:59,1
YTD,12,Crime Type,KIDNAPPING,Tuesday,12:00-17:59,1
YTD,12,Crime Type,KIDNAPPING,Tuesday,18:00-23:59,2
YTD,12,Crime Type,KIDNAPPING,Wednesday,06:00-11:59,1
YTD,12,Crime Type,KIDNAPPING,Wednesday,12:00-17:59,2
YTD,12,Crime Type,LARCENY,Friday,00:00-05:59,21
YTD,12,Crime Type,LARCENY,Friday,06:00-11:59,40
YTD,12,Crime Type,LARCENY,Friday,12:00-17:59,62
YTD,12,Crime Type,LARCENY,Friday,18:00-23:59,48
YTD,12,Crime Type,LARCENY,Monday,00:00-05:59,30
YTD,12,Crime Type,LARCENY,Monday,06:00-11:59,42
YTD,12,Crime Type,LARCENY,Monday,12:00-17:59,68
YTD,12,Crime Type,LARCENY,Monday,18:00-23:59,48
YTD,12,Crime Type,LARCENY,Saturday,00:00-05:59,51
YTD,12,Crime Type,LARCENY,Saturday,06:00-11:59,34
YTD,12,Crime Type,LARCENY,Saturday,12:00-17:59,60
YTD,12,Crime Type,LARCENY,Saturday,18:00-23:59,62
YTD,12,Crime Type,LARCENY,Sunday,00:00-05:59,124
YTD,12,Crime Type,LARCENY,Sunday,06:00-11:59,25
YTD,12,Crime Type,LARCENY,Sunday,12:00-17:59,51
YTD,12,Crime Type,LARCENY,Sunday,18:00-23:59,80
YTD,12,Crime Type,LARCENY,Thursday,00:00-05:59,22
YTD,12,Crime Type,LARCENY,Thursday,06:00-11:59,35
YTD,12,Crime Type,LARCENY,Thursday,12:00-17:59,67
YTD,12,Crime Type,LARCENY,Thursday,18:00-23:59,52
YTD,12,Crime Type,LARCENY,Tuesday,00:00-05:59,16
YTD,12,Crime Type,LARCENY,Tuesday,06:00-11:59,31
YTD,12,Crime Type,LARCENY,Tuesday,12:00-17:59,52
YTD,12,Crime Type,LARCENY,Tuesday,18:00-23:59,44
YTD,12,Crime Type,LARCENY,Wednesday,00:00-05:59,25
YTD,12,Crime Type,LARCENY,Wednesday,06:00-11:59,38
YTD,12,Crime Type,LARCENY,Wednesday,12:00-17:59,58
YTD,12,Crime Type,LARCENY,Wednesday,18:00-23:59,37
YTD,12,Crime Type,LIQUOR,Friday,18:00-23:59,3
YTD,12,Crime Type,LIQUOR,Saturday,00:00-05:59,1
YTD,12,Crime Type,LIQUOR,Saturday,18:00-23:59,1
YTD,12,Crime Type,LIQUOR,Sunday,00:00-05:59,3
YTD,12,Crime Type,LIQUOR,Sunday,18:00-23:59,1
YTD,12,Crime Type,LIQUOR,Tuesday,00:00-05:59,1
YTD,12,Crime Type,MISCELLANEOUS,Friday,12:00-17:59,1
YTD,12,Crime Type,MISCELLANEOUS,Sunday,12:00-17:59,1
YTD,12,Crime Type,MISCELLANEOUS,Thursday,12:00-17:59,1
YTD,12,Crime Type,MISCELLANEOUS,Thursday,18:00-23:59,1
YTD,12,Crime Type,MISCELLANEOUS,Tuesday,12:00-17:59,1
YTD,12,Crime Type,OBSTRUCTING JUDICIARY,Friday,00:00-05:59,2
YTD,12,Crime Type,OBSTRUCTING JUDICIARY,Friday,06:00-11:59,1
YTD,12,Crime Type,OBSTRUCTING JUDICIARY,Friday,12:00-17:59,7
YTD,12,Crime Type,OBSTRUCTING JUDICIARY,Friday,18:00-23:59,6
YTD,12,Crime Type,OBSTRUCTING JUDICIARY,Monday,00:00-05:59,2
YTD,12,Crime Type,OBSTRUCTING JUDICIARY,Monday,06:00-11:59,2
YTD,12,Crime Type,OBSTRUCTING JUDICIARY,Monday,12:00-17:59,4
YTD,12,Crime Type,OBSTRUCTING JUDICIARY,Monday,18:00-23:59,7
YTD,12,Crime Type,OBSTRUCTING JUDICIARY,Saturday,00:00-05:59,1
YTD,12,Crime Type,OBSTRUCTING JUDICIARY,Saturday,06:00-11:59,3
YTD,12,Crime Type,OBSTRUCTING JUDICIARY,Saturday,12:00-17:59,9
YTD,12,Crime Type,OBSTRUCTING JUDICIARY,Saturday,18:00-23:59,2
YTD,12,Crime Type,OBSTRUCTING JUDICIARY,Sunday,00:00-05:59,1
YTD,12,Crime Type,OBSTRUCTING JUDICIARY,Sunday,06:00-11:59,1
YTD,12,Crime Type,OBSTRUCTING JUDICIARY,Sunday,12:00-17:59,9
YTD,12,Crime Type,OBSTRUCTING JUDICIARY,Sunday,18:00-23:59,2
YTD,12,Crime Type,OBSTRUCTING JUDICIARY,Thursday,00:00-05:59,2
YTD,12,Crime Type,OBSTRUCTING JUDICIARY,Thursday,06:00-11:59,4
YTD,12,Crime Type,OBSTRUCTING JUDICIARY,Thursday,12:00-17:59,4
YTD,12,Crime Type,OBSTRUCTING JUDICIARY,Thursday,18:00-23:59,6
YTD,12,Crime Type,OBSTRUCTING JUDICIARY,Tuesday,06:00-11:59,5
YTD,12,Crime Type,OBSTRUCTING JUDICIARY,Tuesday,12:00-17:59,5
YTD,12,Crime Type,OBSTRUCTING JUDICIARY,Tuesday,18:00-23:59,4
YTD,12,Crime Type,OBSTRUCTING JUDICIARY,Wednesday,06:00-11:59,1
YTD,12,Crime Type,OBSTRUCTING JUDICIARY,Wednesday,12:00-17:59,12
YTD,12,Crime Type,OBSTRUCTING JUDICIARY,Wednesday,18:00-23:59,3
YTD,12,Crime Type,OBSTRUCTING THE POLICE,Friday,00:00-05:59,6
YTD,12,Crime Type,OBSTRUCTING THE POLICE,Friday,06:00-11:59,2
YTD,12,Crime Type,OBSTRUCTING THE POLICE,Friday,12:00-17:59,5
YTD,12,Crime Type,OBSTRUCTING THE POLICE,Friday,18:00-23:59,12
YTD,12,Crime Type,OBSTRUCTING THE POLICE,Monday,00:00-05:59,7
YTD,12,Crime Type,OBSTRUCTING THE POLICE,Monday,06:00-11:59,1
YTD,12,Crime Type,OBSTRUCTING THE POLICE,Monday,12:00-17:59,4
YTD,12,Crime Type,OBSTRUCTING THE POLICE,Monday,18:00-23:59,2
YTD,12,Crime Type,OBSTRUCTING THE POLICE,Saturday,00:00-05:59,10
YTD,12,Crime Type,OBSTRUCTING THE POLICE,Saturday,06:00-11:59,3
YTD,12,Crime Type,OBSTRUCTING THE POLICE,Saturday,12:00-17:59,6
YTD,12,Crime Type,OBSTRUCTING THE POLICE,Saturday,18:00-23:59,8
YTD,12,Crime Type,OBSTRUCTING THE POLICE,Sunday,00:00-05:59,6
YTD,12,Crime Type,OBSTRUCTING THE POLICE,Sunday,12:00-17:59,2
YTD,12,Crime Type,OBSTRUCTING THE POLICE,Sunday,18:00-23:59,9
YTD,12,Crime Type,OBSTRUCTING THE POLICE,Thursday,00:00-05:59,1
YTD,12,Crime Type,OBSTRUCTING THE POLICE,Thursday,06:00-11:59,1
YTD,12,Crime Type,OBSTRUCTING THE POLICE,Thursday,12:00-17:59,6
YTD,12,Crime Type,OBSTRUCTING THE POLICE,Thursday,18:00-23:59,12
YTD,12,Crime Type,OBSTRUCTING THE POLICE,Tuesday,00:00-05:59,3
YTD,12,Crime Type,OBSTRUCTING THE POLICE,Tuesday,06:00-11:59,2
YTD,12,Crime Type,OBSTRUCTING THE POLICE,Tuesday,12:00-17:59,4
YTD,12,Crime Type,OBSTRUCTING THE POLICE,Tuesday,18:00-23:59,4
YTD,12,Crime Type,OBSTRUCTING THE POLICE,Wednesday,00:00-05:59,4
YTD,12,Crime Type,OBSTRUCTING THE POLICE,Wednesday,06:00-11:59,3
YTD,12,Crime Type,OBSTRUCTING THE POLICE,Wednesday,12:00-17:59,2
YTD,12,Crime Type,OBSTRUCTING THE POLICE,Wednesday,18:00-23:59,6
YTD,12,Crime Type,OTHER,Friday,12:00-17:59,3
YTD,12,Crime Type,OTHER,Friday,18:00-23:59,2
YTD,12,Crime Type,OTHER,Monday,06:00-11:59,1
YTD,12,Crime Type,OTHER,Monday,12:00-17:59,2
YTD,12,Crime Type,OTHER,Monday,18:00-23:59,1
YTD,12,Crime Type,OTHER,Saturday,00:00-05:59,2
YTD,12,Crime Type,OTHER,Saturday,06:00-11:59,1
YTD,12,Crime Type,OTHER,Saturday,12:00-17:59,2
YTD,12,Crime Type,OTHER,Saturday,18:00-23:59,2
YTD,12,Crime Type,OTHER,Sunday,18:00-23:59,1
YTD,12,Crime Type,OTHER,Thursday,12:00-17:59,1
YTD,12,Crime Type,OTHER,Tuesday,00:00-05:59,2
YTD,12,Crime Type,OTHER,Tuesday,12:00-17:59,1
YTD,12,Crime Type,OTHER,Tuesday,18:00-23:59,1
YTD,12,Crime Type,OTHER,Wednesday,06:00-11:59,1
YTD,12,Crime Type,OTHER,Wednesday,12:00-17:59,2
YTD,12,Crime Type,OUIL,Friday,00:00-05:59,6
YTD,12,Crime Type,OUIL,Friday,12:00-17:59,2
YTD,12,Crime Type,OUIL,Friday,18:00-23:59,2
YTD,12,Crime Type,OUIL,Monday,00:00-05:59,2
YTD,12,Crime Type,OUIL,Monday,12:00-17:59,2
YTD,12,Crime Type,OUIL,Monday,18:00-23:59,2
YTD,12,Crime Type,OUIL,Saturday,00:00-05:59,4
YTD,12,Crime Type,OUIL,Saturday,12:00-17:59,2
YTD,12,Crime Type,OUIL,Saturday,18:00-23:59,6
YTD,12,Crime Type,OUIL,Sunday,00:00-05:59,2
YTD,12,Crime Type,OUIL,Sunday,06:00-11:59,2
YTD,12,Crime Type,OUIL,Sunday,12:00-17:59,4
YTD,12,Crime Type,OUIL,Sunday,18:00-23:59,8
YTD,12,Crime Type,OUIL,Thursday,12:00-17:59,2
YTD,12,Crime Type,OUIL,Thursday,18:00-23:59,4
YTD,12,Crime Type,OUIL,Tuesday,06:00-11:59,2
YTD,12,Crime Type,OUIL,Tuesday,12:00-17:59,2
YTD,12,Crime Type,OUIL,Tuesday,18:00-23:59,10
YTD,12,Crime Type,OUIL,Wednesday,00:00-05:59,2
YTD,12,Crime Type,OUIL,Wednesday,06:00-11:59,2
YTD,12,Crime Type,OUIL,Wednesday,12:00-17:59,6
YTD,12,Crime Type,OUIL,Wednesday,18:00-23:59,2
YTD,12,Crime Type,ROBBERY,Friday,00:00-05:59,1
YTD,12,Crime Type,ROBBERY,Friday,06:00-11:59,3
YTD,12,Crime Type,ROBBERY,Friday,12:00-17:59,3
YTD,12,Crime Type,ROBBERY,Friday,18:00-23:59,6
YTD,12,Crime Type,ROBBERY,Monday,00:00-05:59,1
YTD,12,Crime Type,ROBBERY,Monday,06:00-11:59,4
YTD,12,Crime Type,ROBBERY,Monday,12:00-17:59,1
YTD,12,Crime Type,ROBBERY,Monday,18:00-23:59,7
YTD,12,Crime Type,ROBBERY,Saturday,00:00-05:59,3
YTD,12,Crime Type,ROBBERY,Saturday,06:00-11:59,3
YTD,12,Crime Type,ROBBERY,Saturday,12:00-17:59,2
YTD,12,Crime Type,ROBBERY,Saturday,18:00-23:59,7
YTD,12,Crime Type,ROBBERY,Sunday,00:00-05:59,5
YTD,12,Crime Type,ROBBERY,Sunday,06:00-11:59,1
YTD,12,Crime Type,ROBBERY,Sunday,12:00-17:59,3
YTD,12,Crime Type,ROBBERY,Sunday,18:00-23:59,5
YTD,12,Crime Type,ROBBERY,Thursday,00:00-05:59,4
YTD,12,Crime Type,ROBBERY,Thursday,06:00-11:59,9
YTD,12,Crime Type,ROBBERY,Thursday,12:00-17:59,5
YTD,12,Crime Type,ROBBERY,Thursday,18:00-23:59,2
YTD,12,Crime Type,ROBBERY,Tuesday,12:00-17:59,5
YTD,12,Crime Type,ROBBERY,Tuesday,18:00-23:59,3
YTD,12,Crime Type,ROBBERY,Wednesday,00:00-05:59,3
YTD,12,Crime Type,ROBBERY,Wednesday,12:00-17:59,4
YTD,12,Crime Type,ROBBERY,Wednesday,18:00-23:59,3
YTD,12,Crime Type,RUNAWAY,Friday,06:00-11:59,5
YTD,12,Crime Type,RUNAWAY,Friday,12:00-17:59,6
YTD,12,Crime Type,RUNAWAY,Friday,18:00-23:59,2
YTD,12,Crime Type,RUNAWAY,Monday,00:00-05:59,2
YTD,12,Crime Type,RUNAWAY,Monday,06:00-11:59,2
YTD,12,Crime Type,RUNAWAY,Monday,12:00-17:59,10
YTD,12,Crime Type,RUNAWAY,Monday,18:00-23:59,6
YTD,12,Crime Type,RUNAWAY,Saturday,00:00-05:59,4
YTD,12,Crime Type,RUNAWAY,Saturday,06:00-11:59,2
YTD,12,Crime Type,RUNAWAY,Saturday,12:00-17:59,7
YTD,12,Crime Type,RUNAWAY,Saturday,18:00-23:59,5
YTD,12,Crime Type,RUNAWAY,Sunday,00:00-05:59,3
YTD,12,Crime Type,RUNAWAY,Sunday,06:00-11:59,3
YTD,12,Crime Type,RUNAWAY,Sunday,12:00-17:59,2
YTD,12,Crime Type,RUNAWAY,Sunday,18:00-23:59,8
YTD,12,Crime Type,RUNAWAY,Thursday,00:00-05:59,2
YTD,12,Crime Type,RUNAWAY,Thursday,06:00-11:59,1
YTD,12,Crime Type,RUNAWAY,Thursday,12:00-17:59,6
YTD,12,Crime Type,RUNAWAY,Thursday,18:00-23:59,6
YTD,12,Crime Type,RUNAWAY,Tuesday,06:00-11:59,2
YTD,12,Crime Type,RUNAWAY,Tuesday,12:00-17:59,7
YTD,12,Crime Type,RUNAWAY,Tuesday,18:00-23:59,2
YTD,12,Crime Type,RUNAWAY,Wednesday,00:00-05:59,2
YTD,12,Crime Type,RUNAWAY,Wednesday,06:00-11:59,2
YTD,12,Crime Type,RUNAWAY,Wednesday,12:00-17:59,8
YTD,12,Crime Type,RUNAWAY,Wednesday,18:00-23:59,6
YTD,12,Crime Type,SEX OFFENSES,Friday,00:00-05:59,3
YTD,12,Crime Type,SEX OFFENSES,Friday,06:00-11:59,2
YTD,12,Crime Type,SEX OFFENSES,Friday,12:00-17:59,1
YTD,12,Crime Type,SEX OFFENSES,Friday,18:00-23:59,41
YTD,12,Crime Type,SEX OFFENSES,Monday,00:00-05:59,1
YTD,12,Crime Type,SEX OFFENSES,Monday,06:00-11:59,1
YTD,12,Crime Type,SEX OFFENSES,Monday,12:00-17:59,6
YTD,12,Crime Type,SEX OFFENSES,Saturday,00:00-05:59,1
YTD,12,Crime Type,SEX OFFENSES,Saturday,12:00-17:59,4
YTD,12,Crime Type,SEX OFFENSES,Saturday,18:00-23:59,2
YTD,12,Crime Type,SEX OFFENSES,Sunday,12:00-17:59,2
YTD,12,Crime Type,SEX OFFENSES,Sunday,18:00-23:59,2
YTD,12,Crime Type,SEX OFFENSES,Thursday,00:00-05:59,5
YTD,12,Crime Type,SEX OFFENSES,Thursday,06:00-11:59,1
YTD,12,Crime Type,SEX OFFENSES,Thursday,12:00-17:59,5
YTD,12,Crime Type,SEX OFFENSES,Thursday,18:00-23:59,16
YTD,12,Crime Type,SEX OFFENSES,Tuesday,00:00-05:59,2
YTD,12,Crime Type,SEX OFFENSES,Tuesday,06:00-11:59,2
YTD,12,Crime Type,SEX OFFENSES,Tuesday,12:00-17:59,7
YTD,12,Crime Type,SEX OFFENSES,Tuesday,18:00-23:59,1
YTD,12,Crime Type,SEX OFFENSES,Wednesday,00:00-05:59,2
YTD,12,Crime Type,SEX OFFENSES,Wednesday,06:00-11:59,2
YTD,12,Crime Type,SEX OFFENSES,Wednesday,12:00-17:59,20
YTD,12,Crime Type,SEX OFFENSES,Wednesday,18:00-23:59,5
YTD,12,Crime Type,SEXUAL ASSAULT,Friday,00:00-05:59,2
YTD,12,Crime Type,SEXUAL ASSAULT,Friday,18:00-23:59,3
YTD,12,Crime Type,SEXUAL ASSAULT,Monday,00:00-05:59,3
YTD,12,Crime Type,SEXUAL ASSAULT,Monday,06:00-11:59,5
YTD,12,Crime Type,SEXUAL ASSAULT,Monday,12:00-17:59,1
YTD,12,Crime Type,SEXUAL ASSAULT,Saturday,00:00-05:59,1
YTD,12,Crime Type,SEXUAL ASSAULT,Saturday,06:00-11:59,2
YTD,12,Crime Type,SEXUAL ASSAULT,Saturday,12:00-17:59,1
YTD,12,Crime Type,SEXUAL ASSAULT,Saturday,18:00-23:59,3
YTD,12,Crime Type,SEXUAL ASSAULT,Sunday,00:00-05:59,2
YTD,12,Crime Type,SEXUAL ASSAULT,Sunday,12:00-17:59,4
YTD,12,Crime Type,SEXUAL ASSAULT,Sunday,18:00-23:59,3
YTD,12,Crime Type,SEXUAL ASSAULT,Thursday,00:00-05:59,4
YTD,12,Crime Type,SEXUAL ASSAULT,Thursday,06:00-11:59,2
YTD,12,Crime Type,SEXUAL ASSAULT,Thursday,18:00-23:59,5
YTD,12,Crime Type,SEXUAL ASSAULT,Tuesday,00:00-05:59,6
YTD,12,Crime Type,SEXUAL ASSAULT,Tuesday,12:00-17:59,2
YTD,12,Crime Type,SEXUAL ASSAULT,Tuesday,18:00-23:59,2
YTD,12,Crime Type,SEXUAL ASSAULT,Wednesday,06:00-11:59,1
YTD,12,Crime Type,SEXUAL ASSAULT,Wednesday,12:00-17:59,2
YTD,12,Crime Type,SEXUAL ASSAULT,Wednesday,18:00-23:59,2
YTD,12,Crime Type,SOLICITATION,Friday,00:00-05:59,2
YTD,12,Crime Type,SOLICITATION,Friday,18:00-23:59,7
YTD,12,Crime Type,STOLEN PROPERTY,Friday,00:00-05:59,6
YTD,12,Crime Type,STOLEN PROPERTY,Friday,06:00-11:59,5
YTD,12,Crime Type,STOLEN PROPERTY,Friday,12:00-17:59,7
YTD,12,Crime Type,STOLEN PROPERTY,Friday,18:00-23:59,6
YTD,12,Crime Type,STOLEN PROPERTY,Monday,00:00-05:59,5
YTD,12,Crime Type,STOLEN PROPERTY,Monday,06:00-11:59,4
YTD,12,Crime Type,STOLEN PROPERTY,Monday,12:00-17:59,7
YTD,12,Crime Type,STOLEN PROPERTY,Monday,18:00-23:59,8
YTD,12,Crime Type,STOLEN PROPERTY,Saturday,00:00-05:59,7
YTD,12,Crime Type,STOLEN PROPERTY,Saturday,06:00-11:59,5
YTD,12,Crime Type,STOLEN PROPERTY,Saturday,12:00-17:59,6
YTD,12,Crime Type,STOLEN PROPERTY,Saturday,18:00-23:59,7
YTD,12,Crime Type,STOLEN PROPERTY,Sunday,00:00-05:59,1
YTD,12,Crime Type,STOLEN PROPERTY,Sunday,06:00-11:59,4
YTD,12,Crime Type,STOLEN PROPERTY,Sunday,12:00-17:59,7
YTD,12,Crime Type,STOLEN PROPERTY,Sunday,18:00-23:59,3
YTD,12,Crime Type,STOLEN PROPERTY,Thursday,00:00-05:59,4
YTD,12,Crime Type,STOLEN PROPERTY,Thursday,06:00-11:59,7
YTD,12,Crime Type,STOLEN PROPERTY,Thursday,12:00-17:59,11
YTD,12,Crime Type,STOLEN PROPERTY,Thursday,18:00-23:59,9
YTD,12,Crime Type,STOLEN PROPERTY,Tuesday,00:00-05:59,5
YTD,12,Crime Type,STOLEN PROPERTY,Tuesday,06:00-11:59,15
YTD,12,Crime Type,STOLEN PROPERTY,Tuesday,12:00-17:59,16
YTD,12,Crime Type,STOLEN PROPERTY,Tuesday,18:00-23:59,6
YTD,12,Crime Type,STOLEN PROPERTY,Wednesday,06:00-11:59,7
YTD,12,Crime Type,STOLEN PROPERTY,Wednesday,12:00-17:59,8
YTD,12,Crime Type,STOLEN PROPERTY,Wednesday,18:00-23:59,13
YTD,12,Crime Type,STOLEN VEHICLE,Friday,00:00-05:59,37
YTD,12,Crime Type,STOLEN VEHICLE,Friday,06:00-11:59,10
YTD,12,Crime Type,STOLEN VEHICLE,Friday,12:00-17:59,16
YTD,12,Crime Type,STOLEN VEHICLE,Friday,18:00-23:59,51
YTD,12,Crime Type,STOLEN VEHICLE,Monday,00:00-05:59,32
YTD,12,Crime Type,STOLEN VEHICLE,Monday,06:00-11:59,15
YTD,12,Crime Type,STOLEN VEHICLE,Monday,12:00-17:59,28
YTD,12,Crime Type,STOLEN VEHICLE,Monday,18:00-23:59,59
YTD,12,Crime Type,STOLEN VEHICLE,Saturday,00:00-05:59,26
YTD,12,Crime Type,STOLEN VEHICLE,Saturday,06:00-11:59,13
YTD,12,Crime Type,STOLEN VEHICLE,Saturday,12:00-17:59,23
YTD,12,Crime Type,STOLEN VEHICLE,Saturday,18:00-23:59,51
YTD,12,Crime Type,STOLEN VEHICLE,Sunday,00:00-05:59,31
YTD,12,Crime Type,STOLEN VEHICLE,Sunday,06:00-11:59,5
YTD,12,Crime Type,STOLEN VEHICLE,Sunday,12:00-17:59,12
YTD,12,Crime Type,STOLEN VEHICLE,Sunday,18:00-23:59,42
YTD,12,Crime Type,STOLEN VEHICLE,Thursday,00:00-05:59,26
YTD,12,Crime Type,STOLEN VEHICLE,Thursday,06:00-11:59,17
YTD,12,Crime Type,STOLEN VEHICLE,Thursday,12:00-17:59,17
YTD,12,Crime Type,STOLEN VEHICLE,Thursday,18:00-23:59,33
YTD,12,Crime Type,STOLEN VEHICLE,Tuesday,00:00-05:59,34
YTD,12,Crime Type,STOLEN VEHICLE,Tuesday,06:00-11:59,16
YTD,12,Crime Type,STOLEN VEHICLE,Tuesday,12:00-17:59,20
YTD,12,Crime Type,STOLEN VEHICLE,Tuesday,18:00-23:59,58
YTD,12,Crime Type,STOLEN VEHICLE,Wednesday,00:00-05:59,30
YTD,12,Crime Type,STOLEN VEHICLE,Wednesday,06:00-11:59,11
YTD,12,Crime Type,STOLEN VEHICLE,Wednesday,12:00-17:59,27
YTD,12,Crime Type,STOLEN VEHICLE,Wednesday,18:00-23:59,53
YTD,12,Crime Type,WEAPONS OFFENSES,Friday,00:00-05:59,10
YTD,12,Crime Type,WEAPONS OFFENSES,Friday,06:00-11:59,3
YTD,12,Crime Type,WEAPONS OFFENSES,Friday,12:00-17:59,5
YTD,12,Crime Type,WEAPONS OFFENSES,Friday,18:00-23:59,13
YTD,12,Crime Type,WEAPONS OFFENSES,Monday,00:00-05:59,13
YTD,12,Crime Type,WEAPONS OFFENSES,Monday,12:00-17:59,10
YTD,12,Crime Type,WEAPONS OFFENSES,Monday,18:00-23:59,11
YTD,12,Crime Type,WEAPONS OFFENSES,Saturday,00:00-05:59,15
YTD,12,Crime Type,WEAPONS OFFENSES,Saturday,06:00-11:59,1
YTD,12,Crime Type,WEAPONS OFFENSES,Saturday,12:00-17:59,6
YTD,12,Crime Type,WEAPONS OFFENSES,Saturday,18:00-23:59,19
YTD,12,Crime Type,WEAPONS OFFENSES,Sunday,00:00-05:59,6
YTD,12,Crime Type,WEAPONS OFFENSES,Sunday,06:00-11:59,3
YTD,12,Crime Type,WEAPONS OFFENSES,Sunday,12:00-17:59,7
YTD,12,Crime Type,WEAPONS OFFENSES,Sunday,18:00-23:59,16
YTD,12,Crime Type,WEAPONS OFFENSES,Thursday,00:00-05:59,7
YTD,12,Crime Type,WEAPONS OFFENSES,Thursday,06:00-11:59,3
YTD,12,Crime Type,WEAPONS OFFENSES,Thursday,12:00-17:59,12
YTD,12,Crime Type,WEAPONS OFFENSES,Thursday,18:00-23:59,22
YTD,12,Crime Type,WEAPONS OFFENSES,Tuesday,00:00-05:59,6
YTD,12,Crime Type,WEAPONS OFFENSES,Tuesday,06:00-11:59,3
YTD,12,Crime Type,WEAPONS OFFENSES,Tuesday,12:00-17:59,12
YTD,12,Crime Type,WEAPONS OFFENSES,Tuesday,18:00-23:59,10
YTD,12,Crime Type,WEAPONS OFFENSES,Wednesday,00:00-05:59,10
YTD,12,Crime Type,WEAPONS OFFENSES,Wednesday,06:00-11:59,1
YTD,12,Crime Type,WEAPONS OFFENSES,Wednesday,12:00-17:59,12
YTD,12,Crime Type,WEAPONS OFFENSES,Wednesday,18:00-23:59,13
YTD,12,Category Focus,Gun-Related,Friday,00:00-05:59,9
YTD,12,Category Focus,Gun-Related,Friday,06:00-11:59,2
YTD,12,Category Focus,Gun-Related,Friday,12:00-17:59,5
YTD,12,Category Focus,Gun-Related,Friday,18:00-23:59,12
YTD,12,Category Focus,Gun-Related,Monday,00:00-05:59,11
YTD,12,Category Focus,Gun-Related,Monday,12:00-17:59,9
YTD,12,Category Focus,Gun-Related,Monday,18:00-23:59,9
YTD,12,Category Focus,Gun-Related,Saturday,00:00-05:59,12
YTD,12,Category Focus,Gun-Related,Saturday,06:00-11:59,1
YTD,12,Category Focus,Gun-Related,Saturday,12:00-17:59,4
YTD,12,Category Focus,Gun-Related,Saturday,18:00-23:59,12
YTD,12,Category Focus,Gun-Related,Sunday,00:00-05:59,5
YTD,12,Category Focus,Gun-Related,Sunday,06:00-11:59,2
YTD,12,Category Focus,Gun-Related,Sunday,12:00-17:59,7
YTD,12,Category Focus,Gun-Related,Sunday,18:00-23:59,15
YTD,12,Category Focus,Gun-Related,Thursday,00:00-05:59,8
YTD,12,Category Focus,Gun-Related,Thursday,06:00-11:59,3
YTD,12,Category Focus,Gun-Related,Thursday,12:00-17:59,9
YTD,12,Category Focus,Gun-Related,Thursday,18:00-23:59,19
YTD,12,Category Focus,Gun-Related,Tuesday,00:00-05:59,5
YTD,12,Category Focus,Gun-Related,Tuesday,06:00-11:59,2
YTD,12,Category Focus,Gun-Related,Tuesday,12:00-17:59,9
YTD,12,Category Focus,Gun-Related,Tuesday,18:00-23:59,10
YTD,12,Category Focus,Gun-Related,Wednesday,00:00-05:59,10
YTD,12,Category Focus,Gun-Related,Wednesday,06:00-11:59,1
YTD,12,Category Focus,Gun-Related,Wednesday,12:00-17:59,12
YTD,12,Category Focus,Gun-Related,Wednesday,18:00-23:59,10
YTD,12,Category Focus,Property Crime,Friday,00:00-05:59,117
YTD,12,Category Focus,Property Crime,Friday,06:00-11:59,102
YTD,12,Category Focus,Property Crime,Friday,12:00-17:59,151
YTD,12,Category Focus,Property Crime,Friday,18:00-23:59,172
YTD,12,Category Focus,Property Crime,Monday,00:00-05:59,121
YTD,12,Category Focus,Property Crime,Monday,06:00-11:59,95
YTD,12,Category Focus,Property Crime,Monday,12:00-17:59,180
YTD,12,Category Focus,Property Crime,Monday,18:00-23:59,188
YTD,12,Category Focus,Property Crime,Saturday,00:00-05:59,156
YTD,12,Category Focus,Property Crime,Saturday,06:00-11:59,95
YTD,12,Category Focus,Property Crime,Saturday,12:00-17:59,173
YTD,12,Category Focus,Property Crime,Saturday,18:00-23:59,194
YTD,12,Category Focus,Property Crime,Sunday,00:00-05:59,248
YTD,12,Category Focus,Property Crime,Sunday,06:00-11:59,72
YTD,12,Category Focus,Property Crime,Sunday,12:00-17:59,131
YTD,12,Category Focus,Property Crime,Sunday,18:00-23:59,195
YTD,12,Category Focus,Property Crime,Thursday,00:00-05:59,97
YTD,12,Category Focus,Property Crime,Thursday,06:00-11:59,109
YTD,12,Category Focus,Property Crime,Thursday,12:00-17:59,147
YTD,12,Category Focus,Property Crime,Thursday,18:00-23:59,165
YTD,12,Category Focus,Property Crime,Tuesday,00:00-05:59,101
YTD,12,Category Focus,Property Crime,Tuesday,06:00-11:59,115
YTD,12,Category Focus,Property Crime,Tuesday,12:00-17:59,150
YTD,12,Category Focus,Property Crime,Tuesday,18:00-23:59,174
YTD,12,Category Focus,Property Crime,Wednesday,00:00-05:59,118
YTD,12,Category Focus,Property Crime,Wednesday,06:00-11:59,111
YTD,12,Category Focus,Property Crime,Wednesday,12:00-17:59,163
YTD,12,Category Focus,Property Crime,Wednesday,18:00-23:59,163
YTD,12,Category Focus,Larceny,Friday,00:00-05:59,21
YTD,12,Category Focus,Larceny,Friday,06:00-11:59,40
YTD,12,Category Focus,Larceny,Friday,12:00-17:59,62
YTD,12,Category Focus,Larceny,Friday,18:00-23:59,48
YTD,12,Category Focus,Larceny,Monday,00:00-05:59,30
YTD,12,Category Focus,Larceny,Monday,06:00-11:59,42
YTD,12,Category Focus,Larceny,Monday,12:00-17:59,68
YTD,12,Category Focus,Larceny,Monday,18:00-23:59,48
YTD,12,Category Focus,Larceny,Saturday,00:00-05:59,51
YTD,12,Category Focus,Larceny,Saturday,06:00-11:59,34
YTD,12,Category Focus,Larceny,Saturday,12:00-17:59,60
YTD,12,Category Focus,Larceny,Saturday,18:00-23:59,62
YTD,12,Category Focus,Larceny,Sunday,00:00-05:59,124
YTD,12,Category Focus,Larceny,Sunday,06:00-11:59,25
YTD,12,Category Focus,Larceny,Sunday,12:00-17:59,51
YTD,12,Category Focus,Larceny,Sunday,18:00-23:59,80
YTD,12,Category Focus,Larceny,Thursday,00:00-05:59,22
YTD,12,Category Focus,Larceny,Thursday,06:00-11:59,35
YTD,12,Category Focus,Larceny,Thursday,12:00-17:59,67
YTD,12,Category Focus,Larceny,Thursday,18:00-23:59,52
YTD,12,Category Focus,Larceny,Tuesday,00:00-05:59,16
YTD,12,Category Focus,Larceny,Tuesday,06:00-11:59,31
YTD,12,Category Focus,Larceny,Tuesday,12:00-17:59,52
YTD,12,Category Focus,Larceny,Tuesday,18:00-23:59,44
YTD,12,Category Focus,Larceny,Wednesday,00:00-05:59,25
YTD,12,Category Focus,Larceny,Wednesday,06:00-11:59,38
YTD,12,Category Focus,Larceny,Wednesday,12:00-17:59,58
YTD,12,Category Focus,Larceny,Wednesday,18:00-23:59,37
YTD,HP,All,All,Saturday,18:00-23:59,1
YTD,HP,Crime Type,STOLEN VEHICLE,Saturday,18:00-23:59,1
YTD,HP,Category Focus,Property Crime,Saturday,18:00-23:59,1
Recent 28D,ALL,All,All,Friday,00:00-05:59,143
Recent 28D,ALL,All,All,Friday,06:00-11:59,163
Recent 28D,ALL,All,All,Friday,12:00-17:59,244
Recent 28D,ALL,All,All,Friday,18:00-23:59,188
Recent 28D,ALL,All,All,Monday,00:00-05:59,154
Recent 28D,ALL,All,All,Monday,06:00-11:59,161
Recent 28D,ALL,All,All,Monday,12:00-17:59,231
Recent 28D,ALL,All,All,Monday,18:00-23:59,215
Recent 28D,ALL,All,All,Saturday,00:00-05:59,157
Recent 28D,ALL,All,All,Saturday,06:00-11:59,107
Recent 28D,ALL,All,All,Saturday,12:00-17:59,266
Recent 28D,ALL,All,All,Saturday,18:00-23:59,273
Recent 28D,ALL,All,All,Sunday,00:00-05:59,213
Recent 28D,ALL,All,All,Sunday,06:00-11:59,119
Recent 28D,ALL,All,All,Sunday,12:00-17:59,211
Recent 28D,ALL,All,All,Sunday,18:00-23:59,249
Recent 28D,ALL,All,All,Thursday,00:00-05:59,111
Recent 28D,ALL,All,All,Thursday,06:00-11:59,112
Recent 28D,ALL,All,All,Thursday,12:00-17:59,166
Recent 28D,ALL,All,All,Thursday,18:00-23:59,226
Recent 28D,ALL,All,All,Tuesday,00:00-05:59,120
Recent 28D,ALL,All,All,Tuesday,06:00-11:59,117
Recent 28D,ALL,All,All,Tuesday,12:00-17:59,255
Recent 28D,ALL,All,All,Tuesday,18:00-23:59,205
Recent 28D,ALL,All,All,Wednesday,00:00-05:59,147
Recent 28D,ALL,All,All,Wednesday,06:00-11:59,150
Recent 28D,ALL,All,All,Wednesday,12:00-17:59,203
Recent 28D,ALL,All,All,Wednesday,18:00-23:59,218
Recent 28D,ALL,Crime Type,AGGRAVATED ASSAULT,Friday,00:00-05:59,8
Recent 28D,ALL,Crime Type,AGGRAVATED ASSAULT,Friday,06:00-11:59,9
Recent 28D,ALL,Crime Type,AGGRAVATED ASSAULT,Friday,12:00-17:59,16
Recent 28D,ALL,Crime Type,AGGRAVATED ASSAULT,Friday,18:00-23:59,17
Recent 28D,ALL,Crime Type,AGGRAVATED ASSAULT,Monday,00:00-05:59,14
Recent 28D,ALL,Crime Type,AGGRAVATED ASSAULT,Monday,06:00-11:59,5
Recent 28D,ALL,Crime Type,AGGRAVATED ASSAULT,Monday,12:00-17:59,14
Recent 28D,ALL,Crime Type,AGGRAVATED ASSAULT,Monday,18:00-23:59,27
Recent 28D,ALL,Crime Type,AGGRAVATED ASSAULT,Saturday,00:00-05:59,20
Recent 28D,ALL,Crime Type,AGGRAVATED ASSAULT,Saturday,06:00-11:59,10
Recent 28D,ALL,Crime Type,AGGRAVATED ASSAULT,Saturday,12:00-17:59,26
Recent 28D,ALL,Crime Type,AGGRAVATED ASSAULT,Saturday,18:00-23:59,19
Recent 28D,ALL,Crime Type,AGGRAVATED ASSAULT,Sunday,00:00-05:59,24
Recent 28D,ALL,Crime Type,AGGRAVATED ASSAULT,Sunday,06:00-11:59,13
Recent 28D,ALL,Crime Type,AGGRAVATED ASSAULT,Sunday,12:00-17:59,19
Recent 28D,ALL,Crime Type,AGGRAVATED ASSAULT,Sunday,18:00-23:59,22
Recent 28D,ALL,Crime Type,AGGRAVATED ASSAULT,Thursday,00:00-05:59,12
Recent 28D,ALL,Crime Type,AGGRAVATED ASSAULT,Thursday,06:00-11:59,6
Recent 28D,ALL,Crime Type,AGGRAVATED ASSAULT,Thursday,12:00-17:59,10
Recent 28D,ALL,Crime Type,AGGRAVATED ASSAULT,Thursday,18:00-23:59,18
Recent 28D,ALL,Crime Type,AGGRAVATED ASSAULT,Tuesday,00:00-05:59,6
Recent 28D,ALL,Crime Type,AGGRAVATED ASSAULT,Tuesday,06:00-11:59,5
Recent 28D,ALL,Crime Type,AGGRAVATED ASSAULT,Tuesday,12:00-17:59,19
Recent 28D,ALL,Crime Type,AGGRAVATED ASSAULT,Tuesday,18:00-23:59,23
Recent 28D,ALL,Crime Type,AGGRAVATED ASSAULT,Wednesday,00:00-05:59,21
Recent 28D,ALL,Crime Type,AGGRAVATED ASSAULT,Wednesday,06:00-11:59,13
Recent 28D,ALL,Crime Type,AGGRAVATED ASSAULT,Wednesday,12:00-17:59,19
Recent 28D,ALL,Crime Type,AGGRAVATED ASSAULT,Wednesday,18:00-23:59,18
Recent 28D,ALL,Crime Type,ARSON,Friday,00:00-05:59,2
Recent 28D,ALL,Crime Type,ARSON,Friday,18:00-23:59,1
Recent 28D,ALL,Crime Type,ARSON,Saturday,00:00-05:59,2
Recent 28D,ALL,Crime Type,ARSON,Saturday,06:00-11:59,1
Recent 28D,ALL,Crime Type,ARSON,Saturday,12:00-17:59,1
Recent 28D,ALL,Crime Type,ARSON,Saturday,18:00-23:59,1
Recent 28D,ALL,Crime Type,ARSON,Sunday,00:00-05:59,2
Recent 28D,ALL,Crime Type,ARSON,Sunday,18:00-23:59,3
Recent 28D,ALL,Crime Type,ARSON,Thursday,00:00-05:59,2
Recent 28D,ALL,Crime Type,ARSON,Thursday,12:00-17:59,1
Recent 28D,ALL,Crime Type,ARSON,Thursday,18:00-23:59,4
Recent 28D,ALL,Crime Type,ARSON,Tuesday,00:00-05:59,4
Recent 28D,ALL,Crime Type,ARSON,Tuesday,12:00-17:59,1
Recent 28D,ALL,Crime Type,ARSON,Tuesday,18:00-23:59,2
Recent 28D,ALL,Crime Type,ARSON,Wednesday,00:00-05:59,1
Recent 28D,ALL,Crime Type,ARSON,Wednesday,06:00-11:59,2
Recent 28D,ALL,Crime Type,ASSAULT,Friday,00:00-05:59,34
Recent 28D,ALL,Crime Type,ASSAULT,Friday,06:00-11:59,34
Recent 28D,ALL,Crime Type,ASSAULT,Friday,12:00-17:59,49
Recent 28D,ALL,Crime Type,ASSAULT,Friday,18:00-23:59,45
Recent 28D,ALL,Crime Type,ASSAULT,Monday,00:00-05:59,33
Recent 28D,ALL,Crime Type,ASSAULT,Monday,06:00-11:59,35
Recent 28D,ALL,Crime Type,ASSAULT,Monday,12:00-17:59,53
Recent 28D,ALL,Crime Type,ASSAULT,Monday,18:00-23:59,47
Recent 28D,ALL,Crime Type,ASSAULT,Saturday,00:00-05:59,31
Recent 28D,ALL,Crime Type,ASSAULT,Saturday,06:00-11:59,24
Recent 28D,ALL,Crime Type,ASSAULT,Saturday,12:00-17:59,61
Recent 28D,ALL,Crime Type,ASSAULT,Saturday,18:00-23:59,66
Recent 28D,ALL,Crime Type,ASSAULT,Sunday,00:00-05:59,51
Recent 28D,ALL,Crime Type,ASSAULT,Sunday,06:00-11:59,31
Recent 28D,ALL,Crime Type,ASSAULT,Sunday,12:00-17:59,45
Recent 28D,ALL,Crime Type,ASSAULT,Sunday,18:00-23:59,39
Recent 28D,ALL,Crime Type,ASSAULT,Thursday,00:00-05:59,27
Recent 28D,ALL,Crime Type,ASSAULT,Thursday,06:00-11:59,27
Recent 28D,ALL,Crime Type,ASSAULT,Thursday,12:00-17:59,37
Recent 28D,ALL,Crime Type,ASSAULT,Thursday,18:00-23:59,62
Recent 28D,ALL,Crime Type,ASSAULT,Tuesday,00:00-05:59,19
Recent 28D,ALL,Crime Type,ASSAULT,Tuesday,06:00-11:59,26
Recent 28D,ALL,Crime Type,ASSAULT,Tuesday,12:00-17:59,46
Recent 28D,ALL,Crime Type,ASSAULT,Tuesday,18:00-23:59,33
Recent 28D,ALL,Crime Type,ASSAULT,Wednesday,00:00-05:59,40
Recent 28D,ALL,Crime Type,ASSAULT,Wednesday,06:00-11:59,32
Recent 28D,ALL,Crime Type,ASSAULT,Wednesday,12:00-17:59,38
Recent 28D,ALL,Crime Type,ASSAULT,Wednesday,18:00-23:59,45
Recent 28D,ALL,Crime Type,BURGLARY,Friday,00:00-05:59,12
Recent 28D,ALL,Crime Type,BURGLARY,Friday,06:00-11:59,9
Recent 28D,ALL,Crime Type,BURGLARY,Friday,12:00-17:59,25
Recent 28D,ALL,Crime Type,BURGLARY,Friday,18:00-23:59,8
Recent 28D,ALL,Crime Type,BURGLARY,Monday,00:00-05:59,13
Recent 28D,ALL,Crime Type,BURGLARY,Monday,06:00-11:59,19
Recent 28D,ALL,Crime Type,BURGLARY,Monday,12:00-17:59,23
Recent 28D,ALL,Crime Type,BURGLARY,Monday,18:00-23:59,9
Recent 28D,ALL,Crime Type,BURGLARY,Saturday,00:00-05:59,10
Recent 28D,ALL,Crime Type,BURGLARY,Saturday,06:00-11:59,8
Recent 28D,ALL,Crime Type,BURGLARY,Saturday,12:00-17:59,25
Recent 28D,ALL,Crime Type,BURGLARY,Saturday,18:00-23:59,12
Recent 28D,ALL,Crime Type,BURGLARY,Sunday,00:00-05:59,12
Recent 28D,ALL,Crime Type,BURGLARY,Sunday,06:00-11:59,7
Recent 28D,ALL,Crime Type,BURGLARY,Sunday,12:00-17:59,25
Recent 28D,ALL,Crime Type,BURGLARY,Sunday,18:00-23:59,9
Recent 28D,ALL,Crime Type,BURGLARY,Thursday,00:00-05:59,9
Recent 28D,ALL,Crime Type,BURGLARY,Thursday,06:00-11:59,6
Recent 28D,ALL,Crime Type,BURGLARY,Thursday,12:00-17:59,9
Recent 28D,ALL,Crime Type,BURGLARY,Thursday,18:00-23:59,7
Recent 28D,ALL,Crime Type,BURGLARY,Tuesday,00:00-05:59,11
Recent 28D,ALL,Crime Type,BURGLARY,Tuesday,06:00-11:59,10
Recent 28D,ALL,Crime Type,BURGLARY,Tuesday,12:00-17:59,14
Recent 28D,ALL,Crime Type,BURGLARY,Tuesday,18:00-23:59,11
Recent 28D,ALL,Crime Type,BURGLARY,Wednesday,00:00-05:59,14
Recent 28D,ALL,Crime Type,BURGLARY,Wednesday,06:00-11:59,17
Recent 28D,ALL,Crime Type,BURGLARY,Wednesday,12:00-17:59,18
Recent 28D,ALL,Crime Type,BURGLARY,Wednesday,18:00-23:59,16
Recent 28D,ALL,Crime Type,DAMAGE TO PROPERTY,Friday,00:00-05:59,20
Recent 28D,ALL,Crime Type,DAMAGE TO PROPERTY,Friday,06:00-11:59,21
Recent 28D,ALL,Crime Type,DAMAGE TO PROPERTY,Friday,12:00-17:59,18
Recent 28D,ALL,Crime Type,DAMAGE TO PROPERTY,Friday,18:00-23:59,24
Recent 28D,ALL,Crime Type,DAMAGE TO PROPERTY,Monday,00:00-05:59,18
Recent 28D,ALL,Crime Type,DAMAGE TO PROPERTY,Monday,06:00-11:59,21
Recent 28D,ALL,Crime Type,DAMAGE TO PROPERTY,Monday,12:00-17:59,24
Recent 28D,ALL,Crime Type,DAMAGE TO PROPERTY,Monday,18:00-23:59,32
Recent 28D,ALL,Crime Type,DAMAGE TO PROPERTY,Saturday,00:00-05:59,33
Recent 28D,ALL,Crime Type,DAMAGE TO PROPERTY,Saturday,06:00-11:59,15
Recent 28D,ALL,Crime Type,DAMAGE TO PROPERTY,Saturday,12:00-17:59,27
Recent 28D,ALL,Crime Type,DAMAGE TO PROPERTY,Saturday,18:00-23:59,37
Recent 28D,ALL,Crime Type,DAMAGE TO PROPERTY,Sunday,00:00-05:59,38
Recent 28D,ALL,Crime Type,DAMAGE TO PROPERTY,Sunday,06:00-11:59,13
Recent 28D,ALL,Crime Type,DAMAGE TO PROPERTY,Sunday,12:00-17:59,25
Recent 28D,ALL,Crime Type,DAMAGE TO PROPERTY,Sunday,18:00-23:59,26
Recent 28D,ALL,Crime Type,DAMAGE TO PROPERTY,Thursday,00:00-05:59,21
Recent 28D,ALL,Crime Type,DAMAGE TO PROPERTY,Thursday,06:00-11:59,17
Recent 28D,ALL,Crime Type,DAMAGE TO PROPERTY,Thursday,12:00-17:59,13
Recent 28D,ALL,Crime Type,DAMAGE TO PROPERTY,Thursday,18:00-23:59,22
Recent 28D,ALL,Crime Type,DAMAGE TO PROPERTY,Tuesday,00:00-05:59,23
Recent 28D,ALL,Crime Type,DAMAGE TO PROPERTY,Tuesday,06:00-11:59,21
Recent 28D,ALL,Crime Type,DAMAGE TO PROPERTY,Tuesday,12:00-17:59,31
Recent 28D,ALL,Crime Type,DAMAGE TO PROPERTY,Tuesday,18:00-23:59,23
Recent 28D,ALL,Crime Type,DAMAGE TO PROPERTY,Wednesday,00:00-05:59,20
Recent 28D,ALL,Crime Type,DAMAGE TO PROPERTY,Wednesday,06:00-11:59,20
Recent 28D,ALL,Crime Type,DAMAGE TO PROPERTY,Wednesday,12:00-17:59,18
Recent 28D,ALL,Crime Type,DAMAGE TO PROPERTY,Wednesday,18:00-23:59,27
Recent 28D,ALL,Crime Type,DANGEROUS DRUGS,Friday,00:00-05:59,2
Recent 28D,ALL,Crime Type,DANGEROUS DRUGS,Friday,06:00-11:59,4
Recent 28D,ALL,Crime Type,DANGEROUS DRUGS,Friday,12:00-17:59,2
Recent 28D,ALL,Crime Type,DANGEROUS DRUGS,Monday,00:00-05:59,1
Recent 28D,ALL,Crime Type,DANGEROUS DRUGS,Monday,12:00-17:59,2
Recent 28D,ALL,Crime Type,DANGEROUS DRUGS,Monday,18:00-23:59,1
Recent 28D,ALL,Crime Type,DANGEROUS DRUGS,Saturday,00:00-05:59,2
Recent 28D,ALL,Crime Type,DANGEROUS DRUGS,Saturday,12:00-17:59,1
Recent 28D,ALL,Crime Type,DANGEROUS DRUGS,Saturday,18:00-23:59,1
Recent 28D,ALL,Crime Type,DANGEROUS DRUGS,Sunday,00:00-05:59,2
Recent 28D,ALL,Crime Type,DANGEROUS DRUGS,Sunday,06:00-11:59,1
Recent 28D,ALL,Crime Type,DANGEROUS DRUGS,Sunday,18:00-23:59,2
Recent 28D,ALL,Crime Type,DANGEROUS DRUGS,Thursday,12:00-17:59,3
Recent 28D,ALL,Crime Type,DANGEROUS DRUGS,Thursday,18:00-23:59,2
Recent 28D,ALL,Crime Type,DANGEROUS DRUGS,Tuesday,00:00-05:59,2
Recent 28D,ALL,Crime Type,DANGEROUS DRUGS,Tuesday,06:00-11:59,2
Recent 28D,ALL,Crime Type,DANGEROUS DRUGS,Tuesday,12:00-17:59,16
Recent 28D,ALL,Crime Type,DANGEROUS DRUGS,Wednesday,00:00-05:59,2
Recent 28D,ALL,Crime Type,DANGEROUS DRUGS,Wednesday,06:00-11:59,1
Recent 28D,ALL,Crime Type,DANGEROUS DRUGS,Wednesday,12:00-17:59,6
Recent 28D,ALL,Crime Type,DANGEROUS DRUGS,Wednesday,18:00-23:59,3
Recent 28D,ALL,Crime Type,DISORDERLY CONDUCT,Friday,00:00-05:59,2
Recent 28D,ALL,Crime Type,DISORDERLY CONDUCT,Friday,18:00-23:59,3
Recent 28D,ALL,Crime Type,DISORDERLY CONDUCT,Monday,00:00-05:59,3
Recent 28D,ALL,Crime Type,DISORDERLY CONDUCT,Monday,06:00-11:59,1
Recent 28D,ALL,Crime Type,DISORDERLY CONDUCT,Saturday,18:00-23:59,1
Recent 28D,ALL,Crime Type,DISORDERLY CONDUCT,Sunday,00:00-05:59,6
Recent 28D,ALL,Crime Type,DISORDERLY CONDUCT,Sunday,18:00-23:59,1
Recent 28D,ALL,Crime Type,DISORDERLY CONDUCT,Thursday,12:00-17:59,2
Recent 28D,ALL,Crime Type,DISORDERLY CONDUCT,Thursday,18:00-23:59,1
Recent 28D,ALL,Crime Type,DISORDERLY CONDUCT,Tuesday,06:00-11:59,1
Recent 28D,ALL,Crime Type,DISORDERLY CONDUCT,Tuesday,12:00-17:59,2
Recent 28D,ALL,Crime Type,DISORDERLY CONDUCT,Wednesday,06:00-11:59,1
Recent 28D,ALL,Crime Type,DISORDERLY CONDUCT,Wednesday,18:00-23:59,1
Recent 28D,ALL,Crime Type,EXTORTION,Thursday,12:00-17:59,1
Recent 28D,ALL,Crime Type,EXTORTION,Wednesday,12:00-17:59,1
Recent 28D,ALL,Crime Type,FAMILY OFFENSE,Friday,06:00-11:59,3
Recent 28D,ALL,Crime Type,FAMILY OFFENSE,Friday,12:00-17:59,1
Recent 28D,ALL,Crime Type,FAMILY OFFENSE,Friday,18:00-23:59,1
Recent 28D,ALL,Crime Type,FAMILY OFFENSE,Monday,00:00-05:59,2
Recent 28D,ALL,Crime Type,FAMILY OFFENSE,Monday,06:00-11:59,1
Recent 28D,ALL,Crime Type,FAMILY OFFENSE,Monday,12:00-17:59,2
Recent 28D,ALL,Crime Type,FAMILY OFFENSE,Monday,18:00-23:59,1
Recent 28D,ALL,Crime Type,FAMILY OFFENSE,Saturday,06:00-11:59,4
Recent 28D,ALL,Crime Type,FAMILY OFFENSE,Saturday,12:00-17:59,2
Recent 28D,ALL,Crime Type,FAMILY OFFENSE,Saturday,18:00-23:59,3
Recent 28D,ALL,Crime Type,FAMILY OFFENSE,Sunday,00:00-05:59,1
Recent 28D,ALL,Crime Type,FAMILY OFFENSE,Sunday,06:00-11:59,1
Recent 28D,ALL,Crime Type,FAMILY OFFENSE,Sunday,12:00-17:59,3
Recent 28D,ALL,Crime Type,FAMILY OFFENSE,Sunday,18:00-23:59,3
Recent 28D,ALL,Crime Type,FAMILY OFFENSE,Thursday,06:00-11:59,1
Recent 28D,ALL,Crime Type,FAMILY OFFENSE,Thursday,12:00-17:59,3
Recent 28D,ALL,Crime Type,FAMILY OFFENSE,Thursday,18:00-23:59,3
Recent 28D,ALL,Crime Type,FAMILY OFFENSE,Tuesday,00:00-05:59,3
Recent 28D,ALL,Crime Type,FAMILY OFFENSE,Tuesday,12:00-17:59,4
Recent 28D,ALL,Crime Type,FAMILY OFFENSE,Tuesday,18:00-23:59,1
Recent 28D,ALL,Crime Type,FAMILY OFFENSE,Wednesday,00:00-05:59,1
Recent 28D,ALL,Crime Type,FAMILY OFFENSE,Wednesday,06:00-11:59,2
Recent 28D,ALL,Crime Type,FAMILY OFFENSE,Wednesday,12:00-17:59,2
Recent 28D,ALL,Crime Type,FAMILY OFFENSE,Wednesday,18:00-23:59,1
Recent 28D,ALL,Crime Type,FORGERY,Friday,00:00-05:59,1
Recent 28D,ALL,Crime Type,FORGERY,Friday,06:00-11:59,1
Recent 28D,ALL,Crime Type,FORGERY,Friday,12:00-17:59,1
Recent 28D,ALL,Crime Type,FORGERY,Saturday,18:00-23:59,2
Recent 28D,ALL,Crime Type,FORGERY,Wednesday,12:00-17:59,1
Recent 28D,ALL,Crime Type,FRAUD,Friday,00:00-05:59,7
Recent 28D,ALL,Crime Type,FRAUD,Friday,06:00-11:59,26
Recent 28D,ALL,Crime Type,FRAUD,Friday,12:00-17:59,38
Recent 28D,ALL,Crime Type,FRAUD,Friday,18:00-23:59,11
Recent 28D,ALL,Crime Type,FRAUD,Monday,00:00-05:59,8
Recent 28D,ALL,Crime Type,FRAUD,Monday,06:00-11:59,22
Recent 28D,ALL,Crime Type,FRAUD,Monday,12:00-17:59,31
Recent 28D,ALL,Crime Type,FRAUD,Monday,18:00-23:59,8
Recent 28D,ALL,Crime Type,FRAUD,Saturday,00:00-05:59,8
Recent 28D,ALL,Crime Type,FRAUD,Saturday,06:00-11:59,9
Recent 28D,ALL,Crime Type,FRAUD,Saturday,12:00-17:59,24
Recent 28D,ALL,Crime Type,FRAUD,Saturday,18:00-23:59,19
Recent 28D,ALL,Crime Type,FRAUD,Sunday,00:00-05:59,5
Recent 28D,ALL,Crime Type,FRAUD,Sunday,06:00-11:59,14
Recent 28D,ALL,Crime Type,FRAUD,Sunday,12:00-17:59,28
Recent 28D,ALL,Crime Type,FRAUD,Sunday,18:00-23:59,14
Recent 28D,ALL,Crime Type,FRAUD,Thursday,00:00-05:59,4
Recent 28D,ALL,Crime Type,FRAUD,Thursday,06:00-11:59,8
Recent 28D,ALL,Crime Type,FRAUD,Thursday,12:00-17:59,21
Recent 28D,ALL,Crime Type,FRAUD,Thursday,18:00-23:59,11
Recent 28D,ALL,Crime Type,FRAUD,Tuesday,00:00-05:59,2
Recent 28D,ALL,Crime Type,FRAUD,Tuesday,06:00-11:59,14
Recent 28D,ALL,Crime Type,FRAUD,Tuesday,12:00-17:59,26
Recent 28D,ALL,Crime Type,FRAUD,Tuesday,18:00-23:59,19
Recent 28D,ALL,Crime Type,FRAUD,Wednesday,00:00-05:59,9
Recent 28D,ALL,Crime Type,FRAUD,Wednesday,06:00-11:59,13
Recent 28D,ALL,Crime Type,FRAUD,Wednesday,12:00-17:59,33
Recent 28D,ALL,Crime Type,FRAUD,Wednesday,18:00-23:59,17
Recent 28D,ALL,Crime Type,HEALTH AND SAFETY,Friday,06:00-11:59,1
Recent 28D,ALL,Crime Type,HEALTH AND SAFETY,Friday,18:00-23:59,3
Recent 28D,ALL,Crime Type,HEALTH AND SAFETY,Sunday,00:00-05:59,2
Recent 28D,ALL,Crime Type,HEALTH AND SAFETY,Sunday,18:00-23:59,5
Recent 28D,ALL,Crime Type,HEALTH AND SAFETY,Thursday,18:00-23:59,3
Recent 28D,ALL,Crime Type,HEALTH AND SAFETY,Tuesday,12:00-17:59,1
Recent 28D,ALL,Crime Type,HOMICIDE,Friday,18:00-23:59,1
Recent 28D,ALL,Crime Type,HOMICIDE,Thursday,12:00-17:59,1
Recent 28D,ALL,Crime Type,HOMICIDE,Thursday,18:00-23:59,1
Recent 28D,ALL,Crime Type,HOMICIDE,Wednesday,00:00-05:59,1
Recent 28D,ALL,Crime Type,HOMICIDE,Wednesday,12:00-17:59,1
Recent 28D,ALL,Crime Type,INVASION OF PRIVACY -OTHER,Friday,00:00-05:59,1
Recent 28D,ALL,Crime Type,INVASION OF PRIVACY -OTHER,Friday,06:00-11:59,1
Recent 28D,ALL,Crime Type,INVASION OF PRIVACY -OTHER,Friday,12:00-17:59,1
Recent 28D,ALL,Crime Type,INVASION OF PRIVACY -OTHER,Friday,18:00-23:59,1
Recent 28D,ALL,Crime Type,INVASION OF PRIVACY -OTHER,Monday,06:00-11:59,1
Recent 28D,ALL,Crime Type,INVASION OF PRIVACY -OTHER,Monday,12:00-17:59,1
Recent 28D,ALL,Crime Type,INVASION OF PRIVACY -OTHER,Monday,18:00-23:59,2
Recent 28D,ALL,Crime Type,INVASION OF PRIVACY -OTHER,Saturday,06:00-11:59,1
Recent 28D,ALL,Crime Type,INVASION OF PRIVACY -OTHER,Saturday,12:00-17:59,1
Recent 28D,ALL,Crime Type,INVASION OF PRIVACY -OTHER,Saturday,18:00-23:59,2
Recent 28D,ALL,Crime Type,INVASION OF PRIVACY -OTHER,Sunday,00:00-05:59,1
Recent 28D,ALL,Crime Type,INVASION OF PRIVACY -OTHER,Sunday,06:00-11:59,1
Recent 28D,ALL,Crime Type,INVASION OF PRIVACY -OTHER,Sunday,18:00-23:59,3
Recent 28D,ALL,Crime Type,INVASION OF PRIVACY -OTHER,Thursday,06:00-11:59,1
Recent 28D,ALL,Crime Type,INVASION OF PRIVACY -OTHER,Thursday,12:00-17:59,1
Recent 28D,ALL,Crime Type,INVASION OF PRIVACY -OTHER,Thursday,18:00-23:59,1
Recent 28D,ALL,Crime Type,INVASION OF PRIVACY -OTHER,Tuesday,00:00-05:59,1
Recent 28D,ALL,Crime Type,INVASION OF PRIVACY -OTHER,Tuesday,06:00-11:59,4
Recent 28D,ALL,Crime Type,INVASION OF PRIVACY -OTHER,Tuesday,12:00-17:59,1
Recent 28D,ALL,Crime Type,INVASION OF PRIVACY -OTHER,Tuesday,18:00-23:59,1
Recent 28D,ALL,Crime Type,INVASION OF PRIVACY -OTHER,Wednesday,06:00-11:59,4
Recent 28D,ALL,Crime Type,INVASION OF PRIVACY -OTHER,Wednesday,12:00-17:59,1
Recent 28D,ALL,Crime Type,INVASION OF PRIVACY -OTHER,Wednesday,18:00-23:59,3
Recent 28D,ALL,Crime Type,JUSTIFIABLE HOMICIDE,Thursday,18:00-23:59,1
Recent 28D,ALL,Crime Type,JUSTIFIABLE HOMICIDE,Wednesday,00:00-05:59,1
Recent 28D,ALL,Crime Type,KIDNAPPING,Friday,12:00-17:59,2
Recent 28D,ALL,Crime Type,KIDNAPPING,Monday,06:00-11:59,1
Recent 28D,ALL,Crime Type,KIDNAPPING,Monday,12:00-17:59,1
Recent 28D,ALL,Crime Type,KIDNAPPING,Saturday,12:00-17:59,2
Recent 28D,ALL,Crime Type,KIDNAPPING,Sunday,00:00-05:59,1
Recent 28D,ALL,Crime Type,KIDNAPPING,Thursday,12:00-17:59,2
Recent 28D,ALL,Crime Type,KIDNAPPING,Tuesday,00:00-05:59,1
Recent 28D,ALL,Crime Type,KIDNAPPING,Tuesday,12:00-17:59,1
Recent 28D,ALL,Crime Type,KIDNAPPING,Tuesday,18:00-23:59,1
Recent 28D,ALL,Crime Type,KIDNAPPING,Wednesday,06:00-11:59,1
Recent 28D,ALL,Crime Type,KIDNAPPING,Wednesday,18:00-23:59,1
Recent 28D,ALL,Crime Type,LARCENY,Friday,00:00-05:59,15
Recent 28D,ALL,Crime Type,LARCENY,Friday,06:00-11:59,20
Recent 28D,ALL,Crime Type,LARCENY,Friday,12:00-17:59,48
Recent 28D,ALL,Crime Type,LARCENY,Friday,18:00-23:59,26
Recent 28D,ALL,Crime Type,LARCENY,Monday,00:00-05:59,25
Recent 28D,ALL,Crime Type,LARCENY,Monday,06:00-11:59,27
Recent 28D,ALL,Crime Type,LARCENY,Monday,12:00-17:59,49
Recent 28D,ALL,Crime Type,LARCENY,Monday,18:00-23:59,33
Recent 28D,ALL,Crime Type,LARCENY,Saturday,00:00-05:59,19
Recent 28D,ALL,Crime Type,LARCENY,Saturday,06:00-11:59,19
Recent 28D,ALL,Crime Type,LARCENY,Saturday,12:00-17:59,56
Recent 28D,ALL,Crime Type,LARCENY,Saturday,18:00-23:59,47
Recent 28D,ALL,Crime Type,LARCENY,Sunday,00:00-05:59,30
Recent 28D,ALL,Crime Type,LARCENY,Sunday,06:00-11:59,20
Recent 28D,ALL,Crime Type,LARCENY,Sunday,12:00-17:59,28
Recent 28D,ALL,Crime Type,LARCENY,Sunday,18:00-23:59,50
Recent 28D,ALL,Crime Type,LARCENY,Thursday,00:00-05:59,8
Recent 28D,ALL,Crime Type,LARCENY,Thursday,06:00-11:59,23
Recent 28D,ALL,Crime Type,LARCENY,Thursday,12:00-17:59,35
Recent 28D,ALL,Crime Type,LARCENY,Thursday,18:00-23:59,21
Recent 28D,ALL,Crime Type,LARCENY,Tuesday,00:00-05:59,9
Recent 28D,ALL,Crime Type,LARCENY,Tuesday,06:00-11:59,17
Recent 28D,ALL,Crime Type,LARCENY,Tuesday,12:00-17:59,37
Recent 28D,ALL,Crime Type,LARCENY,Tuesday,18:00-23:59,43
Recent 28D,ALL,Crime Type,LARCENY,Wednesday,00:00-05:59,18
Recent 28D,ALL,Crime Type,LARCENY,Wednesday,06:00-11:59,26
Recent 28D,ALL,Crime Type,LARCENY,Wednesday,12:00-17:59,28
Recent 28D,ALL,Crime Type,LARCENY,Wednesday,18:00-23:59,28
Recent 28D,ALL,Crime Type,LIQUOR,Saturday,18:00-23:59,1
Recent 28D,ALL,Crime Type,LIQUOR,Sunday,18:00-23:59,1
Recent 28D,ALL,Crime Type,LIQUOR,Tuesday,06:00-11:59,1
Recent 28D,ALL,Crime Type,MISCELLANEOUS,Saturday,00:00-05:59,1
Recent 28D,ALL,Crime Type,MISCELLANEOUS,Sunday,12:00-17:59,2
Recent 28D,ALL,Crime Type,MISCELLANEOUS,Wednesday,12:00-17:59,1
Recent 28D,ALL,Crime Type,OBSTRUCTING JUDICIARY,Friday,00:00-05:59,3
Recent 28D,ALL,Crime Type,OBSTRUCTING JUDICIARY,Friday,06:00-11:59,4
Recent 28D,ALL,Crime Type,OBSTRUCTING JUDICIARY,Friday,12:00-17:59,10
Recent 28D,ALL,Crime Type,OBSTRUCTING JUDICIARY,Friday,18:00-23:59,6
Recent 28D,ALL,Crime Type,OBSTRUCTING JUDICIARY,Monday,06:00-11:59,4
Recent 28D,ALL,Crime Type,OBSTRUCTING JUDICIARY,Monday,12:00-17:59,2
Recent 28D,ALL,Crime Type,OBSTRUCTING JUDICIARY,Monday,18:00-23:59,1
Recent 28D,ALL,Crime Type,OBSTRUCTING JUDICIARY,Saturday,06:00-11:59,3
Recent 28D,ALL,Crime Type,OBSTRUCTING JUDICIARY,Saturday,12:00-17:59,2
Recent 28D,ALL,Crime Type,OBSTRUCTING JUDICIARY,Saturday,18:00-23:59,2
Recent 28D,ALL,Crime Type,OBSTRUCTING JUDICIARY,Sunday,00:00-05:59,1
Recent 28D,ALL,Crime Type,OBSTRUCTING JUDICIARY,Sunday,06:00-11:59,3
Recent 28D,ALL,Crime Type,OBSTRUCTING JUDICIARY,Sunday,12:00-17:59,5
Recent 28D,ALL,Crime Type,OBSTRUCTING JUDICIARY,Sunday,18:00-23:59,3
Recent 28D,ALL,Crime Type,OBSTRUCTING JUDICIARY,Thursday,00:00-05:59,1
Recent 28D,ALL,Crime Type,OBSTRUCTING JUDICIARY,Thursday,06:00-11:59,4
Recent 28D,ALL,Crime Type,OBSTRUCTING JUDICIARY,Thursday,12:00-17:59,7
Recent 28D,ALL,Crime Type,OBSTRUCTING JUDICIARY,Thursday,18:00-23:59,8
Recent 28D,ALL,Crime Type,OBSTRUCTING JUDICIARY,Tuesday,00:00-05:59,1
Recent 28D,ALL,Crime Type,OBSTRUCTING JUDICIARY,Tuesday,06:00-11:59,2
Recent 28D,ALL,Crime Type,OBSTRUCTING JUDICIARY,Tuesday,12:00-17:59,4
Recent 28D,ALL,Crime Type,OBSTRUCTING JUDICIARY,Tuesday,18:00-23:59,3
Recent 28D,ALL,Crime Type,OBSTRUCTING JUDICIARY,Wednesday,06:00-11:59,2
Recent 28D,ALL,Crime Type,OBSTRUCTING JUDICIARY,Wednesday,12:00-17:59,3
Recent 28D,ALL,Crime Type,OBSTRUCTING JUDICIARY,Wednesday,18:00-23:59,6
Recent 28D,ALL,Crime Type,OBSTRUCTING THE POLICE,Friday,00:00-05:59,5
Recent 28D,ALL,Crime Type,OBSTRUCTING THE POLICE,Friday,06:00-11:59,3
Recent 28D,ALL,Crime Type,OBSTRUCTING THE POLICE,Friday,12:00-17:59,2
Recent 28D,ALL,Crime Type,OBSTRUCTING THE POLICE,Friday,18:00-23:59,6
Recent 28D,ALL,Crime Type,OBSTRUCTING THE POLICE,Monday,00:00-05:59,4
Recent 28D,ALL,Crime Type,OBSTRUCTING THE POLICE,Monday,12:00-17:59,2
Recent 28D,ALL,Crime Type,OBSTRUCTING THE POLICE,Monday,18:00-23:59,3
Recent 28D,ALL,Crime Type,OBSTRUCTING THE POLICE,Saturday,00:00-05:59,4
Recent 28D,ALL,Crime Type,OBSTRUCTING THE POLICE,Saturday,12:00-17:59,4
Recent 28D,ALL,Crime Type,OBSTRUCTING THE POLICE,Saturday,18:00-23:59,12
Recent 28D,ALL,Crime Type,OBSTRUCTING THE POLICE,Sunday,00:00-05:59,6
Recent 28D,ALL,Crime Type,OBSTRUCTING THE POLICE,Sunday,06:00-11:59,1
Recent 28D,ALL,Crime Type,OBSTRUCTING THE POLICE,Sunday,12:00-17:59,2
Recent 28D,ALL,Crime Type,OBSTRUCTING THE POLICE,Sunday,18:00-23:59,15
Recent 28D,ALL,Crime Type,OBSTRUCTING THE POLICE,Thursday,00:00-05:59,4
Recent 28D,ALL,Crime Type,OBSTRUCTING THE POLICE,Thursday,06:00-11:59,1
Recent 28D,ALL,Crime Type,OBSTRUCTING THE POLICE,Thursday,12:00-17:59,3
Recent 28D,ALL,Crime Type,OBSTRUCTING THE POLICE,Thursday,18:00-23:59,9
Recent 28D,ALL,Crime Type,OBSTRUCTING THE POLICE,Tuesday,00:00-05:59,2
Recent 28D,ALL,Crime Type,OBSTRUCTING THE POLICE,Tuesday,12:00-17:59,7
Recent 28D,ALL,Crime Type,OBSTRUCTING THE POLICE,Tuesday,18:00-23:59,3
Recent 28D,ALL,Crime Type,OBSTRUCTING THE POLICE,Wednesday,06:00-11:59,1
Recent 28D,ALL,Crime Type,OBSTRUCTING THE POLICE,Wednesday,12:00-17:59,4
Recent 28D,ALL,Crime Type,OBSTRUCTING THE POLICE,Wednesday,18:00-23:59,7
Recent 28D,ALL,Crime Type,OUIL,Friday,06:00-11:59,2
Recent 28D,ALL,Crime Type,OUIL,Friday,12:00-17:59,2
Recent 28D,ALL,Crime Type,OUIL,Monday,00:00-05:59,2
Recent 28D,ALL,Crime Type,OUIL,Monday,06:00-11:59,4
Recent 28D,ALL,Crime Type,OUIL,Saturday,00:00-05:59,6
Recent 28D,ALL,Crime Type,OUIL,Saturday,06:00-11:59,2
Recent 28D,ALL,Crime Type,OUIL,Saturday,18:00-23:59,2
Recent 28D,ALL,Crime Type,OUIL,Sunday,00:00-05:59,2
Recent 28D,ALL,Crime Type,OUIL,Sunday,12:00-17:59,2
Recent 28D,ALL,Crime Type,OUIL,Thursday,18:00-23:59,2
Recent 28D,ALL,Crime Type,OUIL,Tuesday,12:00-17:59,2
Recent 28D,ALL,Crime Type,OUIL,Wednesday,18:00-23:59,6
Recent 28D,ALL,Crime Type,ROBBERY,Friday,00:00-05:59,3
Recent 28D,ALL,Crime Type,ROBBERY,Friday,06:00-11:59,1
Recent 28D,ALL,Crime Type,ROBBERY,Friday,12:00-17:59,2
Recent 28D,ALL,Crime Type,ROBBERY,Friday,18:00-23:59,2
Recent 28D,ALL,Crime Type,ROBBERY,Monday,00:00-05:59,6
Recent 28D,ALL,Crime Type,ROBBERY,Monday,06:00-11:59,1
Recent 28D,ALL,Crime Type,ROBBERY,Monday,12:00-17:59,1
Recent 28D,ALL,Crime Type,ROBBERY,Monday,18:00-23:59,3
Recent 28D,ALL,Crime Type,ROBBERY,Saturday,00:00-05:59,4
Recent 28D,ALL,Crime Type,ROBBERY,Saturday,12:00-17:59,2
Recent 28D,ALL,Crime Type,ROBBERY,Saturday,18:00-23:59,3
Recent 28D,ALL,Crime Type,ROBBERY,Sunday,00:00-05:59,4
Recent 28D,ALL,Crime Type,ROBBERY,Sunday,12:00-17:59,2
Recent 28D,ALL,Crime Type,ROBBERY,Sunday,18:00-23:59,5
Recent 28D,ALL,Crime Type,ROBBERY,Thursday,00:00-05:59,2
Recent 28D,ALL,Crime Type,ROBBERY,Thursday,06:00-11:59,4
Recent 28D,ALL,Crime Type,ROBBERY,Thursday,12:00-17:59,2
Recent 28D,ALL,Crime Type,ROBBERY,Thursday,18:00-23:59,1
Recent 28D,ALL,Crime Type,ROBBERY,Tuesday,00:00-05:59,1
Recent 28D,ALL,Crime Type,ROBBERY,Tuesday,12:00-17:59,1
Recent 28D,ALL,Crime Type,ROBBERY,Tuesday,18:00-23:59,5
Recent 28D,ALL,Crime Type,ROBBERY,Wednesday,00:00-05:59,2
Recent 28D,ALL,Crime Type,ROBBERY,Wednesday,12:00-17:59,1
Recent 28D,ALL,Crime Type,ROBBERY,Wednesday,18:00-23:59,3
Recent 28D,ALL,Crime Type,RUNAWAY,Friday,06:00-11:59,1
Recent 28D,ALL,Crime Type,RUNAWAY,Friday,12:00-17:59,1
Recent 28D,ALL,Crime Type,RUNAWAY,Monday,00:00-05:59,1
Recent 28D,ALL,Crime Type,RUNAWAY,Monday,06:00-11:59,1
Recent 28D,ALL,Crime Type,RUNAWAY,Monday,12:00-17:59,2
Recent 28D,ALL,Crime Type,RUNAWAY,Monday,18:00-23:59,5
Recent 28D,ALL,Crime Type,RUNAWAY,Saturday,00:00-05:59,1
Recent 28D,ALL,Crime Type,RUNAWAY,Saturday,12:00-17:59,2
Recent 28D,ALL,Crime Type,RUNAWAY,Saturday,18:00-23:59,1
Recent 28D,ALL,Crime Type,RUNAWAY,Sunday,00:00-05:59,1
Recent 28D,ALL,Crime Type,RUNAWAY,Sunday,12:00-17:59,2
Recent 28D,ALL,Crime Type,RUNAWAY,Sunday,18:00-23:59,1
Recent 28D,ALL,Crime Type,RUNAWAY,Thursday,00:00-05:59,2
Recent 28D,ALL,Crime Type,RUNAWAY,Thursday,06:00-11:59,2
Recent 28D,ALL,Crime Type,RUNAWAY,Thursday,12:00-17:59,4
Recent 28D,ALL,Crime Type,RUNAWAY,Thursday,18:00-23:59,3
Recent 28D,ALL,Crime Type,RUNAWAY,Tuesday,00:00-05:59,2
Recent 28D,ALL,Crime Type,RUNAWAY,Tuesday,12:00-17:59,3
Recent 28D,ALL,Crime Type,RUNAWAY,Tuesday,18:00-23:59,1
Recent 28D,ALL,Crime Type,RUNAWAY,Wednesday,00:00-05:59,1
Recent 28D,ALL,Crime Type,RUNAWAY,Wednesday,12:00-17:59,3
Recent 28D,ALL,Crime Type,RUNAWAY,Wednesday,18:00-23:59,3
Recent 28D,ALL,Crime Type,SEX OFFENSES,Friday,00:00-05:59,3
Recent 28D,ALL,Crime Type,SEX OFFENSES,Friday,06:00-11:59,2
Recent 28D,ALL,Crime Type,SEX OFFENSES,Friday,12:00-17:59,1
Recent 28D,ALL,Crime Type,SEX OFFENSES,Monday,06:00-11:59,1
Recent 28D,ALL,Crime Type,SEX OFFENSES,Monday,18:00-23:59,2
Recent 28D,ALL,Crime Type,SEX OFFENSES,Saturday,00:00-05:59,1
Recent 28D,ALL,Crime Type,SEX OFFENSES,Saturday,06:00-11:59,1
Recent 28D,ALL,Crime Type,SEX OFFENSES,Saturday,12:00-17:59,1
Recent 28D,ALL,Crime Type,SEX OFFENSES,Saturday,18:00-23:59,1
Recent 28D,ALL,Crime Type,SEX OFFENSES,Sunday,00:00-05:59,1
Recent 28D,ALL,Crime Type,SEX OFFENSES,Sunday,12:00-17:59,1
Recent 28D,ALL,Crime Type,SEX OFFENSES,Thursday,18:00-23:59,3
Recent 28D,ALL,Crime Type,SEX OFFENSES,Tuesday,12:00-17:59,5
Recent 28D,ALL,Crime Type,SEX OFFENSES,Tuesday,18:00-23:59,2
Recent 28D,ALL,Crime Type,SEX OFFENSES,Wednesday,12:00-17:59,4
Recent 28D,ALL,Crime Type,SEX OFFENSES,Wednesday,18:00-23:59,1
Recent 28D,ALL,Crime Type,SEXUAL ASSAULT,Friday,00:00-05:59,1
Recent 28D,ALL,Crime Type,SEXUAL ASSAULT,Friday,06:00-11:59,2
Recent 28D,ALL,Crime Type,SEXUAL ASSAULT,Monday,06:00-11:59,1
Recent 28D,ALL,Crime Type,SEXUAL ASSAULT,Monday,12:00-17:59,1
Recent 28D,ALL,Crime Type,SEXUAL ASSAULT,Monday,18:00-23:59,1
Recent 28D,ALL,Crime Type,SEXUAL ASSAULT,Saturday,00:00-05:59,1
Recent 28D,ALL,Crime Type,SEXUAL ASSAULT,Saturday,06:00-11:59,4
Recent 28D,ALL,Crime Type,SEXUAL ASSAULT,Saturday,12:00-17:59,1
Recent 28D,ALL,Crime Type,SEXUAL ASSAULT,Saturday,18:00-23:59,1
Recent 28D,ALL,Crime Type,SEXUAL ASSAULT,Sunday,00:00-05:59,1
Recent 28D,ALL,Crime Type,SEXUAL ASSAULT,Sunday,06:00-11:59,2
Recent 28D,ALL,Crime Type,SEXUAL ASSAULT,Sunday,12:00-17:59,1
Recent 28D,ALL,Crime Type,SEXUAL ASSAULT,Sunday,18:00-23:59,2
Recent 28D,ALL,Crime Type,SEXUAL ASSAULT,Thursday,00:00-05:59,1
Recent 28D,ALL,Crime Type,SEXUAL ASSAULT,Thursday,12:00-17:59,1
Recent 28D,ALL,Crime Type,SEXUAL ASSAULT,Tuesday,00:00-05:59,1
Recent 28D,ALL,Crime Type,SEXUAL ASSAULT,Tuesday,12:00-17:59,2
Recent 28D,ALL,Crime Type,SEXUAL ASSAULT,Wednesday,06:00-11:59,1
Recent 28D,ALL,Crime Type,SEXUAL ASSAULT,Wednesday,12:00-17:59,2
Recent 28D,ALL,Crime Type,SOLICITATION,Friday,18:00-23:59,1
Recent 28D,ALL,Crime Type,SOLICITATION,Tuesday,12:00-17:59,2
Recent 28D,ALL,Crime Type,STOLEN PROPERTY,Friday,00:00-05:59,4
Recent 28D,ALL,Crime Type,STOLEN PROPERTY,Friday,06:00-11:59,8
Recent 28D,ALL,Crime Type,STOLEN PROPERTY,Friday,12:00-17:59,7
Recent 28D,ALL,Crime Type,STOLEN PROPERTY,Friday,18:00-23:59,8
Recent 28D,ALL,Crime Type,STOLEN PROPERTY,Monday,00:00-05:59,4
Recent 28D,ALL,Crime Type,STOLEN PROPERTY,Monday,06:00-11:59,5
Recent 28D,ALL,Crime Type,STOLEN PROPERTY,Monday,12:00-17:59,6
Recent 28D,ALL,Crime Type,STOLEN PROPERTY,Monday,18:00-23:59,4
Recent 28D,ALL,Crime Type,STOLEN PROPERTY,Saturday,06:00-11:59,2
Recent 28D,ALL,Crime Type,STOLEN PROPERTY,Saturday,12:00-17:59,5
Recent 28D,ALL,Crime Type,STOLEN PROPERTY,Saturday,18:00-23:59,5
Recent 28D,ALL,Crime Type,STOLEN PROPERTY,Sunday,00:00-05:59,5
Recent 28D,ALL,Crime Type,STOLEN PROPERTY,Sunday,06:00-11:59,5
Recent 28D,ALL,Crime Type,STOLEN PROPERTY,Sunday,12:00-17:59,5
Recent 28D,ALL,Crime Type,STOLEN PROPERTY,Sunday,18:00-23:59,4
Recent 28D,ALL,Crime Type,STOLEN PROPERTY,Thursday,00:00-05:59,8
Recent 28D,ALL,Crime Type,STOLEN PROPERTY,Thursday,06:00-11:59,3
Recent 28D,ALL,Crime Type,STOLEN PROPERTY,Thursday,12:00-17:59,2
Recent 28D,ALL,Crime Type,STOLEN PROPERTY,Thursday,18:00-23:59,7
Recent 28D,ALL,Crime Type,STOLEN PROPERTY,Tuesday,00:00-05:59,3
Recent 28D,ALL,Crime Type,STOLEN PROPERTY,Tuesday,06:00-11:59,7
Recent 28D,ALL,Crime Type,STOLEN PROPERTY,Tuesday,12:00-17:59,8
Recent 28D,ALL,Crime Type,STOLEN PROPERTY,Tuesday,18:00-23:59,5
Recent 28D,ALL,Crime Type,STOLEN PROPERTY,Wednesday,00:00-05:59,1
Recent 28D,ALL,Crime Type,STOLEN PROPERTY,Wednesday,06:00-11:59,5
Recent 28D,ALL,Crime Type,STOLEN PROPERTY,Wednesday,12:00-17:59,6
Recent 28D,ALL,Crime Type,STOLEN PROPERTY,Wednesday,18:00-23:59,9
Recent 28D,ALL,Crime Type,STOLEN VEHICLE,Friday,00:00-05:59,16
Recent 28D,ALL,Crime Type,STOLEN VEHICLE,Friday,06:00-11:59,11
Recent 28D,ALL,Crime Type,STOLEN VEHICLE,Friday,12:00-17:59,12
Recent 28D,ALL,Crime Type,STOLEN VEHICLE,Friday,18:00-23:59,18
Recent 28D,ALL,Crime Type,STOLEN VEHICLE,Monday,00:00-05:59,17
Recent 28D,ALL,Crime Type,STOLEN VEHICLE,Monday,06:00-11:59,9
Recent 28D,ALL,Crime Type,STOLEN VEHICLE,Monday,12:00-17:59,13
Recent 28D,ALL,Crime Type,STOLEN VEHICLE,Monday,18:00-23:59,28
Recent 28D,ALL,Crime Type,STOLEN VEHICLE,Saturday,00:00-05:59,10
Recent 28D,ALL,Crime Type,STOLEN VEHICLE,Saturday,06:00-11:59,3
Recent 28D,ALL,Crime Type,STOLEN VEHICLE,Saturday,12:00-17:59,19
Recent 28D,ALL,Crime Type,STOLEN VEHICLE,Saturday,18:00-23:59,25
Recent 28D,ALL,Crime Type,STOLEN VEHICLE,Sunday,00:00-05:59,8
Recent 28D,ALL,Crime Type,STOLEN VEHICLE,Sunday,06:00-11:59,7
Recent 28D,ALL,Crime Type,STOLEN VEHICLE,Sunday,12:00-17:59,14
Recent 28D,ALL,Crime Type,STOLEN VEHICLE,Sunday,18:00-23:59,22
Recent 28D,ALL,Crime Type,STOLEN VEHICLE,Thursday,00:00-05:59,4
Recent 28D,ALL,Crime Type,STOLEN VEHICLE,Thursday,06:00-11:59,7
Recent 28D,ALL,Crime Type,STOLEN VEHICLE,Thursday,12:00-17:59,7
Recent 28D,ALL,Crime Type,STOLEN VEHICLE,Thursday,18:00-23:59,17
Recent 28D,ALL,Crime Type,STOLEN VEHICLE,Tuesday,00:00-05:59,25
Recent 28D,ALL,Crime Type,STOLEN VEHICLE,Tuesday,06:00-11:59,6
Recent 28D,ALL,Crime Type,STOLEN VEHICLE,Tuesday,12:00-17:59,13
Recent 28D,ALL,Crime Type,STOLEN VEHICLE,Tuesday,18:00-23:59,19
Recent 28D,ALL,Crime Type,STOLEN VEHICLE,Wednesday,00:00-05:59,11
Recent 28D,ALL,Crime Type,STOLEN VEHICLE,Wednesday,06:00-11:59,7
Recent 28D,ALL,Crime Type,STOLEN VEHICLE,Wednesday,12:00-17:59,8
Recent 28D,ALL,Crime Type,STOLEN VEHICLE,Wednesday,18:00-23:59,14
Recent 28D,ALL,Crime Type,WEAPONS OFFENSES,Friday,00:00-05:59,4
Recent 28D,ALL,Crime Type,WEAPONS OFFENSES,Friday,12:00-17:59,6
Recent 28D,ALL,Crime Type,WEAPONS OFFENSES,Friday,18:00-23:59,6
Recent 28D,ALL,Crime Type,WEAPONS OFFENSES,Monday,00:00-05:59,3
Recent 28D,ALL,Crime Type,WEAPONS OFFENSES,Monday,06:00-11:59,2
Recent 28D,ALL,Crime Type,WEAPONS OFFENSES,Monday,12:00-17:59,4
Recent 28D,ALL,Crime Type,WEAPONS OFFENSES,Monday,18:00-23:59,8
Recent 28D,ALL,Crime Type,WEAPONS OFFENSES,Saturday,00:00-05:59,4
Recent 28D,ALL,Crime Type,WEAPONS OFFENSES,Saturday,06:00-11:59,1
Recent 28D,ALL,Crime Type,WEAPONS OFFENSES,Saturday,12:00-17:59,4
Recent 28D,ALL,Crime Type,WEAPONS OFFENSES,Saturday,18:00-23:59,10
Recent 28D,ALL,Crime Type,WEAPONS OFFENSES,Sunday,00:00-05:59,9
Recent 28D,ALL,Crime Type,WEAPONS OFFENSES,Sunday,12:00-17:59,2
Recent 28D,ALL,Crime Type,WEAPONS OFFENSES,Sunday,18:00-23:59,19
Recent 28D,ALL,Crime Type,WEAPONS OFFENSES,Thursday,00:00-05:59,6
Recent 28D,ALL,Crime Type,WEAPONS OFFENSES,Thursday,06:00-11:59,2
Recent 28D,ALL,Crime Type,WEAPONS OFFENSES,Thursday,12:00-17:59,1
Recent 28D,ALL,Crime Type,WEAPONS OFFENSES,Thursday,18:00-23:59,19
Recent 28D,ALL,Crime Type,WEAPONS OFFENSES,Tuesday,00:00-05:59,4
Recent 28D,ALL,Crime Type,WEAPONS OFFENSES,Tuesday,06:00-11:59,1
Recent 28D,ALL,Crime Type,WEAPONS OFFENSES,Tuesday,12:00-17:59,9
Recent 28D,ALL,Crime Type,WEAPONS OFFENSES,Tuesday,18:00-23:59,10
Recent 28D,ALL,Crime Type,WEAPONS OFFENSES,Wednesday,00:00-05:59,4
Recent 28D,ALL,Crime Type,WEAPONS OFFENSES,Wednesday,06:00-11:59,2
Recent 28D,ALL,Crime Type,WEAPONS OFFENSES,Wednesday,12:00-17:59,5
Recent 28D,ALL,Crime Type,WEAPONS OFFENSES,Wednesday,18:00-23:59,9
Recent 28D,ALL,Category Focus,Gun-Related,Friday,00:00-05:59,4
Recent 28D,ALL,Category Focus,Gun-Related,Friday,12:00-17:59,6
Recent 28D,ALL,Category Focus,Gun-Related,Friday,18:00-23:59,6
Recent 28D,ALL,Category Focus,Gun-Related,Monday,00:00-05:59,3
Recent 28D,ALL,Category Focus,Gun-Related,Monday,06:00-11:59,2
Recent 28D,ALL,Category Focus,Gun-Related,Monday,12:00-17:59,4
Recent 28D,ALL,Category Focus,Gun-Related,Monday,18:00-23:59,8
Recent 28D,ALL,Category Focus,Gun-Related,Saturday,00:00-05:59,4
Recent 28D,ALL,Category Focus,Gun-Related,Saturday,06:00-11:59,1
Recent 28D,ALL,Category Focus,Gun-Related,Saturday,12:00-17:59,4
Recent 28D,ALL,Category Focus,Gun-Related,Saturday,18:00-23:59,10
Recent 28D,ALL,Category Focus,Gun-Related,Sunday,00:00-05:59,9
Recent 28D,ALL,Category Focus,Gun-Related,Sunday,12:00-17:59,2
Recent 28D,ALL,Category Focus,Gun-Related,Sunday,18:00-23:59,19
Recent 28D,ALL,Category Focus,Gun-Related,Thursday,00:00-05:59,6
Recent 28D,ALL,Category Focus,Gun-Related,Thursday,06:00-11:59,2
Recent 28D,ALL,Category Focus,Gun-Related,Thursday,12:00-17:59,1
Recent 28D,ALL,Category Focus,Gun-Related,Thursday,18:00-23:59,19
Recent 28D,ALL,Category Focus,Gun-Related,Tuesday,00:00-05:59,4
Recent 28D,ALL,Category Focus,Gun-Related,Tuesday,06:00-11:59,1
Recent 28D,ALL,Category Focus,Gun-Related,Tuesday,12:00-17:59,9
Recent 28D,ALL,Category Focus,Gun-Related,Tuesday,18:00-23:59,10
Recent 28D,ALL,Category Focus,Gun-Related,Wednesday,00:00-05:59,4
Recent 28D,ALL,Category Focus,Gun-Related,Wednesday,06:00-11:59,2
Recent 28D,ALL,Category Focus,Gun-Related,Wednesday,12:00-17:59,5
Recent 28D,ALL,Category Focus,Gun-Related,Wednesday,18:00-23:59,9
Recent 28D,ALL,Category Focus,Property Crime,Friday,00:00-05:59,67
Recent 28D,ALL,Category Focus,Property Crime,Friday,06:00-11:59,69
Recent 28D,ALL,Category Focus,Property Crime,Friday,12:00-17:59,110
Recent 28D,ALL,Category Focus,Property Crime,Friday,18:00-23:59,84
Recent 28D,ALL,Category Focus,Property Crime,Monday,00:00-05:59,77
Recent 28D,ALL,Category Focus,Property Crime,Monday,06:00-11:59,81
Recent 28D,ALL,Category Focus,Property Crime,Monday,12:00-17:59,115
Recent 28D,ALL,Category Focus,Property Crime,Monday,18:00-23:59,106
Recent 28D,ALL,Category Focus,Property Crime,Saturday,00:00-05:59,72
Recent 28D,ALL,Category Focus,Property Crime,Saturday,06:00-11:59,47
Recent 28D,ALL,Category Focus,Property Crime,Saturday,12:00-17:59,132
Recent 28D,ALL,Category Focus,Property Crime,Saturday,18:00-23:59,126
Recent 28D,ALL,Category Focus,Property Crime,Sunday,00:00-05:59,93
Recent 28D,ALL,Category Focus,Property Crime,Sunday,06:00-11:59,52
Recent 28D,ALL,Category Focus,Property Crime,Sunday,12:00-17:59,97
Recent 28D,ALL,Category Focus,Property Crime,Sunday,18:00-23:59,111
Recent 28D,ALL,Category Focus,Property Crime,Thursday,00:00-05:59,50
Recent 28D,ALL,Category Focus,Property Crime,Thursday,06:00-11:59,56
Recent 28D,ALL,Category Focus,Property Crime,Thursday,12:00-17:59,66
Recent 28D,ALL,Category Focus,Property Crime,Thursday,18:00-23:59,74
Recent 28D,ALL,Category Focus,Property Crime,Tuesday,00:00-05:59,71
Recent 28D,ALL,Category Focus,Property Crime,Tuesday,06:00-11:59,61
Recent 28D,ALL,Category Focus,Property Crime,Tuesday,12:00-17:59,103
Recent 28D,ALL,Category Focus,Property Crime,Tuesday,18:00-23:59,101
Recent 28D,ALL,Category Focus,Property Crime,Wednesday,00:00-05:59,64
Recent 28D,ALL,Category Focus,Property Crime,Wednesday,06:00-11:59,75
Recent 28D,ALL,Category Focus,Property Crime,Wednesday,12:00-17:59,78
Recent 28D,ALL,Category Focus,Property Crime,Wednesday,18:00-23:59,94
Recent 28D,ALL,Category Focus,Larceny,Friday,00:00-05:59,15
Recent 28D,ALL,Category Focus,Larceny,Friday,06:00-11:59,20
Recent 28D,ALL,Category Focus,Larceny,Friday,12:00-17:59,48
Recent 28D,ALL,Category Focus,Larceny,Friday,18:00-23:59,26
Recent 28D,ALL,Category Focus,Larceny,Monday,00:00-05:59,25
Recent 28D,ALL,Category Focus,Larceny,Monday,06:00-11:59,27
Recent 28D,ALL,Category Focus,Larceny,Monday,12:00-17:59,49
Recent 28D,ALL,Category Focus,Larceny,Monday,18:00-23:59,33
Recent 28D,ALL,Category Focus,Larceny,Saturday,00:00-05:59,19
Recent 28D,ALL,Category Focus,Larceny,Saturday,06:00-11:59,19
Recent 28D,ALL,Category Focus,Larceny,Saturday,12:00-17:59,56
Recent 28D,ALL,Category Focus,Larceny,Saturday,18:00-23:59,47
Recent 28D,ALL,Category Focus,Larceny,Sunday,00:00-05:59,30
Recent 28D,ALL,Category Focus,Larceny,Sunday,06:00-11:59,20
Recent 28D,ALL,Category Focus,Larceny,Sunday,12:00-17:59,28
Recent 28D,ALL,Category Focus,Larceny,Sunday,18:00-23:59,50
Recent 28D,ALL,Category Focus,Larceny,Thursday,00:00-05:59,8
Recent 28D,ALL,Category Focus,Larceny,Thursday,06:00-11:59,23
Recent 28D,ALL,Category Focus,Larceny,Thursday,12:00-17:59,35
Recent 28D,ALL,Category Focus,Larceny,Thursday,18:00-23:59,21
Recent 28D,ALL,Category Focus,Larceny,Tuesday,00:00-05:59,9
Recent 28D,ALL,Category Focus,Larceny,Tuesday,06:00-11:59,17
Recent 28D,ALL,Category Focus,Larceny,Tuesday,12:00-17:59,37
Recent 28D,ALL,Category Focus,Larceny,Tuesday,18:00-23:59,43
Recent 28D,ALL,Category Focus,Larceny,Wednesday,00:00-05:59,18
Recent 28D,ALL,Category Focus,Larceny,Wednesday,06:00-11:59,26
Recent 28D,ALL,Category Focus,Larceny,Wednesday,12:00-17:59,28
Recent 28D,ALL,Category Focus,Larceny,Wednesday,18:00-23:59,28
Recent 28D,02,All,All,Friday,00:00-05:59,16
Recent 28D,02,All,All,Friday,06:00-11:59,15
Recent 28D,02,All,All,Friday,12:00-17:59,23
Recent 28D,02,All,All,Friday,18:00-23:59,11
Recent 28D,02,All,All,Monday,00:00-05:59,13
Recent 28D,02,All,All,Monday,06:00-11:59,17
Recent 28D,02,All,All,Monday,12:00-17:59,24
Recent 28D,02,All,All,Monday,18:00-23:59,18
Recent 28D,02,All,All,Saturday,00:00-05:59,14
Recent 28D,02,All,All,Saturday,06:00-11:59,6
Recent 28D,02,All,All,Saturday,12:00-17:59,23
Recent 28D,02,All,All,Saturday,18:00-23:59,26
Recent 28D,02,All,All,Sunday,00:00-05:59,11
Recent 28D,02,All,All,Sunday,06:00-11:59,11
Recent 28D,02,All,All,Sunday,12:00-17:59,17
Recent 28D,02,All,All,Sunday,18:00-23:59,20
Recent 28D,02,All,All,Thursday,00:00-05:59,9
Recent 28D,02,All,All,Thursday,06:00-11:59,14
Recent 28D,02,All,All,Thursday,12:00-17:59,12
Recent 28D,02,All,All,Thursday,18:00-23:59,25
Recent 28D,02,All,All,Tuesday,00:00-05:59,13
Recent 28D,02,All,All,Tuesday,06:00-11:59,12
Recent 28D,02,All,All,Tuesday,12:00-17:59,25
Recent 28D,02,All,All,Tuesday,18:00-23:59,14
Recent 28D,02,All,All,Wednesday,00:00-05:59,15
Recent 28D,02,All,All,Wednesday,06:00-11:59,12
Recent 28D,02,All,All,Wednesday,12:00-17:59,16
Recent 28D,02,All,All,Wednesday,18:00-23:59,17
Recent 28D,02,Crime Type,AGGRAVATED ASSAULT,Friday,00:00-05:59,1
Recent 28D,02,Crime Type,AGGRAVATED ASSAULT,Friday,06:00-11:59,2
Recent 28D,02,Crime Type,AGGRAVATED ASSAULT,Friday,12:00-17:59,2
Recent 28D,02,Crime Type,AGGRAVATED ASSAULT,Friday,18:00-23:59,1
Recent 28D,02,Crime Type,AGGRAVATED ASSAULT,Monday,00:00-05:59,1
Recent 28D,02,Crime Type,AGGRAVATED ASSAULT,Monday,12:00-17:59,1
Recent 28D,02,Crime Type,AGGRAVATED ASSAULT,Monday,18:00-23:59,2
Recent 28D,02,Crime Type,AGGRAVATED ASSAULT,Saturday,00:00-05:59,2
Recent 28D,02,Crime Type,AGGRAVATED ASSAULT,Saturday,06:00-11:59,1
Recent 28D,02,Crime Type,AGGRAVATED ASSAULT,Saturday,12:00-17:59,1
Recent 28D,02,Crime Type,AGGRAVATED ASSAULT,Saturday,18:00-23:59,5
Recent 28D,02,Crime Type,AGGRAVATED ASSAULT,Sunday,00:00-05:59,2
Recent 28D,02,Crime Type,AGGRAVATED ASSAULT,Sunday,18:00-23:59,2
Recent 28D,02,Crime Type,AGGRAVATED ASSAULT,Thursday,00:00-05:59,2
Recent 28D,02,Crime Type,AGGRAVATED ASSAULT,Thursday,06:00-11:59,1
Recent 28D,02,Crime Type,AGGRAVATED ASSAULT,Thursday,12:00-17:59,2
Recent 28D,02,Crime Type,AGGRAVATED ASSAULT,Thursday,18:00-23:59,5
Recent 28D,02,Crime Type,AGGRAVATED ASSAULT,Tuesday,00:00-05:59,1
Recent 28D,02,Crime Type,AGGRAVATED ASSAULT,Tuesday,12:00-17:59,2
Recent 28D,02,Crime Type,AGGRAVATED ASSAULT,Tuesday,18:00-23:59,2
Recent 28D,02,Crime Type,AGGRAVATED ASSAULT,Wednesday,00:00-05:59,1
Recent 28D,02,Crime Type,AGGRAVATED ASSAULT,Wednesday,06:00-11:59,2
Recent 28D,02,Crime Type,AGGRAVATED ASSAULT,Wednesday,12:00-17:59,4
Recent 28D,02,Crime Type,AGGRAVATED ASSAULT,Wednesday,18:00-23:59,2
Recent 28D,02,Crime Type,ARSON,Saturday,12:00-17:59,1
Recent 28D,02,Crime Type,ARSON,Thursday,00:00-05:59,1
Recent 28D,02,Crime Type,ASSAULT,Friday,00:00-05:59,4
Recent 28D,02,Crime Type,ASSAULT,Friday,06:00-11:59,1
Recent 28D,02,Crime Type,ASSAULT,Friday,12:00-17:59,5
Recent 28D,02,Crime Type,ASSAULT,Friday,18:00-23:59,3
Recent 28D,02,Crime Type,ASSAULT,Monday,00:00-05:59,5
Recent 28D,02,Crime Type,ASSAULT,Monday,06:00-11:59,4
Recent 28D,02,Crime Type,ASSAULT,Monday,12:00-17:59,8
Recent 28D,02,Crime Type,ASSAULT,Monday,18:00-23:59,2
Recent 28D,02,Crime Type,ASSAULT,Saturday,00:00-05:59,3
Recent 28D,02,Crime Type,ASSAULT,Saturday,06:00-11:59,2
Recent 28D,02,Crime Type,ASSAULT,Saturday,12:00-17:59,7
Recent 28D,02,Crime Type,ASSAULT,Saturday,18:00-23:59,4
Recent 28D,02,Crime Type,ASSAULT,Sunday,00:00-05:59,3
Recent 28D,02,Crime Type,ASSAULT,Sunday,06:00-11:59,2
Recent 28D,02,Crime Type,ASSAULT,Sunday,12:00-17:59,5
Recent 28D,02,Crime Type,ASSAULT,Sunday,18:00-23:59,1
Recent 28D,02,Crime Type,ASSAULT,Thursday,06:00-11:59,3
Recent 28D,02,Crime Type,ASSAULT,Thursday,12:00-17:59,4
Recent 28D,02,Crime Type,ASSAULT,Thursday,18:00-23:59,10
Recent 28D,02,Crime Type,ASSAULT,Tuesday,00:00-05:59,2
Recent 28D,02,Crime Type,ASSAULT,Tuesday,06:00-11:59,4
Recent 28D,02,Crime Type,ASSAULT,Tuesday,12:00-17:59,5
Recent 28D,02,Crime Type,ASSAULT,Tuesday,18:00-23:59,2
Recent 28D,02,Crime Type,ASSAULT,Wednesday,00:00-05:59,10
Recent 28D,02,Crime Type,ASSAULT,Wednesday,06:00-11:59,4
Recent 28D,02,Crime Type,ASSAULT,Wednesday,12:00-17:59,3
Recent 28D,02,Crime Type,ASSAULT,Wednesday,18:00-23:59,7
Recent 28D,02,Crime Type,BURGLARY,Friday,00:00-05:59,1
Recent 28D,02,Crime Type,BURGLARY,Friday,12:00-17:59,2
Recent 28D,02,Crime Type,BURGLARY,Monday,00:00-05:59,1
Recent 28D,02,Crime Type,BURGLARY,Monday,06:00-11:59,3
Recent 28D,02,Crime Type,BURGLARY,Monday,12:00-17:59,4
Recent 28D,02,Crime Type,BURGLARY,Monday,18:00-23:59,1
Recent 28D,02,Crime Type,BURGLARY,Saturday,00:00-05:59,2
Recent 28D,02,Crime Type,BURGLARY,Saturday,12:00-17:59,1
Recent 28D,02,Crime Type,BURGLARY,Saturday,18:00-23:59,3
Recent 28D,02,Crime Type,BURGLARY,Sunday,12:00-17:59,4
Recent 28D,02,Crime Type,BURGLARY,Thursday,18:00-23:59,1
Recent 28D,02,Crime Type,BURGLARY,Tuesday,00:00-05:59,1
Recent 28D,02,Crime Type,BURGLARY,Tuesday,06:00-11:59,2
Recent 28D,02,Crime Type,BURGLARY,Tuesday,18:00-23:59,1
Recent 28D,02,Crime Type,BURGLARY,Wednesday,00:00-05:59,1
Recent 28D,02,Crime Type,BURGLARY,Wednesday,12:00-17:59,2
Recent 28D,02,Crime Type,BURGLARY,Wednesday,18:00-23:59,1
Recent 28D,02,Crime Type,DAMAGE TO PROPERTY,Friday,00:00-05:59,3
Recent 28D,02,Crime Type,DAMAGE TO PROPERTY,Friday,06:00-11:59,1
Recent 28D,02,Crime Type,DAMAGE TO PROPERTY,Friday,12:00-17:59,2
Recent 28D,02,Crime Type,DAMAGE TO PROPERTY,Friday,18:00-23:59,1
Recent 28D,02,Crime Type,DAMAGE TO PROPERTY,Monday,06:00-11:59,3
Recent 28D,02,Crime Type,DAMAGE TO PROPERTY,Monday,12:00-17:59,2
Recent 28D,02,Crime Type,DAMAGE TO PROPERTY,Monday,18:00-23:59,4
Recent 28D,02,Crime Type,DAMAGE TO PROPERTY,Saturday,00:00-05:59,1
Recent 28D,02,Crime Type,DAMAGE TO PROPERTY,Saturday,12:00-17:59,2
Recent 28D,02,Crime Type,DAMAGE TO PROPERTY,Saturday,18:00-23:59,2
Recent 28D,02,Crime Type,DAMAGE TO PROPERTY,Sunday,00:00-05:59,4
Recent 28D,02,Crime Type,DAMAGE TO PROPERTY,Sunday,12:00-17:59,1
Recent 28D,02,Crime Type,DAMAGE TO PROPERTY,Sunday,18:00-23:59,2
Recent 28D,02,Crime Type,DAMAGE TO PROPERTY,Thursday,00:00-05:59,2
Recent 28D,02,Crime Type,DAMAGE TO PROPERTY,Thursday,06:00-11:59,2
Recent 28D,02,Crime Type,DAMAGE TO PROPERTY,Thursday,18:00-23:59,1
Recent 28D,02,Crime Type,DAMAGE TO PROPERTY,Tuesday,00:00-05:59,3
Recent 28D,02,Crime Type,DAMAGE TO PROPERTY,Tuesday,12:00-17:59,3
Recent 28D,02,Crime Type,DAMAGE TO PROPERTY,Tuesday,18:00-23:59,1
Recent 28D,02,Crime Type,DAMAGE TO PROPERTY,Wednesday,00:00-05:59,3
Recent 28D,02,Crime Type,DAMAGE TO PROPERTY,Wednesday,06:00-11:59,2
Recent 28D,02,Crime Type,DAMAGE TO PROPERTY,Wednesday,12:00-17:59,2
Recent 28D,02,Crime Type,DAMAGE TO PROPERTY,Wednesday,18:00-23:59,1
Recent 28D,02,Crime Type,DANGEROUS DRUGS,Friday,12:00-17:59,1
Recent 28D,02,Crime Type,DANGEROUS DRUGS,Saturday,00:00-05:59,1
Recent 28D,02,Crime Type,DANGEROUS DRUGS,Sunday,18:00-23:59,1
Recent 28D,02,Crime Type,DANGEROUS DRUGS,Tuesday,00:00-05:59,1
Recent 28D,02,Crime Type,DANGEROUS DRUGS,Wednesday,12:00-17:59,1
Recent 28D,02,Crime Type,DISORDERLY CONDUCT,Thursday,12:00-17:59,1
Recent 28D,02,Crime Type,DISORDERLY CONDUCT,Tuesday,12:00-17:59,1
Recent 28D,02,Crime Type,DISORDERLY CONDUCT,Wednesday,06:00-11:59,1
Recent 28D,02,Crime Type,FAMILY OFFENSE,Friday,06:00-11:59,1
Recent 28D,02,Crime Type,FAMILY OFFENSE,Saturday,18:00-23:59,1
Recent 28D,02,Crime Type,FAMILY OFFENSE,Thursday,12:00-17:59,1
Recent 28D,02,Crime Type,FORGERY,Saturday,18:00-23:59,1
Recent 28D,02,Crime Type,FRAUD,Friday,00:00-05:59,1
Recent 28D,02,Crime Type,FRAUD,Friday,06:00-11:59,2
Recent 28D,02,Crime Type,FRAUD,Friday,18:00-23:59,1
Recent 28D,02,Crime Type,FRAUD,Monday,00:00-05:59,1
Recent 28D,02,Crime Type,FRAUD,Monday,12:00-17:59,1
Recent 28D,02,Crime Type,FRAUD,Monday,18:00-23:59,1
Recent 28D,02,Crime Type,FRAUD,Saturday,00:00-05:59,2
Recent 28D,02,Crime Type,FRAUD,Saturday,12:00-17:59,2
Recent 28D,02,Crime Type,FRAUD,Saturday,18:00-23:59,1
Recent 28D,02,Crime Type,FRAUD,Sunday,06:00-11:59,6
Recent 28D,02,Crime Type,FRAUD,Sunday,12:00-17:59,2
Recent 28D,02,Crime Type,FRAUD,Sunday,18:00-23:59,1
Recent 28D,02,Crime Type,FRAUD,Thursday,00:00-05:59,2
Recent 28D,02,Crime Type,FRAUD,Tuesday,00:00-05:59,1
Recent 28D,02,Crime Type,FRAUD,Tuesday,06:00-11:59,1
Recent 28D,02,Crime Type,FRAUD,Tuesday,12:00-17:59,1
Recent 28D,02,Crime Type,FRAUD,Wednesday,06:00-11:59,1
Recent 28D,02,Crime Type,FRAUD,Wednesday,12:00-17:59,1
Recent 28D,02,Crime Type,FRAUD,Wednesday,18:00-23:59,1
Recent 28D,02,Crime Type,HEALTH AND SAFETY,Sunday,18:00-23:59,1
Recent 28D,02,Crime Type,HEALTH AND SAFETY,Tuesday,12:00-17:59,1
Recent 28D,02,Crime Type,HOMICIDE,Thursday,18:00-23:59,1
Recent 28D,02,Crime Type,HOMICIDE,Wednesday,12:00-17:59,1
Recent 28D,02,Crime Type,INVASION OF PRIVACY -OTHER,Thursday,06:00-11:59,1
Recent 28D,02,Crime Type,INVASION OF PRIVACY -OTHER,Thursday,12:00-17:59,1
Recent 28D,02,Crime Type,JUSTIFIABLE HOMICIDE,Thursday,18:00-23:59,1
Recent 28D,02,Crime Type,KIDNAPPING,Monday,12:00-17:59,1
Recent 28D,02,Crime Type,LARCENY,Friday,00:00-05:59,3
Recent 28D,02,Crime Type,LARCENY,Friday,06:00-11:59,2
Recent 28D,02,Crime Type,LARCENY,Friday,12:00-17:59,5
Recent 28D,02,Crime Type,LARCENY,Friday,18:00-23:59,3
Recent 28D,02,Crime Type,LARCENY,Monday,00:00-05:59,3
Recent 28D,02,Crime Type,LARCENY,Monday,06:00-11:59,1
Recent 28D,02,Crime Type,LARCENY,Monday,12:00-17:59,4
Recent 28D,02,Crime Type,LARCENY,Monday,18:00-23:59,2
Recent 28D,02,Crime Type,LARCENY,Saturday,00:00-05:59,1
Recent 28D,02,Crime Type,LARCENY,Saturday,06:00-11:59,1
Recent 28D,02,Crime Type,LARCENY,Saturday,12:00-17:59,4
Recent 28D,02,Crime Type,LARCENY,Saturday,18:00-23:59,5
Recent 28D,02,Crime Type,LARCENY,Sunday,06:00-11:59,2
Recent 28D,02,Crime Type,LARCENY,Sunday,12:00-17:59,2
Recent 28D,02,Crime Type,LARCENY,Sunday,18:00-23:59,3
Recent 28D,02,Crime Type,LARCENY,Thursday,06:00-11:59,3
Recent 28D,02,Crime Type,LARCENY,Tuesday,00:00-05:59,1
Recent 28D,02,Crime Type,LARCENY,Tuesday,06:00-11:59,3
Recent 28D,02,Crime Type,LARCENY,Tuesday,12:00-17:59,5
Recent 28D,02,Crime Type,LARCENY,Tuesday,18:00-23:59,2
Recent 28D,02,Crime Type,LARCENY,Wednesday,06:00-11:59,1
Recent 28D,02,Crime Type,LARCENY,Wednesday,12:00-17:59,2
Recent 28D,02,Crime Type,LARCENY,Wednesday,18:00-23:59,1
Recent 28D,02,Crime Type,OBSTRUCTING JUDICIARY,Friday,12:00-17:59,3
Recent 28D,02,Crime Type,OBSTRUCTING JUDICIARY,Monday,06:00-11:59,1
Recent 28D,02,Crime Type,OBSTRUCTING JUDICIARY,Saturday,06:00-11:59,1
Recent 28D,02,Crime Type,OBSTRUCTING JUDICIARY,Sunday,06:00-11:59,1
Recent 28D,02,Crime Type,OBSTRUCTING JUDICIARY,Thursday,12:00-17:59,1
Recent 28D,02,Crime Type,OBSTRUCTING JUDICIARY,Thursday,18:00-23:59,1
Recent 28D,02,Crime Type,OBSTRUCTING JUDICIARY,Tuesday,12:00-17:59,1
Recent 28D,02,Crime Type,OBSTRUCTING JUDICIARY,Tuesday,18:00-23:59,1
Recent 28D,02,Crime Type,OBSTRUCTING JUDICIARY,Wednesday,18:00-23:59,1
Recent 28D,02,Crime Type,OBSTRUCTING THE POLICE,Monday,12:00-17:59,1
Recent 28D,02,Crime Type,OBSTRUCTING THE POLICE,Monday,18:00-23:59,1
Recent 28D,02,Crime Type,OBSTRUCTING THE POLICE,Saturday,18:00-23:59,1
Recent 28D,02,Crime Type,OBSTRUCTING THE POLICE,Sunday,12:00-17:59,1
Recent 28D,02,Crime Type,OBSTRUCTING THE POLICE,Sunday,18:00-23:59,1
Recent 28D,02,Crime Type,OBSTRUCTING THE POLICE,Thursday,12:00-17:59,1
Recent 28D,02,Crime Type,OBSTRUCTING THE POLICE,Thursday,18:00-23:59,2
Recent 28D,02,Crime Type,OBSTRUCTING THE POLICE,Tuesday,12:00-17:59,1
Recent 28D,02,Crime Type,OUIL,Friday,06:00-11:59,2
Recent 28D,02,Crime Type,ROBBERY,Friday,00:00-05:59,1
Recent 28D,02,Crime Type,ROBBERY,Wednesday,18:00-23:59,2
Recent 28D,02,Crime Type,RUNAWAY,Monday,06:00-11:59,1
Recent 28D,02,Crime Type,RUNAWAY,Monday,12:00-17:59,1
Recent 28D,02,Crime Type,RUNAWAY,Sunday,12:00-17:59,1
Recent 28D,02,Crime Type,RUNAWAY,Tuesday,18:00-23:59,1
Recent 28D,02,Crime Type,SEX OFFENSES,Saturday,06:00-11:59,1
Recent 28D,02,Crime Type,SEX OFFENSES,Tuesday,12:00-17:59,2
Recent 28D,02,Crime Type,SEX OFFENSES,Tuesday,18:00-23:59,1
Recent 28D,02,Crime Type,SOLICITATION,Tuesday,12:00-17:59,2
Recent 28D,02,Crime Type,STOLEN PROPERTY,Friday,06:00-11:59,1
Recent 28D,02,Crime Type,STOLEN PROPERTY,Friday,12:00-17:59,1
Recent 28D,02,Crime Type,STOLEN PROPERTY,Friday,18:00-23:59,1
Recent 28D,02,Crime Type,STOLEN PROPERTY,Monday,06:00-11:59,1
Recent 28D,02,Crime Type,STOLEN PROPERTY,Monday,18:00-23:59,1
Recent 28D,02,Crime Type,STOLEN PROPERTY,Saturday,12:00-17:59,2
Recent 28D,02,Crime Type,STOLEN PROPERTY,Sunday,18:00-23:59,2
Recent 28D,02,Crime Type,STOLEN PROPERTY,Thursday,06:00-11:59,1
Recent 28D,02,Crime Type,STOLEN PROPERTY,Thursday,12:00-17:59,1
Recent 28D,02,Crime Type,STOLEN PROPERTY,Thursday,18:00-23:59,1
Recent 28D,02,Crime Type,STOLEN PROPERTY,Tuesday,06:00-11:59,1
Recent 28D,02,Crime Type,STOLEN PROPERTY,Tuesday,18:00-23:59,1
Recent 28D,02,Crime Type,STOLEN PROPERTY,Wednesday,06:00-11:59,1
Recent 28D,02,Crime Type,STOLEN VEHICLE,Friday,00:00-05:59,2
Recent 28D,02,Crime Type,STOLEN VEHICLE,Friday,06:00-11:59,3
Recent 28D,02,Crime Type,STOLEN VEHICLE,Friday,12:00-17:59,2
Recent 28D,02,Crime Type,STOLEN VEHICLE,Friday,18:00-23:59,1
Recent 28D,02,Crime Type,STOLEN VEHICLE,Monday,00:00-05:59,2
Recent 28D,02,Crime Type,STOLEN VEHICLE,Monday,06:00-11:59,3
Recent 28D,02,Crime Type,STOLEN VEHICLE,Monday,12:00-17:59,1
Recent 28D,02,Crime Type,STOLEN VEHICLE,Monday,18:00-23:59,2
Recent 28D,02,Crime Type,STOLEN VEHICLE,Saturday,00:00-05:59,1
Recent 28D,02,Crime Type,STOLEN VEHICLE,Saturday,12:00-17:59,3
Recent 28D,02,Crime Type,STOLEN VEHICLE,Saturday,18:00-23:59,1
Recent 28D,02,Crime Type,STOLEN VEHICLE,Sunday,00:00-05:59,2
Recent 28D,02,Crime Type,STOLEN VEHICLE,Sunday,12:00-17:59,1
Recent 28D,02,Crime Type,STOLEN VEHICLE,Sunday,18:00-23:59,2
Recent 28D,02,Crime Type,STOLEN VEHICLE,Thursday,00:00-05:59,2
Recent 28D,02,Crime Type,STOLEN VEHICLE,Thursday,06:00-11:59,3
Recent 28D,02,Crime Type,STOLEN VEHICLE,Thursday,18:00-23:59,1
Recent 28D,02,Crime Type,STOLEN VEHICLE,Tuesday,00:00-05:59,1
Recent 28D,02,Crime Type,STOLEN VEHICLE,Tuesday,18:00-23:59,2
Recent 28D,02,Crime Type,WEAPONS OFFENSES,Monday,18:00-23:59,2
Recent 28D,02,Crime Type,WEAPONS OFFENSES,Saturday,00:00-05:59,1
Recent 28D,02,Crime Type,WEAPONS OFFENSES,Saturday,18:00-23:59,2
Recent 28D,02,Crime Type,WEAPONS OFFENSES,Sunday,18:00-23:59,4
Recent 28D,02,Crime Type,WEAPONS OFFENSES,Thursday,18:00-23:59,1
Recent 28D,02,Crime Type,WEAPONS OFFENSES,Tuesday,00:00-05:59,2
Recent 28D,02,Crime Type,WEAPONS OFFENSES,Tuesday,06:00-11:59,1
Recent 28D,02,Crime Type,WEAPONS OFFENSES,Tuesday,12:00-17:59,1
Recent 28D,02,Crime Type,WEAPONS OFFENSES,Wednesday,18:00-23:59,1
Recent 28D,02,Category Focus,Gun-Related,Monday,18:00-23:59,2
Recent 28D,02,Category Focus,Gun-Related,Saturday,00:00-05:59,1
Recent 28D,02,Category Focus,Gun-Related,Saturday,18:00-23:59,2
Recent 28D,02,Category Focus,Gun-Related,Sunday,18:00-23:59,4
Recent 28D,02,Category Focus,Gun-Related,Thursday,18:00-23:59,1
Recent 28D,02,Category Focus,Gun-Related,Tuesday,00:00-05:59,2
Recent 28D,02,Category Focus,Gun-Related,Tuesday,06:00-11:59,1
Recent 28D,02,Category Focus,Gun-Related,Tuesday,12:00-17:59,1
Recent 28D,02,Category Focus,Gun-Related,Wednesday,18:00-23:59,1
Recent 28D,02,Category Focus,Property Crime,Friday,00:00-05:59,9
Recent 28D,02,Category Focus,Property Crime,Friday,06:00-11:59,7
Recent 28D,02,Category Focus,Property Crime,Friday,12:00-17:59,12
Recent 28D,02,Category Focus,Property Crime,Friday,18:00-23:59,6
Recent 28D,02,Category Focus,Property Crime,Monday,00:00-05:59,6
Recent 28D,02,Category Focus,Property Crime,Monday,06:00-11:59,11
Recent 28D,02,Category Focus,Property Crime,Monday,12:00-17:59,11
Recent 28D,02,Category Focus,Property Crime,Monday,18:00-23:59,10
Recent 28D,02,Category Focus,Property Crime,Saturday,00:00-05:59,5
Recent 28D,02,Category Focus,Property Crime,Saturday,06:00-11:59,1
Recent 28D,02,Category Focus,Property Crime,Saturday,12:00-17:59,12
Recent 28D,02,Category Focus,Property Crime,Saturday,18:00-23:59,11
Recent 28D,02,Category Focus,Property Crime,Sunday,00:00-05:59,6
Recent 28D,02,Category Focus,Property Crime,Sunday,06:00-11:59,2
Recent 28D,02,Category Focus,Property Crime,Sunday,12:00-17:59,8
Recent 28D,02,Category Focus,Property Crime,Sunday,18:00-23:59,9
Recent 28D,02,Category Focus,Property Crime,Thursday,00:00-05:59,4
Recent 28D,02,Category Focus,Property Crime,Thursday,06:00-11:59,9
Recent 28D,02,Category Focus,Property Crime,Thursday,12:00-17:59,1
Recent 28D,02,Category Focus,Property Crime,Thursday,18:00-23:59,4
Recent 28D,02,Category Focus,Property Crime,Tuesday,00:00-05:59,6
Recent 28D,02,Category Focus,Property Crime,Tuesday,06:00-11:59,6
Recent 28D,02,Category Focus,Property Crime,Tuesday,12:00-17:59,8
Recent 28D,02,Category Focus,Property Crime,Tuesday,18:00-23:59,7
Recent 28D,02,Category Focus,Property Crime,Wednesday,00:00-05:59,4
Recent 28D,02,Category Focus,Property Crime,Wednesday,06:00-11:59,4
Recent 28D,02,Category Focus,Property Crime,Wednesday,12:00-17:59,6
Recent 28D,02,Category Focus,Property Crime,Wednesday,18:00-23:59,3
Recent 28D,02,Category Focus,Larceny,Friday,00:00-05:59,3
Recent 28D,02,Category Focus,Larceny,Friday,06:00-11:59,2
Recent 28D,02,Category Focus,Larceny,Friday,12:00-17:59,5
Recent 28D,02,Category Focus,Larceny,Friday,18:00-23:59,3
Recent 28D,02,Category Focus,Larceny,Monday,00:00-05:59,3
Recent 28D,02,Category Focus,Larceny,Monday,06:00-11:59,1
Recent 28D,02,Category Focus,Larceny,Monday,12:00-17:59,4
Recent 28D,02,Category Focus,Larceny,Monday,18:00-23:59,2
Recent 28D,02,Category Focus,Larceny,Saturday,00:00-05:59,1
Recent 28D,02,Category Focus,Larceny,Saturday,06:00-11:59,1
Recent 28D,02,Category Focus,Larceny,Saturday,12:00-17:59,4
Recent 28D,02,Category Focus,Larceny,Saturday,18:00-23:59,5
Recent 28D,02,Category Focus,Larceny,Sunday,06:00-11:59,2
Recent 28D,02,Category Focus,Larceny,Sunday,12:00-17:59,2
Recent 28D,02,Category Focus,Larceny,Sunday,18:00-23:59,3
Recent 28D,02,Category Focus,Larceny,Thursday,06:00-11:59,3
Recent 28D,02,Category Focus,Larceny,Tuesday,00:00-05:59,1
Recent 28D,02,Category Focus,Larceny,Tuesday,06:00-11:59,3
Recent 28D,02,Category Focus,Larceny,Tuesday,12:00-17:59,5
Recent 28D,02,Category Focus,Larceny,Tuesday,18:00-23:59,2
Recent 28D,02,Category Focus,Larceny,Wednesday,06:00-11:59,1
Recent 28D,02,Category Focus,Larceny,Wednesday,12:00-17:59,2
Recent 28D,02,Category Focus,Larceny,Wednesday,18:00-23:59,1
Recent 28D,03,All,All,Friday,00:00-05:59,24
Recent 28D,03,All,All,Friday,06:00-11:59,16
Recent 28D,03,All,All,Friday,12:00-17:59,31
Recent 28D,03,All,All,Friday,18:00-23:59,22
Recent 28D,03,All,All,Monday,00:00-05:59,23
Recent 28D,03,All,All,Monday,06:00-11:59,17
Recent 28D,03,All,All,Monday,12:00-17:59,29
Recent 28D,03,All,All,Monday,18:00-23:59,23
Recent 28D,03,All,All,Saturday,00:00-05:59,30
Recent 28D,03,All,All,Saturday,06:00-11:59,11
Recent 28D,03,All,All,Saturday,12:00-17:59,27
Recent 28D,03,All,All,Saturday,18:00-23:59,37
Recent 28D,03,All,All,Sunday,00:00-05:59,33
Recent 28D,03,All,All,Sunday,06:00-11:59,14
Recent 28D,03,All,All,Sunday,12:00-17:59,31
Recent 28D,03,All,All,Sunday,18:00-23:59,31
Recent 28D,03,All,All,Thursday,00:00-05:59,5
Recent 28D,03,All,All,Thursday,06:00-11:59,16
Recent 28D,03,All,All,Thursday,12:00-17:59,24
Recent 28D,03,All,All,Thursday,18:00-23:59,21
Recent 28D,03,All,All,Tuesday,00:00-05:59,11
Recent 28D,03,All,All,Tuesday,06:00-11:59,16
Recent 28D,03,All,All,Tuesday,12:00-17:59,28
Recent 28D,03,All,All,Tuesday,18:00-23:59,22
Recent 28D,03,All,All,Wednesday,00:00-05:59,16
Recent 28D,03,All,All,Wednesday,06:00-11:59,13
Recent 28D,03,All,All,Wednesday,12:00-17:59,26
Recent 28D,03,All,All,Wednesday,18:00-23:59,33
Recent 28D,03,Crime Type,AGGRAVATED ASSAULT,Friday,00:00-05:59,1
Recent 28D,03,Crime Type,AGGRAVATED ASSAULT,Friday,12:00-17:59,1
Recent 28D,03,Crime Type,AGGRAVATED ASSAULT,Friday,18:00-23:59,2
Recent 28D,03,Crime Type,AGGRAVATED ASSAULT,Monday,12:00-17:59,2
Recent 28D,03,Crime Type,AGGRAVATED ASSAULT,Monday,18:00-23:59,3
Recent 28D,03,Crime Type,AGGRAVATED ASSAULT,Saturday,00:00-05:59,1
Recent 28D,03,Crime Type,AGGRAVATED ASSAULT,Saturday,06:00-11:59,1
Recent 28D,03,Crime Type,AGGRAVATED ASSAULT,Saturday,12:00-17:59,3
Recent 28D,03,Crime Type,AGGRAVATED ASSAULT,Saturday,18:00-23:59,1
Recent 28D,03,Crime Type,AGGRAVATED ASSAULT,Sunday,00:00-05:59,2
Recent 28D,03,Crime Type,AGGRAVATED ASSAULT,Sunday,06:00-11:59,1
Recent 28D,03,Crime Type,AGGRAVATED ASSAULT,Sunday,12:00-17:59,2
Recent 28D,03,Crime Type,AGGRAVATED ASSAULT,Sunday,18:00-23:59,1
Recent 28D,03,Crime Type,AGGRAVATED ASSAULT,Thursday,06:00-11:59,1
Recent 28D,03,Crime Type,AGGRAVATED ASSAULT,Thursday,12:00-17:59,2
Recent 28D,03,Crime Type,AGGRAVATED ASSAULT,Tuesday,12:00-17:59,1
Recent 28D,03,Crime Type,AGGRAVATED ASSAULT,Tuesday,18:00-23:59,2
Recent 28D,03,Crime Type,AGGRAVATED ASSAULT,Wednesday,00:00-05:59,4
Recent 28D,03,Crime Type,AGGRAVATED ASSAULT,Wednesday,06:00-11:59,1
Recent 28D,03,Crime Type,AGGRAVATED ASSAULT,Wednesday,12:00-17:59,1
Recent 28D,03,Crime Type,ASSAULT,Friday,00:00-05:59,8
Recent 28D,03,Crime Type,ASSAULT,Friday,06:00-11:59,3
Recent 28D,03,Crime Type,ASSAULT,Friday,12:00-17:59,2
Recent 28D,03,Crime Type,ASSAULT,Friday,18:00-23:59,6
Recent 28D,03,Crime Type,ASSAULT,Monday,00:00-05:59,6
Recent 28D,03,Crime Type,ASSAULT,Monday,06:00-11:59,1
Recent 28D,03,Crime Type,ASSAULT,Monday,12:00-17:59,5
Recent 28D,03,Crime Type,ASSAULT,Monday,18:00-23:59,5
Recent 28D,03,Crime Type,ASSAULT,Saturday,00:00-05:59,1
Recent 28D,03,Crime Type,ASSAULT,Saturday,06:00-11:59,1
Recent 28D,03,Crime Type,ASSAULT,Saturday,12:00-17:59,5
Recent 28D,03,Crime Type,ASSAULT,Saturday,18:00-23:59,2
Recent 28D,03,Crime Type,ASSAULT,Sunday,00:00-05:59,7
Recent 28D,03,Crime Type,ASSAULT,Sunday,06:00-11:59,4
Recent 28D,03,Crime Type,ASSAULT,Sunday,12:00-17:59,6
Recent 28D,03,Crime Type,ASSAULT,Sunday,18:00-23:59,8
Recent 28D,03,Crime Type,ASSAULT,Thursday,00:00-05:59,2
Recent 28D,03,Crime Type,ASSAULT,Thursday,06:00-11:59,1
Recent 28D,03,Crime Type,ASSAULT,Thursday,12:00-17:59,4
Recent 28D,03,Crime Type,ASSAULT,Thursday,18:00-23:59,6
Recent 28D,03,Crime Type,ASSAULT,Tuesday,00:00-05:59,4
Recent 28D,03,Crime Type,ASSAULT,Tuesday,06:00-11:59,4
Recent 28D,03,Crime Type,ASSAULT,Tuesday,12:00-17:59,6
Recent 28D,03,Crime Type,ASSAULT,Tuesday,18:00-23:59,4
Recent 28D,03,Crime Type,ASSAULT,Wednesday,00:00-05:59,2
Recent 28D,03,Crime Type,ASSAULT,Wednesday,06:00-11:59,2
Recent 28D,03,Crime Type,ASSAULT,Wednesday,12:00-17:59,4
Recent 28D,03,Crime Type,ASSAULT,Wednesday,18:00-23:59,6
Recent 28D,03,Crime Type,BURGLARY,Friday,00:00-05:59,1
Recent 28D,03,Crime Type,BURGLARY,Friday,06:00-11:59,3
Recent 28D,03,Crime Type,BURGLARY,Friday,12:00-17:59,3
Recent 28D,03,Crime Type,BURGLARY,Monday,00:00-05:59,1
Recent 28D,03,Crime Type,BURGLARY,Monday,12:00-17:59,1
Recent 28D,03,Crime Type,BURGLARY,Monday,18:00-23:59,1
Recent 28D,03,Crime Type,BURGLARY,Saturday,00:00-05:59,1
Recent 28D,03,Crime Type,BURGLARY,Saturday,12:00-17:59,1
Recent 28D,03,Crime Type,BURGLARY,Saturday,18:00-23:59,1
Recent 28D,03,Crime Type,BURGLARY,Sunday,00:00-05:59,2
Recent 28D,03,Crime Type,BURGLARY,Sunday,12:00-17:59,4
Recent 28D,03,Crime Type,BURGLARY,Sunday,18:00-23:59,1
Recent 28D,03,Crime Type,BURGLARY,Thursday,06:00-11:59,2
Recent 28D,03,Crime Type,BURGLARY,Thursday,12:00-17:59,1
Recent 28D,03,Crime Type,BURGLARY,Tuesday,00:00-05:59,2
Recent 28D,03,Crime Type,BURGLARY,Tuesday,12:00-17:59,1
Recent 28D,03,Crime Type,BURGLARY,Tuesday,18:00-23:59,1
Recent 28D,03,Crime Type,BURGLARY,Wednesday,06:00-11:59,1
Recent 28D,03,Crime Type,BURGLARY,Wednesday,18:00-23:59,4
Recent 28D,03,Crime Type,DAMAGE TO PROPERTY,Friday,00:00-05:59,3
Recent 28D,03,Crime Type,DAMAGE TO PROPERTY,Friday,06:00-11:59,3
Recent 28D,03,Crime Type,DAMAGE TO PROPERTY,Friday,12:00-17:59,4
Recent 28D,03,Crime Type,DAMAGE TO PROPERTY,Friday,18:00-23:59,2
Recent 28D,03,Crime Type,DAMAGE TO PROPERTY,Monday,00:00-05:59,1
Recent 28D,03,Crime Type,DAMAGE TO PROPERTY,Monday,06:00-11:59,2
Recent 28D,03,Crime Type,DAMAGE TO PROPERTY,Monday,12:00-17:59,3
Recent 28D,03,Crime Type,DAMAGE TO PROPERTY,Saturday,00:00-05:59,8
Recent 28D,03,Crime Type,DAMAGE TO PROPERTY,Saturday,06:00-11:59,3
Recent 28D,03,Crime Type,DAMAGE TO PROPERTY,Saturday,12:00-17:59,4
Recent 28D,03,Crime Type,DAMAGE TO PROPERTY,Saturday,18:00-23:59,7
Recent 28D,03,Crime Type,DAMAGE TO PROPERTY,Sunday,00:00-05:59,4
Recent 28D,03,Crime Type,DAMAGE TO PROPERTY,Sunday,12:00-17:59,4
Recent 28D,03,Crime Type,DAMAGE TO PROPERTY,Sunday,18:00-23:59,3
Recent 28D,03,Crime Type,DAMAGE TO PROPERTY,Thursday,06:00-11:59,4
Recent 28D,03,Crime Type,DAMAGE TO PROPERTY,Thursday,12:00-17:59,3
Recent 28D,03,Crime Type,DAMAGE TO PROPERTY,Thursday,18:00-23:59,3
Recent 28D,03,Crime Type,DAMAGE TO PROPERTY,Tuesday,00:00-05:59,2
Recent 28D,03,Crime Type,DAMAGE TO PROPERTY,Tuesday,06:00-11:59,2
Recent 28D,03,Crime Type,DAMAGE TO PROPERTY,Tuesday,12:00-17:59,8
Recent 28D,03,Crime Type,DAMAGE TO PROPERTY,Tuesday,18:00-23:59,1
Recent 28D,03,Crime Type,DAMAGE TO PROPERTY,Wednesday,00:00-05:59,2
Recent 28D,03,Crime Type,DAMAGE TO PROPERTY,Wednesday,06:00-11:59,3
Recent 28D,03,Crime Type,DAMAGE TO PROPERTY,Wednesday,12:00-17:59,2
Recent 28D,03,Crime Type,DAMAGE TO PROPERTY,Wednesday,18:00-23:59,7
Recent 28D,03,Crime Type,DANGEROUS DRUGS,Monday,00:00-05:59,1
Recent 28D,03,Crime Type,DISORDERLY CONDUCT,Friday,00:00-05:59,2
Recent 28D,03,Crime Type,DISORDERLY CONDUCT,Friday,18:00-23:59,2
Recent 28D,03,Crime Type,DISORDERLY CONDUCT,Saturday,18:00-23:59,1
Recent 28D,03,Crime Type,DISORDERLY CONDUCT,Sunday,00:00-05:59,1
Recent 28D,03,Crime Type,DISORDERLY CONDUCT,Thursday,12:00-17:59,1
Recent 28D,03,Crime Type,DISORDERLY CONDUCT,Thursday,18:00-23:59,1
Recent 28D,03,Crime Type,DISORDERLY CONDUCT,Tuesday,12:00-17:59,1
Recent 28D,03,Crime Type,FAMILY OFFENSE,Wednesday,18:00-23:59,1
Recent 28D,03,Crime Type,FORGERY,Friday,12:00-17:59,1
Recent 28D,03,Crime Type,FRAUD,Friday,06:00-11:59,2
Recent 28D,03,Crime Type,FRAUD,Friday,12:00-17:59,4
Recent 28D,03,Crime Type,FRAUD,Friday,18:00-23:59,3
Recent 28D,03,Crime Type,FRAUD,Monday,00:00-05:59,3
Recent 28D,03,Crime Type,FRAUD,Monday,06:00-11:59,3
Recent 28D,03,Crime Type,FRAUD,Monday,12:00-17:59,2
Recent 28D,03,Crime Type,FRAUD,Monday,18:00-23:59,1
Recent 28D,03,Crime Type,FRAUD,Saturday,00:00-05:59,3
Recent 28D,03,Crime Type,FRAUD,Saturday,06:00-11:59,1
Recent 28D,03,Crime Type,FRAUD,Saturday,12:00-17:59,1
Recent 28D,03,Crime Type,FRAUD,Saturday,18:00-23:59,3
Recent 28D,03,Crime Type,FRAUD,Sunday,00:00-05:59,1
Recent 28D,03,Crime Type,FRAUD,Sunday,12:00-17:59,4
Recent 28D,03,Crime Type,FRAUD,Sunday,18:00-23:59,3
Recent 28D,03,Crime Type,FRAUD,Thursday,06:00-11:59,2
Recent 28D,03,Crime Type,FRAUD,Thursday,12:00-17:59,5
Recent 28D,03,Crime Type,FRAUD,Thursday,18:00-23:59,1
Recent 28D,03,Crime Type,FRAUD,Tuesday,06:00-11:59,2
Recent 28D,03,Crime Type,FRAUD,Tuesday,12:00-17:59,4
Recent 28D,03,Crime Type,FRAUD,Wednesday,00:00-05:59,1
Recent 28D,03,Crime Type,FRAUD,Wednesday,12:00-17:59,9
Recent 28D,03,Crime Type,FRAUD,Wednesday,18:00-23:59,2
Recent 28D,03,Crime Type,HOMICIDE,Wednesday,00:00-05:59,1
Recent 28D,03,Crime Type,INVASION OF PRIVACY -OTHER,Friday,00:00-05:59,1
Recent 28D,03,Crime Type,INVASION OF PRIVACY -OTHER,Friday,06:00-11:59,1
Recent 28D,03,Crime Type,INVASION OF PRIVACY -OTHER,Friday,12:00-17:59,1
Recent 28D,03,Crime Type,INVASION OF PRIVACY -OTHER,Monday,06:00-11:59,1
Recent 28D,03,Crime Type,INVASION OF PRIVACY -OTHER,Monday,18:00-23:59,1
Recent 28D,03,Crime Type,INVASION OF PRIVACY -OTHER,Saturday,06:00-11:59,1
Recent 28D,03,Crime Type,INVASION OF PRIVACY -OTHER,Saturday,18:00-23:59,2
Recent 28D,03,Crime Type,INVASION OF PRIVACY -OTHER,Sunday,00:00-05:59,1
Recent 28D,03,Crime Type,INVASION OF PRIVACY -OTHER,Sunday,06:00-11:59,1
Recent 28D,03,Crime Type,INVASION OF PRIVACY -OTHER,Thursday,18:00-23:59,1
Recent 28D,03,Crime Type,INVASION OF PRIVACY -OTHER,Tuesday,00:00-05:59,1
Recent 28D,03,Crime Type,INVASION OF PRIVACY -OTHER,Tuesday,06:00-11:59,2
Recent 28D,03,Crime Type,INVASION OF PRIVACY -OTHER,Tuesday,18:00-23:59,1
Recent 28D,03,Crime Type,INVASION OF PRIVACY -OTHER,Wednesday,06:00-11:59,2
Recent 28D,03,Crime Type,INVASION OF PRIVACY -OTHER,Wednesday,12:00-17:59,1
Recent 28D,03,Crime Type,JUSTIFIABLE HOMICIDE,Wednesday,00:00-05:59,1
Recent 28D,03,Crime Type,KIDNAPPING,Wednesday,06:00-11:59,1
Recent 28D,03,Crime Type,LARCENY,Friday,00:00-05:59,1
Recent 28D,03,Crime Type,LARCENY,Friday,06:00-11:59,3
Recent 28D,03,Crime Type,LARCENY,Friday,12:00-17:59,11
Recent 28D,03,Crime Type,LARCENY,Friday,18:00-23:59,4
Recent 28D,03,Crime Type,LARCENY,Monday,00:00-05:59,8
Recent 28D,03,Crime Type,LARCENY,Monday,06:00-11:59,5
Recent 28D,03,Crime Type,LARCENY,Monday,12:00-17:59,12
Recent 28D,03,Crime Type,LARCENY,Monday,18:00-23:59,7
Recent 28D,03,Crime Type,LARCENY,Saturday,00:00-05:59,9
Recent 28D,03,Crime Type,LARCENY,Saturday,06:00-11:59,1
Recent 28D,03,Crime Type,LARCENY,Saturday,12:00-17:59,7
Recent 28D,03,Crime Type,LARCENY,Saturday,18:00-23:59,12
Recent 28D,03,Crime Type,LARCENY,Sunday,00:00-05:59,10
Recent 28D,03,Crime Type,LARCENY,Sunday,06:00-11:59,5
Recent 28D,03,Crime Type,LARCENY,Sunday,12:00-17:59,7
Recent 28D,03,Crime Type,LARCENY,Sunday,18:00-23:59,8
Recent 28D,03,Crime Type,LARCENY,Thursday,06:00-11:59,5
Recent 28D,03,Crime Type,LARCENY,Thursday,12:00-17:59,5
Recent 28D,03,Crime Type,LARCENY,Thursday,18:00-23:59,3
Recent 28D,03,Crime Type,LARCENY,Tuesday,00:00-05:59,1
Recent 28D,03,Crime Type,LARCENY,Tuesday,06:00-11:59,3
Recent 28D,03,Crime Type,LARCENY,Tuesday,12:00-17:59,2
Recent 28D,03,Crime Type,LARCENY,Tuesday,18:00-23:59,8
Recent 28D,03,Crime Type,LARCENY,Wednesday,00:00-05:59,4
Recent 28D,03,Crime Type,LARCENY,Wednesday,06:00-11:59,3
Recent 28D,03,Crime Type,LARCENY,Wednesday,12:00-17:59,4
Recent 28D,03,Crime Type,LARCENY,Wednesday,18:00-23:59,6
Recent 28D,03,Crime Type,LIQUOR,Tuesday,06:00-11:59,1
Recent 28D,03,Crime Type,MISCELLANEOUS,Wednesday,12:00-17:59,1
Recent 28D,03,Crime Type,OBSTRUCTING JUDICIARY,Friday,00:00-05:59,1
Recent 28D,03,Crime Type,OBSTRUCTING JUDICIARY,Friday,18:00-23:59,1
Recent 28D,03,Crime Type,OBSTRUCTING JUDICIARY,Monday,06:00-11:59,1
Recent 28D,03,Crime Type,OBSTRUCTING JUDICIARY,Saturday,18:00-23:59,1
Recent 28D,03,Crime Type,OBSTRUCTING JUDICIARY,Sunday,18:00-23:59,1
Recent 28D,03,Crime Type,OBSTRUCTING JUDICIARY,Thursday,00:00-05:59,1
Recent 28D,03,Crime Type,OBSTRUCTING JUDICIARY,Thursday,12:00-17:59,1
Recent 28D,03,Crime Type,OBSTRUCTING JUDICIARY,Tuesday,06:00-11:59,1
Recent 28D,03,Crime Type,OBSTRUCTING THE POLICE,Friday,00:00-05:59,2
Recent 28D,03,Crime Type,OBSTRUCTING THE POLICE,Friday,18:00-23:59,1
Recent 28D,03,Crime Type,OBSTRUCTING THE POLICE,Monday,00:00-05:59,1
Recent 28D,03,Crime Type,OBSTRUCTING THE POLICE,Monday,18:00-23:59,1
Recent 28D,03,Crime Type,OBSTRUCTING THE POLICE,Saturday,12:00-17:59,1
Recent 28D,03,Crime Type,OBSTRUCTING THE POLICE,Sunday,00:00-05:59,1
Recent 28D,03,Crime Type,OBSTRUCTING THE POLICE,Sunday,18:00-23:59,1
Recent 28D,03,Crime Type,OBSTRUCTING THE POLICE,Thursday,00:00-05:59,1
Recent 28D,03,Crime Type,OBSTRUCTING THE POLICE,Thursday,18:00-23:59,3
Recent 28D,03,Crime Type,OBSTRUCTING THE POLICE,Wednesday,18:00-23:59,1
Recent 28D,03,Crime Type,OUIL,Friday,12:00-17:59,2
Recent 28D,03,Crime Type,OUIL,Monday,06:00-11:59,4
Recent 28D,03,Crime Type,OUIL,Saturday,00:00-05:59,2
Recent 28D,03,Crime Type,OUIL,Saturday,06:00-11:59,2
Recent 28D,03,Crime Type,OUIL,Wednesday,18:00-23:59,2
Recent 28D,03,Crime Type,ROBBERY,Friday,00:00-05:59,1
Recent 28D,03,Crime Type,ROBBERY,Friday,06:00-11:59,1
Recent 28D,03,Crime Type,ROBBERY,Monday,00:00-05:59,2
Recent 28D,03,Crime Type,ROBBERY,Monday,18:00-23:59,1
Recent 28D,03,Crime Type,ROBBERY,Saturday,00:00-05:59,1
Recent 28D,03,Crime Type,ROBBERY,Saturday,18:00-23:59,1
Recent 28D,03,Crime Type,ROBBERY,Sunday,18:00-23:59,1
Recent 28D,03,Crime Type,ROBBERY,Tuesday,18:00-23:59,1
Recent 28D,03,Crime Type,RUNAWAY,Thursday,12:00-17:59,1
Recent 28D,03,Crime Type,RUNAWAY,Wednesday,18:00-23:59,1
Recent 28D,03,Crime Type,SEX OFFENSES,Friday,00:00-05:59,1
Recent 28D,03,Crime Type,SEX OFFENSES,Saturday,00:00-05:59,1
Recent 28D,03,Crime Type,SEX OFFENSES,Saturday,12:00-17:59,1
Recent 28D,03,Crime Type,SEX OFFENSES,Saturday,18:00-23:59,1
Recent 28D,03,Crime Type,SEX OFFENSES,Tuesday,12:00-17:59,3
Recent 28D,03,Crime Type,SEX OFFENSES,Tuesday,18:00-23:59,1
Recent 28D,03,Crime Type,SEX OFFENSES,Wednesday,12:00-17:59,1
Recent 28D,03,Crime Type,SEXUAL ASSAULT,Saturday,00:00-05:59,1
Recent 28D,03,Crime Type,SEXUAL ASSAULT,Saturday,06:00-11:59,1
Recent 28D,03,Crime Type,STOLEN PROPERTY,Friday,00:00-05:59,1
Recent 28D,03,Crime Type,STOLEN PROPERTY,Monday,18:00-23:59,1
Recent 28D,03,Crime Type,STOLEN PROPERTY,Sunday,00:00-05:59,1
Recent 28D,03,Crime Type,STOLEN PROPERTY,Sunday,06:00-11:59,1
Recent 28D,03,Crime Type,STOLEN PROPERTY,Sunday,12:00-17:59,1
Recent 28D,03,Crime Type,STOLEN PROPERTY,Wednesday,12:00-17:59,1
Recent 28D,03,Crime Type,STOLEN PROPERTY,Wednesday,18:00-23:59,1
Recent 28D,03,Crime Type,STOLEN VEHICLE,Friday,00:00-05:59,1
Recent 28D,03,Crime Type,STOLEN VEHICLE,Friday,12:00-17:59,2
Recent 28D,03,Crime Type,STOLEN VEHICLE,Friday,18:00-23:59,1
Recent 28D,03,Crime Type,STOLEN VEHICLE,Monday,12:00-17:59,3
Recent 28D,03,Crime Type,STOLEN VEHICLE,Monday,18:00-23:59,2
Recent 28D,03,Crime Type,STOLEN VEHICLE,Saturday,00:00-05:59,2
Recent 28D,03,Crime Type,STOLEN VEHICLE,Saturday,12:00-17:59,4
Recent 28D,03,Crime Type,STOLEN VEHICLE,Saturday,18:00-23:59,5
Recent 28D,03,Crime Type,STOLEN VEHICLE,Sunday,00:00-05:59,1
Recent 28D,03,Crime Type,STOLEN VEHICLE,Sunday,06:00-11:59,2
Recent 28D,03,Crime Type,STOLEN VEHICLE,Sunday,12:00-17:59,2
Recent 28D,03,Crime Type,STOLEN VEHICLE,Sunday,18:00-23:59,2
Recent 28D,03,Crime Type,STOLEN VEHICLE,Thursday,06:00-11:59,1
Recent 28D,03,Crime Type,STOLEN VEHICLE,Thursday,12:00-17:59,1
Recent 28D,03,Crime Type,STOLEN VEHICLE,Thursday,18:00-23:59,2
Recent 28D,03,Crime Type,STOLEN VEHICLE,Tuesday,00:00-05:59,1
Recent 28D,03,Crime Type,STOLEN VEHICLE,Tuesday,06:00-11:59,1
Recent 28D,03,Crime Type,STOLEN VEHICLE,Tuesday,12:00-17:59,1
Recent 28D,03,Crime Type,STOLEN VEHICLE,Tuesday,18:00-23:59,2
Recent 28D,03,Crime Type,STOLEN VEHICLE,Wednesday,00:00-05:59,1
Recent 28D,03,Crime Type,STOLEN VEHICLE,Wednesday,12:00-17:59,1
Recent 28D,03,Crime Type,STOLEN VEHICLE,Wednesday,18:00-23:59,1
Recent 28D,03,Crime Type,WEAPONS OFFENSES,Monday,12:00-17:59,1
Recent 28D,03,Crime Type,WEAPONS OFFENSES,Sunday,00:00-05:59,2
Recent 28D,03,Crime Type,WEAPONS OFFENSES,Sunday,12:00-17:59,1
Recent 28D,03,Crime Type,WEAPONS OFFENSES,Sunday,18:00-23:59,2
Recent 28D,03,Crime Type,WEAPONS OFFENSES,Thursday,00:00-05:59,1
Recent 28D,03,Crime Type,WEAPONS OFFENSES,Thursday,18:00-23:59,1
Recent 28D,03,Crime Type,WEAPONS OFFENSES,Tuesday,12:00-17:59,1
Recent 28D,03,Crime Type,WEAPONS OFFENSES,Tuesday,18:00-23:59,1
Recent 28D,03,Crime Type,WEAPONS OFFENSES,Wednesday,12:00-17:59,1
Recent 28D,03,Crime Type,WEAPONS OFFENSES,Wednesday,18:00-23:59,1
Recent 28D,03,Category Focus,Gun-Related,Monday,12:00-17:59,1
Recent 28D,03,Category Focus,Gun-Related,Sunday,00:00-05:59,2
Recent 28D,03,Category Focus,Gun-Related,Sunday,12:00-17:59,1
Recent 28D,03,Category Focus,Gun-Related,Sunday,18:00-23:59,2
Recent 28D,03,Category Focus,Gun-Related,Thursday,00:00-05:59,1
Recent 28D,03,Category Focus,Gun-Related,Thursday,18:00-23:59,1
Recent 28D,03,Category Focus,Gun-Related,Tuesday,12:00-17:59,1
Recent 28D,03,Category Focus,Gun-Related,Tuesday,18:00-23:59,1
Recent 28D,03,Category Focus,Gun-Related,Wednesday,12:00-17:59,1
Recent 28D,03,Category Focus,Gun-Related,Wednesday,18:00-23:59,1
Recent 28D,03,Category Focus,Property Crime,Friday,00:00-05:59,7
Recent 28D,03,Category Focus,Property Crime,Friday,06:00-11:59,9
Recent 28D,03,Category Focus,Property Crime,Friday,12:00-17:59,20
Recent 28D,03,Category Focus,Property Crime,Friday,18:00-23:59,7
Recent 28D,03,Category Focus,Property Crime,Monday,00:00-05:59,10
Recent 28D,03,Category Focus,Property Crime,Monday,06:00-11:59,7
Recent 28D,03,Category Focus,Property Crime,Monday,12:00-17:59,19
Recent 28D,03,Category Focus,Property Crime,Monday,18:00-23:59,11
Recent 28D,03,Category Focus,Property Crime,Saturday,00:00-05:59,20
Recent 28D,03,Category Focus,Property Crime,Saturday,06:00-11:59,4
Recent 28D,03,Category Focus,Property Crime,Saturday,12:00-17:59,16
Recent 28D,03,Category Focus,Property Crime,Saturday,18:00-23:59,25
Recent 28D,03,Category Focus,Property Crime,Sunday,00:00-05:59,18
Recent 28D,03,Category Focus,Property Crime,Sunday,06:00-11:59,8
Recent 28D,03,Category Focus,Property Crime,Sunday,12:00-17:59,18
Recent 28D,03,Category Focus,Property Crime,Sunday,18:00-23:59,14
Recent 28D,03,Category Focus,Property Crime,Thursday,06:00-11:59,12
Recent 28D,03,Category Focus,Property Crime,Thursday,12:00-17:59,10
Recent 28D,03,Category Focus,Property Crime,Thursday,18:00-23:59,8
Recent 28D,03,Category Focus,Property Crime,Tuesday,00:00-05:59,6
Recent 28D,03,Category Focus,Property Crime,Tuesday,06:00-11:59,6
Recent 28D,03,Category Focus,Property Crime,Tuesday,12:00-17:59,12
Recent 28D,03,Category Focus,Property Crime,Tuesday,18:00-23:59,12
Recent 28D,03,Category Focus,Property Crime,Wednesday,00:00-05:59,7
Recent 28D,03,Category Focus,Property Crime,Wednesday,06:00-11:59,7
Recent 28D,03,Category Focus,Property Crime,Wednesday,12:00-17:59,8
Recent 28D,03,Category Focus,Property Crime,Wednesday,18:00-23:59,19
Recent 28D,03,Category Focus,Larceny,Friday,00:00-05:59,1
Recent 28D,03,Category Focus,Larceny,Friday,06:00-11:59,3
Recent 28D,03,Category Focus,Larceny,Friday,12:00-17:59,11
Recent 28D,03,Category Focus,Larceny,Friday,18:00-23:59,4
Recent 28D,03,Category Focus,Larceny,Monday,00:00-05:59,8
Recent 28D,03,Category Focus,Larceny,Monday,06:00-11:59,5
Recent 28D,03,Category Focus,Larceny,Monday,12:00-17:59,12
Recent 28D,03,Category Focus,Larceny,Monday,18:00-23:59,7
Recent 28D,03,Category Focus,Larceny,Saturday,00:00-05:59,9
Recent 28D,03,Category Focus,Larceny,Saturday,06:00-11:59,1
Recent 28D,03,Category Focus,Larceny,Saturday,12:00-17:59,7
Recent 28D,03,Category Focus,Larceny,Saturday,18:00-23:59,12
Recent 28D,03,Category Focus,Larceny,Sunday,00:00-05:59,10
Recent 28D,03,Category Focus,Larceny,Sunday,06:00-11:59,5
Recent 28D,03,Category Focus,Larceny,Sunday,12:00-17:59,7
Recent 28D,03,Category Focus,Larceny,Sunday,18:00-23:59,8
Recent 28D,03,Category Focus,Larceny,Thursday,06:00-11:59,5
Recent 28D,03,Category Focus,Larceny,Thursday,12:00-17:59,5
Recent 28D,03,Category Focus,Larceny,Thursday,18:00-23:59,3
Recent 28D,03,Category Focus,Larceny,Tuesday,00:00-05:59,1
Recent 28D,03,Category Focus,Larceny,Tuesday,06:00-11:59,3
Recent 28D,03,Category Focus,Larceny,Tuesday,12:00-17:59,2
Recent 28D,03,Category Focus,Larceny,Tuesday,18:00-23:59,8
Recent 28D,03,Category Focus,Larceny,Wednesday,00:00-05:59,4
Recent 28D,03,Category Focus,Larceny,Wednesday,06:00-11:59,3
Recent 28D,03,Category Focus,Larceny,Wednesday,12:00-17:59,4
Recent 28D,03,Category Focus,Larceny,Wednesday,18:00-23:59,6
Recent 28D,04,All,All,Friday,00:00-05:59,7
Recent 28D,04,All,All,Friday,06:00-11:59,10
Recent 28D,04,All,All,Friday,12:00-17:59,10
Recent 28D,04,All,All,Friday,18:00-23:59,12
Recent 28D,04,All,All,Monday,00:00-05:59,9
Recent 28D,04,All,All,Monday,06:00-11:59,11
Recent 28D,04,All,All,Monday,12:00-17:59,1
Recent 28D,04,All,All,Monday,18:00-23:59,12
Recent 28D,04,All,All,Saturday,00:00-05:59,9
Recent 28D,04,All,All,Saturday,06:00-11:59,4
Recent 28D,04,All,All,Saturday,12:00-17:59,11
Recent 28D,04,All,All,Saturday,18:00-23:59,17
Recent 28D,04,All,All,Sunday,00:00-05:59,18
Recent 28D,04,All,All,Sunday,06:00-11:59,5
Recent 28D,04,All,All,Sunday,12:00-17:59,15
Recent 28D,04,All,All,Sunday,18:00-23:59,10
Recent 28D,04,All,All,Thursday,00:00-05:59,10
Recent 28D,04,All,All,Thursday,06:00-11:59,3
Recent 28D,04,All,All,Thursday,12:00-17:59,13
Recent 28D,04,All,All,Thursday,18:00-23:59,13
Recent 28D,04,All,All,Tuesday,00:00-05:59,10
Recent 28D,04,All,All,Tuesday,06:00-11:59,6
Recent 28D,04,All,All,Tuesday,12:00-17:59,14
Recent 28D,04,All,All,Tuesday,18:00-23:59,10
Recent 28D,04,All,All,Wednesday,00:00-05:59,4
Recent 28D,04,All,All,Wednesday,06:00-11:59,5
Recent 28D,04,All,All,Wednesday,12:00-17:59,17
Recent 28D,04,All,All,Wednesday,18:00-23:59,13
Recent 28D,04,Crime Type,AGGRAVATED ASSAULT,Friday,06:00-11:59,1
Recent 28D,04,Crime Type,AGGRAVATED ASSAULT,Friday,12:00-17:59,2
Recent 28D,04,Crime Type,AGGRAVATED ASSAULT,Monday,00:00-05:59,1
Recent 28D,04,Crime Type,AGGRAVATED ASSAULT,Monday,12:00-17:59,1
Recent 28D,04,Crime Type,AGGRAVATED ASSAULT,Monday,18:00-23:59,1
Recent 28D,04,Crime Type,AGGRAVATED ASSAULT,Saturday,00:00-05:59,1
Recent 28D,04,Crime Type,AGGRAVATED ASSAULT,Saturday,18:00-23:59,2
Recent 28D,04,Crime Type,AGGRAVATED ASSAULT,Sunday,00:00-05:59,4
Recent 28D,04,Crime Type,AGGRAVATED ASSAULT,Sunday,12:00-17:59,2
Recent 28D,04,Crime Type,AGGRAVATED ASSAULT,Sunday,18:00-23:59,1
Recent 28D,04,Crime Type,AGGRAVATED ASSAULT,Thursday,00:00-05:59,2
Recent 28D,04,Crime Type,AGGRAVATED ASSAULT,Thursday,12:00-17:59,1
Recent 28D,04,Crime Type,AGGRAVATED ASSAULT,Thursday,18:00-23:59,1
Recent 28D,04,Crime Type,AGGRAVATED ASSAULT,Tuesday,00:00-05:59,1
Recent 28D,04,Crime Type,AGGRAVATED ASSAULT,Wednesday,12:00-17:59,2
Recent 28D,04,Crime Type,AGGRAVATED ASSAULT,Wednesday,18:00-23:59,1
Recent 28D,04,Crime Type,ARSON,Sunday,00:00-05:59,1
Recent 28D,04,Crime Type,ARSON,Thursday,18:00-23:59,1
Recent 28D,04,Crime Type,ASSAULT,Friday,00:00-05:59,1
Recent 28D,04,Crime Type,ASSAULT,Friday,06:00-11:59,2
Recent 28D,04,Crime Type,ASSAULT,Friday,12:00-17:59,1
Recent 28D,04,Crime Type,ASSAULT,Friday,18:00-23:59,3
Recent 28D,04,Crime Type,ASSAULT,Monday,06:00-11:59,2
Recent 28D,04,Crime Type,ASSAULT,Monday,18:00-23:59,3
Recent 28D,04,Crime Type,ASSAULT,Saturday,00:00-05:59,3
Recent 28D,04,Crime Type,ASSAULT,Saturday,12:00-17:59,8
Recent 28D,04,Crime Type,ASSAULT,Saturday,18:00-23:59,3
Recent 28D,04,Crime Type,ASSAULT,Sunday,00:00-05:59,4
Recent 28D,04,Crime Type,ASSAULT,Sunday,06:00-11:59,2
Recent 28D,04,Crime Type,ASSAULT,Sunday,12:00-17:59,4
Recent 28D,04,Crime Type,ASSAULT,Sunday,18:00-23:59,3
Recent 28D,04,Crime Type,ASSAULT,Thursday,00:00-05:59,4
Recent 28D,04,Crime Type,ASSAULT,Thursday,12:00-17:59,1
Recent 28D,04,Crime Type,ASSAULT,Thursday,18:00-23:59,6
Recent 28D,04,Crime Type,ASSAULT,Tuesday,00:00-05:59,1
Recent 28D,04,Crime Type,ASSAULT,Tuesday,12:00-17:59,2
Recent 28D,04,Crime Type,ASSAULT,Tuesday,18:00-23:59,2
Recent 28D,04,Crime Type,ASSAULT,Wednesday,12:00-17:59,3
Recent 28D,04,Crime Type,ASSAULT,Wednesday,18:00-23:59,3
Recent 28D,04,Crime Type,BURGLARY,Friday,00:00-05:59,1
Recent 28D,04,Crime Type,BURGLARY,Friday,06:00-11:59,1
Recent 28D,04,Crime Type,BURGLARY,Friday,12:00-17:59,1
Recent 28D,04,Crime Type,BURGLARY,Monday,00:00-05:59,1
Recent 28D,04,Crime Type,BURGLARY,Monday,18:00-23:59,1
Recent 28D,04,Crime Type,BURGLARY,Saturday,12:00-17:59,1
Recent 28D,04,Crime Type,BURGLARY,Sunday,00:00-05:59,1
Recent 28D,04,Crime Type,BURGLARY,Sunday,12:00-17:59,1
Recent 28D,04,Crime Type,BURGLARY,Sunday,18:00-23:59,1
Recent 28D,04,Crime Type,BURGLARY,Thursday,00:00-05:59,2
Recent 28D,04,Crime Type,BURGLARY,Thursday,06:00-11:59,1
Recent 28D,04,Crime Type,BURGLARY,Thursday,18:00-23:59,1
Recent 28D,04,Crime Type,BURGLARY,Tuesday,06:00-11:59,1
Recent 28D,04,Crime Type,BURGLARY,Tuesday,12:00-17:59,2
Recent 28D,04,Crime Type,BURGLARY,Wednesday,00:00-05:59,1
Recent 28D,04,Crime Type,BURGLARY,Wednesday,12:00-17:59,1
Recent 28D,04,Crime Type,DAMAGE TO PROPERTY,Friday,00:00-05:59,1
Recent 28D,04,Crime Type,DAMAGE TO PROPERTY,Friday,12:00-17:59,2
Recent 28D,04,Crime Type,DAMAGE TO PROPERTY,Friday,18:00-23:59,1
Recent 28D,04,Crime Type,DAMAGE TO PROPERTY,Monday,00:00-05:59,1
Recent 28D,04,Crime Type,DAMAGE TO PROPERTY,Monday,18:00-23:59,3
Recent 28D,04,Crime Type,DAMAGE TO PROPERTY,Saturday,00:00-05:59,1
Recent 28D,04,Crime Type,DAMAGE TO PROPERTY,Saturday,06:00-11:59,1
Recent 28D,04,Crime Type,DAMAGE TO PROPERTY,Saturday,18:00-23:59,2
Recent 28D,04,Crime Type,DAMAGE TO PROPERTY,Sunday,00:00-05:59,2
Recent 28D,04,Crime Type,DAMAGE TO PROPERTY,Sunday,12:00-17:59,1
Recent 28D,04,Crime Type,DAMAGE TO PROPERTY,Sunday,18:00-23:59,2
Recent 28D,04,Crime Type,DAMAGE TO PROPERTY,Thursday,00:00-05:59,2
Recent 28D,04,Crime Type,DAMAGE TO PROPERTY,Thursday,12:00-17:59,1
Recent 28D,04,Crime Type,DAMAGE TO PROPERTY,Thursday,18:00-23:59,1
Recent 28D,04,Crime Type,DAMAGE TO PROPERTY,Tuesday,00:00-05:59,3
Recent 28D,04,Crime Type,DAMAGE TO PROPERTY,Tuesday,06:00-11:59,1
Recent 28D,04,Crime Type,DAMAGE TO PROPERTY,Tuesday,18:00-23:59,1
Recent 28D,04,Crime Type,DAMAGE TO PROPERTY,Wednesday,12:00-17:59,1
Recent 28D,04,Crime Type,DANGEROUS DRUGS,Friday,00:00-05:59,2
Recent 28D,04,Crime Type,DANGEROUS DRUGS,Friday,06:00-11:59,1
Recent 28D,04,Crime Type,DANGEROUS DRUGS,Thursday,12:00-17:59,2
Recent 28D,04,Crime Type,DANGEROUS DRUGS,Thursday,18:00-23:59,1
Recent 28D,04,Crime Type,DANGEROUS DRUGS,Tuesday,06:00-11:59,1
Recent 28D,04,Crime Type,DANGEROUS DRUGS,Tuesday,12:00-17:59,1
Recent 28D,04,Crime Type,DANGEROUS DRUGS,Wednesday,00:00-05:59,1
Recent 28D,04,Crime Type,DANGEROUS DRUGS,Wednesday,12:00-17:59,1
Recent 28D,04,Crime Type,DANGEROUS DRUGS,Wednesday,18:00-23:59,1
Recent 28D,04,Crime Type,DISORDERLY CONDUCT,Monday,00:00-05:59,1
Recent 28D,04,Crime Type,DISORDERLY CONDUCT,Sunday,00:00-05:59,1
Recent 28D,04,Crime Type,FAMILY OFFENSE,Saturday,18:00-23:59,1
Recent 28D,04,Crime Type,FAMILY OFFENSE,Sunday,12:00-17:59,1
Recent 28D,04,Crime Type,FAMILY OFFENSE,Thursday,12:00-17:59,1
Recent 28D,04,Crime Type,FAMILY OFFENSE,Tuesday,00:00-05:59,1
Recent 28D,04,Crime Type,FRAUD,Friday,06:00-11:59,1
Recent 28D,04,Crime Type,FRAUD,Friday,12:00-17:59,1
Recent 28D,04,Crime Type,FRAUD,Friday,18:00-23:59,1
Recent 28D,04,Crime Type,FRAUD,Monday,06:00-11:59,4
Recent 28D,04,Crime Type,FRAUD,Saturday,12:00-17:59,1
Recent 28D,04,Crime Type,FRAUD,Saturday,18:00-23:59,1
Recent 28D,04,Crime Type,FRAUD,Sunday,06:00-11:59,2
Recent 28D,04,Crime Type,FRAUD,Sunday,12:00-17:59,1
Recent 28D,04,Crime Type,FRAUD,Sunday,18:00-23:59,1
Recent 28D,04,Crime Type,FRAUD,Thursday,12:00-17:59,4
Recent 28D,04,Crime Type,FRAUD,Tuesday,06:00-11:59,2
Recent 28D,04,Crime Type,FRAUD,Tuesday,12:00-17:59,3
Recent 28D,04,Crime Type,FRAUD,Tuesday,18:00-23:59,1
Recent 28D,04,Crime Type,FRAUD,Wednesday,06:00-11:59,1
Recent 28D,04,Crime Type,FRAUD,Wednesday,12:00-17:59,4
Recent 28D,04,Crime Type,KIDNAPPING,Monday,06:00-11:59,1
Recent 28D,04,Crime Type,KIDNAPPING,Thursday,12:00-17:59,1
Recent 28D,04,Crime Type,KIDNAPPING,Tuesday,00:00-05:59,1
Recent 28D,04,Crime Type,LARCENY,Friday,00:00-05:59,1
Recent 28D,04,Crime Type,LARCENY,Friday,06:00-11:59,1
Recent 28D,04,Crime Type,LARCENY,Friday,12:00-17:59,1
Recent 28D,04,Crime Type,LARCENY,Friday,18:00-23:59,2
Recent 28D,04,Crime Type,LARCENY,Monday,00:00-05:59,2
Recent 28D,04,Crime Type,LARCENY,Monday,18:00-23:59,1
Recent 28D,04,Crime Type,LARCENY,Saturday,06:00-11:59,3
Recent 28D,04,Crime Type,LARCENY,Saturday,18:00-23:59,4
Recent 28D,04,Crime Type,LARCENY,Sunday,00:00-05:59,2
Recent 28D,04,Crime Type,LARCENY,Sunday,06:00-11:59,1
Recent 28D,04,Crime Type,LARCENY,Sunday,12:00-17:59,2
Recent 28D,04,Crime Type,LARCENY,Thursday,06:00-11:59,1
Recent 28D,04,Crime Type,LARCENY,Thursday,12:00-17:59,1
Recent 28D,04,Crime Type,LARCENY,Thursday,18:00-23:59,1
Recent 28D,04,Crime Type,LARCENY,Tuesday,06:00-11:59,1
Recent 28D,04,Crime Type,LARCENY,Tuesday,12:00-17:59,2
Recent 28D,04,Crime Type,LARCENY,Tuesday,18:00-23:59,4
Recent 28D,04,Crime Type,LARCENY,Wednesday,00:00-05:59,1
Recent 28D,04,Crime Type,LARCENY,Wednesday,06:00-11:59,2
Recent 28D,04,Crime Type,LARCENY,Wednesday,12:00-17:59,2
Recent 28D,04,Crime Type,LARCENY,Wednesday,18:00-23:59,3
Recent 28D,04,Crime Type,OBSTRUCTING JUDICIARY,Friday,12:00-17:59,1
Recent 28D,04,Crime Type,OBSTRUCTING JUDICIARY,Tuesday,12:00-17:59,1
Recent 28D,04,Crime Type,OBSTRUCTING JUDICIARY,Wednesday,18:00-23:59,1
Recent 28D,04,Crime Type,OBSTRUCTING THE POLICE,Friday,06:00-11:59,1
Recent 28D,04,Crime Type,OBSTRUCTING THE POLICE,Friday,18:00-23:59,2
Recent 28D,04,Crime Type,OBSTRUCTING THE POLICE,Saturday,00:00-05:59,1
Recent 28D,04,Crime Type,OBSTRUCTING THE POLICE,Sunday,00:00-05:59,1
Recent 28D,04,Crime Type,OBSTRUCTING THE POLICE,Tuesday,12:00-17:59,1
Recent 28D,04,Crime Type,OBSTRUCTING THE POLICE,Wednesday,12:00-17:59,1
Recent 28D,04,Crime Type,OUIL,Saturday,18:00-23:59,2
Recent 28D,04,Crime Type,ROBBERY,Monday,00:00-05:59,1
Recent 28D,04,Crime Type,ROBBERY,Monday,18:00-23:59,1
Recent 28D,04,Crime Type,ROBBERY,Saturday,00:00-05:59,2
Recent 28D,04,Crime Type,ROBBERY,Wednesday,00:00-05:59,1
Recent 28D,04,Crime Type,ROBBERY,Wednesday,18:00-23:59,1
Recent 28D,04,Crime Type,SEXUAL ASSAULT,Saturday,18:00-23:59,1
Recent 28D,04,Crime Type,STOLEN PROPERTY,Friday,18:00-23:59,1
Recent 28D,04,Crime Type,STOLEN PROPERTY,Monday,06:00-11:59,1
Recent 28D,04,Crime Type,STOLEN PROPERTY,Tuesday,00:00-05:59,1
Recent 28D,04,Crime Type,STOLEN PROPERTY,Tuesday,12:00-17:59,2
Recent 28D,04,Crime Type,STOLEN PROPERTY,Wednesday,06:00-11:59,1
Recent 28D,04,Crime Type,STOLEN PROPERTY,Wednesday,12:00-17:59,1
Recent 28D,04,Crime Type,STOLEN PROPERTY,Wednesday,18:00-23:59,1
Recent 28D,04,Crime Type,STOLEN VEHICLE,Friday,06:00-11:59,2
Recent 28D,04,Crime Type,STOLEN VEHICLE,Friday,18:00-23:59,1
Recent 28D,04,Crime Type,STOLEN VEHICLE,Monday,00:00-05:59,2
Recent 28D,04,Crime Type,STOLEN VEHICLE,Monday,06:00-11:59,3
Recent 28D,04,Crime Type,STOLEN VEHICLE,Monday,18:00-23:59,2
Recent 28D,04,Crime Type,STOLEN VEHICLE,Saturday,00:00-05:59,1
Recent 28D,04,Crime Type,STOLEN VEHICLE,Saturday,12:00-17:59,1
Recent 28D,04,Crime Type,STOLEN VEHICLE,Saturday,18:00-23:59,1
Recent 28D,04,Crime Type,STOLEN VEHICLE,Sunday,00:00-05:59,1
Recent 28D,04,Crime Type,STOLEN VEHICLE,Sunday,12:00-17:59,3
Recent 28D,04,Crime Type,STOLEN VEHICLE,Sunday,18:00-23:59,1
Recent 28D,04,Crime Type,STOLEN VEHICLE,Thursday,12:00-17:59,1
Recent 28D,04,Crime Type,STOLEN VEHICLE,Thursday,18:00-23:59,1
Recent 28D,04,Crime Type,STOLEN VEHICLE,Tuesday,00:00-05:59,2
Recent 28D,04,Crime Type,STOLEN VEHICLE,Tuesday,18:00-23:59,1
Recent 28D,04,Crime Type,STOLEN VEHICLE,Wednesday,06:00-11:59,1
Recent 28D,04,Crime Type,WEAPONS OFFENSES,Friday,00:00-05:59,1
Recent 28D,04,Crime Type,WEAPONS OFFENSES,Friday,12:00-17:59,1
Recent 28D,04,Crime Type,WEAPONS OFFENSES,Friday,18:00-23:59,1
Recent 28D,04,Crime Type,WEAPONS OFFENSES,Sunday,00:00-05:59,1
Recent 28D,04,Crime Type,WEAPONS OFFENSES,Sunday,18:00-23:59,1
Recent 28D,04,Crime Type,WEAPONS OFFENSES,Thursday,06:00-11:59,1
Recent 28D,04,Crime Type,WEAPONS OFFENSES,Tuesday,18:00-23:59,1
Recent 28D,04,Crime Type,WEAPONS OFFENSES,Wednesday,12:00-17:59,1
Recent 28D,04,Crime Type,WEAPONS OFFENSES,Wednesday,18:00-23:59,2
Recent 28D,04,Category Focus,Gun-Related,Friday,00:00-05:59,1
Recent 28D,04,Category Focus,Gun-Related,Friday,12:00-17:59,1
Recent 28D,04,Category Focus,Gun-Related,Friday,18:00-23:59,1
Recent 28D,04,Category Focus,Gun-Related,Sunday,00:00-05:59,1
Recent 28D,04,Category Focus,Gun-Related,Sunday,18:00-23:59,1
Recent 28D,04,Category Focus,Gun-Related,Thursday,06:00-11:59,1
Recent 28D,04,Category Focus,Gun-Related,Tuesday,18:00-23:59,1
Recent 28D,04,Category Focus,Gun-Related,Wednesday,12:00-17:59,1
Recent 28D,04,Category Focus,Gun-Related,Wednesday,18:00-23:59,2
Recent 28D,04,Category Focus,Property Crime,Friday,00:00-05:59,3
Recent 28D,04,Category Focus,Property Crime,Friday,06:00-11:59,4
Recent 28D,04,Category Focus,Property Crime,Friday,12:00-17:59,4
Recent 28D,04,Category Focus,Property Crime,Friday,18:00-23:59,5
Recent 28D,04,Category Focus,Property Crime,Monday,00:00-05:59,6
Recent 28D,04,Category Focus,Property Crime,Monday,06:00-11:59,4
Recent 28D,04,Category Focus,Property Crime,Monday,18:00-23:59,7
Recent 28D,04,Category Focus,Property Crime,Saturday,00:00-05:59,2
Recent 28D,04,Category Focus,Property Crime,Saturday,06:00-11:59,4
Recent 28D,04,Category Focus,Property Crime,Saturday,12:00-17:59,2
Recent 28D,04,Category Focus,Property Crime,Saturday,18:00-23:59,7
Recent 28D,04,Category Focus,Property Crime,Sunday,00:00-05:59,6
Recent 28D,04,Category Focus,Property Crime,Sunday,06:00-11:59,1
Recent 28D,04,Category Focus,Property Crime,Sunday,12:00-17:59,7
Recent 28D,04,Category Focus,Property Crime,Sunday,18:00-23:59,4
Recent 28D,04,Category Focus,Property Crime,Thursday,00:00-05:59,4
Recent 28D,04,Category Focus,Property Crime,Thursday,06:00-11:59,2
Recent 28D,04,Category Focus,Property Crime,Thursday,12:00-17:59,3
Recent 28D,04,Category Focus,Property Crime,Thursday,18:00-23:59,4
Recent 28D,04,Category Focus,Property Crime,Tuesday,00:00-05:59,6
Recent 28D,04,Category Focus,Property Crime,Tuesday,06:00-11:59,3
Recent 28D,04,Category Focus,Property Crime,Tuesday,12:00-17:59,6
Recent 28D,04,Category Focus,Property Crime,Tuesday,18:00-23:59,6
Recent 28D,04,Category Focus,Property Crime,Wednesday,00:00-05:59,2
Recent 28D,04,Category Focus,Property Crime,Wednesday,06:00-11:59,4
Recent 28D,04,Category Focus,Property Crime,Wednesday,12:00-17:59,5
Recent 28D,04,Category Focus,Property Crime,Wednesday,18:00-23:59,4
Recent 28D,04,Category Focus,Larceny,Friday,00:00-05:59,1
Recent 28D,04,Category Focus,Larceny,Friday,06:00-11:59,1
Recent 28D,04,Category Focus,Larceny,Friday,12:00-17:59,1
Recent 28D,04,Category Focus,Larceny,Friday,18:00-23:59,2
Recent 28D,04,Category Focus,Larceny,Monday,00:00-05:59,2
Recent 28D,04,Category Focus,Larceny,Monday,18:00-23:59,1
Recent 28D,04,Category Focus,Larceny,Saturday,06:00-11:59,3
Recent 28D,04,Category Focus,Larceny,Saturday,18:00-23:59,4
Recent 28D,04,Category Focus,Larceny,Sunday,00:00-05:59,2
Recent 28D,04,Category Focus,Larceny,Sunday,06:00-11:59,1
Recent 28D,04,Category Focus,Larceny,Sunday,12:00-17:59,2
Recent 28D,04,Category Focus,Larceny,Thursday,06:00-11:59,1
Recent 28D,04,Category Focus,Larceny,Thursday,12:00-17:59,1
Recent 28D,04,Category Focus,Larceny,Thursday,18:00-23:59,1
Recent 28D,04,Category Focus,Larceny,Tuesday,06:00-11:59,1
Recent 28D,04,Category Focus,Larceny,Tuesday,12:00-17:59,2
Recent 28D,04,Category Focus,Larceny,Tuesday,18:00-23:59,4
Recent 28D,04,Category Focus,Larceny,Wednesday,00:00-05:59,1
Recent 28D,04,Category Focus,Larceny,Wednesday,06:00-11:59,2
Recent 28D,04,Category Focus,Larceny,Wednesday,12:00-17:59,2
Recent 28D,04,Category Focus,Larceny,Wednesday,18:00-23:59,3
Recent 28D,05,All,All,Friday,00:00-05:59,4
Recent 28D,05,All,All,Friday,06:00-11:59,14
Recent 28D,05,All,All,Friday,12:00-17:59,30
Recent 28D,05,All,All,Friday,18:00-23:59,11
Recent 28D,05,All,All,Monday,00:00-05:59,10
Recent 28D,05,All,All,Monday,06:00-11:59,11
Recent 28D,05,All,All,Monday,12:00-17:59,20
Recent 28D,05,All,All,Monday,18:00-23:59,11
Recent 28D,05,All,All,Saturday,00:00-05:59,9
Recent 28D,05,All,All,Saturday,06:00-11:59,11
Recent 28D,05,All,All,Saturday,12:00-17:59,19
Recent 28D,05,All,All,Saturday,18:00-23:59,13
Recent 28D,05,All,All,Sunday,00:00-05:59,13
Recent 28D,05,All,All,Sunday,06:00-11:59,15
Recent 28D,05,All,All,Sunday,12:00-17:59,28
Recent 28D,05,All,All,Sunday,18:00-23:59,22
Recent 28D,05,All,All,Thursday,00:00-05:59,9
Recent 28D,05,All,All,Thursday,06:00-11:59,5
Recent 28D,05,All,All,Thursday,12:00-17:59,14
Recent 28D,05,All,All,Thursday,18:00-23:59,16
Recent 28D,05,All,All,Tuesday,00:00-05:59,5
Recent 28D,05,All,All,Tuesday,06:00-11:59,9
Recent 28D,05,All,All,Tuesday,12:00-17:59,19
Recent 28D,05,All,All,Tuesday,18:00-23:59,16
Recent 28D,05,All,All,Wednesday,00:00-05:59,10
Recent 28D,05,All,All,Wednesday,06:00-11:59,15
Recent 28D,05,All,All,Wednesday,12:00-17:59,18
Recent 28D,05,All,All,Wednesday,18:00-23:59,23
Recent 28D,05,Crime Type,AGGRAVATED ASSAULT,Friday,12:00-17:59,2
Recent 28D,05,Crime Type,AGGRAVATED ASSAULT,Friday,18:00-23:59,1
Recent 28D,05,Crime Type,AGGRAVATED ASSAULT,Monday,00:00-05:59,2
Recent 28D,05,Crime Type,AGGRAVATED ASSAULT,Monday,18:00-23:59,1
Recent 28D,05,Crime Type,AGGRAVATED ASSAULT,Saturday,00:00-05:59,2
Recent 28D,05,Crime Type,AGGRAVATED ASSAULT,Saturday,06:00-11:59,1
Recent 28D,05,Crime Type,AGGRAVATED ASSAULT,Saturday,18:00-23:59,1
Recent 28D,05,Crime Type,AGGRAVATED ASSAULT,Sunday,00:00-05:59,1
Recent 28D,05,Crime Type,AGGRAVATED ASSAULT,Sunday,06:00-11:59,2
Recent 28D,05,Crime Type,AGGRAVATED ASSAULT,Sunday,12:00-17:59,4
Recent 28D,05,Crime Type,AGGRAVATED ASSAULT,Sunday,18:00-23:59,1
Recent 28D,05,Crime Type,AGGRAVATED ASSAULT,Thursday,00:00-05:59,1
Recent 28D,05,Crime Type,AGGRAVATED ASSAULT,Thursday,18:00-23:59,1
Recent 28D,05,Crime Type,AGGRAVATED ASSAULT,Tuesday,12:00-17:59,2
Recent 28D,05,Crime Type,AGGRAVATED ASSAULT,Tuesday,18:00-23:59,5
Recent 28D,05,Crime Type,AGGRAVATED ASSAULT,Wednesday,00:00-05:59,2
Recent 28D,05,Crime Type,AGGRAVATED ASSAULT,Wednesday,06:00-11:59,3
Recent 28D,05,Crime Type,AGGRAVATED ASSAULT,Wednesday,12:00-17:59,2
Recent 28D,05,Crime Type,AGGRAVATED ASSAULT,Wednesday,18:00-23:59,1
Recent 28D,05,Crime Type,ARSON,Thursday,12:00-17:59,1
Recent 28D,05,Crime Type,ARSON,Wednesday,06:00-11:59,1
Recent 28D,05,Crime Type,ASSAULT,Friday,00:00-05:59,1
Recent 28D,05,Crime Type,ASSAULT,Friday,06:00-11:59,3
Recent 28D,05,Crime Type,ASSAULT,Friday,12:00-17:59,7
Recent 28D,05,Crime Type,ASSAULT,Friday,18:00-23:59,6
Recent 28D,05,Crime Type,ASSAULT,Monday,00:00-05:59,2
Recent 28D,05,Crime Type,ASSAULT,Monday,12:00-17:59,5
Recent 28D,05,Crime Type,ASSAULT,Saturday,00:00-05:59,1
Recent 28D,05,Crime Type,ASSAULT,Saturday,06:00-11:59,2
Recent 28D,05,Crime Type,ASSAULT,Saturday,12:00-17:59,5
Recent 28D,05,Crime Type,ASSAULT,Saturday,18:00-23:59,4
Recent 28D,05,Crime Type,ASSAULT,Sunday,00:00-05:59,4
Recent 28D,05,Crime Type,ASSAULT,Sunday,06:00-11:59,3
Recent 28D,05,Crime Type,ASSAULT,Sunday,12:00-17:59,5
Recent 28D,05,Crime Type,ASSAULT,Sunday,18:00-23:59,7
Recent 28D,05,Crime Type,ASSAULT,Thursday,00:00-05:59,2
Recent 28D,05,Crime Type,ASSAULT,Thursday,06:00-11:59,1
Recent 28D,05,Crime Type,ASSAULT,Thursday,12:00-17:59,3
Recent 28D,05,Crime Type,ASSAULT,Thursday,18:00-23:59,4
Recent 28D,05,Crime Type,ASSAULT,Tuesday,00:00-05:59,1
Recent 28D,05,Crime Type,ASSAULT,Tuesday,06:00-11:59,2
Recent 28D,05,Crime Type,ASSAULT,Tuesday,12:00-17:59,3
Recent 28D,05,Crime Type,ASSAULT,Wednesday,00:00-05:59,4
Recent 28D,05,Crime Type,ASSAULT,Wednesday,12:00-17:59,3
Recent 28D,05,Crime Type,ASSAULT,Wednesday,18:00-23:59,4
Recent 28D,05,Crime Type,BURGLARY,Friday,06:00-11:59,1
Recent 28D,05,Crime Type,BURGLARY,Friday,12:00-17:59,3
Recent 28D,05,Crime Type,BURGLARY,Monday,06:00-11:59,3
Recent 28D,05,Crime Type,BURGLARY,Monday,12:00-17:59,2
Recent 28D,05,Crime Type,BURGLARY,Saturday,06:00-11:59,3
Recent 28D,05,Crime Type,BURGLARY,Saturday,12:00-17:59,2
Recent 28D,05,Crime Type,BURGLARY,Saturday,18:00-23:59,1
Recent 28D,05,Crime Type,BURGLARY,Sunday,00:00-05:59,2
Recent 28D,05,Crime Type,BURGLARY,Sunday,06:00-11:59,1
Recent 28D,05,Crime Type,BURGLARY,Sunday,12:00-17:59,2
Recent 28D,05,Crime Type,BURGLARY,Thursday,12:00-17:59,2
Recent 28D,05,Crime Type,BURGLARY,Tuesday,00:00-05:59,1
Recent 28D,05,Crime Type,BURGLARY,Tuesday,06:00-11:59,1
Recent 28D,05,Crime Type,BURGLARY,Wednesday,06:00-11:59,3
Recent 28D,05,Crime Type,BURGLARY,Wednesday,12:00-17:59,1
Recent 28D,05,Crime Type,BURGLARY,Wednesday,18:00-23:59,5
Recent 28D,05,Crime Type,DAMAGE TO PROPERTY,Friday,06:00-11:59,1
Recent 28D,05,Crime Type,DAMAGE TO PROPERTY,Friday,12:00-17:59,1
Recent 28D,05,Crime Type,DAMAGE TO PROPERTY,Friday,18:00-23:59,2
Recent 28D,05,Crime Type,DAMAGE TO PROPERTY,Monday,00:00-05:59,1
Recent 28D,05,Crime Type,DAMAGE TO PROPERTY,Monday,06:00-11:59,2
Recent 28D,05,Crime Type,DAMAGE TO PROPERTY,Monday,18:00-23:59,2
Recent 28D,05,Crime Type,DAMAGE TO PROPERTY,Saturday,00:00-05:59,4
Recent 28D,05,Crime Type,DAMAGE TO PROPERTY,Saturday,06:00-11:59,1
Recent 28D,05,Crime Type,DAMAGE TO PROPERTY,Saturday,12:00-17:59,2
Recent 28D,05,Crime Type,DAMAGE TO PROPERTY,Saturday,18:00-23:59,2
Recent 28D,05,Crime Type,DAMAGE TO PROPERTY,Sunday,00:00-05:59,2
Recent 28D,05,Crime Type,DAMAGE TO PROPERTY,Sunday,06:00-11:59,3
Recent 28D,05,Crime Type,DAMAGE TO PROPERTY,Sunday,12:00-17:59,4
Recent 28D,05,Crime Type,DAMAGE TO PROPERTY,Sunday,18:00-23:59,1
Recent 28D,05,Crime Type,DAMAGE TO PROPERTY,Thursday,00:00-05:59,1
Recent 28D,05,Crime Type,DAMAGE TO PROPERTY,Thursday,06:00-11:59,1
Recent 28D,05,Crime Type,DAMAGE TO PROPERTY,Thursday,12:00-17:59,1
Recent 28D,05,Crime Type,DAMAGE TO PROPERTY,Thursday,18:00-23:59,1
Recent 28D,05,Crime Type,DAMAGE TO PROPERTY,Tuesday,00:00-05:59,1
Recent 28D,05,Crime Type,DAMAGE TO PROPERTY,Tuesday,06:00-11:59,1
Recent 28D,05,Crime Type,DAMAGE TO PROPERTY,Tuesday,12:00-17:59,1
Recent 28D,05,Crime Type,DAMAGE TO PROPERTY,Tuesday,18:00-23:59,2
Recent 28D,05,Crime Type,DAMAGE TO PROPERTY,Wednesday,06:00-11:59,3
Recent 28D,05,Crime Type,DAMAGE TO PROPERTY,Wednesday,12:00-17:59,2
Recent 28D,05,Crime Type,DAMAGE TO PROPERTY,Wednesday,18:00-23:59,2
Recent 28D,05,Crime Type,DANGEROUS DRUGS,Friday,12:00-17:59,1
Recent 28D,05,Crime Type,DISORDERLY CONDUCT,Sunday,18:00-23:59,1
Recent 28D,05,Crime Type,FAMILY OFFENSE,Friday,12:00-17:59,1
Recent 28D,05,Crime Type,FAMILY OFFENSE,Monday,12:00-17:59,1
Recent 28D,05,Crime Type,FAMILY OFFENSE,Sunday,18:00-23:59,1
Recent 28D,05,Crime Type,FAMILY OFFENSE,Wednesday,06:00-11:59,2
Recent 28D,05,Crime Type,FORGERY,Friday,06:00-11:59,1
Recent 28D,05,Crime Type,FRAUD,Friday,00:00-05:59,1
Recent 28D,05,Crime Type,FRAUD,Friday,06:00-11:59,3
Recent 28D,05,Crime Type,FRAUD,Friday,12:00-17:59,3
Recent 28D,05,Crime Type,FRAUD,Friday,18:00-23:59,1
Recent 28D,05,Crime Type,FRAUD,Monday,06:00-11:59,3
Recent 28D,05,Crime Type,FRAUD,Monday,12:00-17:59,6
Recent 28D,05,Crime Type,FRAUD,Monday,18:00-23:59,1
Recent 28D,05,Crime Type,FRAUD,Saturday,06:00-11:59,3
Recent 28D,05,Crime Type,FRAUD,Saturday,12:00-17:59,3
Recent 28D,05,Crime Type,FRAUD,Saturday,18:00-23:59,1
Recent 28D,05,Crime Type,FRAUD,Sunday,00:00-05:59,1
Recent 28D,05,Crime Type,FRAUD,Sunday,06:00-11:59,3
Recent 28D,05,Crime Type,FRAUD,Sunday,12:00-17:59,4
Recent 28D,05,Crime Type,FRAUD,Sunday,18:00-23:59,2
Recent 28D,05,Crime Type,FRAUD,Thursday,06:00-11:59,1
Recent 28D,05,Crime Type,FRAUD,Thursday,12:00-17:59,4
Recent 28D,05,Crime Type,FRAUD,Thursday,18:00-23:59,2
Recent 28D,05,Crime Type,FRAUD,Tuesday,06:00-11:59,3
Recent 28D,05,Crime Type,FRAUD,Tuesday,12:00-17:59,3
Recent 28D,05,Crime Type,FRAUD,Tuesday,18:00-23:59,2
Recent 28D,05,Crime Type,FRAUD,Wednesday,00:00-05:59,1
Recent 28D,05,Crime Type,FRAUD,Wednesday,06:00-11:59,2
Recent 28D,05,Crime Type,FRAUD,Wednesday,12:00-17:59,4
Recent 28D,05,Crime Type,FRAUD,Wednesday,18:00-23:59,3
Recent 28D,05,Crime Type,INVASION OF PRIVACY -OTHER,Monday,12:00-17:59,1
Recent 28D,05,Crime Type,KIDNAPPING,Wednesday,18:00-23:59,1
Recent 28D,05,Crime Type,LARCENY,Friday,00:00-05:59,1
Recent 28D,05,Crime Type,LARCENY,Friday,06:00-11:59,3
Recent 28D,05,Crime Type,LARCENY,Friday,12:00-17:59,5
Recent 28D,05,Crime Type,LARCENY,Monday,00:00-05:59,2
Recent 28D,05,Crime Type,LARCENY,Monday,06:00-11:59,3
Recent 28D,05,Crime Type,LARCENY,Monday,12:00-17:59,1
Recent 28D,05,Crime Type,LARCENY,Monday,18:00-23:59,1
Recent 28D,05,Crime Type,LARCENY,Saturday,12:00-17:59,3
Recent 28D,05,Crime Type,LARCENY,Sunday,00:00-05:59,1
Recent 28D,05,Crime Type,LARCENY,Sunday,12:00-17:59,1
Recent 28D,05,Crime Type,LARCENY,Sunday,18:00-23:59,3
Recent 28D,05,Crime Type,LARCENY,Thursday,00:00-05:59,2
Recent 28D,05,Crime Type,LARCENY,Thursday,06:00-11:59,2
Recent 28D,05,Crime Type,LARCENY,Thursday,12:00-17:59,2
Recent 28D,05,Crime Type,LARCENY,Thursday,18:00-23:59,4
Recent 28D,05,Crime Type,LARCENY,Tuesday,00:00-05:59,1
Recent 28D,05,Crime Type,LARCENY,Tuesday,06:00-11:59,1
Recent 28D,05,Crime Type,LARCENY,Tuesday,12:00-17:59,3
Recent 28D,05,Crime Type,LARCENY,Tuesday,18:00-23:59,1
Recent 28D,05,Crime Type,LARCENY,Wednesday,06:00-11:59,1
Recent 28D,05,Crime Type,LARCENY,Wednesday,12:00-17:59,2
Recent 28D,05,Crime Type,LARCENY,Wednesday,18:00-23:59,2
Recent 28D,05,Crime Type,MISCELLANEOUS,Saturday,00:00-05:59,1
Recent 28D,05,Crime Type,OBSTRUCTING JUDICIARY,Sunday,12:00-17:59,1
Recent 28D,05,Crime Type,OBSTRUCTING JUDICIARY,Thursday,18:00-23:59,1
Recent 28D,05,Crime Type,OBSTRUCTING THE POLICE,Friday,06:00-11:59,1
Recent 28D,05,Crime Type,OBSTRUCTING THE POLICE,Friday,12:00-17:59,1
Recent 28D,05,Crime Type,OBSTRUCTING THE POLICE,Saturday,12:00-17:59,1
Recent 28D,05,Crime Type,OBSTRUCTING THE POLICE,Saturday,18:00-23:59,1
Recent 28D,05,Crime Type,OBSTRUCTING THE POLICE,Sunday,06:00-11:59,1
Recent 28D,05,Crime Type,OBSTRUCTING THE POLICE,Sunday,12:00-17:59,1
Recent 28D,05,Crime Type,OBSTRUCTING THE POLICE,Sunday,18:00-23:59,1
Recent 28D,05,Crime Type,OBSTRUCTING THE POLICE,Tuesday,12:00-17:59,1
Recent 28D,05,Crime Type,OBSTRUCTING THE POLICE,Wednesday,18:00-23:59,2
Recent 28D,05,Crime Type,OUIL,Monday,00:00-05:59,2
Recent 28D,05,Crime Type,OUIL,Tuesday,12:00-17:59,2
Recent 28D,05,Crime Type,ROBBERY,Sunday,18:00-23:59,2
Recent 28D,05,Crime Type,ROBBERY,Thursday,00:00-05:59,1
Recent 28D,05,Crime Type,ROBBERY,Thursday,12:00-17:59,1
Recent 28D,05,Crime Type,ROBBERY,Tuesday,18:00-23:59,2
Recent 28D,05,Crime Type,ROBBERY,Wednesday,12:00-17:59,1
Recent 28D,05,Crime Type,RUNAWAY,Monday,18:00-23:59,1
Recent 28D,05,Crime Type,RUNAWAY,Sunday,12:00-17:59,1
Recent 28D,05,Crime Type,RUNAWAY,Sunday,18:00-23:59,1
Recent 28D,05,Crime Type,SEX OFFENSES,Friday,06:00-11:59,1
Recent 28D,05,Crime Type,SEX OFFENSES,Friday,12:00-17:59,1
Recent 28D,05,Crime Type,SEX OFFENSES,Monday,18:00-23:59,1
Recent 28D,05,Crime Type,SEX OFFENSES,Sunday,12:00-17:59,1
Recent 28D,05,Crime Type,SEX OFFENSES,Wednesday,18:00-23:59,1
Recent 28D,05,Crime Type,SEXUAL ASSAULT,Thursday,00:00-05:59,1
Recent 28D,05,Crime Type,SEXUAL ASSAULT,Tuesday,12:00-17:59,1
Recent 28D,05,Crime Type,STOLEN PROPERTY,Friday,12:00-17:59,1
Recent 28D,05,Crime Type,STOLEN PROPERTY,Saturday,12:00-17:59,2
Recent 28D,05,Crime Type,STOLEN PROPERTY,Saturday,18:00-23:59,1
Recent 28D,05,Crime Type,STOLEN PROPERTY,Sunday,00:00-05:59,2
Recent 28D,05,Crime Type,STOLEN PROPERTY,Sunday,06:00-11:59,1
Recent 28D,05,Crime Type,STOLEN PROPERTY,Sunday,12:00-17:59,1
Recent 28D,05,Crime Type,STOLEN PROPERTY,Sunday,18:00-23:59,1
Recent 28D,05,Crime Type,STOLEN PROPERTY,Tuesday,06:00-11:59,1
Recent 28D,05,Crime Type,STOLEN PROPERTY,Wednesday,00:00-05:59,1
Recent 28D,05,Crime Type,STOLEN PROPERTY,Wednesday,12:00-17:59,1
Recent 28D,05,Crime Type,STOLEN VEHICLE,Friday,00:00-05:59,1
Recent 28D,05,Crime Type,STOLEN VEHICLE,Friday,12:00-17:59,2
Recent 28D,05,Crime Type,STOLEN VEHICLE,Friday,18:00-23:59,1
Recent 28D,05,Crime Type,STOLEN VEHICLE,Monday,00:00-05:59,1
Recent 28D,05,Crime Type,STOLEN VEHICLE,Monday,12:00-17:59,2
Recent 28D,05,Crime Type,STOLEN VEHICLE,Monday,18:00-23:59,4
Recent 28D,05,Crime Type,STOLEN VEHICLE,Saturday,12:00-17:59,1
Recent 28D,05,Crime Type,STOLEN VEHICLE,Saturday,18:00-23:59,1
Recent 28D,05,Crime Type,STOLEN VEHICLE,Sunday,06:00-11:59,1
Recent 28D,05,Crime Type,STOLEN VEHICLE,Sunday,12:00-17:59,3
Recent 28D,05,Crime Type,STOLEN VEHICLE,Sunday,18:00-23:59,1
Recent 28D,05,Crime Type,STOLEN VEHICLE,Thursday,00:00-05:59,1
Recent 28D,05,Crime Type,STOLEN VEHICLE,Thursday,18:00-23:59,1
Recent 28D,05,Crime Type,STOLEN VEHICLE,Tuesday,00:00-05:59,1
Recent 28D,05,Crime Type,STOLEN VEHICLE,Tuesday,12:00-17:59,1
Recent 28D,05,Crime Type,STOLEN VEHICLE,Tuesday,18:00-23:59,3
Recent 28D,05,Crime Type,STOLEN VEHICLE,Wednesday,00:00-05:59,2
Recent 28D,05,Crime Type,STOLEN VEHICLE,Wednesday,12:00-17:59,1
Recent 28D,05,Crime Type,STOLEN VEHICLE,Wednesday,18:00-23:59,1
Recent 28D,05,Crime Type,WEAPONS OFFENSES,Friday,12:00-17:59,2
Recent 28D,05,Crime Type,WEAPONS OFFENSES,Monday,12:00-17:59,2
Recent 28D,05,Crime Type,WEAPONS OFFENSES,Saturday,00:00-05:59,1
Recent 28D,05,Crime Type,WEAPONS OFFENSES,Saturday,06:00-11:59,1
Recent 28D,05,Crime Type,WEAPONS OFFENSES,Saturday,18:00-23:59,1
Recent 28D,05,Crime Type,WEAPONS OFFENSES,Thursday,18:00-23:59,2
Recent 28D,05,Crime Type,WEAPONS OFFENSES,Tuesday,12:00-17:59,2
Recent 28D,05,Crime Type,WEAPONS OFFENSES,Tuesday,18:00-23:59,1
Recent 28D,05,Crime Type,WEAPONS OFFENSES,Wednesday,12:00-17:59,1
Recent 28D,05,Crime Type,WEAPONS OFFENSES,Wednesday,18:00-23:59,1
Recent 28D,05,Category Focus,Gun-Related,Friday,12:00-17:59,2
Recent 28D,05,Category Focus,Gun-Related,Monday,12:00-17:59,2
Recent 28D,05,Category Focus,Gun-Related,Saturday,00:00-05:59,1
Recent 28D,05,Category Focus,Gun-Related,Saturday,06:00-11:59,1
Recent 28D,05,Category Focus,Gun-Related,Saturday,18:00-23:59,1
Recent 28D,05,Category Focus,Gun-Related,Thursday,18:00-23:59,2
Recent 28D,05,Category Focus,Gun-Related,Tuesday,12:00-17:59,2
Recent 28D,05,Category Focus,Gun-Related,Tuesday,18:00-23:59,1
Recent 28D,05,Category Focus,Gun-Related,Wednesday,12:00-17:59,1
Recent 28D,05,Category Focus,Gun-Related,Wednesday,18:00-23:59,1
Recent 28D,05,Category Focus,Property Crime,Friday,00:00-05:59,2
Recent 28D,05,Category Focus,Property Crime,Friday,06:00-11:59,5
Recent 28D,05,Category Focus,Property Crime,Friday,12:00-17:59,12
Recent 28D,05,Category Focus,Property Crime,Friday,18:00-23:59,3
Recent 28D,05,Category Focus,Property Crime,Monday,00:00-05:59,4
Recent 28D,05,Category Focus,Property Crime,Monday,06:00-11:59,8
Recent 28D,05,Category Focus,Property Crime,Monday,12:00-17:59,5
Recent 28D,05,Category Focus,Property Crime,Monday,18:00-23:59,7
Recent 28D,05,Category Focus,Property Crime,Saturday,00:00-05:59,4
Recent 28D,05,Category Focus,Property Crime,Saturday,06:00-11:59,4
Recent 28D,05,Category Focus,Property Crime,Saturday,12:00-17:59,10
Recent 28D,05,Category Focus,Property Crime,Saturday,18:00-23:59,5
Recent 28D,05,Category Focus,Property Crime,Sunday,00:00-05:59,7
Recent 28D,05,Category Focus,Property Crime,Sunday,06:00-11:59,6
Recent 28D,05,Category Focus,Property Crime,Sunday,12:00-17:59,11
Recent 28D,05,Category Focus,Property Crime,Sunday,18:00-23:59,6
Recent 28D,05,Category Focus,Property Crime,Thursday,00:00-05:59,4
Recent 28D,05,Category Focus,Property Crime,Thursday,06:00-11:59,3
Recent 28D,05,Category Focus,Property Crime,Thursday,12:00-17:59,5
Recent 28D,05,Category Focus,Property Crime,Thursday,18:00-23:59,6
Recent 28D,05,Category Focus,Property Crime,Tuesday,00:00-05:59,4
Recent 28D,05,Category Focus,Property Crime,Tuesday,06:00-11:59,4
Recent 28D,05,Category Focus,Property Crime,Tuesday,12:00-17:59,5
Recent 28D,05,Category Focus,Property Crime,Tuesday,18:00-23:59,6
Recent 28D,05,Category Focus,Property Crime,Wednesday,00:00-05:59,3
Recent 28D,05,Category Focus,Property Crime,Wednesday,06:00-11:59,7
Recent 28D,05,Category Focus,Property Crime,Wednesday,12:00-17:59,7
Recent 28D,05,Category Focus,Property Crime,Wednesday,18:00-23:59,10
Recent 28D,05,Category Focus,Larceny,Friday,00:00-05:59,1
Recent 28D,05,Category Focus,Larceny,Friday,06:00-11:59,3
Recent 28D,05,Category Focus,Larceny,Friday,12:00-17:59,5
Recent 28D,05,Category Focus,Larceny,Monday,00:00-05:59,2
Recent 28D,05,Category Focus,Larceny,Monday,06:00-11:59,3
Recent 28D,05,Category Focus,Larceny,Monday,12:00-17:59,1
Recent 28D,05,Category Focus,Larceny,Monday,18:00-23:59,1
Recent 28D,05,Category Focus,Larceny,Saturday,12:00-17:59,3
Recent 28D,05,Category Focus,Larceny,Sunday,00:00-05:59,1
Recent 28D,05,Category Focus,Larceny,Sunday,12:00-17:59,1
Recent 28D,05,Category Focus,Larceny,Sunday,18:00-23:59,3
Recent 28D,05,Category Focus,Larceny,Thursday,00:00-05:59,2
Recent 28D,05,Category Focus,Larceny,Thursday,06:00-11:59,2
Recent 28D,05,Category Focus,Larceny,Thursday,12:00-17:59,2
Recent 28D,05,Category Focus,Larceny,Thursday,18:00-23:59,4
Recent 28D,05,Category Focus,Larceny,Tuesday,00:00-05:59,1
Recent 28D,05,Category Focus,Larceny,Tuesday,06:00-11:59,1
Recent 28D,05,Category Focus,Larceny,Tuesday,12:00-17:59,3
Recent 28D,05,Category Focus,Larceny,Tuesday,18:00-23:59,1
Recent 28D,05,Category Focus,Larceny,Wednesday,06:00-11:59,1
Recent 28D,05,Category Focus,Larceny,Wednesday,12:00-17:59,2
Recent 28D,05,Category Focus,Larceny,Wednesday,18:00-23:59,2
Recent 28D,06,All,All,Friday,00:00-05:59,15
Recent 28D,06,All,All,Friday,06:00-11:59,17
Recent 28D,06,All,All,Friday,12:00-17:59,27
Recent 28D,06,All,All,Friday,18:00-23:59,12
Recent 28D,06,All,All,Monday,00:00-05:59,19
Recent 28D,06,All,All,Monday,06:00-11:59,14
Recent 28D,06,All,All,Monday,12:00-17:59,25
Recent 28D,06,All,All,Monday,18:00-23:59,21
Recent 28D,06,All,All,Saturday,00:00-05:59,6
Recent 28D,06,All,All,Saturday,06:00-11:59,9
Recent 28D,06,All,All,Saturday,12:00-17:59,39
Recent 28D,06,All,All,Saturday,18:00-23:59,26
Recent 28D,06,All,All,Sunday,00:00-05:59,19
Recent 28D,06,All,All,Sunday,06:00-11:59,16
Recent 28D,06,All,All,Sunday,12:00-17:59,13
Recent 28D,06,All,All,Sunday,18:00-23:59,24
Recent 28D,06,All,All,Thursday,00:00-05:59,13
Recent 28D,06,All,All,Thursday,06:00-11:59,9
Recent 28D,06,All,All,Thursday,12:00-17:59,18
Recent 28D,06,All,All,Thursday,18:00-23:59,25
Recent 28D,06,All,All,Tuesday,00:00-05:59,7
Recent 28D,06,All,All,Tuesday,06:00-11:59,10
Recent 28D,06,All,All,Tuesday,12:00-17:59,29
Recent 28D,06,All,All,Tuesday,18:00-23:59,17
Recent 28D,06,All,All,Wednesday,00:00-05:59,12
Recent 28D,06,All,All,Wednesday,06:00-11:59,14
Recent 28D,06,All,All,Wednesday,12:00-17:59,15
Recent 28D,06,All,All,Wednesday,18:00-23:59,23
Recent 28D,06,Crime Type,AGGRAVATED ASSAULT,Friday,00:00-05:59,1
Recent 28D,06,Crime Type,AGGRAVATED ASSAULT,Friday,06:00-11:59,1
Recent 28D,06,Crime Type,AGGRAVATED ASSAULT,Friday,12:00-17:59,1
Recent 28D,06,Crime Type,AGGRAVATED ASSAULT,Friday,18:00-23:59,3
Recent 28D,06,Crime Type,AGGRAVATED ASSAULT,Monday,00:00-05:59,2
Recent 28D,06,Crime Type,AGGRAVATED ASSAULT,Monday,12:00-17:59,3
Recent 28D,06,Crime Type,AGGRAVATED ASSAULT,Monday,18:00-23:59,3
Recent 28D,06,Crime Type,AGGRAVATED ASSAULT,Saturday,00:00-05:59,2
Recent 28D,06,Crime Type,AGGRAVATED ASSAULT,Saturday,12:00-17:59,5
Recent 28D,06,Crime Type,AGGRAVATED ASSAULT,Sunday,00:00-05:59,1
Recent 28D,06,Crime Type,AGGRAVATED ASSAULT,Sunday,06:00-11:59,1
Recent 28D,06,Crime Type,AGGRAVATED ASSAULT,Sunday,12:00-17:59,2
Recent 28D,06,Crime Type,AGGRAVATED ASSAULT,Sunday,18:00-23:59,3
Recent 28D,06,Crime Type,AGGRAVATED ASSAULT,Thursday,06:00-11:59,1
Recent 28D,06,Crime Type,AGGRAVATED ASSAULT,Thursday,12:00-17:59,1
Recent 28D,06,Crime Type,AGGRAVATED ASSAULT,Thursday,18:00-23:59,1
Recent 28D,06,Crime Type,AGGRAVATED ASSAULT,Tuesday,00:00-05:59,1
Recent 28D,06,Crime Type,AGGRAVATED ASSAULT,Tuesday,12:00-17:59,4
Recent 28D,06,Crime Type,AGGRAVATED ASSAULT,Tuesday,18:00-23:59,2
Recent 28D,06,Crime Type,AGGRAVATED ASSAULT,Wednesday,00:00-05:59,2
Recent 28D,06,Crime Type,AGGRAVATED ASSAULT,Wednesday,12:00-17:59,1
Recent 28D,06,Crime Type,AGGRAVATED ASSAULT,Wednesday,18:00-23:59,2
Recent 28D,06,Crime Type,ARSON,Saturday,00:00-05:59,1
Recent 28D,06,Crime Type,ARSON,Thursday,18:00-23:59,1
Recent 28D,06,Crime Type,ARSON,Tuesday,12:00-17:59,1
Recent 28D,06,Crime Type,ASSAULT,Friday,00:00-05:59,4
Recent 28D,06,Crime Type,ASSAULT,Friday,06:00-11:59,3
Recent 28D,06,Crime Type,ASSAULT,Friday,12:00-17:59,9
Recent 28D,06,Crime Type,ASSAULT,Friday,18:00-23:59,3
Recent 28D,06,Crime Type,ASSAULT,Monday,00:00-05:59,2
Recent 28D,06,Crime Type,ASSAULT,Monday,06:00-11:59,5
Recent 28D,06,Crime Type,ASSAULT,Monday,12:00-17:59,5
Recent 28D,06,Crime Type,ASSAULT,Monday,18:00-23:59,6
Recent 28D,06,Crime Type,ASSAULT,Saturday,06:00-11:59,1
Recent 28D,06,Crime Type,ASSAULT,Saturday,12:00-17:59,11
Recent 28D,06,Crime Type,ASSAULT,Saturday,18:00-23:59,12
Recent 28D,06,Crime Type,ASSAULT,Sunday,00:00-05:59,7
Recent 28D,06,Crime Type,ASSAULT,Sunday,06:00-11:59,5
Recent 28D,06,Crime Type,ASSAULT,Sunday,12:00-17:59,4
Recent 28D,06,Crime Type,ASSAULT,Sunday,18:00-23:59,5
Recent 28D,06,Crime Type,ASSAULT,Thursday,00:00-05:59,2
Recent 28D,06,Crime Type,ASSAULT,Thursday,06:00-11:59,1
Recent 28D,06,Crime Type,ASSAULT,Thursday,12:00-17:59,4
Recent 28D,06,Crime Type,ASSAULT,Thursday,18:00-23:59,8
Recent 28D,06,Crime Type,ASSAULT,Tuesday,06:00-11:59,1
Recent 28D,06,Crime Type,ASSAULT,Tuesday,12:00-17:59,5
Recent 28D,06,Crime Type,ASSAULT,Tuesday,18:00-23:59,3
Recent 28D,06,Crime Type,ASSAULT,Wednesday,00:00-05:59,5
Recent 28D,06,Crime Type,ASSAULT,Wednesday,06:00-11:59,5
Recent 28D,06,Crime Type,ASSAULT,Wednesday,12:00-17:59,2
Recent 28D,06,Crime Type,ASSAULT,Wednesday,18:00-23:59,4
Recent 28D,06,Crime Type,BURGLARY,Friday,00:00-05:59,1
Recent 28D,06,Crime Type,BURGLARY,Friday,06:00-11:59,2
Recent 28D,06,Crime Type,BURGLARY,Friday,12:00-17:59,4
Recent 28D,06,Crime Type,BURGLARY,Friday,18:00-23:59,1
Recent 28D,06,Crime Type,BURGLARY,Monday,00:00-05:59,4
Recent 28D,06,Crime Type,BURGLARY,Monday,06:00-11:59,2
Recent 28D,06,Crime Type,BURGLARY,Monday,12:00-17:59,2
Recent 28D,06,Crime Type,BURGLARY,Monday,18:00-23:59,1
Recent 28D,06,Crime Type,BURGLARY,Saturday,06:00-11:59,1
Recent 28D,06,Crime Type,BURGLARY,Saturday,12:00-17:59,4
Recent 28D,06,Crime Type,BURGLARY,Saturday,18:00-23:59,3
Recent 28D,06,Crime Type,BURGLARY,Sunday,00:00-05:59,2
Recent 28D,06,Crime Type,BURGLARY,Sunday,06:00-11:59,1
Recent 28D,06,Crime Type,BURGLARY,Sunday,12:00-17:59,3
Recent 28D,06,Crime Type,BURGLARY,Thursday,00:00-05:59,2
Recent 28D,06,Crime Type,BURGLARY,Thursday,18:00-23:59,2
Recent 28D,06,Crime Type,BURGLARY,Tuesday,12:00-17:59,1
Recent 28D,06,Crime Type,BURGLARY,Wednesday,00:00-05:59,2
Recent 28D,06,Crime Type,BURGLARY,Wednesday,06:00-11:59,2
Recent 28D,06,Crime Type,BURGLARY,Wednesday,12:00-17:59,2
Recent 28D,06,Crime Type,BURGLARY,Wednesday,18:00-23:59,1
Recent 28D,06,Crime Type,DAMAGE TO PROPERTY,Friday,00:00-05:59,2
Recent 28D,06,Crime Type,DAMAGE TO PROPERTY,Friday,06:00-11:59,3
Recent 28D,06,Crime Type,DAMAGE TO PROPERTY,Friday,12:00-17:59,1
Recent 28D,06,Crime Type,DAMAGE TO PROPERTY,Friday,18:00-23:59,2
Recent 28D,06,Crime Type,DAMAGE TO PROPERTY,Monday,00:00-05:59,5
Recent 28D,06,Crime Type,DAMAGE TO PROPERTY,Monday,06:00-11:59,3
Recent 28D,06,Crime Type,DAMAGE TO PROPERTY,Monday,12:00-17:59,2
Recent 28D,06,Crime Type,DAMAGE TO PROPERTY,Monday,18:00-23:59,5
Recent 28D,06,Crime Type,DAMAGE TO PROPERTY,Saturday,00:00-05:59,1
Recent 28D,06,Crime Type,DAMAGE TO PROPERTY,Saturday,06:00-11:59,1
Recent 28D,06,Crime Type,DAMAGE TO PROPERTY,Saturday,12:00-17:59,4
Recent 28D,06,Crime Type,DAMAGE TO PROPERTY,Saturday,18:00-23:59,3
Recent 28D,06,Crime Type,DAMAGE TO PROPERTY,Sunday,00:00-05:59,4
Recent 28D,06,Crime Type,DAMAGE TO PROPERTY,Sunday,06:00-11:59,2
Recent 28D,06,Crime Type,DAMAGE TO PROPERTY,Sunday,12:00-17:59,2
Recent 28D,06,Crime Type,DAMAGE TO PROPERTY,Sunday,18:00-23:59,4
Recent 28D,06,Crime Type,DAMAGE TO PROPERTY,Thursday,00:00-05:59,5
Recent 28D,06,Crime Type,DAMAGE TO PROPERTY,Thursday,06:00-11:59,3
Recent 28D,06,Crime Type,DAMAGE TO PROPERTY,Thursday,12:00-17:59,1
Recent 28D,06,Crime Type,DAMAGE TO PROPERTY,Thursday,18:00-23:59,1
Recent 28D,06,Crime Type,DAMAGE TO PROPERTY,Tuesday,00:00-05:59,2
Recent 28D,06,Crime Type,DAMAGE TO PROPERTY,Tuesday,12:00-17:59,4
Recent 28D,06,Crime Type,DAMAGE TO PROPERTY,Tuesday,18:00-23:59,1
Recent 28D,06,Crime Type,DAMAGE TO PROPERTY,Wednesday,00:00-05:59,1
Recent 28D,06,Crime Type,DAMAGE TO PROPERTY,Wednesday,06:00-11:59,1
Recent 28D,06,Crime Type,DAMAGE TO PROPERTY,Wednesday,18:00-23:59,3
Recent 28D,06,Crime Type,DANGEROUS DRUGS,Friday,06:00-11:59,1
Recent 28D,06,Crime Type,DANGEROUS DRUGS,Monday,18:00-23:59,1
Recent 28D,06,Crime Type,DANGEROUS DRUGS,Sunday,06:00-11:59,1
Recent 28D,06,Crime Type,DANGEROUS DRUGS,Wednesday,12:00-17:59,1
Recent 28D,06,Crime Type,DISORDERLY CONDUCT,Sunday,00:00-05:59,1
Recent 28D,06,Crime Type,FAMILY OFFENSE,Friday,06:00-11:59,1
Recent 28D,06,Crime Type,FAMILY OFFENSE,Saturday,06:00-11:59,1
Recent 28D,06,Crime Type,FAMILY OFFENSE,Tuesday,00:00-05:59,1
Recent 28D,06,Crime Type,FAMILY OFFENSE,Tuesday,18:00-23:59,1
Recent 28D,06,Crime Type,FAMILY OFFENSE,Wednesday,12:00-17:59,1
Recent 28D,06,Crime Type,FRAUD,Friday,00:00-05:59,1
Recent 28D,06,Crime Type,FRAUD,Friday,06:00-11:59,1
Recent 28D,06,Crime Type,FRAUD,Friday,12:00-17:59,4
Recent 28D,06,Crime Type,FRAUD,Monday,00:00-05:59,1
Recent 28D,06,Crime Type,FRAUD,Monday,12:00-17:59,3
Recent 28D,06,Crime Type,FRAUD,Monday,18:00-23:59,1
Recent 28D,06,Crime Type,FRAUD,Saturday,00:00-05:59,1
Recent 28D,06,Crime Type,FRAUD,Saturday,06:00-11:59,1
Recent 28D,06,Crime Type,FRAUD,Saturday,12:00-17:59,4
Recent 28D,06,Crime Type,FRAUD,Saturday,18:00-23:59,1
Recent 28D,06,Crime Type,FRAUD,Sunday,12:00-17:59,1
Recent 28D,06,Crime Type,FRAUD,Sunday,18:00-23:59,1
Recent 28D,06,Crime Type,FRAUD,Thursday,06:00-11:59,2
Recent 28D,06,Crime Type,FRAUD,Thursday,12:00-17:59,2
Recent 28D,06,Crime Type,FRAUD,Tuesday,06:00-11:59,3
Recent 28D,06,Crime Type,FRAUD,Tuesday,12:00-17:59,2
Recent 28D,06,Crime Type,FRAUD,Tuesday,18:00-23:59,3
Recent 28D,06,Crime Type,FRAUD,Wednesday,12:00-17:59,2
Recent 28D,06,Crime Type,FRAUD,Wednesday,18:00-23:59,3
Recent 28D,06,Crime Type,HEALTH AND SAFETY,Friday,18:00-23:59,1
Recent 28D,06,Crime Type,HEALTH AND SAFETY,Thursday,18:00-23:59,2
Recent 28D,06,Crime Type,INVASION OF PRIVACY -OTHER,Tuesday,06:00-11:59,2
Recent 28D,06,Crime Type,KIDNAPPING,Saturday,12:00-17:59,2
Recent 28D,06,Crime Type,LARCENY,Friday,00:00-05:59,2
Recent 28D,06,Crime Type,LARCENY,Friday,06:00-11:59,1
Recent 28D,06,Crime Type,LARCENY,Friday,12:00-17:59,5
Recent 28D,06,Crime Type,LARCENY,Friday,18:00-23:59,1
Recent 28D,06,Crime Type,LARCENY,Monday,00:00-05:59,2
Recent 28D,06,Crime Type,LARCENY,Monday,06:00-11:59,1
Recent 28D,06,Crime Type,LARCENY,Monday,12:00-17:59,6
Recent 28D,06,Crime Type,LARCENY,Monday,18:00-23:59,1
Recent 28D,06,Crime Type,LARCENY,Saturday,06:00-11:59,2
Recent 28D,06,Crime Type,LARCENY,Saturday,12:00-17:59,7
Recent 28D,06,Crime Type,LARCENY,Saturday,18:00-23:59,2
Recent 28D,06,Crime Type,LARCENY,Sunday,00:00-05:59,3
Recent 28D,06,Crime Type,LARCENY,Sunday,06:00-11:59,3
Recent 28D,06,Crime Type,LARCENY,Sunday,18:00-23:59,4
Recent 28D,06,Crime Type,LARCENY,Thursday,12:00-17:59,5
Recent 28D,06,Crime Type,LARCENY,Thursday,18:00-23:59,2
Recent 28D,06,Crime Type,LARCENY,Tuesday,06:00-11:59,2
Recent 28D,06,Crime Type,LARCENY,Tuesday,12:00-17:59,4
Recent 28D,06,Crime Type,LARCENY,Tuesday,18:00-23:59,6
Recent 28D,06,Crime Type,LARCENY,Wednesday,00:00-05:59,2
Recent 28D,06,Crime Type,LARCENY,Wednesday,06:00-11:59,3
Recent 28D,06,Crime Type,LARCENY,Wednesday,12:00-17:59,5
Recent 28D,06,Crime Type,LARCENY,Wednesday,18:00-23:59,4
Recent 28D,06,Crime Type,OBSTRUCTING JUDICIARY,Friday,06:00-11:59,1
Recent 28D,06,Crime Type,OBSTRUCTING JUDICIARY,Friday,12:00-17:59,2
Recent 28D,06,Crime Type,OBSTRUCTING JUDICIARY,Sunday,06:00-11:59,1
Recent 28D,06,Crime Type,OBSTRUCTING JUDICIARY,Thursday,12:00-17:59,2
Recent 28D,06,Crime Type,OBSTRUCTING JUDICIARY,Thursday,18:00-23:59,1
Recent 28D,06,Crime Type,OBSTRUCTING JUDICIARY,Wednesday,06:00-11:59,1
Recent 28D,06,Crime Type,OBSTRUCTING THE POLICE,Friday,00:00-05:59,1
Recent 28D,06,Crime Type,OBSTRUCTING THE POLICE,Friday,06:00-11:59,1
Recent 28D,06,Crime Type,OBSTRUCTING THE POLICE,Friday,12:00-17:59,1
Recent 28D,06,Crime Type,OBSTRUCTING THE POLICE,Saturday,18:00-23:59,1
Recent 28D,06,Crime Type,OBSTRUCTING THE POLICE,Sunday,18:00-23:59,3
Recent 28D,06,Crime Type,OBSTRUCTING THE POLICE,Thursday,06:00-11:59,1
Recent 28D,06,Crime Type,OBSTRUCTING THE POLICE,Tuesday,12:00-17:59,3
Recent 28D,06,Crime Type,OBSTRUCTING THE POLICE,Tuesday,18:00-23:59,1
Recent 28D,06,Crime Type,OBSTRUCTING THE POLICE,Wednesday,06:00-11:59,1
Recent 28D,06,Crime Type,OBSTRUCTING THE POLICE,Wednesday,18:00-23:59,1
Recent 28D,06,Crime Type,ROBBERY,Monday,00:00-05:59,1
Recent 28D,06,Crime Type,ROBBERY,Sunday,12:00-17:59,1
Recent 28D,06,Crime Type,ROBBERY,Sunday,18:00-23:59,1
Recent 28D,06,Crime Type,ROBBERY,Thursday,06:00-11:59,1
Recent 28D,06,Crime Type,ROBBERY,Tuesday,12:00-17:59,1
Recent 28D,06,Crime Type,RUNAWAY,Monday,18:00-23:59,1
Recent 28D,06,Crime Type,RUNAWAY,Saturday,00:00-05:59,1
Recent 28D,06,Crime Type,RUNAWAY,Tuesday,00:00-05:59,1
Recent 28D,06,Crime Type,RUNAWAY,Wednesday,12:00-17:59,1
Recent 28D,06,Crime Type,SEXUAL ASSAULT,Friday,06:00-11:59,2
Recent 28D,06,Crime Type,SEXUAL ASSAULT,Saturday,06:00-11:59,2
Recent 28D,06,Crime Type,SEXUAL ASSAULT,Saturday,12:00-17:59,1
Recent 28D,06,Crime Type,SEXUAL ASSAULT,Sunday,18:00-23:59,1
Recent 28D,06,Crime Type,STOLEN PROPERTY,Friday,00:00-05:59,1
Recent 28D,06,Crime Type,STOLEN PROPERTY,Monday,00:00-05:59,1
Recent 28D,06,Crime Type,STOLEN PROPERTY,Monday,06:00-11:59,1
Recent 28D,06,Crime Type,STOLEN PROPERTY,Monday,12:00-17:59,2
Recent 28D,06,Crime Type,STOLEN PROPERTY,Saturday,18:00-23:59,1
Recent 28D,06,Crime Type,STOLEN PROPERTY,Sunday,06:00-11:59,1
Recent 28D,06,Crime Type,STOLEN PROPERTY,Sunday,18:00-23:59,1
Recent 28D,06,Crime Type,STOLEN PROPERTY,Thursday,00:00-05:59,3
Recent 28D,06,Crime Type,STOLEN PROPERTY,Thursday,18:00-23:59,1
Recent 28D,06,Crime Type,STOLEN PROPERTY,Tuesday,06:00-11:59,2
Recent 28D,06,Crime Type,STOLEN PROPERTY,Tuesday,12:00-17:59,1
Recent 28D,06,Crime Type,STOLEN PROPERTY,Wednesday,18:00-23:59,2
Recent 28D,06,Crime Type,STOLEN VEHICLE,Friday,00:00-05:59,2
Recent 28D,06,Crime Type,STOLEN VEHICLE,Monday,00:00-05:59,1
Recent 28D,06,Crime Type,STOLEN VEHICLE,Monday,06:00-11:59,1
Recent 28D,06,Crime Type,STOLEN VEHICLE,Monday,12:00-17:59,2
Recent 28D,06,Crime Type,STOLEN VEHICLE,Monday,18:00-23:59,1
Recent 28D,06,Crime Type,STOLEN VEHICLE,Saturday,18:00-23:59,3
Recent 28D,06,Crime Type,STOLEN VEHICLE,Sunday,06:00-11:59,1
Recent 28D,06,Crime Type,STOLEN VEHICLE,Thursday,12:00-17:59,2
Recent 28D,06,Crime Type,STOLEN VEHICLE,Thursday,18:00-23:59,2
Recent 28D,06,Crime Type,STOLEN VEHICLE,Tuesday,00:00-05:59,2
Recent 28D,06,Crime Type,STOLEN VEHICLE,Tuesday,12:00-17:59,3
Recent 28D,06,Crime Type,STOLEN VEHICLE,Wednesday,06:00-11:59,1
Recent 28D,06,Crime Type,STOLEN VEHICLE,Wednesday,18:00-23:59,3
Recent 28D,06,Crime Type,WEAPONS OFFENSES,Friday,18:00-23:59,1
Recent 28D,06,Crime Type,WEAPONS OFFENSES,Monday,06:00-11:59,1
Recent 28D,06,Crime Type,WEAPONS OFFENSES,Monday,18:00-23:59,1
Recent 28D,06,Crime Type,WEAPONS OFFENSES,Saturday,12:00-17:59,1
Recent 28D,06,Crime Type,WEAPONS OFFENSES,Sunday,00:00-05:59,1
Recent 28D,06,Crime Type,WEAPONS OFFENSES,Sunday,18:00-23:59,1
Recent 28D,06,Crime Type,WEAPONS OFFENSES,Thursday,00:00-05:59,1
Recent 28D,06,Crime Type,WEAPONS OFFENSES,Thursday,12:00-17:59,1
Recent 28D,06,Crime Type,WEAPONS OFFENSES,Thursday,18:00-23:59,4
Recent 28D,06,Category Focus,Gun-Related,Friday,18:00-23:59,1
Recent 28D,06,Category Focus,Gun-Related,Monday,06:00-11:59,1
Recent 28D,06,Category Focus,Gun-Related,Monday,18:00-23:59,1
Recent 28D,06,Category Focus,Gun-Related,Saturday,12:00-17:59,1
Recent 28D,06,Category Focus,Gun-Related,Sunday,00:00-05:59,1
Recent 28D,06,Category Focus,Gun-Related,Sunday,18:00-23:59,1
Recent 28D,06,Category Focus,Gun-Related,Thursday,00:00-05:59,1
Recent 28D,06,Category Focus,Gun-Related,Thursday,12:00-17:59,1
Recent 28D,06,Category Focus,Gun-Related,Thursday,18:00-23:59,4
Recent 28D,06,Category Focus,Property Crime,Friday,00:00-05:59,8
Recent 28D,06,Category Focus,Property Crime,Friday,06:00-11:59,6
Recent 28D,06,Category Focus,Property Crime,Friday,12:00-17:59,10
Recent 28D,06,Category Focus,Property Crime,Friday,18:00-23:59,4
Recent 28D,06,Category Focus,Property Crime,Monday,00:00-05:59,13
Recent 28D,06,Category Focus,Property Crime,Monday,06:00-11:59,8
Recent 28D,06,Category Focus,Property Crime,Monday,12:00-17:59,14
Recent 28D,06,Category Focus,Property Crime,Monday,18:00-23:59,8
Recent 28D,06,Category Focus,Property Crime,Saturday,00:00-05:59,1
Recent 28D,06,Category Focus,Property Crime,Saturday,06:00-11:59,4
Recent 28D,06,Category Focus,Property Crime,Saturday,12:00-17:59,15
Recent 28D,06,Category Focus,Property Crime,Saturday,18:00-23:59,12
Recent 28D,06,Category Focus,Property Crime,Sunday,00:00-05:59,9
Recent 28D,06,Category Focus,Property Crime,Sunday,06:00-11:59,8
Recent 28D,06,Category Focus,Property Crime,Sunday,12:00-17:59,5
Recent 28D,06,Category Focus,Property Crime,Sunday,18:00-23:59,9
Recent 28D,06,Category Focus,Property Crime,Thursday,00:00-05:59,10
Recent 28D,06,Category Focus,Property Crime,Thursday,06:00-11:59,3
Recent 28D,06,Category Focus,Property Crime,Thursday,12:00-17:59,8
Recent 28D,06,Category Focus,Property Crime,Thursday,18:00-23:59,8
Recent 28D,06,Category Focus,Property Crime,Tuesday,00:00-05:59,4
Recent 28D,06,Category Focus,Property Crime,Tuesday,06:00-11:59,4
Recent 28D,06,Category Focus,Property Crime,Tuesday,12:00-17:59,13
Recent 28D,06,Category Focus,Property Crime,Tuesday,18:00-23:59,7
Recent 28D,06,Category Focus,Property Crime,Wednesday,00:00-05:59,5
Recent 28D,06,Category Focus,Property Crime,Wednesday,06:00-11:59,7
Recent 28D,06,Category Focus,Property Crime,Wednesday,12:00-17:59,7
Recent 28D,06,Category Focus,Property Crime,Wednesday,18:00-23:59,13
Recent 28D,06,Category Focus,Larceny,Friday,00:00-05:59,2
Recent 28D,06,Category Focus,Larceny,Friday,06:00-11:59,1
Recent 28D,06,Category Focus,Larceny,Friday,12:00-17:59,5
Recent 28D,06,Category Focus,Larceny,Friday,18:00-23:59,1
Recent 28D,06,Category Focus,Larceny,Monday,00:00-05:59,2
Recent 28D,06,Category Focus,Larceny,Monday,06:00-11:59,1
Recent 28D,06,Category Focus,Larceny,Monday,12:00-17:59,6
Recent 28D,06,Category Focus,Larceny,Monday,18:00-23:59,1
Recent 28D,06,Category Focus,Larceny,Saturday,06:00-11:59,2
Recent 28D,06,Category Focus,Larceny,Saturday,12:00-17:59,7
Recent 28D,06,Category Focus,Larceny,Saturday,18:00-23:59,2
Recent 28D,06,Category Focus,Larceny,Sunday,00:00-05:59,3
Recent 28D,06,Category Focus,Larceny,Sunday,06:00-11:59,3
Recent 28D,06,Category Focus,Larceny,Sunday,18:00-23:59,4
Recent 28D,06,Category Focus,Larceny,Thursday,12:00-17:59,5
Recent 28D,06,Category Focus,Larceny,Thursday,18:00-23:59,2
Recent 28D,06,Category Focus,Larceny,Tuesday,06:00-11:59,2
Recent 28D,06,Category Focus,Larceny,Tuesday,12:00-17:59,4
Recent 28D,06,Category Focus,Larceny,Tuesday,18:00-23:59,6
Recent 28D,06,Category Focus,Larceny,Wednesday,00:00-05:59,2
Recent 28D,06,Category Focus,Larceny,Wednesday,06:00-11:59,3
Recent 28D,06,Category Focus,Larceny,Wednesday,12:00-17:59,5
Recent 28D,06,Category Focus,Larceny,Wednesday,18:00-23:59,4
Recent 28D,07,All,All,Friday,00:00-05:59,12
Recent 28D,07,All,All,Friday,06:00-11:59,11
Recent 28D,07,All,All,Friday,12:00-17:59,13
Recent 28D,07,All,All,Friday,18:00-23:59,15
Recent 28D,07,All,All,Monday,00:00-05:59,5
Recent 28D,07,All,All,Monday,06:00-11:59,10
Recent 28D,07,All,All,Monday,12:00-17:59,14
Recent 28D,07,All,All,Monday,18:00-23:59,17
Recent 28D,07,All,All,Saturday,00:00-05:59,12
Recent 28D,07,All,All,Saturday,06:00-11:59,4
Recent 28D,07,All,All,Saturday,12:00-17:59,24
Recent 28D,07,All,All,Saturday,18:00-23:59,25
Recent 28D,07,All,All,Sunday,00:00-05:59,12
Recent 28D,07,All,All,Sunday,06:00-11:59,4
Recent 28D,07,All,All,Sunday,12:00-17:59,12
Recent 28D,07,All,All,Sunday,18:00-23:59,11
Recent 28D,07,All,All,Thursday,00:00-05:59,4
Recent 28D,07,All,All,Thursday,06:00-11:59,11
Recent 28D,07,All,All,Thursday,12:00-17:59,7
Recent 28D,07,All,All,Thursday,18:00-23:59,9
Recent 28D,07,All,All,Tuesday,00:00-05:59,4
Recent 28D,07,All,All,Tuesday,06:00-11:59,9
Recent 28D,07,All,All,Tuesday,12:00-17:59,22
Recent 28D,07,All,All,Tuesday,18:00-23:59,10
Recent 28D,07,All,All,Wednesday,00:00-05:59,4
Recent 28D,07,All,All,Wednesday,06:00-11:59,7
Recent 28D,07,All,All,Wednesday,12:00-17:59,7
Recent 28D,07,All,All,Wednesday,18:00-23:59,18
Recent 28D,07,Crime Type,AGGRAVATED ASSAULT,Saturday,00:00-05:59,1
Recent 28D,07,Crime Type,AGGRAVATED ASSAULT,Saturday,12:00-17:59,1
Recent 28D,07,Crime Type,AGGRAVATED ASSAULT,Sunday,12:00-17:59,2
Recent 28D,07,Crime Type,AGGRAVATED ASSAULT,Sunday,18:00-23:59,1
Recent 28D,07,Crime Type,AGGRAVATED ASSAULT,Tuesday,06:00-11:59,1
Recent 28D,07,Crime Type,AGGRAVATED ASSAULT,Tuesday,12:00-17:59,2
Recent 28D,07,Crime Type,AGGRAVATED ASSAULT,Tuesday,18:00-23:59,3
Recent 28D,07,Crime Type,AGGRAVATED ASSAULT,Wednesday,18:00-23:59,1
Recent 28D,07,Crime Type,ASSAULT,Friday,00:00-05:59,1
Recent 28D,07,Crime Type,ASSAULT,Friday,06:00-11:59,2
Recent 28D,07,Crime Type,ASSAULT,Friday,12:00-17:59,3
Recent 28D,07,Crime Type,ASSAULT,Friday,18:00-23:59,3
Recent 28D,07,Crime Type,ASSAULT,Monday,06:00-11:59,3
Recent 28D,07,Crime Type,ASSAULT,Monday,12:00-17:59,1
Recent 28D,07,Crime Type,ASSAULT,Monday,18:00-23:59,5
Recent 28D,07,Crime Type,ASSAULT,Saturday,00:00-05:59,3
Recent 28D,07,Crime Type,ASSAULT,Saturday,06:00-11:59,2
Recent 28D,07,Crime Type,ASSAULT,Saturday,18:00-23:59,6
Recent 28D,07,Crime Type,ASSAULT,Sunday,00:00-05:59,4
Recent 28D,07,Crime Type,ASSAULT,Sunday,06:00-11:59,1
Recent 28D,07,Crime Type,ASSAULT,Sunday,12:00-17:59,3
Recent 28D,07,Crime Type,ASSAULT,Thursday,00:00-05:59,3
Recent 28D,07,Crime Type,ASSAULT,Thursday,06:00-11:59,4
Recent 28D,07,Crime Type,ASSAULT,Thursday,12:00-17:59,2
Recent 28D,07,Crime Type,ASSAULT,Thursday,18:00-23:59,5
Recent 28D,07,Crime Type,ASSAULT,Tuesday,00:00-05:59,1
Recent 28D,07,Crime Type,ASSAULT,Tuesday,12:00-17:59,5
Recent 28D,07,Crime Type,ASSAULT,Tuesday,18:00-23:59,2
Recent 28D,07,Crime Type,ASSAULT,Wednesday,00:00-05:59,1
Recent 28D,07,Crime Type,ASSAULT,Wednesday,06:00-11:59,3
Recent 28D,07,Crime Type,ASSAULT,Wednesday,12:00-17:59,3
Recent 28D,07,Crime Type,ASSAULT,Wednesday,18:00-23:59,4
Recent 28D,07,Crime Type,BURGLARY,Monday,00:00-05:59,2
Recent 28D,07,Crime Type,BURGLARY,Monday,12:00-17:59,3
Recent 28D,07,Crime Type,BURGLARY,Monday,18:00-23:59,1
Recent 28D,07,Crime Type,BURGLARY,Saturday,00:00-05:59,1
Recent 28D,07,Crime Type,BURGLARY,Saturday,12:00-17:59,1
Recent 28D,07,Crime Type,BURGLARY,Tuesday,06:00-11:59,2
Recent 28D,07,Crime Type,BURGLARY,Wednesday,00:00-05:59,1
Recent 28D,07,Crime Type,BURGLARY,Wednesday,18:00-23:59,2
Recent 28D,07,Crime Type,DAMAGE TO PROPERTY,Friday,00:00-05:59,3
Recent 28D,07,Crime Type,DAMAGE TO PROPERTY,Friday,18:00-23:59,2
Recent 28D,07,Crime Type,DAMAGE TO PROPERTY,Monday,06:00-11:59,3
Recent 28D,07,Crime Type,DAMAGE TO PROPERTY,Monday,12:00-17:59,1
Recent 28D,07,Crime Type,DAMAGE TO PROPERTY,Monday,18:00-23:59,2
Recent 28D,07,Crime Type,DAMAGE TO PROPERTY,Saturday,00:00-05:59,2
Recent 28D,07,Crime Type,DAMAGE TO PROPERTY,Saturday,12:00-17:59,6
Recent 28D,07,Crime Type,DAMAGE TO PROPERTY,Saturday,18:00-23:59,5
Recent 28D,07,Crime Type,DAMAGE TO PROPERTY,Sunday,00:00-05:59,2
Recent 28D,07,Crime Type,DAMAGE TO PROPERTY,Sunday,06:00-11:59,1
Recent 28D,07,Crime Type,DAMAGE TO PROPERTY,Sunday,12:00-17:59,3
Recent 28D,07,Crime Type,DAMAGE TO PROPERTY,Sunday,18:00-23:59,1
Recent 28D,07,Crime Type,DAMAGE TO PROPERTY,Thursday,06:00-11:59,3
Recent 28D,07,Crime Type,DAMAGE TO PROPERTY,Thursday,18:00-23:59,1
Recent 28D,07,Crime Type,DAMAGE TO PROPERTY,Tuesday,00:00-05:59,1
Recent 28D,07,Crime Type,DAMAGE TO PROPERTY,Tuesday,06:00-11:59,2
Recent 28D,07,Crime Type,DAMAGE TO PROPERTY,Tuesday,12:00-17:59,1
Recent 28D,07,Crime Type,DAMAGE TO PROPERTY,Tuesday,18:00-23:59,2
Recent 28D,07,Crime Type,DAMAGE TO PROPERTY,Wednesday,06:00-11:59,1
Recent 28D,07,Crime Type,DAMAGE TO PROPERTY,Wednesday,18:00-23:59,1
Recent 28D,07,Crime Type,DANGEROUS DRUGS,Monday,12:00-17:59,1
Recent 28D,07,Crime Type,DANGEROUS DRUGS,Saturday,00:00-05:59,1
Recent 28D,07,Crime Type,DANGEROUS DRUGS,Sunday,18:00-23:59,1
Recent 28D,07,Crime Type,DANGEROUS DRUGS,Tuesday,06:00-11:59,1
Recent 28D,07,Crime Type,DANGEROUS DRUGS,Tuesday,12:00-17:59,1
Recent 28D,07,Crime Type,DANGEROUS DRUGS,Wednesday,06:00-11:59,1
Recent 28D,07,Crime Type,DISORDERLY CONDUCT,Friday,18:00-23:59,1
Recent 28D,07,Crime Type,DISORDERLY CONDUCT,Sunday,00:00-05:59,1
Recent 28D,07,Crime Type,DISORDERLY CONDUCT,Wednesday,18:00-23:59,1
Recent 28D,07,Crime Type,FAMILY OFFENSE,Monday,06:00-11:59,1
Recent 28D,07,Crime Type,FORGERY,Friday,00:00-05:59,1
Recent 28D,07,Crime Type,FORGERY,Saturday,18:00-23:59,1
Recent 28D,07,Crime Type,FRAUD,Friday,00:00-05:59,1
Recent 28D,07,Crime Type,FRAUD,Friday,06:00-11:59,3
Recent 28D,07,Crime Type,FRAUD,Friday,12:00-17:59,3
Recent 28D,07,Crime Type,FRAUD,Monday,06:00-11:59,2
Recent 28D,07,Crime Type,FRAUD,Monday,12:00-17:59,4
Recent 28D,07,Crime Type,FRAUD,Monday,18:00-23:59,1
Recent 28D,07,Crime Type,FRAUD,Saturday,06:00-11:59,1
Recent 28D,07,Crime Type,FRAUD,Saturday,12:00-17:59,5
Recent 28D,07,Crime Type,FRAUD,Saturday,18:00-23:59,1
Recent 28D,07,Crime Type,FRAUD,Sunday,12:00-17:59,1
Recent 28D,07,Crime Type,FRAUD,Thursday,00:00-05:59,1
Recent 28D,07,Crime Type,FRAUD,Tuesday,12:00-17:59,4
Recent 28D,07,Crime Type,FRAUD,Tuesday,18:00-23:59,1
Recent 28D,07,Crime Type,FRAUD,Wednesday,18:00-23:59,4
Recent 28D,07,Crime Type,INVASION OF PRIVACY -OTHER,Friday,18:00-23:59,1
Recent 28D,07,Crime Type,INVASION OF PRIVACY -OTHER,Monday,18:00-23:59,1
Recent 28D,07,Crime Type,INVASION OF PRIVACY -OTHER,Wednesday,18:00-23:59,2
Recent 28D,07,Crime Type,LARCENY,Friday,00:00-05:59,3
Recent 28D,07,Crime Type,LARCENY,Friday,06:00-11:59,4
Recent 28D,07,Crime Type,LARCENY,Friday,12:00-17:59,4
Recent 28D,07,Crime Type,LARCENY,Friday,18:00-23:59,5
Recent 28D,07,Crime Type,LARCENY,Monday,00:00-05:59,1
Recent 28D,07,Crime Type,LARCENY,Monday,12:00-17:59,3
Recent 28D,07,Crime Type,LARCENY,Monday,18:00-23:59,3
Recent 28D,07,Crime Type,LARCENY,Saturday,00:00-05:59,1
Recent 28D,07,Crime Type,LARCENY,Saturday,06:00-11:59,1
Recent 28D,07,Crime Type,LARCENY,Saturday,12:00-17:59,8
Recent 28D,07,Crime Type,LARCENY,Saturday,18:00-23:59,7
Recent 28D,07,Crime Type,LARCENY,Sunday,00:00-05:59,3
Recent 28D,07,Crime Type,LARCENY,Sunday,06:00-11:59,2
Recent 28D,07,Crime Type,LARCENY,Sunday,12:00-17:59,2
Recent 28D,07,Crime Type,LARCENY,Sunday,18:00-23:59,5
Recent 28D,07,Crime Type,LARCENY,Thursday,06:00-11:59,2
Recent 28D,07,Crime Type,LARCENY,Thursday,12:00-17:59,3
Recent 28D,07,Crime Type,LARCENY,Thursday,18:00-23:59,1
Recent 28D,07,Crime Type,LARCENY,Tuesday,00:00-05:59,2
Recent 28D,07,Crime Type,LARCENY,Tuesday,06:00-11:59,1
Recent 28D,07,Crime Type,LARCENY,Tuesday,12:00-17:59,8
Recent 28D,07,Crime Type,LARCENY,Tuesday,18:00-23:59,1
Recent 28D,07,Crime Type,LARCENY,Wednesday,00:00-05:59,1
Recent 28D,07,Crime Type,LARCENY,Wednesday,06:00-11:59,1
Recent 28D,07,Crime Type,LARCENY,Wednesday,12:00-17:59,1
Recent 28D,07,Crime Type,LARCENY,Wednesday,18:00-23:59,1
Recent 28D,07,Crime Type,OBSTRUCTING JUDICIARY,Friday,06:00-11:59,1
Recent 28D,07,Crime Type,OBSTRUCTING JUDICIARY,Friday,12:00-17:59,1
Recent 28D,07,Crime Type,OBSTRUCTING JUDICIARY,Tuesday,06:00-11:59,1
Recent 28D,07,Crime Type,OBSTRUCTING THE POLICE,Saturday,18:00-23:59,3
Recent 28D,07,Crime Type,OBSTRUCTING THE POLICE,Sunday,00:00-05:59,1
Recent 28D,07,Crime Type,OBSTRUCTING THE POLICE,Thursday,12:00-17:59,1
Recent 28D,07,Crime Type,OUIL,Saturday,00:00-05:59,2
Recent 28D,07,Crime Type,ROBBERY,Friday,12:00-17:59,1
Recent 28D,07,Crime Type,ROBBERY,Friday,18:00-23:59,1
Recent 28D,07,Crime Type,ROBBERY,Sunday,00:00-05:59,1
Recent 28D,07,Crime Type,ROBBERY,Thursday,12:00-17:59,1
Recent 28D,07,Crime Type,ROBBERY,Wednesday,00:00-05:59,1
Recent 28D,07,Crime Type,RUNAWAY,Saturday,12:00-17:59,1
Recent 28D,07,Crime Type,RUNAWAY,Saturday,18:00-23:59,1
Recent 28D,07,Crime Type,RUNAWAY,Thursday,06:00-11:59,1
Recent 28D,07,Crime Type,SEXUAL ASSAULT,Wednesday,12:00-17:59,2
Recent 28D,07,Crime Type,STOLEN PROPERTY,Friday,00:00-05:59,1
Recent 28D,07,Crime Type,STOLEN PROPERTY,Friday,06:00-11:59,1
Recent 28D,07,Crime Type,STOLEN PROPERTY,Thursday,06:00-11:59,1
Recent 28D,07,Crime Type,STOLEN VEHICLE,Friday,00:00-05:59,1
Recent 28D,07,Crime Type,STOLEN VEHICLE,Friday,18:00-23:59,1
Recent 28D,07,Crime Type,STOLEN VEHICLE,Monday,00:00-05:59,2
Recent 28D,07,Crime Type,STOLEN VEHICLE,Monday,06:00-11:59,1
Recent 28D,07,Crime Type,STOLEN VEHICLE,Monday,12:00-17:59,1
Recent 28D,07,Crime Type,STOLEN VEHICLE,Monday,18:00-23:59,3
Recent 28D,07,Crime Type,STOLEN VEHICLE,Saturday,00:00-05:59,1
Recent 28D,07,Crime Type,STOLEN VEHICLE,Saturday,12:00-17:59,1
Recent 28D,07,Crime Type,STOLEN VEHICLE,Saturday,18:00-23:59,1
Recent 28D,07,Crime Type,STOLEN VEHICLE,Sunday,12:00-17:59,1
Recent 28D,07,Crime Type,STOLEN VEHICLE,Sunday,18:00-23:59,3
Recent 28D,07,Crime Type,STOLEN VEHICLE,Thursday,18:00-23:59,2
Recent 28D,07,Crime Type,STOLEN VEHICLE,Tuesday,06:00-11:59,1
Recent 28D,07,Crime Type,STOLEN VEHICLE,Tuesday,12:00-17:59,1
Recent 28D,07,Crime Type,STOLEN VEHICLE,Tuesday,18:00-23:59,1
Recent 28D,07,Crime Type,STOLEN VEHICLE,Wednesday,06:00-11:59,1
Recent 28D,07,Crime Type,STOLEN VEHICLE,Wednesday,12:00-17:59,1
Recent 28D,07,Crime Type,STOLEN VEHICLE,Wednesday,18:00-23:59,2
Recent 28D,07,Crime Type,WEAPONS OFFENSES,Friday,00:00-05:59,1
Recent 28D,07,Crime Type,WEAPONS OFFENSES,Friday,12:00-17:59,1
Recent 28D,07,Crime Type,WEAPONS OFFENSES,Friday,18:00-23:59,1
Recent 28D,07,Crime Type,WEAPONS OFFENSES,Monday,18:00-23:59,1
Recent 28D,07,Crime Type,WEAPONS OFFENSES,Saturday,12:00-17:59,1
Recent 28D,07,Category Focus,Gun-Related,Friday,00:00-05:59,1
Recent 28D,07,Category Focus,Gun-Related,Friday,12:00-17:59,1
Recent 28D,07,Category Focus,Gun-Related,Friday,18:00-23:59,1
Recent 28D,07,Category Focus,Gun-Related,Monday,18:00-23:59,1
Recent 28D,07,Category Focus,Gun-Related,Saturday,12:00-17:59,1
Recent 28D,07,Category Focus,Property Crime,Friday,00:00-05:59,8
Recent 28D,07,Category Focus,Property Crime,Friday,06:00-11:59,5
Recent 28D,07,Category Focus,Property Crime,Friday,12:00-17:59,4
Recent 28D,07,Category Focus,Property Crime,Friday,18:00-23:59,8
Recent 28D,07,Category Focus,Property Crime,Monday,00:00-05:59,5
Recent 28D,07,Category Focus,Property Crime,Monday,06:00-11:59,4
Recent 28D,07,Category Focus,Property Crime,Monday,12:00-17:59,8
Recent 28D,07,Category Focus,Property Crime,Monday,18:00-23:59,9
Recent 28D,07,Category Focus,Property Crime,Saturday,00:00-05:59,5
Recent 28D,07,Category Focus,Property Crime,Saturday,06:00-11:59,1
Recent 28D,07,Category Focus,Property Crime,Saturday,12:00-17:59,16
Recent 28D,07,Category Focus,Property Crime,Saturday,18:00-23:59,13
Recent 28D,07,Category Focus,Property Crime,Sunday,00:00-05:59,5
Recent 28D,07,Category Focus,Property Crime,Sunday,06:00-11:59,3
Recent 28D,07,Category Focus,Property Crime,Sunday,12:00-17:59,6
Recent 28D,07,Category Focus,Property Crime,Sunday,18:00-23:59,9
Recent 28D,07,Category Focus,Property Crime,Thursday,06:00-11:59,6
Recent 28D,07,Category Focus,Property Crime,Thursday,12:00-17:59,3
Recent 28D,07,Category Focus,Property Crime,Thursday,18:00-23:59,4
Recent 28D,07,Category Focus,Property Crime,Tuesday,00:00-05:59,3
Recent 28D,07,Category Focus,Property Crime,Tuesday,06:00-11:59,6
Recent 28D,07,Category Focus,Property Crime,Tuesday,12:00-17:59,10
Recent 28D,07,Category Focus,Property Crime,Tuesday,18:00-23:59,4
Recent 28D,07,Category Focus,Property Crime,Wednesday,00:00-05:59,2
Recent 28D,07,Category Focus,Property Crime,Wednesday,06:00-11:59,3
Recent 28D,07,Category Focus,Property Crime,Wednesday,12:00-17:59,2
Recent 28D,07,Category Focus,Property Crime,Wednesday,18:00-23:59,6
Recent 28D,07,Category Focus,Larceny,Friday,00:00-05:59,3
Recent 28D,07,Category Focus,Larceny,Friday,06:00-11:59,4
Recent 28D,07,Category Focus,Larceny,Friday,12:00-17:59,4
Recent 28D,07,Category Focus,Larceny,Friday,18:00-23:59,5
Recent 28D,07,Category Focus,Larceny,Monday,00:00-05:59,1
Recent 28D,07,Category Focus,Larceny,Monday,12:00-17:59,3
Recent 28D,07,Category Focus,Larceny,Monday,18:00-23:59,3
Recent 28D,07,Category Focus,Larceny,Saturday,00:00-05:59,1
Recent 28D,07,Category Focus,Larceny,Saturday,06:00-11:59,1
Recent 28D,07,Category Focus,Larceny,Saturday,12:00-17:59,8
Recent 28D,07,Category Focus,Larceny,Saturday,18:00-23:59,7
Recent 28D,07,Category Focus,Larceny,Sunday,00:00-05:59,3
Recent 28D,07,Category Focus,Larceny,Sunday,06:00-11:59,2
Recent 28D,07,Category Focus,Larceny,Sunday,12:00-17:59,2
Recent 28D,07,Category Focus,Larceny,Sunday,18:00-23:59,5
Recent 28D,07,Category Focus,Larceny,Thursday,06:00-11:59,2
Recent 28D,07,Category Focus,Larceny,Thursday,12:00-17:59,3
Recent 28D,07,Category Focus,Larceny,Thursday,18:00-23:59,1
Recent 28D,07,Category Focus,Larceny,Tuesday,00:00-05:59,2
Recent 28D,07,Category Focus,Larceny,Tuesday,06:00-11:59,1
Recent 28D,07,Category Focus,Larceny,Tuesday,12:00-17:59,8
Recent 28D,07,Category Focus,Larceny,Tuesday,18:00-23:59,1
Recent 28D,07,Category Focus,Larceny,Wednesday,00:00-05:59,1
Recent 28D,07,Category Focus,Larceny,Wednesday,06:00-11:59,1
Recent 28D,07,Category Focus,Larceny,Wednesday,12:00-17:59,1
Recent 28D,07,Category Focus,Larceny,Wednesday,18:00-23:59,1
Recent 28D,08,All,All,Friday,00:00-05:59,13
Recent 28D,08,All,All,Friday,06:00-11:59,23
Recent 28D,08,All,All,Friday,12:00-17:59,27
Recent 28D,08,All,All,Friday,18:00-23:59,29
Recent 28D,08,All,All,Monday,00:00-05:59,17
Recent 28D,08,All,All,Monday,06:00-11:59,15
Recent 28D,08,All,All,Monday,12:00-17:59,37
Recent 28D,08,All,All,Monday,18:00-23:59,33
Recent 28D,08,All,All,Saturday,00:00-05:59,14
Recent 28D,08,All,All,Saturday,06:00-11:59,14
Recent 28D,08,All,All,Saturday,12:00-17:59,24
Recent 28D,08,All,All,Saturday,18:00-23:59,34
Recent 28D,08,All,All,Sunday,00:00-05:59,21
Recent 28D,08,All,All,Sunday,06:00-11:59,9
Recent 28D,08,All,All,Sunday,12:00-17:59,30
Recent 28D,08,All,All,Sunday,18:00-23:59,22
Recent 28D,08,All,All,Thursday,00:00-05:59,15
Recent 28D,08,All,All,Thursday,06:00-11:59,13
Recent 28D,08,All,All,Thursday,12:00-17:59,16
Recent 28D,08,All,All,Thursday,18:00-23:59,29
Recent 28D,08,All,All,Tuesday,00:00-05:59,24
Recent 28D,08,All,All,Tuesday,06:00-11:59,14
Recent 28D,08,All,All,Tuesday,12:00-17:59,29
Recent 28D,08,All,All,Tuesday,18:00-23:59,34
Recent 28D,08,All,All,Wednesday,00:00-05:59,21
Recent 28D,08,All,All,Wednesday,06:00-11:59,21
Recent 28D,08,All,All,Wednesday,12:00-17:59,24
Recent 28D,08,All,All,Wednesday,18:00-23:59,27
Recent 28D,08,Crime Type,AGGRAVATED ASSAULT,Friday,06:00-11:59,1
Recent 28D,08,Crime Type,AGGRAVATED ASSAULT,Friday,18:00-23:59,2
Recent 28D,08,Crime Type,AGGRAVATED ASSAULT,Monday,00:00-05:59,2
Recent 28D,08,Crime Type,AGGRAVATED ASSAULT,Monday,06:00-11:59,2
Recent 28D,08,Crime Type,AGGRAVATED ASSAULT,Monday,12:00-17:59,2
Recent 28D,08,Crime Type,AGGRAVATED ASSAULT,Monday,18:00-23:59,7
Recent 28D,08,Crime Type,AGGRAVATED ASSAULT,Saturday,00:00-05:59,2
Recent 28D,08,Crime Type,AGGRAVATED ASSAULT,Saturday,06:00-11:59,2
Recent 28D,08,Crime Type,AGGRAVATED ASSAULT,Saturday,12:00-17:59,2
Recent 28D,08,Crime Type,AGGRAVATED ASSAULT,Saturday,18:00-23:59,2
Recent 28D,08,Crime Type,AGGRAVATED ASSAULT,Sunday,00:00-05:59,2
Recent 28D,08,Crime Type,AGGRAVATED ASSAULT,Sunday,06:00-11:59,2
Recent 28D,08,Crime Type,AGGRAVATED ASSAULT,Sunday,12:00-17:59,2
Recent 28D,08,Crime Type,AGGRAVATED ASSAULT,Sunday,18:00-23:59,1
Recent 28D,08,Crime Type,AGGRAVATED ASSAULT,Thursday,00:00-05:59,2
Recent 28D,08,Crime Type,AGGRAVATED ASSAULT,Thursday,06:00-11:59,1
Recent 28D,08,Crime Type,AGGRAVATED ASSAULT,Thursday,12:00-17:59,2
Recent 28D,08,Crime Type,AGGRAVATED ASSAULT,Thursday,18:00-23:59,3
Recent 28D,08,Crime Type,AGGRAVATED ASSAULT,Tuesday,00:00-05:59,1
Recent 28D,08,Crime Type,AGGRAVATED ASSAULT,Tuesday,12:00-17:59,4
Recent 28D,08,Crime Type,AGGRAVATED ASSAULT,Tuesday,18:00-23:59,2
Recent 28D,08,Crime Type,AGGRAVATED ASSAULT,Wednesday,00:00-05:59,3
Recent 28D,08,Crime Type,AGGRAVATED ASSAULT,Wednesday,06:00-11:59,2
Recent 28D,08,Crime Type,AGGRAVATED ASSAULT,Wednesday,12:00-17:59,3
Recent 28D,08,Crime Type,AGGRAVATED ASSAULT,Wednesday,18:00-23:59,4
Recent 28D,08,Crime Type,ARSON,Saturday,18:00-23:59,1
Recent 28D,08,Crime Type,ARSON,Tuesday,00:00-05:59,1
Recent 28D,08,Crime Type,ARSON,Wednesday,00:00-05:59,1
Recent 28D,08,Crime Type,ASSAULT,Friday,00:00-05:59,3
Recent 28D,08,Crime Type,ASSAULT,Friday,06:00-11:59,9
Recent 28D,08,Crime Type,ASSAULT,Friday,12:00-17:59,7
Recent 28D,08,Crime Type,ASSAULT,Friday,18:00-23:59,5
Recent 28D,08,Crime Type,ASSAULT,Monday,00:00-05:59,3
Recent 28D,08,Crime Type,ASSAULT,Monday,06:00-11:59,3
Recent 28D,08,Crime Type,ASSAULT,Monday,12:00-17:59,8
Recent 28D,08,Crime Type,ASSAULT,Monday,18:00-23:59,4
Recent 28D,08,Crime Type,ASSAULT,Saturday,00:00-05:59,5
Recent 28D,08,Crime Type,ASSAULT,Saturday,06:00-11:59,3
Recent 28D,08,Crime Type,ASSAULT,Saturday,12:00-17:59,4
Recent 28D,08,Crime Type,ASSAULT,Saturday,18:00-23:59,11
Recent 28D,08,Crime Type,ASSAULT,Sunday,00:00-05:59,7
Recent 28D,08,Crime Type,ASSAULT,Sunday,06:00-11:59,3
Recent 28D,08,Crime Type,ASSAULT,Sunday,12:00-17:59,5
Recent 28D,08,Crime Type,ASSAULT,Sunday,18:00-23:59,4
Recent 28D,08,Crime Type,ASSAULT,Thursday,00:00-05:59,3
Recent 28D,08,Crime Type,ASSAULT,Thursday,06:00-11:59,3
Recent 28D,08,Crime Type,ASSAULT,Thursday,12:00-17:59,2
Recent 28D,08,Crime Type,ASSAULT,Thursday,18:00-23:59,1
Recent 28D,08,Crime Type,ASSAULT,Tuesday,00:00-05:59,5
Recent 28D,08,Crime Type,ASSAULT,Tuesday,06:00-11:59,6
Recent 28D,08,Crime Type,ASSAULT,Tuesday,12:00-17:59,5
Recent 28D,08,Crime Type,ASSAULT,Tuesday,18:00-23:59,4
Recent 28D,08,Crime Type,ASSAULT,Wednesday,00:00-05:59,6
Recent 28D,08,Crime Type,ASSAULT,Wednesday,06:00-11:59,5
Recent 28D,08,Crime Type,ASSAULT,Wednesday,12:00-17:59,5
Recent 28D,08,Crime Type,ASSAULT,Wednesday,18:00-23:59,5
Recent 28D,08,Crime Type,BURGLARY,Friday,00:00-05:59,1
Recent 28D,08,Crime Type,BURGLARY,Friday,12:00-17:59,5
Recent 28D,08,Crime Type,BURGLARY,Friday,18:00-23:59,2
Recent 28D,08,Crime Type,BURGLARY,Monday,00:00-05:59,1
Recent 28D,08,Crime Type,BURGLARY,Monday,06:00-11:59,3
Recent 28D,08,Crime Type,BURGLARY,Monday,12:00-17:59,5
Recent 28D,08,Crime Type,BURGLARY,Saturday,00:00-05:59,1
Recent 28D,08,Crime Type,BURGLARY,Saturday,06:00-11:59,1
Recent 28D,08,Crime Type,BURGLARY,Saturday,12:00-17:59,2
Recent 28D,08,Crime Type,BURGLARY,Saturday,18:00-23:59,1
Recent 28D,08,Crime Type,BURGLARY,Sunday,12:00-17:59,4
Recent 28D,08,Crime Type,BURGLARY,Thursday,00:00-05:59,2
Recent 28D,08,Crime Type,BURGLARY,Thursday,06:00-11:59,1
Recent 28D,08,Crime Type,BURGLARY,Thursday,12:00-17:59,1
Recent 28D,08,Crime Type,BURGLARY,Thursday,18:00-23:59,3
Recent 28D,08,Crime Type,BURGLARY,Tuesday,00:00-05:59,4
Recent 28D,08,Crime Type,BURGLARY,Tuesday,12:00-17:59,3
Recent 28D,08,Crime Type,BURGLARY,Tuesday,18:00-23:59,3
Recent 28D,08,Crime Type,BURGLARY,Wednesday,00:00-05:59,1
Recent 28D,08,Crime Type,BURGLARY,Wednesday,06:00-11:59,3
Recent 28D,08,Crime Type,BURGLARY,Wednesday,12:00-17:59,5
Recent 28D,08,Crime Type,DAMAGE TO PROPERTY,Friday,00:00-05:59,4
Recent 28D,08,Crime Type,DAMAGE TO PROPERTY,Friday,06:00-11:59,1
Recent 28D,08,Crime Type,DAMAGE TO PROPERTY,Friday,12:00-17:59,3
Recent 28D,08,Crime Type,DAMAGE TO PROPERTY,Friday,18:00-23:59,4
Recent 28D,08,Crime Type,DAMAGE TO PROPERTY,Monday,00:00-05:59,2
Recent 28D,08,Crime Type,DAMAGE TO PROPERTY,Monday,06:00-11:59,1
Recent 28D,08,Crime Type,DAMAGE TO PROPERTY,Monday,12:00-17:59,7
Recent 28D,08,Crime Type,DAMAGE TO PROPERTY,Monday,18:00-23:59,8
Recent 28D,08,Crime Type,DAMAGE TO PROPERTY,Saturday,00:00-05:59,2
Recent 28D,08,Crime Type,DAMAGE TO PROPERTY,Saturday,06:00-11:59,2
Recent 28D,08,Crime Type,DAMAGE TO PROPERTY,Saturday,12:00-17:59,4
Recent 28D,08,Crime Type,DAMAGE TO PROPERTY,Saturday,18:00-23:59,5
Recent 28D,08,Crime Type,DAMAGE TO PROPERTY,Sunday,00:00-05:59,5
Recent 28D,08,Crime Type,DAMAGE TO PROPERTY,Sunday,12:00-17:59,3
Recent 28D,08,Crime Type,DAMAGE TO PROPERTY,Sunday,18:00-23:59,1
Recent 28D,08,Crime Type,DAMAGE TO PROPERTY,Thursday,00:00-05:59,3
Recent 28D,08,Crime Type,DAMAGE TO PROPERTY,Thursday,06:00-11:59,1
Recent 28D,08,Crime Type,DAMAGE TO PROPERTY,Thursday,18:00-23:59,5
Recent 28D,08,Crime Type,DAMAGE TO PROPERTY,Tuesday,00:00-05:59,4
Recent 28D,08,Crime Type,DAMAGE TO PROPERTY,Tuesday,06:00-11:59,3
Recent 28D,08,Crime Type,DAMAGE TO PROPERTY,Tuesday,12:00-17:59,2
Recent 28D,08,Crime Type,DAMAGE TO PROPERTY,Tuesday,18:00-23:59,3
Recent 28D,08,Crime Type,DAMAGE TO PROPERTY,Wednesday,00:00-05:59,2
Recent 28D,08,Crime Type,DAMAGE TO PROPERTY,Wednesday,06:00-11:59,1
Recent 28D,08,Crime Type,DAMAGE TO PROPERTY,Wednesday,12:00-17:59,2
Recent 28D,08,Crime Type,DAMAGE TO PROPERTY,Wednesday,18:00-23:59,1
Recent 28D,08,Crime Type,DANGEROUS DRUGS,Thursday,12:00-17:59,1
Recent 28D,08,Crime Type,DANGEROUS DRUGS,Tuesday,12:00-17:59,1
Recent 28D,08,Crime Type,DANGEROUS DRUGS,Wednesday,12:00-17:59,1
Recent 28D,08,Crime Type,DISORDERLY CONDUCT,Sunday,00:00-05:59,1
Recent 28D,08,Crime Type,EXTORTION,Wednesday,12:00-17:59,1
Recent 28D,08,Crime Type,FAMILY OFFENSE,Saturday,06:00-11:59,1
Recent 28D,08,Crime Type,FAMILY OFFENSE,Saturday,18:00-23:59,1
Recent 28D,08,Crime Type,FAMILY OFFENSE,Thursday,18:00-23:59,1
Recent 28D,08,Crime Type,FRAUD,Friday,00:00-05:59,1
Recent 28D,08,Crime Type,FRAUD,Friday,06:00-11:59,2
Recent 28D,08,Crime Type,FRAUD,Friday,12:00-17:59,3
Recent 28D,08,Crime Type,FRAUD,Friday,18:00-23:59,2
Recent 28D,08,Crime Type,FRAUD,Monday,00:00-05:59,2
Recent 28D,08,Crime Type,FRAUD,Monday,06:00-11:59,2
Recent 28D,08,Crime Type,FRAUD,Monday,12:00-17:59,5
Recent 28D,08,Crime Type,FRAUD,Saturday,06:00-11:59,2
Recent 28D,08,Crime Type,FRAUD,Saturday,18:00-23:59,4
Recent 28D,08,Crime Type,FRAUD,Sunday,00:00-05:59,1
Recent 28D,08,Crime Type,FRAUD,Sunday,06:00-11:59,2
Recent 28D,08,Crime Type,FRAUD,Sunday,12:00-17:59,5
Recent 28D,08,Crime Type,FRAUD,Sunday,18:00-23:59,2
Recent 28D,08,Crime Type,FRAUD,Thursday,06:00-11:59,1
Recent 28D,08,Crime Type,FRAUD,Thursday,12:00-17:59,1
Recent 28D,08,Crime Type,FRAUD,Thursday,18:00-23:59,2
Recent 28D,08,Crime Type,FRAUD,Tuesday,06:00-11:59,1
Recent 28D,08,Crime Type,FRAUD,Tuesday,12:00-17:59,3
Recent 28D,08,Crime Type,FRAUD,Tuesday,18:00-23:59,5
Recent 28D,08,Crime Type,FRAUD,Wednesday,06:00-11:59,4
Recent 28D,08,Crime Type,FRAUD,Wednesday,12:00-17:59,2
Recent 28D,08,Crime Type,HOMICIDE,Thursday,12:00-17:59,1
Recent 28D,08,Crime Type,KIDNAPPING,Friday,12:00-17:59,1
Recent 28D,08,Crime Type,KIDNAPPING,Sunday,00:00-05:59,1
Recent 28D,08,Crime Type,LARCENY,Friday,00:00-05:59,1
Recent 28D,08,Crime Type,LARCENY,Friday,06:00-11:59,2
Recent 28D,08,Crime Type,LARCENY,Friday,12:00-17:59,3
Recent 28D,08,Crime Type,LARCENY,Friday,18:00-23:59,2
Recent 28D,08,Crime Type,LARCENY,Monday,00:00-05:59,2
Recent 28D,08,Crime Type,LARCENY,Monday,06:00-11:59,4
Recent 28D,08,Crime Type,LARCENY,Monday,12:00-17:59,5
Recent 28D,08,Crime Type,LARCENY,Monday,18:00-23:59,3
Recent 28D,08,Crime Type,LARCENY,Saturday,00:00-05:59,2
Recent 28D,08,Crime Type,LARCENY,Saturday,06:00-11:59,2
Recent 28D,08,Crime Type,LARCENY,Saturday,12:00-17:59,6
Recent 28D,08,Crime Type,LARCENY,Saturday,18:00-23:59,4
Recent 28D,08,Crime Type,LARCENY,Sunday,00:00-05:59,1
Recent 28D,08,Crime Type,LARCENY,Sunday,06:00-11:59,1
Recent 28D,08,Crime Type,LARCENY,Sunday,12:00-17:59,5
Recent 28D,08,Crime Type,LARCENY,Sunday,18:00-23:59,2
Recent 28D,08,Crime Type,LARCENY,Thursday,00:00-05:59,2
Recent 28D,08,Crime Type,LARCENY,Thursday,06:00-11:59,2
Recent 28D,08,Crime Type,LARCENY,Thursday,12:00-17:59,4
Recent 28D,08,Crime Type,LARCENY,Thursday,18:00-23:59,1
Recent 28D,08,Crime Type,LARCENY,Tuesday,06:00-11:59,1
Recent 28D,08,Crime Type,LARCENY,Tuesday,12:00-17:59,6
Recent 28D,08,Crime Type,LARCENY,Tuesday,18:00-23:59,8
Recent 28D,08,Crime Type,LARCENY,Wednesday,00:00-05:59,3
Recent 28D,08,Crime Type,LARCENY,Wednesday,06:00-11:59,2
Recent 28D,08,Crime Type,LARCENY,Wednesday,12:00-17:59,1
Recent 28D,08,Crime Type,LARCENY,Wednesday,18:00-23:59,3
Recent 28D,08,Crime Type,OBSTRUCTING JUDICIARY,Friday,18:00-23:59,2
Recent 28D,08,Crime Type,OBSTRUCTING JUDICIARY,Monday,12:00-17:59,2
Recent 28D,08,Crime Type,OBSTRUCTING JUDICIARY,Sunday,12:00-17:59,1
Recent 28D,08,Crime Type,OBSTRUCTING JUDICIARY,Thursday,06:00-11:59,1
Recent 28D,08,Crime Type,OBSTRUCTING JUDICIARY,Thursday,18:00-23:59,2
Recent 28D,08,Crime Type,OBSTRUCTING JUDICIARY,Tuesday,00:00-05:59,1
Recent 28D,08,Crime Type,OBSTRUCTING JUDICIARY,Tuesday,12:00-17:59,2
Recent 28D,08,Crime Type,OBSTRUCTING JUDICIARY,Tuesday,18:00-23:59,1
Recent 28D,08,Crime Type,OBSTRUCTING JUDICIARY,Wednesday,06:00-11:59,1
Recent 28D,08,Crime Type,OBSTRUCTING JUDICIARY,Wednesday,18:00-23:59,3
Recent 28D,08,Crime Type,OBSTRUCTING THE POLICE,Friday,18:00-23:59,1
Recent 28D,08,Crime Type,OBSTRUCTING THE POLICE,Monday,00:00-05:59,1
Recent 28D,08,Crime Type,OBSTRUCTING THE POLICE,Saturday,12:00-17:59,1
Recent 28D,08,Crime Type,OBSTRUCTING THE POLICE,Saturday,18:00-23:59,1
Recent 28D,08,Crime Type,OBSTRUCTING THE POLICE,Sunday,00:00-05:59,1
Recent 28D,08,Crime Type,OBSTRUCTING THE POLICE,Sunday,18:00-23:59,2
Recent 28D,08,Crime Type,OBSTRUCTING THE POLICE,Thursday,12:00-17:59,1
Recent 28D,08,Crime Type,OBSTRUCTING THE POLICE,Thursday,18:00-23:59,1
Recent 28D,08,Crime Type,OBSTRUCTING THE POLICE,Tuesday,00:00-05:59,1
Recent 28D,08,Crime Type,OBSTRUCTING THE POLICE,Tuesday,18:00-23:59,1
Recent 28D,08,Crime Type,OUIL,Sunday,12:00-17:59,2
Recent 28D,08,Crime Type,OUIL,Thursday,18:00-23:59,2
Recent 28D,08,Crime Type,OUIL,Wednesday,18:00-23:59,2
Recent 28D,08,Crime Type,ROBBERY,Saturday,18:00-23:59,1
Recent 28D,08,Crime Type,ROBBERY,Tuesday,18:00-23:59,1
Recent 28D,08,Crime Type,RUNAWAY,Friday,06:00-11:59,1
Recent 28D,08,Crime Type,RUNAWAY,Thursday,00:00-05:59,1
Recent 28D,08,Crime Type,RUNAWAY,Thursday,06:00-11:59,1
Recent 28D,08,Crime Type,RUNAWAY,Thursday,12:00-17:59,1
Recent 28D,08,Crime Type,RUNAWAY,Thursday,18:00-23:59,1
Recent 28D,08,Crime Type,RUNAWAY,Tuesday,00:00-05:59,1
Recent 28D,08,Crime Type,RUNAWAY,Tuesday,12:00-17:59,1
Recent 28D,08,Crime Type,RUNAWAY,Wednesday,00:00-05:59,1
Recent 28D,08,Crime Type,SEX OFFENSES,Sunday,00:00-05:59,1
Recent 28D,08,Crime Type,SEX OFFENSES,Wednesday,12:00-17:59,1
Recent 28D,08,Crime Type,SEXUAL ASSAULT,Monday,12:00-17:59,1
Recent 28D,08,Crime Type,SEXUAL ASSAULT,Sunday,18:00-23:59,1
Recent 28D,08,Crime Type,STOLEN PROPERTY,Friday,06:00-11:59,5
Recent 28D,08,Crime Type,STOLEN PROPERTY,Friday,12:00-17:59,3
Recent 28D,08,Crime Type,STOLEN PROPERTY,Friday,18:00-23:59,2
Recent 28D,08,Crime Type,STOLEN PROPERTY,Monday,12:00-17:59,2
Recent 28D,08,Crime Type,STOLEN PROPERTY,Monday,18:00-23:59,2
Recent 28D,08,Crime Type,STOLEN PROPERTY,Saturday,12:00-17:59,1
Recent 28D,08,Crime Type,STOLEN PROPERTY,Sunday,06:00-11:59,1
Recent 28D,08,Crime Type,STOLEN PROPERTY,Thursday,00:00-05:59,1
Recent 28D,08,Crime Type,STOLEN PROPERTY,Thursday,12:00-17:59,1
Recent 28D,08,Crime Type,STOLEN PROPERTY,Thursday,18:00-23:59,2
Recent 28D,08,Crime Type,STOLEN PROPERTY,Tuesday,06:00-11:59,1
Recent 28D,08,Crime Type,STOLEN PROPERTY,Tuesday,12:00-17:59,1
Recent 28D,08,Crime Type,STOLEN PROPERTY,Wednesday,06:00-11:59,1
Recent 28D,08,Crime Type,STOLEN PROPERTY,Wednesday,18:00-23:59,3
Recent 28D,08,Crime Type,STOLEN VEHICLE,Friday,00:00-05:59,3
Recent 28D,08,Crime Type,STOLEN VEHICLE,Friday,06:00-11:59,2
Recent 28D,08,Crime Type,STOLEN VEHICLE,Friday,12:00-17:59,1
Recent 28D,08,Crime Type,STOLEN VEHICLE,Friday,18:00-23:59,5
Recent 28D,08,Crime Type,STOLEN VEHICLE,Monday,00:00-05:59,3
Recent 28D,08,Crime Type,STOLEN VEHICLE,Monday,18:00-23:59,5
Recent 28D,08,Crime Type,STOLEN VEHICLE,Saturday,00:00-05:59,2
Recent 28D,08,Crime Type,STOLEN VEHICLE,Saturday,06:00-11:59,1
Recent 28D,08,Crime Type,STOLEN VEHICLE,Saturday,12:00-17:59,4
Recent 28D,08,Crime Type,STOLEN VEHICLE,Saturday,18:00-23:59,2
Recent 28D,08,Crime Type,STOLEN VEHICLE,Sunday,00:00-05:59,1
Recent 28D,08,Crime Type,STOLEN VEHICLE,Sunday,12:00-17:59,2
Recent 28D,08,Crime Type,STOLEN VEHICLE,Sunday,18:00-23:59,5
Recent 28D,08,Crime Type,STOLEN VEHICLE,Thursday,06:00-11:59,1
Recent 28D,08,Crime Type,STOLEN VEHICLE,Thursday,12:00-17:59,1
Recent 28D,08,Crime Type,STOLEN VEHICLE,Thursday,18:00-23:59,1
Recent 28D,08,Crime Type,STOLEN VEHICLE,Tuesday,00:00-05:59,6
Recent 28D,08,Crime Type,STOLEN VEHICLE,Tuesday,06:00-11:59,2
Recent 28D,08,Crime Type,STOLEN VEHICLE,Tuesday,12:00-17:59,1
Recent 28D,08,Crime Type,STOLEN VEHICLE,Tuesday,18:00-23:59,3
Recent 28D,08,Crime Type,STOLEN VEHICLE,Wednesday,00:00-05:59,2
Recent 28D,08,Crime Type,STOLEN VEHICLE,Wednesday,06:00-11:59,2
Recent 28D,08,Crime Type,STOLEN VEHICLE,Wednesday,12:00-17:59,3
Recent 28D,08,Crime Type,STOLEN VEHICLE,Wednesday,18:00-23:59,3
Recent 28D,08,Crime Type,WEAPONS OFFENSES,Friday,12:00-17:59,1
Recent 28D,08,Crime Type,WEAPONS OFFENSES,Friday,18:00-23:59,2
Recent 28D,08,Crime Type,WEAPONS OFFENSES,Monday,00:00-05:59,1
Recent 28D,08,Crime Type,WEAPONS OFFENSES,Monday,18:00-23:59,4
Recent 28D,08,Crime Type,WEAPONS OFFENSES,Saturday,18:00-23:59,1
Recent 28D,08,Crime Type,WEAPONS OFFENSES,Sunday,12:00-17:59,1
Recent 28D,08,Crime Type,WEAPONS OFFENSES,Sunday,18:00-23:59,4
Recent 28D,08,Crime Type,WEAPONS OFFENSES,Thursday,00:00-05:59,1
Recent 28D,08,Crime Type,WEAPONS OFFENSES,Thursday,06:00-11:59,1
Recent 28D,08,Crime Type,WEAPONS OFFENSES,Thursday,18:00-23:59,4
Recent 28D,08,Crime Type,WEAPONS OFFENSES,Tuesday,18:00-23:59,3
Recent 28D,08,Crime Type,WEAPONS OFFENSES,Wednesday,00:00-05:59,2
Recent 28D,08,Crime Type,WEAPONS OFFENSES,Wednesday,18:00-23:59,3
Recent 28D,08,Category Focus,Gun-Related,Friday,12:00-17:59,1
Recent 28D,08,Category Focus,Gun-Related,Friday,18:00-23:59,2
Recent 28D,08,Category Focus,Gun-Related,Monday,00:00-05:59,1
Recent 28D,08,Category Focus,Gun-Related,Monday,18:00-23:59,4
Recent 28D,08,Category Focus,Gun-Related,Saturday,18:00-23:59,1
Recent 28D,08,Category Focus,Gun-Related,Sunday,12:00-17:59,1
Recent 28D,08,Category Focus,Gun-Related,Sunday,18:00-23:59,4
Recent 28D,08,Category Focus,Gun-Related,Thursday,00:00-05:59,1
Recent 28D,08,Category Focus,Gun-Related,Thursday,06:00-11:59,1
Recent 28D,08,Category Focus,Gun-Related,Thursday,18:00-23:59,4
Recent 28D,08,Category Focus,Gun-Related,Tuesday,18:00-23:59,3
Recent 28D,08,Category Focus,Gun-Related,Wednesday,00:00-05:59,2
Recent 28D,08,Category Focus,Gun-Related,Wednesday,18:00-23:59,3
Recent 28D,08,Category Focus,Property Crime,Friday,00:00-05:59,9
Recent 28D,08,Category Focus,Property Crime,Friday,06:00-11:59,10
Recent 28D,08,Category Focus,Property Crime,Friday,12:00-17:59,15
Recent 28D,08,Category Focus,Property Crime,Friday,18:00-23:59,15
Recent 28D,08,Category Focus,Property Crime,Monday,00:00-05:59,8
Recent 28D,08,Category Focus,Property Crime,Monday,06:00-11:59,8
Recent 28D,08,Category Focus,Property Crime,Monday,12:00-17:59,19
Recent 28D,08,Category Focus,Property Crime,Monday,18:00-23:59,18
Recent 28D,08,Category Focus,Property Crime,Saturday,00:00-05:59,7
Recent 28D,08,Category Focus,Property Crime,Saturday,06:00-11:59,6
Recent 28D,08,Category Focus,Property Crime,Saturday,12:00-17:59,17
Recent 28D,08,Category Focus,Property Crime,Saturday,18:00-23:59,12
Recent 28D,08,Category Focus,Property Crime,Sunday,00:00-05:59,7
Recent 28D,08,Category Focus,Property Crime,Sunday,06:00-11:59,2
Recent 28D,08,Category Focus,Property Crime,Sunday,12:00-17:59,14
Recent 28D,08,Category Focus,Property Crime,Sunday,18:00-23:59,8
Recent 28D,08,Category Focus,Property Crime,Thursday,00:00-05:59,8
Recent 28D,08,Category Focus,Property Crime,Thursday,06:00-11:59,5
Recent 28D,08,Category Focus,Property Crime,Thursday,12:00-17:59,7
Recent 28D,08,Category Focus,Property Crime,Thursday,18:00-23:59,12
Recent 28D,08,Category Focus,Property Crime,Tuesday,00:00-05:59,14
Recent 28D,08,Category Focus,Property Crime,Tuesday,06:00-11:59,7
Recent 28D,08,Category Focus,Property Crime,Tuesday,12:00-17:59,13
Recent 28D,08,Category Focus,Property Crime,Tuesday,18:00-23:59,17
Recent 28D,08,Category Focus,Property Crime,Wednesday,00:00-05:59,8
Recent 28D,08,Category Focus,Property Crime,Wednesday,06:00-11:59,9
Recent 28D,08,Category Focus,Property Crime,Wednesday,12:00-17:59,11
Recent 28D,08,Category Focus,Property Crime,Wednesday,18:00-23:59,10
Recent 28D,08,Category Focus,Larceny,Friday,00:00-05:59,1
Recent 28D,08,Category Focus,Larceny,Friday,06:00-11:59,2
Recent 28D,08,Category Focus,Larceny,Friday,12:00-17:59,3
Recent 28D,08,Category Focus,Larceny,Friday,18:00-23:59,2
Recent 28D,08,Category Focus,Larceny,Monday,00:00-05:59,2
Recent 28D,08,Category Focus,Larceny,Monday,06:00-11:59,4
Recent 28D,08,Category Focus,Larceny,Monday,12:00-17:59,5
Recent 28D,08,Category Focus,Larceny,Monday,18:00-23:59,3
Recent 28D,08,Category Focus,Larceny,Saturday,00:00-05:59,2
Recent 28D,08,Category Focus,Larceny,Saturday,06:00-11:59,2
Recent 28D,08,Category Focus,Larceny,Saturday,12:00-17:59,6
Recent 28D,08,Category Focus,Larceny,Saturday,18:00-23:59,4
Recent 28D,08,Category Focus,Larceny,Sunday,00:00-05:59,1
Recent 28D,08,Category Focus,Larceny,Sunday,06:00-11:59,1
Recent 28D,08,Category Focus,Larceny,Sunday,12:00-17:59,5
Recent 28D,08,Category Focus,Larceny,Sunday,18:00-23:59,2
Recent 28D,08,Category Focus,Larceny,Thursday,00:00-05:59,2
Recent 28D,08,Category Focus,Larceny,Thursday,06:00-11:59,2
Recent 28D,08,Category Focus,Larceny,Thursday,12:00-17:59,4
Recent 28D,08,Category Focus,Larceny,Thursday,18:00-23:59,1
Recent 28D,08,Category Focus,Larceny,Tuesday,06:00-11:59,1
Recent 28D,08,Category Focus,Larceny,Tuesday,12:00-17:59,6
Recent 28D,08,Category Focus,Larceny,Tuesday,18:00-23:59,8
Recent 28D,08,Category Focus,Larceny,Wednesday,00:00-05:59,3
Recent 28D,08,Category Focus,Larceny,Wednesday,06:00-11:59,2
Recent 28D,08,Category Focus,Larceny,Wednesday,12:00-17:59,1
Recent 28D,08,Category Focus,Larceny,Wednesday,18:00-23:59,3
Recent 28D,09,All,All,Friday,00:00-05:59,6
Recent 28D,09,All,All,Friday,06:00-11:59,24
Recent 28D,09,All,All,Friday,12:00-17:59,25
Recent 28D,09,All,All,Friday,18:00-23:59,16
Recent 28D,09,All,All,Monday,00:00-05:59,20
Recent 28D,09,All,All,Monday,06:00-11:59,22
Recent 28D,09,All,All,Monday,12:00-17:59,19
Recent 28D,09,All,All,Monday,18:00-23:59,23
Recent 28D,09,All,All,Saturday,00:00-05:59,27
Recent 28D,09,All,All,Saturday,06:00-11:59,9
Recent 28D,09,All,All,Saturday,12:00-17:59,24
Recent 28D,09,All,All,Saturday,18:00-23:59,30
Recent 28D,09,All,All,Sunday,00:00-05:59,33
Recent 28D,09,All,All,Sunday,06:00-11:59,14
Recent 28D,09,All,All,Sunday,12:00-17:59,20
Recent 28D,09,All,All,Sunday,18:00-23:59,34
Recent 28D,09,All,All,Thursday,00:00-05:59,14
Recent 28D,09,All,All,Thursday,06:00-11:59,15
Recent 28D,09,All,All,Thursday,12:00-17:59,21
Recent 28D,09,All,All,Thursday,18:00-23:59,21
Recent 28D,09,All,All,Tuesday,00:00-05:59,16
Recent 28D,09,All,All,Tuesday,06:00-11:59,12
Recent 28D,09,All,All,Tuesday,12:00-17:59,25
Recent 28D,09,All,All,Tuesday,18:00-23:59,21
Recent 28D,09,All,All,Wednesday,00:00-05:59,13
Recent 28D,09,All,All,Wednesday,06:00-11:59,22
Recent 28D,09,All,All,Wednesday,12:00-17:59,24
Recent 28D,09,All,All,Wednesday,18:00-23:59,21
Recent 28D,09,Crime Type,AGGRAVATED ASSAULT,Friday,06:00-11:59,2
Recent 28D,09,Crime Type,AGGRAVATED ASSAULT,Friday,18:00-23:59,2
Recent 28D,09,Crime Type,AGGRAVATED ASSAULT,Monday,00:00-05:59,1
Recent 28D,09,Crime Type,AGGRAVATED ASSAULT,Monday,06:00-11:59,1
Recent 28D,09,Crime Type,AGGRAVATED ASSAULT,Monday,12:00-17:59,1
Recent 28D,09,Crime Type,AGGRAVATED ASSAULT,Monday,18:00-23:59,3
Recent 28D,09,Crime Type,AGGRAVATED ASSAULT,Saturday,00:00-05:59,4
Recent 28D,09,Crime Type,AGGRAVATED ASSAULT,Saturday,06:00-11:59,2
Recent 28D,09,Crime Type,AGGRAVATED ASSAULT,Saturday,12:00-17:59,2
Recent 28D,09,Crime Type,AGGRAVATED ASSAULT,Saturday,18:00-23:59,6
Recent 28D,09,Crime Type,AGGRAVATED ASSAULT,Sunday,00:00-05:59,9
Recent 28D,09,Crime Type,AGGRAVATED ASSAULT,Sunday,06:00-11:59,2
Recent 28D,09,Crime Type,AGGRAVATED ASSAULT,Sunday,12:00-17:59,1
Recent 28D,09,Crime Type,AGGRAVATED ASSAULT,Sunday,18:00-23:59,7
Recent 28D,09,Crime Type,AGGRAVATED ASSAULT,Thursday,00:00-05:59,1
Recent 28D,09,Crime Type,AGGRAVATED ASSAULT,Thursday,06:00-11:59,1
Recent 28D,09,Crime Type,AGGRAVATED ASSAULT,Thursday,18:00-23:59,1
Recent 28D,09,Crime Type,AGGRAVATED ASSAULT,Tuesday,00:00-05:59,1
Recent 28D,09,Crime Type,AGGRAVATED ASSAULT,Tuesday,12:00-17:59,1
Recent 28D,09,Crime Type,AGGRAVATED ASSAULT,Tuesday,18:00-23:59,1
Recent 28D,09,Crime Type,AGGRAVATED ASSAULT,Wednesday,00:00-05:59,1
Recent 28D,09,Crime Type,AGGRAVATED ASSAULT,Wednesday,06:00-11:59,4
Recent 28D,09,Crime Type,AGGRAVATED ASSAULT,Wednesday,12:00-17:59,2
Recent 28D,09,Crime Type,AGGRAVATED ASSAULT,Wednesday,18:00-23:59,2
Recent 28D,09,Crime Type,ARSON,Saturday,06:00-11:59,1
Recent 28D,09,Crime Type,ARSON,Sunday,00:00-05:59,1
Recent 28D,09,Crime Type,ARSON,Sunday,18:00-23:59,2
Recent 28D,09,Crime Type,ASSAULT,Friday,00:00-05:59,3
Recent 28D,09,Crime Type,ASSAULT,Friday,06:00-11:59,4
Recent 28D,09,Crime Type,ASSAULT,Friday,12:00-17:59,5
Recent 28D,09,Crime Type,ASSAULT,Friday,18:00-23:59,2
Recent 28D,09,Crime Type,ASSAULT,Monday,00:00-05:59,5
Recent 28D,09,Crime Type,ASSAULT,Monday,06:00-11:59,2
Recent 28D,09,Crime Type,ASSAULT,Monday,12:00-17:59,3
Recent 28D,09,Crime Type,ASSAULT,Monday,18:00-23:59,8
Recent 28D,09,Crime Type,ASSAULT,Saturday,00:00-05:59,3
Recent 28D,09,Crime Type,ASSAULT,Saturday,06:00-11:59,1
Recent 28D,09,Crime Type,ASSAULT,Saturday,12:00-17:59,6
Recent 28D,09,Crime Type,ASSAULT,Saturday,18:00-23:59,4
Recent 28D,09,Crime Type,ASSAULT,Sunday,00:00-05:59,5
Recent 28D,09,Crime Type,ASSAULT,Sunday,06:00-11:59,3
Recent 28D,09,Crime Type,ASSAULT,Sunday,12:00-17:59,2
Recent 28D,09,Crime Type,ASSAULT,Sunday,18:00-23:59,4
Recent 28D,09,Crime Type,ASSAULT,Thursday,00:00-05:59,3
Recent 28D,09,Crime Type,ASSAULT,Thursday,06:00-11:59,6
Recent 28D,09,Crime Type,ASSAULT,Thursday,12:00-17:59,7
Recent 28D,09,Crime Type,ASSAULT,Thursday,18:00-23:59,6
Recent 28D,09,Crime Type,ASSAULT,Tuesday,00:00-05:59,2
Recent 28D,09,Crime Type,ASSAULT,Tuesday,06:00-11:59,4
Recent 28D,09,Crime Type,ASSAULT,Tuesday,12:00-17:59,2
Recent 28D,09,Crime Type,ASSAULT,Tuesday,18:00-23:59,4
Recent 28D,09,Crime Type,ASSAULT,Wednesday,00:00-05:59,3
Recent 28D,09,Crime Type,ASSAULT,Wednesday,06:00-11:59,4
Recent 28D,09,Crime Type,ASSAULT,Wednesday,12:00-17:59,3
Recent 28D,09,Crime Type,ASSAULT,Wednesday,18:00-23:59,2
Recent 28D,09,Crime Type,BURGLARY,Friday,00:00-05:59,1
Recent 28D,09,Crime Type,BURGLARY,Friday,06:00-11:59,1
Recent 28D,09,Crime Type,BURGLARY,Friday,12:00-17:59,2
Recent 28D,09,Crime Type,BURGLARY,Friday,18:00-23:59,3
Recent 28D,09,Crime Type,BURGLARY,Monday,00:00-05:59,1
Recent 28D,09,Crime Type,BURGLARY,Monday,06:00-11:59,2
Recent 28D,09,Crime Type,BURGLARY,Monday,12:00-17:59,3
Recent 28D,09,Crime Type,BURGLARY,Saturday,00:00-05:59,4
Recent 28D,09,Crime Type,BURGLARY,Saturday,06:00-11:59,2
Recent 28D,09,Crime Type,BURGLARY,Saturday,12:00-17:59,4
Recent 28D,09,Crime Type,BURGLARY,Saturday,18:00-23:59,1
Recent 28D,09,Crime Type,BURGLARY,Sunday,00:00-05:59,2
Recent 28D,09,Crime Type,BURGLARY,Sunday,06:00-11:59,2
Recent 28D,09,Crime Type,BURGLARY,Sunday,12:00-17:59,4
Recent 28D,09,Crime Type,BURGLARY,Sunday,18:00-23:59,2
Recent 28D,09,Crime Type,BURGLARY,Thursday,00:00-05:59,1
Recent 28D,09,Crime Type,BURGLARY,Thursday,06:00-11:59,2
Recent 28D,09,Crime Type,BURGLARY,Thursday,12:00-17:59,3
Recent 28D,09,Crime Type,BURGLARY,Tuesday,00:00-05:59,2
Recent 28D,09,Crime Type,BURGLARY,Tuesday,06:00-11:59,2
Recent 28D,09,Crime Type,BURGLARY,Tuesday,12:00-17:59,4
Recent 28D,09,Crime Type,BURGLARY,Tuesday,18:00-23:59,3
Recent 28D,09,Crime Type,BURGLARY,Wednesday,00:00-05:59,2
Recent 28D,09,Crime Type,BURGLARY,Wednesday,06:00-11:59,2
Recent 28D,09,Crime Type,BURGLARY,Wednesday,12:00-17:59,2
Recent 28D,09,Crime Type,BURGLARY,Wednesday,18:00-23:59,2
Recent 28D,09,Crime Type,DAMAGE TO PROPERTY,Friday,06:00-11:59,5
Recent 28D,09,Crime Type,DAMAGE TO PROPERTY,Monday,00:00-05:59,4
Recent 28D,09,Crime Type,DAMAGE TO PROPERTY,Monday,06:00-11:59,4
Recent 28D,09,Crime Type,DAMAGE TO PROPERTY,Monday,12:00-17:59,1
Recent 28D,09,Crime Type,DAMAGE TO PROPERTY,Monday,18:00-23:59,5
Recent 28D,09,Crime Type,DAMAGE TO PROPERTY,Saturday,00:00-05:59,7
Recent 28D,09,Crime Type,DAMAGE TO PROPERTY,Saturday,06:00-11:59,1
Recent 28D,09,Crime Type,DAMAGE TO PROPERTY,Saturday,18:00-23:59,3
Recent 28D,09,Crime Type,DAMAGE TO PROPERTY,Sunday,00:00-05:59,7
Recent 28D,09,Crime Type,DAMAGE TO PROPERTY,Sunday,06:00-11:59,2
Recent 28D,09,Crime Type,DAMAGE TO PROPERTY,Sunday,18:00-23:59,3
Recent 28D,09,Crime Type,DAMAGE TO PROPERTY,Thursday,00:00-05:59,1
Recent 28D,09,Crime Type,DAMAGE TO PROPERTY,Thursday,06:00-11:59,2
Recent 28D,09,Crime Type,DAMAGE TO PROPERTY,Thursday,12:00-17:59,1
Recent 28D,09,Crime Type,DAMAGE TO PROPERTY,Tuesday,00:00-05:59,1
Recent 28D,09,Crime Type,DAMAGE TO PROPERTY,Tuesday,06:00-11:59,3
Recent 28D,09,Crime Type,DAMAGE TO PROPERTY,Tuesday,12:00-17:59,3
Recent 28D,09,Crime Type,DAMAGE TO PROPERTY,Tuesday,18:00-23:59,2
Recent 28D,09,Crime Type,DAMAGE TO PROPERTY,Wednesday,00:00-05:59,2
Recent 28D,09,Crime Type,DAMAGE TO PROPERTY,Wednesday,06:00-11:59,3
Recent 28D,09,Crime Type,DAMAGE TO PROPERTY,Wednesday,12:00-17:59,3
Recent 28D,09,Crime Type,DAMAGE TO PROPERTY,Wednesday,18:00-23:59,5
Recent 28D,09,Crime Type,DANGEROUS DRUGS,Friday,06:00-11:59,1
Recent 28D,09,Crime Type,DANGEROUS DRUGS,Saturday,12:00-17:59,1
Recent 28D,09,Crime Type,DANGEROUS DRUGS,Tuesday,00:00-05:59,1
Recent 28D,09,Crime Type,DANGEROUS DRUGS,Tuesday,12:00-17:59,6
Recent 28D,09,Crime Type,DANGEROUS DRUGS,Wednesday,12:00-17:59,2
Recent 28D,09,Crime Type,DANGEROUS DRUGS,Wednesday,18:00-23:59,1
Recent 28D,09,Crime Type,DISORDERLY CONDUCT,Monday,06:00-11:59,1
Recent 28D,09,Crime Type,EXTORTION,Thursday,12:00-17:59,1
Recent 28D,09,Crime Type,FAMILY OFFENSE,Friday,06:00-11:59,1
Recent 28D,09,Crime Type,FAMILY OFFENSE,Monday,12:00-17:59,1
Recent 28D,09,Crime Type,FAMILY OFFENSE,Sunday,12:00-17:59,2
Recent 28D,09,Crime Type,FAMILY OFFENSE,Sunday,18:00-23:59,1
Recent 28D,09,Crime Type,FAMILY OFFENSE,Thursday,18:00-23:59,1
Recent 28D,09,Crime Type,FAMILY OFFENSE,Tuesday,00:00-05:59,1
Recent 28D,09,Crime Type,FAMILY OFFENSE,Wednesday,12:00-17:59,1
Recent 28D,09,Crime Type,FRAUD,Friday,06:00-11:59,5
Recent 28D,09,Crime Type,FRAUD,Friday,12:00-17:59,4
Recent 28D,09,Crime Type,FRAUD,Monday,00:00-05:59,1
Recent 28D,09,Crime Type,FRAUD,Monday,06:00-11:59,2
Recent 28D,09,Crime Type,FRAUD,Monday,12:00-17:59,2
Recent 28D,09,Crime Type,FRAUD,Saturday,12:00-17:59,1
Recent 28D,09,Crime Type,FRAUD,Saturday,18:00-23:59,3
Recent 28D,09,Crime Type,FRAUD,Sunday,18:00-23:59,1
Recent 28D,09,Crime Type,FRAUD,Thursday,12:00-17:59,1
Recent 28D,09,Crime Type,FRAUD,Thursday,18:00-23:59,3
Recent 28D,09,Crime Type,FRAUD,Tuesday,06:00-11:59,1
Recent 28D,09,Crime Type,FRAUD,Tuesday,12:00-17:59,1
Recent 28D,09,Crime Type,FRAUD,Tuesday,18:00-23:59,1
Recent 28D,09,Crime Type,FRAUD,Wednesday,00:00-05:59,1
Recent 28D,09,Crime Type,FRAUD,Wednesday,06:00-11:59,1
Recent 28D,09,Crime Type,FRAUD,Wednesday,12:00-17:59,1
Recent 28D,09,Crime Type,INVASION OF PRIVACY -OTHER,Sunday,18:00-23:59,1
Recent 28D,09,Crime Type,KIDNAPPING,Friday,12:00-17:59,1
Recent 28D,09,Crime Type,KIDNAPPING,Tuesday,18:00-23:59,1
Recent 28D,09,Crime Type,LARCENY,Friday,00:00-05:59,1
Recent 28D,09,Crime Type,LARCENY,Friday,06:00-11:59,1
Recent 28D,09,Crime Type,LARCENY,Friday,12:00-17:59,7
Recent 28D,09,Crime Type,LARCENY,Friday,18:00-23:59,1
Recent 28D,09,Crime Type,LARCENY,Monday,00:00-05:59,2
Recent 28D,09,Crime Type,LARCENY,Monday,06:00-11:59,7
Recent 28D,09,Crime Type,LARCENY,Monday,12:00-17:59,5
Recent 28D,09,Crime Type,LARCENY,Monday,18:00-23:59,1
Recent 28D,09,Crime Type,LARCENY,Saturday,00:00-05:59,3
Recent 28D,09,Crime Type,LARCENY,Saturday,06:00-11:59,1
Recent 28D,09,Crime Type,LARCENY,Saturday,12:00-17:59,8
Recent 28D,09,Crime Type,LARCENY,Saturday,18:00-23:59,3
Recent 28D,09,Crime Type,LARCENY,Sunday,00:00-05:59,3
Recent 28D,09,Crime Type,LARCENY,Sunday,06:00-11:59,2
Recent 28D,09,Crime Type,LARCENY,Sunday,12:00-17:59,5
Recent 28D,09,Crime Type,LARCENY,Sunday,18:00-23:59,6
Recent 28D,09,Crime Type,LARCENY,Thursday,00:00-05:59,1
Recent 28D,09,Crime Type,LARCENY,Thursday,12:00-17:59,5
Recent 28D,09,Crime Type,LARCENY,Thursday,18:00-23:59,1
Recent 28D,09,Crime Type,LARCENY,Tuesday,00:00-05:59,3
Recent 28D,09,Crime Type,LARCENY,Tuesday,06:00-11:59,1
Recent 28D,09,Crime Type,LARCENY,Tuesday,18:00-23:59,2
Recent 28D,09,Crime Type,LARCENY,Wednesday,00:00-05:59,3
Recent 28D,09,Crime Type,LARCENY,Wednesday,06:00-11:59,3
Recent 28D,09,Crime Type,LARCENY,Wednesday,12:00-17:59,2
Recent 28D,09,Crime Type,LARCENY,Wednesday,18:00-23:59,1
Recent 28D,09,Crime Type,OBSTRUCTING JUDICIARY,Friday,18:00-23:59,1
Recent 28D,09,Crime Type,OBSTRUCTING JUDICIARY,Sunday,12:00-17:59,1
Recent 28D,09,Crime Type,OBSTRUCTING JUDICIARY,Sunday,18:00-23:59,1
Recent 28D,09,Crime Type,OBSTRUCTING JUDICIARY,Thursday,06:00-11:59,1
Recent 28D,09,Crime Type,OBSTRUCTING THE POLICE,Monday,00:00-05:59,1
Recent 28D,09,Crime Type,OBSTRUCTING THE POLICE,Saturday,00:00-05:59,1
Recent 28D,09,Crime Type,OBSTRUCTING THE POLICE,Saturday,18:00-23:59,2
Recent 28D,09,Crime Type,OBSTRUCTING THE POLICE,Sunday,00:00-05:59,2
Recent 28D,09,Crime Type,OBSTRUCTING THE POLICE,Sunday,18:00-23:59,1
Recent 28D,09,Crime Type,OBSTRUCTING THE POLICE,Thursday,00:00-05:59,2
Recent 28D,09,Crime Type,OBSTRUCTING THE POLICE,Tuesday,00:00-05:59,1
Recent 28D,09,Crime Type,OBSTRUCTING THE POLICE,Wednesday,12:00-17:59,2
Recent 28D,09,Crime Type,OBSTRUCTING THE POLICE,Wednesday,18:00-23:59,1
Recent 28D,09,Crime Type,OUIL,Wednesday,18:00-23:59,2
Recent 28D,09,Crime Type,ROBBERY,Friday,12:00-17:59,1
Recent 28D,09,Crime Type,ROBBERY,Monday,00:00-05:59,1
Recent 28D,09,Crime Type,ROBBERY,Saturday,00:00-05:59,1
Recent 28D,09,Crime Type,ROBBERY,Saturday,12:00-17:59,1
Recent 28D,09,Crime Type,ROBBERY,Sunday,12:00-17:59,1
Recent 28D,09,Crime Type,ROBBERY,Thursday,00:00-05:59,1
Recent 28D,09,Crime Type,ROBBERY,Tuesday,18:00-23:59,1
Recent 28D,09,Crime Type,RUNAWAY,Friday,12:00-17:59,1
Recent 28D,09,Crime Type,RUNAWAY,Monday,12:00-17:59,1
Recent 28D,09,Crime Type,RUNAWAY,Monday,18:00-23:59,1
Recent 28D,09,Crime Type,RUNAWAY,Thursday,12:00-17:59,1
Recent 28D,09,Crime Type,RUNAWAY,Wednesday,18:00-23:59,2
Recent 28D,09,Crime Type,SEX OFFENSES,Friday,06:00-11:59,1
Recent 28D,09,Crime Type,SEX OFFENSES,Monday,06:00-11:59,1
Recent 28D,09,Crime Type,SEX OFFENSES,Thursday,18:00-23:59,1
Recent 28D,09,Crime Type,SEXUAL ASSAULT,Sunday,12:00-17:59,1
Recent 28D,09,Crime Type,SEXUAL ASSAULT,Tuesday,00:00-05:59,1
Recent 28D,09,Crime Type,SEXUAL ASSAULT,Wednesday,06:00-11:59,1
Recent 28D,09,Crime Type,SOLICITATION,Friday,18:00-23:59,1
Recent 28D,09,Crime Type,STOLEN PROPERTY,Friday,06:00-11:59,1
Recent 28D,09,Crime Type,STOLEN PROPERTY,Friday,12:00-17:59,1
Recent 28D,09,Crime Type,STOLEN PROPERTY,Friday,18:00-23:59,1
Recent 28D,09,Crime Type,STOLEN PROPERTY,Monday,00:00-05:59,1
Recent 28D,09,Crime Type,STOLEN PROPERTY,Monday,06:00-11:59,2
Recent 28D,09,Crime Type,STOLEN PROPERTY,Saturday,18:00-23:59,1
Recent 28D,09,Crime Type,STOLEN PROPERTY,Sunday,06:00-11:59,1
Recent 28D,09,Crime Type,STOLEN PROPERTY,Sunday,12:00-17:59,2
Recent 28D,09,Crime Type,STOLEN PROPERTY,Thursday,00:00-05:59,3
Recent 28D,09,Crime Type,STOLEN PROPERTY,Thursday,06:00-11:59,1
Recent 28D,09,Crime Type,STOLEN PROPERTY,Thursday,18:00-23:59,2
Recent 28D,09,Crime Type,STOLEN PROPERTY,Tuesday,06:00-11:59,1
Recent 28D,09,Crime Type,STOLEN PROPERTY,Tuesday,12:00-17:59,2
Recent 28D,09,Crime Type,STOLEN PROPERTY,Tuesday,18:00-23:59,2
Recent 28D,09,Crime Type,STOLEN PROPERTY,Wednesday,06:00-11:59,2
Recent 28D,09,Crime Type,STOLEN PROPERTY,Wednesday,12:00-17:59,3
Recent 28D,09,Crime Type,STOLEN PROPERTY,Wednesday,18:00-23:59,1
Recent 28D,09,Crime Type,STOLEN VEHICLE,Friday,00:00-05:59,1
Recent 28D,09,Crime Type,STOLEN VEHICLE,Friday,06:00-11:59,2
Recent 28D,09,Crime Type,STOLEN VEHICLE,Friday,12:00-17:59,2
Recent 28D,09,Crime Type,STOLEN VEHICLE,Friday,18:00-23:59,4
Recent 28D,09,Crime Type,STOLEN VEHICLE,Monday,00:00-05:59,2
Recent 28D,09,Crime Type,STOLEN VEHICLE,Monday,12:00-17:59,2
Recent 28D,09,Crime Type,STOLEN VEHICLE,Monday,18:00-23:59,5
Recent 28D,09,Crime Type,STOLEN VEHICLE,Saturday,00:00-05:59,3
Recent 28D,09,Crime Type,STOLEN VEHICLE,Saturday,06:00-11:59,1
Recent 28D,09,Crime Type,STOLEN VEHICLE,Saturday,18:00-23:59,4
Recent 28D,09,Crime Type,STOLEN VEHICLE,Sunday,00:00-05:59,1
Recent 28D,09,Crime Type,STOLEN VEHICLE,Sunday,06:00-11:59,2
Recent 28D,09,Crime Type,STOLEN VEHICLE,Sunday,12:00-17:59,1
Recent 28D,09,Crime Type,STOLEN VEHICLE,Sunday,18:00-23:59,3
Recent 28D,09,Crime Type,STOLEN VEHICLE,Thursday,06:00-11:59,2
Recent 28D,09,Crime Type,STOLEN VEHICLE,Thursday,12:00-17:59,2
Recent 28D,09,Crime Type,STOLEN VEHICLE,Thursday,18:00-23:59,3
Recent 28D,09,Crime Type,STOLEN VEHICLE,Tuesday,00:00-05:59,2
Recent 28D,09,Crime Type,STOLEN VEHICLE,Tuesday,12:00-17:59,2
Recent 28D,09,Crime Type,STOLEN VEHICLE,Tuesday,18:00-23:59,4
Recent 28D,09,Crime Type,STOLEN VEHICLE,Wednesday,00:00-05:59,1
Recent 28D,09,Crime Type,STOLEN VEHICLE,Wednesday,06:00-11:59,2
Recent 28D,09,Crime Type,STOLEN VEHICLE,Wednesday,12:00-17:59,1
Recent 28D,09,Crime Type,STOLEN VEHICLE,Wednesday,18:00-23:59,2
Recent 28D,09,Crime Type,WEAPONS OFFENSES,Friday,12:00-17:59,1
Recent 28D,09,Crime Type,WEAPONS OFFENSES,Friday,18:00-23:59,1
Recent 28D,09,Crime Type,WEAPONS OFFENSES,Monday,00:00-05:59,1
Recent 28D,09,Crime Type,WEAPONS OFFENSES,Saturday,00:00-05:59,1
Recent 28D,09,Crime Type,WEAPONS OFFENSES,Saturday,12:00-17:59,1
Recent 28D,09,Crime Type,WEAPONS OFFENSES,Saturday,18:00-23:59,3
Recent 28D,09,Crime Type,WEAPONS OFFENSES,Sunday,00:00-05:59,3
Recent 28D,09,Crime Type,WEAPONS OFFENSES,Sunday,18:00-23:59,2
Recent 28D,09,Crime Type,WEAPONS OFFENSES,Thursday,00:00-05:59,1
Recent 28D,09,Crime Type,WEAPONS OFFENSES,Thursday,18:00-23:59,3
Recent 28D,09,Crime Type,WEAPONS OFFENSES,Tuesday,00:00-05:59,1
Recent 28D,09,Crime Type,WEAPONS OFFENSES,Tuesday,12:00-17:59,4
Recent 28D,09,Crime Type,WEAPONS OFFENSES,Wednesday,12:00-17:59,2
Recent 28D,09,Category Focus,Gun-Related,Friday,12:00-17:59,1
Recent 28D,09,Category Focus,Gun-Related,Friday,18:00-23:59,1
Recent 28D,09,Category Focus,Gun-Related,Monday,00:00-05:59,1
Recent 28D,09,Category Focus,Gun-Related,Saturday,00:00-05:59,1
Recent 28D,09,Category Focus,Gun-Related,Saturday,12:00-17:59,1
Recent 28D,09,Category Focus,Gun-Related,Saturday,18:00-23:59,3
Recent 28D,09,Category Focus,Gun-Related,Sunday,00:00-05:59,3
Recent 28D,09,Category Focus,Gun-Related,Sunday,18:00-23:59,2
Recent 28D,09,Category Focus,Gun-Related,Thursday,00:00-05:59,1
Recent 28D,09,Category Focus,Gun-Related,Thursday,18:00-23:59,3
Recent 28D,09,Category Focus,Gun-Related,Tuesday,00:00-05:59,1
Recent 28D,09,Category Focus,Gun-Related,Tuesday,12:00-17:59,4
Recent 28D,09,Category Focus,Gun-Related,Wednesday,12:00-17:59,2
Recent 28D,09,Category Focus,Property Crime,Friday,00:00-05:59,3
Recent 28D,09,Category Focus,Property Crime,Friday,06:00-11:59,10
Recent 28D,09,Category Focus,Property Crime,Friday,12:00-17:59,12
Recent 28D,09,Category Focus,Property Crime,Friday,18:00-23:59,9
Recent 28D,09,Category Focus,Property Crime,Monday,00:00-05:59,10
Recent 28D,09,Category Focus,Property Crime,Monday,06:00-11:59,15
Recent 28D,09,Category Focus,Property Crime,Monday,12:00-17:59,11
Recent 28D,09,Category Focus,Property Crime,Monday,18:00-23:59,11
Recent 28D,09,Category Focus,Property Crime,Saturday,00:00-05:59,17
Recent 28D,09,Category Focus,Property Crime,Saturday,06:00-11:59,5
Recent 28D,09,Category Focus,Property Crime,Saturday,12:00-17:59,12
Recent 28D,09,Category Focus,Property Crime,Saturday,18:00-23:59,12
Recent 28D,09,Category Focus,Property Crime,Sunday,00:00-05:59,13
Recent 28D,09,Category Focus,Property Crime,Sunday,06:00-11:59,9
Recent 28D,09,Category Focus,Property Crime,Sunday,12:00-17:59,12
Recent 28D,09,Category Focus,Property Crime,Sunday,18:00-23:59,14
Recent 28D,09,Category Focus,Property Crime,Thursday,00:00-05:59,6
Recent 28D,09,Category Focus,Property Crime,Thursday,06:00-11:59,7
Recent 28D,09,Category Focus,Property Crime,Thursday,12:00-17:59,11
Recent 28D,09,Category Focus,Property Crime,Thursday,18:00-23:59,6
Recent 28D,09,Category Focus,Property Crime,Tuesday,00:00-05:59,8
Recent 28D,09,Category Focus,Property Crime,Tuesday,06:00-11:59,7
Recent 28D,09,Category Focus,Property Crime,Tuesday,12:00-17:59,11
Recent 28D,09,Category Focus,Property Crime,Tuesday,18:00-23:59,13
Recent 28D,09,Category Focus,Property Crime,Wednesday,00:00-05:59,8
Recent 28D,09,Category Focus,Property Crime,Wednesday,06:00-11:59,12
Recent 28D,09,Category Focus,Property Crime,Wednesday,12:00-17:59,11
Recent 28D,09,Category Focus,Property Crime,Wednesday,18:00-23:59,11
Recent 28D,09,Category Focus,Larceny,Friday,00:00-05:59,1
Recent 28D,09,Category Focus,Larceny,Friday,06:00-11:59,1
Recent 28D,09,Category Focus,Larceny,Friday,12:00-17:59,7
Recent 28D,09,Category Focus,Larceny,Friday,18:00-23:59,1
Recent 28D,09,Category Focus,Larceny,Monday,00:00-05:59,2
Recent 28D,09,Category Focus,Larceny,Monday,06:00-11:59,7
Recent 28D,09,Category Focus,Larceny,Monday,12:00-17:59,5
Recent 28D,09,Category Focus,Larceny,Monday,18:00-23:59,1
Recent 28D,09,Category Focus,Larceny,Saturday,00:00-05:59,3
Recent 28D,09,Category Focus,Larceny,Saturday,06:00-11:59,1
Recent 28D,09,Category Focus,Larceny,Saturday,12:00-17:59,8
Recent 28D,09,Category Focus,Larceny,Saturday,18:00-23:59,3
Recent 28D,09,Category Focus,Larceny,Sunday,00:00-05:59,3
Recent 28D,09,Category Focus,Larceny,Sunday,06:00-11:59,2
Recent 28D,09,Category Focus,Larceny,Sunday,12:00-17:59,5
Recent 28D,09,Category Focus,Larceny,Sunday,18:00-23:59,6
Recent 28D,09,Category Focus,Larceny,Thursday,00:00-05:59,1
Recent 28D,09,Category Focus,Larceny,Thursday,12:00-17:59,5
Recent 28D,09,Category Focus,Larceny,Thursday,18:00-23:59,1
Recent 28D,09,Category Focus,Larceny,Tuesday,00:00-05:59,3
Recent 28D,09,Category Focus,Larceny,Tuesday,06:00-11:59,1
Recent 28D,09,Category Focus,Larceny,Tuesday,18:00-23:59,2
Recent 28D,09,Category Focus,Larceny,Wednesday,00:00-05:59,3
Recent 28D,09,Category Focus,Larceny,Wednesday,06:00-11:59,3
Recent 28D,09,Category Focus,Larceny,Wednesday,12:00-17:59,2
Recent 28D,09,Category Focus,Larceny,Wednesday,18:00-23:59,1
Recent 28D,0W,All,All,Wednesday,00:00-05:59,1
Recent 28D,0W,Crime Type,FRAUD,Wednesday,00:00-05:59,1
Recent 28D,10,All,All,Friday,00:00-05:59,12
Recent 28D,10,All,All,Friday,06:00-11:59,16
Recent 28D,10,All,All,Friday,12:00-17:59,21
Recent 28D,10,All,All,Friday,18:00-23:59,20
Recent 28D,10,All,All,Monday,00:00-05:59,11
Recent 28D,10,All,All,Monday,06:00-11:59,18
Recent 28D,10,All,All,Monday,12:00-17:59,20
Recent 28D,10,All,All,Monday,18:00-23:59,16
Recent 28D,10,All,All,Saturday,00:00-05:59,12
Recent 28D,10,All,All,Saturday,06:00-11:59,8
Recent 28D,10,All,All,Saturday,12:00-17:59,23
Recent 28D,10,All,All,Saturday,18:00-23:59,25
Recent 28D,10,All,All,Sunday,00:00-05:59,10
Recent 28D,10,All,All,Sunday,06:00-11:59,12
Recent 28D,10,All,All,Sunday,12:00-17:59,16
Recent 28D,10,All,All,Sunday,18:00-23:59,28
Recent 28D,10,All,All,Thursday,00:00-05:59,16
Recent 28D,10,All,All,Thursday,06:00-11:59,13
Recent 28D,10,All,All,Thursday,12:00-17:59,16
Recent 28D,10,All,All,Thursday,18:00-23:59,20
Recent 28D,10,All,All,Tuesday,00:00-05:59,14
Recent 28D,10,All,All,Tuesday,06:00-11:59,12
Recent 28D,10,All,All,Tuesday,12:00-17:59,19
Recent 28D,10,All,All,Tuesday,18:00-23:59,22
Recent 28D,10,All,All,Wednesday,00:00-05:59,18
Recent 28D,10,All,All,Wednesday,06:00-11:59,19
Recent 28D,10,All,All,Wednesday,12:00-17:59,19
Recent 28D,10,All,All,Wednesday,18:00-23:59,21
Recent 28D,10,Crime Type,AGGRAVATED ASSAULT,Friday,00:00-05:59,1
Recent 28D,10,Crime Type,AGGRAVATED ASSAULT,Friday,12:00-17:59,4
Recent 28D,10,Crime Type,AGGRAVATED ASSAULT,Friday,18:00-23:59,2
Recent 28D,10,Crime Type,AGGRAVATED ASSAULT,Monday,00:00-05:59,2
Recent 28D,10,Crime Type,AGGRAVATED ASSAULT,Monday,12:00-17:59,1
Recent 28D,10,Crime Type,AGGRAVATED ASSAULT,Monday,18:00-23:59,2
Recent 28D,10,Crime Type,AGGRAVATED ASSAULT,Saturday,00:00-05:59,1
Recent 28D,10,Crime Type,AGGRAVATED ASSAULT,Saturday,06:00-11:59,2
Recent 28D,10,Crime Type,AGGRAVATED ASSAULT,Saturday,12:00-17:59,3
Recent 28D,10,Crime Type,AGGRAVATED ASSAULT,Saturday,18:00-23:59,1
Recent 28D,10,Crime Type,AGGRAVATED ASSAULT,Sunday,00:00-05:59,1
Recent 28D,10,Crime Type,AGGRAVATED ASSAULT,Sunday,06:00-11:59,2
Recent 28D,10,Crime Type,AGGRAVATED ASSAULT,Sunday,12:00-17:59,1
Recent 28D,10,Crime Type,AGGRAVATED ASSAULT,Sunday,18:00-23:59,3
Recent 28D,10,Crime Type,AGGRAVATED ASSAULT,Thursday,00:00-05:59,3
Recent 28D,10,Crime Type,AGGRAVATED ASSAULT,Thursday,06:00-11:59,1
Recent 28D,10,Crime Type,AGGRAVATED ASSAULT,Thursday,18:00-23:59,2
Recent 28D,10,Crime Type,AGGRAVATED ASSAULT,Tuesday,12:00-17:59,1
Recent 28D,10,Crime Type,AGGRAVATED ASSAULT,Tuesday,18:00-23:59,3
Recent 28D,10,Crime Type,AGGRAVATED ASSAULT,Wednesday,00:00-05:59,3
Recent 28D,10,Crime Type,AGGRAVATED ASSAULT,Wednesday,06:00-11:59,1
Recent 28D,10,Crime Type,AGGRAVATED ASSAULT,Wednesday,12:00-17:59,2
Recent 28D,10,Crime Type,AGGRAVATED ASSAULT,Wednesday,18:00-23:59,4
Recent 28D,10,Crime Type,ARSON,Saturday,00:00-05:59,1
Recent 28D,10,Crime Type,ARSON,Sunday,18:00-23:59,1
Recent 28D,10,Crime Type,ARSON,Thursday,18:00-23:59,1
Recent 28D,10,Crime Type,ARSON,Tuesday,00:00-05:59,2
Recent 28D,10,Crime Type,ARSON,Tuesday,18:00-23:59,2
Recent 28D,10,Crime Type,ASSAULT,Friday,00:00-05:59,1
Recent 28D,10,Crime Type,ASSAULT,Friday,06:00-11:59,4
Recent 28D,10,Crime Type,ASSAULT,Friday,12:00-17:59,2
Recent 28D,10,Crime Type,ASSAULT,Friday,18:00-23:59,5
Recent 28D,10,Crime Type,ASSAULT,Monday,00:00-05:59,3
Recent 28D,10,Crime Type,ASSAULT,Monday,06:00-11:59,4
Recent 28D,10,Crime Type,ASSAULT,Monday,12:00-17:59,5
Recent 28D,10,Crime Type,ASSAULT,Monday,18:00-23:59,2
Recent 28D,10,Crime Type,ASSAULT,Saturday,00:00-05:59,5
Recent 28D,10,Crime Type,ASSAULT,Saturday,06:00-11:59,2
Recent 28D,10,Crime Type,ASSAULT,Saturday,12:00-17:59,7
Recent 28D,10,Crime Type,ASSAULT,Saturday,18:00-23:59,5
Recent 28D,10,Crime Type,ASSAULT,Sunday,06:00-11:59,2
Recent 28D,10,Crime Type,ASSAULT,Sunday,12:00-17:59,6
Recent 28D,10,Crime Type,ASSAULT,Sunday,18:00-23:59,2
Recent 28D,10,Crime Type,ASSAULT,Thursday,00:00-05:59,1
Recent 28D,10,Crime Type,ASSAULT,Thursday,06:00-11:59,2
Recent 28D,10,Crime Type,ASSAULT,Thursday,12:00-17:59,3
Recent 28D,10,Crime Type,ASSAULT,Thursday,18:00-23:59,2
Recent 28D,10,Crime Type,ASSAULT,Tuesday,06:00-11:59,3
Recent 28D,10,Crime Type,ASSAULT,Tuesday,12:00-17:59,3
Recent 28D,10,Crime Type,ASSAULT,Tuesday,18:00-23:59,3
Recent 28D,10,Crime Type,ASSAULT,Wednesday,00:00-05:59,4
Recent 28D,10,Crime Type,ASSAULT,Wednesday,06:00-11:59,4
Recent 28D,10,Crime Type,ASSAULT,Wednesday,12:00-17:59,3
Recent 28D,10,Crime Type,ASSAULT,Wednesday,18:00-23:59,4
Recent 28D,10,Crime Type,BURGLARY,Friday,00:00-05:59,1
Recent 28D,10,Crime Type,BURGLARY,Friday,06:00-11:59,1
Recent 28D,10,Crime Type,BURGLARY,Friday,12:00-17:59,3
Recent 28D,10,Crime Type,BURGLARY,Monday,06:00-11:59,3
Recent 28D,10,Crime Type,BURGLARY,Monday,12:00-17:59,1
Recent 28D,10,Crime Type,BURGLARY,Saturday,00:00-05:59,1
Recent 28D,10,Crime Type,BURGLARY,Saturday,12:00-17:59,2
Recent 28D,10,Crime Type,BURGLARY,Saturday,18:00-23:59,1
Recent 28D,10,Crime Type,BURGLARY,Sunday,00:00-05:59,1
Recent 28D,10,Crime Type,BURGLARY,Sunday,18:00-23:59,2
Recent 28D,10,Crime Type,BURGLARY,Thursday,00:00-05:59,2
Recent 28D,10,Crime Type,BURGLARY,Thursday,12:00-17:59,1
Recent 28D,10,Crime Type,BURGLARY,Tuesday,00:00-05:59,1
Recent 28D,10,Crime Type,BURGLARY,Wednesday,00:00-05:59,2
Recent 28D,10,Crime Type,BURGLARY,Wednesday,06:00-11:59,2
Recent 28D,10,Crime Type,BURGLARY,Wednesday,12:00-17:59,1
Recent 28D,10,Crime Type,BURGLARY,Wednesday,18:00-23:59,1
Recent 28D,10,Crime Type,DAMAGE TO PROPERTY,Friday,06:00-11:59,4
Recent 28D,10,Crime Type,DAMAGE TO PROPERTY,Friday,12:00-17:59,1
Recent 28D,10,Crime Type,DAMAGE TO PROPERTY,Friday,18:00-23:59,5
Recent 28D,10,Crime Type,DAMAGE TO PROPERTY,Monday,06:00-11:59,1
Recent 28D,10,Crime Type,DAMAGE TO PROPERTY,Monday,12:00-17:59,5
Recent 28D,10,Crime Type,DAMAGE TO PROPERTY,Saturday,00:00-05:59,2
Recent 28D,10,Crime Type,DAMAGE TO PROPERTY,Saturday,12:00-17:59,1
Recent 28D,10,Crime Type,DAMAGE TO PROPERTY,Saturday,18:00-23:59,3
Recent 28D,10,Crime Type,DAMAGE TO PROPERTY,Sunday,00:00-05:59,3
Recent 28D,10,Crime Type,DAMAGE TO PROPERTY,Sunday,06:00-11:59,1
Recent 28D,10,Crime Type,DAMAGE TO PROPERTY,Sunday,12:00-17:59,3
Recent 28D,10,Crime Type,DAMAGE TO PROPERTY,Sunday,18:00-23:59,1
Recent 28D,10,Crime Type,DAMAGE TO PROPERTY,Thursday,00:00-05:59,4
Recent 28D,10,Crime Type,DAMAGE TO PROPERTY,Thursday,06:00-11:59,1
Recent 28D,10,Crime Type,DAMAGE TO PROPERTY,Thursday,12:00-17:59,3
Recent 28D,10,Crime Type,DAMAGE TO PROPERTY,Thursday,18:00-23:59,4
Recent 28D,10,Crime Type,DAMAGE TO PROPERTY,Tuesday,00:00-05:59,3
Recent 28D,10,Crime Type,DAMAGE TO PROPERTY,Tuesday,06:00-11:59,4
Recent 28D,10,Crime Type,DAMAGE TO PROPERTY,Tuesday,12:00-17:59,4
Recent 28D,10,Crime Type,DAMAGE TO PROPERTY,Tuesday,18:00-23:59,3
Recent 28D,10,Crime Type,DAMAGE TO PROPERTY,Wednesday,00:00-05:59,2
Recent 28D,10,Crime Type,DAMAGE TO PROPERTY,Wednesday,06:00-11:59,2
Recent 28D,10,Crime Type,DAMAGE TO PROPERTY,Wednesday,12:00-17:59,1
Recent 28D,10,Crime Type,DAMAGE TO PROPERTY,Wednesday,18:00-23:59,1
Recent 28D,10,Crime Type,DANGEROUS DRUGS,Tuesday,12:00-17:59,1
Recent 28D,10,Crime Type,DANGEROUS DRUGS,Wednesday,18:00-23:59,1
Recent 28D,10,Crime Type,DISORDERLY CONDUCT,Sunday,00:00-05:59,1
Recent 28D,10,Crime Type,DISORDERLY CONDUCT,Tuesday,06:00-11:59,1
Recent 28D,10,Crime Type,FAMILY OFFENSE,Monday,00:00-05:59,1
Recent 28D,10,Crime Type,FAMILY OFFENSE,Saturday,06:00-11:59,1
Recent 28D,10,Crime Type,FAMILY OFFENSE,Sunday,06:00-11:59,1
Recent 28D,10,Crime Type,FAMILY OFFENSE,Thursday,06:00-11:59,1
Recent 28D,10,Crime Type,FAMILY OFFENSE,Thursday,12:00-17:59,1
Recent 28D,10,Crime Type,FAMILY OFFENSE,Tuesday,12:00-17:59,4
Recent 28D,10,Crime Type,FAMILY OFFENSE,Wednesday,00:00-05:59,1
Recent 28D,10,Crime Type,FORGERY,Wednesday,12:00-17:59,1
Recent 28D,10,Crime Type,FRAUD,Friday,00:00-05:59,1
Recent 28D,10,Crime Type,FRAUD,Friday,06:00-11:59,1
Recent 28D,10,Crime Type,FRAUD,Friday,12:00-17:59,5
Recent 28D,10,Crime Type,FRAUD,Friday,18:00-23:59,1
Recent 28D,10,Crime Type,FRAUD,Monday,06:00-11:59,5
Recent 28D,10,Crime Type,FRAUD,Monday,12:00-17:59,2
Recent 28D,10,Crime Type,FRAUD,Monday,18:00-23:59,1
Recent 28D,10,Crime Type,FRAUD,Saturday,00:00-05:59,1
Recent 28D,10,Crime Type,FRAUD,Saturday,12:00-17:59,3
Recent 28D,10,Crime Type,FRAUD,Saturday,18:00-23:59,2
Recent 28D,10,Crime Type,FRAUD,Sunday,12:00-17:59,2
Recent 28D,10,Crime Type,FRAUD,Sunday,18:00-23:59,2
Recent 28D,10,Crime Type,FRAUD,Thursday,00:00-05:59,1
Recent 28D,10,Crime Type,FRAUD,Thursday,06:00-11:59,2
Recent 28D,10,Crime Type,FRAUD,Thursday,12:00-17:59,3
Recent 28D,10,Crime Type,FRAUD,Thursday,18:00-23:59,1
Recent 28D,10,Crime Type,FRAUD,Tuesday,00:00-05:59,1
Recent 28D,10,Crime Type,FRAUD,Tuesday,12:00-17:59,1
Recent 28D,10,Crime Type,FRAUD,Tuesday,18:00-23:59,3
Recent 28D,10,Crime Type,FRAUD,Wednesday,00:00-05:59,2
Recent 28D,10,Crime Type,FRAUD,Wednesday,06:00-11:59,1
Recent 28D,10,Crime Type,FRAUD,Wednesday,12:00-17:59,5
Recent 28D,10,Crime Type,FRAUD,Wednesday,18:00-23:59,2
Recent 28D,10,Crime Type,HEALTH AND SAFETY,Sunday,18:00-23:59,4
Recent 28D,10,Crime Type,HEALTH AND SAFETY,Thursday,18:00-23:59,1
Recent 28D,10,Crime Type,INVASION OF PRIVACY -OTHER,Sunday,18:00-23:59,1
Recent 28D,10,Crime Type,INVASION OF PRIVACY -OTHER,Wednesday,06:00-11:59,1
Recent 28D,10,Crime Type,INVASION OF PRIVACY -OTHER,Wednesday,18:00-23:59,1
Recent 28D,10,Crime Type,LARCENY,Friday,00:00-05:59,2
Recent 28D,10,Crime Type,LARCENY,Friday,06:00-11:59,3
Recent 28D,10,Crime Type,LARCENY,Friday,12:00-17:59,3
Recent 28D,10,Crime Type,LARCENY,Friday,18:00-23:59,3
Recent 28D,10,Crime Type,LARCENY,Monday,00:00-05:59,2
Recent 28D,10,Crime Type,LARCENY,Monday,06:00-11:59,2
Recent 28D,10,Crime Type,LARCENY,Monday,12:00-17:59,3
Recent 28D,10,Crime Type,LARCENY,Monday,18:00-23:59,8
Recent 28D,10,Crime Type,LARCENY,Saturday,06:00-11:59,1
Recent 28D,10,Crime Type,LARCENY,Saturday,12:00-17:59,7
Recent 28D,10,Crime Type,LARCENY,Saturday,18:00-23:59,7
Recent 28D,10,Crime Type,LARCENY,Sunday,00:00-05:59,1
Recent 28D,10,Crime Type,LARCENY,Sunday,06:00-11:59,3
Recent 28D,10,Crime Type,LARCENY,Sunday,12:00-17:59,2
Recent 28D,10,Crime Type,LARCENY,Sunday,18:00-23:59,5
Recent 28D,10,Crime Type,LARCENY,Thursday,06:00-11:59,4
Recent 28D,10,Crime Type,LARCENY,Thursday,12:00-17:59,4
Recent 28D,10,Crime Type,LARCENY,Thursday,18:00-23:59,4
Recent 28D,10,Crime Type,LARCENY,Tuesday,06:00-11:59,3
Recent 28D,10,Crime Type,LARCENY,Tuesday,12:00-17:59,3
Recent 28D,10,Crime Type,LARCENY,Tuesday,18:00-23:59,2
Recent 28D,10,Crime Type,LARCENY,Wednesday,00:00-05:59,3
Recent 28D,10,Crime Type,LARCENY,Wednesday,06:00-11:59,6
Recent 28D,10,Crime Type,LARCENY,Wednesday,12:00-17:59,2
Recent 28D,10,Crime Type,LARCENY,Wednesday,18:00-23:59,3
Recent 28D,10,Crime Type,LIQUOR,Saturday,18:00-23:59,1
Recent 28D,10,Crime Type,MISCELLANEOUS,Sunday,12:00-17:59,2
Recent 28D,10,Crime Type,OBSTRUCTING JUDICIARY,Friday,06:00-11:59,2
Recent 28D,10,Crime Type,OBSTRUCTING JUDICIARY,Friday,12:00-17:59,1
Recent 28D,10,Crime Type,OBSTRUCTING JUDICIARY,Monday,06:00-11:59,1
Recent 28D,10,Crime Type,OBSTRUCTING JUDICIARY,Saturday,06:00-11:59,1
Recent 28D,10,Crime Type,OBSTRUCTING JUDICIARY,Sunday,06:00-11:59,1
Recent 28D,10,Crime Type,OBSTRUCTING JUDICIARY,Thursday,06:00-11:59,1
Recent 28D,10,Crime Type,OBSTRUCTING JUDICIARY,Thursday,12:00-17:59,1
Recent 28D,10,Crime Type,OBSTRUCTING JUDICIARY,Wednesday,12:00-17:59,1
Recent 28D,10,Crime Type,OBSTRUCTING JUDICIARY,Wednesday,18:00-23:59,1
Recent 28D,10,Crime Type,OBSTRUCTING THE POLICE,Friday,00:00-05:59,1
Recent 28D,10,Crime Type,OBSTRUCTING THE POLICE,Friday,18:00-23:59,1
Recent 28D,10,Crime Type,OBSTRUCTING THE POLICE,Monday,18:00-23:59,1
Recent 28D,10,Crime Type,OBSTRUCTING THE POLICE,Saturday,18:00-23:59,1
Recent 28D,10,Crime Type,OBSTRUCTING THE POLICE,Sunday,18:00-23:59,2
Recent 28D,10,Crime Type,OBSTRUCTING THE POLICE,Thursday,00:00-05:59,1
Recent 28D,10,Crime Type,OBSTRUCTING THE POLICE,Thursday,18:00-23:59,1
Recent 28D,10,Crime Type,OBSTRUCTING THE POLICE,Wednesday,18:00-23:59,2
Recent 28D,10,Crime Type,ROBBERY,Friday,00:00-05:59,1
Recent 28D,10,Crime Type,ROBBERY,Monday,00:00-05:59,1
Recent 28D,10,Crime Type,ROBBERY,Monday,12:00-17:59,1
Recent 28D,10,Crime Type,ROBBERY,Saturday,18:00-23:59,1
Recent 28D,10,Crime Type,ROBBERY,Sunday,00:00-05:59,1
Recent 28D,10,Crime Type,ROBBERY,Thursday,06:00-11:59,1
Recent 28D,10,Crime Type,ROBBERY,Tuesday,00:00-05:59,1
Recent 28D,10,Crime Type,RUNAWAY,Thursday,00:00-05:59,1
Recent 28D,10,Crime Type,RUNAWAY,Tuesday,12:00-17:59,1
Recent 28D,10,Crime Type,RUNAWAY,Wednesday,12:00-17:59,1
Recent 28D,10,Crime Type,SEX OFFENSES,Friday,00:00-05:59,1
Recent 28D,10,Crime Type,SEX OFFENSES,Monday,18:00-23:59,1
Recent 28D,10,Crime Type,SEX OFFENSES,Thursday,18:00-23:59,2
Recent 28D,10,Crime Type,SEX OFFENSES,Wednesday,12:00-17:59,2
Recent 28D,10,Crime Type,SEXUAL ASSAULT,Friday,00:00-05:59,1
Recent 28D,10,Crime Type,SEXUAL ASSAULT,Sunday,00:00-05:59,1
Recent 28D,10,Crime Type,SEXUAL ASSAULT,Sunday,06:00-11:59,2
Recent 28D,10,Crime Type,STOLEN PROPERTY,Friday,00:00-05:59,1
Recent 28D,10,Crime Type,STOLEN PROPERTY,Friday,12:00-17:59,1
Recent 28D,10,Crime Type,STOLEN PROPERTY,Friday,18:00-23:59,3
Recent 28D,10,Crime Type,STOLEN PROPERTY,Monday,00:00-05:59,1
Recent 28D,10,Crime Type,STOLEN PROPERTY,Saturday,06:00-11:59,1
Recent 28D,10,Crime Type,STOLEN PROPERTY,Thursday,00:00-05:59,1
Recent 28D,10,Crime Type,STOLEN PROPERTY,Tuesday,00:00-05:59,1
Recent 28D,10,Crime Type,STOLEN PROPERTY,Tuesday,06:00-11:59,1
Recent 28D,10,Crime Type,STOLEN PROPERTY,Tuesday,18:00-23:59,2
Recent 28D,10,Crime Type,STOLEN PROPERTY,Wednesday,18:00-23:59,1
Recent 28D,10,Crime Type,STOLEN VEHICLE,Friday,00:00-05:59,1
Recent 28D,10,Crime Type,STOLEN VEHICLE,Friday,06:00-11:59,1
Recent 28D,10,Crime Type,STOLEN VEHICLE,Friday,12:00-17:59,1
Recent 28D,10,Crime Type,STOLEN VEHICLE,Monday,00:00-05:59,1
Recent 28D,10,Crime Type,STOLEN VEHICLE,Monday,06:00-11:59,1
Recent 28D,10,Crime Type,STOLEN VEHICLE,Monday,12:00-17:59,1
Recent 28D,10,Crime Type,STOLEN VEHICLE,Monday,18:00-23:59,1
Recent 28D,10,Crime Type,STOLEN VEHICLE,Saturday,18:00-23:59,1
Recent 28D,10,Crime Type,STOLEN VEHICLE,Sunday,18:00-23:59,2
Recent 28D,10,Crime Type,STOLEN VEHICLE,Thursday,18:00-23:59,1
Recent 28D,10,Crime Type,STOLEN VEHICLE,Tuesday,00:00-05:59,4
Recent 28D,10,Crime Type,STOLEN VEHICLE,Tuesday,12:00-17:59,1
Recent 28D,10,Crime Type,STOLEN VEHICLE,Tuesday,18:00-23:59,1
Recent 28D,10,Crime Type,WEAPONS OFFENSES,Monday,06:00-11:59,1
Recent 28D,10,Crime Type,WEAPONS OFFENSES,Monday,12:00-17:59,1
Recent 28D,10,Crime Type,WEAPONS OFFENSES,Saturday,00:00-05:59,1
Recent 28D,10,Crime Type,WEAPONS OFFENSES,Saturday,18:00-23:59,2
Recent 28D,10,Crime Type,WEAPONS OFFENSES,Sunday,00:00-05:59,1
Recent 28D,10,Crime Type,WEAPONS OFFENSES,Sunday,18:00-23:59,3
Recent 28D,10,Crime Type,WEAPONS OFFENSES,Thursday,00:00-05:59,2
Recent 28D,10,Crime Type,WEAPONS OFFENSES,Thursday,18:00-23:59,1
Recent 28D,10,Crime Type,WEAPONS OFFENSES,Tuesday,00:00-05:59,1
Recent 28D,10,Crime Type,WEAPONS OFFENSES,Tuesday,18:00-23:59,3
Recent 28D,10,Crime Type,WEAPONS OFFENSES,Wednesday,00:00-05:59,1
Recent 28D,10,Crime Type,WEAPONS OFFENSES,Wednesday,06:00-11:59,2
Recent 28D,10,Category Focus,Gun-Related,Monday,06:00-11:59,1
Recent 28D,10,Category Focus,Gun-Related,Monday,12:00-17:59,1
Recent 28D,10,Category Focus,Gun-Related,Saturday,00:00-05:59,1
Recent 28D,10,Category Focus,Gun-Related,Saturday,18:00-23:59,2
Recent 28D,10,Category Focus,Gun-Related,Sunday,00:00-05:59,1
Recent 28D,10,Category Focus,Gun-Related,Sunday,18:00-23:59,3
Recent 28D,10,Category Focus,Gun-Related,Thursday,00:00-05:59,2
Recent 28D,10,Category Focus,Gun-Related,Thursday,18:00-23:59,1
Recent 28D,10,Category Focus,Gun-Related,Tuesday,00:00-05:59,1
Recent 28D,10,Category Focus,Gun-Related,Tuesday,18:00-23:59,3
Recent 28D,10,Category Focus,Gun-Related,Wednesday,00:00-05:59,1
Recent 28D,10,Category Focus,Gun-Related,Wednesday,06:00-11:59,2
Recent 28D,10,Category Focus,Property Crime,Friday,00:00-05:59,5
Recent 28D,10,Category Focus,Property Crime,Friday,06:00-11:59,9
Recent 28D,10,Category Focus,Property Crime,Friday,12:00-17:59,9
Recent 28D,10,Category Focus,Property Crime,Friday,18:00-23:59,11
Recent 28D,10,Category Focus,Property Crime,Monday,00:00-05:59,4
Recent 28D,10,Category Focus,Property Crime,Monday,06:00-11:59,7
Recent 28D,10,Category Focus,Property Crime,Monday,12:00-17:59,10
Recent 28D,10,Category Focus,Property Crime,Monday,18:00-23:59,9
Recent 28D,10,Category Focus,Property Crime,Saturday,00:00-05:59,3
Recent 28D,10,Category Focus,Property Crime,Saturday,06:00-11:59,2
Recent 28D,10,Category Focus,Property Crime,Saturday,12:00-17:59,10
Recent 28D,10,Category Focus,Property Crime,Saturday,18:00-23:59,12
Recent 28D,10,Category Focus,Property Crime,Sunday,00:00-05:59,5
Recent 28D,10,Category Focus,Property Crime,Sunday,06:00-11:59,4
Recent 28D,10,Category Focus,Property Crime,Sunday,12:00-17:59,5
Recent 28D,10,Category Focus,Property Crime,Sunday,18:00-23:59,10
Recent 28D,10,Category Focus,Property Crime,Thursday,00:00-05:59,7
Recent 28D,10,Category Focus,Property Crime,Thursday,06:00-11:59,5
Recent 28D,10,Category Focus,Property Crime,Thursday,12:00-17:59,8
Recent 28D,10,Category Focus,Property Crime,Thursday,18:00-23:59,9
Recent 28D,10,Category Focus,Property Crime,Tuesday,00:00-05:59,9
Recent 28D,10,Category Focus,Property Crime,Tuesday,06:00-11:59,8
Recent 28D,10,Category Focus,Property Crime,Tuesday,12:00-17:59,8
Recent 28D,10,Category Focus,Property Crime,Tuesday,18:00-23:59,8
Recent 28D,10,Category Focus,Property Crime,Wednesday,00:00-05:59,7
Recent 28D,10,Category Focus,Property Crime,Wednesday,06:00-11:59,10
Recent 28D,10,Category Focus,Property Crime,Wednesday,12:00-17:59,4
Recent 28D,10,Category Focus,Property Crime,Wednesday,18:00-23:59,6
Recent 28D,10,Category Focus,Larceny,Friday,00:00-05:59,2
Recent 28D,10,Category Focus,Larceny,Friday,06:00-11:59,3
Recent 28D,10,Category Focus,Larceny,Friday,12:00-17:59,3
Recent 28D,10,Category Focus,Larceny,Friday,18:00-23:59,3
Recent 28D,10,Category Focus,Larceny,Monday,00:00-05:59,2
Recent 28D,10,Category Focus,Larceny,Monday,06:00-11:59,2
Recent 28D,10,Category Focus,Larceny,Monday,12:00-17:59,3
Recent 28D,10,Category Focus,Larceny,Monday,18:00-23:59,8
Recent 28D,10,Category Focus,Larceny,Saturday,06:00-11:59,1
Recent 28D,10,Category Focus,Larceny,Saturday,12:00-17:59,7
Recent 28D,10,Category Focus,Larceny,Saturday,18:00-23:59,7
Recent 28D,10,Category Focus,Larceny,Sunday,00:00-05:59,1
Recent 28D,10,Category Focus,Larceny,Sunday,06:00-11:59,3
Recent 28D,10,Category Focus,Larceny,Sunday,12:00-17:59,2
Recent 28D,10,Category Focus,Larceny,Sunday,18:00-23:59,5
Recent 28D,10,Category Focus,Larceny,Thursday,06:00-11:59,4
Recent 28D,10,Category Focus,Larceny,Thursday,12:00-17:59,4
Recent 28D,10,Category Focus,Larceny,Thursday,18:00-23:59,4
Recent 28D,10,Category Focus,Larceny,Tuesday,06:00-11:59,3
Recent 28D,10,Category Focus,Larceny,Tuesday,12:00-17:59,3
Recent 28D,10,Category Focus,Larceny,Tuesday,18:00-23:59,2
Recent 28D,10,Category Focus,Larceny,Wednesday,00:00-05:59,3
Recent 28D,10,Category Focus,Larceny,Wednesday,06:00-11:59,6
Recent 28D,10,Category Focus,Larceny,Wednesday,12:00-17:59,2
Recent 28D,10,Category Focus,Larceny,Wednesday,18:00-23:59,3
Recent 28D,11,All,All,Friday,00:00-05:59,12
Recent 28D,11,All,All,Friday,06:00-11:59,11
Recent 28D,11,All,All,Friday,12:00-17:59,21
Recent 28D,11,All,All,Friday,18:00-23:59,17
Recent 28D,11,All,All,Monday,00:00-05:59,11
Recent 28D,11,All,All,Monday,06:00-11:59,8
Recent 28D,11,All,All,Monday,12:00-17:59,20
Recent 28D,11,All,All,Monday,18:00-23:59,16
Recent 28D,11,All,All,Saturday,00:00-05:59,12
Recent 28D,11,All,All,Saturday,06:00-11:59,13
Recent 28D,11,All,All,Saturday,12:00-17:59,24
Recent 28D,11,All,All,Saturday,18:00-23:59,19
Recent 28D,11,All,All,Sunday,00:00-05:59,22
Recent 28D,11,All,All,Sunday,06:00-11:59,3
Recent 28D,11,All,All,Sunday,12:00-17:59,11
Recent 28D,11,All,All,Sunday,18:00-23:59,21
Recent 28D,11,All,All,Thursday,00:00-05:59,6
Recent 28D,11,All,All,Thursday,06:00-11:59,4
Recent 28D,11,All,All,Thursday,12:00-17:59,11
Recent 28D,11,All,All,Thursday,18:00-23:59,20
Recent 28D,11,All,All,Tuesday,00:00-05:59,6
Recent 28D,11,All,All,Tuesday,06:00-11:59,5
Recent 28D,11,All,All,Tuesday,12:00-17:59,17
Recent 28D,11,All,All,Tuesday,18:00-23:59,18
Recent 28D,11,All,All,Wednesday,00:00-05:59,18
Recent 28D,11,All,All,Wednesday,06:00-11:59,11
Recent 28D,11,All,All,Wednesday,12:00-17:59,14
Recent 28D,11,All,All,Wednesday,18:00-23:59,9
Recent 28D,11,Crime Type,AGGRAVATED ASSAULT,Friday,06:00-11:59,1
Recent 28D,11,Crime Type,AGGRAVATED ASSAULT,Friday,12:00-17:59,3
Recent 28D,11,Crime Type,AGGRAVATED ASSAULT,Friday,18:00-23:59,1
Recent 28D,11,Crime Type,AGGRAVATED ASSAULT,Monday,06:00-11:59,2
Recent 28D,11,Crime Type,AGGRAVATED ASSAULT,Monday,18:00-23:59,4
Recent 28D,11,Crime Type,AGGRAVATED ASSAULT,Saturday,00:00-05:59,1
Recent 28D,11,Crime Type,AGGRAVATED ASSAULT,Saturday,12:00-17:59,4
Recent 28D,11,Crime Type,AGGRAVATED ASSAULT,Saturday,18:00-23:59,1
Recent 28D,11,Crime Type,AGGRAVATED ASSAULT,Sunday,06:00-11:59,2
Recent 28D,11,Crime Type,AGGRAVATED ASSAULT,Sunday,18:00-23:59,2
Recent 28D,11,Crime Type,AGGRAVATED ASSAULT,Thursday,12:00-17:59,2
Recent 28D,11,Crime Type,AGGRAVATED ASSAULT,Thursday,18:00-23:59,3
Recent 28D,11,Crime Type,AGGRAVATED ASSAULT,Tuesday,00:00-05:59,1
Recent 28D,11,Crime Type,AGGRAVATED ASSAULT,Tuesday,06:00-11:59,2
Recent 28D,11,Crime Type,AGGRAVATED ASSAULT,Tuesday,12:00-17:59,1
Recent 28D,11,Crime Type,AGGRAVATED ASSAULT,Tuesday,18:00-23:59,2
Recent 28D,11,Crime Type,AGGRAVATED ASSAULT,Wednesday,00:00-05:59,4
Recent 28D,11,Crime Type,AGGRAVATED ASSAULT,Wednesday,12:00-17:59,1
Recent 28D,11,Crime Type,AGGRAVATED ASSAULT,Wednesday,18:00-23:59,1
Recent 28D,11,Crime Type,ARSON,Friday,00:00-05:59,1
Recent 28D,11,Crime Type,ARSON,Friday,18:00-23:59,1
Recent 28D,11,Crime Type,ARSON,Thursday,18:00-23:59,1
Recent 28D,11,Crime Type,ASSAULT,Friday,00:00-05:59,4
Recent 28D,11,Crime Type,ASSAULT,Friday,06:00-11:59,2
Recent 28D,11,Crime Type,ASSAULT,Friday,12:00-17:59,3
Recent 28D,11,Crime Type,ASSAULT,Friday,18:00-23:59,4
Recent 28D,11,Crime Type,ASSAULT,Monday,00:00-05:59,4
Recent 28D,11,Crime Type,ASSAULT,Monday,06:00-11:59,1
Recent 28D,11,Crime Type,ASSAULT,Monday,12:00-17:59,8
Recent 28D,11,Crime Type,ASSAULT,Monday,18:00-23:59,4
Recent 28D,11,Crime Type,ASSAULT,Saturday,00:00-05:59,3
Recent 28D,11,Crime Type,ASSAULT,Saturday,06:00-11:59,5
Recent 28D,11,Crime Type,ASSAULT,Saturday,12:00-17:59,5
Recent 28D,11,Crime Type,ASSAULT,Saturday,18:00-23:59,5
Recent 28D,11,Crime Type,ASSAULT,Sunday,00:00-05:59,7
Recent 28D,11,Crime Type,ASSAULT,Sunday,06:00-11:59,1
Recent 28D,11,Crime Type,ASSAULT,Sunday,12:00-17:59,3
Recent 28D,11,Crime Type,ASSAULT,Sunday,18:00-23:59,1
Recent 28D,11,Crime Type,ASSAULT,Thursday,00:00-05:59,3
Recent 28D,11,Crime Type,ASSAULT,Thursday,06:00-11:59,2
Recent 28D,11,Crime Type,ASSAULT,Thursday,12:00-17:59,2
Recent 28D,11,Crime Type,ASSAULT,Thursday,18:00-23:59,4
Recent 28D,11,Crime Type,ASSAULT,Tuesday,00:00-05:59,3
Recent 28D,11,Crime Type,ASSAULT,Tuesday,12:00-17:59,3
Recent 28D,11,Crime Type,ASSAULT,Tuesday,18:00-23:59,4
Recent 28D,11,Crime Type,ASSAULT,Wednesday,00:00-05:59,2
Recent 28D,11,Crime Type,ASSAULT,Wednesday,06:00-11:59,1
Recent 28D,11,Crime Type,ASSAULT,Wednesday,12:00-17:59,4
Recent 28D,11,Crime Type,ASSAULT,Wednesday,18:00-23:59,1
Recent 28D,11,Crime Type,BURGLARY,Friday,00:00-05:59,2
Recent 28D,11,Crime Type,BURGLARY,Friday,12:00-17:59,1
Recent 28D,11,Crime Type,BURGLARY,Friday,18:00-23:59,1
Recent 28D,11,Crime Type,BURGLARY,Monday,00:00-05:59,1
Recent 28D,11,Crime Type,BURGLARY,Monday,06:00-11:59,2
Recent 28D,11,Crime Type,BURGLARY,Monday,12:00-17:59,1
Recent 28D,11,Crime Type,BURGLARY,Saturday,12:00-17:59,3
Recent 28D,11,Crime Type,BURGLARY,Saturday,18:00-23:59,1
Recent 28D,11,Crime Type,BURGLARY,Sunday,00:00-05:59,1
Recent 28D,11,Crime Type,BURGLARY,Sunday,12:00-17:59,1
Recent 28D,11,Crime Type,BURGLARY,Tuesday,18:00-23:59,1
Recent 28D,11,Crime Type,BURGLARY,Wednesday,00:00-05:59,3
Recent 28D,11,Crime Type,BURGLARY,Wednesday,06:00-11:59,3
Recent 28D,11,Crime Type,BURGLARY,Wednesday,12:00-17:59,1
Recent 28D,11,Crime Type,DAMAGE TO PROPERTY,Friday,00:00-05:59,2
Recent 28D,11,Crime Type,DAMAGE TO PROPERTY,Friday,06:00-11:59,3
Recent 28D,11,Crime Type,DAMAGE TO PROPERTY,Friday,12:00-17:59,4
Recent 28D,11,Crime Type,DAMAGE TO PROPERTY,Friday,18:00-23:59,1
Recent 28D,11,Crime Type,DAMAGE TO PROPERTY,Monday,00:00-05:59,2
Recent 28D,11,Crime Type,DAMAGE TO PROPERTY,Monday,06:00-11:59,1
Recent 28D,11,Crime Type,DAMAGE TO PROPERTY,Monday,12:00-17:59,1
Recent 28D,11,Crime Type,DAMAGE TO PROPERTY,Saturday,00:00-05:59,4
Recent 28D,11,Crime Type,DAMAGE TO PROPERTY,Saturday,06:00-11:59,3
Recent 28D,11,Crime Type,DAMAGE TO PROPERTY,Saturday,12:00-17:59,2
Recent 28D,11,Crime Type,DAMAGE TO PROPERTY,Saturday,18:00-23:59,4
Recent 28D,11,Crime Type,DAMAGE TO PROPERTY,Sunday,00:00-05:59,1
Recent 28D,11,Crime Type,DAMAGE TO PROPERTY,Sunday,18:00-23:59,4
Recent 28D,11,Crime Type,DAMAGE TO PROPERTY,Thursday,00:00-05:59,2
Recent 28D,11,Crime Type,DAMAGE TO PROPERTY,Thursday,12:00-17:59,1
Recent 28D,11,Crime Type,DAMAGE TO PROPERTY,Thursday,18:00-23:59,3
Recent 28D,11,Crime Type,DAMAGE TO PROPERTY,Tuesday,00:00-05:59,1
Recent 28D,11,Crime Type,DAMAGE TO PROPERTY,Tuesday,06:00-11:59,1
Recent 28D,11,Crime Type,DAMAGE TO PROPERTY,Tuesday,12:00-17:59,1
Recent 28D,11,Crime Type,DAMAGE TO PROPERTY,Tuesday,18:00-23:59,2
Recent 28D,11,Crime Type,DAMAGE TO PROPERTY,Wednesday,00:00-05:59,5
Recent 28D,11,Crime Type,DAMAGE TO PROPERTY,Wednesday,06:00-11:59,2
Recent 28D,11,Crime Type,DAMAGE TO PROPERTY,Wednesday,12:00-17:59,1
Recent 28D,11,Crime Type,DAMAGE TO PROPERTY,Wednesday,18:00-23:59,4
Recent 28D,11,Crime Type,DANGEROUS DRUGS,Friday,06:00-11:59,1
Recent 28D,11,Crime Type,DANGEROUS DRUGS,Monday,12:00-17:59,1
Recent 28D,11,Crime Type,DANGEROUS DRUGS,Saturday,18:00-23:59,1
Recent 28D,11,Crime Type,DANGEROUS DRUGS,Sunday,00:00-05:59,1
Recent 28D,11,Crime Type,DANGEROUS DRUGS,Tuesday,12:00-17:59,4
Recent 28D,11,Crime Type,DANGEROUS DRUGS,Wednesday,00:00-05:59,1
Recent 28D,11,Crime Type,DISORDERLY CONDUCT,Monday,00:00-05:59,1
Recent 28D,11,Crime Type,FAMILY OFFENSE,Saturday,06:00-11:59,1
Recent 28D,11,Crime Type,FAMILY OFFENSE,Saturday,12:00-17:59,2
Recent 28D,11,Crime Type,FAMILY OFFENSE,Sunday,18:00-23:59,1
Recent 28D,11,Crime Type,FRAUD,Friday,00:00-05:59,1
Recent 28D,11,Crime Type,FRAUD,Friday,06:00-11:59,4
Recent 28D,11,Crime Type,FRAUD,Friday,12:00-17:59,6
Recent 28D,11,Crime Type,FRAUD,Friday,18:00-23:59,1
Recent 28D,11,Crime Type,FRAUD,Monday,06:00-11:59,1
Recent 28D,11,Crime Type,FRAUD,Monday,12:00-17:59,4
Recent 28D,11,Crime Type,FRAUD,Monday,18:00-23:59,2
Recent 28D,11,Crime Type,FRAUD,Saturday,06:00-11:59,1
Recent 28D,11,Crime Type,FRAUD,Saturday,12:00-17:59,1
Recent 28D,11,Crime Type,FRAUD,Saturday,18:00-23:59,2
Recent 28D,11,Crime Type,FRAUD,Sunday,00:00-05:59,1
Recent 28D,11,Crime Type,FRAUD,Sunday,12:00-17:59,5
Recent 28D,11,Crime Type,FRAUD,Sunday,18:00-23:59,1
Recent 28D,11,Crime Type,FRAUD,Thursday,18:00-23:59,2
Recent 28D,11,Crime Type,FRAUD,Tuesday,12:00-17:59,2
Recent 28D,11,Crime Type,FRAUD,Tuesday,18:00-23:59,1
Recent 28D,11,Crime Type,FRAUD,Wednesday,00:00-05:59,2
Recent 28D,11,Crime Type,FRAUD,Wednesday,06:00-11:59,2
Recent 28D,11,Crime Type,FRAUD,Wednesday,12:00-17:59,3
Recent 28D,11,Crime Type,HEALTH AND SAFETY,Friday,18:00-23:59,2
Recent 28D,11,Crime Type,HEALTH AND SAFETY,Sunday,00:00-05:59,2
Recent 28D,11,Crime Type,INVASION OF PRIVACY -OTHER,Saturday,12:00-17:59,1
Recent 28D,11,Crime Type,INVASION OF PRIVACY -OTHER,Sunday,18:00-23:59,1
Recent 28D,11,Crime Type,INVASION OF PRIVACY -OTHER,Tuesday,12:00-17:59,1
Recent 28D,11,Crime Type,KIDNAPPING,Thursday,12:00-17:59,1
Recent 28D,11,Crime Type,LARCENY,Friday,12:00-17:59,3
Recent 28D,11,Crime Type,LARCENY,Friday,18:00-23:59,1
Recent 28D,11,Crime Type,LARCENY,Monday,06:00-11:59,1
Recent 28D,11,Crime Type,LARCENY,Monday,12:00-17:59,3
Recent 28D,11,Crime Type,LARCENY,Monday,18:00-23:59,2
Recent 28D,11,Crime Type,LARCENY,Saturday,00:00-05:59,1
Recent 28D,11,Crime Type,LARCENY,Saturday,06:00-11:59,2
Recent 28D,11,Crime Type,LARCENY,Saturday,12:00-17:59,2
Recent 28D,11,Crime Type,LARCENY,Saturday,18:00-23:59,3
Recent 28D,11,Crime Type,LARCENY,Sunday,00:00-05:59,1
Recent 28D,11,Crime Type,LARCENY,Sunday,18:00-23:59,6
Recent 28D,11,Crime Type,LARCENY,Thursday,00:00-05:59,1
Recent 28D,11,Crime Type,LARCENY,Thursday,06:00-11:59,1
Recent 28D,11,Crime Type,LARCENY,Thursday,12:00-17:59,2
Recent 28D,11,Crime Type,LARCENY,Thursday,18:00-23:59,3
Recent 28D,11,Crime Type,LARCENY,Tuesday,06:00-11:59,1
Recent 28D,11,Crime Type,LARCENY,Tuesday,12:00-17:59,2
Recent 28D,11,Crime Type,LARCENY,Tuesday,18:00-23:59,6
Recent 28D,11,Crime Type,LARCENY,Wednesday,06:00-11:59,3
Recent 28D,11,Crime Type,LARCENY,Wednesday,12:00-17:59,2
Recent 28D,11,Crime Type,LARCENY,Wednesday,18:00-23:59,3
Recent 28D,11,Crime Type,OBSTRUCTING JUDICIARY,Friday,00:00-05:59,1
Recent 28D,11,Crime Type,OBSTRUCTING JUDICIARY,Friday,18:00-23:59,2
Recent 28D,11,Crime Type,OBSTRUCTING JUDICIARY,Monday,18:00-23:59,1
Recent 28D,11,Crime Type,OBSTRUCTING JUDICIARY,Saturday,06:00-11:59,1
Recent 28D,11,Crime Type,OBSTRUCTING JUDICIARY,Sunday,12:00-17:59,1
Recent 28D,11,Crime Type,OBSTRUCTING JUDICIARY,Thursday,12:00-17:59,1
Recent 28D,11,Crime Type,OBSTRUCTING JUDICIARY,Tuesday,18:00-23:59,1
Recent 28D,11,Crime Type,OBSTRUCTING JUDICIARY,Wednesday,12:00-17:59,1
Recent 28D,11,Crime Type,OBSTRUCTING THE POLICE,Friday,00:00-05:59,1
Recent 28D,11,Crime Type,OBSTRUCTING THE POLICE,Monday,00:00-05:59,1
Recent 28D,11,Crime Type,OBSTRUCTING THE POLICE,Monday,12:00-17:59,1
Recent 28D,11,Crime Type,OBSTRUCTING THE POLICE,Saturday,00:00-05:59,1
Recent 28D,11,Crime Type,OBSTRUCTING THE POLICE,Sunday,18:00-23:59,3
Recent 28D,11,Crime Type,OBSTRUCTING THE POLICE,Thursday,18:00-23:59,2
Recent 28D,11,Crime Type,OBSTRUCTING THE POLICE,Tuesday,12:00-17:59,1
Recent 28D,11,Crime Type,OBSTRUCTING THE POLICE,Wednesday,12:00-17:59,1
Recent 28D,11,Crime Type,OUIL,Saturday,00:00-05:59,2
Recent 28D,11,Crime Type,OUIL,Sunday,00:00-05:59,2
Recent 28D,11,Crime Type,ROBBERY,Monday,18:00-23:59,1
Recent 28D,11,Crime Type,ROBBERY,Saturday,12:00-17:59,1
Recent 28D,11,Crime Type,ROBBERY,Sunday,00:00-05:59,2
Recent 28D,11,Crime Type,ROBBERY,Thursday,06:00-11:59,1
Recent 28D,11,Crime Type,RUNAWAY,Saturday,12:00-17:59,1
Recent 28D,11,Crime Type,RUNAWAY,Thursday,12:00-17:59,1
Recent 28D,11,Crime Type,SEXUAL ASSAULT,Monday,18:00-23:59,1
Recent 28D,11,Crime Type,SEXUAL ASSAULT,Thursday,12:00-17:59,1
Recent 28D,11,Crime Type,SEXUAL ASSAULT,Tuesday,12:00-17:59,1
Recent 28D,11,Crime Type,STOLEN PROPERTY,Monday,00:00-05:59,1
Recent 28D,11,Crime Type,STOLEN PROPERTY,Monday,12:00-17:59,1
Recent 28D,11,Crime Type,STOLEN PROPERTY,Saturday,18:00-23:59,1
Recent 28D,11,Crime Type,STOLEN PROPERTY,Sunday,00:00-05:59,2
Recent 28D,11,Crime Type,STOLEN PROPERTY,Sunday,12:00-17:59,1
Recent 28D,11,Crime Type,STOLEN PROPERTY,Tuesday,12:00-17:59,1
Recent 28D,11,Crime Type,STOLEN VEHICLE,Friday,12:00-17:59,1
Recent 28D,11,Crime Type,STOLEN VEHICLE,Friday,18:00-23:59,3
Recent 28D,11,Crime Type,STOLEN VEHICLE,Monday,18:00-23:59,1
Recent 28D,11,Crime Type,STOLEN VEHICLE,Saturday,12:00-17:59,2
Recent 28D,11,Crime Type,STOLEN VEHICLE,Saturday,18:00-23:59,1
Recent 28D,11,Crime Type,STOLEN VEHICLE,Sunday,00:00-05:59,1
Recent 28D,11,Crime Type,STOLEN VEHICLE,Sunday,18:00-23:59,1
Recent 28D,11,Crime Type,STOLEN VEHICLE,Thursday,18:00-23:59,2
Recent 28D,11,Crime Type,STOLEN VEHICLE,Tuesday,00:00-05:59,1
Recent 28D,11,Crime Type,STOLEN VEHICLE,Tuesday,06:00-11:59,1
Recent 28D,11,Crime Type,STOLEN VEHICLE,Tuesday,18:00-23:59,1
Recent 28D,11,Crime Type,STOLEN VEHICLE,Wednesday,00:00-05:59,1
Recent 28D,11,Crime Type,WEAPONS OFFENSES,Monday,00:00-05:59,1
Recent 28D,11,Crime Type,WEAPONS OFFENSES,Sunday,00:00-05:59,1
Recent 28D,11,Crime Type,WEAPONS OFFENSES,Sunday,18:00-23:59,1
Recent 28D,11,Category Focus,Gun-Related,Monday,00:00-05:59,1
Recent 28D,11,Category Focus,Gun-Related,Sunday,00:00-05:59,1
Recent 28D,11,Category Focus,Gun-Related,Sunday,18:00-23:59,1
Recent 28D,11,Category Focus,Property Crime,Friday,00:00-05:59,4
Recent 28D,11,Category Focus,Property Crime,Friday,06:00-11:59,3
Recent 28D,11,Category Focus,Property Crime,Friday,12:00-17:59,9
Recent 28D,11,Category Focus,Property Crime,Friday,18:00-23:59,6
Recent 28D,11,Category Focus,Property Crime,Monday,00:00-05:59,4
Recent 28D,11,Category Focus,Property Crime,Monday,06:00-11:59,4
Recent 28D,11,Category Focus,Property Crime,Monday,12:00-17:59,6
Recent 28D,11,Category Focus,Property Crime,Monday,18:00-23:59,3
Recent 28D,11,Category Focus,Property Crime,Saturday,00:00-05:59,5
Recent 28D,11,Category Focus,Property Crime,Saturday,06:00-11:59,5
Recent 28D,11,Category Focus,Property Crime,Saturday,12:00-17:59,9
Recent 28D,11,Category Focus,Property Crime,Saturday,18:00-23:59,10
Recent 28D,11,Category Focus,Property Crime,Sunday,00:00-05:59,6
Recent 28D,11,Category Focus,Property Crime,Sunday,12:00-17:59,2
Recent 28D,11,Category Focus,Property Crime,Sunday,18:00-23:59,11
Recent 28D,11,Category Focus,Property Crime,Thursday,00:00-05:59,3
Recent 28D,11,Category Focus,Property Crime,Thursday,06:00-11:59,1
Recent 28D,11,Category Focus,Property Crime,Thursday,12:00-17:59,3
Recent 28D,11,Category Focus,Property Crime,Thursday,18:00-23:59,8
Recent 28D,11,Category Focus,Property Crime,Tuesday,00:00-05:59,2
Recent 28D,11,Category Focus,Property Crime,Tuesday,06:00-11:59,3
Recent 28D,11,Category Focus,Property Crime,Tuesday,12:00-17:59,4
Recent 28D,11,Category Focus,Property Crime,Tuesday,18:00-23:59,10
Recent 28D,11,Category Focus,Property Crime,Wednesday,00:00-05:59,9
Recent 28D,11,Category Focus,Property Crime,Wednesday,06:00-11:59,8
Recent 28D,11,Category Focus,Property Crime,Wednesday,12:00-17:59,4
Recent 28D,11,Category Focus,Property Crime,Wednesday,18:00-23:59,7
Recent 28D,11,Category Focus,Larceny,Friday,12:00-17:59,3
Recent 28D,11,Category Focus,Larceny,Friday,18:00-23:59,1
Recent 28D,11,Category Focus,Larceny,Monday,06:00-11:59,1
Recent 28D,11,Category Focus,Larceny,Monday,12:00-17:59,3
Recent 28D,11,Category Focus,Larceny,Monday,18:00-23:59,2
Recent 28D,11,Category Focus,Larceny,Saturday,00:00-05:59,1
Recent 28D,11,Category Focus,Larceny,Saturday,06:00-11:59,2
Recent 28D,11,Category Focus,Larceny,Saturday,12:00-17:59,2
Recent 28D,11,Category Focus,Larceny,Saturday,18:00-23:59,3
Recent 28D,11,Category Focus,Larceny,Sunday,00:00-05:59,1
Recent 28D,11,Category Focus,Larceny,Sunday,18:00-23:59,6
Recent 28D,11,Category Focus,Larceny,Thursday,00:00-05:59,1
Recent 28D,11,Category Focus,Larceny,Thursday,06:00-11:59,1
Recent 28D,11,Category Focus,Larceny,Thursday,12:00-17:59,2
Recent 28D,11,Category Focus,Larceny,Thursday,18:00-23:59,3
Recent 28D,11,Category Focus,Larceny,Tuesday,06:00-11:59,1
Recent 28D,11,Category Focus,Larceny,Tuesday,12:00-17:59,2
Recent 28D,11,Category Focus,Larceny,Tuesday,18:00-23:59,6
Recent 28D,11,Category Focus,Larceny,Wednesday,06:00-11:59,3
Recent 28D,11,Category Focus,Larceny,Wednesday,12:00-17:59,2
Recent 28D,11,Category Focus,Larceny,Wednesday,18:00-23:59,3
Recent 28D,12,All,All,Friday,00:00-05:59,22
Recent 28D,12,All,All,Friday,06:00-11:59,6
Recent 28D,12,All,All,Friday,12:00-17:59,16
Recent 28D,12,All,All,Friday,18:00-23:59,23
Recent 28D,12,All,All,Monday,00:00-05:59,16
Recent 28D,12,All,All,Monday,06:00-11:59,18
Recent 28D,12,All,All,Monday,12:00-17:59,22
Recent 28D,12,All,All,Monday,18:00-23:59,25
Recent 28D,12,All,All,Saturday,00:00-05:59,12
Recent 28D,12,All,All,Saturday,06:00-11:59,18
Recent 28D,12,All,All,Saturday,12:00-17:59,28
Recent 28D,12,All,All,Saturday,18:00-23:59,21
Recent 28D,12,All,All,Sunday,00:00-05:59,21
Recent 28D,12,All,All,Sunday,06:00-11:59,16
Recent 28D,12,All,All,Sunday,12:00-17:59,18
Recent 28D,12,All,All,Sunday,18:00-23:59,26
Recent 28D,12,All,All,Thursday,00:00-05:59,10
Recent 28D,12,All,All,Thursday,06:00-11:59,9
Recent 28D,12,All,All,Thursday,12:00-17:59,14
Recent 28D,12,All,All,Thursday,18:00-23:59,27
Recent 28D,12,All,All,Tuesday,00:00-05:59,10
Recent 28D,12,All,All,Tuesday,06:00-11:59,12
Recent 28D,12,All,All,Tuesday,12:00-17:59,28
Recent 28D,12,All,All,Tuesday,18:00-23:59,21
Recent 28D,12,All,All,Wednesday,00:00-05:59,15
Recent 28D,12,All,All,Wednesday,06:00-11:59,11
Recent 28D,12,All,All,Wednesday,12:00-17:59,23
Recent 28D,12,All,All,Wednesday,18:00-23:59,13
Recent 28D,12,Crime Type,AGGRAVATED ASSAULT,Friday,00:00-05:59,4
Recent 28D,12,Crime Type,AGGRAVATED ASSAULT,Friday,06:00-11:59,1
Recent 28D,12,Crime Type,AGGRAVATED ASSAULT,Friday,12:00-17:59,1
Recent 28D,12,Crime Type,AGGRAVATED ASSAULT,Friday,18:00-23:59,3
Recent 28D,12,Crime Type,AGGRAVATED ASSAULT,Monday,00:00-05:59,3
Recent 28D,12,Crime Type,AGGRAVATED ASSAULT,Monday,12:00-17:59,3
Recent 28D,12,Crime Type,AGGRAVATED ASSAULT,Monday,18:00-23:59,1
Recent 28D,12,Crime Type,AGGRAVATED ASSAULT,Saturday,00:00-05:59,3
Recent 28D,12,Crime Type,AGGRAVATED ASSAULT,Saturday,06:00-11:59,1
Recent 28D,12,Crime Type,AGGRAVATED ASSAULT,Saturday,12:00-17:59,5
Recent 28D,12,Crime Type,AGGRAVATED ASSAULT,Sunday,00:00-05:59,2
Recent 28D,12,Crime Type,AGGRAVATED ASSAULT,Sunday,06:00-11:59,1
Recent 28D,12,Crime Type,AGGRAVATED ASSAULT,Sunday,12:00-17:59,3
Recent 28D,12,Crime Type,AGGRAVATED ASSAULT,Thursday,00:00-05:59,1
Recent 28D,12,Crime Type,AGGRAVATED ASSAULT,Thursday,18:00-23:59,1
Recent 28D,12,Crime Type,AGGRAVATED ASSAULT,Tuesday,06:00-11:59,2
Recent 28D,12,Crime Type,AGGRAVATED ASSAULT,Tuesday,12:00-17:59,1
Recent 28D,12,Crime Type,AGGRAVATED ASSAULT,Tuesday,18:00-23:59,1
Recent 28D,12,Crime Type,AGGRAVATED ASSAULT,Wednesday,00:00-05:59,1
Recent 28D,12,Crime Type,AGGRAVATED ASSAULT,Wednesday,12:00-17:59,1
Recent 28D,12,Crime Type,ARSON,Friday,00:00-05:59,1
Recent 28D,12,Crime Type,ARSON,Thursday,00:00-05:59,1
Recent 28D,12,Crime Type,ARSON,Tuesday,00:00-05:59,1
Recent 28D,12,Crime Type,ARSON,Wednesday,06:00-11:59,1
Recent 28D,12,Crime Type,ASSAULT,Friday,00:00-05:59,4
Recent 28D,12,Crime Type,ASSAULT,Friday,06:00-11:59,1
Recent 28D,12,Crime Type,ASSAULT,Friday,12:00-17:59,5
Recent 28D,12,Crime Type,ASSAULT,Friday,18:00-23:59,5
Recent 28D,12,Crime Type,ASSAULT,Monday,00:00-05:59,3
Recent 28D,12,Crime Type,ASSAULT,Monday,06:00-11:59,10
Recent 28D,12,Crime Type,ASSAULT,Monday,12:00-17:59,5
Recent 28D,12,Crime Type,ASSAULT,Monday,18:00-23:59,8
Recent 28D,12,Crime Type,ASSAULT,Saturday,00:00-05:59,4
Recent 28D,12,Crime Type,ASSAULT,Saturday,06:00-11:59,5
Recent 28D,12,Crime Type,ASSAULT,Saturday,12:00-17:59,3
Recent 28D,12,Crime Type,ASSAULT,Saturday,18:00-23:59,10
Recent 28D,12,Crime Type,ASSAULT,Sunday,00:00-05:59,3
Recent 28D,12,Crime Type,ASSAULT,Sunday,06:00-11:59,5
Recent 28D,12,Crime Type,ASSAULT,Sunday,12:00-17:59,2
Recent 28D,12,Crime Type,ASSAULT,Sunday,18:00-23:59,4
Recent 28D,12,Crime Type,ASSAULT,Thursday,00:00-05:59,4
Recent 28D,12,Crime Type,ASSAULT,Thursday,06:00-11:59,4
Recent 28D,12,Crime Type,ASSAULT,Thursday,12:00-17:59,5
Recent 28D,12,Crime Type,ASSAULT,Thursday,18:00-23:59,10
Recent 28D,12,Crime Type,ASSAULT,Tuesday,06:00-11:59,2
Recent 28D,12,Crime Type,ASSAULT,Tuesday,12:00-17:59,7
Recent 28D,12,Crime Type,ASSAULT,Tuesday,18:00-23:59,5
Recent 28D,12,Crime Type,ASSAULT,Wednesday,00:00-05:59,3
Recent 28D,12,Crime Type,ASSAULT,Wednesday,06:00-11:59,4
Recent 28D,12,Crime Type,ASSAULT,Wednesday,12:00-17:59,5
Recent 28D,12,Crime Type,ASSAULT,Wednesday,18:00-23:59,5
Recent 28D,12,Crime Type,BURGLARY,Friday,00:00-05:59,3
Recent 28D,12,Crime Type,BURGLARY,Friday,12:00-17:59,1
Recent 28D,12,Crime Type,BURGLARY,Friday,18:00-23:59,1
Recent 28D,12,Crime Type,BURGLARY,Monday,00:00-05:59,1
Recent 28D,12,Crime Type,BURGLARY,Monday,06:00-11:59,1
Recent 28D,12,Crime Type,BURGLARY,Monday,12:00-17:59,1
Recent 28D,12,Crime Type,BURGLARY,Monday,18:00-23:59,4
Recent 28D,12,Crime Type,BURGLARY,Saturday,06:00-11:59,1
Recent 28D,12,Crime Type,BURGLARY,Saturday,12:00-17:59,4
Recent 28D,12,Crime Type,BURGLARY,Sunday,00:00-05:59,1
Recent 28D,12,Crime Type,BURGLARY,Sunday,06:00-11:59,3
Recent 28D,12,Crime Type,BURGLARY,Sunday,12:00-17:59,2
Recent 28D,12,Crime Type,BURGLARY,Sunday,18:00-23:59,3
Recent 28D,12,Crime Type,BURGLARY,Thursday,12:00-17:59,1
Recent 28D,12,Crime Type,BURGLARY,Tuesday,06:00-11:59,2
Recent 28D,12,Crime Type,BURGLARY,Tuesday,12:00-17:59,3
Recent 28D,12,Crime Type,BURGLARY,Tuesday,18:00-23:59,2
Recent 28D,12,Crime Type,BURGLARY,Wednesday,00:00-05:59,1
Recent 28D,12,Crime Type,BURGLARY,Wednesday,06:00-11:59,1
Recent 28D,12,Crime Type,BURGLARY,Wednesday,12:00-17:59,3
Recent 28D,12,Crime Type,DAMAGE TO PROPERTY,Friday,00:00-05:59,2
Recent 28D,12,Crime Type,DAMAGE TO PROPERTY,Friday,18:00-23:59,4
Recent 28D,12,Crime Type,DAMAGE TO PROPERTY,Monday,00:00-05:59,2
Recent 28D,12,Crime Type,DAMAGE TO PROPERTY,Monday,06:00-11:59,1
Recent 28D,12,Crime Type,DAMAGE TO PROPERTY,Monday,12:00-17:59,2
Recent 28D,12,Crime Type,DAMAGE TO PROPERTY,Monday,18:00-23:59,3
Recent 28D,12,Crime Type,DAMAGE TO PROPERTY,Saturday,00:00-05:59,1
Recent 28D,12,Crime Type,DAMAGE TO PROPERTY,Saturday,06:00-11:59,3
Recent 28D,12,Crime Type,DAMAGE TO PROPERTY,Saturday,12:00-17:59,2
Recent 28D,12,Crime Type,DAMAGE TO PROPERTY,Saturday,18:00-23:59,1
Recent 28D,12,Crime Type,DAMAGE TO PROPERTY,Sunday,00:00-05:59,4
Recent 28D,12,Crime Type,DAMAGE TO PROPERTY,Sunday,06:00-11:59,4
Recent 28D,12,Crime Type,DAMAGE TO PROPERTY,Sunday,12:00-17:59,4
Recent 28D,12,Crime Type,DAMAGE TO PROPERTY,Sunday,18:00-23:59,4
Recent 28D,12,Crime Type,DAMAGE TO PROPERTY,Thursday,00:00-05:59,1
Recent 28D,12,Crime Type,DAMAGE TO PROPERTY,Thursday,12:00-17:59,2
Recent 28D,12,Crime Type,DAMAGE TO PROPERTY,Thursday,18:00-23:59,2
Recent 28D,12,Crime Type,DAMAGE TO PROPERTY,Tuesday,00:00-05:59,2
Recent 28D,12,Crime Type,DAMAGE TO PROPERTY,Tuesday,06:00-11:59,4
Recent 28D,12,Crime Type,DAMAGE TO PROPERTY,Tuesday,12:00-17:59,4
Recent 28D,12,Crime Type,DAMAGE TO PROPERTY,Tuesday,18:00-23:59,5
Recent 28D,12,Crime Type,DAMAGE TO PROPERTY,Wednesday,00:00-05:59,3
Recent 28D,12,Crime Type,DAMAGE TO PROPERTY,Wednesday,06:00-11:59,2
Recent 28D,12,Crime Type,DAMAGE TO PROPERTY,Wednesday,12:00-17:59,4
Recent 28D,12,Crime Type,DAMAGE TO PROPERTY,Wednesday,18:00-23:59,2
Recent 28D,12,Crime Type,DANGEROUS DRUGS,Sunday,00:00-05:59,1
Recent 28D,12,Crime Type,DANGEROUS DRUGS,Thursday,18:00-23:59,1
Recent 28D,12,Crime Type,DANGEROUS DRUGS,Tuesday,12:00-17:59,2
Recent 28D,12,Crime Type,DISORDERLY CONDUCT,Monday,00:00-05:59,1
Recent 28D,12,Crime Type,FAMILY OFFENSE,Friday,18:00-23:59,1
Recent 28D,12,Crime Type,FAMILY OFFENSE,Monday,00:00-05:59,1
Recent 28D,12,Crime Type,FAMILY OFFENSE,Monday,18:00-23:59,1
Recent 28D,12,Crime Type,FAMILY OFFENSE,Sunday,00:00-05:59,1
Recent 28D,12,Crime Type,FAMILY OFFENSE,Thursday,18:00-23:59,1
Recent 28D,12,Crime Type,FRAUD,Friday,06:00-11:59,2
Recent 28D,12,Crime Type,FRAUD,Friday,12:00-17:59,5
Recent 28D,12,Crime Type,FRAUD,Friday,18:00-23:59,1
Recent 28D,12,Crime Type,FRAUD,Monday,12:00-17:59,2
Recent 28D,12,Crime Type,FRAUD,Saturday,00:00-05:59,1
Recent 28D,12,Crime Type,FRAUD,Saturday,12:00-17:59,3
Recent 28D,12,Crime Type,FRAUD,Sunday,00:00-05:59,1
Recent 28D,12,Crime Type,FRAUD,Sunday,06:00-11:59,1
Recent 28D,12,Crime Type,FRAUD,Sunday,12:00-17:59,3
Recent 28D,12,Crime Type,FRAUD,Thursday,12:00-17:59,1
Recent 28D,12,Crime Type,FRAUD,Tuesday,06:00-11:59,1
Recent 28D,12,Crime Type,FRAUD,Tuesday,12:00-17:59,2
Recent 28D,12,Crime Type,FRAUD,Tuesday,18:00-23:59,2
Recent 28D,12,Crime Type,FRAUD,Wednesday,00:00-05:59,1
Recent 28D,12,Crime Type,FRAUD,Wednesday,06:00-11:59,1
Recent 28D,12,Crime Type,FRAUD,Wednesday,12:00-17:59,2
Recent 28D,12,Crime Type,FRAUD,Wednesday,18:00-23:59,2
Recent 28D,12,Crime Type,HEALTH AND SAFETY,Friday,06:00-11:59,1
Recent 28D,12,Crime Type,HOMICIDE,Friday,18:00-23:59,1
Recent 28D,12,Crime Type,INVASION OF PRIVACY -OTHER,Wednesday,06:00-11:59,1
Recent 28D,12,Crime Type,KIDNAPPING,Tuesday,12:00-17:59,1
Recent 28D,12,Crime Type,LARCENY,Friday,12:00-17:59,1
Recent 28D,12,Crime Type,LARCENY,Friday,18:00-23:59,4
Recent 28D,12,Crime Type,LARCENY,Monday,00:00-05:59,1
Recent 28D,12,Crime Type,LARCENY,Monday,06:00-11:59,3
Recent 28D,12,Crime Type,LARCENY,Monday,12:00-17:59,7
Recent 28D,12,Crime Type,LARCENY,Monday,18:00-23:59,4
Recent 28D,12,Crime Type,LARCENY,Saturday,00:00-05:59,2
Recent 28D,12,Crime Type,LARCENY,Saturday,06:00-11:59,5
Recent 28D,12,Crime Type,LARCENY,Saturday,12:00-17:59,4
Recent 28D,12,Crime Type,LARCENY,Sunday,00:00-05:59,5
Recent 28D,12,Crime Type,LARCENY,Sunday,06:00-11:59,1
Recent 28D,12,Crime Type,LARCENY,Sunday,12:00-17:59,2
Recent 28D,12,Crime Type,LARCENY,Sunday,18:00-23:59,8
Recent 28D,12,Crime Type,LARCENY,Thursday,00:00-05:59,2
Recent 28D,12,Crime Type,LARCENY,Thursday,06:00-11:59,3
Recent 28D,12,Crime Type,LARCENY,Thursday,12:00-17:59,4
Recent 28D,12,Crime Type,LARCENY,Thursday,18:00-23:59,1
Recent 28D,12,Crime Type,LARCENY,Tuesday,00:00-05:59,1
Recent 28D,12,Crime Type,LARCENY,Tuesday,12:00-17:59,2
Recent 28D,12,Crime Type,LARCENY,Tuesday,18:00-23:59,3
Recent 28D,12,Crime Type,LARCENY,Wednesday,00:00-05:59,1
Recent 28D,12,Crime Type,LARCENY,Wednesday,06:00-11:59,1
Recent 28D,12,Crime Type,LARCENY,Wednesday,12:00-17:59,5
Recent 28D,12,Crime Type,LARCENY,Wednesday,18:00-23:59,1
Recent 28D,12,Crime Type,LIQUOR,Sunday,18:00-23:59,1
Recent 28D,12,Crime Type,OBSTRUCTING JUDICIARY,Friday,00:00-05:59,1
Recent 28D,12,Crime Type,OBSTRUCTING JUDICIARY,Friday,12:00-17:59,2
Recent 28D,12,Crime Type,OBSTRUCTING JUDICIARY,Monday,06:00-11:59,1
Recent 28D,12,Crime Type,OBSTRUCTING JUDICIARY,Saturday,12:00-17:59,2
Recent 28D,12,Crime Type,OBSTRUCTING JUDICIARY,Saturday,18:00-23:59,1
Recent 28D,12,Crime Type,OBSTRUCTING JUDICIARY,Sunday,00:00-05:59,1
Recent 28D,12,Crime Type,OBSTRUCTING JUDICIARY,Sunday,12:00-17:59,1
Recent 28D,12,Crime Type,OBSTRUCTING JUDICIARY,Sunday,18:00-23:59,1
Recent 28D,12,Crime Type,OBSTRUCTING JUDICIARY,Thursday,06:00-11:59,1
Recent 28D,12,Crime Type,OBSTRUCTING JUDICIARY,Thursday,12:00-17:59,1
Recent 28D,12,Crime Type,OBSTRUCTING JUDICIARY,Thursday,18:00-23:59,3
Recent 28D,12,Crime Type,OBSTRUCTING JUDICIARY,Wednesday,12:00-17:59,1
Recent 28D,12,Crime Type,OBSTRUCTING THE POLICE,Friday,18:00-23:59,1
Recent 28D,12,Crime Type,OBSTRUCTING THE POLICE,Saturday,00:00-05:59,1
Recent 28D,12,Crime Type,OBSTRUCTING THE POLICE,Saturday,12:00-17:59,1
Recent 28D,12,Crime Type,OBSTRUCTING THE POLICE,Saturday,18:00-23:59,2
Recent 28D,12,Crime Type,OBSTRUCTING THE POLICE,Sunday,18:00-23:59,1
Recent 28D,12,Crime Type,OBSTRUCTING THE POLICE,Tuesday,18:00-23:59,1
Recent 28D,12,Crime Type,ROBBERY,Friday,18:00-23:59,1
Recent 28D,12,Crime Type,ROBBERY,Monday,06:00-11:59,1
Recent 28D,12,Crime Type,ROBBERY,Sunday,18:00-23:59,1
Recent 28D,12,Crime Type,ROBBERY,Thursday,06:00-11:59,1
Recent 28D,12,Crime Type,ROBBERY,Thursday,18:00-23:59,1
Recent 28D,12,Crime Type,RUNAWAY,Monday,00:00-05:59,1
Recent 28D,12,Crime Type,RUNAWAY,Monday,18:00-23:59,2
Recent 28D,12,Crime Type,RUNAWAY,Sunday,00:00-05:59,1
Recent 28D,12,Crime Type,RUNAWAY,Thursday,18:00-23:59,2
Recent 28D,12,Crime Type,RUNAWAY,Tuesday,12:00-17:59,1
Recent 28D,12,Crime Type,RUNAWAY,Wednesday,12:00-17:59,1
Recent 28D,12,Crime Type,SEX OFFENSES,Friday,00:00-05:59,1
Recent 28D,12,Crime Type,SEXUAL ASSAULT,Monday,06:00-11:59,1
Recent 28D,12,Crime Type,SEXUAL ASSAULT,Saturday,06:00-11:59,1
Recent 28D,12,Crime Type,STOLEN PROPERTY,Monday,12:00-17:59,1
Recent 28D,12,Crime Type,STOLEN PROPERTY,Saturday,06:00-11:59,1
Recent 28D,12,Crime Type,STOLEN PROPERTY,Saturday,18:00-23:59,1
Recent 28D,12,Crime Type,STOLEN PROPERTY,Thursday,18:00-23:59,1
Recent 28D,12,Crime Type,STOLEN PROPERTY,Tuesday,00:00-05:59,1
Recent 28D,12,Crime Type,STOLEN PROPERTY,Tuesday,12:00-17:59,1
Recent 28D,12,Crime Type,STOLEN VEHICLE,Friday,00:00-05:59,4
Recent 28D,12,Crime Type,STOLEN VEHICLE,Friday,06:00-11:59,1
Recent 28D,12,Crime Type,STOLEN VEHICLE,Friday,12:00-17:59,1
Recent 28D,12,Crime Type,STOLEN VEHICLE,Friday,18:00-23:59,1
Recent 28D,12,Crime Type,STOLEN VEHICLE,Monday,00:00-05:59,3
Recent 28D,12,Crime Type,STOLEN VEHICLE,Monday,12:00-17:59,1
Recent 28D,12,Crime Type,STOLEN VEHICLE,Monday,18:00-23:59,2
Recent 28D,12,Crime Type,STOLEN VEHICLE,Saturday,06:00-11:59,1
Recent 28D,12,Crime Type,STOLEN VEHICLE,Saturday,12:00-17:59,3
Recent 28D,12,Crime Type,STOLEN VEHICLE,Saturday,18:00-23:59,5
Recent 28D,12,Crime Type,STOLEN VEHICLE,Sunday,00:00-05:59,1
Recent 28D,12,Crime Type,STOLEN VEHICLE,Sunday,06:00-11:59,1
Recent 28D,12,Crime Type,STOLEN VEHICLE,Sunday,12:00-17:59,1
Recent 28D,12,Crime Type,STOLEN VEHICLE,Sunday,18:00-23:59,2
Recent 28D,12,Crime Type,STOLEN VEHICLE,Thursday,00:00-05:59,1
Recent 28D,12,Crime Type,STOLEN VEHICLE,Thursday,18:00-23:59,1
Recent 28D,12,Crime Type,STOLEN VEHICLE,Tuesday,00:00-05:59,5
Recent 28D,12,Crime Type,STOLEN VEHICLE,Tuesday,06:00-11:59,1
Recent 28D,12,Crime Type,STOLEN VEHICLE,Tuesday,12:00-17:59,3
Recent 28D,12,Crime Type,STOLEN VEHICLE,Tuesday,18:00-23:59,1
Recent 28D,12,Crime Type,STOLEN VEHICLE,Wednesday,00:00-05:59,4
Recent 28D,12,Crime Type,STOLEN VEHICLE,Wednesday,12:00-17:59,1
Recent 28D,12,Crime Type,STOLEN VEHICLE,Wednesday,18:00-23:59,2
Recent 28D,12,Crime Type,WEAPONS OFFENSES,Friday,00:00-05:59,2
Recent 28D,12,Crime Type,WEAPONS OFFENSES,Saturday,12:00-17:59,1
Recent 28D,12,Crime Type,WEAPONS OFFENSES,Saturday,18:00-23:59,1
Recent 28D,12,Crime Type,WEAPONS OFFENSES,Sunday,18:00-23:59,1
Recent 28D,12,Crime Type,WEAPONS OFFENSES,Thursday,18:00-23:59,3
Recent 28D,12,Crime Type,WEAPONS OFFENSES,Tuesday,12:00-17:59,1
Recent 28D,12,Crime Type,WEAPONS OFFENSES,Tuesday,18:00-23:59,1
Recent 28D,12,Crime Type,WEAPONS OFFENSES,Wednesday,00:00-05:59,1
Recent 28D,12,Crime Type,WEAPONS OFFENSES,Wednesday,18:00-23:59,1
Recent 28D,12,Category Focus,Gun-Related,Friday,00:00-05:59,2
Recent 28D,12,Category Focus,Gun-Related,Saturday,12:00-17:59,1
Recent 28D,12,Category Focus,Gun-Related,Saturday,18:00-23:59,1
Recent 28D,12,Category Focus,Gun-Related,Sunday,18:00-23:59,1
Recent 28D,12,Category Focus,Gun-Related,Thursday,18:00-23:59,3
Recent 28D,12,Category Focus,Gun-Related,Tuesday,12:00-17:59,1
Recent 28D,12,Category Focus,Gun-Related,Tuesday,18:00-23:59,1
Recent 28D,12,Category Focus,Gun-Related,Wednesday,00:00-05:59,1
Recent 28D,12,Category Focus,Gun-Related,Wednesday,18:00-23:59,1
Recent 28D,12,Category Focus,Property Crime,Friday,00:00-05:59,9
Recent 28D,12,Category Focus,Property Crime,Friday,06:00-11:59,1
Recent 28D,12,Category Focus,Property Crime,Friday,12:00-17:59,3
Recent 28D,12,Category Focus,Property Crime,Friday,18:00-23:59,10
Recent 28D,12,Category Focus,Property Crime,Monday,00:00-05:59,7
Recent 28D,12,Category Focus,Property Crime,Monday,06:00-11:59,5
Recent 28D,12,Category Focus,Property Crime,Monday,12:00-17:59,12
Recent 28D,12,Category Focus,Property Crime,Monday,18:00-23:59,13
Recent 28D,12,Category Focus,Property Crime,Saturday,00:00-05:59,3
Recent 28D,12,Category Focus,Property Crime,Saturday,06:00-11:59,11
Recent 28D,12,Category Focus,Property Crime,Saturday,12:00-17:59,13
Recent 28D,12,Category Focus,Property Crime,Saturday,18:00-23:59,7
Recent 28D,12,Category Focus,Property Crime,Sunday,00:00-05:59,11
Recent 28D,12,Category Focus,Property Crime,Sunday,06:00-11:59,9
Recent 28D,12,Category Focus,Property Crime,Sunday,12:00-17:59,9
Recent 28D,12,Category Focus,Property Crime,Sunday,18:00-23:59,17
Recent 28D,12,Category Focus,Property Crime,Thursday,00:00-05:59,4
Recent 28D,12,Category Focus,Property Crime,Thursday,06:00-11:59,3
Recent 28D,12,Category Focus,Property Crime,Thursday,12:00-17:59,7
Recent 28D,12,Category Focus,Property Crime,Thursday,18:00-23:59,5
Recent 28D,12,Category Focus,Property Crime,Tuesday,00:00-05:59,9
Recent 28D,12,Category Focus,Property Crime,Tuesday,06:00-11:59,7
Recent 28D,12,Category Focus,Property Crime,Tuesday,12:00-17:59,13
Recent 28D,12,Category Focus,Property Crime,Tuesday,18:00-23:59,11
Recent 28D,12,Category Focus,Property Crime,Wednesday,00:00-05:59,9
Recent 28D,12,Category Focus,Property Crime,Wednesday,06:00-11:59,4
Recent 28D,12,Category Focus,Property Crime,Wednesday,12:00-17:59,13
Recent 28D,12,Category Focus,Property Crime,Wednesday,18:00-23:59,5
Recent 28D,12,Category Focus,Larceny,Friday,12:00-17:59,1
Recent 28D,12,Category Focus,Larceny,Friday,18:00-23:59,4
Recent 28D,12,Category Focus,Larceny,Monday,00:00-05:59,1
Recent 28D,12,Category Focus,Larceny,Monday,06:00-11:59,3
Recent 28D,12,Category Focus,Larceny,Monday,12:00-17:59,7
Recent 28D,12,Category Focus,Larceny,Monday,18:00-23:59,4
Recent 28D,12,Category Focus,Larceny,Saturday,00:00-05:59,2
Recent 28D,12,Category Focus,Larceny,Saturday,06:00-11:59,5
Recent 28D,12,Category Focus,Larceny,Saturday,12:00-17:59,4
Recent 28D,12,Category Focus,Larceny,Sunday,00:00-05:59,5
Recent 28D,12,Category Focus,Larceny,Sunday,06:00-11:59,1
Recent 28D,12,Category Focus,Larceny,Sunday,12:00-17:59,2
Recent 28D,12,Category Focus,Larceny,Sunday,18:00-23:59,8
Recent 28D,12,Category Focus,Larceny,Thursday,00:00-05:59,2
Recent 28D,12,Category Focus,Larceny,Thursday,06:00-11:59,3
Recent 28D,12,Category Focus,Larceny,Thursday,12:00-17:59,4
Recent 28D,12,Category Focus,Larceny,Thursday,18:00-23:59,1
Recent 28D,12,Category Focus,Larceny,Tuesday,00:00-05:59,1
Recent 28D,12,Category Focus,Larceny,Tuesday,12:00-17:59,2
Recent 28D,12,Category Focus,Larceny,Tuesday,18:00-23:59,3
Recent 28D,12,Category Focus,Larceny,Wednesday,00:00-05:59,1
Recent 28D,12,Category Focus,Larceny,Wednesday,06:00-11:59,1
Recent 28D,12,Category Focus,Larceny,Wednesday,12:00-17:59,5
Recent 28D,12,Category Focus,Larceny,Wednesday,18:00-23:59,1
